/users/sgsrehm1/COMP702_BeyondAF/code/COMP390_code/openfold/openfold/utils/script_utils.py:131: FutureWarning: You are using `torch.load` with `weights_only=False` (the current default value), which uses the default pickle module implicitly. It is possible to construct malicious pickle data which will execute arbitrary code during unpickling (See https://github.com/pytorch/pytorch/blob/main/SECURITY.md#untrusted-models for more details). In a future release, the default value for `weights_only` will be flipped to `True`. This limits the functions that could be executed during unpickling. Arbitrary objects will no longer be allowed to be loaded via this mode unless they are explicitly allowlisted by the user via `torch.serialization.add_safe_globals`. We recommend you start setting `weights_only=True` for any use case where you don't have full control of the loaded file. Please open an issue on GitHub for any issues related to this experimental feature.
  d = torch.load(ckpt_path)
INFO:/users/sgsrehm1/COMP702_BeyondAF/code/COMP390_code/openfold/openfold/utils/script_utils.py:Loaded OpenFold parameters at /users/sgsrehm1/COMP702_BeyondAF/code/COMP390_code/checkpoints/run_subset_gpu32_h100_ep33/csv_logs/version_0/checkpoints/32-330000.ckpt...
INFO:/users/sgsrehm1/COMP702_BeyondAF/code/COMP390_code/openfold/run_pretrained_openfold.py:Using precomputed alignments for 2olo_A at /users/sgsrehm1/scratch/openfold_inference/alignments_cf...
INFO:/users/sgsrehm1/COMP702_BeyondAF/code/COMP390_code/openfold/openfold/utils/script_utils.py:Running inference for 2olo_A...
INFO:/users/sgsrehm1/COMP702_BeyondAF/code/COMP390_code/openfold/openfold/utils/script_utils.py:Inference time: 13.403955744579434
/users/sgsrehm1/COMP702_BeyondAF/code/COMP390_code/openfold/run_pretrained_openfold.py:351: DeprecationWarning: __array__ implementation doesn't accept a copy keyword, so passing copy=False failed. __array__ must implement 'dtype' and 'copy' keyword arguments. To learn more, see the migration guide https://numpy.org/devdocs/numpy_2_0_migration_guide.html#adapting-to-changes-in-the-copy-keyword
  lambda x: np.array(x[..., -1].cpu()),
/users/sgsrehm1/COMP702_BeyondAF/code/COMP390_code/openfold/run_pretrained_openfold.py:354: DeprecationWarning: __array__ implementation doesn't accept a copy keyword, so passing copy=False failed. __array__ must implement 'dtype' and 'copy' keyword arguments. To learn more, see the migration guide https://numpy.org/devdocs/numpy_2_0_migration_guide.html#adapting-to-changes-in-the-copy-keyword
  out = tensor_tree_map(lambda x: np.array(x.cpu()), out)
INFO:/users/sgsrehm1/COMP702_BeyondAF/code/COMP390_code/openfold/run_pretrained_openfold.py:Output written to /users/sgsrehm1/COMP702_BeyondAF/code/COMP390_code/Result/2olo_minhao_relaxed_100_20260716_113129/repeat_1/predictions/2olo_A_model_1_unrelaxed.pdb...
INFO:/users/sgsrehm1/COMP702_BeyondAF/code/COMP390_code/openfold/run_pretrained_openfold.py:Running relaxation on /users/sgsrehm1/COMP702_BeyondAF/code/COMP390_code/Result/2olo_minhao_relaxed_100_20260716_113129/repeat_1/predictions/2olo_A_model_1_unrelaxed.pdb...
INFO:/users/sgsrehm1/COMP702_BeyondAF/code/COMP390_code/openfold/openfold/utils/script_utils.py:Relaxation time: 14.977069878950715
INFO:/users/sgsrehm1/COMP702_BeyondAF/code/COMP390_code/openfold/openfold/utils/script_utils.py:Relaxed output written to /users/sgsrehm1/COMP702_BeyondAF/code/COMP390_code/Result/2olo_minhao_relaxed_100_20260716_113129/repeat_1/predictions/2olo_A_model_1_relaxed.pdb...
/users/sgsrehm1/COMP702_BeyondAF/code/COMP390_code/openfold/openfold/utils/script_utils.py:131: FutureWarning: You are using `torch.load` with `weights_only=False` (the current default value), which uses the default pickle module implicitly. It is possible to construct malicious pickle data which will execute arbitrary code during unpickling (See https://github.com/pytorch/pytorch/blob/main/SECURITY.md#untrusted-models for more details). In a future release, the default value for `weights_only` will be flipped to `True`. This limits the functions that could be executed during unpickling. Arbitrary objects will no longer be allowed to be loaded via this mode unless they are explicitly allowlisted by the user via `torch.serialization.add_safe_globals`. We recommend you start setting `weights_only=True` for any use case where you don't have full control of the loaded file. Please open an issue on GitHub for any issues related to this experimental feature.
  d = torch.load(ckpt_path)
INFO:/users/sgsrehm1/COMP702_BeyondAF/code/COMP390_code/openfold/openfold/utils/script_utils.py:Loaded OpenFold parameters at /users/sgsrehm1/COMP702_BeyondAF/code/COMP390_code/checkpoints/run_subset_gpu32_h100_ep33/csv_logs/version_0/checkpoints/32-330000.ckpt...
INFO:/users/sgsrehm1/COMP702_BeyondAF/code/COMP390_code/openfold/run_pretrained_openfold.py:Using precomputed alignments for 2olo_A at /users/sgsrehm1/scratch/openfold_inference/alignments_cf...
INFO:/users/sgsrehm1/COMP702_BeyondAF/code/COMP390_code/openfold/openfold/utils/script_utils.py:Running inference for 2olo_A...
INFO:/users/sgsrehm1/COMP702_BeyondAF/code/COMP390_code/openfold/openfold/utils/script_utils.py:Inference time: 13.440090829506516
/users/sgsrehm1/COMP702_BeyondAF/code/COMP390_code/openfold/run_pretrained_openfold.py:351: DeprecationWarning: __array__ implementation doesn't accept a copy keyword, so passing copy=False failed. __array__ must implement 'dtype' and 'copy' keyword arguments. To learn more, see the migration guide https://numpy.org/devdocs/numpy_2_0_migration_guide.html#adapting-to-changes-in-the-copy-keyword
  lambda x: np.array(x[..., -1].cpu()),
/users/sgsrehm1/COMP702_BeyondAF/code/COMP390_code/openfold/run_pretrained_openfold.py:354: DeprecationWarning: __array__ implementation doesn't accept a copy keyword, so passing copy=False failed. __array__ must implement 'dtype' and 'copy' keyword arguments. To learn more, see the migration guide https://numpy.org/devdocs/numpy_2_0_migration_guide.html#adapting-to-changes-in-the-copy-keyword
  out = tensor_tree_map(lambda x: np.array(x.cpu()), out)
INFO:/users/sgsrehm1/COMP702_BeyondAF/code/COMP390_code/openfold/run_pretrained_openfold.py:Output written to /users/sgsrehm1/COMP702_BeyondAF/code/COMP390_code/Result/2olo_minhao_relaxed_100_20260716_113129/repeat_2/predictions/2olo_A_model_1_unrelaxed.pdb...
INFO:/users/sgsrehm1/COMP702_BeyondAF/code/COMP390_code/openfold/run_pretrained_openfold.py:Running relaxation on /users/sgsrehm1/COMP702_BeyondAF/code/COMP390_code/Result/2olo_minhao_relaxed_100_20260716_113129/repeat_2/predictions/2olo_A_model_1_unrelaxed.pdb...
INFO:/users/sgsrehm1/COMP702_BeyondAF/code/COMP390_code/openfold/openfold/utils/script_utils.py:Relaxation time: 10.283533753827214
INFO:/users/sgsrehm1/COMP702_BeyondAF/code/COMP390_code/openfold/openfold/utils/script_utils.py:Relaxed output written to /users/sgsrehm1/COMP702_BeyondAF/code/COMP390_code/Result/2olo_minhao_relaxed_100_20260716_113129/repeat_2/predictions/2olo_A_model_1_relaxed.pdb...
/users/sgsrehm1/COMP702_BeyondAF/code/COMP390_code/openfold/openfold/utils/script_utils.py:131: FutureWarning: You are using `torch.load` with `weights_only=False` (the current default value), which uses the default pickle module implicitly. It is possible to construct malicious pickle data which will execute arbitrary code during unpickling (See https://github.com/pytorch/pytorch/blob/main/SECURITY.md#untrusted-models for more details). In a future release, the default value for `weights_only` will be flipped to `True`. This limits the functions that could be executed during unpickling. Arbitrary objects will no longer be allowed to be loaded via this mode unless they are explicitly allowlisted by the user via `torch.serialization.add_safe_globals`. We recommend you start setting `weights_only=True` for any use case where you don't have full control of the loaded file. Please open an issue on GitHub for any issues related to this experimental feature.
  d = torch.load(ckpt_path)
INFO:/users/sgsrehm1/COMP702_BeyondAF/code/COMP390_code/openfold/openfold/utils/script_utils.py:Loaded OpenFold parameters at /users/sgsrehm1/COMP702_BeyondAF/code/COMP390_code/checkpoints/run_subset_gpu32_h100_ep33/csv_logs/version_0/checkpoints/32-330000.ckpt...
INFO:/users/sgsrehm1/COMP702_BeyondAF/code/COMP390_code/openfold/run_pretrained_openfold.py:Using precomputed alignments for 2olo_A at /users/sgsrehm1/scratch/openfold_inference/alignments_cf...
INFO:/users/sgsrehm1/COMP702_BeyondAF/code/COMP390_code/openfold/openfold/utils/script_utils.py:Running inference for 2olo_A...
INFO:/users/sgsrehm1/COMP702_BeyondAF/code/COMP390_code/openfold/openfold/utils/script_utils.py:Inference time: 13.38271258957684
/users/sgsrehm1/COMP702_BeyondAF/code/COMP390_code/openfold/run_pretrained_openfold.py:351: DeprecationWarning: __array__ implementation doesn't accept a copy keyword, so passing copy=False failed. __array__ must implement 'dtype' and 'copy' keyword arguments. To learn more, see the migration guide https://numpy.org/devdocs/numpy_2_0_migration_guide.html#adapting-to-changes-in-the-copy-keyword
  lambda x: np.array(x[..., -1].cpu()),
/users/sgsrehm1/COMP702_BeyondAF/code/COMP390_code/openfold/run_pretrained_openfold.py:354: DeprecationWarning: __array__ implementation doesn't accept a copy keyword, so passing copy=False failed. __array__ must implement 'dtype' and 'copy' keyword arguments. To learn more, see the migration guide https://numpy.org/devdocs/numpy_2_0_migration_guide.html#adapting-to-changes-in-the-copy-keyword
  out = tensor_tree_map(lambda x: np.array(x.cpu()), out)
INFO:/users/sgsrehm1/COMP702_BeyondAF/code/COMP390_code/openfold/run_pretrained_openfold.py:Output written to /users/sgsrehm1/COMP702_BeyondAF/code/COMP390_code/Result/2olo_minhao_relaxed_100_20260716_113129/repeat_3/predictions/2olo_A_model_1_unrelaxed.pdb...
INFO:/users/sgsrehm1/COMP702_BeyondAF/code/COMP390_code/openfold/run_pretrained_openfold.py:Running relaxation on /users/sgsrehm1/COMP702_BeyondAF/code/COMP390_code/Result/2olo_minhao_relaxed_100_20260716_113129/repeat_3/predictions/2olo_A_model_1_unrelaxed.pdb...
INFO:/users/sgsrehm1/COMP702_BeyondAF/code/COMP390_code/openfold/openfold/utils/script_utils.py:Relaxation time: 10.52726100757718
INFO:/users/sgsrehm1/COMP702_BeyondAF/code/COMP390_code/openfold/openfold/utils/script_utils.py:Relaxed output written to /users/sgsrehm1/COMP702_BeyondAF/code/COMP390_code/Result/2olo_minhao_relaxed_100_20260716_113129/repeat_3/predictions/2olo_A_model_1_relaxed.pdb...
/users/sgsrehm1/COMP702_BeyondAF/code/COMP390_code/openfold/openfold/utils/script_utils.py:131: FutureWarning: You are using `torch.load` with `weights_only=False` (the current default value), which uses the default pickle module implicitly. It is possible to construct malicious pickle data which will execute arbitrary code during unpickling (See https://github.com/pytorch/pytorch/blob/main/SECURITY.md#untrusted-models for more details). In a future release, the default value for `weights_only` will be flipped to `True`. This limits the functions that could be executed during unpickling. Arbitrary objects will no longer be allowed to be loaded via this mode unless they are explicitly allowlisted by the user via `torch.serialization.add_safe_globals`. We recommend you start setting `weights_only=True` for any use case where you don't have full control of the loaded file. Please open an issue on GitHub for any issues related to this experimental feature.
  d = torch.load(ckpt_path)
INFO:/users/sgsrehm1/COMP702_BeyondAF/code/COMP390_code/openfold/openfold/utils/script_utils.py:Loaded OpenFold parameters at /users/sgsrehm1/COMP702_BeyondAF/code/COMP390_code/checkpoints/run_subset_gpu32_h100_ep33/csv_logs/version_0/checkpoints/32-330000.ckpt...
INFO:/users/sgsrehm1/COMP702_BeyondAF/code/COMP390_code/openfold/run_pretrained_openfold.py:Using precomputed alignments for 2olo_A at /users/sgsrehm1/scratch/openfold_inference/alignments_cf...
INFO:/users/sgsrehm1/COMP702_BeyondAF/code/COMP390_code/openfold/openfold/utils/script_utils.py:Running inference for 2olo_A...
INFO:/users/sgsrehm1/COMP702_BeyondAF/code/COMP390_code/openfold/openfold/utils/script_utils.py:Inference time: 13.42861734610051
/users/sgsrehm1/COMP702_BeyondAF/code/COMP390_code/openfold/run_pretrained_openfold.py:351: DeprecationWarning: __array__ implementation doesn't accept a copy keyword, so passing copy=False failed. __array__ must implement 'dtype' and 'copy' keyword arguments. To learn more, see the migration guide https://numpy.org/devdocs/numpy_2_0_migration_guide.html#adapting-to-changes-in-the-copy-keyword
  lambda x: np.array(x[..., -1].cpu()),
/users/sgsrehm1/COMP702_BeyondAF/code/COMP390_code/openfold/run_pretrained_openfold.py:354: DeprecationWarning: __array__ implementation doesn't accept a copy keyword, so passing copy=False failed. __array__ must implement 'dtype' and 'copy' keyword arguments. To learn more, see the migration guide https://numpy.org/devdocs/numpy_2_0_migration_guide.html#adapting-to-changes-in-the-copy-keyword
  out = tensor_tree_map(lambda x: np.array(x.cpu()), out)
INFO:/users/sgsrehm1/COMP702_BeyondAF/code/COMP390_code/openfold/run_pretrained_openfold.py:Output written to /users/sgsrehm1/COMP702_BeyondAF/code/COMP390_code/Result/2olo_minhao_relaxed_100_20260716_113129/repeat_4/predictions/2olo_A_model_1_unrelaxed.pdb...
INFO:/users/sgsrehm1/COMP702_BeyondAF/code/COMP390_code/openfold/run_pretrained_openfold.py:Running relaxation on /users/sgsrehm1/COMP702_BeyondAF/code/COMP390_code/Result/2olo_minhao_relaxed_100_20260716_113129/repeat_4/predictions/2olo_A_model_1_unrelaxed.pdb...
INFO:/users/sgsrehm1/COMP702_BeyondAF/code/COMP390_code/openfold/openfold/utils/script_utils.py:Relaxation time: 81.02070028334856
INFO:/users/sgsrehm1/COMP702_BeyondAF/code/COMP390_code/openfold/openfold/utils/script_utils.py:Relaxed output written to /users/sgsrehm1/COMP702_BeyondAF/code/COMP390_code/Result/2olo_minhao_relaxed_100_20260716_113129/repeat_4/predictions/2olo_A_model_1_relaxed.pdb...
/users/sgsrehm1/COMP702_BeyondAF/code/COMP390_code/openfold/openfold/utils/script_utils.py:131: FutureWarning: You are using `torch.load` with `weights_only=False` (the current default value), which uses the default pickle module implicitly. It is possible to construct malicious pickle data which will execute arbitrary code during unpickling (See https://github.com/pytorch/pytorch/blob/main/SECURITY.md#untrusted-models for more details). In a future release, the default value for `weights_only` will be flipped to `True`. This limits the functions that could be executed during unpickling. Arbitrary objects will no longer be allowed to be loaded via this mode unless they are explicitly allowlisted by the user via `torch.serialization.add_safe_globals`. We recommend you start setting `weights_only=True` for any use case where you don't have full control of the loaded file. Please open an issue on GitHub for any issues related to this experimental feature.
  d = torch.load(ckpt_path)
INFO:/users/sgsrehm1/COMP702_BeyondAF/code/COMP390_code/openfold/openfold/utils/script_utils.py:Loaded OpenFold parameters at /users/sgsrehm1/COMP702_BeyondAF/code/COMP390_code/checkpoints/run_subset_gpu32_h100_ep33/csv_logs/version_0/checkpoints/32-330000.ckpt...
INFO:/users/sgsrehm1/COMP702_BeyondAF/code/COMP390_code/openfold/run_pretrained_openfold.py:Using precomputed alignments for 2olo_A at /users/sgsrehm1/scratch/openfold_inference/alignments_cf...
INFO:/users/sgsrehm1/COMP702_BeyondAF/code/COMP390_code/openfold/openfold/utils/script_utils.py:Running inference for 2olo_A...
INFO:/users/sgsrehm1/COMP702_BeyondAF/code/COMP390_code/openfold/openfold/utils/script_utils.py:Inference time: 13.411835540086031
/users/sgsrehm1/COMP702_BeyondAF/code/COMP390_code/openfold/run_pretrained_openfold.py:351: DeprecationWarning: __array__ implementation doesn't accept a copy keyword, so passing copy=False failed. __array__ must implement 'dtype' and 'copy' keyword arguments. To learn more, see the migration guide https://numpy.org/devdocs/numpy_2_0_migration_guide.html#adapting-to-changes-in-the-copy-keyword
  lambda x: np.array(x[..., -1].cpu()),
/users/sgsrehm1/COMP702_BeyondAF/code/COMP390_code/openfold/run_pretrained_openfold.py:354: DeprecationWarning: __array__ implementation doesn't accept a copy keyword, so passing copy=False failed. __array__ must implement 'dtype' and 'copy' keyword arguments. To learn more, see the migration guide https://numpy.org/devdocs/numpy_2_0_migration_guide.html#adapting-to-changes-in-the-copy-keyword
  out = tensor_tree_map(lambda x: np.array(x.cpu()), out)
INFO:/users/sgsrehm1/COMP702_BeyondAF/code/COMP390_code/openfold/run_pretrained_openfold.py:Output written to /users/sgsrehm1/COMP702_BeyondAF/code/COMP390_code/Result/2olo_minhao_relaxed_100_20260716_113129/repeat_5/predictions/2olo_A_model_1_unrelaxed.pdb...
INFO:/users/sgsrehm1/COMP702_BeyondAF/code/COMP390_code/openfold/run_pretrained_openfold.py:Running relaxation on /users/sgsrehm1/COMP702_BeyondAF/code/COMP390_code/Result/2olo_minhao_relaxed_100_20260716_113129/repeat_5/predictions/2olo_A_model_1_unrelaxed.pdb...
INFO:/users/sgsrehm1/COMP702_BeyondAF/code/COMP390_code/openfold/openfold/utils/script_utils.py:Relaxation time: 10.855726488865912
INFO:/users/sgsrehm1/COMP702_BeyondAF/code/COMP390_code/openfold/openfold/utils/script_utils.py:Relaxed output written to /users/sgsrehm1/COMP702_BeyondAF/code/COMP390_code/Result/2olo_minhao_relaxed_100_20260716_113129/repeat_5/predictions/2olo_A_model_1_relaxed.pdb...
/users/sgsrehm1/COMP702_BeyondAF/code/COMP390_code/openfold/openfold/utils/script_utils.py:131: FutureWarning: You are using `torch.load` with `weights_only=False` (the current default value), which uses the default pickle module implicitly. It is possible to construct malicious pickle data which will execute arbitrary code during unpickling (See https://github.com/pytorch/pytorch/blob/main/SECURITY.md#untrusted-models for more details). In a future release, the default value for `weights_only` will be flipped to `True`. This limits the functions that could be executed during unpickling. Arbitrary objects will no longer be allowed to be loaded via this mode unless they are explicitly allowlisted by the user via `torch.serialization.add_safe_globals`. We recommend you start setting `weights_only=True` for any use case where you don't have full control of the loaded file. Please open an issue on GitHub for any issues related to this experimental feature.
  d = torch.load(ckpt_path)
INFO:/users/sgsrehm1/COMP702_BeyondAF/code/COMP390_code/openfold/openfold/utils/script_utils.py:Loaded OpenFold parameters at /users/sgsrehm1/COMP702_BeyondAF/code/COMP390_code/checkpoints/run_subset_gpu32_h100_ep33/csv_logs/version_0/checkpoints/32-330000.ckpt...
INFO:/users/sgsrehm1/COMP702_BeyondAF/code/COMP390_code/openfold/run_pretrained_openfold.py:Using precomputed alignments for 2olo_A at /users/sgsrehm1/scratch/openfold_inference/alignments_cf...
INFO:/users/sgsrehm1/COMP702_BeyondAF/code/COMP390_code/openfold/openfold/utils/script_utils.py:Running inference for 2olo_A...
INFO:/users/sgsrehm1/COMP702_BeyondAF/code/COMP390_code/openfold/openfold/utils/script_utils.py:Inference time: 13.389935039915144
/users/sgsrehm1/COMP702_BeyondAF/code/COMP390_code/openfold/run_pretrained_openfold.py:351: DeprecationWarning: __array__ implementation doesn't accept a copy keyword, so passing copy=False failed. __array__ must implement 'dtype' and 'copy' keyword arguments. To learn more, see the migration guide https://numpy.org/devdocs/numpy_2_0_migration_guide.html#adapting-to-changes-in-the-copy-keyword
  lambda x: np.array(x[..., -1].cpu()),
/users/sgsrehm1/COMP702_BeyondAF/code/COMP390_code/openfold/run_pretrained_openfold.py:354: DeprecationWarning: __array__ implementation doesn't accept a copy keyword, so passing copy=False failed. __array__ must implement 'dtype' and 'copy' keyword arguments. To learn more, see the migration guide https://numpy.org/devdocs/numpy_2_0_migration_guide.html#adapting-to-changes-in-the-copy-keyword
  out = tensor_tree_map(lambda x: np.array(x.cpu()), out)
INFO:/users/sgsrehm1/COMP702_BeyondAF/code/COMP390_code/openfold/run_pretrained_openfold.py:Output written to /users/sgsrehm1/COMP702_BeyondAF/code/COMP390_code/Result/2olo_minhao_relaxed_100_20260716_113129/repeat_6/predictions/2olo_A_model_1_unrelaxed.pdb...
INFO:/users/sgsrehm1/COMP702_BeyondAF/code/COMP390_code/openfold/run_pretrained_openfold.py:Running relaxation on /users/sgsrehm1/COMP702_BeyondAF/code/COMP390_code/Result/2olo_minhao_relaxed_100_20260716_113129/repeat_6/predictions/2olo_A_model_1_unrelaxed.pdb...
INFO:/users/sgsrehm1/COMP702_BeyondAF/code/COMP390_code/openfold/openfold/utils/script_utils.py:Relaxation time: 14.706309599801898
INFO:/users/sgsrehm1/COMP702_BeyondAF/code/COMP390_code/openfold/openfold/utils/script_utils.py:Relaxed output written to /users/sgsrehm1/COMP702_BeyondAF/code/COMP390_code/Result/2olo_minhao_relaxed_100_20260716_113129/repeat_6/predictions/2olo_A_model_1_relaxed.pdb...
/users/sgsrehm1/COMP702_BeyondAF/code/COMP390_code/openfold/openfold/utils/script_utils.py:131: FutureWarning: You are using `torch.load` with `weights_only=False` (the current default value), which uses the default pickle module implicitly. It is possible to construct malicious pickle data which will execute arbitrary code during unpickling (See https://github.com/pytorch/pytorch/blob/main/SECURITY.md#untrusted-models for more details). In a future release, the default value for `weights_only` will be flipped to `True`. This limits the functions that could be executed during unpickling. Arbitrary objects will no longer be allowed to be loaded via this mode unless they are explicitly allowlisted by the user via `torch.serialization.add_safe_globals`. We recommend you start setting `weights_only=True` for any use case where you don't have full control of the loaded file. Please open an issue on GitHub for any issues related to this experimental feature.
  d = torch.load(ckpt_path)
INFO:/users/sgsrehm1/COMP702_BeyondAF/code/COMP390_code/openfold/openfold/utils/script_utils.py:Loaded OpenFold parameters at /users/sgsrehm1/COMP702_BeyondAF/code/COMP390_code/checkpoints/run_subset_gpu32_h100_ep33/csv_logs/version_0/checkpoints/32-330000.ckpt...
INFO:/users/sgsrehm1/COMP702_BeyondAF/code/COMP390_code/openfold/run_pretrained_openfold.py:Using precomputed alignments for 2olo_A at /users/sgsrehm1/scratch/openfold_inference/alignments_cf...
INFO:/users/sgsrehm1/COMP702_BeyondAF/code/COMP390_code/openfold/openfold/utils/script_utils.py:Running inference for 2olo_A...
INFO:/users/sgsrehm1/COMP702_BeyondAF/code/COMP390_code/openfold/openfold/utils/script_utils.py:Inference time: 13.3923359233886
/users/sgsrehm1/COMP702_BeyondAF/code/COMP390_code/openfold/run_pretrained_openfold.py:351: DeprecationWarning: __array__ implementation doesn't accept a copy keyword, so passing copy=False failed. __array__ must implement 'dtype' and 'copy' keyword arguments. To learn more, see the migration guide https://numpy.org/devdocs/numpy_2_0_migration_guide.html#adapting-to-changes-in-the-copy-keyword
  lambda x: np.array(x[..., -1].cpu()),
/users/sgsrehm1/COMP702_BeyondAF/code/COMP390_code/openfold/run_pretrained_openfold.py:354: DeprecationWarning: __array__ implementation doesn't accept a copy keyword, so passing copy=False failed. __array__ must implement 'dtype' and 'copy' keyword arguments. To learn more, see the migration guide https://numpy.org/devdocs/numpy_2_0_migration_guide.html#adapting-to-changes-in-the-copy-keyword
  out = tensor_tree_map(lambda x: np.array(x.cpu()), out)
INFO:/users/sgsrehm1/COMP702_BeyondAF/code/COMP390_code/openfold/run_pretrained_openfold.py:Output written to /users/sgsrehm1/COMP702_BeyondAF/code/COMP390_code/Result/2olo_minhao_relaxed_100_20260716_113129/repeat_7/predictions/2olo_A_model_1_unrelaxed.pdb...
INFO:/users/sgsrehm1/COMP702_BeyondAF/code/COMP390_code/openfold/run_pretrained_openfold.py:Running relaxation on /users/sgsrehm1/COMP702_BeyondAF/code/COMP390_code/Result/2olo_minhao_relaxed_100_20260716_113129/repeat_7/predictions/2olo_A_model_1_unrelaxed.pdb...
INFO:/users/sgsrehm1/COMP702_BeyondAF/code/COMP390_code/openfold/openfold/utils/script_utils.py:Relaxation time: 78.82922370452434
INFO:/users/sgsrehm1/COMP702_BeyondAF/code/COMP390_code/openfold/openfold/utils/script_utils.py:Relaxed output written to /users/sgsrehm1/COMP702_BeyondAF/code/COMP390_code/Result/2olo_minhao_relaxed_100_20260716_113129/repeat_7/predictions/2olo_A_model_1_relaxed.pdb...
/users/sgsrehm1/COMP702_BeyondAF/code/COMP390_code/openfold/openfold/utils/script_utils.py:131: FutureWarning: You are using `torch.load` with `weights_only=False` (the current default value), which uses the default pickle module implicitly. It is possible to construct malicious pickle data which will execute arbitrary code during unpickling (See https://github.com/pytorch/pytorch/blob/main/SECURITY.md#untrusted-models for more details). In a future release, the default value for `weights_only` will be flipped to `True`. This limits the functions that could be executed during unpickling. Arbitrary objects will no longer be allowed to be loaded via this mode unless they are explicitly allowlisted by the user via `torch.serialization.add_safe_globals`. We recommend you start setting `weights_only=True` for any use case where you don't have full control of the loaded file. Please open an issue on GitHub for any issues related to this experimental feature.
  d = torch.load(ckpt_path)
INFO:/users/sgsrehm1/COMP702_BeyondAF/code/COMP390_code/openfold/openfold/utils/script_utils.py:Loaded OpenFold parameters at /users/sgsrehm1/COMP702_BeyondAF/code/COMP390_code/checkpoints/run_subset_gpu32_h100_ep33/csv_logs/version_0/checkpoints/32-330000.ckpt...
INFO:/users/sgsrehm1/COMP702_BeyondAF/code/COMP390_code/openfold/run_pretrained_openfold.py:Using precomputed alignments for 2olo_A at /users/sgsrehm1/scratch/openfold_inference/alignments_cf...
INFO:/users/sgsrehm1/COMP702_BeyondAF/code/COMP390_code/openfold/openfold/utils/script_utils.py:Running inference for 2olo_A...
INFO:/users/sgsrehm1/COMP702_BeyondAF/code/COMP390_code/openfold/openfold/utils/script_utils.py:Inference time: 13.406013270840049
/users/sgsrehm1/COMP702_BeyondAF/code/COMP390_code/openfold/run_pretrained_openfold.py:351: DeprecationWarning: __array__ implementation doesn't accept a copy keyword, so passing copy=False failed. __array__ must implement 'dtype' and 'copy' keyword arguments. To learn more, see the migration guide https://numpy.org/devdocs/numpy_2_0_migration_guide.html#adapting-to-changes-in-the-copy-keyword
  lambda x: np.array(x[..., -1].cpu()),
/users/sgsrehm1/COMP702_BeyondAF/code/COMP390_code/openfold/run_pretrained_openfold.py:354: DeprecationWarning: __array__ implementation doesn't accept a copy keyword, so passing copy=False failed. __array__ must implement 'dtype' and 'copy' keyword arguments. To learn more, see the migration guide https://numpy.org/devdocs/numpy_2_0_migration_guide.html#adapting-to-changes-in-the-copy-keyword
  out = tensor_tree_map(lambda x: np.array(x.cpu()), out)
INFO:/users/sgsrehm1/COMP702_BeyondAF/code/COMP390_code/openfold/run_pretrained_openfold.py:Output written to /users/sgsrehm1/COMP702_BeyondAF/code/COMP390_code/Result/2olo_minhao_relaxed_100_20260716_113129/repeat_8/predictions/2olo_A_model_1_unrelaxed.pdb...
INFO:/users/sgsrehm1/COMP702_BeyondAF/code/COMP390_code/openfold/run_pretrained_openfold.py:Running relaxation on /users/sgsrehm1/COMP702_BeyondAF/code/COMP390_code/Result/2olo_minhao_relaxed_100_20260716_113129/repeat_8/predictions/2olo_A_model_1_unrelaxed.pdb...
INFO:/users/sgsrehm1/COMP702_BeyondAF/code/COMP390_code/openfold/openfold/utils/script_utils.py:Relaxation time: 77.8362282300368
INFO:/users/sgsrehm1/COMP702_BeyondAF/code/COMP390_code/openfold/openfold/utils/script_utils.py:Relaxed output written to /users/sgsrehm1/COMP702_BeyondAF/code/COMP390_code/Result/2olo_minhao_relaxed_100_20260716_113129/repeat_8/predictions/2olo_A_model_1_relaxed.pdb...
/users/sgsrehm1/COMP702_BeyondAF/code/COMP390_code/openfold/openfold/utils/script_utils.py:131: FutureWarning: You are using `torch.load` with `weights_only=False` (the current default value), which uses the default pickle module implicitly. It is possible to construct malicious pickle data which will execute arbitrary code during unpickling (See https://github.com/pytorch/pytorch/blob/main/SECURITY.md#untrusted-models for more details). In a future release, the default value for `weights_only` will be flipped to `True`. This limits the functions that could be executed during unpickling. Arbitrary objects will no longer be allowed to be loaded via this mode unless they are explicitly allowlisted by the user via `torch.serialization.add_safe_globals`. We recommend you start setting `weights_only=True` for any use case where you don't have full control of the loaded file. Please open an issue on GitHub for any issues related to this experimental feature.
  d = torch.load(ckpt_path)
INFO:/users/sgsrehm1/COMP702_BeyondAF/code/COMP390_code/openfold/openfold/utils/script_utils.py:Loaded OpenFold parameters at /users/sgsrehm1/COMP702_BeyondAF/code/COMP390_code/checkpoints/run_subset_gpu32_h100_ep33/csv_logs/version_0/checkpoints/32-330000.ckpt...
INFO:/users/sgsrehm1/COMP702_BeyondAF/code/COMP390_code/openfold/run_pretrained_openfold.py:Using precomputed alignments for 2olo_A at /users/sgsrehm1/scratch/openfold_inference/alignments_cf...
INFO:/users/sgsrehm1/COMP702_BeyondAF/code/COMP390_code/openfold/openfold/utils/script_utils.py:Running inference for 2olo_A...
INFO:/users/sgsrehm1/COMP702_BeyondAF/code/COMP390_code/openfold/openfold/utils/script_utils.py:Inference time: 13.400429882109165
/users/sgsrehm1/COMP702_BeyondAF/code/COMP390_code/openfold/run_pretrained_openfold.py:351: DeprecationWarning: __array__ implementation doesn't accept a copy keyword, so passing copy=False failed. __array__ must implement 'dtype' and 'copy' keyword arguments. To learn more, see the migration guide https://numpy.org/devdocs/numpy_2_0_migration_guide.html#adapting-to-changes-in-the-copy-keyword
  lambda x: np.array(x[..., -1].cpu()),
/users/sgsrehm1/COMP702_BeyondAF/code/COMP390_code/openfold/run_pretrained_openfold.py:354: DeprecationWarning: __array__ implementation doesn't accept a copy keyword, so passing copy=False failed. __array__ must implement 'dtype' and 'copy' keyword arguments. To learn more, see the migration guide https://numpy.org/devdocs/numpy_2_0_migration_guide.html#adapting-to-changes-in-the-copy-keyword
  out = tensor_tree_map(lambda x: np.array(x.cpu()), out)
INFO:/users/sgsrehm1/COMP702_BeyondAF/code/COMP390_code/openfold/run_pretrained_openfold.py:Output written to /users/sgsrehm1/COMP702_BeyondAF/code/COMP390_code/Result/2olo_minhao_relaxed_100_20260716_113129/repeat_9/predictions/2olo_A_model_1_unrelaxed.pdb...
INFO:/users/sgsrehm1/COMP702_BeyondAF/code/COMP390_code/openfold/run_pretrained_openfold.py:Running relaxation on /users/sgsrehm1/COMP702_BeyondAF/code/COMP390_code/Result/2olo_minhao_relaxed_100_20260716_113129/repeat_9/predictions/2olo_A_model_1_unrelaxed.pdb...
INFO:/users/sgsrehm1/COMP702_BeyondAF/code/COMP390_code/openfold/openfold/utils/script_utils.py:Relaxation time: 10.880195763893425
INFO:/users/sgsrehm1/COMP702_BeyondAF/code/COMP390_code/openfold/openfold/utils/script_utils.py:Relaxed output written to /users/sgsrehm1/COMP702_BeyondAF/code/COMP390_code/Result/2olo_minhao_relaxed_100_20260716_113129/repeat_9/predictions/2olo_A_model_1_relaxed.pdb...
/users/sgsrehm1/COMP702_BeyondAF/code/COMP390_code/openfold/openfold/utils/script_utils.py:131: FutureWarning: You are using `torch.load` with `weights_only=False` (the current default value), which uses the default pickle module implicitly. It is possible to construct malicious pickle data which will execute arbitrary code during unpickling (See https://github.com/pytorch/pytorch/blob/main/SECURITY.md#untrusted-models for more details). In a future release, the default value for `weights_only` will be flipped to `True`. This limits the functions that could be executed during unpickling. Arbitrary objects will no longer be allowed to be loaded via this mode unless they are explicitly allowlisted by the user via `torch.serialization.add_safe_globals`. We recommend you start setting `weights_only=True` for any use case where you don't have full control of the loaded file. Please open an issue on GitHub for any issues related to this experimental feature.
  d = torch.load(ckpt_path)
INFO:/users/sgsrehm1/COMP702_BeyondAF/code/COMP390_code/openfold/openfold/utils/script_utils.py:Loaded OpenFold parameters at /users/sgsrehm1/COMP702_BeyondAF/code/COMP390_code/checkpoints/run_subset_gpu32_h100_ep33/csv_logs/version_0/checkpoints/32-330000.ckpt...
INFO:/users/sgsrehm1/COMP702_BeyondAF/code/COMP390_code/openfold/run_pretrained_openfold.py:Using precomputed alignments for 2olo_A at /users/sgsrehm1/scratch/openfold_inference/alignments_cf...
INFO:/users/sgsrehm1/COMP702_BeyondAF/code/COMP390_code/openfold/openfold/utils/script_utils.py:Running inference for 2olo_A...
INFO:/users/sgsrehm1/COMP702_BeyondAF/code/COMP390_code/openfold/openfold/utils/script_utils.py:Inference time: 13.402865941636264
/users/sgsrehm1/COMP702_BeyondAF/code/COMP390_code/openfold/run_pretrained_openfold.py:351: DeprecationWarning: __array__ implementation doesn't accept a copy keyword, so passing copy=False failed. __array__ must implement 'dtype' and 'copy' keyword arguments. To learn more, see the migration guide https://numpy.org/devdocs/numpy_2_0_migration_guide.html#adapting-to-changes-in-the-copy-keyword
  lambda x: np.array(x[..., -1].cpu()),
/users/sgsrehm1/COMP702_BeyondAF/code/COMP390_code/openfold/run_pretrained_openfold.py:354: DeprecationWarning: __array__ implementation doesn't accept a copy keyword, so passing copy=False failed. __array__ must implement 'dtype' and 'copy' keyword arguments. To learn more, see the migration guide https://numpy.org/devdocs/numpy_2_0_migration_guide.html#adapting-to-changes-in-the-copy-keyword
  out = tensor_tree_map(lambda x: np.array(x.cpu()), out)
INFO:/users/sgsrehm1/COMP702_BeyondAF/code/COMP390_code/openfold/run_pretrained_openfold.py:Output written to /users/sgsrehm1/COMP702_BeyondAF/code/COMP390_code/Result/2olo_minhao_relaxed_100_20260716_113129/repeat_10/predictions/2olo_A_model_1_unrelaxed.pdb...
INFO:/users/sgsrehm1/COMP702_BeyondAF/code/COMP390_code/openfold/run_pretrained_openfold.py:Running relaxation on /users/sgsrehm1/COMP702_BeyondAF/code/COMP390_code/Result/2olo_minhao_relaxed_100_20260716_113129/repeat_10/predictions/2olo_A_model_1_unrelaxed.pdb...
INFO:/users/sgsrehm1/COMP702_BeyondAF/code/COMP390_code/openfold/openfold/utils/script_utils.py:Relaxation time: 79.84637492988259
INFO:/users/sgsrehm1/COMP702_BeyondAF/code/COMP390_code/openfold/openfold/utils/script_utils.py:Relaxed output written to /users/sgsrehm1/COMP702_BeyondAF/code/COMP390_code/Result/2olo_minhao_relaxed_100_20260716_113129/repeat_10/predictions/2olo_A_model_1_relaxed.pdb...
/users/sgsrehm1/COMP702_BeyondAF/code/COMP390_code/openfold/openfold/utils/script_utils.py:131: FutureWarning: You are using `torch.load` with `weights_only=False` (the current default value), which uses the default pickle module implicitly. It is possible to construct malicious pickle data which will execute arbitrary code during unpickling (See https://github.com/pytorch/pytorch/blob/main/SECURITY.md#untrusted-models for more details). In a future release, the default value for `weights_only` will be flipped to `True`. This limits the functions that could be executed during unpickling. Arbitrary objects will no longer be allowed to be loaded via this mode unless they are explicitly allowlisted by the user via `torch.serialization.add_safe_globals`. We recommend you start setting `weights_only=True` for any use case where you don't have full control of the loaded file. Please open an issue on GitHub for any issues related to this experimental feature.
  d = torch.load(ckpt_path)
INFO:/users/sgsrehm1/COMP702_BeyondAF/code/COMP390_code/openfold/openfold/utils/script_utils.py:Loaded OpenFold parameters at /users/sgsrehm1/COMP702_BeyondAF/code/COMP390_code/checkpoints/run_subset_gpu32_h100_ep33/csv_logs/version_0/checkpoints/32-330000.ckpt...
INFO:/users/sgsrehm1/COMP702_BeyondAF/code/COMP390_code/openfold/run_pretrained_openfold.py:Using precomputed alignments for 2olo_A at /users/sgsrehm1/scratch/openfold_inference/alignments_cf...
INFO:/users/sgsrehm1/COMP702_BeyondAF/code/COMP390_code/openfold/openfold/utils/script_utils.py:Running inference for 2olo_A...
INFO:/users/sgsrehm1/COMP702_BeyondAF/code/COMP390_code/openfold/openfold/utils/script_utils.py:Inference time: 13.407758072949946
/users/sgsrehm1/COMP702_BeyondAF/code/COMP390_code/openfold/run_pretrained_openfold.py:351: DeprecationWarning: __array__ implementation doesn't accept a copy keyword, so passing copy=False failed. __array__ must implement 'dtype' and 'copy' keyword arguments. To learn more, see the migration guide https://numpy.org/devdocs/numpy_2_0_migration_guide.html#adapting-to-changes-in-the-copy-keyword
  lambda x: np.array(x[..., -1].cpu()),
/users/sgsrehm1/COMP702_BeyondAF/code/COMP390_code/openfold/run_pretrained_openfold.py:354: DeprecationWarning: __array__ implementation doesn't accept a copy keyword, so passing copy=False failed. __array__ must implement 'dtype' and 'copy' keyword arguments. To learn more, see the migration guide https://numpy.org/devdocs/numpy_2_0_migration_guide.html#adapting-to-changes-in-the-copy-keyword
  out = tensor_tree_map(lambda x: np.array(x.cpu()), out)
INFO:/users/sgsrehm1/COMP702_BeyondAF/code/COMP390_code/openfold/run_pretrained_openfold.py:Output written to /users/sgsrehm1/COMP702_BeyondAF/code/COMP390_code/Result/2olo_minhao_relaxed_100_20260716_113129/repeat_11/predictions/2olo_A_model_1_unrelaxed.pdb...
INFO:/users/sgsrehm1/COMP702_BeyondAF/code/COMP390_code/openfold/run_pretrained_openfold.py:Running relaxation on /users/sgsrehm1/COMP702_BeyondAF/code/COMP390_code/Result/2olo_minhao_relaxed_100_20260716_113129/repeat_11/predictions/2olo_A_model_1_unrelaxed.pdb...
INFO:/users/sgsrehm1/COMP702_BeyondAF/code/COMP390_code/openfold/openfold/utils/script_utils.py:Relaxation time: 79.3220308702439
INFO:/users/sgsrehm1/COMP702_BeyondAF/code/COMP390_code/openfold/openfold/utils/script_utils.py:Relaxed output written to /users/sgsrehm1/COMP702_BeyondAF/code/COMP390_code/Result/2olo_minhao_relaxed_100_20260716_113129/repeat_11/predictions/2olo_A_model_1_relaxed.pdb...
/users/sgsrehm1/COMP702_BeyondAF/code/COMP390_code/openfold/openfold/utils/script_utils.py:131: FutureWarning: You are using `torch.load` with `weights_only=False` (the current default value), which uses the default pickle module implicitly. It is possible to construct malicious pickle data which will execute arbitrary code during unpickling (See https://github.com/pytorch/pytorch/blob/main/SECURITY.md#untrusted-models for more details). In a future release, the default value for `weights_only` will be flipped to `True`. This limits the functions that could be executed during unpickling. Arbitrary objects will no longer be allowed to be loaded via this mode unless they are explicitly allowlisted by the user via `torch.serialization.add_safe_globals`. We recommend you start setting `weights_only=True` for any use case where you don't have full control of the loaded file. Please open an issue on GitHub for any issues related to this experimental feature.
  d = torch.load(ckpt_path)
INFO:/users/sgsrehm1/COMP702_BeyondAF/code/COMP390_code/openfold/openfold/utils/script_utils.py:Loaded OpenFold parameters at /users/sgsrehm1/COMP702_BeyondAF/code/COMP390_code/checkpoints/run_subset_gpu32_h100_ep33/csv_logs/version_0/checkpoints/32-330000.ckpt...
INFO:/users/sgsrehm1/COMP702_BeyondAF/code/COMP390_code/openfold/run_pretrained_openfold.py:Using precomputed alignments for 2olo_A at /users/sgsrehm1/scratch/openfold_inference/alignments_cf...
INFO:/users/sgsrehm1/COMP702_BeyondAF/code/COMP390_code/openfold/openfold/utils/script_utils.py:Running inference for 2olo_A...
INFO:/users/sgsrehm1/COMP702_BeyondAF/code/COMP390_code/openfold/openfold/utils/script_utils.py:Inference time: 13.405872686766088
/users/sgsrehm1/COMP702_BeyondAF/code/COMP390_code/openfold/run_pretrained_openfold.py:351: DeprecationWarning: __array__ implementation doesn't accept a copy keyword, so passing copy=False failed. __array__ must implement 'dtype' and 'copy' keyword arguments. To learn more, see the migration guide https://numpy.org/devdocs/numpy_2_0_migration_guide.html#adapting-to-changes-in-the-copy-keyword
  lambda x: np.array(x[..., -1].cpu()),
/users/sgsrehm1/COMP702_BeyondAF/code/COMP390_code/openfold/run_pretrained_openfold.py:354: DeprecationWarning: __array__ implementation doesn't accept a copy keyword, so passing copy=False failed. __array__ must implement 'dtype' and 'copy' keyword arguments. To learn more, see the migration guide https://numpy.org/devdocs/numpy_2_0_migration_guide.html#adapting-to-changes-in-the-copy-keyword
  out = tensor_tree_map(lambda x: np.array(x.cpu()), out)
INFO:/users/sgsrehm1/COMP702_BeyondAF/code/COMP390_code/openfold/run_pretrained_openfold.py:Output written to /users/sgsrehm1/COMP702_BeyondAF/code/COMP390_code/Result/2olo_minhao_relaxed_100_20260716_113129/repeat_12/predictions/2olo_A_model_1_unrelaxed.pdb...
INFO:/users/sgsrehm1/COMP702_BeyondAF/code/COMP390_code/openfold/run_pretrained_openfold.py:Running relaxation on /users/sgsrehm1/COMP702_BeyondAF/code/COMP390_code/Result/2olo_minhao_relaxed_100_20260716_113129/repeat_12/predictions/2olo_A_model_1_unrelaxed.pdb...
INFO:/users/sgsrehm1/COMP702_BeyondAF/code/COMP390_code/openfold/openfold/utils/script_utils.py:Relaxation time: 86.91128851659596
INFO:/users/sgsrehm1/COMP702_BeyondAF/code/COMP390_code/openfold/openfold/utils/script_utils.py:Relaxed output written to /users/sgsrehm1/COMP702_BeyondAF/code/COMP390_code/Result/2olo_minhao_relaxed_100_20260716_113129/repeat_12/predictions/2olo_A_model_1_relaxed.pdb...
/users/sgsrehm1/COMP702_BeyondAF/code/COMP390_code/openfold/openfold/utils/script_utils.py:131: FutureWarning: You are using `torch.load` with `weights_only=False` (the current default value), which uses the default pickle module implicitly. It is possible to construct malicious pickle data which will execute arbitrary code during unpickling (See https://github.com/pytorch/pytorch/blob/main/SECURITY.md#untrusted-models for more details). In a future release, the default value for `weights_only` will be flipped to `True`. This limits the functions that could be executed during unpickling. Arbitrary objects will no longer be allowed to be loaded via this mode unless they are explicitly allowlisted by the user via `torch.serialization.add_safe_globals`. We recommend you start setting `weights_only=True` for any use case where you don't have full control of the loaded file. Please open an issue on GitHub for any issues related to this experimental feature.
  d = torch.load(ckpt_path)
INFO:/users/sgsrehm1/COMP702_BeyondAF/code/COMP390_code/openfold/openfold/utils/script_utils.py:Loaded OpenFold parameters at /users/sgsrehm1/COMP702_BeyondAF/code/COMP390_code/checkpoints/run_subset_gpu32_h100_ep33/csv_logs/version_0/checkpoints/32-330000.ckpt...
INFO:/users/sgsrehm1/COMP702_BeyondAF/code/COMP390_code/openfold/run_pretrained_openfold.py:Using precomputed alignments for 2olo_A at /users/sgsrehm1/scratch/openfold_inference/alignments_cf...
INFO:/users/sgsrehm1/COMP702_BeyondAF/code/COMP390_code/openfold/openfold/utils/script_utils.py:Running inference for 2olo_A...
INFO:/users/sgsrehm1/COMP702_BeyondAF/code/COMP390_code/openfold/openfold/utils/script_utils.py:Inference time: 13.404789099469781
/users/sgsrehm1/COMP702_BeyondAF/code/COMP390_code/openfold/run_pretrained_openfold.py:351: DeprecationWarning: __array__ implementation doesn't accept a copy keyword, so passing copy=False failed. __array__ must implement 'dtype' and 'copy' keyword arguments. To learn more, see the migration guide https://numpy.org/devdocs/numpy_2_0_migration_guide.html#adapting-to-changes-in-the-copy-keyword
  lambda x: np.array(x[..., -1].cpu()),
/users/sgsrehm1/COMP702_BeyondAF/code/COMP390_code/openfold/run_pretrained_openfold.py:354: DeprecationWarning: __array__ implementation doesn't accept a copy keyword, so passing copy=False failed. __array__ must implement 'dtype' and 'copy' keyword arguments. To learn more, see the migration guide https://numpy.org/devdocs/numpy_2_0_migration_guide.html#adapting-to-changes-in-the-copy-keyword
  out = tensor_tree_map(lambda x: np.array(x.cpu()), out)
INFO:/users/sgsrehm1/COMP702_BeyondAF/code/COMP390_code/openfold/run_pretrained_openfold.py:Output written to /users/sgsrehm1/COMP702_BeyondAF/code/COMP390_code/Result/2olo_minhao_relaxed_100_20260716_113129/repeat_13/predictions/2olo_A_model_1_unrelaxed.pdb...
INFO:/users/sgsrehm1/COMP702_BeyondAF/code/COMP390_code/openfold/run_pretrained_openfold.py:Running relaxation on /users/sgsrehm1/COMP702_BeyondAF/code/COMP390_code/Result/2olo_minhao_relaxed_100_20260716_113129/repeat_13/predictions/2olo_A_model_1_unrelaxed.pdb...
INFO:/users/sgsrehm1/COMP702_BeyondAF/code/COMP390_code/openfold/openfold/utils/script_utils.py:Relaxation time: 14.674119040369987
INFO:/users/sgsrehm1/COMP702_BeyondAF/code/COMP390_code/openfold/openfold/utils/script_utils.py:Relaxed output written to /users/sgsrehm1/COMP702_BeyondAF/code/COMP390_code/Result/2olo_minhao_relaxed_100_20260716_113129/repeat_13/predictions/2olo_A_model_1_relaxed.pdb...
/users/sgsrehm1/COMP702_BeyondAF/code/COMP390_code/openfold/openfold/utils/script_utils.py:131: FutureWarning: You are using `torch.load` with `weights_only=False` (the current default value), which uses the default pickle module implicitly. It is possible to construct malicious pickle data which will execute arbitrary code during unpickling (See https://github.com/pytorch/pytorch/blob/main/SECURITY.md#untrusted-models for more details). In a future release, the default value for `weights_only` will be flipped to `True`. This limits the functions that could be executed during unpickling. Arbitrary objects will no longer be allowed to be loaded via this mode unless they are explicitly allowlisted by the user via `torch.serialization.add_safe_globals`. We recommend you start setting `weights_only=True` for any use case where you don't have full control of the loaded file. Please open an issue on GitHub for any issues related to this experimental feature.
  d = torch.load(ckpt_path)
INFO:/users/sgsrehm1/COMP702_BeyondAF/code/COMP390_code/openfold/openfold/utils/script_utils.py:Loaded OpenFold parameters at /users/sgsrehm1/COMP702_BeyondAF/code/COMP390_code/checkpoints/run_subset_gpu32_h100_ep33/csv_logs/version_0/checkpoints/32-330000.ckpt...
INFO:/users/sgsrehm1/COMP702_BeyondAF/code/COMP390_code/openfold/run_pretrained_openfold.py:Using precomputed alignments for 2olo_A at /users/sgsrehm1/scratch/openfold_inference/alignments_cf...
INFO:/users/sgsrehm1/COMP702_BeyondAF/code/COMP390_code/openfold/openfold/utils/script_utils.py:Running inference for 2olo_A...
INFO:/users/sgsrehm1/COMP702_BeyondAF/code/COMP390_code/openfold/openfold/utils/script_utils.py:Inference time: 13.392606906592846
/users/sgsrehm1/COMP702_BeyondAF/code/COMP390_code/openfold/run_pretrained_openfold.py:351: DeprecationWarning: __array__ implementation doesn't accept a copy keyword, so passing copy=False failed. __array__ must implement 'dtype' and 'copy' keyword arguments. To learn more, see the migration guide https://numpy.org/devdocs/numpy_2_0_migration_guide.html#adapting-to-changes-in-the-copy-keyword
  lambda x: np.array(x[..., -1].cpu()),
/users/sgsrehm1/COMP702_BeyondAF/code/COMP390_code/openfold/run_pretrained_openfold.py:354: DeprecationWarning: __array__ implementation doesn't accept a copy keyword, so passing copy=False failed. __array__ must implement 'dtype' and 'copy' keyword arguments. To learn more, see the migration guide https://numpy.org/devdocs/numpy_2_0_migration_guide.html#adapting-to-changes-in-the-copy-keyword
  out = tensor_tree_map(lambda x: np.array(x.cpu()), out)
INFO:/users/sgsrehm1/COMP702_BeyondAF/code/COMP390_code/openfold/run_pretrained_openfold.py:Output written to /users/sgsrehm1/COMP702_BeyondAF/code/COMP390_code/Result/2olo_minhao_relaxed_100_20260716_113129/repeat_14/predictions/2olo_A_model_1_unrelaxed.pdb...
INFO:/users/sgsrehm1/COMP702_BeyondAF/code/COMP390_code/openfold/run_pretrained_openfold.py:Running relaxation on /users/sgsrehm1/COMP702_BeyondAF/code/COMP390_code/Result/2olo_minhao_relaxed_100_20260716_113129/repeat_14/predictions/2olo_A_model_1_unrelaxed.pdb...
INFO:/users/sgsrehm1/COMP702_BeyondAF/code/COMP390_code/openfold/openfold/utils/script_utils.py:Relaxation time: 78.92007696535438
INFO:/users/sgsrehm1/COMP702_BeyondAF/code/COMP390_code/openfold/openfold/utils/script_utils.py:Relaxed output written to /users/sgsrehm1/COMP702_BeyondAF/code/COMP390_code/Result/2olo_minhao_relaxed_100_20260716_113129/repeat_14/predictions/2olo_A_model_1_relaxed.pdb...
/users/sgsrehm1/COMP702_BeyondAF/code/COMP390_code/openfold/openfold/utils/script_utils.py:131: FutureWarning: You are using `torch.load` with `weights_only=False` (the current default value), which uses the default pickle module implicitly. It is possible to construct malicious pickle data which will execute arbitrary code during unpickling (See https://github.com/pytorch/pytorch/blob/main/SECURITY.md#untrusted-models for more details). In a future release, the default value for `weights_only` will be flipped to `True`. This limits the functions that could be executed during unpickling. Arbitrary objects will no longer be allowed to be loaded via this mode unless they are explicitly allowlisted by the user via `torch.serialization.add_safe_globals`. We recommend you start setting `weights_only=True` for any use case where you don't have full control of the loaded file. Please open an issue on GitHub for any issues related to this experimental feature.
  d = torch.load(ckpt_path)
INFO:/users/sgsrehm1/COMP702_BeyondAF/code/COMP390_code/openfold/openfold/utils/script_utils.py:Loaded OpenFold parameters at /users/sgsrehm1/COMP702_BeyondAF/code/COMP390_code/checkpoints/run_subset_gpu32_h100_ep33/csv_logs/version_0/checkpoints/32-330000.ckpt...
INFO:/users/sgsrehm1/COMP702_BeyondAF/code/COMP390_code/openfold/run_pretrained_openfold.py:Using precomputed alignments for 2olo_A at /users/sgsrehm1/scratch/openfold_inference/alignments_cf...
INFO:/users/sgsrehm1/COMP702_BeyondAF/code/COMP390_code/openfold/openfold/utils/script_utils.py:Running inference for 2olo_A...
INFO:/users/sgsrehm1/COMP702_BeyondAF/code/COMP390_code/openfold/openfold/utils/script_utils.py:Inference time: 13.426065970212221
/users/sgsrehm1/COMP702_BeyondAF/code/COMP390_code/openfold/run_pretrained_openfold.py:351: DeprecationWarning: __array__ implementation doesn't accept a copy keyword, so passing copy=False failed. __array__ must implement 'dtype' and 'copy' keyword arguments. To learn more, see the migration guide https://numpy.org/devdocs/numpy_2_0_migration_guide.html#adapting-to-changes-in-the-copy-keyword
  lambda x: np.array(x[..., -1].cpu()),
/users/sgsrehm1/COMP702_BeyondAF/code/COMP390_code/openfold/run_pretrained_openfold.py:354: DeprecationWarning: __array__ implementation doesn't accept a copy keyword, so passing copy=False failed. __array__ must implement 'dtype' and 'copy' keyword arguments. To learn more, see the migration guide https://numpy.org/devdocs/numpy_2_0_migration_guide.html#adapting-to-changes-in-the-copy-keyword
  out = tensor_tree_map(lambda x: np.array(x.cpu()), out)
INFO:/users/sgsrehm1/COMP702_BeyondAF/code/COMP390_code/openfold/run_pretrained_openfold.py:Output written to /users/sgsrehm1/COMP702_BeyondAF/code/COMP390_code/Result/2olo_minhao_relaxed_100_20260716_113129/repeat_15/predictions/2olo_A_model_1_unrelaxed.pdb...
INFO:/users/sgsrehm1/COMP702_BeyondAF/code/COMP390_code/openfold/run_pretrained_openfold.py:Running relaxation on /users/sgsrehm1/COMP702_BeyondAF/code/COMP390_code/Result/2olo_minhao_relaxed_100_20260716_113129/repeat_15/predictions/2olo_A_model_1_unrelaxed.pdb...
INFO:/users/sgsrehm1/COMP702_BeyondAF/code/COMP390_code/openfold/openfold/utils/script_utils.py:Relaxation time: 82.24743619933724
INFO:/users/sgsrehm1/COMP702_BeyondAF/code/COMP390_code/openfold/openfold/utils/script_utils.py:Relaxed output written to /users/sgsrehm1/COMP702_BeyondAF/code/COMP390_code/Result/2olo_minhao_relaxed_100_20260716_113129/repeat_15/predictions/2olo_A_model_1_relaxed.pdb...
/users/sgsrehm1/COMP702_BeyondAF/code/COMP390_code/openfold/openfold/utils/script_utils.py:131: FutureWarning: You are using `torch.load` with `weights_only=False` (the current default value), which uses the default pickle module implicitly. It is possible to construct malicious pickle data which will execute arbitrary code during unpickling (See https://github.com/pytorch/pytorch/blob/main/SECURITY.md#untrusted-models for more details). In a future release, the default value for `weights_only` will be flipped to `True`. This limits the functions that could be executed during unpickling. Arbitrary objects will no longer be allowed to be loaded via this mode unless they are explicitly allowlisted by the user via `torch.serialization.add_safe_globals`. We recommend you start setting `weights_only=True` for any use case where you don't have full control of the loaded file. Please open an issue on GitHub for any issues related to this experimental feature.
  d = torch.load(ckpt_path)
INFO:/users/sgsrehm1/COMP702_BeyondAF/code/COMP390_code/openfold/openfold/utils/script_utils.py:Loaded OpenFold parameters at /users/sgsrehm1/COMP702_BeyondAF/code/COMP390_code/checkpoints/run_subset_gpu32_h100_ep33/csv_logs/version_0/checkpoints/32-330000.ckpt...
INFO:/users/sgsrehm1/COMP702_BeyondAF/code/COMP390_code/openfold/run_pretrained_openfold.py:Using precomputed alignments for 2olo_A at /users/sgsrehm1/scratch/openfold_inference/alignments_cf...
INFO:/users/sgsrehm1/COMP702_BeyondAF/code/COMP390_code/openfold/openfold/utils/script_utils.py:Running inference for 2olo_A...
INFO:/users/sgsrehm1/COMP702_BeyondAF/code/COMP390_code/openfold/openfold/utils/script_utils.py:Inference time: 13.420468064025044
/users/sgsrehm1/COMP702_BeyondAF/code/COMP390_code/openfold/run_pretrained_openfold.py:351: DeprecationWarning: __array__ implementation doesn't accept a copy keyword, so passing copy=False failed. __array__ must implement 'dtype' and 'copy' keyword arguments. To learn more, see the migration guide https://numpy.org/devdocs/numpy_2_0_migration_guide.html#adapting-to-changes-in-the-copy-keyword
  lambda x: np.array(x[..., -1].cpu()),
/users/sgsrehm1/COMP702_BeyondAF/code/COMP390_code/openfold/run_pretrained_openfold.py:354: DeprecationWarning: __array__ implementation doesn't accept a copy keyword, so passing copy=False failed. __array__ must implement 'dtype' and 'copy' keyword arguments. To learn more, see the migration guide https://numpy.org/devdocs/numpy_2_0_migration_guide.html#adapting-to-changes-in-the-copy-keyword
  out = tensor_tree_map(lambda x: np.array(x.cpu()), out)
INFO:/users/sgsrehm1/COMP702_BeyondAF/code/COMP390_code/openfold/run_pretrained_openfold.py:Output written to /users/sgsrehm1/COMP702_BeyondAF/code/COMP390_code/Result/2olo_minhao_relaxed_100_20260716_113129/repeat_16/predictions/2olo_A_model_1_unrelaxed.pdb...
INFO:/users/sgsrehm1/COMP702_BeyondAF/code/COMP390_code/openfold/run_pretrained_openfold.py:Running relaxation on /users/sgsrehm1/COMP702_BeyondAF/code/COMP390_code/Result/2olo_minhao_relaxed_100_20260716_113129/repeat_16/predictions/2olo_A_model_1_unrelaxed.pdb...
INFO:/users/sgsrehm1/COMP702_BeyondAF/code/COMP390_code/openfold/openfold/utils/script_utils.py:Relaxation time: 9.934456321410835
INFO:/users/sgsrehm1/COMP702_BeyondAF/code/COMP390_code/openfold/openfold/utils/script_utils.py:Relaxed output written to /users/sgsrehm1/COMP702_BeyondAF/code/COMP390_code/Result/2olo_minhao_relaxed_100_20260716_113129/repeat_16/predictions/2olo_A_model_1_relaxed.pdb...
/users/sgsrehm1/COMP702_BeyondAF/code/COMP390_code/openfold/openfold/utils/script_utils.py:131: FutureWarning: You are using `torch.load` with `weights_only=False` (the current default value), which uses the default pickle module implicitly. It is possible to construct malicious pickle data which will execute arbitrary code during unpickling (See https://github.com/pytorch/pytorch/blob/main/SECURITY.md#untrusted-models for more details). In a future release, the default value for `weights_only` will be flipped to `True`. This limits the functions that could be executed during unpickling. Arbitrary objects will no longer be allowed to be loaded via this mode unless they are explicitly allowlisted by the user via `torch.serialization.add_safe_globals`. We recommend you start setting `weights_only=True` for any use case where you don't have full control of the loaded file. Please open an issue on GitHub for any issues related to this experimental feature.
  d = torch.load(ckpt_path)
INFO:/users/sgsrehm1/COMP702_BeyondAF/code/COMP390_code/openfold/openfold/utils/script_utils.py:Loaded OpenFold parameters at /users/sgsrehm1/COMP702_BeyondAF/code/COMP390_code/checkpoints/run_subset_gpu32_h100_ep33/csv_logs/version_0/checkpoints/32-330000.ckpt...
INFO:/users/sgsrehm1/COMP702_BeyondAF/code/COMP390_code/openfold/run_pretrained_openfold.py:Using precomputed alignments for 2olo_A at /users/sgsrehm1/scratch/openfold_inference/alignments_cf...
INFO:/users/sgsrehm1/COMP702_BeyondAF/code/COMP390_code/openfold/openfold/utils/script_utils.py:Running inference for 2olo_A...
INFO:/users/sgsrehm1/COMP702_BeyondAF/code/COMP390_code/openfold/openfold/utils/script_utils.py:Inference time: 13.40429803635925
/users/sgsrehm1/COMP702_BeyondAF/code/COMP390_code/openfold/run_pretrained_openfold.py:351: DeprecationWarning: __array__ implementation doesn't accept a copy keyword, so passing copy=False failed. __array__ must implement 'dtype' and 'copy' keyword arguments. To learn more, see the migration guide https://numpy.org/devdocs/numpy_2_0_migration_guide.html#adapting-to-changes-in-the-copy-keyword
  lambda x: np.array(x[..., -1].cpu()),
/users/sgsrehm1/COMP702_BeyondAF/code/COMP390_code/openfold/run_pretrained_openfold.py:354: DeprecationWarning: __array__ implementation doesn't accept a copy keyword, so passing copy=False failed. __array__ must implement 'dtype' and 'copy' keyword arguments. To learn more, see the migration guide https://numpy.org/devdocs/numpy_2_0_migration_guide.html#adapting-to-changes-in-the-copy-keyword
  out = tensor_tree_map(lambda x: np.array(x.cpu()), out)
INFO:/users/sgsrehm1/COMP702_BeyondAF/code/COMP390_code/openfold/run_pretrained_openfold.py:Output written to /users/sgsrehm1/COMP702_BeyondAF/code/COMP390_code/Result/2olo_minhao_relaxed_100_20260716_113129/repeat_17/predictions/2olo_A_model_1_unrelaxed.pdb...
INFO:/users/sgsrehm1/COMP702_BeyondAF/code/COMP390_code/openfold/run_pretrained_openfold.py:Running relaxation on /users/sgsrehm1/COMP702_BeyondAF/code/COMP390_code/Result/2olo_minhao_relaxed_100_20260716_113129/repeat_17/predictions/2olo_A_model_1_unrelaxed.pdb...
INFO:/users/sgsrehm1/COMP702_BeyondAF/code/COMP390_code/openfold/openfold/utils/script_utils.py:Relaxation time: 78.32755281310529
INFO:/users/sgsrehm1/COMP702_BeyondAF/code/COMP390_code/openfold/openfold/utils/script_utils.py:Relaxed output written to /users/sgsrehm1/COMP702_BeyondAF/code/COMP390_code/Result/2olo_minhao_relaxed_100_20260716_113129/repeat_17/predictions/2olo_A_model_1_relaxed.pdb...
/users/sgsrehm1/COMP702_BeyondAF/code/COMP390_code/openfold/openfold/utils/script_utils.py:131: FutureWarning: You are using `torch.load` with `weights_only=False` (the current default value), which uses the default pickle module implicitly. It is possible to construct malicious pickle data which will execute arbitrary code during unpickling (See https://github.com/pytorch/pytorch/blob/main/SECURITY.md#untrusted-models for more details). In a future release, the default value for `weights_only` will be flipped to `True`. This limits the functions that could be executed during unpickling. Arbitrary objects will no longer be allowed to be loaded via this mode unless they are explicitly allowlisted by the user via `torch.serialization.add_safe_globals`. We recommend you start setting `weights_only=True` for any use case where you don't have full control of the loaded file. Please open an issue on GitHub for any issues related to this experimental feature.
  d = torch.load(ckpt_path)
INFO:/users/sgsrehm1/COMP702_BeyondAF/code/COMP390_code/openfold/openfold/utils/script_utils.py:Loaded OpenFold parameters at /users/sgsrehm1/COMP702_BeyondAF/code/COMP390_code/checkpoints/run_subset_gpu32_h100_ep33/csv_logs/version_0/checkpoints/32-330000.ckpt...
INFO:/users/sgsrehm1/COMP702_BeyondAF/code/COMP390_code/openfold/run_pretrained_openfold.py:Using precomputed alignments for 2olo_A at /users/sgsrehm1/scratch/openfold_inference/alignments_cf...
INFO:/users/sgsrehm1/COMP702_BeyondAF/code/COMP390_code/openfold/openfold/utils/script_utils.py:Running inference for 2olo_A...
INFO:/users/sgsrehm1/COMP702_BeyondAF/code/COMP390_code/openfold/openfold/utils/script_utils.py:Inference time: 13.423211279325187
/users/sgsrehm1/COMP702_BeyondAF/code/COMP390_code/openfold/run_pretrained_openfold.py:351: DeprecationWarning: __array__ implementation doesn't accept a copy keyword, so passing copy=False failed. __array__ must implement 'dtype' and 'copy' keyword arguments. To learn more, see the migration guide https://numpy.org/devdocs/numpy_2_0_migration_guide.html#adapting-to-changes-in-the-copy-keyword
  lambda x: np.array(x[..., -1].cpu()),
/users/sgsrehm1/COMP702_BeyondAF/code/COMP390_code/openfold/run_pretrained_openfold.py:354: DeprecationWarning: __array__ implementation doesn't accept a copy keyword, so passing copy=False failed. __array__ must implement 'dtype' and 'copy' keyword arguments. To learn more, see the migration guide https://numpy.org/devdocs/numpy_2_0_migration_guide.html#adapting-to-changes-in-the-copy-keyword
  out = tensor_tree_map(lambda x: np.array(x.cpu()), out)
INFO:/users/sgsrehm1/COMP702_BeyondAF/code/COMP390_code/openfold/run_pretrained_openfold.py:Output written to /users/sgsrehm1/COMP702_BeyondAF/code/COMP390_code/Result/2olo_minhao_relaxed_100_20260716_113129/repeat_18/predictions/2olo_A_model_1_unrelaxed.pdb...
INFO:/users/sgsrehm1/COMP702_BeyondAF/code/COMP390_code/openfold/run_pretrained_openfold.py:Running relaxation on /users/sgsrehm1/COMP702_BeyondAF/code/COMP390_code/Result/2olo_minhao_relaxed_100_20260716_113129/repeat_18/predictions/2olo_A_model_1_unrelaxed.pdb...
INFO:/users/sgsrehm1/COMP702_BeyondAF/code/COMP390_code/openfold/openfold/utils/script_utils.py:Relaxation time: 80.72346411645412
INFO:/users/sgsrehm1/COMP702_BeyondAF/code/COMP390_code/openfold/openfold/utils/script_utils.py:Relaxed output written to /users/sgsrehm1/COMP702_BeyondAF/code/COMP390_code/Result/2olo_minhao_relaxed_100_20260716_113129/repeat_18/predictions/2olo_A_model_1_relaxed.pdb...
/users/sgsrehm1/COMP702_BeyondAF/code/COMP390_code/openfold/openfold/utils/script_utils.py:131: FutureWarning: You are using `torch.load` with `weights_only=False` (the current default value), which uses the default pickle module implicitly. It is possible to construct malicious pickle data which will execute arbitrary code during unpickling (See https://github.com/pytorch/pytorch/blob/main/SECURITY.md#untrusted-models for more details). In a future release, the default value for `weights_only` will be flipped to `True`. This limits the functions that could be executed during unpickling. Arbitrary objects will no longer be allowed to be loaded via this mode unless they are explicitly allowlisted by the user via `torch.serialization.add_safe_globals`. We recommend you start setting `weights_only=True` for any use case where you don't have full control of the loaded file. Please open an issue on GitHub for any issues related to this experimental feature.
  d = torch.load(ckpt_path)
INFO:/users/sgsrehm1/COMP702_BeyondAF/code/COMP390_code/openfold/openfold/utils/script_utils.py:Loaded OpenFold parameters at /users/sgsrehm1/COMP702_BeyondAF/code/COMP390_code/checkpoints/run_subset_gpu32_h100_ep33/csv_logs/version_0/checkpoints/32-330000.ckpt...
INFO:/users/sgsrehm1/COMP702_BeyondAF/code/COMP390_code/openfold/run_pretrained_openfold.py:Using precomputed alignments for 2olo_A at /users/sgsrehm1/scratch/openfold_inference/alignments_cf...
INFO:/users/sgsrehm1/COMP702_BeyondAF/code/COMP390_code/openfold/openfold/utils/script_utils.py:Running inference for 2olo_A...
INFO:/users/sgsrehm1/COMP702_BeyondAF/code/COMP390_code/openfold/openfold/utils/script_utils.py:Inference time: 13.381473152898252
/users/sgsrehm1/COMP702_BeyondAF/code/COMP390_code/openfold/run_pretrained_openfold.py:351: DeprecationWarning: __array__ implementation doesn't accept a copy keyword, so passing copy=False failed. __array__ must implement 'dtype' and 'copy' keyword arguments. To learn more, see the migration guide https://numpy.org/devdocs/numpy_2_0_migration_guide.html#adapting-to-changes-in-the-copy-keyword
  lambda x: np.array(x[..., -1].cpu()),
/users/sgsrehm1/COMP702_BeyondAF/code/COMP390_code/openfold/run_pretrained_openfold.py:354: DeprecationWarning: __array__ implementation doesn't accept a copy keyword, so passing copy=False failed. __array__ must implement 'dtype' and 'copy' keyword arguments. To learn more, see the migration guide https://numpy.org/devdocs/numpy_2_0_migration_guide.html#adapting-to-changes-in-the-copy-keyword
  out = tensor_tree_map(lambda x: np.array(x.cpu()), out)
INFO:/users/sgsrehm1/COMP702_BeyondAF/code/COMP390_code/openfold/run_pretrained_openfold.py:Output written to /users/sgsrehm1/COMP702_BeyondAF/code/COMP390_code/Result/2olo_minhao_relaxed_100_20260716_113129/repeat_19/predictions/2olo_A_model_1_unrelaxed.pdb...
INFO:/users/sgsrehm1/COMP702_BeyondAF/code/COMP390_code/openfold/run_pretrained_openfold.py:Running relaxation on /users/sgsrehm1/COMP702_BeyondAF/code/COMP390_code/Result/2olo_minhao_relaxed_100_20260716_113129/repeat_19/predictions/2olo_A_model_1_unrelaxed.pdb...
INFO:/users/sgsrehm1/COMP702_BeyondAF/code/COMP390_code/openfold/openfold/utils/script_utils.py:Relaxation time: 10.454180066473782
INFO:/users/sgsrehm1/COMP702_BeyondAF/code/COMP390_code/openfold/openfold/utils/script_utils.py:Relaxed output written to /users/sgsrehm1/COMP702_BeyondAF/code/COMP390_code/Result/2olo_minhao_relaxed_100_20260716_113129/repeat_19/predictions/2olo_A_model_1_relaxed.pdb...
/users/sgsrehm1/COMP702_BeyondAF/code/COMP390_code/openfold/openfold/utils/script_utils.py:131: FutureWarning: You are using `torch.load` with `weights_only=False` (the current default value), which uses the default pickle module implicitly. It is possible to construct malicious pickle data which will execute arbitrary code during unpickling (See https://github.com/pytorch/pytorch/blob/main/SECURITY.md#untrusted-models for more details). In a future release, the default value for `weights_only` will be flipped to `True`. This limits the functions that could be executed during unpickling. Arbitrary objects will no longer be allowed to be loaded via this mode unless they are explicitly allowlisted by the user via `torch.serialization.add_safe_globals`. We recommend you start setting `weights_only=True` for any use case where you don't have full control of the loaded file. Please open an issue on GitHub for any issues related to this experimental feature.
  d = torch.load(ckpt_path)
INFO:/users/sgsrehm1/COMP702_BeyondAF/code/COMP390_code/openfold/openfold/utils/script_utils.py:Loaded OpenFold parameters at /users/sgsrehm1/COMP702_BeyondAF/code/COMP390_code/checkpoints/run_subset_gpu32_h100_ep33/csv_logs/version_0/checkpoints/32-330000.ckpt...
INFO:/users/sgsrehm1/COMP702_BeyondAF/code/COMP390_code/openfold/run_pretrained_openfold.py:Using precomputed alignments for 2olo_A at /users/sgsrehm1/scratch/openfold_inference/alignments_cf...
INFO:/users/sgsrehm1/COMP702_BeyondAF/code/COMP390_code/openfold/openfold/utils/script_utils.py:Running inference for 2olo_A...
INFO:/users/sgsrehm1/COMP702_BeyondAF/code/COMP390_code/openfold/openfold/utils/script_utils.py:Inference time: 13.386469428427517
/users/sgsrehm1/COMP702_BeyondAF/code/COMP390_code/openfold/run_pretrained_openfold.py:351: DeprecationWarning: __array__ implementation doesn't accept a copy keyword, so passing copy=False failed. __array__ must implement 'dtype' and 'copy' keyword arguments. To learn more, see the migration guide https://numpy.org/devdocs/numpy_2_0_migration_guide.html#adapting-to-changes-in-the-copy-keyword
  lambda x: np.array(x[..., -1].cpu()),
/users/sgsrehm1/COMP702_BeyondAF/code/COMP390_code/openfold/run_pretrained_openfold.py:354: DeprecationWarning: __array__ implementation doesn't accept a copy keyword, so passing copy=False failed. __array__ must implement 'dtype' and 'copy' keyword arguments. To learn more, see the migration guide https://numpy.org/devdocs/numpy_2_0_migration_guide.html#adapting-to-changes-in-the-copy-keyword
  out = tensor_tree_map(lambda x: np.array(x.cpu()), out)
INFO:/users/sgsrehm1/COMP702_BeyondAF/code/COMP390_code/openfold/run_pretrained_openfold.py:Output written to /users/sgsrehm1/COMP702_BeyondAF/code/COMP390_code/Result/2olo_minhao_relaxed_100_20260716_113129/repeat_20/predictions/2olo_A_model_1_unrelaxed.pdb...
INFO:/users/sgsrehm1/COMP702_BeyondAF/code/COMP390_code/openfold/run_pretrained_openfold.py:Running relaxation on /users/sgsrehm1/COMP702_BeyondAF/code/COMP390_code/Result/2olo_minhao_relaxed_100_20260716_113129/repeat_20/predictions/2olo_A_model_1_unrelaxed.pdb...
INFO:/users/sgsrehm1/COMP702_BeyondAF/code/COMP390_code/openfold/openfold/utils/script_utils.py:Relaxation time: 78.14605699852109
INFO:/users/sgsrehm1/COMP702_BeyondAF/code/COMP390_code/openfold/openfold/utils/script_utils.py:Relaxed output written to /users/sgsrehm1/COMP702_BeyondAF/code/COMP390_code/Result/2olo_minhao_relaxed_100_20260716_113129/repeat_20/predictions/2olo_A_model_1_relaxed.pdb...
/users/sgsrehm1/COMP702_BeyondAF/code/COMP390_code/openfold/openfold/utils/script_utils.py:131: FutureWarning: You are using `torch.load` with `weights_only=False` (the current default value), which uses the default pickle module implicitly. It is possible to construct malicious pickle data which will execute arbitrary code during unpickling (See https://github.com/pytorch/pytorch/blob/main/SECURITY.md#untrusted-models for more details). In a future release, the default value for `weights_only` will be flipped to `True`. This limits the functions that could be executed during unpickling. Arbitrary objects will no longer be allowed to be loaded via this mode unless they are explicitly allowlisted by the user via `torch.serialization.add_safe_globals`. We recommend you start setting `weights_only=True` for any use case where you don't have full control of the loaded file. Please open an issue on GitHub for any issues related to this experimental feature.
  d = torch.load(ckpt_path)
INFO:/users/sgsrehm1/COMP702_BeyondAF/code/COMP390_code/openfold/openfold/utils/script_utils.py:Loaded OpenFold parameters at /users/sgsrehm1/COMP702_BeyondAF/code/COMP390_code/checkpoints/run_subset_gpu32_h100_ep33/csv_logs/version_0/checkpoints/32-330000.ckpt...
INFO:/users/sgsrehm1/COMP702_BeyondAF/code/COMP390_code/openfold/run_pretrained_openfold.py:Using precomputed alignments for 2olo_A at /users/sgsrehm1/scratch/openfold_inference/alignments_cf...
INFO:/users/sgsrehm1/COMP702_BeyondAF/code/COMP390_code/openfold/openfold/utils/script_utils.py:Running inference for 2olo_A...
INFO:/users/sgsrehm1/COMP702_BeyondAF/code/COMP390_code/openfold/openfold/utils/script_utils.py:Inference time: 13.36975315026939
/users/sgsrehm1/COMP702_BeyondAF/code/COMP390_code/openfold/run_pretrained_openfold.py:351: DeprecationWarning: __array__ implementation doesn't accept a copy keyword, so passing copy=False failed. __array__ must implement 'dtype' and 'copy' keyword arguments. To learn more, see the migration guide https://numpy.org/devdocs/numpy_2_0_migration_guide.html#adapting-to-changes-in-the-copy-keyword
  lambda x: np.array(x[..., -1].cpu()),
/users/sgsrehm1/COMP702_BeyondAF/code/COMP390_code/openfold/run_pretrained_openfold.py:354: DeprecationWarning: __array__ implementation doesn't accept a copy keyword, so passing copy=False failed. __array__ must implement 'dtype' and 'copy' keyword arguments. To learn more, see the migration guide https://numpy.org/devdocs/numpy_2_0_migration_guide.html#adapting-to-changes-in-the-copy-keyword
  out = tensor_tree_map(lambda x: np.array(x.cpu()), out)
INFO:/users/sgsrehm1/COMP702_BeyondAF/code/COMP390_code/openfold/run_pretrained_openfold.py:Output written to /users/sgsrehm1/COMP702_BeyondAF/code/COMP390_code/Result/2olo_minhao_relaxed_100_20260716_113129/repeat_21/predictions/2olo_A_model_1_unrelaxed.pdb...
INFO:/users/sgsrehm1/COMP702_BeyondAF/code/COMP390_code/openfold/run_pretrained_openfold.py:Running relaxation on /users/sgsrehm1/COMP702_BeyondAF/code/COMP390_code/Result/2olo_minhao_relaxed_100_20260716_113129/repeat_21/predictions/2olo_A_model_1_unrelaxed.pdb...
INFO:/users/sgsrehm1/COMP702_BeyondAF/code/COMP390_code/openfold/openfold/utils/script_utils.py:Relaxation time: 10.0652075400576
INFO:/users/sgsrehm1/COMP702_BeyondAF/code/COMP390_code/openfold/openfold/utils/script_utils.py:Relaxed output written to /users/sgsrehm1/COMP702_BeyondAF/code/COMP390_code/Result/2olo_minhao_relaxed_100_20260716_113129/repeat_21/predictions/2olo_A_model_1_relaxed.pdb...
/users/sgsrehm1/COMP702_BeyondAF/code/COMP390_code/openfold/openfold/utils/script_utils.py:131: FutureWarning: You are using `torch.load` with `weights_only=False` (the current default value), which uses the default pickle module implicitly. It is possible to construct malicious pickle data which will execute arbitrary code during unpickling (See https://github.com/pytorch/pytorch/blob/main/SECURITY.md#untrusted-models for more details). In a future release, the default value for `weights_only` will be flipped to `True`. This limits the functions that could be executed during unpickling. Arbitrary objects will no longer be allowed to be loaded via this mode unless they are explicitly allowlisted by the user via `torch.serialization.add_safe_globals`. We recommend you start setting `weights_only=True` for any use case where you don't have full control of the loaded file. Please open an issue on GitHub for any issues related to this experimental feature.
  d = torch.load(ckpt_path)
INFO:/users/sgsrehm1/COMP702_BeyondAF/code/COMP390_code/openfold/openfold/utils/script_utils.py:Loaded OpenFold parameters at /users/sgsrehm1/COMP702_BeyondAF/code/COMP390_code/checkpoints/run_subset_gpu32_h100_ep33/csv_logs/version_0/checkpoints/32-330000.ckpt...
INFO:/users/sgsrehm1/COMP702_BeyondAF/code/COMP390_code/openfold/run_pretrained_openfold.py:Using precomputed alignments for 2olo_A at /users/sgsrehm1/scratch/openfold_inference/alignments_cf...
INFO:/users/sgsrehm1/COMP702_BeyondAF/code/COMP390_code/openfold/openfold/utils/script_utils.py:Running inference for 2olo_A...
INFO:/users/sgsrehm1/COMP702_BeyondAF/code/COMP390_code/openfold/openfold/utils/script_utils.py:Inference time: 13.434734964743257
/users/sgsrehm1/COMP702_BeyondAF/code/COMP390_code/openfold/run_pretrained_openfold.py:351: DeprecationWarning: __array__ implementation doesn't accept a copy keyword, so passing copy=False failed. __array__ must implement 'dtype' and 'copy' keyword arguments. To learn more, see the migration guide https://numpy.org/devdocs/numpy_2_0_migration_guide.html#adapting-to-changes-in-the-copy-keyword
  lambda x: np.array(x[..., -1].cpu()),
/users/sgsrehm1/COMP702_BeyondAF/code/COMP390_code/openfold/run_pretrained_openfold.py:354: DeprecationWarning: __array__ implementation doesn't accept a copy keyword, so passing copy=False failed. __array__ must implement 'dtype' and 'copy' keyword arguments. To learn more, see the migration guide https://numpy.org/devdocs/numpy_2_0_migration_guide.html#adapting-to-changes-in-the-copy-keyword
  out = tensor_tree_map(lambda x: np.array(x.cpu()), out)
INFO:/users/sgsrehm1/COMP702_BeyondAF/code/COMP390_code/openfold/run_pretrained_openfold.py:Output written to /users/sgsrehm1/COMP702_BeyondAF/code/COMP390_code/Result/2olo_minhao_relaxed_100_20260716_113129/repeat_22/predictions/2olo_A_model_1_unrelaxed.pdb...
INFO:/users/sgsrehm1/COMP702_BeyondAF/code/COMP390_code/openfold/run_pretrained_openfold.py:Running relaxation on /users/sgsrehm1/COMP702_BeyondAF/code/COMP390_code/Result/2olo_minhao_relaxed_100_20260716_113129/repeat_22/predictions/2olo_A_model_1_unrelaxed.pdb...
INFO:/users/sgsrehm1/COMP702_BeyondAF/code/COMP390_code/openfold/openfold/utils/script_utils.py:Relaxation time: 83.85897870454937
INFO:/users/sgsrehm1/COMP702_BeyondAF/code/COMP390_code/openfold/openfold/utils/script_utils.py:Relaxed output written to /users/sgsrehm1/COMP702_BeyondAF/code/COMP390_code/Result/2olo_minhao_relaxed_100_20260716_113129/repeat_22/predictions/2olo_A_model_1_relaxed.pdb...
/users/sgsrehm1/COMP702_BeyondAF/code/COMP390_code/openfold/openfold/utils/script_utils.py:131: FutureWarning: You are using `torch.load` with `weights_only=False` (the current default value), which uses the default pickle module implicitly. It is possible to construct malicious pickle data which will execute arbitrary code during unpickling (See https://github.com/pytorch/pytorch/blob/main/SECURITY.md#untrusted-models for more details). In a future release, the default value for `weights_only` will be flipped to `True`. This limits the functions that could be executed during unpickling. Arbitrary objects will no longer be allowed to be loaded via this mode unless they are explicitly allowlisted by the user via `torch.serialization.add_safe_globals`. We recommend you start setting `weights_only=True` for any use case where you don't have full control of the loaded file. Please open an issue on GitHub for any issues related to this experimental feature.
  d = torch.load(ckpt_path)
INFO:/users/sgsrehm1/COMP702_BeyondAF/code/COMP390_code/openfold/openfold/utils/script_utils.py:Loaded OpenFold parameters at /users/sgsrehm1/COMP702_BeyondAF/code/COMP390_code/checkpoints/run_subset_gpu32_h100_ep33/csv_logs/version_0/checkpoints/32-330000.ckpt...
INFO:/users/sgsrehm1/COMP702_BeyondAF/code/COMP390_code/openfold/run_pretrained_openfold.py:Using precomputed alignments for 2olo_A at /users/sgsrehm1/scratch/openfold_inference/alignments_cf...
INFO:/users/sgsrehm1/COMP702_BeyondAF/code/COMP390_code/openfold/openfold/utils/script_utils.py:Running inference for 2olo_A...
INFO:/users/sgsrehm1/COMP702_BeyondAF/code/COMP390_code/openfold/openfold/utils/script_utils.py:Inference time: 13.39560684375465
/users/sgsrehm1/COMP702_BeyondAF/code/COMP390_code/openfold/run_pretrained_openfold.py:351: DeprecationWarning: __array__ implementation doesn't accept a copy keyword, so passing copy=False failed. __array__ must implement 'dtype' and 'copy' keyword arguments. To learn more, see the migration guide https://numpy.org/devdocs/numpy_2_0_migration_guide.html#adapting-to-changes-in-the-copy-keyword
  lambda x: np.array(x[..., -1].cpu()),
/users/sgsrehm1/COMP702_BeyondAF/code/COMP390_code/openfold/run_pretrained_openfold.py:354: DeprecationWarning: __array__ implementation doesn't accept a copy keyword, so passing copy=False failed. __array__ must implement 'dtype' and 'copy' keyword arguments. To learn more, see the migration guide https://numpy.org/devdocs/numpy_2_0_migration_guide.html#adapting-to-changes-in-the-copy-keyword
  out = tensor_tree_map(lambda x: np.array(x.cpu()), out)
INFO:/users/sgsrehm1/COMP702_BeyondAF/code/COMP390_code/openfold/run_pretrained_openfold.py:Output written to /users/sgsrehm1/COMP702_BeyondAF/code/COMP390_code/Result/2olo_minhao_relaxed_100_20260716_113129/repeat_23/predictions/2olo_A_model_1_unrelaxed.pdb...
INFO:/users/sgsrehm1/COMP702_BeyondAF/code/COMP390_code/openfold/run_pretrained_openfold.py:Running relaxation on /users/sgsrehm1/COMP702_BeyondAF/code/COMP390_code/Result/2olo_minhao_relaxed_100_20260716_113129/repeat_23/predictions/2olo_A_model_1_unrelaxed.pdb...
INFO:/users/sgsrehm1/COMP702_BeyondAF/code/COMP390_code/openfold/openfold/utils/script_utils.py:Relaxation time: 10.353012140840292
INFO:/users/sgsrehm1/COMP702_BeyondAF/code/COMP390_code/openfold/openfold/utils/script_utils.py:Relaxed output written to /users/sgsrehm1/COMP702_BeyondAF/code/COMP390_code/Result/2olo_minhao_relaxed_100_20260716_113129/repeat_23/predictions/2olo_A_model_1_relaxed.pdb...
/users/sgsrehm1/COMP702_BeyondAF/code/COMP390_code/openfold/openfold/utils/script_utils.py:131: FutureWarning: You are using `torch.load` with `weights_only=False` (the current default value), which uses the default pickle module implicitly. It is possible to construct malicious pickle data which will execute arbitrary code during unpickling (See https://github.com/pytorch/pytorch/blob/main/SECURITY.md#untrusted-models for more details). In a future release, the default value for `weights_only` will be flipped to `True`. This limits the functions that could be executed during unpickling. Arbitrary objects will no longer be allowed to be loaded via this mode unless they are explicitly allowlisted by the user via `torch.serialization.add_safe_globals`. We recommend you start setting `weights_only=True` for any use case where you don't have full control of the loaded file. Please open an issue on GitHub for any issues related to this experimental feature.
  d = torch.load(ckpt_path)
INFO:/users/sgsrehm1/COMP702_BeyondAF/code/COMP390_code/openfold/openfold/utils/script_utils.py:Loaded OpenFold parameters at /users/sgsrehm1/COMP702_BeyondAF/code/COMP390_code/checkpoints/run_subset_gpu32_h100_ep33/csv_logs/version_0/checkpoints/32-330000.ckpt...
INFO:/users/sgsrehm1/COMP702_BeyondAF/code/COMP390_code/openfold/run_pretrained_openfold.py:Using precomputed alignments for 2olo_A at /users/sgsrehm1/scratch/openfold_inference/alignments_cf...
INFO:/users/sgsrehm1/COMP702_BeyondAF/code/COMP390_code/openfold/openfold/utils/script_utils.py:Running inference for 2olo_A...
INFO:/users/sgsrehm1/COMP702_BeyondAF/code/COMP390_code/openfold/openfold/utils/script_utils.py:Inference time: 13.422665966674685
/users/sgsrehm1/COMP702_BeyondAF/code/COMP390_code/openfold/run_pretrained_openfold.py:351: DeprecationWarning: __array__ implementation doesn't accept a copy keyword, so passing copy=False failed. __array__ must implement 'dtype' and 'copy' keyword arguments. To learn more, see the migration guide https://numpy.org/devdocs/numpy_2_0_migration_guide.html#adapting-to-changes-in-the-copy-keyword
  lambda x: np.array(x[..., -1].cpu()),
/users/sgsrehm1/COMP702_BeyondAF/code/COMP390_code/openfold/run_pretrained_openfold.py:354: DeprecationWarning: __array__ implementation doesn't accept a copy keyword, so passing copy=False failed. __array__ must implement 'dtype' and 'copy' keyword arguments. To learn more, see the migration guide https://numpy.org/devdocs/numpy_2_0_migration_guide.html#adapting-to-changes-in-the-copy-keyword
  out = tensor_tree_map(lambda x: np.array(x.cpu()), out)
INFO:/users/sgsrehm1/COMP702_BeyondAF/code/COMP390_code/openfold/run_pretrained_openfold.py:Output written to /users/sgsrehm1/COMP702_BeyondAF/code/COMP390_code/Result/2olo_minhao_relaxed_100_20260716_113129/repeat_24/predictions/2olo_A_model_1_unrelaxed.pdb...
INFO:/users/sgsrehm1/COMP702_BeyondAF/code/COMP390_code/openfold/run_pretrained_openfold.py:Running relaxation on /users/sgsrehm1/COMP702_BeyondAF/code/COMP390_code/Result/2olo_minhao_relaxed_100_20260716_113129/repeat_24/predictions/2olo_A_model_1_unrelaxed.pdb...
INFO:/users/sgsrehm1/COMP702_BeyondAF/code/COMP390_code/openfold/openfold/utils/script_utils.py:Relaxation time: 78.7403954192996
INFO:/users/sgsrehm1/COMP702_BeyondAF/code/COMP390_code/openfold/openfold/utils/script_utils.py:Relaxed output written to /users/sgsrehm1/COMP702_BeyondAF/code/COMP390_code/Result/2olo_minhao_relaxed_100_20260716_113129/repeat_24/predictions/2olo_A_model_1_relaxed.pdb...
/users/sgsrehm1/COMP702_BeyondAF/code/COMP390_code/openfold/openfold/utils/script_utils.py:131: FutureWarning: You are using `torch.load` with `weights_only=False` (the current default value), which uses the default pickle module implicitly. It is possible to construct malicious pickle data which will execute arbitrary code during unpickling (See https://github.com/pytorch/pytorch/blob/main/SECURITY.md#untrusted-models for more details). In a future release, the default value for `weights_only` will be flipped to `True`. This limits the functions that could be executed during unpickling. Arbitrary objects will no longer be allowed to be loaded via this mode unless they are explicitly allowlisted by the user via `torch.serialization.add_safe_globals`. We recommend you start setting `weights_only=True` for any use case where you don't have full control of the loaded file. Please open an issue on GitHub for any issues related to this experimental feature.
  d = torch.load(ckpt_path)
INFO:/users/sgsrehm1/COMP702_BeyondAF/code/COMP390_code/openfold/openfold/utils/script_utils.py:Loaded OpenFold parameters at /users/sgsrehm1/COMP702_BeyondAF/code/COMP390_code/checkpoints/run_subset_gpu32_h100_ep33/csv_logs/version_0/checkpoints/32-330000.ckpt...
INFO:/users/sgsrehm1/COMP702_BeyondAF/code/COMP390_code/openfold/run_pretrained_openfold.py:Using precomputed alignments for 2olo_A at /users/sgsrehm1/scratch/openfold_inference/alignments_cf...
INFO:/users/sgsrehm1/COMP702_BeyondAF/code/COMP390_code/openfold/openfold/utils/script_utils.py:Running inference for 2olo_A...
INFO:/users/sgsrehm1/COMP702_BeyondAF/code/COMP390_code/openfold/openfold/utils/script_utils.py:Inference time: 13.406635757535696
/users/sgsrehm1/COMP702_BeyondAF/code/COMP390_code/openfold/run_pretrained_openfold.py:351: DeprecationWarning: __array__ implementation doesn't accept a copy keyword, so passing copy=False failed. __array__ must implement 'dtype' and 'copy' keyword arguments. To learn more, see the migration guide https://numpy.org/devdocs/numpy_2_0_migration_guide.html#adapting-to-changes-in-the-copy-keyword
  lambda x: np.array(x[..., -1].cpu()),
/users/sgsrehm1/COMP702_BeyondAF/code/COMP390_code/openfold/run_pretrained_openfold.py:354: DeprecationWarning: __array__ implementation doesn't accept a copy keyword, so passing copy=False failed. __array__ must implement 'dtype' and 'copy' keyword arguments. To learn more, see the migration guide https://numpy.org/devdocs/numpy_2_0_migration_guide.html#adapting-to-changes-in-the-copy-keyword
  out = tensor_tree_map(lambda x: np.array(x.cpu()), out)
INFO:/users/sgsrehm1/COMP702_BeyondAF/code/COMP390_code/openfold/run_pretrained_openfold.py:Output written to /users/sgsrehm1/COMP702_BeyondAF/code/COMP390_code/Result/2olo_minhao_relaxed_100_20260716_113129/repeat_25/predictions/2olo_A_model_1_unrelaxed.pdb...
INFO:/users/sgsrehm1/COMP702_BeyondAF/code/COMP390_code/openfold/run_pretrained_openfold.py:Running relaxation on /users/sgsrehm1/COMP702_BeyondAF/code/COMP390_code/Result/2olo_minhao_relaxed_100_20260716_113129/repeat_25/predictions/2olo_A_model_1_unrelaxed.pdb...
INFO:/users/sgsrehm1/COMP702_BeyondAF/code/COMP390_code/openfold/openfold/utils/script_utils.py:Relaxation time: 14.214246990159154
INFO:/users/sgsrehm1/COMP702_BeyondAF/code/COMP390_code/openfold/openfold/utils/script_utils.py:Relaxed output written to /users/sgsrehm1/COMP702_BeyondAF/code/COMP390_code/Result/2olo_minhao_relaxed_100_20260716_113129/repeat_25/predictions/2olo_A_model_1_relaxed.pdb...
/users/sgsrehm1/COMP702_BeyondAF/code/COMP390_code/openfold/openfold/utils/script_utils.py:131: FutureWarning: You are using `torch.load` with `weights_only=False` (the current default value), which uses the default pickle module implicitly. It is possible to construct malicious pickle data which will execute arbitrary code during unpickling (See https://github.com/pytorch/pytorch/blob/main/SECURITY.md#untrusted-models for more details). In a future release, the default value for `weights_only` will be flipped to `True`. This limits the functions that could be executed during unpickling. Arbitrary objects will no longer be allowed to be loaded via this mode unless they are explicitly allowlisted by the user via `torch.serialization.add_safe_globals`. We recommend you start setting `weights_only=True` for any use case where you don't have full control of the loaded file. Please open an issue on GitHub for any issues related to this experimental feature.
  d = torch.load(ckpt_path)
INFO:/users/sgsrehm1/COMP702_BeyondAF/code/COMP390_code/openfold/openfold/utils/script_utils.py:Loaded OpenFold parameters at /users/sgsrehm1/COMP702_BeyondAF/code/COMP390_code/checkpoints/run_subset_gpu32_h100_ep33/csv_logs/version_0/checkpoints/32-330000.ckpt...
INFO:/users/sgsrehm1/COMP702_BeyondAF/code/COMP390_code/openfold/run_pretrained_openfold.py:Using precomputed alignments for 2olo_A at /users/sgsrehm1/scratch/openfold_inference/alignments_cf...
INFO:/users/sgsrehm1/COMP702_BeyondAF/code/COMP390_code/openfold/openfold/utils/script_utils.py:Running inference for 2olo_A...
INFO:/users/sgsrehm1/COMP702_BeyondAF/code/COMP390_code/openfold/openfold/utils/script_utils.py:Inference time: 13.390582379885018
/users/sgsrehm1/COMP702_BeyondAF/code/COMP390_code/openfold/run_pretrained_openfold.py:351: DeprecationWarning: __array__ implementation doesn't accept a copy keyword, so passing copy=False failed. __array__ must implement 'dtype' and 'copy' keyword arguments. To learn more, see the migration guide https://numpy.org/devdocs/numpy_2_0_migration_guide.html#adapting-to-changes-in-the-copy-keyword
  lambda x: np.array(x[..., -1].cpu()),
/users/sgsrehm1/COMP702_BeyondAF/code/COMP390_code/openfold/run_pretrained_openfold.py:354: DeprecationWarning: __array__ implementation doesn't accept a copy keyword, so passing copy=False failed. __array__ must implement 'dtype' and 'copy' keyword arguments. To learn more, see the migration guide https://numpy.org/devdocs/numpy_2_0_migration_guide.html#adapting-to-changes-in-the-copy-keyword
  out = tensor_tree_map(lambda x: np.array(x.cpu()), out)
INFO:/users/sgsrehm1/COMP702_BeyondAF/code/COMP390_code/openfold/run_pretrained_openfold.py:Output written to /users/sgsrehm1/COMP702_BeyondAF/code/COMP390_code/Result/2olo_minhao_relaxed_100_20260716_113129/repeat_26/predictions/2olo_A_model_1_unrelaxed.pdb...
INFO:/users/sgsrehm1/COMP702_BeyondAF/code/COMP390_code/openfold/run_pretrained_openfold.py:Running relaxation on /users/sgsrehm1/COMP702_BeyondAF/code/COMP390_code/Result/2olo_minhao_relaxed_100_20260716_113129/repeat_26/predictions/2olo_A_model_1_unrelaxed.pdb...
INFO:/users/sgsrehm1/COMP702_BeyondAF/code/COMP390_code/openfold/openfold/utils/script_utils.py:Relaxation time: 84.88997949566692
INFO:/users/sgsrehm1/COMP702_BeyondAF/code/COMP390_code/openfold/openfold/utils/script_utils.py:Relaxed output written to /users/sgsrehm1/COMP702_BeyondAF/code/COMP390_code/Result/2olo_minhao_relaxed_100_20260716_113129/repeat_26/predictions/2olo_A_model_1_relaxed.pdb...
/users/sgsrehm1/COMP702_BeyondAF/code/COMP390_code/openfold/openfold/utils/script_utils.py:131: FutureWarning: You are using `torch.load` with `weights_only=False` (the current default value), which uses the default pickle module implicitly. It is possible to construct malicious pickle data which will execute arbitrary code during unpickling (See https://github.com/pytorch/pytorch/blob/main/SECURITY.md#untrusted-models for more details). In a future release, the default value for `weights_only` will be flipped to `True`. This limits the functions that could be executed during unpickling. Arbitrary objects will no longer be allowed to be loaded via this mode unless they are explicitly allowlisted by the user via `torch.serialization.add_safe_globals`. We recommend you start setting `weights_only=True` for any use case where you don't have full control of the loaded file. Please open an issue on GitHub for any issues related to this experimental feature.
  d = torch.load(ckpt_path)
INFO:/users/sgsrehm1/COMP702_BeyondAF/code/COMP390_code/openfold/openfold/utils/script_utils.py:Loaded OpenFold parameters at /users/sgsrehm1/COMP702_BeyondAF/code/COMP390_code/checkpoints/run_subset_gpu32_h100_ep33/csv_logs/version_0/checkpoints/32-330000.ckpt...
INFO:/users/sgsrehm1/COMP702_BeyondAF/code/COMP390_code/openfold/run_pretrained_openfold.py:Using precomputed alignments for 2olo_A at /users/sgsrehm1/scratch/openfold_inference/alignments_cf...
INFO:/users/sgsrehm1/COMP702_BeyondAF/code/COMP390_code/openfold/openfold/utils/script_utils.py:Running inference for 2olo_A...
INFO:/users/sgsrehm1/COMP702_BeyondAF/code/COMP390_code/openfold/openfold/utils/script_utils.py:Inference time: 13.3888298580423
/users/sgsrehm1/COMP702_BeyondAF/code/COMP390_code/openfold/run_pretrained_openfold.py:351: DeprecationWarning: __array__ implementation doesn't accept a copy keyword, so passing copy=False failed. __array__ must implement 'dtype' and 'copy' keyword arguments. To learn more, see the migration guide https://numpy.org/devdocs/numpy_2_0_migration_guide.html#adapting-to-changes-in-the-copy-keyword
  lambda x: np.array(x[..., -1].cpu()),
/users/sgsrehm1/COMP702_BeyondAF/code/COMP390_code/openfold/run_pretrained_openfold.py:354: DeprecationWarning: __array__ implementation doesn't accept a copy keyword, so passing copy=False failed. __array__ must implement 'dtype' and 'copy' keyword arguments. To learn more, see the migration guide https://numpy.org/devdocs/numpy_2_0_migration_guide.html#adapting-to-changes-in-the-copy-keyword
  out = tensor_tree_map(lambda x: np.array(x.cpu()), out)
INFO:/users/sgsrehm1/COMP702_BeyondAF/code/COMP390_code/openfold/run_pretrained_openfold.py:Output written to /users/sgsrehm1/COMP702_BeyondAF/code/COMP390_code/Result/2olo_minhao_relaxed_100_20260716_113129/repeat_27/predictions/2olo_A_model_1_unrelaxed.pdb...
INFO:/users/sgsrehm1/COMP702_BeyondAF/code/COMP390_code/openfold/run_pretrained_openfold.py:Running relaxation on /users/sgsrehm1/COMP702_BeyondAF/code/COMP390_code/Result/2olo_minhao_relaxed_100_20260716_113129/repeat_27/predictions/2olo_A_model_1_unrelaxed.pdb...
INFO:/users/sgsrehm1/COMP702_BeyondAF/code/COMP390_code/openfold/openfold/utils/script_utils.py:Relaxation time: 10.312996876426041
INFO:/users/sgsrehm1/COMP702_BeyondAF/code/COMP390_code/openfold/openfold/utils/script_utils.py:Relaxed output written to /users/sgsrehm1/COMP702_BeyondAF/code/COMP390_code/Result/2olo_minhao_relaxed_100_20260716_113129/repeat_27/predictions/2olo_A_model_1_relaxed.pdb...
/users/sgsrehm1/COMP702_BeyondAF/code/COMP390_code/openfold/openfold/utils/script_utils.py:131: FutureWarning: You are using `torch.load` with `weights_only=False` (the current default value), which uses the default pickle module implicitly. It is possible to construct malicious pickle data which will execute arbitrary code during unpickling (See https://github.com/pytorch/pytorch/blob/main/SECURITY.md#untrusted-models for more details). In a future release, the default value for `weights_only` will be flipped to `True`. This limits the functions that could be executed during unpickling. Arbitrary objects will no longer be allowed to be loaded via this mode unless they are explicitly allowlisted by the user via `torch.serialization.add_safe_globals`. We recommend you start setting `weights_only=True` for any use case where you don't have full control of the loaded file. Please open an issue on GitHub for any issues related to this experimental feature.
  d = torch.load(ckpt_path)
INFO:/users/sgsrehm1/COMP702_BeyondAF/code/COMP390_code/openfold/openfold/utils/script_utils.py:Loaded OpenFold parameters at /users/sgsrehm1/COMP702_BeyondAF/code/COMP390_code/checkpoints/run_subset_gpu32_h100_ep33/csv_logs/version_0/checkpoints/32-330000.ckpt...
INFO:/users/sgsrehm1/COMP702_BeyondAF/code/COMP390_code/openfold/run_pretrained_openfold.py:Using precomputed alignments for 2olo_A at /users/sgsrehm1/scratch/openfold_inference/alignments_cf...
INFO:/users/sgsrehm1/COMP702_BeyondAF/code/COMP390_code/openfold/openfold/utils/script_utils.py:Running inference for 2olo_A...
INFO:/users/sgsrehm1/COMP702_BeyondAF/code/COMP390_code/openfold/openfold/utils/script_utils.py:Inference time: 13.41041939239949
/users/sgsrehm1/COMP702_BeyondAF/code/COMP390_code/openfold/run_pretrained_openfold.py:351: DeprecationWarning: __array__ implementation doesn't accept a copy keyword, so passing copy=False failed. __array__ must implement 'dtype' and 'copy' keyword arguments. To learn more, see the migration guide https://numpy.org/devdocs/numpy_2_0_migration_guide.html#adapting-to-changes-in-the-copy-keyword
  lambda x: np.array(x[..., -1].cpu()),
/users/sgsrehm1/COMP702_BeyondAF/code/COMP390_code/openfold/run_pretrained_openfold.py:354: DeprecationWarning: __array__ implementation doesn't accept a copy keyword, so passing copy=False failed. __array__ must implement 'dtype' and 'copy' keyword arguments. To learn more, see the migration guide https://numpy.org/devdocs/numpy_2_0_migration_guide.html#adapting-to-changes-in-the-copy-keyword
  out = tensor_tree_map(lambda x: np.array(x.cpu()), out)
INFO:/users/sgsrehm1/COMP702_BeyondAF/code/COMP390_code/openfold/run_pretrained_openfold.py:Output written to /users/sgsrehm1/COMP702_BeyondAF/code/COMP390_code/Result/2olo_minhao_relaxed_100_20260716_113129/repeat_28/predictions/2olo_A_model_1_unrelaxed.pdb...
INFO:/users/sgsrehm1/COMP702_BeyondAF/code/COMP390_code/openfold/run_pretrained_openfold.py:Running relaxation on /users/sgsrehm1/COMP702_BeyondAF/code/COMP390_code/Result/2olo_minhao_relaxed_100_20260716_113129/repeat_28/predictions/2olo_A_model_1_unrelaxed.pdb...
INFO:/users/sgsrehm1/COMP702_BeyondAF/code/COMP390_code/openfold/openfold/utils/script_utils.py:Relaxation time: 79.98657339345664
INFO:/users/sgsrehm1/COMP702_BeyondAF/code/COMP390_code/openfold/openfold/utils/script_utils.py:Relaxed output written to /users/sgsrehm1/COMP702_BeyondAF/code/COMP390_code/Result/2olo_minhao_relaxed_100_20260716_113129/repeat_28/predictions/2olo_A_model_1_relaxed.pdb...
/users/sgsrehm1/COMP702_BeyondAF/code/COMP390_code/openfold/openfold/utils/script_utils.py:131: FutureWarning: You are using `torch.load` with `weights_only=False` (the current default value), which uses the default pickle module implicitly. It is possible to construct malicious pickle data which will execute arbitrary code during unpickling (See https://github.com/pytorch/pytorch/blob/main/SECURITY.md#untrusted-models for more details). In a future release, the default value for `weights_only` will be flipped to `True`. This limits the functions that could be executed during unpickling. Arbitrary objects will no longer be allowed to be loaded via this mode unless they are explicitly allowlisted by the user via `torch.serialization.add_safe_globals`. We recommend you start setting `weights_only=True` for any use case where you don't have full control of the loaded file. Please open an issue on GitHub for any issues related to this experimental feature.
  d = torch.load(ckpt_path)
INFO:/users/sgsrehm1/COMP702_BeyondAF/code/COMP390_code/openfold/openfold/utils/script_utils.py:Loaded OpenFold parameters at /users/sgsrehm1/COMP702_BeyondAF/code/COMP390_code/checkpoints/run_subset_gpu32_h100_ep33/csv_logs/version_0/checkpoints/32-330000.ckpt...
INFO:/users/sgsrehm1/COMP702_BeyondAF/code/COMP390_code/openfold/run_pretrained_openfold.py:Using precomputed alignments for 2olo_A at /users/sgsrehm1/scratch/openfold_inference/alignments_cf...
INFO:/users/sgsrehm1/COMP702_BeyondAF/code/COMP390_code/openfold/openfold/utils/script_utils.py:Running inference for 2olo_A...
INFO:/users/sgsrehm1/COMP702_BeyondAF/code/COMP390_code/openfold/openfold/utils/script_utils.py:Inference time: 13.406758304685354
/users/sgsrehm1/COMP702_BeyondAF/code/COMP390_code/openfold/run_pretrained_openfold.py:351: DeprecationWarning: __array__ implementation doesn't accept a copy keyword, so passing copy=False failed. __array__ must implement 'dtype' and 'copy' keyword arguments. To learn more, see the migration guide https://numpy.org/devdocs/numpy_2_0_migration_guide.html#adapting-to-changes-in-the-copy-keyword
  lambda x: np.array(x[..., -1].cpu()),
/users/sgsrehm1/COMP702_BeyondAF/code/COMP390_code/openfold/run_pretrained_openfold.py:354: DeprecationWarning: __array__ implementation doesn't accept a copy keyword, so passing copy=False failed. __array__ must implement 'dtype' and 'copy' keyword arguments. To learn more, see the migration guide https://numpy.org/devdocs/numpy_2_0_migration_guide.html#adapting-to-changes-in-the-copy-keyword
  out = tensor_tree_map(lambda x: np.array(x.cpu()), out)
INFO:/users/sgsrehm1/COMP702_BeyondAF/code/COMP390_code/openfold/run_pretrained_openfold.py:Output written to /users/sgsrehm1/COMP702_BeyondAF/code/COMP390_code/Result/2olo_minhao_relaxed_100_20260716_113129/repeat_29/predictions/2olo_A_model_1_unrelaxed.pdb...
INFO:/users/sgsrehm1/COMP702_BeyondAF/code/COMP390_code/openfold/run_pretrained_openfold.py:Running relaxation on /users/sgsrehm1/COMP702_BeyondAF/code/COMP390_code/Result/2olo_minhao_relaxed_100_20260716_113129/repeat_29/predictions/2olo_A_model_1_unrelaxed.pdb...
INFO:/users/sgsrehm1/COMP702_BeyondAF/code/COMP390_code/openfold/openfold/utils/script_utils.py:Relaxation time: 82.84404224343598
INFO:/users/sgsrehm1/COMP702_BeyondAF/code/COMP390_code/openfold/openfold/utils/script_utils.py:Relaxed output written to /users/sgsrehm1/COMP702_BeyondAF/code/COMP390_code/Result/2olo_minhao_relaxed_100_20260716_113129/repeat_29/predictions/2olo_A_model_1_relaxed.pdb...
/users/sgsrehm1/COMP702_BeyondAF/code/COMP390_code/openfold/openfold/utils/script_utils.py:131: FutureWarning: You are using `torch.load` with `weights_only=False` (the current default value), which uses the default pickle module implicitly. It is possible to construct malicious pickle data which will execute arbitrary code during unpickling (See https://github.com/pytorch/pytorch/blob/main/SECURITY.md#untrusted-models for more details). In a future release, the default value for `weights_only` will be flipped to `True`. This limits the functions that could be executed during unpickling. Arbitrary objects will no longer be allowed to be loaded via this mode unless they are explicitly allowlisted by the user via `torch.serialization.add_safe_globals`. We recommend you start setting `weights_only=True` for any use case where you don't have full control of the loaded file. Please open an issue on GitHub for any issues related to this experimental feature.
  d = torch.load(ckpt_path)
INFO:/users/sgsrehm1/COMP702_BeyondAF/code/COMP390_code/openfold/openfold/utils/script_utils.py:Loaded OpenFold parameters at /users/sgsrehm1/COMP702_BeyondAF/code/COMP390_code/checkpoints/run_subset_gpu32_h100_ep33/csv_logs/version_0/checkpoints/32-330000.ckpt...
INFO:/users/sgsrehm1/COMP702_BeyondAF/code/COMP390_code/openfold/run_pretrained_openfold.py:Using precomputed alignments for 2olo_A at /users/sgsrehm1/scratch/openfold_inference/alignments_cf...
INFO:/users/sgsrehm1/COMP702_BeyondAF/code/COMP390_code/openfold/openfold/utils/script_utils.py:Running inference for 2olo_A...
INFO:/users/sgsrehm1/COMP702_BeyondAF/code/COMP390_code/openfold/openfold/utils/script_utils.py:Inference time: 13.405714289285243
/users/sgsrehm1/COMP702_BeyondAF/code/COMP390_code/openfold/run_pretrained_openfold.py:351: DeprecationWarning: __array__ implementation doesn't accept a copy keyword, so passing copy=False failed. __array__ must implement 'dtype' and 'copy' keyword arguments. To learn more, see the migration guide https://numpy.org/devdocs/numpy_2_0_migration_guide.html#adapting-to-changes-in-the-copy-keyword
  lambda x: np.array(x[..., -1].cpu()),
/users/sgsrehm1/COMP702_BeyondAF/code/COMP390_code/openfold/run_pretrained_openfold.py:354: DeprecationWarning: __array__ implementation doesn't accept a copy keyword, so passing copy=False failed. __array__ must implement 'dtype' and 'copy' keyword arguments. To learn more, see the migration guide https://numpy.org/devdocs/numpy_2_0_migration_guide.html#adapting-to-changes-in-the-copy-keyword
  out = tensor_tree_map(lambda x: np.array(x.cpu()), out)
INFO:/users/sgsrehm1/COMP702_BeyondAF/code/COMP390_code/openfold/run_pretrained_openfold.py:Output written to /users/sgsrehm1/COMP702_BeyondAF/code/COMP390_code/Result/2olo_minhao_relaxed_100_20260716_113129/repeat_30/predictions/2olo_A_model_1_unrelaxed.pdb...
INFO:/users/sgsrehm1/COMP702_BeyondAF/code/COMP390_code/openfold/run_pretrained_openfold.py:Running relaxation on /users/sgsrehm1/COMP702_BeyondAF/code/COMP390_code/Result/2olo_minhao_relaxed_100_20260716_113129/repeat_30/predictions/2olo_A_model_1_unrelaxed.pdb...
INFO:/users/sgsrehm1/COMP702_BeyondAF/code/COMP390_code/openfold/openfold/utils/script_utils.py:Relaxation time: 80.47301127854735
INFO:/users/sgsrehm1/COMP702_BeyondAF/code/COMP390_code/openfold/openfold/utils/script_utils.py:Relaxed output written to /users/sgsrehm1/COMP702_BeyondAF/code/COMP390_code/Result/2olo_minhao_relaxed_100_20260716_113129/repeat_30/predictions/2olo_A_model_1_relaxed.pdb...
/users/sgsrehm1/COMP702_BeyondAF/code/COMP390_code/openfold/openfold/utils/script_utils.py:131: FutureWarning: You are using `torch.load` with `weights_only=False` (the current default value), which uses the default pickle module implicitly. It is possible to construct malicious pickle data which will execute arbitrary code during unpickling (See https://github.com/pytorch/pytorch/blob/main/SECURITY.md#untrusted-models for more details). In a future release, the default value for `weights_only` will be flipped to `True`. This limits the functions that could be executed during unpickling. Arbitrary objects will no longer be allowed to be loaded via this mode unless they are explicitly allowlisted by the user via `torch.serialization.add_safe_globals`. We recommend you start setting `weights_only=True` for any use case where you don't have full control of the loaded file. Please open an issue on GitHub for any issues related to this experimental feature.
  d = torch.load(ckpt_path)
INFO:/users/sgsrehm1/COMP702_BeyondAF/code/COMP390_code/openfold/openfold/utils/script_utils.py:Loaded OpenFold parameters at /users/sgsrehm1/COMP702_BeyondAF/code/COMP390_code/checkpoints/run_subset_gpu32_h100_ep33/csv_logs/version_0/checkpoints/32-330000.ckpt...
INFO:/users/sgsrehm1/COMP702_BeyondAF/code/COMP390_code/openfold/run_pretrained_openfold.py:Using precomputed alignments for 2olo_A at /users/sgsrehm1/scratch/openfold_inference/alignments_cf...
INFO:/users/sgsrehm1/COMP702_BeyondAF/code/COMP390_code/openfold/openfold/utils/script_utils.py:Running inference for 2olo_A...
INFO:/users/sgsrehm1/COMP702_BeyondAF/code/COMP390_code/openfold/openfold/utils/script_utils.py:Inference time: 13.396063053049147
/users/sgsrehm1/COMP702_BeyondAF/code/COMP390_code/openfold/run_pretrained_openfold.py:351: DeprecationWarning: __array__ implementation doesn't accept a copy keyword, so passing copy=False failed. __array__ must implement 'dtype' and 'copy' keyword arguments. To learn more, see the migration guide https://numpy.org/devdocs/numpy_2_0_migration_guide.html#adapting-to-changes-in-the-copy-keyword
  lambda x: np.array(x[..., -1].cpu()),
/users/sgsrehm1/COMP702_BeyondAF/code/COMP390_code/openfold/run_pretrained_openfold.py:354: DeprecationWarning: __array__ implementation doesn't accept a copy keyword, so passing copy=False failed. __array__ must implement 'dtype' and 'copy' keyword arguments. To learn more, see the migration guide https://numpy.org/devdocs/numpy_2_0_migration_guide.html#adapting-to-changes-in-the-copy-keyword
  out = tensor_tree_map(lambda x: np.array(x.cpu()), out)
INFO:/users/sgsrehm1/COMP702_BeyondAF/code/COMP390_code/openfold/run_pretrained_openfold.py:Output written to /users/sgsrehm1/COMP702_BeyondAF/code/COMP390_code/Result/2olo_minhao_relaxed_100_20260716_113129/repeat_31/predictions/2olo_A_model_1_unrelaxed.pdb...
INFO:/users/sgsrehm1/COMP702_BeyondAF/code/COMP390_code/openfold/run_pretrained_openfold.py:Running relaxation on /users/sgsrehm1/COMP702_BeyondAF/code/COMP390_code/Result/2olo_minhao_relaxed_100_20260716_113129/repeat_31/predictions/2olo_A_model_1_unrelaxed.pdb...
INFO:/users/sgsrehm1/COMP702_BeyondAF/code/COMP390_code/openfold/openfold/utils/script_utils.py:Relaxation time: 10.024951672181487
INFO:/users/sgsrehm1/COMP702_BeyondAF/code/COMP390_code/openfold/openfold/utils/script_utils.py:Relaxed output written to /users/sgsrehm1/COMP702_BeyondAF/code/COMP390_code/Result/2olo_minhao_relaxed_100_20260716_113129/repeat_31/predictions/2olo_A_model_1_relaxed.pdb...
/users/sgsrehm1/COMP702_BeyondAF/code/COMP390_code/openfold/openfold/utils/script_utils.py:131: FutureWarning: You are using `torch.load` with `weights_only=False` (the current default value), which uses the default pickle module implicitly. It is possible to construct malicious pickle data which will execute arbitrary code during unpickling (See https://github.com/pytorch/pytorch/blob/main/SECURITY.md#untrusted-models for more details). In a future release, the default value for `weights_only` will be flipped to `True`. This limits the functions that could be executed during unpickling. Arbitrary objects will no longer be allowed to be loaded via this mode unless they are explicitly allowlisted by the user via `torch.serialization.add_safe_globals`. We recommend you start setting `weights_only=True` for any use case where you don't have full control of the loaded file. Please open an issue on GitHub for any issues related to this experimental feature.
  d = torch.load(ckpt_path)
INFO:/users/sgsrehm1/COMP702_BeyondAF/code/COMP390_code/openfold/openfold/utils/script_utils.py:Loaded OpenFold parameters at /users/sgsrehm1/COMP702_BeyondAF/code/COMP390_code/checkpoints/run_subset_gpu32_h100_ep33/csv_logs/version_0/checkpoints/32-330000.ckpt...
INFO:/users/sgsrehm1/COMP702_BeyondAF/code/COMP390_code/openfold/run_pretrained_openfold.py:Using precomputed alignments for 2olo_A at /users/sgsrehm1/scratch/openfold_inference/alignments_cf...
INFO:/users/sgsrehm1/COMP702_BeyondAF/code/COMP390_code/openfold/openfold/utils/script_utils.py:Running inference for 2olo_A...
INFO:/users/sgsrehm1/COMP702_BeyondAF/code/COMP390_code/openfold/openfold/utils/script_utils.py:Inference time: 13.415630087256432
/users/sgsrehm1/COMP702_BeyondAF/code/COMP390_code/openfold/run_pretrained_openfold.py:351: DeprecationWarning: __array__ implementation doesn't accept a copy keyword, so passing copy=False failed. __array__ must implement 'dtype' and 'copy' keyword arguments. To learn more, see the migration guide https://numpy.org/devdocs/numpy_2_0_migration_guide.html#adapting-to-changes-in-the-copy-keyword
  lambda x: np.array(x[..., -1].cpu()),
/users/sgsrehm1/COMP702_BeyondAF/code/COMP390_code/openfold/run_pretrained_openfold.py:354: DeprecationWarning: __array__ implementation doesn't accept a copy keyword, so passing copy=False failed. __array__ must implement 'dtype' and 'copy' keyword arguments. To learn more, see the migration guide https://numpy.org/devdocs/numpy_2_0_migration_guide.html#adapting-to-changes-in-the-copy-keyword
  out = tensor_tree_map(lambda x: np.array(x.cpu()), out)
INFO:/users/sgsrehm1/COMP702_BeyondAF/code/COMP390_code/openfold/run_pretrained_openfold.py:Output written to /users/sgsrehm1/COMP702_BeyondAF/code/COMP390_code/Result/2olo_minhao_relaxed_100_20260716_113129/repeat_32/predictions/2olo_A_model_1_unrelaxed.pdb...
INFO:/users/sgsrehm1/COMP702_BeyondAF/code/COMP390_code/openfold/run_pretrained_openfold.py:Running relaxation on /users/sgsrehm1/COMP702_BeyondAF/code/COMP390_code/Result/2olo_minhao_relaxed_100_20260716_113129/repeat_32/predictions/2olo_A_model_1_unrelaxed.pdb...
INFO:/users/sgsrehm1/COMP702_BeyondAF/code/COMP390_code/openfold/openfold/utils/script_utils.py:Relaxation time: 80.31900154519826
INFO:/users/sgsrehm1/COMP702_BeyondAF/code/COMP390_code/openfold/openfold/utils/script_utils.py:Relaxed output written to /users/sgsrehm1/COMP702_BeyondAF/code/COMP390_code/Result/2olo_minhao_relaxed_100_20260716_113129/repeat_32/predictions/2olo_A_model_1_relaxed.pdb...
/users/sgsrehm1/COMP702_BeyondAF/code/COMP390_code/openfold/openfold/utils/script_utils.py:131: FutureWarning: You are using `torch.load` with `weights_only=False` (the current default value), which uses the default pickle module implicitly. It is possible to construct malicious pickle data which will execute arbitrary code during unpickling (See https://github.com/pytorch/pytorch/blob/main/SECURITY.md#untrusted-models for more details). In a future release, the default value for `weights_only` will be flipped to `True`. This limits the functions that could be executed during unpickling. Arbitrary objects will no longer be allowed to be loaded via this mode unless they are explicitly allowlisted by the user via `torch.serialization.add_safe_globals`. We recommend you start setting `weights_only=True` for any use case where you don't have full control of the loaded file. Please open an issue on GitHub for any issues related to this experimental feature.
  d = torch.load(ckpt_path)
INFO:/users/sgsrehm1/COMP702_BeyondAF/code/COMP390_code/openfold/openfold/utils/script_utils.py:Loaded OpenFold parameters at /users/sgsrehm1/COMP702_BeyondAF/code/COMP390_code/checkpoints/run_subset_gpu32_h100_ep33/csv_logs/version_0/checkpoints/32-330000.ckpt...
INFO:/users/sgsrehm1/COMP702_BeyondAF/code/COMP390_code/openfold/run_pretrained_openfold.py:Using precomputed alignments for 2olo_A at /users/sgsrehm1/scratch/openfold_inference/alignments_cf...
INFO:/users/sgsrehm1/COMP702_BeyondAF/code/COMP390_code/openfold/openfold/utils/script_utils.py:Running inference for 2olo_A...
INFO:/users/sgsrehm1/COMP702_BeyondAF/code/COMP390_code/openfold/openfold/utils/script_utils.py:Inference time: 13.39478537812829
/users/sgsrehm1/COMP702_BeyondAF/code/COMP390_code/openfold/run_pretrained_openfold.py:351: DeprecationWarning: __array__ implementation doesn't accept a copy keyword, so passing copy=False failed. __array__ must implement 'dtype' and 'copy' keyword arguments. To learn more, see the migration guide https://numpy.org/devdocs/numpy_2_0_migration_guide.html#adapting-to-changes-in-the-copy-keyword
  lambda x: np.array(x[..., -1].cpu()),
/users/sgsrehm1/COMP702_BeyondAF/code/COMP390_code/openfold/run_pretrained_openfold.py:354: DeprecationWarning: __array__ implementation doesn't accept a copy keyword, so passing copy=False failed. __array__ must implement 'dtype' and 'copy' keyword arguments. To learn more, see the migration guide https://numpy.org/devdocs/numpy_2_0_migration_guide.html#adapting-to-changes-in-the-copy-keyword
  out = tensor_tree_map(lambda x: np.array(x.cpu()), out)
INFO:/users/sgsrehm1/COMP702_BeyondAF/code/COMP390_code/openfold/run_pretrained_openfold.py:Output written to /users/sgsrehm1/COMP702_BeyondAF/code/COMP390_code/Result/2olo_minhao_relaxed_100_20260716_113129/repeat_33/predictions/2olo_A_model_1_unrelaxed.pdb...
INFO:/users/sgsrehm1/COMP702_BeyondAF/code/COMP390_code/openfold/run_pretrained_openfold.py:Running relaxation on /users/sgsrehm1/COMP702_BeyondAF/code/COMP390_code/Result/2olo_minhao_relaxed_100_20260716_113129/repeat_33/predictions/2olo_A_model_1_unrelaxed.pdb...
INFO:/users/sgsrehm1/COMP702_BeyondAF/code/COMP390_code/openfold/openfold/utils/script_utils.py:Relaxation time: 81.82427391596138
INFO:/users/sgsrehm1/COMP702_BeyondAF/code/COMP390_code/openfold/openfold/utils/script_utils.py:Relaxed output written to /users/sgsrehm1/COMP702_BeyondAF/code/COMP390_code/Result/2olo_minhao_relaxed_100_20260716_113129/repeat_33/predictions/2olo_A_model_1_relaxed.pdb...
/users/sgsrehm1/COMP702_BeyondAF/code/COMP390_code/openfold/openfold/utils/script_utils.py:131: FutureWarning: You are using `torch.load` with `weights_only=False` (the current default value), which uses the default pickle module implicitly. It is possible to construct malicious pickle data which will execute arbitrary code during unpickling (See https://github.com/pytorch/pytorch/blob/main/SECURITY.md#untrusted-models for more details). In a future release, the default value for `weights_only` will be flipped to `True`. This limits the functions that could be executed during unpickling. Arbitrary objects will no longer be allowed to be loaded via this mode unless they are explicitly allowlisted by the user via `torch.serialization.add_safe_globals`. We recommend you start setting `weights_only=True` for any use case where you don't have full control of the loaded file. Please open an issue on GitHub for any issues related to this experimental feature.
  d = torch.load(ckpt_path)
INFO:/users/sgsrehm1/COMP702_BeyondAF/code/COMP390_code/openfold/openfold/utils/script_utils.py:Loaded OpenFold parameters at /users/sgsrehm1/COMP702_BeyondAF/code/COMP390_code/checkpoints/run_subset_gpu32_h100_ep33/csv_logs/version_0/checkpoints/32-330000.ckpt...
INFO:/users/sgsrehm1/COMP702_BeyondAF/code/COMP390_code/openfold/run_pretrained_openfold.py:Using precomputed alignments for 2olo_A at /users/sgsrehm1/scratch/openfold_inference/alignments_cf...
INFO:/users/sgsrehm1/COMP702_BeyondAF/code/COMP390_code/openfold/openfold/utils/script_utils.py:Running inference for 2olo_A...
INFO:/users/sgsrehm1/COMP702_BeyondAF/code/COMP390_code/openfold/openfold/utils/script_utils.py:Inference time: 13.403291863389313
/users/sgsrehm1/COMP702_BeyondAF/code/COMP390_code/openfold/run_pretrained_openfold.py:351: DeprecationWarning: __array__ implementation doesn't accept a copy keyword, so passing copy=False failed. __array__ must implement 'dtype' and 'copy' keyword arguments. To learn more, see the migration guide https://numpy.org/devdocs/numpy_2_0_migration_guide.html#adapting-to-changes-in-the-copy-keyword
  lambda x: np.array(x[..., -1].cpu()),
/users/sgsrehm1/COMP702_BeyondAF/code/COMP390_code/openfold/run_pretrained_openfold.py:354: DeprecationWarning: __array__ implementation doesn't accept a copy keyword, so passing copy=False failed. __array__ must implement 'dtype' and 'copy' keyword arguments. To learn more, see the migration guide https://numpy.org/devdocs/numpy_2_0_migration_guide.html#adapting-to-changes-in-the-copy-keyword
  out = tensor_tree_map(lambda x: np.array(x.cpu()), out)
INFO:/users/sgsrehm1/COMP702_BeyondAF/code/COMP390_code/openfold/run_pretrained_openfold.py:Output written to /users/sgsrehm1/COMP702_BeyondAF/code/COMP390_code/Result/2olo_minhao_relaxed_100_20260716_113129/repeat_34/predictions/2olo_A_model_1_unrelaxed.pdb...
INFO:/users/sgsrehm1/COMP702_BeyondAF/code/COMP390_code/openfold/run_pretrained_openfold.py:Running relaxation on /users/sgsrehm1/COMP702_BeyondAF/code/COMP390_code/Result/2olo_minhao_relaxed_100_20260716_113129/repeat_34/predictions/2olo_A_model_1_unrelaxed.pdb...
INFO:/users/sgsrehm1/COMP702_BeyondAF/code/COMP390_code/openfold/openfold/utils/script_utils.py:Relaxation time: 79.34217506367713
INFO:/users/sgsrehm1/COMP702_BeyondAF/code/COMP390_code/openfold/openfold/utils/script_utils.py:Relaxed output written to /users/sgsrehm1/COMP702_BeyondAF/code/COMP390_code/Result/2olo_minhao_relaxed_100_20260716_113129/repeat_34/predictions/2olo_A_model_1_relaxed.pdb...
/users/sgsrehm1/COMP702_BeyondAF/code/COMP390_code/openfold/openfold/utils/script_utils.py:131: FutureWarning: You are using `torch.load` with `weights_only=False` (the current default value), which uses the default pickle module implicitly. It is possible to construct malicious pickle data which will execute arbitrary code during unpickling (See https://github.com/pytorch/pytorch/blob/main/SECURITY.md#untrusted-models for more details). In a future release, the default value for `weights_only` will be flipped to `True`. This limits the functions that could be executed during unpickling. Arbitrary objects will no longer be allowed to be loaded via this mode unless they are explicitly allowlisted by the user via `torch.serialization.add_safe_globals`. We recommend you start setting `weights_only=True` for any use case where you don't have full control of the loaded file. Please open an issue on GitHub for any issues related to this experimental feature.
  d = torch.load(ckpt_path)
INFO:/users/sgsrehm1/COMP702_BeyondAF/code/COMP390_code/openfold/openfold/utils/script_utils.py:Loaded OpenFold parameters at /users/sgsrehm1/COMP702_BeyondAF/code/COMP390_code/checkpoints/run_subset_gpu32_h100_ep33/csv_logs/version_0/checkpoints/32-330000.ckpt...
INFO:/users/sgsrehm1/COMP702_BeyondAF/code/COMP390_code/openfold/run_pretrained_openfold.py:Using precomputed alignments for 2olo_A at /users/sgsrehm1/scratch/openfold_inference/alignments_cf...
INFO:/users/sgsrehm1/COMP702_BeyondAF/code/COMP390_code/openfold/openfold/utils/script_utils.py:Running inference for 2olo_A...
INFO:/users/sgsrehm1/COMP702_BeyondAF/code/COMP390_code/openfold/openfold/utils/script_utils.py:Inference time: 13.40381149854511
/users/sgsrehm1/COMP702_BeyondAF/code/COMP390_code/openfold/run_pretrained_openfold.py:351: DeprecationWarning: __array__ implementation doesn't accept a copy keyword, so passing copy=False failed. __array__ must implement 'dtype' and 'copy' keyword arguments. To learn more, see the migration guide https://numpy.org/devdocs/numpy_2_0_migration_guide.html#adapting-to-changes-in-the-copy-keyword
  lambda x: np.array(x[..., -1].cpu()),
/users/sgsrehm1/COMP702_BeyondAF/code/COMP390_code/openfold/run_pretrained_openfold.py:354: DeprecationWarning: __array__ implementation doesn't accept a copy keyword, so passing copy=False failed. __array__ must implement 'dtype' and 'copy' keyword arguments. To learn more, see the migration guide https://numpy.org/devdocs/numpy_2_0_migration_guide.html#adapting-to-changes-in-the-copy-keyword
  out = tensor_tree_map(lambda x: np.array(x.cpu()), out)
INFO:/users/sgsrehm1/COMP702_BeyondAF/code/COMP390_code/openfold/run_pretrained_openfold.py:Output written to /users/sgsrehm1/COMP702_BeyondAF/code/COMP390_code/Result/2olo_minhao_relaxed_100_20260716_113129/repeat_35/predictions/2olo_A_model_1_unrelaxed.pdb...
INFO:/users/sgsrehm1/COMP702_BeyondAF/code/COMP390_code/openfold/run_pretrained_openfold.py:Running relaxation on /users/sgsrehm1/COMP702_BeyondAF/code/COMP390_code/Result/2olo_minhao_relaxed_100_20260716_113129/repeat_35/predictions/2olo_A_model_1_unrelaxed.pdb...
INFO:/users/sgsrehm1/COMP702_BeyondAF/code/COMP390_code/openfold/openfold/utils/script_utils.py:Relaxation time: 83.69891626760364
INFO:/users/sgsrehm1/COMP702_BeyondAF/code/COMP390_code/openfold/openfold/utils/script_utils.py:Relaxed output written to /users/sgsrehm1/COMP702_BeyondAF/code/COMP390_code/Result/2olo_minhao_relaxed_100_20260716_113129/repeat_35/predictions/2olo_A_model_1_relaxed.pdb...
/users/sgsrehm1/COMP702_BeyondAF/code/COMP390_code/openfold/openfold/utils/script_utils.py:131: FutureWarning: You are using `torch.load` with `weights_only=False` (the current default value), which uses the default pickle module implicitly. It is possible to construct malicious pickle data which will execute arbitrary code during unpickling (See https://github.com/pytorch/pytorch/blob/main/SECURITY.md#untrusted-models for more details). In a future release, the default value for `weights_only` will be flipped to `True`. This limits the functions that could be executed during unpickling. Arbitrary objects will no longer be allowed to be loaded via this mode unless they are explicitly allowlisted by the user via `torch.serialization.add_safe_globals`. We recommend you start setting `weights_only=True` for any use case where you don't have full control of the loaded file. Please open an issue on GitHub for any issues related to this experimental feature.
  d = torch.load(ckpt_path)
INFO:/users/sgsrehm1/COMP702_BeyondAF/code/COMP390_code/openfold/openfold/utils/script_utils.py:Loaded OpenFold parameters at /users/sgsrehm1/COMP702_BeyondAF/code/COMP390_code/checkpoints/run_subset_gpu32_h100_ep33/csv_logs/version_0/checkpoints/32-330000.ckpt...
INFO:/users/sgsrehm1/COMP702_BeyondAF/code/COMP390_code/openfold/run_pretrained_openfold.py:Using precomputed alignments for 2olo_A at /users/sgsrehm1/scratch/openfold_inference/alignments_cf...
INFO:/users/sgsrehm1/COMP702_BeyondAF/code/COMP390_code/openfold/openfold/utils/script_utils.py:Running inference for 2olo_A...
INFO:/users/sgsrehm1/COMP702_BeyondAF/code/COMP390_code/openfold/openfold/utils/script_utils.py:Inference time: 13.419413276948035
/users/sgsrehm1/COMP702_BeyondAF/code/COMP390_code/openfold/run_pretrained_openfold.py:351: DeprecationWarning: __array__ implementation doesn't accept a copy keyword, so passing copy=False failed. __array__ must implement 'dtype' and 'copy' keyword arguments. To learn more, see the migration guide https://numpy.org/devdocs/numpy_2_0_migration_guide.html#adapting-to-changes-in-the-copy-keyword
  lambda x: np.array(x[..., -1].cpu()),
/users/sgsrehm1/COMP702_BeyondAF/code/COMP390_code/openfold/run_pretrained_openfold.py:354: DeprecationWarning: __array__ implementation doesn't accept a copy keyword, so passing copy=False failed. __array__ must implement 'dtype' and 'copy' keyword arguments. To learn more, see the migration guide https://numpy.org/devdocs/numpy_2_0_migration_guide.html#adapting-to-changes-in-the-copy-keyword
  out = tensor_tree_map(lambda x: np.array(x.cpu()), out)
INFO:/users/sgsrehm1/COMP702_BeyondAF/code/COMP390_code/openfold/run_pretrained_openfold.py:Output written to /users/sgsrehm1/COMP702_BeyondAF/code/COMP390_code/Result/2olo_minhao_relaxed_100_20260716_113129/repeat_36/predictions/2olo_A_model_1_unrelaxed.pdb...
INFO:/users/sgsrehm1/COMP702_BeyondAF/code/COMP390_code/openfold/run_pretrained_openfold.py:Running relaxation on /users/sgsrehm1/COMP702_BeyondAF/code/COMP390_code/Result/2olo_minhao_relaxed_100_20260716_113129/repeat_36/predictions/2olo_A_model_1_unrelaxed.pdb...
INFO:/users/sgsrehm1/COMP702_BeyondAF/code/COMP390_code/openfold/openfold/utils/script_utils.py:Relaxation time: 79.31304278131574
INFO:/users/sgsrehm1/COMP702_BeyondAF/code/COMP390_code/openfold/openfold/utils/script_utils.py:Relaxed output written to /users/sgsrehm1/COMP702_BeyondAF/code/COMP390_code/Result/2olo_minhao_relaxed_100_20260716_113129/repeat_36/predictions/2olo_A_model_1_relaxed.pdb...
/users/sgsrehm1/COMP702_BeyondAF/code/COMP390_code/openfold/openfold/utils/script_utils.py:131: FutureWarning: You are using `torch.load` with `weights_only=False` (the current default value), which uses the default pickle module implicitly. It is possible to construct malicious pickle data which will execute arbitrary code during unpickling (See https://github.com/pytorch/pytorch/blob/main/SECURITY.md#untrusted-models for more details). In a future release, the default value for `weights_only` will be flipped to `True`. This limits the functions that could be executed during unpickling. Arbitrary objects will no longer be allowed to be loaded via this mode unless they are explicitly allowlisted by the user via `torch.serialization.add_safe_globals`. We recommend you start setting `weights_only=True` for any use case where you don't have full control of the loaded file. Please open an issue on GitHub for any issues related to this experimental feature.
  d = torch.load(ckpt_path)
INFO:/users/sgsrehm1/COMP702_BeyondAF/code/COMP390_code/openfold/openfold/utils/script_utils.py:Loaded OpenFold parameters at /users/sgsrehm1/COMP702_BeyondAF/code/COMP390_code/checkpoints/run_subset_gpu32_h100_ep33/csv_logs/version_0/checkpoints/32-330000.ckpt...
INFO:/users/sgsrehm1/COMP702_BeyondAF/code/COMP390_code/openfold/run_pretrained_openfold.py:Using precomputed alignments for 2olo_A at /users/sgsrehm1/scratch/openfold_inference/alignments_cf...
INFO:/users/sgsrehm1/COMP702_BeyondAF/code/COMP390_code/openfold/openfold/utils/script_utils.py:Running inference for 2olo_A...
INFO:/users/sgsrehm1/COMP702_BeyondAF/code/COMP390_code/openfold/openfold/utils/script_utils.py:Inference time: 13.40737168956548
/users/sgsrehm1/COMP702_BeyondAF/code/COMP390_code/openfold/run_pretrained_openfold.py:351: DeprecationWarning: __array__ implementation doesn't accept a copy keyword, so passing copy=False failed. __array__ must implement 'dtype' and 'copy' keyword arguments. To learn more, see the migration guide https://numpy.org/devdocs/numpy_2_0_migration_guide.html#adapting-to-changes-in-the-copy-keyword
  lambda x: np.array(x[..., -1].cpu()),
/users/sgsrehm1/COMP702_BeyondAF/code/COMP390_code/openfold/run_pretrained_openfold.py:354: DeprecationWarning: __array__ implementation doesn't accept a copy keyword, so passing copy=False failed. __array__ must implement 'dtype' and 'copy' keyword arguments. To learn more, see the migration guide https://numpy.org/devdocs/numpy_2_0_migration_guide.html#adapting-to-changes-in-the-copy-keyword
  out = tensor_tree_map(lambda x: np.array(x.cpu()), out)
INFO:/users/sgsrehm1/COMP702_BeyondAF/code/COMP390_code/openfold/run_pretrained_openfold.py:Output written to /users/sgsrehm1/COMP702_BeyondAF/code/COMP390_code/Result/2olo_minhao_relaxed_100_20260716_113129/repeat_37/predictions/2olo_A_model_1_unrelaxed.pdb...
INFO:/users/sgsrehm1/COMP702_BeyondAF/code/COMP390_code/openfold/run_pretrained_openfold.py:Running relaxation on /users/sgsrehm1/COMP702_BeyondAF/code/COMP390_code/Result/2olo_minhao_relaxed_100_20260716_113129/repeat_37/predictions/2olo_A_model_1_unrelaxed.pdb...
INFO:/users/sgsrehm1/COMP702_BeyondAF/code/COMP390_code/openfold/openfold/utils/script_utils.py:Relaxation time: 78.22497980576009
INFO:/users/sgsrehm1/COMP702_BeyondAF/code/COMP390_code/openfold/openfold/utils/script_utils.py:Relaxed output written to /users/sgsrehm1/COMP702_BeyondAF/code/COMP390_code/Result/2olo_minhao_relaxed_100_20260716_113129/repeat_37/predictions/2olo_A_model_1_relaxed.pdb...
/users/sgsrehm1/COMP702_BeyondAF/code/COMP390_code/openfold/openfold/utils/script_utils.py:131: FutureWarning: You are using `torch.load` with `weights_only=False` (the current default value), which uses the default pickle module implicitly. It is possible to construct malicious pickle data which will execute arbitrary code during unpickling (See https://github.com/pytorch/pytorch/blob/main/SECURITY.md#untrusted-models for more details). In a future release, the default value for `weights_only` will be flipped to `True`. This limits the functions that could be executed during unpickling. Arbitrary objects will no longer be allowed to be loaded via this mode unless they are explicitly allowlisted by the user via `torch.serialization.add_safe_globals`. We recommend you start setting `weights_only=True` for any use case where you don't have full control of the loaded file. Please open an issue on GitHub for any issues related to this experimental feature.
  d = torch.load(ckpt_path)
INFO:/users/sgsrehm1/COMP702_BeyondAF/code/COMP390_code/openfold/openfold/utils/script_utils.py:Loaded OpenFold parameters at /users/sgsrehm1/COMP702_BeyondAF/code/COMP390_code/checkpoints/run_subset_gpu32_h100_ep33/csv_logs/version_0/checkpoints/32-330000.ckpt...
INFO:/users/sgsrehm1/COMP702_BeyondAF/code/COMP390_code/openfold/run_pretrained_openfold.py:Using precomputed alignments for 2olo_A at /users/sgsrehm1/scratch/openfold_inference/alignments_cf...
INFO:/users/sgsrehm1/COMP702_BeyondAF/code/COMP390_code/openfold/openfold/utils/script_utils.py:Running inference for 2olo_A...
INFO:/users/sgsrehm1/COMP702_BeyondAF/code/COMP390_code/openfold/openfold/utils/script_utils.py:Inference time: 13.401313896290958
/users/sgsrehm1/COMP702_BeyondAF/code/COMP390_code/openfold/run_pretrained_openfold.py:351: DeprecationWarning: __array__ implementation doesn't accept a copy keyword, so passing copy=False failed. __array__ must implement 'dtype' and 'copy' keyword arguments. To learn more, see the migration guide https://numpy.org/devdocs/numpy_2_0_migration_guide.html#adapting-to-changes-in-the-copy-keyword
  lambda x: np.array(x[..., -1].cpu()),
/users/sgsrehm1/COMP702_BeyondAF/code/COMP390_code/openfold/run_pretrained_openfold.py:354: DeprecationWarning: __array__ implementation doesn't accept a copy keyword, so passing copy=False failed. __array__ must implement 'dtype' and 'copy' keyword arguments. To learn more, see the migration guide https://numpy.org/devdocs/numpy_2_0_migration_guide.html#adapting-to-changes-in-the-copy-keyword
  out = tensor_tree_map(lambda x: np.array(x.cpu()), out)
INFO:/users/sgsrehm1/COMP702_BeyondAF/code/COMP390_code/openfold/run_pretrained_openfold.py:Output written to /users/sgsrehm1/COMP702_BeyondAF/code/COMP390_code/Result/2olo_minhao_relaxed_100_20260716_113129/repeat_38/predictions/2olo_A_model_1_unrelaxed.pdb...
INFO:/users/sgsrehm1/COMP702_BeyondAF/code/COMP390_code/openfold/run_pretrained_openfold.py:Running relaxation on /users/sgsrehm1/COMP702_BeyondAF/code/COMP390_code/Result/2olo_minhao_relaxed_100_20260716_113129/repeat_38/predictions/2olo_A_model_1_unrelaxed.pdb...
INFO:/users/sgsrehm1/COMP702_BeyondAF/code/COMP390_code/openfold/openfold/utils/script_utils.py:Relaxation time: 84.91898944042623
INFO:/users/sgsrehm1/COMP702_BeyondAF/code/COMP390_code/openfold/openfold/utils/script_utils.py:Relaxed output written to /users/sgsrehm1/COMP702_BeyondAF/code/COMP390_code/Result/2olo_minhao_relaxed_100_20260716_113129/repeat_38/predictions/2olo_A_model_1_relaxed.pdb...
/users/sgsrehm1/COMP702_BeyondAF/code/COMP390_code/openfold/openfold/utils/script_utils.py:131: FutureWarning: You are using `torch.load` with `weights_only=False` (the current default value), which uses the default pickle module implicitly. It is possible to construct malicious pickle data which will execute arbitrary code during unpickling (See https://github.com/pytorch/pytorch/blob/main/SECURITY.md#untrusted-models for more details). In a future release, the default value for `weights_only` will be flipped to `True`. This limits the functions that could be executed during unpickling. Arbitrary objects will no longer be allowed to be loaded via this mode unless they are explicitly allowlisted by the user via `torch.serialization.add_safe_globals`. We recommend you start setting `weights_only=True` for any use case where you don't have full control of the loaded file. Please open an issue on GitHub for any issues related to this experimental feature.
  d = torch.load(ckpt_path)
INFO:/users/sgsrehm1/COMP702_BeyondAF/code/COMP390_code/openfold/openfold/utils/script_utils.py:Loaded OpenFold parameters at /users/sgsrehm1/COMP702_BeyondAF/code/COMP390_code/checkpoints/run_subset_gpu32_h100_ep33/csv_logs/version_0/checkpoints/32-330000.ckpt...
INFO:/users/sgsrehm1/COMP702_BeyondAF/code/COMP390_code/openfold/run_pretrained_openfold.py:Using precomputed alignments for 2olo_A at /users/sgsrehm1/scratch/openfold_inference/alignments_cf...
INFO:/users/sgsrehm1/COMP702_BeyondAF/code/COMP390_code/openfold/openfold/utils/script_utils.py:Running inference for 2olo_A...
INFO:/users/sgsrehm1/COMP702_BeyondAF/code/COMP390_code/openfold/openfold/utils/script_utils.py:Inference time: 13.402098412625492
/users/sgsrehm1/COMP702_BeyondAF/code/COMP390_code/openfold/run_pretrained_openfold.py:351: DeprecationWarning: __array__ implementation doesn't accept a copy keyword, so passing copy=False failed. __array__ must implement 'dtype' and 'copy' keyword arguments. To learn more, see the migration guide https://numpy.org/devdocs/numpy_2_0_migration_guide.html#adapting-to-changes-in-the-copy-keyword
  lambda x: np.array(x[..., -1].cpu()),
/users/sgsrehm1/COMP702_BeyondAF/code/COMP390_code/openfold/run_pretrained_openfold.py:354: DeprecationWarning: __array__ implementation doesn't accept a copy keyword, so passing copy=False failed. __array__ must implement 'dtype' and 'copy' keyword arguments. To learn more, see the migration guide https://numpy.org/devdocs/numpy_2_0_migration_guide.html#adapting-to-changes-in-the-copy-keyword
  out = tensor_tree_map(lambda x: np.array(x.cpu()), out)
INFO:/users/sgsrehm1/COMP702_BeyondAF/code/COMP390_code/openfold/run_pretrained_openfold.py:Output written to /users/sgsrehm1/COMP702_BeyondAF/code/COMP390_code/Result/2olo_minhao_relaxed_100_20260716_113129/repeat_39/predictions/2olo_A_model_1_unrelaxed.pdb...
INFO:/users/sgsrehm1/COMP702_BeyondAF/code/COMP390_code/openfold/run_pretrained_openfold.py:Running relaxation on /users/sgsrehm1/COMP702_BeyondAF/code/COMP390_code/Result/2olo_minhao_relaxed_100_20260716_113129/repeat_39/predictions/2olo_A_model_1_unrelaxed.pdb...
INFO:/users/sgsrehm1/COMP702_BeyondAF/code/COMP390_code/openfold/openfold/utils/script_utils.py:Relaxation time: 77.91304816771299
INFO:/users/sgsrehm1/COMP702_BeyondAF/code/COMP390_code/openfold/openfold/utils/script_utils.py:Relaxed output written to /users/sgsrehm1/COMP702_BeyondAF/code/COMP390_code/Result/2olo_minhao_relaxed_100_20260716_113129/repeat_39/predictions/2olo_A_model_1_relaxed.pdb...
/users/sgsrehm1/COMP702_BeyondAF/code/COMP390_code/openfold/openfold/utils/script_utils.py:131: FutureWarning: You are using `torch.load` with `weights_only=False` (the current default value), which uses the default pickle module implicitly. It is possible to construct malicious pickle data which will execute arbitrary code during unpickling (See https://github.com/pytorch/pytorch/blob/main/SECURITY.md#untrusted-models for more details). In a future release, the default value for `weights_only` will be flipped to `True`. This limits the functions that could be executed during unpickling. Arbitrary objects will no longer be allowed to be loaded via this mode unless they are explicitly allowlisted by the user via `torch.serialization.add_safe_globals`. We recommend you start setting `weights_only=True` for any use case where you don't have full control of the loaded file. Please open an issue on GitHub for any issues related to this experimental feature.
  d = torch.load(ckpt_path)
INFO:/users/sgsrehm1/COMP702_BeyondAF/code/COMP390_code/openfold/openfold/utils/script_utils.py:Loaded OpenFold parameters at /users/sgsrehm1/COMP702_BeyondAF/code/COMP390_code/checkpoints/run_subset_gpu32_h100_ep33/csv_logs/version_0/checkpoints/32-330000.ckpt...
INFO:/users/sgsrehm1/COMP702_BeyondAF/code/COMP390_code/openfold/run_pretrained_openfold.py:Using precomputed alignments for 2olo_A at /users/sgsrehm1/scratch/openfold_inference/alignments_cf...
INFO:/users/sgsrehm1/COMP702_BeyondAF/code/COMP390_code/openfold/openfold/utils/script_utils.py:Running inference for 2olo_A...
INFO:/users/sgsrehm1/COMP702_BeyondAF/code/COMP390_code/openfold/openfold/utils/script_utils.py:Inference time: 13.412613272666931
/users/sgsrehm1/COMP702_BeyondAF/code/COMP390_code/openfold/run_pretrained_openfold.py:351: DeprecationWarning: __array__ implementation doesn't accept a copy keyword, so passing copy=False failed. __array__ must implement 'dtype' and 'copy' keyword arguments. To learn more, see the migration guide https://numpy.org/devdocs/numpy_2_0_migration_guide.html#adapting-to-changes-in-the-copy-keyword
  lambda x: np.array(x[..., -1].cpu()),
/users/sgsrehm1/COMP702_BeyondAF/code/COMP390_code/openfold/run_pretrained_openfold.py:354: DeprecationWarning: __array__ implementation doesn't accept a copy keyword, so passing copy=False failed. __array__ must implement 'dtype' and 'copy' keyword arguments. To learn more, see the migration guide https://numpy.org/devdocs/numpy_2_0_migration_guide.html#adapting-to-changes-in-the-copy-keyword
  out = tensor_tree_map(lambda x: np.array(x.cpu()), out)
INFO:/users/sgsrehm1/COMP702_BeyondAF/code/COMP390_code/openfold/run_pretrained_openfold.py:Output written to /users/sgsrehm1/COMP702_BeyondAF/code/COMP390_code/Result/2olo_minhao_relaxed_100_20260716_113129/repeat_40/predictions/2olo_A_model_1_unrelaxed.pdb...
INFO:/users/sgsrehm1/COMP702_BeyondAF/code/COMP390_code/openfold/run_pretrained_openfold.py:Running relaxation on /users/sgsrehm1/COMP702_BeyondAF/code/COMP390_code/Result/2olo_minhao_relaxed_100_20260716_113129/repeat_40/predictions/2olo_A_model_1_unrelaxed.pdb...
INFO:/users/sgsrehm1/COMP702_BeyondAF/code/COMP390_code/openfold/openfold/utils/script_utils.py:Relaxation time: 83.86708836071193
INFO:/users/sgsrehm1/COMP702_BeyondAF/code/COMP390_code/openfold/openfold/utils/script_utils.py:Relaxed output written to /users/sgsrehm1/COMP702_BeyondAF/code/COMP390_code/Result/2olo_minhao_relaxed_100_20260716_113129/repeat_40/predictions/2olo_A_model_1_relaxed.pdb...
/users/sgsrehm1/COMP702_BeyondAF/code/COMP390_code/openfold/openfold/utils/script_utils.py:131: FutureWarning: You are using `torch.load` with `weights_only=False` (the current default value), which uses the default pickle module implicitly. It is possible to construct malicious pickle data which will execute arbitrary code during unpickling (See https://github.com/pytorch/pytorch/blob/main/SECURITY.md#untrusted-models for more details). In a future release, the default value for `weights_only` will be flipped to `True`. This limits the functions that could be executed during unpickling. Arbitrary objects will no longer be allowed to be loaded via this mode unless they are explicitly allowlisted by the user via `torch.serialization.add_safe_globals`. We recommend you start setting `weights_only=True` for any use case where you don't have full control of the loaded file. Please open an issue on GitHub for any issues related to this experimental feature.
  d = torch.load(ckpt_path)
INFO:/users/sgsrehm1/COMP702_BeyondAF/code/COMP390_code/openfold/openfold/utils/script_utils.py:Loaded OpenFold parameters at /users/sgsrehm1/COMP702_BeyondAF/code/COMP390_code/checkpoints/run_subset_gpu32_h100_ep33/csv_logs/version_0/checkpoints/32-330000.ckpt...
INFO:/users/sgsrehm1/COMP702_BeyondAF/code/COMP390_code/openfold/run_pretrained_openfold.py:Using precomputed alignments for 2olo_A at /users/sgsrehm1/scratch/openfold_inference/alignments_cf...
INFO:/users/sgsrehm1/COMP702_BeyondAF/code/COMP390_code/openfold/openfold/utils/script_utils.py:Running inference for 2olo_A...
INFO:/users/sgsrehm1/COMP702_BeyondAF/code/COMP390_code/openfold/openfold/utils/script_utils.py:Inference time: 13.405032685957849
/users/sgsrehm1/COMP702_BeyondAF/code/COMP390_code/openfold/run_pretrained_openfold.py:351: DeprecationWarning: __array__ implementation doesn't accept a copy keyword, so passing copy=False failed. __array__ must implement 'dtype' and 'copy' keyword arguments. To learn more, see the migration guide https://numpy.org/devdocs/numpy_2_0_migration_guide.html#adapting-to-changes-in-the-copy-keyword
  lambda x: np.array(x[..., -1].cpu()),
/users/sgsrehm1/COMP702_BeyondAF/code/COMP390_code/openfold/run_pretrained_openfold.py:354: DeprecationWarning: __array__ implementation doesn't accept a copy keyword, so passing copy=False failed. __array__ must implement 'dtype' and 'copy' keyword arguments. To learn more, see the migration guide https://numpy.org/devdocs/numpy_2_0_migration_guide.html#adapting-to-changes-in-the-copy-keyword
  out = tensor_tree_map(lambda x: np.array(x.cpu()), out)
INFO:/users/sgsrehm1/COMP702_BeyondAF/code/COMP390_code/openfold/run_pretrained_openfold.py:Output written to /users/sgsrehm1/COMP702_BeyondAF/code/COMP390_code/Result/2olo_minhao_relaxed_100_20260716_113129/repeat_41/predictions/2olo_A_model_1_unrelaxed.pdb...
INFO:/users/sgsrehm1/COMP702_BeyondAF/code/COMP390_code/openfold/run_pretrained_openfold.py:Running relaxation on /users/sgsrehm1/COMP702_BeyondAF/code/COMP390_code/Result/2olo_minhao_relaxed_100_20260716_113129/repeat_41/predictions/2olo_A_model_1_unrelaxed.pdb...
INFO:/users/sgsrehm1/COMP702_BeyondAF/code/COMP390_code/openfold/openfold/utils/script_utils.py:Relaxation time: 81.25571621395648
INFO:/users/sgsrehm1/COMP702_BeyondAF/code/COMP390_code/openfold/openfold/utils/script_utils.py:Relaxed output written to /users/sgsrehm1/COMP702_BeyondAF/code/COMP390_code/Result/2olo_minhao_relaxed_100_20260716_113129/repeat_41/predictions/2olo_A_model_1_relaxed.pdb...
/users/sgsrehm1/COMP702_BeyondAF/code/COMP390_code/openfold/openfold/utils/script_utils.py:131: FutureWarning: You are using `torch.load` with `weights_only=False` (the current default value), which uses the default pickle module implicitly. It is possible to construct malicious pickle data which will execute arbitrary code during unpickling (See https://github.com/pytorch/pytorch/blob/main/SECURITY.md#untrusted-models for more details). In a future release, the default value for `weights_only` will be flipped to `True`. This limits the functions that could be executed during unpickling. Arbitrary objects will no longer be allowed to be loaded via this mode unless they are explicitly allowlisted by the user via `torch.serialization.add_safe_globals`. We recommend you start setting `weights_only=True` for any use case where you don't have full control of the loaded file. Please open an issue on GitHub for any issues related to this experimental feature.
  d = torch.load(ckpt_path)
INFO:/users/sgsrehm1/COMP702_BeyondAF/code/COMP390_code/openfold/openfold/utils/script_utils.py:Loaded OpenFold parameters at /users/sgsrehm1/COMP702_BeyondAF/code/COMP390_code/checkpoints/run_subset_gpu32_h100_ep33/csv_logs/version_0/checkpoints/32-330000.ckpt...
INFO:/users/sgsrehm1/COMP702_BeyondAF/code/COMP390_code/openfold/run_pretrained_openfold.py:Using precomputed alignments for 2olo_A at /users/sgsrehm1/scratch/openfold_inference/alignments_cf...
INFO:/users/sgsrehm1/COMP702_BeyondAF/code/COMP390_code/openfold/openfold/utils/script_utils.py:Running inference for 2olo_A...
INFO:/users/sgsrehm1/COMP702_BeyondAF/code/COMP390_code/openfold/openfold/utils/script_utils.py:Inference time: 13.388831563293934
/users/sgsrehm1/COMP702_BeyondAF/code/COMP390_code/openfold/run_pretrained_openfold.py:351: DeprecationWarning: __array__ implementation doesn't accept a copy keyword, so passing copy=False failed. __array__ must implement 'dtype' and 'copy' keyword arguments. To learn more, see the migration guide https://numpy.org/devdocs/numpy_2_0_migration_guide.html#adapting-to-changes-in-the-copy-keyword
  lambda x: np.array(x[..., -1].cpu()),
/users/sgsrehm1/COMP702_BeyondAF/code/COMP390_code/openfold/run_pretrained_openfold.py:354: DeprecationWarning: __array__ implementation doesn't accept a copy keyword, so passing copy=False failed. __array__ must implement 'dtype' and 'copy' keyword arguments. To learn more, see the migration guide https://numpy.org/devdocs/numpy_2_0_migration_guide.html#adapting-to-changes-in-the-copy-keyword
  out = tensor_tree_map(lambda x: np.array(x.cpu()), out)
INFO:/users/sgsrehm1/COMP702_BeyondAF/code/COMP390_code/openfold/run_pretrained_openfold.py:Output written to /users/sgsrehm1/COMP702_BeyondAF/code/COMP390_code/Result/2olo_minhao_relaxed_100_20260716_113129/repeat_42/predictions/2olo_A_model_1_unrelaxed.pdb...
INFO:/users/sgsrehm1/COMP702_BeyondAF/code/COMP390_code/openfold/run_pretrained_openfold.py:Running relaxation on /users/sgsrehm1/COMP702_BeyondAF/code/COMP390_code/Result/2olo_minhao_relaxed_100_20260716_113129/repeat_42/predictions/2olo_A_model_1_unrelaxed.pdb...
INFO:/users/sgsrehm1/COMP702_BeyondAF/code/COMP390_code/openfold/openfold/utils/script_utils.py:Relaxation time: 78.58034431841224
INFO:/users/sgsrehm1/COMP702_BeyondAF/code/COMP390_code/openfold/openfold/utils/script_utils.py:Relaxed output written to /users/sgsrehm1/COMP702_BeyondAF/code/COMP390_code/Result/2olo_minhao_relaxed_100_20260716_113129/repeat_42/predictions/2olo_A_model_1_relaxed.pdb...
/users/sgsrehm1/COMP702_BeyondAF/code/COMP390_code/openfold/openfold/utils/script_utils.py:131: FutureWarning: You are using `torch.load` with `weights_only=False` (the current default value), which uses the default pickle module implicitly. It is possible to construct malicious pickle data which will execute arbitrary code during unpickling (See https://github.com/pytorch/pytorch/blob/main/SECURITY.md#untrusted-models for more details). In a future release, the default value for `weights_only` will be flipped to `True`. This limits the functions that could be executed during unpickling. Arbitrary objects will no longer be allowed to be loaded via this mode unless they are explicitly allowlisted by the user via `torch.serialization.add_safe_globals`. We recommend you start setting `weights_only=True` for any use case where you don't have full control of the loaded file. Please open an issue on GitHub for any issues related to this experimental feature.
  d = torch.load(ckpt_path)
INFO:/users/sgsrehm1/COMP702_BeyondAF/code/COMP390_code/openfold/openfold/utils/script_utils.py:Loaded OpenFold parameters at /users/sgsrehm1/COMP702_BeyondAF/code/COMP390_code/checkpoints/run_subset_gpu32_h100_ep33/csv_logs/version_0/checkpoints/32-330000.ckpt...
INFO:/users/sgsrehm1/COMP702_BeyondAF/code/COMP390_code/openfold/run_pretrained_openfold.py:Using precomputed alignments for 2olo_A at /users/sgsrehm1/scratch/openfold_inference/alignments_cf...
INFO:/users/sgsrehm1/COMP702_BeyondAF/code/COMP390_code/openfold/openfold/utils/script_utils.py:Running inference for 2olo_A...
INFO:/users/sgsrehm1/COMP702_BeyondAF/code/COMP390_code/openfold/openfold/utils/script_utils.py:Inference time: 13.392368239350617
/users/sgsrehm1/COMP702_BeyondAF/code/COMP390_code/openfold/run_pretrained_openfold.py:351: DeprecationWarning: __array__ implementation doesn't accept a copy keyword, so passing copy=False failed. __array__ must implement 'dtype' and 'copy' keyword arguments. To learn more, see the migration guide https://numpy.org/devdocs/numpy_2_0_migration_guide.html#adapting-to-changes-in-the-copy-keyword
  lambda x: np.array(x[..., -1].cpu()),
/users/sgsrehm1/COMP702_BeyondAF/code/COMP390_code/openfold/run_pretrained_openfold.py:354: DeprecationWarning: __array__ implementation doesn't accept a copy keyword, so passing copy=False failed. __array__ must implement 'dtype' and 'copy' keyword arguments. To learn more, see the migration guide https://numpy.org/devdocs/numpy_2_0_migration_guide.html#adapting-to-changes-in-the-copy-keyword
  out = tensor_tree_map(lambda x: np.array(x.cpu()), out)
INFO:/users/sgsrehm1/COMP702_BeyondAF/code/COMP390_code/openfold/run_pretrained_openfold.py:Output written to /users/sgsrehm1/COMP702_BeyondAF/code/COMP390_code/Result/2olo_minhao_relaxed_100_20260716_113129/repeat_43/predictions/2olo_A_model_1_unrelaxed.pdb...
INFO:/users/sgsrehm1/COMP702_BeyondAF/code/COMP390_code/openfold/run_pretrained_openfold.py:Running relaxation on /users/sgsrehm1/COMP702_BeyondAF/code/COMP390_code/Result/2olo_minhao_relaxed_100_20260716_113129/repeat_43/predictions/2olo_A_model_1_unrelaxed.pdb...
INFO:/users/sgsrehm1/COMP702_BeyondAF/code/COMP390_code/openfold/openfold/utils/script_utils.py:Relaxation time: 85.44333489518613
INFO:/users/sgsrehm1/COMP702_BeyondAF/code/COMP390_code/openfold/openfold/utils/script_utils.py:Relaxed output written to /users/sgsrehm1/COMP702_BeyondAF/code/COMP390_code/Result/2olo_minhao_relaxed_100_20260716_113129/repeat_43/predictions/2olo_A_model_1_relaxed.pdb...
/users/sgsrehm1/COMP702_BeyondAF/code/COMP390_code/openfold/openfold/utils/script_utils.py:131: FutureWarning: You are using `torch.load` with `weights_only=False` (the current default value), which uses the default pickle module implicitly. It is possible to construct malicious pickle data which will execute arbitrary code during unpickling (See https://github.com/pytorch/pytorch/blob/main/SECURITY.md#untrusted-models for more details). In a future release, the default value for `weights_only` will be flipped to `True`. This limits the functions that could be executed during unpickling. Arbitrary objects will no longer be allowed to be loaded via this mode unless they are explicitly allowlisted by the user via `torch.serialization.add_safe_globals`. We recommend you start setting `weights_only=True` for any use case where you don't have full control of the loaded file. Please open an issue on GitHub for any issues related to this experimental feature.
  d = torch.load(ckpt_path)
INFO:/users/sgsrehm1/COMP702_BeyondAF/code/COMP390_code/openfold/openfold/utils/script_utils.py:Loaded OpenFold parameters at /users/sgsrehm1/COMP702_BeyondAF/code/COMP390_code/checkpoints/run_subset_gpu32_h100_ep33/csv_logs/version_0/checkpoints/32-330000.ckpt...
INFO:/users/sgsrehm1/COMP702_BeyondAF/code/COMP390_code/openfold/run_pretrained_openfold.py:Using precomputed alignments for 2olo_A at /users/sgsrehm1/scratch/openfold_inference/alignments_cf...
INFO:/users/sgsrehm1/COMP702_BeyondAF/code/COMP390_code/openfold/openfold/utils/script_utils.py:Running inference for 2olo_A...
INFO:/users/sgsrehm1/COMP702_BeyondAF/code/COMP390_code/openfold/openfold/utils/script_utils.py:Inference time: 13.42641585599631
/users/sgsrehm1/COMP702_BeyondAF/code/COMP390_code/openfold/run_pretrained_openfold.py:351: DeprecationWarning: __array__ implementation doesn't accept a copy keyword, so passing copy=False failed. __array__ must implement 'dtype' and 'copy' keyword arguments. To learn more, see the migration guide https://numpy.org/devdocs/numpy_2_0_migration_guide.html#adapting-to-changes-in-the-copy-keyword
  lambda x: np.array(x[..., -1].cpu()),
/users/sgsrehm1/COMP702_BeyondAF/code/COMP390_code/openfold/run_pretrained_openfold.py:354: DeprecationWarning: __array__ implementation doesn't accept a copy keyword, so passing copy=False failed. __array__ must implement 'dtype' and 'copy' keyword arguments. To learn more, see the migration guide https://numpy.org/devdocs/numpy_2_0_migration_guide.html#adapting-to-changes-in-the-copy-keyword
  out = tensor_tree_map(lambda x: np.array(x.cpu()), out)
INFO:/users/sgsrehm1/COMP702_BeyondAF/code/COMP390_code/openfold/run_pretrained_openfold.py:Output written to /users/sgsrehm1/COMP702_BeyondAF/code/COMP390_code/Result/2olo_minhao_relaxed_100_20260716_113129/repeat_44/predictions/2olo_A_model_1_unrelaxed.pdb...
INFO:/users/sgsrehm1/COMP702_BeyondAF/code/COMP390_code/openfold/run_pretrained_openfold.py:Running relaxation on /users/sgsrehm1/COMP702_BeyondAF/code/COMP390_code/Result/2olo_minhao_relaxed_100_20260716_113129/repeat_44/predictions/2olo_A_model_1_unrelaxed.pdb...
INFO:/users/sgsrehm1/COMP702_BeyondAF/code/COMP390_code/openfold/openfold/utils/script_utils.py:Relaxation time: 79.4823339721188
INFO:/users/sgsrehm1/COMP702_BeyondAF/code/COMP390_code/openfold/openfold/utils/script_utils.py:Relaxed output written to /users/sgsrehm1/COMP702_BeyondAF/code/COMP390_code/Result/2olo_minhao_relaxed_100_20260716_113129/repeat_44/predictions/2olo_A_model_1_relaxed.pdb...
/users/sgsrehm1/COMP702_BeyondAF/code/COMP390_code/openfold/openfold/utils/script_utils.py:131: FutureWarning: You are using `torch.load` with `weights_only=False` (the current default value), which uses the default pickle module implicitly. It is possible to construct malicious pickle data which will execute arbitrary code during unpickling (See https://github.com/pytorch/pytorch/blob/main/SECURITY.md#untrusted-models for more details). In a future release, the default value for `weights_only` will be flipped to `True`. This limits the functions that could be executed during unpickling. Arbitrary objects will no longer be allowed to be loaded via this mode unless they are explicitly allowlisted by the user via `torch.serialization.add_safe_globals`. We recommend you start setting `weights_only=True` for any use case where you don't have full control of the loaded file. Please open an issue on GitHub for any issues related to this experimental feature.
  d = torch.load(ckpt_path)
INFO:/users/sgsrehm1/COMP702_BeyondAF/code/COMP390_code/openfold/openfold/utils/script_utils.py:Loaded OpenFold parameters at /users/sgsrehm1/COMP702_BeyondAF/code/COMP390_code/checkpoints/run_subset_gpu32_h100_ep33/csv_logs/version_0/checkpoints/32-330000.ckpt...
INFO:/users/sgsrehm1/COMP702_BeyondAF/code/COMP390_code/openfold/run_pretrained_openfold.py:Using precomputed alignments for 2olo_A at /users/sgsrehm1/scratch/openfold_inference/alignments_cf...
INFO:/users/sgsrehm1/COMP702_BeyondAF/code/COMP390_code/openfold/openfold/utils/script_utils.py:Running inference for 2olo_A...
INFO:/users/sgsrehm1/COMP702_BeyondAF/code/COMP390_code/openfold/openfold/utils/script_utils.py:Inference time: 13.391402562148869
/users/sgsrehm1/COMP702_BeyondAF/code/COMP390_code/openfold/run_pretrained_openfold.py:351: DeprecationWarning: __array__ implementation doesn't accept a copy keyword, so passing copy=False failed. __array__ must implement 'dtype' and 'copy' keyword arguments. To learn more, see the migration guide https://numpy.org/devdocs/numpy_2_0_migration_guide.html#adapting-to-changes-in-the-copy-keyword
  lambda x: np.array(x[..., -1].cpu()),
/users/sgsrehm1/COMP702_BeyondAF/code/COMP390_code/openfold/run_pretrained_openfold.py:354: DeprecationWarning: __array__ implementation doesn't accept a copy keyword, so passing copy=False failed. __array__ must implement 'dtype' and 'copy' keyword arguments. To learn more, see the migration guide https://numpy.org/devdocs/numpy_2_0_migration_guide.html#adapting-to-changes-in-the-copy-keyword
  out = tensor_tree_map(lambda x: np.array(x.cpu()), out)
INFO:/users/sgsrehm1/COMP702_BeyondAF/code/COMP390_code/openfold/run_pretrained_openfold.py:Output written to /users/sgsrehm1/COMP702_BeyondAF/code/COMP390_code/Result/2olo_minhao_relaxed_100_20260716_113129/repeat_45/predictions/2olo_A_model_1_unrelaxed.pdb...
INFO:/users/sgsrehm1/COMP702_BeyondAF/code/COMP390_code/openfold/run_pretrained_openfold.py:Running relaxation on /users/sgsrehm1/COMP702_BeyondAF/code/COMP390_code/Result/2olo_minhao_relaxed_100_20260716_113129/repeat_45/predictions/2olo_A_model_1_unrelaxed.pdb...
INFO:/users/sgsrehm1/COMP702_BeyondAF/code/COMP390_code/openfold/openfold/utils/script_utils.py:Relaxation time: 79.5410983255133
INFO:/users/sgsrehm1/COMP702_BeyondAF/code/COMP390_code/openfold/openfold/utils/script_utils.py:Relaxed output written to /users/sgsrehm1/COMP702_BeyondAF/code/COMP390_code/Result/2olo_minhao_relaxed_100_20260716_113129/repeat_45/predictions/2olo_A_model_1_relaxed.pdb...
/users/sgsrehm1/COMP702_BeyondAF/code/COMP390_code/openfold/openfold/utils/script_utils.py:131: FutureWarning: You are using `torch.load` with `weights_only=False` (the current default value), which uses the default pickle module implicitly. It is possible to construct malicious pickle data which will execute arbitrary code during unpickling (See https://github.com/pytorch/pytorch/blob/main/SECURITY.md#untrusted-models for more details). In a future release, the default value for `weights_only` will be flipped to `True`. This limits the functions that could be executed during unpickling. Arbitrary objects will no longer be allowed to be loaded via this mode unless they are explicitly allowlisted by the user via `torch.serialization.add_safe_globals`. We recommend you start setting `weights_only=True` for any use case where you don't have full control of the loaded file. Please open an issue on GitHub for any issues related to this experimental feature.
  d = torch.load(ckpt_path)
INFO:/users/sgsrehm1/COMP702_BeyondAF/code/COMP390_code/openfold/openfold/utils/script_utils.py:Loaded OpenFold parameters at /users/sgsrehm1/COMP702_BeyondAF/code/COMP390_code/checkpoints/run_subset_gpu32_h100_ep33/csv_logs/version_0/checkpoints/32-330000.ckpt...
INFO:/users/sgsrehm1/COMP702_BeyondAF/code/COMP390_code/openfold/run_pretrained_openfold.py:Using precomputed alignments for 2olo_A at /users/sgsrehm1/scratch/openfold_inference/alignments_cf...
INFO:/users/sgsrehm1/COMP702_BeyondAF/code/COMP390_code/openfold/openfold/utils/script_utils.py:Running inference for 2olo_A...
INFO:/users/sgsrehm1/COMP702_BeyondAF/code/COMP390_code/openfold/openfold/utils/script_utils.py:Inference time: 13.392684291116893
/users/sgsrehm1/COMP702_BeyondAF/code/COMP390_code/openfold/run_pretrained_openfold.py:351: DeprecationWarning: __array__ implementation doesn't accept a copy keyword, so passing copy=False failed. __array__ must implement 'dtype' and 'copy' keyword arguments. To learn more, see the migration guide https://numpy.org/devdocs/numpy_2_0_migration_guide.html#adapting-to-changes-in-the-copy-keyword
  lambda x: np.array(x[..., -1].cpu()),
/users/sgsrehm1/COMP702_BeyondAF/code/COMP390_code/openfold/run_pretrained_openfold.py:354: DeprecationWarning: __array__ implementation doesn't accept a copy keyword, so passing copy=False failed. __array__ must implement 'dtype' and 'copy' keyword arguments. To learn more, see the migration guide https://numpy.org/devdocs/numpy_2_0_migration_guide.html#adapting-to-changes-in-the-copy-keyword
  out = tensor_tree_map(lambda x: np.array(x.cpu()), out)
INFO:/users/sgsrehm1/COMP702_BeyondAF/code/COMP390_code/openfold/run_pretrained_openfold.py:Output written to /users/sgsrehm1/COMP702_BeyondAF/code/COMP390_code/Result/2olo_minhao_relaxed_100_20260716_113129/repeat_46/predictions/2olo_A_model_1_unrelaxed.pdb...
INFO:/users/sgsrehm1/COMP702_BeyondAF/code/COMP390_code/openfold/run_pretrained_openfold.py:Running relaxation on /users/sgsrehm1/COMP702_BeyondAF/code/COMP390_code/Result/2olo_minhao_relaxed_100_20260716_113129/repeat_46/predictions/2olo_A_model_1_unrelaxed.pdb...
INFO:/users/sgsrehm1/COMP702_BeyondAF/code/COMP390_code/openfold/openfold/utils/script_utils.py:Relaxation time: 83.59836372546852
INFO:/users/sgsrehm1/COMP702_BeyondAF/code/COMP390_code/openfold/openfold/utils/script_utils.py:Relaxed output written to /users/sgsrehm1/COMP702_BeyondAF/code/COMP390_code/Result/2olo_minhao_relaxed_100_20260716_113129/repeat_46/predictions/2olo_A_model_1_relaxed.pdb...
/users/sgsrehm1/COMP702_BeyondAF/code/COMP390_code/openfold/openfold/utils/script_utils.py:131: FutureWarning: You are using `torch.load` with `weights_only=False` (the current default value), which uses the default pickle module implicitly. It is possible to construct malicious pickle data which will execute arbitrary code during unpickling (See https://github.com/pytorch/pytorch/blob/main/SECURITY.md#untrusted-models for more details). In a future release, the default value for `weights_only` will be flipped to `True`. This limits the functions that could be executed during unpickling. Arbitrary objects will no longer be allowed to be loaded via this mode unless they are explicitly allowlisted by the user via `torch.serialization.add_safe_globals`. We recommend you start setting `weights_only=True` for any use case where you don't have full control of the loaded file. Please open an issue on GitHub for any issues related to this experimental feature.
  d = torch.load(ckpt_path)
INFO:/users/sgsrehm1/COMP702_BeyondAF/code/COMP390_code/openfold/openfold/utils/script_utils.py:Loaded OpenFold parameters at /users/sgsrehm1/COMP702_BeyondAF/code/COMP390_code/checkpoints/run_subset_gpu32_h100_ep33/csv_logs/version_0/checkpoints/32-330000.ckpt...
INFO:/users/sgsrehm1/COMP702_BeyondAF/code/COMP390_code/openfold/run_pretrained_openfold.py:Using precomputed alignments for 2olo_A at /users/sgsrehm1/scratch/openfold_inference/alignments_cf...
INFO:/users/sgsrehm1/COMP702_BeyondAF/code/COMP390_code/openfold/openfold/utils/script_utils.py:Running inference for 2olo_A...
INFO:/users/sgsrehm1/COMP702_BeyondAF/code/COMP390_code/openfold/openfold/utils/script_utils.py:Inference time: 13.415153852663934
/users/sgsrehm1/COMP702_BeyondAF/code/COMP390_code/openfold/run_pretrained_openfold.py:351: DeprecationWarning: __array__ implementation doesn't accept a copy keyword, so passing copy=False failed. __array__ must implement 'dtype' and 'copy' keyword arguments. To learn more, see the migration guide https://numpy.org/devdocs/numpy_2_0_migration_guide.html#adapting-to-changes-in-the-copy-keyword
  lambda x: np.array(x[..., -1].cpu()),
/users/sgsrehm1/COMP702_BeyondAF/code/COMP390_code/openfold/run_pretrained_openfold.py:354: DeprecationWarning: __array__ implementation doesn't accept a copy keyword, so passing copy=False failed. __array__ must implement 'dtype' and 'copy' keyword arguments. To learn more, see the migration guide https://numpy.org/devdocs/numpy_2_0_migration_guide.html#adapting-to-changes-in-the-copy-keyword
  out = tensor_tree_map(lambda x: np.array(x.cpu()), out)
INFO:/users/sgsrehm1/COMP702_BeyondAF/code/COMP390_code/openfold/run_pretrained_openfold.py:Output written to /users/sgsrehm1/COMP702_BeyondAF/code/COMP390_code/Result/2olo_minhao_relaxed_100_20260716_113129/repeat_47/predictions/2olo_A_model_1_unrelaxed.pdb...
INFO:/users/sgsrehm1/COMP702_BeyondAF/code/COMP390_code/openfold/run_pretrained_openfold.py:Running relaxation on /users/sgsrehm1/COMP702_BeyondAF/code/COMP390_code/Result/2olo_minhao_relaxed_100_20260716_113129/repeat_47/predictions/2olo_A_model_1_unrelaxed.pdb...
INFO:/users/sgsrehm1/COMP702_BeyondAF/code/COMP390_code/openfold/openfold/utils/script_utils.py:Relaxation time: 10.064632926136255
INFO:/users/sgsrehm1/COMP702_BeyondAF/code/COMP390_code/openfold/openfold/utils/script_utils.py:Relaxed output written to /users/sgsrehm1/COMP702_BeyondAF/code/COMP390_code/Result/2olo_minhao_relaxed_100_20260716_113129/repeat_47/predictions/2olo_A_model_1_relaxed.pdb...
/users/sgsrehm1/COMP702_BeyondAF/code/COMP390_code/openfold/openfold/utils/script_utils.py:131: FutureWarning: You are using `torch.load` with `weights_only=False` (the current default value), which uses the default pickle module implicitly. It is possible to construct malicious pickle data which will execute arbitrary code during unpickling (See https://github.com/pytorch/pytorch/blob/main/SECURITY.md#untrusted-models for more details). In a future release, the default value for `weights_only` will be flipped to `True`. This limits the functions that could be executed during unpickling. Arbitrary objects will no longer be allowed to be loaded via this mode unless they are explicitly allowlisted by the user via `torch.serialization.add_safe_globals`. We recommend you start setting `weights_only=True` for any use case where you don't have full control of the loaded file. Please open an issue on GitHub for any issues related to this experimental feature.
  d = torch.load(ckpt_path)
INFO:/users/sgsrehm1/COMP702_BeyondAF/code/COMP390_code/openfold/openfold/utils/script_utils.py:Loaded OpenFold parameters at /users/sgsrehm1/COMP702_BeyondAF/code/COMP390_code/checkpoints/run_subset_gpu32_h100_ep33/csv_logs/version_0/checkpoints/32-330000.ckpt...
INFO:/users/sgsrehm1/COMP702_BeyondAF/code/COMP390_code/openfold/run_pretrained_openfold.py:Using precomputed alignments for 2olo_A at /users/sgsrehm1/scratch/openfold_inference/alignments_cf...
INFO:/users/sgsrehm1/COMP702_BeyondAF/code/COMP390_code/openfold/openfold/utils/script_utils.py:Running inference for 2olo_A...
INFO:/users/sgsrehm1/COMP702_BeyondAF/code/COMP390_code/openfold/openfold/utils/script_utils.py:Inference time: 13.412503902800381
/users/sgsrehm1/COMP702_BeyondAF/code/COMP390_code/openfold/run_pretrained_openfold.py:351: DeprecationWarning: __array__ implementation doesn't accept a copy keyword, so passing copy=False failed. __array__ must implement 'dtype' and 'copy' keyword arguments. To learn more, see the migration guide https://numpy.org/devdocs/numpy_2_0_migration_guide.html#adapting-to-changes-in-the-copy-keyword
  lambda x: np.array(x[..., -1].cpu()),
/users/sgsrehm1/COMP702_BeyondAF/code/COMP390_code/openfold/run_pretrained_openfold.py:354: DeprecationWarning: __array__ implementation doesn't accept a copy keyword, so passing copy=False failed. __array__ must implement 'dtype' and 'copy' keyword arguments. To learn more, see the migration guide https://numpy.org/devdocs/numpy_2_0_migration_guide.html#adapting-to-changes-in-the-copy-keyword
  out = tensor_tree_map(lambda x: np.array(x.cpu()), out)
INFO:/users/sgsrehm1/COMP702_BeyondAF/code/COMP390_code/openfold/run_pretrained_openfold.py:Output written to /users/sgsrehm1/COMP702_BeyondAF/code/COMP390_code/Result/2olo_minhao_relaxed_100_20260716_113129/repeat_48/predictions/2olo_A_model_1_unrelaxed.pdb...
INFO:/users/sgsrehm1/COMP702_BeyondAF/code/COMP390_code/openfold/run_pretrained_openfold.py:Running relaxation on /users/sgsrehm1/COMP702_BeyondAF/code/COMP390_code/Result/2olo_minhao_relaxed_100_20260716_113129/repeat_48/predictions/2olo_A_model_1_unrelaxed.pdb...
INFO:/users/sgsrehm1/COMP702_BeyondAF/code/COMP390_code/openfold/openfold/utils/script_utils.py:Relaxation time: 10.22088157851249
INFO:/users/sgsrehm1/COMP702_BeyondAF/code/COMP390_code/openfold/openfold/utils/script_utils.py:Relaxed output written to /users/sgsrehm1/COMP702_BeyondAF/code/COMP390_code/Result/2olo_minhao_relaxed_100_20260716_113129/repeat_48/predictions/2olo_A_model_1_relaxed.pdb...
/users/sgsrehm1/COMP702_BeyondAF/code/COMP390_code/openfold/openfold/utils/script_utils.py:131: FutureWarning: You are using `torch.load` with `weights_only=False` (the current default value), which uses the default pickle module implicitly. It is possible to construct malicious pickle data which will execute arbitrary code during unpickling (See https://github.com/pytorch/pytorch/blob/main/SECURITY.md#untrusted-models for more details). In a future release, the default value for `weights_only` will be flipped to `True`. This limits the functions that could be executed during unpickling. Arbitrary objects will no longer be allowed to be loaded via this mode unless they are explicitly allowlisted by the user via `torch.serialization.add_safe_globals`. We recommend you start setting `weights_only=True` for any use case where you don't have full control of the loaded file. Please open an issue on GitHub for any issues related to this experimental feature.
  d = torch.load(ckpt_path)
INFO:/users/sgsrehm1/COMP702_BeyondAF/code/COMP390_code/openfold/openfold/utils/script_utils.py:Loaded OpenFold parameters at /users/sgsrehm1/COMP702_BeyondAF/code/COMP390_code/checkpoints/run_subset_gpu32_h100_ep33/csv_logs/version_0/checkpoints/32-330000.ckpt...
INFO:/users/sgsrehm1/COMP702_BeyondAF/code/COMP390_code/openfold/run_pretrained_openfold.py:Using precomputed alignments for 2olo_A at /users/sgsrehm1/scratch/openfold_inference/alignments_cf...
INFO:/users/sgsrehm1/COMP702_BeyondAF/code/COMP390_code/openfold/openfold/utils/script_utils.py:Running inference for 2olo_A...
INFO:/users/sgsrehm1/COMP702_BeyondAF/code/COMP390_code/openfold/openfold/utils/script_utils.py:Inference time: 13.384850247763097
/users/sgsrehm1/COMP702_BeyondAF/code/COMP390_code/openfold/run_pretrained_openfold.py:351: DeprecationWarning: __array__ implementation doesn't accept a copy keyword, so passing copy=False failed. __array__ must implement 'dtype' and 'copy' keyword arguments. To learn more, see the migration guide https://numpy.org/devdocs/numpy_2_0_migration_guide.html#adapting-to-changes-in-the-copy-keyword
  lambda x: np.array(x[..., -1].cpu()),
/users/sgsrehm1/COMP702_BeyondAF/code/COMP390_code/openfold/run_pretrained_openfold.py:354: DeprecationWarning: __array__ implementation doesn't accept a copy keyword, so passing copy=False failed. __array__ must implement 'dtype' and 'copy' keyword arguments. To learn more, see the migration guide https://numpy.org/devdocs/numpy_2_0_migration_guide.html#adapting-to-changes-in-the-copy-keyword
  out = tensor_tree_map(lambda x: np.array(x.cpu()), out)
INFO:/users/sgsrehm1/COMP702_BeyondAF/code/COMP390_code/openfold/run_pretrained_openfold.py:Output written to /users/sgsrehm1/COMP702_BeyondAF/code/COMP390_code/Result/2olo_minhao_relaxed_100_20260716_113129/repeat_49/predictions/2olo_A_model_1_unrelaxed.pdb...
INFO:/users/sgsrehm1/COMP702_BeyondAF/code/COMP390_code/openfold/run_pretrained_openfold.py:Running relaxation on /users/sgsrehm1/COMP702_BeyondAF/code/COMP390_code/Result/2olo_minhao_relaxed_100_20260716_113129/repeat_49/predictions/2olo_A_model_1_unrelaxed.pdb...
INFO:/users/sgsrehm1/COMP702_BeyondAF/code/COMP390_code/openfold/openfold/utils/script_utils.py:Relaxation time: 80.96313195582479
INFO:/users/sgsrehm1/COMP702_BeyondAF/code/COMP390_code/openfold/openfold/utils/script_utils.py:Relaxed output written to /users/sgsrehm1/COMP702_BeyondAF/code/COMP390_code/Result/2olo_minhao_relaxed_100_20260716_113129/repeat_49/predictions/2olo_A_model_1_relaxed.pdb...
/users/sgsrehm1/COMP702_BeyondAF/code/COMP390_code/openfold/openfold/utils/script_utils.py:131: FutureWarning: You are using `torch.load` with `weights_only=False` (the current default value), which uses the default pickle module implicitly. It is possible to construct malicious pickle data which will execute arbitrary code during unpickling (See https://github.com/pytorch/pytorch/blob/main/SECURITY.md#untrusted-models for more details). In a future release, the default value for `weights_only` will be flipped to `True`. This limits the functions that could be executed during unpickling. Arbitrary objects will no longer be allowed to be loaded via this mode unless they are explicitly allowlisted by the user via `torch.serialization.add_safe_globals`. We recommend you start setting `weights_only=True` for any use case where you don't have full control of the loaded file. Please open an issue on GitHub for any issues related to this experimental feature.
  d = torch.load(ckpt_path)
INFO:/users/sgsrehm1/COMP702_BeyondAF/code/COMP390_code/openfold/openfold/utils/script_utils.py:Loaded OpenFold parameters at /users/sgsrehm1/COMP702_BeyondAF/code/COMP390_code/checkpoints/run_subset_gpu32_h100_ep33/csv_logs/version_0/checkpoints/32-330000.ckpt...
INFO:/users/sgsrehm1/COMP702_BeyondAF/code/COMP390_code/openfold/run_pretrained_openfold.py:Using precomputed alignments for 2olo_A at /users/sgsrehm1/scratch/openfold_inference/alignments_cf...
INFO:/users/sgsrehm1/COMP702_BeyondAF/code/COMP390_code/openfold/openfold/utils/script_utils.py:Running inference for 2olo_A...
INFO:/users/sgsrehm1/COMP702_BeyondAF/code/COMP390_code/openfold/openfold/utils/script_utils.py:Inference time: 13.414475723169744
/users/sgsrehm1/COMP702_BeyondAF/code/COMP390_code/openfold/run_pretrained_openfold.py:351: DeprecationWarning: __array__ implementation doesn't accept a copy keyword, so passing copy=False failed. __array__ must implement 'dtype' and 'copy' keyword arguments. To learn more, see the migration guide https://numpy.org/devdocs/numpy_2_0_migration_guide.html#adapting-to-changes-in-the-copy-keyword
  lambda x: np.array(x[..., -1].cpu()),
/users/sgsrehm1/COMP702_BeyondAF/code/COMP390_code/openfold/run_pretrained_openfold.py:354: DeprecationWarning: __array__ implementation doesn't accept a copy keyword, so passing copy=False failed. __array__ must implement 'dtype' and 'copy' keyword arguments. To learn more, see the migration guide https://numpy.org/devdocs/numpy_2_0_migration_guide.html#adapting-to-changes-in-the-copy-keyword
  out = tensor_tree_map(lambda x: np.array(x.cpu()), out)
INFO:/users/sgsrehm1/COMP702_BeyondAF/code/COMP390_code/openfold/run_pretrained_openfold.py:Output written to /users/sgsrehm1/COMP702_BeyondAF/code/COMP390_code/Result/2olo_minhao_relaxed_100_20260716_113129/repeat_50/predictions/2olo_A_model_1_unrelaxed.pdb...
INFO:/users/sgsrehm1/COMP702_BeyondAF/code/COMP390_code/openfold/run_pretrained_openfold.py:Running relaxation on /users/sgsrehm1/COMP702_BeyondAF/code/COMP390_code/Result/2olo_minhao_relaxed_100_20260716_113129/repeat_50/predictions/2olo_A_model_1_unrelaxed.pdb...
INFO:/users/sgsrehm1/COMP702_BeyondAF/code/COMP390_code/openfold/openfold/utils/script_utils.py:Relaxation time: 81.35349398385733
INFO:/users/sgsrehm1/COMP702_BeyondAF/code/COMP390_code/openfold/openfold/utils/script_utils.py:Relaxed output written to /users/sgsrehm1/COMP702_BeyondAF/code/COMP390_code/Result/2olo_minhao_relaxed_100_20260716_113129/repeat_50/predictions/2olo_A_model_1_relaxed.pdb...
/users/sgsrehm1/COMP702_BeyondAF/code/COMP390_code/openfold/openfold/utils/script_utils.py:131: FutureWarning: You are using `torch.load` with `weights_only=False` (the current default value), which uses the default pickle module implicitly. It is possible to construct malicious pickle data which will execute arbitrary code during unpickling (See https://github.com/pytorch/pytorch/blob/main/SECURITY.md#untrusted-models for more details). In a future release, the default value for `weights_only` will be flipped to `True`. This limits the functions that could be executed during unpickling. Arbitrary objects will no longer be allowed to be loaded via this mode unless they are explicitly allowlisted by the user via `torch.serialization.add_safe_globals`. We recommend you start setting `weights_only=True` for any use case where you don't have full control of the loaded file. Please open an issue on GitHub for any issues related to this experimental feature.
  d = torch.load(ckpt_path)
INFO:/users/sgsrehm1/COMP702_BeyondAF/code/COMP390_code/openfold/openfold/utils/script_utils.py:Loaded OpenFold parameters at /users/sgsrehm1/COMP702_BeyondAF/code/COMP390_code/checkpoints/run_subset_gpu32_h100_ep33/csv_logs/version_0/checkpoints/32-330000.ckpt...
INFO:/users/sgsrehm1/COMP702_BeyondAF/code/COMP390_code/openfold/run_pretrained_openfold.py:Using precomputed alignments for 2olo_A at /users/sgsrehm1/scratch/openfold_inference/alignments_cf...
INFO:/users/sgsrehm1/COMP702_BeyondAF/code/COMP390_code/openfold/openfold/utils/script_utils.py:Running inference for 2olo_A...
INFO:/users/sgsrehm1/COMP702_BeyondAF/code/COMP390_code/openfold/openfold/utils/script_utils.py:Inference time: 13.38792644906789
/users/sgsrehm1/COMP702_BeyondAF/code/COMP390_code/openfold/run_pretrained_openfold.py:351: DeprecationWarning: __array__ implementation doesn't accept a copy keyword, so passing copy=False failed. __array__ must implement 'dtype' and 'copy' keyword arguments. To learn more, see the migration guide https://numpy.org/devdocs/numpy_2_0_migration_guide.html#adapting-to-changes-in-the-copy-keyword
  lambda x: np.array(x[..., -1].cpu()),
/users/sgsrehm1/COMP702_BeyondAF/code/COMP390_code/openfold/run_pretrained_openfold.py:354: DeprecationWarning: __array__ implementation doesn't accept a copy keyword, so passing copy=False failed. __array__ must implement 'dtype' and 'copy' keyword arguments. To learn more, see the migration guide https://numpy.org/devdocs/numpy_2_0_migration_guide.html#adapting-to-changes-in-the-copy-keyword
  out = tensor_tree_map(lambda x: np.array(x.cpu()), out)
INFO:/users/sgsrehm1/COMP702_BeyondAF/code/COMP390_code/openfold/run_pretrained_openfold.py:Output written to /users/sgsrehm1/COMP702_BeyondAF/code/COMP390_code/Result/2olo_minhao_relaxed_100_20260716_113129/repeat_51/predictions/2olo_A_model_1_unrelaxed.pdb...
INFO:/users/sgsrehm1/COMP702_BeyondAF/code/COMP390_code/openfold/run_pretrained_openfold.py:Running relaxation on /users/sgsrehm1/COMP702_BeyondAF/code/COMP390_code/Result/2olo_minhao_relaxed_100_20260716_113129/repeat_51/predictions/2olo_A_model_1_unrelaxed.pdb...
INFO:/users/sgsrehm1/COMP702_BeyondAF/code/COMP390_code/openfold/openfold/utils/script_utils.py:Relaxation time: 80.5519391009584
INFO:/users/sgsrehm1/COMP702_BeyondAF/code/COMP390_code/openfold/openfold/utils/script_utils.py:Relaxed output written to /users/sgsrehm1/COMP702_BeyondAF/code/COMP390_code/Result/2olo_minhao_relaxed_100_20260716_113129/repeat_51/predictions/2olo_A_model_1_relaxed.pdb...
/users/sgsrehm1/COMP702_BeyondAF/code/COMP390_code/openfold/openfold/utils/script_utils.py:131: FutureWarning: You are using `torch.load` with `weights_only=False` (the current default value), which uses the default pickle module implicitly. It is possible to construct malicious pickle data which will execute arbitrary code during unpickling (See https://github.com/pytorch/pytorch/blob/main/SECURITY.md#untrusted-models for more details). In a future release, the default value for `weights_only` will be flipped to `True`. This limits the functions that could be executed during unpickling. Arbitrary objects will no longer be allowed to be loaded via this mode unless they are explicitly allowlisted by the user via `torch.serialization.add_safe_globals`. We recommend you start setting `weights_only=True` for any use case where you don't have full control of the loaded file. Please open an issue on GitHub for any issues related to this experimental feature.
  d = torch.load(ckpt_path)
INFO:/users/sgsrehm1/COMP702_BeyondAF/code/COMP390_code/openfold/openfold/utils/script_utils.py:Loaded OpenFold parameters at /users/sgsrehm1/COMP702_BeyondAF/code/COMP390_code/checkpoints/run_subset_gpu32_h100_ep33/csv_logs/version_0/checkpoints/32-330000.ckpt...
INFO:/users/sgsrehm1/COMP702_BeyondAF/code/COMP390_code/openfold/run_pretrained_openfold.py:Using precomputed alignments for 2olo_A at /users/sgsrehm1/scratch/openfold_inference/alignments_cf...
INFO:/users/sgsrehm1/COMP702_BeyondAF/code/COMP390_code/openfold/openfold/utils/script_utils.py:Running inference for 2olo_A...
INFO:/users/sgsrehm1/COMP702_BeyondAF/code/COMP390_code/openfold/openfold/utils/script_utils.py:Inference time: 13.401173326186836
/users/sgsrehm1/COMP702_BeyondAF/code/COMP390_code/openfold/run_pretrained_openfold.py:351: DeprecationWarning: __array__ implementation doesn't accept a copy keyword, so passing copy=False failed. __array__ must implement 'dtype' and 'copy' keyword arguments. To learn more, see the migration guide https://numpy.org/devdocs/numpy_2_0_migration_guide.html#adapting-to-changes-in-the-copy-keyword
  lambda x: np.array(x[..., -1].cpu()),
/users/sgsrehm1/COMP702_BeyondAF/code/COMP390_code/openfold/run_pretrained_openfold.py:354: DeprecationWarning: __array__ implementation doesn't accept a copy keyword, so passing copy=False failed. __array__ must implement 'dtype' and 'copy' keyword arguments. To learn more, see the migration guide https://numpy.org/devdocs/numpy_2_0_migration_guide.html#adapting-to-changes-in-the-copy-keyword
  out = tensor_tree_map(lambda x: np.array(x.cpu()), out)
INFO:/users/sgsrehm1/COMP702_BeyondAF/code/COMP390_code/openfold/run_pretrained_openfold.py:Output written to /users/sgsrehm1/COMP702_BeyondAF/code/COMP390_code/Result/2olo_minhao_relaxed_100_20260716_113129/repeat_52/predictions/2olo_A_model_1_unrelaxed.pdb...
INFO:/users/sgsrehm1/COMP702_BeyondAF/code/COMP390_code/openfold/run_pretrained_openfold.py:Running relaxation on /users/sgsrehm1/COMP702_BeyondAF/code/COMP390_code/Result/2olo_minhao_relaxed_100_20260716_113129/repeat_52/predictions/2olo_A_model_1_unrelaxed.pdb...
INFO:/users/sgsrehm1/COMP702_BeyondAF/code/COMP390_code/openfold/openfold/utils/script_utils.py:Relaxation time: 83.98766290862113
INFO:/users/sgsrehm1/COMP702_BeyondAF/code/COMP390_code/openfold/openfold/utils/script_utils.py:Relaxed output written to /users/sgsrehm1/COMP702_BeyondAF/code/COMP390_code/Result/2olo_minhao_relaxed_100_20260716_113129/repeat_52/predictions/2olo_A_model_1_relaxed.pdb...
/users/sgsrehm1/COMP702_BeyondAF/code/COMP390_code/openfold/openfold/utils/script_utils.py:131: FutureWarning: You are using `torch.load` with `weights_only=False` (the current default value), which uses the default pickle module implicitly. It is possible to construct malicious pickle data which will execute arbitrary code during unpickling (See https://github.com/pytorch/pytorch/blob/main/SECURITY.md#untrusted-models for more details). In a future release, the default value for `weights_only` will be flipped to `True`. This limits the functions that could be executed during unpickling. Arbitrary objects will no longer be allowed to be loaded via this mode unless they are explicitly allowlisted by the user via `torch.serialization.add_safe_globals`. We recommend you start setting `weights_only=True` for any use case where you don't have full control of the loaded file. Please open an issue on GitHub for any issues related to this experimental feature.
  d = torch.load(ckpt_path)
INFO:/users/sgsrehm1/COMP702_BeyondAF/code/COMP390_code/openfold/openfold/utils/script_utils.py:Loaded OpenFold parameters at /users/sgsrehm1/COMP702_BeyondAF/code/COMP390_code/checkpoints/run_subset_gpu32_h100_ep33/csv_logs/version_0/checkpoints/32-330000.ckpt...
INFO:/users/sgsrehm1/COMP702_BeyondAF/code/COMP390_code/openfold/run_pretrained_openfold.py:Using precomputed alignments for 2olo_A at /users/sgsrehm1/scratch/openfold_inference/alignments_cf...
INFO:/users/sgsrehm1/COMP702_BeyondAF/code/COMP390_code/openfold/openfold/utils/script_utils.py:Running inference for 2olo_A...
INFO:/users/sgsrehm1/COMP702_BeyondAF/code/COMP390_code/openfold/openfold/utils/script_utils.py:Inference time: 13.409050933085382
/users/sgsrehm1/COMP702_BeyondAF/code/COMP390_code/openfold/run_pretrained_openfold.py:351: DeprecationWarning: __array__ implementation doesn't accept a copy keyword, so passing copy=False failed. __array__ must implement 'dtype' and 'copy' keyword arguments. To learn more, see the migration guide https://numpy.org/devdocs/numpy_2_0_migration_guide.html#adapting-to-changes-in-the-copy-keyword
  lambda x: np.array(x[..., -1].cpu()),
/users/sgsrehm1/COMP702_BeyondAF/code/COMP390_code/openfold/run_pretrained_openfold.py:354: DeprecationWarning: __array__ implementation doesn't accept a copy keyword, so passing copy=False failed. __array__ must implement 'dtype' and 'copy' keyword arguments. To learn more, see the migration guide https://numpy.org/devdocs/numpy_2_0_migration_guide.html#adapting-to-changes-in-the-copy-keyword
  out = tensor_tree_map(lambda x: np.array(x.cpu()), out)
INFO:/users/sgsrehm1/COMP702_BeyondAF/code/COMP390_code/openfold/run_pretrained_openfold.py:Output written to /users/sgsrehm1/COMP702_BeyondAF/code/COMP390_code/Result/2olo_minhao_relaxed_100_20260716_113129/repeat_53/predictions/2olo_A_model_1_unrelaxed.pdb...
INFO:/users/sgsrehm1/COMP702_BeyondAF/code/COMP390_code/openfold/run_pretrained_openfold.py:Running relaxation on /users/sgsrehm1/COMP702_BeyondAF/code/COMP390_code/Result/2olo_minhao_relaxed_100_20260716_113129/repeat_53/predictions/2olo_A_model_1_unrelaxed.pdb...
INFO:/users/sgsrehm1/COMP702_BeyondAF/code/COMP390_code/openfold/openfold/utils/script_utils.py:Relaxation time: 80.35974355600774
INFO:/users/sgsrehm1/COMP702_BeyondAF/code/COMP390_code/openfold/openfold/utils/script_utils.py:Relaxed output written to /users/sgsrehm1/COMP702_BeyondAF/code/COMP390_code/Result/2olo_minhao_relaxed_100_20260716_113129/repeat_53/predictions/2olo_A_model_1_relaxed.pdb...
/users/sgsrehm1/COMP702_BeyondAF/code/COMP390_code/openfold/openfold/utils/script_utils.py:131: FutureWarning: You are using `torch.load` with `weights_only=False` (the current default value), which uses the default pickle module implicitly. It is possible to construct malicious pickle data which will execute arbitrary code during unpickling (See https://github.com/pytorch/pytorch/blob/main/SECURITY.md#untrusted-models for more details). In a future release, the default value for `weights_only` will be flipped to `True`. This limits the functions that could be executed during unpickling. Arbitrary objects will no longer be allowed to be loaded via this mode unless they are explicitly allowlisted by the user via `torch.serialization.add_safe_globals`. We recommend you start setting `weights_only=True` for any use case where you don't have full control of the loaded file. Please open an issue on GitHub for any issues related to this experimental feature.
  d = torch.load(ckpt_path)
INFO:/users/sgsrehm1/COMP702_BeyondAF/code/COMP390_code/openfold/openfold/utils/script_utils.py:Loaded OpenFold parameters at /users/sgsrehm1/COMP702_BeyondAF/code/COMP390_code/checkpoints/run_subset_gpu32_h100_ep33/csv_logs/version_0/checkpoints/32-330000.ckpt...
INFO:/users/sgsrehm1/COMP702_BeyondAF/code/COMP390_code/openfold/run_pretrained_openfold.py:Using precomputed alignments for 2olo_A at /users/sgsrehm1/scratch/openfold_inference/alignments_cf...
INFO:/users/sgsrehm1/COMP702_BeyondAF/code/COMP390_code/openfold/openfold/utils/script_utils.py:Running inference for 2olo_A...
INFO:/users/sgsrehm1/COMP702_BeyondAF/code/COMP390_code/openfold/openfold/utils/script_utils.py:Inference time: 13.425094386562705
/users/sgsrehm1/COMP702_BeyondAF/code/COMP390_code/openfold/run_pretrained_openfold.py:351: DeprecationWarning: __array__ implementation doesn't accept a copy keyword, so passing copy=False failed. __array__ must implement 'dtype' and 'copy' keyword arguments. To learn more, see the migration guide https://numpy.org/devdocs/numpy_2_0_migration_guide.html#adapting-to-changes-in-the-copy-keyword
  lambda x: np.array(x[..., -1].cpu()),
/users/sgsrehm1/COMP702_BeyondAF/code/COMP390_code/openfold/run_pretrained_openfold.py:354: DeprecationWarning: __array__ implementation doesn't accept a copy keyword, so passing copy=False failed. __array__ must implement 'dtype' and 'copy' keyword arguments. To learn more, see the migration guide https://numpy.org/devdocs/numpy_2_0_migration_guide.html#adapting-to-changes-in-the-copy-keyword
  out = tensor_tree_map(lambda x: np.array(x.cpu()), out)
INFO:/users/sgsrehm1/COMP702_BeyondAF/code/COMP390_code/openfold/run_pretrained_openfold.py:Output written to /users/sgsrehm1/COMP702_BeyondAF/code/COMP390_code/Result/2olo_minhao_relaxed_100_20260716_113129/repeat_54/predictions/2olo_A_model_1_unrelaxed.pdb...
INFO:/users/sgsrehm1/COMP702_BeyondAF/code/COMP390_code/openfold/run_pretrained_openfold.py:Running relaxation on /users/sgsrehm1/COMP702_BeyondAF/code/COMP390_code/Result/2olo_minhao_relaxed_100_20260716_113129/repeat_54/predictions/2olo_A_model_1_unrelaxed.pdb...
INFO:/users/sgsrehm1/COMP702_BeyondAF/code/COMP390_code/openfold/openfold/utils/script_utils.py:Relaxation time: 80.40443215798587
INFO:/users/sgsrehm1/COMP702_BeyondAF/code/COMP390_code/openfold/openfold/utils/script_utils.py:Relaxed output written to /users/sgsrehm1/COMP702_BeyondAF/code/COMP390_code/Result/2olo_minhao_relaxed_100_20260716_113129/repeat_54/predictions/2olo_A_model_1_relaxed.pdb...
/users/sgsrehm1/COMP702_BeyondAF/code/COMP390_code/openfold/openfold/utils/script_utils.py:131: FutureWarning: You are using `torch.load` with `weights_only=False` (the current default value), which uses the default pickle module implicitly. It is possible to construct malicious pickle data which will execute arbitrary code during unpickling (See https://github.com/pytorch/pytorch/blob/main/SECURITY.md#untrusted-models for more details). In a future release, the default value for `weights_only` will be flipped to `True`. This limits the functions that could be executed during unpickling. Arbitrary objects will no longer be allowed to be loaded via this mode unless they are explicitly allowlisted by the user via `torch.serialization.add_safe_globals`. We recommend you start setting `weights_only=True` for any use case where you don't have full control of the loaded file. Please open an issue on GitHub for any issues related to this experimental feature.
  d = torch.load(ckpt_path)
INFO:/users/sgsrehm1/COMP702_BeyondAF/code/COMP390_code/openfold/openfold/utils/script_utils.py:Loaded OpenFold parameters at /users/sgsrehm1/COMP702_BeyondAF/code/COMP390_code/checkpoints/run_subset_gpu32_h100_ep33/csv_logs/version_0/checkpoints/32-330000.ckpt...
INFO:/users/sgsrehm1/COMP702_BeyondAF/code/COMP390_code/openfold/run_pretrained_openfold.py:Using precomputed alignments for 2olo_A at /users/sgsrehm1/scratch/openfold_inference/alignments_cf...
INFO:/users/sgsrehm1/COMP702_BeyondAF/code/COMP390_code/openfold/openfold/utils/script_utils.py:Running inference for 2olo_A...
INFO:/users/sgsrehm1/COMP702_BeyondAF/code/COMP390_code/openfold/openfold/utils/script_utils.py:Inference time: 13.40486475173384
/users/sgsrehm1/COMP702_BeyondAF/code/COMP390_code/openfold/run_pretrained_openfold.py:351: DeprecationWarning: __array__ implementation doesn't accept a copy keyword, so passing copy=False failed. __array__ must implement 'dtype' and 'copy' keyword arguments. To learn more, see the migration guide https://numpy.org/devdocs/numpy_2_0_migration_guide.html#adapting-to-changes-in-the-copy-keyword
  lambda x: np.array(x[..., -1].cpu()),
/users/sgsrehm1/COMP702_BeyondAF/code/COMP390_code/openfold/run_pretrained_openfold.py:354: DeprecationWarning: __array__ implementation doesn't accept a copy keyword, so passing copy=False failed. __array__ must implement 'dtype' and 'copy' keyword arguments. To learn more, see the migration guide https://numpy.org/devdocs/numpy_2_0_migration_guide.html#adapting-to-changes-in-the-copy-keyword
  out = tensor_tree_map(lambda x: np.array(x.cpu()), out)
INFO:/users/sgsrehm1/COMP702_BeyondAF/code/COMP390_code/openfold/run_pretrained_openfold.py:Output written to /users/sgsrehm1/COMP702_BeyondAF/code/COMP390_code/Result/2olo_minhao_relaxed_100_20260716_113129/repeat_55/predictions/2olo_A_model_1_unrelaxed.pdb...
INFO:/users/sgsrehm1/COMP702_BeyondAF/code/COMP390_code/openfold/run_pretrained_openfold.py:Running relaxation on /users/sgsrehm1/COMP702_BeyondAF/code/COMP390_code/Result/2olo_minhao_relaxed_100_20260716_113129/repeat_55/predictions/2olo_A_model_1_unrelaxed.pdb...
INFO:/users/sgsrehm1/COMP702_BeyondAF/code/COMP390_code/openfold/openfold/utils/script_utils.py:Relaxation time: 15.504551989026368
INFO:/users/sgsrehm1/COMP702_BeyondAF/code/COMP390_code/openfold/openfold/utils/script_utils.py:Relaxed output written to /users/sgsrehm1/COMP702_BeyondAF/code/COMP390_code/Result/2olo_minhao_relaxed_100_20260716_113129/repeat_55/predictions/2olo_A_model_1_relaxed.pdb...
/users/sgsrehm1/COMP702_BeyondAF/code/COMP390_code/openfold/openfold/utils/script_utils.py:131: FutureWarning: You are using `torch.load` with `weights_only=False` (the current default value), which uses the default pickle module implicitly. It is possible to construct malicious pickle data which will execute arbitrary code during unpickling (See https://github.com/pytorch/pytorch/blob/main/SECURITY.md#untrusted-models for more details). In a future release, the default value for `weights_only` will be flipped to `True`. This limits the functions that could be executed during unpickling. Arbitrary objects will no longer be allowed to be loaded via this mode unless they are explicitly allowlisted by the user via `torch.serialization.add_safe_globals`. We recommend you start setting `weights_only=True` for any use case where you don't have full control of the loaded file. Please open an issue on GitHub for any issues related to this experimental feature.
  d = torch.load(ckpt_path)
INFO:/users/sgsrehm1/COMP702_BeyondAF/code/COMP390_code/openfold/openfold/utils/script_utils.py:Loaded OpenFold parameters at /users/sgsrehm1/COMP702_BeyondAF/code/COMP390_code/checkpoints/run_subset_gpu32_h100_ep33/csv_logs/version_0/checkpoints/32-330000.ckpt...
INFO:/users/sgsrehm1/COMP702_BeyondAF/code/COMP390_code/openfold/run_pretrained_openfold.py:Using precomputed alignments for 2olo_A at /users/sgsrehm1/scratch/openfold_inference/alignments_cf...
INFO:/users/sgsrehm1/COMP702_BeyondAF/code/COMP390_code/openfold/openfold/utils/script_utils.py:Running inference for 2olo_A...
INFO:/users/sgsrehm1/COMP702_BeyondAF/code/COMP390_code/openfold/openfold/utils/script_utils.py:Inference time: 13.40559793729335
/users/sgsrehm1/COMP702_BeyondAF/code/COMP390_code/openfold/run_pretrained_openfold.py:351: DeprecationWarning: __array__ implementation doesn't accept a copy keyword, so passing copy=False failed. __array__ must implement 'dtype' and 'copy' keyword arguments. To learn more, see the migration guide https://numpy.org/devdocs/numpy_2_0_migration_guide.html#adapting-to-changes-in-the-copy-keyword
  lambda x: np.array(x[..., -1].cpu()),
/users/sgsrehm1/COMP702_BeyondAF/code/COMP390_code/openfold/run_pretrained_openfold.py:354: DeprecationWarning: __array__ implementation doesn't accept a copy keyword, so passing copy=False failed. __array__ must implement 'dtype' and 'copy' keyword arguments. To learn more, see the migration guide https://numpy.org/devdocs/numpy_2_0_migration_guide.html#adapting-to-changes-in-the-copy-keyword
  out = tensor_tree_map(lambda x: np.array(x.cpu()), out)
INFO:/users/sgsrehm1/COMP702_BeyondAF/code/COMP390_code/openfold/run_pretrained_openfold.py:Output written to /users/sgsrehm1/COMP702_BeyondAF/code/COMP390_code/Result/2olo_minhao_relaxed_100_20260716_113129/repeat_56/predictions/2olo_A_model_1_unrelaxed.pdb...
INFO:/users/sgsrehm1/COMP702_BeyondAF/code/COMP390_code/openfold/run_pretrained_openfold.py:Running relaxation on /users/sgsrehm1/COMP702_BeyondAF/code/COMP390_code/Result/2olo_minhao_relaxed_100_20260716_113129/repeat_56/predictions/2olo_A_model_1_unrelaxed.pdb...
INFO:/users/sgsrehm1/COMP702_BeyondAF/code/COMP390_code/openfold/openfold/utils/script_utils.py:Relaxation time: 14.11440884694457
INFO:/users/sgsrehm1/COMP702_BeyondAF/code/COMP390_code/openfold/openfold/utils/script_utils.py:Relaxed output written to /users/sgsrehm1/COMP702_BeyondAF/code/COMP390_code/Result/2olo_minhao_relaxed_100_20260716_113129/repeat_56/predictions/2olo_A_model_1_relaxed.pdb...
/users/sgsrehm1/COMP702_BeyondAF/code/COMP390_code/openfold/openfold/utils/script_utils.py:131: FutureWarning: You are using `torch.load` with `weights_only=False` (the current default value), which uses the default pickle module implicitly. It is possible to construct malicious pickle data which will execute arbitrary code during unpickling (See https://github.com/pytorch/pytorch/blob/main/SECURITY.md#untrusted-models for more details). In a future release, the default value for `weights_only` will be flipped to `True`. This limits the functions that could be executed during unpickling. Arbitrary objects will no longer be allowed to be loaded via this mode unless they are explicitly allowlisted by the user via `torch.serialization.add_safe_globals`. We recommend you start setting `weights_only=True` for any use case where you don't have full control of the loaded file. Please open an issue on GitHub for any issues related to this experimental feature.
  d = torch.load(ckpt_path)
INFO:/users/sgsrehm1/COMP702_BeyondAF/code/COMP390_code/openfold/openfold/utils/script_utils.py:Loaded OpenFold parameters at /users/sgsrehm1/COMP702_BeyondAF/code/COMP390_code/checkpoints/run_subset_gpu32_h100_ep33/csv_logs/version_0/checkpoints/32-330000.ckpt...
INFO:/users/sgsrehm1/COMP702_BeyondAF/code/COMP390_code/openfold/run_pretrained_openfold.py:Using precomputed alignments for 2olo_A at /users/sgsrehm1/scratch/openfold_inference/alignments_cf...
INFO:/users/sgsrehm1/COMP702_BeyondAF/code/COMP390_code/openfold/openfold/utils/script_utils.py:Running inference for 2olo_A...
INFO:/users/sgsrehm1/COMP702_BeyondAF/code/COMP390_code/openfold/openfold/utils/script_utils.py:Inference time: 13.416055489331484
/users/sgsrehm1/COMP702_BeyondAF/code/COMP390_code/openfold/run_pretrained_openfold.py:351: DeprecationWarning: __array__ implementation doesn't accept a copy keyword, so passing copy=False failed. __array__ must implement 'dtype' and 'copy' keyword arguments. To learn more, see the migration guide https://numpy.org/devdocs/numpy_2_0_migration_guide.html#adapting-to-changes-in-the-copy-keyword
  lambda x: np.array(x[..., -1].cpu()),
/users/sgsrehm1/COMP702_BeyondAF/code/COMP390_code/openfold/run_pretrained_openfold.py:354: DeprecationWarning: __array__ implementation doesn't accept a copy keyword, so passing copy=False failed. __array__ must implement 'dtype' and 'copy' keyword arguments. To learn more, see the migration guide https://numpy.org/devdocs/numpy_2_0_migration_guide.html#adapting-to-changes-in-the-copy-keyword
  out = tensor_tree_map(lambda x: np.array(x.cpu()), out)
INFO:/users/sgsrehm1/COMP702_BeyondAF/code/COMP390_code/openfold/run_pretrained_openfold.py:Output written to /users/sgsrehm1/COMP702_BeyondAF/code/COMP390_code/Result/2olo_minhao_relaxed_100_20260716_113129/repeat_57/predictions/2olo_A_model_1_unrelaxed.pdb...
INFO:/users/sgsrehm1/COMP702_BeyondAF/code/COMP390_code/openfold/run_pretrained_openfold.py:Running relaxation on /users/sgsrehm1/COMP702_BeyondAF/code/COMP390_code/Result/2olo_minhao_relaxed_100_20260716_113129/repeat_57/predictions/2olo_A_model_1_unrelaxed.pdb...
INFO:/users/sgsrehm1/COMP702_BeyondAF/code/COMP390_code/openfold/openfold/utils/script_utils.py:Relaxation time: 79.05633021239191
INFO:/users/sgsrehm1/COMP702_BeyondAF/code/COMP390_code/openfold/openfold/utils/script_utils.py:Relaxed output written to /users/sgsrehm1/COMP702_BeyondAF/code/COMP390_code/Result/2olo_minhao_relaxed_100_20260716_113129/repeat_57/predictions/2olo_A_model_1_relaxed.pdb...
/users/sgsrehm1/COMP702_BeyondAF/code/COMP390_code/openfold/openfold/utils/script_utils.py:131: FutureWarning: You are using `torch.load` with `weights_only=False` (the current default value), which uses the default pickle module implicitly. It is possible to construct malicious pickle data which will execute arbitrary code during unpickling (See https://github.com/pytorch/pytorch/blob/main/SECURITY.md#untrusted-models for more details). In a future release, the default value for `weights_only` will be flipped to `True`. This limits the functions that could be executed during unpickling. Arbitrary objects will no longer be allowed to be loaded via this mode unless they are explicitly allowlisted by the user via `torch.serialization.add_safe_globals`. We recommend you start setting `weights_only=True` for any use case where you don't have full control of the loaded file. Please open an issue on GitHub for any issues related to this experimental feature.
  d = torch.load(ckpt_path)
INFO:/users/sgsrehm1/COMP702_BeyondAF/code/COMP390_code/openfold/openfold/utils/script_utils.py:Loaded OpenFold parameters at /users/sgsrehm1/COMP702_BeyondAF/code/COMP390_code/checkpoints/run_subset_gpu32_h100_ep33/csv_logs/version_0/checkpoints/32-330000.ckpt...
INFO:/users/sgsrehm1/COMP702_BeyondAF/code/COMP390_code/openfold/run_pretrained_openfold.py:Using precomputed alignments for 2olo_A at /users/sgsrehm1/scratch/openfold_inference/alignments_cf...
INFO:/users/sgsrehm1/COMP702_BeyondAF/code/COMP390_code/openfold/openfold/utils/script_utils.py:Running inference for 2olo_A...
INFO:/users/sgsrehm1/COMP702_BeyondAF/code/COMP390_code/openfold/openfold/utils/script_utils.py:Inference time: 13.396533572115004
/users/sgsrehm1/COMP702_BeyondAF/code/COMP390_code/openfold/run_pretrained_openfold.py:351: DeprecationWarning: __array__ implementation doesn't accept a copy keyword, so passing copy=False failed. __array__ must implement 'dtype' and 'copy' keyword arguments. To learn more, see the migration guide https://numpy.org/devdocs/numpy_2_0_migration_guide.html#adapting-to-changes-in-the-copy-keyword
  lambda x: np.array(x[..., -1].cpu()),
/users/sgsrehm1/COMP702_BeyondAF/code/COMP390_code/openfold/run_pretrained_openfold.py:354: DeprecationWarning: __array__ implementation doesn't accept a copy keyword, so passing copy=False failed. __array__ must implement 'dtype' and 'copy' keyword arguments. To learn more, see the migration guide https://numpy.org/devdocs/numpy_2_0_migration_guide.html#adapting-to-changes-in-the-copy-keyword
  out = tensor_tree_map(lambda x: np.array(x.cpu()), out)
INFO:/users/sgsrehm1/COMP702_BeyondAF/code/COMP390_code/openfold/run_pretrained_openfold.py:Output written to /users/sgsrehm1/COMP702_BeyondAF/code/COMP390_code/Result/2olo_minhao_relaxed_100_20260716_113129/repeat_58/predictions/2olo_A_model_1_unrelaxed.pdb...
INFO:/users/sgsrehm1/COMP702_BeyondAF/code/COMP390_code/openfold/run_pretrained_openfold.py:Running relaxation on /users/sgsrehm1/COMP702_BeyondAF/code/COMP390_code/Result/2olo_minhao_relaxed_100_20260716_113129/repeat_58/predictions/2olo_A_model_1_unrelaxed.pdb...
INFO:/users/sgsrehm1/COMP702_BeyondAF/code/COMP390_code/openfold/openfold/utils/script_utils.py:Relaxation time: 80.70746788568795
INFO:/users/sgsrehm1/COMP702_BeyondAF/code/COMP390_code/openfold/openfold/utils/script_utils.py:Relaxed output written to /users/sgsrehm1/COMP702_BeyondAF/code/COMP390_code/Result/2olo_minhao_relaxed_100_20260716_113129/repeat_58/predictions/2olo_A_model_1_relaxed.pdb...
/users/sgsrehm1/COMP702_BeyondAF/code/COMP390_code/openfold/openfold/utils/script_utils.py:131: FutureWarning: You are using `torch.load` with `weights_only=False` (the current default value), which uses the default pickle module implicitly. It is possible to construct malicious pickle data which will execute arbitrary code during unpickling (See https://github.com/pytorch/pytorch/blob/main/SECURITY.md#untrusted-models for more details). In a future release, the default value for `weights_only` will be flipped to `True`. This limits the functions that could be executed during unpickling. Arbitrary objects will no longer be allowed to be loaded via this mode unless they are explicitly allowlisted by the user via `torch.serialization.add_safe_globals`. We recommend you start setting `weights_only=True` for any use case where you don't have full control of the loaded file. Please open an issue on GitHub for any issues related to this experimental feature.
  d = torch.load(ckpt_path)
INFO:/users/sgsrehm1/COMP702_BeyondAF/code/COMP390_code/openfold/openfold/utils/script_utils.py:Loaded OpenFold parameters at /users/sgsrehm1/COMP702_BeyondAF/code/COMP390_code/checkpoints/run_subset_gpu32_h100_ep33/csv_logs/version_0/checkpoints/32-330000.ckpt...
INFO:/users/sgsrehm1/COMP702_BeyondAF/code/COMP390_code/openfold/run_pretrained_openfold.py:Using precomputed alignments for 2olo_A at /users/sgsrehm1/scratch/openfold_inference/alignments_cf...
INFO:/users/sgsrehm1/COMP702_BeyondAF/code/COMP390_code/openfold/openfold/utils/script_utils.py:Running inference for 2olo_A...
INFO:/users/sgsrehm1/COMP702_BeyondAF/code/COMP390_code/openfold/openfold/utils/script_utils.py:Inference time: 13.406859061680734
/users/sgsrehm1/COMP702_BeyondAF/code/COMP390_code/openfold/run_pretrained_openfold.py:351: DeprecationWarning: __array__ implementation doesn't accept a copy keyword, so passing copy=False failed. __array__ must implement 'dtype' and 'copy' keyword arguments. To learn more, see the migration guide https://numpy.org/devdocs/numpy_2_0_migration_guide.html#adapting-to-changes-in-the-copy-keyword
  lambda x: np.array(x[..., -1].cpu()),
/users/sgsrehm1/COMP702_BeyondAF/code/COMP390_code/openfold/run_pretrained_openfold.py:354: DeprecationWarning: __array__ implementation doesn't accept a copy keyword, so passing copy=False failed. __array__ must implement 'dtype' and 'copy' keyword arguments. To learn more, see the migration guide https://numpy.org/devdocs/numpy_2_0_migration_guide.html#adapting-to-changes-in-the-copy-keyword
  out = tensor_tree_map(lambda x: np.array(x.cpu()), out)
INFO:/users/sgsrehm1/COMP702_BeyondAF/code/COMP390_code/openfold/run_pretrained_openfold.py:Output written to /users/sgsrehm1/COMP702_BeyondAF/code/COMP390_code/Result/2olo_minhao_relaxed_100_20260716_113129/repeat_59/predictions/2olo_A_model_1_unrelaxed.pdb...
INFO:/users/sgsrehm1/COMP702_BeyondAF/code/COMP390_code/openfold/run_pretrained_openfold.py:Running relaxation on /users/sgsrehm1/COMP702_BeyondAF/code/COMP390_code/Result/2olo_minhao_relaxed_100_20260716_113129/repeat_59/predictions/2olo_A_model_1_unrelaxed.pdb...
INFO:/users/sgsrehm1/COMP702_BeyondAF/code/COMP390_code/openfold/openfold/utils/script_utils.py:Relaxation time: 11.134076298214495
INFO:/users/sgsrehm1/COMP702_BeyondAF/code/COMP390_code/openfold/openfold/utils/script_utils.py:Relaxed output written to /users/sgsrehm1/COMP702_BeyondAF/code/COMP390_code/Result/2olo_minhao_relaxed_100_20260716_113129/repeat_59/predictions/2olo_A_model_1_relaxed.pdb...
/users/sgsrehm1/COMP702_BeyondAF/code/COMP390_code/openfold/openfold/utils/script_utils.py:131: FutureWarning: You are using `torch.load` with `weights_only=False` (the current default value), which uses the default pickle module implicitly. It is possible to construct malicious pickle data which will execute arbitrary code during unpickling (See https://github.com/pytorch/pytorch/blob/main/SECURITY.md#untrusted-models for more details). In a future release, the default value for `weights_only` will be flipped to `True`. This limits the functions that could be executed during unpickling. Arbitrary objects will no longer be allowed to be loaded via this mode unless they are explicitly allowlisted by the user via `torch.serialization.add_safe_globals`. We recommend you start setting `weights_only=True` for any use case where you don't have full control of the loaded file. Please open an issue on GitHub for any issues related to this experimental feature.
  d = torch.load(ckpt_path)
INFO:/users/sgsrehm1/COMP702_BeyondAF/code/COMP390_code/openfold/openfold/utils/script_utils.py:Loaded OpenFold parameters at /users/sgsrehm1/COMP702_BeyondAF/code/COMP390_code/checkpoints/run_subset_gpu32_h100_ep33/csv_logs/version_0/checkpoints/32-330000.ckpt...
INFO:/users/sgsrehm1/COMP702_BeyondAF/code/COMP390_code/openfold/run_pretrained_openfold.py:Using precomputed alignments for 2olo_A at /users/sgsrehm1/scratch/openfold_inference/alignments_cf...
INFO:/users/sgsrehm1/COMP702_BeyondAF/code/COMP390_code/openfold/openfold/utils/script_utils.py:Running inference for 2olo_A...
INFO:/users/sgsrehm1/COMP702_BeyondAF/code/COMP390_code/openfold/openfold/utils/script_utils.py:Inference time: 13.390004394575953
/users/sgsrehm1/COMP702_BeyondAF/code/COMP390_code/openfold/run_pretrained_openfold.py:351: DeprecationWarning: __array__ implementation doesn't accept a copy keyword, so passing copy=False failed. __array__ must implement 'dtype' and 'copy' keyword arguments. To learn more, see the migration guide https://numpy.org/devdocs/numpy_2_0_migration_guide.html#adapting-to-changes-in-the-copy-keyword
  lambda x: np.array(x[..., -1].cpu()),
/users/sgsrehm1/COMP702_BeyondAF/code/COMP390_code/openfold/run_pretrained_openfold.py:354: DeprecationWarning: __array__ implementation doesn't accept a copy keyword, so passing copy=False failed. __array__ must implement 'dtype' and 'copy' keyword arguments. To learn more, see the migration guide https://numpy.org/devdocs/numpy_2_0_migration_guide.html#adapting-to-changes-in-the-copy-keyword
  out = tensor_tree_map(lambda x: np.array(x.cpu()), out)
INFO:/users/sgsrehm1/COMP702_BeyondAF/code/COMP390_code/openfold/run_pretrained_openfold.py:Output written to /users/sgsrehm1/COMP702_BeyondAF/code/COMP390_code/Result/2olo_minhao_relaxed_100_20260716_113129/repeat_60/predictions/2olo_A_model_1_unrelaxed.pdb...
INFO:/users/sgsrehm1/COMP702_BeyondAF/code/COMP390_code/openfold/run_pretrained_openfold.py:Running relaxation on /users/sgsrehm1/COMP702_BeyondAF/code/COMP390_code/Result/2olo_minhao_relaxed_100_20260716_113129/repeat_60/predictions/2olo_A_model_1_unrelaxed.pdb...
INFO:/users/sgsrehm1/COMP702_BeyondAF/code/COMP390_code/openfold/openfold/utils/script_utils.py:Relaxation time: 10.307651591487229
INFO:/users/sgsrehm1/COMP702_BeyondAF/code/COMP390_code/openfold/openfold/utils/script_utils.py:Relaxed output written to /users/sgsrehm1/COMP702_BeyondAF/code/COMP390_code/Result/2olo_minhao_relaxed_100_20260716_113129/repeat_60/predictions/2olo_A_model_1_relaxed.pdb...
/users/sgsrehm1/COMP702_BeyondAF/code/COMP390_code/openfold/openfold/utils/script_utils.py:131: FutureWarning: You are using `torch.load` with `weights_only=False` (the current default value), which uses the default pickle module implicitly. It is possible to construct malicious pickle data which will execute arbitrary code during unpickling (See https://github.com/pytorch/pytorch/blob/main/SECURITY.md#untrusted-models for more details). In a future release, the default value for `weights_only` will be flipped to `True`. This limits the functions that could be executed during unpickling. Arbitrary objects will no longer be allowed to be loaded via this mode unless they are explicitly allowlisted by the user via `torch.serialization.add_safe_globals`. We recommend you start setting `weights_only=True` for any use case where you don't have full control of the loaded file. Please open an issue on GitHub for any issues related to this experimental feature.
  d = torch.load(ckpt_path)
INFO:/users/sgsrehm1/COMP702_BeyondAF/code/COMP390_code/openfold/openfold/utils/script_utils.py:Loaded OpenFold parameters at /users/sgsrehm1/COMP702_BeyondAF/code/COMP390_code/checkpoints/run_subset_gpu32_h100_ep33/csv_logs/version_0/checkpoints/32-330000.ckpt...
INFO:/users/sgsrehm1/COMP702_BeyondAF/code/COMP390_code/openfold/run_pretrained_openfold.py:Using precomputed alignments for 2olo_A at /users/sgsrehm1/scratch/openfold_inference/alignments_cf...
INFO:/users/sgsrehm1/COMP702_BeyondAF/code/COMP390_code/openfold/openfold/utils/script_utils.py:Running inference for 2olo_A...
INFO:/users/sgsrehm1/COMP702_BeyondAF/code/COMP390_code/openfold/openfold/utils/script_utils.py:Inference time: 13.39151977095753
/users/sgsrehm1/COMP702_BeyondAF/code/COMP390_code/openfold/run_pretrained_openfold.py:351: DeprecationWarning: __array__ implementation doesn't accept a copy keyword, so passing copy=False failed. __array__ must implement 'dtype' and 'copy' keyword arguments. To learn more, see the migration guide https://numpy.org/devdocs/numpy_2_0_migration_guide.html#adapting-to-changes-in-the-copy-keyword
  lambda x: np.array(x[..., -1].cpu()),
/users/sgsrehm1/COMP702_BeyondAF/code/COMP390_code/openfold/run_pretrained_openfold.py:354: DeprecationWarning: __array__ implementation doesn't accept a copy keyword, so passing copy=False failed. __array__ must implement 'dtype' and 'copy' keyword arguments. To learn more, see the migration guide https://numpy.org/devdocs/numpy_2_0_migration_guide.html#adapting-to-changes-in-the-copy-keyword
  out = tensor_tree_map(lambda x: np.array(x.cpu()), out)
INFO:/users/sgsrehm1/COMP702_BeyondAF/code/COMP390_code/openfold/run_pretrained_openfold.py:Output written to /users/sgsrehm1/COMP702_BeyondAF/code/COMP390_code/Result/2olo_minhao_relaxed_100_20260716_113129/repeat_61/predictions/2olo_A_model_1_unrelaxed.pdb...
INFO:/users/sgsrehm1/COMP702_BeyondAF/code/COMP390_code/openfold/run_pretrained_openfold.py:Running relaxation on /users/sgsrehm1/COMP702_BeyondAF/code/COMP390_code/Result/2olo_minhao_relaxed_100_20260716_113129/repeat_61/predictions/2olo_A_model_1_unrelaxed.pdb...
INFO:/users/sgsrehm1/COMP702_BeyondAF/code/COMP390_code/openfold/openfold/utils/script_utils.py:Relaxation time: 81.82054360955954
INFO:/users/sgsrehm1/COMP702_BeyondAF/code/COMP390_code/openfold/openfold/utils/script_utils.py:Relaxed output written to /users/sgsrehm1/COMP702_BeyondAF/code/COMP390_code/Result/2olo_minhao_relaxed_100_20260716_113129/repeat_61/predictions/2olo_A_model_1_relaxed.pdb...
/users/sgsrehm1/COMP702_BeyondAF/code/COMP390_code/openfold/openfold/utils/script_utils.py:131: FutureWarning: You are using `torch.load` with `weights_only=False` (the current default value), which uses the default pickle module implicitly. It is possible to construct malicious pickle data which will execute arbitrary code during unpickling (See https://github.com/pytorch/pytorch/blob/main/SECURITY.md#untrusted-models for more details). In a future release, the default value for `weights_only` will be flipped to `True`. This limits the functions that could be executed during unpickling. Arbitrary objects will no longer be allowed to be loaded via this mode unless they are explicitly allowlisted by the user via `torch.serialization.add_safe_globals`. We recommend you start setting `weights_only=True` for any use case where you don't have full control of the loaded file. Please open an issue on GitHub for any issues related to this experimental feature.
  d = torch.load(ckpt_path)
INFO:/users/sgsrehm1/COMP702_BeyondAF/code/COMP390_code/openfold/openfold/utils/script_utils.py:Loaded OpenFold parameters at /users/sgsrehm1/COMP702_BeyondAF/code/COMP390_code/checkpoints/run_subset_gpu32_h100_ep33/csv_logs/version_0/checkpoints/32-330000.ckpt...
INFO:/users/sgsrehm1/COMP702_BeyondAF/code/COMP390_code/openfold/run_pretrained_openfold.py:Using precomputed alignments for 2olo_A at /users/sgsrehm1/scratch/openfold_inference/alignments_cf...
INFO:/users/sgsrehm1/COMP702_BeyondAF/code/COMP390_code/openfold/openfold/utils/script_utils.py:Running inference for 2olo_A...
INFO:/users/sgsrehm1/COMP702_BeyondAF/code/COMP390_code/openfold/openfold/utils/script_utils.py:Inference time: 13.406877013854682
/users/sgsrehm1/COMP702_BeyondAF/code/COMP390_code/openfold/run_pretrained_openfold.py:351: DeprecationWarning: __array__ implementation doesn't accept a copy keyword, so passing copy=False failed. __array__ must implement 'dtype' and 'copy' keyword arguments. To learn more, see the migration guide https://numpy.org/devdocs/numpy_2_0_migration_guide.html#adapting-to-changes-in-the-copy-keyword
  lambda x: np.array(x[..., -1].cpu()),
/users/sgsrehm1/COMP702_BeyondAF/code/COMP390_code/openfold/run_pretrained_openfold.py:354: DeprecationWarning: __array__ implementation doesn't accept a copy keyword, so passing copy=False failed. __array__ must implement 'dtype' and 'copy' keyword arguments. To learn more, see the migration guide https://numpy.org/devdocs/numpy_2_0_migration_guide.html#adapting-to-changes-in-the-copy-keyword
  out = tensor_tree_map(lambda x: np.array(x.cpu()), out)
INFO:/users/sgsrehm1/COMP702_BeyondAF/code/COMP390_code/openfold/run_pretrained_openfold.py:Output written to /users/sgsrehm1/COMP702_BeyondAF/code/COMP390_code/Result/2olo_minhao_relaxed_100_20260716_113129/repeat_62/predictions/2olo_A_model_1_unrelaxed.pdb...
INFO:/users/sgsrehm1/COMP702_BeyondAF/code/COMP390_code/openfold/run_pretrained_openfold.py:Running relaxation on /users/sgsrehm1/COMP702_BeyondAF/code/COMP390_code/Result/2olo_minhao_relaxed_100_20260716_113129/repeat_62/predictions/2olo_A_model_1_unrelaxed.pdb...
INFO:/users/sgsrehm1/COMP702_BeyondAF/code/COMP390_code/openfold/openfold/utils/script_utils.py:Relaxation time: 82.34358755685389
INFO:/users/sgsrehm1/COMP702_BeyondAF/code/COMP390_code/openfold/openfold/utils/script_utils.py:Relaxed output written to /users/sgsrehm1/COMP702_BeyondAF/code/COMP390_code/Result/2olo_minhao_relaxed_100_20260716_113129/repeat_62/predictions/2olo_A_model_1_relaxed.pdb...
/users/sgsrehm1/COMP702_BeyondAF/code/COMP390_code/openfold/openfold/utils/script_utils.py:131: FutureWarning: You are using `torch.load` with `weights_only=False` (the current default value), which uses the default pickle module implicitly. It is possible to construct malicious pickle data which will execute arbitrary code during unpickling (See https://github.com/pytorch/pytorch/blob/main/SECURITY.md#untrusted-models for more details). In a future release, the default value for `weights_only` will be flipped to `True`. This limits the functions that could be executed during unpickling. Arbitrary objects will no longer be allowed to be loaded via this mode unless they are explicitly allowlisted by the user via `torch.serialization.add_safe_globals`. We recommend you start setting `weights_only=True` for any use case where you don't have full control of the loaded file. Please open an issue on GitHub for any issues related to this experimental feature.
  d = torch.load(ckpt_path)
INFO:/users/sgsrehm1/COMP702_BeyondAF/code/COMP390_code/openfold/openfold/utils/script_utils.py:Loaded OpenFold parameters at /users/sgsrehm1/COMP702_BeyondAF/code/COMP390_code/checkpoints/run_subset_gpu32_h100_ep33/csv_logs/version_0/checkpoints/32-330000.ckpt...
INFO:/users/sgsrehm1/COMP702_BeyondAF/code/COMP390_code/openfold/run_pretrained_openfold.py:Using precomputed alignments for 2olo_A at /users/sgsrehm1/scratch/openfold_inference/alignments_cf...
INFO:/users/sgsrehm1/COMP702_BeyondAF/code/COMP390_code/openfold/openfold/utils/script_utils.py:Running inference for 2olo_A...
INFO:/users/sgsrehm1/COMP702_BeyondAF/code/COMP390_code/openfold/openfold/utils/script_utils.py:Inference time: 13.414926555007696
/users/sgsrehm1/COMP702_BeyondAF/code/COMP390_code/openfold/run_pretrained_openfold.py:351: DeprecationWarning: __array__ implementation doesn't accept a copy keyword, so passing copy=False failed. __array__ must implement 'dtype' and 'copy' keyword arguments. To learn more, see the migration guide https://numpy.org/devdocs/numpy_2_0_migration_guide.html#adapting-to-changes-in-the-copy-keyword
  lambda x: np.array(x[..., -1].cpu()),
/users/sgsrehm1/COMP702_BeyondAF/code/COMP390_code/openfold/run_pretrained_openfold.py:354: DeprecationWarning: __array__ implementation doesn't accept a copy keyword, so passing copy=False failed. __array__ must implement 'dtype' and 'copy' keyword arguments. To learn more, see the migration guide https://numpy.org/devdocs/numpy_2_0_migration_guide.html#adapting-to-changes-in-the-copy-keyword
  out = tensor_tree_map(lambda x: np.array(x.cpu()), out)
INFO:/users/sgsrehm1/COMP702_BeyondAF/code/COMP390_code/openfold/run_pretrained_openfold.py:Output written to /users/sgsrehm1/COMP702_BeyondAF/code/COMP390_code/Result/2olo_minhao_relaxed_100_20260716_113129/repeat_63/predictions/2olo_A_model_1_unrelaxed.pdb...
INFO:/users/sgsrehm1/COMP702_BeyondAF/code/COMP390_code/openfold/run_pretrained_openfold.py:Running relaxation on /users/sgsrehm1/COMP702_BeyondAF/code/COMP390_code/Result/2olo_minhao_relaxed_100_20260716_113129/repeat_63/predictions/2olo_A_model_1_unrelaxed.pdb...
INFO:/users/sgsrehm1/COMP702_BeyondAF/code/COMP390_code/openfold/openfold/utils/script_utils.py:Relaxation time: 79.73123661242425
INFO:/users/sgsrehm1/COMP702_BeyondAF/code/COMP390_code/openfold/openfold/utils/script_utils.py:Relaxed output written to /users/sgsrehm1/COMP702_BeyondAF/code/COMP390_code/Result/2olo_minhao_relaxed_100_20260716_113129/repeat_63/predictions/2olo_A_model_1_relaxed.pdb...
/users/sgsrehm1/COMP702_BeyondAF/code/COMP390_code/openfold/openfold/utils/script_utils.py:131: FutureWarning: You are using `torch.load` with `weights_only=False` (the current default value), which uses the default pickle module implicitly. It is possible to construct malicious pickle data which will execute arbitrary code during unpickling (See https://github.com/pytorch/pytorch/blob/main/SECURITY.md#untrusted-models for more details). In a future release, the default value for `weights_only` will be flipped to `True`. This limits the functions that could be executed during unpickling. Arbitrary objects will no longer be allowed to be loaded via this mode unless they are explicitly allowlisted by the user via `torch.serialization.add_safe_globals`. We recommend you start setting `weights_only=True` for any use case where you don't have full control of the loaded file. Please open an issue on GitHub for any issues related to this experimental feature.
  d = torch.load(ckpt_path)
INFO:/users/sgsrehm1/COMP702_BeyondAF/code/COMP390_code/openfold/openfold/utils/script_utils.py:Loaded OpenFold parameters at /users/sgsrehm1/COMP702_BeyondAF/code/COMP390_code/checkpoints/run_subset_gpu32_h100_ep33/csv_logs/version_0/checkpoints/32-330000.ckpt...
INFO:/users/sgsrehm1/COMP702_BeyondAF/code/COMP390_code/openfold/run_pretrained_openfold.py:Using precomputed alignments for 2olo_A at /users/sgsrehm1/scratch/openfold_inference/alignments_cf...
INFO:/users/sgsrehm1/COMP702_BeyondAF/code/COMP390_code/openfold/openfold/utils/script_utils.py:Running inference for 2olo_A...
INFO:/users/sgsrehm1/COMP702_BeyondAF/code/COMP390_code/openfold/openfold/utils/script_utils.py:Inference time: 13.417374183423817
/users/sgsrehm1/COMP702_BeyondAF/code/COMP390_code/openfold/run_pretrained_openfold.py:351: DeprecationWarning: __array__ implementation doesn't accept a copy keyword, so passing copy=False failed. __array__ must implement 'dtype' and 'copy' keyword arguments. To learn more, see the migration guide https://numpy.org/devdocs/numpy_2_0_migration_guide.html#adapting-to-changes-in-the-copy-keyword
  lambda x: np.array(x[..., -1].cpu()),
/users/sgsrehm1/COMP702_BeyondAF/code/COMP390_code/openfold/run_pretrained_openfold.py:354: DeprecationWarning: __array__ implementation doesn't accept a copy keyword, so passing copy=False failed. __array__ must implement 'dtype' and 'copy' keyword arguments. To learn more, see the migration guide https://numpy.org/devdocs/numpy_2_0_migration_guide.html#adapting-to-changes-in-the-copy-keyword
  out = tensor_tree_map(lambda x: np.array(x.cpu()), out)
INFO:/users/sgsrehm1/COMP702_BeyondAF/code/COMP390_code/openfold/run_pretrained_openfold.py:Output written to /users/sgsrehm1/COMP702_BeyondAF/code/COMP390_code/Result/2olo_minhao_relaxed_100_20260716_113129/repeat_64/predictions/2olo_A_model_1_unrelaxed.pdb...
INFO:/users/sgsrehm1/COMP702_BeyondAF/code/COMP390_code/openfold/run_pretrained_openfold.py:Running relaxation on /users/sgsrehm1/COMP702_BeyondAF/code/COMP390_code/Result/2olo_minhao_relaxed_100_20260716_113129/repeat_64/predictions/2olo_A_model_1_unrelaxed.pdb...
INFO:/users/sgsrehm1/COMP702_BeyondAF/code/COMP390_code/openfold/openfold/utils/script_utils.py:Relaxation time: 79.70816332194954
INFO:/users/sgsrehm1/COMP702_BeyondAF/code/COMP390_code/openfold/openfold/utils/script_utils.py:Relaxed output written to /users/sgsrehm1/COMP702_BeyondAF/code/COMP390_code/Result/2olo_minhao_relaxed_100_20260716_113129/repeat_64/predictions/2olo_A_model_1_relaxed.pdb...
/users/sgsrehm1/COMP702_BeyondAF/code/COMP390_code/openfold/openfold/utils/script_utils.py:131: FutureWarning: You are using `torch.load` with `weights_only=False` (the current default value), which uses the default pickle module implicitly. It is possible to construct malicious pickle data which will execute arbitrary code during unpickling (See https://github.com/pytorch/pytorch/blob/main/SECURITY.md#untrusted-models for more details). In a future release, the default value for `weights_only` will be flipped to `True`. This limits the functions that could be executed during unpickling. Arbitrary objects will no longer be allowed to be loaded via this mode unless they are explicitly allowlisted by the user via `torch.serialization.add_safe_globals`. We recommend you start setting `weights_only=True` for any use case where you don't have full control of the loaded file. Please open an issue on GitHub for any issues related to this experimental feature.
  d = torch.load(ckpt_path)
INFO:/users/sgsrehm1/COMP702_BeyondAF/code/COMP390_code/openfold/openfold/utils/script_utils.py:Loaded OpenFold parameters at /users/sgsrehm1/COMP702_BeyondAF/code/COMP390_code/checkpoints/run_subset_gpu32_h100_ep33/csv_logs/version_0/checkpoints/32-330000.ckpt...
INFO:/users/sgsrehm1/COMP702_BeyondAF/code/COMP390_code/openfold/run_pretrained_openfold.py:Using precomputed alignments for 2olo_A at /users/sgsrehm1/scratch/openfold_inference/alignments_cf...
INFO:/users/sgsrehm1/COMP702_BeyondAF/code/COMP390_code/openfold/openfold/utils/script_utils.py:Running inference for 2olo_A...
INFO:/users/sgsrehm1/COMP702_BeyondAF/code/COMP390_code/openfold/openfold/utils/script_utils.py:Inference time: 13.423653558827937
/users/sgsrehm1/COMP702_BeyondAF/code/COMP390_code/openfold/run_pretrained_openfold.py:351: DeprecationWarning: __array__ implementation doesn't accept a copy keyword, so passing copy=False failed. __array__ must implement 'dtype' and 'copy' keyword arguments. To learn more, see the migration guide https://numpy.org/devdocs/numpy_2_0_migration_guide.html#adapting-to-changes-in-the-copy-keyword
  lambda x: np.array(x[..., -1].cpu()),
/users/sgsrehm1/COMP702_BeyondAF/code/COMP390_code/openfold/run_pretrained_openfold.py:354: DeprecationWarning: __array__ implementation doesn't accept a copy keyword, so passing copy=False failed. __array__ must implement 'dtype' and 'copy' keyword arguments. To learn more, see the migration guide https://numpy.org/devdocs/numpy_2_0_migration_guide.html#adapting-to-changes-in-the-copy-keyword
  out = tensor_tree_map(lambda x: np.array(x.cpu()), out)
INFO:/users/sgsrehm1/COMP702_BeyondAF/code/COMP390_code/openfold/run_pretrained_openfold.py:Output written to /users/sgsrehm1/COMP702_BeyondAF/code/COMP390_code/Result/2olo_minhao_relaxed_100_20260716_113129/repeat_65/predictions/2olo_A_model_1_unrelaxed.pdb...
INFO:/users/sgsrehm1/COMP702_BeyondAF/code/COMP390_code/openfold/run_pretrained_openfold.py:Running relaxation on /users/sgsrehm1/COMP702_BeyondAF/code/COMP390_code/Result/2olo_minhao_relaxed_100_20260716_113129/repeat_65/predictions/2olo_A_model_1_unrelaxed.pdb...
INFO:/users/sgsrehm1/COMP702_BeyondAF/code/COMP390_code/openfold/openfold/utils/script_utils.py:Relaxation time: 15.124338201247156
INFO:/users/sgsrehm1/COMP702_BeyondAF/code/COMP390_code/openfold/openfold/utils/script_utils.py:Relaxed output written to /users/sgsrehm1/COMP702_BeyondAF/code/COMP390_code/Result/2olo_minhao_relaxed_100_20260716_113129/repeat_65/predictions/2olo_A_model_1_relaxed.pdb...
/users/sgsrehm1/COMP702_BeyondAF/code/COMP390_code/openfold/openfold/utils/script_utils.py:131: FutureWarning: You are using `torch.load` with `weights_only=False` (the current default value), which uses the default pickle module implicitly. It is possible to construct malicious pickle data which will execute arbitrary code during unpickling (See https://github.com/pytorch/pytorch/blob/main/SECURITY.md#untrusted-models for more details). In a future release, the default value for `weights_only` will be flipped to `True`. This limits the functions that could be executed during unpickling. Arbitrary objects will no longer be allowed to be loaded via this mode unless they are explicitly allowlisted by the user via `torch.serialization.add_safe_globals`. We recommend you start setting `weights_only=True` for any use case where you don't have full control of the loaded file. Please open an issue on GitHub for any issues related to this experimental feature.
  d = torch.load(ckpt_path)
INFO:/users/sgsrehm1/COMP702_BeyondAF/code/COMP390_code/openfold/openfold/utils/script_utils.py:Loaded OpenFold parameters at /users/sgsrehm1/COMP702_BeyondAF/code/COMP390_code/checkpoints/run_subset_gpu32_h100_ep33/csv_logs/version_0/checkpoints/32-330000.ckpt...
INFO:/users/sgsrehm1/COMP702_BeyondAF/code/COMP390_code/openfold/run_pretrained_openfold.py:Using precomputed alignments for 2olo_A at /users/sgsrehm1/scratch/openfold_inference/alignments_cf...
INFO:/users/sgsrehm1/COMP702_BeyondAF/code/COMP390_code/openfold/openfold/utils/script_utils.py:Running inference for 2olo_A...
INFO:/users/sgsrehm1/COMP702_BeyondAF/code/COMP390_code/openfold/openfold/utils/script_utils.py:Inference time: 13.43267049267888
/users/sgsrehm1/COMP702_BeyondAF/code/COMP390_code/openfold/run_pretrained_openfold.py:351: DeprecationWarning: __array__ implementation doesn't accept a copy keyword, so passing copy=False failed. __array__ must implement 'dtype' and 'copy' keyword arguments. To learn more, see the migration guide https://numpy.org/devdocs/numpy_2_0_migration_guide.html#adapting-to-changes-in-the-copy-keyword
  lambda x: np.array(x[..., -1].cpu()),
/users/sgsrehm1/COMP702_BeyondAF/code/COMP390_code/openfold/run_pretrained_openfold.py:354: DeprecationWarning: __array__ implementation doesn't accept a copy keyword, so passing copy=False failed. __array__ must implement 'dtype' and 'copy' keyword arguments. To learn more, see the migration guide https://numpy.org/devdocs/numpy_2_0_migration_guide.html#adapting-to-changes-in-the-copy-keyword
  out = tensor_tree_map(lambda x: np.array(x.cpu()), out)
INFO:/users/sgsrehm1/COMP702_BeyondAF/code/COMP390_code/openfold/run_pretrained_openfold.py:Output written to /users/sgsrehm1/COMP702_BeyondAF/code/COMP390_code/Result/2olo_minhao_relaxed_100_20260716_113129/repeat_66/predictions/2olo_A_model_1_unrelaxed.pdb...
INFO:/users/sgsrehm1/COMP702_BeyondAF/code/COMP390_code/openfold/run_pretrained_openfold.py:Running relaxation on /users/sgsrehm1/COMP702_BeyondAF/code/COMP390_code/Result/2olo_minhao_relaxed_100_20260716_113129/repeat_66/predictions/2olo_A_model_1_unrelaxed.pdb...
INFO:/users/sgsrehm1/COMP702_BeyondAF/code/COMP390_code/openfold/openfold/utils/script_utils.py:Relaxation time: 81.59791951347142
INFO:/users/sgsrehm1/COMP702_BeyondAF/code/COMP390_code/openfold/openfold/utils/script_utils.py:Relaxed output written to /users/sgsrehm1/COMP702_BeyondAF/code/COMP390_code/Result/2olo_minhao_relaxed_100_20260716_113129/repeat_66/predictions/2olo_A_model_1_relaxed.pdb...
/users/sgsrehm1/COMP702_BeyondAF/code/COMP390_code/openfold/openfold/utils/script_utils.py:131: FutureWarning: You are using `torch.load` with `weights_only=False` (the current default value), which uses the default pickle module implicitly. It is possible to construct malicious pickle data which will execute arbitrary code during unpickling (See https://github.com/pytorch/pytorch/blob/main/SECURITY.md#untrusted-models for more details). In a future release, the default value for `weights_only` will be flipped to `True`. This limits the functions that could be executed during unpickling. Arbitrary objects will no longer be allowed to be loaded via this mode unless they are explicitly allowlisted by the user via `torch.serialization.add_safe_globals`. We recommend you start setting `weights_only=True` for any use case where you don't have full control of the loaded file. Please open an issue on GitHub for any issues related to this experimental feature.
  d = torch.load(ckpt_path)
INFO:/users/sgsrehm1/COMP702_BeyondAF/code/COMP390_code/openfold/openfold/utils/script_utils.py:Loaded OpenFold parameters at /users/sgsrehm1/COMP702_BeyondAF/code/COMP390_code/checkpoints/run_subset_gpu32_h100_ep33/csv_logs/version_0/checkpoints/32-330000.ckpt...
INFO:/users/sgsrehm1/COMP702_BeyondAF/code/COMP390_code/openfold/run_pretrained_openfold.py:Using precomputed alignments for 2olo_A at /users/sgsrehm1/scratch/openfold_inference/alignments_cf...
INFO:/users/sgsrehm1/COMP702_BeyondAF/code/COMP390_code/openfold/openfold/utils/script_utils.py:Running inference for 2olo_A...
INFO:/users/sgsrehm1/COMP702_BeyondAF/code/COMP390_code/openfold/openfold/utils/script_utils.py:Inference time: 13.427726235240698
/users/sgsrehm1/COMP702_BeyondAF/code/COMP390_code/openfold/run_pretrained_openfold.py:351: DeprecationWarning: __array__ implementation doesn't accept a copy keyword, so passing copy=False failed. __array__ must implement 'dtype' and 'copy' keyword arguments. To learn more, see the migration guide https://numpy.org/devdocs/numpy_2_0_migration_guide.html#adapting-to-changes-in-the-copy-keyword
  lambda x: np.array(x[..., -1].cpu()),
/users/sgsrehm1/COMP702_BeyondAF/code/COMP390_code/openfold/run_pretrained_openfold.py:354: DeprecationWarning: __array__ implementation doesn't accept a copy keyword, so passing copy=False failed. __array__ must implement 'dtype' and 'copy' keyword arguments. To learn more, see the migration guide https://numpy.org/devdocs/numpy_2_0_migration_guide.html#adapting-to-changes-in-the-copy-keyword
  out = tensor_tree_map(lambda x: np.array(x.cpu()), out)
INFO:/users/sgsrehm1/COMP702_BeyondAF/code/COMP390_code/openfold/run_pretrained_openfold.py:Output written to /users/sgsrehm1/COMP702_BeyondAF/code/COMP390_code/Result/2olo_minhao_relaxed_100_20260716_113129/repeat_67/predictions/2olo_A_model_1_unrelaxed.pdb...
INFO:/users/sgsrehm1/COMP702_BeyondAF/code/COMP390_code/openfold/run_pretrained_openfold.py:Running relaxation on /users/sgsrehm1/COMP702_BeyondAF/code/COMP390_code/Result/2olo_minhao_relaxed_100_20260716_113129/repeat_67/predictions/2olo_A_model_1_unrelaxed.pdb...
INFO:/users/sgsrehm1/COMP702_BeyondAF/code/COMP390_code/openfold/openfold/utils/script_utils.py:Relaxation time: 37.70284681208432
INFO:/users/sgsrehm1/COMP702_BeyondAF/code/COMP390_code/openfold/openfold/utils/script_utils.py:Relaxed output written to /users/sgsrehm1/COMP702_BeyondAF/code/COMP390_code/Result/2olo_minhao_relaxed_100_20260716_113129/repeat_67/predictions/2olo_A_model_1_relaxed.pdb...
/users/sgsrehm1/COMP702_BeyondAF/code/COMP390_code/openfold/openfold/utils/script_utils.py:131: FutureWarning: You are using `torch.load` with `weights_only=False` (the current default value), which uses the default pickle module implicitly. It is possible to construct malicious pickle data which will execute arbitrary code during unpickling (See https://github.com/pytorch/pytorch/blob/main/SECURITY.md#untrusted-models for more details). In a future release, the default value for `weights_only` will be flipped to `True`. This limits the functions that could be executed during unpickling. Arbitrary objects will no longer be allowed to be loaded via this mode unless they are explicitly allowlisted by the user via `torch.serialization.add_safe_globals`. We recommend you start setting `weights_only=True` for any use case where you don't have full control of the loaded file. Please open an issue on GitHub for any issues related to this experimental feature.
  d = torch.load(ckpt_path)
INFO:/users/sgsrehm1/COMP702_BeyondAF/code/COMP390_code/openfold/openfold/utils/script_utils.py:Loaded OpenFold parameters at /users/sgsrehm1/COMP702_BeyondAF/code/COMP390_code/checkpoints/run_subset_gpu32_h100_ep33/csv_logs/version_0/checkpoints/32-330000.ckpt...
INFO:/users/sgsrehm1/COMP702_BeyondAF/code/COMP390_code/openfold/run_pretrained_openfold.py:Using precomputed alignments for 2olo_A at /users/sgsrehm1/scratch/openfold_inference/alignments_cf...
INFO:/users/sgsrehm1/COMP702_BeyondAF/code/COMP390_code/openfold/openfold/utils/script_utils.py:Running inference for 2olo_A...
INFO:/users/sgsrehm1/COMP702_BeyondAF/code/COMP390_code/openfold/openfold/utils/script_utils.py:Inference time: 13.39339628815651
/users/sgsrehm1/COMP702_BeyondAF/code/COMP390_code/openfold/run_pretrained_openfold.py:351: DeprecationWarning: __array__ implementation doesn't accept a copy keyword, so passing copy=False failed. __array__ must implement 'dtype' and 'copy' keyword arguments. To learn more, see the migration guide https://numpy.org/devdocs/numpy_2_0_migration_guide.html#adapting-to-changes-in-the-copy-keyword
  lambda x: np.array(x[..., -1].cpu()),
/users/sgsrehm1/COMP702_BeyondAF/code/COMP390_code/openfold/run_pretrained_openfold.py:354: DeprecationWarning: __array__ implementation doesn't accept a copy keyword, so passing copy=False failed. __array__ must implement 'dtype' and 'copy' keyword arguments. To learn more, see the migration guide https://numpy.org/devdocs/numpy_2_0_migration_guide.html#adapting-to-changes-in-the-copy-keyword
  out = tensor_tree_map(lambda x: np.array(x.cpu()), out)
INFO:/users/sgsrehm1/COMP702_BeyondAF/code/COMP390_code/openfold/run_pretrained_openfold.py:Output written to /users/sgsrehm1/COMP702_BeyondAF/code/COMP390_code/Result/2olo_minhao_relaxed_100_20260716_113129/repeat_68/predictions/2olo_A_model_1_unrelaxed.pdb...
INFO:/users/sgsrehm1/COMP702_BeyondAF/code/COMP390_code/openfold/run_pretrained_openfold.py:Running relaxation on /users/sgsrehm1/COMP702_BeyondAF/code/COMP390_code/Result/2olo_minhao_relaxed_100_20260716_113129/repeat_68/predictions/2olo_A_model_1_unrelaxed.pdb...
INFO:/users/sgsrehm1/COMP702_BeyondAF/code/COMP390_code/openfold/openfold/utils/script_utils.py:Relaxation time: 19.172534517012537
INFO:/users/sgsrehm1/COMP702_BeyondAF/code/COMP390_code/openfold/openfold/utils/script_utils.py:Relaxed output written to /users/sgsrehm1/COMP702_BeyondAF/code/COMP390_code/Result/2olo_minhao_relaxed_100_20260716_113129/repeat_68/predictions/2olo_A_model_1_relaxed.pdb...
/users/sgsrehm1/COMP702_BeyondAF/code/COMP390_code/openfold/openfold/utils/script_utils.py:131: FutureWarning: You are using `torch.load` with `weights_only=False` (the current default value), which uses the default pickle module implicitly. It is possible to construct malicious pickle data which will execute arbitrary code during unpickling (See https://github.com/pytorch/pytorch/blob/main/SECURITY.md#untrusted-models for more details). In a future release, the default value for `weights_only` will be flipped to `True`. This limits the functions that could be executed during unpickling. Arbitrary objects will no longer be allowed to be loaded via this mode unless they are explicitly allowlisted by the user via `torch.serialization.add_safe_globals`. We recommend you start setting `weights_only=True` for any use case where you don't have full control of the loaded file. Please open an issue on GitHub for any issues related to this experimental feature.
  d = torch.load(ckpt_path)
INFO:/users/sgsrehm1/COMP702_BeyondAF/code/COMP390_code/openfold/openfold/utils/script_utils.py:Loaded OpenFold parameters at /users/sgsrehm1/COMP702_BeyondAF/code/COMP390_code/checkpoints/run_subset_gpu32_h100_ep33/csv_logs/version_0/checkpoints/32-330000.ckpt...
INFO:/users/sgsrehm1/COMP702_BeyondAF/code/COMP390_code/openfold/run_pretrained_openfold.py:Using precomputed alignments for 2olo_A at /users/sgsrehm1/scratch/openfold_inference/alignments_cf...
INFO:/users/sgsrehm1/COMP702_BeyondAF/code/COMP390_code/openfold/openfold/utils/script_utils.py:Running inference for 2olo_A...
INFO:/users/sgsrehm1/COMP702_BeyondAF/code/COMP390_code/openfold/openfold/utils/script_utils.py:Inference time: 13.401956509798765
/users/sgsrehm1/COMP702_BeyondAF/code/COMP390_code/openfold/run_pretrained_openfold.py:351: DeprecationWarning: __array__ implementation doesn't accept a copy keyword, so passing copy=False failed. __array__ must implement 'dtype' and 'copy' keyword arguments. To learn more, see the migration guide https://numpy.org/devdocs/numpy_2_0_migration_guide.html#adapting-to-changes-in-the-copy-keyword
  lambda x: np.array(x[..., -1].cpu()),
/users/sgsrehm1/COMP702_BeyondAF/code/COMP390_code/openfold/run_pretrained_openfold.py:354: DeprecationWarning: __array__ implementation doesn't accept a copy keyword, so passing copy=False failed. __array__ must implement 'dtype' and 'copy' keyword arguments. To learn more, see the migration guide https://numpy.org/devdocs/numpy_2_0_migration_guide.html#adapting-to-changes-in-the-copy-keyword
  out = tensor_tree_map(lambda x: np.array(x.cpu()), out)
INFO:/users/sgsrehm1/COMP702_BeyondAF/code/COMP390_code/openfold/run_pretrained_openfold.py:Output written to /users/sgsrehm1/COMP702_BeyondAF/code/COMP390_code/Result/2olo_minhao_relaxed_100_20260716_113129/repeat_69/predictions/2olo_A_model_1_unrelaxed.pdb...
INFO:/users/sgsrehm1/COMP702_BeyondAF/code/COMP390_code/openfold/run_pretrained_openfold.py:Running relaxation on /users/sgsrehm1/COMP702_BeyondAF/code/COMP390_code/Result/2olo_minhao_relaxed_100_20260716_113129/repeat_69/predictions/2olo_A_model_1_unrelaxed.pdb...
INFO:/users/sgsrehm1/COMP702_BeyondAF/code/COMP390_code/openfold/openfold/utils/script_utils.py:Relaxation time: 10.16327625606209
INFO:/users/sgsrehm1/COMP702_BeyondAF/code/COMP390_code/openfold/openfold/utils/script_utils.py:Relaxed output written to /users/sgsrehm1/COMP702_BeyondAF/code/COMP390_code/Result/2olo_minhao_relaxed_100_20260716_113129/repeat_69/predictions/2olo_A_model_1_relaxed.pdb...
/users/sgsrehm1/COMP702_BeyondAF/code/COMP390_code/openfold/openfold/utils/script_utils.py:131: FutureWarning: You are using `torch.load` with `weights_only=False` (the current default value), which uses the default pickle module implicitly. It is possible to construct malicious pickle data which will execute arbitrary code during unpickling (See https://github.com/pytorch/pytorch/blob/main/SECURITY.md#untrusted-models for more details). In a future release, the default value for `weights_only` will be flipped to `True`. This limits the functions that could be executed during unpickling. Arbitrary objects will no longer be allowed to be loaded via this mode unless they are explicitly allowlisted by the user via `torch.serialization.add_safe_globals`. We recommend you start setting `weights_only=True` for any use case where you don't have full control of the loaded file. Please open an issue on GitHub for any issues related to this experimental feature.
  d = torch.load(ckpt_path)
INFO:/users/sgsrehm1/COMP702_BeyondAF/code/COMP390_code/openfold/openfold/utils/script_utils.py:Loaded OpenFold parameters at /users/sgsrehm1/COMP702_BeyondAF/code/COMP390_code/checkpoints/run_subset_gpu32_h100_ep33/csv_logs/version_0/checkpoints/32-330000.ckpt...
INFO:/users/sgsrehm1/COMP702_BeyondAF/code/COMP390_code/openfold/run_pretrained_openfold.py:Using precomputed alignments for 2olo_A at /users/sgsrehm1/scratch/openfold_inference/alignments_cf...
INFO:/users/sgsrehm1/COMP702_BeyondAF/code/COMP390_code/openfold/openfold/utils/script_utils.py:Running inference for 2olo_A...
INFO:/users/sgsrehm1/COMP702_BeyondAF/code/COMP390_code/openfold/openfold/utils/script_utils.py:Inference time: 13.38736369740218
/users/sgsrehm1/COMP702_BeyondAF/code/COMP390_code/openfold/run_pretrained_openfold.py:351: DeprecationWarning: __array__ implementation doesn't accept a copy keyword, so passing copy=False failed. __array__ must implement 'dtype' and 'copy' keyword arguments. To learn more, see the migration guide https://numpy.org/devdocs/numpy_2_0_migration_guide.html#adapting-to-changes-in-the-copy-keyword
  lambda x: np.array(x[..., -1].cpu()),
/users/sgsrehm1/COMP702_BeyondAF/code/COMP390_code/openfold/run_pretrained_openfold.py:354: DeprecationWarning: __array__ implementation doesn't accept a copy keyword, so passing copy=False failed. __array__ must implement 'dtype' and 'copy' keyword arguments. To learn more, see the migration guide https://numpy.org/devdocs/numpy_2_0_migration_guide.html#adapting-to-changes-in-the-copy-keyword
  out = tensor_tree_map(lambda x: np.array(x.cpu()), out)
INFO:/users/sgsrehm1/COMP702_BeyondAF/code/COMP390_code/openfold/run_pretrained_openfold.py:Output written to /users/sgsrehm1/COMP702_BeyondAF/code/COMP390_code/Result/2olo_minhao_relaxed_100_20260716_113129/repeat_70/predictions/2olo_A_model_1_unrelaxed.pdb...
INFO:/users/sgsrehm1/COMP702_BeyondAF/code/COMP390_code/openfold/run_pretrained_openfold.py:Running relaxation on /users/sgsrehm1/COMP702_BeyondAF/code/COMP390_code/Result/2olo_minhao_relaxed_100_20260716_113129/repeat_70/predictions/2olo_A_model_1_unrelaxed.pdb...
INFO:/users/sgsrehm1/COMP702_BeyondAF/code/COMP390_code/openfold/openfold/utils/script_utils.py:Relaxation time: 19.29078028164804
INFO:/users/sgsrehm1/COMP702_BeyondAF/code/COMP390_code/openfold/openfold/utils/script_utils.py:Relaxed output written to /users/sgsrehm1/COMP702_BeyondAF/code/COMP390_code/Result/2olo_minhao_relaxed_100_20260716_113129/repeat_70/predictions/2olo_A_model_1_relaxed.pdb...
/users/sgsrehm1/COMP702_BeyondAF/code/COMP390_code/openfold/openfold/utils/script_utils.py:131: FutureWarning: You are using `torch.load` with `weights_only=False` (the current default value), which uses the default pickle module implicitly. It is possible to construct malicious pickle data which will execute arbitrary code during unpickling (See https://github.com/pytorch/pytorch/blob/main/SECURITY.md#untrusted-models for more details). In a future release, the default value for `weights_only` will be flipped to `True`. This limits the functions that could be executed during unpickling. Arbitrary objects will no longer be allowed to be loaded via this mode unless they are explicitly allowlisted by the user via `torch.serialization.add_safe_globals`. We recommend you start setting `weights_only=True` for any use case where you don't have full control of the loaded file. Please open an issue on GitHub for any issues related to this experimental feature.
  d = torch.load(ckpt_path)
INFO:/users/sgsrehm1/COMP702_BeyondAF/code/COMP390_code/openfold/openfold/utils/script_utils.py:Loaded OpenFold parameters at /users/sgsrehm1/COMP702_BeyondAF/code/COMP390_code/checkpoints/run_subset_gpu32_h100_ep33/csv_logs/version_0/checkpoints/32-330000.ckpt...
INFO:/users/sgsrehm1/COMP702_BeyondAF/code/COMP390_code/openfold/run_pretrained_openfold.py:Using precomputed alignments for 2olo_A at /users/sgsrehm1/scratch/openfold_inference/alignments_cf...
INFO:/users/sgsrehm1/COMP702_BeyondAF/code/COMP390_code/openfold/openfold/utils/script_utils.py:Running inference for 2olo_A...
INFO:/users/sgsrehm1/COMP702_BeyondAF/code/COMP390_code/openfold/openfold/utils/script_utils.py:Inference time: 13.406896899454296
/users/sgsrehm1/COMP702_BeyondAF/code/COMP390_code/openfold/run_pretrained_openfold.py:351: DeprecationWarning: __array__ implementation doesn't accept a copy keyword, so passing copy=False failed. __array__ must implement 'dtype' and 'copy' keyword arguments. To learn more, see the migration guide https://numpy.org/devdocs/numpy_2_0_migration_guide.html#adapting-to-changes-in-the-copy-keyword
  lambda x: np.array(x[..., -1].cpu()),
/users/sgsrehm1/COMP702_BeyondAF/code/COMP390_code/openfold/run_pretrained_openfold.py:354: DeprecationWarning: __array__ implementation doesn't accept a copy keyword, so passing copy=False failed. __array__ must implement 'dtype' and 'copy' keyword arguments. To learn more, see the migration guide https://numpy.org/devdocs/numpy_2_0_migration_guide.html#adapting-to-changes-in-the-copy-keyword
  out = tensor_tree_map(lambda x: np.array(x.cpu()), out)
INFO:/users/sgsrehm1/COMP702_BeyondAF/code/COMP390_code/openfold/run_pretrained_openfold.py:Output written to /users/sgsrehm1/COMP702_BeyondAF/code/COMP390_code/Result/2olo_minhao_relaxed_100_20260716_113129/repeat_71/predictions/2olo_A_model_1_unrelaxed.pdb...
INFO:/users/sgsrehm1/COMP702_BeyondAF/code/COMP390_code/openfold/run_pretrained_openfold.py:Running relaxation on /users/sgsrehm1/COMP702_BeyondAF/code/COMP390_code/Result/2olo_minhao_relaxed_100_20260716_113129/repeat_71/predictions/2olo_A_model_1_unrelaxed.pdb...
INFO:/users/sgsrehm1/COMP702_BeyondAF/code/COMP390_code/openfold/openfold/utils/script_utils.py:Relaxation time: 79.09054972138256
INFO:/users/sgsrehm1/COMP702_BeyondAF/code/COMP390_code/openfold/openfold/utils/script_utils.py:Relaxed output written to /users/sgsrehm1/COMP702_BeyondAF/code/COMP390_code/Result/2olo_minhao_relaxed_100_20260716_113129/repeat_71/predictions/2olo_A_model_1_relaxed.pdb...
/users/sgsrehm1/COMP702_BeyondAF/code/COMP390_code/openfold/openfold/utils/script_utils.py:131: FutureWarning: You are using `torch.load` with `weights_only=False` (the current default value), which uses the default pickle module implicitly. It is possible to construct malicious pickle data which will execute arbitrary code during unpickling (See https://github.com/pytorch/pytorch/blob/main/SECURITY.md#untrusted-models for more details). In a future release, the default value for `weights_only` will be flipped to `True`. This limits the functions that could be executed during unpickling. Arbitrary objects will no longer be allowed to be loaded via this mode unless they are explicitly allowlisted by the user via `torch.serialization.add_safe_globals`. We recommend you start setting `weights_only=True` for any use case where you don't have full control of the loaded file. Please open an issue on GitHub for any issues related to this experimental feature.
  d = torch.load(ckpt_path)
INFO:/users/sgsrehm1/COMP702_BeyondAF/code/COMP390_code/openfold/openfold/utils/script_utils.py:Loaded OpenFold parameters at /users/sgsrehm1/COMP702_BeyondAF/code/COMP390_code/checkpoints/run_subset_gpu32_h100_ep33/csv_logs/version_0/checkpoints/32-330000.ckpt...
INFO:/users/sgsrehm1/COMP702_BeyondAF/code/COMP390_code/openfold/run_pretrained_openfold.py:Using precomputed alignments for 2olo_A at /users/sgsrehm1/scratch/openfold_inference/alignments_cf...
INFO:/users/sgsrehm1/COMP702_BeyondAF/code/COMP390_code/openfold/openfold/utils/script_utils.py:Running inference for 2olo_A...
INFO:/users/sgsrehm1/COMP702_BeyondAF/code/COMP390_code/openfold/openfold/utils/script_utils.py:Inference time: 13.412074990570545
/users/sgsrehm1/COMP702_BeyondAF/code/COMP390_code/openfold/run_pretrained_openfold.py:351: DeprecationWarning: __array__ implementation doesn't accept a copy keyword, so passing copy=False failed. __array__ must implement 'dtype' and 'copy' keyword arguments. To learn more, see the migration guide https://numpy.org/devdocs/numpy_2_0_migration_guide.html#adapting-to-changes-in-the-copy-keyword
  lambda x: np.array(x[..., -1].cpu()),
/users/sgsrehm1/COMP702_BeyondAF/code/COMP390_code/openfold/run_pretrained_openfold.py:354: DeprecationWarning: __array__ implementation doesn't accept a copy keyword, so passing copy=False failed. __array__ must implement 'dtype' and 'copy' keyword arguments. To learn more, see the migration guide https://numpy.org/devdocs/numpy_2_0_migration_guide.html#adapting-to-changes-in-the-copy-keyword
  out = tensor_tree_map(lambda x: np.array(x.cpu()), out)
INFO:/users/sgsrehm1/COMP702_BeyondAF/code/COMP390_code/openfold/run_pretrained_openfold.py:Output written to /users/sgsrehm1/COMP702_BeyondAF/code/COMP390_code/Result/2olo_minhao_relaxed_100_20260716_113129/repeat_72/predictions/2olo_A_model_1_unrelaxed.pdb...
INFO:/users/sgsrehm1/COMP702_BeyondAF/code/COMP390_code/openfold/run_pretrained_openfold.py:Running relaxation on /users/sgsrehm1/COMP702_BeyondAF/code/COMP390_code/Result/2olo_minhao_relaxed_100_20260716_113129/repeat_72/predictions/2olo_A_model_1_unrelaxed.pdb...
INFO:/users/sgsrehm1/COMP702_BeyondAF/code/COMP390_code/openfold/openfold/utils/script_utils.py:Relaxation time: 80.91168015822768
INFO:/users/sgsrehm1/COMP702_BeyondAF/code/COMP390_code/openfold/openfold/utils/script_utils.py:Relaxed output written to /users/sgsrehm1/COMP702_BeyondAF/code/COMP390_code/Result/2olo_minhao_relaxed_100_20260716_113129/repeat_72/predictions/2olo_A_model_1_relaxed.pdb...
/users/sgsrehm1/COMP702_BeyondAF/code/COMP390_code/openfold/openfold/utils/script_utils.py:131: FutureWarning: You are using `torch.load` with `weights_only=False` (the current default value), which uses the default pickle module implicitly. It is possible to construct malicious pickle data which will execute arbitrary code during unpickling (See https://github.com/pytorch/pytorch/blob/main/SECURITY.md#untrusted-models for more details). In a future release, the default value for `weights_only` will be flipped to `True`. This limits the functions that could be executed during unpickling. Arbitrary objects will no longer be allowed to be loaded via this mode unless they are explicitly allowlisted by the user via `torch.serialization.add_safe_globals`. We recommend you start setting `weights_only=True` for any use case where you don't have full control of the loaded file. Please open an issue on GitHub for any issues related to this experimental feature.
  d = torch.load(ckpt_path)
INFO:/users/sgsrehm1/COMP702_BeyondAF/code/COMP390_code/openfold/openfold/utils/script_utils.py:Loaded OpenFold parameters at /users/sgsrehm1/COMP702_BeyondAF/code/COMP390_code/checkpoints/run_subset_gpu32_h100_ep33/csv_logs/version_0/checkpoints/32-330000.ckpt...
INFO:/users/sgsrehm1/COMP702_BeyondAF/code/COMP390_code/openfold/run_pretrained_openfold.py:Using precomputed alignments for 2olo_A at /users/sgsrehm1/scratch/openfold_inference/alignments_cf...
INFO:/users/sgsrehm1/COMP702_BeyondAF/code/COMP390_code/openfold/openfold/utils/script_utils.py:Running inference for 2olo_A...
INFO:/users/sgsrehm1/COMP702_BeyondAF/code/COMP390_code/openfold/openfold/utils/script_utils.py:Inference time: 13.416230888105929
/users/sgsrehm1/COMP702_BeyondAF/code/COMP390_code/openfold/run_pretrained_openfold.py:351: DeprecationWarning: __array__ implementation doesn't accept a copy keyword, so passing copy=False failed. __array__ must implement 'dtype' and 'copy' keyword arguments. To learn more, see the migration guide https://numpy.org/devdocs/numpy_2_0_migration_guide.html#adapting-to-changes-in-the-copy-keyword
  lambda x: np.array(x[..., -1].cpu()),
/users/sgsrehm1/COMP702_BeyondAF/code/COMP390_code/openfold/run_pretrained_openfold.py:354: DeprecationWarning: __array__ implementation doesn't accept a copy keyword, so passing copy=False failed. __array__ must implement 'dtype' and 'copy' keyword arguments. To learn more, see the migration guide https://numpy.org/devdocs/numpy_2_0_migration_guide.html#adapting-to-changes-in-the-copy-keyword
  out = tensor_tree_map(lambda x: np.array(x.cpu()), out)
INFO:/users/sgsrehm1/COMP702_BeyondAF/code/COMP390_code/openfold/run_pretrained_openfold.py:Output written to /users/sgsrehm1/COMP702_BeyondAF/code/COMP390_code/Result/2olo_minhao_relaxed_100_20260716_113129/repeat_73/predictions/2olo_A_model_1_unrelaxed.pdb...
INFO:/users/sgsrehm1/COMP702_BeyondAF/code/COMP390_code/openfold/run_pretrained_openfold.py:Running relaxation on /users/sgsrehm1/COMP702_BeyondAF/code/COMP390_code/Result/2olo_minhao_relaxed_100_20260716_113129/repeat_73/predictions/2olo_A_model_1_unrelaxed.pdb...
INFO:/users/sgsrehm1/COMP702_BeyondAF/code/COMP390_code/openfold/openfold/utils/script_utils.py:Relaxation time: 85.3157670404762
INFO:/users/sgsrehm1/COMP702_BeyondAF/code/COMP390_code/openfold/openfold/utils/script_utils.py:Relaxed output written to /users/sgsrehm1/COMP702_BeyondAF/code/COMP390_code/Result/2olo_minhao_relaxed_100_20260716_113129/repeat_73/predictions/2olo_A_model_1_relaxed.pdb...
/users/sgsrehm1/COMP702_BeyondAF/code/COMP390_code/openfold/openfold/utils/script_utils.py:131: FutureWarning: You are using `torch.load` with `weights_only=False` (the current default value), which uses the default pickle module implicitly. It is possible to construct malicious pickle data which will execute arbitrary code during unpickling (See https://github.com/pytorch/pytorch/blob/main/SECURITY.md#untrusted-models for more details). In a future release, the default value for `weights_only` will be flipped to `True`. This limits the functions that could be executed during unpickling. Arbitrary objects will no longer be allowed to be loaded via this mode unless they are explicitly allowlisted by the user via `torch.serialization.add_safe_globals`. We recommend you start setting `weights_only=True` for any use case where you don't have full control of the loaded file. Please open an issue on GitHub for any issues related to this experimental feature.
  d = torch.load(ckpt_path)
INFO:/users/sgsrehm1/COMP702_BeyondAF/code/COMP390_code/openfold/openfold/utils/script_utils.py:Loaded OpenFold parameters at /users/sgsrehm1/COMP702_BeyondAF/code/COMP390_code/checkpoints/run_subset_gpu32_h100_ep33/csv_logs/version_0/checkpoints/32-330000.ckpt...
INFO:/users/sgsrehm1/COMP702_BeyondAF/code/COMP390_code/openfold/run_pretrained_openfold.py:Using precomputed alignments for 2olo_A at /users/sgsrehm1/scratch/openfold_inference/alignments_cf...
INFO:/users/sgsrehm1/COMP702_BeyondAF/code/COMP390_code/openfold/openfold/utils/script_utils.py:Running inference for 2olo_A...
INFO:/users/sgsrehm1/COMP702_BeyondAF/code/COMP390_code/openfold/openfold/utils/script_utils.py:Inference time: 13.423763681203127
/users/sgsrehm1/COMP702_BeyondAF/code/COMP390_code/openfold/run_pretrained_openfold.py:351: DeprecationWarning: __array__ implementation doesn't accept a copy keyword, so passing copy=False failed. __array__ must implement 'dtype' and 'copy' keyword arguments. To learn more, see the migration guide https://numpy.org/devdocs/numpy_2_0_migration_guide.html#adapting-to-changes-in-the-copy-keyword
  lambda x: np.array(x[..., -1].cpu()),
/users/sgsrehm1/COMP702_BeyondAF/code/COMP390_code/openfold/run_pretrained_openfold.py:354: DeprecationWarning: __array__ implementation doesn't accept a copy keyword, so passing copy=False failed. __array__ must implement 'dtype' and 'copy' keyword arguments. To learn more, see the migration guide https://numpy.org/devdocs/numpy_2_0_migration_guide.html#adapting-to-changes-in-the-copy-keyword
  out = tensor_tree_map(lambda x: np.array(x.cpu()), out)
INFO:/users/sgsrehm1/COMP702_BeyondAF/code/COMP390_code/openfold/run_pretrained_openfold.py:Output written to /users/sgsrehm1/COMP702_BeyondAF/code/COMP390_code/Result/2olo_minhao_relaxed_100_20260716_113129/repeat_74/predictions/2olo_A_model_1_unrelaxed.pdb...
INFO:/users/sgsrehm1/COMP702_BeyondAF/code/COMP390_code/openfold/run_pretrained_openfold.py:Running relaxation on /users/sgsrehm1/COMP702_BeyondAF/code/COMP390_code/Result/2olo_minhao_relaxed_100_20260716_113129/repeat_74/predictions/2olo_A_model_1_unrelaxed.pdb...
INFO:/users/sgsrehm1/COMP702_BeyondAF/code/COMP390_code/openfold/openfold/utils/script_utils.py:Relaxation time: 14.431213479489088
INFO:/users/sgsrehm1/COMP702_BeyondAF/code/COMP390_code/openfold/openfold/utils/script_utils.py:Relaxed output written to /users/sgsrehm1/COMP702_BeyondAF/code/COMP390_code/Result/2olo_minhao_relaxed_100_20260716_113129/repeat_74/predictions/2olo_A_model_1_relaxed.pdb...
/users/sgsrehm1/COMP702_BeyondAF/code/COMP390_code/openfold/openfold/utils/script_utils.py:131: FutureWarning: You are using `torch.load` with `weights_only=False` (the current default value), which uses the default pickle module implicitly. It is possible to construct malicious pickle data which will execute arbitrary code during unpickling (See https://github.com/pytorch/pytorch/blob/main/SECURITY.md#untrusted-models for more details). In a future release, the default value for `weights_only` will be flipped to `True`. This limits the functions that could be executed during unpickling. Arbitrary objects will no longer be allowed to be loaded via this mode unless they are explicitly allowlisted by the user via `torch.serialization.add_safe_globals`. We recommend you start setting `weights_only=True` for any use case where you don't have full control of the loaded file. Please open an issue on GitHub for any issues related to this experimental feature.
  d = torch.load(ckpt_path)
INFO:/users/sgsrehm1/COMP702_BeyondAF/code/COMP390_code/openfold/openfold/utils/script_utils.py:Loaded OpenFold parameters at /users/sgsrehm1/COMP702_BeyondAF/code/COMP390_code/checkpoints/run_subset_gpu32_h100_ep33/csv_logs/version_0/checkpoints/32-330000.ckpt...
INFO:/users/sgsrehm1/COMP702_BeyondAF/code/COMP390_code/openfold/run_pretrained_openfold.py:Using precomputed alignments for 2olo_A at /users/sgsrehm1/scratch/openfold_inference/alignments_cf...
INFO:/users/sgsrehm1/COMP702_BeyondAF/code/COMP390_code/openfold/openfold/utils/script_utils.py:Running inference for 2olo_A...
INFO:/users/sgsrehm1/COMP702_BeyondAF/code/COMP390_code/openfold/openfold/utils/script_utils.py:Inference time: 13.412754928693175
/users/sgsrehm1/COMP702_BeyondAF/code/COMP390_code/openfold/run_pretrained_openfold.py:351: DeprecationWarning: __array__ implementation doesn't accept a copy keyword, so passing copy=False failed. __array__ must implement 'dtype' and 'copy' keyword arguments. To learn more, see the migration guide https://numpy.org/devdocs/numpy_2_0_migration_guide.html#adapting-to-changes-in-the-copy-keyword
  lambda x: np.array(x[..., -1].cpu()),
/users/sgsrehm1/COMP702_BeyondAF/code/COMP390_code/openfold/run_pretrained_openfold.py:354: DeprecationWarning: __array__ implementation doesn't accept a copy keyword, so passing copy=False failed. __array__ must implement 'dtype' and 'copy' keyword arguments. To learn more, see the migration guide https://numpy.org/devdocs/numpy_2_0_migration_guide.html#adapting-to-changes-in-the-copy-keyword
  out = tensor_tree_map(lambda x: np.array(x.cpu()), out)
INFO:/users/sgsrehm1/COMP702_BeyondAF/code/COMP390_code/openfold/run_pretrained_openfold.py:Output written to /users/sgsrehm1/COMP702_BeyondAF/code/COMP390_code/Result/2olo_minhao_relaxed_100_20260716_113129/repeat_75/predictions/2olo_A_model_1_unrelaxed.pdb...
INFO:/users/sgsrehm1/COMP702_BeyondAF/code/COMP390_code/openfold/run_pretrained_openfold.py:Running relaxation on /users/sgsrehm1/COMP702_BeyondAF/code/COMP390_code/Result/2olo_minhao_relaxed_100_20260716_113129/repeat_75/predictions/2olo_A_model_1_unrelaxed.pdb...
INFO:/users/sgsrehm1/COMP702_BeyondAF/code/COMP390_code/openfold/openfold/utils/script_utils.py:Relaxation time: 79.79180532321334
INFO:/users/sgsrehm1/COMP702_BeyondAF/code/COMP390_code/openfold/openfold/utils/script_utils.py:Relaxed output written to /users/sgsrehm1/COMP702_BeyondAF/code/COMP390_code/Result/2olo_minhao_relaxed_100_20260716_113129/repeat_75/predictions/2olo_A_model_1_relaxed.pdb...
/users/sgsrehm1/COMP702_BeyondAF/code/COMP390_code/openfold/openfold/utils/script_utils.py:131: FutureWarning: You are using `torch.load` with `weights_only=False` (the current default value), which uses the default pickle module implicitly. It is possible to construct malicious pickle data which will execute arbitrary code during unpickling (See https://github.com/pytorch/pytorch/blob/main/SECURITY.md#untrusted-models for more details). In a future release, the default value for `weights_only` will be flipped to `True`. This limits the functions that could be executed during unpickling. Arbitrary objects will no longer be allowed to be loaded via this mode unless they are explicitly allowlisted by the user via `torch.serialization.add_safe_globals`. We recommend you start setting `weights_only=True` for any use case where you don't have full control of the loaded file. Please open an issue on GitHub for any issues related to this experimental feature.
  d = torch.load(ckpt_path)
INFO:/users/sgsrehm1/COMP702_BeyondAF/code/COMP390_code/openfold/openfold/utils/script_utils.py:Loaded OpenFold parameters at /users/sgsrehm1/COMP702_BeyondAF/code/COMP390_code/checkpoints/run_subset_gpu32_h100_ep33/csv_logs/version_0/checkpoints/32-330000.ckpt...
INFO:/users/sgsrehm1/COMP702_BeyondAF/code/COMP390_code/openfold/run_pretrained_openfold.py:Using precomputed alignments for 2olo_A at /users/sgsrehm1/scratch/openfold_inference/alignments_cf...
INFO:/users/sgsrehm1/COMP702_BeyondAF/code/COMP390_code/openfold/openfold/utils/script_utils.py:Running inference for 2olo_A...
INFO:/users/sgsrehm1/COMP702_BeyondAF/code/COMP390_code/openfold/openfold/utils/script_utils.py:Inference time: 13.396870824508369
/users/sgsrehm1/COMP702_BeyondAF/code/COMP390_code/openfold/run_pretrained_openfold.py:351: DeprecationWarning: __array__ implementation doesn't accept a copy keyword, so passing copy=False failed. __array__ must implement 'dtype' and 'copy' keyword arguments. To learn more, see the migration guide https://numpy.org/devdocs/numpy_2_0_migration_guide.html#adapting-to-changes-in-the-copy-keyword
  lambda x: np.array(x[..., -1].cpu()),
/users/sgsrehm1/COMP702_BeyondAF/code/COMP390_code/openfold/run_pretrained_openfold.py:354: DeprecationWarning: __array__ implementation doesn't accept a copy keyword, so passing copy=False failed. __array__ must implement 'dtype' and 'copy' keyword arguments. To learn more, see the migration guide https://numpy.org/devdocs/numpy_2_0_migration_guide.html#adapting-to-changes-in-the-copy-keyword
  out = tensor_tree_map(lambda x: np.array(x.cpu()), out)
INFO:/users/sgsrehm1/COMP702_BeyondAF/code/COMP390_code/openfold/run_pretrained_openfold.py:Output written to /users/sgsrehm1/COMP702_BeyondAF/code/COMP390_code/Result/2olo_minhao_relaxed_100_20260716_113129/repeat_76/predictions/2olo_A_model_1_unrelaxed.pdb...
INFO:/users/sgsrehm1/COMP702_BeyondAF/code/COMP390_code/openfold/run_pretrained_openfold.py:Running relaxation on /users/sgsrehm1/COMP702_BeyondAF/code/COMP390_code/Result/2olo_minhao_relaxed_100_20260716_113129/repeat_76/predictions/2olo_A_model_1_unrelaxed.pdb...
INFO:/users/sgsrehm1/COMP702_BeyondAF/code/COMP390_code/openfold/openfold/utils/script_utils.py:Relaxation time: 14.75667485781014
INFO:/users/sgsrehm1/COMP702_BeyondAF/code/COMP390_code/openfold/openfold/utils/script_utils.py:Relaxed output written to /users/sgsrehm1/COMP702_BeyondAF/code/COMP390_code/Result/2olo_minhao_relaxed_100_20260716_113129/repeat_76/predictions/2olo_A_model_1_relaxed.pdb...
/users/sgsrehm1/COMP702_BeyondAF/code/COMP390_code/openfold/openfold/utils/script_utils.py:131: FutureWarning: You are using `torch.load` with `weights_only=False` (the current default value), which uses the default pickle module implicitly. It is possible to construct malicious pickle data which will execute arbitrary code during unpickling (See https://github.com/pytorch/pytorch/blob/main/SECURITY.md#untrusted-models for more details). In a future release, the default value for `weights_only` will be flipped to `True`. This limits the functions that could be executed during unpickling. Arbitrary objects will no longer be allowed to be loaded via this mode unless they are explicitly allowlisted by the user via `torch.serialization.add_safe_globals`. We recommend you start setting `weights_only=True` for any use case where you don't have full control of the loaded file. Please open an issue on GitHub for any issues related to this experimental feature.
  d = torch.load(ckpt_path)
INFO:/users/sgsrehm1/COMP702_BeyondAF/code/COMP390_code/openfold/openfold/utils/script_utils.py:Loaded OpenFold parameters at /users/sgsrehm1/COMP702_BeyondAF/code/COMP390_code/checkpoints/run_subset_gpu32_h100_ep33/csv_logs/version_0/checkpoints/32-330000.ckpt...
INFO:/users/sgsrehm1/COMP702_BeyondAF/code/COMP390_code/openfold/run_pretrained_openfold.py:Using precomputed alignments for 2olo_A at /users/sgsrehm1/scratch/openfold_inference/alignments_cf...
INFO:/users/sgsrehm1/COMP702_BeyondAF/code/COMP390_code/openfold/openfold/utils/script_utils.py:Running inference for 2olo_A...
INFO:/users/sgsrehm1/COMP702_BeyondAF/code/COMP390_code/openfold/openfold/utils/script_utils.py:Inference time: 13.400137079879642
/users/sgsrehm1/COMP702_BeyondAF/code/COMP390_code/openfold/run_pretrained_openfold.py:351: DeprecationWarning: __array__ implementation doesn't accept a copy keyword, so passing copy=False failed. __array__ must implement 'dtype' and 'copy' keyword arguments. To learn more, see the migration guide https://numpy.org/devdocs/numpy_2_0_migration_guide.html#adapting-to-changes-in-the-copy-keyword
  lambda x: np.array(x[..., -1].cpu()),
/users/sgsrehm1/COMP702_BeyondAF/code/COMP390_code/openfold/run_pretrained_openfold.py:354: DeprecationWarning: __array__ implementation doesn't accept a copy keyword, so passing copy=False failed. __array__ must implement 'dtype' and 'copy' keyword arguments. To learn more, see the migration guide https://numpy.org/devdocs/numpy_2_0_migration_guide.html#adapting-to-changes-in-the-copy-keyword
  out = tensor_tree_map(lambda x: np.array(x.cpu()), out)
INFO:/users/sgsrehm1/COMP702_BeyondAF/code/COMP390_code/openfold/run_pretrained_openfold.py:Output written to /users/sgsrehm1/COMP702_BeyondAF/code/COMP390_code/Result/2olo_minhao_relaxed_100_20260716_113129/repeat_77/predictions/2olo_A_model_1_unrelaxed.pdb...
INFO:/users/sgsrehm1/COMP702_BeyondAF/code/COMP390_code/openfold/run_pretrained_openfold.py:Running relaxation on /users/sgsrehm1/COMP702_BeyondAF/code/COMP390_code/Result/2olo_minhao_relaxed_100_20260716_113129/repeat_77/predictions/2olo_A_model_1_unrelaxed.pdb...
INFO:/users/sgsrehm1/COMP702_BeyondAF/code/COMP390_code/openfold/openfold/utils/script_utils.py:Relaxation time: 82.84742113947868
INFO:/users/sgsrehm1/COMP702_BeyondAF/code/COMP390_code/openfold/openfold/utils/script_utils.py:Relaxed output written to /users/sgsrehm1/COMP702_BeyondAF/code/COMP390_code/Result/2olo_minhao_relaxed_100_20260716_113129/repeat_77/predictions/2olo_A_model_1_relaxed.pdb...
/users/sgsrehm1/COMP702_BeyondAF/code/COMP390_code/openfold/openfold/utils/script_utils.py:131: FutureWarning: You are using `torch.load` with `weights_only=False` (the current default value), which uses the default pickle module implicitly. It is possible to construct malicious pickle data which will execute arbitrary code during unpickling (See https://github.com/pytorch/pytorch/blob/main/SECURITY.md#untrusted-models for more details). In a future release, the default value for `weights_only` will be flipped to `True`. This limits the functions that could be executed during unpickling. Arbitrary objects will no longer be allowed to be loaded via this mode unless they are explicitly allowlisted by the user via `torch.serialization.add_safe_globals`. We recommend you start setting `weights_only=True` for any use case where you don't have full control of the loaded file. Please open an issue on GitHub for any issues related to this experimental feature.
  d = torch.load(ckpt_path)
INFO:/users/sgsrehm1/COMP702_BeyondAF/code/COMP390_code/openfold/openfold/utils/script_utils.py:Loaded OpenFold parameters at /users/sgsrehm1/COMP702_BeyondAF/code/COMP390_code/checkpoints/run_subset_gpu32_h100_ep33/csv_logs/version_0/checkpoints/32-330000.ckpt...
INFO:/users/sgsrehm1/COMP702_BeyondAF/code/COMP390_code/openfold/run_pretrained_openfold.py:Using precomputed alignments for 2olo_A at /users/sgsrehm1/scratch/openfold_inference/alignments_cf...
INFO:/users/sgsrehm1/COMP702_BeyondAF/code/COMP390_code/openfold/openfold/utils/script_utils.py:Running inference for 2olo_A...
INFO:/users/sgsrehm1/COMP702_BeyondAF/code/COMP390_code/openfold/openfold/utils/script_utils.py:Inference time: 13.393363332375884
/users/sgsrehm1/COMP702_BeyondAF/code/COMP390_code/openfold/run_pretrained_openfold.py:351: DeprecationWarning: __array__ implementation doesn't accept a copy keyword, so passing copy=False failed. __array__ must implement 'dtype' and 'copy' keyword arguments. To learn more, see the migration guide https://numpy.org/devdocs/numpy_2_0_migration_guide.html#adapting-to-changes-in-the-copy-keyword
  lambda x: np.array(x[..., -1].cpu()),
/users/sgsrehm1/COMP702_BeyondAF/code/COMP390_code/openfold/run_pretrained_openfold.py:354: DeprecationWarning: __array__ implementation doesn't accept a copy keyword, so passing copy=False failed. __array__ must implement 'dtype' and 'copy' keyword arguments. To learn more, see the migration guide https://numpy.org/devdocs/numpy_2_0_migration_guide.html#adapting-to-changes-in-the-copy-keyword
  out = tensor_tree_map(lambda x: np.array(x.cpu()), out)
INFO:/users/sgsrehm1/COMP702_BeyondAF/code/COMP390_code/openfold/run_pretrained_openfold.py:Output written to /users/sgsrehm1/COMP702_BeyondAF/code/COMP390_code/Result/2olo_minhao_relaxed_100_20260716_113129/repeat_78/predictions/2olo_A_model_1_unrelaxed.pdb...
INFO:/users/sgsrehm1/COMP702_BeyondAF/code/COMP390_code/openfold/run_pretrained_openfold.py:Running relaxation on /users/sgsrehm1/COMP702_BeyondAF/code/COMP390_code/Result/2olo_minhao_relaxed_100_20260716_113129/repeat_78/predictions/2olo_A_model_1_unrelaxed.pdb...
INFO:/users/sgsrehm1/COMP702_BeyondAF/code/COMP390_code/openfold/openfold/utils/script_utils.py:Relaxation time: 9.996734116226435
INFO:/users/sgsrehm1/COMP702_BeyondAF/code/COMP390_code/openfold/openfold/utils/script_utils.py:Relaxed output written to /users/sgsrehm1/COMP702_BeyondAF/code/COMP390_code/Result/2olo_minhao_relaxed_100_20260716_113129/repeat_78/predictions/2olo_A_model_1_relaxed.pdb...
/users/sgsrehm1/COMP702_BeyondAF/code/COMP390_code/openfold/openfold/utils/script_utils.py:131: FutureWarning: You are using `torch.load` with `weights_only=False` (the current default value), which uses the default pickle module implicitly. It is possible to construct malicious pickle data which will execute arbitrary code during unpickling (See https://github.com/pytorch/pytorch/blob/main/SECURITY.md#untrusted-models for more details). In a future release, the default value for `weights_only` will be flipped to `True`. This limits the functions that could be executed during unpickling. Arbitrary objects will no longer be allowed to be loaded via this mode unless they are explicitly allowlisted by the user via `torch.serialization.add_safe_globals`. We recommend you start setting `weights_only=True` for any use case where you don't have full control of the loaded file. Please open an issue on GitHub for any issues related to this experimental feature.
  d = torch.load(ckpt_path)
INFO:/users/sgsrehm1/COMP702_BeyondAF/code/COMP390_code/openfold/openfold/utils/script_utils.py:Loaded OpenFold parameters at /users/sgsrehm1/COMP702_BeyondAF/code/COMP390_code/checkpoints/run_subset_gpu32_h100_ep33/csv_logs/version_0/checkpoints/32-330000.ckpt...
INFO:/users/sgsrehm1/COMP702_BeyondAF/code/COMP390_code/openfold/run_pretrained_openfold.py:Using precomputed alignments for 2olo_A at /users/sgsrehm1/scratch/openfold_inference/alignments_cf...
INFO:/users/sgsrehm1/COMP702_BeyondAF/code/COMP390_code/openfold/openfold/utils/script_utils.py:Running inference for 2olo_A...
INFO:/users/sgsrehm1/COMP702_BeyondAF/code/COMP390_code/openfold/openfold/utils/script_utils.py:Inference time: 13.413542779162526
/users/sgsrehm1/COMP702_BeyondAF/code/COMP390_code/openfold/run_pretrained_openfold.py:351: DeprecationWarning: __array__ implementation doesn't accept a copy keyword, so passing copy=False failed. __array__ must implement 'dtype' and 'copy' keyword arguments. To learn more, see the migration guide https://numpy.org/devdocs/numpy_2_0_migration_guide.html#adapting-to-changes-in-the-copy-keyword
  lambda x: np.array(x[..., -1].cpu()),
/users/sgsrehm1/COMP702_BeyondAF/code/COMP390_code/openfold/run_pretrained_openfold.py:354: DeprecationWarning: __array__ implementation doesn't accept a copy keyword, so passing copy=False failed. __array__ must implement 'dtype' and 'copy' keyword arguments. To learn more, see the migration guide https://numpy.org/devdocs/numpy_2_0_migration_guide.html#adapting-to-changes-in-the-copy-keyword
  out = tensor_tree_map(lambda x: np.array(x.cpu()), out)
INFO:/users/sgsrehm1/COMP702_BeyondAF/code/COMP390_code/openfold/run_pretrained_openfold.py:Output written to /users/sgsrehm1/COMP702_BeyondAF/code/COMP390_code/Result/2olo_minhao_relaxed_100_20260716_113129/repeat_79/predictions/2olo_A_model_1_unrelaxed.pdb...
INFO:/users/sgsrehm1/COMP702_BeyondAF/code/COMP390_code/openfold/run_pretrained_openfold.py:Running relaxation on /users/sgsrehm1/COMP702_BeyondAF/code/COMP390_code/Result/2olo_minhao_relaxed_100_20260716_113129/repeat_79/predictions/2olo_A_model_1_unrelaxed.pdb...
INFO:/users/sgsrehm1/COMP702_BeyondAF/code/COMP390_code/openfold/openfold/utils/script_utils.py:Relaxation time: 17.967980924993753
INFO:/users/sgsrehm1/COMP702_BeyondAF/code/COMP390_code/openfold/openfold/utils/script_utils.py:Relaxed output written to /users/sgsrehm1/COMP702_BeyondAF/code/COMP390_code/Result/2olo_minhao_relaxed_100_20260716_113129/repeat_79/predictions/2olo_A_model_1_relaxed.pdb...
/users/sgsrehm1/COMP702_BeyondAF/code/COMP390_code/openfold/openfold/utils/script_utils.py:131: FutureWarning: You are using `torch.load` with `weights_only=False` (the current default value), which uses the default pickle module implicitly. It is possible to construct malicious pickle data which will execute arbitrary code during unpickling (See https://github.com/pytorch/pytorch/blob/main/SECURITY.md#untrusted-models for more details). In a future release, the default value for `weights_only` will be flipped to `True`. This limits the functions that could be executed during unpickling. Arbitrary objects will no longer be allowed to be loaded via this mode unless they are explicitly allowlisted by the user via `torch.serialization.add_safe_globals`. We recommend you start setting `weights_only=True` for any use case where you don't have full control of the loaded file. Please open an issue on GitHub for any issues related to this experimental feature.
  d = torch.load(ckpt_path)
INFO:/users/sgsrehm1/COMP702_BeyondAF/code/COMP390_code/openfold/openfold/utils/script_utils.py:Loaded OpenFold parameters at /users/sgsrehm1/COMP702_BeyondAF/code/COMP390_code/checkpoints/run_subset_gpu32_h100_ep33/csv_logs/version_0/checkpoints/32-330000.ckpt...
INFO:/users/sgsrehm1/COMP702_BeyondAF/code/COMP390_code/openfold/run_pretrained_openfold.py:Using precomputed alignments for 2olo_A at /users/sgsrehm1/scratch/openfold_inference/alignments_cf...
INFO:/users/sgsrehm1/COMP702_BeyondAF/code/COMP390_code/openfold/openfold/utils/script_utils.py:Running inference for 2olo_A...
INFO:/users/sgsrehm1/COMP702_BeyondAF/code/COMP390_code/openfold/openfold/utils/script_utils.py:Inference time: 13.410770377144217
/users/sgsrehm1/COMP702_BeyondAF/code/COMP390_code/openfold/run_pretrained_openfold.py:351: DeprecationWarning: __array__ implementation doesn't accept a copy keyword, so passing copy=False failed. __array__ must implement 'dtype' and 'copy' keyword arguments. To learn more, see the migration guide https://numpy.org/devdocs/numpy_2_0_migration_guide.html#adapting-to-changes-in-the-copy-keyword
  lambda x: np.array(x[..., -1].cpu()),
/users/sgsrehm1/COMP702_BeyondAF/code/COMP390_code/openfold/run_pretrained_openfold.py:354: DeprecationWarning: __array__ implementation doesn't accept a copy keyword, so passing copy=False failed. __array__ must implement 'dtype' and 'copy' keyword arguments. To learn more, see the migration guide https://numpy.org/devdocs/numpy_2_0_migration_guide.html#adapting-to-changes-in-the-copy-keyword
  out = tensor_tree_map(lambda x: np.array(x.cpu()), out)
INFO:/users/sgsrehm1/COMP702_BeyondAF/code/COMP390_code/openfold/run_pretrained_openfold.py:Output written to /users/sgsrehm1/COMP702_BeyondAF/code/COMP390_code/Result/2olo_minhao_relaxed_100_20260716_113129/repeat_80/predictions/2olo_A_model_1_unrelaxed.pdb...
INFO:/users/sgsrehm1/COMP702_BeyondAF/code/COMP390_code/openfold/run_pretrained_openfold.py:Running relaxation on /users/sgsrehm1/COMP702_BeyondAF/code/COMP390_code/Result/2olo_minhao_relaxed_100_20260716_113129/repeat_80/predictions/2olo_A_model_1_unrelaxed.pdb...
INFO:/users/sgsrehm1/COMP702_BeyondAF/code/COMP390_code/openfold/openfold/utils/script_utils.py:Relaxation time: 82.38034430891275
INFO:/users/sgsrehm1/COMP702_BeyondAF/code/COMP390_code/openfold/openfold/utils/script_utils.py:Relaxed output written to /users/sgsrehm1/COMP702_BeyondAF/code/COMP390_code/Result/2olo_minhao_relaxed_100_20260716_113129/repeat_80/predictions/2olo_A_model_1_relaxed.pdb...
/users/sgsrehm1/COMP702_BeyondAF/code/COMP390_code/openfold/openfold/utils/script_utils.py:131: FutureWarning: You are using `torch.load` with `weights_only=False` (the current default value), which uses the default pickle module implicitly. It is possible to construct malicious pickle data which will execute arbitrary code during unpickling (See https://github.com/pytorch/pytorch/blob/main/SECURITY.md#untrusted-models for more details). In a future release, the default value for `weights_only` will be flipped to `True`. This limits the functions that could be executed during unpickling. Arbitrary objects will no longer be allowed to be loaded via this mode unless they are explicitly allowlisted by the user via `torch.serialization.add_safe_globals`. We recommend you start setting `weights_only=True` for any use case where you don't have full control of the loaded file. Please open an issue on GitHub for any issues related to this experimental feature.
  d = torch.load(ckpt_path)
INFO:/users/sgsrehm1/COMP702_BeyondAF/code/COMP390_code/openfold/openfold/utils/script_utils.py:Loaded OpenFold parameters at /users/sgsrehm1/COMP702_BeyondAF/code/COMP390_code/checkpoints/run_subset_gpu32_h100_ep33/csv_logs/version_0/checkpoints/32-330000.ckpt...
INFO:/users/sgsrehm1/COMP702_BeyondAF/code/COMP390_code/openfold/run_pretrained_openfold.py:Using precomputed alignments for 2olo_A at /users/sgsrehm1/scratch/openfold_inference/alignments_cf...
INFO:/users/sgsrehm1/COMP702_BeyondAF/code/COMP390_code/openfold/openfold/utils/script_utils.py:Running inference for 2olo_A...
INFO:/users/sgsrehm1/COMP702_BeyondAF/code/COMP390_code/openfold/openfold/utils/script_utils.py:Inference time: 13.410421517677605
/users/sgsrehm1/COMP702_BeyondAF/code/COMP390_code/openfold/run_pretrained_openfold.py:351: DeprecationWarning: __array__ implementation doesn't accept a copy keyword, so passing copy=False failed. __array__ must implement 'dtype' and 'copy' keyword arguments. To learn more, see the migration guide https://numpy.org/devdocs/numpy_2_0_migration_guide.html#adapting-to-changes-in-the-copy-keyword
  lambda x: np.array(x[..., -1].cpu()),
/users/sgsrehm1/COMP702_BeyondAF/code/COMP390_code/openfold/run_pretrained_openfold.py:354: DeprecationWarning: __array__ implementation doesn't accept a copy keyword, so passing copy=False failed. __array__ must implement 'dtype' and 'copy' keyword arguments. To learn more, see the migration guide https://numpy.org/devdocs/numpy_2_0_migration_guide.html#adapting-to-changes-in-the-copy-keyword
  out = tensor_tree_map(lambda x: np.array(x.cpu()), out)
INFO:/users/sgsrehm1/COMP702_BeyondAF/code/COMP390_code/openfold/run_pretrained_openfold.py:Output written to /users/sgsrehm1/COMP702_BeyondAF/code/COMP390_code/Result/2olo_minhao_relaxed_100_20260716_113129/repeat_81/predictions/2olo_A_model_1_unrelaxed.pdb...
INFO:/users/sgsrehm1/COMP702_BeyondAF/code/COMP390_code/openfold/run_pretrained_openfold.py:Running relaxation on /users/sgsrehm1/COMP702_BeyondAF/code/COMP390_code/Result/2olo_minhao_relaxed_100_20260716_113129/repeat_81/predictions/2olo_A_model_1_unrelaxed.pdb...
INFO:/users/sgsrehm1/COMP702_BeyondAF/code/COMP390_code/openfold/openfold/utils/script_utils.py:Relaxation time: 81.53512004669756
INFO:/users/sgsrehm1/COMP702_BeyondAF/code/COMP390_code/openfold/openfold/utils/script_utils.py:Relaxed output written to /users/sgsrehm1/COMP702_BeyondAF/code/COMP390_code/Result/2olo_minhao_relaxed_100_20260716_113129/repeat_81/predictions/2olo_A_model_1_relaxed.pdb...
/users/sgsrehm1/COMP702_BeyondAF/code/COMP390_code/openfold/openfold/utils/script_utils.py:131: FutureWarning: You are using `torch.load` with `weights_only=False` (the current default value), which uses the default pickle module implicitly. It is possible to construct malicious pickle data which will execute arbitrary code during unpickling (See https://github.com/pytorch/pytorch/blob/main/SECURITY.md#untrusted-models for more details). In a future release, the default value for `weights_only` will be flipped to `True`. This limits the functions that could be executed during unpickling. Arbitrary objects will no longer be allowed to be loaded via this mode unless they are explicitly allowlisted by the user via `torch.serialization.add_safe_globals`. We recommend you start setting `weights_only=True` for any use case where you don't have full control of the loaded file. Please open an issue on GitHub for any issues related to this experimental feature.
  d = torch.load(ckpt_path)
INFO:/users/sgsrehm1/COMP702_BeyondAF/code/COMP390_code/openfold/openfold/utils/script_utils.py:Loaded OpenFold parameters at /users/sgsrehm1/COMP702_BeyondAF/code/COMP390_code/checkpoints/run_subset_gpu32_h100_ep33/csv_logs/version_0/checkpoints/32-330000.ckpt...
INFO:/users/sgsrehm1/COMP702_BeyondAF/code/COMP390_code/openfold/run_pretrained_openfold.py:Using precomputed alignments for 2olo_A at /users/sgsrehm1/scratch/openfold_inference/alignments_cf...
INFO:/users/sgsrehm1/COMP702_BeyondAF/code/COMP390_code/openfold/openfold/utils/script_utils.py:Running inference for 2olo_A...
INFO:/users/sgsrehm1/COMP702_BeyondAF/code/COMP390_code/openfold/openfold/utils/script_utils.py:Inference time: 13.413118918426335
/users/sgsrehm1/COMP702_BeyondAF/code/COMP390_code/openfold/run_pretrained_openfold.py:351: DeprecationWarning: __array__ implementation doesn't accept a copy keyword, so passing copy=False failed. __array__ must implement 'dtype' and 'copy' keyword arguments. To learn more, see the migration guide https://numpy.org/devdocs/numpy_2_0_migration_guide.html#adapting-to-changes-in-the-copy-keyword
  lambda x: np.array(x[..., -1].cpu()),
/users/sgsrehm1/COMP702_BeyondAF/code/COMP390_code/openfold/run_pretrained_openfold.py:354: DeprecationWarning: __array__ implementation doesn't accept a copy keyword, so passing copy=False failed. __array__ must implement 'dtype' and 'copy' keyword arguments. To learn more, see the migration guide https://numpy.org/devdocs/numpy_2_0_migration_guide.html#adapting-to-changes-in-the-copy-keyword
  out = tensor_tree_map(lambda x: np.array(x.cpu()), out)
INFO:/users/sgsrehm1/COMP702_BeyondAF/code/COMP390_code/openfold/run_pretrained_openfold.py:Output written to /users/sgsrehm1/COMP702_BeyondAF/code/COMP390_code/Result/2olo_minhao_relaxed_100_20260716_113129/repeat_82/predictions/2olo_A_model_1_unrelaxed.pdb...
INFO:/users/sgsrehm1/COMP702_BeyondAF/code/COMP390_code/openfold/run_pretrained_openfold.py:Running relaxation on /users/sgsrehm1/COMP702_BeyondAF/code/COMP390_code/Result/2olo_minhao_relaxed_100_20260716_113129/repeat_82/predictions/2olo_A_model_1_unrelaxed.pdb...
INFO:/users/sgsrehm1/COMP702_BeyondAF/code/COMP390_code/openfold/openfold/utils/script_utils.py:Relaxation time: 78.04887023381889
INFO:/users/sgsrehm1/COMP702_BeyondAF/code/COMP390_code/openfold/openfold/utils/script_utils.py:Relaxed output written to /users/sgsrehm1/COMP702_BeyondAF/code/COMP390_code/Result/2olo_minhao_relaxed_100_20260716_113129/repeat_82/predictions/2olo_A_model_1_relaxed.pdb...
/users/sgsrehm1/COMP702_BeyondAF/code/COMP390_code/openfold/openfold/utils/script_utils.py:131: FutureWarning: You are using `torch.load` with `weights_only=False` (the current default value), which uses the default pickle module implicitly. It is possible to construct malicious pickle data which will execute arbitrary code during unpickling (See https://github.com/pytorch/pytorch/blob/main/SECURITY.md#untrusted-models for more details). In a future release, the default value for `weights_only` will be flipped to `True`. This limits the functions that could be executed during unpickling. Arbitrary objects will no longer be allowed to be loaded via this mode unless they are explicitly allowlisted by the user via `torch.serialization.add_safe_globals`. We recommend you start setting `weights_only=True` for any use case where you don't have full control of the loaded file. Please open an issue on GitHub for any issues related to this experimental feature.
  d = torch.load(ckpt_path)
INFO:/users/sgsrehm1/COMP702_BeyondAF/code/COMP390_code/openfold/openfold/utils/script_utils.py:Loaded OpenFold parameters at /users/sgsrehm1/COMP702_BeyondAF/code/COMP390_code/checkpoints/run_subset_gpu32_h100_ep33/csv_logs/version_0/checkpoints/32-330000.ckpt...
INFO:/users/sgsrehm1/COMP702_BeyondAF/code/COMP390_code/openfold/run_pretrained_openfold.py:Using precomputed alignments for 2olo_A at /users/sgsrehm1/scratch/openfold_inference/alignments_cf...
INFO:/users/sgsrehm1/COMP702_BeyondAF/code/COMP390_code/openfold/openfold/utils/script_utils.py:Running inference for 2olo_A...
INFO:/users/sgsrehm1/COMP702_BeyondAF/code/COMP390_code/openfold/openfold/utils/script_utils.py:Inference time: 13.40284017007798
/users/sgsrehm1/COMP702_BeyondAF/code/COMP390_code/openfold/run_pretrained_openfold.py:351: DeprecationWarning: __array__ implementation doesn't accept a copy keyword, so passing copy=False failed. __array__ must implement 'dtype' and 'copy' keyword arguments. To learn more, see the migration guide https://numpy.org/devdocs/numpy_2_0_migration_guide.html#adapting-to-changes-in-the-copy-keyword
  lambda x: np.array(x[..., -1].cpu()),
/users/sgsrehm1/COMP702_BeyondAF/code/COMP390_code/openfold/run_pretrained_openfold.py:354: DeprecationWarning: __array__ implementation doesn't accept a copy keyword, so passing copy=False failed. __array__ must implement 'dtype' and 'copy' keyword arguments. To learn more, see the migration guide https://numpy.org/devdocs/numpy_2_0_migration_guide.html#adapting-to-changes-in-the-copy-keyword
  out = tensor_tree_map(lambda x: np.array(x.cpu()), out)
INFO:/users/sgsrehm1/COMP702_BeyondAF/code/COMP390_code/openfold/run_pretrained_openfold.py:Output written to /users/sgsrehm1/COMP702_BeyondAF/code/COMP390_code/Result/2olo_minhao_relaxed_100_20260716_113129/repeat_83/predictions/2olo_A_model_1_unrelaxed.pdb...
INFO:/users/sgsrehm1/COMP702_BeyondAF/code/COMP390_code/openfold/run_pretrained_openfold.py:Running relaxation on /users/sgsrehm1/COMP702_BeyondAF/code/COMP390_code/Result/2olo_minhao_relaxed_100_20260716_113129/repeat_83/predictions/2olo_A_model_1_unrelaxed.pdb...
INFO:/users/sgsrehm1/COMP702_BeyondAF/code/COMP390_code/openfold/openfold/utils/script_utils.py:Relaxation time: 85.20910646114498
INFO:/users/sgsrehm1/COMP702_BeyondAF/code/COMP390_code/openfold/openfold/utils/script_utils.py:Relaxed output written to /users/sgsrehm1/COMP702_BeyondAF/code/COMP390_code/Result/2olo_minhao_relaxed_100_20260716_113129/repeat_83/predictions/2olo_A_model_1_relaxed.pdb...
/users/sgsrehm1/COMP702_BeyondAF/code/COMP390_code/openfold/openfold/utils/script_utils.py:131: FutureWarning: You are using `torch.load` with `weights_only=False` (the current default value), which uses the default pickle module implicitly. It is possible to construct malicious pickle data which will execute arbitrary code during unpickling (See https://github.com/pytorch/pytorch/blob/main/SECURITY.md#untrusted-models for more details). In a future release, the default value for `weights_only` will be flipped to `True`. This limits the functions that could be executed during unpickling. Arbitrary objects will no longer be allowed to be loaded via this mode unless they are explicitly allowlisted by the user via `torch.serialization.add_safe_globals`. We recommend you start setting `weights_only=True` for any use case where you don't have full control of the loaded file. Please open an issue on GitHub for any issues related to this experimental feature.
  d = torch.load(ckpt_path)
INFO:/users/sgsrehm1/COMP702_BeyondAF/code/COMP390_code/openfold/openfold/utils/script_utils.py:Loaded OpenFold parameters at /users/sgsrehm1/COMP702_BeyondAF/code/COMP390_code/checkpoints/run_subset_gpu32_h100_ep33/csv_logs/version_0/checkpoints/32-330000.ckpt...
INFO:/users/sgsrehm1/COMP702_BeyondAF/code/COMP390_code/openfold/run_pretrained_openfold.py:Using precomputed alignments for 2olo_A at /users/sgsrehm1/scratch/openfold_inference/alignments_cf...
INFO:/users/sgsrehm1/COMP702_BeyondAF/code/COMP390_code/openfold/openfold/utils/script_utils.py:Running inference for 2olo_A...
INFO:/users/sgsrehm1/COMP702_BeyondAF/code/COMP390_code/openfold/openfold/utils/script_utils.py:Inference time: 13.407191891223192
/users/sgsrehm1/COMP702_BeyondAF/code/COMP390_code/openfold/run_pretrained_openfold.py:351: DeprecationWarning: __array__ implementation doesn't accept a copy keyword, so passing copy=False failed. __array__ must implement 'dtype' and 'copy' keyword arguments. To learn more, see the migration guide https://numpy.org/devdocs/numpy_2_0_migration_guide.html#adapting-to-changes-in-the-copy-keyword
  lambda x: np.array(x[..., -1].cpu()),
/users/sgsrehm1/COMP702_BeyondAF/code/COMP390_code/openfold/run_pretrained_openfold.py:354: DeprecationWarning: __array__ implementation doesn't accept a copy keyword, so passing copy=False failed. __array__ must implement 'dtype' and 'copy' keyword arguments. To learn more, see the migration guide https://numpy.org/devdocs/numpy_2_0_migration_guide.html#adapting-to-changes-in-the-copy-keyword
  out = tensor_tree_map(lambda x: np.array(x.cpu()), out)
INFO:/users/sgsrehm1/COMP702_BeyondAF/code/COMP390_code/openfold/run_pretrained_openfold.py:Output written to /users/sgsrehm1/COMP702_BeyondAF/code/COMP390_code/Result/2olo_minhao_relaxed_100_20260716_113129/repeat_84/predictions/2olo_A_model_1_unrelaxed.pdb...
INFO:/users/sgsrehm1/COMP702_BeyondAF/code/COMP390_code/openfold/run_pretrained_openfold.py:Running relaxation on /users/sgsrehm1/COMP702_BeyondAF/code/COMP390_code/Result/2olo_minhao_relaxed_100_20260716_113129/repeat_84/predictions/2olo_A_model_1_unrelaxed.pdb...
INFO:/users/sgsrehm1/COMP702_BeyondAF/code/COMP390_code/openfold/openfold/utils/script_utils.py:Relaxation time: 14.59945398941636
INFO:/users/sgsrehm1/COMP702_BeyondAF/code/COMP390_code/openfold/openfold/utils/script_utils.py:Relaxed output written to /users/sgsrehm1/COMP702_BeyondAF/code/COMP390_code/Result/2olo_minhao_relaxed_100_20260716_113129/repeat_84/predictions/2olo_A_model_1_relaxed.pdb...
/users/sgsrehm1/COMP702_BeyondAF/code/COMP390_code/openfold/openfold/utils/script_utils.py:131: FutureWarning: You are using `torch.load` with `weights_only=False` (the current default value), which uses the default pickle module implicitly. It is possible to construct malicious pickle data which will execute arbitrary code during unpickling (See https://github.com/pytorch/pytorch/blob/main/SECURITY.md#untrusted-models for more details). In a future release, the default value for `weights_only` will be flipped to `True`. This limits the functions that could be executed during unpickling. Arbitrary objects will no longer be allowed to be loaded via this mode unless they are explicitly allowlisted by the user via `torch.serialization.add_safe_globals`. We recommend you start setting `weights_only=True` for any use case where you don't have full control of the loaded file. Please open an issue on GitHub for any issues related to this experimental feature.
  d = torch.load(ckpt_path)
INFO:/users/sgsrehm1/COMP702_BeyondAF/code/COMP390_code/openfold/openfold/utils/script_utils.py:Loaded OpenFold parameters at /users/sgsrehm1/COMP702_BeyondAF/code/COMP390_code/checkpoints/run_subset_gpu32_h100_ep33/csv_logs/version_0/checkpoints/32-330000.ckpt...
INFO:/users/sgsrehm1/COMP702_BeyondAF/code/COMP390_code/openfold/run_pretrained_openfold.py:Using precomputed alignments for 2olo_A at /users/sgsrehm1/scratch/openfold_inference/alignments_cf...
INFO:/users/sgsrehm1/COMP702_BeyondAF/code/COMP390_code/openfold/openfold/utils/script_utils.py:Running inference for 2olo_A...
INFO:/users/sgsrehm1/COMP702_BeyondAF/code/COMP390_code/openfold/openfold/utils/script_utils.py:Inference time: 13.386179770343006
/users/sgsrehm1/COMP702_BeyondAF/code/COMP390_code/openfold/run_pretrained_openfold.py:351: DeprecationWarning: __array__ implementation doesn't accept a copy keyword, so passing copy=False failed. __array__ must implement 'dtype' and 'copy' keyword arguments. To learn more, see the migration guide https://numpy.org/devdocs/numpy_2_0_migration_guide.html#adapting-to-changes-in-the-copy-keyword
  lambda x: np.array(x[..., -1].cpu()),
/users/sgsrehm1/COMP702_BeyondAF/code/COMP390_code/openfold/run_pretrained_openfold.py:354: DeprecationWarning: __array__ implementation doesn't accept a copy keyword, so passing copy=False failed. __array__ must implement 'dtype' and 'copy' keyword arguments. To learn more, see the migration guide https://numpy.org/devdocs/numpy_2_0_migration_guide.html#adapting-to-changes-in-the-copy-keyword
  out = tensor_tree_map(lambda x: np.array(x.cpu()), out)
INFO:/users/sgsrehm1/COMP702_BeyondAF/code/COMP390_code/openfold/run_pretrained_openfold.py:Output written to /users/sgsrehm1/COMP702_BeyondAF/code/COMP390_code/Result/2olo_minhao_relaxed_100_20260716_113129/repeat_85/predictions/2olo_A_model_1_unrelaxed.pdb...
INFO:/users/sgsrehm1/COMP702_BeyondAF/code/COMP390_code/openfold/run_pretrained_openfold.py:Running relaxation on /users/sgsrehm1/COMP702_BeyondAF/code/COMP390_code/Result/2olo_minhao_relaxed_100_20260716_113129/repeat_85/predictions/2olo_A_model_1_unrelaxed.pdb...
INFO:/users/sgsrehm1/COMP702_BeyondAF/code/COMP390_code/openfold/openfold/utils/script_utils.py:Relaxation time: 80.94457252137363
INFO:/users/sgsrehm1/COMP702_BeyondAF/code/COMP390_code/openfold/openfold/utils/script_utils.py:Relaxed output written to /users/sgsrehm1/COMP702_BeyondAF/code/COMP390_code/Result/2olo_minhao_relaxed_100_20260716_113129/repeat_85/predictions/2olo_A_model_1_relaxed.pdb...
/users/sgsrehm1/COMP702_BeyondAF/code/COMP390_code/openfold/openfold/utils/script_utils.py:131: FutureWarning: You are using `torch.load` with `weights_only=False` (the current default value), which uses the default pickle module implicitly. It is possible to construct malicious pickle data which will execute arbitrary code during unpickling (See https://github.com/pytorch/pytorch/blob/main/SECURITY.md#untrusted-models for more details). In a future release, the default value for `weights_only` will be flipped to `True`. This limits the functions that could be executed during unpickling. Arbitrary objects will no longer be allowed to be loaded via this mode unless they are explicitly allowlisted by the user via `torch.serialization.add_safe_globals`. We recommend you start setting `weights_only=True` for any use case where you don't have full control of the loaded file. Please open an issue on GitHub for any issues related to this experimental feature.
  d = torch.load(ckpt_path)
INFO:/users/sgsrehm1/COMP702_BeyondAF/code/COMP390_code/openfold/openfold/utils/script_utils.py:Loaded OpenFold parameters at /users/sgsrehm1/COMP702_BeyondAF/code/COMP390_code/checkpoints/run_subset_gpu32_h100_ep33/csv_logs/version_0/checkpoints/32-330000.ckpt...
INFO:/users/sgsrehm1/COMP702_BeyondAF/code/COMP390_code/openfold/run_pretrained_openfold.py:Using precomputed alignments for 2olo_A at /users/sgsrehm1/scratch/openfold_inference/alignments_cf...
INFO:/users/sgsrehm1/COMP702_BeyondAF/code/COMP390_code/openfold/openfold/utils/script_utils.py:Running inference for 2olo_A...
INFO:/users/sgsrehm1/COMP702_BeyondAF/code/COMP390_code/openfold/openfold/utils/script_utils.py:Inference time: 13.405525203794241
/users/sgsrehm1/COMP702_BeyondAF/code/COMP390_code/openfold/run_pretrained_openfold.py:351: DeprecationWarning: __array__ implementation doesn't accept a copy keyword, so passing copy=False failed. __array__ must implement 'dtype' and 'copy' keyword arguments. To learn more, see the migration guide https://numpy.org/devdocs/numpy_2_0_migration_guide.html#adapting-to-changes-in-the-copy-keyword
  lambda x: np.array(x[..., -1].cpu()),
/users/sgsrehm1/COMP702_BeyondAF/code/COMP390_code/openfold/run_pretrained_openfold.py:354: DeprecationWarning: __array__ implementation doesn't accept a copy keyword, so passing copy=False failed. __array__ must implement 'dtype' and 'copy' keyword arguments. To learn more, see the migration guide https://numpy.org/devdocs/numpy_2_0_migration_guide.html#adapting-to-changes-in-the-copy-keyword
  out = tensor_tree_map(lambda x: np.array(x.cpu()), out)
INFO:/users/sgsrehm1/COMP702_BeyondAF/code/COMP390_code/openfold/run_pretrained_openfold.py:Output written to /users/sgsrehm1/COMP702_BeyondAF/code/COMP390_code/Result/2olo_minhao_relaxed_100_20260716_113129/repeat_86/predictions/2olo_A_model_1_unrelaxed.pdb...
INFO:/users/sgsrehm1/COMP702_BeyondAF/code/COMP390_code/openfold/run_pretrained_openfold.py:Running relaxation on /users/sgsrehm1/COMP702_BeyondAF/code/COMP390_code/Result/2olo_minhao_relaxed_100_20260716_113129/repeat_86/predictions/2olo_A_model_1_unrelaxed.pdb...
INFO:/users/sgsrehm1/COMP702_BeyondAF/code/COMP390_code/openfold/openfold/utils/script_utils.py:Relaxation time: 10.293315963819623
INFO:/users/sgsrehm1/COMP702_BeyondAF/code/COMP390_code/openfold/openfold/utils/script_utils.py:Relaxed output written to /users/sgsrehm1/COMP702_BeyondAF/code/COMP390_code/Result/2olo_minhao_relaxed_100_20260716_113129/repeat_86/predictions/2olo_A_model_1_relaxed.pdb...
/users/sgsrehm1/COMP702_BeyondAF/code/COMP390_code/openfold/openfold/utils/script_utils.py:131: FutureWarning: You are using `torch.load` with `weights_only=False` (the current default value), which uses the default pickle module implicitly. It is possible to construct malicious pickle data which will execute arbitrary code during unpickling (See https://github.com/pytorch/pytorch/blob/main/SECURITY.md#untrusted-models for more details). In a future release, the default value for `weights_only` will be flipped to `True`. This limits the functions that could be executed during unpickling. Arbitrary objects will no longer be allowed to be loaded via this mode unless they are explicitly allowlisted by the user via `torch.serialization.add_safe_globals`. We recommend you start setting `weights_only=True` for any use case where you don't have full control of the loaded file. Please open an issue on GitHub for any issues related to this experimental feature.
  d = torch.load(ckpt_path)
INFO:/users/sgsrehm1/COMP702_BeyondAF/code/COMP390_code/openfold/openfold/utils/script_utils.py:Loaded OpenFold parameters at /users/sgsrehm1/COMP702_BeyondAF/code/COMP390_code/checkpoints/run_subset_gpu32_h100_ep33/csv_logs/version_0/checkpoints/32-330000.ckpt...
INFO:/users/sgsrehm1/COMP702_BeyondAF/code/COMP390_code/openfold/run_pretrained_openfold.py:Using precomputed alignments for 2olo_A at /users/sgsrehm1/scratch/openfold_inference/alignments_cf...
INFO:/users/sgsrehm1/COMP702_BeyondAF/code/COMP390_code/openfold/openfold/utils/script_utils.py:Running inference for 2olo_A...
INFO:/users/sgsrehm1/COMP702_BeyondAF/code/COMP390_code/openfold/openfold/utils/script_utils.py:Inference time: 13.398486157879233
/users/sgsrehm1/COMP702_BeyondAF/code/COMP390_code/openfold/run_pretrained_openfold.py:351: DeprecationWarning: __array__ implementation doesn't accept a copy keyword, so passing copy=False failed. __array__ must implement 'dtype' and 'copy' keyword arguments. To learn more, see the migration guide https://numpy.org/devdocs/numpy_2_0_migration_guide.html#adapting-to-changes-in-the-copy-keyword
  lambda x: np.array(x[..., -1].cpu()),
/users/sgsrehm1/COMP702_BeyondAF/code/COMP390_code/openfold/run_pretrained_openfold.py:354: DeprecationWarning: __array__ implementation doesn't accept a copy keyword, so passing copy=False failed. __array__ must implement 'dtype' and 'copy' keyword arguments. To learn more, see the migration guide https://numpy.org/devdocs/numpy_2_0_migration_guide.html#adapting-to-changes-in-the-copy-keyword
  out = tensor_tree_map(lambda x: np.array(x.cpu()), out)
INFO:/users/sgsrehm1/COMP702_BeyondAF/code/COMP390_code/openfold/run_pretrained_openfold.py:Output written to /users/sgsrehm1/COMP702_BeyondAF/code/COMP390_code/Result/2olo_minhao_relaxed_100_20260716_113129/repeat_87/predictions/2olo_A_model_1_unrelaxed.pdb...
INFO:/users/sgsrehm1/COMP702_BeyondAF/code/COMP390_code/openfold/run_pretrained_openfold.py:Running relaxation on /users/sgsrehm1/COMP702_BeyondAF/code/COMP390_code/Result/2olo_minhao_relaxed_100_20260716_113129/repeat_87/predictions/2olo_A_model_1_unrelaxed.pdb...
INFO:/users/sgsrehm1/COMP702_BeyondAF/code/COMP390_code/openfold/openfold/utils/script_utils.py:Relaxation time: 84.85634621139616
INFO:/users/sgsrehm1/COMP702_BeyondAF/code/COMP390_code/openfold/openfold/utils/script_utils.py:Relaxed output written to /users/sgsrehm1/COMP702_BeyondAF/code/COMP390_code/Result/2olo_minhao_relaxed_100_20260716_113129/repeat_87/predictions/2olo_A_model_1_relaxed.pdb...
/users/sgsrehm1/COMP702_BeyondAF/code/COMP390_code/openfold/openfold/utils/script_utils.py:131: FutureWarning: You are using `torch.load` with `weights_only=False` (the current default value), which uses the default pickle module implicitly. It is possible to construct malicious pickle data which will execute arbitrary code during unpickling (See https://github.com/pytorch/pytorch/blob/main/SECURITY.md#untrusted-models for more details). In a future release, the default value for `weights_only` will be flipped to `True`. This limits the functions that could be executed during unpickling. Arbitrary objects will no longer be allowed to be loaded via this mode unless they are explicitly allowlisted by the user via `torch.serialization.add_safe_globals`. We recommend you start setting `weights_only=True` for any use case where you don't have full control of the loaded file. Please open an issue on GitHub for any issues related to this experimental feature.
  d = torch.load(ckpt_path)
INFO:/users/sgsrehm1/COMP702_BeyondAF/code/COMP390_code/openfold/openfold/utils/script_utils.py:Loaded OpenFold parameters at /users/sgsrehm1/COMP702_BeyondAF/code/COMP390_code/checkpoints/run_subset_gpu32_h100_ep33/csv_logs/version_0/checkpoints/32-330000.ckpt...
INFO:/users/sgsrehm1/COMP702_BeyondAF/code/COMP390_code/openfold/run_pretrained_openfold.py:Using precomputed alignments for 2olo_A at /users/sgsrehm1/scratch/openfold_inference/alignments_cf...
INFO:/users/sgsrehm1/COMP702_BeyondAF/code/COMP390_code/openfold/openfold/utils/script_utils.py:Running inference for 2olo_A...
INFO:/users/sgsrehm1/COMP702_BeyondAF/code/COMP390_code/openfold/openfold/utils/script_utils.py:Inference time: 13.404387694783509
/users/sgsrehm1/COMP702_BeyondAF/code/COMP390_code/openfold/run_pretrained_openfold.py:351: DeprecationWarning: __array__ implementation doesn't accept a copy keyword, so passing copy=False failed. __array__ must implement 'dtype' and 'copy' keyword arguments. To learn more, see the migration guide https://numpy.org/devdocs/numpy_2_0_migration_guide.html#adapting-to-changes-in-the-copy-keyword
  lambda x: np.array(x[..., -1].cpu()),
/users/sgsrehm1/COMP702_BeyondAF/code/COMP390_code/openfold/run_pretrained_openfold.py:354: DeprecationWarning: __array__ implementation doesn't accept a copy keyword, so passing copy=False failed. __array__ must implement 'dtype' and 'copy' keyword arguments. To learn more, see the migration guide https://numpy.org/devdocs/numpy_2_0_migration_guide.html#adapting-to-changes-in-the-copy-keyword
  out = tensor_tree_map(lambda x: np.array(x.cpu()), out)
INFO:/users/sgsrehm1/COMP702_BeyondAF/code/COMP390_code/openfold/run_pretrained_openfold.py:Output written to /users/sgsrehm1/COMP702_BeyondAF/code/COMP390_code/Result/2olo_minhao_relaxed_100_20260716_113129/repeat_88/predictions/2olo_A_model_1_unrelaxed.pdb...
INFO:/users/sgsrehm1/COMP702_BeyondAF/code/COMP390_code/openfold/run_pretrained_openfold.py:Running relaxation on /users/sgsrehm1/COMP702_BeyondAF/code/COMP390_code/Result/2olo_minhao_relaxed_100_20260716_113129/repeat_88/predictions/2olo_A_model_1_unrelaxed.pdb...
INFO:/users/sgsrehm1/COMP702_BeyondAF/code/COMP390_code/openfold/openfold/utils/script_utils.py:Relaxation time: 78.97183107119054
INFO:/users/sgsrehm1/COMP702_BeyondAF/code/COMP390_code/openfold/openfold/utils/script_utils.py:Relaxed output written to /users/sgsrehm1/COMP702_BeyondAF/code/COMP390_code/Result/2olo_minhao_relaxed_100_20260716_113129/repeat_88/predictions/2olo_A_model_1_relaxed.pdb...
/users/sgsrehm1/COMP702_BeyondAF/code/COMP390_code/openfold/openfold/utils/script_utils.py:131: FutureWarning: You are using `torch.load` with `weights_only=False` (the current default value), which uses the default pickle module implicitly. It is possible to construct malicious pickle data which will execute arbitrary code during unpickling (See https://github.com/pytorch/pytorch/blob/main/SECURITY.md#untrusted-models for more details). In a future release, the default value for `weights_only` will be flipped to `True`. This limits the functions that could be executed during unpickling. Arbitrary objects will no longer be allowed to be loaded via this mode unless they are explicitly allowlisted by the user via `torch.serialization.add_safe_globals`. We recommend you start setting `weights_only=True` for any use case where you don't have full control of the loaded file. Please open an issue on GitHub for any issues related to this experimental feature.
  d = torch.load(ckpt_path)
INFO:/users/sgsrehm1/COMP702_BeyondAF/code/COMP390_code/openfold/openfold/utils/script_utils.py:Loaded OpenFold parameters at /users/sgsrehm1/COMP702_BeyondAF/code/COMP390_code/checkpoints/run_subset_gpu32_h100_ep33/csv_logs/version_0/checkpoints/32-330000.ckpt...
INFO:/users/sgsrehm1/COMP702_BeyondAF/code/COMP390_code/openfold/run_pretrained_openfold.py:Using precomputed alignments for 2olo_A at /users/sgsrehm1/scratch/openfold_inference/alignments_cf...
INFO:/users/sgsrehm1/COMP702_BeyondAF/code/COMP390_code/openfold/openfold/utils/script_utils.py:Running inference for 2olo_A...
INFO:/users/sgsrehm1/COMP702_BeyondAF/code/COMP390_code/openfold/openfold/utils/script_utils.py:Inference time: 13.400552244856954
/users/sgsrehm1/COMP702_BeyondAF/code/COMP390_code/openfold/run_pretrained_openfold.py:351: DeprecationWarning: __array__ implementation doesn't accept a copy keyword, so passing copy=False failed. __array__ must implement 'dtype' and 'copy' keyword arguments. To learn more, see the migration guide https://numpy.org/devdocs/numpy_2_0_migration_guide.html#adapting-to-changes-in-the-copy-keyword
  lambda x: np.array(x[..., -1].cpu()),
/users/sgsrehm1/COMP702_BeyondAF/code/COMP390_code/openfold/run_pretrained_openfold.py:354: DeprecationWarning: __array__ implementation doesn't accept a copy keyword, so passing copy=False failed. __array__ must implement 'dtype' and 'copy' keyword arguments. To learn more, see the migration guide https://numpy.org/devdocs/numpy_2_0_migration_guide.html#adapting-to-changes-in-the-copy-keyword
  out = tensor_tree_map(lambda x: np.array(x.cpu()), out)
INFO:/users/sgsrehm1/COMP702_BeyondAF/code/COMP390_code/openfold/run_pretrained_openfold.py:Output written to /users/sgsrehm1/COMP702_BeyondAF/code/COMP390_code/Result/2olo_minhao_relaxed_100_20260716_113129/repeat_89/predictions/2olo_A_model_1_unrelaxed.pdb...
INFO:/users/sgsrehm1/COMP702_BeyondAF/code/COMP390_code/openfold/run_pretrained_openfold.py:Running relaxation on /users/sgsrehm1/COMP702_BeyondAF/code/COMP390_code/Result/2olo_minhao_relaxed_100_20260716_113129/repeat_89/predictions/2olo_A_model_1_unrelaxed.pdb...
INFO:/users/sgsrehm1/COMP702_BeyondAF/code/COMP390_code/openfold/openfold/utils/script_utils.py:Relaxation time: 80.61999573279172
INFO:/users/sgsrehm1/COMP702_BeyondAF/code/COMP390_code/openfold/openfold/utils/script_utils.py:Relaxed output written to /users/sgsrehm1/COMP702_BeyondAF/code/COMP390_code/Result/2olo_minhao_relaxed_100_20260716_113129/repeat_89/predictions/2olo_A_model_1_relaxed.pdb...
/users/sgsrehm1/COMP702_BeyondAF/code/COMP390_code/openfold/openfold/utils/script_utils.py:131: FutureWarning: You are using `torch.load` with `weights_only=False` (the current default value), which uses the default pickle module implicitly. It is possible to construct malicious pickle data which will execute arbitrary code during unpickling (See https://github.com/pytorch/pytorch/blob/main/SECURITY.md#untrusted-models for more details). In a future release, the default value for `weights_only` will be flipped to `True`. This limits the functions that could be executed during unpickling. Arbitrary objects will no longer be allowed to be loaded via this mode unless they are explicitly allowlisted by the user via `torch.serialization.add_safe_globals`. We recommend you start setting `weights_only=True` for any use case where you don't have full control of the loaded file. Please open an issue on GitHub for any issues related to this experimental feature.
  d = torch.load(ckpt_path)
INFO:/users/sgsrehm1/COMP702_BeyondAF/code/COMP390_code/openfold/openfold/utils/script_utils.py:Loaded OpenFold parameters at /users/sgsrehm1/COMP702_BeyondAF/code/COMP390_code/checkpoints/run_subset_gpu32_h100_ep33/csv_logs/version_0/checkpoints/32-330000.ckpt...
INFO:/users/sgsrehm1/COMP702_BeyondAF/code/COMP390_code/openfold/run_pretrained_openfold.py:Using precomputed alignments for 2olo_A at /users/sgsrehm1/scratch/openfold_inference/alignments_cf...
INFO:/users/sgsrehm1/COMP702_BeyondAF/code/COMP390_code/openfold/openfold/utils/script_utils.py:Running inference for 2olo_A...
INFO:/users/sgsrehm1/COMP702_BeyondAF/code/COMP390_code/openfold/openfold/utils/script_utils.py:Inference time: 13.401997680775821
/users/sgsrehm1/COMP702_BeyondAF/code/COMP390_code/openfold/run_pretrained_openfold.py:351: DeprecationWarning: __array__ implementation doesn't accept a copy keyword, so passing copy=False failed. __array__ must implement 'dtype' and 'copy' keyword arguments. To learn more, see the migration guide https://numpy.org/devdocs/numpy_2_0_migration_guide.html#adapting-to-changes-in-the-copy-keyword
  lambda x: np.array(x[..., -1].cpu()),
/users/sgsrehm1/COMP702_BeyondAF/code/COMP390_code/openfold/run_pretrained_openfold.py:354: DeprecationWarning: __array__ implementation doesn't accept a copy keyword, so passing copy=False failed. __array__ must implement 'dtype' and 'copy' keyword arguments. To learn more, see the migration guide https://numpy.org/devdocs/numpy_2_0_migration_guide.html#adapting-to-changes-in-the-copy-keyword
  out = tensor_tree_map(lambda x: np.array(x.cpu()), out)
INFO:/users/sgsrehm1/COMP702_BeyondAF/code/COMP390_code/openfold/run_pretrained_openfold.py:Output written to /users/sgsrehm1/COMP702_BeyondAF/code/COMP390_code/Result/2olo_minhao_relaxed_100_20260716_113129/repeat_90/predictions/2olo_A_model_1_unrelaxed.pdb...
INFO:/users/sgsrehm1/COMP702_BeyondAF/code/COMP390_code/openfold/run_pretrained_openfold.py:Running relaxation on /users/sgsrehm1/COMP702_BeyondAF/code/COMP390_code/Result/2olo_minhao_relaxed_100_20260716_113129/repeat_90/predictions/2olo_A_model_1_unrelaxed.pdb...
INFO:/users/sgsrehm1/COMP702_BeyondAF/code/COMP390_code/openfold/openfold/utils/script_utils.py:Relaxation time: 15.015062110498548
INFO:/users/sgsrehm1/COMP702_BeyondAF/code/COMP390_code/openfold/openfold/utils/script_utils.py:Relaxed output written to /users/sgsrehm1/COMP702_BeyondAF/code/COMP390_code/Result/2olo_minhao_relaxed_100_20260716_113129/repeat_90/predictions/2olo_A_model_1_relaxed.pdb...
/users/sgsrehm1/COMP702_BeyondAF/code/COMP390_code/openfold/openfold/utils/script_utils.py:131: FutureWarning: You are using `torch.load` with `weights_only=False` (the current default value), which uses the default pickle module implicitly. It is possible to construct malicious pickle data which will execute arbitrary code during unpickling (See https://github.com/pytorch/pytorch/blob/main/SECURITY.md#untrusted-models for more details). In a future release, the default value for `weights_only` will be flipped to `True`. This limits the functions that could be executed during unpickling. Arbitrary objects will no longer be allowed to be loaded via this mode unless they are explicitly allowlisted by the user via `torch.serialization.add_safe_globals`. We recommend you start setting `weights_only=True` for any use case where you don't have full control of the loaded file. Please open an issue on GitHub for any issues related to this experimental feature.
  d = torch.load(ckpt_path)
INFO:/users/sgsrehm1/COMP702_BeyondAF/code/COMP390_code/openfold/openfold/utils/script_utils.py:Loaded OpenFold parameters at /users/sgsrehm1/COMP702_BeyondAF/code/COMP390_code/checkpoints/run_subset_gpu32_h100_ep33/csv_logs/version_0/checkpoints/32-330000.ckpt...
INFO:/users/sgsrehm1/COMP702_BeyondAF/code/COMP390_code/openfold/run_pretrained_openfold.py:Using precomputed alignments for 2olo_A at /users/sgsrehm1/scratch/openfold_inference/alignments_cf...
INFO:/users/sgsrehm1/COMP702_BeyondAF/code/COMP390_code/openfold/openfold/utils/script_utils.py:Running inference for 2olo_A...
INFO:/users/sgsrehm1/COMP702_BeyondAF/code/COMP390_code/openfold/openfold/utils/script_utils.py:Inference time: 13.420101377181709
/users/sgsrehm1/COMP702_BeyondAF/code/COMP390_code/openfold/run_pretrained_openfold.py:351: DeprecationWarning: __array__ implementation doesn't accept a copy keyword, so passing copy=False failed. __array__ must implement 'dtype' and 'copy' keyword arguments. To learn more, see the migration guide https://numpy.org/devdocs/numpy_2_0_migration_guide.html#adapting-to-changes-in-the-copy-keyword
  lambda x: np.array(x[..., -1].cpu()),
/users/sgsrehm1/COMP702_BeyondAF/code/COMP390_code/openfold/run_pretrained_openfold.py:354: DeprecationWarning: __array__ implementation doesn't accept a copy keyword, so passing copy=False failed. __array__ must implement 'dtype' and 'copy' keyword arguments. To learn more, see the migration guide https://numpy.org/devdocs/numpy_2_0_migration_guide.html#adapting-to-changes-in-the-copy-keyword
  out = tensor_tree_map(lambda x: np.array(x.cpu()), out)
INFO:/users/sgsrehm1/COMP702_BeyondAF/code/COMP390_code/openfold/run_pretrained_openfold.py:Output written to /users/sgsrehm1/COMP702_BeyondAF/code/COMP390_code/Result/2olo_minhao_relaxed_100_20260716_113129/repeat_91/predictions/2olo_A_model_1_unrelaxed.pdb...
INFO:/users/sgsrehm1/COMP702_BeyondAF/code/COMP390_code/openfold/run_pretrained_openfold.py:Running relaxation on /users/sgsrehm1/COMP702_BeyondAF/code/COMP390_code/Result/2olo_minhao_relaxed_100_20260716_113129/repeat_91/predictions/2olo_A_model_1_unrelaxed.pdb...
INFO:/users/sgsrehm1/COMP702_BeyondAF/code/COMP390_code/openfold/openfold/utils/script_utils.py:Relaxation time: 80.9571646284312
INFO:/users/sgsrehm1/COMP702_BeyondAF/code/COMP390_code/openfold/openfold/utils/script_utils.py:Relaxed output written to /users/sgsrehm1/COMP702_BeyondAF/code/COMP390_code/Result/2olo_minhao_relaxed_100_20260716_113129/repeat_91/predictions/2olo_A_model_1_relaxed.pdb...
/users/sgsrehm1/COMP702_BeyondAF/code/COMP390_code/openfold/openfold/utils/script_utils.py:131: FutureWarning: You are using `torch.load` with `weights_only=False` (the current default value), which uses the default pickle module implicitly. It is possible to construct malicious pickle data which will execute arbitrary code during unpickling (See https://github.com/pytorch/pytorch/blob/main/SECURITY.md#untrusted-models for more details). In a future release, the default value for `weights_only` will be flipped to `True`. This limits the functions that could be executed during unpickling. Arbitrary objects will no longer be allowed to be loaded via this mode unless they are explicitly allowlisted by the user via `torch.serialization.add_safe_globals`. We recommend you start setting `weights_only=True` for any use case where you don't have full control of the loaded file. Please open an issue on GitHub for any issues related to this experimental feature.
  d = torch.load(ckpt_path)
INFO:/users/sgsrehm1/COMP702_BeyondAF/code/COMP390_code/openfold/openfold/utils/script_utils.py:Loaded OpenFold parameters at /users/sgsrehm1/COMP702_BeyondAF/code/COMP390_code/checkpoints/run_subset_gpu32_h100_ep33/csv_logs/version_0/checkpoints/32-330000.ckpt...
INFO:/users/sgsrehm1/COMP702_BeyondAF/code/COMP390_code/openfold/run_pretrained_openfold.py:Using precomputed alignments for 2olo_A at /users/sgsrehm1/scratch/openfold_inference/alignments_cf...
INFO:/users/sgsrehm1/COMP702_BeyondAF/code/COMP390_code/openfold/openfold/utils/script_utils.py:Running inference for 2olo_A...
INFO:/users/sgsrehm1/COMP702_BeyondAF/code/COMP390_code/openfold/openfold/utils/script_utils.py:Inference time: 13.414532541297376
/users/sgsrehm1/COMP702_BeyondAF/code/COMP390_code/openfold/run_pretrained_openfold.py:351: DeprecationWarning: __array__ implementation doesn't accept a copy keyword, so passing copy=False failed. __array__ must implement 'dtype' and 'copy' keyword arguments. To learn more, see the migration guide https://numpy.org/devdocs/numpy_2_0_migration_guide.html#adapting-to-changes-in-the-copy-keyword
  lambda x: np.array(x[..., -1].cpu()),
/users/sgsrehm1/COMP702_BeyondAF/code/COMP390_code/openfold/run_pretrained_openfold.py:354: DeprecationWarning: __array__ implementation doesn't accept a copy keyword, so passing copy=False failed. __array__ must implement 'dtype' and 'copy' keyword arguments. To learn more, see the migration guide https://numpy.org/devdocs/numpy_2_0_migration_guide.html#adapting-to-changes-in-the-copy-keyword
  out = tensor_tree_map(lambda x: np.array(x.cpu()), out)
INFO:/users/sgsrehm1/COMP702_BeyondAF/code/COMP390_code/openfold/run_pretrained_openfold.py:Output written to /users/sgsrehm1/COMP702_BeyondAF/code/COMP390_code/Result/2olo_minhao_relaxed_100_20260716_113129/repeat_92/predictions/2olo_A_model_1_unrelaxed.pdb...
INFO:/users/sgsrehm1/COMP702_BeyondAF/code/COMP390_code/openfold/run_pretrained_openfold.py:Running relaxation on /users/sgsrehm1/COMP702_BeyondAF/code/COMP390_code/Result/2olo_minhao_relaxed_100_20260716_113129/repeat_92/predictions/2olo_A_model_1_unrelaxed.pdb...
INFO:/users/sgsrehm1/COMP702_BeyondAF/code/COMP390_code/openfold/openfold/utils/script_utils.py:Relaxation time: 14.358833884820342
INFO:/users/sgsrehm1/COMP702_BeyondAF/code/COMP390_code/openfold/openfold/utils/script_utils.py:Relaxed output written to /users/sgsrehm1/COMP702_BeyondAF/code/COMP390_code/Result/2olo_minhao_relaxed_100_20260716_113129/repeat_92/predictions/2olo_A_model_1_relaxed.pdb...
/users/sgsrehm1/COMP702_BeyondAF/code/COMP390_code/openfold/openfold/utils/script_utils.py:131: FutureWarning: You are using `torch.load` with `weights_only=False` (the current default value), which uses the default pickle module implicitly. It is possible to construct malicious pickle data which will execute arbitrary code during unpickling (See https://github.com/pytorch/pytorch/blob/main/SECURITY.md#untrusted-models for more details). In a future release, the default value for `weights_only` will be flipped to `True`. This limits the functions that could be executed during unpickling. Arbitrary objects will no longer be allowed to be loaded via this mode unless they are explicitly allowlisted by the user via `torch.serialization.add_safe_globals`. We recommend you start setting `weights_only=True` for any use case where you don't have full control of the loaded file. Please open an issue on GitHub for any issues related to this experimental feature.
  d = torch.load(ckpt_path)
INFO:/users/sgsrehm1/COMP702_BeyondAF/code/COMP390_code/openfold/openfold/utils/script_utils.py:Loaded OpenFold parameters at /users/sgsrehm1/COMP702_BeyondAF/code/COMP390_code/checkpoints/run_subset_gpu32_h100_ep33/csv_logs/version_0/checkpoints/32-330000.ckpt...
INFO:/users/sgsrehm1/COMP702_BeyondAF/code/COMP390_code/openfold/run_pretrained_openfold.py:Using precomputed alignments for 2olo_A at /users/sgsrehm1/scratch/openfold_inference/alignments_cf...
INFO:/users/sgsrehm1/COMP702_BeyondAF/code/COMP390_code/openfold/openfold/utils/script_utils.py:Running inference for 2olo_A...
INFO:/users/sgsrehm1/COMP702_BeyondAF/code/COMP390_code/openfold/openfold/utils/script_utils.py:Inference time: 13.394483799114823
/users/sgsrehm1/COMP702_BeyondAF/code/COMP390_code/openfold/run_pretrained_openfold.py:351: DeprecationWarning: __array__ implementation doesn't accept a copy keyword, so passing copy=False failed. __array__ must implement 'dtype' and 'copy' keyword arguments. To learn more, see the migration guide https://numpy.org/devdocs/numpy_2_0_migration_guide.html#adapting-to-changes-in-the-copy-keyword
  lambda x: np.array(x[..., -1].cpu()),
/users/sgsrehm1/COMP702_BeyondAF/code/COMP390_code/openfold/run_pretrained_openfold.py:354: DeprecationWarning: __array__ implementation doesn't accept a copy keyword, so passing copy=False failed. __array__ must implement 'dtype' and 'copy' keyword arguments. To learn more, see the migration guide https://numpy.org/devdocs/numpy_2_0_migration_guide.html#adapting-to-changes-in-the-copy-keyword
  out = tensor_tree_map(lambda x: np.array(x.cpu()), out)
INFO:/users/sgsrehm1/COMP702_BeyondAF/code/COMP390_code/openfold/run_pretrained_openfold.py:Output written to /users/sgsrehm1/COMP702_BeyondAF/code/COMP390_code/Result/2olo_minhao_relaxed_100_20260716_113129/repeat_93/predictions/2olo_A_model_1_unrelaxed.pdb...
INFO:/users/sgsrehm1/COMP702_BeyondAF/code/COMP390_code/openfold/run_pretrained_openfold.py:Running relaxation on /users/sgsrehm1/COMP702_BeyondAF/code/COMP390_code/Result/2olo_minhao_relaxed_100_20260716_113129/repeat_93/predictions/2olo_A_model_1_unrelaxed.pdb...
INFO:/users/sgsrehm1/COMP702_BeyondAF/code/COMP390_code/openfold/openfold/utils/script_utils.py:Relaxation time: 85.667759119533
INFO:/users/sgsrehm1/COMP702_BeyondAF/code/COMP390_code/openfold/openfold/utils/script_utils.py:Relaxed output written to /users/sgsrehm1/COMP702_BeyondAF/code/COMP390_code/Result/2olo_minhao_relaxed_100_20260716_113129/repeat_93/predictions/2olo_A_model_1_relaxed.pdb...
/users/sgsrehm1/COMP702_BeyondAF/code/COMP390_code/openfold/openfold/utils/script_utils.py:131: FutureWarning: You are using `torch.load` with `weights_only=False` (the current default value), which uses the default pickle module implicitly. It is possible to construct malicious pickle data which will execute arbitrary code during unpickling (See https://github.com/pytorch/pytorch/blob/main/SECURITY.md#untrusted-models for more details). In a future release, the default value for `weights_only` will be flipped to `True`. This limits the functions that could be executed during unpickling. Arbitrary objects will no longer be allowed to be loaded via this mode unless they are explicitly allowlisted by the user via `torch.serialization.add_safe_globals`. We recommend you start setting `weights_only=True` for any use case where you don't have full control of the loaded file. Please open an issue on GitHub for any issues related to this experimental feature.
  d = torch.load(ckpt_path)
INFO:/users/sgsrehm1/COMP702_BeyondAF/code/COMP390_code/openfold/openfold/utils/script_utils.py:Loaded OpenFold parameters at /users/sgsrehm1/COMP702_BeyondAF/code/COMP390_code/checkpoints/run_subset_gpu32_h100_ep33/csv_logs/version_0/checkpoints/32-330000.ckpt...
INFO:/users/sgsrehm1/COMP702_BeyondAF/code/COMP390_code/openfold/run_pretrained_openfold.py:Using precomputed alignments for 2olo_A at /users/sgsrehm1/scratch/openfold_inference/alignments_cf...
INFO:/users/sgsrehm1/COMP702_BeyondAF/code/COMP390_code/openfold/openfold/utils/script_utils.py:Running inference for 2olo_A...
INFO:/users/sgsrehm1/COMP702_BeyondAF/code/COMP390_code/openfold/openfold/utils/script_utils.py:Inference time: 13.402576770633459
/users/sgsrehm1/COMP702_BeyondAF/code/COMP390_code/openfold/run_pretrained_openfold.py:351: DeprecationWarning: __array__ implementation doesn't accept a copy keyword, so passing copy=False failed. __array__ must implement 'dtype' and 'copy' keyword arguments. To learn more, see the migration guide https://numpy.org/devdocs/numpy_2_0_migration_guide.html#adapting-to-changes-in-the-copy-keyword
  lambda x: np.array(x[..., -1].cpu()),
/users/sgsrehm1/COMP702_BeyondAF/code/COMP390_code/openfold/run_pretrained_openfold.py:354: DeprecationWarning: __array__ implementation doesn't accept a copy keyword, so passing copy=False failed. __array__ must implement 'dtype' and 'copy' keyword arguments. To learn more, see the migration guide https://numpy.org/devdocs/numpy_2_0_migration_guide.html#adapting-to-changes-in-the-copy-keyword
  out = tensor_tree_map(lambda x: np.array(x.cpu()), out)
INFO:/users/sgsrehm1/COMP702_BeyondAF/code/COMP390_code/openfold/run_pretrained_openfold.py:Output written to /users/sgsrehm1/COMP702_BeyondAF/code/COMP390_code/Result/2olo_minhao_relaxed_100_20260716_113129/repeat_94/predictions/2olo_A_model_1_unrelaxed.pdb...
INFO:/users/sgsrehm1/COMP702_BeyondAF/code/COMP390_code/openfold/run_pretrained_openfold.py:Running relaxation on /users/sgsrehm1/COMP702_BeyondAF/code/COMP390_code/Result/2olo_minhao_relaxed_100_20260716_113129/repeat_94/predictions/2olo_A_model_1_unrelaxed.pdb...
INFO:/users/sgsrehm1/COMP702_BeyondAF/code/COMP390_code/openfold/openfold/utils/script_utils.py:Relaxation time: 80.75993928965181
INFO:/users/sgsrehm1/COMP702_BeyondAF/code/COMP390_code/openfold/openfold/utils/script_utils.py:Relaxed output written to /users/sgsrehm1/COMP702_BeyondAF/code/COMP390_code/Result/2olo_minhao_relaxed_100_20260716_113129/repeat_94/predictions/2olo_A_model_1_relaxed.pdb...
/users/sgsrehm1/COMP702_BeyondAF/code/COMP390_code/openfold/openfold/utils/script_utils.py:131: FutureWarning: You are using `torch.load` with `weights_only=False` (the current default value), which uses the default pickle module implicitly. It is possible to construct malicious pickle data which will execute arbitrary code during unpickling (See https://github.com/pytorch/pytorch/blob/main/SECURITY.md#untrusted-models for more details). In a future release, the default value for `weights_only` will be flipped to `True`. This limits the functions that could be executed during unpickling. Arbitrary objects will no longer be allowed to be loaded via this mode unless they are explicitly allowlisted by the user via `torch.serialization.add_safe_globals`. We recommend you start setting `weights_only=True` for any use case where you don't have full control of the loaded file. Please open an issue on GitHub for any issues related to this experimental feature.
  d = torch.load(ckpt_path)
INFO:/users/sgsrehm1/COMP702_BeyondAF/code/COMP390_code/openfold/openfold/utils/script_utils.py:Loaded OpenFold parameters at /users/sgsrehm1/COMP702_BeyondAF/code/COMP390_code/checkpoints/run_subset_gpu32_h100_ep33/csv_logs/version_0/checkpoints/32-330000.ckpt...
INFO:/users/sgsrehm1/COMP702_BeyondAF/code/COMP390_code/openfold/run_pretrained_openfold.py:Using precomputed alignments for 2olo_A at /users/sgsrehm1/scratch/openfold_inference/alignments_cf...
INFO:/users/sgsrehm1/COMP702_BeyondAF/code/COMP390_code/openfold/openfold/utils/script_utils.py:Running inference for 2olo_A...
INFO:/users/sgsrehm1/COMP702_BeyondAF/code/COMP390_code/openfold/openfold/utils/script_utils.py:Inference time: 13.395500018261373
/users/sgsrehm1/COMP702_BeyondAF/code/COMP390_code/openfold/run_pretrained_openfold.py:351: DeprecationWarning: __array__ implementation doesn't accept a copy keyword, so passing copy=False failed. __array__ must implement 'dtype' and 'copy' keyword arguments. To learn more, see the migration guide https://numpy.org/devdocs/numpy_2_0_migration_guide.html#adapting-to-changes-in-the-copy-keyword
  lambda x: np.array(x[..., -1].cpu()),
/users/sgsrehm1/COMP702_BeyondAF/code/COMP390_code/openfold/run_pretrained_openfold.py:354: DeprecationWarning: __array__ implementation doesn't accept a copy keyword, so passing copy=False failed. __array__ must implement 'dtype' and 'copy' keyword arguments. To learn more, see the migration guide https://numpy.org/devdocs/numpy_2_0_migration_guide.html#adapting-to-changes-in-the-copy-keyword
  out = tensor_tree_map(lambda x: np.array(x.cpu()), out)
INFO:/users/sgsrehm1/COMP702_BeyondAF/code/COMP390_code/openfold/run_pretrained_openfold.py:Output written to /users/sgsrehm1/COMP702_BeyondAF/code/COMP390_code/Result/2olo_minhao_relaxed_100_20260716_113129/repeat_95/predictions/2olo_A_model_1_unrelaxed.pdb...
INFO:/users/sgsrehm1/COMP702_BeyondAF/code/COMP390_code/openfold/run_pretrained_openfold.py:Running relaxation on /users/sgsrehm1/COMP702_BeyondAF/code/COMP390_code/Result/2olo_minhao_relaxed_100_20260716_113129/repeat_95/predictions/2olo_A_model_1_unrelaxed.pdb...
INFO:/users/sgsrehm1/COMP702_BeyondAF/code/COMP390_code/openfold/openfold/utils/script_utils.py:Relaxation time: 13.88573951460421
INFO:/users/sgsrehm1/COMP702_BeyondAF/code/COMP390_code/openfold/openfold/utils/script_utils.py:Relaxed output written to /users/sgsrehm1/COMP702_BeyondAF/code/COMP390_code/Result/2olo_minhao_relaxed_100_20260716_113129/repeat_95/predictions/2olo_A_model_1_relaxed.pdb...
/users/sgsrehm1/COMP702_BeyondAF/code/COMP390_code/openfold/openfold/utils/script_utils.py:131: FutureWarning: You are using `torch.load` with `weights_only=False` (the current default value), which uses the default pickle module implicitly. It is possible to construct malicious pickle data which will execute arbitrary code during unpickling (See https://github.com/pytorch/pytorch/blob/main/SECURITY.md#untrusted-models for more details). In a future release, the default value for `weights_only` will be flipped to `True`. This limits the functions that could be executed during unpickling. Arbitrary objects will no longer be allowed to be loaded via this mode unless they are explicitly allowlisted by the user via `torch.serialization.add_safe_globals`. We recommend you start setting `weights_only=True` for any use case where you don't have full control of the loaded file. Please open an issue on GitHub for any issues related to this experimental feature.
  d = torch.load(ckpt_path)
INFO:/users/sgsrehm1/COMP702_BeyondAF/code/COMP390_code/openfold/openfold/utils/script_utils.py:Loaded OpenFold parameters at /users/sgsrehm1/COMP702_BeyondAF/code/COMP390_code/checkpoints/run_subset_gpu32_h100_ep33/csv_logs/version_0/checkpoints/32-330000.ckpt...
INFO:/users/sgsrehm1/COMP702_BeyondAF/code/COMP390_code/openfold/run_pretrained_openfold.py:Using precomputed alignments for 2olo_A at /users/sgsrehm1/scratch/openfold_inference/alignments_cf...
INFO:/users/sgsrehm1/COMP702_BeyondAF/code/COMP390_code/openfold/openfold/utils/script_utils.py:Running inference for 2olo_A...
INFO:/users/sgsrehm1/COMP702_BeyondAF/code/COMP390_code/openfold/openfold/utils/script_utils.py:Inference time: 13.402379755862057
/users/sgsrehm1/COMP702_BeyondAF/code/COMP390_code/openfold/run_pretrained_openfold.py:351: DeprecationWarning: __array__ implementation doesn't accept a copy keyword, so passing copy=False failed. __array__ must implement 'dtype' and 'copy' keyword arguments. To learn more, see the migration guide https://numpy.org/devdocs/numpy_2_0_migration_guide.html#adapting-to-changes-in-the-copy-keyword
  lambda x: np.array(x[..., -1].cpu()),
/users/sgsrehm1/COMP702_BeyondAF/code/COMP390_code/openfold/run_pretrained_openfold.py:354: DeprecationWarning: __array__ implementation doesn't accept a copy keyword, so passing copy=False failed. __array__ must implement 'dtype' and 'copy' keyword arguments. To learn more, see the migration guide https://numpy.org/devdocs/numpy_2_0_migration_guide.html#adapting-to-changes-in-the-copy-keyword
  out = tensor_tree_map(lambda x: np.array(x.cpu()), out)
INFO:/users/sgsrehm1/COMP702_BeyondAF/code/COMP390_code/openfold/run_pretrained_openfold.py:Output written to /users/sgsrehm1/COMP702_BeyondAF/code/COMP390_code/Result/2olo_minhao_relaxed_100_20260716_113129/repeat_96/predictions/2olo_A_model_1_unrelaxed.pdb...
INFO:/users/sgsrehm1/COMP702_BeyondAF/code/COMP390_code/openfold/run_pretrained_openfold.py:Running relaxation on /users/sgsrehm1/COMP702_BeyondAF/code/COMP390_code/Result/2olo_minhao_relaxed_100_20260716_113129/repeat_96/predictions/2olo_A_model_1_unrelaxed.pdb...
INFO:/users/sgsrehm1/COMP702_BeyondAF/code/COMP390_code/openfold/openfold/utils/script_utils.py:Relaxation time: 80.69193346332759
INFO:/users/sgsrehm1/COMP702_BeyondAF/code/COMP390_code/openfold/openfold/utils/script_utils.py:Relaxed output written to /users/sgsrehm1/COMP702_BeyondAF/code/COMP390_code/Result/2olo_minhao_relaxed_100_20260716_113129/repeat_96/predictions/2olo_A_model_1_relaxed.pdb...
/users/sgsrehm1/COMP702_BeyondAF/code/COMP390_code/openfold/openfold/utils/script_utils.py:131: FutureWarning: You are using `torch.load` with `weights_only=False` (the current default value), which uses the default pickle module implicitly. It is possible to construct malicious pickle data which will execute arbitrary code during unpickling (See https://github.com/pytorch/pytorch/blob/main/SECURITY.md#untrusted-models for more details). In a future release, the default value for `weights_only` will be flipped to `True`. This limits the functions that could be executed during unpickling. Arbitrary objects will no longer be allowed to be loaded via this mode unless they are explicitly allowlisted by the user via `torch.serialization.add_safe_globals`. We recommend you start setting `weights_only=True` for any use case where you don't have full control of the loaded file. Please open an issue on GitHub for any issues related to this experimental feature.
  d = torch.load(ckpt_path)
INFO:/users/sgsrehm1/COMP702_BeyondAF/code/COMP390_code/openfold/openfold/utils/script_utils.py:Loaded OpenFold parameters at /users/sgsrehm1/COMP702_BeyondAF/code/COMP390_code/checkpoints/run_subset_gpu32_h100_ep33/csv_logs/version_0/checkpoints/32-330000.ckpt...
INFO:/users/sgsrehm1/COMP702_BeyondAF/code/COMP390_code/openfold/run_pretrained_openfold.py:Using precomputed alignments for 2olo_A at /users/sgsrehm1/scratch/openfold_inference/alignments_cf...
INFO:/users/sgsrehm1/COMP702_BeyondAF/code/COMP390_code/openfold/openfold/utils/script_utils.py:Running inference for 2olo_A...
INFO:/users/sgsrehm1/COMP702_BeyondAF/code/COMP390_code/openfold/openfold/utils/script_utils.py:Inference time: 13.405469624325633
/users/sgsrehm1/COMP702_BeyondAF/code/COMP390_code/openfold/run_pretrained_openfold.py:351: DeprecationWarning: __array__ implementation doesn't accept a copy keyword, so passing copy=False failed. __array__ must implement 'dtype' and 'copy' keyword arguments. To learn more, see the migration guide https://numpy.org/devdocs/numpy_2_0_migration_guide.html#adapting-to-changes-in-the-copy-keyword
  lambda x: np.array(x[..., -1].cpu()),
/users/sgsrehm1/COMP702_BeyondAF/code/COMP390_code/openfold/run_pretrained_openfold.py:354: DeprecationWarning: __array__ implementation doesn't accept a copy keyword, so passing copy=False failed. __array__ must implement 'dtype' and 'copy' keyword arguments. To learn more, see the migration guide https://numpy.org/devdocs/numpy_2_0_migration_guide.html#adapting-to-changes-in-the-copy-keyword
  out = tensor_tree_map(lambda x: np.array(x.cpu()), out)
INFO:/users/sgsrehm1/COMP702_BeyondAF/code/COMP390_code/openfold/run_pretrained_openfold.py:Output written to /users/sgsrehm1/COMP702_BeyondAF/code/COMP390_code/Result/2olo_minhao_relaxed_100_20260716_113129/repeat_97/predictions/2olo_A_model_1_unrelaxed.pdb...
INFO:/users/sgsrehm1/COMP702_BeyondAF/code/COMP390_code/openfold/run_pretrained_openfold.py:Running relaxation on /users/sgsrehm1/COMP702_BeyondAF/code/COMP390_code/Result/2olo_minhao_relaxed_100_20260716_113129/repeat_97/predictions/2olo_A_model_1_unrelaxed.pdb...
INFO:/users/sgsrehm1/COMP702_BeyondAF/code/COMP390_code/openfold/openfold/utils/script_utils.py:Relaxation time: 81.14813554193825
INFO:/users/sgsrehm1/COMP702_BeyondAF/code/COMP390_code/openfold/openfold/utils/script_utils.py:Relaxed output written to /users/sgsrehm1/COMP702_BeyondAF/code/COMP390_code/Result/2olo_minhao_relaxed_100_20260716_113129/repeat_97/predictions/2olo_A_model_1_relaxed.pdb...
/users/sgsrehm1/COMP702_BeyondAF/code/COMP390_code/openfold/openfold/utils/script_utils.py:131: FutureWarning: You are using `torch.load` with `weights_only=False` (the current default value), which uses the default pickle module implicitly. It is possible to construct malicious pickle data which will execute arbitrary code during unpickling (See https://github.com/pytorch/pytorch/blob/main/SECURITY.md#untrusted-models for more details). In a future release, the default value for `weights_only` will be flipped to `True`. This limits the functions that could be executed during unpickling. Arbitrary objects will no longer be allowed to be loaded via this mode unless they are explicitly allowlisted by the user via `torch.serialization.add_safe_globals`. We recommend you start setting `weights_only=True` for any use case where you don't have full control of the loaded file. Please open an issue on GitHub for any issues related to this experimental feature.
  d = torch.load(ckpt_path)
INFO:/users/sgsrehm1/COMP702_BeyondAF/code/COMP390_code/openfold/openfold/utils/script_utils.py:Loaded OpenFold parameters at /users/sgsrehm1/COMP702_BeyondAF/code/COMP390_code/checkpoints/run_subset_gpu32_h100_ep33/csv_logs/version_0/checkpoints/32-330000.ckpt...
INFO:/users/sgsrehm1/COMP702_BeyondAF/code/COMP390_code/openfold/run_pretrained_openfold.py:Using precomputed alignments for 2olo_A at /users/sgsrehm1/scratch/openfold_inference/alignments_cf...
INFO:/users/sgsrehm1/COMP702_BeyondAF/code/COMP390_code/openfold/openfold/utils/script_utils.py:Running inference for 2olo_A...
INFO:/users/sgsrehm1/COMP702_BeyondAF/code/COMP390_code/openfold/openfold/utils/script_utils.py:Inference time: 13.404021060094237
/users/sgsrehm1/COMP702_BeyondAF/code/COMP390_code/openfold/run_pretrained_openfold.py:351: DeprecationWarning: __array__ implementation doesn't accept a copy keyword, so passing copy=False failed. __array__ must implement 'dtype' and 'copy' keyword arguments. To learn more, see the migration guide https://numpy.org/devdocs/numpy_2_0_migration_guide.html#adapting-to-changes-in-the-copy-keyword
  lambda x: np.array(x[..., -1].cpu()),
/users/sgsrehm1/COMP702_BeyondAF/code/COMP390_code/openfold/run_pretrained_openfold.py:354: DeprecationWarning: __array__ implementation doesn't accept a copy keyword, so passing copy=False failed. __array__ must implement 'dtype' and 'copy' keyword arguments. To learn more, see the migration guide https://numpy.org/devdocs/numpy_2_0_migration_guide.html#adapting-to-changes-in-the-copy-keyword
  out = tensor_tree_map(lambda x: np.array(x.cpu()), out)
INFO:/users/sgsrehm1/COMP702_BeyondAF/code/COMP390_code/openfold/run_pretrained_openfold.py:Output written to /users/sgsrehm1/COMP702_BeyondAF/code/COMP390_code/Result/2olo_minhao_relaxed_100_20260716_113129/repeat_98/predictions/2olo_A_model_1_unrelaxed.pdb...
INFO:/users/sgsrehm1/COMP702_BeyondAF/code/COMP390_code/openfold/run_pretrained_openfold.py:Running relaxation on /users/sgsrehm1/COMP702_BeyondAF/code/COMP390_code/Result/2olo_minhao_relaxed_100_20260716_113129/repeat_98/predictions/2olo_A_model_1_unrelaxed.pdb...
INFO:/users/sgsrehm1/COMP702_BeyondAF/code/COMP390_code/openfold/openfold/utils/script_utils.py:Relaxation time: 84.71391358971596
INFO:/users/sgsrehm1/COMP702_BeyondAF/code/COMP390_code/openfold/openfold/utils/script_utils.py:Relaxed output written to /users/sgsrehm1/COMP702_BeyondAF/code/COMP390_code/Result/2olo_minhao_relaxed_100_20260716_113129/repeat_98/predictions/2olo_A_model_1_relaxed.pdb...
/users/sgsrehm1/COMP702_BeyondAF/code/COMP390_code/openfold/openfold/utils/script_utils.py:131: FutureWarning: You are using `torch.load` with `weights_only=False` (the current default value), which uses the default pickle module implicitly. It is possible to construct malicious pickle data which will execute arbitrary code during unpickling (See https://github.com/pytorch/pytorch/blob/main/SECURITY.md#untrusted-models for more details). In a future release, the default value for `weights_only` will be flipped to `True`. This limits the functions that could be executed during unpickling. Arbitrary objects will no longer be allowed to be loaded via this mode unless they are explicitly allowlisted by the user via `torch.serialization.add_safe_globals`. We recommend you start setting `weights_only=True` for any use case where you don't have full control of the loaded file. Please open an issue on GitHub for any issues related to this experimental feature.
  d = torch.load(ckpt_path)
INFO:/users/sgsrehm1/COMP702_BeyondAF/code/COMP390_code/openfold/openfold/utils/script_utils.py:Loaded OpenFold parameters at /users/sgsrehm1/COMP702_BeyondAF/code/COMP390_code/checkpoints/run_subset_gpu32_h100_ep33/csv_logs/version_0/checkpoints/32-330000.ckpt...
INFO:/users/sgsrehm1/COMP702_BeyondAF/code/COMP390_code/openfold/run_pretrained_openfold.py:Using precomputed alignments for 2olo_A at /users/sgsrehm1/scratch/openfold_inference/alignments_cf...
INFO:/users/sgsrehm1/COMP702_BeyondAF/code/COMP390_code/openfold/openfold/utils/script_utils.py:Running inference for 2olo_A...
INFO:/users/sgsrehm1/COMP702_BeyondAF/code/COMP390_code/openfold/openfold/utils/script_utils.py:Inference time: 13.41822238638997
/users/sgsrehm1/COMP702_BeyondAF/code/COMP390_code/openfold/run_pretrained_openfold.py:351: DeprecationWarning: __array__ implementation doesn't accept a copy keyword, so passing copy=False failed. __array__ must implement 'dtype' and 'copy' keyword arguments. To learn more, see the migration guide https://numpy.org/devdocs/numpy_2_0_migration_guide.html#adapting-to-changes-in-the-copy-keyword
  lambda x: np.array(x[..., -1].cpu()),
/users/sgsrehm1/COMP702_BeyondAF/code/COMP390_code/openfold/run_pretrained_openfold.py:354: DeprecationWarning: __array__ implementation doesn't accept a copy keyword, so passing copy=False failed. __array__ must implement 'dtype' and 'copy' keyword arguments. To learn more, see the migration guide https://numpy.org/devdocs/numpy_2_0_migration_guide.html#adapting-to-changes-in-the-copy-keyword
  out = tensor_tree_map(lambda x: np.array(x.cpu()), out)
INFO:/users/sgsrehm1/COMP702_BeyondAF/code/COMP390_code/openfold/run_pretrained_openfold.py:Output written to /users/sgsrehm1/COMP702_BeyondAF/code/COMP390_code/Result/2olo_minhao_relaxed_100_20260716_113129/repeat_99/predictions/2olo_A_model_1_unrelaxed.pdb...
INFO:/users/sgsrehm1/COMP702_BeyondAF/code/COMP390_code/openfold/run_pretrained_openfold.py:Running relaxation on /users/sgsrehm1/COMP702_BeyondAF/code/COMP390_code/Result/2olo_minhao_relaxed_100_20260716_113129/repeat_99/predictions/2olo_A_model_1_unrelaxed.pdb...
INFO:/users/sgsrehm1/COMP702_BeyondAF/code/COMP390_code/openfold/openfold/utils/script_utils.py:Relaxation time: 87.76605306286365
INFO:/users/sgsrehm1/COMP702_BeyondAF/code/COMP390_code/openfold/openfold/utils/script_utils.py:Relaxed output written to /users/sgsrehm1/COMP702_BeyondAF/code/COMP390_code/Result/2olo_minhao_relaxed_100_20260716_113129/repeat_99/predictions/2olo_A_model_1_relaxed.pdb...
/users/sgsrehm1/COMP702_BeyondAF/code/COMP390_code/openfold/openfold/utils/script_utils.py:131: FutureWarning: You are using `torch.load` with `weights_only=False` (the current default value), which uses the default pickle module implicitly. It is possible to construct malicious pickle data which will execute arbitrary code during unpickling (See https://github.com/pytorch/pytorch/blob/main/SECURITY.md#untrusted-models for more details). In a future release, the default value for `weights_only` will be flipped to `True`. This limits the functions that could be executed during unpickling. Arbitrary objects will no longer be allowed to be loaded via this mode unless they are explicitly allowlisted by the user via `torch.serialization.add_safe_globals`. We recommend you start setting `weights_only=True` for any use case where you don't have full control of the loaded file. Please open an issue on GitHub for any issues related to this experimental feature.
  d = torch.load(ckpt_path)
INFO:/users/sgsrehm1/COMP702_BeyondAF/code/COMP390_code/openfold/openfold/utils/script_utils.py:Loaded OpenFold parameters at /users/sgsrehm1/COMP702_BeyondAF/code/COMP390_code/checkpoints/run_subset_gpu32_h100_ep33/csv_logs/version_0/checkpoints/32-330000.ckpt...
INFO:/users/sgsrehm1/COMP702_BeyondAF/code/COMP390_code/openfold/run_pretrained_openfold.py:Using precomputed alignments for 2olo_A at /users/sgsrehm1/scratch/openfold_inference/alignments_cf...
INFO:/users/sgsrehm1/COMP702_BeyondAF/code/COMP390_code/openfold/openfold/utils/script_utils.py:Running inference for 2olo_A...
INFO:/users/sgsrehm1/COMP702_BeyondAF/code/COMP390_code/openfold/openfold/utils/script_utils.py:Inference time: 13.391506194137037
/users/sgsrehm1/COMP702_BeyondAF/code/COMP390_code/openfold/run_pretrained_openfold.py:351: DeprecationWarning: __array__ implementation doesn't accept a copy keyword, so passing copy=False failed. __array__ must implement 'dtype' and 'copy' keyword arguments. To learn more, see the migration guide https://numpy.org/devdocs/numpy_2_0_migration_guide.html#adapting-to-changes-in-the-copy-keyword
  lambda x: np.array(x[..., -1].cpu()),
/users/sgsrehm1/COMP702_BeyondAF/code/COMP390_code/openfold/run_pretrained_openfold.py:354: DeprecationWarning: __array__ implementation doesn't accept a copy keyword, so passing copy=False failed. __array__ must implement 'dtype' and 'copy' keyword arguments. To learn more, see the migration guide https://numpy.org/devdocs/numpy_2_0_migration_guide.html#adapting-to-changes-in-the-copy-keyword
  out = tensor_tree_map(lambda x: np.array(x.cpu()), out)
INFO:/users/sgsrehm1/COMP702_BeyondAF/code/COMP390_code/openfold/run_pretrained_openfold.py:Output written to /users/sgsrehm1/COMP702_BeyondAF/code/COMP390_code/Result/2olo_minhao_relaxed_100_20260716_113129/repeat_100/predictions/2olo_A_model_1_unrelaxed.pdb...
INFO:/users/sgsrehm1/COMP702_BeyondAF/code/COMP390_code/openfold/run_pretrained_openfold.py:Running relaxation on /users/sgsrehm1/COMP702_BeyondAF/code/COMP390_code/Result/2olo_minhao_relaxed_100_20260716_113129/repeat_100/predictions/2olo_A_model_1_unrelaxed.pdb...
INFO:/users/sgsrehm1/COMP702_BeyondAF/code/COMP390_code/openfold/openfold/utils/script_utils.py:Relaxation time: 14.385210608132184
INFO:/users/sgsrehm1/COMP702_BeyondAF/code/COMP390_code/openfold/openfold/utils/script_utils.py:Relaxed output written to /users/sgsrehm1/COMP702_BeyondAF/code/COMP390_code/Result/2olo_minhao_relaxed_100_20260716_113129/repeat_100/predictions/2olo_A_model_1_relaxed.pdb...
