/users/sgsrehm1/COMP702_BeyondAF/code/COMP390_code/openfold/openfold/utils/script_utils.py:131: FutureWarning: You are using `torch.load` with `weights_only=False` (the current default value), which uses the default pickle module implicitly. It is possible to construct malicious pickle data which will execute arbitrary code during unpickling (See https://github.com/pytorch/pytorch/blob/main/SECURITY.md#untrusted-models for more details). In a future release, the default value for `weights_only` will be flipped to `True`. This limits the functions that could be executed during unpickling. Arbitrary objects will no longer be allowed to be loaded via this mode unless they are explicitly allowlisted by the user via `torch.serialization.add_safe_globals`. We recommend you start setting `weights_only=True` for any use case where you don't have full control of the loaded file. Please open an issue on GitHub for any issues related to this experimental feature.
  d = torch.load(ckpt_path)
INFO:/users/sgsrehm1/COMP702_BeyondAF/code/COMP390_code/openfold/openfold/utils/script_utils.py:Loaded OpenFold parameters at /users/sgsrehm1/COMP702_BeyondAF/code/COMP390_code/checkpoints/run_subset_gpu32_h100_ep33/csv_logs/version_0/checkpoints/32-330000.ckpt...
INFO:/users/sgsrehm1/COMP702_BeyondAF/code/COMP390_code/openfold/run_pretrained_openfold.py:Using precomputed alignments for 4bp8_A at /users/sgsrehm1/scratch/openfold_inference/alignments_cf...
INFO:/users/sgsrehm1/COMP702_BeyondAF/code/COMP390_code/openfold/openfold/utils/script_utils.py:Running inference for 4bp8_A...
INFO:/users/sgsrehm1/COMP702_BeyondAF/code/COMP390_code/openfold/openfold/utils/script_utils.py:Inference time: 45.57215460855514
/users/sgsrehm1/COMP702_BeyondAF/code/COMP390_code/openfold/run_pretrained_openfold.py:351: DeprecationWarning: __array__ implementation doesn't accept a copy keyword, so passing copy=False failed. __array__ must implement 'dtype' and 'copy' keyword arguments. To learn more, see the migration guide https://numpy.org/devdocs/numpy_2_0_migration_guide.html#adapting-to-changes-in-the-copy-keyword
  lambda x: np.array(x[..., -1].cpu()),
/users/sgsrehm1/COMP702_BeyondAF/code/COMP390_code/openfold/run_pretrained_openfold.py:354: DeprecationWarning: __array__ implementation doesn't accept a copy keyword, so passing copy=False failed. __array__ must implement 'dtype' and 'copy' keyword arguments. To learn more, see the migration guide https://numpy.org/devdocs/numpy_2_0_migration_guide.html#adapting-to-changes-in-the-copy-keyword
  out = tensor_tree_map(lambda x: np.array(x.cpu()), out)
INFO:/users/sgsrehm1/COMP702_BeyondAF/code/COMP390_code/openfold/run_pretrained_openfold.py:Output written to /users/sgsrehm1/fastscratch/COMP702_ep32_inference/runs/4bp8_ep32_relaxed_100_9827077/repeat_1/predictions/4bp8_A_model_1_unrelaxed.pdb...
INFO:/users/sgsrehm1/COMP702_BeyondAF/code/COMP390_code/openfold/run_pretrained_openfold.py:Running relaxation on /users/sgsrehm1/fastscratch/COMP702_ep32_inference/runs/4bp8_ep32_relaxed_100_9827077/repeat_1/predictions/4bp8_A_model_1_unrelaxed.pdb...
INFO:/users/sgsrehm1/COMP702_BeyondAF/code/COMP390_code/openfold/openfold/utils/script_utils.py:Relaxation time: 50.724648852832615
INFO:/users/sgsrehm1/COMP702_BeyondAF/code/COMP390_code/openfold/openfold/utils/script_utils.py:Relaxed output written to /users/sgsrehm1/fastscratch/COMP702_ep32_inference/runs/4bp8_ep32_relaxed_100_9827077/repeat_1/predictions/4bp8_A_model_1_relaxed.pdb...
/users/sgsrehm1/COMP702_BeyondAF/code/COMP390_code/openfold/openfold/utils/script_utils.py:131: FutureWarning: You are using `torch.load` with `weights_only=False` (the current default value), which uses the default pickle module implicitly. It is possible to construct malicious pickle data which will execute arbitrary code during unpickling (See https://github.com/pytorch/pytorch/blob/main/SECURITY.md#untrusted-models for more details). In a future release, the default value for `weights_only` will be flipped to `True`. This limits the functions that could be executed during unpickling. Arbitrary objects will no longer be allowed to be loaded via this mode unless they are explicitly allowlisted by the user via `torch.serialization.add_safe_globals`. We recommend you start setting `weights_only=True` for any use case where you don't have full control of the loaded file. Please open an issue on GitHub for any issues related to this experimental feature.
  d = torch.load(ckpt_path)
INFO:/users/sgsrehm1/COMP702_BeyondAF/code/COMP390_code/openfold/openfold/utils/script_utils.py:Loaded OpenFold parameters at /users/sgsrehm1/COMP702_BeyondAF/code/COMP390_code/checkpoints/run_subset_gpu32_h100_ep33/csv_logs/version_0/checkpoints/32-330000.ckpt...
INFO:/users/sgsrehm1/COMP702_BeyondAF/code/COMP390_code/openfold/run_pretrained_openfold.py:Using precomputed alignments for 4bp8_A at /users/sgsrehm1/scratch/openfold_inference/alignments_cf...
INFO:/users/sgsrehm1/COMP702_BeyondAF/code/COMP390_code/openfold/openfold/utils/script_utils.py:Running inference for 4bp8_A...
INFO:/users/sgsrehm1/COMP702_BeyondAF/code/COMP390_code/openfold/openfold/utils/script_utils.py:Inference time: 45.453849744051695
/users/sgsrehm1/COMP702_BeyondAF/code/COMP390_code/openfold/run_pretrained_openfold.py:351: DeprecationWarning: __array__ implementation doesn't accept a copy keyword, so passing copy=False failed. __array__ must implement 'dtype' and 'copy' keyword arguments. To learn more, see the migration guide https://numpy.org/devdocs/numpy_2_0_migration_guide.html#adapting-to-changes-in-the-copy-keyword
  lambda x: np.array(x[..., -1].cpu()),
/users/sgsrehm1/COMP702_BeyondAF/code/COMP390_code/openfold/run_pretrained_openfold.py:354: DeprecationWarning: __array__ implementation doesn't accept a copy keyword, so passing copy=False failed. __array__ must implement 'dtype' and 'copy' keyword arguments. To learn more, see the migration guide https://numpy.org/devdocs/numpy_2_0_migration_guide.html#adapting-to-changes-in-the-copy-keyword
  out = tensor_tree_map(lambda x: np.array(x.cpu()), out)
INFO:/users/sgsrehm1/COMP702_BeyondAF/code/COMP390_code/openfold/run_pretrained_openfold.py:Output written to /users/sgsrehm1/fastscratch/COMP702_ep32_inference/runs/4bp8_ep32_relaxed_100_9827077/repeat_2/predictions/4bp8_A_model_1_unrelaxed.pdb...
INFO:/users/sgsrehm1/COMP702_BeyondAF/code/COMP390_code/openfold/run_pretrained_openfold.py:Running relaxation on /users/sgsrehm1/fastscratch/COMP702_ep32_inference/runs/4bp8_ep32_relaxed_100_9827077/repeat_2/predictions/4bp8_A_model_1_unrelaxed.pdb...
INFO:/users/sgsrehm1/COMP702_BeyondAF/code/COMP390_code/openfold/openfold/utils/script_utils.py:Relaxation time: 216.32480462267995
INFO:/users/sgsrehm1/COMP702_BeyondAF/code/COMP390_code/openfold/openfold/utils/script_utils.py:Relaxed output written to /users/sgsrehm1/fastscratch/COMP702_ep32_inference/runs/4bp8_ep32_relaxed_100_9827077/repeat_2/predictions/4bp8_A_model_1_relaxed.pdb...
/users/sgsrehm1/COMP702_BeyondAF/code/COMP390_code/openfold/openfold/utils/script_utils.py:131: FutureWarning: You are using `torch.load` with `weights_only=False` (the current default value), which uses the default pickle module implicitly. It is possible to construct malicious pickle data which will execute arbitrary code during unpickling (See https://github.com/pytorch/pytorch/blob/main/SECURITY.md#untrusted-models for more details). In a future release, the default value for `weights_only` will be flipped to `True`. This limits the functions that could be executed during unpickling. Arbitrary objects will no longer be allowed to be loaded via this mode unless they are explicitly allowlisted by the user via `torch.serialization.add_safe_globals`. We recommend you start setting `weights_only=True` for any use case where you don't have full control of the loaded file. Please open an issue on GitHub for any issues related to this experimental feature.
  d = torch.load(ckpt_path)
INFO:/users/sgsrehm1/COMP702_BeyondAF/code/COMP390_code/openfold/openfold/utils/script_utils.py:Loaded OpenFold parameters at /users/sgsrehm1/COMP702_BeyondAF/code/COMP390_code/checkpoints/run_subset_gpu32_h100_ep33/csv_logs/version_0/checkpoints/32-330000.ckpt...
INFO:/users/sgsrehm1/COMP702_BeyondAF/code/COMP390_code/openfold/run_pretrained_openfold.py:Using precomputed alignments for 4bp8_A at /users/sgsrehm1/scratch/openfold_inference/alignments_cf...
INFO:/users/sgsrehm1/COMP702_BeyondAF/code/COMP390_code/openfold/openfold/utils/script_utils.py:Running inference for 4bp8_A...
INFO:/users/sgsrehm1/COMP702_BeyondAF/code/COMP390_code/openfold/openfold/utils/script_utils.py:Inference time: 45.396353856660426
/users/sgsrehm1/COMP702_BeyondAF/code/COMP390_code/openfold/run_pretrained_openfold.py:351: DeprecationWarning: __array__ implementation doesn't accept a copy keyword, so passing copy=False failed. __array__ must implement 'dtype' and 'copy' keyword arguments. To learn more, see the migration guide https://numpy.org/devdocs/numpy_2_0_migration_guide.html#adapting-to-changes-in-the-copy-keyword
  lambda x: np.array(x[..., -1].cpu()),
/users/sgsrehm1/COMP702_BeyondAF/code/COMP390_code/openfold/run_pretrained_openfold.py:354: DeprecationWarning: __array__ implementation doesn't accept a copy keyword, so passing copy=False failed. __array__ must implement 'dtype' and 'copy' keyword arguments. To learn more, see the migration guide https://numpy.org/devdocs/numpy_2_0_migration_guide.html#adapting-to-changes-in-the-copy-keyword
  out = tensor_tree_map(lambda x: np.array(x.cpu()), out)
INFO:/users/sgsrehm1/COMP702_BeyondAF/code/COMP390_code/openfold/run_pretrained_openfold.py:Output written to /users/sgsrehm1/fastscratch/COMP702_ep32_inference/runs/4bp8_ep32_relaxed_100_9827077/repeat_3/predictions/4bp8_A_model_1_unrelaxed.pdb...
INFO:/users/sgsrehm1/COMP702_BeyondAF/code/COMP390_code/openfold/run_pretrained_openfold.py:Running relaxation on /users/sgsrehm1/fastscratch/COMP702_ep32_inference/runs/4bp8_ep32_relaxed_100_9827077/repeat_3/predictions/4bp8_A_model_1_unrelaxed.pdb...
INFO:/users/sgsrehm1/COMP702_BeyondAF/code/COMP390_code/openfold/openfold/utils/script_utils.py:Relaxation time: 215.13122911099344
INFO:/users/sgsrehm1/COMP702_BeyondAF/code/COMP390_code/openfold/openfold/utils/script_utils.py:Relaxed output written to /users/sgsrehm1/fastscratch/COMP702_ep32_inference/runs/4bp8_ep32_relaxed_100_9827077/repeat_3/predictions/4bp8_A_model_1_relaxed.pdb...
/users/sgsrehm1/COMP702_BeyondAF/code/COMP390_code/openfold/openfold/utils/script_utils.py:131: FutureWarning: You are using `torch.load` with `weights_only=False` (the current default value), which uses the default pickle module implicitly. It is possible to construct malicious pickle data which will execute arbitrary code during unpickling (See https://github.com/pytorch/pytorch/blob/main/SECURITY.md#untrusted-models for more details). In a future release, the default value for `weights_only` will be flipped to `True`. This limits the functions that could be executed during unpickling. Arbitrary objects will no longer be allowed to be loaded via this mode unless they are explicitly allowlisted by the user via `torch.serialization.add_safe_globals`. We recommend you start setting `weights_only=True` for any use case where you don't have full control of the loaded file. Please open an issue on GitHub for any issues related to this experimental feature.
  d = torch.load(ckpt_path)
INFO:/users/sgsrehm1/COMP702_BeyondAF/code/COMP390_code/openfold/openfold/utils/script_utils.py:Loaded OpenFold parameters at /users/sgsrehm1/COMP702_BeyondAF/code/COMP390_code/checkpoints/run_subset_gpu32_h100_ep33/csv_logs/version_0/checkpoints/32-330000.ckpt...
INFO:/users/sgsrehm1/COMP702_BeyondAF/code/COMP390_code/openfold/run_pretrained_openfold.py:Using precomputed alignments for 4bp8_A at /users/sgsrehm1/scratch/openfold_inference/alignments_cf...
INFO:/users/sgsrehm1/COMP702_BeyondAF/code/COMP390_code/openfold/openfold/utils/script_utils.py:Running inference for 4bp8_A...
INFO:/users/sgsrehm1/COMP702_BeyondAF/code/COMP390_code/openfold/openfold/utils/script_utils.py:Inference time: 45.47102818544954
/users/sgsrehm1/COMP702_BeyondAF/code/COMP390_code/openfold/run_pretrained_openfold.py:351: DeprecationWarning: __array__ implementation doesn't accept a copy keyword, so passing copy=False failed. __array__ must implement 'dtype' and 'copy' keyword arguments. To learn more, see the migration guide https://numpy.org/devdocs/numpy_2_0_migration_guide.html#adapting-to-changes-in-the-copy-keyword
  lambda x: np.array(x[..., -1].cpu()),
/users/sgsrehm1/COMP702_BeyondAF/code/COMP390_code/openfold/run_pretrained_openfold.py:354: DeprecationWarning: __array__ implementation doesn't accept a copy keyword, so passing copy=False failed. __array__ must implement 'dtype' and 'copy' keyword arguments. To learn more, see the migration guide https://numpy.org/devdocs/numpy_2_0_migration_guide.html#adapting-to-changes-in-the-copy-keyword
  out = tensor_tree_map(lambda x: np.array(x.cpu()), out)
INFO:/users/sgsrehm1/COMP702_BeyondAF/code/COMP390_code/openfold/run_pretrained_openfold.py:Output written to /users/sgsrehm1/fastscratch/COMP702_ep32_inference/runs/4bp8_ep32_relaxed_100_9827077/repeat_4/predictions/4bp8_A_model_1_unrelaxed.pdb...
INFO:/users/sgsrehm1/COMP702_BeyondAF/code/COMP390_code/openfold/run_pretrained_openfold.py:Running relaxation on /users/sgsrehm1/fastscratch/COMP702_ep32_inference/runs/4bp8_ep32_relaxed_100_9827077/repeat_4/predictions/4bp8_A_model_1_unrelaxed.pdb...
INFO:/users/sgsrehm1/COMP702_BeyondAF/code/COMP390_code/openfold/openfold/utils/script_utils.py:Relaxation time: 213.9214524421841
INFO:/users/sgsrehm1/COMP702_BeyondAF/code/COMP390_code/openfold/openfold/utils/script_utils.py:Relaxed output written to /users/sgsrehm1/fastscratch/COMP702_ep32_inference/runs/4bp8_ep32_relaxed_100_9827077/repeat_4/predictions/4bp8_A_model_1_relaxed.pdb...
/users/sgsrehm1/COMP702_BeyondAF/code/COMP390_code/openfold/openfold/utils/script_utils.py:131: FutureWarning: You are using `torch.load` with `weights_only=False` (the current default value), which uses the default pickle module implicitly. It is possible to construct malicious pickle data which will execute arbitrary code during unpickling (See https://github.com/pytorch/pytorch/blob/main/SECURITY.md#untrusted-models for more details). In a future release, the default value for `weights_only` will be flipped to `True`. This limits the functions that could be executed during unpickling. Arbitrary objects will no longer be allowed to be loaded via this mode unless they are explicitly allowlisted by the user via `torch.serialization.add_safe_globals`. We recommend you start setting `weights_only=True` for any use case where you don't have full control of the loaded file. Please open an issue on GitHub for any issues related to this experimental feature.
  d = torch.load(ckpt_path)
INFO:/users/sgsrehm1/COMP702_BeyondAF/code/COMP390_code/openfold/openfold/utils/script_utils.py:Loaded OpenFold parameters at /users/sgsrehm1/COMP702_BeyondAF/code/COMP390_code/checkpoints/run_subset_gpu32_h100_ep33/csv_logs/version_0/checkpoints/32-330000.ckpt...
INFO:/users/sgsrehm1/COMP702_BeyondAF/code/COMP390_code/openfold/run_pretrained_openfold.py:Using precomputed alignments for 4bp8_A at /users/sgsrehm1/scratch/openfold_inference/alignments_cf...
INFO:/users/sgsrehm1/COMP702_BeyondAF/code/COMP390_code/openfold/openfold/utils/script_utils.py:Running inference for 4bp8_A...
INFO:/users/sgsrehm1/COMP702_BeyondAF/code/COMP390_code/openfold/openfold/utils/script_utils.py:Inference time: 45.52999191079289
/users/sgsrehm1/COMP702_BeyondAF/code/COMP390_code/openfold/run_pretrained_openfold.py:351: DeprecationWarning: __array__ implementation doesn't accept a copy keyword, so passing copy=False failed. __array__ must implement 'dtype' and 'copy' keyword arguments. To learn more, see the migration guide https://numpy.org/devdocs/numpy_2_0_migration_guide.html#adapting-to-changes-in-the-copy-keyword
  lambda x: np.array(x[..., -1].cpu()),
/users/sgsrehm1/COMP702_BeyondAF/code/COMP390_code/openfold/run_pretrained_openfold.py:354: DeprecationWarning: __array__ implementation doesn't accept a copy keyword, so passing copy=False failed. __array__ must implement 'dtype' and 'copy' keyword arguments. To learn more, see the migration guide https://numpy.org/devdocs/numpy_2_0_migration_guide.html#adapting-to-changes-in-the-copy-keyword
  out = tensor_tree_map(lambda x: np.array(x.cpu()), out)
INFO:/users/sgsrehm1/COMP702_BeyondAF/code/COMP390_code/openfold/run_pretrained_openfold.py:Output written to /users/sgsrehm1/fastscratch/COMP702_ep32_inference/runs/4bp8_ep32_relaxed_100_9827077/repeat_5/predictions/4bp8_A_model_1_unrelaxed.pdb...
INFO:/users/sgsrehm1/COMP702_BeyondAF/code/COMP390_code/openfold/run_pretrained_openfold.py:Running relaxation on /users/sgsrehm1/fastscratch/COMP702_ep32_inference/runs/4bp8_ep32_relaxed_100_9827077/repeat_5/predictions/4bp8_A_model_1_unrelaxed.pdb...
INFO:/users/sgsrehm1/COMP702_BeyondAF/code/COMP390_code/openfold/openfold/utils/script_utils.py:Relaxation time: 46.348605702631176
INFO:/users/sgsrehm1/COMP702_BeyondAF/code/COMP390_code/openfold/openfold/utils/script_utils.py:Relaxed output written to /users/sgsrehm1/fastscratch/COMP702_ep32_inference/runs/4bp8_ep32_relaxed_100_9827077/repeat_5/predictions/4bp8_A_model_1_relaxed.pdb...
/users/sgsrehm1/COMP702_BeyondAF/code/COMP390_code/openfold/openfold/utils/script_utils.py:131: FutureWarning: You are using `torch.load` with `weights_only=False` (the current default value), which uses the default pickle module implicitly. It is possible to construct malicious pickle data which will execute arbitrary code during unpickling (See https://github.com/pytorch/pytorch/blob/main/SECURITY.md#untrusted-models for more details). In a future release, the default value for `weights_only` will be flipped to `True`. This limits the functions that could be executed during unpickling. Arbitrary objects will no longer be allowed to be loaded via this mode unless they are explicitly allowlisted by the user via `torch.serialization.add_safe_globals`. We recommend you start setting `weights_only=True` for any use case where you don't have full control of the loaded file. Please open an issue on GitHub for any issues related to this experimental feature.
  d = torch.load(ckpt_path)
INFO:/users/sgsrehm1/COMP702_BeyondAF/code/COMP390_code/openfold/openfold/utils/script_utils.py:Loaded OpenFold parameters at /users/sgsrehm1/COMP702_BeyondAF/code/COMP390_code/checkpoints/run_subset_gpu32_h100_ep33/csv_logs/version_0/checkpoints/32-330000.ckpt...
INFO:/users/sgsrehm1/COMP702_BeyondAF/code/COMP390_code/openfold/run_pretrained_openfold.py:Using precomputed alignments for 4bp8_A at /users/sgsrehm1/scratch/openfold_inference/alignments_cf...
INFO:/users/sgsrehm1/COMP702_BeyondAF/code/COMP390_code/openfold/openfold/utils/script_utils.py:Running inference for 4bp8_A...
INFO:/users/sgsrehm1/COMP702_BeyondAF/code/COMP390_code/openfold/openfold/utils/script_utils.py:Inference time: 45.452350216917694
/users/sgsrehm1/COMP702_BeyondAF/code/COMP390_code/openfold/run_pretrained_openfold.py:351: DeprecationWarning: __array__ implementation doesn't accept a copy keyword, so passing copy=False failed. __array__ must implement 'dtype' and 'copy' keyword arguments. To learn more, see the migration guide https://numpy.org/devdocs/numpy_2_0_migration_guide.html#adapting-to-changes-in-the-copy-keyword
  lambda x: np.array(x[..., -1].cpu()),
/users/sgsrehm1/COMP702_BeyondAF/code/COMP390_code/openfold/run_pretrained_openfold.py:354: DeprecationWarning: __array__ implementation doesn't accept a copy keyword, so passing copy=False failed. __array__ must implement 'dtype' and 'copy' keyword arguments. To learn more, see the migration guide https://numpy.org/devdocs/numpy_2_0_migration_guide.html#adapting-to-changes-in-the-copy-keyword
  out = tensor_tree_map(lambda x: np.array(x.cpu()), out)
INFO:/users/sgsrehm1/COMP702_BeyondAF/code/COMP390_code/openfold/run_pretrained_openfold.py:Output written to /users/sgsrehm1/fastscratch/COMP702_ep32_inference/runs/4bp8_ep32_relaxed_100_9827077/repeat_6/predictions/4bp8_A_model_1_unrelaxed.pdb...
INFO:/users/sgsrehm1/COMP702_BeyondAF/code/COMP390_code/openfold/run_pretrained_openfold.py:Running relaxation on /users/sgsrehm1/fastscratch/COMP702_ep32_inference/runs/4bp8_ep32_relaxed_100_9827077/repeat_6/predictions/4bp8_A_model_1_unrelaxed.pdb...
INFO:/users/sgsrehm1/COMP702_BeyondAF/code/COMP390_code/openfold/openfold/utils/script_utils.py:Relaxation time: 46.85200412478298
INFO:/users/sgsrehm1/COMP702_BeyondAF/code/COMP390_code/openfold/openfold/utils/script_utils.py:Relaxed output written to /users/sgsrehm1/fastscratch/COMP702_ep32_inference/runs/4bp8_ep32_relaxed_100_9827077/repeat_6/predictions/4bp8_A_model_1_relaxed.pdb...
/users/sgsrehm1/COMP702_BeyondAF/code/COMP390_code/openfold/openfold/utils/script_utils.py:131: FutureWarning: You are using `torch.load` with `weights_only=False` (the current default value), which uses the default pickle module implicitly. It is possible to construct malicious pickle data which will execute arbitrary code during unpickling (See https://github.com/pytorch/pytorch/blob/main/SECURITY.md#untrusted-models for more details). In a future release, the default value for `weights_only` will be flipped to `True`. This limits the functions that could be executed during unpickling. Arbitrary objects will no longer be allowed to be loaded via this mode unless they are explicitly allowlisted by the user via `torch.serialization.add_safe_globals`. We recommend you start setting `weights_only=True` for any use case where you don't have full control of the loaded file. Please open an issue on GitHub for any issues related to this experimental feature.
  d = torch.load(ckpt_path)
INFO:/users/sgsrehm1/COMP702_BeyondAF/code/COMP390_code/openfold/openfold/utils/script_utils.py:Loaded OpenFold parameters at /users/sgsrehm1/COMP702_BeyondAF/code/COMP390_code/checkpoints/run_subset_gpu32_h100_ep33/csv_logs/version_0/checkpoints/32-330000.ckpt...
INFO:/users/sgsrehm1/COMP702_BeyondAF/code/COMP390_code/openfold/run_pretrained_openfold.py:Using precomputed alignments for 4bp8_A at /users/sgsrehm1/scratch/openfold_inference/alignments_cf...
INFO:/users/sgsrehm1/COMP702_BeyondAF/code/COMP390_code/openfold/openfold/utils/script_utils.py:Running inference for 4bp8_A...
INFO:/users/sgsrehm1/COMP702_BeyondAF/code/COMP390_code/openfold/openfold/utils/script_utils.py:Inference time: 45.42553973663598
/users/sgsrehm1/COMP702_BeyondAF/code/COMP390_code/openfold/run_pretrained_openfold.py:351: DeprecationWarning: __array__ implementation doesn't accept a copy keyword, so passing copy=False failed. __array__ must implement 'dtype' and 'copy' keyword arguments. To learn more, see the migration guide https://numpy.org/devdocs/numpy_2_0_migration_guide.html#adapting-to-changes-in-the-copy-keyword
  lambda x: np.array(x[..., -1].cpu()),
/users/sgsrehm1/COMP702_BeyondAF/code/COMP390_code/openfold/run_pretrained_openfold.py:354: DeprecationWarning: __array__ implementation doesn't accept a copy keyword, so passing copy=False failed. __array__ must implement 'dtype' and 'copy' keyword arguments. To learn more, see the migration guide https://numpy.org/devdocs/numpy_2_0_migration_guide.html#adapting-to-changes-in-the-copy-keyword
  out = tensor_tree_map(lambda x: np.array(x.cpu()), out)
INFO:/users/sgsrehm1/COMP702_BeyondAF/code/COMP390_code/openfold/run_pretrained_openfold.py:Output written to /users/sgsrehm1/fastscratch/COMP702_ep32_inference/runs/4bp8_ep32_relaxed_100_9827077/repeat_7/predictions/4bp8_A_model_1_unrelaxed.pdb...
INFO:/users/sgsrehm1/COMP702_BeyondAF/code/COMP390_code/openfold/run_pretrained_openfold.py:Running relaxation on /users/sgsrehm1/fastscratch/COMP702_ep32_inference/runs/4bp8_ep32_relaxed_100_9827077/repeat_7/predictions/4bp8_A_model_1_unrelaxed.pdb...
INFO:/users/sgsrehm1/COMP702_BeyondAF/code/COMP390_code/openfold/openfold/utils/script_utils.py:Relaxation time: 77.2809306262061
INFO:/users/sgsrehm1/COMP702_BeyondAF/code/COMP390_code/openfold/openfold/utils/script_utils.py:Relaxed output written to /users/sgsrehm1/fastscratch/COMP702_ep32_inference/runs/4bp8_ep32_relaxed_100_9827077/repeat_7/predictions/4bp8_A_model_1_relaxed.pdb...
/users/sgsrehm1/COMP702_BeyondAF/code/COMP390_code/openfold/openfold/utils/script_utils.py:131: FutureWarning: You are using `torch.load` with `weights_only=False` (the current default value), which uses the default pickle module implicitly. It is possible to construct malicious pickle data which will execute arbitrary code during unpickling (See https://github.com/pytorch/pytorch/blob/main/SECURITY.md#untrusted-models for more details). In a future release, the default value for `weights_only` will be flipped to `True`. This limits the functions that could be executed during unpickling. Arbitrary objects will no longer be allowed to be loaded via this mode unless they are explicitly allowlisted by the user via `torch.serialization.add_safe_globals`. We recommend you start setting `weights_only=True` for any use case where you don't have full control of the loaded file. Please open an issue on GitHub for any issues related to this experimental feature.
  d = torch.load(ckpt_path)
INFO:/users/sgsrehm1/COMP702_BeyondAF/code/COMP390_code/openfold/openfold/utils/script_utils.py:Loaded OpenFold parameters at /users/sgsrehm1/COMP702_BeyondAF/code/COMP390_code/checkpoints/run_subset_gpu32_h100_ep33/csv_logs/version_0/checkpoints/32-330000.ckpt...
INFO:/users/sgsrehm1/COMP702_BeyondAF/code/COMP390_code/openfold/run_pretrained_openfold.py:Using precomputed alignments for 4bp8_A at /users/sgsrehm1/scratch/openfold_inference/alignments_cf...
INFO:/users/sgsrehm1/COMP702_BeyondAF/code/COMP390_code/openfold/openfold/utils/script_utils.py:Running inference for 4bp8_A...
INFO:/users/sgsrehm1/COMP702_BeyondAF/code/COMP390_code/openfold/openfold/utils/script_utils.py:Inference time: 45.41919364314526
/users/sgsrehm1/COMP702_BeyondAF/code/COMP390_code/openfold/run_pretrained_openfold.py:351: DeprecationWarning: __array__ implementation doesn't accept a copy keyword, so passing copy=False failed. __array__ must implement 'dtype' and 'copy' keyword arguments. To learn more, see the migration guide https://numpy.org/devdocs/numpy_2_0_migration_guide.html#adapting-to-changes-in-the-copy-keyword
  lambda x: np.array(x[..., -1].cpu()),
/users/sgsrehm1/COMP702_BeyondAF/code/COMP390_code/openfold/run_pretrained_openfold.py:354: DeprecationWarning: __array__ implementation doesn't accept a copy keyword, so passing copy=False failed. __array__ must implement 'dtype' and 'copy' keyword arguments. To learn more, see the migration guide https://numpy.org/devdocs/numpy_2_0_migration_guide.html#adapting-to-changes-in-the-copy-keyword
  out = tensor_tree_map(lambda x: np.array(x.cpu()), out)
INFO:/users/sgsrehm1/COMP702_BeyondAF/code/COMP390_code/openfold/run_pretrained_openfold.py:Output written to /users/sgsrehm1/fastscratch/COMP702_ep32_inference/runs/4bp8_ep32_relaxed_100_9827077/repeat_8/predictions/4bp8_A_model_1_unrelaxed.pdb...
INFO:/users/sgsrehm1/COMP702_BeyondAF/code/COMP390_code/openfold/run_pretrained_openfold.py:Running relaxation on /users/sgsrehm1/fastscratch/COMP702_ep32_inference/runs/4bp8_ep32_relaxed_100_9827077/repeat_8/predictions/4bp8_A_model_1_unrelaxed.pdb...
INFO:/users/sgsrehm1/COMP702_BeyondAF/code/COMP390_code/openfold/openfold/utils/script_utils.py:Relaxation time: 46.63602322898805
INFO:/users/sgsrehm1/COMP702_BeyondAF/code/COMP390_code/openfold/openfold/utils/script_utils.py:Relaxed output written to /users/sgsrehm1/fastscratch/COMP702_ep32_inference/runs/4bp8_ep32_relaxed_100_9827077/repeat_8/predictions/4bp8_A_model_1_relaxed.pdb...
/users/sgsrehm1/COMP702_BeyondAF/code/COMP390_code/openfold/openfold/utils/script_utils.py:131: FutureWarning: You are using `torch.load` with `weights_only=False` (the current default value), which uses the default pickle module implicitly. It is possible to construct malicious pickle data which will execute arbitrary code during unpickling (See https://github.com/pytorch/pytorch/blob/main/SECURITY.md#untrusted-models for more details). In a future release, the default value for `weights_only` will be flipped to `True`. This limits the functions that could be executed during unpickling. Arbitrary objects will no longer be allowed to be loaded via this mode unless they are explicitly allowlisted by the user via `torch.serialization.add_safe_globals`. We recommend you start setting `weights_only=True` for any use case where you don't have full control of the loaded file. Please open an issue on GitHub for any issues related to this experimental feature.
  d = torch.load(ckpt_path)
INFO:/users/sgsrehm1/COMP702_BeyondAF/code/COMP390_code/openfold/openfold/utils/script_utils.py:Loaded OpenFold parameters at /users/sgsrehm1/COMP702_BeyondAF/code/COMP390_code/checkpoints/run_subset_gpu32_h100_ep33/csv_logs/version_0/checkpoints/32-330000.ckpt...
INFO:/users/sgsrehm1/COMP702_BeyondAF/code/COMP390_code/openfold/run_pretrained_openfold.py:Using precomputed alignments for 4bp8_A at /users/sgsrehm1/scratch/openfold_inference/alignments_cf...
INFO:/users/sgsrehm1/COMP702_BeyondAF/code/COMP390_code/openfold/openfold/utils/script_utils.py:Running inference for 4bp8_A...
INFO:/users/sgsrehm1/COMP702_BeyondAF/code/COMP390_code/openfold/openfold/utils/script_utils.py:Inference time: 45.42191458772868
/users/sgsrehm1/COMP702_BeyondAF/code/COMP390_code/openfold/run_pretrained_openfold.py:351: DeprecationWarning: __array__ implementation doesn't accept a copy keyword, so passing copy=False failed. __array__ must implement 'dtype' and 'copy' keyword arguments. To learn more, see the migration guide https://numpy.org/devdocs/numpy_2_0_migration_guide.html#adapting-to-changes-in-the-copy-keyword
  lambda x: np.array(x[..., -1].cpu()),
/users/sgsrehm1/COMP702_BeyondAF/code/COMP390_code/openfold/run_pretrained_openfold.py:354: DeprecationWarning: __array__ implementation doesn't accept a copy keyword, so passing copy=False failed. __array__ must implement 'dtype' and 'copy' keyword arguments. To learn more, see the migration guide https://numpy.org/devdocs/numpy_2_0_migration_guide.html#adapting-to-changes-in-the-copy-keyword
  out = tensor_tree_map(lambda x: np.array(x.cpu()), out)
INFO:/users/sgsrehm1/COMP702_BeyondAF/code/COMP390_code/openfold/run_pretrained_openfold.py:Output written to /users/sgsrehm1/fastscratch/COMP702_ep32_inference/runs/4bp8_ep32_relaxed_100_9827077/repeat_9/predictions/4bp8_A_model_1_unrelaxed.pdb...
INFO:/users/sgsrehm1/COMP702_BeyondAF/code/COMP390_code/openfold/run_pretrained_openfold.py:Running relaxation on /users/sgsrehm1/fastscratch/COMP702_ep32_inference/runs/4bp8_ep32_relaxed_100_9827077/repeat_9/predictions/4bp8_A_model_1_unrelaxed.pdb...
INFO:/users/sgsrehm1/COMP702_BeyondAF/code/COMP390_code/openfold/openfold/utils/script_utils.py:Relaxation time: 214.16144499462098
INFO:/users/sgsrehm1/COMP702_BeyondAF/code/COMP390_code/openfold/openfold/utils/script_utils.py:Relaxed output written to /users/sgsrehm1/fastscratch/COMP702_ep32_inference/runs/4bp8_ep32_relaxed_100_9827077/repeat_9/predictions/4bp8_A_model_1_relaxed.pdb...
/users/sgsrehm1/COMP702_BeyondAF/code/COMP390_code/openfold/openfold/utils/script_utils.py:131: FutureWarning: You are using `torch.load` with `weights_only=False` (the current default value), which uses the default pickle module implicitly. It is possible to construct malicious pickle data which will execute arbitrary code during unpickling (See https://github.com/pytorch/pytorch/blob/main/SECURITY.md#untrusted-models for more details). In a future release, the default value for `weights_only` will be flipped to `True`. This limits the functions that could be executed during unpickling. Arbitrary objects will no longer be allowed to be loaded via this mode unless they are explicitly allowlisted by the user via `torch.serialization.add_safe_globals`. We recommend you start setting `weights_only=True` for any use case where you don't have full control of the loaded file. Please open an issue on GitHub for any issues related to this experimental feature.
  d = torch.load(ckpt_path)
INFO:/users/sgsrehm1/COMP702_BeyondAF/code/COMP390_code/openfold/openfold/utils/script_utils.py:Loaded OpenFold parameters at /users/sgsrehm1/COMP702_BeyondAF/code/COMP390_code/checkpoints/run_subset_gpu32_h100_ep33/csv_logs/version_0/checkpoints/32-330000.ckpt...
INFO:/users/sgsrehm1/COMP702_BeyondAF/code/COMP390_code/openfold/run_pretrained_openfold.py:Using precomputed alignments for 4bp8_A at /users/sgsrehm1/scratch/openfold_inference/alignments_cf...
INFO:/users/sgsrehm1/COMP702_BeyondAF/code/COMP390_code/openfold/openfold/utils/script_utils.py:Running inference for 4bp8_A...
INFO:/users/sgsrehm1/COMP702_BeyondAF/code/COMP390_code/openfold/openfold/utils/script_utils.py:Inference time: 45.45457890070975
/users/sgsrehm1/COMP702_BeyondAF/code/COMP390_code/openfold/run_pretrained_openfold.py:351: DeprecationWarning: __array__ implementation doesn't accept a copy keyword, so passing copy=False failed. __array__ must implement 'dtype' and 'copy' keyword arguments. To learn more, see the migration guide https://numpy.org/devdocs/numpy_2_0_migration_guide.html#adapting-to-changes-in-the-copy-keyword
  lambda x: np.array(x[..., -1].cpu()),
/users/sgsrehm1/COMP702_BeyondAF/code/COMP390_code/openfold/run_pretrained_openfold.py:354: DeprecationWarning: __array__ implementation doesn't accept a copy keyword, so passing copy=False failed. __array__ must implement 'dtype' and 'copy' keyword arguments. To learn more, see the migration guide https://numpy.org/devdocs/numpy_2_0_migration_guide.html#adapting-to-changes-in-the-copy-keyword
  out = tensor_tree_map(lambda x: np.array(x.cpu()), out)
INFO:/users/sgsrehm1/COMP702_BeyondAF/code/COMP390_code/openfold/run_pretrained_openfold.py:Output written to /users/sgsrehm1/fastscratch/COMP702_ep32_inference/runs/4bp8_ep32_relaxed_100_9827077/repeat_10/predictions/4bp8_A_model_1_unrelaxed.pdb...
INFO:/users/sgsrehm1/COMP702_BeyondAF/code/COMP390_code/openfold/run_pretrained_openfold.py:Running relaxation on /users/sgsrehm1/fastscratch/COMP702_ep32_inference/runs/4bp8_ep32_relaxed_100_9827077/repeat_10/predictions/4bp8_A_model_1_unrelaxed.pdb...
INFO:/users/sgsrehm1/COMP702_BeyondAF/code/COMP390_code/openfold/openfold/utils/script_utils.py:Relaxation time: 38.92743913270533
INFO:/users/sgsrehm1/COMP702_BeyondAF/code/COMP390_code/openfold/openfold/utils/script_utils.py:Relaxed output written to /users/sgsrehm1/fastscratch/COMP702_ep32_inference/runs/4bp8_ep32_relaxed_100_9827077/repeat_10/predictions/4bp8_A_model_1_relaxed.pdb...
/users/sgsrehm1/COMP702_BeyondAF/code/COMP390_code/openfold/openfold/utils/script_utils.py:131: FutureWarning: You are using `torch.load` with `weights_only=False` (the current default value), which uses the default pickle module implicitly. It is possible to construct malicious pickle data which will execute arbitrary code during unpickling (See https://github.com/pytorch/pytorch/blob/main/SECURITY.md#untrusted-models for more details). In a future release, the default value for `weights_only` will be flipped to `True`. This limits the functions that could be executed during unpickling. Arbitrary objects will no longer be allowed to be loaded via this mode unless they are explicitly allowlisted by the user via `torch.serialization.add_safe_globals`. We recommend you start setting `weights_only=True` for any use case where you don't have full control of the loaded file. Please open an issue on GitHub for any issues related to this experimental feature.
  d = torch.load(ckpt_path)
INFO:/users/sgsrehm1/COMP702_BeyondAF/code/COMP390_code/openfold/openfold/utils/script_utils.py:Loaded OpenFold parameters at /users/sgsrehm1/COMP702_BeyondAF/code/COMP390_code/checkpoints/run_subset_gpu32_h100_ep33/csv_logs/version_0/checkpoints/32-330000.ckpt...
INFO:/users/sgsrehm1/COMP702_BeyondAF/code/COMP390_code/openfold/run_pretrained_openfold.py:Using precomputed alignments for 4bp8_A at /users/sgsrehm1/scratch/openfold_inference/alignments_cf...
INFO:/users/sgsrehm1/COMP702_BeyondAF/code/COMP390_code/openfold/openfold/utils/script_utils.py:Running inference for 4bp8_A...
INFO:/users/sgsrehm1/COMP702_BeyondAF/code/COMP390_code/openfold/openfold/utils/script_utils.py:Inference time: 45.397442530840635
/users/sgsrehm1/COMP702_BeyondAF/code/COMP390_code/openfold/run_pretrained_openfold.py:351: DeprecationWarning: __array__ implementation doesn't accept a copy keyword, so passing copy=False failed. __array__ must implement 'dtype' and 'copy' keyword arguments. To learn more, see the migration guide https://numpy.org/devdocs/numpy_2_0_migration_guide.html#adapting-to-changes-in-the-copy-keyword
  lambda x: np.array(x[..., -1].cpu()),
/users/sgsrehm1/COMP702_BeyondAF/code/COMP390_code/openfold/run_pretrained_openfold.py:354: DeprecationWarning: __array__ implementation doesn't accept a copy keyword, so passing copy=False failed. __array__ must implement 'dtype' and 'copy' keyword arguments. To learn more, see the migration guide https://numpy.org/devdocs/numpy_2_0_migration_guide.html#adapting-to-changes-in-the-copy-keyword
  out = tensor_tree_map(lambda x: np.array(x.cpu()), out)
INFO:/users/sgsrehm1/COMP702_BeyondAF/code/COMP390_code/openfold/run_pretrained_openfold.py:Output written to /users/sgsrehm1/fastscratch/COMP702_ep32_inference/runs/4bp8_ep32_relaxed_100_9827077/repeat_11/predictions/4bp8_A_model_1_unrelaxed.pdb...
INFO:/users/sgsrehm1/COMP702_BeyondAF/code/COMP390_code/openfold/run_pretrained_openfold.py:Running relaxation on /users/sgsrehm1/fastscratch/COMP702_ep32_inference/runs/4bp8_ep32_relaxed_100_9827077/repeat_11/predictions/4bp8_A_model_1_unrelaxed.pdb...
INFO:/users/sgsrehm1/COMP702_BeyondAF/code/COMP390_code/openfold/openfold/utils/script_utils.py:Relaxation time: 48.05703835468739
INFO:/users/sgsrehm1/COMP702_BeyondAF/code/COMP390_code/openfold/openfold/utils/script_utils.py:Relaxed output written to /users/sgsrehm1/fastscratch/COMP702_ep32_inference/runs/4bp8_ep32_relaxed_100_9827077/repeat_11/predictions/4bp8_A_model_1_relaxed.pdb...
/users/sgsrehm1/COMP702_BeyondAF/code/COMP390_code/openfold/openfold/utils/script_utils.py:131: FutureWarning: You are using `torch.load` with `weights_only=False` (the current default value), which uses the default pickle module implicitly. It is possible to construct malicious pickle data which will execute arbitrary code during unpickling (See https://github.com/pytorch/pytorch/blob/main/SECURITY.md#untrusted-models for more details). In a future release, the default value for `weights_only` will be flipped to `True`. This limits the functions that could be executed during unpickling. Arbitrary objects will no longer be allowed to be loaded via this mode unless they are explicitly allowlisted by the user via `torch.serialization.add_safe_globals`. We recommend you start setting `weights_only=True` for any use case where you don't have full control of the loaded file. Please open an issue on GitHub for any issues related to this experimental feature.
  d = torch.load(ckpt_path)
INFO:/users/sgsrehm1/COMP702_BeyondAF/code/COMP390_code/openfold/openfold/utils/script_utils.py:Loaded OpenFold parameters at /users/sgsrehm1/COMP702_BeyondAF/code/COMP390_code/checkpoints/run_subset_gpu32_h100_ep33/csv_logs/version_0/checkpoints/32-330000.ckpt...
INFO:/users/sgsrehm1/COMP702_BeyondAF/code/COMP390_code/openfold/run_pretrained_openfold.py:Using precomputed alignments for 4bp8_A at /users/sgsrehm1/scratch/openfold_inference/alignments_cf...
INFO:/users/sgsrehm1/COMP702_BeyondAF/code/COMP390_code/openfold/openfold/utils/script_utils.py:Running inference for 4bp8_A...
INFO:/users/sgsrehm1/COMP702_BeyondAF/code/COMP390_code/openfold/openfold/utils/script_utils.py:Inference time: 45.40560306888074
/users/sgsrehm1/COMP702_BeyondAF/code/COMP390_code/openfold/run_pretrained_openfold.py:351: DeprecationWarning: __array__ implementation doesn't accept a copy keyword, so passing copy=False failed. __array__ must implement 'dtype' and 'copy' keyword arguments. To learn more, see the migration guide https://numpy.org/devdocs/numpy_2_0_migration_guide.html#adapting-to-changes-in-the-copy-keyword
  lambda x: np.array(x[..., -1].cpu()),
/users/sgsrehm1/COMP702_BeyondAF/code/COMP390_code/openfold/run_pretrained_openfold.py:354: DeprecationWarning: __array__ implementation doesn't accept a copy keyword, so passing copy=False failed. __array__ must implement 'dtype' and 'copy' keyword arguments. To learn more, see the migration guide https://numpy.org/devdocs/numpy_2_0_migration_guide.html#adapting-to-changes-in-the-copy-keyword
  out = tensor_tree_map(lambda x: np.array(x.cpu()), out)
INFO:/users/sgsrehm1/COMP702_BeyondAF/code/COMP390_code/openfold/run_pretrained_openfold.py:Output written to /users/sgsrehm1/fastscratch/COMP702_ep32_inference/runs/4bp8_ep32_relaxed_100_9827077/repeat_12/predictions/4bp8_A_model_1_unrelaxed.pdb...
INFO:/users/sgsrehm1/COMP702_BeyondAF/code/COMP390_code/openfold/run_pretrained_openfold.py:Running relaxation on /users/sgsrehm1/fastscratch/COMP702_ep32_inference/runs/4bp8_ep32_relaxed_100_9827077/repeat_12/predictions/4bp8_A_model_1_unrelaxed.pdb...
INFO:/users/sgsrehm1/COMP702_BeyondAF/code/COMP390_code/openfold/openfold/utils/script_utils.py:Relaxation time: 37.03422566410154
INFO:/users/sgsrehm1/COMP702_BeyondAF/code/COMP390_code/openfold/openfold/utils/script_utils.py:Relaxed output written to /users/sgsrehm1/fastscratch/COMP702_ep32_inference/runs/4bp8_ep32_relaxed_100_9827077/repeat_12/predictions/4bp8_A_model_1_relaxed.pdb...
/users/sgsrehm1/COMP702_BeyondAF/code/COMP390_code/openfold/openfold/utils/script_utils.py:131: FutureWarning: You are using `torch.load` with `weights_only=False` (the current default value), which uses the default pickle module implicitly. It is possible to construct malicious pickle data which will execute arbitrary code during unpickling (See https://github.com/pytorch/pytorch/blob/main/SECURITY.md#untrusted-models for more details). In a future release, the default value for `weights_only` will be flipped to `True`. This limits the functions that could be executed during unpickling. Arbitrary objects will no longer be allowed to be loaded via this mode unless they are explicitly allowlisted by the user via `torch.serialization.add_safe_globals`. We recommend you start setting `weights_only=True` for any use case where you don't have full control of the loaded file. Please open an issue on GitHub for any issues related to this experimental feature.
  d = torch.load(ckpt_path)
INFO:/users/sgsrehm1/COMP702_BeyondAF/code/COMP390_code/openfold/openfold/utils/script_utils.py:Loaded OpenFold parameters at /users/sgsrehm1/COMP702_BeyondAF/code/COMP390_code/checkpoints/run_subset_gpu32_h100_ep33/csv_logs/version_0/checkpoints/32-330000.ckpt...
INFO:/users/sgsrehm1/COMP702_BeyondAF/code/COMP390_code/openfold/run_pretrained_openfold.py:Using precomputed alignments for 4bp8_A at /users/sgsrehm1/scratch/openfold_inference/alignments_cf...
INFO:/users/sgsrehm1/COMP702_BeyondAF/code/COMP390_code/openfold/openfold/utils/script_utils.py:Running inference for 4bp8_A...
INFO:/users/sgsrehm1/COMP702_BeyondAF/code/COMP390_code/openfold/openfold/utils/script_utils.py:Inference time: 45.41861793771386
/users/sgsrehm1/COMP702_BeyondAF/code/COMP390_code/openfold/run_pretrained_openfold.py:351: DeprecationWarning: __array__ implementation doesn't accept a copy keyword, so passing copy=False failed. __array__ must implement 'dtype' and 'copy' keyword arguments. To learn more, see the migration guide https://numpy.org/devdocs/numpy_2_0_migration_guide.html#adapting-to-changes-in-the-copy-keyword
  lambda x: np.array(x[..., -1].cpu()),
/users/sgsrehm1/COMP702_BeyondAF/code/COMP390_code/openfold/run_pretrained_openfold.py:354: DeprecationWarning: __array__ implementation doesn't accept a copy keyword, so passing copy=False failed. __array__ must implement 'dtype' and 'copy' keyword arguments. To learn more, see the migration guide https://numpy.org/devdocs/numpy_2_0_migration_guide.html#adapting-to-changes-in-the-copy-keyword
  out = tensor_tree_map(lambda x: np.array(x.cpu()), out)
INFO:/users/sgsrehm1/COMP702_BeyondAF/code/COMP390_code/openfold/run_pretrained_openfold.py:Output written to /users/sgsrehm1/fastscratch/COMP702_ep32_inference/runs/4bp8_ep32_relaxed_100_9827077/repeat_13/predictions/4bp8_A_model_1_unrelaxed.pdb...
INFO:/users/sgsrehm1/COMP702_BeyondAF/code/COMP390_code/openfold/run_pretrained_openfold.py:Running relaxation on /users/sgsrehm1/fastscratch/COMP702_ep32_inference/runs/4bp8_ep32_relaxed_100_9827077/repeat_13/predictions/4bp8_A_model_1_unrelaxed.pdb...
INFO:/users/sgsrehm1/COMP702_BeyondAF/code/COMP390_code/openfold/openfold/utils/script_utils.py:Relaxation time: 213.44281253032386
INFO:/users/sgsrehm1/COMP702_BeyondAF/code/COMP390_code/openfold/openfold/utils/script_utils.py:Relaxed output written to /users/sgsrehm1/fastscratch/COMP702_ep32_inference/runs/4bp8_ep32_relaxed_100_9827077/repeat_13/predictions/4bp8_A_model_1_relaxed.pdb...
/users/sgsrehm1/COMP702_BeyondAF/code/COMP390_code/openfold/openfold/utils/script_utils.py:131: FutureWarning: You are using `torch.load` with `weights_only=False` (the current default value), which uses the default pickle module implicitly. It is possible to construct malicious pickle data which will execute arbitrary code during unpickling (See https://github.com/pytorch/pytorch/blob/main/SECURITY.md#untrusted-models for more details). In a future release, the default value for `weights_only` will be flipped to `True`. This limits the functions that could be executed during unpickling. Arbitrary objects will no longer be allowed to be loaded via this mode unless they are explicitly allowlisted by the user via `torch.serialization.add_safe_globals`. We recommend you start setting `weights_only=True` for any use case where you don't have full control of the loaded file. Please open an issue on GitHub for any issues related to this experimental feature.
  d = torch.load(ckpt_path)
INFO:/users/sgsrehm1/COMP702_BeyondAF/code/COMP390_code/openfold/openfold/utils/script_utils.py:Loaded OpenFold parameters at /users/sgsrehm1/COMP702_BeyondAF/code/COMP390_code/checkpoints/run_subset_gpu32_h100_ep33/csv_logs/version_0/checkpoints/32-330000.ckpt...
INFO:/users/sgsrehm1/COMP702_BeyondAF/code/COMP390_code/openfold/run_pretrained_openfold.py:Using precomputed alignments for 4bp8_A at /users/sgsrehm1/scratch/openfold_inference/alignments_cf...
INFO:/users/sgsrehm1/COMP702_BeyondAF/code/COMP390_code/openfold/openfold/utils/script_utils.py:Running inference for 4bp8_A...
INFO:/users/sgsrehm1/COMP702_BeyondAF/code/COMP390_code/openfold/openfold/utils/script_utils.py:Inference time: 45.462123550474644
/users/sgsrehm1/COMP702_BeyondAF/code/COMP390_code/openfold/run_pretrained_openfold.py:351: DeprecationWarning: __array__ implementation doesn't accept a copy keyword, so passing copy=False failed. __array__ must implement 'dtype' and 'copy' keyword arguments. To learn more, see the migration guide https://numpy.org/devdocs/numpy_2_0_migration_guide.html#adapting-to-changes-in-the-copy-keyword
  lambda x: np.array(x[..., -1].cpu()),
/users/sgsrehm1/COMP702_BeyondAF/code/COMP390_code/openfold/run_pretrained_openfold.py:354: DeprecationWarning: __array__ implementation doesn't accept a copy keyword, so passing copy=False failed. __array__ must implement 'dtype' and 'copy' keyword arguments. To learn more, see the migration guide https://numpy.org/devdocs/numpy_2_0_migration_guide.html#adapting-to-changes-in-the-copy-keyword
  out = tensor_tree_map(lambda x: np.array(x.cpu()), out)
INFO:/users/sgsrehm1/COMP702_BeyondAF/code/COMP390_code/openfold/run_pretrained_openfold.py:Output written to /users/sgsrehm1/fastscratch/COMP702_ep32_inference/runs/4bp8_ep32_relaxed_100_9827077/repeat_14/predictions/4bp8_A_model_1_unrelaxed.pdb...
INFO:/users/sgsrehm1/COMP702_BeyondAF/code/COMP390_code/openfold/run_pretrained_openfold.py:Running relaxation on /users/sgsrehm1/fastscratch/COMP702_ep32_inference/runs/4bp8_ep32_relaxed_100_9827077/repeat_14/predictions/4bp8_A_model_1_unrelaxed.pdb...
INFO:/users/sgsrehm1/COMP702_BeyondAF/code/COMP390_code/openfold/openfold/utils/script_utils.py:Relaxation time: 39.54781529214233
INFO:/users/sgsrehm1/COMP702_BeyondAF/code/COMP390_code/openfold/openfold/utils/script_utils.py:Relaxed output written to /users/sgsrehm1/fastscratch/COMP702_ep32_inference/runs/4bp8_ep32_relaxed_100_9827077/repeat_14/predictions/4bp8_A_model_1_relaxed.pdb...
/users/sgsrehm1/COMP702_BeyondAF/code/COMP390_code/openfold/openfold/utils/script_utils.py:131: FutureWarning: You are using `torch.load` with `weights_only=False` (the current default value), which uses the default pickle module implicitly. It is possible to construct malicious pickle data which will execute arbitrary code during unpickling (See https://github.com/pytorch/pytorch/blob/main/SECURITY.md#untrusted-models for more details). In a future release, the default value for `weights_only` will be flipped to `True`. This limits the functions that could be executed during unpickling. Arbitrary objects will no longer be allowed to be loaded via this mode unless they are explicitly allowlisted by the user via `torch.serialization.add_safe_globals`. We recommend you start setting `weights_only=True` for any use case where you don't have full control of the loaded file. Please open an issue on GitHub for any issues related to this experimental feature.
  d = torch.load(ckpt_path)
INFO:/users/sgsrehm1/COMP702_BeyondAF/code/COMP390_code/openfold/openfold/utils/script_utils.py:Loaded OpenFold parameters at /users/sgsrehm1/COMP702_BeyondAF/code/COMP390_code/checkpoints/run_subset_gpu32_h100_ep33/csv_logs/version_0/checkpoints/32-330000.ckpt...
INFO:/users/sgsrehm1/COMP702_BeyondAF/code/COMP390_code/openfold/run_pretrained_openfold.py:Using precomputed alignments for 4bp8_A at /users/sgsrehm1/scratch/openfold_inference/alignments_cf...
INFO:/users/sgsrehm1/COMP702_BeyondAF/code/COMP390_code/openfold/openfold/utils/script_utils.py:Running inference for 4bp8_A...
INFO:/users/sgsrehm1/COMP702_BeyondAF/code/COMP390_code/openfold/openfold/utils/script_utils.py:Inference time: 45.41232169698924
/users/sgsrehm1/COMP702_BeyondAF/code/COMP390_code/openfold/run_pretrained_openfold.py:351: DeprecationWarning: __array__ implementation doesn't accept a copy keyword, so passing copy=False failed. __array__ must implement 'dtype' and 'copy' keyword arguments. To learn more, see the migration guide https://numpy.org/devdocs/numpy_2_0_migration_guide.html#adapting-to-changes-in-the-copy-keyword
  lambda x: np.array(x[..., -1].cpu()),
/users/sgsrehm1/COMP702_BeyondAF/code/COMP390_code/openfold/run_pretrained_openfold.py:354: DeprecationWarning: __array__ implementation doesn't accept a copy keyword, so passing copy=False failed. __array__ must implement 'dtype' and 'copy' keyword arguments. To learn more, see the migration guide https://numpy.org/devdocs/numpy_2_0_migration_guide.html#adapting-to-changes-in-the-copy-keyword
  out = tensor_tree_map(lambda x: np.array(x.cpu()), out)
INFO:/users/sgsrehm1/COMP702_BeyondAF/code/COMP390_code/openfold/run_pretrained_openfold.py:Output written to /users/sgsrehm1/fastscratch/COMP702_ep32_inference/runs/4bp8_ep32_relaxed_100_9827077/repeat_15/predictions/4bp8_A_model_1_unrelaxed.pdb...
INFO:/users/sgsrehm1/COMP702_BeyondAF/code/COMP390_code/openfold/run_pretrained_openfold.py:Running relaxation on /users/sgsrehm1/fastscratch/COMP702_ep32_inference/runs/4bp8_ep32_relaxed_100_9827077/repeat_15/predictions/4bp8_A_model_1_unrelaxed.pdb...
INFO:/users/sgsrehm1/COMP702_BeyondAF/code/COMP390_code/openfold/openfold/utils/script_utils.py:Relaxation time: 214.75425826571882
INFO:/users/sgsrehm1/COMP702_BeyondAF/code/COMP390_code/openfold/openfold/utils/script_utils.py:Relaxed output written to /users/sgsrehm1/fastscratch/COMP702_ep32_inference/runs/4bp8_ep32_relaxed_100_9827077/repeat_15/predictions/4bp8_A_model_1_relaxed.pdb...
/users/sgsrehm1/COMP702_BeyondAF/code/COMP390_code/openfold/openfold/utils/script_utils.py:131: FutureWarning: You are using `torch.load` with `weights_only=False` (the current default value), which uses the default pickle module implicitly. It is possible to construct malicious pickle data which will execute arbitrary code during unpickling (See https://github.com/pytorch/pytorch/blob/main/SECURITY.md#untrusted-models for more details). In a future release, the default value for `weights_only` will be flipped to `True`. This limits the functions that could be executed during unpickling. Arbitrary objects will no longer be allowed to be loaded via this mode unless they are explicitly allowlisted by the user via `torch.serialization.add_safe_globals`. We recommend you start setting `weights_only=True` for any use case where you don't have full control of the loaded file. Please open an issue on GitHub for any issues related to this experimental feature.
  d = torch.load(ckpt_path)
INFO:/users/sgsrehm1/COMP702_BeyondAF/code/COMP390_code/openfold/openfold/utils/script_utils.py:Loaded OpenFold parameters at /users/sgsrehm1/COMP702_BeyondAF/code/COMP390_code/checkpoints/run_subset_gpu32_h100_ep33/csv_logs/version_0/checkpoints/32-330000.ckpt...
INFO:/users/sgsrehm1/COMP702_BeyondAF/code/COMP390_code/openfold/run_pretrained_openfold.py:Using precomputed alignments for 4bp8_A at /users/sgsrehm1/scratch/openfold_inference/alignments_cf...
INFO:/users/sgsrehm1/COMP702_BeyondAF/code/COMP390_code/openfold/openfold/utils/script_utils.py:Running inference for 4bp8_A...
INFO:/users/sgsrehm1/COMP702_BeyondAF/code/COMP390_code/openfold/openfold/utils/script_utils.py:Inference time: 45.480482917279005
/users/sgsrehm1/COMP702_BeyondAF/code/COMP390_code/openfold/run_pretrained_openfold.py:351: DeprecationWarning: __array__ implementation doesn't accept a copy keyword, so passing copy=False failed. __array__ must implement 'dtype' and 'copy' keyword arguments. To learn more, see the migration guide https://numpy.org/devdocs/numpy_2_0_migration_guide.html#adapting-to-changes-in-the-copy-keyword
  lambda x: np.array(x[..., -1].cpu()),
/users/sgsrehm1/COMP702_BeyondAF/code/COMP390_code/openfold/run_pretrained_openfold.py:354: DeprecationWarning: __array__ implementation doesn't accept a copy keyword, so passing copy=False failed. __array__ must implement 'dtype' and 'copy' keyword arguments. To learn more, see the migration guide https://numpy.org/devdocs/numpy_2_0_migration_guide.html#adapting-to-changes-in-the-copy-keyword
  out = tensor_tree_map(lambda x: np.array(x.cpu()), out)
INFO:/users/sgsrehm1/COMP702_BeyondAF/code/COMP390_code/openfold/run_pretrained_openfold.py:Output written to /users/sgsrehm1/fastscratch/COMP702_ep32_inference/runs/4bp8_ep32_relaxed_100_9827077/repeat_16/predictions/4bp8_A_model_1_unrelaxed.pdb...
INFO:/users/sgsrehm1/COMP702_BeyondAF/code/COMP390_code/openfold/run_pretrained_openfold.py:Running relaxation on /users/sgsrehm1/fastscratch/COMP702_ep32_inference/runs/4bp8_ep32_relaxed_100_9827077/repeat_16/predictions/4bp8_A_model_1_unrelaxed.pdb...
INFO:/users/sgsrehm1/COMP702_BeyondAF/code/COMP390_code/openfold/openfold/utils/script_utils.py:Relaxation time: 218.54719442874193
INFO:/users/sgsrehm1/COMP702_BeyondAF/code/COMP390_code/openfold/openfold/utils/script_utils.py:Relaxed output written to /users/sgsrehm1/fastscratch/COMP702_ep32_inference/runs/4bp8_ep32_relaxed_100_9827077/repeat_16/predictions/4bp8_A_model_1_relaxed.pdb...
/users/sgsrehm1/COMP702_BeyondAF/code/COMP390_code/openfold/openfold/utils/script_utils.py:131: FutureWarning: You are using `torch.load` with `weights_only=False` (the current default value), which uses the default pickle module implicitly. It is possible to construct malicious pickle data which will execute arbitrary code during unpickling (See https://github.com/pytorch/pytorch/blob/main/SECURITY.md#untrusted-models for more details). In a future release, the default value for `weights_only` will be flipped to `True`. This limits the functions that could be executed during unpickling. Arbitrary objects will no longer be allowed to be loaded via this mode unless they are explicitly allowlisted by the user via `torch.serialization.add_safe_globals`. We recommend you start setting `weights_only=True` for any use case where you don't have full control of the loaded file. Please open an issue on GitHub for any issues related to this experimental feature.
  d = torch.load(ckpt_path)
INFO:/users/sgsrehm1/COMP702_BeyondAF/code/COMP390_code/openfold/openfold/utils/script_utils.py:Loaded OpenFold parameters at /users/sgsrehm1/COMP702_BeyondAF/code/COMP390_code/checkpoints/run_subset_gpu32_h100_ep33/csv_logs/version_0/checkpoints/32-330000.ckpt...
INFO:/users/sgsrehm1/COMP702_BeyondAF/code/COMP390_code/openfold/run_pretrained_openfold.py:Using precomputed alignments for 4bp8_A at /users/sgsrehm1/scratch/openfold_inference/alignments_cf...
INFO:/users/sgsrehm1/COMP702_BeyondAF/code/COMP390_code/openfold/openfold/utils/script_utils.py:Running inference for 4bp8_A...
INFO:/users/sgsrehm1/COMP702_BeyondAF/code/COMP390_code/openfold/openfold/utils/script_utils.py:Inference time: 45.45259276498109
/users/sgsrehm1/COMP702_BeyondAF/code/COMP390_code/openfold/run_pretrained_openfold.py:351: DeprecationWarning: __array__ implementation doesn't accept a copy keyword, so passing copy=False failed. __array__ must implement 'dtype' and 'copy' keyword arguments. To learn more, see the migration guide https://numpy.org/devdocs/numpy_2_0_migration_guide.html#adapting-to-changes-in-the-copy-keyword
  lambda x: np.array(x[..., -1].cpu()),
/users/sgsrehm1/COMP702_BeyondAF/code/COMP390_code/openfold/run_pretrained_openfold.py:354: DeprecationWarning: __array__ implementation doesn't accept a copy keyword, so passing copy=False failed. __array__ must implement 'dtype' and 'copy' keyword arguments. To learn more, see the migration guide https://numpy.org/devdocs/numpy_2_0_migration_guide.html#adapting-to-changes-in-the-copy-keyword
  out = tensor_tree_map(lambda x: np.array(x.cpu()), out)
INFO:/users/sgsrehm1/COMP702_BeyondAF/code/COMP390_code/openfold/run_pretrained_openfold.py:Output written to /users/sgsrehm1/fastscratch/COMP702_ep32_inference/runs/4bp8_ep32_relaxed_100_9827077/repeat_17/predictions/4bp8_A_model_1_unrelaxed.pdb...
INFO:/users/sgsrehm1/COMP702_BeyondAF/code/COMP390_code/openfold/run_pretrained_openfold.py:Running relaxation on /users/sgsrehm1/fastscratch/COMP702_ep32_inference/runs/4bp8_ep32_relaxed_100_9827077/repeat_17/predictions/4bp8_A_model_1_unrelaxed.pdb...
INFO:/users/sgsrehm1/COMP702_BeyondAF/code/COMP390_code/openfold/openfold/utils/script_utils.py:Relaxation time: 47.54100306797773
INFO:/users/sgsrehm1/COMP702_BeyondAF/code/COMP390_code/openfold/openfold/utils/script_utils.py:Relaxed output written to /users/sgsrehm1/fastscratch/COMP702_ep32_inference/runs/4bp8_ep32_relaxed_100_9827077/repeat_17/predictions/4bp8_A_model_1_relaxed.pdb...
/users/sgsrehm1/COMP702_BeyondAF/code/COMP390_code/openfold/openfold/utils/script_utils.py:131: FutureWarning: You are using `torch.load` with `weights_only=False` (the current default value), which uses the default pickle module implicitly. It is possible to construct malicious pickle data which will execute arbitrary code during unpickling (See https://github.com/pytorch/pytorch/blob/main/SECURITY.md#untrusted-models for more details). In a future release, the default value for `weights_only` will be flipped to `True`. This limits the functions that could be executed during unpickling. Arbitrary objects will no longer be allowed to be loaded via this mode unless they are explicitly allowlisted by the user via `torch.serialization.add_safe_globals`. We recommend you start setting `weights_only=True` for any use case where you don't have full control of the loaded file. Please open an issue on GitHub for any issues related to this experimental feature.
  d = torch.load(ckpt_path)
INFO:/users/sgsrehm1/COMP702_BeyondAF/code/COMP390_code/openfold/openfold/utils/script_utils.py:Loaded OpenFold parameters at /users/sgsrehm1/COMP702_BeyondAF/code/COMP390_code/checkpoints/run_subset_gpu32_h100_ep33/csv_logs/version_0/checkpoints/32-330000.ckpt...
INFO:/users/sgsrehm1/COMP702_BeyondAF/code/COMP390_code/openfold/run_pretrained_openfold.py:Using precomputed alignments for 4bp8_A at /users/sgsrehm1/scratch/openfold_inference/alignments_cf...
INFO:/users/sgsrehm1/COMP702_BeyondAF/code/COMP390_code/openfold/openfold/utils/script_utils.py:Running inference for 4bp8_A...
INFO:/users/sgsrehm1/COMP702_BeyondAF/code/COMP390_code/openfold/openfold/utils/script_utils.py:Inference time: 45.39709944836795
/users/sgsrehm1/COMP702_BeyondAF/code/COMP390_code/openfold/run_pretrained_openfold.py:351: DeprecationWarning: __array__ implementation doesn't accept a copy keyword, so passing copy=False failed. __array__ must implement 'dtype' and 'copy' keyword arguments. To learn more, see the migration guide https://numpy.org/devdocs/numpy_2_0_migration_guide.html#adapting-to-changes-in-the-copy-keyword
  lambda x: np.array(x[..., -1].cpu()),
/users/sgsrehm1/COMP702_BeyondAF/code/COMP390_code/openfold/run_pretrained_openfold.py:354: DeprecationWarning: __array__ implementation doesn't accept a copy keyword, so passing copy=False failed. __array__ must implement 'dtype' and 'copy' keyword arguments. To learn more, see the migration guide https://numpy.org/devdocs/numpy_2_0_migration_guide.html#adapting-to-changes-in-the-copy-keyword
  out = tensor_tree_map(lambda x: np.array(x.cpu()), out)
INFO:/users/sgsrehm1/COMP702_BeyondAF/code/COMP390_code/openfold/run_pretrained_openfold.py:Output written to /users/sgsrehm1/fastscratch/COMP702_ep32_inference/runs/4bp8_ep32_relaxed_100_9827077/repeat_18/predictions/4bp8_A_model_1_unrelaxed.pdb...
INFO:/users/sgsrehm1/COMP702_BeyondAF/code/COMP390_code/openfold/run_pretrained_openfold.py:Running relaxation on /users/sgsrehm1/fastscratch/COMP702_ep32_inference/runs/4bp8_ep32_relaxed_100_9827077/repeat_18/predictions/4bp8_A_model_1_unrelaxed.pdb...
INFO:/users/sgsrehm1/COMP702_BeyondAF/code/COMP390_code/openfold/openfold/utils/script_utils.py:Relaxation time: 221.72690414823592
INFO:/users/sgsrehm1/COMP702_BeyondAF/code/COMP390_code/openfold/openfold/utils/script_utils.py:Relaxed output written to /users/sgsrehm1/fastscratch/COMP702_ep32_inference/runs/4bp8_ep32_relaxed_100_9827077/repeat_18/predictions/4bp8_A_model_1_relaxed.pdb...
/users/sgsrehm1/COMP702_BeyondAF/code/COMP390_code/openfold/openfold/utils/script_utils.py:131: FutureWarning: You are using `torch.load` with `weights_only=False` (the current default value), which uses the default pickle module implicitly. It is possible to construct malicious pickle data which will execute arbitrary code during unpickling (See https://github.com/pytorch/pytorch/blob/main/SECURITY.md#untrusted-models for more details). In a future release, the default value for `weights_only` will be flipped to `True`. This limits the functions that could be executed during unpickling. Arbitrary objects will no longer be allowed to be loaded via this mode unless they are explicitly allowlisted by the user via `torch.serialization.add_safe_globals`. We recommend you start setting `weights_only=True` for any use case where you don't have full control of the loaded file. Please open an issue on GitHub for any issues related to this experimental feature.
  d = torch.load(ckpt_path)
INFO:/users/sgsrehm1/COMP702_BeyondAF/code/COMP390_code/openfold/openfold/utils/script_utils.py:Loaded OpenFold parameters at /users/sgsrehm1/COMP702_BeyondAF/code/COMP390_code/checkpoints/run_subset_gpu32_h100_ep33/csv_logs/version_0/checkpoints/32-330000.ckpt...
INFO:/users/sgsrehm1/COMP702_BeyondAF/code/COMP390_code/openfold/run_pretrained_openfold.py:Using precomputed alignments for 4bp8_A at /users/sgsrehm1/scratch/openfold_inference/alignments_cf...
INFO:/users/sgsrehm1/COMP702_BeyondAF/code/COMP390_code/openfold/openfold/utils/script_utils.py:Running inference for 4bp8_A...
INFO:/users/sgsrehm1/COMP702_BeyondAF/code/COMP390_code/openfold/openfold/utils/script_utils.py:Inference time: 45.39937034063041
/users/sgsrehm1/COMP702_BeyondAF/code/COMP390_code/openfold/run_pretrained_openfold.py:351: DeprecationWarning: __array__ implementation doesn't accept a copy keyword, so passing copy=False failed. __array__ must implement 'dtype' and 'copy' keyword arguments. To learn more, see the migration guide https://numpy.org/devdocs/numpy_2_0_migration_guide.html#adapting-to-changes-in-the-copy-keyword
  lambda x: np.array(x[..., -1].cpu()),
/users/sgsrehm1/COMP702_BeyondAF/code/COMP390_code/openfold/run_pretrained_openfold.py:354: DeprecationWarning: __array__ implementation doesn't accept a copy keyword, so passing copy=False failed. __array__ must implement 'dtype' and 'copy' keyword arguments. To learn more, see the migration guide https://numpy.org/devdocs/numpy_2_0_migration_guide.html#adapting-to-changes-in-the-copy-keyword
  out = tensor_tree_map(lambda x: np.array(x.cpu()), out)
INFO:/users/sgsrehm1/COMP702_BeyondAF/code/COMP390_code/openfold/run_pretrained_openfold.py:Output written to /users/sgsrehm1/fastscratch/COMP702_ep32_inference/runs/4bp8_ep32_relaxed_100_9827077/repeat_19/predictions/4bp8_A_model_1_unrelaxed.pdb...
INFO:/users/sgsrehm1/COMP702_BeyondAF/code/COMP390_code/openfold/run_pretrained_openfold.py:Running relaxation on /users/sgsrehm1/fastscratch/COMP702_ep32_inference/runs/4bp8_ep32_relaxed_100_9827077/repeat_19/predictions/4bp8_A_model_1_unrelaxed.pdb...
INFO:/users/sgsrehm1/COMP702_BeyondAF/code/COMP390_code/openfold/openfold/utils/script_utils.py:Relaxation time: 214.1505269445479
INFO:/users/sgsrehm1/COMP702_BeyondAF/code/COMP390_code/openfold/openfold/utils/script_utils.py:Relaxed output written to /users/sgsrehm1/fastscratch/COMP702_ep32_inference/runs/4bp8_ep32_relaxed_100_9827077/repeat_19/predictions/4bp8_A_model_1_relaxed.pdb...
/users/sgsrehm1/COMP702_BeyondAF/code/COMP390_code/openfold/openfold/utils/script_utils.py:131: FutureWarning: You are using `torch.load` with `weights_only=False` (the current default value), which uses the default pickle module implicitly. It is possible to construct malicious pickle data which will execute arbitrary code during unpickling (See https://github.com/pytorch/pytorch/blob/main/SECURITY.md#untrusted-models for more details). In a future release, the default value for `weights_only` will be flipped to `True`. This limits the functions that could be executed during unpickling. Arbitrary objects will no longer be allowed to be loaded via this mode unless they are explicitly allowlisted by the user via `torch.serialization.add_safe_globals`. We recommend you start setting `weights_only=True` for any use case where you don't have full control of the loaded file. Please open an issue on GitHub for any issues related to this experimental feature.
  d = torch.load(ckpt_path)
INFO:/users/sgsrehm1/COMP702_BeyondAF/code/COMP390_code/openfold/openfold/utils/script_utils.py:Loaded OpenFold parameters at /users/sgsrehm1/COMP702_BeyondAF/code/COMP390_code/checkpoints/run_subset_gpu32_h100_ep33/csv_logs/version_0/checkpoints/32-330000.ckpt...
INFO:/users/sgsrehm1/COMP702_BeyondAF/code/COMP390_code/openfold/run_pretrained_openfold.py:Using precomputed alignments for 4bp8_A at /users/sgsrehm1/scratch/openfold_inference/alignments_cf...
INFO:/users/sgsrehm1/COMP702_BeyondAF/code/COMP390_code/openfold/openfold/utils/script_utils.py:Running inference for 4bp8_A...
INFO:/users/sgsrehm1/COMP702_BeyondAF/code/COMP390_code/openfold/openfold/utils/script_utils.py:Inference time: 45.472044243477285
/users/sgsrehm1/COMP702_BeyondAF/code/COMP390_code/openfold/run_pretrained_openfold.py:351: DeprecationWarning: __array__ implementation doesn't accept a copy keyword, so passing copy=False failed. __array__ must implement 'dtype' and 'copy' keyword arguments. To learn more, see the migration guide https://numpy.org/devdocs/numpy_2_0_migration_guide.html#adapting-to-changes-in-the-copy-keyword
  lambda x: np.array(x[..., -1].cpu()),
/users/sgsrehm1/COMP702_BeyondAF/code/COMP390_code/openfold/run_pretrained_openfold.py:354: DeprecationWarning: __array__ implementation doesn't accept a copy keyword, so passing copy=False failed. __array__ must implement 'dtype' and 'copy' keyword arguments. To learn more, see the migration guide https://numpy.org/devdocs/numpy_2_0_migration_guide.html#adapting-to-changes-in-the-copy-keyword
  out = tensor_tree_map(lambda x: np.array(x.cpu()), out)
INFO:/users/sgsrehm1/COMP702_BeyondAF/code/COMP390_code/openfold/run_pretrained_openfold.py:Output written to /users/sgsrehm1/fastscratch/COMP702_ep32_inference/runs/4bp8_ep32_relaxed_100_9827077/repeat_20/predictions/4bp8_A_model_1_unrelaxed.pdb...
INFO:/users/sgsrehm1/COMP702_BeyondAF/code/COMP390_code/openfold/run_pretrained_openfold.py:Running relaxation on /users/sgsrehm1/fastscratch/COMP702_ep32_inference/runs/4bp8_ep32_relaxed_100_9827077/repeat_20/predictions/4bp8_A_model_1_unrelaxed.pdb...
INFO:/users/sgsrehm1/COMP702_BeyondAF/code/COMP390_code/openfold/openfold/utils/script_utils.py:Relaxation time: 217.04016766697168
INFO:/users/sgsrehm1/COMP702_BeyondAF/code/COMP390_code/openfold/openfold/utils/script_utils.py:Relaxed output written to /users/sgsrehm1/fastscratch/COMP702_ep32_inference/runs/4bp8_ep32_relaxed_100_9827077/repeat_20/predictions/4bp8_A_model_1_relaxed.pdb...
/users/sgsrehm1/COMP702_BeyondAF/code/COMP390_code/openfold/openfold/utils/script_utils.py:131: FutureWarning: You are using `torch.load` with `weights_only=False` (the current default value), which uses the default pickle module implicitly. It is possible to construct malicious pickle data which will execute arbitrary code during unpickling (See https://github.com/pytorch/pytorch/blob/main/SECURITY.md#untrusted-models for more details). In a future release, the default value for `weights_only` will be flipped to `True`. This limits the functions that could be executed during unpickling. Arbitrary objects will no longer be allowed to be loaded via this mode unless they are explicitly allowlisted by the user via `torch.serialization.add_safe_globals`. We recommend you start setting `weights_only=True` for any use case where you don't have full control of the loaded file. Please open an issue on GitHub for any issues related to this experimental feature.
  d = torch.load(ckpt_path)
INFO:/users/sgsrehm1/COMP702_BeyondAF/code/COMP390_code/openfold/openfold/utils/script_utils.py:Loaded OpenFold parameters at /users/sgsrehm1/COMP702_BeyondAF/code/COMP390_code/checkpoints/run_subset_gpu32_h100_ep33/csv_logs/version_0/checkpoints/32-330000.ckpt...
INFO:/users/sgsrehm1/COMP702_BeyondAF/code/COMP390_code/openfold/run_pretrained_openfold.py:Using precomputed alignments for 4bp8_A at /users/sgsrehm1/scratch/openfold_inference/alignments_cf...
INFO:/users/sgsrehm1/COMP702_BeyondAF/code/COMP390_code/openfold/openfold/utils/script_utils.py:Running inference for 4bp8_A...
INFO:/users/sgsrehm1/COMP702_BeyondAF/code/COMP390_code/openfold/openfold/utils/script_utils.py:Inference time: 45.40636819507927
/users/sgsrehm1/COMP702_BeyondAF/code/COMP390_code/openfold/run_pretrained_openfold.py:351: DeprecationWarning: __array__ implementation doesn't accept a copy keyword, so passing copy=False failed. __array__ must implement 'dtype' and 'copy' keyword arguments. To learn more, see the migration guide https://numpy.org/devdocs/numpy_2_0_migration_guide.html#adapting-to-changes-in-the-copy-keyword
  lambda x: np.array(x[..., -1].cpu()),
/users/sgsrehm1/COMP702_BeyondAF/code/COMP390_code/openfold/run_pretrained_openfold.py:354: DeprecationWarning: __array__ implementation doesn't accept a copy keyword, so passing copy=False failed. __array__ must implement 'dtype' and 'copy' keyword arguments. To learn more, see the migration guide https://numpy.org/devdocs/numpy_2_0_migration_guide.html#adapting-to-changes-in-the-copy-keyword
  out = tensor_tree_map(lambda x: np.array(x.cpu()), out)
INFO:/users/sgsrehm1/COMP702_BeyondAF/code/COMP390_code/openfold/run_pretrained_openfold.py:Output written to /users/sgsrehm1/fastscratch/COMP702_ep32_inference/runs/4bp8_ep32_relaxed_100_9827077/repeat_21/predictions/4bp8_A_model_1_unrelaxed.pdb...
INFO:/users/sgsrehm1/COMP702_BeyondAF/code/COMP390_code/openfold/run_pretrained_openfold.py:Running relaxation on /users/sgsrehm1/fastscratch/COMP702_ep32_inference/runs/4bp8_ep32_relaxed_100_9827077/repeat_21/predictions/4bp8_A_model_1_unrelaxed.pdb...
INFO:/users/sgsrehm1/COMP702_BeyondAF/code/COMP390_code/openfold/openfold/utils/script_utils.py:Relaxation time: 75.20304989349097
INFO:/users/sgsrehm1/COMP702_BeyondAF/code/COMP390_code/openfold/openfold/utils/script_utils.py:Relaxed output written to /users/sgsrehm1/fastscratch/COMP702_ep32_inference/runs/4bp8_ep32_relaxed_100_9827077/repeat_21/predictions/4bp8_A_model_1_relaxed.pdb...
/users/sgsrehm1/COMP702_BeyondAF/code/COMP390_code/openfold/openfold/utils/script_utils.py:131: FutureWarning: You are using `torch.load` with `weights_only=False` (the current default value), which uses the default pickle module implicitly. It is possible to construct malicious pickle data which will execute arbitrary code during unpickling (See https://github.com/pytorch/pytorch/blob/main/SECURITY.md#untrusted-models for more details). In a future release, the default value for `weights_only` will be flipped to `True`. This limits the functions that could be executed during unpickling. Arbitrary objects will no longer be allowed to be loaded via this mode unless they are explicitly allowlisted by the user via `torch.serialization.add_safe_globals`. We recommend you start setting `weights_only=True` for any use case where you don't have full control of the loaded file. Please open an issue on GitHub for any issues related to this experimental feature.
  d = torch.load(ckpt_path)
INFO:/users/sgsrehm1/COMP702_BeyondAF/code/COMP390_code/openfold/openfold/utils/script_utils.py:Loaded OpenFold parameters at /users/sgsrehm1/COMP702_BeyondAF/code/COMP390_code/checkpoints/run_subset_gpu32_h100_ep33/csv_logs/version_0/checkpoints/32-330000.ckpt...
INFO:/users/sgsrehm1/COMP702_BeyondAF/code/COMP390_code/openfold/run_pretrained_openfold.py:Using precomputed alignments for 4bp8_A at /users/sgsrehm1/scratch/openfold_inference/alignments_cf...
INFO:/users/sgsrehm1/COMP702_BeyondAF/code/COMP390_code/openfold/openfold/utils/script_utils.py:Running inference for 4bp8_A...
INFO:/users/sgsrehm1/COMP702_BeyondAF/code/COMP390_code/openfold/openfold/utils/script_utils.py:Inference time: 45.444587958045304
/users/sgsrehm1/COMP702_BeyondAF/code/COMP390_code/openfold/run_pretrained_openfold.py:351: DeprecationWarning: __array__ implementation doesn't accept a copy keyword, so passing copy=False failed. __array__ must implement 'dtype' and 'copy' keyword arguments. To learn more, see the migration guide https://numpy.org/devdocs/numpy_2_0_migration_guide.html#adapting-to-changes-in-the-copy-keyword
  lambda x: np.array(x[..., -1].cpu()),
/users/sgsrehm1/COMP702_BeyondAF/code/COMP390_code/openfold/run_pretrained_openfold.py:354: DeprecationWarning: __array__ implementation doesn't accept a copy keyword, so passing copy=False failed. __array__ must implement 'dtype' and 'copy' keyword arguments. To learn more, see the migration guide https://numpy.org/devdocs/numpy_2_0_migration_guide.html#adapting-to-changes-in-the-copy-keyword
  out = tensor_tree_map(lambda x: np.array(x.cpu()), out)
INFO:/users/sgsrehm1/COMP702_BeyondAF/code/COMP390_code/openfold/run_pretrained_openfold.py:Output written to /users/sgsrehm1/fastscratch/COMP702_ep32_inference/runs/4bp8_ep32_relaxed_100_9827077/repeat_22/predictions/4bp8_A_model_1_unrelaxed.pdb...
INFO:/users/sgsrehm1/COMP702_BeyondAF/code/COMP390_code/openfold/run_pretrained_openfold.py:Running relaxation on /users/sgsrehm1/fastscratch/COMP702_ep32_inference/runs/4bp8_ep32_relaxed_100_9827077/repeat_22/predictions/4bp8_A_model_1_unrelaxed.pdb...
INFO:/users/sgsrehm1/COMP702_BeyondAF/code/COMP390_code/openfold/openfold/utils/script_utils.py:Relaxation time: 48.7016745954752
INFO:/users/sgsrehm1/COMP702_BeyondAF/code/COMP390_code/openfold/openfold/utils/script_utils.py:Relaxed output written to /users/sgsrehm1/fastscratch/COMP702_ep32_inference/runs/4bp8_ep32_relaxed_100_9827077/repeat_22/predictions/4bp8_A_model_1_relaxed.pdb...
/users/sgsrehm1/COMP702_BeyondAF/code/COMP390_code/openfold/openfold/utils/script_utils.py:131: FutureWarning: You are using `torch.load` with `weights_only=False` (the current default value), which uses the default pickle module implicitly. It is possible to construct malicious pickle data which will execute arbitrary code during unpickling (See https://github.com/pytorch/pytorch/blob/main/SECURITY.md#untrusted-models for more details). In a future release, the default value for `weights_only` will be flipped to `True`. This limits the functions that could be executed during unpickling. Arbitrary objects will no longer be allowed to be loaded via this mode unless they are explicitly allowlisted by the user via `torch.serialization.add_safe_globals`. We recommend you start setting `weights_only=True` for any use case where you don't have full control of the loaded file. Please open an issue on GitHub for any issues related to this experimental feature.
  d = torch.load(ckpt_path)
INFO:/users/sgsrehm1/COMP702_BeyondAF/code/COMP390_code/openfold/openfold/utils/script_utils.py:Loaded OpenFold parameters at /users/sgsrehm1/COMP702_BeyondAF/code/COMP390_code/checkpoints/run_subset_gpu32_h100_ep33/csv_logs/version_0/checkpoints/32-330000.ckpt...
INFO:/users/sgsrehm1/COMP702_BeyondAF/code/COMP390_code/openfold/run_pretrained_openfold.py:Using precomputed alignments for 4bp8_A at /users/sgsrehm1/scratch/openfold_inference/alignments_cf...
INFO:/users/sgsrehm1/COMP702_BeyondAF/code/COMP390_code/openfold/openfold/utils/script_utils.py:Running inference for 4bp8_A...
INFO:/users/sgsrehm1/COMP702_BeyondAF/code/COMP390_code/openfold/openfold/utils/script_utils.py:Inference time: 45.45827433653176
/users/sgsrehm1/COMP702_BeyondAF/code/COMP390_code/openfold/run_pretrained_openfold.py:351: DeprecationWarning: __array__ implementation doesn't accept a copy keyword, so passing copy=False failed. __array__ must implement 'dtype' and 'copy' keyword arguments. To learn more, see the migration guide https://numpy.org/devdocs/numpy_2_0_migration_guide.html#adapting-to-changes-in-the-copy-keyword
  lambda x: np.array(x[..., -1].cpu()),
/users/sgsrehm1/COMP702_BeyondAF/code/COMP390_code/openfold/run_pretrained_openfold.py:354: DeprecationWarning: __array__ implementation doesn't accept a copy keyword, so passing copy=False failed. __array__ must implement 'dtype' and 'copy' keyword arguments. To learn more, see the migration guide https://numpy.org/devdocs/numpy_2_0_migration_guide.html#adapting-to-changes-in-the-copy-keyword
  out = tensor_tree_map(lambda x: np.array(x.cpu()), out)
INFO:/users/sgsrehm1/COMP702_BeyondAF/code/COMP390_code/openfold/run_pretrained_openfold.py:Output written to /users/sgsrehm1/fastscratch/COMP702_ep32_inference/runs/4bp8_ep32_relaxed_100_9827077/repeat_23/predictions/4bp8_A_model_1_unrelaxed.pdb...
INFO:/users/sgsrehm1/COMP702_BeyondAF/code/COMP390_code/openfold/run_pretrained_openfold.py:Running relaxation on /users/sgsrehm1/fastscratch/COMP702_ep32_inference/runs/4bp8_ep32_relaxed_100_9827077/repeat_23/predictions/4bp8_A_model_1_unrelaxed.pdb...
INFO:/users/sgsrehm1/COMP702_BeyondAF/code/COMP390_code/openfold/openfold/utils/script_utils.py:Relaxation time: 211.9523560842499
INFO:/users/sgsrehm1/COMP702_BeyondAF/code/COMP390_code/openfold/openfold/utils/script_utils.py:Relaxed output written to /users/sgsrehm1/fastscratch/COMP702_ep32_inference/runs/4bp8_ep32_relaxed_100_9827077/repeat_23/predictions/4bp8_A_model_1_relaxed.pdb...
/users/sgsrehm1/COMP702_BeyondAF/code/COMP390_code/openfold/openfold/utils/script_utils.py:131: FutureWarning: You are using `torch.load` with `weights_only=False` (the current default value), which uses the default pickle module implicitly. It is possible to construct malicious pickle data which will execute arbitrary code during unpickling (See https://github.com/pytorch/pytorch/blob/main/SECURITY.md#untrusted-models for more details). In a future release, the default value for `weights_only` will be flipped to `True`. This limits the functions that could be executed during unpickling. Arbitrary objects will no longer be allowed to be loaded via this mode unless they are explicitly allowlisted by the user via `torch.serialization.add_safe_globals`. We recommend you start setting `weights_only=True` for any use case where you don't have full control of the loaded file. Please open an issue on GitHub for any issues related to this experimental feature.
  d = torch.load(ckpt_path)
INFO:/users/sgsrehm1/COMP702_BeyondAF/code/COMP390_code/openfold/openfold/utils/script_utils.py:Loaded OpenFold parameters at /users/sgsrehm1/COMP702_BeyondAF/code/COMP390_code/checkpoints/run_subset_gpu32_h100_ep33/csv_logs/version_0/checkpoints/32-330000.ckpt...
INFO:/users/sgsrehm1/COMP702_BeyondAF/code/COMP390_code/openfold/run_pretrained_openfold.py:Using precomputed alignments for 4bp8_A at /users/sgsrehm1/scratch/openfold_inference/alignments_cf...
INFO:/users/sgsrehm1/COMP702_BeyondAF/code/COMP390_code/openfold/openfold/utils/script_utils.py:Running inference for 4bp8_A...
INFO:/users/sgsrehm1/COMP702_BeyondAF/code/COMP390_code/openfold/openfold/utils/script_utils.py:Inference time: 45.45457820408046
/users/sgsrehm1/COMP702_BeyondAF/code/COMP390_code/openfold/run_pretrained_openfold.py:351: DeprecationWarning: __array__ implementation doesn't accept a copy keyword, so passing copy=False failed. __array__ must implement 'dtype' and 'copy' keyword arguments. To learn more, see the migration guide https://numpy.org/devdocs/numpy_2_0_migration_guide.html#adapting-to-changes-in-the-copy-keyword
  lambda x: np.array(x[..., -1].cpu()),
/users/sgsrehm1/COMP702_BeyondAF/code/COMP390_code/openfold/run_pretrained_openfold.py:354: DeprecationWarning: __array__ implementation doesn't accept a copy keyword, so passing copy=False failed. __array__ must implement 'dtype' and 'copy' keyword arguments. To learn more, see the migration guide https://numpy.org/devdocs/numpy_2_0_migration_guide.html#adapting-to-changes-in-the-copy-keyword
  out = tensor_tree_map(lambda x: np.array(x.cpu()), out)
INFO:/users/sgsrehm1/COMP702_BeyondAF/code/COMP390_code/openfold/run_pretrained_openfold.py:Output written to /users/sgsrehm1/fastscratch/COMP702_ep32_inference/runs/4bp8_ep32_relaxed_100_9827077/repeat_24/predictions/4bp8_A_model_1_unrelaxed.pdb...
INFO:/users/sgsrehm1/COMP702_BeyondAF/code/COMP390_code/openfold/run_pretrained_openfold.py:Running relaxation on /users/sgsrehm1/fastscratch/COMP702_ep32_inference/runs/4bp8_ep32_relaxed_100_9827077/repeat_24/predictions/4bp8_A_model_1_unrelaxed.pdb...
INFO:/users/sgsrehm1/COMP702_BeyondAF/code/COMP390_code/openfold/openfold/utils/script_utils.py:Relaxation time: 210.872530085966
INFO:/users/sgsrehm1/COMP702_BeyondAF/code/COMP390_code/openfold/openfold/utils/script_utils.py:Relaxed output written to /users/sgsrehm1/fastscratch/COMP702_ep32_inference/runs/4bp8_ep32_relaxed_100_9827077/repeat_24/predictions/4bp8_A_model_1_relaxed.pdb...
/users/sgsrehm1/COMP702_BeyondAF/code/COMP390_code/openfold/openfold/utils/script_utils.py:131: FutureWarning: You are using `torch.load` with `weights_only=False` (the current default value), which uses the default pickle module implicitly. It is possible to construct malicious pickle data which will execute arbitrary code during unpickling (See https://github.com/pytorch/pytorch/blob/main/SECURITY.md#untrusted-models for more details). In a future release, the default value for `weights_only` will be flipped to `True`. This limits the functions that could be executed during unpickling. Arbitrary objects will no longer be allowed to be loaded via this mode unless they are explicitly allowlisted by the user via `torch.serialization.add_safe_globals`. We recommend you start setting `weights_only=True` for any use case where you don't have full control of the loaded file. Please open an issue on GitHub for any issues related to this experimental feature.
  d = torch.load(ckpt_path)
INFO:/users/sgsrehm1/COMP702_BeyondAF/code/COMP390_code/openfold/openfold/utils/script_utils.py:Loaded OpenFold parameters at /users/sgsrehm1/COMP702_BeyondAF/code/COMP390_code/checkpoints/run_subset_gpu32_h100_ep33/csv_logs/version_0/checkpoints/32-330000.ckpt...
INFO:/users/sgsrehm1/COMP702_BeyondAF/code/COMP390_code/openfold/run_pretrained_openfold.py:Using precomputed alignments for 4bp8_A at /users/sgsrehm1/scratch/openfold_inference/alignments_cf...
INFO:/users/sgsrehm1/COMP702_BeyondAF/code/COMP390_code/openfold/openfold/utils/script_utils.py:Running inference for 4bp8_A...
INFO:/users/sgsrehm1/COMP702_BeyondAF/code/COMP390_code/openfold/openfold/utils/script_utils.py:Inference time: 45.43001633603126
/users/sgsrehm1/COMP702_BeyondAF/code/COMP390_code/openfold/run_pretrained_openfold.py:351: DeprecationWarning: __array__ implementation doesn't accept a copy keyword, so passing copy=False failed. __array__ must implement 'dtype' and 'copy' keyword arguments. To learn more, see the migration guide https://numpy.org/devdocs/numpy_2_0_migration_guide.html#adapting-to-changes-in-the-copy-keyword
  lambda x: np.array(x[..., -1].cpu()),
/users/sgsrehm1/COMP702_BeyondAF/code/COMP390_code/openfold/run_pretrained_openfold.py:354: DeprecationWarning: __array__ implementation doesn't accept a copy keyword, so passing copy=False failed. __array__ must implement 'dtype' and 'copy' keyword arguments. To learn more, see the migration guide https://numpy.org/devdocs/numpy_2_0_migration_guide.html#adapting-to-changes-in-the-copy-keyword
  out = tensor_tree_map(lambda x: np.array(x.cpu()), out)
INFO:/users/sgsrehm1/COMP702_BeyondAF/code/COMP390_code/openfold/run_pretrained_openfold.py:Output written to /users/sgsrehm1/fastscratch/COMP702_ep32_inference/runs/4bp8_ep32_relaxed_100_9827077/repeat_25/predictions/4bp8_A_model_1_unrelaxed.pdb...
INFO:/users/sgsrehm1/COMP702_BeyondAF/code/COMP390_code/openfold/run_pretrained_openfold.py:Running relaxation on /users/sgsrehm1/fastscratch/COMP702_ep32_inference/runs/4bp8_ep32_relaxed_100_9827077/repeat_25/predictions/4bp8_A_model_1_unrelaxed.pdb...
INFO:/users/sgsrehm1/COMP702_BeyondAF/code/COMP390_code/openfold/openfold/utils/script_utils.py:Relaxation time: 213.55892887711525
INFO:/users/sgsrehm1/COMP702_BeyondAF/code/COMP390_code/openfold/openfold/utils/script_utils.py:Relaxed output written to /users/sgsrehm1/fastscratch/COMP702_ep32_inference/runs/4bp8_ep32_relaxed_100_9827077/repeat_25/predictions/4bp8_A_model_1_relaxed.pdb...
/users/sgsrehm1/COMP702_BeyondAF/code/COMP390_code/openfold/openfold/utils/script_utils.py:131: FutureWarning: You are using `torch.load` with `weights_only=False` (the current default value), which uses the default pickle module implicitly. It is possible to construct malicious pickle data which will execute arbitrary code during unpickling (See https://github.com/pytorch/pytorch/blob/main/SECURITY.md#untrusted-models for more details). In a future release, the default value for `weights_only` will be flipped to `True`. This limits the functions that could be executed during unpickling. Arbitrary objects will no longer be allowed to be loaded via this mode unless they are explicitly allowlisted by the user via `torch.serialization.add_safe_globals`. We recommend you start setting `weights_only=True` for any use case where you don't have full control of the loaded file. Please open an issue on GitHub for any issues related to this experimental feature.
  d = torch.load(ckpt_path)
INFO:/users/sgsrehm1/COMP702_BeyondAF/code/COMP390_code/openfold/openfold/utils/script_utils.py:Loaded OpenFold parameters at /users/sgsrehm1/COMP702_BeyondAF/code/COMP390_code/checkpoints/run_subset_gpu32_h100_ep33/csv_logs/version_0/checkpoints/32-330000.ckpt...
INFO:/users/sgsrehm1/COMP702_BeyondAF/code/COMP390_code/openfold/run_pretrained_openfold.py:Using precomputed alignments for 4bp8_A at /users/sgsrehm1/scratch/openfold_inference/alignments_cf...
INFO:/users/sgsrehm1/COMP702_BeyondAF/code/COMP390_code/openfold/openfold/utils/script_utils.py:Running inference for 4bp8_A...
INFO:/users/sgsrehm1/COMP702_BeyondAF/code/COMP390_code/openfold/openfold/utils/script_utils.py:Inference time: 45.3992780148983
/users/sgsrehm1/COMP702_BeyondAF/code/COMP390_code/openfold/run_pretrained_openfold.py:351: DeprecationWarning: __array__ implementation doesn't accept a copy keyword, so passing copy=False failed. __array__ must implement 'dtype' and 'copy' keyword arguments. To learn more, see the migration guide https://numpy.org/devdocs/numpy_2_0_migration_guide.html#adapting-to-changes-in-the-copy-keyword
  lambda x: np.array(x[..., -1].cpu()),
/users/sgsrehm1/COMP702_BeyondAF/code/COMP390_code/openfold/run_pretrained_openfold.py:354: DeprecationWarning: __array__ implementation doesn't accept a copy keyword, so passing copy=False failed. __array__ must implement 'dtype' and 'copy' keyword arguments. To learn more, see the migration guide https://numpy.org/devdocs/numpy_2_0_migration_guide.html#adapting-to-changes-in-the-copy-keyword
  out = tensor_tree_map(lambda x: np.array(x.cpu()), out)
INFO:/users/sgsrehm1/COMP702_BeyondAF/code/COMP390_code/openfold/run_pretrained_openfold.py:Output written to /users/sgsrehm1/fastscratch/COMP702_ep32_inference/runs/4bp8_ep32_relaxed_100_9827077/repeat_26/predictions/4bp8_A_model_1_unrelaxed.pdb...
INFO:/users/sgsrehm1/COMP702_BeyondAF/code/COMP390_code/openfold/run_pretrained_openfold.py:Running relaxation on /users/sgsrehm1/fastscratch/COMP702_ep32_inference/runs/4bp8_ep32_relaxed_100_9827077/repeat_26/predictions/4bp8_A_model_1_unrelaxed.pdb...
INFO:/users/sgsrehm1/COMP702_BeyondAF/code/COMP390_code/openfold/openfold/utils/script_utils.py:Relaxation time: 210.6517905285582
INFO:/users/sgsrehm1/COMP702_BeyondAF/code/COMP390_code/openfold/openfold/utils/script_utils.py:Relaxed output written to /users/sgsrehm1/fastscratch/COMP702_ep32_inference/runs/4bp8_ep32_relaxed_100_9827077/repeat_26/predictions/4bp8_A_model_1_relaxed.pdb...
/users/sgsrehm1/COMP702_BeyondAF/code/COMP390_code/openfold/openfold/utils/script_utils.py:131: FutureWarning: You are using `torch.load` with `weights_only=False` (the current default value), which uses the default pickle module implicitly. It is possible to construct malicious pickle data which will execute arbitrary code during unpickling (See https://github.com/pytorch/pytorch/blob/main/SECURITY.md#untrusted-models for more details). In a future release, the default value for `weights_only` will be flipped to `True`. This limits the functions that could be executed during unpickling. Arbitrary objects will no longer be allowed to be loaded via this mode unless they are explicitly allowlisted by the user via `torch.serialization.add_safe_globals`. We recommend you start setting `weights_only=True` for any use case where you don't have full control of the loaded file. Please open an issue on GitHub for any issues related to this experimental feature.
  d = torch.load(ckpt_path)
INFO:/users/sgsrehm1/COMP702_BeyondAF/code/COMP390_code/openfold/openfold/utils/script_utils.py:Loaded OpenFold parameters at /users/sgsrehm1/COMP702_BeyondAF/code/COMP390_code/checkpoints/run_subset_gpu32_h100_ep33/csv_logs/version_0/checkpoints/32-330000.ckpt...
INFO:/users/sgsrehm1/COMP702_BeyondAF/code/COMP390_code/openfold/run_pretrained_openfold.py:Using precomputed alignments for 4bp8_A at /users/sgsrehm1/scratch/openfold_inference/alignments_cf...
INFO:/users/sgsrehm1/COMP702_BeyondAF/code/COMP390_code/openfold/openfold/utils/script_utils.py:Running inference for 4bp8_A...
INFO:/users/sgsrehm1/COMP702_BeyondAF/code/COMP390_code/openfold/openfold/utils/script_utils.py:Inference time: 45.428001320920885
/users/sgsrehm1/COMP702_BeyondAF/code/COMP390_code/openfold/run_pretrained_openfold.py:351: DeprecationWarning: __array__ implementation doesn't accept a copy keyword, so passing copy=False failed. __array__ must implement 'dtype' and 'copy' keyword arguments. To learn more, see the migration guide https://numpy.org/devdocs/numpy_2_0_migration_guide.html#adapting-to-changes-in-the-copy-keyword
  lambda x: np.array(x[..., -1].cpu()),
/users/sgsrehm1/COMP702_BeyondAF/code/COMP390_code/openfold/run_pretrained_openfold.py:354: DeprecationWarning: __array__ implementation doesn't accept a copy keyword, so passing copy=False failed. __array__ must implement 'dtype' and 'copy' keyword arguments. To learn more, see the migration guide https://numpy.org/devdocs/numpy_2_0_migration_guide.html#adapting-to-changes-in-the-copy-keyword
  out = tensor_tree_map(lambda x: np.array(x.cpu()), out)
INFO:/users/sgsrehm1/COMP702_BeyondAF/code/COMP390_code/openfold/run_pretrained_openfold.py:Output written to /users/sgsrehm1/fastscratch/COMP702_ep32_inference/runs/4bp8_ep32_relaxed_100_9827077/repeat_27/predictions/4bp8_A_model_1_unrelaxed.pdb...
INFO:/users/sgsrehm1/COMP702_BeyondAF/code/COMP390_code/openfold/run_pretrained_openfold.py:Running relaxation on /users/sgsrehm1/fastscratch/COMP702_ep32_inference/runs/4bp8_ep32_relaxed_100_9827077/repeat_27/predictions/4bp8_A_model_1_unrelaxed.pdb...
INFO:/users/sgsrehm1/COMP702_BeyondAF/code/COMP390_code/openfold/openfold/utils/script_utils.py:Relaxation time: 76.88215011451393
INFO:/users/sgsrehm1/COMP702_BeyondAF/code/COMP390_code/openfold/openfold/utils/script_utils.py:Relaxed output written to /users/sgsrehm1/fastscratch/COMP702_ep32_inference/runs/4bp8_ep32_relaxed_100_9827077/repeat_27/predictions/4bp8_A_model_1_relaxed.pdb...
/users/sgsrehm1/COMP702_BeyondAF/code/COMP390_code/openfold/openfold/utils/script_utils.py:131: FutureWarning: You are using `torch.load` with `weights_only=False` (the current default value), which uses the default pickle module implicitly. It is possible to construct malicious pickle data which will execute arbitrary code during unpickling (See https://github.com/pytorch/pytorch/blob/main/SECURITY.md#untrusted-models for more details). In a future release, the default value for `weights_only` will be flipped to `True`. This limits the functions that could be executed during unpickling. Arbitrary objects will no longer be allowed to be loaded via this mode unless they are explicitly allowlisted by the user via `torch.serialization.add_safe_globals`. We recommend you start setting `weights_only=True` for any use case where you don't have full control of the loaded file. Please open an issue on GitHub for any issues related to this experimental feature.
  d = torch.load(ckpt_path)
INFO:/users/sgsrehm1/COMP702_BeyondAF/code/COMP390_code/openfold/openfold/utils/script_utils.py:Loaded OpenFold parameters at /users/sgsrehm1/COMP702_BeyondAF/code/COMP390_code/checkpoints/run_subset_gpu32_h100_ep33/csv_logs/version_0/checkpoints/32-330000.ckpt...
INFO:/users/sgsrehm1/COMP702_BeyondAF/code/COMP390_code/openfold/run_pretrained_openfold.py:Using precomputed alignments for 4bp8_A at /users/sgsrehm1/scratch/openfold_inference/alignments_cf...
INFO:/users/sgsrehm1/COMP702_BeyondAF/code/COMP390_code/openfold/openfold/utils/script_utils.py:Running inference for 4bp8_A...
INFO:/users/sgsrehm1/COMP702_BeyondAF/code/COMP390_code/openfold/openfold/utils/script_utils.py:Inference time: 45.441219496540725
/users/sgsrehm1/COMP702_BeyondAF/code/COMP390_code/openfold/run_pretrained_openfold.py:351: DeprecationWarning: __array__ implementation doesn't accept a copy keyword, so passing copy=False failed. __array__ must implement 'dtype' and 'copy' keyword arguments. To learn more, see the migration guide https://numpy.org/devdocs/numpy_2_0_migration_guide.html#adapting-to-changes-in-the-copy-keyword
  lambda x: np.array(x[..., -1].cpu()),
/users/sgsrehm1/COMP702_BeyondAF/code/COMP390_code/openfold/run_pretrained_openfold.py:354: DeprecationWarning: __array__ implementation doesn't accept a copy keyword, so passing copy=False failed. __array__ must implement 'dtype' and 'copy' keyword arguments. To learn more, see the migration guide https://numpy.org/devdocs/numpy_2_0_migration_guide.html#adapting-to-changes-in-the-copy-keyword
  out = tensor_tree_map(lambda x: np.array(x.cpu()), out)
INFO:/users/sgsrehm1/COMP702_BeyondAF/code/COMP390_code/openfold/run_pretrained_openfold.py:Output written to /users/sgsrehm1/fastscratch/COMP702_ep32_inference/runs/4bp8_ep32_relaxed_100_9827077/repeat_28/predictions/4bp8_A_model_1_unrelaxed.pdb...
INFO:/users/sgsrehm1/COMP702_BeyondAF/code/COMP390_code/openfold/run_pretrained_openfold.py:Running relaxation on /users/sgsrehm1/fastscratch/COMP702_ep32_inference/runs/4bp8_ep32_relaxed_100_9827077/repeat_28/predictions/4bp8_A_model_1_unrelaxed.pdb...
INFO:/users/sgsrehm1/COMP702_BeyondAF/code/COMP390_code/openfold/openfold/utils/script_utils.py:Relaxation time: 217.08559651765972
INFO:/users/sgsrehm1/COMP702_BeyondAF/code/COMP390_code/openfold/openfold/utils/script_utils.py:Relaxed output written to /users/sgsrehm1/fastscratch/COMP702_ep32_inference/runs/4bp8_ep32_relaxed_100_9827077/repeat_28/predictions/4bp8_A_model_1_relaxed.pdb...
/users/sgsrehm1/COMP702_BeyondAF/code/COMP390_code/openfold/openfold/utils/script_utils.py:131: FutureWarning: You are using `torch.load` with `weights_only=False` (the current default value), which uses the default pickle module implicitly. It is possible to construct malicious pickle data which will execute arbitrary code during unpickling (See https://github.com/pytorch/pytorch/blob/main/SECURITY.md#untrusted-models for more details). In a future release, the default value for `weights_only` will be flipped to `True`. This limits the functions that could be executed during unpickling. Arbitrary objects will no longer be allowed to be loaded via this mode unless they are explicitly allowlisted by the user via `torch.serialization.add_safe_globals`. We recommend you start setting `weights_only=True` for any use case where you don't have full control of the loaded file. Please open an issue on GitHub for any issues related to this experimental feature.
  d = torch.load(ckpt_path)
INFO:/users/sgsrehm1/COMP702_BeyondAF/code/COMP390_code/openfold/openfold/utils/script_utils.py:Loaded OpenFold parameters at /users/sgsrehm1/COMP702_BeyondAF/code/COMP390_code/checkpoints/run_subset_gpu32_h100_ep33/csv_logs/version_0/checkpoints/32-330000.ckpt...
INFO:/users/sgsrehm1/COMP702_BeyondAF/code/COMP390_code/openfold/run_pretrained_openfold.py:Using precomputed alignments for 4bp8_A at /users/sgsrehm1/scratch/openfold_inference/alignments_cf...
INFO:/users/sgsrehm1/COMP702_BeyondAF/code/COMP390_code/openfold/openfold/utils/script_utils.py:Running inference for 4bp8_A...
INFO:/users/sgsrehm1/COMP702_BeyondAF/code/COMP390_code/openfold/openfold/utils/script_utils.py:Inference time: 45.821242636069655
/users/sgsrehm1/COMP702_BeyondAF/code/COMP390_code/openfold/run_pretrained_openfold.py:351: DeprecationWarning: __array__ implementation doesn't accept a copy keyword, so passing copy=False failed. __array__ must implement 'dtype' and 'copy' keyword arguments. To learn more, see the migration guide https://numpy.org/devdocs/numpy_2_0_migration_guide.html#adapting-to-changes-in-the-copy-keyword
  lambda x: np.array(x[..., -1].cpu()),
/users/sgsrehm1/COMP702_BeyondAF/code/COMP390_code/openfold/run_pretrained_openfold.py:354: DeprecationWarning: __array__ implementation doesn't accept a copy keyword, so passing copy=False failed. __array__ must implement 'dtype' and 'copy' keyword arguments. To learn more, see the migration guide https://numpy.org/devdocs/numpy_2_0_migration_guide.html#adapting-to-changes-in-the-copy-keyword
  out = tensor_tree_map(lambda x: np.array(x.cpu()), out)
INFO:/users/sgsrehm1/COMP702_BeyondAF/code/COMP390_code/openfold/run_pretrained_openfold.py:Output written to /users/sgsrehm1/fastscratch/COMP702_ep32_inference/runs/4bp8_ep32_relaxed_100_9827077/repeat_29/predictions/4bp8_A_model_1_unrelaxed.pdb...
INFO:/users/sgsrehm1/COMP702_BeyondAF/code/COMP390_code/openfold/run_pretrained_openfold.py:Running relaxation on /users/sgsrehm1/fastscratch/COMP702_ep32_inference/runs/4bp8_ep32_relaxed_100_9827077/repeat_29/predictions/4bp8_A_model_1_unrelaxed.pdb...
INFO:/users/sgsrehm1/COMP702_BeyondAF/code/COMP390_code/openfold/openfold/utils/script_utils.py:Relaxation time: 36.91910272464156
INFO:/users/sgsrehm1/COMP702_BeyondAF/code/COMP390_code/openfold/openfold/utils/script_utils.py:Relaxed output written to /users/sgsrehm1/fastscratch/COMP702_ep32_inference/runs/4bp8_ep32_relaxed_100_9827077/repeat_29/predictions/4bp8_A_model_1_relaxed.pdb...
/users/sgsrehm1/COMP702_BeyondAF/code/COMP390_code/openfold/openfold/utils/script_utils.py:131: FutureWarning: You are using `torch.load` with `weights_only=False` (the current default value), which uses the default pickle module implicitly. It is possible to construct malicious pickle data which will execute arbitrary code during unpickling (See https://github.com/pytorch/pytorch/blob/main/SECURITY.md#untrusted-models for more details). In a future release, the default value for `weights_only` will be flipped to `True`. This limits the functions that could be executed during unpickling. Arbitrary objects will no longer be allowed to be loaded via this mode unless they are explicitly allowlisted by the user via `torch.serialization.add_safe_globals`. We recommend you start setting `weights_only=True` for any use case where you don't have full control of the loaded file. Please open an issue on GitHub for any issues related to this experimental feature.
  d = torch.load(ckpt_path)
INFO:/users/sgsrehm1/COMP702_BeyondAF/code/COMP390_code/openfold/openfold/utils/script_utils.py:Loaded OpenFold parameters at /users/sgsrehm1/COMP702_BeyondAF/code/COMP390_code/checkpoints/run_subset_gpu32_h100_ep33/csv_logs/version_0/checkpoints/32-330000.ckpt...
INFO:/users/sgsrehm1/COMP702_BeyondAF/code/COMP390_code/openfold/run_pretrained_openfold.py:Using precomputed alignments for 4bp8_A at /users/sgsrehm1/scratch/openfold_inference/alignments_cf...
INFO:/users/sgsrehm1/COMP702_BeyondAF/code/COMP390_code/openfold/openfold/utils/script_utils.py:Running inference for 4bp8_A...
INFO:/users/sgsrehm1/COMP702_BeyondAF/code/COMP390_code/openfold/openfold/utils/script_utils.py:Inference time: 45.52809241786599
/users/sgsrehm1/COMP702_BeyondAF/code/COMP390_code/openfold/run_pretrained_openfold.py:351: DeprecationWarning: __array__ implementation doesn't accept a copy keyword, so passing copy=False failed. __array__ must implement 'dtype' and 'copy' keyword arguments. To learn more, see the migration guide https://numpy.org/devdocs/numpy_2_0_migration_guide.html#adapting-to-changes-in-the-copy-keyword
  lambda x: np.array(x[..., -1].cpu()),
/users/sgsrehm1/COMP702_BeyondAF/code/COMP390_code/openfold/run_pretrained_openfold.py:354: DeprecationWarning: __array__ implementation doesn't accept a copy keyword, so passing copy=False failed. __array__ must implement 'dtype' and 'copy' keyword arguments. To learn more, see the migration guide https://numpy.org/devdocs/numpy_2_0_migration_guide.html#adapting-to-changes-in-the-copy-keyword
  out = tensor_tree_map(lambda x: np.array(x.cpu()), out)
INFO:/users/sgsrehm1/COMP702_BeyondAF/code/COMP390_code/openfold/run_pretrained_openfold.py:Output written to /users/sgsrehm1/fastscratch/COMP702_ep32_inference/runs/4bp8_ep32_relaxed_100_9827077/repeat_30/predictions/4bp8_A_model_1_unrelaxed.pdb...
INFO:/users/sgsrehm1/COMP702_BeyondAF/code/COMP390_code/openfold/run_pretrained_openfold.py:Running relaxation on /users/sgsrehm1/fastscratch/COMP702_ep32_inference/runs/4bp8_ep32_relaxed_100_9827077/repeat_30/predictions/4bp8_A_model_1_unrelaxed.pdb...
INFO:/users/sgsrehm1/COMP702_BeyondAF/code/COMP390_code/openfold/openfold/utils/script_utils.py:Relaxation time: 48.606566972099245
INFO:/users/sgsrehm1/COMP702_BeyondAF/code/COMP390_code/openfold/openfold/utils/script_utils.py:Relaxed output written to /users/sgsrehm1/fastscratch/COMP702_ep32_inference/runs/4bp8_ep32_relaxed_100_9827077/repeat_30/predictions/4bp8_A_model_1_relaxed.pdb...
/users/sgsrehm1/COMP702_BeyondAF/code/COMP390_code/openfold/openfold/utils/script_utils.py:131: FutureWarning: You are using `torch.load` with `weights_only=False` (the current default value), which uses the default pickle module implicitly. It is possible to construct malicious pickle data which will execute arbitrary code during unpickling (See https://github.com/pytorch/pytorch/blob/main/SECURITY.md#untrusted-models for more details). In a future release, the default value for `weights_only` will be flipped to `True`. This limits the functions that could be executed during unpickling. Arbitrary objects will no longer be allowed to be loaded via this mode unless they are explicitly allowlisted by the user via `torch.serialization.add_safe_globals`. We recommend you start setting `weights_only=True` for any use case where you don't have full control of the loaded file. Please open an issue on GitHub for any issues related to this experimental feature.
  d = torch.load(ckpt_path)
INFO:/users/sgsrehm1/COMP702_BeyondAF/code/COMP390_code/openfold/openfold/utils/script_utils.py:Loaded OpenFold parameters at /users/sgsrehm1/COMP702_BeyondAF/code/COMP390_code/checkpoints/run_subset_gpu32_h100_ep33/csv_logs/version_0/checkpoints/32-330000.ckpt...
INFO:/users/sgsrehm1/COMP702_BeyondAF/code/COMP390_code/openfold/run_pretrained_openfold.py:Using precomputed alignments for 4bp8_A at /users/sgsrehm1/scratch/openfold_inference/alignments_cf...
INFO:/users/sgsrehm1/COMP702_BeyondAF/code/COMP390_code/openfold/openfold/utils/script_utils.py:Running inference for 4bp8_A...
INFO:/users/sgsrehm1/COMP702_BeyondAF/code/COMP390_code/openfold/openfold/utils/script_utils.py:Inference time: 45.44594263844192
/users/sgsrehm1/COMP702_BeyondAF/code/COMP390_code/openfold/run_pretrained_openfold.py:351: DeprecationWarning: __array__ implementation doesn't accept a copy keyword, so passing copy=False failed. __array__ must implement 'dtype' and 'copy' keyword arguments. To learn more, see the migration guide https://numpy.org/devdocs/numpy_2_0_migration_guide.html#adapting-to-changes-in-the-copy-keyword
  lambda x: np.array(x[..., -1].cpu()),
/users/sgsrehm1/COMP702_BeyondAF/code/COMP390_code/openfold/run_pretrained_openfold.py:354: DeprecationWarning: __array__ implementation doesn't accept a copy keyword, so passing copy=False failed. __array__ must implement 'dtype' and 'copy' keyword arguments. To learn more, see the migration guide https://numpy.org/devdocs/numpy_2_0_migration_guide.html#adapting-to-changes-in-the-copy-keyword
  out = tensor_tree_map(lambda x: np.array(x.cpu()), out)
INFO:/users/sgsrehm1/COMP702_BeyondAF/code/COMP390_code/openfold/run_pretrained_openfold.py:Output written to /users/sgsrehm1/fastscratch/COMP702_ep32_inference/runs/4bp8_ep32_relaxed_100_9827077/repeat_31/predictions/4bp8_A_model_1_unrelaxed.pdb...
INFO:/users/sgsrehm1/COMP702_BeyondAF/code/COMP390_code/openfold/run_pretrained_openfold.py:Running relaxation on /users/sgsrehm1/fastscratch/COMP702_ep32_inference/runs/4bp8_ep32_relaxed_100_9827077/repeat_31/predictions/4bp8_A_model_1_unrelaxed.pdb...
INFO:/users/sgsrehm1/COMP702_BeyondAF/code/COMP390_code/openfold/openfold/utils/script_utils.py:Relaxation time: 215.05852431524545
INFO:/users/sgsrehm1/COMP702_BeyondAF/code/COMP390_code/openfold/openfold/utils/script_utils.py:Relaxed output written to /users/sgsrehm1/fastscratch/COMP702_ep32_inference/runs/4bp8_ep32_relaxed_100_9827077/repeat_31/predictions/4bp8_A_model_1_relaxed.pdb...
/users/sgsrehm1/COMP702_BeyondAF/code/COMP390_code/openfold/openfold/utils/script_utils.py:131: FutureWarning: You are using `torch.load` with `weights_only=False` (the current default value), which uses the default pickle module implicitly. It is possible to construct malicious pickle data which will execute arbitrary code during unpickling (See https://github.com/pytorch/pytorch/blob/main/SECURITY.md#untrusted-models for more details). In a future release, the default value for `weights_only` will be flipped to `True`. This limits the functions that could be executed during unpickling. Arbitrary objects will no longer be allowed to be loaded via this mode unless they are explicitly allowlisted by the user via `torch.serialization.add_safe_globals`. We recommend you start setting `weights_only=True` for any use case where you don't have full control of the loaded file. Please open an issue on GitHub for any issues related to this experimental feature.
  d = torch.load(ckpt_path)
INFO:/users/sgsrehm1/COMP702_BeyondAF/code/COMP390_code/openfold/openfold/utils/script_utils.py:Loaded OpenFold parameters at /users/sgsrehm1/COMP702_BeyondAF/code/COMP390_code/checkpoints/run_subset_gpu32_h100_ep33/csv_logs/version_0/checkpoints/32-330000.ckpt...
INFO:/users/sgsrehm1/COMP702_BeyondAF/code/COMP390_code/openfold/run_pretrained_openfold.py:Using precomputed alignments for 4bp8_A at /users/sgsrehm1/scratch/openfold_inference/alignments_cf...
INFO:/users/sgsrehm1/COMP702_BeyondAF/code/COMP390_code/openfold/openfold/utils/script_utils.py:Running inference for 4bp8_A...
INFO:/users/sgsrehm1/COMP702_BeyondAF/code/COMP390_code/openfold/openfold/utils/script_utils.py:Inference time: 45.442627414129674
/users/sgsrehm1/COMP702_BeyondAF/code/COMP390_code/openfold/run_pretrained_openfold.py:351: DeprecationWarning: __array__ implementation doesn't accept a copy keyword, so passing copy=False failed. __array__ must implement 'dtype' and 'copy' keyword arguments. To learn more, see the migration guide https://numpy.org/devdocs/numpy_2_0_migration_guide.html#adapting-to-changes-in-the-copy-keyword
  lambda x: np.array(x[..., -1].cpu()),
/users/sgsrehm1/COMP702_BeyondAF/code/COMP390_code/openfold/run_pretrained_openfold.py:354: DeprecationWarning: __array__ implementation doesn't accept a copy keyword, so passing copy=False failed. __array__ must implement 'dtype' and 'copy' keyword arguments. To learn more, see the migration guide https://numpy.org/devdocs/numpy_2_0_migration_guide.html#adapting-to-changes-in-the-copy-keyword
  out = tensor_tree_map(lambda x: np.array(x.cpu()), out)
INFO:/users/sgsrehm1/COMP702_BeyondAF/code/COMP390_code/openfold/run_pretrained_openfold.py:Output written to /users/sgsrehm1/fastscratch/COMP702_ep32_inference/runs/4bp8_ep32_relaxed_100_9827077/repeat_32/predictions/4bp8_A_model_1_unrelaxed.pdb...
INFO:/users/sgsrehm1/COMP702_BeyondAF/code/COMP390_code/openfold/run_pretrained_openfold.py:Running relaxation on /users/sgsrehm1/fastscratch/COMP702_ep32_inference/runs/4bp8_ep32_relaxed_100_9827077/repeat_32/predictions/4bp8_A_model_1_unrelaxed.pdb...
INFO:/users/sgsrehm1/COMP702_BeyondAF/code/COMP390_code/openfold/openfold/utils/script_utils.py:Relaxation time: 214.95706604700536
INFO:/users/sgsrehm1/COMP702_BeyondAF/code/COMP390_code/openfold/openfold/utils/script_utils.py:Relaxed output written to /users/sgsrehm1/fastscratch/COMP702_ep32_inference/runs/4bp8_ep32_relaxed_100_9827077/repeat_32/predictions/4bp8_A_model_1_relaxed.pdb...
/users/sgsrehm1/COMP702_BeyondAF/code/COMP390_code/openfold/openfold/utils/script_utils.py:131: FutureWarning: You are using `torch.load` with `weights_only=False` (the current default value), which uses the default pickle module implicitly. It is possible to construct malicious pickle data which will execute arbitrary code during unpickling (See https://github.com/pytorch/pytorch/blob/main/SECURITY.md#untrusted-models for more details). In a future release, the default value for `weights_only` will be flipped to `True`. This limits the functions that could be executed during unpickling. Arbitrary objects will no longer be allowed to be loaded via this mode unless they are explicitly allowlisted by the user via `torch.serialization.add_safe_globals`. We recommend you start setting `weights_only=True` for any use case where you don't have full control of the loaded file. Please open an issue on GitHub for any issues related to this experimental feature.
  d = torch.load(ckpt_path)
INFO:/users/sgsrehm1/COMP702_BeyondAF/code/COMP390_code/openfold/openfold/utils/script_utils.py:Loaded OpenFold parameters at /users/sgsrehm1/COMP702_BeyondAF/code/COMP390_code/checkpoints/run_subset_gpu32_h100_ep33/csv_logs/version_0/checkpoints/32-330000.ckpt...
INFO:/users/sgsrehm1/COMP702_BeyondAF/code/COMP390_code/openfold/run_pretrained_openfold.py:Using precomputed alignments for 4bp8_A at /users/sgsrehm1/scratch/openfold_inference/alignments_cf...
INFO:/users/sgsrehm1/COMP702_BeyondAF/code/COMP390_code/openfold/openfold/utils/script_utils.py:Running inference for 4bp8_A...
INFO:/users/sgsrehm1/COMP702_BeyondAF/code/COMP390_code/openfold/openfold/utils/script_utils.py:Inference time: 45.44584342557937
/users/sgsrehm1/COMP702_BeyondAF/code/COMP390_code/openfold/run_pretrained_openfold.py:351: DeprecationWarning: __array__ implementation doesn't accept a copy keyword, so passing copy=False failed. __array__ must implement 'dtype' and 'copy' keyword arguments. To learn more, see the migration guide https://numpy.org/devdocs/numpy_2_0_migration_guide.html#adapting-to-changes-in-the-copy-keyword
  lambda x: np.array(x[..., -1].cpu()),
/users/sgsrehm1/COMP702_BeyondAF/code/COMP390_code/openfold/run_pretrained_openfold.py:354: DeprecationWarning: __array__ implementation doesn't accept a copy keyword, so passing copy=False failed. __array__ must implement 'dtype' and 'copy' keyword arguments. To learn more, see the migration guide https://numpy.org/devdocs/numpy_2_0_migration_guide.html#adapting-to-changes-in-the-copy-keyword
  out = tensor_tree_map(lambda x: np.array(x.cpu()), out)
INFO:/users/sgsrehm1/COMP702_BeyondAF/code/COMP390_code/openfold/run_pretrained_openfold.py:Output written to /users/sgsrehm1/fastscratch/COMP702_ep32_inference/runs/4bp8_ep32_relaxed_100_9827077/repeat_33/predictions/4bp8_A_model_1_unrelaxed.pdb...
INFO:/users/sgsrehm1/COMP702_BeyondAF/code/COMP390_code/openfold/run_pretrained_openfold.py:Running relaxation on /users/sgsrehm1/fastscratch/COMP702_ep32_inference/runs/4bp8_ep32_relaxed_100_9827077/repeat_33/predictions/4bp8_A_model_1_unrelaxed.pdb...
INFO:/users/sgsrehm1/COMP702_BeyondAF/code/COMP390_code/openfold/openfold/utils/script_utils.py:Relaxation time: 219.21436317171901
INFO:/users/sgsrehm1/COMP702_BeyondAF/code/COMP390_code/openfold/openfold/utils/script_utils.py:Relaxed output written to /users/sgsrehm1/fastscratch/COMP702_ep32_inference/runs/4bp8_ep32_relaxed_100_9827077/repeat_33/predictions/4bp8_A_model_1_relaxed.pdb...
/users/sgsrehm1/COMP702_BeyondAF/code/COMP390_code/openfold/openfold/utils/script_utils.py:131: FutureWarning: You are using `torch.load` with `weights_only=False` (the current default value), which uses the default pickle module implicitly. It is possible to construct malicious pickle data which will execute arbitrary code during unpickling (See https://github.com/pytorch/pytorch/blob/main/SECURITY.md#untrusted-models for more details). In a future release, the default value for `weights_only` will be flipped to `True`. This limits the functions that could be executed during unpickling. Arbitrary objects will no longer be allowed to be loaded via this mode unless they are explicitly allowlisted by the user via `torch.serialization.add_safe_globals`. We recommend you start setting `weights_only=True` for any use case where you don't have full control of the loaded file. Please open an issue on GitHub for any issues related to this experimental feature.
  d = torch.load(ckpt_path)
INFO:/users/sgsrehm1/COMP702_BeyondAF/code/COMP390_code/openfold/openfold/utils/script_utils.py:Loaded OpenFold parameters at /users/sgsrehm1/COMP702_BeyondAF/code/COMP390_code/checkpoints/run_subset_gpu32_h100_ep33/csv_logs/version_0/checkpoints/32-330000.ckpt...
INFO:/users/sgsrehm1/COMP702_BeyondAF/code/COMP390_code/openfold/run_pretrained_openfold.py:Using precomputed alignments for 4bp8_A at /users/sgsrehm1/scratch/openfold_inference/alignments_cf...
INFO:/users/sgsrehm1/COMP702_BeyondAF/code/COMP390_code/openfold/openfold/utils/script_utils.py:Running inference for 4bp8_A...
INFO:/users/sgsrehm1/COMP702_BeyondAF/code/COMP390_code/openfold/openfold/utils/script_utils.py:Inference time: 45.49057908449322
/users/sgsrehm1/COMP702_BeyondAF/code/COMP390_code/openfold/run_pretrained_openfold.py:351: DeprecationWarning: __array__ implementation doesn't accept a copy keyword, so passing copy=False failed. __array__ must implement 'dtype' and 'copy' keyword arguments. To learn more, see the migration guide https://numpy.org/devdocs/numpy_2_0_migration_guide.html#adapting-to-changes-in-the-copy-keyword
  lambda x: np.array(x[..., -1].cpu()),
/users/sgsrehm1/COMP702_BeyondAF/code/COMP390_code/openfold/run_pretrained_openfold.py:354: DeprecationWarning: __array__ implementation doesn't accept a copy keyword, so passing copy=False failed. __array__ must implement 'dtype' and 'copy' keyword arguments. To learn more, see the migration guide https://numpy.org/devdocs/numpy_2_0_migration_guide.html#adapting-to-changes-in-the-copy-keyword
  out = tensor_tree_map(lambda x: np.array(x.cpu()), out)
INFO:/users/sgsrehm1/COMP702_BeyondAF/code/COMP390_code/openfold/run_pretrained_openfold.py:Output written to /users/sgsrehm1/fastscratch/COMP702_ep32_inference/runs/4bp8_ep32_relaxed_100_9827077/repeat_34/predictions/4bp8_A_model_1_unrelaxed.pdb...
INFO:/users/sgsrehm1/COMP702_BeyondAF/code/COMP390_code/openfold/run_pretrained_openfold.py:Running relaxation on /users/sgsrehm1/fastscratch/COMP702_ep32_inference/runs/4bp8_ep32_relaxed_100_9827077/repeat_34/predictions/4bp8_A_model_1_unrelaxed.pdb...
INFO:/users/sgsrehm1/COMP702_BeyondAF/code/COMP390_code/openfold/openfold/utils/script_utils.py:Relaxation time: 55.833065456710756
INFO:/users/sgsrehm1/COMP702_BeyondAF/code/COMP390_code/openfold/openfold/utils/script_utils.py:Relaxed output written to /users/sgsrehm1/fastscratch/COMP702_ep32_inference/runs/4bp8_ep32_relaxed_100_9827077/repeat_34/predictions/4bp8_A_model_1_relaxed.pdb...
/users/sgsrehm1/COMP702_BeyondAF/code/COMP390_code/openfold/openfold/utils/script_utils.py:131: FutureWarning: You are using `torch.load` with `weights_only=False` (the current default value), which uses the default pickle module implicitly. It is possible to construct malicious pickle data which will execute arbitrary code during unpickling (See https://github.com/pytorch/pytorch/blob/main/SECURITY.md#untrusted-models for more details). In a future release, the default value for `weights_only` will be flipped to `True`. This limits the functions that could be executed during unpickling. Arbitrary objects will no longer be allowed to be loaded via this mode unless they are explicitly allowlisted by the user via `torch.serialization.add_safe_globals`. We recommend you start setting `weights_only=True` for any use case where you don't have full control of the loaded file. Please open an issue on GitHub for any issues related to this experimental feature.
  d = torch.load(ckpt_path)
INFO:/users/sgsrehm1/COMP702_BeyondAF/code/COMP390_code/openfold/openfold/utils/script_utils.py:Loaded OpenFold parameters at /users/sgsrehm1/COMP702_BeyondAF/code/COMP390_code/checkpoints/run_subset_gpu32_h100_ep33/csv_logs/version_0/checkpoints/32-330000.ckpt...
INFO:/users/sgsrehm1/COMP702_BeyondAF/code/COMP390_code/openfold/run_pretrained_openfold.py:Using precomputed alignments for 4bp8_A at /users/sgsrehm1/scratch/openfold_inference/alignments_cf...
INFO:/users/sgsrehm1/COMP702_BeyondAF/code/COMP390_code/openfold/openfold/utils/script_utils.py:Running inference for 4bp8_A...
INFO:/users/sgsrehm1/COMP702_BeyondAF/code/COMP390_code/openfold/openfold/utils/script_utils.py:Inference time: 45.3939127586782
/users/sgsrehm1/COMP702_BeyondAF/code/COMP390_code/openfold/run_pretrained_openfold.py:351: DeprecationWarning: __array__ implementation doesn't accept a copy keyword, so passing copy=False failed. __array__ must implement 'dtype' and 'copy' keyword arguments. To learn more, see the migration guide https://numpy.org/devdocs/numpy_2_0_migration_guide.html#adapting-to-changes-in-the-copy-keyword
  lambda x: np.array(x[..., -1].cpu()),
/users/sgsrehm1/COMP702_BeyondAF/code/COMP390_code/openfold/run_pretrained_openfold.py:354: DeprecationWarning: __array__ implementation doesn't accept a copy keyword, so passing copy=False failed. __array__ must implement 'dtype' and 'copy' keyword arguments. To learn more, see the migration guide https://numpy.org/devdocs/numpy_2_0_migration_guide.html#adapting-to-changes-in-the-copy-keyword
  out = tensor_tree_map(lambda x: np.array(x.cpu()), out)
INFO:/users/sgsrehm1/COMP702_BeyondAF/code/COMP390_code/openfold/run_pretrained_openfold.py:Output written to /users/sgsrehm1/fastscratch/COMP702_ep32_inference/runs/4bp8_ep32_relaxed_100_9827077/repeat_35/predictions/4bp8_A_model_1_unrelaxed.pdb...
INFO:/users/sgsrehm1/COMP702_BeyondAF/code/COMP390_code/openfold/run_pretrained_openfold.py:Running relaxation on /users/sgsrehm1/fastscratch/COMP702_ep32_inference/runs/4bp8_ep32_relaxed_100_9827077/repeat_35/predictions/4bp8_A_model_1_unrelaxed.pdb...
INFO:/users/sgsrehm1/COMP702_BeyondAF/code/COMP390_code/openfold/openfold/utils/script_utils.py:Relaxation time: 37.659700809046626
INFO:/users/sgsrehm1/COMP702_BeyondAF/code/COMP390_code/openfold/openfold/utils/script_utils.py:Relaxed output written to /users/sgsrehm1/fastscratch/COMP702_ep32_inference/runs/4bp8_ep32_relaxed_100_9827077/repeat_35/predictions/4bp8_A_model_1_relaxed.pdb...
/users/sgsrehm1/COMP702_BeyondAF/code/COMP390_code/openfold/openfold/utils/script_utils.py:131: FutureWarning: You are using `torch.load` with `weights_only=False` (the current default value), which uses the default pickle module implicitly. It is possible to construct malicious pickle data which will execute arbitrary code during unpickling (See https://github.com/pytorch/pytorch/blob/main/SECURITY.md#untrusted-models for more details). In a future release, the default value for `weights_only` will be flipped to `True`. This limits the functions that could be executed during unpickling. Arbitrary objects will no longer be allowed to be loaded via this mode unless they are explicitly allowlisted by the user via `torch.serialization.add_safe_globals`. We recommend you start setting `weights_only=True` for any use case where you don't have full control of the loaded file. Please open an issue on GitHub for any issues related to this experimental feature.
  d = torch.load(ckpt_path)
INFO:/users/sgsrehm1/COMP702_BeyondAF/code/COMP390_code/openfold/openfold/utils/script_utils.py:Loaded OpenFold parameters at /users/sgsrehm1/COMP702_BeyondAF/code/COMP390_code/checkpoints/run_subset_gpu32_h100_ep33/csv_logs/version_0/checkpoints/32-330000.ckpt...
INFO:/users/sgsrehm1/COMP702_BeyondAF/code/COMP390_code/openfold/run_pretrained_openfold.py:Using precomputed alignments for 4bp8_A at /users/sgsrehm1/scratch/openfold_inference/alignments_cf...
INFO:/users/sgsrehm1/COMP702_BeyondAF/code/COMP390_code/openfold/openfold/utils/script_utils.py:Running inference for 4bp8_A...
INFO:/users/sgsrehm1/COMP702_BeyondAF/code/COMP390_code/openfold/openfold/utils/script_utils.py:Inference time: 45.457646956667304
/users/sgsrehm1/COMP702_BeyondAF/code/COMP390_code/openfold/run_pretrained_openfold.py:351: DeprecationWarning: __array__ implementation doesn't accept a copy keyword, so passing copy=False failed. __array__ must implement 'dtype' and 'copy' keyword arguments. To learn more, see the migration guide https://numpy.org/devdocs/numpy_2_0_migration_guide.html#adapting-to-changes-in-the-copy-keyword
  lambda x: np.array(x[..., -1].cpu()),
/users/sgsrehm1/COMP702_BeyondAF/code/COMP390_code/openfold/run_pretrained_openfold.py:354: DeprecationWarning: __array__ implementation doesn't accept a copy keyword, so passing copy=False failed. __array__ must implement 'dtype' and 'copy' keyword arguments. To learn more, see the migration guide https://numpy.org/devdocs/numpy_2_0_migration_guide.html#adapting-to-changes-in-the-copy-keyword
  out = tensor_tree_map(lambda x: np.array(x.cpu()), out)
INFO:/users/sgsrehm1/COMP702_BeyondAF/code/COMP390_code/openfold/run_pretrained_openfold.py:Output written to /users/sgsrehm1/fastscratch/COMP702_ep32_inference/runs/4bp8_ep32_relaxed_100_9827077/repeat_36/predictions/4bp8_A_model_1_unrelaxed.pdb...
INFO:/users/sgsrehm1/COMP702_BeyondAF/code/COMP390_code/openfold/run_pretrained_openfold.py:Running relaxation on /users/sgsrehm1/fastscratch/COMP702_ep32_inference/runs/4bp8_ep32_relaxed_100_9827077/repeat_36/predictions/4bp8_A_model_1_unrelaxed.pdb...
INFO:/users/sgsrehm1/COMP702_BeyondAF/code/COMP390_code/openfold/openfold/utils/script_utils.py:Relaxation time: 213.01339226216078
INFO:/users/sgsrehm1/COMP702_BeyondAF/code/COMP390_code/openfold/openfold/utils/script_utils.py:Relaxed output written to /users/sgsrehm1/fastscratch/COMP702_ep32_inference/runs/4bp8_ep32_relaxed_100_9827077/repeat_36/predictions/4bp8_A_model_1_relaxed.pdb...
/users/sgsrehm1/COMP702_BeyondAF/code/COMP390_code/openfold/openfold/utils/script_utils.py:131: FutureWarning: You are using `torch.load` with `weights_only=False` (the current default value), which uses the default pickle module implicitly. It is possible to construct malicious pickle data which will execute arbitrary code during unpickling (See https://github.com/pytorch/pytorch/blob/main/SECURITY.md#untrusted-models for more details). In a future release, the default value for `weights_only` will be flipped to `True`. This limits the functions that could be executed during unpickling. Arbitrary objects will no longer be allowed to be loaded via this mode unless they are explicitly allowlisted by the user via `torch.serialization.add_safe_globals`. We recommend you start setting `weights_only=True` for any use case where you don't have full control of the loaded file. Please open an issue on GitHub for any issues related to this experimental feature.
  d = torch.load(ckpt_path)
INFO:/users/sgsrehm1/COMP702_BeyondAF/code/COMP390_code/openfold/openfold/utils/script_utils.py:Loaded OpenFold parameters at /users/sgsrehm1/COMP702_BeyondAF/code/COMP390_code/checkpoints/run_subset_gpu32_h100_ep33/csv_logs/version_0/checkpoints/32-330000.ckpt...
INFO:/users/sgsrehm1/COMP702_BeyondAF/code/COMP390_code/openfold/run_pretrained_openfold.py:Using precomputed alignments for 4bp8_A at /users/sgsrehm1/scratch/openfold_inference/alignments_cf...
INFO:/users/sgsrehm1/COMP702_BeyondAF/code/COMP390_code/openfold/openfold/utils/script_utils.py:Running inference for 4bp8_A...
INFO:/users/sgsrehm1/COMP702_BeyondAF/code/COMP390_code/openfold/openfold/utils/script_utils.py:Inference time: 45.4638513578102
/users/sgsrehm1/COMP702_BeyondAF/code/COMP390_code/openfold/run_pretrained_openfold.py:351: DeprecationWarning: __array__ implementation doesn't accept a copy keyword, so passing copy=False failed. __array__ must implement 'dtype' and 'copy' keyword arguments. To learn more, see the migration guide https://numpy.org/devdocs/numpy_2_0_migration_guide.html#adapting-to-changes-in-the-copy-keyword
  lambda x: np.array(x[..., -1].cpu()),
/users/sgsrehm1/COMP702_BeyondAF/code/COMP390_code/openfold/run_pretrained_openfold.py:354: DeprecationWarning: __array__ implementation doesn't accept a copy keyword, so passing copy=False failed. __array__ must implement 'dtype' and 'copy' keyword arguments. To learn more, see the migration guide https://numpy.org/devdocs/numpy_2_0_migration_guide.html#adapting-to-changes-in-the-copy-keyword
  out = tensor_tree_map(lambda x: np.array(x.cpu()), out)
INFO:/users/sgsrehm1/COMP702_BeyondAF/code/COMP390_code/openfold/run_pretrained_openfold.py:Output written to /users/sgsrehm1/fastscratch/COMP702_ep32_inference/runs/4bp8_ep32_relaxed_100_9827077/repeat_37/predictions/4bp8_A_model_1_unrelaxed.pdb...
INFO:/users/sgsrehm1/COMP702_BeyondAF/code/COMP390_code/openfold/run_pretrained_openfold.py:Running relaxation on /users/sgsrehm1/fastscratch/COMP702_ep32_inference/runs/4bp8_ep32_relaxed_100_9827077/repeat_37/predictions/4bp8_A_model_1_unrelaxed.pdb...
INFO:/users/sgsrehm1/COMP702_BeyondAF/code/COMP390_code/openfold/openfold/utils/script_utils.py:Relaxation time: 216.75128688383847
INFO:/users/sgsrehm1/COMP702_BeyondAF/code/COMP390_code/openfold/openfold/utils/script_utils.py:Relaxed output written to /users/sgsrehm1/fastscratch/COMP702_ep32_inference/runs/4bp8_ep32_relaxed_100_9827077/repeat_37/predictions/4bp8_A_model_1_relaxed.pdb...
/users/sgsrehm1/COMP702_BeyondAF/code/COMP390_code/openfold/openfold/utils/script_utils.py:131: FutureWarning: You are using `torch.load` with `weights_only=False` (the current default value), which uses the default pickle module implicitly. It is possible to construct malicious pickle data which will execute arbitrary code during unpickling (See https://github.com/pytorch/pytorch/blob/main/SECURITY.md#untrusted-models for more details). In a future release, the default value for `weights_only` will be flipped to `True`. This limits the functions that could be executed during unpickling. Arbitrary objects will no longer be allowed to be loaded via this mode unless they are explicitly allowlisted by the user via `torch.serialization.add_safe_globals`. We recommend you start setting `weights_only=True` for any use case where you don't have full control of the loaded file. Please open an issue on GitHub for any issues related to this experimental feature.
  d = torch.load(ckpt_path)
INFO:/users/sgsrehm1/COMP702_BeyondAF/code/COMP390_code/openfold/openfold/utils/script_utils.py:Loaded OpenFold parameters at /users/sgsrehm1/COMP702_BeyondAF/code/COMP390_code/checkpoints/run_subset_gpu32_h100_ep33/csv_logs/version_0/checkpoints/32-330000.ckpt...
INFO:/users/sgsrehm1/COMP702_BeyondAF/code/COMP390_code/openfold/run_pretrained_openfold.py:Using precomputed alignments for 4bp8_A at /users/sgsrehm1/scratch/openfold_inference/alignments_cf...
INFO:/users/sgsrehm1/COMP702_BeyondAF/code/COMP390_code/openfold/openfold/utils/script_utils.py:Running inference for 4bp8_A...
INFO:/users/sgsrehm1/COMP702_BeyondAF/code/COMP390_code/openfold/openfold/utils/script_utils.py:Inference time: 45.395404684357345
/users/sgsrehm1/COMP702_BeyondAF/code/COMP390_code/openfold/run_pretrained_openfold.py:351: DeprecationWarning: __array__ implementation doesn't accept a copy keyword, so passing copy=False failed. __array__ must implement 'dtype' and 'copy' keyword arguments. To learn more, see the migration guide https://numpy.org/devdocs/numpy_2_0_migration_guide.html#adapting-to-changes-in-the-copy-keyword
  lambda x: np.array(x[..., -1].cpu()),
/users/sgsrehm1/COMP702_BeyondAF/code/COMP390_code/openfold/run_pretrained_openfold.py:354: DeprecationWarning: __array__ implementation doesn't accept a copy keyword, so passing copy=False failed. __array__ must implement 'dtype' and 'copy' keyword arguments. To learn more, see the migration guide https://numpy.org/devdocs/numpy_2_0_migration_guide.html#adapting-to-changes-in-the-copy-keyword
  out = tensor_tree_map(lambda x: np.array(x.cpu()), out)
INFO:/users/sgsrehm1/COMP702_BeyondAF/code/COMP390_code/openfold/run_pretrained_openfold.py:Output written to /users/sgsrehm1/fastscratch/COMP702_ep32_inference/runs/4bp8_ep32_relaxed_100_9827077/repeat_38/predictions/4bp8_A_model_1_unrelaxed.pdb...
INFO:/users/sgsrehm1/COMP702_BeyondAF/code/COMP390_code/openfold/run_pretrained_openfold.py:Running relaxation on /users/sgsrehm1/fastscratch/COMP702_ep32_inference/runs/4bp8_ep32_relaxed_100_9827077/repeat_38/predictions/4bp8_A_model_1_unrelaxed.pdb...
INFO:/users/sgsrehm1/COMP702_BeyondAF/code/COMP390_code/openfold/openfold/utils/script_utils.py:Relaxation time: 217.2219800427556
INFO:/users/sgsrehm1/COMP702_BeyondAF/code/COMP390_code/openfold/openfold/utils/script_utils.py:Relaxed output written to /users/sgsrehm1/fastscratch/COMP702_ep32_inference/runs/4bp8_ep32_relaxed_100_9827077/repeat_38/predictions/4bp8_A_model_1_relaxed.pdb...
/users/sgsrehm1/COMP702_BeyondAF/code/COMP390_code/openfold/openfold/utils/script_utils.py:131: FutureWarning: You are using `torch.load` with `weights_only=False` (the current default value), which uses the default pickle module implicitly. It is possible to construct malicious pickle data which will execute arbitrary code during unpickling (See https://github.com/pytorch/pytorch/blob/main/SECURITY.md#untrusted-models for more details). In a future release, the default value for `weights_only` will be flipped to `True`. This limits the functions that could be executed during unpickling. Arbitrary objects will no longer be allowed to be loaded via this mode unless they are explicitly allowlisted by the user via `torch.serialization.add_safe_globals`. We recommend you start setting `weights_only=True` for any use case where you don't have full control of the loaded file. Please open an issue on GitHub for any issues related to this experimental feature.
  d = torch.load(ckpt_path)
INFO:/users/sgsrehm1/COMP702_BeyondAF/code/COMP390_code/openfold/openfold/utils/script_utils.py:Loaded OpenFold parameters at /users/sgsrehm1/COMP702_BeyondAF/code/COMP390_code/checkpoints/run_subset_gpu32_h100_ep33/csv_logs/version_0/checkpoints/32-330000.ckpt...
INFO:/users/sgsrehm1/COMP702_BeyondAF/code/COMP390_code/openfold/run_pretrained_openfold.py:Using precomputed alignments for 4bp8_A at /users/sgsrehm1/scratch/openfold_inference/alignments_cf...
INFO:/users/sgsrehm1/COMP702_BeyondAF/code/COMP390_code/openfold/openfold/utils/script_utils.py:Running inference for 4bp8_A...
INFO:/users/sgsrehm1/COMP702_BeyondAF/code/COMP390_code/openfold/openfold/utils/script_utils.py:Inference time: 45.49308170378208
/users/sgsrehm1/COMP702_BeyondAF/code/COMP390_code/openfold/run_pretrained_openfold.py:351: DeprecationWarning: __array__ implementation doesn't accept a copy keyword, so passing copy=False failed. __array__ must implement 'dtype' and 'copy' keyword arguments. To learn more, see the migration guide https://numpy.org/devdocs/numpy_2_0_migration_guide.html#adapting-to-changes-in-the-copy-keyword
  lambda x: np.array(x[..., -1].cpu()),
/users/sgsrehm1/COMP702_BeyondAF/code/COMP390_code/openfold/run_pretrained_openfold.py:354: DeprecationWarning: __array__ implementation doesn't accept a copy keyword, so passing copy=False failed. __array__ must implement 'dtype' and 'copy' keyword arguments. To learn more, see the migration guide https://numpy.org/devdocs/numpy_2_0_migration_guide.html#adapting-to-changes-in-the-copy-keyword
  out = tensor_tree_map(lambda x: np.array(x.cpu()), out)
INFO:/users/sgsrehm1/COMP702_BeyondAF/code/COMP390_code/openfold/run_pretrained_openfold.py:Output written to /users/sgsrehm1/fastscratch/COMP702_ep32_inference/runs/4bp8_ep32_relaxed_100_9827077/repeat_39/predictions/4bp8_A_model_1_unrelaxed.pdb...
INFO:/users/sgsrehm1/COMP702_BeyondAF/code/COMP390_code/openfold/run_pretrained_openfold.py:Running relaxation on /users/sgsrehm1/fastscratch/COMP702_ep32_inference/runs/4bp8_ep32_relaxed_100_9827077/repeat_39/predictions/4bp8_A_model_1_unrelaxed.pdb...
INFO:/users/sgsrehm1/COMP702_BeyondAF/code/COMP390_code/openfold/openfold/utils/script_utils.py:Relaxation time: 219.5081607112661
INFO:/users/sgsrehm1/COMP702_BeyondAF/code/COMP390_code/openfold/openfold/utils/script_utils.py:Relaxed output written to /users/sgsrehm1/fastscratch/COMP702_ep32_inference/runs/4bp8_ep32_relaxed_100_9827077/repeat_39/predictions/4bp8_A_model_1_relaxed.pdb...
/users/sgsrehm1/COMP702_BeyondAF/code/COMP390_code/openfold/openfold/utils/script_utils.py:131: FutureWarning: You are using `torch.load` with `weights_only=False` (the current default value), which uses the default pickle module implicitly. It is possible to construct malicious pickle data which will execute arbitrary code during unpickling (See https://github.com/pytorch/pytorch/blob/main/SECURITY.md#untrusted-models for more details). In a future release, the default value for `weights_only` will be flipped to `True`. This limits the functions that could be executed during unpickling. Arbitrary objects will no longer be allowed to be loaded via this mode unless they are explicitly allowlisted by the user via `torch.serialization.add_safe_globals`. We recommend you start setting `weights_only=True` for any use case where you don't have full control of the loaded file. Please open an issue on GitHub for any issues related to this experimental feature.
  d = torch.load(ckpt_path)
INFO:/users/sgsrehm1/COMP702_BeyondAF/code/COMP390_code/openfold/openfold/utils/script_utils.py:Loaded OpenFold parameters at /users/sgsrehm1/COMP702_BeyondAF/code/COMP390_code/checkpoints/run_subset_gpu32_h100_ep33/csv_logs/version_0/checkpoints/32-330000.ckpt...
INFO:/users/sgsrehm1/COMP702_BeyondAF/code/COMP390_code/openfold/run_pretrained_openfold.py:Using precomputed alignments for 4bp8_A at /users/sgsrehm1/scratch/openfold_inference/alignments_cf...
INFO:/users/sgsrehm1/COMP702_BeyondAF/code/COMP390_code/openfold/openfold/utils/script_utils.py:Running inference for 4bp8_A...
INFO:/users/sgsrehm1/COMP702_BeyondAF/code/COMP390_code/openfold/openfold/utils/script_utils.py:Inference time: 45.41598898265511
/users/sgsrehm1/COMP702_BeyondAF/code/COMP390_code/openfold/run_pretrained_openfold.py:351: DeprecationWarning: __array__ implementation doesn't accept a copy keyword, so passing copy=False failed. __array__ must implement 'dtype' and 'copy' keyword arguments. To learn more, see the migration guide https://numpy.org/devdocs/numpy_2_0_migration_guide.html#adapting-to-changes-in-the-copy-keyword
  lambda x: np.array(x[..., -1].cpu()),
/users/sgsrehm1/COMP702_BeyondAF/code/COMP390_code/openfold/run_pretrained_openfold.py:354: DeprecationWarning: __array__ implementation doesn't accept a copy keyword, so passing copy=False failed. __array__ must implement 'dtype' and 'copy' keyword arguments. To learn more, see the migration guide https://numpy.org/devdocs/numpy_2_0_migration_guide.html#adapting-to-changes-in-the-copy-keyword
  out = tensor_tree_map(lambda x: np.array(x.cpu()), out)
INFO:/users/sgsrehm1/COMP702_BeyondAF/code/COMP390_code/openfold/run_pretrained_openfold.py:Output written to /users/sgsrehm1/fastscratch/COMP702_ep32_inference/runs/4bp8_ep32_relaxed_100_9827077/repeat_40/predictions/4bp8_A_model_1_unrelaxed.pdb...
INFO:/users/sgsrehm1/COMP702_BeyondAF/code/COMP390_code/openfold/run_pretrained_openfold.py:Running relaxation on /users/sgsrehm1/fastscratch/COMP702_ep32_inference/runs/4bp8_ep32_relaxed_100_9827077/repeat_40/predictions/4bp8_A_model_1_unrelaxed.pdb...
INFO:/users/sgsrehm1/COMP702_BeyondAF/code/COMP390_code/openfold/openfold/utils/script_utils.py:Relaxation time: 219.63191772531718
INFO:/users/sgsrehm1/COMP702_BeyondAF/code/COMP390_code/openfold/openfold/utils/script_utils.py:Relaxed output written to /users/sgsrehm1/fastscratch/COMP702_ep32_inference/runs/4bp8_ep32_relaxed_100_9827077/repeat_40/predictions/4bp8_A_model_1_relaxed.pdb...
/users/sgsrehm1/COMP702_BeyondAF/code/COMP390_code/openfold/openfold/utils/script_utils.py:131: FutureWarning: You are using `torch.load` with `weights_only=False` (the current default value), which uses the default pickle module implicitly. It is possible to construct malicious pickle data which will execute arbitrary code during unpickling (See https://github.com/pytorch/pytorch/blob/main/SECURITY.md#untrusted-models for more details). In a future release, the default value for `weights_only` will be flipped to `True`. This limits the functions that could be executed during unpickling. Arbitrary objects will no longer be allowed to be loaded via this mode unless they are explicitly allowlisted by the user via `torch.serialization.add_safe_globals`. We recommend you start setting `weights_only=True` for any use case where you don't have full control of the loaded file. Please open an issue on GitHub for any issues related to this experimental feature.
  d = torch.load(ckpt_path)
INFO:/users/sgsrehm1/COMP702_BeyondAF/code/COMP390_code/openfold/openfold/utils/script_utils.py:Loaded OpenFold parameters at /users/sgsrehm1/COMP702_BeyondAF/code/COMP390_code/checkpoints/run_subset_gpu32_h100_ep33/csv_logs/version_0/checkpoints/32-330000.ckpt...
INFO:/users/sgsrehm1/COMP702_BeyondAF/code/COMP390_code/openfold/run_pretrained_openfold.py:Using precomputed alignments for 4bp8_A at /users/sgsrehm1/scratch/openfold_inference/alignments_cf...
INFO:/users/sgsrehm1/COMP702_BeyondAF/code/COMP390_code/openfold/openfold/utils/script_utils.py:Running inference for 4bp8_A...
INFO:/users/sgsrehm1/COMP702_BeyondAF/code/COMP390_code/openfold/openfold/utils/script_utils.py:Inference time: 45.44516966212541
/users/sgsrehm1/COMP702_BeyondAF/code/COMP390_code/openfold/run_pretrained_openfold.py:351: DeprecationWarning: __array__ implementation doesn't accept a copy keyword, so passing copy=False failed. __array__ must implement 'dtype' and 'copy' keyword arguments. To learn more, see the migration guide https://numpy.org/devdocs/numpy_2_0_migration_guide.html#adapting-to-changes-in-the-copy-keyword
  lambda x: np.array(x[..., -1].cpu()),
/users/sgsrehm1/COMP702_BeyondAF/code/COMP390_code/openfold/run_pretrained_openfold.py:354: DeprecationWarning: __array__ implementation doesn't accept a copy keyword, so passing copy=False failed. __array__ must implement 'dtype' and 'copy' keyword arguments. To learn more, see the migration guide https://numpy.org/devdocs/numpy_2_0_migration_guide.html#adapting-to-changes-in-the-copy-keyword
  out = tensor_tree_map(lambda x: np.array(x.cpu()), out)
INFO:/users/sgsrehm1/COMP702_BeyondAF/code/COMP390_code/openfold/run_pretrained_openfold.py:Output written to /users/sgsrehm1/fastscratch/COMP702_ep32_inference/runs/4bp8_ep32_relaxed_100_9827077/repeat_41/predictions/4bp8_A_model_1_unrelaxed.pdb...
INFO:/users/sgsrehm1/COMP702_BeyondAF/code/COMP390_code/openfold/run_pretrained_openfold.py:Running relaxation on /users/sgsrehm1/fastscratch/COMP702_ep32_inference/runs/4bp8_ep32_relaxed_100_9827077/repeat_41/predictions/4bp8_A_model_1_unrelaxed.pdb...
INFO:/users/sgsrehm1/COMP702_BeyondAF/code/COMP390_code/openfold/openfold/utils/script_utils.py:Relaxation time: 216.7093841386959
INFO:/users/sgsrehm1/COMP702_BeyondAF/code/COMP390_code/openfold/openfold/utils/script_utils.py:Relaxed output written to /users/sgsrehm1/fastscratch/COMP702_ep32_inference/runs/4bp8_ep32_relaxed_100_9827077/repeat_41/predictions/4bp8_A_model_1_relaxed.pdb...
/users/sgsrehm1/COMP702_BeyondAF/code/COMP390_code/openfold/openfold/utils/script_utils.py:131: FutureWarning: You are using `torch.load` with `weights_only=False` (the current default value), which uses the default pickle module implicitly. It is possible to construct malicious pickle data which will execute arbitrary code during unpickling (See https://github.com/pytorch/pytorch/blob/main/SECURITY.md#untrusted-models for more details). In a future release, the default value for `weights_only` will be flipped to `True`. This limits the functions that could be executed during unpickling. Arbitrary objects will no longer be allowed to be loaded via this mode unless they are explicitly allowlisted by the user via `torch.serialization.add_safe_globals`. We recommend you start setting `weights_only=True` for any use case where you don't have full control of the loaded file. Please open an issue on GitHub for any issues related to this experimental feature.
  d = torch.load(ckpt_path)
INFO:/users/sgsrehm1/COMP702_BeyondAF/code/COMP390_code/openfold/openfold/utils/script_utils.py:Loaded OpenFold parameters at /users/sgsrehm1/COMP702_BeyondAF/code/COMP390_code/checkpoints/run_subset_gpu32_h100_ep33/csv_logs/version_0/checkpoints/32-330000.ckpt...
INFO:/users/sgsrehm1/COMP702_BeyondAF/code/COMP390_code/openfold/run_pretrained_openfold.py:Using precomputed alignments for 4bp8_A at /users/sgsrehm1/scratch/openfold_inference/alignments_cf...
INFO:/users/sgsrehm1/COMP702_BeyondAF/code/COMP390_code/openfold/openfold/utils/script_utils.py:Running inference for 4bp8_A...
INFO:/users/sgsrehm1/COMP702_BeyondAF/code/COMP390_code/openfold/openfold/utils/script_utils.py:Inference time: 45.4564970349893
/users/sgsrehm1/COMP702_BeyondAF/code/COMP390_code/openfold/run_pretrained_openfold.py:351: DeprecationWarning: __array__ implementation doesn't accept a copy keyword, so passing copy=False failed. __array__ must implement 'dtype' and 'copy' keyword arguments. To learn more, see the migration guide https://numpy.org/devdocs/numpy_2_0_migration_guide.html#adapting-to-changes-in-the-copy-keyword
  lambda x: np.array(x[..., -1].cpu()),
/users/sgsrehm1/COMP702_BeyondAF/code/COMP390_code/openfold/run_pretrained_openfold.py:354: DeprecationWarning: __array__ implementation doesn't accept a copy keyword, so passing copy=False failed. __array__ must implement 'dtype' and 'copy' keyword arguments. To learn more, see the migration guide https://numpy.org/devdocs/numpy_2_0_migration_guide.html#adapting-to-changes-in-the-copy-keyword
  out = tensor_tree_map(lambda x: np.array(x.cpu()), out)
INFO:/users/sgsrehm1/COMP702_BeyondAF/code/COMP390_code/openfold/run_pretrained_openfold.py:Output written to /users/sgsrehm1/fastscratch/COMP702_ep32_inference/runs/4bp8_ep32_relaxed_100_9827077/repeat_42/predictions/4bp8_A_model_1_unrelaxed.pdb...
INFO:/users/sgsrehm1/COMP702_BeyondAF/code/COMP390_code/openfold/run_pretrained_openfold.py:Running relaxation on /users/sgsrehm1/fastscratch/COMP702_ep32_inference/runs/4bp8_ep32_relaxed_100_9827077/repeat_42/predictions/4bp8_A_model_1_unrelaxed.pdb...
INFO:/users/sgsrehm1/COMP702_BeyondAF/code/COMP390_code/openfold/openfold/utils/script_utils.py:Relaxation time: 210.8099368326366
INFO:/users/sgsrehm1/COMP702_BeyondAF/code/COMP390_code/openfold/openfold/utils/script_utils.py:Relaxed output written to /users/sgsrehm1/fastscratch/COMP702_ep32_inference/runs/4bp8_ep32_relaxed_100_9827077/repeat_42/predictions/4bp8_A_model_1_relaxed.pdb...
/users/sgsrehm1/COMP702_BeyondAF/code/COMP390_code/openfold/openfold/utils/script_utils.py:131: FutureWarning: You are using `torch.load` with `weights_only=False` (the current default value), which uses the default pickle module implicitly. It is possible to construct malicious pickle data which will execute arbitrary code during unpickling (See https://github.com/pytorch/pytorch/blob/main/SECURITY.md#untrusted-models for more details). In a future release, the default value for `weights_only` will be flipped to `True`. This limits the functions that could be executed during unpickling. Arbitrary objects will no longer be allowed to be loaded via this mode unless they are explicitly allowlisted by the user via `torch.serialization.add_safe_globals`. We recommend you start setting `weights_only=True` for any use case where you don't have full control of the loaded file. Please open an issue on GitHub for any issues related to this experimental feature.
  d = torch.load(ckpt_path)
INFO:/users/sgsrehm1/COMP702_BeyondAF/code/COMP390_code/openfold/openfold/utils/script_utils.py:Loaded OpenFold parameters at /users/sgsrehm1/COMP702_BeyondAF/code/COMP390_code/checkpoints/run_subset_gpu32_h100_ep33/csv_logs/version_0/checkpoints/32-330000.ckpt...
INFO:/users/sgsrehm1/COMP702_BeyondAF/code/COMP390_code/openfold/run_pretrained_openfold.py:Using precomputed alignments for 4bp8_A at /users/sgsrehm1/scratch/openfold_inference/alignments_cf...
INFO:/users/sgsrehm1/COMP702_BeyondAF/code/COMP390_code/openfold/openfold/utils/script_utils.py:Running inference for 4bp8_A...
INFO:/users/sgsrehm1/COMP702_BeyondAF/code/COMP390_code/openfold/openfold/utils/script_utils.py:Inference time: 45.42126904707402
/users/sgsrehm1/COMP702_BeyondAF/code/COMP390_code/openfold/run_pretrained_openfold.py:351: DeprecationWarning: __array__ implementation doesn't accept a copy keyword, so passing copy=False failed. __array__ must implement 'dtype' and 'copy' keyword arguments. To learn more, see the migration guide https://numpy.org/devdocs/numpy_2_0_migration_guide.html#adapting-to-changes-in-the-copy-keyword
  lambda x: np.array(x[..., -1].cpu()),
/users/sgsrehm1/COMP702_BeyondAF/code/COMP390_code/openfold/run_pretrained_openfold.py:354: DeprecationWarning: __array__ implementation doesn't accept a copy keyword, so passing copy=False failed. __array__ must implement 'dtype' and 'copy' keyword arguments. To learn more, see the migration guide https://numpy.org/devdocs/numpy_2_0_migration_guide.html#adapting-to-changes-in-the-copy-keyword
  out = tensor_tree_map(lambda x: np.array(x.cpu()), out)
INFO:/users/sgsrehm1/COMP702_BeyondAF/code/COMP390_code/openfold/run_pretrained_openfold.py:Output written to /users/sgsrehm1/fastscratch/COMP702_ep32_inference/runs/4bp8_ep32_relaxed_100_9827077/repeat_43/predictions/4bp8_A_model_1_unrelaxed.pdb...
INFO:/users/sgsrehm1/COMP702_BeyondAF/code/COMP390_code/openfold/run_pretrained_openfold.py:Running relaxation on /users/sgsrehm1/fastscratch/COMP702_ep32_inference/runs/4bp8_ep32_relaxed_100_9827077/repeat_43/predictions/4bp8_A_model_1_unrelaxed.pdb...
INFO:/users/sgsrehm1/COMP702_BeyondAF/code/COMP390_code/openfold/openfold/utils/script_utils.py:Relaxation time: 56.98332539200783
INFO:/users/sgsrehm1/COMP702_BeyondAF/code/COMP390_code/openfold/openfold/utils/script_utils.py:Relaxed output written to /users/sgsrehm1/fastscratch/COMP702_ep32_inference/runs/4bp8_ep32_relaxed_100_9827077/repeat_43/predictions/4bp8_A_model_1_relaxed.pdb...
/users/sgsrehm1/COMP702_BeyondAF/code/COMP390_code/openfold/openfold/utils/script_utils.py:131: FutureWarning: You are using `torch.load` with `weights_only=False` (the current default value), which uses the default pickle module implicitly. It is possible to construct malicious pickle data which will execute arbitrary code during unpickling (See https://github.com/pytorch/pytorch/blob/main/SECURITY.md#untrusted-models for more details). In a future release, the default value for `weights_only` will be flipped to `True`. This limits the functions that could be executed during unpickling. Arbitrary objects will no longer be allowed to be loaded via this mode unless they are explicitly allowlisted by the user via `torch.serialization.add_safe_globals`. We recommend you start setting `weights_only=True` for any use case where you don't have full control of the loaded file. Please open an issue on GitHub for any issues related to this experimental feature.
  d = torch.load(ckpt_path)
INFO:/users/sgsrehm1/COMP702_BeyondAF/code/COMP390_code/openfold/openfold/utils/script_utils.py:Loaded OpenFold parameters at /users/sgsrehm1/COMP702_BeyondAF/code/COMP390_code/checkpoints/run_subset_gpu32_h100_ep33/csv_logs/version_0/checkpoints/32-330000.ckpt...
INFO:/users/sgsrehm1/COMP702_BeyondAF/code/COMP390_code/openfold/run_pretrained_openfold.py:Using precomputed alignments for 4bp8_A at /users/sgsrehm1/scratch/openfold_inference/alignments_cf...
INFO:/users/sgsrehm1/COMP702_BeyondAF/code/COMP390_code/openfold/openfold/utils/script_utils.py:Running inference for 4bp8_A...
INFO:/users/sgsrehm1/COMP702_BeyondAF/code/COMP390_code/openfold/openfold/utils/script_utils.py:Inference time: 45.44750852603465
/users/sgsrehm1/COMP702_BeyondAF/code/COMP390_code/openfold/run_pretrained_openfold.py:351: DeprecationWarning: __array__ implementation doesn't accept a copy keyword, so passing copy=False failed. __array__ must implement 'dtype' and 'copy' keyword arguments. To learn more, see the migration guide https://numpy.org/devdocs/numpy_2_0_migration_guide.html#adapting-to-changes-in-the-copy-keyword
  lambda x: np.array(x[..., -1].cpu()),
/users/sgsrehm1/COMP702_BeyondAF/code/COMP390_code/openfold/run_pretrained_openfold.py:354: DeprecationWarning: __array__ implementation doesn't accept a copy keyword, so passing copy=False failed. __array__ must implement 'dtype' and 'copy' keyword arguments. To learn more, see the migration guide https://numpy.org/devdocs/numpy_2_0_migration_guide.html#adapting-to-changes-in-the-copy-keyword
  out = tensor_tree_map(lambda x: np.array(x.cpu()), out)
INFO:/users/sgsrehm1/COMP702_BeyondAF/code/COMP390_code/openfold/run_pretrained_openfold.py:Output written to /users/sgsrehm1/fastscratch/COMP702_ep32_inference/runs/4bp8_ep32_relaxed_100_9827077/repeat_44/predictions/4bp8_A_model_1_unrelaxed.pdb...
INFO:/users/sgsrehm1/COMP702_BeyondAF/code/COMP390_code/openfold/run_pretrained_openfold.py:Running relaxation on /users/sgsrehm1/fastscratch/COMP702_ep32_inference/runs/4bp8_ep32_relaxed_100_9827077/repeat_44/predictions/4bp8_A_model_1_unrelaxed.pdb...
INFO:/users/sgsrehm1/COMP702_BeyondAF/code/COMP390_code/openfold/openfold/utils/script_utils.py:Relaxation time: 213.2312286645174
INFO:/users/sgsrehm1/COMP702_BeyondAF/code/COMP390_code/openfold/openfold/utils/script_utils.py:Relaxed output written to /users/sgsrehm1/fastscratch/COMP702_ep32_inference/runs/4bp8_ep32_relaxed_100_9827077/repeat_44/predictions/4bp8_A_model_1_relaxed.pdb...
/users/sgsrehm1/COMP702_BeyondAF/code/COMP390_code/openfold/openfold/utils/script_utils.py:131: FutureWarning: You are using `torch.load` with `weights_only=False` (the current default value), which uses the default pickle module implicitly. It is possible to construct malicious pickle data which will execute arbitrary code during unpickling (See https://github.com/pytorch/pytorch/blob/main/SECURITY.md#untrusted-models for more details). In a future release, the default value for `weights_only` will be flipped to `True`. This limits the functions that could be executed during unpickling. Arbitrary objects will no longer be allowed to be loaded via this mode unless they are explicitly allowlisted by the user via `torch.serialization.add_safe_globals`. We recommend you start setting `weights_only=True` for any use case where you don't have full control of the loaded file. Please open an issue on GitHub for any issues related to this experimental feature.
  d = torch.load(ckpt_path)
INFO:/users/sgsrehm1/COMP702_BeyondAF/code/COMP390_code/openfold/openfold/utils/script_utils.py:Loaded OpenFold parameters at /users/sgsrehm1/COMP702_BeyondAF/code/COMP390_code/checkpoints/run_subset_gpu32_h100_ep33/csv_logs/version_0/checkpoints/32-330000.ckpt...
INFO:/users/sgsrehm1/COMP702_BeyondAF/code/COMP390_code/openfold/run_pretrained_openfold.py:Using precomputed alignments for 4bp8_A at /users/sgsrehm1/scratch/openfold_inference/alignments_cf...
INFO:/users/sgsrehm1/COMP702_BeyondAF/code/COMP390_code/openfold/openfold/utils/script_utils.py:Running inference for 4bp8_A...
INFO:/users/sgsrehm1/COMP702_BeyondAF/code/COMP390_code/openfold/openfold/utils/script_utils.py:Inference time: 45.42961004655808
/users/sgsrehm1/COMP702_BeyondAF/code/COMP390_code/openfold/run_pretrained_openfold.py:351: DeprecationWarning: __array__ implementation doesn't accept a copy keyword, so passing copy=False failed. __array__ must implement 'dtype' and 'copy' keyword arguments. To learn more, see the migration guide https://numpy.org/devdocs/numpy_2_0_migration_guide.html#adapting-to-changes-in-the-copy-keyword
  lambda x: np.array(x[..., -1].cpu()),
/users/sgsrehm1/COMP702_BeyondAF/code/COMP390_code/openfold/run_pretrained_openfold.py:354: DeprecationWarning: __array__ implementation doesn't accept a copy keyword, so passing copy=False failed. __array__ must implement 'dtype' and 'copy' keyword arguments. To learn more, see the migration guide https://numpy.org/devdocs/numpy_2_0_migration_guide.html#adapting-to-changes-in-the-copy-keyword
  out = tensor_tree_map(lambda x: np.array(x.cpu()), out)
INFO:/users/sgsrehm1/COMP702_BeyondAF/code/COMP390_code/openfold/run_pretrained_openfold.py:Output written to /users/sgsrehm1/fastscratch/COMP702_ep32_inference/runs/4bp8_ep32_relaxed_100_9827077/repeat_45/predictions/4bp8_A_model_1_unrelaxed.pdb...
INFO:/users/sgsrehm1/COMP702_BeyondAF/code/COMP390_code/openfold/run_pretrained_openfold.py:Running relaxation on /users/sgsrehm1/fastscratch/COMP702_ep32_inference/runs/4bp8_ep32_relaxed_100_9827077/repeat_45/predictions/4bp8_A_model_1_unrelaxed.pdb...
INFO:/users/sgsrehm1/COMP702_BeyondAF/code/COMP390_code/openfold/openfold/utils/script_utils.py:Relaxation time: 219.02424721140414
INFO:/users/sgsrehm1/COMP702_BeyondAF/code/COMP390_code/openfold/openfold/utils/script_utils.py:Relaxed output written to /users/sgsrehm1/fastscratch/COMP702_ep32_inference/runs/4bp8_ep32_relaxed_100_9827077/repeat_45/predictions/4bp8_A_model_1_relaxed.pdb...
/users/sgsrehm1/COMP702_BeyondAF/code/COMP390_code/openfold/openfold/utils/script_utils.py:131: FutureWarning: You are using `torch.load` with `weights_only=False` (the current default value), which uses the default pickle module implicitly. It is possible to construct malicious pickle data which will execute arbitrary code during unpickling (See https://github.com/pytorch/pytorch/blob/main/SECURITY.md#untrusted-models for more details). In a future release, the default value for `weights_only` will be flipped to `True`. This limits the functions that could be executed during unpickling. Arbitrary objects will no longer be allowed to be loaded via this mode unless they are explicitly allowlisted by the user via `torch.serialization.add_safe_globals`. We recommend you start setting `weights_only=True` for any use case where you don't have full control of the loaded file. Please open an issue on GitHub for any issues related to this experimental feature.
  d = torch.load(ckpt_path)
INFO:/users/sgsrehm1/COMP702_BeyondAF/code/COMP390_code/openfold/openfold/utils/script_utils.py:Loaded OpenFold parameters at /users/sgsrehm1/COMP702_BeyondAF/code/COMP390_code/checkpoints/run_subset_gpu32_h100_ep33/csv_logs/version_0/checkpoints/32-330000.ckpt...
INFO:/users/sgsrehm1/COMP702_BeyondAF/code/COMP390_code/openfold/run_pretrained_openfold.py:Using precomputed alignments for 4bp8_A at /users/sgsrehm1/scratch/openfold_inference/alignments_cf...
INFO:/users/sgsrehm1/COMP702_BeyondAF/code/COMP390_code/openfold/openfold/utils/script_utils.py:Running inference for 4bp8_A...
INFO:/users/sgsrehm1/COMP702_BeyondAF/code/COMP390_code/openfold/openfold/utils/script_utils.py:Inference time: 45.42832635529339
/users/sgsrehm1/COMP702_BeyondAF/code/COMP390_code/openfold/run_pretrained_openfold.py:351: DeprecationWarning: __array__ implementation doesn't accept a copy keyword, so passing copy=False failed. __array__ must implement 'dtype' and 'copy' keyword arguments. To learn more, see the migration guide https://numpy.org/devdocs/numpy_2_0_migration_guide.html#adapting-to-changes-in-the-copy-keyword
  lambda x: np.array(x[..., -1].cpu()),
/users/sgsrehm1/COMP702_BeyondAF/code/COMP390_code/openfold/run_pretrained_openfold.py:354: DeprecationWarning: __array__ implementation doesn't accept a copy keyword, so passing copy=False failed. __array__ must implement 'dtype' and 'copy' keyword arguments. To learn more, see the migration guide https://numpy.org/devdocs/numpy_2_0_migration_guide.html#adapting-to-changes-in-the-copy-keyword
  out = tensor_tree_map(lambda x: np.array(x.cpu()), out)
INFO:/users/sgsrehm1/COMP702_BeyondAF/code/COMP390_code/openfold/run_pretrained_openfold.py:Output written to /users/sgsrehm1/fastscratch/COMP702_ep32_inference/runs/4bp8_ep32_relaxed_100_9827077/repeat_46/predictions/4bp8_A_model_1_unrelaxed.pdb...
INFO:/users/sgsrehm1/COMP702_BeyondAF/code/COMP390_code/openfold/run_pretrained_openfold.py:Running relaxation on /users/sgsrehm1/fastscratch/COMP702_ep32_inference/runs/4bp8_ep32_relaxed_100_9827077/repeat_46/predictions/4bp8_A_model_1_unrelaxed.pdb...
INFO:/users/sgsrehm1/COMP702_BeyondAF/code/COMP390_code/openfold/openfold/utils/script_utils.py:Relaxation time: 210.11174746323377
INFO:/users/sgsrehm1/COMP702_BeyondAF/code/COMP390_code/openfold/openfold/utils/script_utils.py:Relaxed output written to /users/sgsrehm1/fastscratch/COMP702_ep32_inference/runs/4bp8_ep32_relaxed_100_9827077/repeat_46/predictions/4bp8_A_model_1_relaxed.pdb...
/users/sgsrehm1/COMP702_BeyondAF/code/COMP390_code/openfold/openfold/utils/script_utils.py:131: FutureWarning: You are using `torch.load` with `weights_only=False` (the current default value), which uses the default pickle module implicitly. It is possible to construct malicious pickle data which will execute arbitrary code during unpickling (See https://github.com/pytorch/pytorch/blob/main/SECURITY.md#untrusted-models for more details). In a future release, the default value for `weights_only` will be flipped to `True`. This limits the functions that could be executed during unpickling. Arbitrary objects will no longer be allowed to be loaded via this mode unless they are explicitly allowlisted by the user via `torch.serialization.add_safe_globals`. We recommend you start setting `weights_only=True` for any use case where you don't have full control of the loaded file. Please open an issue on GitHub for any issues related to this experimental feature.
  d = torch.load(ckpt_path)
INFO:/users/sgsrehm1/COMP702_BeyondAF/code/COMP390_code/openfold/openfold/utils/script_utils.py:Loaded OpenFold parameters at /users/sgsrehm1/COMP702_BeyondAF/code/COMP390_code/checkpoints/run_subset_gpu32_h100_ep33/csv_logs/version_0/checkpoints/32-330000.ckpt...
INFO:/users/sgsrehm1/COMP702_BeyondAF/code/COMP390_code/openfold/run_pretrained_openfold.py:Using precomputed alignments for 4bp8_A at /users/sgsrehm1/scratch/openfold_inference/alignments_cf...
INFO:/users/sgsrehm1/COMP702_BeyondAF/code/COMP390_code/openfold/openfold/utils/script_utils.py:Running inference for 4bp8_A...
INFO:/users/sgsrehm1/COMP702_BeyondAF/code/COMP390_code/openfold/openfold/utils/script_utils.py:Inference time: 45.41270909458399
/users/sgsrehm1/COMP702_BeyondAF/code/COMP390_code/openfold/run_pretrained_openfold.py:351: DeprecationWarning: __array__ implementation doesn't accept a copy keyword, so passing copy=False failed. __array__ must implement 'dtype' and 'copy' keyword arguments. To learn more, see the migration guide https://numpy.org/devdocs/numpy_2_0_migration_guide.html#adapting-to-changes-in-the-copy-keyword
  lambda x: np.array(x[..., -1].cpu()),
/users/sgsrehm1/COMP702_BeyondAF/code/COMP390_code/openfold/run_pretrained_openfold.py:354: DeprecationWarning: __array__ implementation doesn't accept a copy keyword, so passing copy=False failed. __array__ must implement 'dtype' and 'copy' keyword arguments. To learn more, see the migration guide https://numpy.org/devdocs/numpy_2_0_migration_guide.html#adapting-to-changes-in-the-copy-keyword
  out = tensor_tree_map(lambda x: np.array(x.cpu()), out)
INFO:/users/sgsrehm1/COMP702_BeyondAF/code/COMP390_code/openfold/run_pretrained_openfold.py:Output written to /users/sgsrehm1/fastscratch/COMP702_ep32_inference/runs/4bp8_ep32_relaxed_100_9827077/repeat_47/predictions/4bp8_A_model_1_unrelaxed.pdb...
INFO:/users/sgsrehm1/COMP702_BeyondAF/code/COMP390_code/openfold/run_pretrained_openfold.py:Running relaxation on /users/sgsrehm1/fastscratch/COMP702_ep32_inference/runs/4bp8_ep32_relaxed_100_9827077/repeat_47/predictions/4bp8_A_model_1_unrelaxed.pdb...
INFO:/users/sgsrehm1/COMP702_BeyondAF/code/COMP390_code/openfold/openfold/utils/script_utils.py:Relaxation time: 215.7377841277048
INFO:/users/sgsrehm1/COMP702_BeyondAF/code/COMP390_code/openfold/openfold/utils/script_utils.py:Relaxed output written to /users/sgsrehm1/fastscratch/COMP702_ep32_inference/runs/4bp8_ep32_relaxed_100_9827077/repeat_47/predictions/4bp8_A_model_1_relaxed.pdb...
/users/sgsrehm1/COMP702_BeyondAF/code/COMP390_code/openfold/openfold/utils/script_utils.py:131: FutureWarning: You are using `torch.load` with `weights_only=False` (the current default value), which uses the default pickle module implicitly. It is possible to construct malicious pickle data which will execute arbitrary code during unpickling (See https://github.com/pytorch/pytorch/blob/main/SECURITY.md#untrusted-models for more details). In a future release, the default value for `weights_only` will be flipped to `True`. This limits the functions that could be executed during unpickling. Arbitrary objects will no longer be allowed to be loaded via this mode unless they are explicitly allowlisted by the user via `torch.serialization.add_safe_globals`. We recommend you start setting `weights_only=True` for any use case where you don't have full control of the loaded file. Please open an issue on GitHub for any issues related to this experimental feature.
  d = torch.load(ckpt_path)
INFO:/users/sgsrehm1/COMP702_BeyondAF/code/COMP390_code/openfold/openfold/utils/script_utils.py:Loaded OpenFold parameters at /users/sgsrehm1/COMP702_BeyondAF/code/COMP390_code/checkpoints/run_subset_gpu32_h100_ep33/csv_logs/version_0/checkpoints/32-330000.ckpt...
INFO:/users/sgsrehm1/COMP702_BeyondAF/code/COMP390_code/openfold/run_pretrained_openfold.py:Using precomputed alignments for 4bp8_A at /users/sgsrehm1/scratch/openfold_inference/alignments_cf...
INFO:/users/sgsrehm1/COMP702_BeyondAF/code/COMP390_code/openfold/openfold/utils/script_utils.py:Running inference for 4bp8_A...
INFO:/users/sgsrehm1/COMP702_BeyondAF/code/COMP390_code/openfold/openfold/utils/script_utils.py:Inference time: 45.40601319260895
/users/sgsrehm1/COMP702_BeyondAF/code/COMP390_code/openfold/run_pretrained_openfold.py:351: DeprecationWarning: __array__ implementation doesn't accept a copy keyword, so passing copy=False failed. __array__ must implement 'dtype' and 'copy' keyword arguments. To learn more, see the migration guide https://numpy.org/devdocs/numpy_2_0_migration_guide.html#adapting-to-changes-in-the-copy-keyword
  lambda x: np.array(x[..., -1].cpu()),
/users/sgsrehm1/COMP702_BeyondAF/code/COMP390_code/openfold/run_pretrained_openfold.py:354: DeprecationWarning: __array__ implementation doesn't accept a copy keyword, so passing copy=False failed. __array__ must implement 'dtype' and 'copy' keyword arguments. To learn more, see the migration guide https://numpy.org/devdocs/numpy_2_0_migration_guide.html#adapting-to-changes-in-the-copy-keyword
  out = tensor_tree_map(lambda x: np.array(x.cpu()), out)
INFO:/users/sgsrehm1/COMP702_BeyondAF/code/COMP390_code/openfold/run_pretrained_openfold.py:Output written to /users/sgsrehm1/fastscratch/COMP702_ep32_inference/runs/4bp8_ep32_relaxed_100_9827077/repeat_48/predictions/4bp8_A_model_1_unrelaxed.pdb...
INFO:/users/sgsrehm1/COMP702_BeyondAF/code/COMP390_code/openfold/run_pretrained_openfold.py:Running relaxation on /users/sgsrehm1/fastscratch/COMP702_ep32_inference/runs/4bp8_ep32_relaxed_100_9827077/repeat_48/predictions/4bp8_A_model_1_unrelaxed.pdb...
INFO:/users/sgsrehm1/COMP702_BeyondAF/code/COMP390_code/openfold/openfold/utils/script_utils.py:Relaxation time: 222.48285482730716
INFO:/users/sgsrehm1/COMP702_BeyondAF/code/COMP390_code/openfold/openfold/utils/script_utils.py:Relaxed output written to /users/sgsrehm1/fastscratch/COMP702_ep32_inference/runs/4bp8_ep32_relaxed_100_9827077/repeat_48/predictions/4bp8_A_model_1_relaxed.pdb...
/users/sgsrehm1/COMP702_BeyondAF/code/COMP390_code/openfold/openfold/utils/script_utils.py:131: FutureWarning: You are using `torch.load` with `weights_only=False` (the current default value), which uses the default pickle module implicitly. It is possible to construct malicious pickle data which will execute arbitrary code during unpickling (See https://github.com/pytorch/pytorch/blob/main/SECURITY.md#untrusted-models for more details). In a future release, the default value for `weights_only` will be flipped to `True`. This limits the functions that could be executed during unpickling. Arbitrary objects will no longer be allowed to be loaded via this mode unless they are explicitly allowlisted by the user via `torch.serialization.add_safe_globals`. We recommend you start setting `weights_only=True` for any use case where you don't have full control of the loaded file. Please open an issue on GitHub for any issues related to this experimental feature.
  d = torch.load(ckpt_path)
INFO:/users/sgsrehm1/COMP702_BeyondAF/code/COMP390_code/openfold/openfold/utils/script_utils.py:Loaded OpenFold parameters at /users/sgsrehm1/COMP702_BeyondAF/code/COMP390_code/checkpoints/run_subset_gpu32_h100_ep33/csv_logs/version_0/checkpoints/32-330000.ckpt...
INFO:/users/sgsrehm1/COMP702_BeyondAF/code/COMP390_code/openfold/run_pretrained_openfold.py:Using precomputed alignments for 4bp8_A at /users/sgsrehm1/scratch/openfold_inference/alignments_cf...
INFO:/users/sgsrehm1/COMP702_BeyondAF/code/COMP390_code/openfold/openfold/utils/script_utils.py:Running inference for 4bp8_A...
INFO:/users/sgsrehm1/COMP702_BeyondAF/code/COMP390_code/openfold/openfold/utils/script_utils.py:Inference time: 45.47000536136329
/users/sgsrehm1/COMP702_BeyondAF/code/COMP390_code/openfold/run_pretrained_openfold.py:351: DeprecationWarning: __array__ implementation doesn't accept a copy keyword, so passing copy=False failed. __array__ must implement 'dtype' and 'copy' keyword arguments. To learn more, see the migration guide https://numpy.org/devdocs/numpy_2_0_migration_guide.html#adapting-to-changes-in-the-copy-keyword
  lambda x: np.array(x[..., -1].cpu()),
/users/sgsrehm1/COMP702_BeyondAF/code/COMP390_code/openfold/run_pretrained_openfold.py:354: DeprecationWarning: __array__ implementation doesn't accept a copy keyword, so passing copy=False failed. __array__ must implement 'dtype' and 'copy' keyword arguments. To learn more, see the migration guide https://numpy.org/devdocs/numpy_2_0_migration_guide.html#adapting-to-changes-in-the-copy-keyword
  out = tensor_tree_map(lambda x: np.array(x.cpu()), out)
INFO:/users/sgsrehm1/COMP702_BeyondAF/code/COMP390_code/openfold/run_pretrained_openfold.py:Output written to /users/sgsrehm1/fastscratch/COMP702_ep32_inference/runs/4bp8_ep32_relaxed_100_9827077/repeat_49/predictions/4bp8_A_model_1_unrelaxed.pdb...
INFO:/users/sgsrehm1/COMP702_BeyondAF/code/COMP390_code/openfold/run_pretrained_openfold.py:Running relaxation on /users/sgsrehm1/fastscratch/COMP702_ep32_inference/runs/4bp8_ep32_relaxed_100_9827077/repeat_49/predictions/4bp8_A_model_1_unrelaxed.pdb...
INFO:/users/sgsrehm1/COMP702_BeyondAF/code/COMP390_code/openfold/openfold/utils/script_utils.py:Relaxation time: 47.466497358866036
INFO:/users/sgsrehm1/COMP702_BeyondAF/code/COMP390_code/openfold/openfold/utils/script_utils.py:Relaxed output written to /users/sgsrehm1/fastscratch/COMP702_ep32_inference/runs/4bp8_ep32_relaxed_100_9827077/repeat_49/predictions/4bp8_A_model_1_relaxed.pdb...
/users/sgsrehm1/COMP702_BeyondAF/code/COMP390_code/openfold/openfold/utils/script_utils.py:131: FutureWarning: You are using `torch.load` with `weights_only=False` (the current default value), which uses the default pickle module implicitly. It is possible to construct malicious pickle data which will execute arbitrary code during unpickling (See https://github.com/pytorch/pytorch/blob/main/SECURITY.md#untrusted-models for more details). In a future release, the default value for `weights_only` will be flipped to `True`. This limits the functions that could be executed during unpickling. Arbitrary objects will no longer be allowed to be loaded via this mode unless they are explicitly allowlisted by the user via `torch.serialization.add_safe_globals`. We recommend you start setting `weights_only=True` for any use case where you don't have full control of the loaded file. Please open an issue on GitHub for any issues related to this experimental feature.
  d = torch.load(ckpt_path)
INFO:/users/sgsrehm1/COMP702_BeyondAF/code/COMP390_code/openfold/openfold/utils/script_utils.py:Loaded OpenFold parameters at /users/sgsrehm1/COMP702_BeyondAF/code/COMP390_code/checkpoints/run_subset_gpu32_h100_ep33/csv_logs/version_0/checkpoints/32-330000.ckpt...
INFO:/users/sgsrehm1/COMP702_BeyondAF/code/COMP390_code/openfold/run_pretrained_openfold.py:Using precomputed alignments for 4bp8_A at /users/sgsrehm1/scratch/openfold_inference/alignments_cf...
INFO:/users/sgsrehm1/COMP702_BeyondAF/code/COMP390_code/openfold/openfold/utils/script_utils.py:Running inference for 4bp8_A...
INFO:/users/sgsrehm1/COMP702_BeyondAF/code/COMP390_code/openfold/openfold/utils/script_utils.py:Inference time: 45.44981737062335
/users/sgsrehm1/COMP702_BeyondAF/code/COMP390_code/openfold/run_pretrained_openfold.py:351: DeprecationWarning: __array__ implementation doesn't accept a copy keyword, so passing copy=False failed. __array__ must implement 'dtype' and 'copy' keyword arguments. To learn more, see the migration guide https://numpy.org/devdocs/numpy_2_0_migration_guide.html#adapting-to-changes-in-the-copy-keyword
  lambda x: np.array(x[..., -1].cpu()),
/users/sgsrehm1/COMP702_BeyondAF/code/COMP390_code/openfold/run_pretrained_openfold.py:354: DeprecationWarning: __array__ implementation doesn't accept a copy keyword, so passing copy=False failed. __array__ must implement 'dtype' and 'copy' keyword arguments. To learn more, see the migration guide https://numpy.org/devdocs/numpy_2_0_migration_guide.html#adapting-to-changes-in-the-copy-keyword
  out = tensor_tree_map(lambda x: np.array(x.cpu()), out)
INFO:/users/sgsrehm1/COMP702_BeyondAF/code/COMP390_code/openfold/run_pretrained_openfold.py:Output written to /users/sgsrehm1/fastscratch/COMP702_ep32_inference/runs/4bp8_ep32_relaxed_100_9827077/repeat_50/predictions/4bp8_A_model_1_unrelaxed.pdb...
INFO:/users/sgsrehm1/COMP702_BeyondAF/code/COMP390_code/openfold/run_pretrained_openfold.py:Running relaxation on /users/sgsrehm1/fastscratch/COMP702_ep32_inference/runs/4bp8_ep32_relaxed_100_9827077/repeat_50/predictions/4bp8_A_model_1_unrelaxed.pdb...
INFO:/users/sgsrehm1/COMP702_BeyondAF/code/COMP390_code/openfold/openfold/utils/script_utils.py:Relaxation time: 216.1901700720191
INFO:/users/sgsrehm1/COMP702_BeyondAF/code/COMP390_code/openfold/openfold/utils/script_utils.py:Relaxed output written to /users/sgsrehm1/fastscratch/COMP702_ep32_inference/runs/4bp8_ep32_relaxed_100_9827077/repeat_50/predictions/4bp8_A_model_1_relaxed.pdb...
/users/sgsrehm1/COMP702_BeyondAF/code/COMP390_code/openfold/openfold/utils/script_utils.py:131: FutureWarning: You are using `torch.load` with `weights_only=False` (the current default value), which uses the default pickle module implicitly. It is possible to construct malicious pickle data which will execute arbitrary code during unpickling (See https://github.com/pytorch/pytorch/blob/main/SECURITY.md#untrusted-models for more details). In a future release, the default value for `weights_only` will be flipped to `True`. This limits the functions that could be executed during unpickling. Arbitrary objects will no longer be allowed to be loaded via this mode unless they are explicitly allowlisted by the user via `torch.serialization.add_safe_globals`. We recommend you start setting `weights_only=True` for any use case where you don't have full control of the loaded file. Please open an issue on GitHub for any issues related to this experimental feature.
  d = torch.load(ckpt_path)
INFO:/users/sgsrehm1/COMP702_BeyondAF/code/COMP390_code/openfold/openfold/utils/script_utils.py:Loaded OpenFold parameters at /users/sgsrehm1/COMP702_BeyondAF/code/COMP390_code/checkpoints/run_subset_gpu32_h100_ep33/csv_logs/version_0/checkpoints/32-330000.ckpt...
INFO:/users/sgsrehm1/COMP702_BeyondAF/code/COMP390_code/openfold/run_pretrained_openfold.py:Using precomputed alignments for 4bp8_A at /users/sgsrehm1/scratch/openfold_inference/alignments_cf...
INFO:/users/sgsrehm1/COMP702_BeyondAF/code/COMP390_code/openfold/openfold/utils/script_utils.py:Running inference for 4bp8_A...
INFO:/users/sgsrehm1/COMP702_BeyondAF/code/COMP390_code/openfold/openfold/utils/script_utils.py:Inference time: 45.45234654471278
/users/sgsrehm1/COMP702_BeyondAF/code/COMP390_code/openfold/run_pretrained_openfold.py:351: DeprecationWarning: __array__ implementation doesn't accept a copy keyword, so passing copy=False failed. __array__ must implement 'dtype' and 'copy' keyword arguments. To learn more, see the migration guide https://numpy.org/devdocs/numpy_2_0_migration_guide.html#adapting-to-changes-in-the-copy-keyword
  lambda x: np.array(x[..., -1].cpu()),
/users/sgsrehm1/COMP702_BeyondAF/code/COMP390_code/openfold/run_pretrained_openfold.py:354: DeprecationWarning: __array__ implementation doesn't accept a copy keyword, so passing copy=False failed. __array__ must implement 'dtype' and 'copy' keyword arguments. To learn more, see the migration guide https://numpy.org/devdocs/numpy_2_0_migration_guide.html#adapting-to-changes-in-the-copy-keyword
  out = tensor_tree_map(lambda x: np.array(x.cpu()), out)
INFO:/users/sgsrehm1/COMP702_BeyondAF/code/COMP390_code/openfold/run_pretrained_openfold.py:Output written to /users/sgsrehm1/fastscratch/COMP702_ep32_inference/runs/4bp8_ep32_relaxed_100_9827077/repeat_51/predictions/4bp8_A_model_1_unrelaxed.pdb...
INFO:/users/sgsrehm1/COMP702_BeyondAF/code/COMP390_code/openfold/run_pretrained_openfold.py:Running relaxation on /users/sgsrehm1/fastscratch/COMP702_ep32_inference/runs/4bp8_ep32_relaxed_100_9827077/repeat_51/predictions/4bp8_A_model_1_unrelaxed.pdb...
INFO:/users/sgsrehm1/COMP702_BeyondAF/code/COMP390_code/openfold/openfold/utils/script_utils.py:Relaxation time: 212.76985683105886
INFO:/users/sgsrehm1/COMP702_BeyondAF/code/COMP390_code/openfold/openfold/utils/script_utils.py:Relaxed output written to /users/sgsrehm1/fastscratch/COMP702_ep32_inference/runs/4bp8_ep32_relaxed_100_9827077/repeat_51/predictions/4bp8_A_model_1_relaxed.pdb...
/users/sgsrehm1/COMP702_BeyondAF/code/COMP390_code/openfold/openfold/utils/script_utils.py:131: FutureWarning: You are using `torch.load` with `weights_only=False` (the current default value), which uses the default pickle module implicitly. It is possible to construct malicious pickle data which will execute arbitrary code during unpickling (See https://github.com/pytorch/pytorch/blob/main/SECURITY.md#untrusted-models for more details). In a future release, the default value for `weights_only` will be flipped to `True`. This limits the functions that could be executed during unpickling. Arbitrary objects will no longer be allowed to be loaded via this mode unless they are explicitly allowlisted by the user via `torch.serialization.add_safe_globals`. We recommend you start setting `weights_only=True` for any use case where you don't have full control of the loaded file. Please open an issue on GitHub for any issues related to this experimental feature.
  d = torch.load(ckpt_path)
INFO:/users/sgsrehm1/COMP702_BeyondAF/code/COMP390_code/openfold/openfold/utils/script_utils.py:Loaded OpenFold parameters at /users/sgsrehm1/COMP702_BeyondAF/code/COMP390_code/checkpoints/run_subset_gpu32_h100_ep33/csv_logs/version_0/checkpoints/32-330000.ckpt...
INFO:/users/sgsrehm1/COMP702_BeyondAF/code/COMP390_code/openfold/run_pretrained_openfold.py:Using precomputed alignments for 4bp8_A at /users/sgsrehm1/scratch/openfold_inference/alignments_cf...
INFO:/users/sgsrehm1/COMP702_BeyondAF/code/COMP390_code/openfold/openfold/utils/script_utils.py:Running inference for 4bp8_A...
INFO:/users/sgsrehm1/COMP702_BeyondAF/code/COMP390_code/openfold/openfold/utils/script_utils.py:Inference time: 45.40184421930462
/users/sgsrehm1/COMP702_BeyondAF/code/COMP390_code/openfold/run_pretrained_openfold.py:351: DeprecationWarning: __array__ implementation doesn't accept a copy keyword, so passing copy=False failed. __array__ must implement 'dtype' and 'copy' keyword arguments. To learn more, see the migration guide https://numpy.org/devdocs/numpy_2_0_migration_guide.html#adapting-to-changes-in-the-copy-keyword
  lambda x: np.array(x[..., -1].cpu()),
/users/sgsrehm1/COMP702_BeyondAF/code/COMP390_code/openfold/run_pretrained_openfold.py:354: DeprecationWarning: __array__ implementation doesn't accept a copy keyword, so passing copy=False failed. __array__ must implement 'dtype' and 'copy' keyword arguments. To learn more, see the migration guide https://numpy.org/devdocs/numpy_2_0_migration_guide.html#adapting-to-changes-in-the-copy-keyword
  out = tensor_tree_map(lambda x: np.array(x.cpu()), out)
INFO:/users/sgsrehm1/COMP702_BeyondAF/code/COMP390_code/openfold/run_pretrained_openfold.py:Output written to /users/sgsrehm1/fastscratch/COMP702_ep32_inference/runs/4bp8_ep32_relaxed_100_9827077/repeat_52/predictions/4bp8_A_model_1_unrelaxed.pdb...
INFO:/users/sgsrehm1/COMP702_BeyondAF/code/COMP390_code/openfold/run_pretrained_openfold.py:Running relaxation on /users/sgsrehm1/fastscratch/COMP702_ep32_inference/runs/4bp8_ep32_relaxed_100_9827077/repeat_52/predictions/4bp8_A_model_1_unrelaxed.pdb...
INFO:/users/sgsrehm1/COMP702_BeyondAF/code/COMP390_code/openfold/openfold/utils/script_utils.py:Relaxation time: 70.26148158311844
INFO:/users/sgsrehm1/COMP702_BeyondAF/code/COMP390_code/openfold/openfold/utils/script_utils.py:Relaxed output written to /users/sgsrehm1/fastscratch/COMP702_ep32_inference/runs/4bp8_ep32_relaxed_100_9827077/repeat_52/predictions/4bp8_A_model_1_relaxed.pdb...
/users/sgsrehm1/COMP702_BeyondAF/code/COMP390_code/openfold/openfold/utils/script_utils.py:131: FutureWarning: You are using `torch.load` with `weights_only=False` (the current default value), which uses the default pickle module implicitly. It is possible to construct malicious pickle data which will execute arbitrary code during unpickling (See https://github.com/pytorch/pytorch/blob/main/SECURITY.md#untrusted-models for more details). In a future release, the default value for `weights_only` will be flipped to `True`. This limits the functions that could be executed during unpickling. Arbitrary objects will no longer be allowed to be loaded via this mode unless they are explicitly allowlisted by the user via `torch.serialization.add_safe_globals`. We recommend you start setting `weights_only=True` for any use case where you don't have full control of the loaded file. Please open an issue on GitHub for any issues related to this experimental feature.
  d = torch.load(ckpt_path)
INFO:/users/sgsrehm1/COMP702_BeyondAF/code/COMP390_code/openfold/openfold/utils/script_utils.py:Loaded OpenFold parameters at /users/sgsrehm1/COMP702_BeyondAF/code/COMP390_code/checkpoints/run_subset_gpu32_h100_ep33/csv_logs/version_0/checkpoints/32-330000.ckpt...
INFO:/users/sgsrehm1/COMP702_BeyondAF/code/COMP390_code/openfold/run_pretrained_openfold.py:Using precomputed alignments for 4bp8_A at /users/sgsrehm1/scratch/openfold_inference/alignments_cf...
INFO:/users/sgsrehm1/COMP702_BeyondAF/code/COMP390_code/openfold/openfold/utils/script_utils.py:Running inference for 4bp8_A...
INFO:/users/sgsrehm1/COMP702_BeyondAF/code/COMP390_code/openfold/openfold/utils/script_utils.py:Inference time: 45.472356179729104
/users/sgsrehm1/COMP702_BeyondAF/code/COMP390_code/openfold/run_pretrained_openfold.py:351: DeprecationWarning: __array__ implementation doesn't accept a copy keyword, so passing copy=False failed. __array__ must implement 'dtype' and 'copy' keyword arguments. To learn more, see the migration guide https://numpy.org/devdocs/numpy_2_0_migration_guide.html#adapting-to-changes-in-the-copy-keyword
  lambda x: np.array(x[..., -1].cpu()),
/users/sgsrehm1/COMP702_BeyondAF/code/COMP390_code/openfold/run_pretrained_openfold.py:354: DeprecationWarning: __array__ implementation doesn't accept a copy keyword, so passing copy=False failed. __array__ must implement 'dtype' and 'copy' keyword arguments. To learn more, see the migration guide https://numpy.org/devdocs/numpy_2_0_migration_guide.html#adapting-to-changes-in-the-copy-keyword
  out = tensor_tree_map(lambda x: np.array(x.cpu()), out)
INFO:/users/sgsrehm1/COMP702_BeyondAF/code/COMP390_code/openfold/run_pretrained_openfold.py:Output written to /users/sgsrehm1/fastscratch/COMP702_ep32_inference/runs/4bp8_ep32_relaxed_100_9827077/repeat_53/predictions/4bp8_A_model_1_unrelaxed.pdb...
INFO:/users/sgsrehm1/COMP702_BeyondAF/code/COMP390_code/openfold/run_pretrained_openfold.py:Running relaxation on /users/sgsrehm1/fastscratch/COMP702_ep32_inference/runs/4bp8_ep32_relaxed_100_9827077/repeat_53/predictions/4bp8_A_model_1_unrelaxed.pdb...
INFO:/users/sgsrehm1/COMP702_BeyondAF/code/COMP390_code/openfold/openfold/utils/script_utils.py:Relaxation time: 218.73977623227984
INFO:/users/sgsrehm1/COMP702_BeyondAF/code/COMP390_code/openfold/openfold/utils/script_utils.py:Relaxed output written to /users/sgsrehm1/fastscratch/COMP702_ep32_inference/runs/4bp8_ep32_relaxed_100_9827077/repeat_53/predictions/4bp8_A_model_1_relaxed.pdb...
/users/sgsrehm1/COMP702_BeyondAF/code/COMP390_code/openfold/openfold/utils/script_utils.py:131: FutureWarning: You are using `torch.load` with `weights_only=False` (the current default value), which uses the default pickle module implicitly. It is possible to construct malicious pickle data which will execute arbitrary code during unpickling (See https://github.com/pytorch/pytorch/blob/main/SECURITY.md#untrusted-models for more details). In a future release, the default value for `weights_only` will be flipped to `True`. This limits the functions that could be executed during unpickling. Arbitrary objects will no longer be allowed to be loaded via this mode unless they are explicitly allowlisted by the user via `torch.serialization.add_safe_globals`. We recommend you start setting `weights_only=True` for any use case where you don't have full control of the loaded file. Please open an issue on GitHub for any issues related to this experimental feature.
  d = torch.load(ckpt_path)
INFO:/users/sgsrehm1/COMP702_BeyondAF/code/COMP390_code/openfold/openfold/utils/script_utils.py:Loaded OpenFold parameters at /users/sgsrehm1/COMP702_BeyondAF/code/COMP390_code/checkpoints/run_subset_gpu32_h100_ep33/csv_logs/version_0/checkpoints/32-330000.ckpt...
INFO:/users/sgsrehm1/COMP702_BeyondAF/code/COMP390_code/openfold/run_pretrained_openfold.py:Using precomputed alignments for 4bp8_A at /users/sgsrehm1/scratch/openfold_inference/alignments_cf...
INFO:/users/sgsrehm1/COMP702_BeyondAF/code/COMP390_code/openfold/openfold/utils/script_utils.py:Running inference for 4bp8_A...
INFO:/users/sgsrehm1/COMP702_BeyondAF/code/COMP390_code/openfold/openfold/utils/script_utils.py:Inference time: 45.40383460279554
/users/sgsrehm1/COMP702_BeyondAF/code/COMP390_code/openfold/run_pretrained_openfold.py:351: DeprecationWarning: __array__ implementation doesn't accept a copy keyword, so passing copy=False failed. __array__ must implement 'dtype' and 'copy' keyword arguments. To learn more, see the migration guide https://numpy.org/devdocs/numpy_2_0_migration_guide.html#adapting-to-changes-in-the-copy-keyword
  lambda x: np.array(x[..., -1].cpu()),
/users/sgsrehm1/COMP702_BeyondAF/code/COMP390_code/openfold/run_pretrained_openfold.py:354: DeprecationWarning: __array__ implementation doesn't accept a copy keyword, so passing copy=False failed. __array__ must implement 'dtype' and 'copy' keyword arguments. To learn more, see the migration guide https://numpy.org/devdocs/numpy_2_0_migration_guide.html#adapting-to-changes-in-the-copy-keyword
  out = tensor_tree_map(lambda x: np.array(x.cpu()), out)
INFO:/users/sgsrehm1/COMP702_BeyondAF/code/COMP390_code/openfold/run_pretrained_openfold.py:Output written to /users/sgsrehm1/fastscratch/COMP702_ep32_inference/runs/4bp8_ep32_relaxed_100_9827077/repeat_54/predictions/4bp8_A_model_1_unrelaxed.pdb...
INFO:/users/sgsrehm1/COMP702_BeyondAF/code/COMP390_code/openfold/run_pretrained_openfold.py:Running relaxation on /users/sgsrehm1/fastscratch/COMP702_ep32_inference/runs/4bp8_ep32_relaxed_100_9827077/repeat_54/predictions/4bp8_A_model_1_unrelaxed.pdb...
INFO:/users/sgsrehm1/COMP702_BeyondAF/code/COMP390_code/openfold/openfold/utils/script_utils.py:Relaxation time: 37.22570337820798
INFO:/users/sgsrehm1/COMP702_BeyondAF/code/COMP390_code/openfold/openfold/utils/script_utils.py:Relaxed output written to /users/sgsrehm1/fastscratch/COMP702_ep32_inference/runs/4bp8_ep32_relaxed_100_9827077/repeat_54/predictions/4bp8_A_model_1_relaxed.pdb...
/users/sgsrehm1/COMP702_BeyondAF/code/COMP390_code/openfold/openfold/utils/script_utils.py:131: FutureWarning: You are using `torch.load` with `weights_only=False` (the current default value), which uses the default pickle module implicitly. It is possible to construct malicious pickle data which will execute arbitrary code during unpickling (See https://github.com/pytorch/pytorch/blob/main/SECURITY.md#untrusted-models for more details). In a future release, the default value for `weights_only` will be flipped to `True`. This limits the functions that could be executed during unpickling. Arbitrary objects will no longer be allowed to be loaded via this mode unless they are explicitly allowlisted by the user via `torch.serialization.add_safe_globals`. We recommend you start setting `weights_only=True` for any use case where you don't have full control of the loaded file. Please open an issue on GitHub for any issues related to this experimental feature.
  d = torch.load(ckpt_path)
INFO:/users/sgsrehm1/COMP702_BeyondAF/code/COMP390_code/openfold/openfold/utils/script_utils.py:Loaded OpenFold parameters at /users/sgsrehm1/COMP702_BeyondAF/code/COMP390_code/checkpoints/run_subset_gpu32_h100_ep33/csv_logs/version_0/checkpoints/32-330000.ckpt...
INFO:/users/sgsrehm1/COMP702_BeyondAF/code/COMP390_code/openfold/run_pretrained_openfold.py:Using precomputed alignments for 4bp8_A at /users/sgsrehm1/scratch/openfold_inference/alignments_cf...
INFO:/users/sgsrehm1/COMP702_BeyondAF/code/COMP390_code/openfold/openfold/utils/script_utils.py:Running inference for 4bp8_A...
INFO:/users/sgsrehm1/COMP702_BeyondAF/code/COMP390_code/openfold/openfold/utils/script_utils.py:Inference time: 45.426110786385834
/users/sgsrehm1/COMP702_BeyondAF/code/COMP390_code/openfold/run_pretrained_openfold.py:351: DeprecationWarning: __array__ implementation doesn't accept a copy keyword, so passing copy=False failed. __array__ must implement 'dtype' and 'copy' keyword arguments. To learn more, see the migration guide https://numpy.org/devdocs/numpy_2_0_migration_guide.html#adapting-to-changes-in-the-copy-keyword
  lambda x: np.array(x[..., -1].cpu()),
/users/sgsrehm1/COMP702_BeyondAF/code/COMP390_code/openfold/run_pretrained_openfold.py:354: DeprecationWarning: __array__ implementation doesn't accept a copy keyword, so passing copy=False failed. __array__ must implement 'dtype' and 'copy' keyword arguments. To learn more, see the migration guide https://numpy.org/devdocs/numpy_2_0_migration_guide.html#adapting-to-changes-in-the-copy-keyword
  out = tensor_tree_map(lambda x: np.array(x.cpu()), out)
INFO:/users/sgsrehm1/COMP702_BeyondAF/code/COMP390_code/openfold/run_pretrained_openfold.py:Output written to /users/sgsrehm1/fastscratch/COMP702_ep32_inference/runs/4bp8_ep32_relaxed_100_9827077/repeat_55/predictions/4bp8_A_model_1_unrelaxed.pdb...
INFO:/users/sgsrehm1/COMP702_BeyondAF/code/COMP390_code/openfold/run_pretrained_openfold.py:Running relaxation on /users/sgsrehm1/fastscratch/COMP702_ep32_inference/runs/4bp8_ep32_relaxed_100_9827077/repeat_55/predictions/4bp8_A_model_1_unrelaxed.pdb...
INFO:/users/sgsrehm1/COMP702_BeyondAF/code/COMP390_code/openfold/openfold/utils/script_utils.py:Relaxation time: 47.18242881912738
INFO:/users/sgsrehm1/COMP702_BeyondAF/code/COMP390_code/openfold/openfold/utils/script_utils.py:Relaxed output written to /users/sgsrehm1/fastscratch/COMP702_ep32_inference/runs/4bp8_ep32_relaxed_100_9827077/repeat_55/predictions/4bp8_A_model_1_relaxed.pdb...
/users/sgsrehm1/COMP702_BeyondAF/code/COMP390_code/openfold/openfold/utils/script_utils.py:131: FutureWarning: You are using `torch.load` with `weights_only=False` (the current default value), which uses the default pickle module implicitly. It is possible to construct malicious pickle data which will execute arbitrary code during unpickling (See https://github.com/pytorch/pytorch/blob/main/SECURITY.md#untrusted-models for more details). In a future release, the default value for `weights_only` will be flipped to `True`. This limits the functions that could be executed during unpickling. Arbitrary objects will no longer be allowed to be loaded via this mode unless they are explicitly allowlisted by the user via `torch.serialization.add_safe_globals`. We recommend you start setting `weights_only=True` for any use case where you don't have full control of the loaded file. Please open an issue on GitHub for any issues related to this experimental feature.
  d = torch.load(ckpt_path)
INFO:/users/sgsrehm1/COMP702_BeyondAF/code/COMP390_code/openfold/openfold/utils/script_utils.py:Loaded OpenFold parameters at /users/sgsrehm1/COMP702_BeyondAF/code/COMP390_code/checkpoints/run_subset_gpu32_h100_ep33/csv_logs/version_0/checkpoints/32-330000.ckpt...
INFO:/users/sgsrehm1/COMP702_BeyondAF/code/COMP390_code/openfold/run_pretrained_openfold.py:Using precomputed alignments for 4bp8_A at /users/sgsrehm1/scratch/openfold_inference/alignments_cf...
INFO:/users/sgsrehm1/COMP702_BeyondAF/code/COMP390_code/openfold/openfold/utils/script_utils.py:Running inference for 4bp8_A...
INFO:/users/sgsrehm1/COMP702_BeyondAF/code/COMP390_code/openfold/openfold/utils/script_utils.py:Inference time: 45.47380791697651
/users/sgsrehm1/COMP702_BeyondAF/code/COMP390_code/openfold/run_pretrained_openfold.py:351: DeprecationWarning: __array__ implementation doesn't accept a copy keyword, so passing copy=False failed. __array__ must implement 'dtype' and 'copy' keyword arguments. To learn more, see the migration guide https://numpy.org/devdocs/numpy_2_0_migration_guide.html#adapting-to-changes-in-the-copy-keyword
  lambda x: np.array(x[..., -1].cpu()),
/users/sgsrehm1/COMP702_BeyondAF/code/COMP390_code/openfold/run_pretrained_openfold.py:354: DeprecationWarning: __array__ implementation doesn't accept a copy keyword, so passing copy=False failed. __array__ must implement 'dtype' and 'copy' keyword arguments. To learn more, see the migration guide https://numpy.org/devdocs/numpy_2_0_migration_guide.html#adapting-to-changes-in-the-copy-keyword
  out = tensor_tree_map(lambda x: np.array(x.cpu()), out)
INFO:/users/sgsrehm1/COMP702_BeyondAF/code/COMP390_code/openfold/run_pretrained_openfold.py:Output written to /users/sgsrehm1/fastscratch/COMP702_ep32_inference/runs/4bp8_ep32_relaxed_100_9827077/repeat_56/predictions/4bp8_A_model_1_unrelaxed.pdb...
INFO:/users/sgsrehm1/COMP702_BeyondAF/code/COMP390_code/openfold/run_pretrained_openfold.py:Running relaxation on /users/sgsrehm1/fastscratch/COMP702_ep32_inference/runs/4bp8_ep32_relaxed_100_9827077/repeat_56/predictions/4bp8_A_model_1_unrelaxed.pdb...
INFO:/users/sgsrehm1/COMP702_BeyondAF/code/COMP390_code/openfold/openfold/utils/script_utils.py:Relaxation time: 214.52757962048054
INFO:/users/sgsrehm1/COMP702_BeyondAF/code/COMP390_code/openfold/openfold/utils/script_utils.py:Relaxed output written to /users/sgsrehm1/fastscratch/COMP702_ep32_inference/runs/4bp8_ep32_relaxed_100_9827077/repeat_56/predictions/4bp8_A_model_1_relaxed.pdb...
/users/sgsrehm1/COMP702_BeyondAF/code/COMP390_code/openfold/openfold/utils/script_utils.py:131: FutureWarning: You are using `torch.load` with `weights_only=False` (the current default value), which uses the default pickle module implicitly. It is possible to construct malicious pickle data which will execute arbitrary code during unpickling (See https://github.com/pytorch/pytorch/blob/main/SECURITY.md#untrusted-models for more details). In a future release, the default value for `weights_only` will be flipped to `True`. This limits the functions that could be executed during unpickling. Arbitrary objects will no longer be allowed to be loaded via this mode unless they are explicitly allowlisted by the user via `torch.serialization.add_safe_globals`. We recommend you start setting `weights_only=True` for any use case where you don't have full control of the loaded file. Please open an issue on GitHub for any issues related to this experimental feature.
  d = torch.load(ckpt_path)
INFO:/users/sgsrehm1/COMP702_BeyondAF/code/COMP390_code/openfold/openfold/utils/script_utils.py:Loaded OpenFold parameters at /users/sgsrehm1/COMP702_BeyondAF/code/COMP390_code/checkpoints/run_subset_gpu32_h100_ep33/csv_logs/version_0/checkpoints/32-330000.ckpt...
INFO:/users/sgsrehm1/COMP702_BeyondAF/code/COMP390_code/openfold/run_pretrained_openfold.py:Using precomputed alignments for 4bp8_A at /users/sgsrehm1/scratch/openfold_inference/alignments_cf...
INFO:/users/sgsrehm1/COMP702_BeyondAF/code/COMP390_code/openfold/openfold/utils/script_utils.py:Running inference for 4bp8_A...
INFO:/users/sgsrehm1/COMP702_BeyondAF/code/COMP390_code/openfold/openfold/utils/script_utils.py:Inference time: 45.398249324411154
/users/sgsrehm1/COMP702_BeyondAF/code/COMP390_code/openfold/run_pretrained_openfold.py:351: DeprecationWarning: __array__ implementation doesn't accept a copy keyword, so passing copy=False failed. __array__ must implement 'dtype' and 'copy' keyword arguments. To learn more, see the migration guide https://numpy.org/devdocs/numpy_2_0_migration_guide.html#adapting-to-changes-in-the-copy-keyword
  lambda x: np.array(x[..., -1].cpu()),
/users/sgsrehm1/COMP702_BeyondAF/code/COMP390_code/openfold/run_pretrained_openfold.py:354: DeprecationWarning: __array__ implementation doesn't accept a copy keyword, so passing copy=False failed. __array__ must implement 'dtype' and 'copy' keyword arguments. To learn more, see the migration guide https://numpy.org/devdocs/numpy_2_0_migration_guide.html#adapting-to-changes-in-the-copy-keyword
  out = tensor_tree_map(lambda x: np.array(x.cpu()), out)
INFO:/users/sgsrehm1/COMP702_BeyondAF/code/COMP390_code/openfold/run_pretrained_openfold.py:Output written to /users/sgsrehm1/fastscratch/COMP702_ep32_inference/runs/4bp8_ep32_relaxed_100_9827077/repeat_57/predictions/4bp8_A_model_1_unrelaxed.pdb...
INFO:/users/sgsrehm1/COMP702_BeyondAF/code/COMP390_code/openfold/run_pretrained_openfold.py:Running relaxation on /users/sgsrehm1/fastscratch/COMP702_ep32_inference/runs/4bp8_ep32_relaxed_100_9827077/repeat_57/predictions/4bp8_A_model_1_unrelaxed.pdb...
INFO:/users/sgsrehm1/COMP702_BeyondAF/code/COMP390_code/openfold/openfold/utils/script_utils.py:Relaxation time: 216.05718860123307
INFO:/users/sgsrehm1/COMP702_BeyondAF/code/COMP390_code/openfold/openfold/utils/script_utils.py:Relaxed output written to /users/sgsrehm1/fastscratch/COMP702_ep32_inference/runs/4bp8_ep32_relaxed_100_9827077/repeat_57/predictions/4bp8_A_model_1_relaxed.pdb...
/users/sgsrehm1/COMP702_BeyondAF/code/COMP390_code/openfold/openfold/utils/script_utils.py:131: FutureWarning: You are using `torch.load` with `weights_only=False` (the current default value), which uses the default pickle module implicitly. It is possible to construct malicious pickle data which will execute arbitrary code during unpickling (See https://github.com/pytorch/pytorch/blob/main/SECURITY.md#untrusted-models for more details). In a future release, the default value for `weights_only` will be flipped to `True`. This limits the functions that could be executed during unpickling. Arbitrary objects will no longer be allowed to be loaded via this mode unless they are explicitly allowlisted by the user via `torch.serialization.add_safe_globals`. We recommend you start setting `weights_only=True` for any use case where you don't have full control of the loaded file. Please open an issue on GitHub for any issues related to this experimental feature.
  d = torch.load(ckpt_path)
INFO:/users/sgsrehm1/COMP702_BeyondAF/code/COMP390_code/openfold/openfold/utils/script_utils.py:Loaded OpenFold parameters at /users/sgsrehm1/COMP702_BeyondAF/code/COMP390_code/checkpoints/run_subset_gpu32_h100_ep33/csv_logs/version_0/checkpoints/32-330000.ckpt...
INFO:/users/sgsrehm1/COMP702_BeyondAF/code/COMP390_code/openfold/run_pretrained_openfold.py:Using precomputed alignments for 4bp8_A at /users/sgsrehm1/scratch/openfold_inference/alignments_cf...
INFO:/users/sgsrehm1/COMP702_BeyondAF/code/COMP390_code/openfold/openfold/utils/script_utils.py:Running inference for 4bp8_A...
INFO:/users/sgsrehm1/COMP702_BeyondAF/code/COMP390_code/openfold/openfold/utils/script_utils.py:Inference time: 45.3949006665498
/users/sgsrehm1/COMP702_BeyondAF/code/COMP390_code/openfold/run_pretrained_openfold.py:351: DeprecationWarning: __array__ implementation doesn't accept a copy keyword, so passing copy=False failed. __array__ must implement 'dtype' and 'copy' keyword arguments. To learn more, see the migration guide https://numpy.org/devdocs/numpy_2_0_migration_guide.html#adapting-to-changes-in-the-copy-keyword
  lambda x: np.array(x[..., -1].cpu()),
/users/sgsrehm1/COMP702_BeyondAF/code/COMP390_code/openfold/run_pretrained_openfold.py:354: DeprecationWarning: __array__ implementation doesn't accept a copy keyword, so passing copy=False failed. __array__ must implement 'dtype' and 'copy' keyword arguments. To learn more, see the migration guide https://numpy.org/devdocs/numpy_2_0_migration_guide.html#adapting-to-changes-in-the-copy-keyword
  out = tensor_tree_map(lambda x: np.array(x.cpu()), out)
INFO:/users/sgsrehm1/COMP702_BeyondAF/code/COMP390_code/openfold/run_pretrained_openfold.py:Output written to /users/sgsrehm1/fastscratch/COMP702_ep32_inference/runs/4bp8_ep32_relaxed_100_9827077/repeat_58/predictions/4bp8_A_model_1_unrelaxed.pdb...
INFO:/users/sgsrehm1/COMP702_BeyondAF/code/COMP390_code/openfold/run_pretrained_openfold.py:Running relaxation on /users/sgsrehm1/fastscratch/COMP702_ep32_inference/runs/4bp8_ep32_relaxed_100_9827077/repeat_58/predictions/4bp8_A_model_1_unrelaxed.pdb...
INFO:/users/sgsrehm1/COMP702_BeyondAF/code/COMP390_code/openfold/openfold/utils/script_utils.py:Relaxation time: 213.1741584278643
INFO:/users/sgsrehm1/COMP702_BeyondAF/code/COMP390_code/openfold/openfold/utils/script_utils.py:Relaxed output written to /users/sgsrehm1/fastscratch/COMP702_ep32_inference/runs/4bp8_ep32_relaxed_100_9827077/repeat_58/predictions/4bp8_A_model_1_relaxed.pdb...
/users/sgsrehm1/COMP702_BeyondAF/code/COMP390_code/openfold/openfold/utils/script_utils.py:131: FutureWarning: You are using `torch.load` with `weights_only=False` (the current default value), which uses the default pickle module implicitly. It is possible to construct malicious pickle data which will execute arbitrary code during unpickling (See https://github.com/pytorch/pytorch/blob/main/SECURITY.md#untrusted-models for more details). In a future release, the default value for `weights_only` will be flipped to `True`. This limits the functions that could be executed during unpickling. Arbitrary objects will no longer be allowed to be loaded via this mode unless they are explicitly allowlisted by the user via `torch.serialization.add_safe_globals`. We recommend you start setting `weights_only=True` for any use case where you don't have full control of the loaded file. Please open an issue on GitHub for any issues related to this experimental feature.
  d = torch.load(ckpt_path)
INFO:/users/sgsrehm1/COMP702_BeyondAF/code/COMP390_code/openfold/openfold/utils/script_utils.py:Loaded OpenFold parameters at /users/sgsrehm1/COMP702_BeyondAF/code/COMP390_code/checkpoints/run_subset_gpu32_h100_ep33/csv_logs/version_0/checkpoints/32-330000.ckpt...
INFO:/users/sgsrehm1/COMP702_BeyondAF/code/COMP390_code/openfold/run_pretrained_openfold.py:Using precomputed alignments for 4bp8_A at /users/sgsrehm1/scratch/openfold_inference/alignments_cf...
INFO:/users/sgsrehm1/COMP702_BeyondAF/code/COMP390_code/openfold/openfold/utils/script_utils.py:Running inference for 4bp8_A...
INFO:/users/sgsrehm1/COMP702_BeyondAF/code/COMP390_code/openfold/openfold/utils/script_utils.py:Inference time: 45.424771109595895
/users/sgsrehm1/COMP702_BeyondAF/code/COMP390_code/openfold/run_pretrained_openfold.py:351: DeprecationWarning: __array__ implementation doesn't accept a copy keyword, so passing copy=False failed. __array__ must implement 'dtype' and 'copy' keyword arguments. To learn more, see the migration guide https://numpy.org/devdocs/numpy_2_0_migration_guide.html#adapting-to-changes-in-the-copy-keyword
  lambda x: np.array(x[..., -1].cpu()),
/users/sgsrehm1/COMP702_BeyondAF/code/COMP390_code/openfold/run_pretrained_openfold.py:354: DeprecationWarning: __array__ implementation doesn't accept a copy keyword, so passing copy=False failed. __array__ must implement 'dtype' and 'copy' keyword arguments. To learn more, see the migration guide https://numpy.org/devdocs/numpy_2_0_migration_guide.html#adapting-to-changes-in-the-copy-keyword
  out = tensor_tree_map(lambda x: np.array(x.cpu()), out)
INFO:/users/sgsrehm1/COMP702_BeyondAF/code/COMP390_code/openfold/run_pretrained_openfold.py:Output written to /users/sgsrehm1/fastscratch/COMP702_ep32_inference/runs/4bp8_ep32_relaxed_100_9827077/repeat_59/predictions/4bp8_A_model_1_unrelaxed.pdb...
INFO:/users/sgsrehm1/COMP702_BeyondAF/code/COMP390_code/openfold/run_pretrained_openfold.py:Running relaxation on /users/sgsrehm1/fastscratch/COMP702_ep32_inference/runs/4bp8_ep32_relaxed_100_9827077/repeat_59/predictions/4bp8_A_model_1_unrelaxed.pdb...
INFO:/users/sgsrehm1/COMP702_BeyondAF/code/COMP390_code/openfold/openfold/utils/script_utils.py:Relaxation time: 49.45800251420587
INFO:/users/sgsrehm1/COMP702_BeyondAF/code/COMP390_code/openfold/openfold/utils/script_utils.py:Relaxed output written to /users/sgsrehm1/fastscratch/COMP702_ep32_inference/runs/4bp8_ep32_relaxed_100_9827077/repeat_59/predictions/4bp8_A_model_1_relaxed.pdb...
/users/sgsrehm1/COMP702_BeyondAF/code/COMP390_code/openfold/openfold/utils/script_utils.py:131: FutureWarning: You are using `torch.load` with `weights_only=False` (the current default value), which uses the default pickle module implicitly. It is possible to construct malicious pickle data which will execute arbitrary code during unpickling (See https://github.com/pytorch/pytorch/blob/main/SECURITY.md#untrusted-models for more details). In a future release, the default value for `weights_only` will be flipped to `True`. This limits the functions that could be executed during unpickling. Arbitrary objects will no longer be allowed to be loaded via this mode unless they are explicitly allowlisted by the user via `torch.serialization.add_safe_globals`. We recommend you start setting `weights_only=True` for any use case where you don't have full control of the loaded file. Please open an issue on GitHub for any issues related to this experimental feature.
  d = torch.load(ckpt_path)
INFO:/users/sgsrehm1/COMP702_BeyondAF/code/COMP390_code/openfold/openfold/utils/script_utils.py:Loaded OpenFold parameters at /users/sgsrehm1/COMP702_BeyondAF/code/COMP390_code/checkpoints/run_subset_gpu32_h100_ep33/csv_logs/version_0/checkpoints/32-330000.ckpt...
INFO:/users/sgsrehm1/COMP702_BeyondAF/code/COMP390_code/openfold/run_pretrained_openfold.py:Using precomputed alignments for 4bp8_A at /users/sgsrehm1/scratch/openfold_inference/alignments_cf...
INFO:/users/sgsrehm1/COMP702_BeyondAF/code/COMP390_code/openfold/openfold/utils/script_utils.py:Running inference for 4bp8_A...
INFO:/users/sgsrehm1/COMP702_BeyondAF/code/COMP390_code/openfold/openfold/utils/script_utils.py:Inference time: 45.45458249095827
/users/sgsrehm1/COMP702_BeyondAF/code/COMP390_code/openfold/run_pretrained_openfold.py:351: DeprecationWarning: __array__ implementation doesn't accept a copy keyword, so passing copy=False failed. __array__ must implement 'dtype' and 'copy' keyword arguments. To learn more, see the migration guide https://numpy.org/devdocs/numpy_2_0_migration_guide.html#adapting-to-changes-in-the-copy-keyword
  lambda x: np.array(x[..., -1].cpu()),
/users/sgsrehm1/COMP702_BeyondAF/code/COMP390_code/openfold/run_pretrained_openfold.py:354: DeprecationWarning: __array__ implementation doesn't accept a copy keyword, so passing copy=False failed. __array__ must implement 'dtype' and 'copy' keyword arguments. To learn more, see the migration guide https://numpy.org/devdocs/numpy_2_0_migration_guide.html#adapting-to-changes-in-the-copy-keyword
  out = tensor_tree_map(lambda x: np.array(x.cpu()), out)
INFO:/users/sgsrehm1/COMP702_BeyondAF/code/COMP390_code/openfold/run_pretrained_openfold.py:Output written to /users/sgsrehm1/fastscratch/COMP702_ep32_inference/runs/4bp8_ep32_relaxed_100_9827077/repeat_60/predictions/4bp8_A_model_1_unrelaxed.pdb...
INFO:/users/sgsrehm1/COMP702_BeyondAF/code/COMP390_code/openfold/run_pretrained_openfold.py:Running relaxation on /users/sgsrehm1/fastscratch/COMP702_ep32_inference/runs/4bp8_ep32_relaxed_100_9827077/repeat_60/predictions/4bp8_A_model_1_unrelaxed.pdb...
INFO:/users/sgsrehm1/COMP702_BeyondAF/code/COMP390_code/openfold/openfold/utils/script_utils.py:Relaxation time: 216.49955082777888
INFO:/users/sgsrehm1/COMP702_BeyondAF/code/COMP390_code/openfold/openfold/utils/script_utils.py:Relaxed output written to /users/sgsrehm1/fastscratch/COMP702_ep32_inference/runs/4bp8_ep32_relaxed_100_9827077/repeat_60/predictions/4bp8_A_model_1_relaxed.pdb...
/users/sgsrehm1/COMP702_BeyondAF/code/COMP390_code/openfold/openfold/utils/script_utils.py:131: FutureWarning: You are using `torch.load` with `weights_only=False` (the current default value), which uses the default pickle module implicitly. It is possible to construct malicious pickle data which will execute arbitrary code during unpickling (See https://github.com/pytorch/pytorch/blob/main/SECURITY.md#untrusted-models for more details). In a future release, the default value for `weights_only` will be flipped to `True`. This limits the functions that could be executed during unpickling. Arbitrary objects will no longer be allowed to be loaded via this mode unless they are explicitly allowlisted by the user via `torch.serialization.add_safe_globals`. We recommend you start setting `weights_only=True` for any use case where you don't have full control of the loaded file. Please open an issue on GitHub for any issues related to this experimental feature.
  d = torch.load(ckpt_path)
INFO:/users/sgsrehm1/COMP702_BeyondAF/code/COMP390_code/openfold/openfold/utils/script_utils.py:Loaded OpenFold parameters at /users/sgsrehm1/COMP702_BeyondAF/code/COMP390_code/checkpoints/run_subset_gpu32_h100_ep33/csv_logs/version_0/checkpoints/32-330000.ckpt...
INFO:/users/sgsrehm1/COMP702_BeyondAF/code/COMP390_code/openfold/run_pretrained_openfold.py:Using precomputed alignments for 4bp8_A at /users/sgsrehm1/scratch/openfold_inference/alignments_cf...
INFO:/users/sgsrehm1/COMP702_BeyondAF/code/COMP390_code/openfold/openfold/utils/script_utils.py:Running inference for 4bp8_A...
INFO:/users/sgsrehm1/COMP702_BeyondAF/code/COMP390_code/openfold/openfold/utils/script_utils.py:Inference time: 45.4381666360423
/users/sgsrehm1/COMP702_BeyondAF/code/COMP390_code/openfold/run_pretrained_openfold.py:351: DeprecationWarning: __array__ implementation doesn't accept a copy keyword, so passing copy=False failed. __array__ must implement 'dtype' and 'copy' keyword arguments. To learn more, see the migration guide https://numpy.org/devdocs/numpy_2_0_migration_guide.html#adapting-to-changes-in-the-copy-keyword
  lambda x: np.array(x[..., -1].cpu()),
/users/sgsrehm1/COMP702_BeyondAF/code/COMP390_code/openfold/run_pretrained_openfold.py:354: DeprecationWarning: __array__ implementation doesn't accept a copy keyword, so passing copy=False failed. __array__ must implement 'dtype' and 'copy' keyword arguments. To learn more, see the migration guide https://numpy.org/devdocs/numpy_2_0_migration_guide.html#adapting-to-changes-in-the-copy-keyword
  out = tensor_tree_map(lambda x: np.array(x.cpu()), out)
INFO:/users/sgsrehm1/COMP702_BeyondAF/code/COMP390_code/openfold/run_pretrained_openfold.py:Output written to /users/sgsrehm1/fastscratch/COMP702_ep32_inference/runs/4bp8_ep32_relaxed_100_9827077/repeat_61/predictions/4bp8_A_model_1_unrelaxed.pdb...
INFO:/users/sgsrehm1/COMP702_BeyondAF/code/COMP390_code/openfold/run_pretrained_openfold.py:Running relaxation on /users/sgsrehm1/fastscratch/COMP702_ep32_inference/runs/4bp8_ep32_relaxed_100_9827077/repeat_61/predictions/4bp8_A_model_1_unrelaxed.pdb...
INFO:/users/sgsrehm1/COMP702_BeyondAF/code/COMP390_code/openfold/openfold/utils/script_utils.py:Relaxation time: 212.11225399468094
INFO:/users/sgsrehm1/COMP702_BeyondAF/code/COMP390_code/openfold/openfold/utils/script_utils.py:Relaxed output written to /users/sgsrehm1/fastscratch/COMP702_ep32_inference/runs/4bp8_ep32_relaxed_100_9827077/repeat_61/predictions/4bp8_A_model_1_relaxed.pdb...
/users/sgsrehm1/COMP702_BeyondAF/code/COMP390_code/openfold/openfold/utils/script_utils.py:131: FutureWarning: You are using `torch.load` with `weights_only=False` (the current default value), which uses the default pickle module implicitly. It is possible to construct malicious pickle data which will execute arbitrary code during unpickling (See https://github.com/pytorch/pytorch/blob/main/SECURITY.md#untrusted-models for more details). In a future release, the default value for `weights_only` will be flipped to `True`. This limits the functions that could be executed during unpickling. Arbitrary objects will no longer be allowed to be loaded via this mode unless they are explicitly allowlisted by the user via `torch.serialization.add_safe_globals`. We recommend you start setting `weights_only=True` for any use case where you don't have full control of the loaded file. Please open an issue on GitHub for any issues related to this experimental feature.
  d = torch.load(ckpt_path)
INFO:/users/sgsrehm1/COMP702_BeyondAF/code/COMP390_code/openfold/openfold/utils/script_utils.py:Loaded OpenFold parameters at /users/sgsrehm1/COMP702_BeyondAF/code/COMP390_code/checkpoints/run_subset_gpu32_h100_ep33/csv_logs/version_0/checkpoints/32-330000.ckpt...
INFO:/users/sgsrehm1/COMP702_BeyondAF/code/COMP390_code/openfold/run_pretrained_openfold.py:Using precomputed alignments for 4bp8_A at /users/sgsrehm1/scratch/openfold_inference/alignments_cf...
INFO:/users/sgsrehm1/COMP702_BeyondAF/code/COMP390_code/openfold/openfold/utils/script_utils.py:Running inference for 4bp8_A...
INFO:/users/sgsrehm1/COMP702_BeyondAF/code/COMP390_code/openfold/openfold/utils/script_utils.py:Inference time: 45.397875256836414
/users/sgsrehm1/COMP702_BeyondAF/code/COMP390_code/openfold/run_pretrained_openfold.py:351: DeprecationWarning: __array__ implementation doesn't accept a copy keyword, so passing copy=False failed. __array__ must implement 'dtype' and 'copy' keyword arguments. To learn more, see the migration guide https://numpy.org/devdocs/numpy_2_0_migration_guide.html#adapting-to-changes-in-the-copy-keyword
  lambda x: np.array(x[..., -1].cpu()),
/users/sgsrehm1/COMP702_BeyondAF/code/COMP390_code/openfold/run_pretrained_openfold.py:354: DeprecationWarning: __array__ implementation doesn't accept a copy keyword, so passing copy=False failed. __array__ must implement 'dtype' and 'copy' keyword arguments. To learn more, see the migration guide https://numpy.org/devdocs/numpy_2_0_migration_guide.html#adapting-to-changes-in-the-copy-keyword
  out = tensor_tree_map(lambda x: np.array(x.cpu()), out)
INFO:/users/sgsrehm1/COMP702_BeyondAF/code/COMP390_code/openfold/run_pretrained_openfold.py:Output written to /users/sgsrehm1/fastscratch/COMP702_ep32_inference/runs/4bp8_ep32_relaxed_100_9827077/repeat_62/predictions/4bp8_A_model_1_unrelaxed.pdb...
INFO:/users/sgsrehm1/COMP702_BeyondAF/code/COMP390_code/openfold/run_pretrained_openfold.py:Running relaxation on /users/sgsrehm1/fastscratch/COMP702_ep32_inference/runs/4bp8_ep32_relaxed_100_9827077/repeat_62/predictions/4bp8_A_model_1_unrelaxed.pdb...
INFO:/users/sgsrehm1/COMP702_BeyondAF/code/COMP390_code/openfold/openfold/utils/script_utils.py:Relaxation time: 213.24840099737048
INFO:/users/sgsrehm1/COMP702_BeyondAF/code/COMP390_code/openfold/openfold/utils/script_utils.py:Relaxed output written to /users/sgsrehm1/fastscratch/COMP702_ep32_inference/runs/4bp8_ep32_relaxed_100_9827077/repeat_62/predictions/4bp8_A_model_1_relaxed.pdb...
/users/sgsrehm1/COMP702_BeyondAF/code/COMP390_code/openfold/openfold/utils/script_utils.py:131: FutureWarning: You are using `torch.load` with `weights_only=False` (the current default value), which uses the default pickle module implicitly. It is possible to construct malicious pickle data which will execute arbitrary code during unpickling (See https://github.com/pytorch/pytorch/blob/main/SECURITY.md#untrusted-models for more details). In a future release, the default value for `weights_only` will be flipped to `True`. This limits the functions that could be executed during unpickling. Arbitrary objects will no longer be allowed to be loaded via this mode unless they are explicitly allowlisted by the user via `torch.serialization.add_safe_globals`. We recommend you start setting `weights_only=True` for any use case where you don't have full control of the loaded file. Please open an issue on GitHub for any issues related to this experimental feature.
  d = torch.load(ckpt_path)
INFO:/users/sgsrehm1/COMP702_BeyondAF/code/COMP390_code/openfold/openfold/utils/script_utils.py:Loaded OpenFold parameters at /users/sgsrehm1/COMP702_BeyondAF/code/COMP390_code/checkpoints/run_subset_gpu32_h100_ep33/csv_logs/version_0/checkpoints/32-330000.ckpt...
INFO:/users/sgsrehm1/COMP702_BeyondAF/code/COMP390_code/openfold/run_pretrained_openfold.py:Using precomputed alignments for 4bp8_A at /users/sgsrehm1/scratch/openfold_inference/alignments_cf...
INFO:/users/sgsrehm1/COMP702_BeyondAF/code/COMP390_code/openfold/openfold/utils/script_utils.py:Running inference for 4bp8_A...
INFO:/users/sgsrehm1/COMP702_BeyondAF/code/COMP390_code/openfold/openfold/utils/script_utils.py:Inference time: 45.422214686870575
/users/sgsrehm1/COMP702_BeyondAF/code/COMP390_code/openfold/run_pretrained_openfold.py:351: DeprecationWarning: __array__ implementation doesn't accept a copy keyword, so passing copy=False failed. __array__ must implement 'dtype' and 'copy' keyword arguments. To learn more, see the migration guide https://numpy.org/devdocs/numpy_2_0_migration_guide.html#adapting-to-changes-in-the-copy-keyword
  lambda x: np.array(x[..., -1].cpu()),
/users/sgsrehm1/COMP702_BeyondAF/code/COMP390_code/openfold/run_pretrained_openfold.py:354: DeprecationWarning: __array__ implementation doesn't accept a copy keyword, so passing copy=False failed. __array__ must implement 'dtype' and 'copy' keyword arguments. To learn more, see the migration guide https://numpy.org/devdocs/numpy_2_0_migration_guide.html#adapting-to-changes-in-the-copy-keyword
  out = tensor_tree_map(lambda x: np.array(x.cpu()), out)
INFO:/users/sgsrehm1/COMP702_BeyondAF/code/COMP390_code/openfold/run_pretrained_openfold.py:Output written to /users/sgsrehm1/fastscratch/COMP702_ep32_inference/runs/4bp8_ep32_relaxed_100_9827077/repeat_63/predictions/4bp8_A_model_1_unrelaxed.pdb...
INFO:/users/sgsrehm1/COMP702_BeyondAF/code/COMP390_code/openfold/run_pretrained_openfold.py:Running relaxation on /users/sgsrehm1/fastscratch/COMP702_ep32_inference/runs/4bp8_ep32_relaxed_100_9827077/repeat_63/predictions/4bp8_A_model_1_unrelaxed.pdb...
INFO:/users/sgsrehm1/COMP702_BeyondAF/code/COMP390_code/openfold/openfold/utils/script_utils.py:Relaxation time: 211.27604522090405
INFO:/users/sgsrehm1/COMP702_BeyondAF/code/COMP390_code/openfold/openfold/utils/script_utils.py:Relaxed output written to /users/sgsrehm1/fastscratch/COMP702_ep32_inference/runs/4bp8_ep32_relaxed_100_9827077/repeat_63/predictions/4bp8_A_model_1_relaxed.pdb...
/users/sgsrehm1/COMP702_BeyondAF/code/COMP390_code/openfold/openfold/utils/script_utils.py:131: FutureWarning: You are using `torch.load` with `weights_only=False` (the current default value), which uses the default pickle module implicitly. It is possible to construct malicious pickle data which will execute arbitrary code during unpickling (See https://github.com/pytorch/pytorch/blob/main/SECURITY.md#untrusted-models for more details). In a future release, the default value for `weights_only` will be flipped to `True`. This limits the functions that could be executed during unpickling. Arbitrary objects will no longer be allowed to be loaded via this mode unless they are explicitly allowlisted by the user via `torch.serialization.add_safe_globals`. We recommend you start setting `weights_only=True` for any use case where you don't have full control of the loaded file. Please open an issue on GitHub for any issues related to this experimental feature.
  d = torch.load(ckpt_path)
INFO:/users/sgsrehm1/COMP702_BeyondAF/code/COMP390_code/openfold/openfold/utils/script_utils.py:Loaded OpenFold parameters at /users/sgsrehm1/COMP702_BeyondAF/code/COMP390_code/checkpoints/run_subset_gpu32_h100_ep33/csv_logs/version_0/checkpoints/32-330000.ckpt...
INFO:/users/sgsrehm1/COMP702_BeyondAF/code/COMP390_code/openfold/run_pretrained_openfold.py:Using precomputed alignments for 4bp8_A at /users/sgsrehm1/scratch/openfold_inference/alignments_cf...
INFO:/users/sgsrehm1/COMP702_BeyondAF/code/COMP390_code/openfold/openfold/utils/script_utils.py:Running inference for 4bp8_A...
INFO:/users/sgsrehm1/COMP702_BeyondAF/code/COMP390_code/openfold/openfold/utils/script_utils.py:Inference time: 45.434570577926934
/users/sgsrehm1/COMP702_BeyondAF/code/COMP390_code/openfold/run_pretrained_openfold.py:351: DeprecationWarning: __array__ implementation doesn't accept a copy keyword, so passing copy=False failed. __array__ must implement 'dtype' and 'copy' keyword arguments. To learn more, see the migration guide https://numpy.org/devdocs/numpy_2_0_migration_guide.html#adapting-to-changes-in-the-copy-keyword
  lambda x: np.array(x[..., -1].cpu()),
/users/sgsrehm1/COMP702_BeyondAF/code/COMP390_code/openfold/run_pretrained_openfold.py:354: DeprecationWarning: __array__ implementation doesn't accept a copy keyword, so passing copy=False failed. __array__ must implement 'dtype' and 'copy' keyword arguments. To learn more, see the migration guide https://numpy.org/devdocs/numpy_2_0_migration_guide.html#adapting-to-changes-in-the-copy-keyword
  out = tensor_tree_map(lambda x: np.array(x.cpu()), out)
INFO:/users/sgsrehm1/COMP702_BeyondAF/code/COMP390_code/openfold/run_pretrained_openfold.py:Output written to /users/sgsrehm1/fastscratch/COMP702_ep32_inference/runs/4bp8_ep32_relaxed_100_9827077/repeat_64/predictions/4bp8_A_model_1_unrelaxed.pdb...
INFO:/users/sgsrehm1/COMP702_BeyondAF/code/COMP390_code/openfold/run_pretrained_openfold.py:Running relaxation on /users/sgsrehm1/fastscratch/COMP702_ep32_inference/runs/4bp8_ep32_relaxed_100_9827077/repeat_64/predictions/4bp8_A_model_1_unrelaxed.pdb...
INFO:/users/sgsrehm1/COMP702_BeyondAF/code/COMP390_code/openfold/openfold/utils/script_utils.py:Relaxation time: 37.574260879307985
INFO:/users/sgsrehm1/COMP702_BeyondAF/code/COMP390_code/openfold/openfold/utils/script_utils.py:Relaxed output written to /users/sgsrehm1/fastscratch/COMP702_ep32_inference/runs/4bp8_ep32_relaxed_100_9827077/repeat_64/predictions/4bp8_A_model_1_relaxed.pdb...
/users/sgsrehm1/COMP702_BeyondAF/code/COMP390_code/openfold/openfold/utils/script_utils.py:131: FutureWarning: You are using `torch.load` with `weights_only=False` (the current default value), which uses the default pickle module implicitly. It is possible to construct malicious pickle data which will execute arbitrary code during unpickling (See https://github.com/pytorch/pytorch/blob/main/SECURITY.md#untrusted-models for more details). In a future release, the default value for `weights_only` will be flipped to `True`. This limits the functions that could be executed during unpickling. Arbitrary objects will no longer be allowed to be loaded via this mode unless they are explicitly allowlisted by the user via `torch.serialization.add_safe_globals`. We recommend you start setting `weights_only=True` for any use case where you don't have full control of the loaded file. Please open an issue on GitHub for any issues related to this experimental feature.
  d = torch.load(ckpt_path)
INFO:/users/sgsrehm1/COMP702_BeyondAF/code/COMP390_code/openfold/openfold/utils/script_utils.py:Loaded OpenFold parameters at /users/sgsrehm1/COMP702_BeyondAF/code/COMP390_code/checkpoints/run_subset_gpu32_h100_ep33/csv_logs/version_0/checkpoints/32-330000.ckpt...
INFO:/users/sgsrehm1/COMP702_BeyondAF/code/COMP390_code/openfold/run_pretrained_openfold.py:Using precomputed alignments for 4bp8_A at /users/sgsrehm1/scratch/openfold_inference/alignments_cf...
INFO:/users/sgsrehm1/COMP702_BeyondAF/code/COMP390_code/openfold/openfold/utils/script_utils.py:Running inference for 4bp8_A...
INFO:/users/sgsrehm1/COMP702_BeyondAF/code/COMP390_code/openfold/openfold/utils/script_utils.py:Inference time: 45.43375973496586
/users/sgsrehm1/COMP702_BeyondAF/code/COMP390_code/openfold/run_pretrained_openfold.py:351: DeprecationWarning: __array__ implementation doesn't accept a copy keyword, so passing copy=False failed. __array__ must implement 'dtype' and 'copy' keyword arguments. To learn more, see the migration guide https://numpy.org/devdocs/numpy_2_0_migration_guide.html#adapting-to-changes-in-the-copy-keyword
  lambda x: np.array(x[..., -1].cpu()),
/users/sgsrehm1/COMP702_BeyondAF/code/COMP390_code/openfold/run_pretrained_openfold.py:354: DeprecationWarning: __array__ implementation doesn't accept a copy keyword, so passing copy=False failed. __array__ must implement 'dtype' and 'copy' keyword arguments. To learn more, see the migration guide https://numpy.org/devdocs/numpy_2_0_migration_guide.html#adapting-to-changes-in-the-copy-keyword
  out = tensor_tree_map(lambda x: np.array(x.cpu()), out)
INFO:/users/sgsrehm1/COMP702_BeyondAF/code/COMP390_code/openfold/run_pretrained_openfold.py:Output written to /users/sgsrehm1/fastscratch/COMP702_ep32_inference/runs/4bp8_ep32_relaxed_100_9827077/repeat_65/predictions/4bp8_A_model_1_unrelaxed.pdb...
INFO:/users/sgsrehm1/COMP702_BeyondAF/code/COMP390_code/openfold/run_pretrained_openfold.py:Running relaxation on /users/sgsrehm1/fastscratch/COMP702_ep32_inference/runs/4bp8_ep32_relaxed_100_9827077/repeat_65/predictions/4bp8_A_model_1_unrelaxed.pdb...
INFO:/users/sgsrehm1/COMP702_BeyondAF/code/COMP390_code/openfold/openfold/utils/script_utils.py:Relaxation time: 37.24186697974801
INFO:/users/sgsrehm1/COMP702_BeyondAF/code/COMP390_code/openfold/openfold/utils/script_utils.py:Relaxed output written to /users/sgsrehm1/fastscratch/COMP702_ep32_inference/runs/4bp8_ep32_relaxed_100_9827077/repeat_65/predictions/4bp8_A_model_1_relaxed.pdb...
/users/sgsrehm1/COMP702_BeyondAF/code/COMP390_code/openfold/openfold/utils/script_utils.py:131: FutureWarning: You are using `torch.load` with `weights_only=False` (the current default value), which uses the default pickle module implicitly. It is possible to construct malicious pickle data which will execute arbitrary code during unpickling (See https://github.com/pytorch/pytorch/blob/main/SECURITY.md#untrusted-models for more details). In a future release, the default value for `weights_only` will be flipped to `True`. This limits the functions that could be executed during unpickling. Arbitrary objects will no longer be allowed to be loaded via this mode unless they are explicitly allowlisted by the user via `torch.serialization.add_safe_globals`. We recommend you start setting `weights_only=True` for any use case where you don't have full control of the loaded file. Please open an issue on GitHub for any issues related to this experimental feature.
  d = torch.load(ckpt_path)
INFO:/users/sgsrehm1/COMP702_BeyondAF/code/COMP390_code/openfold/openfold/utils/script_utils.py:Loaded OpenFold parameters at /users/sgsrehm1/COMP702_BeyondAF/code/COMP390_code/checkpoints/run_subset_gpu32_h100_ep33/csv_logs/version_0/checkpoints/32-330000.ckpt...
INFO:/users/sgsrehm1/COMP702_BeyondAF/code/COMP390_code/openfold/run_pretrained_openfold.py:Using precomputed alignments for 4bp8_A at /users/sgsrehm1/scratch/openfold_inference/alignments_cf...
INFO:/users/sgsrehm1/COMP702_BeyondAF/code/COMP390_code/openfold/openfold/utils/script_utils.py:Running inference for 4bp8_A...
INFO:/users/sgsrehm1/COMP702_BeyondAF/code/COMP390_code/openfold/openfold/utils/script_utils.py:Inference time: 45.53450532257557
/users/sgsrehm1/COMP702_BeyondAF/code/COMP390_code/openfold/run_pretrained_openfold.py:351: DeprecationWarning: __array__ implementation doesn't accept a copy keyword, so passing copy=False failed. __array__ must implement 'dtype' and 'copy' keyword arguments. To learn more, see the migration guide https://numpy.org/devdocs/numpy_2_0_migration_guide.html#adapting-to-changes-in-the-copy-keyword
  lambda x: np.array(x[..., -1].cpu()),
/users/sgsrehm1/COMP702_BeyondAF/code/COMP390_code/openfold/run_pretrained_openfold.py:354: DeprecationWarning: __array__ implementation doesn't accept a copy keyword, so passing copy=False failed. __array__ must implement 'dtype' and 'copy' keyword arguments. To learn more, see the migration guide https://numpy.org/devdocs/numpy_2_0_migration_guide.html#adapting-to-changes-in-the-copy-keyword
  out = tensor_tree_map(lambda x: np.array(x.cpu()), out)
INFO:/users/sgsrehm1/COMP702_BeyondAF/code/COMP390_code/openfold/run_pretrained_openfold.py:Output written to /users/sgsrehm1/fastscratch/COMP702_ep32_inference/runs/4bp8_ep32_relaxed_100_9827077/repeat_66/predictions/4bp8_A_model_1_unrelaxed.pdb...
INFO:/users/sgsrehm1/COMP702_BeyondAF/code/COMP390_code/openfold/run_pretrained_openfold.py:Running relaxation on /users/sgsrehm1/fastscratch/COMP702_ep32_inference/runs/4bp8_ep32_relaxed_100_9827077/repeat_66/predictions/4bp8_A_model_1_unrelaxed.pdb...
INFO:/users/sgsrehm1/COMP702_BeyondAF/code/COMP390_code/openfold/openfold/utils/script_utils.py:Relaxation time: 217.62110456638038
INFO:/users/sgsrehm1/COMP702_BeyondAF/code/COMP390_code/openfold/openfold/utils/script_utils.py:Relaxed output written to /users/sgsrehm1/fastscratch/COMP702_ep32_inference/runs/4bp8_ep32_relaxed_100_9827077/repeat_66/predictions/4bp8_A_model_1_relaxed.pdb...
/users/sgsrehm1/COMP702_BeyondAF/code/COMP390_code/openfold/openfold/utils/script_utils.py:131: FutureWarning: You are using `torch.load` with `weights_only=False` (the current default value), which uses the default pickle module implicitly. It is possible to construct malicious pickle data which will execute arbitrary code during unpickling (See https://github.com/pytorch/pytorch/blob/main/SECURITY.md#untrusted-models for more details). In a future release, the default value for `weights_only` will be flipped to `True`. This limits the functions that could be executed during unpickling. Arbitrary objects will no longer be allowed to be loaded via this mode unless they are explicitly allowlisted by the user via `torch.serialization.add_safe_globals`. We recommend you start setting `weights_only=True` for any use case where you don't have full control of the loaded file. Please open an issue on GitHub for any issues related to this experimental feature.
  d = torch.load(ckpt_path)
INFO:/users/sgsrehm1/COMP702_BeyondAF/code/COMP390_code/openfold/openfold/utils/script_utils.py:Loaded OpenFold parameters at /users/sgsrehm1/COMP702_BeyondAF/code/COMP390_code/checkpoints/run_subset_gpu32_h100_ep33/csv_logs/version_0/checkpoints/32-330000.ckpt...
INFO:/users/sgsrehm1/COMP702_BeyondAF/code/COMP390_code/openfold/run_pretrained_openfold.py:Using precomputed alignments for 4bp8_A at /users/sgsrehm1/scratch/openfold_inference/alignments_cf...
INFO:/users/sgsrehm1/COMP702_BeyondAF/code/COMP390_code/openfold/openfold/utils/script_utils.py:Running inference for 4bp8_A...
INFO:/users/sgsrehm1/COMP702_BeyondAF/code/COMP390_code/openfold/openfold/utils/script_utils.py:Inference time: 45.481632557697594
/users/sgsrehm1/COMP702_BeyondAF/code/COMP390_code/openfold/run_pretrained_openfold.py:351: DeprecationWarning: __array__ implementation doesn't accept a copy keyword, so passing copy=False failed. __array__ must implement 'dtype' and 'copy' keyword arguments. To learn more, see the migration guide https://numpy.org/devdocs/numpy_2_0_migration_guide.html#adapting-to-changes-in-the-copy-keyword
  lambda x: np.array(x[..., -1].cpu()),
/users/sgsrehm1/COMP702_BeyondAF/code/COMP390_code/openfold/run_pretrained_openfold.py:354: DeprecationWarning: __array__ implementation doesn't accept a copy keyword, so passing copy=False failed. __array__ must implement 'dtype' and 'copy' keyword arguments. To learn more, see the migration guide https://numpy.org/devdocs/numpy_2_0_migration_guide.html#adapting-to-changes-in-the-copy-keyword
  out = tensor_tree_map(lambda x: np.array(x.cpu()), out)
INFO:/users/sgsrehm1/COMP702_BeyondAF/code/COMP390_code/openfold/run_pretrained_openfold.py:Output written to /users/sgsrehm1/fastscratch/COMP702_ep32_inference/runs/4bp8_ep32_relaxed_100_9827077/repeat_67/predictions/4bp8_A_model_1_unrelaxed.pdb...
INFO:/users/sgsrehm1/COMP702_BeyondAF/code/COMP390_code/openfold/run_pretrained_openfold.py:Running relaxation on /users/sgsrehm1/fastscratch/COMP702_ep32_inference/runs/4bp8_ep32_relaxed_100_9827077/repeat_67/predictions/4bp8_A_model_1_unrelaxed.pdb...
INFO:/users/sgsrehm1/COMP702_BeyondAF/code/COMP390_code/openfold/openfold/utils/script_utils.py:Relaxation time: 216.1585001181811
INFO:/users/sgsrehm1/COMP702_BeyondAF/code/COMP390_code/openfold/openfold/utils/script_utils.py:Relaxed output written to /users/sgsrehm1/fastscratch/COMP702_ep32_inference/runs/4bp8_ep32_relaxed_100_9827077/repeat_67/predictions/4bp8_A_model_1_relaxed.pdb...
/users/sgsrehm1/COMP702_BeyondAF/code/COMP390_code/openfold/openfold/utils/script_utils.py:131: FutureWarning: You are using `torch.load` with `weights_only=False` (the current default value), which uses the default pickle module implicitly. It is possible to construct malicious pickle data which will execute arbitrary code during unpickling (See https://github.com/pytorch/pytorch/blob/main/SECURITY.md#untrusted-models for more details). In a future release, the default value for `weights_only` will be flipped to `True`. This limits the functions that could be executed during unpickling. Arbitrary objects will no longer be allowed to be loaded via this mode unless they are explicitly allowlisted by the user via `torch.serialization.add_safe_globals`. We recommend you start setting `weights_only=True` for any use case where you don't have full control of the loaded file. Please open an issue on GitHub for any issues related to this experimental feature.
  d = torch.load(ckpt_path)
INFO:/users/sgsrehm1/COMP702_BeyondAF/code/COMP390_code/openfold/openfold/utils/script_utils.py:Loaded OpenFold parameters at /users/sgsrehm1/COMP702_BeyondAF/code/COMP390_code/checkpoints/run_subset_gpu32_h100_ep33/csv_logs/version_0/checkpoints/32-330000.ckpt...
INFO:/users/sgsrehm1/COMP702_BeyondAF/code/COMP390_code/openfold/run_pretrained_openfold.py:Using precomputed alignments for 4bp8_A at /users/sgsrehm1/scratch/openfold_inference/alignments_cf...
INFO:/users/sgsrehm1/COMP702_BeyondAF/code/COMP390_code/openfold/openfold/utils/script_utils.py:Running inference for 4bp8_A...
INFO:/users/sgsrehm1/COMP702_BeyondAF/code/COMP390_code/openfold/openfold/utils/script_utils.py:Inference time: 45.39176358375698
/users/sgsrehm1/COMP702_BeyondAF/code/COMP390_code/openfold/run_pretrained_openfold.py:351: DeprecationWarning: __array__ implementation doesn't accept a copy keyword, so passing copy=False failed. __array__ must implement 'dtype' and 'copy' keyword arguments. To learn more, see the migration guide https://numpy.org/devdocs/numpy_2_0_migration_guide.html#adapting-to-changes-in-the-copy-keyword
  lambda x: np.array(x[..., -1].cpu()),
/users/sgsrehm1/COMP702_BeyondAF/code/COMP390_code/openfold/run_pretrained_openfold.py:354: DeprecationWarning: __array__ implementation doesn't accept a copy keyword, so passing copy=False failed. __array__ must implement 'dtype' and 'copy' keyword arguments. To learn more, see the migration guide https://numpy.org/devdocs/numpy_2_0_migration_guide.html#adapting-to-changes-in-the-copy-keyword
  out = tensor_tree_map(lambda x: np.array(x.cpu()), out)
INFO:/users/sgsrehm1/COMP702_BeyondAF/code/COMP390_code/openfold/run_pretrained_openfold.py:Output written to /users/sgsrehm1/fastscratch/COMP702_ep32_inference/runs/4bp8_ep32_relaxed_100_9827077/repeat_68/predictions/4bp8_A_model_1_unrelaxed.pdb...
INFO:/users/sgsrehm1/COMP702_BeyondAF/code/COMP390_code/openfold/run_pretrained_openfold.py:Running relaxation on /users/sgsrehm1/fastscratch/COMP702_ep32_inference/runs/4bp8_ep32_relaxed_100_9827077/repeat_68/predictions/4bp8_A_model_1_unrelaxed.pdb...
INFO:/users/sgsrehm1/COMP702_BeyondAF/code/COMP390_code/openfold/openfold/utils/script_utils.py:Relaxation time: 215.73989896290004
INFO:/users/sgsrehm1/COMP702_BeyondAF/code/COMP390_code/openfold/openfold/utils/script_utils.py:Relaxed output written to /users/sgsrehm1/fastscratch/COMP702_ep32_inference/runs/4bp8_ep32_relaxed_100_9827077/repeat_68/predictions/4bp8_A_model_1_relaxed.pdb...
/users/sgsrehm1/COMP702_BeyondAF/code/COMP390_code/openfold/openfold/utils/script_utils.py:131: FutureWarning: You are using `torch.load` with `weights_only=False` (the current default value), which uses the default pickle module implicitly. It is possible to construct malicious pickle data which will execute arbitrary code during unpickling (See https://github.com/pytorch/pytorch/blob/main/SECURITY.md#untrusted-models for more details). In a future release, the default value for `weights_only` will be flipped to `True`. This limits the functions that could be executed during unpickling. Arbitrary objects will no longer be allowed to be loaded via this mode unless they are explicitly allowlisted by the user via `torch.serialization.add_safe_globals`. We recommend you start setting `weights_only=True` for any use case where you don't have full control of the loaded file. Please open an issue on GitHub for any issues related to this experimental feature.
  d = torch.load(ckpt_path)
INFO:/users/sgsrehm1/COMP702_BeyondAF/code/COMP390_code/openfold/openfold/utils/script_utils.py:Loaded OpenFold parameters at /users/sgsrehm1/COMP702_BeyondAF/code/COMP390_code/checkpoints/run_subset_gpu32_h100_ep33/csv_logs/version_0/checkpoints/32-330000.ckpt...
INFO:/users/sgsrehm1/COMP702_BeyondAF/code/COMP390_code/openfold/run_pretrained_openfold.py:Using precomputed alignments for 4bp8_A at /users/sgsrehm1/scratch/openfold_inference/alignments_cf...
INFO:/users/sgsrehm1/COMP702_BeyondAF/code/COMP390_code/openfold/openfold/utils/script_utils.py:Running inference for 4bp8_A...
INFO:/users/sgsrehm1/COMP702_BeyondAF/code/COMP390_code/openfold/openfold/utils/script_utils.py:Inference time: 45.43761831521988
/users/sgsrehm1/COMP702_BeyondAF/code/COMP390_code/openfold/run_pretrained_openfold.py:351: DeprecationWarning: __array__ implementation doesn't accept a copy keyword, so passing copy=False failed. __array__ must implement 'dtype' and 'copy' keyword arguments. To learn more, see the migration guide https://numpy.org/devdocs/numpy_2_0_migration_guide.html#adapting-to-changes-in-the-copy-keyword
  lambda x: np.array(x[..., -1].cpu()),
/users/sgsrehm1/COMP702_BeyondAF/code/COMP390_code/openfold/run_pretrained_openfold.py:354: DeprecationWarning: __array__ implementation doesn't accept a copy keyword, so passing copy=False failed. __array__ must implement 'dtype' and 'copy' keyword arguments. To learn more, see the migration guide https://numpy.org/devdocs/numpy_2_0_migration_guide.html#adapting-to-changes-in-the-copy-keyword
  out = tensor_tree_map(lambda x: np.array(x.cpu()), out)
INFO:/users/sgsrehm1/COMP702_BeyondAF/code/COMP390_code/openfold/run_pretrained_openfold.py:Output written to /users/sgsrehm1/fastscratch/COMP702_ep32_inference/runs/4bp8_ep32_relaxed_100_9827077/repeat_69/predictions/4bp8_A_model_1_unrelaxed.pdb...
INFO:/users/sgsrehm1/COMP702_BeyondAF/code/COMP390_code/openfold/run_pretrained_openfold.py:Running relaxation on /users/sgsrehm1/fastscratch/COMP702_ep32_inference/runs/4bp8_ep32_relaxed_100_9827077/repeat_69/predictions/4bp8_A_model_1_unrelaxed.pdb...
INFO:/users/sgsrehm1/COMP702_BeyondAF/code/COMP390_code/openfold/openfold/utils/script_utils.py:Relaxation time: 46.735705483704805
INFO:/users/sgsrehm1/COMP702_BeyondAF/code/COMP390_code/openfold/openfold/utils/script_utils.py:Relaxed output written to /users/sgsrehm1/fastscratch/COMP702_ep32_inference/runs/4bp8_ep32_relaxed_100_9827077/repeat_69/predictions/4bp8_A_model_1_relaxed.pdb...
/users/sgsrehm1/COMP702_BeyondAF/code/COMP390_code/openfold/openfold/utils/script_utils.py:131: FutureWarning: You are using `torch.load` with `weights_only=False` (the current default value), which uses the default pickle module implicitly. It is possible to construct malicious pickle data which will execute arbitrary code during unpickling (See https://github.com/pytorch/pytorch/blob/main/SECURITY.md#untrusted-models for more details). In a future release, the default value for `weights_only` will be flipped to `True`. This limits the functions that could be executed during unpickling. Arbitrary objects will no longer be allowed to be loaded via this mode unless they are explicitly allowlisted by the user via `torch.serialization.add_safe_globals`. We recommend you start setting `weights_only=True` for any use case where you don't have full control of the loaded file. Please open an issue on GitHub for any issues related to this experimental feature.
  d = torch.load(ckpt_path)
INFO:/users/sgsrehm1/COMP702_BeyondAF/code/COMP390_code/openfold/openfold/utils/script_utils.py:Loaded OpenFold parameters at /users/sgsrehm1/COMP702_BeyondAF/code/COMP390_code/checkpoints/run_subset_gpu32_h100_ep33/csv_logs/version_0/checkpoints/32-330000.ckpt...
INFO:/users/sgsrehm1/COMP702_BeyondAF/code/COMP390_code/openfold/run_pretrained_openfold.py:Using precomputed alignments for 4bp8_A at /users/sgsrehm1/scratch/openfold_inference/alignments_cf...
INFO:/users/sgsrehm1/COMP702_BeyondAF/code/COMP390_code/openfold/openfold/utils/script_utils.py:Running inference for 4bp8_A...
INFO:/users/sgsrehm1/COMP702_BeyondAF/code/COMP390_code/openfold/openfold/utils/script_utils.py:Inference time: 45.42338738590479
/users/sgsrehm1/COMP702_BeyondAF/code/COMP390_code/openfold/run_pretrained_openfold.py:351: DeprecationWarning: __array__ implementation doesn't accept a copy keyword, so passing copy=False failed. __array__ must implement 'dtype' and 'copy' keyword arguments. To learn more, see the migration guide https://numpy.org/devdocs/numpy_2_0_migration_guide.html#adapting-to-changes-in-the-copy-keyword
  lambda x: np.array(x[..., -1].cpu()),
/users/sgsrehm1/COMP702_BeyondAF/code/COMP390_code/openfold/run_pretrained_openfold.py:354: DeprecationWarning: __array__ implementation doesn't accept a copy keyword, so passing copy=False failed. __array__ must implement 'dtype' and 'copy' keyword arguments. To learn more, see the migration guide https://numpy.org/devdocs/numpy_2_0_migration_guide.html#adapting-to-changes-in-the-copy-keyword
  out = tensor_tree_map(lambda x: np.array(x.cpu()), out)
INFO:/users/sgsrehm1/COMP702_BeyondAF/code/COMP390_code/openfold/run_pretrained_openfold.py:Output written to /users/sgsrehm1/fastscratch/COMP702_ep32_inference/runs/4bp8_ep32_relaxed_100_9827077/repeat_70/predictions/4bp8_A_model_1_unrelaxed.pdb...
INFO:/users/sgsrehm1/COMP702_BeyondAF/code/COMP390_code/openfold/run_pretrained_openfold.py:Running relaxation on /users/sgsrehm1/fastscratch/COMP702_ep32_inference/runs/4bp8_ep32_relaxed_100_9827077/repeat_70/predictions/4bp8_A_model_1_unrelaxed.pdb...
INFO:/users/sgsrehm1/COMP702_BeyondAF/code/COMP390_code/openfold/openfold/utils/script_utils.py:Relaxation time: 49.008460549637675
INFO:/users/sgsrehm1/COMP702_BeyondAF/code/COMP390_code/openfold/openfold/utils/script_utils.py:Relaxed output written to /users/sgsrehm1/fastscratch/COMP702_ep32_inference/runs/4bp8_ep32_relaxed_100_9827077/repeat_70/predictions/4bp8_A_model_1_relaxed.pdb...
/users/sgsrehm1/COMP702_BeyondAF/code/COMP390_code/openfold/openfold/utils/script_utils.py:131: FutureWarning: You are using `torch.load` with `weights_only=False` (the current default value), which uses the default pickle module implicitly. It is possible to construct malicious pickle data which will execute arbitrary code during unpickling (See https://github.com/pytorch/pytorch/blob/main/SECURITY.md#untrusted-models for more details). In a future release, the default value for `weights_only` will be flipped to `True`. This limits the functions that could be executed during unpickling. Arbitrary objects will no longer be allowed to be loaded via this mode unless they are explicitly allowlisted by the user via `torch.serialization.add_safe_globals`. We recommend you start setting `weights_only=True` for any use case where you don't have full control of the loaded file. Please open an issue on GitHub for any issues related to this experimental feature.
  d = torch.load(ckpt_path)
INFO:/users/sgsrehm1/COMP702_BeyondAF/code/COMP390_code/openfold/openfold/utils/script_utils.py:Loaded OpenFold parameters at /users/sgsrehm1/COMP702_BeyondAF/code/COMP390_code/checkpoints/run_subset_gpu32_h100_ep33/csv_logs/version_0/checkpoints/32-330000.ckpt...
INFO:/users/sgsrehm1/COMP702_BeyondAF/code/COMP390_code/openfold/run_pretrained_openfold.py:Using precomputed alignments for 4bp8_A at /users/sgsrehm1/scratch/openfold_inference/alignments_cf...
INFO:/users/sgsrehm1/COMP702_BeyondAF/code/COMP390_code/openfold/openfold/utils/script_utils.py:Running inference for 4bp8_A...
INFO:/users/sgsrehm1/COMP702_BeyondAF/code/COMP390_code/openfold/openfold/utils/script_utils.py:Inference time: 45.45002597011626
/users/sgsrehm1/COMP702_BeyondAF/code/COMP390_code/openfold/run_pretrained_openfold.py:351: DeprecationWarning: __array__ implementation doesn't accept a copy keyword, so passing copy=False failed. __array__ must implement 'dtype' and 'copy' keyword arguments. To learn more, see the migration guide https://numpy.org/devdocs/numpy_2_0_migration_guide.html#adapting-to-changes-in-the-copy-keyword
  lambda x: np.array(x[..., -1].cpu()),
/users/sgsrehm1/COMP702_BeyondAF/code/COMP390_code/openfold/run_pretrained_openfold.py:354: DeprecationWarning: __array__ implementation doesn't accept a copy keyword, so passing copy=False failed. __array__ must implement 'dtype' and 'copy' keyword arguments. To learn more, see the migration guide https://numpy.org/devdocs/numpy_2_0_migration_guide.html#adapting-to-changes-in-the-copy-keyword
  out = tensor_tree_map(lambda x: np.array(x.cpu()), out)
INFO:/users/sgsrehm1/COMP702_BeyondAF/code/COMP390_code/openfold/run_pretrained_openfold.py:Output written to /users/sgsrehm1/fastscratch/COMP702_ep32_inference/runs/4bp8_ep32_relaxed_100_9827077/repeat_71/predictions/4bp8_A_model_1_unrelaxed.pdb...
INFO:/users/sgsrehm1/COMP702_BeyondAF/code/COMP390_code/openfold/run_pretrained_openfold.py:Running relaxation on /users/sgsrehm1/fastscratch/COMP702_ep32_inference/runs/4bp8_ep32_relaxed_100_9827077/repeat_71/predictions/4bp8_A_model_1_unrelaxed.pdb...
INFO:/users/sgsrehm1/COMP702_BeyondAF/code/COMP390_code/openfold/openfold/utils/script_utils.py:Relaxation time: 217.04218285623938
INFO:/users/sgsrehm1/COMP702_BeyondAF/code/COMP390_code/openfold/openfold/utils/script_utils.py:Relaxed output written to /users/sgsrehm1/fastscratch/COMP702_ep32_inference/runs/4bp8_ep32_relaxed_100_9827077/repeat_71/predictions/4bp8_A_model_1_relaxed.pdb...
/users/sgsrehm1/COMP702_BeyondAF/code/COMP390_code/openfold/openfold/utils/script_utils.py:131: FutureWarning: You are using `torch.load` with `weights_only=False` (the current default value), which uses the default pickle module implicitly. It is possible to construct malicious pickle data which will execute arbitrary code during unpickling (See https://github.com/pytorch/pytorch/blob/main/SECURITY.md#untrusted-models for more details). In a future release, the default value for `weights_only` will be flipped to `True`. This limits the functions that could be executed during unpickling. Arbitrary objects will no longer be allowed to be loaded via this mode unless they are explicitly allowlisted by the user via `torch.serialization.add_safe_globals`. We recommend you start setting `weights_only=True` for any use case where you don't have full control of the loaded file. Please open an issue on GitHub for any issues related to this experimental feature.
  d = torch.load(ckpt_path)
INFO:/users/sgsrehm1/COMP702_BeyondAF/code/COMP390_code/openfold/openfold/utils/script_utils.py:Loaded OpenFold parameters at /users/sgsrehm1/COMP702_BeyondAF/code/COMP390_code/checkpoints/run_subset_gpu32_h100_ep33/csv_logs/version_0/checkpoints/32-330000.ckpt...
INFO:/users/sgsrehm1/COMP702_BeyondAF/code/COMP390_code/openfold/run_pretrained_openfold.py:Using precomputed alignments for 4bp8_A at /users/sgsrehm1/scratch/openfold_inference/alignments_cf...
INFO:/users/sgsrehm1/COMP702_BeyondAF/code/COMP390_code/openfold/openfold/utils/script_utils.py:Running inference for 4bp8_A...
INFO:/users/sgsrehm1/COMP702_BeyondAF/code/COMP390_code/openfold/openfold/utils/script_utils.py:Inference time: 45.48189049679786
/users/sgsrehm1/COMP702_BeyondAF/code/COMP390_code/openfold/run_pretrained_openfold.py:351: DeprecationWarning: __array__ implementation doesn't accept a copy keyword, so passing copy=False failed. __array__ must implement 'dtype' and 'copy' keyword arguments. To learn more, see the migration guide https://numpy.org/devdocs/numpy_2_0_migration_guide.html#adapting-to-changes-in-the-copy-keyword
  lambda x: np.array(x[..., -1].cpu()),
/users/sgsrehm1/COMP702_BeyondAF/code/COMP390_code/openfold/run_pretrained_openfold.py:354: DeprecationWarning: __array__ implementation doesn't accept a copy keyword, so passing copy=False failed. __array__ must implement 'dtype' and 'copy' keyword arguments. To learn more, see the migration guide https://numpy.org/devdocs/numpy_2_0_migration_guide.html#adapting-to-changes-in-the-copy-keyword
  out = tensor_tree_map(lambda x: np.array(x.cpu()), out)
INFO:/users/sgsrehm1/COMP702_BeyondAF/code/COMP390_code/openfold/run_pretrained_openfold.py:Output written to /users/sgsrehm1/fastscratch/COMP702_ep32_inference/runs/4bp8_ep32_relaxed_100_9827077/repeat_72/predictions/4bp8_A_model_1_unrelaxed.pdb...
INFO:/users/sgsrehm1/COMP702_BeyondAF/code/COMP390_code/openfold/run_pretrained_openfold.py:Running relaxation on /users/sgsrehm1/fastscratch/COMP702_ep32_inference/runs/4bp8_ep32_relaxed_100_9827077/repeat_72/predictions/4bp8_A_model_1_unrelaxed.pdb...
INFO:/users/sgsrehm1/COMP702_BeyondAF/code/COMP390_code/openfold/openfold/utils/script_utils.py:Relaxation time: 37.44166985992342
INFO:/users/sgsrehm1/COMP702_BeyondAF/code/COMP390_code/openfold/openfold/utils/script_utils.py:Relaxed output written to /users/sgsrehm1/fastscratch/COMP702_ep32_inference/runs/4bp8_ep32_relaxed_100_9827077/repeat_72/predictions/4bp8_A_model_1_relaxed.pdb...
/users/sgsrehm1/COMP702_BeyondAF/code/COMP390_code/openfold/openfold/utils/script_utils.py:131: FutureWarning: You are using `torch.load` with `weights_only=False` (the current default value), which uses the default pickle module implicitly. It is possible to construct malicious pickle data which will execute arbitrary code during unpickling (See https://github.com/pytorch/pytorch/blob/main/SECURITY.md#untrusted-models for more details). In a future release, the default value for `weights_only` will be flipped to `True`. This limits the functions that could be executed during unpickling. Arbitrary objects will no longer be allowed to be loaded via this mode unless they are explicitly allowlisted by the user via `torch.serialization.add_safe_globals`. We recommend you start setting `weights_only=True` for any use case where you don't have full control of the loaded file. Please open an issue on GitHub for any issues related to this experimental feature.
  d = torch.load(ckpt_path)
INFO:/users/sgsrehm1/COMP702_BeyondAF/code/COMP390_code/openfold/openfold/utils/script_utils.py:Loaded OpenFold parameters at /users/sgsrehm1/COMP702_BeyondAF/code/COMP390_code/checkpoints/run_subset_gpu32_h100_ep33/csv_logs/version_0/checkpoints/32-330000.ckpt...
INFO:/users/sgsrehm1/COMP702_BeyondAF/code/COMP390_code/openfold/run_pretrained_openfold.py:Using precomputed alignments for 4bp8_A at /users/sgsrehm1/scratch/openfold_inference/alignments_cf...
INFO:/users/sgsrehm1/COMP702_BeyondAF/code/COMP390_code/openfold/openfold/utils/script_utils.py:Running inference for 4bp8_A...
INFO:/users/sgsrehm1/COMP702_BeyondAF/code/COMP390_code/openfold/openfold/utils/script_utils.py:Inference time: 45.390322600491345
/users/sgsrehm1/COMP702_BeyondAF/code/COMP390_code/openfold/run_pretrained_openfold.py:351: DeprecationWarning: __array__ implementation doesn't accept a copy keyword, so passing copy=False failed. __array__ must implement 'dtype' and 'copy' keyword arguments. To learn more, see the migration guide https://numpy.org/devdocs/numpy_2_0_migration_guide.html#adapting-to-changes-in-the-copy-keyword
  lambda x: np.array(x[..., -1].cpu()),
/users/sgsrehm1/COMP702_BeyondAF/code/COMP390_code/openfold/run_pretrained_openfold.py:354: DeprecationWarning: __array__ implementation doesn't accept a copy keyword, so passing copy=False failed. __array__ must implement 'dtype' and 'copy' keyword arguments. To learn more, see the migration guide https://numpy.org/devdocs/numpy_2_0_migration_guide.html#adapting-to-changes-in-the-copy-keyword
  out = tensor_tree_map(lambda x: np.array(x.cpu()), out)
INFO:/users/sgsrehm1/COMP702_BeyondAF/code/COMP390_code/openfold/run_pretrained_openfold.py:Output written to /users/sgsrehm1/fastscratch/COMP702_ep32_inference/runs/4bp8_ep32_relaxed_100_9827077/repeat_73/predictions/4bp8_A_model_1_unrelaxed.pdb...
INFO:/users/sgsrehm1/COMP702_BeyondAF/code/COMP390_code/openfold/run_pretrained_openfold.py:Running relaxation on /users/sgsrehm1/fastscratch/COMP702_ep32_inference/runs/4bp8_ep32_relaxed_100_9827077/repeat_73/predictions/4bp8_A_model_1_unrelaxed.pdb...
INFO:/users/sgsrehm1/COMP702_BeyondAF/code/COMP390_code/openfold/openfold/utils/script_utils.py:Relaxation time: 47.129229600541294
INFO:/users/sgsrehm1/COMP702_BeyondAF/code/COMP390_code/openfold/openfold/utils/script_utils.py:Relaxed output written to /users/sgsrehm1/fastscratch/COMP702_ep32_inference/runs/4bp8_ep32_relaxed_100_9827077/repeat_73/predictions/4bp8_A_model_1_relaxed.pdb...
/users/sgsrehm1/COMP702_BeyondAF/code/COMP390_code/openfold/openfold/utils/script_utils.py:131: FutureWarning: You are using `torch.load` with `weights_only=False` (the current default value), which uses the default pickle module implicitly. It is possible to construct malicious pickle data which will execute arbitrary code during unpickling (See https://github.com/pytorch/pytorch/blob/main/SECURITY.md#untrusted-models for more details). In a future release, the default value for `weights_only` will be flipped to `True`. This limits the functions that could be executed during unpickling. Arbitrary objects will no longer be allowed to be loaded via this mode unless they are explicitly allowlisted by the user via `torch.serialization.add_safe_globals`. We recommend you start setting `weights_only=True` for any use case where you don't have full control of the loaded file. Please open an issue on GitHub for any issues related to this experimental feature.
  d = torch.load(ckpt_path)
INFO:/users/sgsrehm1/COMP702_BeyondAF/code/COMP390_code/openfold/openfold/utils/script_utils.py:Loaded OpenFold parameters at /users/sgsrehm1/COMP702_BeyondAF/code/COMP390_code/checkpoints/run_subset_gpu32_h100_ep33/csv_logs/version_0/checkpoints/32-330000.ckpt...
INFO:/users/sgsrehm1/COMP702_BeyondAF/code/COMP390_code/openfold/run_pretrained_openfold.py:Using precomputed alignments for 4bp8_A at /users/sgsrehm1/scratch/openfold_inference/alignments_cf...
INFO:/users/sgsrehm1/COMP702_BeyondAF/code/COMP390_code/openfold/openfold/utils/script_utils.py:Running inference for 4bp8_A...
INFO:/users/sgsrehm1/COMP702_BeyondAF/code/COMP390_code/openfold/openfold/utils/script_utils.py:Inference time: 45.43350861594081
/users/sgsrehm1/COMP702_BeyondAF/code/COMP390_code/openfold/run_pretrained_openfold.py:351: DeprecationWarning: __array__ implementation doesn't accept a copy keyword, so passing copy=False failed. __array__ must implement 'dtype' and 'copy' keyword arguments. To learn more, see the migration guide https://numpy.org/devdocs/numpy_2_0_migration_guide.html#adapting-to-changes-in-the-copy-keyword
  lambda x: np.array(x[..., -1].cpu()),
/users/sgsrehm1/COMP702_BeyondAF/code/COMP390_code/openfold/run_pretrained_openfold.py:354: DeprecationWarning: __array__ implementation doesn't accept a copy keyword, so passing copy=False failed. __array__ must implement 'dtype' and 'copy' keyword arguments. To learn more, see the migration guide https://numpy.org/devdocs/numpy_2_0_migration_guide.html#adapting-to-changes-in-the-copy-keyword
  out = tensor_tree_map(lambda x: np.array(x.cpu()), out)
INFO:/users/sgsrehm1/COMP702_BeyondAF/code/COMP390_code/openfold/run_pretrained_openfold.py:Output written to /users/sgsrehm1/fastscratch/COMP702_ep32_inference/runs/4bp8_ep32_relaxed_100_9827077/repeat_74/predictions/4bp8_A_model_1_unrelaxed.pdb...
INFO:/users/sgsrehm1/COMP702_BeyondAF/code/COMP390_code/openfold/run_pretrained_openfold.py:Running relaxation on /users/sgsrehm1/fastscratch/COMP702_ep32_inference/runs/4bp8_ep32_relaxed_100_9827077/repeat_74/predictions/4bp8_A_model_1_unrelaxed.pdb...
INFO:/users/sgsrehm1/COMP702_BeyondAF/code/COMP390_code/openfold/openfold/utils/script_utils.py:Relaxation time: 38.04430309962481
INFO:/users/sgsrehm1/COMP702_BeyondAF/code/COMP390_code/openfold/openfold/utils/script_utils.py:Relaxed output written to /users/sgsrehm1/fastscratch/COMP702_ep32_inference/runs/4bp8_ep32_relaxed_100_9827077/repeat_74/predictions/4bp8_A_model_1_relaxed.pdb...
/users/sgsrehm1/COMP702_BeyondAF/code/COMP390_code/openfold/openfold/utils/script_utils.py:131: FutureWarning: You are using `torch.load` with `weights_only=False` (the current default value), which uses the default pickle module implicitly. It is possible to construct malicious pickle data which will execute arbitrary code during unpickling (See https://github.com/pytorch/pytorch/blob/main/SECURITY.md#untrusted-models for more details). In a future release, the default value for `weights_only` will be flipped to `True`. This limits the functions that could be executed during unpickling. Arbitrary objects will no longer be allowed to be loaded via this mode unless they are explicitly allowlisted by the user via `torch.serialization.add_safe_globals`. We recommend you start setting `weights_only=True` for any use case where you don't have full control of the loaded file. Please open an issue on GitHub for any issues related to this experimental feature.
  d = torch.load(ckpt_path)
INFO:/users/sgsrehm1/COMP702_BeyondAF/code/COMP390_code/openfold/openfold/utils/script_utils.py:Loaded OpenFold parameters at /users/sgsrehm1/COMP702_BeyondAF/code/COMP390_code/checkpoints/run_subset_gpu32_h100_ep33/csv_logs/version_0/checkpoints/32-330000.ckpt...
INFO:/users/sgsrehm1/COMP702_BeyondAF/code/COMP390_code/openfold/run_pretrained_openfold.py:Using precomputed alignments for 4bp8_A at /users/sgsrehm1/scratch/openfold_inference/alignments_cf...
INFO:/users/sgsrehm1/COMP702_BeyondAF/code/COMP390_code/openfold/openfold/utils/script_utils.py:Running inference for 4bp8_A...
INFO:/users/sgsrehm1/COMP702_BeyondAF/code/COMP390_code/openfold/openfold/utils/script_utils.py:Inference time: 45.41890608519316
/users/sgsrehm1/COMP702_BeyondAF/code/COMP390_code/openfold/run_pretrained_openfold.py:351: DeprecationWarning: __array__ implementation doesn't accept a copy keyword, so passing copy=False failed. __array__ must implement 'dtype' and 'copy' keyword arguments. To learn more, see the migration guide https://numpy.org/devdocs/numpy_2_0_migration_guide.html#adapting-to-changes-in-the-copy-keyword
  lambda x: np.array(x[..., -1].cpu()),
/users/sgsrehm1/COMP702_BeyondAF/code/COMP390_code/openfold/run_pretrained_openfold.py:354: DeprecationWarning: __array__ implementation doesn't accept a copy keyword, so passing copy=False failed. __array__ must implement 'dtype' and 'copy' keyword arguments. To learn more, see the migration guide https://numpy.org/devdocs/numpy_2_0_migration_guide.html#adapting-to-changes-in-the-copy-keyword
  out = tensor_tree_map(lambda x: np.array(x.cpu()), out)
INFO:/users/sgsrehm1/COMP702_BeyondAF/code/COMP390_code/openfold/run_pretrained_openfold.py:Output written to /users/sgsrehm1/fastscratch/COMP702_ep32_inference/runs/4bp8_ep32_relaxed_100_9827077/repeat_75/predictions/4bp8_A_model_1_unrelaxed.pdb...
INFO:/users/sgsrehm1/COMP702_BeyondAF/code/COMP390_code/openfold/run_pretrained_openfold.py:Running relaxation on /users/sgsrehm1/fastscratch/COMP702_ep32_inference/runs/4bp8_ep32_relaxed_100_9827077/repeat_75/predictions/4bp8_A_model_1_unrelaxed.pdb...
INFO:/users/sgsrehm1/COMP702_BeyondAF/code/COMP390_code/openfold/openfold/utils/script_utils.py:Relaxation time: 217.6912641786039
INFO:/users/sgsrehm1/COMP702_BeyondAF/code/COMP390_code/openfold/openfold/utils/script_utils.py:Relaxed output written to /users/sgsrehm1/fastscratch/COMP702_ep32_inference/runs/4bp8_ep32_relaxed_100_9827077/repeat_75/predictions/4bp8_A_model_1_relaxed.pdb...
/users/sgsrehm1/COMP702_BeyondAF/code/COMP390_code/openfold/openfold/utils/script_utils.py:131: FutureWarning: You are using `torch.load` with `weights_only=False` (the current default value), which uses the default pickle module implicitly. It is possible to construct malicious pickle data which will execute arbitrary code during unpickling (See https://github.com/pytorch/pytorch/blob/main/SECURITY.md#untrusted-models for more details). In a future release, the default value for `weights_only` will be flipped to `True`. This limits the functions that could be executed during unpickling. Arbitrary objects will no longer be allowed to be loaded via this mode unless they are explicitly allowlisted by the user via `torch.serialization.add_safe_globals`. We recommend you start setting `weights_only=True` for any use case where you don't have full control of the loaded file. Please open an issue on GitHub for any issues related to this experimental feature.
  d = torch.load(ckpt_path)
INFO:/users/sgsrehm1/COMP702_BeyondAF/code/COMP390_code/openfold/openfold/utils/script_utils.py:Loaded OpenFold parameters at /users/sgsrehm1/COMP702_BeyondAF/code/COMP390_code/checkpoints/run_subset_gpu32_h100_ep33/csv_logs/version_0/checkpoints/32-330000.ckpt...
INFO:/users/sgsrehm1/COMP702_BeyondAF/code/COMP390_code/openfold/run_pretrained_openfold.py:Using precomputed alignments for 4bp8_A at /users/sgsrehm1/scratch/openfold_inference/alignments_cf...
INFO:/users/sgsrehm1/COMP702_BeyondAF/code/COMP390_code/openfold/openfold/utils/script_utils.py:Running inference for 4bp8_A...
INFO:/users/sgsrehm1/COMP702_BeyondAF/code/COMP390_code/openfold/openfold/utils/script_utils.py:Inference time: 45.39842524752021
/users/sgsrehm1/COMP702_BeyondAF/code/COMP390_code/openfold/run_pretrained_openfold.py:351: DeprecationWarning: __array__ implementation doesn't accept a copy keyword, so passing copy=False failed. __array__ must implement 'dtype' and 'copy' keyword arguments. To learn more, see the migration guide https://numpy.org/devdocs/numpy_2_0_migration_guide.html#adapting-to-changes-in-the-copy-keyword
  lambda x: np.array(x[..., -1].cpu()),
/users/sgsrehm1/COMP702_BeyondAF/code/COMP390_code/openfold/run_pretrained_openfold.py:354: DeprecationWarning: __array__ implementation doesn't accept a copy keyword, so passing copy=False failed. __array__ must implement 'dtype' and 'copy' keyword arguments. To learn more, see the migration guide https://numpy.org/devdocs/numpy_2_0_migration_guide.html#adapting-to-changes-in-the-copy-keyword
  out = tensor_tree_map(lambda x: np.array(x.cpu()), out)
INFO:/users/sgsrehm1/COMP702_BeyondAF/code/COMP390_code/openfold/run_pretrained_openfold.py:Output written to /users/sgsrehm1/fastscratch/COMP702_ep32_inference/runs/4bp8_ep32_relaxed_100_9827077/repeat_76/predictions/4bp8_A_model_1_unrelaxed.pdb...
INFO:/users/sgsrehm1/COMP702_BeyondAF/code/COMP390_code/openfold/run_pretrained_openfold.py:Running relaxation on /users/sgsrehm1/fastscratch/COMP702_ep32_inference/runs/4bp8_ep32_relaxed_100_9827077/repeat_76/predictions/4bp8_A_model_1_unrelaxed.pdb...
INFO:/users/sgsrehm1/COMP702_BeyondAF/code/COMP390_code/openfold/openfold/utils/script_utils.py:Relaxation time: 47.55278335232288
INFO:/users/sgsrehm1/COMP702_BeyondAF/code/COMP390_code/openfold/openfold/utils/script_utils.py:Relaxed output written to /users/sgsrehm1/fastscratch/COMP702_ep32_inference/runs/4bp8_ep32_relaxed_100_9827077/repeat_76/predictions/4bp8_A_model_1_relaxed.pdb...
/users/sgsrehm1/COMP702_BeyondAF/code/COMP390_code/openfold/openfold/utils/script_utils.py:131: FutureWarning: You are using `torch.load` with `weights_only=False` (the current default value), which uses the default pickle module implicitly. It is possible to construct malicious pickle data which will execute arbitrary code during unpickling (See https://github.com/pytorch/pytorch/blob/main/SECURITY.md#untrusted-models for more details). In a future release, the default value for `weights_only` will be flipped to `True`. This limits the functions that could be executed during unpickling. Arbitrary objects will no longer be allowed to be loaded via this mode unless they are explicitly allowlisted by the user via `torch.serialization.add_safe_globals`. We recommend you start setting `weights_only=True` for any use case where you don't have full control of the loaded file. Please open an issue on GitHub for any issues related to this experimental feature.
  d = torch.load(ckpt_path)
INFO:/users/sgsrehm1/COMP702_BeyondAF/code/COMP390_code/openfold/openfold/utils/script_utils.py:Loaded OpenFold parameters at /users/sgsrehm1/COMP702_BeyondAF/code/COMP390_code/checkpoints/run_subset_gpu32_h100_ep33/csv_logs/version_0/checkpoints/32-330000.ckpt...
INFO:/users/sgsrehm1/COMP702_BeyondAF/code/COMP390_code/openfold/run_pretrained_openfold.py:Using precomputed alignments for 4bp8_A at /users/sgsrehm1/scratch/openfold_inference/alignments_cf...
INFO:/users/sgsrehm1/COMP702_BeyondAF/code/COMP390_code/openfold/openfold/utils/script_utils.py:Running inference for 4bp8_A...
INFO:/users/sgsrehm1/COMP702_BeyondAF/code/COMP390_code/openfold/openfold/utils/script_utils.py:Inference time: 45.43835012149066
/users/sgsrehm1/COMP702_BeyondAF/code/COMP390_code/openfold/run_pretrained_openfold.py:351: DeprecationWarning: __array__ implementation doesn't accept a copy keyword, so passing copy=False failed. __array__ must implement 'dtype' and 'copy' keyword arguments. To learn more, see the migration guide https://numpy.org/devdocs/numpy_2_0_migration_guide.html#adapting-to-changes-in-the-copy-keyword
  lambda x: np.array(x[..., -1].cpu()),
/users/sgsrehm1/COMP702_BeyondAF/code/COMP390_code/openfold/run_pretrained_openfold.py:354: DeprecationWarning: __array__ implementation doesn't accept a copy keyword, so passing copy=False failed. __array__ must implement 'dtype' and 'copy' keyword arguments. To learn more, see the migration guide https://numpy.org/devdocs/numpy_2_0_migration_guide.html#adapting-to-changes-in-the-copy-keyword
  out = tensor_tree_map(lambda x: np.array(x.cpu()), out)
INFO:/users/sgsrehm1/COMP702_BeyondAF/code/COMP390_code/openfold/run_pretrained_openfold.py:Output written to /users/sgsrehm1/fastscratch/COMP702_ep32_inference/runs/4bp8_ep32_relaxed_100_9827077/repeat_77/predictions/4bp8_A_model_1_unrelaxed.pdb...
INFO:/users/sgsrehm1/COMP702_BeyondAF/code/COMP390_code/openfold/run_pretrained_openfold.py:Running relaxation on /users/sgsrehm1/fastscratch/COMP702_ep32_inference/runs/4bp8_ep32_relaxed_100_9827077/repeat_77/predictions/4bp8_A_model_1_unrelaxed.pdb...
INFO:/users/sgsrehm1/COMP702_BeyondAF/code/COMP390_code/openfold/openfold/utils/script_utils.py:Relaxation time: 38.115638255141675
INFO:/users/sgsrehm1/COMP702_BeyondAF/code/COMP390_code/openfold/openfold/utils/script_utils.py:Relaxed output written to /users/sgsrehm1/fastscratch/COMP702_ep32_inference/runs/4bp8_ep32_relaxed_100_9827077/repeat_77/predictions/4bp8_A_model_1_relaxed.pdb...
/users/sgsrehm1/COMP702_BeyondAF/code/COMP390_code/openfold/openfold/utils/script_utils.py:131: FutureWarning: You are using `torch.load` with `weights_only=False` (the current default value), which uses the default pickle module implicitly. It is possible to construct malicious pickle data which will execute arbitrary code during unpickling (See https://github.com/pytorch/pytorch/blob/main/SECURITY.md#untrusted-models for more details). In a future release, the default value for `weights_only` will be flipped to `True`. This limits the functions that could be executed during unpickling. Arbitrary objects will no longer be allowed to be loaded via this mode unless they are explicitly allowlisted by the user via `torch.serialization.add_safe_globals`. We recommend you start setting `weights_only=True` for any use case where you don't have full control of the loaded file. Please open an issue on GitHub for any issues related to this experimental feature.
  d = torch.load(ckpt_path)
INFO:/users/sgsrehm1/COMP702_BeyondAF/code/COMP390_code/openfold/openfold/utils/script_utils.py:Loaded OpenFold parameters at /users/sgsrehm1/COMP702_BeyondAF/code/COMP390_code/checkpoints/run_subset_gpu32_h100_ep33/csv_logs/version_0/checkpoints/32-330000.ckpt...
INFO:/users/sgsrehm1/COMP702_BeyondAF/code/COMP390_code/openfold/run_pretrained_openfold.py:Using precomputed alignments for 4bp8_A at /users/sgsrehm1/scratch/openfold_inference/alignments_cf...
INFO:/users/sgsrehm1/COMP702_BeyondAF/code/COMP390_code/openfold/openfold/utils/script_utils.py:Running inference for 4bp8_A...
INFO:/users/sgsrehm1/COMP702_BeyondAF/code/COMP390_code/openfold/openfold/utils/script_utils.py:Inference time: 45.39006956946105
/users/sgsrehm1/COMP702_BeyondAF/code/COMP390_code/openfold/run_pretrained_openfold.py:351: DeprecationWarning: __array__ implementation doesn't accept a copy keyword, so passing copy=False failed. __array__ must implement 'dtype' and 'copy' keyword arguments. To learn more, see the migration guide https://numpy.org/devdocs/numpy_2_0_migration_guide.html#adapting-to-changes-in-the-copy-keyword
  lambda x: np.array(x[..., -1].cpu()),
/users/sgsrehm1/COMP702_BeyondAF/code/COMP390_code/openfold/run_pretrained_openfold.py:354: DeprecationWarning: __array__ implementation doesn't accept a copy keyword, so passing copy=False failed. __array__ must implement 'dtype' and 'copy' keyword arguments. To learn more, see the migration guide https://numpy.org/devdocs/numpy_2_0_migration_guide.html#adapting-to-changes-in-the-copy-keyword
  out = tensor_tree_map(lambda x: np.array(x.cpu()), out)
INFO:/users/sgsrehm1/COMP702_BeyondAF/code/COMP390_code/openfold/run_pretrained_openfold.py:Output written to /users/sgsrehm1/fastscratch/COMP702_ep32_inference/runs/4bp8_ep32_relaxed_100_9827077/repeat_78/predictions/4bp8_A_model_1_unrelaxed.pdb...
INFO:/users/sgsrehm1/COMP702_BeyondAF/code/COMP390_code/openfold/run_pretrained_openfold.py:Running relaxation on /users/sgsrehm1/fastscratch/COMP702_ep32_inference/runs/4bp8_ep32_relaxed_100_9827077/repeat_78/predictions/4bp8_A_model_1_unrelaxed.pdb...
INFO:/users/sgsrehm1/COMP702_BeyondAF/code/COMP390_code/openfold/openfold/utils/script_utils.py:Relaxation time: 210.02095976751298
INFO:/users/sgsrehm1/COMP702_BeyondAF/code/COMP390_code/openfold/openfold/utils/script_utils.py:Relaxed output written to /users/sgsrehm1/fastscratch/COMP702_ep32_inference/runs/4bp8_ep32_relaxed_100_9827077/repeat_78/predictions/4bp8_A_model_1_relaxed.pdb...
/users/sgsrehm1/COMP702_BeyondAF/code/COMP390_code/openfold/openfold/utils/script_utils.py:131: FutureWarning: You are using `torch.load` with `weights_only=False` (the current default value), which uses the default pickle module implicitly. It is possible to construct malicious pickle data which will execute arbitrary code during unpickling (See https://github.com/pytorch/pytorch/blob/main/SECURITY.md#untrusted-models for more details). In a future release, the default value for `weights_only` will be flipped to `True`. This limits the functions that could be executed during unpickling. Arbitrary objects will no longer be allowed to be loaded via this mode unless they are explicitly allowlisted by the user via `torch.serialization.add_safe_globals`. We recommend you start setting `weights_only=True` for any use case where you don't have full control of the loaded file. Please open an issue on GitHub for any issues related to this experimental feature.
  d = torch.load(ckpt_path)
INFO:/users/sgsrehm1/COMP702_BeyondAF/code/COMP390_code/openfold/openfold/utils/script_utils.py:Loaded OpenFold parameters at /users/sgsrehm1/COMP702_BeyondAF/code/COMP390_code/checkpoints/run_subset_gpu32_h100_ep33/csv_logs/version_0/checkpoints/32-330000.ckpt...
INFO:/users/sgsrehm1/COMP702_BeyondAF/code/COMP390_code/openfold/run_pretrained_openfold.py:Using precomputed alignments for 4bp8_A at /users/sgsrehm1/scratch/openfold_inference/alignments_cf...
INFO:/users/sgsrehm1/COMP702_BeyondAF/code/COMP390_code/openfold/openfold/utils/script_utils.py:Running inference for 4bp8_A...
INFO:/users/sgsrehm1/COMP702_BeyondAF/code/COMP390_code/openfold/openfold/utils/script_utils.py:Inference time: 45.41878161486238
/users/sgsrehm1/COMP702_BeyondAF/code/COMP390_code/openfold/run_pretrained_openfold.py:351: DeprecationWarning: __array__ implementation doesn't accept a copy keyword, so passing copy=False failed. __array__ must implement 'dtype' and 'copy' keyword arguments. To learn more, see the migration guide https://numpy.org/devdocs/numpy_2_0_migration_guide.html#adapting-to-changes-in-the-copy-keyword
  lambda x: np.array(x[..., -1].cpu()),
/users/sgsrehm1/COMP702_BeyondAF/code/COMP390_code/openfold/run_pretrained_openfold.py:354: DeprecationWarning: __array__ implementation doesn't accept a copy keyword, so passing copy=False failed. __array__ must implement 'dtype' and 'copy' keyword arguments. To learn more, see the migration guide https://numpy.org/devdocs/numpy_2_0_migration_guide.html#adapting-to-changes-in-the-copy-keyword
  out = tensor_tree_map(lambda x: np.array(x.cpu()), out)
INFO:/users/sgsrehm1/COMP702_BeyondAF/code/COMP390_code/openfold/run_pretrained_openfold.py:Output written to /users/sgsrehm1/fastscratch/COMP702_ep32_inference/runs/4bp8_ep32_relaxed_100_9827077/repeat_79/predictions/4bp8_A_model_1_unrelaxed.pdb...
INFO:/users/sgsrehm1/COMP702_BeyondAF/code/COMP390_code/openfold/run_pretrained_openfold.py:Running relaxation on /users/sgsrehm1/fastscratch/COMP702_ep32_inference/runs/4bp8_ep32_relaxed_100_9827077/repeat_79/predictions/4bp8_A_model_1_unrelaxed.pdb...
INFO:/users/sgsrehm1/COMP702_BeyondAF/code/COMP390_code/openfold/openfold/utils/script_utils.py:Relaxation time: 97.47351724281907
INFO:/users/sgsrehm1/COMP702_BeyondAF/code/COMP390_code/openfold/openfold/utils/script_utils.py:Relaxed output written to /users/sgsrehm1/fastscratch/COMP702_ep32_inference/runs/4bp8_ep32_relaxed_100_9827077/repeat_79/predictions/4bp8_A_model_1_relaxed.pdb...
/users/sgsrehm1/COMP702_BeyondAF/code/COMP390_code/openfold/openfold/utils/script_utils.py:131: FutureWarning: You are using `torch.load` with `weights_only=False` (the current default value), which uses the default pickle module implicitly. It is possible to construct malicious pickle data which will execute arbitrary code during unpickling (See https://github.com/pytorch/pytorch/blob/main/SECURITY.md#untrusted-models for more details). In a future release, the default value for `weights_only` will be flipped to `True`. This limits the functions that could be executed during unpickling. Arbitrary objects will no longer be allowed to be loaded via this mode unless they are explicitly allowlisted by the user via `torch.serialization.add_safe_globals`. We recommend you start setting `weights_only=True` for any use case where you don't have full control of the loaded file. Please open an issue on GitHub for any issues related to this experimental feature.
  d = torch.load(ckpt_path)
INFO:/users/sgsrehm1/COMP702_BeyondAF/code/COMP390_code/openfold/openfold/utils/script_utils.py:Loaded OpenFold parameters at /users/sgsrehm1/COMP702_BeyondAF/code/COMP390_code/checkpoints/run_subset_gpu32_h100_ep33/csv_logs/version_0/checkpoints/32-330000.ckpt...
INFO:/users/sgsrehm1/COMP702_BeyondAF/code/COMP390_code/openfold/run_pretrained_openfold.py:Using precomputed alignments for 4bp8_A at /users/sgsrehm1/scratch/openfold_inference/alignments_cf...
INFO:/users/sgsrehm1/COMP702_BeyondAF/code/COMP390_code/openfold/openfold/utils/script_utils.py:Running inference for 4bp8_A...
INFO:/users/sgsrehm1/COMP702_BeyondAF/code/COMP390_code/openfold/openfold/utils/script_utils.py:Inference time: 45.45761834643781
/users/sgsrehm1/COMP702_BeyondAF/code/COMP390_code/openfold/run_pretrained_openfold.py:351: DeprecationWarning: __array__ implementation doesn't accept a copy keyword, so passing copy=False failed. __array__ must implement 'dtype' and 'copy' keyword arguments. To learn more, see the migration guide https://numpy.org/devdocs/numpy_2_0_migration_guide.html#adapting-to-changes-in-the-copy-keyword
  lambda x: np.array(x[..., -1].cpu()),
/users/sgsrehm1/COMP702_BeyondAF/code/COMP390_code/openfold/run_pretrained_openfold.py:354: DeprecationWarning: __array__ implementation doesn't accept a copy keyword, so passing copy=False failed. __array__ must implement 'dtype' and 'copy' keyword arguments. To learn more, see the migration guide https://numpy.org/devdocs/numpy_2_0_migration_guide.html#adapting-to-changes-in-the-copy-keyword
  out = tensor_tree_map(lambda x: np.array(x.cpu()), out)
INFO:/users/sgsrehm1/COMP702_BeyondAF/code/COMP390_code/openfold/run_pretrained_openfold.py:Output written to /users/sgsrehm1/fastscratch/COMP702_ep32_inference/runs/4bp8_ep32_relaxed_100_9827077/repeat_80/predictions/4bp8_A_model_1_unrelaxed.pdb...
INFO:/users/sgsrehm1/COMP702_BeyondAF/code/COMP390_code/openfold/run_pretrained_openfold.py:Running relaxation on /users/sgsrehm1/fastscratch/COMP702_ep32_inference/runs/4bp8_ep32_relaxed_100_9827077/repeat_80/predictions/4bp8_A_model_1_unrelaxed.pdb...
INFO:/users/sgsrehm1/COMP702_BeyondAF/code/COMP390_code/openfold/openfold/utils/script_utils.py:Relaxation time: 218.4374868478626
INFO:/users/sgsrehm1/COMP702_BeyondAF/code/COMP390_code/openfold/openfold/utils/script_utils.py:Relaxed output written to /users/sgsrehm1/fastscratch/COMP702_ep32_inference/runs/4bp8_ep32_relaxed_100_9827077/repeat_80/predictions/4bp8_A_model_1_relaxed.pdb...
/users/sgsrehm1/COMP702_BeyondAF/code/COMP390_code/openfold/openfold/utils/script_utils.py:131: FutureWarning: You are using `torch.load` with `weights_only=False` (the current default value), which uses the default pickle module implicitly. It is possible to construct malicious pickle data which will execute arbitrary code during unpickling (See https://github.com/pytorch/pytorch/blob/main/SECURITY.md#untrusted-models for more details). In a future release, the default value for `weights_only` will be flipped to `True`. This limits the functions that could be executed during unpickling. Arbitrary objects will no longer be allowed to be loaded via this mode unless they are explicitly allowlisted by the user via `torch.serialization.add_safe_globals`. We recommend you start setting `weights_only=True` for any use case where you don't have full control of the loaded file. Please open an issue on GitHub for any issues related to this experimental feature.
  d = torch.load(ckpt_path)
INFO:/users/sgsrehm1/COMP702_BeyondAF/code/COMP390_code/openfold/openfold/utils/script_utils.py:Loaded OpenFold parameters at /users/sgsrehm1/COMP702_BeyondAF/code/COMP390_code/checkpoints/run_subset_gpu32_h100_ep33/csv_logs/version_0/checkpoints/32-330000.ckpt...
INFO:/users/sgsrehm1/COMP702_BeyondAF/code/COMP390_code/openfold/run_pretrained_openfold.py:Using precomputed alignments for 4bp8_A at /users/sgsrehm1/scratch/openfold_inference/alignments_cf...
INFO:/users/sgsrehm1/COMP702_BeyondAF/code/COMP390_code/openfold/openfold/utils/script_utils.py:Running inference for 4bp8_A...
INFO:/users/sgsrehm1/COMP702_BeyondAF/code/COMP390_code/openfold/openfold/utils/script_utils.py:Inference time: 45.40631364006549
/users/sgsrehm1/COMP702_BeyondAF/code/COMP390_code/openfold/run_pretrained_openfold.py:351: DeprecationWarning: __array__ implementation doesn't accept a copy keyword, so passing copy=False failed. __array__ must implement 'dtype' and 'copy' keyword arguments. To learn more, see the migration guide https://numpy.org/devdocs/numpy_2_0_migration_guide.html#adapting-to-changes-in-the-copy-keyword
  lambda x: np.array(x[..., -1].cpu()),
/users/sgsrehm1/COMP702_BeyondAF/code/COMP390_code/openfold/run_pretrained_openfold.py:354: DeprecationWarning: __array__ implementation doesn't accept a copy keyword, so passing copy=False failed. __array__ must implement 'dtype' and 'copy' keyword arguments. To learn more, see the migration guide https://numpy.org/devdocs/numpy_2_0_migration_guide.html#adapting-to-changes-in-the-copy-keyword
  out = tensor_tree_map(lambda x: np.array(x.cpu()), out)
INFO:/users/sgsrehm1/COMP702_BeyondAF/code/COMP390_code/openfold/run_pretrained_openfold.py:Output written to /users/sgsrehm1/fastscratch/COMP702_ep32_inference/runs/4bp8_ep32_relaxed_100_9827077/repeat_81/predictions/4bp8_A_model_1_unrelaxed.pdb...
INFO:/users/sgsrehm1/COMP702_BeyondAF/code/COMP390_code/openfold/run_pretrained_openfold.py:Running relaxation on /users/sgsrehm1/fastscratch/COMP702_ep32_inference/runs/4bp8_ep32_relaxed_100_9827077/repeat_81/predictions/4bp8_A_model_1_unrelaxed.pdb...
INFO:/users/sgsrehm1/COMP702_BeyondAF/code/COMP390_code/openfold/openfold/utils/script_utils.py:Relaxation time: 214.57030409108847
INFO:/users/sgsrehm1/COMP702_BeyondAF/code/COMP390_code/openfold/openfold/utils/script_utils.py:Relaxed output written to /users/sgsrehm1/fastscratch/COMP702_ep32_inference/runs/4bp8_ep32_relaxed_100_9827077/repeat_81/predictions/4bp8_A_model_1_relaxed.pdb...
/users/sgsrehm1/COMP702_BeyondAF/code/COMP390_code/openfold/openfold/utils/script_utils.py:131: FutureWarning: You are using `torch.load` with `weights_only=False` (the current default value), which uses the default pickle module implicitly. It is possible to construct malicious pickle data which will execute arbitrary code during unpickling (See https://github.com/pytorch/pytorch/blob/main/SECURITY.md#untrusted-models for more details). In a future release, the default value for `weights_only` will be flipped to `True`. This limits the functions that could be executed during unpickling. Arbitrary objects will no longer be allowed to be loaded via this mode unless they are explicitly allowlisted by the user via `torch.serialization.add_safe_globals`. We recommend you start setting `weights_only=True` for any use case where you don't have full control of the loaded file. Please open an issue on GitHub for any issues related to this experimental feature.
  d = torch.load(ckpt_path)
INFO:/users/sgsrehm1/COMP702_BeyondAF/code/COMP390_code/openfold/openfold/utils/script_utils.py:Loaded OpenFold parameters at /users/sgsrehm1/COMP702_BeyondAF/code/COMP390_code/checkpoints/run_subset_gpu32_h100_ep33/csv_logs/version_0/checkpoints/32-330000.ckpt...
INFO:/users/sgsrehm1/COMP702_BeyondAF/code/COMP390_code/openfold/run_pretrained_openfold.py:Using precomputed alignments for 4bp8_A at /users/sgsrehm1/scratch/openfold_inference/alignments_cf...
INFO:/users/sgsrehm1/COMP702_BeyondAF/code/COMP390_code/openfold/openfold/utils/script_utils.py:Running inference for 4bp8_A...
INFO:/users/sgsrehm1/COMP702_BeyondAF/code/COMP390_code/openfold/openfold/utils/script_utils.py:Inference time: 45.42361868266016
/users/sgsrehm1/COMP702_BeyondAF/code/COMP390_code/openfold/run_pretrained_openfold.py:351: DeprecationWarning: __array__ implementation doesn't accept a copy keyword, so passing copy=False failed. __array__ must implement 'dtype' and 'copy' keyword arguments. To learn more, see the migration guide https://numpy.org/devdocs/numpy_2_0_migration_guide.html#adapting-to-changes-in-the-copy-keyword
  lambda x: np.array(x[..., -1].cpu()),
/users/sgsrehm1/COMP702_BeyondAF/code/COMP390_code/openfold/run_pretrained_openfold.py:354: DeprecationWarning: __array__ implementation doesn't accept a copy keyword, so passing copy=False failed. __array__ must implement 'dtype' and 'copy' keyword arguments. To learn more, see the migration guide https://numpy.org/devdocs/numpy_2_0_migration_guide.html#adapting-to-changes-in-the-copy-keyword
  out = tensor_tree_map(lambda x: np.array(x.cpu()), out)
INFO:/users/sgsrehm1/COMP702_BeyondAF/code/COMP390_code/openfold/run_pretrained_openfold.py:Output written to /users/sgsrehm1/fastscratch/COMP702_ep32_inference/runs/4bp8_ep32_relaxed_100_9827077/repeat_82/predictions/4bp8_A_model_1_unrelaxed.pdb...
INFO:/users/sgsrehm1/COMP702_BeyondAF/code/COMP390_code/openfold/run_pretrained_openfold.py:Running relaxation on /users/sgsrehm1/fastscratch/COMP702_ep32_inference/runs/4bp8_ep32_relaxed_100_9827077/repeat_82/predictions/4bp8_A_model_1_unrelaxed.pdb...
INFO:/users/sgsrehm1/COMP702_BeyondAF/code/COMP390_code/openfold/openfold/utils/script_utils.py:Relaxation time: 217.57240519765764
INFO:/users/sgsrehm1/COMP702_BeyondAF/code/COMP390_code/openfold/openfold/utils/script_utils.py:Relaxed output written to /users/sgsrehm1/fastscratch/COMP702_ep32_inference/runs/4bp8_ep32_relaxed_100_9827077/repeat_82/predictions/4bp8_A_model_1_relaxed.pdb...
/users/sgsrehm1/COMP702_BeyondAF/code/COMP390_code/openfold/openfold/utils/script_utils.py:131: FutureWarning: You are using `torch.load` with `weights_only=False` (the current default value), which uses the default pickle module implicitly. It is possible to construct malicious pickle data which will execute arbitrary code during unpickling (See https://github.com/pytorch/pytorch/blob/main/SECURITY.md#untrusted-models for more details). In a future release, the default value for `weights_only` will be flipped to `True`. This limits the functions that could be executed during unpickling. Arbitrary objects will no longer be allowed to be loaded via this mode unless they are explicitly allowlisted by the user via `torch.serialization.add_safe_globals`. We recommend you start setting `weights_only=True` for any use case where you don't have full control of the loaded file. Please open an issue on GitHub for any issues related to this experimental feature.
  d = torch.load(ckpt_path)
INFO:/users/sgsrehm1/COMP702_BeyondAF/code/COMP390_code/openfold/openfold/utils/script_utils.py:Loaded OpenFold parameters at /users/sgsrehm1/COMP702_BeyondAF/code/COMP390_code/checkpoints/run_subset_gpu32_h100_ep33/csv_logs/version_0/checkpoints/32-330000.ckpt...
INFO:/users/sgsrehm1/COMP702_BeyondAF/code/COMP390_code/openfold/run_pretrained_openfold.py:Using precomputed alignments for 4bp8_A at /users/sgsrehm1/scratch/openfold_inference/alignments_cf...
INFO:/users/sgsrehm1/COMP702_BeyondAF/code/COMP390_code/openfold/openfold/utils/script_utils.py:Running inference for 4bp8_A...
INFO:/users/sgsrehm1/COMP702_BeyondAF/code/COMP390_code/openfold/openfold/utils/script_utils.py:Inference time: 45.457498740404844
/users/sgsrehm1/COMP702_BeyondAF/code/COMP390_code/openfold/run_pretrained_openfold.py:351: DeprecationWarning: __array__ implementation doesn't accept a copy keyword, so passing copy=False failed. __array__ must implement 'dtype' and 'copy' keyword arguments. To learn more, see the migration guide https://numpy.org/devdocs/numpy_2_0_migration_guide.html#adapting-to-changes-in-the-copy-keyword
  lambda x: np.array(x[..., -1].cpu()),
/users/sgsrehm1/COMP702_BeyondAF/code/COMP390_code/openfold/run_pretrained_openfold.py:354: DeprecationWarning: __array__ implementation doesn't accept a copy keyword, so passing copy=False failed. __array__ must implement 'dtype' and 'copy' keyword arguments. To learn more, see the migration guide https://numpy.org/devdocs/numpy_2_0_migration_guide.html#adapting-to-changes-in-the-copy-keyword
  out = tensor_tree_map(lambda x: np.array(x.cpu()), out)
INFO:/users/sgsrehm1/COMP702_BeyondAF/code/COMP390_code/openfold/run_pretrained_openfold.py:Output written to /users/sgsrehm1/fastscratch/COMP702_ep32_inference/runs/4bp8_ep32_relaxed_100_9827077/repeat_83/predictions/4bp8_A_model_1_unrelaxed.pdb...
INFO:/users/sgsrehm1/COMP702_BeyondAF/code/COMP390_code/openfold/run_pretrained_openfold.py:Running relaxation on /users/sgsrehm1/fastscratch/COMP702_ep32_inference/runs/4bp8_ep32_relaxed_100_9827077/repeat_83/predictions/4bp8_A_model_1_unrelaxed.pdb...
INFO:/users/sgsrehm1/COMP702_BeyondAF/code/COMP390_code/openfold/openfold/utils/script_utils.py:Relaxation time: 39.10289143305272
INFO:/users/sgsrehm1/COMP702_BeyondAF/code/COMP390_code/openfold/openfold/utils/script_utils.py:Relaxed output written to /users/sgsrehm1/fastscratch/COMP702_ep32_inference/runs/4bp8_ep32_relaxed_100_9827077/repeat_83/predictions/4bp8_A_model_1_relaxed.pdb...
/users/sgsrehm1/COMP702_BeyondAF/code/COMP390_code/openfold/openfold/utils/script_utils.py:131: FutureWarning: You are using `torch.load` with `weights_only=False` (the current default value), which uses the default pickle module implicitly. It is possible to construct malicious pickle data which will execute arbitrary code during unpickling (See https://github.com/pytorch/pytorch/blob/main/SECURITY.md#untrusted-models for more details). In a future release, the default value for `weights_only` will be flipped to `True`. This limits the functions that could be executed during unpickling. Arbitrary objects will no longer be allowed to be loaded via this mode unless they are explicitly allowlisted by the user via `torch.serialization.add_safe_globals`. We recommend you start setting `weights_only=True` for any use case where you don't have full control of the loaded file. Please open an issue on GitHub for any issues related to this experimental feature.
  d = torch.load(ckpt_path)
INFO:/users/sgsrehm1/COMP702_BeyondAF/code/COMP390_code/openfold/openfold/utils/script_utils.py:Loaded OpenFold parameters at /users/sgsrehm1/COMP702_BeyondAF/code/COMP390_code/checkpoints/run_subset_gpu32_h100_ep33/csv_logs/version_0/checkpoints/32-330000.ckpt...
INFO:/users/sgsrehm1/COMP702_BeyondAF/code/COMP390_code/openfold/run_pretrained_openfold.py:Using precomputed alignments for 4bp8_A at /users/sgsrehm1/scratch/openfold_inference/alignments_cf...
INFO:/users/sgsrehm1/COMP702_BeyondAF/code/COMP390_code/openfold/openfold/utils/script_utils.py:Running inference for 4bp8_A...
INFO:/users/sgsrehm1/COMP702_BeyondAF/code/COMP390_code/openfold/openfold/utils/script_utils.py:Inference time: 45.44196101371199
/users/sgsrehm1/COMP702_BeyondAF/code/COMP390_code/openfold/run_pretrained_openfold.py:351: DeprecationWarning: __array__ implementation doesn't accept a copy keyword, so passing copy=False failed. __array__ must implement 'dtype' and 'copy' keyword arguments. To learn more, see the migration guide https://numpy.org/devdocs/numpy_2_0_migration_guide.html#adapting-to-changes-in-the-copy-keyword
  lambda x: np.array(x[..., -1].cpu()),
/users/sgsrehm1/COMP702_BeyondAF/code/COMP390_code/openfold/run_pretrained_openfold.py:354: DeprecationWarning: __array__ implementation doesn't accept a copy keyword, so passing copy=False failed. __array__ must implement 'dtype' and 'copy' keyword arguments. To learn more, see the migration guide https://numpy.org/devdocs/numpy_2_0_migration_guide.html#adapting-to-changes-in-the-copy-keyword
  out = tensor_tree_map(lambda x: np.array(x.cpu()), out)
INFO:/users/sgsrehm1/COMP702_BeyondAF/code/COMP390_code/openfold/run_pretrained_openfold.py:Output written to /users/sgsrehm1/fastscratch/COMP702_ep32_inference/runs/4bp8_ep32_relaxed_100_9827077/repeat_84/predictions/4bp8_A_model_1_unrelaxed.pdb...
INFO:/users/sgsrehm1/COMP702_BeyondAF/code/COMP390_code/openfold/run_pretrained_openfold.py:Running relaxation on /users/sgsrehm1/fastscratch/COMP702_ep32_inference/runs/4bp8_ep32_relaxed_100_9827077/repeat_84/predictions/4bp8_A_model_1_unrelaxed.pdb...
INFO:/users/sgsrehm1/COMP702_BeyondAF/code/COMP390_code/openfold/openfold/utils/script_utils.py:Relaxation time: 214.69900838378817
INFO:/users/sgsrehm1/COMP702_BeyondAF/code/COMP390_code/openfold/openfold/utils/script_utils.py:Relaxed output written to /users/sgsrehm1/fastscratch/COMP702_ep32_inference/runs/4bp8_ep32_relaxed_100_9827077/repeat_84/predictions/4bp8_A_model_1_relaxed.pdb...
/users/sgsrehm1/COMP702_BeyondAF/code/COMP390_code/openfold/openfold/utils/script_utils.py:131: FutureWarning: You are using `torch.load` with `weights_only=False` (the current default value), which uses the default pickle module implicitly. It is possible to construct malicious pickle data which will execute arbitrary code during unpickling (See https://github.com/pytorch/pytorch/blob/main/SECURITY.md#untrusted-models for more details). In a future release, the default value for `weights_only` will be flipped to `True`. This limits the functions that could be executed during unpickling. Arbitrary objects will no longer be allowed to be loaded via this mode unless they are explicitly allowlisted by the user via `torch.serialization.add_safe_globals`. We recommend you start setting `weights_only=True` for any use case where you don't have full control of the loaded file. Please open an issue on GitHub for any issues related to this experimental feature.
  d = torch.load(ckpt_path)
INFO:/users/sgsrehm1/COMP702_BeyondAF/code/COMP390_code/openfold/openfold/utils/script_utils.py:Loaded OpenFold parameters at /users/sgsrehm1/COMP702_BeyondAF/code/COMP390_code/checkpoints/run_subset_gpu32_h100_ep33/csv_logs/version_0/checkpoints/32-330000.ckpt...
INFO:/users/sgsrehm1/COMP702_BeyondAF/code/COMP390_code/openfold/run_pretrained_openfold.py:Using precomputed alignments for 4bp8_A at /users/sgsrehm1/scratch/openfold_inference/alignments_cf...
INFO:/users/sgsrehm1/COMP702_BeyondAF/code/COMP390_code/openfold/openfold/utils/script_utils.py:Running inference for 4bp8_A...
INFO:/users/sgsrehm1/COMP702_BeyondAF/code/COMP390_code/openfold/openfold/utils/script_utils.py:Inference time: 45.413870487362146
/users/sgsrehm1/COMP702_BeyondAF/code/COMP390_code/openfold/run_pretrained_openfold.py:351: DeprecationWarning: __array__ implementation doesn't accept a copy keyword, so passing copy=False failed. __array__ must implement 'dtype' and 'copy' keyword arguments. To learn more, see the migration guide https://numpy.org/devdocs/numpy_2_0_migration_guide.html#adapting-to-changes-in-the-copy-keyword
  lambda x: np.array(x[..., -1].cpu()),
/users/sgsrehm1/COMP702_BeyondAF/code/COMP390_code/openfold/run_pretrained_openfold.py:354: DeprecationWarning: __array__ implementation doesn't accept a copy keyword, so passing copy=False failed. __array__ must implement 'dtype' and 'copy' keyword arguments. To learn more, see the migration guide https://numpy.org/devdocs/numpy_2_0_migration_guide.html#adapting-to-changes-in-the-copy-keyword
  out = tensor_tree_map(lambda x: np.array(x.cpu()), out)
INFO:/users/sgsrehm1/COMP702_BeyondAF/code/COMP390_code/openfold/run_pretrained_openfold.py:Output written to /users/sgsrehm1/fastscratch/COMP702_ep32_inference/runs/4bp8_ep32_relaxed_100_9827077/repeat_85/predictions/4bp8_A_model_1_unrelaxed.pdb...
INFO:/users/sgsrehm1/COMP702_BeyondAF/code/COMP390_code/openfold/run_pretrained_openfold.py:Running relaxation on /users/sgsrehm1/fastscratch/COMP702_ep32_inference/runs/4bp8_ep32_relaxed_100_9827077/repeat_85/predictions/4bp8_A_model_1_unrelaxed.pdb...
INFO:/users/sgsrehm1/COMP702_BeyondAF/code/COMP390_code/openfold/openfold/utils/script_utils.py:Relaxation time: 220.47187187243253
INFO:/users/sgsrehm1/COMP702_BeyondAF/code/COMP390_code/openfold/openfold/utils/script_utils.py:Relaxed output written to /users/sgsrehm1/fastscratch/COMP702_ep32_inference/runs/4bp8_ep32_relaxed_100_9827077/repeat_85/predictions/4bp8_A_model_1_relaxed.pdb...
/users/sgsrehm1/COMP702_BeyondAF/code/COMP390_code/openfold/openfold/utils/script_utils.py:131: FutureWarning: You are using `torch.load` with `weights_only=False` (the current default value), which uses the default pickle module implicitly. It is possible to construct malicious pickle data which will execute arbitrary code during unpickling (See https://github.com/pytorch/pytorch/blob/main/SECURITY.md#untrusted-models for more details). In a future release, the default value for `weights_only` will be flipped to `True`. This limits the functions that could be executed during unpickling. Arbitrary objects will no longer be allowed to be loaded via this mode unless they are explicitly allowlisted by the user via `torch.serialization.add_safe_globals`. We recommend you start setting `weights_only=True` for any use case where you don't have full control of the loaded file. Please open an issue on GitHub for any issues related to this experimental feature.
  d = torch.load(ckpt_path)
INFO:/users/sgsrehm1/COMP702_BeyondAF/code/COMP390_code/openfold/openfold/utils/script_utils.py:Loaded OpenFold parameters at /users/sgsrehm1/COMP702_BeyondAF/code/COMP390_code/checkpoints/run_subset_gpu32_h100_ep33/csv_logs/version_0/checkpoints/32-330000.ckpt...
INFO:/users/sgsrehm1/COMP702_BeyondAF/code/COMP390_code/openfold/run_pretrained_openfold.py:Using precomputed alignments for 4bp8_A at /users/sgsrehm1/scratch/openfold_inference/alignments_cf...
INFO:/users/sgsrehm1/COMP702_BeyondAF/code/COMP390_code/openfold/openfold/utils/script_utils.py:Running inference for 4bp8_A...
INFO:/users/sgsrehm1/COMP702_BeyondAF/code/COMP390_code/openfold/openfold/utils/script_utils.py:Inference time: 45.41795929335058
/users/sgsrehm1/COMP702_BeyondAF/code/COMP390_code/openfold/run_pretrained_openfold.py:351: DeprecationWarning: __array__ implementation doesn't accept a copy keyword, so passing copy=False failed. __array__ must implement 'dtype' and 'copy' keyword arguments. To learn more, see the migration guide https://numpy.org/devdocs/numpy_2_0_migration_guide.html#adapting-to-changes-in-the-copy-keyword
  lambda x: np.array(x[..., -1].cpu()),
/users/sgsrehm1/COMP702_BeyondAF/code/COMP390_code/openfold/run_pretrained_openfold.py:354: DeprecationWarning: __array__ implementation doesn't accept a copy keyword, so passing copy=False failed. __array__ must implement 'dtype' and 'copy' keyword arguments. To learn more, see the migration guide https://numpy.org/devdocs/numpy_2_0_migration_guide.html#adapting-to-changes-in-the-copy-keyword
  out = tensor_tree_map(lambda x: np.array(x.cpu()), out)
INFO:/users/sgsrehm1/COMP702_BeyondAF/code/COMP390_code/openfold/run_pretrained_openfold.py:Output written to /users/sgsrehm1/fastscratch/COMP702_ep32_inference/runs/4bp8_ep32_relaxed_100_9827077/repeat_86/predictions/4bp8_A_model_1_unrelaxed.pdb...
INFO:/users/sgsrehm1/COMP702_BeyondAF/code/COMP390_code/openfold/run_pretrained_openfold.py:Running relaxation on /users/sgsrehm1/fastscratch/COMP702_ep32_inference/runs/4bp8_ep32_relaxed_100_9827077/repeat_86/predictions/4bp8_A_model_1_unrelaxed.pdb...
INFO:/users/sgsrehm1/COMP702_BeyondAF/code/COMP390_code/openfold/openfold/utils/script_utils.py:Relaxation time: 37.20479793753475
INFO:/users/sgsrehm1/COMP702_BeyondAF/code/COMP390_code/openfold/openfold/utils/script_utils.py:Relaxed output written to /users/sgsrehm1/fastscratch/COMP702_ep32_inference/runs/4bp8_ep32_relaxed_100_9827077/repeat_86/predictions/4bp8_A_model_1_relaxed.pdb...
/users/sgsrehm1/COMP702_BeyondAF/code/COMP390_code/openfold/openfold/utils/script_utils.py:131: FutureWarning: You are using `torch.load` with `weights_only=False` (the current default value), which uses the default pickle module implicitly. It is possible to construct malicious pickle data which will execute arbitrary code during unpickling (See https://github.com/pytorch/pytorch/blob/main/SECURITY.md#untrusted-models for more details). In a future release, the default value for `weights_only` will be flipped to `True`. This limits the functions that could be executed during unpickling. Arbitrary objects will no longer be allowed to be loaded via this mode unless they are explicitly allowlisted by the user via `torch.serialization.add_safe_globals`. We recommend you start setting `weights_only=True` for any use case where you don't have full control of the loaded file. Please open an issue on GitHub for any issues related to this experimental feature.
  d = torch.load(ckpt_path)
INFO:/users/sgsrehm1/COMP702_BeyondAF/code/COMP390_code/openfold/openfold/utils/script_utils.py:Loaded OpenFold parameters at /users/sgsrehm1/COMP702_BeyondAF/code/COMP390_code/checkpoints/run_subset_gpu32_h100_ep33/csv_logs/version_0/checkpoints/32-330000.ckpt...
INFO:/users/sgsrehm1/COMP702_BeyondAF/code/COMP390_code/openfold/run_pretrained_openfold.py:Using precomputed alignments for 4bp8_A at /users/sgsrehm1/scratch/openfold_inference/alignments_cf...
INFO:/users/sgsrehm1/COMP702_BeyondAF/code/COMP390_code/openfold/openfold/utils/script_utils.py:Running inference for 4bp8_A...
INFO:/users/sgsrehm1/COMP702_BeyondAF/code/COMP390_code/openfold/openfold/utils/script_utils.py:Inference time: 45.39392093755305
/users/sgsrehm1/COMP702_BeyondAF/code/COMP390_code/openfold/run_pretrained_openfold.py:351: DeprecationWarning: __array__ implementation doesn't accept a copy keyword, so passing copy=False failed. __array__ must implement 'dtype' and 'copy' keyword arguments. To learn more, see the migration guide https://numpy.org/devdocs/numpy_2_0_migration_guide.html#adapting-to-changes-in-the-copy-keyword
  lambda x: np.array(x[..., -1].cpu()),
/users/sgsrehm1/COMP702_BeyondAF/code/COMP390_code/openfold/run_pretrained_openfold.py:354: DeprecationWarning: __array__ implementation doesn't accept a copy keyword, so passing copy=False failed. __array__ must implement 'dtype' and 'copy' keyword arguments. To learn more, see the migration guide https://numpy.org/devdocs/numpy_2_0_migration_guide.html#adapting-to-changes-in-the-copy-keyword
  out = tensor_tree_map(lambda x: np.array(x.cpu()), out)
INFO:/users/sgsrehm1/COMP702_BeyondAF/code/COMP390_code/openfold/run_pretrained_openfold.py:Output written to /users/sgsrehm1/fastscratch/COMP702_ep32_inference/runs/4bp8_ep32_relaxed_100_9827077/repeat_87/predictions/4bp8_A_model_1_unrelaxed.pdb...
INFO:/users/sgsrehm1/COMP702_BeyondAF/code/COMP390_code/openfold/run_pretrained_openfold.py:Running relaxation on /users/sgsrehm1/fastscratch/COMP702_ep32_inference/runs/4bp8_ep32_relaxed_100_9827077/repeat_87/predictions/4bp8_A_model_1_unrelaxed.pdb...
INFO:/users/sgsrehm1/COMP702_BeyondAF/code/COMP390_code/openfold/openfold/utils/script_utils.py:Relaxation time: 39.596602777950466
INFO:/users/sgsrehm1/COMP702_BeyondAF/code/COMP390_code/openfold/openfold/utils/script_utils.py:Relaxed output written to /users/sgsrehm1/fastscratch/COMP702_ep32_inference/runs/4bp8_ep32_relaxed_100_9827077/repeat_87/predictions/4bp8_A_model_1_relaxed.pdb...
/users/sgsrehm1/COMP702_BeyondAF/code/COMP390_code/openfold/openfold/utils/script_utils.py:131: FutureWarning: You are using `torch.load` with `weights_only=False` (the current default value), which uses the default pickle module implicitly. It is possible to construct malicious pickle data which will execute arbitrary code during unpickling (See https://github.com/pytorch/pytorch/blob/main/SECURITY.md#untrusted-models for more details). In a future release, the default value for `weights_only` will be flipped to `True`. This limits the functions that could be executed during unpickling. Arbitrary objects will no longer be allowed to be loaded via this mode unless they are explicitly allowlisted by the user via `torch.serialization.add_safe_globals`. We recommend you start setting `weights_only=True` for any use case where you don't have full control of the loaded file. Please open an issue on GitHub for any issues related to this experimental feature.
  d = torch.load(ckpt_path)
INFO:/users/sgsrehm1/COMP702_BeyondAF/code/COMP390_code/openfold/openfold/utils/script_utils.py:Loaded OpenFold parameters at /users/sgsrehm1/COMP702_BeyondAF/code/COMP390_code/checkpoints/run_subset_gpu32_h100_ep33/csv_logs/version_0/checkpoints/32-330000.ckpt...
INFO:/users/sgsrehm1/COMP702_BeyondAF/code/COMP390_code/openfold/run_pretrained_openfold.py:Using precomputed alignments for 4bp8_A at /users/sgsrehm1/scratch/openfold_inference/alignments_cf...
INFO:/users/sgsrehm1/COMP702_BeyondAF/code/COMP390_code/openfold/openfold/utils/script_utils.py:Running inference for 4bp8_A...
INFO:/users/sgsrehm1/COMP702_BeyondAF/code/COMP390_code/openfold/openfold/utils/script_utils.py:Inference time: 45.398296708241105
/users/sgsrehm1/COMP702_BeyondAF/code/COMP390_code/openfold/run_pretrained_openfold.py:351: DeprecationWarning: __array__ implementation doesn't accept a copy keyword, so passing copy=False failed. __array__ must implement 'dtype' and 'copy' keyword arguments. To learn more, see the migration guide https://numpy.org/devdocs/numpy_2_0_migration_guide.html#adapting-to-changes-in-the-copy-keyword
  lambda x: np.array(x[..., -1].cpu()),
/users/sgsrehm1/COMP702_BeyondAF/code/COMP390_code/openfold/run_pretrained_openfold.py:354: DeprecationWarning: __array__ implementation doesn't accept a copy keyword, so passing copy=False failed. __array__ must implement 'dtype' and 'copy' keyword arguments. To learn more, see the migration guide https://numpy.org/devdocs/numpy_2_0_migration_guide.html#adapting-to-changes-in-the-copy-keyword
  out = tensor_tree_map(lambda x: np.array(x.cpu()), out)
INFO:/users/sgsrehm1/COMP702_BeyondAF/code/COMP390_code/openfold/run_pretrained_openfold.py:Output written to /users/sgsrehm1/fastscratch/COMP702_ep32_inference/runs/4bp8_ep32_relaxed_100_9827077/repeat_88/predictions/4bp8_A_model_1_unrelaxed.pdb...
INFO:/users/sgsrehm1/COMP702_BeyondAF/code/COMP390_code/openfold/run_pretrained_openfold.py:Running relaxation on /users/sgsrehm1/fastscratch/COMP702_ep32_inference/runs/4bp8_ep32_relaxed_100_9827077/repeat_88/predictions/4bp8_A_model_1_unrelaxed.pdb...
INFO:/users/sgsrehm1/COMP702_BeyondAF/code/COMP390_code/openfold/openfold/utils/script_utils.py:Relaxation time: 215.50685183051974
INFO:/users/sgsrehm1/COMP702_BeyondAF/code/COMP390_code/openfold/openfold/utils/script_utils.py:Relaxed output written to /users/sgsrehm1/fastscratch/COMP702_ep32_inference/runs/4bp8_ep32_relaxed_100_9827077/repeat_88/predictions/4bp8_A_model_1_relaxed.pdb...
/users/sgsrehm1/COMP702_BeyondAF/code/COMP390_code/openfold/openfold/utils/script_utils.py:131: FutureWarning: You are using `torch.load` with `weights_only=False` (the current default value), which uses the default pickle module implicitly. It is possible to construct malicious pickle data which will execute arbitrary code during unpickling (See https://github.com/pytorch/pytorch/blob/main/SECURITY.md#untrusted-models for more details). In a future release, the default value for `weights_only` will be flipped to `True`. This limits the functions that could be executed during unpickling. Arbitrary objects will no longer be allowed to be loaded via this mode unless they are explicitly allowlisted by the user via `torch.serialization.add_safe_globals`. We recommend you start setting `weights_only=True` for any use case where you don't have full control of the loaded file. Please open an issue on GitHub for any issues related to this experimental feature.
  d = torch.load(ckpt_path)
INFO:/users/sgsrehm1/COMP702_BeyondAF/code/COMP390_code/openfold/openfold/utils/script_utils.py:Loaded OpenFold parameters at /users/sgsrehm1/COMP702_BeyondAF/code/COMP390_code/checkpoints/run_subset_gpu32_h100_ep33/csv_logs/version_0/checkpoints/32-330000.ckpt...
INFO:/users/sgsrehm1/COMP702_BeyondAF/code/COMP390_code/openfold/run_pretrained_openfold.py:Using precomputed alignments for 4bp8_A at /users/sgsrehm1/scratch/openfold_inference/alignments_cf...
INFO:/users/sgsrehm1/COMP702_BeyondAF/code/COMP390_code/openfold/openfold/utils/script_utils.py:Running inference for 4bp8_A...
INFO:/users/sgsrehm1/COMP702_BeyondAF/code/COMP390_code/openfold/openfold/utils/script_utils.py:Inference time: 45.42188447434455
/users/sgsrehm1/COMP702_BeyondAF/code/COMP390_code/openfold/run_pretrained_openfold.py:351: DeprecationWarning: __array__ implementation doesn't accept a copy keyword, so passing copy=False failed. __array__ must implement 'dtype' and 'copy' keyword arguments. To learn more, see the migration guide https://numpy.org/devdocs/numpy_2_0_migration_guide.html#adapting-to-changes-in-the-copy-keyword
  lambda x: np.array(x[..., -1].cpu()),
/users/sgsrehm1/COMP702_BeyondAF/code/COMP390_code/openfold/run_pretrained_openfold.py:354: DeprecationWarning: __array__ implementation doesn't accept a copy keyword, so passing copy=False failed. __array__ must implement 'dtype' and 'copy' keyword arguments. To learn more, see the migration guide https://numpy.org/devdocs/numpy_2_0_migration_guide.html#adapting-to-changes-in-the-copy-keyword
  out = tensor_tree_map(lambda x: np.array(x.cpu()), out)
INFO:/users/sgsrehm1/COMP702_BeyondAF/code/COMP390_code/openfold/run_pretrained_openfold.py:Output written to /users/sgsrehm1/fastscratch/COMP702_ep32_inference/runs/4bp8_ep32_relaxed_100_9827077/repeat_89/predictions/4bp8_A_model_1_unrelaxed.pdb...
INFO:/users/sgsrehm1/COMP702_BeyondAF/code/COMP390_code/openfold/run_pretrained_openfold.py:Running relaxation on /users/sgsrehm1/fastscratch/COMP702_ep32_inference/runs/4bp8_ep32_relaxed_100_9827077/repeat_89/predictions/4bp8_A_model_1_unrelaxed.pdb...
INFO:/users/sgsrehm1/COMP702_BeyondAF/code/COMP390_code/openfold/openfold/utils/script_utils.py:Relaxation time: 220.90074686333537
INFO:/users/sgsrehm1/COMP702_BeyondAF/code/COMP390_code/openfold/openfold/utils/script_utils.py:Relaxed output written to /users/sgsrehm1/fastscratch/COMP702_ep32_inference/runs/4bp8_ep32_relaxed_100_9827077/repeat_89/predictions/4bp8_A_model_1_relaxed.pdb...
/users/sgsrehm1/COMP702_BeyondAF/code/COMP390_code/openfold/openfold/utils/script_utils.py:131: FutureWarning: You are using `torch.load` with `weights_only=False` (the current default value), which uses the default pickle module implicitly. It is possible to construct malicious pickle data which will execute arbitrary code during unpickling (See https://github.com/pytorch/pytorch/blob/main/SECURITY.md#untrusted-models for more details). In a future release, the default value for `weights_only` will be flipped to `True`. This limits the functions that could be executed during unpickling. Arbitrary objects will no longer be allowed to be loaded via this mode unless they are explicitly allowlisted by the user via `torch.serialization.add_safe_globals`. We recommend you start setting `weights_only=True` for any use case where you don't have full control of the loaded file. Please open an issue on GitHub for any issues related to this experimental feature.
  d = torch.load(ckpt_path)
INFO:/users/sgsrehm1/COMP702_BeyondAF/code/COMP390_code/openfold/openfold/utils/script_utils.py:Loaded OpenFold parameters at /users/sgsrehm1/COMP702_BeyondAF/code/COMP390_code/checkpoints/run_subset_gpu32_h100_ep33/csv_logs/version_0/checkpoints/32-330000.ckpt...
INFO:/users/sgsrehm1/COMP702_BeyondAF/code/COMP390_code/openfold/run_pretrained_openfold.py:Using precomputed alignments for 4bp8_A at /users/sgsrehm1/scratch/openfold_inference/alignments_cf...
INFO:/users/sgsrehm1/COMP702_BeyondAF/code/COMP390_code/openfold/openfold/utils/script_utils.py:Running inference for 4bp8_A...
INFO:/users/sgsrehm1/COMP702_BeyondAF/code/COMP390_code/openfold/openfold/utils/script_utils.py:Inference time: 45.415403731167316
/users/sgsrehm1/COMP702_BeyondAF/code/COMP390_code/openfold/run_pretrained_openfold.py:351: DeprecationWarning: __array__ implementation doesn't accept a copy keyword, so passing copy=False failed. __array__ must implement 'dtype' and 'copy' keyword arguments. To learn more, see the migration guide https://numpy.org/devdocs/numpy_2_0_migration_guide.html#adapting-to-changes-in-the-copy-keyword
  lambda x: np.array(x[..., -1].cpu()),
/users/sgsrehm1/COMP702_BeyondAF/code/COMP390_code/openfold/run_pretrained_openfold.py:354: DeprecationWarning: __array__ implementation doesn't accept a copy keyword, so passing copy=False failed. __array__ must implement 'dtype' and 'copy' keyword arguments. To learn more, see the migration guide https://numpy.org/devdocs/numpy_2_0_migration_guide.html#adapting-to-changes-in-the-copy-keyword
  out = tensor_tree_map(lambda x: np.array(x.cpu()), out)
INFO:/users/sgsrehm1/COMP702_BeyondAF/code/COMP390_code/openfold/run_pretrained_openfold.py:Output written to /users/sgsrehm1/fastscratch/COMP702_ep32_inference/runs/4bp8_ep32_relaxed_100_9827077/repeat_90/predictions/4bp8_A_model_1_unrelaxed.pdb...
INFO:/users/sgsrehm1/COMP702_BeyondAF/code/COMP390_code/openfold/run_pretrained_openfold.py:Running relaxation on /users/sgsrehm1/fastscratch/COMP702_ep32_inference/runs/4bp8_ep32_relaxed_100_9827077/repeat_90/predictions/4bp8_A_model_1_unrelaxed.pdb...
INFO:/users/sgsrehm1/COMP702_BeyondAF/code/COMP390_code/openfold/openfold/utils/script_utils.py:Relaxation time: 46.459827278740704
INFO:/users/sgsrehm1/COMP702_BeyondAF/code/COMP390_code/openfold/openfold/utils/script_utils.py:Relaxed output written to /users/sgsrehm1/fastscratch/COMP702_ep32_inference/runs/4bp8_ep32_relaxed_100_9827077/repeat_90/predictions/4bp8_A_model_1_relaxed.pdb...
/users/sgsrehm1/COMP702_BeyondAF/code/COMP390_code/openfold/openfold/utils/script_utils.py:131: FutureWarning: You are using `torch.load` with `weights_only=False` (the current default value), which uses the default pickle module implicitly. It is possible to construct malicious pickle data which will execute arbitrary code during unpickling (See https://github.com/pytorch/pytorch/blob/main/SECURITY.md#untrusted-models for more details). In a future release, the default value for `weights_only` will be flipped to `True`. This limits the functions that could be executed during unpickling. Arbitrary objects will no longer be allowed to be loaded via this mode unless they are explicitly allowlisted by the user via `torch.serialization.add_safe_globals`. We recommend you start setting `weights_only=True` for any use case where you don't have full control of the loaded file. Please open an issue on GitHub for any issues related to this experimental feature.
  d = torch.load(ckpt_path)
INFO:/users/sgsrehm1/COMP702_BeyondAF/code/COMP390_code/openfold/openfold/utils/script_utils.py:Loaded OpenFold parameters at /users/sgsrehm1/COMP702_BeyondAF/code/COMP390_code/checkpoints/run_subset_gpu32_h100_ep33/csv_logs/version_0/checkpoints/32-330000.ckpt...
INFO:/users/sgsrehm1/COMP702_BeyondAF/code/COMP390_code/openfold/run_pretrained_openfold.py:Using precomputed alignments for 4bp8_A at /users/sgsrehm1/scratch/openfold_inference/alignments_cf...
INFO:/users/sgsrehm1/COMP702_BeyondAF/code/COMP390_code/openfold/openfold/utils/script_utils.py:Running inference for 4bp8_A...
INFO:/users/sgsrehm1/COMP702_BeyondAF/code/COMP390_code/openfold/openfold/utils/script_utils.py:Inference time: 45.44230266101658
/users/sgsrehm1/COMP702_BeyondAF/code/COMP390_code/openfold/run_pretrained_openfold.py:351: DeprecationWarning: __array__ implementation doesn't accept a copy keyword, so passing copy=False failed. __array__ must implement 'dtype' and 'copy' keyword arguments. To learn more, see the migration guide https://numpy.org/devdocs/numpy_2_0_migration_guide.html#adapting-to-changes-in-the-copy-keyword
  lambda x: np.array(x[..., -1].cpu()),
/users/sgsrehm1/COMP702_BeyondAF/code/COMP390_code/openfold/run_pretrained_openfold.py:354: DeprecationWarning: __array__ implementation doesn't accept a copy keyword, so passing copy=False failed. __array__ must implement 'dtype' and 'copy' keyword arguments. To learn more, see the migration guide https://numpy.org/devdocs/numpy_2_0_migration_guide.html#adapting-to-changes-in-the-copy-keyword
  out = tensor_tree_map(lambda x: np.array(x.cpu()), out)
INFO:/users/sgsrehm1/COMP702_BeyondAF/code/COMP390_code/openfold/run_pretrained_openfold.py:Output written to /users/sgsrehm1/fastscratch/COMP702_ep32_inference/runs/4bp8_ep32_relaxed_100_9827077/repeat_91/predictions/4bp8_A_model_1_unrelaxed.pdb...
INFO:/users/sgsrehm1/COMP702_BeyondAF/code/COMP390_code/openfold/run_pretrained_openfold.py:Running relaxation on /users/sgsrehm1/fastscratch/COMP702_ep32_inference/runs/4bp8_ep32_relaxed_100_9827077/repeat_91/predictions/4bp8_A_model_1_unrelaxed.pdb...
INFO:/users/sgsrehm1/COMP702_BeyondAF/code/COMP390_code/openfold/openfold/utils/script_utils.py:Relaxation time: 215.92584244254977
INFO:/users/sgsrehm1/COMP702_BeyondAF/code/COMP390_code/openfold/openfold/utils/script_utils.py:Relaxed output written to /users/sgsrehm1/fastscratch/COMP702_ep32_inference/runs/4bp8_ep32_relaxed_100_9827077/repeat_91/predictions/4bp8_A_model_1_relaxed.pdb...
/users/sgsrehm1/COMP702_BeyondAF/code/COMP390_code/openfold/openfold/utils/script_utils.py:131: FutureWarning: You are using `torch.load` with `weights_only=False` (the current default value), which uses the default pickle module implicitly. It is possible to construct malicious pickle data which will execute arbitrary code during unpickling (See https://github.com/pytorch/pytorch/blob/main/SECURITY.md#untrusted-models for more details). In a future release, the default value for `weights_only` will be flipped to `True`. This limits the functions that could be executed during unpickling. Arbitrary objects will no longer be allowed to be loaded via this mode unless they are explicitly allowlisted by the user via `torch.serialization.add_safe_globals`. We recommend you start setting `weights_only=True` for any use case where you don't have full control of the loaded file. Please open an issue on GitHub for any issues related to this experimental feature.
  d = torch.load(ckpt_path)
INFO:/users/sgsrehm1/COMP702_BeyondAF/code/COMP390_code/openfold/openfold/utils/script_utils.py:Loaded OpenFold parameters at /users/sgsrehm1/COMP702_BeyondAF/code/COMP390_code/checkpoints/run_subset_gpu32_h100_ep33/csv_logs/version_0/checkpoints/32-330000.ckpt...
INFO:/users/sgsrehm1/COMP702_BeyondAF/code/COMP390_code/openfold/run_pretrained_openfold.py:Using precomputed alignments for 4bp8_A at /users/sgsrehm1/scratch/openfold_inference/alignments_cf...
INFO:/users/sgsrehm1/COMP702_BeyondAF/code/COMP390_code/openfold/openfold/utils/script_utils.py:Running inference for 4bp8_A...
INFO:/users/sgsrehm1/COMP702_BeyondAF/code/COMP390_code/openfold/openfold/utils/script_utils.py:Inference time: 45.40077662002295
/users/sgsrehm1/COMP702_BeyondAF/code/COMP390_code/openfold/run_pretrained_openfold.py:351: DeprecationWarning: __array__ implementation doesn't accept a copy keyword, so passing copy=False failed. __array__ must implement 'dtype' and 'copy' keyword arguments. To learn more, see the migration guide https://numpy.org/devdocs/numpy_2_0_migration_guide.html#adapting-to-changes-in-the-copy-keyword
  lambda x: np.array(x[..., -1].cpu()),
/users/sgsrehm1/COMP702_BeyondAF/code/COMP390_code/openfold/run_pretrained_openfold.py:354: DeprecationWarning: __array__ implementation doesn't accept a copy keyword, so passing copy=False failed. __array__ must implement 'dtype' and 'copy' keyword arguments. To learn more, see the migration guide https://numpy.org/devdocs/numpy_2_0_migration_guide.html#adapting-to-changes-in-the-copy-keyword
  out = tensor_tree_map(lambda x: np.array(x.cpu()), out)
INFO:/users/sgsrehm1/COMP702_BeyondAF/code/COMP390_code/openfold/run_pretrained_openfold.py:Output written to /users/sgsrehm1/fastscratch/COMP702_ep32_inference/runs/4bp8_ep32_relaxed_100_9827077/repeat_92/predictions/4bp8_A_model_1_unrelaxed.pdb...
INFO:/users/sgsrehm1/COMP702_BeyondAF/code/COMP390_code/openfold/run_pretrained_openfold.py:Running relaxation on /users/sgsrehm1/fastscratch/COMP702_ep32_inference/runs/4bp8_ep32_relaxed_100_9827077/repeat_92/predictions/4bp8_A_model_1_unrelaxed.pdb...
INFO:/users/sgsrehm1/COMP702_BeyondAF/code/COMP390_code/openfold/openfold/utils/script_utils.py:Relaxation time: 210.79634353332222
INFO:/users/sgsrehm1/COMP702_BeyondAF/code/COMP390_code/openfold/openfold/utils/script_utils.py:Relaxed output written to /users/sgsrehm1/fastscratch/COMP702_ep32_inference/runs/4bp8_ep32_relaxed_100_9827077/repeat_92/predictions/4bp8_A_model_1_relaxed.pdb...
/users/sgsrehm1/COMP702_BeyondAF/code/COMP390_code/openfold/openfold/utils/script_utils.py:131: FutureWarning: You are using `torch.load` with `weights_only=False` (the current default value), which uses the default pickle module implicitly. It is possible to construct malicious pickle data which will execute arbitrary code during unpickling (See https://github.com/pytorch/pytorch/blob/main/SECURITY.md#untrusted-models for more details). In a future release, the default value for `weights_only` will be flipped to `True`. This limits the functions that could be executed during unpickling. Arbitrary objects will no longer be allowed to be loaded via this mode unless they are explicitly allowlisted by the user via `torch.serialization.add_safe_globals`. We recommend you start setting `weights_only=True` for any use case where you don't have full control of the loaded file. Please open an issue on GitHub for any issues related to this experimental feature.
  d = torch.load(ckpt_path)
INFO:/users/sgsrehm1/COMP702_BeyondAF/code/COMP390_code/openfold/openfold/utils/script_utils.py:Loaded OpenFold parameters at /users/sgsrehm1/COMP702_BeyondAF/code/COMP390_code/checkpoints/run_subset_gpu32_h100_ep33/csv_logs/version_0/checkpoints/32-330000.ckpt...
INFO:/users/sgsrehm1/COMP702_BeyondAF/code/COMP390_code/openfold/run_pretrained_openfold.py:Using precomputed alignments for 4bp8_A at /users/sgsrehm1/scratch/openfold_inference/alignments_cf...
INFO:/users/sgsrehm1/COMP702_BeyondAF/code/COMP390_code/openfold/openfold/utils/script_utils.py:Running inference for 4bp8_A...
INFO:/users/sgsrehm1/COMP702_BeyondAF/code/COMP390_code/openfold/openfold/utils/script_utils.py:Inference time: 45.38037621602416
/users/sgsrehm1/COMP702_BeyondAF/code/COMP390_code/openfold/run_pretrained_openfold.py:351: DeprecationWarning: __array__ implementation doesn't accept a copy keyword, so passing copy=False failed. __array__ must implement 'dtype' and 'copy' keyword arguments. To learn more, see the migration guide https://numpy.org/devdocs/numpy_2_0_migration_guide.html#adapting-to-changes-in-the-copy-keyword
  lambda x: np.array(x[..., -1].cpu()),
/users/sgsrehm1/COMP702_BeyondAF/code/COMP390_code/openfold/run_pretrained_openfold.py:354: DeprecationWarning: __array__ implementation doesn't accept a copy keyword, so passing copy=False failed. __array__ must implement 'dtype' and 'copy' keyword arguments. To learn more, see the migration guide https://numpy.org/devdocs/numpy_2_0_migration_guide.html#adapting-to-changes-in-the-copy-keyword
  out = tensor_tree_map(lambda x: np.array(x.cpu()), out)
INFO:/users/sgsrehm1/COMP702_BeyondAF/code/COMP390_code/openfold/run_pretrained_openfold.py:Output written to /users/sgsrehm1/fastscratch/COMP702_ep32_inference/runs/4bp8_ep32_relaxed_100_9827077/repeat_93/predictions/4bp8_A_model_1_unrelaxed.pdb...
INFO:/users/sgsrehm1/COMP702_BeyondAF/code/COMP390_code/openfold/run_pretrained_openfold.py:Running relaxation on /users/sgsrehm1/fastscratch/COMP702_ep32_inference/runs/4bp8_ep32_relaxed_100_9827077/repeat_93/predictions/4bp8_A_model_1_unrelaxed.pdb...
INFO:/users/sgsrehm1/COMP702_BeyondAF/code/COMP390_code/openfold/openfold/utils/script_utils.py:Relaxation time: 216.6976049831137
INFO:/users/sgsrehm1/COMP702_BeyondAF/code/COMP390_code/openfold/openfold/utils/script_utils.py:Relaxed output written to /users/sgsrehm1/fastscratch/COMP702_ep32_inference/runs/4bp8_ep32_relaxed_100_9827077/repeat_93/predictions/4bp8_A_model_1_relaxed.pdb...
/users/sgsrehm1/COMP702_BeyondAF/code/COMP390_code/openfold/openfold/utils/script_utils.py:131: FutureWarning: You are using `torch.load` with `weights_only=False` (the current default value), which uses the default pickle module implicitly. It is possible to construct malicious pickle data which will execute arbitrary code during unpickling (See https://github.com/pytorch/pytorch/blob/main/SECURITY.md#untrusted-models for more details). In a future release, the default value for `weights_only` will be flipped to `True`. This limits the functions that could be executed during unpickling. Arbitrary objects will no longer be allowed to be loaded via this mode unless they are explicitly allowlisted by the user via `torch.serialization.add_safe_globals`. We recommend you start setting `weights_only=True` for any use case where you don't have full control of the loaded file. Please open an issue on GitHub for any issues related to this experimental feature.
  d = torch.load(ckpt_path)
INFO:/users/sgsrehm1/COMP702_BeyondAF/code/COMP390_code/openfold/openfold/utils/script_utils.py:Loaded OpenFold parameters at /users/sgsrehm1/COMP702_BeyondAF/code/COMP390_code/checkpoints/run_subset_gpu32_h100_ep33/csv_logs/version_0/checkpoints/32-330000.ckpt...
INFO:/users/sgsrehm1/COMP702_BeyondAF/code/COMP390_code/openfold/run_pretrained_openfold.py:Using precomputed alignments for 4bp8_A at /users/sgsrehm1/scratch/openfold_inference/alignments_cf...
INFO:/users/sgsrehm1/COMP702_BeyondAF/code/COMP390_code/openfold/openfold/utils/script_utils.py:Running inference for 4bp8_A...
INFO:/users/sgsrehm1/COMP702_BeyondAF/code/COMP390_code/openfold/openfold/utils/script_utils.py:Inference time: 45.512107107788324
/users/sgsrehm1/COMP702_BeyondAF/code/COMP390_code/openfold/run_pretrained_openfold.py:351: DeprecationWarning: __array__ implementation doesn't accept a copy keyword, so passing copy=False failed. __array__ must implement 'dtype' and 'copy' keyword arguments. To learn more, see the migration guide https://numpy.org/devdocs/numpy_2_0_migration_guide.html#adapting-to-changes-in-the-copy-keyword
  lambda x: np.array(x[..., -1].cpu()),
/users/sgsrehm1/COMP702_BeyondAF/code/COMP390_code/openfold/run_pretrained_openfold.py:354: DeprecationWarning: __array__ implementation doesn't accept a copy keyword, so passing copy=False failed. __array__ must implement 'dtype' and 'copy' keyword arguments. To learn more, see the migration guide https://numpy.org/devdocs/numpy_2_0_migration_guide.html#adapting-to-changes-in-the-copy-keyword
  out = tensor_tree_map(lambda x: np.array(x.cpu()), out)
INFO:/users/sgsrehm1/COMP702_BeyondAF/code/COMP390_code/openfold/run_pretrained_openfold.py:Output written to /users/sgsrehm1/fastscratch/COMP702_ep32_inference/runs/4bp8_ep32_relaxed_100_9827077/repeat_94/predictions/4bp8_A_model_1_unrelaxed.pdb...
INFO:/users/sgsrehm1/COMP702_BeyondAF/code/COMP390_code/openfold/run_pretrained_openfold.py:Running relaxation on /users/sgsrehm1/fastscratch/COMP702_ep32_inference/runs/4bp8_ep32_relaxed_100_9827077/repeat_94/predictions/4bp8_A_model_1_unrelaxed.pdb...
INFO:/users/sgsrehm1/COMP702_BeyondAF/code/COMP390_code/openfold/openfold/utils/script_utils.py:Relaxation time: 46.45483469031751
INFO:/users/sgsrehm1/COMP702_BeyondAF/code/COMP390_code/openfold/openfold/utils/script_utils.py:Relaxed output written to /users/sgsrehm1/fastscratch/COMP702_ep32_inference/runs/4bp8_ep32_relaxed_100_9827077/repeat_94/predictions/4bp8_A_model_1_relaxed.pdb...
/users/sgsrehm1/COMP702_BeyondAF/code/COMP390_code/openfold/openfold/utils/script_utils.py:131: FutureWarning: You are using `torch.load` with `weights_only=False` (the current default value), which uses the default pickle module implicitly. It is possible to construct malicious pickle data which will execute arbitrary code during unpickling (See https://github.com/pytorch/pytorch/blob/main/SECURITY.md#untrusted-models for more details). In a future release, the default value for `weights_only` will be flipped to `True`. This limits the functions that could be executed during unpickling. Arbitrary objects will no longer be allowed to be loaded via this mode unless they are explicitly allowlisted by the user via `torch.serialization.add_safe_globals`. We recommend you start setting `weights_only=True` for any use case where you don't have full control of the loaded file. Please open an issue on GitHub for any issues related to this experimental feature.
  d = torch.load(ckpt_path)
INFO:/users/sgsrehm1/COMP702_BeyondAF/code/COMP390_code/openfold/openfold/utils/script_utils.py:Loaded OpenFold parameters at /users/sgsrehm1/COMP702_BeyondAF/code/COMP390_code/checkpoints/run_subset_gpu32_h100_ep33/csv_logs/version_0/checkpoints/32-330000.ckpt...
INFO:/users/sgsrehm1/COMP702_BeyondAF/code/COMP390_code/openfold/run_pretrained_openfold.py:Using precomputed alignments for 4bp8_A at /users/sgsrehm1/scratch/openfold_inference/alignments_cf...
INFO:/users/sgsrehm1/COMP702_BeyondAF/code/COMP390_code/openfold/openfold/utils/script_utils.py:Running inference for 4bp8_A...
INFO:/users/sgsrehm1/COMP702_BeyondAF/code/COMP390_code/openfold/openfold/utils/script_utils.py:Inference time: 45.46685564983636
/users/sgsrehm1/COMP702_BeyondAF/code/COMP390_code/openfold/run_pretrained_openfold.py:351: DeprecationWarning: __array__ implementation doesn't accept a copy keyword, so passing copy=False failed. __array__ must implement 'dtype' and 'copy' keyword arguments. To learn more, see the migration guide https://numpy.org/devdocs/numpy_2_0_migration_guide.html#adapting-to-changes-in-the-copy-keyword
  lambda x: np.array(x[..., -1].cpu()),
/users/sgsrehm1/COMP702_BeyondAF/code/COMP390_code/openfold/run_pretrained_openfold.py:354: DeprecationWarning: __array__ implementation doesn't accept a copy keyword, so passing copy=False failed. __array__ must implement 'dtype' and 'copy' keyword arguments. To learn more, see the migration guide https://numpy.org/devdocs/numpy_2_0_migration_guide.html#adapting-to-changes-in-the-copy-keyword
  out = tensor_tree_map(lambda x: np.array(x.cpu()), out)
INFO:/users/sgsrehm1/COMP702_BeyondAF/code/COMP390_code/openfold/run_pretrained_openfold.py:Output written to /users/sgsrehm1/fastscratch/COMP702_ep32_inference/runs/4bp8_ep32_relaxed_100_9827077/repeat_95/predictions/4bp8_A_model_1_unrelaxed.pdb...
INFO:/users/sgsrehm1/COMP702_BeyondAF/code/COMP390_code/openfold/run_pretrained_openfold.py:Running relaxation on /users/sgsrehm1/fastscratch/COMP702_ep32_inference/runs/4bp8_ep32_relaxed_100_9827077/repeat_95/predictions/4bp8_A_model_1_unrelaxed.pdb...
INFO:/users/sgsrehm1/COMP702_BeyondAF/code/COMP390_code/openfold/openfold/utils/script_utils.py:Relaxation time: 215.43206092808396
INFO:/users/sgsrehm1/COMP702_BeyondAF/code/COMP390_code/openfold/openfold/utils/script_utils.py:Relaxed output written to /users/sgsrehm1/fastscratch/COMP702_ep32_inference/runs/4bp8_ep32_relaxed_100_9827077/repeat_95/predictions/4bp8_A_model_1_relaxed.pdb...
/users/sgsrehm1/COMP702_BeyondAF/code/COMP390_code/openfold/openfold/utils/script_utils.py:131: FutureWarning: You are using `torch.load` with `weights_only=False` (the current default value), which uses the default pickle module implicitly. It is possible to construct malicious pickle data which will execute arbitrary code during unpickling (See https://github.com/pytorch/pytorch/blob/main/SECURITY.md#untrusted-models for more details). In a future release, the default value for `weights_only` will be flipped to `True`. This limits the functions that could be executed during unpickling. Arbitrary objects will no longer be allowed to be loaded via this mode unless they are explicitly allowlisted by the user via `torch.serialization.add_safe_globals`. We recommend you start setting `weights_only=True` for any use case where you don't have full control of the loaded file. Please open an issue on GitHub for any issues related to this experimental feature.
  d = torch.load(ckpt_path)
INFO:/users/sgsrehm1/COMP702_BeyondAF/code/COMP390_code/openfold/openfold/utils/script_utils.py:Loaded OpenFold parameters at /users/sgsrehm1/COMP702_BeyondAF/code/COMP390_code/checkpoints/run_subset_gpu32_h100_ep33/csv_logs/version_0/checkpoints/32-330000.ckpt...
INFO:/users/sgsrehm1/COMP702_BeyondAF/code/COMP390_code/openfold/run_pretrained_openfold.py:Using precomputed alignments for 4bp8_A at /users/sgsrehm1/scratch/openfold_inference/alignments_cf...
INFO:/users/sgsrehm1/COMP702_BeyondAF/code/COMP390_code/openfold/openfold/utils/script_utils.py:Running inference for 4bp8_A...
INFO:/users/sgsrehm1/COMP702_BeyondAF/code/COMP390_code/openfold/openfold/utils/script_utils.py:Inference time: 45.48568772897124
/users/sgsrehm1/COMP702_BeyondAF/code/COMP390_code/openfold/run_pretrained_openfold.py:351: DeprecationWarning: __array__ implementation doesn't accept a copy keyword, so passing copy=False failed. __array__ must implement 'dtype' and 'copy' keyword arguments. To learn more, see the migration guide https://numpy.org/devdocs/numpy_2_0_migration_guide.html#adapting-to-changes-in-the-copy-keyword
  lambda x: np.array(x[..., -1].cpu()),
/users/sgsrehm1/COMP702_BeyondAF/code/COMP390_code/openfold/run_pretrained_openfold.py:354: DeprecationWarning: __array__ implementation doesn't accept a copy keyword, so passing copy=False failed. __array__ must implement 'dtype' and 'copy' keyword arguments. To learn more, see the migration guide https://numpy.org/devdocs/numpy_2_0_migration_guide.html#adapting-to-changes-in-the-copy-keyword
  out = tensor_tree_map(lambda x: np.array(x.cpu()), out)
INFO:/users/sgsrehm1/COMP702_BeyondAF/code/COMP390_code/openfold/run_pretrained_openfold.py:Output written to /users/sgsrehm1/fastscratch/COMP702_ep32_inference/runs/4bp8_ep32_relaxed_100_9827077/repeat_96/predictions/4bp8_A_model_1_unrelaxed.pdb...
INFO:/users/sgsrehm1/COMP702_BeyondAF/code/COMP390_code/openfold/run_pretrained_openfold.py:Running relaxation on /users/sgsrehm1/fastscratch/COMP702_ep32_inference/runs/4bp8_ep32_relaxed_100_9827077/repeat_96/predictions/4bp8_A_model_1_unrelaxed.pdb...
INFO:/users/sgsrehm1/COMP702_BeyondAF/code/COMP390_code/openfold/openfold/utils/script_utils.py:Relaxation time: 219.74557851999998
INFO:/users/sgsrehm1/COMP702_BeyondAF/code/COMP390_code/openfold/openfold/utils/script_utils.py:Relaxed output written to /users/sgsrehm1/fastscratch/COMP702_ep32_inference/runs/4bp8_ep32_relaxed_100_9827077/repeat_96/predictions/4bp8_A_model_1_relaxed.pdb...
/users/sgsrehm1/COMP702_BeyondAF/code/COMP390_code/openfold/openfold/utils/script_utils.py:131: FutureWarning: You are using `torch.load` with `weights_only=False` (the current default value), which uses the default pickle module implicitly. It is possible to construct malicious pickle data which will execute arbitrary code during unpickling (See https://github.com/pytorch/pytorch/blob/main/SECURITY.md#untrusted-models for more details). In a future release, the default value for `weights_only` will be flipped to `True`. This limits the functions that could be executed during unpickling. Arbitrary objects will no longer be allowed to be loaded via this mode unless they are explicitly allowlisted by the user via `torch.serialization.add_safe_globals`. We recommend you start setting `weights_only=True` for any use case where you don't have full control of the loaded file. Please open an issue on GitHub for any issues related to this experimental feature.
  d = torch.load(ckpt_path)
INFO:/users/sgsrehm1/COMP702_BeyondAF/code/COMP390_code/openfold/openfold/utils/script_utils.py:Loaded OpenFold parameters at /users/sgsrehm1/COMP702_BeyondAF/code/COMP390_code/checkpoints/run_subset_gpu32_h100_ep33/csv_logs/version_0/checkpoints/32-330000.ckpt...
INFO:/users/sgsrehm1/COMP702_BeyondAF/code/COMP390_code/openfold/run_pretrained_openfold.py:Using precomputed alignments for 4bp8_A at /users/sgsrehm1/scratch/openfold_inference/alignments_cf...
INFO:/users/sgsrehm1/COMP702_BeyondAF/code/COMP390_code/openfold/openfold/utils/script_utils.py:Running inference for 4bp8_A...
INFO:/users/sgsrehm1/COMP702_BeyondAF/code/COMP390_code/openfold/openfold/utils/script_utils.py:Inference time: 45.47463659197092
/users/sgsrehm1/COMP702_BeyondAF/code/COMP390_code/openfold/run_pretrained_openfold.py:351: DeprecationWarning: __array__ implementation doesn't accept a copy keyword, so passing copy=False failed. __array__ must implement 'dtype' and 'copy' keyword arguments. To learn more, see the migration guide https://numpy.org/devdocs/numpy_2_0_migration_guide.html#adapting-to-changes-in-the-copy-keyword
  lambda x: np.array(x[..., -1].cpu()),
/users/sgsrehm1/COMP702_BeyondAF/code/COMP390_code/openfold/run_pretrained_openfold.py:354: DeprecationWarning: __array__ implementation doesn't accept a copy keyword, so passing copy=False failed. __array__ must implement 'dtype' and 'copy' keyword arguments. To learn more, see the migration guide https://numpy.org/devdocs/numpy_2_0_migration_guide.html#adapting-to-changes-in-the-copy-keyword
  out = tensor_tree_map(lambda x: np.array(x.cpu()), out)
INFO:/users/sgsrehm1/COMP702_BeyondAF/code/COMP390_code/openfold/run_pretrained_openfold.py:Output written to /users/sgsrehm1/fastscratch/COMP702_ep32_inference/runs/4bp8_ep32_relaxed_100_9827077/repeat_97/predictions/4bp8_A_model_1_unrelaxed.pdb...
INFO:/users/sgsrehm1/COMP702_BeyondAF/code/COMP390_code/openfold/run_pretrained_openfold.py:Running relaxation on /users/sgsrehm1/fastscratch/COMP702_ep32_inference/runs/4bp8_ep32_relaxed_100_9827077/repeat_97/predictions/4bp8_A_model_1_unrelaxed.pdb...
INFO:/users/sgsrehm1/COMP702_BeyondAF/code/COMP390_code/openfold/openfold/utils/script_utils.py:Relaxation time: 37.88454386498779
INFO:/users/sgsrehm1/COMP702_BeyondAF/code/COMP390_code/openfold/openfold/utils/script_utils.py:Relaxed output written to /users/sgsrehm1/fastscratch/COMP702_ep32_inference/runs/4bp8_ep32_relaxed_100_9827077/repeat_97/predictions/4bp8_A_model_1_relaxed.pdb...
/users/sgsrehm1/COMP702_BeyondAF/code/COMP390_code/openfold/openfold/utils/script_utils.py:131: FutureWarning: You are using `torch.load` with `weights_only=False` (the current default value), which uses the default pickle module implicitly. It is possible to construct malicious pickle data which will execute arbitrary code during unpickling (See https://github.com/pytorch/pytorch/blob/main/SECURITY.md#untrusted-models for more details). In a future release, the default value for `weights_only` will be flipped to `True`. This limits the functions that could be executed during unpickling. Arbitrary objects will no longer be allowed to be loaded via this mode unless they are explicitly allowlisted by the user via `torch.serialization.add_safe_globals`. We recommend you start setting `weights_only=True` for any use case where you don't have full control of the loaded file. Please open an issue on GitHub for any issues related to this experimental feature.
  d = torch.load(ckpt_path)
INFO:/users/sgsrehm1/COMP702_BeyondAF/code/COMP390_code/openfold/openfold/utils/script_utils.py:Loaded OpenFold parameters at /users/sgsrehm1/COMP702_BeyondAF/code/COMP390_code/checkpoints/run_subset_gpu32_h100_ep33/csv_logs/version_0/checkpoints/32-330000.ckpt...
INFO:/users/sgsrehm1/COMP702_BeyondAF/code/COMP390_code/openfold/run_pretrained_openfold.py:Using precomputed alignments for 4bp8_A at /users/sgsrehm1/scratch/openfold_inference/alignments_cf...
INFO:/users/sgsrehm1/COMP702_BeyondAF/code/COMP390_code/openfold/openfold/utils/script_utils.py:Running inference for 4bp8_A...
INFO:/users/sgsrehm1/COMP702_BeyondAF/code/COMP390_code/openfold/openfold/utils/script_utils.py:Inference time: 45.40705124475062
/users/sgsrehm1/COMP702_BeyondAF/code/COMP390_code/openfold/run_pretrained_openfold.py:351: DeprecationWarning: __array__ implementation doesn't accept a copy keyword, so passing copy=False failed. __array__ must implement 'dtype' and 'copy' keyword arguments. To learn more, see the migration guide https://numpy.org/devdocs/numpy_2_0_migration_guide.html#adapting-to-changes-in-the-copy-keyword
  lambda x: np.array(x[..., -1].cpu()),
/users/sgsrehm1/COMP702_BeyondAF/code/COMP390_code/openfold/run_pretrained_openfold.py:354: DeprecationWarning: __array__ implementation doesn't accept a copy keyword, so passing copy=False failed. __array__ must implement 'dtype' and 'copy' keyword arguments. To learn more, see the migration guide https://numpy.org/devdocs/numpy_2_0_migration_guide.html#adapting-to-changes-in-the-copy-keyword
  out = tensor_tree_map(lambda x: np.array(x.cpu()), out)
INFO:/users/sgsrehm1/COMP702_BeyondAF/code/COMP390_code/openfold/run_pretrained_openfold.py:Output written to /users/sgsrehm1/fastscratch/COMP702_ep32_inference/runs/4bp8_ep32_relaxed_100_9827077/repeat_98/predictions/4bp8_A_model_1_unrelaxed.pdb...
INFO:/users/sgsrehm1/COMP702_BeyondAF/code/COMP390_code/openfold/run_pretrained_openfold.py:Running relaxation on /users/sgsrehm1/fastscratch/COMP702_ep32_inference/runs/4bp8_ep32_relaxed_100_9827077/repeat_98/predictions/4bp8_A_model_1_unrelaxed.pdb...
INFO:/users/sgsrehm1/COMP702_BeyondAF/code/COMP390_code/openfold/openfold/utils/script_utils.py:Relaxation time: 217.67640992160887
INFO:/users/sgsrehm1/COMP702_BeyondAF/code/COMP390_code/openfold/openfold/utils/script_utils.py:Relaxed output written to /users/sgsrehm1/fastscratch/COMP702_ep32_inference/runs/4bp8_ep32_relaxed_100_9827077/repeat_98/predictions/4bp8_A_model_1_relaxed.pdb...
/users/sgsrehm1/COMP702_BeyondAF/code/COMP390_code/openfold/openfold/utils/script_utils.py:131: FutureWarning: You are using `torch.load` with `weights_only=False` (the current default value), which uses the default pickle module implicitly. It is possible to construct malicious pickle data which will execute arbitrary code during unpickling (See https://github.com/pytorch/pytorch/blob/main/SECURITY.md#untrusted-models for more details). In a future release, the default value for `weights_only` will be flipped to `True`. This limits the functions that could be executed during unpickling. Arbitrary objects will no longer be allowed to be loaded via this mode unless they are explicitly allowlisted by the user via `torch.serialization.add_safe_globals`. We recommend you start setting `weights_only=True` for any use case where you don't have full control of the loaded file. Please open an issue on GitHub for any issues related to this experimental feature.
  d = torch.load(ckpt_path)
INFO:/users/sgsrehm1/COMP702_BeyondAF/code/COMP390_code/openfold/openfold/utils/script_utils.py:Loaded OpenFold parameters at /users/sgsrehm1/COMP702_BeyondAF/code/COMP390_code/checkpoints/run_subset_gpu32_h100_ep33/csv_logs/version_0/checkpoints/32-330000.ckpt...
INFO:/users/sgsrehm1/COMP702_BeyondAF/code/COMP390_code/openfold/run_pretrained_openfold.py:Using precomputed alignments for 4bp8_A at /users/sgsrehm1/scratch/openfold_inference/alignments_cf...
INFO:/users/sgsrehm1/COMP702_BeyondAF/code/COMP390_code/openfold/openfold/utils/script_utils.py:Running inference for 4bp8_A...
INFO:/users/sgsrehm1/COMP702_BeyondAF/code/COMP390_code/openfold/openfold/utils/script_utils.py:Inference time: 45.392659979872406
/users/sgsrehm1/COMP702_BeyondAF/code/COMP390_code/openfold/run_pretrained_openfold.py:351: DeprecationWarning: __array__ implementation doesn't accept a copy keyword, so passing copy=False failed. __array__ must implement 'dtype' and 'copy' keyword arguments. To learn more, see the migration guide https://numpy.org/devdocs/numpy_2_0_migration_guide.html#adapting-to-changes-in-the-copy-keyword
  lambda x: np.array(x[..., -1].cpu()),
/users/sgsrehm1/COMP702_BeyondAF/code/COMP390_code/openfold/run_pretrained_openfold.py:354: DeprecationWarning: __array__ implementation doesn't accept a copy keyword, so passing copy=False failed. __array__ must implement 'dtype' and 'copy' keyword arguments. To learn more, see the migration guide https://numpy.org/devdocs/numpy_2_0_migration_guide.html#adapting-to-changes-in-the-copy-keyword
  out = tensor_tree_map(lambda x: np.array(x.cpu()), out)
INFO:/users/sgsrehm1/COMP702_BeyondAF/code/COMP390_code/openfold/run_pretrained_openfold.py:Output written to /users/sgsrehm1/fastscratch/COMP702_ep32_inference/runs/4bp8_ep32_relaxed_100_9827077/repeat_99/predictions/4bp8_A_model_1_unrelaxed.pdb...
INFO:/users/sgsrehm1/COMP702_BeyondAF/code/COMP390_code/openfold/run_pretrained_openfold.py:Running relaxation on /users/sgsrehm1/fastscratch/COMP702_ep32_inference/runs/4bp8_ep32_relaxed_100_9827077/repeat_99/predictions/4bp8_A_model_1_unrelaxed.pdb...
INFO:/users/sgsrehm1/COMP702_BeyondAF/code/COMP390_code/openfold/openfold/utils/script_utils.py:Relaxation time: 57.283155443146825
INFO:/users/sgsrehm1/COMP702_BeyondAF/code/COMP390_code/openfold/openfold/utils/script_utils.py:Relaxed output written to /users/sgsrehm1/fastscratch/COMP702_ep32_inference/runs/4bp8_ep32_relaxed_100_9827077/repeat_99/predictions/4bp8_A_model_1_relaxed.pdb...
/users/sgsrehm1/COMP702_BeyondAF/code/COMP390_code/openfold/openfold/utils/script_utils.py:131: FutureWarning: You are using `torch.load` with `weights_only=False` (the current default value), which uses the default pickle module implicitly. It is possible to construct malicious pickle data which will execute arbitrary code during unpickling (See https://github.com/pytorch/pytorch/blob/main/SECURITY.md#untrusted-models for more details). In a future release, the default value for `weights_only` will be flipped to `True`. This limits the functions that could be executed during unpickling. Arbitrary objects will no longer be allowed to be loaded via this mode unless they are explicitly allowlisted by the user via `torch.serialization.add_safe_globals`. We recommend you start setting `weights_only=True` for any use case where you don't have full control of the loaded file. Please open an issue on GitHub for any issues related to this experimental feature.
  d = torch.load(ckpt_path)
INFO:/users/sgsrehm1/COMP702_BeyondAF/code/COMP390_code/openfold/openfold/utils/script_utils.py:Loaded OpenFold parameters at /users/sgsrehm1/COMP702_BeyondAF/code/COMP390_code/checkpoints/run_subset_gpu32_h100_ep33/csv_logs/version_0/checkpoints/32-330000.ckpt...
INFO:/users/sgsrehm1/COMP702_BeyondAF/code/COMP390_code/openfold/run_pretrained_openfold.py:Using precomputed alignments for 4bp8_A at /users/sgsrehm1/scratch/openfold_inference/alignments_cf...
INFO:/users/sgsrehm1/COMP702_BeyondAF/code/COMP390_code/openfold/openfold/utils/script_utils.py:Running inference for 4bp8_A...
INFO:/users/sgsrehm1/COMP702_BeyondAF/code/COMP390_code/openfold/openfold/utils/script_utils.py:Inference time: 45.44574362784624
/users/sgsrehm1/COMP702_BeyondAF/code/COMP390_code/openfold/run_pretrained_openfold.py:351: DeprecationWarning: __array__ implementation doesn't accept a copy keyword, so passing copy=False failed. __array__ must implement 'dtype' and 'copy' keyword arguments. To learn more, see the migration guide https://numpy.org/devdocs/numpy_2_0_migration_guide.html#adapting-to-changes-in-the-copy-keyword
  lambda x: np.array(x[..., -1].cpu()),
/users/sgsrehm1/COMP702_BeyondAF/code/COMP390_code/openfold/run_pretrained_openfold.py:354: DeprecationWarning: __array__ implementation doesn't accept a copy keyword, so passing copy=False failed. __array__ must implement 'dtype' and 'copy' keyword arguments. To learn more, see the migration guide https://numpy.org/devdocs/numpy_2_0_migration_guide.html#adapting-to-changes-in-the-copy-keyword
  out = tensor_tree_map(lambda x: np.array(x.cpu()), out)
INFO:/users/sgsrehm1/COMP702_BeyondAF/code/COMP390_code/openfold/run_pretrained_openfold.py:Output written to /users/sgsrehm1/fastscratch/COMP702_ep32_inference/runs/4bp8_ep32_relaxed_100_9827077/repeat_100/predictions/4bp8_A_model_1_unrelaxed.pdb...
INFO:/users/sgsrehm1/COMP702_BeyondAF/code/COMP390_code/openfold/run_pretrained_openfold.py:Running relaxation on /users/sgsrehm1/fastscratch/COMP702_ep32_inference/runs/4bp8_ep32_relaxed_100_9827077/repeat_100/predictions/4bp8_A_model_1_unrelaxed.pdb...
INFO:/users/sgsrehm1/COMP702_BeyondAF/code/COMP390_code/openfold/openfold/utils/script_utils.py:Relaxation time: 37.1101399930194
INFO:/users/sgsrehm1/COMP702_BeyondAF/code/COMP390_code/openfold/openfold/utils/script_utils.py:Relaxed output written to /users/sgsrehm1/fastscratch/COMP702_ep32_inference/runs/4bp8_ep32_relaxed_100_9827077/repeat_100/predictions/4bp8_A_model_1_relaxed.pdb...
