/users/sgsrehm1/COMP702_BeyondAF/code/COMP390_code/openfold/openfold/utils/script_utils.py:131: FutureWarning: You are using `torch.load` with `weights_only=False` (the current default value), which uses the default pickle module implicitly. It is possible to construct malicious pickle data which will execute arbitrary code during unpickling (See https://github.com/pytorch/pytorch/blob/main/SECURITY.md#untrusted-models for more details). In a future release, the default value for `weights_only` will be flipped to `True`. This limits the functions that could be executed during unpickling. Arbitrary objects will no longer be allowed to be loaded via this mode unless they are explicitly allowlisted by the user via `torch.serialization.add_safe_globals`. We recommend you start setting `weights_only=True` for any use case where you don't have full control of the loaded file. Please open an issue on GitHub for any issues related to this experimental feature.
  d = torch.load(ckpt_path)
INFO:/users/sgsrehm1/COMP702_BeyondAF/code/COMP390_code/openfold/openfold/utils/script_utils.py:Loaded OpenFold parameters at /users/sgsrehm1/COMP702_BeyondAF/code/COMP390_code/checkpoints/run_subset_gpu32_h100_ep33/csv_logs/version_0/checkpoints/32-330000.ckpt...
INFO:/users/sgsrehm1/COMP702_BeyondAF/code/COMP390_code/openfold/run_pretrained_openfold.py:Using precomputed alignments for 7dsq_A at /users/sgsrehm1/scratch/openfold_inference/alignments_cf...
INFO:/users/sgsrehm1/COMP702_BeyondAF/code/COMP390_code/openfold/openfold/utils/script_utils.py:Running inference for 7dsq_A...
INFO:/users/sgsrehm1/COMP702_BeyondAF/code/COMP390_code/openfold/openfold/utils/script_utils.py:Inference time: 17.72678186930716
/users/sgsrehm1/COMP702_BeyondAF/code/COMP390_code/openfold/run_pretrained_openfold.py:351: DeprecationWarning: __array__ implementation doesn't accept a copy keyword, so passing copy=False failed. __array__ must implement 'dtype' and 'copy' keyword arguments. To learn more, see the migration guide https://numpy.org/devdocs/numpy_2_0_migration_guide.html#adapting-to-changes-in-the-copy-keyword
  lambda x: np.array(x[..., -1].cpu()),
/users/sgsrehm1/COMP702_BeyondAF/code/COMP390_code/openfold/run_pretrained_openfold.py:354: DeprecationWarning: __array__ implementation doesn't accept a copy keyword, so passing copy=False failed. __array__ must implement 'dtype' and 'copy' keyword arguments. To learn more, see the migration guide https://numpy.org/devdocs/numpy_2_0_migration_guide.html#adapting-to-changes-in-the-copy-keyword
  out = tensor_tree_map(lambda x: np.array(x.cpu()), out)
INFO:/users/sgsrehm1/COMP702_BeyondAF/code/COMP390_code/openfold/run_pretrained_openfold.py:Output written to /users/sgsrehm1/fastscratch/COMP702_ep32_inference/runs/7dsq_ep32_relaxed_100_9827080/repeat_1/predictions/7dsq_A_model_1_unrelaxed.pdb...
INFO:/users/sgsrehm1/COMP702_BeyondAF/code/COMP390_code/openfold/run_pretrained_openfold.py:Running relaxation on /users/sgsrehm1/fastscratch/COMP702_ep32_inference/runs/7dsq_ep32_relaxed_100_9827080/repeat_1/predictions/7dsq_A_model_1_unrelaxed.pdb...
INFO:/users/sgsrehm1/COMP702_BeyondAF/code/COMP390_code/openfold/openfold/utils/script_utils.py:Relaxation time: 13.771403261460364
INFO:/users/sgsrehm1/COMP702_BeyondAF/code/COMP390_code/openfold/openfold/utils/script_utils.py:Relaxed output written to /users/sgsrehm1/fastscratch/COMP702_ep32_inference/runs/7dsq_ep32_relaxed_100_9827080/repeat_1/predictions/7dsq_A_model_1_relaxed.pdb...
/users/sgsrehm1/COMP702_BeyondAF/code/COMP390_code/openfold/openfold/utils/script_utils.py:131: FutureWarning: You are using `torch.load` with `weights_only=False` (the current default value), which uses the default pickle module implicitly. It is possible to construct malicious pickle data which will execute arbitrary code during unpickling (See https://github.com/pytorch/pytorch/blob/main/SECURITY.md#untrusted-models for more details). In a future release, the default value for `weights_only` will be flipped to `True`. This limits the functions that could be executed during unpickling. Arbitrary objects will no longer be allowed to be loaded via this mode unless they are explicitly allowlisted by the user via `torch.serialization.add_safe_globals`. We recommend you start setting `weights_only=True` for any use case where you don't have full control of the loaded file. Please open an issue on GitHub for any issues related to this experimental feature.
  d = torch.load(ckpt_path)
INFO:/users/sgsrehm1/COMP702_BeyondAF/code/COMP390_code/openfold/openfold/utils/script_utils.py:Loaded OpenFold parameters at /users/sgsrehm1/COMP702_BeyondAF/code/COMP390_code/checkpoints/run_subset_gpu32_h100_ep33/csv_logs/version_0/checkpoints/32-330000.ckpt...
INFO:/users/sgsrehm1/COMP702_BeyondAF/code/COMP390_code/openfold/run_pretrained_openfold.py:Using precomputed alignments for 7dsq_A at /users/sgsrehm1/scratch/openfold_inference/alignments_cf...
INFO:/users/sgsrehm1/COMP702_BeyondAF/code/COMP390_code/openfold/openfold/utils/script_utils.py:Running inference for 7dsq_A...
INFO:/users/sgsrehm1/COMP702_BeyondAF/code/COMP390_code/openfold/openfold/utils/script_utils.py:Inference time: 17.68049018178135
/users/sgsrehm1/COMP702_BeyondAF/code/COMP390_code/openfold/run_pretrained_openfold.py:351: DeprecationWarning: __array__ implementation doesn't accept a copy keyword, so passing copy=False failed. __array__ must implement 'dtype' and 'copy' keyword arguments. To learn more, see the migration guide https://numpy.org/devdocs/numpy_2_0_migration_guide.html#adapting-to-changes-in-the-copy-keyword
  lambda x: np.array(x[..., -1].cpu()),
/users/sgsrehm1/COMP702_BeyondAF/code/COMP390_code/openfold/run_pretrained_openfold.py:354: DeprecationWarning: __array__ implementation doesn't accept a copy keyword, so passing copy=False failed. __array__ must implement 'dtype' and 'copy' keyword arguments. To learn more, see the migration guide https://numpy.org/devdocs/numpy_2_0_migration_guide.html#adapting-to-changes-in-the-copy-keyword
  out = tensor_tree_map(lambda x: np.array(x.cpu()), out)
INFO:/users/sgsrehm1/COMP702_BeyondAF/code/COMP390_code/openfold/run_pretrained_openfold.py:Output written to /users/sgsrehm1/fastscratch/COMP702_ep32_inference/runs/7dsq_ep32_relaxed_100_9827080/repeat_2/predictions/7dsq_A_model_1_unrelaxed.pdb...
INFO:/users/sgsrehm1/COMP702_BeyondAF/code/COMP390_code/openfold/run_pretrained_openfold.py:Running relaxation on /users/sgsrehm1/fastscratch/COMP702_ep32_inference/runs/7dsq_ep32_relaxed_100_9827080/repeat_2/predictions/7dsq_A_model_1_unrelaxed.pdb...
INFO:/users/sgsrehm1/COMP702_BeyondAF/code/COMP390_code/openfold/openfold/utils/script_utils.py:Relaxation time: 12.908738213591278
INFO:/users/sgsrehm1/COMP702_BeyondAF/code/COMP390_code/openfold/openfold/utils/script_utils.py:Relaxed output written to /users/sgsrehm1/fastscratch/COMP702_ep32_inference/runs/7dsq_ep32_relaxed_100_9827080/repeat_2/predictions/7dsq_A_model_1_relaxed.pdb...
/users/sgsrehm1/COMP702_BeyondAF/code/COMP390_code/openfold/openfold/utils/script_utils.py:131: FutureWarning: You are using `torch.load` with `weights_only=False` (the current default value), which uses the default pickle module implicitly. It is possible to construct malicious pickle data which will execute arbitrary code during unpickling (See https://github.com/pytorch/pytorch/blob/main/SECURITY.md#untrusted-models for more details). In a future release, the default value for `weights_only` will be flipped to `True`. This limits the functions that could be executed during unpickling. Arbitrary objects will no longer be allowed to be loaded via this mode unless they are explicitly allowlisted by the user via `torch.serialization.add_safe_globals`. We recommend you start setting `weights_only=True` for any use case where you don't have full control of the loaded file. Please open an issue on GitHub for any issues related to this experimental feature.
  d = torch.load(ckpt_path)
INFO:/users/sgsrehm1/COMP702_BeyondAF/code/COMP390_code/openfold/openfold/utils/script_utils.py:Loaded OpenFold parameters at /users/sgsrehm1/COMP702_BeyondAF/code/COMP390_code/checkpoints/run_subset_gpu32_h100_ep33/csv_logs/version_0/checkpoints/32-330000.ckpt...
INFO:/users/sgsrehm1/COMP702_BeyondAF/code/COMP390_code/openfold/run_pretrained_openfold.py:Using precomputed alignments for 7dsq_A at /users/sgsrehm1/scratch/openfold_inference/alignments_cf...
INFO:/users/sgsrehm1/COMP702_BeyondAF/code/COMP390_code/openfold/openfold/utils/script_utils.py:Running inference for 7dsq_A...
INFO:/users/sgsrehm1/COMP702_BeyondAF/code/COMP390_code/openfold/openfold/utils/script_utils.py:Inference time: 17.684574575163424
/users/sgsrehm1/COMP702_BeyondAF/code/COMP390_code/openfold/run_pretrained_openfold.py:351: DeprecationWarning: __array__ implementation doesn't accept a copy keyword, so passing copy=False failed. __array__ must implement 'dtype' and 'copy' keyword arguments. To learn more, see the migration guide https://numpy.org/devdocs/numpy_2_0_migration_guide.html#adapting-to-changes-in-the-copy-keyword
  lambda x: np.array(x[..., -1].cpu()),
/users/sgsrehm1/COMP702_BeyondAF/code/COMP390_code/openfold/run_pretrained_openfold.py:354: DeprecationWarning: __array__ implementation doesn't accept a copy keyword, so passing copy=False failed. __array__ must implement 'dtype' and 'copy' keyword arguments. To learn more, see the migration guide https://numpy.org/devdocs/numpy_2_0_migration_guide.html#adapting-to-changes-in-the-copy-keyword
  out = tensor_tree_map(lambda x: np.array(x.cpu()), out)
INFO:/users/sgsrehm1/COMP702_BeyondAF/code/COMP390_code/openfold/run_pretrained_openfold.py:Output written to /users/sgsrehm1/fastscratch/COMP702_ep32_inference/runs/7dsq_ep32_relaxed_100_9827080/repeat_3/predictions/7dsq_A_model_1_unrelaxed.pdb...
INFO:/users/sgsrehm1/COMP702_BeyondAF/code/COMP390_code/openfold/run_pretrained_openfold.py:Running relaxation on /users/sgsrehm1/fastscratch/COMP702_ep32_inference/runs/7dsq_ep32_relaxed_100_9827080/repeat_3/predictions/7dsq_A_model_1_unrelaxed.pdb...
INFO:/users/sgsrehm1/COMP702_BeyondAF/code/COMP390_code/openfold/openfold/utils/script_utils.py:Relaxation time: 12.023715594783425
INFO:/users/sgsrehm1/COMP702_BeyondAF/code/COMP390_code/openfold/openfold/utils/script_utils.py:Relaxed output written to /users/sgsrehm1/fastscratch/COMP702_ep32_inference/runs/7dsq_ep32_relaxed_100_9827080/repeat_3/predictions/7dsq_A_model_1_relaxed.pdb...
/users/sgsrehm1/COMP702_BeyondAF/code/COMP390_code/openfold/openfold/utils/script_utils.py:131: FutureWarning: You are using `torch.load` with `weights_only=False` (the current default value), which uses the default pickle module implicitly. It is possible to construct malicious pickle data which will execute arbitrary code during unpickling (See https://github.com/pytorch/pytorch/blob/main/SECURITY.md#untrusted-models for more details). In a future release, the default value for `weights_only` will be flipped to `True`. This limits the functions that could be executed during unpickling. Arbitrary objects will no longer be allowed to be loaded via this mode unless they are explicitly allowlisted by the user via `torch.serialization.add_safe_globals`. We recommend you start setting `weights_only=True` for any use case where you don't have full control of the loaded file. Please open an issue on GitHub for any issues related to this experimental feature.
  d = torch.load(ckpt_path)
INFO:/users/sgsrehm1/COMP702_BeyondAF/code/COMP390_code/openfold/openfold/utils/script_utils.py:Loaded OpenFold parameters at /users/sgsrehm1/COMP702_BeyondAF/code/COMP390_code/checkpoints/run_subset_gpu32_h100_ep33/csv_logs/version_0/checkpoints/32-330000.ckpt...
INFO:/users/sgsrehm1/COMP702_BeyondAF/code/COMP390_code/openfold/run_pretrained_openfold.py:Using precomputed alignments for 7dsq_A at /users/sgsrehm1/scratch/openfold_inference/alignments_cf...
INFO:/users/sgsrehm1/COMP702_BeyondAF/code/COMP390_code/openfold/openfold/utils/script_utils.py:Running inference for 7dsq_A...
INFO:/users/sgsrehm1/COMP702_BeyondAF/code/COMP390_code/openfold/openfold/utils/script_utils.py:Inference time: 17.692809948697686
/users/sgsrehm1/COMP702_BeyondAF/code/COMP390_code/openfold/run_pretrained_openfold.py:351: DeprecationWarning: __array__ implementation doesn't accept a copy keyword, so passing copy=False failed. __array__ must implement 'dtype' and 'copy' keyword arguments. To learn more, see the migration guide https://numpy.org/devdocs/numpy_2_0_migration_guide.html#adapting-to-changes-in-the-copy-keyword
  lambda x: np.array(x[..., -1].cpu()),
/users/sgsrehm1/COMP702_BeyondAF/code/COMP390_code/openfold/run_pretrained_openfold.py:354: DeprecationWarning: __array__ implementation doesn't accept a copy keyword, so passing copy=False failed. __array__ must implement 'dtype' and 'copy' keyword arguments. To learn more, see the migration guide https://numpy.org/devdocs/numpy_2_0_migration_guide.html#adapting-to-changes-in-the-copy-keyword
  out = tensor_tree_map(lambda x: np.array(x.cpu()), out)
INFO:/users/sgsrehm1/COMP702_BeyondAF/code/COMP390_code/openfold/run_pretrained_openfold.py:Output written to /users/sgsrehm1/fastscratch/COMP702_ep32_inference/runs/7dsq_ep32_relaxed_100_9827080/repeat_4/predictions/7dsq_A_model_1_unrelaxed.pdb...
INFO:/users/sgsrehm1/COMP702_BeyondAF/code/COMP390_code/openfold/run_pretrained_openfold.py:Running relaxation on /users/sgsrehm1/fastscratch/COMP702_ep32_inference/runs/7dsq_ep32_relaxed_100_9827080/repeat_4/predictions/7dsq_A_model_1_unrelaxed.pdb...
INFO:/users/sgsrehm1/COMP702_BeyondAF/code/COMP390_code/openfold/openfold/utils/script_utils.py:Relaxation time: 12.766800683923066
INFO:/users/sgsrehm1/COMP702_BeyondAF/code/COMP390_code/openfold/openfold/utils/script_utils.py:Relaxed output written to /users/sgsrehm1/fastscratch/COMP702_ep32_inference/runs/7dsq_ep32_relaxed_100_9827080/repeat_4/predictions/7dsq_A_model_1_relaxed.pdb...
/users/sgsrehm1/COMP702_BeyondAF/code/COMP390_code/openfold/openfold/utils/script_utils.py:131: FutureWarning: You are using `torch.load` with `weights_only=False` (the current default value), which uses the default pickle module implicitly. It is possible to construct malicious pickle data which will execute arbitrary code during unpickling (See https://github.com/pytorch/pytorch/blob/main/SECURITY.md#untrusted-models for more details). In a future release, the default value for `weights_only` will be flipped to `True`. This limits the functions that could be executed during unpickling. Arbitrary objects will no longer be allowed to be loaded via this mode unless they are explicitly allowlisted by the user via `torch.serialization.add_safe_globals`. We recommend you start setting `weights_only=True` for any use case where you don't have full control of the loaded file. Please open an issue on GitHub for any issues related to this experimental feature.
  d = torch.load(ckpt_path)
INFO:/users/sgsrehm1/COMP702_BeyondAF/code/COMP390_code/openfold/openfold/utils/script_utils.py:Loaded OpenFold parameters at /users/sgsrehm1/COMP702_BeyondAF/code/COMP390_code/checkpoints/run_subset_gpu32_h100_ep33/csv_logs/version_0/checkpoints/32-330000.ckpt...
INFO:/users/sgsrehm1/COMP702_BeyondAF/code/COMP390_code/openfold/run_pretrained_openfold.py:Using precomputed alignments for 7dsq_A at /users/sgsrehm1/scratch/openfold_inference/alignments_cf...
INFO:/users/sgsrehm1/COMP702_BeyondAF/code/COMP390_code/openfold/openfold/utils/script_utils.py:Running inference for 7dsq_A...
INFO:/users/sgsrehm1/COMP702_BeyondAF/code/COMP390_code/openfold/openfold/utils/script_utils.py:Inference time: 17.687181749381125
/users/sgsrehm1/COMP702_BeyondAF/code/COMP390_code/openfold/run_pretrained_openfold.py:351: DeprecationWarning: __array__ implementation doesn't accept a copy keyword, so passing copy=False failed. __array__ must implement 'dtype' and 'copy' keyword arguments. To learn more, see the migration guide https://numpy.org/devdocs/numpy_2_0_migration_guide.html#adapting-to-changes-in-the-copy-keyword
  lambda x: np.array(x[..., -1].cpu()),
/users/sgsrehm1/COMP702_BeyondAF/code/COMP390_code/openfold/run_pretrained_openfold.py:354: DeprecationWarning: __array__ implementation doesn't accept a copy keyword, so passing copy=False failed. __array__ must implement 'dtype' and 'copy' keyword arguments. To learn more, see the migration guide https://numpy.org/devdocs/numpy_2_0_migration_guide.html#adapting-to-changes-in-the-copy-keyword
  out = tensor_tree_map(lambda x: np.array(x.cpu()), out)
INFO:/users/sgsrehm1/COMP702_BeyondAF/code/COMP390_code/openfold/run_pretrained_openfold.py:Output written to /users/sgsrehm1/fastscratch/COMP702_ep32_inference/runs/7dsq_ep32_relaxed_100_9827080/repeat_5/predictions/7dsq_A_model_1_unrelaxed.pdb...
INFO:/users/sgsrehm1/COMP702_BeyondAF/code/COMP390_code/openfold/run_pretrained_openfold.py:Running relaxation on /users/sgsrehm1/fastscratch/COMP702_ep32_inference/runs/7dsq_ep32_relaxed_100_9827080/repeat_5/predictions/7dsq_A_model_1_unrelaxed.pdb...
INFO:/users/sgsrehm1/COMP702_BeyondAF/code/COMP390_code/openfold/openfold/utils/script_utils.py:Relaxation time: 12.259627538733184
INFO:/users/sgsrehm1/COMP702_BeyondAF/code/COMP390_code/openfold/openfold/utils/script_utils.py:Relaxed output written to /users/sgsrehm1/fastscratch/COMP702_ep32_inference/runs/7dsq_ep32_relaxed_100_9827080/repeat_5/predictions/7dsq_A_model_1_relaxed.pdb...
/users/sgsrehm1/COMP702_BeyondAF/code/COMP390_code/openfold/openfold/utils/script_utils.py:131: FutureWarning: You are using `torch.load` with `weights_only=False` (the current default value), which uses the default pickle module implicitly. It is possible to construct malicious pickle data which will execute arbitrary code during unpickling (See https://github.com/pytorch/pytorch/blob/main/SECURITY.md#untrusted-models for more details). In a future release, the default value for `weights_only` will be flipped to `True`. This limits the functions that could be executed during unpickling. Arbitrary objects will no longer be allowed to be loaded via this mode unless they are explicitly allowlisted by the user via `torch.serialization.add_safe_globals`. We recommend you start setting `weights_only=True` for any use case where you don't have full control of the loaded file. Please open an issue on GitHub for any issues related to this experimental feature.
  d = torch.load(ckpt_path)
INFO:/users/sgsrehm1/COMP702_BeyondAF/code/COMP390_code/openfold/openfold/utils/script_utils.py:Loaded OpenFold parameters at /users/sgsrehm1/COMP702_BeyondAF/code/COMP390_code/checkpoints/run_subset_gpu32_h100_ep33/csv_logs/version_0/checkpoints/32-330000.ckpt...
INFO:/users/sgsrehm1/COMP702_BeyondAF/code/COMP390_code/openfold/run_pretrained_openfold.py:Using precomputed alignments for 7dsq_A at /users/sgsrehm1/scratch/openfold_inference/alignments_cf...
INFO:/users/sgsrehm1/COMP702_BeyondAF/code/COMP390_code/openfold/openfold/utils/script_utils.py:Running inference for 7dsq_A...
INFO:/users/sgsrehm1/COMP702_BeyondAF/code/COMP390_code/openfold/openfold/utils/script_utils.py:Inference time: 17.708038536831737
/users/sgsrehm1/COMP702_BeyondAF/code/COMP390_code/openfold/run_pretrained_openfold.py:351: DeprecationWarning: __array__ implementation doesn't accept a copy keyword, so passing copy=False failed. __array__ must implement 'dtype' and 'copy' keyword arguments. To learn more, see the migration guide https://numpy.org/devdocs/numpy_2_0_migration_guide.html#adapting-to-changes-in-the-copy-keyword
  lambda x: np.array(x[..., -1].cpu()),
/users/sgsrehm1/COMP702_BeyondAF/code/COMP390_code/openfold/run_pretrained_openfold.py:354: DeprecationWarning: __array__ implementation doesn't accept a copy keyword, so passing copy=False failed. __array__ must implement 'dtype' and 'copy' keyword arguments. To learn more, see the migration guide https://numpy.org/devdocs/numpy_2_0_migration_guide.html#adapting-to-changes-in-the-copy-keyword
  out = tensor_tree_map(lambda x: np.array(x.cpu()), out)
INFO:/users/sgsrehm1/COMP702_BeyondAF/code/COMP390_code/openfold/run_pretrained_openfold.py:Output written to /users/sgsrehm1/fastscratch/COMP702_ep32_inference/runs/7dsq_ep32_relaxed_100_9827080/repeat_6/predictions/7dsq_A_model_1_unrelaxed.pdb...
INFO:/users/sgsrehm1/COMP702_BeyondAF/code/COMP390_code/openfold/run_pretrained_openfold.py:Running relaxation on /users/sgsrehm1/fastscratch/COMP702_ep32_inference/runs/7dsq_ep32_relaxed_100_9827080/repeat_6/predictions/7dsq_A_model_1_unrelaxed.pdb...
INFO:/users/sgsrehm1/COMP702_BeyondAF/code/COMP390_code/openfold/openfold/utils/script_utils.py:Relaxation time: 17.090144240297377
INFO:/users/sgsrehm1/COMP702_BeyondAF/code/COMP390_code/openfold/openfold/utils/script_utils.py:Relaxed output written to /users/sgsrehm1/fastscratch/COMP702_ep32_inference/runs/7dsq_ep32_relaxed_100_9827080/repeat_6/predictions/7dsq_A_model_1_relaxed.pdb...
/users/sgsrehm1/COMP702_BeyondAF/code/COMP390_code/openfold/openfold/utils/script_utils.py:131: FutureWarning: You are using `torch.load` with `weights_only=False` (the current default value), which uses the default pickle module implicitly. It is possible to construct malicious pickle data which will execute arbitrary code during unpickling (See https://github.com/pytorch/pytorch/blob/main/SECURITY.md#untrusted-models for more details). In a future release, the default value for `weights_only` will be flipped to `True`. This limits the functions that could be executed during unpickling. Arbitrary objects will no longer be allowed to be loaded via this mode unless they are explicitly allowlisted by the user via `torch.serialization.add_safe_globals`. We recommend you start setting `weights_only=True` for any use case where you don't have full control of the loaded file. Please open an issue on GitHub for any issues related to this experimental feature.
  d = torch.load(ckpt_path)
INFO:/users/sgsrehm1/COMP702_BeyondAF/code/COMP390_code/openfold/openfold/utils/script_utils.py:Loaded OpenFold parameters at /users/sgsrehm1/COMP702_BeyondAF/code/COMP390_code/checkpoints/run_subset_gpu32_h100_ep33/csv_logs/version_0/checkpoints/32-330000.ckpt...
INFO:/users/sgsrehm1/COMP702_BeyondAF/code/COMP390_code/openfold/run_pretrained_openfold.py:Using precomputed alignments for 7dsq_A at /users/sgsrehm1/scratch/openfold_inference/alignments_cf...
INFO:/users/sgsrehm1/COMP702_BeyondAF/code/COMP390_code/openfold/openfold/utils/script_utils.py:Running inference for 7dsq_A...
INFO:/users/sgsrehm1/COMP702_BeyondAF/code/COMP390_code/openfold/openfold/utils/script_utils.py:Inference time: 17.693355936557055
/users/sgsrehm1/COMP702_BeyondAF/code/COMP390_code/openfold/run_pretrained_openfold.py:351: DeprecationWarning: __array__ implementation doesn't accept a copy keyword, so passing copy=False failed. __array__ must implement 'dtype' and 'copy' keyword arguments. To learn more, see the migration guide https://numpy.org/devdocs/numpy_2_0_migration_guide.html#adapting-to-changes-in-the-copy-keyword
  lambda x: np.array(x[..., -1].cpu()),
/users/sgsrehm1/COMP702_BeyondAF/code/COMP390_code/openfold/run_pretrained_openfold.py:354: DeprecationWarning: __array__ implementation doesn't accept a copy keyword, so passing copy=False failed. __array__ must implement 'dtype' and 'copy' keyword arguments. To learn more, see the migration guide https://numpy.org/devdocs/numpy_2_0_migration_guide.html#adapting-to-changes-in-the-copy-keyword
  out = tensor_tree_map(lambda x: np.array(x.cpu()), out)
INFO:/users/sgsrehm1/COMP702_BeyondAF/code/COMP390_code/openfold/run_pretrained_openfold.py:Output written to /users/sgsrehm1/fastscratch/COMP702_ep32_inference/runs/7dsq_ep32_relaxed_100_9827080/repeat_7/predictions/7dsq_A_model_1_unrelaxed.pdb...
INFO:/users/sgsrehm1/COMP702_BeyondAF/code/COMP390_code/openfold/run_pretrained_openfold.py:Running relaxation on /users/sgsrehm1/fastscratch/COMP702_ep32_inference/runs/7dsq_ep32_relaxed_100_9827080/repeat_7/predictions/7dsq_A_model_1_unrelaxed.pdb...
INFO:/users/sgsrehm1/COMP702_BeyondAF/code/COMP390_code/openfold/openfold/utils/script_utils.py:Relaxation time: 12.787217398174107
INFO:/users/sgsrehm1/COMP702_BeyondAF/code/COMP390_code/openfold/openfold/utils/script_utils.py:Relaxed output written to /users/sgsrehm1/fastscratch/COMP702_ep32_inference/runs/7dsq_ep32_relaxed_100_9827080/repeat_7/predictions/7dsq_A_model_1_relaxed.pdb...
/users/sgsrehm1/COMP702_BeyondAF/code/COMP390_code/openfold/openfold/utils/script_utils.py:131: FutureWarning: You are using `torch.load` with `weights_only=False` (the current default value), which uses the default pickle module implicitly. It is possible to construct malicious pickle data which will execute arbitrary code during unpickling (See https://github.com/pytorch/pytorch/blob/main/SECURITY.md#untrusted-models for more details). In a future release, the default value for `weights_only` will be flipped to `True`. This limits the functions that could be executed during unpickling. Arbitrary objects will no longer be allowed to be loaded via this mode unless they are explicitly allowlisted by the user via `torch.serialization.add_safe_globals`. We recommend you start setting `weights_only=True` for any use case where you don't have full control of the loaded file. Please open an issue on GitHub for any issues related to this experimental feature.
  d = torch.load(ckpt_path)
INFO:/users/sgsrehm1/COMP702_BeyondAF/code/COMP390_code/openfold/openfold/utils/script_utils.py:Loaded OpenFold parameters at /users/sgsrehm1/COMP702_BeyondAF/code/COMP390_code/checkpoints/run_subset_gpu32_h100_ep33/csv_logs/version_0/checkpoints/32-330000.ckpt...
INFO:/users/sgsrehm1/COMP702_BeyondAF/code/COMP390_code/openfold/run_pretrained_openfold.py:Using precomputed alignments for 7dsq_A at /users/sgsrehm1/scratch/openfold_inference/alignments_cf...
INFO:/users/sgsrehm1/COMP702_BeyondAF/code/COMP390_code/openfold/openfold/utils/script_utils.py:Running inference for 7dsq_A...
INFO:/users/sgsrehm1/COMP702_BeyondAF/code/COMP390_code/openfold/openfold/utils/script_utils.py:Inference time: 17.683940176852047
/users/sgsrehm1/COMP702_BeyondAF/code/COMP390_code/openfold/run_pretrained_openfold.py:351: DeprecationWarning: __array__ implementation doesn't accept a copy keyword, so passing copy=False failed. __array__ must implement 'dtype' and 'copy' keyword arguments. To learn more, see the migration guide https://numpy.org/devdocs/numpy_2_0_migration_guide.html#adapting-to-changes-in-the-copy-keyword
  lambda x: np.array(x[..., -1].cpu()),
/users/sgsrehm1/COMP702_BeyondAF/code/COMP390_code/openfold/run_pretrained_openfold.py:354: DeprecationWarning: __array__ implementation doesn't accept a copy keyword, so passing copy=False failed. __array__ must implement 'dtype' and 'copy' keyword arguments. To learn more, see the migration guide https://numpy.org/devdocs/numpy_2_0_migration_guide.html#adapting-to-changes-in-the-copy-keyword
  out = tensor_tree_map(lambda x: np.array(x.cpu()), out)
INFO:/users/sgsrehm1/COMP702_BeyondAF/code/COMP390_code/openfold/run_pretrained_openfold.py:Output written to /users/sgsrehm1/fastscratch/COMP702_ep32_inference/runs/7dsq_ep32_relaxed_100_9827080/repeat_8/predictions/7dsq_A_model_1_unrelaxed.pdb...
INFO:/users/sgsrehm1/COMP702_BeyondAF/code/COMP390_code/openfold/run_pretrained_openfold.py:Running relaxation on /users/sgsrehm1/fastscratch/COMP702_ep32_inference/runs/7dsq_ep32_relaxed_100_9827080/repeat_8/predictions/7dsq_A_model_1_unrelaxed.pdb...
INFO:/users/sgsrehm1/COMP702_BeyondAF/code/COMP390_code/openfold/openfold/utils/script_utils.py:Relaxation time: 14.374636793509126
INFO:/users/sgsrehm1/COMP702_BeyondAF/code/COMP390_code/openfold/openfold/utils/script_utils.py:Relaxed output written to /users/sgsrehm1/fastscratch/COMP702_ep32_inference/runs/7dsq_ep32_relaxed_100_9827080/repeat_8/predictions/7dsq_A_model_1_relaxed.pdb...
/users/sgsrehm1/COMP702_BeyondAF/code/COMP390_code/openfold/openfold/utils/script_utils.py:131: FutureWarning: You are using `torch.load` with `weights_only=False` (the current default value), which uses the default pickle module implicitly. It is possible to construct malicious pickle data which will execute arbitrary code during unpickling (See https://github.com/pytorch/pytorch/blob/main/SECURITY.md#untrusted-models for more details). In a future release, the default value for `weights_only` will be flipped to `True`. This limits the functions that could be executed during unpickling. Arbitrary objects will no longer be allowed to be loaded via this mode unless they are explicitly allowlisted by the user via `torch.serialization.add_safe_globals`. We recommend you start setting `weights_only=True` for any use case where you don't have full control of the loaded file. Please open an issue on GitHub for any issues related to this experimental feature.
  d = torch.load(ckpt_path)
INFO:/users/sgsrehm1/COMP702_BeyondAF/code/COMP390_code/openfold/openfold/utils/script_utils.py:Loaded OpenFold parameters at /users/sgsrehm1/COMP702_BeyondAF/code/COMP390_code/checkpoints/run_subset_gpu32_h100_ep33/csv_logs/version_0/checkpoints/32-330000.ckpt...
INFO:/users/sgsrehm1/COMP702_BeyondAF/code/COMP390_code/openfold/run_pretrained_openfold.py:Using precomputed alignments for 7dsq_A at /users/sgsrehm1/scratch/openfold_inference/alignments_cf...
INFO:/users/sgsrehm1/COMP702_BeyondAF/code/COMP390_code/openfold/openfold/utils/script_utils.py:Running inference for 7dsq_A...
INFO:/users/sgsrehm1/COMP702_BeyondAF/code/COMP390_code/openfold/openfold/utils/script_utils.py:Inference time: 17.700450121425092
/users/sgsrehm1/COMP702_BeyondAF/code/COMP390_code/openfold/run_pretrained_openfold.py:351: DeprecationWarning: __array__ implementation doesn't accept a copy keyword, so passing copy=False failed. __array__ must implement 'dtype' and 'copy' keyword arguments. To learn more, see the migration guide https://numpy.org/devdocs/numpy_2_0_migration_guide.html#adapting-to-changes-in-the-copy-keyword
  lambda x: np.array(x[..., -1].cpu()),
/users/sgsrehm1/COMP702_BeyondAF/code/COMP390_code/openfold/run_pretrained_openfold.py:354: DeprecationWarning: __array__ implementation doesn't accept a copy keyword, so passing copy=False failed. __array__ must implement 'dtype' and 'copy' keyword arguments. To learn more, see the migration guide https://numpy.org/devdocs/numpy_2_0_migration_guide.html#adapting-to-changes-in-the-copy-keyword
  out = tensor_tree_map(lambda x: np.array(x.cpu()), out)
INFO:/users/sgsrehm1/COMP702_BeyondAF/code/COMP390_code/openfold/run_pretrained_openfold.py:Output written to /users/sgsrehm1/fastscratch/COMP702_ep32_inference/runs/7dsq_ep32_relaxed_100_9827080/repeat_9/predictions/7dsq_A_model_1_unrelaxed.pdb...
INFO:/users/sgsrehm1/COMP702_BeyondAF/code/COMP390_code/openfold/run_pretrained_openfold.py:Running relaxation on /users/sgsrehm1/fastscratch/COMP702_ep32_inference/runs/7dsq_ep32_relaxed_100_9827080/repeat_9/predictions/7dsq_A_model_1_unrelaxed.pdb...
INFO:/users/sgsrehm1/COMP702_BeyondAF/code/COMP390_code/openfold/openfold/utils/script_utils.py:Relaxation time: 12.329189091920853
INFO:/users/sgsrehm1/COMP702_BeyondAF/code/COMP390_code/openfold/openfold/utils/script_utils.py:Relaxed output written to /users/sgsrehm1/fastscratch/COMP702_ep32_inference/runs/7dsq_ep32_relaxed_100_9827080/repeat_9/predictions/7dsq_A_model_1_relaxed.pdb...
/users/sgsrehm1/COMP702_BeyondAF/code/COMP390_code/openfold/openfold/utils/script_utils.py:131: FutureWarning: You are using `torch.load` with `weights_only=False` (the current default value), which uses the default pickle module implicitly. It is possible to construct malicious pickle data which will execute arbitrary code during unpickling (See https://github.com/pytorch/pytorch/blob/main/SECURITY.md#untrusted-models for more details). In a future release, the default value for `weights_only` will be flipped to `True`. This limits the functions that could be executed during unpickling. Arbitrary objects will no longer be allowed to be loaded via this mode unless they are explicitly allowlisted by the user via `torch.serialization.add_safe_globals`. We recommend you start setting `weights_only=True` for any use case where you don't have full control of the loaded file. Please open an issue on GitHub for any issues related to this experimental feature.
  d = torch.load(ckpt_path)
INFO:/users/sgsrehm1/COMP702_BeyondAF/code/COMP390_code/openfold/openfold/utils/script_utils.py:Loaded OpenFold parameters at /users/sgsrehm1/COMP702_BeyondAF/code/COMP390_code/checkpoints/run_subset_gpu32_h100_ep33/csv_logs/version_0/checkpoints/32-330000.ckpt...
INFO:/users/sgsrehm1/COMP702_BeyondAF/code/COMP390_code/openfold/run_pretrained_openfold.py:Using precomputed alignments for 7dsq_A at /users/sgsrehm1/scratch/openfold_inference/alignments_cf...
INFO:/users/sgsrehm1/COMP702_BeyondAF/code/COMP390_code/openfold/openfold/utils/script_utils.py:Running inference for 7dsq_A...
INFO:/users/sgsrehm1/COMP702_BeyondAF/code/COMP390_code/openfold/openfold/utils/script_utils.py:Inference time: 17.68411627598107
/users/sgsrehm1/COMP702_BeyondAF/code/COMP390_code/openfold/run_pretrained_openfold.py:351: DeprecationWarning: __array__ implementation doesn't accept a copy keyword, so passing copy=False failed. __array__ must implement 'dtype' and 'copy' keyword arguments. To learn more, see the migration guide https://numpy.org/devdocs/numpy_2_0_migration_guide.html#adapting-to-changes-in-the-copy-keyword
  lambda x: np.array(x[..., -1].cpu()),
/users/sgsrehm1/COMP702_BeyondAF/code/COMP390_code/openfold/run_pretrained_openfold.py:354: DeprecationWarning: __array__ implementation doesn't accept a copy keyword, so passing copy=False failed. __array__ must implement 'dtype' and 'copy' keyword arguments. To learn more, see the migration guide https://numpy.org/devdocs/numpy_2_0_migration_guide.html#adapting-to-changes-in-the-copy-keyword
  out = tensor_tree_map(lambda x: np.array(x.cpu()), out)
INFO:/users/sgsrehm1/COMP702_BeyondAF/code/COMP390_code/openfold/run_pretrained_openfold.py:Output written to /users/sgsrehm1/fastscratch/COMP702_ep32_inference/runs/7dsq_ep32_relaxed_100_9827080/repeat_10/predictions/7dsq_A_model_1_unrelaxed.pdb...
INFO:/users/sgsrehm1/COMP702_BeyondAF/code/COMP390_code/openfold/run_pretrained_openfold.py:Running relaxation on /users/sgsrehm1/fastscratch/COMP702_ep32_inference/runs/7dsq_ep32_relaxed_100_9827080/repeat_10/predictions/7dsq_A_model_1_unrelaxed.pdb...
INFO:/users/sgsrehm1/COMP702_BeyondAF/code/COMP390_code/openfold/openfold/utils/script_utils.py:Relaxation time: 12.3303830800578
INFO:/users/sgsrehm1/COMP702_BeyondAF/code/COMP390_code/openfold/openfold/utils/script_utils.py:Relaxed output written to /users/sgsrehm1/fastscratch/COMP702_ep32_inference/runs/7dsq_ep32_relaxed_100_9827080/repeat_10/predictions/7dsq_A_model_1_relaxed.pdb...
/users/sgsrehm1/COMP702_BeyondAF/code/COMP390_code/openfold/openfold/utils/script_utils.py:131: FutureWarning: You are using `torch.load` with `weights_only=False` (the current default value), which uses the default pickle module implicitly. It is possible to construct malicious pickle data which will execute arbitrary code during unpickling (See https://github.com/pytorch/pytorch/blob/main/SECURITY.md#untrusted-models for more details). In a future release, the default value for `weights_only` will be flipped to `True`. This limits the functions that could be executed during unpickling. Arbitrary objects will no longer be allowed to be loaded via this mode unless they are explicitly allowlisted by the user via `torch.serialization.add_safe_globals`. We recommend you start setting `weights_only=True` for any use case where you don't have full control of the loaded file. Please open an issue on GitHub for any issues related to this experimental feature.
  d = torch.load(ckpt_path)
INFO:/users/sgsrehm1/COMP702_BeyondAF/code/COMP390_code/openfold/openfold/utils/script_utils.py:Loaded OpenFold parameters at /users/sgsrehm1/COMP702_BeyondAF/code/COMP390_code/checkpoints/run_subset_gpu32_h100_ep33/csv_logs/version_0/checkpoints/32-330000.ckpt...
INFO:/users/sgsrehm1/COMP702_BeyondAF/code/COMP390_code/openfold/run_pretrained_openfold.py:Using precomputed alignments for 7dsq_A at /users/sgsrehm1/scratch/openfold_inference/alignments_cf...
INFO:/users/sgsrehm1/COMP702_BeyondAF/code/COMP390_code/openfold/openfold/utils/script_utils.py:Running inference for 7dsq_A...
INFO:/users/sgsrehm1/COMP702_BeyondAF/code/COMP390_code/openfold/openfold/utils/script_utils.py:Inference time: 17.685144180431962
/users/sgsrehm1/COMP702_BeyondAF/code/COMP390_code/openfold/run_pretrained_openfold.py:351: DeprecationWarning: __array__ implementation doesn't accept a copy keyword, so passing copy=False failed. __array__ must implement 'dtype' and 'copy' keyword arguments. To learn more, see the migration guide https://numpy.org/devdocs/numpy_2_0_migration_guide.html#adapting-to-changes-in-the-copy-keyword
  lambda x: np.array(x[..., -1].cpu()),
/users/sgsrehm1/COMP702_BeyondAF/code/COMP390_code/openfold/run_pretrained_openfold.py:354: DeprecationWarning: __array__ implementation doesn't accept a copy keyword, so passing copy=False failed. __array__ must implement 'dtype' and 'copy' keyword arguments. To learn more, see the migration guide https://numpy.org/devdocs/numpy_2_0_migration_guide.html#adapting-to-changes-in-the-copy-keyword
  out = tensor_tree_map(lambda x: np.array(x.cpu()), out)
INFO:/users/sgsrehm1/COMP702_BeyondAF/code/COMP390_code/openfold/run_pretrained_openfold.py:Output written to /users/sgsrehm1/fastscratch/COMP702_ep32_inference/runs/7dsq_ep32_relaxed_100_9827080/repeat_11/predictions/7dsq_A_model_1_unrelaxed.pdb...
INFO:/users/sgsrehm1/COMP702_BeyondAF/code/COMP390_code/openfold/run_pretrained_openfold.py:Running relaxation on /users/sgsrehm1/fastscratch/COMP702_ep32_inference/runs/7dsq_ep32_relaxed_100_9827080/repeat_11/predictions/7dsq_A_model_1_unrelaxed.pdb...
INFO:/users/sgsrehm1/COMP702_BeyondAF/code/COMP390_code/openfold/openfold/utils/script_utils.py:Relaxation time: 12.381559466943145
INFO:/users/sgsrehm1/COMP702_BeyondAF/code/COMP390_code/openfold/openfold/utils/script_utils.py:Relaxed output written to /users/sgsrehm1/fastscratch/COMP702_ep32_inference/runs/7dsq_ep32_relaxed_100_9827080/repeat_11/predictions/7dsq_A_model_1_relaxed.pdb...
/users/sgsrehm1/COMP702_BeyondAF/code/COMP390_code/openfold/openfold/utils/script_utils.py:131: FutureWarning: You are using `torch.load` with `weights_only=False` (the current default value), which uses the default pickle module implicitly. It is possible to construct malicious pickle data which will execute arbitrary code during unpickling (See https://github.com/pytorch/pytorch/blob/main/SECURITY.md#untrusted-models for more details). In a future release, the default value for `weights_only` will be flipped to `True`. This limits the functions that could be executed during unpickling. Arbitrary objects will no longer be allowed to be loaded via this mode unless they are explicitly allowlisted by the user via `torch.serialization.add_safe_globals`. We recommend you start setting `weights_only=True` for any use case where you don't have full control of the loaded file. Please open an issue on GitHub for any issues related to this experimental feature.
  d = torch.load(ckpt_path)
INFO:/users/sgsrehm1/COMP702_BeyondAF/code/COMP390_code/openfold/openfold/utils/script_utils.py:Loaded OpenFold parameters at /users/sgsrehm1/COMP702_BeyondAF/code/COMP390_code/checkpoints/run_subset_gpu32_h100_ep33/csv_logs/version_0/checkpoints/32-330000.ckpt...
INFO:/users/sgsrehm1/COMP702_BeyondAF/code/COMP390_code/openfold/run_pretrained_openfold.py:Using precomputed alignments for 7dsq_A at /users/sgsrehm1/scratch/openfold_inference/alignments_cf...
INFO:/users/sgsrehm1/COMP702_BeyondAF/code/COMP390_code/openfold/openfold/utils/script_utils.py:Running inference for 7dsq_A...
INFO:/users/sgsrehm1/COMP702_BeyondAF/code/COMP390_code/openfold/openfold/utils/script_utils.py:Inference time: 17.703720401972532
/users/sgsrehm1/COMP702_BeyondAF/code/COMP390_code/openfold/run_pretrained_openfold.py:351: DeprecationWarning: __array__ implementation doesn't accept a copy keyword, so passing copy=False failed. __array__ must implement 'dtype' and 'copy' keyword arguments. To learn more, see the migration guide https://numpy.org/devdocs/numpy_2_0_migration_guide.html#adapting-to-changes-in-the-copy-keyword
  lambda x: np.array(x[..., -1].cpu()),
/users/sgsrehm1/COMP702_BeyondAF/code/COMP390_code/openfold/run_pretrained_openfold.py:354: DeprecationWarning: __array__ implementation doesn't accept a copy keyword, so passing copy=False failed. __array__ must implement 'dtype' and 'copy' keyword arguments. To learn more, see the migration guide https://numpy.org/devdocs/numpy_2_0_migration_guide.html#adapting-to-changes-in-the-copy-keyword
  out = tensor_tree_map(lambda x: np.array(x.cpu()), out)
INFO:/users/sgsrehm1/COMP702_BeyondAF/code/COMP390_code/openfold/run_pretrained_openfold.py:Output written to /users/sgsrehm1/fastscratch/COMP702_ep32_inference/runs/7dsq_ep32_relaxed_100_9827080/repeat_12/predictions/7dsq_A_model_1_unrelaxed.pdb...
INFO:/users/sgsrehm1/COMP702_BeyondAF/code/COMP390_code/openfold/run_pretrained_openfold.py:Running relaxation on /users/sgsrehm1/fastscratch/COMP702_ep32_inference/runs/7dsq_ep32_relaxed_100_9827080/repeat_12/predictions/7dsq_A_model_1_unrelaxed.pdb...
INFO:/users/sgsrehm1/COMP702_BeyondAF/code/COMP390_code/openfold/openfold/utils/script_utils.py:Relaxation time: 12.246791835874319
INFO:/users/sgsrehm1/COMP702_BeyondAF/code/COMP390_code/openfold/openfold/utils/script_utils.py:Relaxed output written to /users/sgsrehm1/fastscratch/COMP702_ep32_inference/runs/7dsq_ep32_relaxed_100_9827080/repeat_12/predictions/7dsq_A_model_1_relaxed.pdb...
/users/sgsrehm1/COMP702_BeyondAF/code/COMP390_code/openfold/openfold/utils/script_utils.py:131: FutureWarning: You are using `torch.load` with `weights_only=False` (the current default value), which uses the default pickle module implicitly. It is possible to construct malicious pickle data which will execute arbitrary code during unpickling (See https://github.com/pytorch/pytorch/blob/main/SECURITY.md#untrusted-models for more details). In a future release, the default value for `weights_only` will be flipped to `True`. This limits the functions that could be executed during unpickling. Arbitrary objects will no longer be allowed to be loaded via this mode unless they are explicitly allowlisted by the user via `torch.serialization.add_safe_globals`. We recommend you start setting `weights_only=True` for any use case where you don't have full control of the loaded file. Please open an issue on GitHub for any issues related to this experimental feature.
  d = torch.load(ckpt_path)
INFO:/users/sgsrehm1/COMP702_BeyondAF/code/COMP390_code/openfold/openfold/utils/script_utils.py:Loaded OpenFold parameters at /users/sgsrehm1/COMP702_BeyondAF/code/COMP390_code/checkpoints/run_subset_gpu32_h100_ep33/csv_logs/version_0/checkpoints/32-330000.ckpt...
INFO:/users/sgsrehm1/COMP702_BeyondAF/code/COMP390_code/openfold/run_pretrained_openfold.py:Using precomputed alignments for 7dsq_A at /users/sgsrehm1/scratch/openfold_inference/alignments_cf...
INFO:/users/sgsrehm1/COMP702_BeyondAF/code/COMP390_code/openfold/openfold/utils/script_utils.py:Running inference for 7dsq_A...
INFO:/users/sgsrehm1/COMP702_BeyondAF/code/COMP390_code/openfold/openfold/utils/script_utils.py:Inference time: 17.67447649128735
/users/sgsrehm1/COMP702_BeyondAF/code/COMP390_code/openfold/run_pretrained_openfold.py:351: DeprecationWarning: __array__ implementation doesn't accept a copy keyword, so passing copy=False failed. __array__ must implement 'dtype' and 'copy' keyword arguments. To learn more, see the migration guide https://numpy.org/devdocs/numpy_2_0_migration_guide.html#adapting-to-changes-in-the-copy-keyword
  lambda x: np.array(x[..., -1].cpu()),
/users/sgsrehm1/COMP702_BeyondAF/code/COMP390_code/openfold/run_pretrained_openfold.py:354: DeprecationWarning: __array__ implementation doesn't accept a copy keyword, so passing copy=False failed. __array__ must implement 'dtype' and 'copy' keyword arguments. To learn more, see the migration guide https://numpy.org/devdocs/numpy_2_0_migration_guide.html#adapting-to-changes-in-the-copy-keyword
  out = tensor_tree_map(lambda x: np.array(x.cpu()), out)
INFO:/users/sgsrehm1/COMP702_BeyondAF/code/COMP390_code/openfold/run_pretrained_openfold.py:Output written to /users/sgsrehm1/fastscratch/COMP702_ep32_inference/runs/7dsq_ep32_relaxed_100_9827080/repeat_13/predictions/7dsq_A_model_1_unrelaxed.pdb...
INFO:/users/sgsrehm1/COMP702_BeyondAF/code/COMP390_code/openfold/run_pretrained_openfold.py:Running relaxation on /users/sgsrehm1/fastscratch/COMP702_ep32_inference/runs/7dsq_ep32_relaxed_100_9827080/repeat_13/predictions/7dsq_A_model_1_unrelaxed.pdb...
INFO:/users/sgsrehm1/COMP702_BeyondAF/code/COMP390_code/openfold/openfold/utils/script_utils.py:Relaxation time: 14.068904554471374
INFO:/users/sgsrehm1/COMP702_BeyondAF/code/COMP390_code/openfold/openfold/utils/script_utils.py:Relaxed output written to /users/sgsrehm1/fastscratch/COMP702_ep32_inference/runs/7dsq_ep32_relaxed_100_9827080/repeat_13/predictions/7dsq_A_model_1_relaxed.pdb...
/users/sgsrehm1/COMP702_BeyondAF/code/COMP390_code/openfold/openfold/utils/script_utils.py:131: FutureWarning: You are using `torch.load` with `weights_only=False` (the current default value), which uses the default pickle module implicitly. It is possible to construct malicious pickle data which will execute arbitrary code during unpickling (See https://github.com/pytorch/pytorch/blob/main/SECURITY.md#untrusted-models for more details). In a future release, the default value for `weights_only` will be flipped to `True`. This limits the functions that could be executed during unpickling. Arbitrary objects will no longer be allowed to be loaded via this mode unless they are explicitly allowlisted by the user via `torch.serialization.add_safe_globals`. We recommend you start setting `weights_only=True` for any use case where you don't have full control of the loaded file. Please open an issue on GitHub for any issues related to this experimental feature.
  d = torch.load(ckpt_path)
INFO:/users/sgsrehm1/COMP702_BeyondAF/code/COMP390_code/openfold/openfold/utils/script_utils.py:Loaded OpenFold parameters at /users/sgsrehm1/COMP702_BeyondAF/code/COMP390_code/checkpoints/run_subset_gpu32_h100_ep33/csv_logs/version_0/checkpoints/32-330000.ckpt...
INFO:/users/sgsrehm1/COMP702_BeyondAF/code/COMP390_code/openfold/run_pretrained_openfold.py:Using precomputed alignments for 7dsq_A at /users/sgsrehm1/scratch/openfold_inference/alignments_cf...
INFO:/users/sgsrehm1/COMP702_BeyondAF/code/COMP390_code/openfold/openfold/utils/script_utils.py:Running inference for 7dsq_A...
INFO:/users/sgsrehm1/COMP702_BeyondAF/code/COMP390_code/openfold/openfold/utils/script_utils.py:Inference time: 17.69385321624577
/users/sgsrehm1/COMP702_BeyondAF/code/COMP390_code/openfold/run_pretrained_openfold.py:351: DeprecationWarning: __array__ implementation doesn't accept a copy keyword, so passing copy=False failed. __array__ must implement 'dtype' and 'copy' keyword arguments. To learn more, see the migration guide https://numpy.org/devdocs/numpy_2_0_migration_guide.html#adapting-to-changes-in-the-copy-keyword
  lambda x: np.array(x[..., -1].cpu()),
/users/sgsrehm1/COMP702_BeyondAF/code/COMP390_code/openfold/run_pretrained_openfold.py:354: DeprecationWarning: __array__ implementation doesn't accept a copy keyword, so passing copy=False failed. __array__ must implement 'dtype' and 'copy' keyword arguments. To learn more, see the migration guide https://numpy.org/devdocs/numpy_2_0_migration_guide.html#adapting-to-changes-in-the-copy-keyword
  out = tensor_tree_map(lambda x: np.array(x.cpu()), out)
INFO:/users/sgsrehm1/COMP702_BeyondAF/code/COMP390_code/openfold/run_pretrained_openfold.py:Output written to /users/sgsrehm1/fastscratch/COMP702_ep32_inference/runs/7dsq_ep32_relaxed_100_9827080/repeat_14/predictions/7dsq_A_model_1_unrelaxed.pdb...
INFO:/users/sgsrehm1/COMP702_BeyondAF/code/COMP390_code/openfold/run_pretrained_openfold.py:Running relaxation on /users/sgsrehm1/fastscratch/COMP702_ep32_inference/runs/7dsq_ep32_relaxed_100_9827080/repeat_14/predictions/7dsq_A_model_1_unrelaxed.pdb...
INFO:/users/sgsrehm1/COMP702_BeyondAF/code/COMP390_code/openfold/openfold/utils/script_utils.py:Relaxation time: 18.85906429309398
INFO:/users/sgsrehm1/COMP702_BeyondAF/code/COMP390_code/openfold/openfold/utils/script_utils.py:Relaxed output written to /users/sgsrehm1/fastscratch/COMP702_ep32_inference/runs/7dsq_ep32_relaxed_100_9827080/repeat_14/predictions/7dsq_A_model_1_relaxed.pdb...
/users/sgsrehm1/COMP702_BeyondAF/code/COMP390_code/openfold/openfold/utils/script_utils.py:131: FutureWarning: You are using `torch.load` with `weights_only=False` (the current default value), which uses the default pickle module implicitly. It is possible to construct malicious pickle data which will execute arbitrary code during unpickling (See https://github.com/pytorch/pytorch/blob/main/SECURITY.md#untrusted-models for more details). In a future release, the default value for `weights_only` will be flipped to `True`. This limits the functions that could be executed during unpickling. Arbitrary objects will no longer be allowed to be loaded via this mode unless they are explicitly allowlisted by the user via `torch.serialization.add_safe_globals`. We recommend you start setting `weights_only=True` for any use case where you don't have full control of the loaded file. Please open an issue on GitHub for any issues related to this experimental feature.
  d = torch.load(ckpt_path)
INFO:/users/sgsrehm1/COMP702_BeyondAF/code/COMP390_code/openfold/openfold/utils/script_utils.py:Loaded OpenFold parameters at /users/sgsrehm1/COMP702_BeyondAF/code/COMP390_code/checkpoints/run_subset_gpu32_h100_ep33/csv_logs/version_0/checkpoints/32-330000.ckpt...
INFO:/users/sgsrehm1/COMP702_BeyondAF/code/COMP390_code/openfold/run_pretrained_openfold.py:Using precomputed alignments for 7dsq_A at /users/sgsrehm1/scratch/openfold_inference/alignments_cf...
INFO:/users/sgsrehm1/COMP702_BeyondAF/code/COMP390_code/openfold/openfold/utils/script_utils.py:Running inference for 7dsq_A...
INFO:/users/sgsrehm1/COMP702_BeyondAF/code/COMP390_code/openfold/openfold/utils/script_utils.py:Inference time: 17.693091803230345
/users/sgsrehm1/COMP702_BeyondAF/code/COMP390_code/openfold/run_pretrained_openfold.py:351: DeprecationWarning: __array__ implementation doesn't accept a copy keyword, so passing copy=False failed. __array__ must implement 'dtype' and 'copy' keyword arguments. To learn more, see the migration guide https://numpy.org/devdocs/numpy_2_0_migration_guide.html#adapting-to-changes-in-the-copy-keyword
  lambda x: np.array(x[..., -1].cpu()),
/users/sgsrehm1/COMP702_BeyondAF/code/COMP390_code/openfold/run_pretrained_openfold.py:354: DeprecationWarning: __array__ implementation doesn't accept a copy keyword, so passing copy=False failed. __array__ must implement 'dtype' and 'copy' keyword arguments. To learn more, see the migration guide https://numpy.org/devdocs/numpy_2_0_migration_guide.html#adapting-to-changes-in-the-copy-keyword
  out = tensor_tree_map(lambda x: np.array(x.cpu()), out)
INFO:/users/sgsrehm1/COMP702_BeyondAF/code/COMP390_code/openfold/run_pretrained_openfold.py:Output written to /users/sgsrehm1/fastscratch/COMP702_ep32_inference/runs/7dsq_ep32_relaxed_100_9827080/repeat_15/predictions/7dsq_A_model_1_unrelaxed.pdb...
INFO:/users/sgsrehm1/COMP702_BeyondAF/code/COMP390_code/openfold/run_pretrained_openfold.py:Running relaxation on /users/sgsrehm1/fastscratch/COMP702_ep32_inference/runs/7dsq_ep32_relaxed_100_9827080/repeat_15/predictions/7dsq_A_model_1_unrelaxed.pdb...
INFO:/users/sgsrehm1/COMP702_BeyondAF/code/COMP390_code/openfold/openfold/utils/script_utils.py:Relaxation time: 12.268110260367393
INFO:/users/sgsrehm1/COMP702_BeyondAF/code/COMP390_code/openfold/openfold/utils/script_utils.py:Relaxed output written to /users/sgsrehm1/fastscratch/COMP702_ep32_inference/runs/7dsq_ep32_relaxed_100_9827080/repeat_15/predictions/7dsq_A_model_1_relaxed.pdb...
/users/sgsrehm1/COMP702_BeyondAF/code/COMP390_code/openfold/openfold/utils/script_utils.py:131: FutureWarning: You are using `torch.load` with `weights_only=False` (the current default value), which uses the default pickle module implicitly. It is possible to construct malicious pickle data which will execute arbitrary code during unpickling (See https://github.com/pytorch/pytorch/blob/main/SECURITY.md#untrusted-models for more details). In a future release, the default value for `weights_only` will be flipped to `True`. This limits the functions that could be executed during unpickling. Arbitrary objects will no longer be allowed to be loaded via this mode unless they are explicitly allowlisted by the user via `torch.serialization.add_safe_globals`. We recommend you start setting `weights_only=True` for any use case where you don't have full control of the loaded file. Please open an issue on GitHub for any issues related to this experimental feature.
  d = torch.load(ckpt_path)
INFO:/users/sgsrehm1/COMP702_BeyondAF/code/COMP390_code/openfold/openfold/utils/script_utils.py:Loaded OpenFold parameters at /users/sgsrehm1/COMP702_BeyondAF/code/COMP390_code/checkpoints/run_subset_gpu32_h100_ep33/csv_logs/version_0/checkpoints/32-330000.ckpt...
INFO:/users/sgsrehm1/COMP702_BeyondAF/code/COMP390_code/openfold/run_pretrained_openfold.py:Using precomputed alignments for 7dsq_A at /users/sgsrehm1/scratch/openfold_inference/alignments_cf...
INFO:/users/sgsrehm1/COMP702_BeyondAF/code/COMP390_code/openfold/openfold/utils/script_utils.py:Running inference for 7dsq_A...
INFO:/users/sgsrehm1/COMP702_BeyondAF/code/COMP390_code/openfold/openfold/utils/script_utils.py:Inference time: 17.722239441238344
/users/sgsrehm1/COMP702_BeyondAF/code/COMP390_code/openfold/run_pretrained_openfold.py:351: DeprecationWarning: __array__ implementation doesn't accept a copy keyword, so passing copy=False failed. __array__ must implement 'dtype' and 'copy' keyword arguments. To learn more, see the migration guide https://numpy.org/devdocs/numpy_2_0_migration_guide.html#adapting-to-changes-in-the-copy-keyword
  lambda x: np.array(x[..., -1].cpu()),
/users/sgsrehm1/COMP702_BeyondAF/code/COMP390_code/openfold/run_pretrained_openfold.py:354: DeprecationWarning: __array__ implementation doesn't accept a copy keyword, so passing copy=False failed. __array__ must implement 'dtype' and 'copy' keyword arguments. To learn more, see the migration guide https://numpy.org/devdocs/numpy_2_0_migration_guide.html#adapting-to-changes-in-the-copy-keyword
  out = tensor_tree_map(lambda x: np.array(x.cpu()), out)
INFO:/users/sgsrehm1/COMP702_BeyondAF/code/COMP390_code/openfold/run_pretrained_openfold.py:Output written to /users/sgsrehm1/fastscratch/COMP702_ep32_inference/runs/7dsq_ep32_relaxed_100_9827080/repeat_16/predictions/7dsq_A_model_1_unrelaxed.pdb...
INFO:/users/sgsrehm1/COMP702_BeyondAF/code/COMP390_code/openfold/run_pretrained_openfold.py:Running relaxation on /users/sgsrehm1/fastscratch/COMP702_ep32_inference/runs/7dsq_ep32_relaxed_100_9827080/repeat_16/predictions/7dsq_A_model_1_unrelaxed.pdb...
INFO:/users/sgsrehm1/COMP702_BeyondAF/code/COMP390_code/openfold/openfold/utils/script_utils.py:Relaxation time: 12.267392407171428
INFO:/users/sgsrehm1/COMP702_BeyondAF/code/COMP390_code/openfold/openfold/utils/script_utils.py:Relaxed output written to /users/sgsrehm1/fastscratch/COMP702_ep32_inference/runs/7dsq_ep32_relaxed_100_9827080/repeat_16/predictions/7dsq_A_model_1_relaxed.pdb...
/users/sgsrehm1/COMP702_BeyondAF/code/COMP390_code/openfold/openfold/utils/script_utils.py:131: FutureWarning: You are using `torch.load` with `weights_only=False` (the current default value), which uses the default pickle module implicitly. It is possible to construct malicious pickle data which will execute arbitrary code during unpickling (See https://github.com/pytorch/pytorch/blob/main/SECURITY.md#untrusted-models for more details). In a future release, the default value for `weights_only` will be flipped to `True`. This limits the functions that could be executed during unpickling. Arbitrary objects will no longer be allowed to be loaded via this mode unless they are explicitly allowlisted by the user via `torch.serialization.add_safe_globals`. We recommend you start setting `weights_only=True` for any use case where you don't have full control of the loaded file. Please open an issue on GitHub for any issues related to this experimental feature.
  d = torch.load(ckpt_path)
INFO:/users/sgsrehm1/COMP702_BeyondAF/code/COMP390_code/openfold/openfold/utils/script_utils.py:Loaded OpenFold parameters at /users/sgsrehm1/COMP702_BeyondAF/code/COMP390_code/checkpoints/run_subset_gpu32_h100_ep33/csv_logs/version_0/checkpoints/32-330000.ckpt...
INFO:/users/sgsrehm1/COMP702_BeyondAF/code/COMP390_code/openfold/run_pretrained_openfold.py:Using precomputed alignments for 7dsq_A at /users/sgsrehm1/scratch/openfold_inference/alignments_cf...
INFO:/users/sgsrehm1/COMP702_BeyondAF/code/COMP390_code/openfold/openfold/utils/script_utils.py:Running inference for 7dsq_A...
INFO:/users/sgsrehm1/COMP702_BeyondAF/code/COMP390_code/openfold/openfold/utils/script_utils.py:Inference time: 17.699710696935654
/users/sgsrehm1/COMP702_BeyondAF/code/COMP390_code/openfold/run_pretrained_openfold.py:351: DeprecationWarning: __array__ implementation doesn't accept a copy keyword, so passing copy=False failed. __array__ must implement 'dtype' and 'copy' keyword arguments. To learn more, see the migration guide https://numpy.org/devdocs/numpy_2_0_migration_guide.html#adapting-to-changes-in-the-copy-keyword
  lambda x: np.array(x[..., -1].cpu()),
/users/sgsrehm1/COMP702_BeyondAF/code/COMP390_code/openfold/run_pretrained_openfold.py:354: DeprecationWarning: __array__ implementation doesn't accept a copy keyword, so passing copy=False failed. __array__ must implement 'dtype' and 'copy' keyword arguments. To learn more, see the migration guide https://numpy.org/devdocs/numpy_2_0_migration_guide.html#adapting-to-changes-in-the-copy-keyword
  out = tensor_tree_map(lambda x: np.array(x.cpu()), out)
INFO:/users/sgsrehm1/COMP702_BeyondAF/code/COMP390_code/openfold/run_pretrained_openfold.py:Output written to /users/sgsrehm1/fastscratch/COMP702_ep32_inference/runs/7dsq_ep32_relaxed_100_9827080/repeat_17/predictions/7dsq_A_model_1_unrelaxed.pdb...
INFO:/users/sgsrehm1/COMP702_BeyondAF/code/COMP390_code/openfold/run_pretrained_openfold.py:Running relaxation on /users/sgsrehm1/fastscratch/COMP702_ep32_inference/runs/7dsq_ep32_relaxed_100_9827080/repeat_17/predictions/7dsq_A_model_1_unrelaxed.pdb...
INFO:/users/sgsrehm1/COMP702_BeyondAF/code/COMP390_code/openfold/openfold/utils/script_utils.py:Relaxation time: 12.330064767971635
INFO:/users/sgsrehm1/COMP702_BeyondAF/code/COMP390_code/openfold/openfold/utils/script_utils.py:Relaxed output written to /users/sgsrehm1/fastscratch/COMP702_ep32_inference/runs/7dsq_ep32_relaxed_100_9827080/repeat_17/predictions/7dsq_A_model_1_relaxed.pdb...
/users/sgsrehm1/COMP702_BeyondAF/code/COMP390_code/openfold/openfold/utils/script_utils.py:131: FutureWarning: You are using `torch.load` with `weights_only=False` (the current default value), which uses the default pickle module implicitly. It is possible to construct malicious pickle data which will execute arbitrary code during unpickling (See https://github.com/pytorch/pytorch/blob/main/SECURITY.md#untrusted-models for more details). In a future release, the default value for `weights_only` will be flipped to `True`. This limits the functions that could be executed during unpickling. Arbitrary objects will no longer be allowed to be loaded via this mode unless they are explicitly allowlisted by the user via `torch.serialization.add_safe_globals`. We recommend you start setting `weights_only=True` for any use case where you don't have full control of the loaded file. Please open an issue on GitHub for any issues related to this experimental feature.
  d = torch.load(ckpt_path)
INFO:/users/sgsrehm1/COMP702_BeyondAF/code/COMP390_code/openfold/openfold/utils/script_utils.py:Loaded OpenFold parameters at /users/sgsrehm1/COMP702_BeyondAF/code/COMP390_code/checkpoints/run_subset_gpu32_h100_ep33/csv_logs/version_0/checkpoints/32-330000.ckpt...
INFO:/users/sgsrehm1/COMP702_BeyondAF/code/COMP390_code/openfold/run_pretrained_openfold.py:Using precomputed alignments for 7dsq_A at /users/sgsrehm1/scratch/openfold_inference/alignments_cf...
INFO:/users/sgsrehm1/COMP702_BeyondAF/code/COMP390_code/openfold/openfold/utils/script_utils.py:Running inference for 7dsq_A...
INFO:/users/sgsrehm1/COMP702_BeyondAF/code/COMP390_code/openfold/openfold/utils/script_utils.py:Inference time: 17.697115030139685
/users/sgsrehm1/COMP702_BeyondAF/code/COMP390_code/openfold/run_pretrained_openfold.py:351: DeprecationWarning: __array__ implementation doesn't accept a copy keyword, so passing copy=False failed. __array__ must implement 'dtype' and 'copy' keyword arguments. To learn more, see the migration guide https://numpy.org/devdocs/numpy_2_0_migration_guide.html#adapting-to-changes-in-the-copy-keyword
  lambda x: np.array(x[..., -1].cpu()),
/users/sgsrehm1/COMP702_BeyondAF/code/COMP390_code/openfold/run_pretrained_openfold.py:354: DeprecationWarning: __array__ implementation doesn't accept a copy keyword, so passing copy=False failed. __array__ must implement 'dtype' and 'copy' keyword arguments. To learn more, see the migration guide https://numpy.org/devdocs/numpy_2_0_migration_guide.html#adapting-to-changes-in-the-copy-keyword
  out = tensor_tree_map(lambda x: np.array(x.cpu()), out)
INFO:/users/sgsrehm1/COMP702_BeyondAF/code/COMP390_code/openfold/run_pretrained_openfold.py:Output written to /users/sgsrehm1/fastscratch/COMP702_ep32_inference/runs/7dsq_ep32_relaxed_100_9827080/repeat_18/predictions/7dsq_A_model_1_unrelaxed.pdb...
INFO:/users/sgsrehm1/COMP702_BeyondAF/code/COMP390_code/openfold/run_pretrained_openfold.py:Running relaxation on /users/sgsrehm1/fastscratch/COMP702_ep32_inference/runs/7dsq_ep32_relaxed_100_9827080/repeat_18/predictions/7dsq_A_model_1_unrelaxed.pdb...
INFO:/users/sgsrehm1/COMP702_BeyondAF/code/COMP390_code/openfold/openfold/utils/script_utils.py:Relaxation time: 12.123142126947641
INFO:/users/sgsrehm1/COMP702_BeyondAF/code/COMP390_code/openfold/openfold/utils/script_utils.py:Relaxed output written to /users/sgsrehm1/fastscratch/COMP702_ep32_inference/runs/7dsq_ep32_relaxed_100_9827080/repeat_18/predictions/7dsq_A_model_1_relaxed.pdb...
/users/sgsrehm1/COMP702_BeyondAF/code/COMP390_code/openfold/openfold/utils/script_utils.py:131: FutureWarning: You are using `torch.load` with `weights_only=False` (the current default value), which uses the default pickle module implicitly. It is possible to construct malicious pickle data which will execute arbitrary code during unpickling (See https://github.com/pytorch/pytorch/blob/main/SECURITY.md#untrusted-models for more details). In a future release, the default value for `weights_only` will be flipped to `True`. This limits the functions that could be executed during unpickling. Arbitrary objects will no longer be allowed to be loaded via this mode unless they are explicitly allowlisted by the user via `torch.serialization.add_safe_globals`. We recommend you start setting `weights_only=True` for any use case where you don't have full control of the loaded file. Please open an issue on GitHub for any issues related to this experimental feature.
  d = torch.load(ckpt_path)
INFO:/users/sgsrehm1/COMP702_BeyondAF/code/COMP390_code/openfold/openfold/utils/script_utils.py:Loaded OpenFold parameters at /users/sgsrehm1/COMP702_BeyondAF/code/COMP390_code/checkpoints/run_subset_gpu32_h100_ep33/csv_logs/version_0/checkpoints/32-330000.ckpt...
INFO:/users/sgsrehm1/COMP702_BeyondAF/code/COMP390_code/openfold/run_pretrained_openfold.py:Using precomputed alignments for 7dsq_A at /users/sgsrehm1/scratch/openfold_inference/alignments_cf...
INFO:/users/sgsrehm1/COMP702_BeyondAF/code/COMP390_code/openfold/openfold/utils/script_utils.py:Running inference for 7dsq_A...
INFO:/users/sgsrehm1/COMP702_BeyondAF/code/COMP390_code/openfold/openfold/utils/script_utils.py:Inference time: 17.70879941061139
/users/sgsrehm1/COMP702_BeyondAF/code/COMP390_code/openfold/run_pretrained_openfold.py:351: DeprecationWarning: __array__ implementation doesn't accept a copy keyword, so passing copy=False failed. __array__ must implement 'dtype' and 'copy' keyword arguments. To learn more, see the migration guide https://numpy.org/devdocs/numpy_2_0_migration_guide.html#adapting-to-changes-in-the-copy-keyword
  lambda x: np.array(x[..., -1].cpu()),
/users/sgsrehm1/COMP702_BeyondAF/code/COMP390_code/openfold/run_pretrained_openfold.py:354: DeprecationWarning: __array__ implementation doesn't accept a copy keyword, so passing copy=False failed. __array__ must implement 'dtype' and 'copy' keyword arguments. To learn more, see the migration guide https://numpy.org/devdocs/numpy_2_0_migration_guide.html#adapting-to-changes-in-the-copy-keyword
  out = tensor_tree_map(lambda x: np.array(x.cpu()), out)
INFO:/users/sgsrehm1/COMP702_BeyondAF/code/COMP390_code/openfold/run_pretrained_openfold.py:Output written to /users/sgsrehm1/fastscratch/COMP702_ep32_inference/runs/7dsq_ep32_relaxed_100_9827080/repeat_19/predictions/7dsq_A_model_1_unrelaxed.pdb...
INFO:/users/sgsrehm1/COMP702_BeyondAF/code/COMP390_code/openfold/run_pretrained_openfold.py:Running relaxation on /users/sgsrehm1/fastscratch/COMP702_ep32_inference/runs/7dsq_ep32_relaxed_100_9827080/repeat_19/predictions/7dsq_A_model_1_unrelaxed.pdb...
INFO:/users/sgsrehm1/COMP702_BeyondAF/code/COMP390_code/openfold/openfold/utils/script_utils.py:Relaxation time: 13.106392766349018
INFO:/users/sgsrehm1/COMP702_BeyondAF/code/COMP390_code/openfold/openfold/utils/script_utils.py:Relaxed output written to /users/sgsrehm1/fastscratch/COMP702_ep32_inference/runs/7dsq_ep32_relaxed_100_9827080/repeat_19/predictions/7dsq_A_model_1_relaxed.pdb...
/users/sgsrehm1/COMP702_BeyondAF/code/COMP390_code/openfold/openfold/utils/script_utils.py:131: FutureWarning: You are using `torch.load` with `weights_only=False` (the current default value), which uses the default pickle module implicitly. It is possible to construct malicious pickle data which will execute arbitrary code during unpickling (See https://github.com/pytorch/pytorch/blob/main/SECURITY.md#untrusted-models for more details). In a future release, the default value for `weights_only` will be flipped to `True`. This limits the functions that could be executed during unpickling. Arbitrary objects will no longer be allowed to be loaded via this mode unless they are explicitly allowlisted by the user via `torch.serialization.add_safe_globals`. We recommend you start setting `weights_only=True` for any use case where you don't have full control of the loaded file. Please open an issue on GitHub for any issues related to this experimental feature.
  d = torch.load(ckpt_path)
INFO:/users/sgsrehm1/COMP702_BeyondAF/code/COMP390_code/openfold/openfold/utils/script_utils.py:Loaded OpenFold parameters at /users/sgsrehm1/COMP702_BeyondAF/code/COMP390_code/checkpoints/run_subset_gpu32_h100_ep33/csv_logs/version_0/checkpoints/32-330000.ckpt...
INFO:/users/sgsrehm1/COMP702_BeyondAF/code/COMP390_code/openfold/run_pretrained_openfold.py:Using precomputed alignments for 7dsq_A at /users/sgsrehm1/scratch/openfold_inference/alignments_cf...
INFO:/users/sgsrehm1/COMP702_BeyondAF/code/COMP390_code/openfold/openfold/utils/script_utils.py:Running inference for 7dsq_A...
INFO:/users/sgsrehm1/COMP702_BeyondAF/code/COMP390_code/openfold/openfold/utils/script_utils.py:Inference time: 17.70039777364582
/users/sgsrehm1/COMP702_BeyondAF/code/COMP390_code/openfold/run_pretrained_openfold.py:351: DeprecationWarning: __array__ implementation doesn't accept a copy keyword, so passing copy=False failed. __array__ must implement 'dtype' and 'copy' keyword arguments. To learn more, see the migration guide https://numpy.org/devdocs/numpy_2_0_migration_guide.html#adapting-to-changes-in-the-copy-keyword
  lambda x: np.array(x[..., -1].cpu()),
/users/sgsrehm1/COMP702_BeyondAF/code/COMP390_code/openfold/run_pretrained_openfold.py:354: DeprecationWarning: __array__ implementation doesn't accept a copy keyword, so passing copy=False failed. __array__ must implement 'dtype' and 'copy' keyword arguments. To learn more, see the migration guide https://numpy.org/devdocs/numpy_2_0_migration_guide.html#adapting-to-changes-in-the-copy-keyword
  out = tensor_tree_map(lambda x: np.array(x.cpu()), out)
INFO:/users/sgsrehm1/COMP702_BeyondAF/code/COMP390_code/openfold/run_pretrained_openfold.py:Output written to /users/sgsrehm1/fastscratch/COMP702_ep32_inference/runs/7dsq_ep32_relaxed_100_9827080/repeat_20/predictions/7dsq_A_model_1_unrelaxed.pdb...
INFO:/users/sgsrehm1/COMP702_BeyondAF/code/COMP390_code/openfold/run_pretrained_openfold.py:Running relaxation on /users/sgsrehm1/fastscratch/COMP702_ep32_inference/runs/7dsq_ep32_relaxed_100_9827080/repeat_20/predictions/7dsq_A_model_1_unrelaxed.pdb...
INFO:/users/sgsrehm1/COMP702_BeyondAF/code/COMP390_code/openfold/openfold/utils/script_utils.py:Relaxation time: 13.779038596898317
INFO:/users/sgsrehm1/COMP702_BeyondAF/code/COMP390_code/openfold/openfold/utils/script_utils.py:Relaxed output written to /users/sgsrehm1/fastscratch/COMP702_ep32_inference/runs/7dsq_ep32_relaxed_100_9827080/repeat_20/predictions/7dsq_A_model_1_relaxed.pdb...
/users/sgsrehm1/COMP702_BeyondAF/code/COMP390_code/openfold/openfold/utils/script_utils.py:131: FutureWarning: You are using `torch.load` with `weights_only=False` (the current default value), which uses the default pickle module implicitly. It is possible to construct malicious pickle data which will execute arbitrary code during unpickling (See https://github.com/pytorch/pytorch/blob/main/SECURITY.md#untrusted-models for more details). In a future release, the default value for `weights_only` will be flipped to `True`. This limits the functions that could be executed during unpickling. Arbitrary objects will no longer be allowed to be loaded via this mode unless they are explicitly allowlisted by the user via `torch.serialization.add_safe_globals`. We recommend you start setting `weights_only=True` for any use case where you don't have full control of the loaded file. Please open an issue on GitHub for any issues related to this experimental feature.
  d = torch.load(ckpt_path)
INFO:/users/sgsrehm1/COMP702_BeyondAF/code/COMP390_code/openfold/openfold/utils/script_utils.py:Loaded OpenFold parameters at /users/sgsrehm1/COMP702_BeyondAF/code/COMP390_code/checkpoints/run_subset_gpu32_h100_ep33/csv_logs/version_0/checkpoints/32-330000.ckpt...
INFO:/users/sgsrehm1/COMP702_BeyondAF/code/COMP390_code/openfold/run_pretrained_openfold.py:Using precomputed alignments for 7dsq_A at /users/sgsrehm1/scratch/openfold_inference/alignments_cf...
INFO:/users/sgsrehm1/COMP702_BeyondAF/code/COMP390_code/openfold/openfold/utils/script_utils.py:Running inference for 7dsq_A...
INFO:/users/sgsrehm1/COMP702_BeyondAF/code/COMP390_code/openfold/openfold/utils/script_utils.py:Inference time: 17.6857035625726
/users/sgsrehm1/COMP702_BeyondAF/code/COMP390_code/openfold/run_pretrained_openfold.py:351: DeprecationWarning: __array__ implementation doesn't accept a copy keyword, so passing copy=False failed. __array__ must implement 'dtype' and 'copy' keyword arguments. To learn more, see the migration guide https://numpy.org/devdocs/numpy_2_0_migration_guide.html#adapting-to-changes-in-the-copy-keyword
  lambda x: np.array(x[..., -1].cpu()),
/users/sgsrehm1/COMP702_BeyondAF/code/COMP390_code/openfold/run_pretrained_openfold.py:354: DeprecationWarning: __array__ implementation doesn't accept a copy keyword, so passing copy=False failed. __array__ must implement 'dtype' and 'copy' keyword arguments. To learn more, see the migration guide https://numpy.org/devdocs/numpy_2_0_migration_guide.html#adapting-to-changes-in-the-copy-keyword
  out = tensor_tree_map(lambda x: np.array(x.cpu()), out)
INFO:/users/sgsrehm1/COMP702_BeyondAF/code/COMP390_code/openfold/run_pretrained_openfold.py:Output written to /users/sgsrehm1/fastscratch/COMP702_ep32_inference/runs/7dsq_ep32_relaxed_100_9827080/repeat_21/predictions/7dsq_A_model_1_unrelaxed.pdb...
INFO:/users/sgsrehm1/COMP702_BeyondAF/code/COMP390_code/openfold/run_pretrained_openfold.py:Running relaxation on /users/sgsrehm1/fastscratch/COMP702_ep32_inference/runs/7dsq_ep32_relaxed_100_9827080/repeat_21/predictions/7dsq_A_model_1_unrelaxed.pdb...
INFO:/users/sgsrehm1/COMP702_BeyondAF/code/COMP390_code/openfold/openfold/utils/script_utils.py:Relaxation time: 12.021783833391964
INFO:/users/sgsrehm1/COMP702_BeyondAF/code/COMP390_code/openfold/openfold/utils/script_utils.py:Relaxed output written to /users/sgsrehm1/fastscratch/COMP702_ep32_inference/runs/7dsq_ep32_relaxed_100_9827080/repeat_21/predictions/7dsq_A_model_1_relaxed.pdb...
/users/sgsrehm1/COMP702_BeyondAF/code/COMP390_code/openfold/openfold/utils/script_utils.py:131: FutureWarning: You are using `torch.load` with `weights_only=False` (the current default value), which uses the default pickle module implicitly. It is possible to construct malicious pickle data which will execute arbitrary code during unpickling (See https://github.com/pytorch/pytorch/blob/main/SECURITY.md#untrusted-models for more details). In a future release, the default value for `weights_only` will be flipped to `True`. This limits the functions that could be executed during unpickling. Arbitrary objects will no longer be allowed to be loaded via this mode unless they are explicitly allowlisted by the user via `torch.serialization.add_safe_globals`. We recommend you start setting `weights_only=True` for any use case where you don't have full control of the loaded file. Please open an issue on GitHub for any issues related to this experimental feature.
  d = torch.load(ckpt_path)
INFO:/users/sgsrehm1/COMP702_BeyondAF/code/COMP390_code/openfold/openfold/utils/script_utils.py:Loaded OpenFold parameters at /users/sgsrehm1/COMP702_BeyondAF/code/COMP390_code/checkpoints/run_subset_gpu32_h100_ep33/csv_logs/version_0/checkpoints/32-330000.ckpt...
INFO:/users/sgsrehm1/COMP702_BeyondAF/code/COMP390_code/openfold/run_pretrained_openfold.py:Using precomputed alignments for 7dsq_A at /users/sgsrehm1/scratch/openfold_inference/alignments_cf...
INFO:/users/sgsrehm1/COMP702_BeyondAF/code/COMP390_code/openfold/openfold/utils/script_utils.py:Running inference for 7dsq_A...
INFO:/users/sgsrehm1/COMP702_BeyondAF/code/COMP390_code/openfold/openfold/utils/script_utils.py:Inference time: 17.699641777202487
/users/sgsrehm1/COMP702_BeyondAF/code/COMP390_code/openfold/run_pretrained_openfold.py:351: DeprecationWarning: __array__ implementation doesn't accept a copy keyword, so passing copy=False failed. __array__ must implement 'dtype' and 'copy' keyword arguments. To learn more, see the migration guide https://numpy.org/devdocs/numpy_2_0_migration_guide.html#adapting-to-changes-in-the-copy-keyword
  lambda x: np.array(x[..., -1].cpu()),
/users/sgsrehm1/COMP702_BeyondAF/code/COMP390_code/openfold/run_pretrained_openfold.py:354: DeprecationWarning: __array__ implementation doesn't accept a copy keyword, so passing copy=False failed. __array__ must implement 'dtype' and 'copy' keyword arguments. To learn more, see the migration guide https://numpy.org/devdocs/numpy_2_0_migration_guide.html#adapting-to-changes-in-the-copy-keyword
  out = tensor_tree_map(lambda x: np.array(x.cpu()), out)
INFO:/users/sgsrehm1/COMP702_BeyondAF/code/COMP390_code/openfold/run_pretrained_openfold.py:Output written to /users/sgsrehm1/fastscratch/COMP702_ep32_inference/runs/7dsq_ep32_relaxed_100_9827080/repeat_22/predictions/7dsq_A_model_1_unrelaxed.pdb...
INFO:/users/sgsrehm1/COMP702_BeyondAF/code/COMP390_code/openfold/run_pretrained_openfold.py:Running relaxation on /users/sgsrehm1/fastscratch/COMP702_ep32_inference/runs/7dsq_ep32_relaxed_100_9827080/repeat_22/predictions/7dsq_A_model_1_unrelaxed.pdb...
INFO:/users/sgsrehm1/COMP702_BeyondAF/code/COMP390_code/openfold/openfold/utils/script_utils.py:Relaxation time: 12.077448434196413
INFO:/users/sgsrehm1/COMP702_BeyondAF/code/COMP390_code/openfold/openfold/utils/script_utils.py:Relaxed output written to /users/sgsrehm1/fastscratch/COMP702_ep32_inference/runs/7dsq_ep32_relaxed_100_9827080/repeat_22/predictions/7dsq_A_model_1_relaxed.pdb...
/users/sgsrehm1/COMP702_BeyondAF/code/COMP390_code/openfold/openfold/utils/script_utils.py:131: FutureWarning: You are using `torch.load` with `weights_only=False` (the current default value), which uses the default pickle module implicitly. It is possible to construct malicious pickle data which will execute arbitrary code during unpickling (See https://github.com/pytorch/pytorch/blob/main/SECURITY.md#untrusted-models for more details). In a future release, the default value for `weights_only` will be flipped to `True`. This limits the functions that could be executed during unpickling. Arbitrary objects will no longer be allowed to be loaded via this mode unless they are explicitly allowlisted by the user via `torch.serialization.add_safe_globals`. We recommend you start setting `weights_only=True` for any use case where you don't have full control of the loaded file. Please open an issue on GitHub for any issues related to this experimental feature.
  d = torch.load(ckpt_path)
INFO:/users/sgsrehm1/COMP702_BeyondAF/code/COMP390_code/openfold/openfold/utils/script_utils.py:Loaded OpenFold parameters at /users/sgsrehm1/COMP702_BeyondAF/code/COMP390_code/checkpoints/run_subset_gpu32_h100_ep33/csv_logs/version_0/checkpoints/32-330000.ckpt...
INFO:/users/sgsrehm1/COMP702_BeyondAF/code/COMP390_code/openfold/run_pretrained_openfold.py:Using precomputed alignments for 7dsq_A at /users/sgsrehm1/scratch/openfold_inference/alignments_cf...
INFO:/users/sgsrehm1/COMP702_BeyondAF/code/COMP390_code/openfold/openfold/utils/script_utils.py:Running inference for 7dsq_A...
INFO:/users/sgsrehm1/COMP702_BeyondAF/code/COMP390_code/openfold/openfold/utils/script_utils.py:Inference time: 17.684475041925907
/users/sgsrehm1/COMP702_BeyondAF/code/COMP390_code/openfold/run_pretrained_openfold.py:351: DeprecationWarning: __array__ implementation doesn't accept a copy keyword, so passing copy=False failed. __array__ must implement 'dtype' and 'copy' keyword arguments. To learn more, see the migration guide https://numpy.org/devdocs/numpy_2_0_migration_guide.html#adapting-to-changes-in-the-copy-keyword
  lambda x: np.array(x[..., -1].cpu()),
/users/sgsrehm1/COMP702_BeyondAF/code/COMP390_code/openfold/run_pretrained_openfold.py:354: DeprecationWarning: __array__ implementation doesn't accept a copy keyword, so passing copy=False failed. __array__ must implement 'dtype' and 'copy' keyword arguments. To learn more, see the migration guide https://numpy.org/devdocs/numpy_2_0_migration_guide.html#adapting-to-changes-in-the-copy-keyword
  out = tensor_tree_map(lambda x: np.array(x.cpu()), out)
INFO:/users/sgsrehm1/COMP702_BeyondAF/code/COMP390_code/openfold/run_pretrained_openfold.py:Output written to /users/sgsrehm1/fastscratch/COMP702_ep32_inference/runs/7dsq_ep32_relaxed_100_9827080/repeat_23/predictions/7dsq_A_model_1_unrelaxed.pdb...
INFO:/users/sgsrehm1/COMP702_BeyondAF/code/COMP390_code/openfold/run_pretrained_openfold.py:Running relaxation on /users/sgsrehm1/fastscratch/COMP702_ep32_inference/runs/7dsq_ep32_relaxed_100_9827080/repeat_23/predictions/7dsq_A_model_1_unrelaxed.pdb...
INFO:/users/sgsrehm1/COMP702_BeyondAF/code/COMP390_code/openfold/openfold/utils/script_utils.py:Relaxation time: 12.466034798882902
INFO:/users/sgsrehm1/COMP702_BeyondAF/code/COMP390_code/openfold/openfold/utils/script_utils.py:Relaxed output written to /users/sgsrehm1/fastscratch/COMP702_ep32_inference/runs/7dsq_ep32_relaxed_100_9827080/repeat_23/predictions/7dsq_A_model_1_relaxed.pdb...
/users/sgsrehm1/COMP702_BeyondAF/code/COMP390_code/openfold/openfold/utils/script_utils.py:131: FutureWarning: You are using `torch.load` with `weights_only=False` (the current default value), which uses the default pickle module implicitly. It is possible to construct malicious pickle data which will execute arbitrary code during unpickling (See https://github.com/pytorch/pytorch/blob/main/SECURITY.md#untrusted-models for more details). In a future release, the default value for `weights_only` will be flipped to `True`. This limits the functions that could be executed during unpickling. Arbitrary objects will no longer be allowed to be loaded via this mode unless they are explicitly allowlisted by the user via `torch.serialization.add_safe_globals`. We recommend you start setting `weights_only=True` for any use case where you don't have full control of the loaded file. Please open an issue on GitHub for any issues related to this experimental feature.
  d = torch.load(ckpt_path)
INFO:/users/sgsrehm1/COMP702_BeyondAF/code/COMP390_code/openfold/openfold/utils/script_utils.py:Loaded OpenFold parameters at /users/sgsrehm1/COMP702_BeyondAF/code/COMP390_code/checkpoints/run_subset_gpu32_h100_ep33/csv_logs/version_0/checkpoints/32-330000.ckpt...
INFO:/users/sgsrehm1/COMP702_BeyondAF/code/COMP390_code/openfold/run_pretrained_openfold.py:Using precomputed alignments for 7dsq_A at /users/sgsrehm1/scratch/openfold_inference/alignments_cf...
INFO:/users/sgsrehm1/COMP702_BeyondAF/code/COMP390_code/openfold/openfold/utils/script_utils.py:Running inference for 7dsq_A...
INFO:/users/sgsrehm1/COMP702_BeyondAF/code/COMP390_code/openfold/openfold/utils/script_utils.py:Inference time: 17.70487088523805
/users/sgsrehm1/COMP702_BeyondAF/code/COMP390_code/openfold/run_pretrained_openfold.py:351: DeprecationWarning: __array__ implementation doesn't accept a copy keyword, so passing copy=False failed. __array__ must implement 'dtype' and 'copy' keyword arguments. To learn more, see the migration guide https://numpy.org/devdocs/numpy_2_0_migration_guide.html#adapting-to-changes-in-the-copy-keyword
  lambda x: np.array(x[..., -1].cpu()),
/users/sgsrehm1/COMP702_BeyondAF/code/COMP390_code/openfold/run_pretrained_openfold.py:354: DeprecationWarning: __array__ implementation doesn't accept a copy keyword, so passing copy=False failed. __array__ must implement 'dtype' and 'copy' keyword arguments. To learn more, see the migration guide https://numpy.org/devdocs/numpy_2_0_migration_guide.html#adapting-to-changes-in-the-copy-keyword
  out = tensor_tree_map(lambda x: np.array(x.cpu()), out)
INFO:/users/sgsrehm1/COMP702_BeyondAF/code/COMP390_code/openfold/run_pretrained_openfold.py:Output written to /users/sgsrehm1/fastscratch/COMP702_ep32_inference/runs/7dsq_ep32_relaxed_100_9827080/repeat_24/predictions/7dsq_A_model_1_unrelaxed.pdb...
INFO:/users/sgsrehm1/COMP702_BeyondAF/code/COMP390_code/openfold/run_pretrained_openfold.py:Running relaxation on /users/sgsrehm1/fastscratch/COMP702_ep32_inference/runs/7dsq_ep32_relaxed_100_9827080/repeat_24/predictions/7dsq_A_model_1_unrelaxed.pdb...
INFO:/users/sgsrehm1/COMP702_BeyondAF/code/COMP390_code/openfold/openfold/utils/script_utils.py:Relaxation time: 11.783669068478048
INFO:/users/sgsrehm1/COMP702_BeyondAF/code/COMP390_code/openfold/openfold/utils/script_utils.py:Relaxed output written to /users/sgsrehm1/fastscratch/COMP702_ep32_inference/runs/7dsq_ep32_relaxed_100_9827080/repeat_24/predictions/7dsq_A_model_1_relaxed.pdb...
/users/sgsrehm1/COMP702_BeyondAF/code/COMP390_code/openfold/openfold/utils/script_utils.py:131: FutureWarning: You are using `torch.load` with `weights_only=False` (the current default value), which uses the default pickle module implicitly. It is possible to construct malicious pickle data which will execute arbitrary code during unpickling (See https://github.com/pytorch/pytorch/blob/main/SECURITY.md#untrusted-models for more details). In a future release, the default value for `weights_only` will be flipped to `True`. This limits the functions that could be executed during unpickling. Arbitrary objects will no longer be allowed to be loaded via this mode unless they are explicitly allowlisted by the user via `torch.serialization.add_safe_globals`. We recommend you start setting `weights_only=True` for any use case where you don't have full control of the loaded file. Please open an issue on GitHub for any issues related to this experimental feature.
  d = torch.load(ckpt_path)
INFO:/users/sgsrehm1/COMP702_BeyondAF/code/COMP390_code/openfold/openfold/utils/script_utils.py:Loaded OpenFold parameters at /users/sgsrehm1/COMP702_BeyondAF/code/COMP390_code/checkpoints/run_subset_gpu32_h100_ep33/csv_logs/version_0/checkpoints/32-330000.ckpt...
INFO:/users/sgsrehm1/COMP702_BeyondAF/code/COMP390_code/openfold/run_pretrained_openfold.py:Using precomputed alignments for 7dsq_A at /users/sgsrehm1/scratch/openfold_inference/alignments_cf...
INFO:/users/sgsrehm1/COMP702_BeyondAF/code/COMP390_code/openfold/openfold/utils/script_utils.py:Running inference for 7dsq_A...
INFO:/users/sgsrehm1/COMP702_BeyondAF/code/COMP390_code/openfold/openfold/utils/script_utils.py:Inference time: 17.693325912579894
/users/sgsrehm1/COMP702_BeyondAF/code/COMP390_code/openfold/run_pretrained_openfold.py:351: DeprecationWarning: __array__ implementation doesn't accept a copy keyword, so passing copy=False failed. __array__ must implement 'dtype' and 'copy' keyword arguments. To learn more, see the migration guide https://numpy.org/devdocs/numpy_2_0_migration_guide.html#adapting-to-changes-in-the-copy-keyword
  lambda x: np.array(x[..., -1].cpu()),
/users/sgsrehm1/COMP702_BeyondAF/code/COMP390_code/openfold/run_pretrained_openfold.py:354: DeprecationWarning: __array__ implementation doesn't accept a copy keyword, so passing copy=False failed. __array__ must implement 'dtype' and 'copy' keyword arguments. To learn more, see the migration guide https://numpy.org/devdocs/numpy_2_0_migration_guide.html#adapting-to-changes-in-the-copy-keyword
  out = tensor_tree_map(lambda x: np.array(x.cpu()), out)
INFO:/users/sgsrehm1/COMP702_BeyondAF/code/COMP390_code/openfold/run_pretrained_openfold.py:Output written to /users/sgsrehm1/fastscratch/COMP702_ep32_inference/runs/7dsq_ep32_relaxed_100_9827080/repeat_25/predictions/7dsq_A_model_1_unrelaxed.pdb...
INFO:/users/sgsrehm1/COMP702_BeyondAF/code/COMP390_code/openfold/run_pretrained_openfold.py:Running relaxation on /users/sgsrehm1/fastscratch/COMP702_ep32_inference/runs/7dsq_ep32_relaxed_100_9827080/repeat_25/predictions/7dsq_A_model_1_unrelaxed.pdb...
INFO:/users/sgsrehm1/COMP702_BeyondAF/code/COMP390_code/openfold/openfold/utils/script_utils.py:Relaxation time: 14.31594517454505
INFO:/users/sgsrehm1/COMP702_BeyondAF/code/COMP390_code/openfold/openfold/utils/script_utils.py:Relaxed output written to /users/sgsrehm1/fastscratch/COMP702_ep32_inference/runs/7dsq_ep32_relaxed_100_9827080/repeat_25/predictions/7dsq_A_model_1_relaxed.pdb...
/users/sgsrehm1/COMP702_BeyondAF/code/COMP390_code/openfold/openfold/utils/script_utils.py:131: FutureWarning: You are using `torch.load` with `weights_only=False` (the current default value), which uses the default pickle module implicitly. It is possible to construct malicious pickle data which will execute arbitrary code during unpickling (See https://github.com/pytorch/pytorch/blob/main/SECURITY.md#untrusted-models for more details). In a future release, the default value for `weights_only` will be flipped to `True`. This limits the functions that could be executed during unpickling. Arbitrary objects will no longer be allowed to be loaded via this mode unless they are explicitly allowlisted by the user via `torch.serialization.add_safe_globals`. We recommend you start setting `weights_only=True` for any use case where you don't have full control of the loaded file. Please open an issue on GitHub for any issues related to this experimental feature.
  d = torch.load(ckpt_path)
INFO:/users/sgsrehm1/COMP702_BeyondAF/code/COMP390_code/openfold/openfold/utils/script_utils.py:Loaded OpenFold parameters at /users/sgsrehm1/COMP702_BeyondAF/code/COMP390_code/checkpoints/run_subset_gpu32_h100_ep33/csv_logs/version_0/checkpoints/32-330000.ckpt...
INFO:/users/sgsrehm1/COMP702_BeyondAF/code/COMP390_code/openfold/run_pretrained_openfold.py:Using precomputed alignments for 7dsq_A at /users/sgsrehm1/scratch/openfold_inference/alignments_cf...
INFO:/users/sgsrehm1/COMP702_BeyondAF/code/COMP390_code/openfold/openfold/utils/script_utils.py:Running inference for 7dsq_A...
INFO:/users/sgsrehm1/COMP702_BeyondAF/code/COMP390_code/openfold/openfold/utils/script_utils.py:Inference time: 17.707059868611395
/users/sgsrehm1/COMP702_BeyondAF/code/COMP390_code/openfold/run_pretrained_openfold.py:351: DeprecationWarning: __array__ implementation doesn't accept a copy keyword, so passing copy=False failed. __array__ must implement 'dtype' and 'copy' keyword arguments. To learn more, see the migration guide https://numpy.org/devdocs/numpy_2_0_migration_guide.html#adapting-to-changes-in-the-copy-keyword
  lambda x: np.array(x[..., -1].cpu()),
/users/sgsrehm1/COMP702_BeyondAF/code/COMP390_code/openfold/run_pretrained_openfold.py:354: DeprecationWarning: __array__ implementation doesn't accept a copy keyword, so passing copy=False failed. __array__ must implement 'dtype' and 'copy' keyword arguments. To learn more, see the migration guide https://numpy.org/devdocs/numpy_2_0_migration_guide.html#adapting-to-changes-in-the-copy-keyword
  out = tensor_tree_map(lambda x: np.array(x.cpu()), out)
INFO:/users/sgsrehm1/COMP702_BeyondAF/code/COMP390_code/openfold/run_pretrained_openfold.py:Output written to /users/sgsrehm1/fastscratch/COMP702_ep32_inference/runs/7dsq_ep32_relaxed_100_9827080/repeat_26/predictions/7dsq_A_model_1_unrelaxed.pdb...
INFO:/users/sgsrehm1/COMP702_BeyondAF/code/COMP390_code/openfold/run_pretrained_openfold.py:Running relaxation on /users/sgsrehm1/fastscratch/COMP702_ep32_inference/runs/7dsq_ep32_relaxed_100_9827080/repeat_26/predictions/7dsq_A_model_1_unrelaxed.pdb...
INFO:/users/sgsrehm1/COMP702_BeyondAF/code/COMP390_code/openfold/openfold/utils/script_utils.py:Relaxation time: 13.136147832497954
INFO:/users/sgsrehm1/COMP702_BeyondAF/code/COMP390_code/openfold/openfold/utils/script_utils.py:Relaxed output written to /users/sgsrehm1/fastscratch/COMP702_ep32_inference/runs/7dsq_ep32_relaxed_100_9827080/repeat_26/predictions/7dsq_A_model_1_relaxed.pdb...
/users/sgsrehm1/COMP702_BeyondAF/code/COMP390_code/openfold/openfold/utils/script_utils.py:131: FutureWarning: You are using `torch.load` with `weights_only=False` (the current default value), which uses the default pickle module implicitly. It is possible to construct malicious pickle data which will execute arbitrary code during unpickling (See https://github.com/pytorch/pytorch/blob/main/SECURITY.md#untrusted-models for more details). In a future release, the default value for `weights_only` will be flipped to `True`. This limits the functions that could be executed during unpickling. Arbitrary objects will no longer be allowed to be loaded via this mode unless they are explicitly allowlisted by the user via `torch.serialization.add_safe_globals`. We recommend you start setting `weights_only=True` for any use case where you don't have full control of the loaded file. Please open an issue on GitHub for any issues related to this experimental feature.
  d = torch.load(ckpt_path)
INFO:/users/sgsrehm1/COMP702_BeyondAF/code/COMP390_code/openfold/openfold/utils/script_utils.py:Loaded OpenFold parameters at /users/sgsrehm1/COMP702_BeyondAF/code/COMP390_code/checkpoints/run_subset_gpu32_h100_ep33/csv_logs/version_0/checkpoints/32-330000.ckpt...
INFO:/users/sgsrehm1/COMP702_BeyondAF/code/COMP390_code/openfold/run_pretrained_openfold.py:Using precomputed alignments for 7dsq_A at /users/sgsrehm1/scratch/openfold_inference/alignments_cf...
INFO:/users/sgsrehm1/COMP702_BeyondAF/code/COMP390_code/openfold/openfold/utils/script_utils.py:Running inference for 7dsq_A...
INFO:/users/sgsrehm1/COMP702_BeyondAF/code/COMP390_code/openfold/openfold/utils/script_utils.py:Inference time: 17.70242926850915
/users/sgsrehm1/COMP702_BeyondAF/code/COMP390_code/openfold/run_pretrained_openfold.py:351: DeprecationWarning: __array__ implementation doesn't accept a copy keyword, so passing copy=False failed. __array__ must implement 'dtype' and 'copy' keyword arguments. To learn more, see the migration guide https://numpy.org/devdocs/numpy_2_0_migration_guide.html#adapting-to-changes-in-the-copy-keyword
  lambda x: np.array(x[..., -1].cpu()),
/users/sgsrehm1/COMP702_BeyondAF/code/COMP390_code/openfold/run_pretrained_openfold.py:354: DeprecationWarning: __array__ implementation doesn't accept a copy keyword, so passing copy=False failed. __array__ must implement 'dtype' and 'copy' keyword arguments. To learn more, see the migration guide https://numpy.org/devdocs/numpy_2_0_migration_guide.html#adapting-to-changes-in-the-copy-keyword
  out = tensor_tree_map(lambda x: np.array(x.cpu()), out)
INFO:/users/sgsrehm1/COMP702_BeyondAF/code/COMP390_code/openfold/run_pretrained_openfold.py:Output written to /users/sgsrehm1/fastscratch/COMP702_ep32_inference/runs/7dsq_ep32_relaxed_100_9827080/repeat_27/predictions/7dsq_A_model_1_unrelaxed.pdb...
INFO:/users/sgsrehm1/COMP702_BeyondAF/code/COMP390_code/openfold/run_pretrained_openfold.py:Running relaxation on /users/sgsrehm1/fastscratch/COMP702_ep32_inference/runs/7dsq_ep32_relaxed_100_9827080/repeat_27/predictions/7dsq_A_model_1_unrelaxed.pdb...
INFO:/users/sgsrehm1/COMP702_BeyondAF/code/COMP390_code/openfold/openfold/utils/script_utils.py:Relaxation time: 16.75511161610484
INFO:/users/sgsrehm1/COMP702_BeyondAF/code/COMP390_code/openfold/openfold/utils/script_utils.py:Relaxed output written to /users/sgsrehm1/fastscratch/COMP702_ep32_inference/runs/7dsq_ep32_relaxed_100_9827080/repeat_27/predictions/7dsq_A_model_1_relaxed.pdb...
/users/sgsrehm1/COMP702_BeyondAF/code/COMP390_code/openfold/openfold/utils/script_utils.py:131: FutureWarning: You are using `torch.load` with `weights_only=False` (the current default value), which uses the default pickle module implicitly. It is possible to construct malicious pickle data which will execute arbitrary code during unpickling (See https://github.com/pytorch/pytorch/blob/main/SECURITY.md#untrusted-models for more details). In a future release, the default value for `weights_only` will be flipped to `True`. This limits the functions that could be executed during unpickling. Arbitrary objects will no longer be allowed to be loaded via this mode unless they are explicitly allowlisted by the user via `torch.serialization.add_safe_globals`. We recommend you start setting `weights_only=True` for any use case where you don't have full control of the loaded file. Please open an issue on GitHub for any issues related to this experimental feature.
  d = torch.load(ckpt_path)
INFO:/users/sgsrehm1/COMP702_BeyondAF/code/COMP390_code/openfold/openfold/utils/script_utils.py:Loaded OpenFold parameters at /users/sgsrehm1/COMP702_BeyondAF/code/COMP390_code/checkpoints/run_subset_gpu32_h100_ep33/csv_logs/version_0/checkpoints/32-330000.ckpt...
INFO:/users/sgsrehm1/COMP702_BeyondAF/code/COMP390_code/openfold/run_pretrained_openfold.py:Using precomputed alignments for 7dsq_A at /users/sgsrehm1/scratch/openfold_inference/alignments_cf...
INFO:/users/sgsrehm1/COMP702_BeyondAF/code/COMP390_code/openfold/openfold/utils/script_utils.py:Running inference for 7dsq_A...
INFO:/users/sgsrehm1/COMP702_BeyondAF/code/COMP390_code/openfold/openfold/utils/script_utils.py:Inference time: 17.686019090935588
/users/sgsrehm1/COMP702_BeyondAF/code/COMP390_code/openfold/run_pretrained_openfold.py:351: DeprecationWarning: __array__ implementation doesn't accept a copy keyword, so passing copy=False failed. __array__ must implement 'dtype' and 'copy' keyword arguments. To learn more, see the migration guide https://numpy.org/devdocs/numpy_2_0_migration_guide.html#adapting-to-changes-in-the-copy-keyword
  lambda x: np.array(x[..., -1].cpu()),
/users/sgsrehm1/COMP702_BeyondAF/code/COMP390_code/openfold/run_pretrained_openfold.py:354: DeprecationWarning: __array__ implementation doesn't accept a copy keyword, so passing copy=False failed. __array__ must implement 'dtype' and 'copy' keyword arguments. To learn more, see the migration guide https://numpy.org/devdocs/numpy_2_0_migration_guide.html#adapting-to-changes-in-the-copy-keyword
  out = tensor_tree_map(lambda x: np.array(x.cpu()), out)
INFO:/users/sgsrehm1/COMP702_BeyondAF/code/COMP390_code/openfold/run_pretrained_openfold.py:Output written to /users/sgsrehm1/fastscratch/COMP702_ep32_inference/runs/7dsq_ep32_relaxed_100_9827080/repeat_28/predictions/7dsq_A_model_1_unrelaxed.pdb...
INFO:/users/sgsrehm1/COMP702_BeyondAF/code/COMP390_code/openfold/run_pretrained_openfold.py:Running relaxation on /users/sgsrehm1/fastscratch/COMP702_ep32_inference/runs/7dsq_ep32_relaxed_100_9827080/repeat_28/predictions/7dsq_A_model_1_unrelaxed.pdb...
INFO:/users/sgsrehm1/COMP702_BeyondAF/code/COMP390_code/openfold/openfold/utils/script_utils.py:Relaxation time: 12.382904418744147
INFO:/users/sgsrehm1/COMP702_BeyondAF/code/COMP390_code/openfold/openfold/utils/script_utils.py:Relaxed output written to /users/sgsrehm1/fastscratch/COMP702_ep32_inference/runs/7dsq_ep32_relaxed_100_9827080/repeat_28/predictions/7dsq_A_model_1_relaxed.pdb...
/users/sgsrehm1/COMP702_BeyondAF/code/COMP390_code/openfold/openfold/utils/script_utils.py:131: FutureWarning: You are using `torch.load` with `weights_only=False` (the current default value), which uses the default pickle module implicitly. It is possible to construct malicious pickle data which will execute arbitrary code during unpickling (See https://github.com/pytorch/pytorch/blob/main/SECURITY.md#untrusted-models for more details). In a future release, the default value for `weights_only` will be flipped to `True`. This limits the functions that could be executed during unpickling. Arbitrary objects will no longer be allowed to be loaded via this mode unless they are explicitly allowlisted by the user via `torch.serialization.add_safe_globals`. We recommend you start setting `weights_only=True` for any use case where you don't have full control of the loaded file. Please open an issue on GitHub for any issues related to this experimental feature.
  d = torch.load(ckpt_path)
INFO:/users/sgsrehm1/COMP702_BeyondAF/code/COMP390_code/openfold/openfold/utils/script_utils.py:Loaded OpenFold parameters at /users/sgsrehm1/COMP702_BeyondAF/code/COMP390_code/checkpoints/run_subset_gpu32_h100_ep33/csv_logs/version_0/checkpoints/32-330000.ckpt...
INFO:/users/sgsrehm1/COMP702_BeyondAF/code/COMP390_code/openfold/run_pretrained_openfold.py:Using precomputed alignments for 7dsq_A at /users/sgsrehm1/scratch/openfold_inference/alignments_cf...
INFO:/users/sgsrehm1/COMP702_BeyondAF/code/COMP390_code/openfold/openfold/utils/script_utils.py:Running inference for 7dsq_A...
INFO:/users/sgsrehm1/COMP702_BeyondAF/code/COMP390_code/openfold/openfold/utils/script_utils.py:Inference time: 17.703901257365942
/users/sgsrehm1/COMP702_BeyondAF/code/COMP390_code/openfold/run_pretrained_openfold.py:351: DeprecationWarning: __array__ implementation doesn't accept a copy keyword, so passing copy=False failed. __array__ must implement 'dtype' and 'copy' keyword arguments. To learn more, see the migration guide https://numpy.org/devdocs/numpy_2_0_migration_guide.html#adapting-to-changes-in-the-copy-keyword
  lambda x: np.array(x[..., -1].cpu()),
/users/sgsrehm1/COMP702_BeyondAF/code/COMP390_code/openfold/run_pretrained_openfold.py:354: DeprecationWarning: __array__ implementation doesn't accept a copy keyword, so passing copy=False failed. __array__ must implement 'dtype' and 'copy' keyword arguments. To learn more, see the migration guide https://numpy.org/devdocs/numpy_2_0_migration_guide.html#adapting-to-changes-in-the-copy-keyword
  out = tensor_tree_map(lambda x: np.array(x.cpu()), out)
INFO:/users/sgsrehm1/COMP702_BeyondAF/code/COMP390_code/openfold/run_pretrained_openfold.py:Output written to /users/sgsrehm1/fastscratch/COMP702_ep32_inference/runs/7dsq_ep32_relaxed_100_9827080/repeat_29/predictions/7dsq_A_model_1_unrelaxed.pdb...
INFO:/users/sgsrehm1/COMP702_BeyondAF/code/COMP390_code/openfold/run_pretrained_openfold.py:Running relaxation on /users/sgsrehm1/fastscratch/COMP702_ep32_inference/runs/7dsq_ep32_relaxed_100_9827080/repeat_29/predictions/7dsq_A_model_1_unrelaxed.pdb...
INFO:/users/sgsrehm1/COMP702_BeyondAF/code/COMP390_code/openfold/openfold/utils/script_utils.py:Relaxation time: 12.065868035890162
INFO:/users/sgsrehm1/COMP702_BeyondAF/code/COMP390_code/openfold/openfold/utils/script_utils.py:Relaxed output written to /users/sgsrehm1/fastscratch/COMP702_ep32_inference/runs/7dsq_ep32_relaxed_100_9827080/repeat_29/predictions/7dsq_A_model_1_relaxed.pdb...
/users/sgsrehm1/COMP702_BeyondAF/code/COMP390_code/openfold/openfold/utils/script_utils.py:131: FutureWarning: You are using `torch.load` with `weights_only=False` (the current default value), which uses the default pickle module implicitly. It is possible to construct malicious pickle data which will execute arbitrary code during unpickling (See https://github.com/pytorch/pytorch/blob/main/SECURITY.md#untrusted-models for more details). In a future release, the default value for `weights_only` will be flipped to `True`. This limits the functions that could be executed during unpickling. Arbitrary objects will no longer be allowed to be loaded via this mode unless they are explicitly allowlisted by the user via `torch.serialization.add_safe_globals`. We recommend you start setting `weights_only=True` for any use case where you don't have full control of the loaded file. Please open an issue on GitHub for any issues related to this experimental feature.
  d = torch.load(ckpt_path)
INFO:/users/sgsrehm1/COMP702_BeyondAF/code/COMP390_code/openfold/openfold/utils/script_utils.py:Loaded OpenFold parameters at /users/sgsrehm1/COMP702_BeyondAF/code/COMP390_code/checkpoints/run_subset_gpu32_h100_ep33/csv_logs/version_0/checkpoints/32-330000.ckpt...
INFO:/users/sgsrehm1/COMP702_BeyondAF/code/COMP390_code/openfold/run_pretrained_openfold.py:Using precomputed alignments for 7dsq_A at /users/sgsrehm1/scratch/openfold_inference/alignments_cf...
INFO:/users/sgsrehm1/COMP702_BeyondAF/code/COMP390_code/openfold/openfold/utils/script_utils.py:Running inference for 7dsq_A...
INFO:/users/sgsrehm1/COMP702_BeyondAF/code/COMP390_code/openfold/openfold/utils/script_utils.py:Inference time: 17.732094759121537
/users/sgsrehm1/COMP702_BeyondAF/code/COMP390_code/openfold/run_pretrained_openfold.py:351: DeprecationWarning: __array__ implementation doesn't accept a copy keyword, so passing copy=False failed. __array__ must implement 'dtype' and 'copy' keyword arguments. To learn more, see the migration guide https://numpy.org/devdocs/numpy_2_0_migration_guide.html#adapting-to-changes-in-the-copy-keyword
  lambda x: np.array(x[..., -1].cpu()),
/users/sgsrehm1/COMP702_BeyondAF/code/COMP390_code/openfold/run_pretrained_openfold.py:354: DeprecationWarning: __array__ implementation doesn't accept a copy keyword, so passing copy=False failed. __array__ must implement 'dtype' and 'copy' keyword arguments. To learn more, see the migration guide https://numpy.org/devdocs/numpy_2_0_migration_guide.html#adapting-to-changes-in-the-copy-keyword
  out = tensor_tree_map(lambda x: np.array(x.cpu()), out)
INFO:/users/sgsrehm1/COMP702_BeyondAF/code/COMP390_code/openfold/run_pretrained_openfold.py:Output written to /users/sgsrehm1/fastscratch/COMP702_ep32_inference/runs/7dsq_ep32_relaxed_100_9827080/repeat_30/predictions/7dsq_A_model_1_unrelaxed.pdb...
INFO:/users/sgsrehm1/COMP702_BeyondAF/code/COMP390_code/openfold/run_pretrained_openfold.py:Running relaxation on /users/sgsrehm1/fastscratch/COMP702_ep32_inference/runs/7dsq_ep32_relaxed_100_9827080/repeat_30/predictions/7dsq_A_model_1_unrelaxed.pdb...
INFO:/users/sgsrehm1/COMP702_BeyondAF/code/COMP390_code/openfold/openfold/utils/script_utils.py:Relaxation time: 12.152908724732697
INFO:/users/sgsrehm1/COMP702_BeyondAF/code/COMP390_code/openfold/openfold/utils/script_utils.py:Relaxed output written to /users/sgsrehm1/fastscratch/COMP702_ep32_inference/runs/7dsq_ep32_relaxed_100_9827080/repeat_30/predictions/7dsq_A_model_1_relaxed.pdb...
/users/sgsrehm1/COMP702_BeyondAF/code/COMP390_code/openfold/openfold/utils/script_utils.py:131: FutureWarning: You are using `torch.load` with `weights_only=False` (the current default value), which uses the default pickle module implicitly. It is possible to construct malicious pickle data which will execute arbitrary code during unpickling (See https://github.com/pytorch/pytorch/blob/main/SECURITY.md#untrusted-models for more details). In a future release, the default value for `weights_only` will be flipped to `True`. This limits the functions that could be executed during unpickling. Arbitrary objects will no longer be allowed to be loaded via this mode unless they are explicitly allowlisted by the user via `torch.serialization.add_safe_globals`. We recommend you start setting `weights_only=True` for any use case where you don't have full control of the loaded file. Please open an issue on GitHub for any issues related to this experimental feature.
  d = torch.load(ckpt_path)
INFO:/users/sgsrehm1/COMP702_BeyondAF/code/COMP390_code/openfold/openfold/utils/script_utils.py:Loaded OpenFold parameters at /users/sgsrehm1/COMP702_BeyondAF/code/COMP390_code/checkpoints/run_subset_gpu32_h100_ep33/csv_logs/version_0/checkpoints/32-330000.ckpt...
INFO:/users/sgsrehm1/COMP702_BeyondAF/code/COMP390_code/openfold/run_pretrained_openfold.py:Using precomputed alignments for 7dsq_A at /users/sgsrehm1/scratch/openfold_inference/alignments_cf...
INFO:/users/sgsrehm1/COMP702_BeyondAF/code/COMP390_code/openfold/openfold/utils/script_utils.py:Running inference for 7dsq_A...
INFO:/users/sgsrehm1/COMP702_BeyondAF/code/COMP390_code/openfold/openfold/utils/script_utils.py:Inference time: 17.695383485406637
/users/sgsrehm1/COMP702_BeyondAF/code/COMP390_code/openfold/run_pretrained_openfold.py:351: DeprecationWarning: __array__ implementation doesn't accept a copy keyword, so passing copy=False failed. __array__ must implement 'dtype' and 'copy' keyword arguments. To learn more, see the migration guide https://numpy.org/devdocs/numpy_2_0_migration_guide.html#adapting-to-changes-in-the-copy-keyword
  lambda x: np.array(x[..., -1].cpu()),
/users/sgsrehm1/COMP702_BeyondAF/code/COMP390_code/openfold/run_pretrained_openfold.py:354: DeprecationWarning: __array__ implementation doesn't accept a copy keyword, so passing copy=False failed. __array__ must implement 'dtype' and 'copy' keyword arguments. To learn more, see the migration guide https://numpy.org/devdocs/numpy_2_0_migration_guide.html#adapting-to-changes-in-the-copy-keyword
  out = tensor_tree_map(lambda x: np.array(x.cpu()), out)
INFO:/users/sgsrehm1/COMP702_BeyondAF/code/COMP390_code/openfold/run_pretrained_openfold.py:Output written to /users/sgsrehm1/fastscratch/COMP702_ep32_inference/runs/7dsq_ep32_relaxed_100_9827080/repeat_31/predictions/7dsq_A_model_1_unrelaxed.pdb...
INFO:/users/sgsrehm1/COMP702_BeyondAF/code/COMP390_code/openfold/run_pretrained_openfold.py:Running relaxation on /users/sgsrehm1/fastscratch/COMP702_ep32_inference/runs/7dsq_ep32_relaxed_100_9827080/repeat_31/predictions/7dsq_A_model_1_unrelaxed.pdb...
INFO:/users/sgsrehm1/COMP702_BeyondAF/code/COMP390_code/openfold/openfold/utils/script_utils.py:Relaxation time: 13.670444711111486
INFO:/users/sgsrehm1/COMP702_BeyondAF/code/COMP390_code/openfold/openfold/utils/script_utils.py:Relaxed output written to /users/sgsrehm1/fastscratch/COMP702_ep32_inference/runs/7dsq_ep32_relaxed_100_9827080/repeat_31/predictions/7dsq_A_model_1_relaxed.pdb...
/users/sgsrehm1/COMP702_BeyondAF/code/COMP390_code/openfold/openfold/utils/script_utils.py:131: FutureWarning: You are using `torch.load` with `weights_only=False` (the current default value), which uses the default pickle module implicitly. It is possible to construct malicious pickle data which will execute arbitrary code during unpickling (See https://github.com/pytorch/pytorch/blob/main/SECURITY.md#untrusted-models for more details). In a future release, the default value for `weights_only` will be flipped to `True`. This limits the functions that could be executed during unpickling. Arbitrary objects will no longer be allowed to be loaded via this mode unless they are explicitly allowlisted by the user via `torch.serialization.add_safe_globals`. We recommend you start setting `weights_only=True` for any use case where you don't have full control of the loaded file. Please open an issue on GitHub for any issues related to this experimental feature.
  d = torch.load(ckpt_path)
INFO:/users/sgsrehm1/COMP702_BeyondAF/code/COMP390_code/openfold/openfold/utils/script_utils.py:Loaded OpenFold parameters at /users/sgsrehm1/COMP702_BeyondAF/code/COMP390_code/checkpoints/run_subset_gpu32_h100_ep33/csv_logs/version_0/checkpoints/32-330000.ckpt...
INFO:/users/sgsrehm1/COMP702_BeyondAF/code/COMP390_code/openfold/run_pretrained_openfold.py:Using precomputed alignments for 7dsq_A at /users/sgsrehm1/scratch/openfold_inference/alignments_cf...
INFO:/users/sgsrehm1/COMP702_BeyondAF/code/COMP390_code/openfold/openfold/utils/script_utils.py:Running inference for 7dsq_A...
INFO:/users/sgsrehm1/COMP702_BeyondAF/code/COMP390_code/openfold/openfold/utils/script_utils.py:Inference time: 17.68257079552859
/users/sgsrehm1/COMP702_BeyondAF/code/COMP390_code/openfold/run_pretrained_openfold.py:351: DeprecationWarning: __array__ implementation doesn't accept a copy keyword, so passing copy=False failed. __array__ must implement 'dtype' and 'copy' keyword arguments. To learn more, see the migration guide https://numpy.org/devdocs/numpy_2_0_migration_guide.html#adapting-to-changes-in-the-copy-keyword
  lambda x: np.array(x[..., -1].cpu()),
/users/sgsrehm1/COMP702_BeyondAF/code/COMP390_code/openfold/run_pretrained_openfold.py:354: DeprecationWarning: __array__ implementation doesn't accept a copy keyword, so passing copy=False failed. __array__ must implement 'dtype' and 'copy' keyword arguments. To learn more, see the migration guide https://numpy.org/devdocs/numpy_2_0_migration_guide.html#adapting-to-changes-in-the-copy-keyword
  out = tensor_tree_map(lambda x: np.array(x.cpu()), out)
INFO:/users/sgsrehm1/COMP702_BeyondAF/code/COMP390_code/openfold/run_pretrained_openfold.py:Output written to /users/sgsrehm1/fastscratch/COMP702_ep32_inference/runs/7dsq_ep32_relaxed_100_9827080/repeat_32/predictions/7dsq_A_model_1_unrelaxed.pdb...
INFO:/users/sgsrehm1/COMP702_BeyondAF/code/COMP390_code/openfold/run_pretrained_openfold.py:Running relaxation on /users/sgsrehm1/fastscratch/COMP702_ep32_inference/runs/7dsq_ep32_relaxed_100_9827080/repeat_32/predictions/7dsq_A_model_1_unrelaxed.pdb...
INFO:/users/sgsrehm1/COMP702_BeyondAF/code/COMP390_code/openfold/openfold/utils/script_utils.py:Relaxation time: 13.462683975696564
INFO:/users/sgsrehm1/COMP702_BeyondAF/code/COMP390_code/openfold/openfold/utils/script_utils.py:Relaxed output written to /users/sgsrehm1/fastscratch/COMP702_ep32_inference/runs/7dsq_ep32_relaxed_100_9827080/repeat_32/predictions/7dsq_A_model_1_relaxed.pdb...
/users/sgsrehm1/COMP702_BeyondAF/code/COMP390_code/openfold/openfold/utils/script_utils.py:131: FutureWarning: You are using `torch.load` with `weights_only=False` (the current default value), which uses the default pickle module implicitly. It is possible to construct malicious pickle data which will execute arbitrary code during unpickling (See https://github.com/pytorch/pytorch/blob/main/SECURITY.md#untrusted-models for more details). In a future release, the default value for `weights_only` will be flipped to `True`. This limits the functions that could be executed during unpickling. Arbitrary objects will no longer be allowed to be loaded via this mode unless they are explicitly allowlisted by the user via `torch.serialization.add_safe_globals`. We recommend you start setting `weights_only=True` for any use case where you don't have full control of the loaded file. Please open an issue on GitHub for any issues related to this experimental feature.
  d = torch.load(ckpt_path)
INFO:/users/sgsrehm1/COMP702_BeyondAF/code/COMP390_code/openfold/openfold/utils/script_utils.py:Loaded OpenFold parameters at /users/sgsrehm1/COMP702_BeyondAF/code/COMP390_code/checkpoints/run_subset_gpu32_h100_ep33/csv_logs/version_0/checkpoints/32-330000.ckpt...
INFO:/users/sgsrehm1/COMP702_BeyondAF/code/COMP390_code/openfold/run_pretrained_openfold.py:Using precomputed alignments for 7dsq_A at /users/sgsrehm1/scratch/openfold_inference/alignments_cf...
INFO:/users/sgsrehm1/COMP702_BeyondAF/code/COMP390_code/openfold/openfold/utils/script_utils.py:Running inference for 7dsq_A...
INFO:/users/sgsrehm1/COMP702_BeyondAF/code/COMP390_code/openfold/openfold/utils/script_utils.py:Inference time: 17.694459764286876
/users/sgsrehm1/COMP702_BeyondAF/code/COMP390_code/openfold/run_pretrained_openfold.py:351: DeprecationWarning: __array__ implementation doesn't accept a copy keyword, so passing copy=False failed. __array__ must implement 'dtype' and 'copy' keyword arguments. To learn more, see the migration guide https://numpy.org/devdocs/numpy_2_0_migration_guide.html#adapting-to-changes-in-the-copy-keyword
  lambda x: np.array(x[..., -1].cpu()),
/users/sgsrehm1/COMP702_BeyondAF/code/COMP390_code/openfold/run_pretrained_openfold.py:354: DeprecationWarning: __array__ implementation doesn't accept a copy keyword, so passing copy=False failed. __array__ must implement 'dtype' and 'copy' keyword arguments. To learn more, see the migration guide https://numpy.org/devdocs/numpy_2_0_migration_guide.html#adapting-to-changes-in-the-copy-keyword
  out = tensor_tree_map(lambda x: np.array(x.cpu()), out)
INFO:/users/sgsrehm1/COMP702_BeyondAF/code/COMP390_code/openfold/run_pretrained_openfold.py:Output written to /users/sgsrehm1/fastscratch/COMP702_ep32_inference/runs/7dsq_ep32_relaxed_100_9827080/repeat_33/predictions/7dsq_A_model_1_unrelaxed.pdb...
INFO:/users/sgsrehm1/COMP702_BeyondAF/code/COMP390_code/openfold/run_pretrained_openfold.py:Running relaxation on /users/sgsrehm1/fastscratch/COMP702_ep32_inference/runs/7dsq_ep32_relaxed_100_9827080/repeat_33/predictions/7dsq_A_model_1_unrelaxed.pdb...
INFO:/users/sgsrehm1/COMP702_BeyondAF/code/COMP390_code/openfold/openfold/utils/script_utils.py:Relaxation time: 11.932831677608192
INFO:/users/sgsrehm1/COMP702_BeyondAF/code/COMP390_code/openfold/openfold/utils/script_utils.py:Relaxed output written to /users/sgsrehm1/fastscratch/COMP702_ep32_inference/runs/7dsq_ep32_relaxed_100_9827080/repeat_33/predictions/7dsq_A_model_1_relaxed.pdb...
/users/sgsrehm1/COMP702_BeyondAF/code/COMP390_code/openfold/openfold/utils/script_utils.py:131: FutureWarning: You are using `torch.load` with `weights_only=False` (the current default value), which uses the default pickle module implicitly. It is possible to construct malicious pickle data which will execute arbitrary code during unpickling (See https://github.com/pytorch/pytorch/blob/main/SECURITY.md#untrusted-models for more details). In a future release, the default value for `weights_only` will be flipped to `True`. This limits the functions that could be executed during unpickling. Arbitrary objects will no longer be allowed to be loaded via this mode unless they are explicitly allowlisted by the user via `torch.serialization.add_safe_globals`. We recommend you start setting `weights_only=True` for any use case where you don't have full control of the loaded file. Please open an issue on GitHub for any issues related to this experimental feature.
  d = torch.load(ckpt_path)
INFO:/users/sgsrehm1/COMP702_BeyondAF/code/COMP390_code/openfold/openfold/utils/script_utils.py:Loaded OpenFold parameters at /users/sgsrehm1/COMP702_BeyondAF/code/COMP390_code/checkpoints/run_subset_gpu32_h100_ep33/csv_logs/version_0/checkpoints/32-330000.ckpt...
INFO:/users/sgsrehm1/COMP702_BeyondAF/code/COMP390_code/openfold/run_pretrained_openfold.py:Using precomputed alignments for 7dsq_A at /users/sgsrehm1/scratch/openfold_inference/alignments_cf...
INFO:/users/sgsrehm1/COMP702_BeyondAF/code/COMP390_code/openfold/openfold/utils/script_utils.py:Running inference for 7dsq_A...
INFO:/users/sgsrehm1/COMP702_BeyondAF/code/COMP390_code/openfold/openfold/utils/script_utils.py:Inference time: 17.692977993749082
/users/sgsrehm1/COMP702_BeyondAF/code/COMP390_code/openfold/run_pretrained_openfold.py:351: DeprecationWarning: __array__ implementation doesn't accept a copy keyword, so passing copy=False failed. __array__ must implement 'dtype' and 'copy' keyword arguments. To learn more, see the migration guide https://numpy.org/devdocs/numpy_2_0_migration_guide.html#adapting-to-changes-in-the-copy-keyword
  lambda x: np.array(x[..., -1].cpu()),
/users/sgsrehm1/COMP702_BeyondAF/code/COMP390_code/openfold/run_pretrained_openfold.py:354: DeprecationWarning: __array__ implementation doesn't accept a copy keyword, so passing copy=False failed. __array__ must implement 'dtype' and 'copy' keyword arguments. To learn more, see the migration guide https://numpy.org/devdocs/numpy_2_0_migration_guide.html#adapting-to-changes-in-the-copy-keyword
  out = tensor_tree_map(lambda x: np.array(x.cpu()), out)
INFO:/users/sgsrehm1/COMP702_BeyondAF/code/COMP390_code/openfold/run_pretrained_openfold.py:Output written to /users/sgsrehm1/fastscratch/COMP702_ep32_inference/runs/7dsq_ep32_relaxed_100_9827080/repeat_34/predictions/7dsq_A_model_1_unrelaxed.pdb...
INFO:/users/sgsrehm1/COMP702_BeyondAF/code/COMP390_code/openfold/run_pretrained_openfold.py:Running relaxation on /users/sgsrehm1/fastscratch/COMP702_ep32_inference/runs/7dsq_ep32_relaxed_100_9827080/repeat_34/predictions/7dsq_A_model_1_unrelaxed.pdb...
INFO:/users/sgsrehm1/COMP702_BeyondAF/code/COMP390_code/openfold/openfold/utils/script_utils.py:Relaxation time: 12.308831801638007
INFO:/users/sgsrehm1/COMP702_BeyondAF/code/COMP390_code/openfold/openfold/utils/script_utils.py:Relaxed output written to /users/sgsrehm1/fastscratch/COMP702_ep32_inference/runs/7dsq_ep32_relaxed_100_9827080/repeat_34/predictions/7dsq_A_model_1_relaxed.pdb...
/users/sgsrehm1/COMP702_BeyondAF/code/COMP390_code/openfold/openfold/utils/script_utils.py:131: FutureWarning: You are using `torch.load` with `weights_only=False` (the current default value), which uses the default pickle module implicitly. It is possible to construct malicious pickle data which will execute arbitrary code during unpickling (See https://github.com/pytorch/pytorch/blob/main/SECURITY.md#untrusted-models for more details). In a future release, the default value for `weights_only` will be flipped to `True`. This limits the functions that could be executed during unpickling. Arbitrary objects will no longer be allowed to be loaded via this mode unless they are explicitly allowlisted by the user via `torch.serialization.add_safe_globals`. We recommend you start setting `weights_only=True` for any use case where you don't have full control of the loaded file. Please open an issue on GitHub for any issues related to this experimental feature.
  d = torch.load(ckpt_path)
INFO:/users/sgsrehm1/COMP702_BeyondAF/code/COMP390_code/openfold/openfold/utils/script_utils.py:Loaded OpenFold parameters at /users/sgsrehm1/COMP702_BeyondAF/code/COMP390_code/checkpoints/run_subset_gpu32_h100_ep33/csv_logs/version_0/checkpoints/32-330000.ckpt...
INFO:/users/sgsrehm1/COMP702_BeyondAF/code/COMP390_code/openfold/run_pretrained_openfold.py:Using precomputed alignments for 7dsq_A at /users/sgsrehm1/scratch/openfold_inference/alignments_cf...
INFO:/users/sgsrehm1/COMP702_BeyondAF/code/COMP390_code/openfold/openfold/utils/script_utils.py:Running inference for 7dsq_A...
INFO:/users/sgsrehm1/COMP702_BeyondAF/code/COMP390_code/openfold/openfold/utils/script_utils.py:Inference time: 17.682383080013096
/users/sgsrehm1/COMP702_BeyondAF/code/COMP390_code/openfold/run_pretrained_openfold.py:351: DeprecationWarning: __array__ implementation doesn't accept a copy keyword, so passing copy=False failed. __array__ must implement 'dtype' and 'copy' keyword arguments. To learn more, see the migration guide https://numpy.org/devdocs/numpy_2_0_migration_guide.html#adapting-to-changes-in-the-copy-keyword
  lambda x: np.array(x[..., -1].cpu()),
/users/sgsrehm1/COMP702_BeyondAF/code/COMP390_code/openfold/run_pretrained_openfold.py:354: DeprecationWarning: __array__ implementation doesn't accept a copy keyword, so passing copy=False failed. __array__ must implement 'dtype' and 'copy' keyword arguments. To learn more, see the migration guide https://numpy.org/devdocs/numpy_2_0_migration_guide.html#adapting-to-changes-in-the-copy-keyword
  out = tensor_tree_map(lambda x: np.array(x.cpu()), out)
INFO:/users/sgsrehm1/COMP702_BeyondAF/code/COMP390_code/openfold/run_pretrained_openfold.py:Output written to /users/sgsrehm1/fastscratch/COMP702_ep32_inference/runs/7dsq_ep32_relaxed_100_9827080/repeat_35/predictions/7dsq_A_model_1_unrelaxed.pdb...
INFO:/users/sgsrehm1/COMP702_BeyondAF/code/COMP390_code/openfold/run_pretrained_openfold.py:Running relaxation on /users/sgsrehm1/fastscratch/COMP702_ep32_inference/runs/7dsq_ep32_relaxed_100_9827080/repeat_35/predictions/7dsq_A_model_1_unrelaxed.pdb...
INFO:/users/sgsrehm1/COMP702_BeyondAF/code/COMP390_code/openfold/openfold/utils/script_utils.py:Relaxation time: 11.90150483418256
INFO:/users/sgsrehm1/COMP702_BeyondAF/code/COMP390_code/openfold/openfold/utils/script_utils.py:Relaxed output written to /users/sgsrehm1/fastscratch/COMP702_ep32_inference/runs/7dsq_ep32_relaxed_100_9827080/repeat_35/predictions/7dsq_A_model_1_relaxed.pdb...
/users/sgsrehm1/COMP702_BeyondAF/code/COMP390_code/openfold/openfold/utils/script_utils.py:131: FutureWarning: You are using `torch.load` with `weights_only=False` (the current default value), which uses the default pickle module implicitly. It is possible to construct malicious pickle data which will execute arbitrary code during unpickling (See https://github.com/pytorch/pytorch/blob/main/SECURITY.md#untrusted-models for more details). In a future release, the default value for `weights_only` will be flipped to `True`. This limits the functions that could be executed during unpickling. Arbitrary objects will no longer be allowed to be loaded via this mode unless they are explicitly allowlisted by the user via `torch.serialization.add_safe_globals`. We recommend you start setting `weights_only=True` for any use case where you don't have full control of the loaded file. Please open an issue on GitHub for any issues related to this experimental feature.
  d = torch.load(ckpt_path)
INFO:/users/sgsrehm1/COMP702_BeyondAF/code/COMP390_code/openfold/openfold/utils/script_utils.py:Loaded OpenFold parameters at /users/sgsrehm1/COMP702_BeyondAF/code/COMP390_code/checkpoints/run_subset_gpu32_h100_ep33/csv_logs/version_0/checkpoints/32-330000.ckpt...
INFO:/users/sgsrehm1/COMP702_BeyondAF/code/COMP390_code/openfold/run_pretrained_openfold.py:Using precomputed alignments for 7dsq_A at /users/sgsrehm1/scratch/openfold_inference/alignments_cf...
INFO:/users/sgsrehm1/COMP702_BeyondAF/code/COMP390_code/openfold/openfold/utils/script_utils.py:Running inference for 7dsq_A...
INFO:/users/sgsrehm1/COMP702_BeyondAF/code/COMP390_code/openfold/openfold/utils/script_utils.py:Inference time: 17.708223016001284
/users/sgsrehm1/COMP702_BeyondAF/code/COMP390_code/openfold/run_pretrained_openfold.py:351: DeprecationWarning: __array__ implementation doesn't accept a copy keyword, so passing copy=False failed. __array__ must implement 'dtype' and 'copy' keyword arguments. To learn more, see the migration guide https://numpy.org/devdocs/numpy_2_0_migration_guide.html#adapting-to-changes-in-the-copy-keyword
  lambda x: np.array(x[..., -1].cpu()),
/users/sgsrehm1/COMP702_BeyondAF/code/COMP390_code/openfold/run_pretrained_openfold.py:354: DeprecationWarning: __array__ implementation doesn't accept a copy keyword, so passing copy=False failed. __array__ must implement 'dtype' and 'copy' keyword arguments. To learn more, see the migration guide https://numpy.org/devdocs/numpy_2_0_migration_guide.html#adapting-to-changes-in-the-copy-keyword
  out = tensor_tree_map(lambda x: np.array(x.cpu()), out)
INFO:/users/sgsrehm1/COMP702_BeyondAF/code/COMP390_code/openfold/run_pretrained_openfold.py:Output written to /users/sgsrehm1/fastscratch/COMP702_ep32_inference/runs/7dsq_ep32_relaxed_100_9827080/repeat_36/predictions/7dsq_A_model_1_unrelaxed.pdb...
INFO:/users/sgsrehm1/COMP702_BeyondAF/code/COMP390_code/openfold/run_pretrained_openfold.py:Running relaxation on /users/sgsrehm1/fastscratch/COMP702_ep32_inference/runs/7dsq_ep32_relaxed_100_9827080/repeat_36/predictions/7dsq_A_model_1_unrelaxed.pdb...
INFO:/users/sgsrehm1/COMP702_BeyondAF/code/COMP390_code/openfold/openfold/utils/script_utils.py:Relaxation time: 12.240176932886243
INFO:/users/sgsrehm1/COMP702_BeyondAF/code/COMP390_code/openfold/openfold/utils/script_utils.py:Relaxed output written to /users/sgsrehm1/fastscratch/COMP702_ep32_inference/runs/7dsq_ep32_relaxed_100_9827080/repeat_36/predictions/7dsq_A_model_1_relaxed.pdb...
/users/sgsrehm1/COMP702_BeyondAF/code/COMP390_code/openfold/openfold/utils/script_utils.py:131: FutureWarning: You are using `torch.load` with `weights_only=False` (the current default value), which uses the default pickle module implicitly. It is possible to construct malicious pickle data which will execute arbitrary code during unpickling (See https://github.com/pytorch/pytorch/blob/main/SECURITY.md#untrusted-models for more details). In a future release, the default value for `weights_only` will be flipped to `True`. This limits the functions that could be executed during unpickling. Arbitrary objects will no longer be allowed to be loaded via this mode unless they are explicitly allowlisted by the user via `torch.serialization.add_safe_globals`. We recommend you start setting `weights_only=True` for any use case where you don't have full control of the loaded file. Please open an issue on GitHub for any issues related to this experimental feature.
  d = torch.load(ckpt_path)
INFO:/users/sgsrehm1/COMP702_BeyondAF/code/COMP390_code/openfold/openfold/utils/script_utils.py:Loaded OpenFold parameters at /users/sgsrehm1/COMP702_BeyondAF/code/COMP390_code/checkpoints/run_subset_gpu32_h100_ep33/csv_logs/version_0/checkpoints/32-330000.ckpt...
INFO:/users/sgsrehm1/COMP702_BeyondAF/code/COMP390_code/openfold/run_pretrained_openfold.py:Using precomputed alignments for 7dsq_A at /users/sgsrehm1/scratch/openfold_inference/alignments_cf...
INFO:/users/sgsrehm1/COMP702_BeyondAF/code/COMP390_code/openfold/openfold/utils/script_utils.py:Running inference for 7dsq_A...
INFO:/users/sgsrehm1/COMP702_BeyondAF/code/COMP390_code/openfold/openfold/utils/script_utils.py:Inference time: 17.697739593684673
/users/sgsrehm1/COMP702_BeyondAF/code/COMP390_code/openfold/run_pretrained_openfold.py:351: DeprecationWarning: __array__ implementation doesn't accept a copy keyword, so passing copy=False failed. __array__ must implement 'dtype' and 'copy' keyword arguments. To learn more, see the migration guide https://numpy.org/devdocs/numpy_2_0_migration_guide.html#adapting-to-changes-in-the-copy-keyword
  lambda x: np.array(x[..., -1].cpu()),
/users/sgsrehm1/COMP702_BeyondAF/code/COMP390_code/openfold/run_pretrained_openfold.py:354: DeprecationWarning: __array__ implementation doesn't accept a copy keyword, so passing copy=False failed. __array__ must implement 'dtype' and 'copy' keyword arguments. To learn more, see the migration guide https://numpy.org/devdocs/numpy_2_0_migration_guide.html#adapting-to-changes-in-the-copy-keyword
  out = tensor_tree_map(lambda x: np.array(x.cpu()), out)
INFO:/users/sgsrehm1/COMP702_BeyondAF/code/COMP390_code/openfold/run_pretrained_openfold.py:Output written to /users/sgsrehm1/fastscratch/COMP702_ep32_inference/runs/7dsq_ep32_relaxed_100_9827080/repeat_37/predictions/7dsq_A_model_1_unrelaxed.pdb...
INFO:/users/sgsrehm1/COMP702_BeyondAF/code/COMP390_code/openfold/run_pretrained_openfold.py:Running relaxation on /users/sgsrehm1/fastscratch/COMP702_ep32_inference/runs/7dsq_ep32_relaxed_100_9827080/repeat_37/predictions/7dsq_A_model_1_unrelaxed.pdb...
INFO:/users/sgsrehm1/COMP702_BeyondAF/code/COMP390_code/openfold/openfold/utils/script_utils.py:Relaxation time: 13.273119586519897
INFO:/users/sgsrehm1/COMP702_BeyondAF/code/COMP390_code/openfold/openfold/utils/script_utils.py:Relaxed output written to /users/sgsrehm1/fastscratch/COMP702_ep32_inference/runs/7dsq_ep32_relaxed_100_9827080/repeat_37/predictions/7dsq_A_model_1_relaxed.pdb...
/users/sgsrehm1/COMP702_BeyondAF/code/COMP390_code/openfold/openfold/utils/script_utils.py:131: FutureWarning: You are using `torch.load` with `weights_only=False` (the current default value), which uses the default pickle module implicitly. It is possible to construct malicious pickle data which will execute arbitrary code during unpickling (See https://github.com/pytorch/pytorch/blob/main/SECURITY.md#untrusted-models for more details). In a future release, the default value for `weights_only` will be flipped to `True`. This limits the functions that could be executed during unpickling. Arbitrary objects will no longer be allowed to be loaded via this mode unless they are explicitly allowlisted by the user via `torch.serialization.add_safe_globals`. We recommend you start setting `weights_only=True` for any use case where you don't have full control of the loaded file. Please open an issue on GitHub for any issues related to this experimental feature.
  d = torch.load(ckpt_path)
INFO:/users/sgsrehm1/COMP702_BeyondAF/code/COMP390_code/openfold/openfold/utils/script_utils.py:Loaded OpenFold parameters at /users/sgsrehm1/COMP702_BeyondAF/code/COMP390_code/checkpoints/run_subset_gpu32_h100_ep33/csv_logs/version_0/checkpoints/32-330000.ckpt...
INFO:/users/sgsrehm1/COMP702_BeyondAF/code/COMP390_code/openfold/run_pretrained_openfold.py:Using precomputed alignments for 7dsq_A at /users/sgsrehm1/scratch/openfold_inference/alignments_cf...
INFO:/users/sgsrehm1/COMP702_BeyondAF/code/COMP390_code/openfold/openfold/utils/script_utils.py:Running inference for 7dsq_A...
INFO:/users/sgsrehm1/COMP702_BeyondAF/code/COMP390_code/openfold/openfold/utils/script_utils.py:Inference time: 17.709415193647146
/users/sgsrehm1/COMP702_BeyondAF/code/COMP390_code/openfold/run_pretrained_openfold.py:351: DeprecationWarning: __array__ implementation doesn't accept a copy keyword, so passing copy=False failed. __array__ must implement 'dtype' and 'copy' keyword arguments. To learn more, see the migration guide https://numpy.org/devdocs/numpy_2_0_migration_guide.html#adapting-to-changes-in-the-copy-keyword
  lambda x: np.array(x[..., -1].cpu()),
/users/sgsrehm1/COMP702_BeyondAF/code/COMP390_code/openfold/run_pretrained_openfold.py:354: DeprecationWarning: __array__ implementation doesn't accept a copy keyword, so passing copy=False failed. __array__ must implement 'dtype' and 'copy' keyword arguments. To learn more, see the migration guide https://numpy.org/devdocs/numpy_2_0_migration_guide.html#adapting-to-changes-in-the-copy-keyword
  out = tensor_tree_map(lambda x: np.array(x.cpu()), out)
INFO:/users/sgsrehm1/COMP702_BeyondAF/code/COMP390_code/openfold/run_pretrained_openfold.py:Output written to /users/sgsrehm1/fastscratch/COMP702_ep32_inference/runs/7dsq_ep32_relaxed_100_9827080/repeat_38/predictions/7dsq_A_model_1_unrelaxed.pdb...
INFO:/users/sgsrehm1/COMP702_BeyondAF/code/COMP390_code/openfold/run_pretrained_openfold.py:Running relaxation on /users/sgsrehm1/fastscratch/COMP702_ep32_inference/runs/7dsq_ep32_relaxed_100_9827080/repeat_38/predictions/7dsq_A_model_1_unrelaxed.pdb...
INFO:/users/sgsrehm1/COMP702_BeyondAF/code/COMP390_code/openfold/openfold/utils/script_utils.py:Relaxation time: 13.994960400275886
INFO:/users/sgsrehm1/COMP702_BeyondAF/code/COMP390_code/openfold/openfold/utils/script_utils.py:Relaxed output written to /users/sgsrehm1/fastscratch/COMP702_ep32_inference/runs/7dsq_ep32_relaxed_100_9827080/repeat_38/predictions/7dsq_A_model_1_relaxed.pdb...
/users/sgsrehm1/COMP702_BeyondAF/code/COMP390_code/openfold/openfold/utils/script_utils.py:131: FutureWarning: You are using `torch.load` with `weights_only=False` (the current default value), which uses the default pickle module implicitly. It is possible to construct malicious pickle data which will execute arbitrary code during unpickling (See https://github.com/pytorch/pytorch/blob/main/SECURITY.md#untrusted-models for more details). In a future release, the default value for `weights_only` will be flipped to `True`. This limits the functions that could be executed during unpickling. Arbitrary objects will no longer be allowed to be loaded via this mode unless they are explicitly allowlisted by the user via `torch.serialization.add_safe_globals`. We recommend you start setting `weights_only=True` for any use case where you don't have full control of the loaded file. Please open an issue on GitHub for any issues related to this experimental feature.
  d = torch.load(ckpt_path)
INFO:/users/sgsrehm1/COMP702_BeyondAF/code/COMP390_code/openfold/openfold/utils/script_utils.py:Loaded OpenFold parameters at /users/sgsrehm1/COMP702_BeyondAF/code/COMP390_code/checkpoints/run_subset_gpu32_h100_ep33/csv_logs/version_0/checkpoints/32-330000.ckpt...
INFO:/users/sgsrehm1/COMP702_BeyondAF/code/COMP390_code/openfold/run_pretrained_openfold.py:Using precomputed alignments for 7dsq_A at /users/sgsrehm1/scratch/openfold_inference/alignments_cf...
INFO:/users/sgsrehm1/COMP702_BeyondAF/code/COMP390_code/openfold/openfold/utils/script_utils.py:Running inference for 7dsq_A...
INFO:/users/sgsrehm1/COMP702_BeyondAF/code/COMP390_code/openfold/openfold/utils/script_utils.py:Inference time: 17.92871039081365
/users/sgsrehm1/COMP702_BeyondAF/code/COMP390_code/openfold/run_pretrained_openfold.py:351: DeprecationWarning: __array__ implementation doesn't accept a copy keyword, so passing copy=False failed. __array__ must implement 'dtype' and 'copy' keyword arguments. To learn more, see the migration guide https://numpy.org/devdocs/numpy_2_0_migration_guide.html#adapting-to-changes-in-the-copy-keyword
  lambda x: np.array(x[..., -1].cpu()),
/users/sgsrehm1/COMP702_BeyondAF/code/COMP390_code/openfold/run_pretrained_openfold.py:354: DeprecationWarning: __array__ implementation doesn't accept a copy keyword, so passing copy=False failed. __array__ must implement 'dtype' and 'copy' keyword arguments. To learn more, see the migration guide https://numpy.org/devdocs/numpy_2_0_migration_guide.html#adapting-to-changes-in-the-copy-keyword
  out = tensor_tree_map(lambda x: np.array(x.cpu()), out)
INFO:/users/sgsrehm1/COMP702_BeyondAF/code/COMP390_code/openfold/run_pretrained_openfold.py:Output written to /users/sgsrehm1/fastscratch/COMP702_ep32_inference/runs/7dsq_ep32_relaxed_100_9827080/repeat_39/predictions/7dsq_A_model_1_unrelaxed.pdb...
INFO:/users/sgsrehm1/COMP702_BeyondAF/code/COMP390_code/openfold/run_pretrained_openfold.py:Running relaxation on /users/sgsrehm1/fastscratch/COMP702_ep32_inference/runs/7dsq_ep32_relaxed_100_9827080/repeat_39/predictions/7dsq_A_model_1_unrelaxed.pdb...
INFO:/users/sgsrehm1/COMP702_BeyondAF/code/COMP390_code/openfold/openfold/utils/script_utils.py:Relaxation time: 12.12570914067328
INFO:/users/sgsrehm1/COMP702_BeyondAF/code/COMP390_code/openfold/openfold/utils/script_utils.py:Relaxed output written to /users/sgsrehm1/fastscratch/COMP702_ep32_inference/runs/7dsq_ep32_relaxed_100_9827080/repeat_39/predictions/7dsq_A_model_1_relaxed.pdb...
/users/sgsrehm1/COMP702_BeyondAF/code/COMP390_code/openfold/openfold/utils/script_utils.py:131: FutureWarning: You are using `torch.load` with `weights_only=False` (the current default value), which uses the default pickle module implicitly. It is possible to construct malicious pickle data which will execute arbitrary code during unpickling (See https://github.com/pytorch/pytorch/blob/main/SECURITY.md#untrusted-models for more details). In a future release, the default value for `weights_only` will be flipped to `True`. This limits the functions that could be executed during unpickling. Arbitrary objects will no longer be allowed to be loaded via this mode unless they are explicitly allowlisted by the user via `torch.serialization.add_safe_globals`. We recommend you start setting `weights_only=True` for any use case where you don't have full control of the loaded file. Please open an issue on GitHub for any issues related to this experimental feature.
  d = torch.load(ckpt_path)
INFO:/users/sgsrehm1/COMP702_BeyondAF/code/COMP390_code/openfold/openfold/utils/script_utils.py:Loaded OpenFold parameters at /users/sgsrehm1/COMP702_BeyondAF/code/COMP390_code/checkpoints/run_subset_gpu32_h100_ep33/csv_logs/version_0/checkpoints/32-330000.ckpt...
INFO:/users/sgsrehm1/COMP702_BeyondAF/code/COMP390_code/openfold/run_pretrained_openfold.py:Using precomputed alignments for 7dsq_A at /users/sgsrehm1/scratch/openfold_inference/alignments_cf...
INFO:/users/sgsrehm1/COMP702_BeyondAF/code/COMP390_code/openfold/openfold/utils/script_utils.py:Running inference for 7dsq_A...
INFO:/users/sgsrehm1/COMP702_BeyondAF/code/COMP390_code/openfold/openfold/utils/script_utils.py:Inference time: 17.69085206091404
/users/sgsrehm1/COMP702_BeyondAF/code/COMP390_code/openfold/run_pretrained_openfold.py:351: DeprecationWarning: __array__ implementation doesn't accept a copy keyword, so passing copy=False failed. __array__ must implement 'dtype' and 'copy' keyword arguments. To learn more, see the migration guide https://numpy.org/devdocs/numpy_2_0_migration_guide.html#adapting-to-changes-in-the-copy-keyword
  lambda x: np.array(x[..., -1].cpu()),
/users/sgsrehm1/COMP702_BeyondAF/code/COMP390_code/openfold/run_pretrained_openfold.py:354: DeprecationWarning: __array__ implementation doesn't accept a copy keyword, so passing copy=False failed. __array__ must implement 'dtype' and 'copy' keyword arguments. To learn more, see the migration guide https://numpy.org/devdocs/numpy_2_0_migration_guide.html#adapting-to-changes-in-the-copy-keyword
  out = tensor_tree_map(lambda x: np.array(x.cpu()), out)
INFO:/users/sgsrehm1/COMP702_BeyondAF/code/COMP390_code/openfold/run_pretrained_openfold.py:Output written to /users/sgsrehm1/fastscratch/COMP702_ep32_inference/runs/7dsq_ep32_relaxed_100_9827080/repeat_40/predictions/7dsq_A_model_1_unrelaxed.pdb...
INFO:/users/sgsrehm1/COMP702_BeyondAF/code/COMP390_code/openfold/run_pretrained_openfold.py:Running relaxation on /users/sgsrehm1/fastscratch/COMP702_ep32_inference/runs/7dsq_ep32_relaxed_100_9827080/repeat_40/predictions/7dsq_A_model_1_unrelaxed.pdb...
INFO:/users/sgsrehm1/COMP702_BeyondAF/code/COMP390_code/openfold/openfold/utils/script_utils.py:Relaxation time: 11.888522801920772
INFO:/users/sgsrehm1/COMP702_BeyondAF/code/COMP390_code/openfold/openfold/utils/script_utils.py:Relaxed output written to /users/sgsrehm1/fastscratch/COMP702_ep32_inference/runs/7dsq_ep32_relaxed_100_9827080/repeat_40/predictions/7dsq_A_model_1_relaxed.pdb...
/users/sgsrehm1/COMP702_BeyondAF/code/COMP390_code/openfold/openfold/utils/script_utils.py:131: FutureWarning: You are using `torch.load` with `weights_only=False` (the current default value), which uses the default pickle module implicitly. It is possible to construct malicious pickle data which will execute arbitrary code during unpickling (See https://github.com/pytorch/pytorch/blob/main/SECURITY.md#untrusted-models for more details). In a future release, the default value for `weights_only` will be flipped to `True`. This limits the functions that could be executed during unpickling. Arbitrary objects will no longer be allowed to be loaded via this mode unless they are explicitly allowlisted by the user via `torch.serialization.add_safe_globals`. We recommend you start setting `weights_only=True` for any use case where you don't have full control of the loaded file. Please open an issue on GitHub for any issues related to this experimental feature.
  d = torch.load(ckpt_path)
INFO:/users/sgsrehm1/COMP702_BeyondAF/code/COMP390_code/openfold/openfold/utils/script_utils.py:Loaded OpenFold parameters at /users/sgsrehm1/COMP702_BeyondAF/code/COMP390_code/checkpoints/run_subset_gpu32_h100_ep33/csv_logs/version_0/checkpoints/32-330000.ckpt...
INFO:/users/sgsrehm1/COMP702_BeyondAF/code/COMP390_code/openfold/run_pretrained_openfold.py:Using precomputed alignments for 7dsq_A at /users/sgsrehm1/scratch/openfold_inference/alignments_cf...
INFO:/users/sgsrehm1/COMP702_BeyondAF/code/COMP390_code/openfold/openfold/utils/script_utils.py:Running inference for 7dsq_A...
INFO:/users/sgsrehm1/COMP702_BeyondAF/code/COMP390_code/openfold/openfold/utils/script_utils.py:Inference time: 17.693858197890222
/users/sgsrehm1/COMP702_BeyondAF/code/COMP390_code/openfold/run_pretrained_openfold.py:351: DeprecationWarning: __array__ implementation doesn't accept a copy keyword, so passing copy=False failed. __array__ must implement 'dtype' and 'copy' keyword arguments. To learn more, see the migration guide https://numpy.org/devdocs/numpy_2_0_migration_guide.html#adapting-to-changes-in-the-copy-keyword
  lambda x: np.array(x[..., -1].cpu()),
/users/sgsrehm1/COMP702_BeyondAF/code/COMP390_code/openfold/run_pretrained_openfold.py:354: DeprecationWarning: __array__ implementation doesn't accept a copy keyword, so passing copy=False failed. __array__ must implement 'dtype' and 'copy' keyword arguments. To learn more, see the migration guide https://numpy.org/devdocs/numpy_2_0_migration_guide.html#adapting-to-changes-in-the-copy-keyword
  out = tensor_tree_map(lambda x: np.array(x.cpu()), out)
INFO:/users/sgsrehm1/COMP702_BeyondAF/code/COMP390_code/openfold/run_pretrained_openfold.py:Output written to /users/sgsrehm1/fastscratch/COMP702_ep32_inference/runs/7dsq_ep32_relaxed_100_9827080/repeat_41/predictions/7dsq_A_model_1_unrelaxed.pdb...
INFO:/users/sgsrehm1/COMP702_BeyondAF/code/COMP390_code/openfold/run_pretrained_openfold.py:Running relaxation on /users/sgsrehm1/fastscratch/COMP702_ep32_inference/runs/7dsq_ep32_relaxed_100_9827080/repeat_41/predictions/7dsq_A_model_1_unrelaxed.pdb...
INFO:/users/sgsrehm1/COMP702_BeyondAF/code/COMP390_code/openfold/openfold/utils/script_utils.py:Relaxation time: 12.034563059918582
INFO:/users/sgsrehm1/COMP702_BeyondAF/code/COMP390_code/openfold/openfold/utils/script_utils.py:Relaxed output written to /users/sgsrehm1/fastscratch/COMP702_ep32_inference/runs/7dsq_ep32_relaxed_100_9827080/repeat_41/predictions/7dsq_A_model_1_relaxed.pdb...
/users/sgsrehm1/COMP702_BeyondAF/code/COMP390_code/openfold/openfold/utils/script_utils.py:131: FutureWarning: You are using `torch.load` with `weights_only=False` (the current default value), which uses the default pickle module implicitly. It is possible to construct malicious pickle data which will execute arbitrary code during unpickling (See https://github.com/pytorch/pytorch/blob/main/SECURITY.md#untrusted-models for more details). In a future release, the default value for `weights_only` will be flipped to `True`. This limits the functions that could be executed during unpickling. Arbitrary objects will no longer be allowed to be loaded via this mode unless they are explicitly allowlisted by the user via `torch.serialization.add_safe_globals`. We recommend you start setting `weights_only=True` for any use case where you don't have full control of the loaded file. Please open an issue on GitHub for any issues related to this experimental feature.
  d = torch.load(ckpt_path)
INFO:/users/sgsrehm1/COMP702_BeyondAF/code/COMP390_code/openfold/openfold/utils/script_utils.py:Loaded OpenFold parameters at /users/sgsrehm1/COMP702_BeyondAF/code/COMP390_code/checkpoints/run_subset_gpu32_h100_ep33/csv_logs/version_0/checkpoints/32-330000.ckpt...
INFO:/users/sgsrehm1/COMP702_BeyondAF/code/COMP390_code/openfold/run_pretrained_openfold.py:Using precomputed alignments for 7dsq_A at /users/sgsrehm1/scratch/openfold_inference/alignments_cf...
INFO:/users/sgsrehm1/COMP702_BeyondAF/code/COMP390_code/openfold/openfold/utils/script_utils.py:Running inference for 7dsq_A...
INFO:/users/sgsrehm1/COMP702_BeyondAF/code/COMP390_code/openfold/openfold/utils/script_utils.py:Inference time: 17.705995950847864
/users/sgsrehm1/COMP702_BeyondAF/code/COMP390_code/openfold/run_pretrained_openfold.py:351: DeprecationWarning: __array__ implementation doesn't accept a copy keyword, so passing copy=False failed. __array__ must implement 'dtype' and 'copy' keyword arguments. To learn more, see the migration guide https://numpy.org/devdocs/numpy_2_0_migration_guide.html#adapting-to-changes-in-the-copy-keyword
  lambda x: np.array(x[..., -1].cpu()),
/users/sgsrehm1/COMP702_BeyondAF/code/COMP390_code/openfold/run_pretrained_openfold.py:354: DeprecationWarning: __array__ implementation doesn't accept a copy keyword, so passing copy=False failed. __array__ must implement 'dtype' and 'copy' keyword arguments. To learn more, see the migration guide https://numpy.org/devdocs/numpy_2_0_migration_guide.html#adapting-to-changes-in-the-copy-keyword
  out = tensor_tree_map(lambda x: np.array(x.cpu()), out)
INFO:/users/sgsrehm1/COMP702_BeyondAF/code/COMP390_code/openfold/run_pretrained_openfold.py:Output written to /users/sgsrehm1/fastscratch/COMP702_ep32_inference/runs/7dsq_ep32_relaxed_100_9827080/repeat_42/predictions/7dsq_A_model_1_unrelaxed.pdb...
INFO:/users/sgsrehm1/COMP702_BeyondAF/code/COMP390_code/openfold/run_pretrained_openfold.py:Running relaxation on /users/sgsrehm1/fastscratch/COMP702_ep32_inference/runs/7dsq_ep32_relaxed_100_9827080/repeat_42/predictions/7dsq_A_model_1_unrelaxed.pdb...
INFO:/users/sgsrehm1/COMP702_BeyondAF/code/COMP390_code/openfold/openfold/utils/script_utils.py:Relaxation time: 12.286520882509649
INFO:/users/sgsrehm1/COMP702_BeyondAF/code/COMP390_code/openfold/openfold/utils/script_utils.py:Relaxed output written to /users/sgsrehm1/fastscratch/COMP702_ep32_inference/runs/7dsq_ep32_relaxed_100_9827080/repeat_42/predictions/7dsq_A_model_1_relaxed.pdb...
/users/sgsrehm1/COMP702_BeyondAF/code/COMP390_code/openfold/openfold/utils/script_utils.py:131: FutureWarning: You are using `torch.load` with `weights_only=False` (the current default value), which uses the default pickle module implicitly. It is possible to construct malicious pickle data which will execute arbitrary code during unpickling (See https://github.com/pytorch/pytorch/blob/main/SECURITY.md#untrusted-models for more details). In a future release, the default value for `weights_only` will be flipped to `True`. This limits the functions that could be executed during unpickling. Arbitrary objects will no longer be allowed to be loaded via this mode unless they are explicitly allowlisted by the user via `torch.serialization.add_safe_globals`. We recommend you start setting `weights_only=True` for any use case where you don't have full control of the loaded file. Please open an issue on GitHub for any issues related to this experimental feature.
  d = torch.load(ckpt_path)
INFO:/users/sgsrehm1/COMP702_BeyondAF/code/COMP390_code/openfold/openfold/utils/script_utils.py:Loaded OpenFold parameters at /users/sgsrehm1/COMP702_BeyondAF/code/COMP390_code/checkpoints/run_subset_gpu32_h100_ep33/csv_logs/version_0/checkpoints/32-330000.ckpt...
INFO:/users/sgsrehm1/COMP702_BeyondAF/code/COMP390_code/openfold/run_pretrained_openfold.py:Using precomputed alignments for 7dsq_A at /users/sgsrehm1/scratch/openfold_inference/alignments_cf...
INFO:/users/sgsrehm1/COMP702_BeyondAF/code/COMP390_code/openfold/openfold/utils/script_utils.py:Running inference for 7dsq_A...
INFO:/users/sgsrehm1/COMP702_BeyondAF/code/COMP390_code/openfold/openfold/utils/script_utils.py:Inference time: 17.698205273598433
/users/sgsrehm1/COMP702_BeyondAF/code/COMP390_code/openfold/run_pretrained_openfold.py:351: DeprecationWarning: __array__ implementation doesn't accept a copy keyword, so passing copy=False failed. __array__ must implement 'dtype' and 'copy' keyword arguments. To learn more, see the migration guide https://numpy.org/devdocs/numpy_2_0_migration_guide.html#adapting-to-changes-in-the-copy-keyword
  lambda x: np.array(x[..., -1].cpu()),
/users/sgsrehm1/COMP702_BeyondAF/code/COMP390_code/openfold/run_pretrained_openfold.py:354: DeprecationWarning: __array__ implementation doesn't accept a copy keyword, so passing copy=False failed. __array__ must implement 'dtype' and 'copy' keyword arguments. To learn more, see the migration guide https://numpy.org/devdocs/numpy_2_0_migration_guide.html#adapting-to-changes-in-the-copy-keyword
  out = tensor_tree_map(lambda x: np.array(x.cpu()), out)
INFO:/users/sgsrehm1/COMP702_BeyondAF/code/COMP390_code/openfold/run_pretrained_openfold.py:Output written to /users/sgsrehm1/fastscratch/COMP702_ep32_inference/runs/7dsq_ep32_relaxed_100_9827080/repeat_43/predictions/7dsq_A_model_1_unrelaxed.pdb...
INFO:/users/sgsrehm1/COMP702_BeyondAF/code/COMP390_code/openfold/run_pretrained_openfold.py:Running relaxation on /users/sgsrehm1/fastscratch/COMP702_ep32_inference/runs/7dsq_ep32_relaxed_100_9827080/repeat_43/predictions/7dsq_A_model_1_unrelaxed.pdb...
INFO:/users/sgsrehm1/COMP702_BeyondAF/code/COMP390_code/openfold/openfold/utils/script_utils.py:Relaxation time: 14.533474599942565
INFO:/users/sgsrehm1/COMP702_BeyondAF/code/COMP390_code/openfold/openfold/utils/script_utils.py:Relaxed output written to /users/sgsrehm1/fastscratch/COMP702_ep32_inference/runs/7dsq_ep32_relaxed_100_9827080/repeat_43/predictions/7dsq_A_model_1_relaxed.pdb...
/users/sgsrehm1/COMP702_BeyondAF/code/COMP390_code/openfold/openfold/utils/script_utils.py:131: FutureWarning: You are using `torch.load` with `weights_only=False` (the current default value), which uses the default pickle module implicitly. It is possible to construct malicious pickle data which will execute arbitrary code during unpickling (See https://github.com/pytorch/pytorch/blob/main/SECURITY.md#untrusted-models for more details). In a future release, the default value for `weights_only` will be flipped to `True`. This limits the functions that could be executed during unpickling. Arbitrary objects will no longer be allowed to be loaded via this mode unless they are explicitly allowlisted by the user via `torch.serialization.add_safe_globals`. We recommend you start setting `weights_only=True` for any use case where you don't have full control of the loaded file. Please open an issue on GitHub for any issues related to this experimental feature.
  d = torch.load(ckpt_path)
INFO:/users/sgsrehm1/COMP702_BeyondAF/code/COMP390_code/openfold/openfold/utils/script_utils.py:Loaded OpenFold parameters at /users/sgsrehm1/COMP702_BeyondAF/code/COMP390_code/checkpoints/run_subset_gpu32_h100_ep33/csv_logs/version_0/checkpoints/32-330000.ckpt...
INFO:/users/sgsrehm1/COMP702_BeyondAF/code/COMP390_code/openfold/run_pretrained_openfold.py:Using precomputed alignments for 7dsq_A at /users/sgsrehm1/scratch/openfold_inference/alignments_cf...
INFO:/users/sgsrehm1/COMP702_BeyondAF/code/COMP390_code/openfold/openfold/utils/script_utils.py:Running inference for 7dsq_A...
INFO:/users/sgsrehm1/COMP702_BeyondAF/code/COMP390_code/openfold/openfold/utils/script_utils.py:Inference time: 17.709881885908544
/users/sgsrehm1/COMP702_BeyondAF/code/COMP390_code/openfold/run_pretrained_openfold.py:351: DeprecationWarning: __array__ implementation doesn't accept a copy keyword, so passing copy=False failed. __array__ must implement 'dtype' and 'copy' keyword arguments. To learn more, see the migration guide https://numpy.org/devdocs/numpy_2_0_migration_guide.html#adapting-to-changes-in-the-copy-keyword
  lambda x: np.array(x[..., -1].cpu()),
/users/sgsrehm1/COMP702_BeyondAF/code/COMP390_code/openfold/run_pretrained_openfold.py:354: DeprecationWarning: __array__ implementation doesn't accept a copy keyword, so passing copy=False failed. __array__ must implement 'dtype' and 'copy' keyword arguments. To learn more, see the migration guide https://numpy.org/devdocs/numpy_2_0_migration_guide.html#adapting-to-changes-in-the-copy-keyword
  out = tensor_tree_map(lambda x: np.array(x.cpu()), out)
INFO:/users/sgsrehm1/COMP702_BeyondAF/code/COMP390_code/openfold/run_pretrained_openfold.py:Output written to /users/sgsrehm1/fastscratch/COMP702_ep32_inference/runs/7dsq_ep32_relaxed_100_9827080/repeat_44/predictions/7dsq_A_model_1_unrelaxed.pdb...
INFO:/users/sgsrehm1/COMP702_BeyondAF/code/COMP390_code/openfold/run_pretrained_openfold.py:Running relaxation on /users/sgsrehm1/fastscratch/COMP702_ep32_inference/runs/7dsq_ep32_relaxed_100_9827080/repeat_44/predictions/7dsq_A_model_1_unrelaxed.pdb...
INFO:/users/sgsrehm1/COMP702_BeyondAF/code/COMP390_code/openfold/openfold/utils/script_utils.py:Relaxation time: 13.352422841824591
INFO:/users/sgsrehm1/COMP702_BeyondAF/code/COMP390_code/openfold/openfold/utils/script_utils.py:Relaxed output written to /users/sgsrehm1/fastscratch/COMP702_ep32_inference/runs/7dsq_ep32_relaxed_100_9827080/repeat_44/predictions/7dsq_A_model_1_relaxed.pdb...
/users/sgsrehm1/COMP702_BeyondAF/code/COMP390_code/openfold/openfold/utils/script_utils.py:131: FutureWarning: You are using `torch.load` with `weights_only=False` (the current default value), which uses the default pickle module implicitly. It is possible to construct malicious pickle data which will execute arbitrary code during unpickling (See https://github.com/pytorch/pytorch/blob/main/SECURITY.md#untrusted-models for more details). In a future release, the default value for `weights_only` will be flipped to `True`. This limits the functions that could be executed during unpickling. Arbitrary objects will no longer be allowed to be loaded via this mode unless they are explicitly allowlisted by the user via `torch.serialization.add_safe_globals`. We recommend you start setting `weights_only=True` for any use case where you don't have full control of the loaded file. Please open an issue on GitHub for any issues related to this experimental feature.
  d = torch.load(ckpt_path)
INFO:/users/sgsrehm1/COMP702_BeyondAF/code/COMP390_code/openfold/openfold/utils/script_utils.py:Loaded OpenFold parameters at /users/sgsrehm1/COMP702_BeyondAF/code/COMP390_code/checkpoints/run_subset_gpu32_h100_ep33/csv_logs/version_0/checkpoints/32-330000.ckpt...
INFO:/users/sgsrehm1/COMP702_BeyondAF/code/COMP390_code/openfold/run_pretrained_openfold.py:Using precomputed alignments for 7dsq_A at /users/sgsrehm1/scratch/openfold_inference/alignments_cf...
INFO:/users/sgsrehm1/COMP702_BeyondAF/code/COMP390_code/openfold/openfold/utils/script_utils.py:Running inference for 7dsq_A...
INFO:/users/sgsrehm1/COMP702_BeyondAF/code/COMP390_code/openfold/openfold/utils/script_utils.py:Inference time: 17.6796986842528
/users/sgsrehm1/COMP702_BeyondAF/code/COMP390_code/openfold/run_pretrained_openfold.py:351: DeprecationWarning: __array__ implementation doesn't accept a copy keyword, so passing copy=False failed. __array__ must implement 'dtype' and 'copy' keyword arguments. To learn more, see the migration guide https://numpy.org/devdocs/numpy_2_0_migration_guide.html#adapting-to-changes-in-the-copy-keyword
  lambda x: np.array(x[..., -1].cpu()),
/users/sgsrehm1/COMP702_BeyondAF/code/COMP390_code/openfold/run_pretrained_openfold.py:354: DeprecationWarning: __array__ implementation doesn't accept a copy keyword, so passing copy=False failed. __array__ must implement 'dtype' and 'copy' keyword arguments. To learn more, see the migration guide https://numpy.org/devdocs/numpy_2_0_migration_guide.html#adapting-to-changes-in-the-copy-keyword
  out = tensor_tree_map(lambda x: np.array(x.cpu()), out)
INFO:/users/sgsrehm1/COMP702_BeyondAF/code/COMP390_code/openfold/run_pretrained_openfold.py:Output written to /users/sgsrehm1/fastscratch/COMP702_ep32_inference/runs/7dsq_ep32_relaxed_100_9827080/repeat_45/predictions/7dsq_A_model_1_unrelaxed.pdb...
INFO:/users/sgsrehm1/COMP702_BeyondAF/code/COMP390_code/openfold/run_pretrained_openfold.py:Running relaxation on /users/sgsrehm1/fastscratch/COMP702_ep32_inference/runs/7dsq_ep32_relaxed_100_9827080/repeat_45/predictions/7dsq_A_model_1_unrelaxed.pdb...
INFO:/users/sgsrehm1/COMP702_BeyondAF/code/COMP390_code/openfold/openfold/utils/script_utils.py:Relaxation time: 11.99297375138849
INFO:/users/sgsrehm1/COMP702_BeyondAF/code/COMP390_code/openfold/openfold/utils/script_utils.py:Relaxed output written to /users/sgsrehm1/fastscratch/COMP702_ep32_inference/runs/7dsq_ep32_relaxed_100_9827080/repeat_45/predictions/7dsq_A_model_1_relaxed.pdb...
/users/sgsrehm1/COMP702_BeyondAF/code/COMP390_code/openfold/openfold/utils/script_utils.py:131: FutureWarning: You are using `torch.load` with `weights_only=False` (the current default value), which uses the default pickle module implicitly. It is possible to construct malicious pickle data which will execute arbitrary code during unpickling (See https://github.com/pytorch/pytorch/blob/main/SECURITY.md#untrusted-models for more details). In a future release, the default value for `weights_only` will be flipped to `True`. This limits the functions that could be executed during unpickling. Arbitrary objects will no longer be allowed to be loaded via this mode unless they are explicitly allowlisted by the user via `torch.serialization.add_safe_globals`. We recommend you start setting `weights_only=True` for any use case where you don't have full control of the loaded file. Please open an issue on GitHub for any issues related to this experimental feature.
  d = torch.load(ckpt_path)
INFO:/users/sgsrehm1/COMP702_BeyondAF/code/COMP390_code/openfold/openfold/utils/script_utils.py:Loaded OpenFold parameters at /users/sgsrehm1/COMP702_BeyondAF/code/COMP390_code/checkpoints/run_subset_gpu32_h100_ep33/csv_logs/version_0/checkpoints/32-330000.ckpt...
INFO:/users/sgsrehm1/COMP702_BeyondAF/code/COMP390_code/openfold/run_pretrained_openfold.py:Using precomputed alignments for 7dsq_A at /users/sgsrehm1/scratch/openfold_inference/alignments_cf...
INFO:/users/sgsrehm1/COMP702_BeyondAF/code/COMP390_code/openfold/openfold/utils/script_utils.py:Running inference for 7dsq_A...
INFO:/users/sgsrehm1/COMP702_BeyondAF/code/COMP390_code/openfold/openfold/utils/script_utils.py:Inference time: 17.71519575547427
/users/sgsrehm1/COMP702_BeyondAF/code/COMP390_code/openfold/run_pretrained_openfold.py:351: DeprecationWarning: __array__ implementation doesn't accept a copy keyword, so passing copy=False failed. __array__ must implement 'dtype' and 'copy' keyword arguments. To learn more, see the migration guide https://numpy.org/devdocs/numpy_2_0_migration_guide.html#adapting-to-changes-in-the-copy-keyword
  lambda x: np.array(x[..., -1].cpu()),
/users/sgsrehm1/COMP702_BeyondAF/code/COMP390_code/openfold/run_pretrained_openfold.py:354: DeprecationWarning: __array__ implementation doesn't accept a copy keyword, so passing copy=False failed. __array__ must implement 'dtype' and 'copy' keyword arguments. To learn more, see the migration guide https://numpy.org/devdocs/numpy_2_0_migration_guide.html#adapting-to-changes-in-the-copy-keyword
  out = tensor_tree_map(lambda x: np.array(x.cpu()), out)
INFO:/users/sgsrehm1/COMP702_BeyondAF/code/COMP390_code/openfold/run_pretrained_openfold.py:Output written to /users/sgsrehm1/fastscratch/COMP702_ep32_inference/runs/7dsq_ep32_relaxed_100_9827080/repeat_46/predictions/7dsq_A_model_1_unrelaxed.pdb...
INFO:/users/sgsrehm1/COMP702_BeyondAF/code/COMP390_code/openfold/run_pretrained_openfold.py:Running relaxation on /users/sgsrehm1/fastscratch/COMP702_ep32_inference/runs/7dsq_ep32_relaxed_100_9827080/repeat_46/predictions/7dsq_A_model_1_unrelaxed.pdb...
INFO:/users/sgsrehm1/COMP702_BeyondAF/code/COMP390_code/openfold/openfold/utils/script_utils.py:Relaxation time: 12.105324014090002
INFO:/users/sgsrehm1/COMP702_BeyondAF/code/COMP390_code/openfold/openfold/utils/script_utils.py:Relaxed output written to /users/sgsrehm1/fastscratch/COMP702_ep32_inference/runs/7dsq_ep32_relaxed_100_9827080/repeat_46/predictions/7dsq_A_model_1_relaxed.pdb...
/users/sgsrehm1/COMP702_BeyondAF/code/COMP390_code/openfold/openfold/utils/script_utils.py:131: FutureWarning: You are using `torch.load` with `weights_only=False` (the current default value), which uses the default pickle module implicitly. It is possible to construct malicious pickle data which will execute arbitrary code during unpickling (See https://github.com/pytorch/pytorch/blob/main/SECURITY.md#untrusted-models for more details). In a future release, the default value for `weights_only` will be flipped to `True`. This limits the functions that could be executed during unpickling. Arbitrary objects will no longer be allowed to be loaded via this mode unless they are explicitly allowlisted by the user via `torch.serialization.add_safe_globals`. We recommend you start setting `weights_only=True` for any use case where you don't have full control of the loaded file. Please open an issue on GitHub for any issues related to this experimental feature.
  d = torch.load(ckpt_path)
INFO:/users/sgsrehm1/COMP702_BeyondAF/code/COMP390_code/openfold/openfold/utils/script_utils.py:Loaded OpenFold parameters at /users/sgsrehm1/COMP702_BeyondAF/code/COMP390_code/checkpoints/run_subset_gpu32_h100_ep33/csv_logs/version_0/checkpoints/32-330000.ckpt...
INFO:/users/sgsrehm1/COMP702_BeyondAF/code/COMP390_code/openfold/run_pretrained_openfold.py:Using precomputed alignments for 7dsq_A at /users/sgsrehm1/scratch/openfold_inference/alignments_cf...
INFO:/users/sgsrehm1/COMP702_BeyondAF/code/COMP390_code/openfold/openfold/utils/script_utils.py:Running inference for 7dsq_A...
INFO:/users/sgsrehm1/COMP702_BeyondAF/code/COMP390_code/openfold/openfold/utils/script_utils.py:Inference time: 17.697154679335654
/users/sgsrehm1/COMP702_BeyondAF/code/COMP390_code/openfold/run_pretrained_openfold.py:351: DeprecationWarning: __array__ implementation doesn't accept a copy keyword, so passing copy=False failed. __array__ must implement 'dtype' and 'copy' keyword arguments. To learn more, see the migration guide https://numpy.org/devdocs/numpy_2_0_migration_guide.html#adapting-to-changes-in-the-copy-keyword
  lambda x: np.array(x[..., -1].cpu()),
/users/sgsrehm1/COMP702_BeyondAF/code/COMP390_code/openfold/run_pretrained_openfold.py:354: DeprecationWarning: __array__ implementation doesn't accept a copy keyword, so passing copy=False failed. __array__ must implement 'dtype' and 'copy' keyword arguments. To learn more, see the migration guide https://numpy.org/devdocs/numpy_2_0_migration_guide.html#adapting-to-changes-in-the-copy-keyword
  out = tensor_tree_map(lambda x: np.array(x.cpu()), out)
INFO:/users/sgsrehm1/COMP702_BeyondAF/code/COMP390_code/openfold/run_pretrained_openfold.py:Output written to /users/sgsrehm1/fastscratch/COMP702_ep32_inference/runs/7dsq_ep32_relaxed_100_9827080/repeat_47/predictions/7dsq_A_model_1_unrelaxed.pdb...
INFO:/users/sgsrehm1/COMP702_BeyondAF/code/COMP390_code/openfold/run_pretrained_openfold.py:Running relaxation on /users/sgsrehm1/fastscratch/COMP702_ep32_inference/runs/7dsq_ep32_relaxed_100_9827080/repeat_47/predictions/7dsq_A_model_1_unrelaxed.pdb...
INFO:/users/sgsrehm1/COMP702_BeyondAF/code/COMP390_code/openfold/openfold/utils/script_utils.py:Relaxation time: 12.325740924105048
INFO:/users/sgsrehm1/COMP702_BeyondAF/code/COMP390_code/openfold/openfold/utils/script_utils.py:Relaxed output written to /users/sgsrehm1/fastscratch/COMP702_ep32_inference/runs/7dsq_ep32_relaxed_100_9827080/repeat_47/predictions/7dsq_A_model_1_relaxed.pdb...
/users/sgsrehm1/COMP702_BeyondAF/code/COMP390_code/openfold/openfold/utils/script_utils.py:131: FutureWarning: You are using `torch.load` with `weights_only=False` (the current default value), which uses the default pickle module implicitly. It is possible to construct malicious pickle data which will execute arbitrary code during unpickling (See https://github.com/pytorch/pytorch/blob/main/SECURITY.md#untrusted-models for more details). In a future release, the default value for `weights_only` will be flipped to `True`. This limits the functions that could be executed during unpickling. Arbitrary objects will no longer be allowed to be loaded via this mode unless they are explicitly allowlisted by the user via `torch.serialization.add_safe_globals`. We recommend you start setting `weights_only=True` for any use case where you don't have full control of the loaded file. Please open an issue on GitHub for any issues related to this experimental feature.
  d = torch.load(ckpt_path)
INFO:/users/sgsrehm1/COMP702_BeyondAF/code/COMP390_code/openfold/openfold/utils/script_utils.py:Loaded OpenFold parameters at /users/sgsrehm1/COMP702_BeyondAF/code/COMP390_code/checkpoints/run_subset_gpu32_h100_ep33/csv_logs/version_0/checkpoints/32-330000.ckpt...
INFO:/users/sgsrehm1/COMP702_BeyondAF/code/COMP390_code/openfold/run_pretrained_openfold.py:Using precomputed alignments for 7dsq_A at /users/sgsrehm1/scratch/openfold_inference/alignments_cf...
INFO:/users/sgsrehm1/COMP702_BeyondAF/code/COMP390_code/openfold/openfold/utils/script_utils.py:Running inference for 7dsq_A...
INFO:/users/sgsrehm1/COMP702_BeyondAF/code/COMP390_code/openfold/openfold/utils/script_utils.py:Inference time: 17.70052253268659
/users/sgsrehm1/COMP702_BeyondAF/code/COMP390_code/openfold/run_pretrained_openfold.py:351: DeprecationWarning: __array__ implementation doesn't accept a copy keyword, so passing copy=False failed. __array__ must implement 'dtype' and 'copy' keyword arguments. To learn more, see the migration guide https://numpy.org/devdocs/numpy_2_0_migration_guide.html#adapting-to-changes-in-the-copy-keyword
  lambda x: np.array(x[..., -1].cpu()),
/users/sgsrehm1/COMP702_BeyondAF/code/COMP390_code/openfold/run_pretrained_openfold.py:354: DeprecationWarning: __array__ implementation doesn't accept a copy keyword, so passing copy=False failed. __array__ must implement 'dtype' and 'copy' keyword arguments. To learn more, see the migration guide https://numpy.org/devdocs/numpy_2_0_migration_guide.html#adapting-to-changes-in-the-copy-keyword
  out = tensor_tree_map(lambda x: np.array(x.cpu()), out)
INFO:/users/sgsrehm1/COMP702_BeyondAF/code/COMP390_code/openfold/run_pretrained_openfold.py:Output written to /users/sgsrehm1/fastscratch/COMP702_ep32_inference/runs/7dsq_ep32_relaxed_100_9827080/repeat_48/predictions/7dsq_A_model_1_unrelaxed.pdb...
INFO:/users/sgsrehm1/COMP702_BeyondAF/code/COMP390_code/openfold/run_pretrained_openfold.py:Running relaxation on /users/sgsrehm1/fastscratch/COMP702_ep32_inference/runs/7dsq_ep32_relaxed_100_9827080/repeat_48/predictions/7dsq_A_model_1_unrelaxed.pdb...
INFO:/users/sgsrehm1/COMP702_BeyondAF/code/COMP390_code/openfold/openfold/utils/script_utils.py:Relaxation time: 11.840233416296542
INFO:/users/sgsrehm1/COMP702_BeyondAF/code/COMP390_code/openfold/openfold/utils/script_utils.py:Relaxed output written to /users/sgsrehm1/fastscratch/COMP702_ep32_inference/runs/7dsq_ep32_relaxed_100_9827080/repeat_48/predictions/7dsq_A_model_1_relaxed.pdb...
/users/sgsrehm1/COMP702_BeyondAF/code/COMP390_code/openfold/openfold/utils/script_utils.py:131: FutureWarning: You are using `torch.load` with `weights_only=False` (the current default value), which uses the default pickle module implicitly. It is possible to construct malicious pickle data which will execute arbitrary code during unpickling (See https://github.com/pytorch/pytorch/blob/main/SECURITY.md#untrusted-models for more details). In a future release, the default value for `weights_only` will be flipped to `True`. This limits the functions that could be executed during unpickling. Arbitrary objects will no longer be allowed to be loaded via this mode unless they are explicitly allowlisted by the user via `torch.serialization.add_safe_globals`. We recommend you start setting `weights_only=True` for any use case where you don't have full control of the loaded file. Please open an issue on GitHub for any issues related to this experimental feature.
  d = torch.load(ckpt_path)
INFO:/users/sgsrehm1/COMP702_BeyondAF/code/COMP390_code/openfold/openfold/utils/script_utils.py:Loaded OpenFold parameters at /users/sgsrehm1/COMP702_BeyondAF/code/COMP390_code/checkpoints/run_subset_gpu32_h100_ep33/csv_logs/version_0/checkpoints/32-330000.ckpt...
INFO:/users/sgsrehm1/COMP702_BeyondAF/code/COMP390_code/openfold/run_pretrained_openfold.py:Using precomputed alignments for 7dsq_A at /users/sgsrehm1/scratch/openfold_inference/alignments_cf...
INFO:/users/sgsrehm1/COMP702_BeyondAF/code/COMP390_code/openfold/openfold/utils/script_utils.py:Running inference for 7dsq_A...
INFO:/users/sgsrehm1/COMP702_BeyondAF/code/COMP390_code/openfold/openfold/utils/script_utils.py:Inference time: 17.693630492314696
/users/sgsrehm1/COMP702_BeyondAF/code/COMP390_code/openfold/run_pretrained_openfold.py:351: DeprecationWarning: __array__ implementation doesn't accept a copy keyword, so passing copy=False failed. __array__ must implement 'dtype' and 'copy' keyword arguments. To learn more, see the migration guide https://numpy.org/devdocs/numpy_2_0_migration_guide.html#adapting-to-changes-in-the-copy-keyword
  lambda x: np.array(x[..., -1].cpu()),
/users/sgsrehm1/COMP702_BeyondAF/code/COMP390_code/openfold/run_pretrained_openfold.py:354: DeprecationWarning: __array__ implementation doesn't accept a copy keyword, so passing copy=False failed. __array__ must implement 'dtype' and 'copy' keyword arguments. To learn more, see the migration guide https://numpy.org/devdocs/numpy_2_0_migration_guide.html#adapting-to-changes-in-the-copy-keyword
  out = tensor_tree_map(lambda x: np.array(x.cpu()), out)
INFO:/users/sgsrehm1/COMP702_BeyondAF/code/COMP390_code/openfold/run_pretrained_openfold.py:Output written to /users/sgsrehm1/fastscratch/COMP702_ep32_inference/runs/7dsq_ep32_relaxed_100_9827080/repeat_49/predictions/7dsq_A_model_1_unrelaxed.pdb...
INFO:/users/sgsrehm1/COMP702_BeyondAF/code/COMP390_code/openfold/run_pretrained_openfold.py:Running relaxation on /users/sgsrehm1/fastscratch/COMP702_ep32_inference/runs/7dsq_ep32_relaxed_100_9827080/repeat_49/predictions/7dsq_A_model_1_unrelaxed.pdb...
INFO:/users/sgsrehm1/COMP702_BeyondAF/code/COMP390_code/openfold/openfold/utils/script_utils.py:Relaxation time: 14.206374171189964
INFO:/users/sgsrehm1/COMP702_BeyondAF/code/COMP390_code/openfold/openfold/utils/script_utils.py:Relaxed output written to /users/sgsrehm1/fastscratch/COMP702_ep32_inference/runs/7dsq_ep32_relaxed_100_9827080/repeat_49/predictions/7dsq_A_model_1_relaxed.pdb...
/users/sgsrehm1/COMP702_BeyondAF/code/COMP390_code/openfold/openfold/utils/script_utils.py:131: FutureWarning: You are using `torch.load` with `weights_only=False` (the current default value), which uses the default pickle module implicitly. It is possible to construct malicious pickle data which will execute arbitrary code during unpickling (See https://github.com/pytorch/pytorch/blob/main/SECURITY.md#untrusted-models for more details). In a future release, the default value for `weights_only` will be flipped to `True`. This limits the functions that could be executed during unpickling. Arbitrary objects will no longer be allowed to be loaded via this mode unless they are explicitly allowlisted by the user via `torch.serialization.add_safe_globals`. We recommend you start setting `weights_only=True` for any use case where you don't have full control of the loaded file. Please open an issue on GitHub for any issues related to this experimental feature.
  d = torch.load(ckpt_path)
INFO:/users/sgsrehm1/COMP702_BeyondAF/code/COMP390_code/openfold/openfold/utils/script_utils.py:Loaded OpenFold parameters at /users/sgsrehm1/COMP702_BeyondAF/code/COMP390_code/checkpoints/run_subset_gpu32_h100_ep33/csv_logs/version_0/checkpoints/32-330000.ckpt...
INFO:/users/sgsrehm1/COMP702_BeyondAF/code/COMP390_code/openfold/run_pretrained_openfold.py:Using precomputed alignments for 7dsq_A at /users/sgsrehm1/scratch/openfold_inference/alignments_cf...
INFO:/users/sgsrehm1/COMP702_BeyondAF/code/COMP390_code/openfold/openfold/utils/script_utils.py:Running inference for 7dsq_A...
INFO:/users/sgsrehm1/COMP702_BeyondAF/code/COMP390_code/openfold/openfold/utils/script_utils.py:Inference time: 17.674768721684813
/users/sgsrehm1/COMP702_BeyondAF/code/COMP390_code/openfold/run_pretrained_openfold.py:351: DeprecationWarning: __array__ implementation doesn't accept a copy keyword, so passing copy=False failed. __array__ must implement 'dtype' and 'copy' keyword arguments. To learn more, see the migration guide https://numpy.org/devdocs/numpy_2_0_migration_guide.html#adapting-to-changes-in-the-copy-keyword
  lambda x: np.array(x[..., -1].cpu()),
/users/sgsrehm1/COMP702_BeyondAF/code/COMP390_code/openfold/run_pretrained_openfold.py:354: DeprecationWarning: __array__ implementation doesn't accept a copy keyword, so passing copy=False failed. __array__ must implement 'dtype' and 'copy' keyword arguments. To learn more, see the migration guide https://numpy.org/devdocs/numpy_2_0_migration_guide.html#adapting-to-changes-in-the-copy-keyword
  out = tensor_tree_map(lambda x: np.array(x.cpu()), out)
INFO:/users/sgsrehm1/COMP702_BeyondAF/code/COMP390_code/openfold/run_pretrained_openfold.py:Output written to /users/sgsrehm1/fastscratch/COMP702_ep32_inference/runs/7dsq_ep32_relaxed_100_9827080/repeat_50/predictions/7dsq_A_model_1_unrelaxed.pdb...
INFO:/users/sgsrehm1/COMP702_BeyondAF/code/COMP390_code/openfold/run_pretrained_openfold.py:Running relaxation on /users/sgsrehm1/fastscratch/COMP702_ep32_inference/runs/7dsq_ep32_relaxed_100_9827080/repeat_50/predictions/7dsq_A_model_1_unrelaxed.pdb...
INFO:/users/sgsrehm1/COMP702_BeyondAF/code/COMP390_code/openfold/openfold/utils/script_utils.py:Relaxation time: 13.814738712273538
INFO:/users/sgsrehm1/COMP702_BeyondAF/code/COMP390_code/openfold/openfold/utils/script_utils.py:Relaxed output written to /users/sgsrehm1/fastscratch/COMP702_ep32_inference/runs/7dsq_ep32_relaxed_100_9827080/repeat_50/predictions/7dsq_A_model_1_relaxed.pdb...
/users/sgsrehm1/COMP702_BeyondAF/code/COMP390_code/openfold/openfold/utils/script_utils.py:131: FutureWarning: You are using `torch.load` with `weights_only=False` (the current default value), which uses the default pickle module implicitly. It is possible to construct malicious pickle data which will execute arbitrary code during unpickling (See https://github.com/pytorch/pytorch/blob/main/SECURITY.md#untrusted-models for more details). In a future release, the default value for `weights_only` will be flipped to `True`. This limits the functions that could be executed during unpickling. Arbitrary objects will no longer be allowed to be loaded via this mode unless they are explicitly allowlisted by the user via `torch.serialization.add_safe_globals`. We recommend you start setting `weights_only=True` for any use case where you don't have full control of the loaded file. Please open an issue on GitHub for any issues related to this experimental feature.
  d = torch.load(ckpt_path)
INFO:/users/sgsrehm1/COMP702_BeyondAF/code/COMP390_code/openfold/openfold/utils/script_utils.py:Loaded OpenFold parameters at /users/sgsrehm1/COMP702_BeyondAF/code/COMP390_code/checkpoints/run_subset_gpu32_h100_ep33/csv_logs/version_0/checkpoints/32-330000.ckpt...
INFO:/users/sgsrehm1/COMP702_BeyondAF/code/COMP390_code/openfold/run_pretrained_openfold.py:Using precomputed alignments for 7dsq_A at /users/sgsrehm1/scratch/openfold_inference/alignments_cf...
INFO:/users/sgsrehm1/COMP702_BeyondAF/code/COMP390_code/openfold/openfold/utils/script_utils.py:Running inference for 7dsq_A...
INFO:/users/sgsrehm1/COMP702_BeyondAF/code/COMP390_code/openfold/openfold/utils/script_utils.py:Inference time: 17.6969406735152
/users/sgsrehm1/COMP702_BeyondAF/code/COMP390_code/openfold/run_pretrained_openfold.py:351: DeprecationWarning: __array__ implementation doesn't accept a copy keyword, so passing copy=False failed. __array__ must implement 'dtype' and 'copy' keyword arguments. To learn more, see the migration guide https://numpy.org/devdocs/numpy_2_0_migration_guide.html#adapting-to-changes-in-the-copy-keyword
  lambda x: np.array(x[..., -1].cpu()),
/users/sgsrehm1/COMP702_BeyondAF/code/COMP390_code/openfold/run_pretrained_openfold.py:354: DeprecationWarning: __array__ implementation doesn't accept a copy keyword, so passing copy=False failed. __array__ must implement 'dtype' and 'copy' keyword arguments. To learn more, see the migration guide https://numpy.org/devdocs/numpy_2_0_migration_guide.html#adapting-to-changes-in-the-copy-keyword
  out = tensor_tree_map(lambda x: np.array(x.cpu()), out)
INFO:/users/sgsrehm1/COMP702_BeyondAF/code/COMP390_code/openfold/run_pretrained_openfold.py:Output written to /users/sgsrehm1/fastscratch/COMP702_ep32_inference/runs/7dsq_ep32_relaxed_100_9827080/repeat_51/predictions/7dsq_A_model_1_unrelaxed.pdb...
INFO:/users/sgsrehm1/COMP702_BeyondAF/code/COMP390_code/openfold/run_pretrained_openfold.py:Running relaxation on /users/sgsrehm1/fastscratch/COMP702_ep32_inference/runs/7dsq_ep32_relaxed_100_9827080/repeat_51/predictions/7dsq_A_model_1_unrelaxed.pdb...
INFO:/users/sgsrehm1/COMP702_BeyondAF/code/COMP390_code/openfold/openfold/utils/script_utils.py:Relaxation time: 16.709308981895447
INFO:/users/sgsrehm1/COMP702_BeyondAF/code/COMP390_code/openfold/openfold/utils/script_utils.py:Relaxed output written to /users/sgsrehm1/fastscratch/COMP702_ep32_inference/runs/7dsq_ep32_relaxed_100_9827080/repeat_51/predictions/7dsq_A_model_1_relaxed.pdb...
/users/sgsrehm1/COMP702_BeyondAF/code/COMP390_code/openfold/openfold/utils/script_utils.py:131: FutureWarning: You are using `torch.load` with `weights_only=False` (the current default value), which uses the default pickle module implicitly. It is possible to construct malicious pickle data which will execute arbitrary code during unpickling (See https://github.com/pytorch/pytorch/blob/main/SECURITY.md#untrusted-models for more details). In a future release, the default value for `weights_only` will be flipped to `True`. This limits the functions that could be executed during unpickling. Arbitrary objects will no longer be allowed to be loaded via this mode unless they are explicitly allowlisted by the user via `torch.serialization.add_safe_globals`. We recommend you start setting `weights_only=True` for any use case where you don't have full control of the loaded file. Please open an issue on GitHub for any issues related to this experimental feature.
  d = torch.load(ckpt_path)
INFO:/users/sgsrehm1/COMP702_BeyondAF/code/COMP390_code/openfold/openfold/utils/script_utils.py:Loaded OpenFold parameters at /users/sgsrehm1/COMP702_BeyondAF/code/COMP390_code/checkpoints/run_subset_gpu32_h100_ep33/csv_logs/version_0/checkpoints/32-330000.ckpt...
INFO:/users/sgsrehm1/COMP702_BeyondAF/code/COMP390_code/openfold/run_pretrained_openfold.py:Using precomputed alignments for 7dsq_A at /users/sgsrehm1/scratch/openfold_inference/alignments_cf...
INFO:/users/sgsrehm1/COMP702_BeyondAF/code/COMP390_code/openfold/openfold/utils/script_utils.py:Running inference for 7dsq_A...
INFO:/users/sgsrehm1/COMP702_BeyondAF/code/COMP390_code/openfold/openfold/utils/script_utils.py:Inference time: 17.68577974103391
/users/sgsrehm1/COMP702_BeyondAF/code/COMP390_code/openfold/run_pretrained_openfold.py:351: DeprecationWarning: __array__ implementation doesn't accept a copy keyword, so passing copy=False failed. __array__ must implement 'dtype' and 'copy' keyword arguments. To learn more, see the migration guide https://numpy.org/devdocs/numpy_2_0_migration_guide.html#adapting-to-changes-in-the-copy-keyword
  lambda x: np.array(x[..., -1].cpu()),
/users/sgsrehm1/COMP702_BeyondAF/code/COMP390_code/openfold/run_pretrained_openfold.py:354: DeprecationWarning: __array__ implementation doesn't accept a copy keyword, so passing copy=False failed. __array__ must implement 'dtype' and 'copy' keyword arguments. To learn more, see the migration guide https://numpy.org/devdocs/numpy_2_0_migration_guide.html#adapting-to-changes-in-the-copy-keyword
  out = tensor_tree_map(lambda x: np.array(x.cpu()), out)
INFO:/users/sgsrehm1/COMP702_BeyondAF/code/COMP390_code/openfold/run_pretrained_openfold.py:Output written to /users/sgsrehm1/fastscratch/COMP702_ep32_inference/runs/7dsq_ep32_relaxed_100_9827080/repeat_52/predictions/7dsq_A_model_1_unrelaxed.pdb...
INFO:/users/sgsrehm1/COMP702_BeyondAF/code/COMP390_code/openfold/run_pretrained_openfold.py:Running relaxation on /users/sgsrehm1/fastscratch/COMP702_ep32_inference/runs/7dsq_ep32_relaxed_100_9827080/repeat_52/predictions/7dsq_A_model_1_unrelaxed.pdb...
INFO:/users/sgsrehm1/COMP702_BeyondAF/code/COMP390_code/openfold/openfold/utils/script_utils.py:Relaxation time: 12.233154558576643
INFO:/users/sgsrehm1/COMP702_BeyondAF/code/COMP390_code/openfold/openfold/utils/script_utils.py:Relaxed output written to /users/sgsrehm1/fastscratch/COMP702_ep32_inference/runs/7dsq_ep32_relaxed_100_9827080/repeat_52/predictions/7dsq_A_model_1_relaxed.pdb...
/users/sgsrehm1/COMP702_BeyondAF/code/COMP390_code/openfold/openfold/utils/script_utils.py:131: FutureWarning: You are using `torch.load` with `weights_only=False` (the current default value), which uses the default pickle module implicitly. It is possible to construct malicious pickle data which will execute arbitrary code during unpickling (See https://github.com/pytorch/pytorch/blob/main/SECURITY.md#untrusted-models for more details). In a future release, the default value for `weights_only` will be flipped to `True`. This limits the functions that could be executed during unpickling. Arbitrary objects will no longer be allowed to be loaded via this mode unless they are explicitly allowlisted by the user via `torch.serialization.add_safe_globals`. We recommend you start setting `weights_only=True` for any use case where you don't have full control of the loaded file. Please open an issue on GitHub for any issues related to this experimental feature.
  d = torch.load(ckpt_path)
INFO:/users/sgsrehm1/COMP702_BeyondAF/code/COMP390_code/openfold/openfold/utils/script_utils.py:Loaded OpenFold parameters at /users/sgsrehm1/COMP702_BeyondAF/code/COMP390_code/checkpoints/run_subset_gpu32_h100_ep33/csv_logs/version_0/checkpoints/32-330000.ckpt...
INFO:/users/sgsrehm1/COMP702_BeyondAF/code/COMP390_code/openfold/run_pretrained_openfold.py:Using precomputed alignments for 7dsq_A at /users/sgsrehm1/scratch/openfold_inference/alignments_cf...
INFO:/users/sgsrehm1/COMP702_BeyondAF/code/COMP390_code/openfold/openfold/utils/script_utils.py:Running inference for 7dsq_A...
INFO:/users/sgsrehm1/COMP702_BeyondAF/code/COMP390_code/openfold/openfold/utils/script_utils.py:Inference time: 17.713287498801947
/users/sgsrehm1/COMP702_BeyondAF/code/COMP390_code/openfold/run_pretrained_openfold.py:351: DeprecationWarning: __array__ implementation doesn't accept a copy keyword, so passing copy=False failed. __array__ must implement 'dtype' and 'copy' keyword arguments. To learn more, see the migration guide https://numpy.org/devdocs/numpy_2_0_migration_guide.html#adapting-to-changes-in-the-copy-keyword
  lambda x: np.array(x[..., -1].cpu()),
/users/sgsrehm1/COMP702_BeyondAF/code/COMP390_code/openfold/run_pretrained_openfold.py:354: DeprecationWarning: __array__ implementation doesn't accept a copy keyword, so passing copy=False failed. __array__ must implement 'dtype' and 'copy' keyword arguments. To learn more, see the migration guide https://numpy.org/devdocs/numpy_2_0_migration_guide.html#adapting-to-changes-in-the-copy-keyword
  out = tensor_tree_map(lambda x: np.array(x.cpu()), out)
INFO:/users/sgsrehm1/COMP702_BeyondAF/code/COMP390_code/openfold/run_pretrained_openfold.py:Output written to /users/sgsrehm1/fastscratch/COMP702_ep32_inference/runs/7dsq_ep32_relaxed_100_9827080/repeat_53/predictions/7dsq_A_model_1_unrelaxed.pdb...
INFO:/users/sgsrehm1/COMP702_BeyondAF/code/COMP390_code/openfold/run_pretrained_openfold.py:Running relaxation on /users/sgsrehm1/fastscratch/COMP702_ep32_inference/runs/7dsq_ep32_relaxed_100_9827080/repeat_53/predictions/7dsq_A_model_1_unrelaxed.pdb...
INFO:/users/sgsrehm1/COMP702_BeyondAF/code/COMP390_code/openfold/openfold/utils/script_utils.py:Relaxation time: 12.048299283720553
INFO:/users/sgsrehm1/COMP702_BeyondAF/code/COMP390_code/openfold/openfold/utils/script_utils.py:Relaxed output written to /users/sgsrehm1/fastscratch/COMP702_ep32_inference/runs/7dsq_ep32_relaxed_100_9827080/repeat_53/predictions/7dsq_A_model_1_relaxed.pdb...
/users/sgsrehm1/COMP702_BeyondAF/code/COMP390_code/openfold/openfold/utils/script_utils.py:131: FutureWarning: You are using `torch.load` with `weights_only=False` (the current default value), which uses the default pickle module implicitly. It is possible to construct malicious pickle data which will execute arbitrary code during unpickling (See https://github.com/pytorch/pytorch/blob/main/SECURITY.md#untrusted-models for more details). In a future release, the default value for `weights_only` will be flipped to `True`. This limits the functions that could be executed during unpickling. Arbitrary objects will no longer be allowed to be loaded via this mode unless they are explicitly allowlisted by the user via `torch.serialization.add_safe_globals`. We recommend you start setting `weights_only=True` for any use case where you don't have full control of the loaded file. Please open an issue on GitHub for any issues related to this experimental feature.
  d = torch.load(ckpt_path)
INFO:/users/sgsrehm1/COMP702_BeyondAF/code/COMP390_code/openfold/openfold/utils/script_utils.py:Loaded OpenFold parameters at /users/sgsrehm1/COMP702_BeyondAF/code/COMP390_code/checkpoints/run_subset_gpu32_h100_ep33/csv_logs/version_0/checkpoints/32-330000.ckpt...
INFO:/users/sgsrehm1/COMP702_BeyondAF/code/COMP390_code/openfold/run_pretrained_openfold.py:Using precomputed alignments for 7dsq_A at /users/sgsrehm1/scratch/openfold_inference/alignments_cf...
INFO:/users/sgsrehm1/COMP702_BeyondAF/code/COMP390_code/openfold/openfold/utils/script_utils.py:Running inference for 7dsq_A...
INFO:/users/sgsrehm1/COMP702_BeyondAF/code/COMP390_code/openfold/openfold/utils/script_utils.py:Inference time: 17.690405224449933
/users/sgsrehm1/COMP702_BeyondAF/code/COMP390_code/openfold/run_pretrained_openfold.py:351: DeprecationWarning: __array__ implementation doesn't accept a copy keyword, so passing copy=False failed. __array__ must implement 'dtype' and 'copy' keyword arguments. To learn more, see the migration guide https://numpy.org/devdocs/numpy_2_0_migration_guide.html#adapting-to-changes-in-the-copy-keyword
  lambda x: np.array(x[..., -1].cpu()),
/users/sgsrehm1/COMP702_BeyondAF/code/COMP390_code/openfold/run_pretrained_openfold.py:354: DeprecationWarning: __array__ implementation doesn't accept a copy keyword, so passing copy=False failed. __array__ must implement 'dtype' and 'copy' keyword arguments. To learn more, see the migration guide https://numpy.org/devdocs/numpy_2_0_migration_guide.html#adapting-to-changes-in-the-copy-keyword
  out = tensor_tree_map(lambda x: np.array(x.cpu()), out)
INFO:/users/sgsrehm1/COMP702_BeyondAF/code/COMP390_code/openfold/run_pretrained_openfold.py:Output written to /users/sgsrehm1/fastscratch/COMP702_ep32_inference/runs/7dsq_ep32_relaxed_100_9827080/repeat_54/predictions/7dsq_A_model_1_unrelaxed.pdb...
INFO:/users/sgsrehm1/COMP702_BeyondAF/code/COMP390_code/openfold/run_pretrained_openfold.py:Running relaxation on /users/sgsrehm1/fastscratch/COMP702_ep32_inference/runs/7dsq_ep32_relaxed_100_9827080/repeat_54/predictions/7dsq_A_model_1_unrelaxed.pdb...
INFO:/users/sgsrehm1/COMP702_BeyondAF/code/COMP390_code/openfold/openfold/utils/script_utils.py:Relaxation time: 11.98598603066057
INFO:/users/sgsrehm1/COMP702_BeyondAF/code/COMP390_code/openfold/openfold/utils/script_utils.py:Relaxed output written to /users/sgsrehm1/fastscratch/COMP702_ep32_inference/runs/7dsq_ep32_relaxed_100_9827080/repeat_54/predictions/7dsq_A_model_1_relaxed.pdb...
/users/sgsrehm1/COMP702_BeyondAF/code/COMP390_code/openfold/openfold/utils/script_utils.py:131: FutureWarning: You are using `torch.load` with `weights_only=False` (the current default value), which uses the default pickle module implicitly. It is possible to construct malicious pickle data which will execute arbitrary code during unpickling (See https://github.com/pytorch/pytorch/blob/main/SECURITY.md#untrusted-models for more details). In a future release, the default value for `weights_only` will be flipped to `True`. This limits the functions that could be executed during unpickling. Arbitrary objects will no longer be allowed to be loaded via this mode unless they are explicitly allowlisted by the user via `torch.serialization.add_safe_globals`. We recommend you start setting `weights_only=True` for any use case where you don't have full control of the loaded file. Please open an issue on GitHub for any issues related to this experimental feature.
  d = torch.load(ckpt_path)
INFO:/users/sgsrehm1/COMP702_BeyondAF/code/COMP390_code/openfold/openfold/utils/script_utils.py:Loaded OpenFold parameters at /users/sgsrehm1/COMP702_BeyondAF/code/COMP390_code/checkpoints/run_subset_gpu32_h100_ep33/csv_logs/version_0/checkpoints/32-330000.ckpt...
INFO:/users/sgsrehm1/COMP702_BeyondAF/code/COMP390_code/openfold/run_pretrained_openfold.py:Using precomputed alignments for 7dsq_A at /users/sgsrehm1/scratch/openfold_inference/alignments_cf...
INFO:/users/sgsrehm1/COMP702_BeyondAF/code/COMP390_code/openfold/openfold/utils/script_utils.py:Running inference for 7dsq_A...
INFO:/users/sgsrehm1/COMP702_BeyondAF/code/COMP390_code/openfold/openfold/utils/script_utils.py:Inference time: 17.715733991004527
/users/sgsrehm1/COMP702_BeyondAF/code/COMP390_code/openfold/run_pretrained_openfold.py:351: DeprecationWarning: __array__ implementation doesn't accept a copy keyword, so passing copy=False failed. __array__ must implement 'dtype' and 'copy' keyword arguments. To learn more, see the migration guide https://numpy.org/devdocs/numpy_2_0_migration_guide.html#adapting-to-changes-in-the-copy-keyword
  lambda x: np.array(x[..., -1].cpu()),
/users/sgsrehm1/COMP702_BeyondAF/code/COMP390_code/openfold/run_pretrained_openfold.py:354: DeprecationWarning: __array__ implementation doesn't accept a copy keyword, so passing copy=False failed. __array__ must implement 'dtype' and 'copy' keyword arguments. To learn more, see the migration guide https://numpy.org/devdocs/numpy_2_0_migration_guide.html#adapting-to-changes-in-the-copy-keyword
  out = tensor_tree_map(lambda x: np.array(x.cpu()), out)
INFO:/users/sgsrehm1/COMP702_BeyondAF/code/COMP390_code/openfold/run_pretrained_openfold.py:Output written to /users/sgsrehm1/fastscratch/COMP702_ep32_inference/runs/7dsq_ep32_relaxed_100_9827080/repeat_55/predictions/7dsq_A_model_1_unrelaxed.pdb...
INFO:/users/sgsrehm1/COMP702_BeyondAF/code/COMP390_code/openfold/run_pretrained_openfold.py:Running relaxation on /users/sgsrehm1/fastscratch/COMP702_ep32_inference/runs/7dsq_ep32_relaxed_100_9827080/repeat_55/predictions/7dsq_A_model_1_unrelaxed.pdb...
INFO:/users/sgsrehm1/COMP702_BeyondAF/code/COMP390_code/openfold/openfold/utils/script_utils.py:Relaxation time: 13.11422594357282
INFO:/users/sgsrehm1/COMP702_BeyondAF/code/COMP390_code/openfold/openfold/utils/script_utils.py:Relaxed output written to /users/sgsrehm1/fastscratch/COMP702_ep32_inference/runs/7dsq_ep32_relaxed_100_9827080/repeat_55/predictions/7dsq_A_model_1_relaxed.pdb...
/users/sgsrehm1/COMP702_BeyondAF/code/COMP390_code/openfold/openfold/utils/script_utils.py:131: FutureWarning: You are using `torch.load` with `weights_only=False` (the current default value), which uses the default pickle module implicitly. It is possible to construct malicious pickle data which will execute arbitrary code during unpickling (See https://github.com/pytorch/pytorch/blob/main/SECURITY.md#untrusted-models for more details). In a future release, the default value for `weights_only` will be flipped to `True`. This limits the functions that could be executed during unpickling. Arbitrary objects will no longer be allowed to be loaded via this mode unless they are explicitly allowlisted by the user via `torch.serialization.add_safe_globals`. We recommend you start setting `weights_only=True` for any use case where you don't have full control of the loaded file. Please open an issue on GitHub for any issues related to this experimental feature.
  d = torch.load(ckpt_path)
INFO:/users/sgsrehm1/COMP702_BeyondAF/code/COMP390_code/openfold/openfold/utils/script_utils.py:Loaded OpenFold parameters at /users/sgsrehm1/COMP702_BeyondAF/code/COMP390_code/checkpoints/run_subset_gpu32_h100_ep33/csv_logs/version_0/checkpoints/32-330000.ckpt...
INFO:/users/sgsrehm1/COMP702_BeyondAF/code/COMP390_code/openfold/run_pretrained_openfold.py:Using precomputed alignments for 7dsq_A at /users/sgsrehm1/scratch/openfold_inference/alignments_cf...
INFO:/users/sgsrehm1/COMP702_BeyondAF/code/COMP390_code/openfold/openfold/utils/script_utils.py:Running inference for 7dsq_A...
INFO:/users/sgsrehm1/COMP702_BeyondAF/code/COMP390_code/openfold/openfold/utils/script_utils.py:Inference time: 17.69380626268685
/users/sgsrehm1/COMP702_BeyondAF/code/COMP390_code/openfold/run_pretrained_openfold.py:351: DeprecationWarning: __array__ implementation doesn't accept a copy keyword, so passing copy=False failed. __array__ must implement 'dtype' and 'copy' keyword arguments. To learn more, see the migration guide https://numpy.org/devdocs/numpy_2_0_migration_guide.html#adapting-to-changes-in-the-copy-keyword
  lambda x: np.array(x[..., -1].cpu()),
/users/sgsrehm1/COMP702_BeyondAF/code/COMP390_code/openfold/run_pretrained_openfold.py:354: DeprecationWarning: __array__ implementation doesn't accept a copy keyword, so passing copy=False failed. __array__ must implement 'dtype' and 'copy' keyword arguments. To learn more, see the migration guide https://numpy.org/devdocs/numpy_2_0_migration_guide.html#adapting-to-changes-in-the-copy-keyword
  out = tensor_tree_map(lambda x: np.array(x.cpu()), out)
INFO:/users/sgsrehm1/COMP702_BeyondAF/code/COMP390_code/openfold/run_pretrained_openfold.py:Output written to /users/sgsrehm1/fastscratch/COMP702_ep32_inference/runs/7dsq_ep32_relaxed_100_9827080/repeat_56/predictions/7dsq_A_model_1_unrelaxed.pdb...
INFO:/users/sgsrehm1/COMP702_BeyondAF/code/COMP390_code/openfold/run_pretrained_openfold.py:Running relaxation on /users/sgsrehm1/fastscratch/COMP702_ep32_inference/runs/7dsq_ep32_relaxed_100_9827080/repeat_56/predictions/7dsq_A_model_1_unrelaxed.pdb...
INFO:/users/sgsrehm1/COMP702_BeyondAF/code/COMP390_code/openfold/openfold/utils/script_utils.py:Relaxation time: 17.521869002841413
INFO:/users/sgsrehm1/COMP702_BeyondAF/code/COMP390_code/openfold/openfold/utils/script_utils.py:Relaxed output written to /users/sgsrehm1/fastscratch/COMP702_ep32_inference/runs/7dsq_ep32_relaxed_100_9827080/repeat_56/predictions/7dsq_A_model_1_relaxed.pdb...
/users/sgsrehm1/COMP702_BeyondAF/code/COMP390_code/openfold/openfold/utils/script_utils.py:131: FutureWarning: You are using `torch.load` with `weights_only=False` (the current default value), which uses the default pickle module implicitly. It is possible to construct malicious pickle data which will execute arbitrary code during unpickling (See https://github.com/pytorch/pytorch/blob/main/SECURITY.md#untrusted-models for more details). In a future release, the default value for `weights_only` will be flipped to `True`. This limits the functions that could be executed during unpickling. Arbitrary objects will no longer be allowed to be loaded via this mode unless they are explicitly allowlisted by the user via `torch.serialization.add_safe_globals`. We recommend you start setting `weights_only=True` for any use case where you don't have full control of the loaded file. Please open an issue on GitHub for any issues related to this experimental feature.
  d = torch.load(ckpt_path)
INFO:/users/sgsrehm1/COMP702_BeyondAF/code/COMP390_code/openfold/openfold/utils/script_utils.py:Loaded OpenFold parameters at /users/sgsrehm1/COMP702_BeyondAF/code/COMP390_code/checkpoints/run_subset_gpu32_h100_ep33/csv_logs/version_0/checkpoints/32-330000.ckpt...
INFO:/users/sgsrehm1/COMP702_BeyondAF/code/COMP390_code/openfold/run_pretrained_openfold.py:Using precomputed alignments for 7dsq_A at /users/sgsrehm1/scratch/openfold_inference/alignments_cf...
INFO:/users/sgsrehm1/COMP702_BeyondAF/code/COMP390_code/openfold/openfold/utils/script_utils.py:Running inference for 7dsq_A...
INFO:/users/sgsrehm1/COMP702_BeyondAF/code/COMP390_code/openfold/openfold/utils/script_utils.py:Inference time: 17.71289899200201
/users/sgsrehm1/COMP702_BeyondAF/code/COMP390_code/openfold/run_pretrained_openfold.py:351: DeprecationWarning: __array__ implementation doesn't accept a copy keyword, so passing copy=False failed. __array__ must implement 'dtype' and 'copy' keyword arguments. To learn more, see the migration guide https://numpy.org/devdocs/numpy_2_0_migration_guide.html#adapting-to-changes-in-the-copy-keyword
  lambda x: np.array(x[..., -1].cpu()),
/users/sgsrehm1/COMP702_BeyondAF/code/COMP390_code/openfold/run_pretrained_openfold.py:354: DeprecationWarning: __array__ implementation doesn't accept a copy keyword, so passing copy=False failed. __array__ must implement 'dtype' and 'copy' keyword arguments. To learn more, see the migration guide https://numpy.org/devdocs/numpy_2_0_migration_guide.html#adapting-to-changes-in-the-copy-keyword
  out = tensor_tree_map(lambda x: np.array(x.cpu()), out)
INFO:/users/sgsrehm1/COMP702_BeyondAF/code/COMP390_code/openfold/run_pretrained_openfold.py:Output written to /users/sgsrehm1/fastscratch/COMP702_ep32_inference/runs/7dsq_ep32_relaxed_100_9827080/repeat_57/predictions/7dsq_A_model_1_unrelaxed.pdb...
INFO:/users/sgsrehm1/COMP702_BeyondAF/code/COMP390_code/openfold/run_pretrained_openfold.py:Running relaxation on /users/sgsrehm1/fastscratch/COMP702_ep32_inference/runs/7dsq_ep32_relaxed_100_9827080/repeat_57/predictions/7dsq_A_model_1_unrelaxed.pdb...
INFO:/users/sgsrehm1/COMP702_BeyondAF/code/COMP390_code/openfold/openfold/utils/script_utils.py:Relaxation time: 12.151958351023495
INFO:/users/sgsrehm1/COMP702_BeyondAF/code/COMP390_code/openfold/openfold/utils/script_utils.py:Relaxed output written to /users/sgsrehm1/fastscratch/COMP702_ep32_inference/runs/7dsq_ep32_relaxed_100_9827080/repeat_57/predictions/7dsq_A_model_1_relaxed.pdb...
/users/sgsrehm1/COMP702_BeyondAF/code/COMP390_code/openfold/openfold/utils/script_utils.py:131: FutureWarning: You are using `torch.load` with `weights_only=False` (the current default value), which uses the default pickle module implicitly. It is possible to construct malicious pickle data which will execute arbitrary code during unpickling (See https://github.com/pytorch/pytorch/blob/main/SECURITY.md#untrusted-models for more details). In a future release, the default value for `weights_only` will be flipped to `True`. This limits the functions that could be executed during unpickling. Arbitrary objects will no longer be allowed to be loaded via this mode unless they are explicitly allowlisted by the user via `torch.serialization.add_safe_globals`. We recommend you start setting `weights_only=True` for any use case where you don't have full control of the loaded file. Please open an issue on GitHub for any issues related to this experimental feature.
  d = torch.load(ckpt_path)
INFO:/users/sgsrehm1/COMP702_BeyondAF/code/COMP390_code/openfold/openfold/utils/script_utils.py:Loaded OpenFold parameters at /users/sgsrehm1/COMP702_BeyondAF/code/COMP390_code/checkpoints/run_subset_gpu32_h100_ep33/csv_logs/version_0/checkpoints/32-330000.ckpt...
INFO:/users/sgsrehm1/COMP702_BeyondAF/code/COMP390_code/openfold/run_pretrained_openfold.py:Using precomputed alignments for 7dsq_A at /users/sgsrehm1/scratch/openfold_inference/alignments_cf...
INFO:/users/sgsrehm1/COMP702_BeyondAF/code/COMP390_code/openfold/openfold/utils/script_utils.py:Running inference for 7dsq_A...
INFO:/users/sgsrehm1/COMP702_BeyondAF/code/COMP390_code/openfold/openfold/utils/script_utils.py:Inference time: 17.69040321279317
/users/sgsrehm1/COMP702_BeyondAF/code/COMP390_code/openfold/run_pretrained_openfold.py:351: DeprecationWarning: __array__ implementation doesn't accept a copy keyword, so passing copy=False failed. __array__ must implement 'dtype' and 'copy' keyword arguments. To learn more, see the migration guide https://numpy.org/devdocs/numpy_2_0_migration_guide.html#adapting-to-changes-in-the-copy-keyword
  lambda x: np.array(x[..., -1].cpu()),
/users/sgsrehm1/COMP702_BeyondAF/code/COMP390_code/openfold/run_pretrained_openfold.py:354: DeprecationWarning: __array__ implementation doesn't accept a copy keyword, so passing copy=False failed. __array__ must implement 'dtype' and 'copy' keyword arguments. To learn more, see the migration guide https://numpy.org/devdocs/numpy_2_0_migration_guide.html#adapting-to-changes-in-the-copy-keyword
  out = tensor_tree_map(lambda x: np.array(x.cpu()), out)
INFO:/users/sgsrehm1/COMP702_BeyondAF/code/COMP390_code/openfold/run_pretrained_openfold.py:Output written to /users/sgsrehm1/fastscratch/COMP702_ep32_inference/runs/7dsq_ep32_relaxed_100_9827080/repeat_58/predictions/7dsq_A_model_1_unrelaxed.pdb...
INFO:/users/sgsrehm1/COMP702_BeyondAF/code/COMP390_code/openfold/run_pretrained_openfold.py:Running relaxation on /users/sgsrehm1/fastscratch/COMP702_ep32_inference/runs/7dsq_ep32_relaxed_100_9827080/repeat_58/predictions/7dsq_A_model_1_unrelaxed.pdb...
INFO:/users/sgsrehm1/COMP702_BeyondAF/code/COMP390_code/openfold/openfold/utils/script_utils.py:Relaxation time: 12.397541573271155
INFO:/users/sgsrehm1/COMP702_BeyondAF/code/COMP390_code/openfold/openfold/utils/script_utils.py:Relaxed output written to /users/sgsrehm1/fastscratch/COMP702_ep32_inference/runs/7dsq_ep32_relaxed_100_9827080/repeat_58/predictions/7dsq_A_model_1_relaxed.pdb...
/users/sgsrehm1/COMP702_BeyondAF/code/COMP390_code/openfold/openfold/utils/script_utils.py:131: FutureWarning: You are using `torch.load` with `weights_only=False` (the current default value), which uses the default pickle module implicitly. It is possible to construct malicious pickle data which will execute arbitrary code during unpickling (See https://github.com/pytorch/pytorch/blob/main/SECURITY.md#untrusted-models for more details). In a future release, the default value for `weights_only` will be flipped to `True`. This limits the functions that could be executed during unpickling. Arbitrary objects will no longer be allowed to be loaded via this mode unless they are explicitly allowlisted by the user via `torch.serialization.add_safe_globals`. We recommend you start setting `weights_only=True` for any use case where you don't have full control of the loaded file. Please open an issue on GitHub for any issues related to this experimental feature.
  d = torch.load(ckpt_path)
INFO:/users/sgsrehm1/COMP702_BeyondAF/code/COMP390_code/openfold/openfold/utils/script_utils.py:Loaded OpenFold parameters at /users/sgsrehm1/COMP702_BeyondAF/code/COMP390_code/checkpoints/run_subset_gpu32_h100_ep33/csv_logs/version_0/checkpoints/32-330000.ckpt...
INFO:/users/sgsrehm1/COMP702_BeyondAF/code/COMP390_code/openfold/run_pretrained_openfold.py:Using precomputed alignments for 7dsq_A at /users/sgsrehm1/scratch/openfold_inference/alignments_cf...
INFO:/users/sgsrehm1/COMP702_BeyondAF/code/COMP390_code/openfold/openfold/utils/script_utils.py:Running inference for 7dsq_A...
INFO:/users/sgsrehm1/COMP702_BeyondAF/code/COMP390_code/openfold/openfold/utils/script_utils.py:Inference time: 17.68716863822192
/users/sgsrehm1/COMP702_BeyondAF/code/COMP390_code/openfold/run_pretrained_openfold.py:351: DeprecationWarning: __array__ implementation doesn't accept a copy keyword, so passing copy=False failed. __array__ must implement 'dtype' and 'copy' keyword arguments. To learn more, see the migration guide https://numpy.org/devdocs/numpy_2_0_migration_guide.html#adapting-to-changes-in-the-copy-keyword
  lambda x: np.array(x[..., -1].cpu()),
/users/sgsrehm1/COMP702_BeyondAF/code/COMP390_code/openfold/run_pretrained_openfold.py:354: DeprecationWarning: __array__ implementation doesn't accept a copy keyword, so passing copy=False failed. __array__ must implement 'dtype' and 'copy' keyword arguments. To learn more, see the migration guide https://numpy.org/devdocs/numpy_2_0_migration_guide.html#adapting-to-changes-in-the-copy-keyword
  out = tensor_tree_map(lambda x: np.array(x.cpu()), out)
INFO:/users/sgsrehm1/COMP702_BeyondAF/code/COMP390_code/openfold/run_pretrained_openfold.py:Output written to /users/sgsrehm1/fastscratch/COMP702_ep32_inference/runs/7dsq_ep32_relaxed_100_9827080/repeat_59/predictions/7dsq_A_model_1_unrelaxed.pdb...
INFO:/users/sgsrehm1/COMP702_BeyondAF/code/COMP390_code/openfold/run_pretrained_openfold.py:Running relaxation on /users/sgsrehm1/fastscratch/COMP702_ep32_inference/runs/7dsq_ep32_relaxed_100_9827080/repeat_59/predictions/7dsq_A_model_1_unrelaxed.pdb...
INFO:/users/sgsrehm1/COMP702_BeyondAF/code/COMP390_code/openfold/openfold/utils/script_utils.py:Relaxation time: 17.041386164724827
INFO:/users/sgsrehm1/COMP702_BeyondAF/code/COMP390_code/openfold/openfold/utils/script_utils.py:Relaxed output written to /users/sgsrehm1/fastscratch/COMP702_ep32_inference/runs/7dsq_ep32_relaxed_100_9827080/repeat_59/predictions/7dsq_A_model_1_relaxed.pdb...
/users/sgsrehm1/COMP702_BeyondAF/code/COMP390_code/openfold/openfold/utils/script_utils.py:131: FutureWarning: You are using `torch.load` with `weights_only=False` (the current default value), which uses the default pickle module implicitly. It is possible to construct malicious pickle data which will execute arbitrary code during unpickling (See https://github.com/pytorch/pytorch/blob/main/SECURITY.md#untrusted-models for more details). In a future release, the default value for `weights_only` will be flipped to `True`. This limits the functions that could be executed during unpickling. Arbitrary objects will no longer be allowed to be loaded via this mode unless they are explicitly allowlisted by the user via `torch.serialization.add_safe_globals`. We recommend you start setting `weights_only=True` for any use case where you don't have full control of the loaded file. Please open an issue on GitHub for any issues related to this experimental feature.
  d = torch.load(ckpt_path)
INFO:/users/sgsrehm1/COMP702_BeyondAF/code/COMP390_code/openfold/openfold/utils/script_utils.py:Loaded OpenFold parameters at /users/sgsrehm1/COMP702_BeyondAF/code/COMP390_code/checkpoints/run_subset_gpu32_h100_ep33/csv_logs/version_0/checkpoints/32-330000.ckpt...
INFO:/users/sgsrehm1/COMP702_BeyondAF/code/COMP390_code/openfold/run_pretrained_openfold.py:Using precomputed alignments for 7dsq_A at /users/sgsrehm1/scratch/openfold_inference/alignments_cf...
INFO:/users/sgsrehm1/COMP702_BeyondAF/code/COMP390_code/openfold/openfold/utils/script_utils.py:Running inference for 7dsq_A...
INFO:/users/sgsrehm1/COMP702_BeyondAF/code/COMP390_code/openfold/openfold/utils/script_utils.py:Inference time: 17.69883607700467
/users/sgsrehm1/COMP702_BeyondAF/code/COMP390_code/openfold/run_pretrained_openfold.py:351: DeprecationWarning: __array__ implementation doesn't accept a copy keyword, so passing copy=False failed. __array__ must implement 'dtype' and 'copy' keyword arguments. To learn more, see the migration guide https://numpy.org/devdocs/numpy_2_0_migration_guide.html#adapting-to-changes-in-the-copy-keyword
  lambda x: np.array(x[..., -1].cpu()),
/users/sgsrehm1/COMP702_BeyondAF/code/COMP390_code/openfold/run_pretrained_openfold.py:354: DeprecationWarning: __array__ implementation doesn't accept a copy keyword, so passing copy=False failed. __array__ must implement 'dtype' and 'copy' keyword arguments. To learn more, see the migration guide https://numpy.org/devdocs/numpy_2_0_migration_guide.html#adapting-to-changes-in-the-copy-keyword
  out = tensor_tree_map(lambda x: np.array(x.cpu()), out)
INFO:/users/sgsrehm1/COMP702_BeyondAF/code/COMP390_code/openfold/run_pretrained_openfold.py:Output written to /users/sgsrehm1/fastscratch/COMP702_ep32_inference/runs/7dsq_ep32_relaxed_100_9827080/repeat_60/predictions/7dsq_A_model_1_unrelaxed.pdb...
INFO:/users/sgsrehm1/COMP702_BeyondAF/code/COMP390_code/openfold/run_pretrained_openfold.py:Running relaxation on /users/sgsrehm1/fastscratch/COMP702_ep32_inference/runs/7dsq_ep32_relaxed_100_9827080/repeat_60/predictions/7dsq_A_model_1_unrelaxed.pdb...
INFO:/users/sgsrehm1/COMP702_BeyondAF/code/COMP390_code/openfold/openfold/utils/script_utils.py:Relaxation time: 12.189859451726079
INFO:/users/sgsrehm1/COMP702_BeyondAF/code/COMP390_code/openfold/openfold/utils/script_utils.py:Relaxed output written to /users/sgsrehm1/fastscratch/COMP702_ep32_inference/runs/7dsq_ep32_relaxed_100_9827080/repeat_60/predictions/7dsq_A_model_1_relaxed.pdb...
/users/sgsrehm1/COMP702_BeyondAF/code/COMP390_code/openfold/openfold/utils/script_utils.py:131: FutureWarning: You are using `torch.load` with `weights_only=False` (the current default value), which uses the default pickle module implicitly. It is possible to construct malicious pickle data which will execute arbitrary code during unpickling (See https://github.com/pytorch/pytorch/blob/main/SECURITY.md#untrusted-models for more details). In a future release, the default value for `weights_only` will be flipped to `True`. This limits the functions that could be executed during unpickling. Arbitrary objects will no longer be allowed to be loaded via this mode unless they are explicitly allowlisted by the user via `torch.serialization.add_safe_globals`. We recommend you start setting `weights_only=True` for any use case where you don't have full control of the loaded file. Please open an issue on GitHub for any issues related to this experimental feature.
  d = torch.load(ckpt_path)
INFO:/users/sgsrehm1/COMP702_BeyondAF/code/COMP390_code/openfold/openfold/utils/script_utils.py:Loaded OpenFold parameters at /users/sgsrehm1/COMP702_BeyondAF/code/COMP390_code/checkpoints/run_subset_gpu32_h100_ep33/csv_logs/version_0/checkpoints/32-330000.ckpt...
INFO:/users/sgsrehm1/COMP702_BeyondAF/code/COMP390_code/openfold/run_pretrained_openfold.py:Using precomputed alignments for 7dsq_A at /users/sgsrehm1/scratch/openfold_inference/alignments_cf...
INFO:/users/sgsrehm1/COMP702_BeyondAF/code/COMP390_code/openfold/openfold/utils/script_utils.py:Running inference for 7dsq_A...
INFO:/users/sgsrehm1/COMP702_BeyondAF/code/COMP390_code/openfold/openfold/utils/script_utils.py:Inference time: 17.69868397153914
/users/sgsrehm1/COMP702_BeyondAF/code/COMP390_code/openfold/run_pretrained_openfold.py:351: DeprecationWarning: __array__ implementation doesn't accept a copy keyword, so passing copy=False failed. __array__ must implement 'dtype' and 'copy' keyword arguments. To learn more, see the migration guide https://numpy.org/devdocs/numpy_2_0_migration_guide.html#adapting-to-changes-in-the-copy-keyword
  lambda x: np.array(x[..., -1].cpu()),
/users/sgsrehm1/COMP702_BeyondAF/code/COMP390_code/openfold/run_pretrained_openfold.py:354: DeprecationWarning: __array__ implementation doesn't accept a copy keyword, so passing copy=False failed. __array__ must implement 'dtype' and 'copy' keyword arguments. To learn more, see the migration guide https://numpy.org/devdocs/numpy_2_0_migration_guide.html#adapting-to-changes-in-the-copy-keyword
  out = tensor_tree_map(lambda x: np.array(x.cpu()), out)
INFO:/users/sgsrehm1/COMP702_BeyondAF/code/COMP390_code/openfold/run_pretrained_openfold.py:Output written to /users/sgsrehm1/fastscratch/COMP702_ep32_inference/runs/7dsq_ep32_relaxed_100_9827080/repeat_61/predictions/7dsq_A_model_1_unrelaxed.pdb...
INFO:/users/sgsrehm1/COMP702_BeyondAF/code/COMP390_code/openfold/run_pretrained_openfold.py:Running relaxation on /users/sgsrehm1/fastscratch/COMP702_ep32_inference/runs/7dsq_ep32_relaxed_100_9827080/repeat_61/predictions/7dsq_A_model_1_unrelaxed.pdb...
INFO:/users/sgsrehm1/COMP702_BeyondAF/code/COMP390_code/openfold/openfold/utils/script_utils.py:Relaxation time: 13.126649499870837
INFO:/users/sgsrehm1/COMP702_BeyondAF/code/COMP390_code/openfold/openfold/utils/script_utils.py:Relaxed output written to /users/sgsrehm1/fastscratch/COMP702_ep32_inference/runs/7dsq_ep32_relaxed_100_9827080/repeat_61/predictions/7dsq_A_model_1_relaxed.pdb...
/users/sgsrehm1/COMP702_BeyondAF/code/COMP390_code/openfold/openfold/utils/script_utils.py:131: FutureWarning: You are using `torch.load` with `weights_only=False` (the current default value), which uses the default pickle module implicitly. It is possible to construct malicious pickle data which will execute arbitrary code during unpickling (See https://github.com/pytorch/pytorch/blob/main/SECURITY.md#untrusted-models for more details). In a future release, the default value for `weights_only` will be flipped to `True`. This limits the functions that could be executed during unpickling. Arbitrary objects will no longer be allowed to be loaded via this mode unless they are explicitly allowlisted by the user via `torch.serialization.add_safe_globals`. We recommend you start setting `weights_only=True` for any use case where you don't have full control of the loaded file. Please open an issue on GitHub for any issues related to this experimental feature.
  d = torch.load(ckpt_path)
INFO:/users/sgsrehm1/COMP702_BeyondAF/code/COMP390_code/openfold/openfold/utils/script_utils.py:Loaded OpenFold parameters at /users/sgsrehm1/COMP702_BeyondAF/code/COMP390_code/checkpoints/run_subset_gpu32_h100_ep33/csv_logs/version_0/checkpoints/32-330000.ckpt...
INFO:/users/sgsrehm1/COMP702_BeyondAF/code/COMP390_code/openfold/run_pretrained_openfold.py:Using precomputed alignments for 7dsq_A at /users/sgsrehm1/scratch/openfold_inference/alignments_cf...
INFO:/users/sgsrehm1/COMP702_BeyondAF/code/COMP390_code/openfold/openfold/utils/script_utils.py:Running inference for 7dsq_A...
INFO:/users/sgsrehm1/COMP702_BeyondAF/code/COMP390_code/openfold/openfold/utils/script_utils.py:Inference time: 17.68861556146294
/users/sgsrehm1/COMP702_BeyondAF/code/COMP390_code/openfold/run_pretrained_openfold.py:351: DeprecationWarning: __array__ implementation doesn't accept a copy keyword, so passing copy=False failed. __array__ must implement 'dtype' and 'copy' keyword arguments. To learn more, see the migration guide https://numpy.org/devdocs/numpy_2_0_migration_guide.html#adapting-to-changes-in-the-copy-keyword
  lambda x: np.array(x[..., -1].cpu()),
/users/sgsrehm1/COMP702_BeyondAF/code/COMP390_code/openfold/run_pretrained_openfold.py:354: DeprecationWarning: __array__ implementation doesn't accept a copy keyword, so passing copy=False failed. __array__ must implement 'dtype' and 'copy' keyword arguments. To learn more, see the migration guide https://numpy.org/devdocs/numpy_2_0_migration_guide.html#adapting-to-changes-in-the-copy-keyword
  out = tensor_tree_map(lambda x: np.array(x.cpu()), out)
INFO:/users/sgsrehm1/COMP702_BeyondAF/code/COMP390_code/openfold/run_pretrained_openfold.py:Output written to /users/sgsrehm1/fastscratch/COMP702_ep32_inference/runs/7dsq_ep32_relaxed_100_9827080/repeat_62/predictions/7dsq_A_model_1_unrelaxed.pdb...
INFO:/users/sgsrehm1/COMP702_BeyondAF/code/COMP390_code/openfold/run_pretrained_openfold.py:Running relaxation on /users/sgsrehm1/fastscratch/COMP702_ep32_inference/runs/7dsq_ep32_relaxed_100_9827080/repeat_62/predictions/7dsq_A_model_1_unrelaxed.pdb...
INFO:/users/sgsrehm1/COMP702_BeyondAF/code/COMP390_code/openfold/openfold/utils/script_utils.py:Relaxation time: 12.173180844634771
INFO:/users/sgsrehm1/COMP702_BeyondAF/code/COMP390_code/openfold/openfold/utils/script_utils.py:Relaxed output written to /users/sgsrehm1/fastscratch/COMP702_ep32_inference/runs/7dsq_ep32_relaxed_100_9827080/repeat_62/predictions/7dsq_A_model_1_relaxed.pdb...
/users/sgsrehm1/COMP702_BeyondAF/code/COMP390_code/openfold/openfold/utils/script_utils.py:131: FutureWarning: You are using `torch.load` with `weights_only=False` (the current default value), which uses the default pickle module implicitly. It is possible to construct malicious pickle data which will execute arbitrary code during unpickling (See https://github.com/pytorch/pytorch/blob/main/SECURITY.md#untrusted-models for more details). In a future release, the default value for `weights_only` will be flipped to `True`. This limits the functions that could be executed during unpickling. Arbitrary objects will no longer be allowed to be loaded via this mode unless they are explicitly allowlisted by the user via `torch.serialization.add_safe_globals`. We recommend you start setting `weights_only=True` for any use case where you don't have full control of the loaded file. Please open an issue on GitHub for any issues related to this experimental feature.
  d = torch.load(ckpt_path)
INFO:/users/sgsrehm1/COMP702_BeyondAF/code/COMP390_code/openfold/openfold/utils/script_utils.py:Loaded OpenFold parameters at /users/sgsrehm1/COMP702_BeyondAF/code/COMP390_code/checkpoints/run_subset_gpu32_h100_ep33/csv_logs/version_0/checkpoints/32-330000.ckpt...
INFO:/users/sgsrehm1/COMP702_BeyondAF/code/COMP390_code/openfold/run_pretrained_openfold.py:Using precomputed alignments for 7dsq_A at /users/sgsrehm1/scratch/openfold_inference/alignments_cf...
INFO:/users/sgsrehm1/COMP702_BeyondAF/code/COMP390_code/openfold/openfold/utils/script_utils.py:Running inference for 7dsq_A...
INFO:/users/sgsrehm1/COMP702_BeyondAF/code/COMP390_code/openfold/openfold/utils/script_utils.py:Inference time: 17.702005047351122
/users/sgsrehm1/COMP702_BeyondAF/code/COMP390_code/openfold/run_pretrained_openfold.py:351: DeprecationWarning: __array__ implementation doesn't accept a copy keyword, so passing copy=False failed. __array__ must implement 'dtype' and 'copy' keyword arguments. To learn more, see the migration guide https://numpy.org/devdocs/numpy_2_0_migration_guide.html#adapting-to-changes-in-the-copy-keyword
  lambda x: np.array(x[..., -1].cpu()),
/users/sgsrehm1/COMP702_BeyondAF/code/COMP390_code/openfold/run_pretrained_openfold.py:354: DeprecationWarning: __array__ implementation doesn't accept a copy keyword, so passing copy=False failed. __array__ must implement 'dtype' and 'copy' keyword arguments. To learn more, see the migration guide https://numpy.org/devdocs/numpy_2_0_migration_guide.html#adapting-to-changes-in-the-copy-keyword
  out = tensor_tree_map(lambda x: np.array(x.cpu()), out)
INFO:/users/sgsrehm1/COMP702_BeyondAF/code/COMP390_code/openfold/run_pretrained_openfold.py:Output written to /users/sgsrehm1/fastscratch/COMP702_ep32_inference/runs/7dsq_ep32_relaxed_100_9827080/repeat_63/predictions/7dsq_A_model_1_unrelaxed.pdb...
INFO:/users/sgsrehm1/COMP702_BeyondAF/code/COMP390_code/openfold/run_pretrained_openfold.py:Running relaxation on /users/sgsrehm1/fastscratch/COMP702_ep32_inference/runs/7dsq_ep32_relaxed_100_9827080/repeat_63/predictions/7dsq_A_model_1_unrelaxed.pdb...
INFO:/users/sgsrehm1/COMP702_BeyondAF/code/COMP390_code/openfold/openfold/utils/script_utils.py:Relaxation time: 11.972371813841164
INFO:/users/sgsrehm1/COMP702_BeyondAF/code/COMP390_code/openfold/openfold/utils/script_utils.py:Relaxed output written to /users/sgsrehm1/fastscratch/COMP702_ep32_inference/runs/7dsq_ep32_relaxed_100_9827080/repeat_63/predictions/7dsq_A_model_1_relaxed.pdb...
/users/sgsrehm1/COMP702_BeyondAF/code/COMP390_code/openfold/openfold/utils/script_utils.py:131: FutureWarning: You are using `torch.load` with `weights_only=False` (the current default value), which uses the default pickle module implicitly. It is possible to construct malicious pickle data which will execute arbitrary code during unpickling (See https://github.com/pytorch/pytorch/blob/main/SECURITY.md#untrusted-models for more details). In a future release, the default value for `weights_only` will be flipped to `True`. This limits the functions that could be executed during unpickling. Arbitrary objects will no longer be allowed to be loaded via this mode unless they are explicitly allowlisted by the user via `torch.serialization.add_safe_globals`. We recommend you start setting `weights_only=True` for any use case where you don't have full control of the loaded file. Please open an issue on GitHub for any issues related to this experimental feature.
  d = torch.load(ckpt_path)
INFO:/users/sgsrehm1/COMP702_BeyondAF/code/COMP390_code/openfold/openfold/utils/script_utils.py:Loaded OpenFold parameters at /users/sgsrehm1/COMP702_BeyondAF/code/COMP390_code/checkpoints/run_subset_gpu32_h100_ep33/csv_logs/version_0/checkpoints/32-330000.ckpt...
INFO:/users/sgsrehm1/COMP702_BeyondAF/code/COMP390_code/openfold/run_pretrained_openfold.py:Using precomputed alignments for 7dsq_A at /users/sgsrehm1/scratch/openfold_inference/alignments_cf...
INFO:/users/sgsrehm1/COMP702_BeyondAF/code/COMP390_code/openfold/openfold/utils/script_utils.py:Running inference for 7dsq_A...
INFO:/users/sgsrehm1/COMP702_BeyondAF/code/COMP390_code/openfold/openfold/utils/script_utils.py:Inference time: 17.696835838258266
/users/sgsrehm1/COMP702_BeyondAF/code/COMP390_code/openfold/run_pretrained_openfold.py:351: DeprecationWarning: __array__ implementation doesn't accept a copy keyword, so passing copy=False failed. __array__ must implement 'dtype' and 'copy' keyword arguments. To learn more, see the migration guide https://numpy.org/devdocs/numpy_2_0_migration_guide.html#adapting-to-changes-in-the-copy-keyword
  lambda x: np.array(x[..., -1].cpu()),
/users/sgsrehm1/COMP702_BeyondAF/code/COMP390_code/openfold/run_pretrained_openfold.py:354: DeprecationWarning: __array__ implementation doesn't accept a copy keyword, so passing copy=False failed. __array__ must implement 'dtype' and 'copy' keyword arguments. To learn more, see the migration guide https://numpy.org/devdocs/numpy_2_0_migration_guide.html#adapting-to-changes-in-the-copy-keyword
  out = tensor_tree_map(lambda x: np.array(x.cpu()), out)
INFO:/users/sgsrehm1/COMP702_BeyondAF/code/COMP390_code/openfold/run_pretrained_openfold.py:Output written to /users/sgsrehm1/fastscratch/COMP702_ep32_inference/runs/7dsq_ep32_relaxed_100_9827080/repeat_64/predictions/7dsq_A_model_1_unrelaxed.pdb...
INFO:/users/sgsrehm1/COMP702_BeyondAF/code/COMP390_code/openfold/run_pretrained_openfold.py:Running relaxation on /users/sgsrehm1/fastscratch/COMP702_ep32_inference/runs/7dsq_ep32_relaxed_100_9827080/repeat_64/predictions/7dsq_A_model_1_unrelaxed.pdb...
INFO:/users/sgsrehm1/COMP702_BeyondAF/code/COMP390_code/openfold/openfold/utils/script_utils.py:Relaxation time: 12.287166265770793
INFO:/users/sgsrehm1/COMP702_BeyondAF/code/COMP390_code/openfold/openfold/utils/script_utils.py:Relaxed output written to /users/sgsrehm1/fastscratch/COMP702_ep32_inference/runs/7dsq_ep32_relaxed_100_9827080/repeat_64/predictions/7dsq_A_model_1_relaxed.pdb...
/users/sgsrehm1/COMP702_BeyondAF/code/COMP390_code/openfold/openfold/utils/script_utils.py:131: FutureWarning: You are using `torch.load` with `weights_only=False` (the current default value), which uses the default pickle module implicitly. It is possible to construct malicious pickle data which will execute arbitrary code during unpickling (See https://github.com/pytorch/pytorch/blob/main/SECURITY.md#untrusted-models for more details). In a future release, the default value for `weights_only` will be flipped to `True`. This limits the functions that could be executed during unpickling. Arbitrary objects will no longer be allowed to be loaded via this mode unless they are explicitly allowlisted by the user via `torch.serialization.add_safe_globals`. We recommend you start setting `weights_only=True` for any use case where you don't have full control of the loaded file. Please open an issue on GitHub for any issues related to this experimental feature.
  d = torch.load(ckpt_path)
INFO:/users/sgsrehm1/COMP702_BeyondAF/code/COMP390_code/openfold/openfold/utils/script_utils.py:Loaded OpenFold parameters at /users/sgsrehm1/COMP702_BeyondAF/code/COMP390_code/checkpoints/run_subset_gpu32_h100_ep33/csv_logs/version_0/checkpoints/32-330000.ckpt...
INFO:/users/sgsrehm1/COMP702_BeyondAF/code/COMP390_code/openfold/run_pretrained_openfold.py:Using precomputed alignments for 7dsq_A at /users/sgsrehm1/scratch/openfold_inference/alignments_cf...
INFO:/users/sgsrehm1/COMP702_BeyondAF/code/COMP390_code/openfold/openfold/utils/script_utils.py:Running inference for 7dsq_A...
INFO:/users/sgsrehm1/COMP702_BeyondAF/code/COMP390_code/openfold/openfold/utils/script_utils.py:Inference time: 17.68610594421625
/users/sgsrehm1/COMP702_BeyondAF/code/COMP390_code/openfold/run_pretrained_openfold.py:351: DeprecationWarning: __array__ implementation doesn't accept a copy keyword, so passing copy=False failed. __array__ must implement 'dtype' and 'copy' keyword arguments. To learn more, see the migration guide https://numpy.org/devdocs/numpy_2_0_migration_guide.html#adapting-to-changes-in-the-copy-keyword
  lambda x: np.array(x[..., -1].cpu()),
/users/sgsrehm1/COMP702_BeyondAF/code/COMP390_code/openfold/run_pretrained_openfold.py:354: DeprecationWarning: __array__ implementation doesn't accept a copy keyword, so passing copy=False failed. __array__ must implement 'dtype' and 'copy' keyword arguments. To learn more, see the migration guide https://numpy.org/devdocs/numpy_2_0_migration_guide.html#adapting-to-changes-in-the-copy-keyword
  out = tensor_tree_map(lambda x: np.array(x.cpu()), out)
INFO:/users/sgsrehm1/COMP702_BeyondAF/code/COMP390_code/openfold/run_pretrained_openfold.py:Output written to /users/sgsrehm1/fastscratch/COMP702_ep32_inference/runs/7dsq_ep32_relaxed_100_9827080/repeat_65/predictions/7dsq_A_model_1_unrelaxed.pdb...
INFO:/users/sgsrehm1/COMP702_BeyondAF/code/COMP390_code/openfold/run_pretrained_openfold.py:Running relaxation on /users/sgsrehm1/fastscratch/COMP702_ep32_inference/runs/7dsq_ep32_relaxed_100_9827080/repeat_65/predictions/7dsq_A_model_1_unrelaxed.pdb...
INFO:/users/sgsrehm1/COMP702_BeyondAF/code/COMP390_code/openfold/openfold/utils/script_utils.py:Relaxation time: 12.350465976633132
INFO:/users/sgsrehm1/COMP702_BeyondAF/code/COMP390_code/openfold/openfold/utils/script_utils.py:Relaxed output written to /users/sgsrehm1/fastscratch/COMP702_ep32_inference/runs/7dsq_ep32_relaxed_100_9827080/repeat_65/predictions/7dsq_A_model_1_relaxed.pdb...
/users/sgsrehm1/COMP702_BeyondAF/code/COMP390_code/openfold/openfold/utils/script_utils.py:131: FutureWarning: You are using `torch.load` with `weights_only=False` (the current default value), which uses the default pickle module implicitly. It is possible to construct malicious pickle data which will execute arbitrary code during unpickling (See https://github.com/pytorch/pytorch/blob/main/SECURITY.md#untrusted-models for more details). In a future release, the default value for `weights_only` will be flipped to `True`. This limits the functions that could be executed during unpickling. Arbitrary objects will no longer be allowed to be loaded via this mode unless they are explicitly allowlisted by the user via `torch.serialization.add_safe_globals`. We recommend you start setting `weights_only=True` for any use case where you don't have full control of the loaded file. Please open an issue on GitHub for any issues related to this experimental feature.
  d = torch.load(ckpt_path)
INFO:/users/sgsrehm1/COMP702_BeyondAF/code/COMP390_code/openfold/openfold/utils/script_utils.py:Loaded OpenFold parameters at /users/sgsrehm1/COMP702_BeyondAF/code/COMP390_code/checkpoints/run_subset_gpu32_h100_ep33/csv_logs/version_0/checkpoints/32-330000.ckpt...
INFO:/users/sgsrehm1/COMP702_BeyondAF/code/COMP390_code/openfold/run_pretrained_openfold.py:Using precomputed alignments for 7dsq_A at /users/sgsrehm1/scratch/openfold_inference/alignments_cf...
INFO:/users/sgsrehm1/COMP702_BeyondAF/code/COMP390_code/openfold/openfold/utils/script_utils.py:Running inference for 7dsq_A...
INFO:/users/sgsrehm1/COMP702_BeyondAF/code/COMP390_code/openfold/openfold/utils/script_utils.py:Inference time: 17.717508086003363
/users/sgsrehm1/COMP702_BeyondAF/code/COMP390_code/openfold/run_pretrained_openfold.py:351: DeprecationWarning: __array__ implementation doesn't accept a copy keyword, so passing copy=False failed. __array__ must implement 'dtype' and 'copy' keyword arguments. To learn more, see the migration guide https://numpy.org/devdocs/numpy_2_0_migration_guide.html#adapting-to-changes-in-the-copy-keyword
  lambda x: np.array(x[..., -1].cpu()),
/users/sgsrehm1/COMP702_BeyondAF/code/COMP390_code/openfold/run_pretrained_openfold.py:354: DeprecationWarning: __array__ implementation doesn't accept a copy keyword, so passing copy=False failed. __array__ must implement 'dtype' and 'copy' keyword arguments. To learn more, see the migration guide https://numpy.org/devdocs/numpy_2_0_migration_guide.html#adapting-to-changes-in-the-copy-keyword
  out = tensor_tree_map(lambda x: np.array(x.cpu()), out)
INFO:/users/sgsrehm1/COMP702_BeyondAF/code/COMP390_code/openfold/run_pretrained_openfold.py:Output written to /users/sgsrehm1/fastscratch/COMP702_ep32_inference/runs/7dsq_ep32_relaxed_100_9827080/repeat_66/predictions/7dsq_A_model_1_unrelaxed.pdb...
INFO:/users/sgsrehm1/COMP702_BeyondAF/code/COMP390_code/openfold/run_pretrained_openfold.py:Running relaxation on /users/sgsrehm1/fastscratch/COMP702_ep32_inference/runs/7dsq_ep32_relaxed_100_9827080/repeat_66/predictions/7dsq_A_model_1_unrelaxed.pdb...
INFO:/users/sgsrehm1/COMP702_BeyondAF/code/COMP390_code/openfold/openfold/utils/script_utils.py:Relaxation time: 11.953381514176726
INFO:/users/sgsrehm1/COMP702_BeyondAF/code/COMP390_code/openfold/openfold/utils/script_utils.py:Relaxed output written to /users/sgsrehm1/fastscratch/COMP702_ep32_inference/runs/7dsq_ep32_relaxed_100_9827080/repeat_66/predictions/7dsq_A_model_1_relaxed.pdb...
/users/sgsrehm1/COMP702_BeyondAF/code/COMP390_code/openfold/openfold/utils/script_utils.py:131: FutureWarning: You are using `torch.load` with `weights_only=False` (the current default value), which uses the default pickle module implicitly. It is possible to construct malicious pickle data which will execute arbitrary code during unpickling (See https://github.com/pytorch/pytorch/blob/main/SECURITY.md#untrusted-models for more details). In a future release, the default value for `weights_only` will be flipped to `True`. This limits the functions that could be executed during unpickling. Arbitrary objects will no longer be allowed to be loaded via this mode unless they are explicitly allowlisted by the user via `torch.serialization.add_safe_globals`. We recommend you start setting `weights_only=True` for any use case where you don't have full control of the loaded file. Please open an issue on GitHub for any issues related to this experimental feature.
  d = torch.load(ckpt_path)
INFO:/users/sgsrehm1/COMP702_BeyondAF/code/COMP390_code/openfold/openfold/utils/script_utils.py:Loaded OpenFold parameters at /users/sgsrehm1/COMP702_BeyondAF/code/COMP390_code/checkpoints/run_subset_gpu32_h100_ep33/csv_logs/version_0/checkpoints/32-330000.ckpt...
INFO:/users/sgsrehm1/COMP702_BeyondAF/code/COMP390_code/openfold/run_pretrained_openfold.py:Using precomputed alignments for 7dsq_A at /users/sgsrehm1/scratch/openfold_inference/alignments_cf...
INFO:/users/sgsrehm1/COMP702_BeyondAF/code/COMP390_code/openfold/openfold/utils/script_utils.py:Running inference for 7dsq_A...
INFO:/users/sgsrehm1/COMP702_BeyondAF/code/COMP390_code/openfold/openfold/utils/script_utils.py:Inference time: 17.71970124449581
/users/sgsrehm1/COMP702_BeyondAF/code/COMP390_code/openfold/run_pretrained_openfold.py:351: DeprecationWarning: __array__ implementation doesn't accept a copy keyword, so passing copy=False failed. __array__ must implement 'dtype' and 'copy' keyword arguments. To learn more, see the migration guide https://numpy.org/devdocs/numpy_2_0_migration_guide.html#adapting-to-changes-in-the-copy-keyword
  lambda x: np.array(x[..., -1].cpu()),
/users/sgsrehm1/COMP702_BeyondAF/code/COMP390_code/openfold/run_pretrained_openfold.py:354: DeprecationWarning: __array__ implementation doesn't accept a copy keyword, so passing copy=False failed. __array__ must implement 'dtype' and 'copy' keyword arguments. To learn more, see the migration guide https://numpy.org/devdocs/numpy_2_0_migration_guide.html#adapting-to-changes-in-the-copy-keyword
  out = tensor_tree_map(lambda x: np.array(x.cpu()), out)
INFO:/users/sgsrehm1/COMP702_BeyondAF/code/COMP390_code/openfold/run_pretrained_openfold.py:Output written to /users/sgsrehm1/fastscratch/COMP702_ep32_inference/runs/7dsq_ep32_relaxed_100_9827080/repeat_67/predictions/7dsq_A_model_1_unrelaxed.pdb...
INFO:/users/sgsrehm1/COMP702_BeyondAF/code/COMP390_code/openfold/run_pretrained_openfold.py:Running relaxation on /users/sgsrehm1/fastscratch/COMP702_ep32_inference/runs/7dsq_ep32_relaxed_100_9827080/repeat_67/predictions/7dsq_A_model_1_unrelaxed.pdb...
INFO:/users/sgsrehm1/COMP702_BeyondAF/code/COMP390_code/openfold/openfold/utils/script_utils.py:Relaxation time: 13.504904674366117
INFO:/users/sgsrehm1/COMP702_BeyondAF/code/COMP390_code/openfold/openfold/utils/script_utils.py:Relaxed output written to /users/sgsrehm1/fastscratch/COMP702_ep32_inference/runs/7dsq_ep32_relaxed_100_9827080/repeat_67/predictions/7dsq_A_model_1_relaxed.pdb...
/users/sgsrehm1/COMP702_BeyondAF/code/COMP390_code/openfold/openfold/utils/script_utils.py:131: FutureWarning: You are using `torch.load` with `weights_only=False` (the current default value), which uses the default pickle module implicitly. It is possible to construct malicious pickle data which will execute arbitrary code during unpickling (See https://github.com/pytorch/pytorch/blob/main/SECURITY.md#untrusted-models for more details). In a future release, the default value for `weights_only` will be flipped to `True`. This limits the functions that could be executed during unpickling. Arbitrary objects will no longer be allowed to be loaded via this mode unless they are explicitly allowlisted by the user via `torch.serialization.add_safe_globals`. We recommend you start setting `weights_only=True` for any use case where you don't have full control of the loaded file. Please open an issue on GitHub for any issues related to this experimental feature.
  d = torch.load(ckpt_path)
INFO:/users/sgsrehm1/COMP702_BeyondAF/code/COMP390_code/openfold/openfold/utils/script_utils.py:Loaded OpenFold parameters at /users/sgsrehm1/COMP702_BeyondAF/code/COMP390_code/checkpoints/run_subset_gpu32_h100_ep33/csv_logs/version_0/checkpoints/32-330000.ckpt...
INFO:/users/sgsrehm1/COMP702_BeyondAF/code/COMP390_code/openfold/run_pretrained_openfold.py:Using precomputed alignments for 7dsq_A at /users/sgsrehm1/scratch/openfold_inference/alignments_cf...
INFO:/users/sgsrehm1/COMP702_BeyondAF/code/COMP390_code/openfold/openfold/utils/script_utils.py:Running inference for 7dsq_A...
INFO:/users/sgsrehm1/COMP702_BeyondAF/code/COMP390_code/openfold/openfold/utils/script_utils.py:Inference time: 17.69203117582947
/users/sgsrehm1/COMP702_BeyondAF/code/COMP390_code/openfold/run_pretrained_openfold.py:351: DeprecationWarning: __array__ implementation doesn't accept a copy keyword, so passing copy=False failed. __array__ must implement 'dtype' and 'copy' keyword arguments. To learn more, see the migration guide https://numpy.org/devdocs/numpy_2_0_migration_guide.html#adapting-to-changes-in-the-copy-keyword
  lambda x: np.array(x[..., -1].cpu()),
/users/sgsrehm1/COMP702_BeyondAF/code/COMP390_code/openfold/run_pretrained_openfold.py:354: DeprecationWarning: __array__ implementation doesn't accept a copy keyword, so passing copy=False failed. __array__ must implement 'dtype' and 'copy' keyword arguments. To learn more, see the migration guide https://numpy.org/devdocs/numpy_2_0_migration_guide.html#adapting-to-changes-in-the-copy-keyword
  out = tensor_tree_map(lambda x: np.array(x.cpu()), out)
INFO:/users/sgsrehm1/COMP702_BeyondAF/code/COMP390_code/openfold/run_pretrained_openfold.py:Output written to /users/sgsrehm1/fastscratch/COMP702_ep32_inference/runs/7dsq_ep32_relaxed_100_9827080/repeat_68/predictions/7dsq_A_model_1_unrelaxed.pdb...
INFO:/users/sgsrehm1/COMP702_BeyondAF/code/COMP390_code/openfold/run_pretrained_openfold.py:Running relaxation on /users/sgsrehm1/fastscratch/COMP702_ep32_inference/runs/7dsq_ep32_relaxed_100_9827080/repeat_68/predictions/7dsq_A_model_1_unrelaxed.pdb...
INFO:/users/sgsrehm1/COMP702_BeyondAF/code/COMP390_code/openfold/openfold/utils/script_utils.py:Relaxation time: 13.801663678139448
INFO:/users/sgsrehm1/COMP702_BeyondAF/code/COMP390_code/openfold/openfold/utils/script_utils.py:Relaxed output written to /users/sgsrehm1/fastscratch/COMP702_ep32_inference/runs/7dsq_ep32_relaxed_100_9827080/repeat_68/predictions/7dsq_A_model_1_relaxed.pdb...
/users/sgsrehm1/COMP702_BeyondAF/code/COMP390_code/openfold/openfold/utils/script_utils.py:131: FutureWarning: You are using `torch.load` with `weights_only=False` (the current default value), which uses the default pickle module implicitly. It is possible to construct malicious pickle data which will execute arbitrary code during unpickling (See https://github.com/pytorch/pytorch/blob/main/SECURITY.md#untrusted-models for more details). In a future release, the default value for `weights_only` will be flipped to `True`. This limits the functions that could be executed during unpickling. Arbitrary objects will no longer be allowed to be loaded via this mode unless they are explicitly allowlisted by the user via `torch.serialization.add_safe_globals`. We recommend you start setting `weights_only=True` for any use case where you don't have full control of the loaded file. Please open an issue on GitHub for any issues related to this experimental feature.
  d = torch.load(ckpt_path)
INFO:/users/sgsrehm1/COMP702_BeyondAF/code/COMP390_code/openfold/openfold/utils/script_utils.py:Loaded OpenFold parameters at /users/sgsrehm1/COMP702_BeyondAF/code/COMP390_code/checkpoints/run_subset_gpu32_h100_ep33/csv_logs/version_0/checkpoints/32-330000.ckpt...
INFO:/users/sgsrehm1/COMP702_BeyondAF/code/COMP390_code/openfold/run_pretrained_openfold.py:Using precomputed alignments for 7dsq_A at /users/sgsrehm1/scratch/openfold_inference/alignments_cf...
INFO:/users/sgsrehm1/COMP702_BeyondAF/code/COMP390_code/openfold/openfold/utils/script_utils.py:Running inference for 7dsq_A...
INFO:/users/sgsrehm1/COMP702_BeyondAF/code/COMP390_code/openfold/openfold/utils/script_utils.py:Inference time: 17.716472282074392
/users/sgsrehm1/COMP702_BeyondAF/code/COMP390_code/openfold/run_pretrained_openfold.py:351: DeprecationWarning: __array__ implementation doesn't accept a copy keyword, so passing copy=False failed. __array__ must implement 'dtype' and 'copy' keyword arguments. To learn more, see the migration guide https://numpy.org/devdocs/numpy_2_0_migration_guide.html#adapting-to-changes-in-the-copy-keyword
  lambda x: np.array(x[..., -1].cpu()),
/users/sgsrehm1/COMP702_BeyondAF/code/COMP390_code/openfold/run_pretrained_openfold.py:354: DeprecationWarning: __array__ implementation doesn't accept a copy keyword, so passing copy=False failed. __array__ must implement 'dtype' and 'copy' keyword arguments. To learn more, see the migration guide https://numpy.org/devdocs/numpy_2_0_migration_guide.html#adapting-to-changes-in-the-copy-keyword
  out = tensor_tree_map(lambda x: np.array(x.cpu()), out)
INFO:/users/sgsrehm1/COMP702_BeyondAF/code/COMP390_code/openfold/run_pretrained_openfold.py:Output written to /users/sgsrehm1/fastscratch/COMP702_ep32_inference/runs/7dsq_ep32_relaxed_100_9827080/repeat_69/predictions/7dsq_A_model_1_unrelaxed.pdb...
INFO:/users/sgsrehm1/COMP702_BeyondAF/code/COMP390_code/openfold/run_pretrained_openfold.py:Running relaxation on /users/sgsrehm1/fastscratch/COMP702_ep32_inference/runs/7dsq_ep32_relaxed_100_9827080/repeat_69/predictions/7dsq_A_model_1_unrelaxed.pdb...
INFO:/users/sgsrehm1/COMP702_BeyondAF/code/COMP390_code/openfold/openfold/utils/script_utils.py:Relaxation time: 11.766520120203495
INFO:/users/sgsrehm1/COMP702_BeyondAF/code/COMP390_code/openfold/openfold/utils/script_utils.py:Relaxed output written to /users/sgsrehm1/fastscratch/COMP702_ep32_inference/runs/7dsq_ep32_relaxed_100_9827080/repeat_69/predictions/7dsq_A_model_1_relaxed.pdb...
/users/sgsrehm1/COMP702_BeyondAF/code/COMP390_code/openfold/openfold/utils/script_utils.py:131: FutureWarning: You are using `torch.load` with `weights_only=False` (the current default value), which uses the default pickle module implicitly. It is possible to construct malicious pickle data which will execute arbitrary code during unpickling (See https://github.com/pytorch/pytorch/blob/main/SECURITY.md#untrusted-models for more details). In a future release, the default value for `weights_only` will be flipped to `True`. This limits the functions that could be executed during unpickling. Arbitrary objects will no longer be allowed to be loaded via this mode unless they are explicitly allowlisted by the user via `torch.serialization.add_safe_globals`. We recommend you start setting `weights_only=True` for any use case where you don't have full control of the loaded file. Please open an issue on GitHub for any issues related to this experimental feature.
  d = torch.load(ckpt_path)
INFO:/users/sgsrehm1/COMP702_BeyondAF/code/COMP390_code/openfold/openfold/utils/script_utils.py:Loaded OpenFold parameters at /users/sgsrehm1/COMP702_BeyondAF/code/COMP390_code/checkpoints/run_subset_gpu32_h100_ep33/csv_logs/version_0/checkpoints/32-330000.ckpt...
INFO:/users/sgsrehm1/COMP702_BeyondAF/code/COMP390_code/openfold/run_pretrained_openfold.py:Using precomputed alignments for 7dsq_A at /users/sgsrehm1/scratch/openfold_inference/alignments_cf...
INFO:/users/sgsrehm1/COMP702_BeyondAF/code/COMP390_code/openfold/openfold/utils/script_utils.py:Running inference for 7dsq_A...
INFO:/users/sgsrehm1/COMP702_BeyondAF/code/COMP390_code/openfold/openfold/utils/script_utils.py:Inference time: 17.716510109603405
/users/sgsrehm1/COMP702_BeyondAF/code/COMP390_code/openfold/run_pretrained_openfold.py:351: DeprecationWarning: __array__ implementation doesn't accept a copy keyword, so passing copy=False failed. __array__ must implement 'dtype' and 'copy' keyword arguments. To learn more, see the migration guide https://numpy.org/devdocs/numpy_2_0_migration_guide.html#adapting-to-changes-in-the-copy-keyword
  lambda x: np.array(x[..., -1].cpu()),
/users/sgsrehm1/COMP702_BeyondAF/code/COMP390_code/openfold/run_pretrained_openfold.py:354: DeprecationWarning: __array__ implementation doesn't accept a copy keyword, so passing copy=False failed. __array__ must implement 'dtype' and 'copy' keyword arguments. To learn more, see the migration guide https://numpy.org/devdocs/numpy_2_0_migration_guide.html#adapting-to-changes-in-the-copy-keyword
  out = tensor_tree_map(lambda x: np.array(x.cpu()), out)
INFO:/users/sgsrehm1/COMP702_BeyondAF/code/COMP390_code/openfold/run_pretrained_openfold.py:Output written to /users/sgsrehm1/fastscratch/COMP702_ep32_inference/runs/7dsq_ep32_relaxed_100_9827080/repeat_70/predictions/7dsq_A_model_1_unrelaxed.pdb...
INFO:/users/sgsrehm1/COMP702_BeyondAF/code/COMP390_code/openfold/run_pretrained_openfold.py:Running relaxation on /users/sgsrehm1/fastscratch/COMP702_ep32_inference/runs/7dsq_ep32_relaxed_100_9827080/repeat_70/predictions/7dsq_A_model_1_unrelaxed.pdb...
INFO:/users/sgsrehm1/COMP702_BeyondAF/code/COMP390_code/openfold/openfold/utils/script_utils.py:Relaxation time: 12.222093633376062
INFO:/users/sgsrehm1/COMP702_BeyondAF/code/COMP390_code/openfold/openfold/utils/script_utils.py:Relaxed output written to /users/sgsrehm1/fastscratch/COMP702_ep32_inference/runs/7dsq_ep32_relaxed_100_9827080/repeat_70/predictions/7dsq_A_model_1_relaxed.pdb...
/users/sgsrehm1/COMP702_BeyondAF/code/COMP390_code/openfold/openfold/utils/script_utils.py:131: FutureWarning: You are using `torch.load` with `weights_only=False` (the current default value), which uses the default pickle module implicitly. It is possible to construct malicious pickle data which will execute arbitrary code during unpickling (See https://github.com/pytorch/pytorch/blob/main/SECURITY.md#untrusted-models for more details). In a future release, the default value for `weights_only` will be flipped to `True`. This limits the functions that could be executed during unpickling. Arbitrary objects will no longer be allowed to be loaded via this mode unless they are explicitly allowlisted by the user via `torch.serialization.add_safe_globals`. We recommend you start setting `weights_only=True` for any use case where you don't have full control of the loaded file. Please open an issue on GitHub for any issues related to this experimental feature.
  d = torch.load(ckpt_path)
INFO:/users/sgsrehm1/COMP702_BeyondAF/code/COMP390_code/openfold/openfold/utils/script_utils.py:Loaded OpenFold parameters at /users/sgsrehm1/COMP702_BeyondAF/code/COMP390_code/checkpoints/run_subset_gpu32_h100_ep33/csv_logs/version_0/checkpoints/32-330000.ckpt...
INFO:/users/sgsrehm1/COMP702_BeyondAF/code/COMP390_code/openfold/run_pretrained_openfold.py:Using precomputed alignments for 7dsq_A at /users/sgsrehm1/scratch/openfold_inference/alignments_cf...
INFO:/users/sgsrehm1/COMP702_BeyondAF/code/COMP390_code/openfold/openfold/utils/script_utils.py:Running inference for 7dsq_A...
INFO:/users/sgsrehm1/COMP702_BeyondAF/code/COMP390_code/openfold/openfold/utils/script_utils.py:Inference time: 17.688216170296073
/users/sgsrehm1/COMP702_BeyondAF/code/COMP390_code/openfold/run_pretrained_openfold.py:351: DeprecationWarning: __array__ implementation doesn't accept a copy keyword, so passing copy=False failed. __array__ must implement 'dtype' and 'copy' keyword arguments. To learn more, see the migration guide https://numpy.org/devdocs/numpy_2_0_migration_guide.html#adapting-to-changes-in-the-copy-keyword
  lambda x: np.array(x[..., -1].cpu()),
/users/sgsrehm1/COMP702_BeyondAF/code/COMP390_code/openfold/run_pretrained_openfold.py:354: DeprecationWarning: __array__ implementation doesn't accept a copy keyword, so passing copy=False failed. __array__ must implement 'dtype' and 'copy' keyword arguments. To learn more, see the migration guide https://numpy.org/devdocs/numpy_2_0_migration_guide.html#adapting-to-changes-in-the-copy-keyword
  out = tensor_tree_map(lambda x: np.array(x.cpu()), out)
INFO:/users/sgsrehm1/COMP702_BeyondAF/code/COMP390_code/openfold/run_pretrained_openfold.py:Output written to /users/sgsrehm1/fastscratch/COMP702_ep32_inference/runs/7dsq_ep32_relaxed_100_9827080/repeat_71/predictions/7dsq_A_model_1_unrelaxed.pdb...
INFO:/users/sgsrehm1/COMP702_BeyondAF/code/COMP390_code/openfold/run_pretrained_openfold.py:Running relaxation on /users/sgsrehm1/fastscratch/COMP702_ep32_inference/runs/7dsq_ep32_relaxed_100_9827080/repeat_71/predictions/7dsq_A_model_1_unrelaxed.pdb...
INFO:/users/sgsrehm1/COMP702_BeyondAF/code/COMP390_code/openfold/openfold/utils/script_utils.py:Relaxation time: 12.238082400523126
INFO:/users/sgsrehm1/COMP702_BeyondAF/code/COMP390_code/openfold/openfold/utils/script_utils.py:Relaxed output written to /users/sgsrehm1/fastscratch/COMP702_ep32_inference/runs/7dsq_ep32_relaxed_100_9827080/repeat_71/predictions/7dsq_A_model_1_relaxed.pdb...
/users/sgsrehm1/COMP702_BeyondAF/code/COMP390_code/openfold/openfold/utils/script_utils.py:131: FutureWarning: You are using `torch.load` with `weights_only=False` (the current default value), which uses the default pickle module implicitly. It is possible to construct malicious pickle data which will execute arbitrary code during unpickling (See https://github.com/pytorch/pytorch/blob/main/SECURITY.md#untrusted-models for more details). In a future release, the default value for `weights_only` will be flipped to `True`. This limits the functions that could be executed during unpickling. Arbitrary objects will no longer be allowed to be loaded via this mode unless they are explicitly allowlisted by the user via `torch.serialization.add_safe_globals`. We recommend you start setting `weights_only=True` for any use case where you don't have full control of the loaded file. Please open an issue on GitHub for any issues related to this experimental feature.
  d = torch.load(ckpt_path)
INFO:/users/sgsrehm1/COMP702_BeyondAF/code/COMP390_code/openfold/openfold/utils/script_utils.py:Loaded OpenFold parameters at /users/sgsrehm1/COMP702_BeyondAF/code/COMP390_code/checkpoints/run_subset_gpu32_h100_ep33/csv_logs/version_0/checkpoints/32-330000.ckpt...
INFO:/users/sgsrehm1/COMP702_BeyondAF/code/COMP390_code/openfold/run_pretrained_openfold.py:Using precomputed alignments for 7dsq_A at /users/sgsrehm1/scratch/openfold_inference/alignments_cf...
INFO:/users/sgsrehm1/COMP702_BeyondAF/code/COMP390_code/openfold/openfold/utils/script_utils.py:Running inference for 7dsq_A...
INFO:/users/sgsrehm1/COMP702_BeyondAF/code/COMP390_code/openfold/openfold/utils/script_utils.py:Inference time: 17.673071898519993
/users/sgsrehm1/COMP702_BeyondAF/code/COMP390_code/openfold/run_pretrained_openfold.py:351: DeprecationWarning: __array__ implementation doesn't accept a copy keyword, so passing copy=False failed. __array__ must implement 'dtype' and 'copy' keyword arguments. To learn more, see the migration guide https://numpy.org/devdocs/numpy_2_0_migration_guide.html#adapting-to-changes-in-the-copy-keyword
  lambda x: np.array(x[..., -1].cpu()),
/users/sgsrehm1/COMP702_BeyondAF/code/COMP390_code/openfold/run_pretrained_openfold.py:354: DeprecationWarning: __array__ implementation doesn't accept a copy keyword, so passing copy=False failed. __array__ must implement 'dtype' and 'copy' keyword arguments. To learn more, see the migration guide https://numpy.org/devdocs/numpy_2_0_migration_guide.html#adapting-to-changes-in-the-copy-keyword
  out = tensor_tree_map(lambda x: np.array(x.cpu()), out)
INFO:/users/sgsrehm1/COMP702_BeyondAF/code/COMP390_code/openfold/run_pretrained_openfold.py:Output written to /users/sgsrehm1/fastscratch/COMP702_ep32_inference/runs/7dsq_ep32_relaxed_100_9827080/repeat_72/predictions/7dsq_A_model_1_unrelaxed.pdb...
INFO:/users/sgsrehm1/COMP702_BeyondAF/code/COMP390_code/openfold/run_pretrained_openfold.py:Running relaxation on /users/sgsrehm1/fastscratch/COMP702_ep32_inference/runs/7dsq_ep32_relaxed_100_9827080/repeat_72/predictions/7dsq_A_model_1_unrelaxed.pdb...
INFO:/users/sgsrehm1/COMP702_BeyondAF/code/COMP390_code/openfold/openfold/utils/script_utils.py:Relaxation time: 12.053895422257483
INFO:/users/sgsrehm1/COMP702_BeyondAF/code/COMP390_code/openfold/openfold/utils/script_utils.py:Relaxed output written to /users/sgsrehm1/fastscratch/COMP702_ep32_inference/runs/7dsq_ep32_relaxed_100_9827080/repeat_72/predictions/7dsq_A_model_1_relaxed.pdb...
/users/sgsrehm1/COMP702_BeyondAF/code/COMP390_code/openfold/openfold/utils/script_utils.py:131: FutureWarning: You are using `torch.load` with `weights_only=False` (the current default value), which uses the default pickle module implicitly. It is possible to construct malicious pickle data which will execute arbitrary code during unpickling (See https://github.com/pytorch/pytorch/blob/main/SECURITY.md#untrusted-models for more details). In a future release, the default value for `weights_only` will be flipped to `True`. This limits the functions that could be executed during unpickling. Arbitrary objects will no longer be allowed to be loaded via this mode unless they are explicitly allowlisted by the user via `torch.serialization.add_safe_globals`. We recommend you start setting `weights_only=True` for any use case where you don't have full control of the loaded file. Please open an issue on GitHub for any issues related to this experimental feature.
  d = torch.load(ckpt_path)
INFO:/users/sgsrehm1/COMP702_BeyondAF/code/COMP390_code/openfold/openfold/utils/script_utils.py:Loaded OpenFold parameters at /users/sgsrehm1/COMP702_BeyondAF/code/COMP390_code/checkpoints/run_subset_gpu32_h100_ep33/csv_logs/version_0/checkpoints/32-330000.ckpt...
INFO:/users/sgsrehm1/COMP702_BeyondAF/code/COMP390_code/openfold/run_pretrained_openfold.py:Using precomputed alignments for 7dsq_A at /users/sgsrehm1/scratch/openfold_inference/alignments_cf...
INFO:/users/sgsrehm1/COMP702_BeyondAF/code/COMP390_code/openfold/openfold/utils/script_utils.py:Running inference for 7dsq_A...
INFO:/users/sgsrehm1/COMP702_BeyondAF/code/COMP390_code/openfold/openfold/utils/script_utils.py:Inference time: 17.706847140565515
/users/sgsrehm1/COMP702_BeyondAF/code/COMP390_code/openfold/run_pretrained_openfold.py:351: DeprecationWarning: __array__ implementation doesn't accept a copy keyword, so passing copy=False failed. __array__ must implement 'dtype' and 'copy' keyword arguments. To learn more, see the migration guide https://numpy.org/devdocs/numpy_2_0_migration_guide.html#adapting-to-changes-in-the-copy-keyword
  lambda x: np.array(x[..., -1].cpu()),
/users/sgsrehm1/COMP702_BeyondAF/code/COMP390_code/openfold/run_pretrained_openfold.py:354: DeprecationWarning: __array__ implementation doesn't accept a copy keyword, so passing copy=False failed. __array__ must implement 'dtype' and 'copy' keyword arguments. To learn more, see the migration guide https://numpy.org/devdocs/numpy_2_0_migration_guide.html#adapting-to-changes-in-the-copy-keyword
  out = tensor_tree_map(lambda x: np.array(x.cpu()), out)
INFO:/users/sgsrehm1/COMP702_BeyondAF/code/COMP390_code/openfold/run_pretrained_openfold.py:Output written to /users/sgsrehm1/fastscratch/COMP702_ep32_inference/runs/7dsq_ep32_relaxed_100_9827080/repeat_73/predictions/7dsq_A_model_1_unrelaxed.pdb...
INFO:/users/sgsrehm1/COMP702_BeyondAF/code/COMP390_code/openfold/run_pretrained_openfold.py:Running relaxation on /users/sgsrehm1/fastscratch/COMP702_ep32_inference/runs/7dsq_ep32_relaxed_100_9827080/repeat_73/predictions/7dsq_A_model_1_unrelaxed.pdb...
INFO:/users/sgsrehm1/COMP702_BeyondAF/code/COMP390_code/openfold/openfold/utils/script_utils.py:Relaxation time: 13.473798081278801
INFO:/users/sgsrehm1/COMP702_BeyondAF/code/COMP390_code/openfold/openfold/utils/script_utils.py:Relaxed output written to /users/sgsrehm1/fastscratch/COMP702_ep32_inference/runs/7dsq_ep32_relaxed_100_9827080/repeat_73/predictions/7dsq_A_model_1_relaxed.pdb...
/users/sgsrehm1/COMP702_BeyondAF/code/COMP390_code/openfold/openfold/utils/script_utils.py:131: FutureWarning: You are using `torch.load` with `weights_only=False` (the current default value), which uses the default pickle module implicitly. It is possible to construct malicious pickle data which will execute arbitrary code during unpickling (See https://github.com/pytorch/pytorch/blob/main/SECURITY.md#untrusted-models for more details). In a future release, the default value for `weights_only` will be flipped to `True`. This limits the functions that could be executed during unpickling. Arbitrary objects will no longer be allowed to be loaded via this mode unless they are explicitly allowlisted by the user via `torch.serialization.add_safe_globals`. We recommend you start setting `weights_only=True` for any use case where you don't have full control of the loaded file. Please open an issue on GitHub for any issues related to this experimental feature.
  d = torch.load(ckpt_path)
INFO:/users/sgsrehm1/COMP702_BeyondAF/code/COMP390_code/openfold/openfold/utils/script_utils.py:Loaded OpenFold parameters at /users/sgsrehm1/COMP702_BeyondAF/code/COMP390_code/checkpoints/run_subset_gpu32_h100_ep33/csv_logs/version_0/checkpoints/32-330000.ckpt...
INFO:/users/sgsrehm1/COMP702_BeyondAF/code/COMP390_code/openfold/run_pretrained_openfold.py:Using precomputed alignments for 7dsq_A at /users/sgsrehm1/scratch/openfold_inference/alignments_cf...
INFO:/users/sgsrehm1/COMP702_BeyondAF/code/COMP390_code/openfold/openfold/utils/script_utils.py:Running inference for 7dsq_A...
INFO:/users/sgsrehm1/COMP702_BeyondAF/code/COMP390_code/openfold/openfold/utils/script_utils.py:Inference time: 17.68110751360655
/users/sgsrehm1/COMP702_BeyondAF/code/COMP390_code/openfold/run_pretrained_openfold.py:351: DeprecationWarning: __array__ implementation doesn't accept a copy keyword, so passing copy=False failed. __array__ must implement 'dtype' and 'copy' keyword arguments. To learn more, see the migration guide https://numpy.org/devdocs/numpy_2_0_migration_guide.html#adapting-to-changes-in-the-copy-keyword
  lambda x: np.array(x[..., -1].cpu()),
/users/sgsrehm1/COMP702_BeyondAF/code/COMP390_code/openfold/run_pretrained_openfold.py:354: DeprecationWarning: __array__ implementation doesn't accept a copy keyword, so passing copy=False failed. __array__ must implement 'dtype' and 'copy' keyword arguments. To learn more, see the migration guide https://numpy.org/devdocs/numpy_2_0_migration_guide.html#adapting-to-changes-in-the-copy-keyword
  out = tensor_tree_map(lambda x: np.array(x.cpu()), out)
INFO:/users/sgsrehm1/COMP702_BeyondAF/code/COMP390_code/openfold/run_pretrained_openfold.py:Output written to /users/sgsrehm1/fastscratch/COMP702_ep32_inference/runs/7dsq_ep32_relaxed_100_9827080/repeat_74/predictions/7dsq_A_model_1_unrelaxed.pdb...
INFO:/users/sgsrehm1/COMP702_BeyondAF/code/COMP390_code/openfold/run_pretrained_openfold.py:Running relaxation on /users/sgsrehm1/fastscratch/COMP702_ep32_inference/runs/7dsq_ep32_relaxed_100_9827080/repeat_74/predictions/7dsq_A_model_1_unrelaxed.pdb...
INFO:/users/sgsrehm1/COMP702_BeyondAF/code/COMP390_code/openfold/openfold/utils/script_utils.py:Relaxation time: 13.435913836583495
INFO:/users/sgsrehm1/COMP702_BeyondAF/code/COMP390_code/openfold/openfold/utils/script_utils.py:Relaxed output written to /users/sgsrehm1/fastscratch/COMP702_ep32_inference/runs/7dsq_ep32_relaxed_100_9827080/repeat_74/predictions/7dsq_A_model_1_relaxed.pdb...
/users/sgsrehm1/COMP702_BeyondAF/code/COMP390_code/openfold/openfold/utils/script_utils.py:131: FutureWarning: You are using `torch.load` with `weights_only=False` (the current default value), which uses the default pickle module implicitly. It is possible to construct malicious pickle data which will execute arbitrary code during unpickling (See https://github.com/pytorch/pytorch/blob/main/SECURITY.md#untrusted-models for more details). In a future release, the default value for `weights_only` will be flipped to `True`. This limits the functions that could be executed during unpickling. Arbitrary objects will no longer be allowed to be loaded via this mode unless they are explicitly allowlisted by the user via `torch.serialization.add_safe_globals`. We recommend you start setting `weights_only=True` for any use case where you don't have full control of the loaded file. Please open an issue on GitHub for any issues related to this experimental feature.
  d = torch.load(ckpt_path)
INFO:/users/sgsrehm1/COMP702_BeyondAF/code/COMP390_code/openfold/openfold/utils/script_utils.py:Loaded OpenFold parameters at /users/sgsrehm1/COMP702_BeyondAF/code/COMP390_code/checkpoints/run_subset_gpu32_h100_ep33/csv_logs/version_0/checkpoints/32-330000.ckpt...
INFO:/users/sgsrehm1/COMP702_BeyondAF/code/COMP390_code/openfold/run_pretrained_openfold.py:Using precomputed alignments for 7dsq_A at /users/sgsrehm1/scratch/openfold_inference/alignments_cf...
INFO:/users/sgsrehm1/COMP702_BeyondAF/code/COMP390_code/openfold/openfold/utils/script_utils.py:Running inference for 7dsq_A...
INFO:/users/sgsrehm1/COMP702_BeyondAF/code/COMP390_code/openfold/openfold/utils/script_utils.py:Inference time: 17.685020267032087
/users/sgsrehm1/COMP702_BeyondAF/code/COMP390_code/openfold/run_pretrained_openfold.py:351: DeprecationWarning: __array__ implementation doesn't accept a copy keyword, so passing copy=False failed. __array__ must implement 'dtype' and 'copy' keyword arguments. To learn more, see the migration guide https://numpy.org/devdocs/numpy_2_0_migration_guide.html#adapting-to-changes-in-the-copy-keyword
  lambda x: np.array(x[..., -1].cpu()),
/users/sgsrehm1/COMP702_BeyondAF/code/COMP390_code/openfold/run_pretrained_openfold.py:354: DeprecationWarning: __array__ implementation doesn't accept a copy keyword, so passing copy=False failed. __array__ must implement 'dtype' and 'copy' keyword arguments. To learn more, see the migration guide https://numpy.org/devdocs/numpy_2_0_migration_guide.html#adapting-to-changes-in-the-copy-keyword
  out = tensor_tree_map(lambda x: np.array(x.cpu()), out)
INFO:/users/sgsrehm1/COMP702_BeyondAF/code/COMP390_code/openfold/run_pretrained_openfold.py:Output written to /users/sgsrehm1/fastscratch/COMP702_ep32_inference/runs/7dsq_ep32_relaxed_100_9827080/repeat_75/predictions/7dsq_A_model_1_unrelaxed.pdb...
INFO:/users/sgsrehm1/COMP702_BeyondAF/code/COMP390_code/openfold/run_pretrained_openfold.py:Running relaxation on /users/sgsrehm1/fastscratch/COMP702_ep32_inference/runs/7dsq_ep32_relaxed_100_9827080/repeat_75/predictions/7dsq_A_model_1_unrelaxed.pdb...
INFO:/users/sgsrehm1/COMP702_BeyondAF/code/COMP390_code/openfold/openfold/utils/script_utils.py:Relaxation time: 11.990827240049839
INFO:/users/sgsrehm1/COMP702_BeyondAF/code/COMP390_code/openfold/openfold/utils/script_utils.py:Relaxed output written to /users/sgsrehm1/fastscratch/COMP702_ep32_inference/runs/7dsq_ep32_relaxed_100_9827080/repeat_75/predictions/7dsq_A_model_1_relaxed.pdb...
/users/sgsrehm1/COMP702_BeyondAF/code/COMP390_code/openfold/openfold/utils/script_utils.py:131: FutureWarning: You are using `torch.load` with `weights_only=False` (the current default value), which uses the default pickle module implicitly. It is possible to construct malicious pickle data which will execute arbitrary code during unpickling (See https://github.com/pytorch/pytorch/blob/main/SECURITY.md#untrusted-models for more details). In a future release, the default value for `weights_only` will be flipped to `True`. This limits the functions that could be executed during unpickling. Arbitrary objects will no longer be allowed to be loaded via this mode unless they are explicitly allowlisted by the user via `torch.serialization.add_safe_globals`. We recommend you start setting `weights_only=True` for any use case where you don't have full control of the loaded file. Please open an issue on GitHub for any issues related to this experimental feature.
  d = torch.load(ckpt_path)
INFO:/users/sgsrehm1/COMP702_BeyondAF/code/COMP390_code/openfold/openfold/utils/script_utils.py:Loaded OpenFold parameters at /users/sgsrehm1/COMP702_BeyondAF/code/COMP390_code/checkpoints/run_subset_gpu32_h100_ep33/csv_logs/version_0/checkpoints/32-330000.ckpt...
INFO:/users/sgsrehm1/COMP702_BeyondAF/code/COMP390_code/openfold/run_pretrained_openfold.py:Using precomputed alignments for 7dsq_A at /users/sgsrehm1/scratch/openfold_inference/alignments_cf...
INFO:/users/sgsrehm1/COMP702_BeyondAF/code/COMP390_code/openfold/openfold/utils/script_utils.py:Running inference for 7dsq_A...
INFO:/users/sgsrehm1/COMP702_BeyondAF/code/COMP390_code/openfold/openfold/utils/script_utils.py:Inference time: 17.682843638584018
/users/sgsrehm1/COMP702_BeyondAF/code/COMP390_code/openfold/run_pretrained_openfold.py:351: DeprecationWarning: __array__ implementation doesn't accept a copy keyword, so passing copy=False failed. __array__ must implement 'dtype' and 'copy' keyword arguments. To learn more, see the migration guide https://numpy.org/devdocs/numpy_2_0_migration_guide.html#adapting-to-changes-in-the-copy-keyword
  lambda x: np.array(x[..., -1].cpu()),
/users/sgsrehm1/COMP702_BeyondAF/code/COMP390_code/openfold/run_pretrained_openfold.py:354: DeprecationWarning: __array__ implementation doesn't accept a copy keyword, so passing copy=False failed. __array__ must implement 'dtype' and 'copy' keyword arguments. To learn more, see the migration guide https://numpy.org/devdocs/numpy_2_0_migration_guide.html#adapting-to-changes-in-the-copy-keyword
  out = tensor_tree_map(lambda x: np.array(x.cpu()), out)
INFO:/users/sgsrehm1/COMP702_BeyondAF/code/COMP390_code/openfold/run_pretrained_openfold.py:Output written to /users/sgsrehm1/fastscratch/COMP702_ep32_inference/runs/7dsq_ep32_relaxed_100_9827080/repeat_76/predictions/7dsq_A_model_1_unrelaxed.pdb...
INFO:/users/sgsrehm1/COMP702_BeyondAF/code/COMP390_code/openfold/run_pretrained_openfold.py:Running relaxation on /users/sgsrehm1/fastscratch/COMP702_ep32_inference/runs/7dsq_ep32_relaxed_100_9827080/repeat_76/predictions/7dsq_A_model_1_unrelaxed.pdb...
INFO:/users/sgsrehm1/COMP702_BeyondAF/code/COMP390_code/openfold/openfold/utils/script_utils.py:Relaxation time: 12.303872015327215
INFO:/users/sgsrehm1/COMP702_BeyondAF/code/COMP390_code/openfold/openfold/utils/script_utils.py:Relaxed output written to /users/sgsrehm1/fastscratch/COMP702_ep32_inference/runs/7dsq_ep32_relaxed_100_9827080/repeat_76/predictions/7dsq_A_model_1_relaxed.pdb...
/users/sgsrehm1/COMP702_BeyondAF/code/COMP390_code/openfold/openfold/utils/script_utils.py:131: FutureWarning: You are using `torch.load` with `weights_only=False` (the current default value), which uses the default pickle module implicitly. It is possible to construct malicious pickle data which will execute arbitrary code during unpickling (See https://github.com/pytorch/pytorch/blob/main/SECURITY.md#untrusted-models for more details). In a future release, the default value for `weights_only` will be flipped to `True`. This limits the functions that could be executed during unpickling. Arbitrary objects will no longer be allowed to be loaded via this mode unless they are explicitly allowlisted by the user via `torch.serialization.add_safe_globals`. We recommend you start setting `weights_only=True` for any use case where you don't have full control of the loaded file. Please open an issue on GitHub for any issues related to this experimental feature.
  d = torch.load(ckpt_path)
INFO:/users/sgsrehm1/COMP702_BeyondAF/code/COMP390_code/openfold/openfold/utils/script_utils.py:Loaded OpenFold parameters at /users/sgsrehm1/COMP702_BeyondAF/code/COMP390_code/checkpoints/run_subset_gpu32_h100_ep33/csv_logs/version_0/checkpoints/32-330000.ckpt...
INFO:/users/sgsrehm1/COMP702_BeyondAF/code/COMP390_code/openfold/run_pretrained_openfold.py:Using precomputed alignments for 7dsq_A at /users/sgsrehm1/scratch/openfold_inference/alignments_cf...
INFO:/users/sgsrehm1/COMP702_BeyondAF/code/COMP390_code/openfold/openfold/utils/script_utils.py:Running inference for 7dsq_A...
INFO:/users/sgsrehm1/COMP702_BeyondAF/code/COMP390_code/openfold/openfold/utils/script_utils.py:Inference time: 17.703976121731102
/users/sgsrehm1/COMP702_BeyondAF/code/COMP390_code/openfold/run_pretrained_openfold.py:351: DeprecationWarning: __array__ implementation doesn't accept a copy keyword, so passing copy=False failed. __array__ must implement 'dtype' and 'copy' keyword arguments. To learn more, see the migration guide https://numpy.org/devdocs/numpy_2_0_migration_guide.html#adapting-to-changes-in-the-copy-keyword
  lambda x: np.array(x[..., -1].cpu()),
/users/sgsrehm1/COMP702_BeyondAF/code/COMP390_code/openfold/run_pretrained_openfold.py:354: DeprecationWarning: __array__ implementation doesn't accept a copy keyword, so passing copy=False failed. __array__ must implement 'dtype' and 'copy' keyword arguments. To learn more, see the migration guide https://numpy.org/devdocs/numpy_2_0_migration_guide.html#adapting-to-changes-in-the-copy-keyword
  out = tensor_tree_map(lambda x: np.array(x.cpu()), out)
INFO:/users/sgsrehm1/COMP702_BeyondAF/code/COMP390_code/openfold/run_pretrained_openfold.py:Output written to /users/sgsrehm1/fastscratch/COMP702_ep32_inference/runs/7dsq_ep32_relaxed_100_9827080/repeat_77/predictions/7dsq_A_model_1_unrelaxed.pdb...
INFO:/users/sgsrehm1/COMP702_BeyondAF/code/COMP390_code/openfold/run_pretrained_openfold.py:Running relaxation on /users/sgsrehm1/fastscratch/COMP702_ep32_inference/runs/7dsq_ep32_relaxed_100_9827080/repeat_77/predictions/7dsq_A_model_1_unrelaxed.pdb...
INFO:/users/sgsrehm1/COMP702_BeyondAF/code/COMP390_code/openfold/openfold/utils/script_utils.py:Relaxation time: 12.499314185231924
INFO:/users/sgsrehm1/COMP702_BeyondAF/code/COMP390_code/openfold/openfold/utils/script_utils.py:Relaxed output written to /users/sgsrehm1/fastscratch/COMP702_ep32_inference/runs/7dsq_ep32_relaxed_100_9827080/repeat_77/predictions/7dsq_A_model_1_relaxed.pdb...
/users/sgsrehm1/COMP702_BeyondAF/code/COMP390_code/openfold/openfold/utils/script_utils.py:131: FutureWarning: You are using `torch.load` with `weights_only=False` (the current default value), which uses the default pickle module implicitly. It is possible to construct malicious pickle data which will execute arbitrary code during unpickling (See https://github.com/pytorch/pytorch/blob/main/SECURITY.md#untrusted-models for more details). In a future release, the default value for `weights_only` will be flipped to `True`. This limits the functions that could be executed during unpickling. Arbitrary objects will no longer be allowed to be loaded via this mode unless they are explicitly allowlisted by the user via `torch.serialization.add_safe_globals`. We recommend you start setting `weights_only=True` for any use case where you don't have full control of the loaded file. Please open an issue on GitHub for any issues related to this experimental feature.
  d = torch.load(ckpt_path)
INFO:/users/sgsrehm1/COMP702_BeyondAF/code/COMP390_code/openfold/openfold/utils/script_utils.py:Loaded OpenFold parameters at /users/sgsrehm1/COMP702_BeyondAF/code/COMP390_code/checkpoints/run_subset_gpu32_h100_ep33/csv_logs/version_0/checkpoints/32-330000.ckpt...
INFO:/users/sgsrehm1/COMP702_BeyondAF/code/COMP390_code/openfold/run_pretrained_openfold.py:Using precomputed alignments for 7dsq_A at /users/sgsrehm1/scratch/openfold_inference/alignments_cf...
INFO:/users/sgsrehm1/COMP702_BeyondAF/code/COMP390_code/openfold/openfold/utils/script_utils.py:Running inference for 7dsq_A...
INFO:/users/sgsrehm1/COMP702_BeyondAF/code/COMP390_code/openfold/openfold/utils/script_utils.py:Inference time: 17.688782145269215
/users/sgsrehm1/COMP702_BeyondAF/code/COMP390_code/openfold/run_pretrained_openfold.py:351: DeprecationWarning: __array__ implementation doesn't accept a copy keyword, so passing copy=False failed. __array__ must implement 'dtype' and 'copy' keyword arguments. To learn more, see the migration guide https://numpy.org/devdocs/numpy_2_0_migration_guide.html#adapting-to-changes-in-the-copy-keyword
  lambda x: np.array(x[..., -1].cpu()),
/users/sgsrehm1/COMP702_BeyondAF/code/COMP390_code/openfold/run_pretrained_openfold.py:354: DeprecationWarning: __array__ implementation doesn't accept a copy keyword, so passing copy=False failed. __array__ must implement 'dtype' and 'copy' keyword arguments. To learn more, see the migration guide https://numpy.org/devdocs/numpy_2_0_migration_guide.html#adapting-to-changes-in-the-copy-keyword
  out = tensor_tree_map(lambda x: np.array(x.cpu()), out)
INFO:/users/sgsrehm1/COMP702_BeyondAF/code/COMP390_code/openfold/run_pretrained_openfold.py:Output written to /users/sgsrehm1/fastscratch/COMP702_ep32_inference/runs/7dsq_ep32_relaxed_100_9827080/repeat_78/predictions/7dsq_A_model_1_unrelaxed.pdb...
INFO:/users/sgsrehm1/COMP702_BeyondAF/code/COMP390_code/openfold/run_pretrained_openfold.py:Running relaxation on /users/sgsrehm1/fastscratch/COMP702_ep32_inference/runs/7dsq_ep32_relaxed_100_9827080/repeat_78/predictions/7dsq_A_model_1_unrelaxed.pdb...
INFO:/users/sgsrehm1/COMP702_BeyondAF/code/COMP390_code/openfold/openfold/utils/script_utils.py:Relaxation time: 109.93286057468504
INFO:/users/sgsrehm1/COMP702_BeyondAF/code/COMP390_code/openfold/openfold/utils/script_utils.py:Relaxed output written to /users/sgsrehm1/fastscratch/COMP702_ep32_inference/runs/7dsq_ep32_relaxed_100_9827080/repeat_78/predictions/7dsq_A_model_1_relaxed.pdb...
/users/sgsrehm1/COMP702_BeyondAF/code/COMP390_code/openfold/openfold/utils/script_utils.py:131: FutureWarning: You are using `torch.load` with `weights_only=False` (the current default value), which uses the default pickle module implicitly. It is possible to construct malicious pickle data which will execute arbitrary code during unpickling (See https://github.com/pytorch/pytorch/blob/main/SECURITY.md#untrusted-models for more details). In a future release, the default value for `weights_only` will be flipped to `True`. This limits the functions that could be executed during unpickling. Arbitrary objects will no longer be allowed to be loaded via this mode unless they are explicitly allowlisted by the user via `torch.serialization.add_safe_globals`. We recommend you start setting `weights_only=True` for any use case where you don't have full control of the loaded file. Please open an issue on GitHub for any issues related to this experimental feature.
  d = torch.load(ckpt_path)
INFO:/users/sgsrehm1/COMP702_BeyondAF/code/COMP390_code/openfold/openfold/utils/script_utils.py:Loaded OpenFold parameters at /users/sgsrehm1/COMP702_BeyondAF/code/COMP390_code/checkpoints/run_subset_gpu32_h100_ep33/csv_logs/version_0/checkpoints/32-330000.ckpt...
INFO:/users/sgsrehm1/COMP702_BeyondAF/code/COMP390_code/openfold/run_pretrained_openfold.py:Using precomputed alignments for 7dsq_A at /users/sgsrehm1/scratch/openfold_inference/alignments_cf...
INFO:/users/sgsrehm1/COMP702_BeyondAF/code/COMP390_code/openfold/openfold/utils/script_utils.py:Running inference for 7dsq_A...
INFO:/users/sgsrehm1/COMP702_BeyondAF/code/COMP390_code/openfold/openfold/utils/script_utils.py:Inference time: 17.700794227421284
/users/sgsrehm1/COMP702_BeyondAF/code/COMP390_code/openfold/run_pretrained_openfold.py:351: DeprecationWarning: __array__ implementation doesn't accept a copy keyword, so passing copy=False failed. __array__ must implement 'dtype' and 'copy' keyword arguments. To learn more, see the migration guide https://numpy.org/devdocs/numpy_2_0_migration_guide.html#adapting-to-changes-in-the-copy-keyword
  lambda x: np.array(x[..., -1].cpu()),
/users/sgsrehm1/COMP702_BeyondAF/code/COMP390_code/openfold/run_pretrained_openfold.py:354: DeprecationWarning: __array__ implementation doesn't accept a copy keyword, so passing copy=False failed. __array__ must implement 'dtype' and 'copy' keyword arguments. To learn more, see the migration guide https://numpy.org/devdocs/numpy_2_0_migration_guide.html#adapting-to-changes-in-the-copy-keyword
  out = tensor_tree_map(lambda x: np.array(x.cpu()), out)
INFO:/users/sgsrehm1/COMP702_BeyondAF/code/COMP390_code/openfold/run_pretrained_openfold.py:Output written to /users/sgsrehm1/fastscratch/COMP702_ep32_inference/runs/7dsq_ep32_relaxed_100_9827080/repeat_79/predictions/7dsq_A_model_1_unrelaxed.pdb...
INFO:/users/sgsrehm1/COMP702_BeyondAF/code/COMP390_code/openfold/run_pretrained_openfold.py:Running relaxation on /users/sgsrehm1/fastscratch/COMP702_ep32_inference/runs/7dsq_ep32_relaxed_100_9827080/repeat_79/predictions/7dsq_A_model_1_unrelaxed.pdb...
INFO:/users/sgsrehm1/COMP702_BeyondAF/code/COMP390_code/openfold/openfold/utils/script_utils.py:Relaxation time: 11.897522754967213
INFO:/users/sgsrehm1/COMP702_BeyondAF/code/COMP390_code/openfold/openfold/utils/script_utils.py:Relaxed output written to /users/sgsrehm1/fastscratch/COMP702_ep32_inference/runs/7dsq_ep32_relaxed_100_9827080/repeat_79/predictions/7dsq_A_model_1_relaxed.pdb...
/users/sgsrehm1/COMP702_BeyondAF/code/COMP390_code/openfold/openfold/utils/script_utils.py:131: FutureWarning: You are using `torch.load` with `weights_only=False` (the current default value), which uses the default pickle module implicitly. It is possible to construct malicious pickle data which will execute arbitrary code during unpickling (See https://github.com/pytorch/pytorch/blob/main/SECURITY.md#untrusted-models for more details). In a future release, the default value for `weights_only` will be flipped to `True`. This limits the functions that could be executed during unpickling. Arbitrary objects will no longer be allowed to be loaded via this mode unless they are explicitly allowlisted by the user via `torch.serialization.add_safe_globals`. We recommend you start setting `weights_only=True` for any use case where you don't have full control of the loaded file. Please open an issue on GitHub for any issues related to this experimental feature.
  d = torch.load(ckpt_path)
INFO:/users/sgsrehm1/COMP702_BeyondAF/code/COMP390_code/openfold/openfold/utils/script_utils.py:Loaded OpenFold parameters at /users/sgsrehm1/COMP702_BeyondAF/code/COMP390_code/checkpoints/run_subset_gpu32_h100_ep33/csv_logs/version_0/checkpoints/32-330000.ckpt...
INFO:/users/sgsrehm1/COMP702_BeyondAF/code/COMP390_code/openfold/run_pretrained_openfold.py:Using precomputed alignments for 7dsq_A at /users/sgsrehm1/scratch/openfold_inference/alignments_cf...
INFO:/users/sgsrehm1/COMP702_BeyondAF/code/COMP390_code/openfold/openfold/utils/script_utils.py:Running inference for 7dsq_A...
INFO:/users/sgsrehm1/COMP702_BeyondAF/code/COMP390_code/openfold/openfold/utils/script_utils.py:Inference time: 17.694910013116896
/users/sgsrehm1/COMP702_BeyondAF/code/COMP390_code/openfold/run_pretrained_openfold.py:351: DeprecationWarning: __array__ implementation doesn't accept a copy keyword, so passing copy=False failed. __array__ must implement 'dtype' and 'copy' keyword arguments. To learn more, see the migration guide https://numpy.org/devdocs/numpy_2_0_migration_guide.html#adapting-to-changes-in-the-copy-keyword
  lambda x: np.array(x[..., -1].cpu()),
/users/sgsrehm1/COMP702_BeyondAF/code/COMP390_code/openfold/run_pretrained_openfold.py:354: DeprecationWarning: __array__ implementation doesn't accept a copy keyword, so passing copy=False failed. __array__ must implement 'dtype' and 'copy' keyword arguments. To learn more, see the migration guide https://numpy.org/devdocs/numpy_2_0_migration_guide.html#adapting-to-changes-in-the-copy-keyword
  out = tensor_tree_map(lambda x: np.array(x.cpu()), out)
INFO:/users/sgsrehm1/COMP702_BeyondAF/code/COMP390_code/openfold/run_pretrained_openfold.py:Output written to /users/sgsrehm1/fastscratch/COMP702_ep32_inference/runs/7dsq_ep32_relaxed_100_9827080/repeat_80/predictions/7dsq_A_model_1_unrelaxed.pdb...
INFO:/users/sgsrehm1/COMP702_BeyondAF/code/COMP390_code/openfold/run_pretrained_openfold.py:Running relaxation on /users/sgsrehm1/fastscratch/COMP702_ep32_inference/runs/7dsq_ep32_relaxed_100_9827080/repeat_80/predictions/7dsq_A_model_1_unrelaxed.pdb...
INFO:/users/sgsrehm1/COMP702_BeyondAF/code/COMP390_code/openfold/openfold/utils/script_utils.py:Relaxation time: 12.098415416665375
INFO:/users/sgsrehm1/COMP702_BeyondAF/code/COMP390_code/openfold/openfold/utils/script_utils.py:Relaxed output written to /users/sgsrehm1/fastscratch/COMP702_ep32_inference/runs/7dsq_ep32_relaxed_100_9827080/repeat_80/predictions/7dsq_A_model_1_relaxed.pdb...
/users/sgsrehm1/COMP702_BeyondAF/code/COMP390_code/openfold/openfold/utils/script_utils.py:131: FutureWarning: You are using `torch.load` with `weights_only=False` (the current default value), which uses the default pickle module implicitly. It is possible to construct malicious pickle data which will execute arbitrary code during unpickling (See https://github.com/pytorch/pytorch/blob/main/SECURITY.md#untrusted-models for more details). In a future release, the default value for `weights_only` will be flipped to `True`. This limits the functions that could be executed during unpickling. Arbitrary objects will no longer be allowed to be loaded via this mode unless they are explicitly allowlisted by the user via `torch.serialization.add_safe_globals`. We recommend you start setting `weights_only=True` for any use case where you don't have full control of the loaded file. Please open an issue on GitHub for any issues related to this experimental feature.
  d = torch.load(ckpt_path)
INFO:/users/sgsrehm1/COMP702_BeyondAF/code/COMP390_code/openfold/openfold/utils/script_utils.py:Loaded OpenFold parameters at /users/sgsrehm1/COMP702_BeyondAF/code/COMP390_code/checkpoints/run_subset_gpu32_h100_ep33/csv_logs/version_0/checkpoints/32-330000.ckpt...
INFO:/users/sgsrehm1/COMP702_BeyondAF/code/COMP390_code/openfold/run_pretrained_openfold.py:Using precomputed alignments for 7dsq_A at /users/sgsrehm1/scratch/openfold_inference/alignments_cf...
INFO:/users/sgsrehm1/COMP702_BeyondAF/code/COMP390_code/openfold/openfold/utils/script_utils.py:Running inference for 7dsq_A...
INFO:/users/sgsrehm1/COMP702_BeyondAF/code/COMP390_code/openfold/openfold/utils/script_utils.py:Inference time: 17.688186245970428
/users/sgsrehm1/COMP702_BeyondAF/code/COMP390_code/openfold/run_pretrained_openfold.py:351: DeprecationWarning: __array__ implementation doesn't accept a copy keyword, so passing copy=False failed. __array__ must implement 'dtype' and 'copy' keyword arguments. To learn more, see the migration guide https://numpy.org/devdocs/numpy_2_0_migration_guide.html#adapting-to-changes-in-the-copy-keyword
  lambda x: np.array(x[..., -1].cpu()),
/users/sgsrehm1/COMP702_BeyondAF/code/COMP390_code/openfold/run_pretrained_openfold.py:354: DeprecationWarning: __array__ implementation doesn't accept a copy keyword, so passing copy=False failed. __array__ must implement 'dtype' and 'copy' keyword arguments. To learn more, see the migration guide https://numpy.org/devdocs/numpy_2_0_migration_guide.html#adapting-to-changes-in-the-copy-keyword
  out = tensor_tree_map(lambda x: np.array(x.cpu()), out)
INFO:/users/sgsrehm1/COMP702_BeyondAF/code/COMP390_code/openfold/run_pretrained_openfold.py:Output written to /users/sgsrehm1/fastscratch/COMP702_ep32_inference/runs/7dsq_ep32_relaxed_100_9827080/repeat_81/predictions/7dsq_A_model_1_unrelaxed.pdb...
INFO:/users/sgsrehm1/COMP702_BeyondAF/code/COMP390_code/openfold/run_pretrained_openfold.py:Running relaxation on /users/sgsrehm1/fastscratch/COMP702_ep32_inference/runs/7dsq_ep32_relaxed_100_9827080/repeat_81/predictions/7dsq_A_model_1_unrelaxed.pdb...
INFO:/users/sgsrehm1/COMP702_BeyondAF/code/COMP390_code/openfold/openfold/utils/script_utils.py:Relaxation time: 12.534920279867947
INFO:/users/sgsrehm1/COMP702_BeyondAF/code/COMP390_code/openfold/openfold/utils/script_utils.py:Relaxed output written to /users/sgsrehm1/fastscratch/COMP702_ep32_inference/runs/7dsq_ep32_relaxed_100_9827080/repeat_81/predictions/7dsq_A_model_1_relaxed.pdb...
/users/sgsrehm1/COMP702_BeyondAF/code/COMP390_code/openfold/openfold/utils/script_utils.py:131: FutureWarning: You are using `torch.load` with `weights_only=False` (the current default value), which uses the default pickle module implicitly. It is possible to construct malicious pickle data which will execute arbitrary code during unpickling (See https://github.com/pytorch/pytorch/blob/main/SECURITY.md#untrusted-models for more details). In a future release, the default value for `weights_only` will be flipped to `True`. This limits the functions that could be executed during unpickling. Arbitrary objects will no longer be allowed to be loaded via this mode unless they are explicitly allowlisted by the user via `torch.serialization.add_safe_globals`. We recommend you start setting `weights_only=True` for any use case where you don't have full control of the loaded file. Please open an issue on GitHub for any issues related to this experimental feature.
  d = torch.load(ckpt_path)
INFO:/users/sgsrehm1/COMP702_BeyondAF/code/COMP390_code/openfold/openfold/utils/script_utils.py:Loaded OpenFold parameters at /users/sgsrehm1/COMP702_BeyondAF/code/COMP390_code/checkpoints/run_subset_gpu32_h100_ep33/csv_logs/version_0/checkpoints/32-330000.ckpt...
INFO:/users/sgsrehm1/COMP702_BeyondAF/code/COMP390_code/openfold/run_pretrained_openfold.py:Using precomputed alignments for 7dsq_A at /users/sgsrehm1/scratch/openfold_inference/alignments_cf...
INFO:/users/sgsrehm1/COMP702_BeyondAF/code/COMP390_code/openfold/openfold/utils/script_utils.py:Running inference for 7dsq_A...
INFO:/users/sgsrehm1/COMP702_BeyondAF/code/COMP390_code/openfold/openfold/utils/script_utils.py:Inference time: 17.68221745453775
/users/sgsrehm1/COMP702_BeyondAF/code/COMP390_code/openfold/run_pretrained_openfold.py:351: DeprecationWarning: __array__ implementation doesn't accept a copy keyword, so passing copy=False failed. __array__ must implement 'dtype' and 'copy' keyword arguments. To learn more, see the migration guide https://numpy.org/devdocs/numpy_2_0_migration_guide.html#adapting-to-changes-in-the-copy-keyword
  lambda x: np.array(x[..., -1].cpu()),
/users/sgsrehm1/COMP702_BeyondAF/code/COMP390_code/openfold/run_pretrained_openfold.py:354: DeprecationWarning: __array__ implementation doesn't accept a copy keyword, so passing copy=False failed. __array__ must implement 'dtype' and 'copy' keyword arguments. To learn more, see the migration guide https://numpy.org/devdocs/numpy_2_0_migration_guide.html#adapting-to-changes-in-the-copy-keyword
  out = tensor_tree_map(lambda x: np.array(x.cpu()), out)
INFO:/users/sgsrehm1/COMP702_BeyondAF/code/COMP390_code/openfold/run_pretrained_openfold.py:Output written to /users/sgsrehm1/fastscratch/COMP702_ep32_inference/runs/7dsq_ep32_relaxed_100_9827080/repeat_82/predictions/7dsq_A_model_1_unrelaxed.pdb...
INFO:/users/sgsrehm1/COMP702_BeyondAF/code/COMP390_code/openfold/run_pretrained_openfold.py:Running relaxation on /users/sgsrehm1/fastscratch/COMP702_ep32_inference/runs/7dsq_ep32_relaxed_100_9827080/repeat_82/predictions/7dsq_A_model_1_unrelaxed.pdb...
INFO:/users/sgsrehm1/COMP702_BeyondAF/code/COMP390_code/openfold/openfold/utils/script_utils.py:Relaxation time: 12.457121890969574
INFO:/users/sgsrehm1/COMP702_BeyondAF/code/COMP390_code/openfold/openfold/utils/script_utils.py:Relaxed output written to /users/sgsrehm1/fastscratch/COMP702_ep32_inference/runs/7dsq_ep32_relaxed_100_9827080/repeat_82/predictions/7dsq_A_model_1_relaxed.pdb...
/users/sgsrehm1/COMP702_BeyondAF/code/COMP390_code/openfold/openfold/utils/script_utils.py:131: FutureWarning: You are using `torch.load` with `weights_only=False` (the current default value), which uses the default pickle module implicitly. It is possible to construct malicious pickle data which will execute arbitrary code during unpickling (See https://github.com/pytorch/pytorch/blob/main/SECURITY.md#untrusted-models for more details). In a future release, the default value for `weights_only` will be flipped to `True`. This limits the functions that could be executed during unpickling. Arbitrary objects will no longer be allowed to be loaded via this mode unless they are explicitly allowlisted by the user via `torch.serialization.add_safe_globals`. We recommend you start setting `weights_only=True` for any use case where you don't have full control of the loaded file. Please open an issue on GitHub for any issues related to this experimental feature.
  d = torch.load(ckpt_path)
INFO:/users/sgsrehm1/COMP702_BeyondAF/code/COMP390_code/openfold/openfold/utils/script_utils.py:Loaded OpenFold parameters at /users/sgsrehm1/COMP702_BeyondAF/code/COMP390_code/checkpoints/run_subset_gpu32_h100_ep33/csv_logs/version_0/checkpoints/32-330000.ckpt...
INFO:/users/sgsrehm1/COMP702_BeyondAF/code/COMP390_code/openfold/run_pretrained_openfold.py:Using precomputed alignments for 7dsq_A at /users/sgsrehm1/scratch/openfold_inference/alignments_cf...
INFO:/users/sgsrehm1/COMP702_BeyondAF/code/COMP390_code/openfold/openfold/utils/script_utils.py:Running inference for 7dsq_A...
INFO:/users/sgsrehm1/COMP702_BeyondAF/code/COMP390_code/openfold/openfold/utils/script_utils.py:Inference time: 17.67909790109843
/users/sgsrehm1/COMP702_BeyondAF/code/COMP390_code/openfold/run_pretrained_openfold.py:351: DeprecationWarning: __array__ implementation doesn't accept a copy keyword, so passing copy=False failed. __array__ must implement 'dtype' and 'copy' keyword arguments. To learn more, see the migration guide https://numpy.org/devdocs/numpy_2_0_migration_guide.html#adapting-to-changes-in-the-copy-keyword
  lambda x: np.array(x[..., -1].cpu()),
/users/sgsrehm1/COMP702_BeyondAF/code/COMP390_code/openfold/run_pretrained_openfold.py:354: DeprecationWarning: __array__ implementation doesn't accept a copy keyword, so passing copy=False failed. __array__ must implement 'dtype' and 'copy' keyword arguments. To learn more, see the migration guide https://numpy.org/devdocs/numpy_2_0_migration_guide.html#adapting-to-changes-in-the-copy-keyword
  out = tensor_tree_map(lambda x: np.array(x.cpu()), out)
INFO:/users/sgsrehm1/COMP702_BeyondAF/code/COMP390_code/openfold/run_pretrained_openfold.py:Output written to /users/sgsrehm1/fastscratch/COMP702_ep32_inference/runs/7dsq_ep32_relaxed_100_9827080/repeat_83/predictions/7dsq_A_model_1_unrelaxed.pdb...
INFO:/users/sgsrehm1/COMP702_BeyondAF/code/COMP390_code/openfold/run_pretrained_openfold.py:Running relaxation on /users/sgsrehm1/fastscratch/COMP702_ep32_inference/runs/7dsq_ep32_relaxed_100_9827080/repeat_83/predictions/7dsq_A_model_1_unrelaxed.pdb...
INFO:/users/sgsrehm1/COMP702_BeyondAF/code/COMP390_code/openfold/openfold/utils/script_utils.py:Relaxation time: 13.114544180221856
INFO:/users/sgsrehm1/COMP702_BeyondAF/code/COMP390_code/openfold/openfold/utils/script_utils.py:Relaxed output written to /users/sgsrehm1/fastscratch/COMP702_ep32_inference/runs/7dsq_ep32_relaxed_100_9827080/repeat_83/predictions/7dsq_A_model_1_relaxed.pdb...
/users/sgsrehm1/COMP702_BeyondAF/code/COMP390_code/openfold/openfold/utils/script_utils.py:131: FutureWarning: You are using `torch.load` with `weights_only=False` (the current default value), which uses the default pickle module implicitly. It is possible to construct malicious pickle data which will execute arbitrary code during unpickling (See https://github.com/pytorch/pytorch/blob/main/SECURITY.md#untrusted-models for more details). In a future release, the default value for `weights_only` will be flipped to `True`. This limits the functions that could be executed during unpickling. Arbitrary objects will no longer be allowed to be loaded via this mode unless they are explicitly allowlisted by the user via `torch.serialization.add_safe_globals`. We recommend you start setting `weights_only=True` for any use case where you don't have full control of the loaded file. Please open an issue on GitHub for any issues related to this experimental feature.
  d = torch.load(ckpt_path)
INFO:/users/sgsrehm1/COMP702_BeyondAF/code/COMP390_code/openfold/openfold/utils/script_utils.py:Loaded OpenFold parameters at /users/sgsrehm1/COMP702_BeyondAF/code/COMP390_code/checkpoints/run_subset_gpu32_h100_ep33/csv_logs/version_0/checkpoints/32-330000.ckpt...
INFO:/users/sgsrehm1/COMP702_BeyondAF/code/COMP390_code/openfold/run_pretrained_openfold.py:Using precomputed alignments for 7dsq_A at /users/sgsrehm1/scratch/openfold_inference/alignments_cf...
INFO:/users/sgsrehm1/COMP702_BeyondAF/code/COMP390_code/openfold/openfold/utils/script_utils.py:Running inference for 7dsq_A...
INFO:/users/sgsrehm1/COMP702_BeyondAF/code/COMP390_code/openfold/openfold/utils/script_utils.py:Inference time: 17.686098056845367
/users/sgsrehm1/COMP702_BeyondAF/code/COMP390_code/openfold/run_pretrained_openfold.py:351: DeprecationWarning: __array__ implementation doesn't accept a copy keyword, so passing copy=False failed. __array__ must implement 'dtype' and 'copy' keyword arguments. To learn more, see the migration guide https://numpy.org/devdocs/numpy_2_0_migration_guide.html#adapting-to-changes-in-the-copy-keyword
  lambda x: np.array(x[..., -1].cpu()),
/users/sgsrehm1/COMP702_BeyondAF/code/COMP390_code/openfold/run_pretrained_openfold.py:354: DeprecationWarning: __array__ implementation doesn't accept a copy keyword, so passing copy=False failed. __array__ must implement 'dtype' and 'copy' keyword arguments. To learn more, see the migration guide https://numpy.org/devdocs/numpy_2_0_migration_guide.html#adapting-to-changes-in-the-copy-keyword
  out = tensor_tree_map(lambda x: np.array(x.cpu()), out)
INFO:/users/sgsrehm1/COMP702_BeyondAF/code/COMP390_code/openfold/run_pretrained_openfold.py:Output written to /users/sgsrehm1/fastscratch/COMP702_ep32_inference/runs/7dsq_ep32_relaxed_100_9827080/repeat_84/predictions/7dsq_A_model_1_unrelaxed.pdb...
INFO:/users/sgsrehm1/COMP702_BeyondAF/code/COMP390_code/openfold/run_pretrained_openfold.py:Running relaxation on /users/sgsrehm1/fastscratch/COMP702_ep32_inference/runs/7dsq_ep32_relaxed_100_9827080/repeat_84/predictions/7dsq_A_model_1_unrelaxed.pdb...
INFO:/users/sgsrehm1/COMP702_BeyondAF/code/COMP390_code/openfold/openfold/utils/script_utils.py:Relaxation time: 13.779518309049308
INFO:/users/sgsrehm1/COMP702_BeyondAF/code/COMP390_code/openfold/openfold/utils/script_utils.py:Relaxed output written to /users/sgsrehm1/fastscratch/COMP702_ep32_inference/runs/7dsq_ep32_relaxed_100_9827080/repeat_84/predictions/7dsq_A_model_1_relaxed.pdb...
/users/sgsrehm1/COMP702_BeyondAF/code/COMP390_code/openfold/openfold/utils/script_utils.py:131: FutureWarning: You are using `torch.load` with `weights_only=False` (the current default value), which uses the default pickle module implicitly. It is possible to construct malicious pickle data which will execute arbitrary code during unpickling (See https://github.com/pytorch/pytorch/blob/main/SECURITY.md#untrusted-models for more details). In a future release, the default value for `weights_only` will be flipped to `True`. This limits the functions that could be executed during unpickling. Arbitrary objects will no longer be allowed to be loaded via this mode unless they are explicitly allowlisted by the user via `torch.serialization.add_safe_globals`. We recommend you start setting `weights_only=True` for any use case where you don't have full control of the loaded file. Please open an issue on GitHub for any issues related to this experimental feature.
  d = torch.load(ckpt_path)
INFO:/users/sgsrehm1/COMP702_BeyondAF/code/COMP390_code/openfold/openfold/utils/script_utils.py:Loaded OpenFold parameters at /users/sgsrehm1/COMP702_BeyondAF/code/COMP390_code/checkpoints/run_subset_gpu32_h100_ep33/csv_logs/version_0/checkpoints/32-330000.ckpt...
INFO:/users/sgsrehm1/COMP702_BeyondAF/code/COMP390_code/openfold/run_pretrained_openfold.py:Using precomputed alignments for 7dsq_A at /users/sgsrehm1/scratch/openfold_inference/alignments_cf...
INFO:/users/sgsrehm1/COMP702_BeyondAF/code/COMP390_code/openfold/openfold/utils/script_utils.py:Running inference for 7dsq_A...
INFO:/users/sgsrehm1/COMP702_BeyondAF/code/COMP390_code/openfold/openfold/utils/script_utils.py:Inference time: 17.739162066951394
/users/sgsrehm1/COMP702_BeyondAF/code/COMP390_code/openfold/run_pretrained_openfold.py:351: DeprecationWarning: __array__ implementation doesn't accept a copy keyword, so passing copy=False failed. __array__ must implement 'dtype' and 'copy' keyword arguments. To learn more, see the migration guide https://numpy.org/devdocs/numpy_2_0_migration_guide.html#adapting-to-changes-in-the-copy-keyword
  lambda x: np.array(x[..., -1].cpu()),
/users/sgsrehm1/COMP702_BeyondAF/code/COMP390_code/openfold/run_pretrained_openfold.py:354: DeprecationWarning: __array__ implementation doesn't accept a copy keyword, so passing copy=False failed. __array__ must implement 'dtype' and 'copy' keyword arguments. To learn more, see the migration guide https://numpy.org/devdocs/numpy_2_0_migration_guide.html#adapting-to-changes-in-the-copy-keyword
  out = tensor_tree_map(lambda x: np.array(x.cpu()), out)
INFO:/users/sgsrehm1/COMP702_BeyondAF/code/COMP390_code/openfold/run_pretrained_openfold.py:Output written to /users/sgsrehm1/fastscratch/COMP702_ep32_inference/runs/7dsq_ep32_relaxed_100_9827080/repeat_85/predictions/7dsq_A_model_1_unrelaxed.pdb...
INFO:/users/sgsrehm1/COMP702_BeyondAF/code/COMP390_code/openfold/run_pretrained_openfold.py:Running relaxation on /users/sgsrehm1/fastscratch/COMP702_ep32_inference/runs/7dsq_ep32_relaxed_100_9827080/repeat_85/predictions/7dsq_A_model_1_unrelaxed.pdb...
INFO:/users/sgsrehm1/COMP702_BeyondAF/code/COMP390_code/openfold/openfold/utils/script_utils.py:Relaxation time: 12.306374810636044
INFO:/users/sgsrehm1/COMP702_BeyondAF/code/COMP390_code/openfold/openfold/utils/script_utils.py:Relaxed output written to /users/sgsrehm1/fastscratch/COMP702_ep32_inference/runs/7dsq_ep32_relaxed_100_9827080/repeat_85/predictions/7dsq_A_model_1_relaxed.pdb...
/users/sgsrehm1/COMP702_BeyondAF/code/COMP390_code/openfold/openfold/utils/script_utils.py:131: FutureWarning: You are using `torch.load` with `weights_only=False` (the current default value), which uses the default pickle module implicitly. It is possible to construct malicious pickle data which will execute arbitrary code during unpickling (See https://github.com/pytorch/pytorch/blob/main/SECURITY.md#untrusted-models for more details). In a future release, the default value for `weights_only` will be flipped to `True`. This limits the functions that could be executed during unpickling. Arbitrary objects will no longer be allowed to be loaded via this mode unless they are explicitly allowlisted by the user via `torch.serialization.add_safe_globals`. We recommend you start setting `weights_only=True` for any use case where you don't have full control of the loaded file. Please open an issue on GitHub for any issues related to this experimental feature.
  d = torch.load(ckpt_path)
INFO:/users/sgsrehm1/COMP702_BeyondAF/code/COMP390_code/openfold/openfold/utils/script_utils.py:Loaded OpenFold parameters at /users/sgsrehm1/COMP702_BeyondAF/code/COMP390_code/checkpoints/run_subset_gpu32_h100_ep33/csv_logs/version_0/checkpoints/32-330000.ckpt...
INFO:/users/sgsrehm1/COMP702_BeyondAF/code/COMP390_code/openfold/run_pretrained_openfold.py:Using precomputed alignments for 7dsq_A at /users/sgsrehm1/scratch/openfold_inference/alignments_cf...
INFO:/users/sgsrehm1/COMP702_BeyondAF/code/COMP390_code/openfold/openfold/utils/script_utils.py:Running inference for 7dsq_A...
INFO:/users/sgsrehm1/COMP702_BeyondAF/code/COMP390_code/openfold/openfold/utils/script_utils.py:Inference time: 17.710285453125834
/users/sgsrehm1/COMP702_BeyondAF/code/COMP390_code/openfold/run_pretrained_openfold.py:351: DeprecationWarning: __array__ implementation doesn't accept a copy keyword, so passing copy=False failed. __array__ must implement 'dtype' and 'copy' keyword arguments. To learn more, see the migration guide https://numpy.org/devdocs/numpy_2_0_migration_guide.html#adapting-to-changes-in-the-copy-keyword
  lambda x: np.array(x[..., -1].cpu()),
/users/sgsrehm1/COMP702_BeyondAF/code/COMP390_code/openfold/run_pretrained_openfold.py:354: DeprecationWarning: __array__ implementation doesn't accept a copy keyword, so passing copy=False failed. __array__ must implement 'dtype' and 'copy' keyword arguments. To learn more, see the migration guide https://numpy.org/devdocs/numpy_2_0_migration_guide.html#adapting-to-changes-in-the-copy-keyword
  out = tensor_tree_map(lambda x: np.array(x.cpu()), out)
INFO:/users/sgsrehm1/COMP702_BeyondAF/code/COMP390_code/openfold/run_pretrained_openfold.py:Output written to /users/sgsrehm1/fastscratch/COMP702_ep32_inference/runs/7dsq_ep32_relaxed_100_9827080/repeat_86/predictions/7dsq_A_model_1_unrelaxed.pdb...
INFO:/users/sgsrehm1/COMP702_BeyondAF/code/COMP390_code/openfold/run_pretrained_openfold.py:Running relaxation on /users/sgsrehm1/fastscratch/COMP702_ep32_inference/runs/7dsq_ep32_relaxed_100_9827080/repeat_86/predictions/7dsq_A_model_1_unrelaxed.pdb...
INFO:/users/sgsrehm1/COMP702_BeyondAF/code/COMP390_code/openfold/openfold/utils/script_utils.py:Relaxation time: 16.590624881908298
INFO:/users/sgsrehm1/COMP702_BeyondAF/code/COMP390_code/openfold/openfold/utils/script_utils.py:Relaxed output written to /users/sgsrehm1/fastscratch/COMP702_ep32_inference/runs/7dsq_ep32_relaxed_100_9827080/repeat_86/predictions/7dsq_A_model_1_relaxed.pdb...
/users/sgsrehm1/COMP702_BeyondAF/code/COMP390_code/openfold/openfold/utils/script_utils.py:131: FutureWarning: You are using `torch.load` with `weights_only=False` (the current default value), which uses the default pickle module implicitly. It is possible to construct malicious pickle data which will execute arbitrary code during unpickling (See https://github.com/pytorch/pytorch/blob/main/SECURITY.md#untrusted-models for more details). In a future release, the default value for `weights_only` will be flipped to `True`. This limits the functions that could be executed during unpickling. Arbitrary objects will no longer be allowed to be loaded via this mode unless they are explicitly allowlisted by the user via `torch.serialization.add_safe_globals`. We recommend you start setting `weights_only=True` for any use case where you don't have full control of the loaded file. Please open an issue on GitHub for any issues related to this experimental feature.
  d = torch.load(ckpt_path)
INFO:/users/sgsrehm1/COMP702_BeyondAF/code/COMP390_code/openfold/openfold/utils/script_utils.py:Loaded OpenFold parameters at /users/sgsrehm1/COMP702_BeyondAF/code/COMP390_code/checkpoints/run_subset_gpu32_h100_ep33/csv_logs/version_0/checkpoints/32-330000.ckpt...
INFO:/users/sgsrehm1/COMP702_BeyondAF/code/COMP390_code/openfold/run_pretrained_openfold.py:Using precomputed alignments for 7dsq_A at /users/sgsrehm1/scratch/openfold_inference/alignments_cf...
INFO:/users/sgsrehm1/COMP702_BeyondAF/code/COMP390_code/openfold/openfold/utils/script_utils.py:Running inference for 7dsq_A...
INFO:/users/sgsrehm1/COMP702_BeyondAF/code/COMP390_code/openfold/openfold/utils/script_utils.py:Inference time: 17.703408816829324
/users/sgsrehm1/COMP702_BeyondAF/code/COMP390_code/openfold/run_pretrained_openfold.py:351: DeprecationWarning: __array__ implementation doesn't accept a copy keyword, so passing copy=False failed. __array__ must implement 'dtype' and 'copy' keyword arguments. To learn more, see the migration guide https://numpy.org/devdocs/numpy_2_0_migration_guide.html#adapting-to-changes-in-the-copy-keyword
  lambda x: np.array(x[..., -1].cpu()),
/users/sgsrehm1/COMP702_BeyondAF/code/COMP390_code/openfold/run_pretrained_openfold.py:354: DeprecationWarning: __array__ implementation doesn't accept a copy keyword, so passing copy=False failed. __array__ must implement 'dtype' and 'copy' keyword arguments. To learn more, see the migration guide https://numpy.org/devdocs/numpy_2_0_migration_guide.html#adapting-to-changes-in-the-copy-keyword
  out = tensor_tree_map(lambda x: np.array(x.cpu()), out)
INFO:/users/sgsrehm1/COMP702_BeyondAF/code/COMP390_code/openfold/run_pretrained_openfold.py:Output written to /users/sgsrehm1/fastscratch/COMP702_ep32_inference/runs/7dsq_ep32_relaxed_100_9827080/repeat_87/predictions/7dsq_A_model_1_unrelaxed.pdb...
INFO:/users/sgsrehm1/COMP702_BeyondAF/code/COMP390_code/openfold/run_pretrained_openfold.py:Running relaxation on /users/sgsrehm1/fastscratch/COMP702_ep32_inference/runs/7dsq_ep32_relaxed_100_9827080/repeat_87/predictions/7dsq_A_model_1_unrelaxed.pdb...
INFO:/users/sgsrehm1/COMP702_BeyondAF/code/COMP390_code/openfold/openfold/utils/script_utils.py:Relaxation time: 12.226627339608967
INFO:/users/sgsrehm1/COMP702_BeyondAF/code/COMP390_code/openfold/openfold/utils/script_utils.py:Relaxed output written to /users/sgsrehm1/fastscratch/COMP702_ep32_inference/runs/7dsq_ep32_relaxed_100_9827080/repeat_87/predictions/7dsq_A_model_1_relaxed.pdb...
/users/sgsrehm1/COMP702_BeyondAF/code/COMP390_code/openfold/openfold/utils/script_utils.py:131: FutureWarning: You are using `torch.load` with `weights_only=False` (the current default value), which uses the default pickle module implicitly. It is possible to construct malicious pickle data which will execute arbitrary code during unpickling (See https://github.com/pytorch/pytorch/blob/main/SECURITY.md#untrusted-models for more details). In a future release, the default value for `weights_only` will be flipped to `True`. This limits the functions that could be executed during unpickling. Arbitrary objects will no longer be allowed to be loaded via this mode unless they are explicitly allowlisted by the user via `torch.serialization.add_safe_globals`. We recommend you start setting `weights_only=True` for any use case where you don't have full control of the loaded file. Please open an issue on GitHub for any issues related to this experimental feature.
  d = torch.load(ckpt_path)
INFO:/users/sgsrehm1/COMP702_BeyondAF/code/COMP390_code/openfold/openfold/utils/script_utils.py:Loaded OpenFold parameters at /users/sgsrehm1/COMP702_BeyondAF/code/COMP390_code/checkpoints/run_subset_gpu32_h100_ep33/csv_logs/version_0/checkpoints/32-330000.ckpt...
INFO:/users/sgsrehm1/COMP702_BeyondAF/code/COMP390_code/openfold/run_pretrained_openfold.py:Using precomputed alignments for 7dsq_A at /users/sgsrehm1/scratch/openfold_inference/alignments_cf...
INFO:/users/sgsrehm1/COMP702_BeyondAF/code/COMP390_code/openfold/openfold/utils/script_utils.py:Running inference for 7dsq_A...
INFO:/users/sgsrehm1/COMP702_BeyondAF/code/COMP390_code/openfold/openfold/utils/script_utils.py:Inference time: 17.690325908362865
/users/sgsrehm1/COMP702_BeyondAF/code/COMP390_code/openfold/run_pretrained_openfold.py:351: DeprecationWarning: __array__ implementation doesn't accept a copy keyword, so passing copy=False failed. __array__ must implement 'dtype' and 'copy' keyword arguments. To learn more, see the migration guide https://numpy.org/devdocs/numpy_2_0_migration_guide.html#adapting-to-changes-in-the-copy-keyword
  lambda x: np.array(x[..., -1].cpu()),
/users/sgsrehm1/COMP702_BeyondAF/code/COMP390_code/openfold/run_pretrained_openfold.py:354: DeprecationWarning: __array__ implementation doesn't accept a copy keyword, so passing copy=False failed. __array__ must implement 'dtype' and 'copy' keyword arguments. To learn more, see the migration guide https://numpy.org/devdocs/numpy_2_0_migration_guide.html#adapting-to-changes-in-the-copy-keyword
  out = tensor_tree_map(lambda x: np.array(x.cpu()), out)
INFO:/users/sgsrehm1/COMP702_BeyondAF/code/COMP390_code/openfold/run_pretrained_openfold.py:Output written to /users/sgsrehm1/fastscratch/COMP702_ep32_inference/runs/7dsq_ep32_relaxed_100_9827080/repeat_88/predictions/7dsq_A_model_1_unrelaxed.pdb...
INFO:/users/sgsrehm1/COMP702_BeyondAF/code/COMP390_code/openfold/run_pretrained_openfold.py:Running relaxation on /users/sgsrehm1/fastscratch/COMP702_ep32_inference/runs/7dsq_ep32_relaxed_100_9827080/repeat_88/predictions/7dsq_A_model_1_unrelaxed.pdb...
INFO:/users/sgsrehm1/COMP702_BeyondAF/code/COMP390_code/openfold/openfold/utils/script_utils.py:Relaxation time: 12.152456712909043
INFO:/users/sgsrehm1/COMP702_BeyondAF/code/COMP390_code/openfold/openfold/utils/script_utils.py:Relaxed output written to /users/sgsrehm1/fastscratch/COMP702_ep32_inference/runs/7dsq_ep32_relaxed_100_9827080/repeat_88/predictions/7dsq_A_model_1_relaxed.pdb...
/users/sgsrehm1/COMP702_BeyondAF/code/COMP390_code/openfold/openfold/utils/script_utils.py:131: FutureWarning: You are using `torch.load` with `weights_only=False` (the current default value), which uses the default pickle module implicitly. It is possible to construct malicious pickle data which will execute arbitrary code during unpickling (See https://github.com/pytorch/pytorch/blob/main/SECURITY.md#untrusted-models for more details). In a future release, the default value for `weights_only` will be flipped to `True`. This limits the functions that could be executed during unpickling. Arbitrary objects will no longer be allowed to be loaded via this mode unless they are explicitly allowlisted by the user via `torch.serialization.add_safe_globals`. We recommend you start setting `weights_only=True` for any use case where you don't have full control of the loaded file. Please open an issue on GitHub for any issues related to this experimental feature.
  d = torch.load(ckpt_path)
INFO:/users/sgsrehm1/COMP702_BeyondAF/code/COMP390_code/openfold/openfold/utils/script_utils.py:Loaded OpenFold parameters at /users/sgsrehm1/COMP702_BeyondAF/code/COMP390_code/checkpoints/run_subset_gpu32_h100_ep33/csv_logs/version_0/checkpoints/32-330000.ckpt...
INFO:/users/sgsrehm1/COMP702_BeyondAF/code/COMP390_code/openfold/run_pretrained_openfold.py:Using precomputed alignments for 7dsq_A at /users/sgsrehm1/scratch/openfold_inference/alignments_cf...
INFO:/users/sgsrehm1/COMP702_BeyondAF/code/COMP390_code/openfold/openfold/utils/script_utils.py:Running inference for 7dsq_A...
INFO:/users/sgsrehm1/COMP702_BeyondAF/code/COMP390_code/openfold/openfold/utils/script_utils.py:Inference time: 17.68775351997465
/users/sgsrehm1/COMP702_BeyondAF/code/COMP390_code/openfold/run_pretrained_openfold.py:351: DeprecationWarning: __array__ implementation doesn't accept a copy keyword, so passing copy=False failed. __array__ must implement 'dtype' and 'copy' keyword arguments. To learn more, see the migration guide https://numpy.org/devdocs/numpy_2_0_migration_guide.html#adapting-to-changes-in-the-copy-keyword
  lambda x: np.array(x[..., -1].cpu()),
/users/sgsrehm1/COMP702_BeyondAF/code/COMP390_code/openfold/run_pretrained_openfold.py:354: DeprecationWarning: __array__ implementation doesn't accept a copy keyword, so passing copy=False failed. __array__ must implement 'dtype' and 'copy' keyword arguments. To learn more, see the migration guide https://numpy.org/devdocs/numpy_2_0_migration_guide.html#adapting-to-changes-in-the-copy-keyword
  out = tensor_tree_map(lambda x: np.array(x.cpu()), out)
INFO:/users/sgsrehm1/COMP702_BeyondAF/code/COMP390_code/openfold/run_pretrained_openfold.py:Output written to /users/sgsrehm1/fastscratch/COMP702_ep32_inference/runs/7dsq_ep32_relaxed_100_9827080/repeat_89/predictions/7dsq_A_model_1_unrelaxed.pdb...
INFO:/users/sgsrehm1/COMP702_BeyondAF/code/COMP390_code/openfold/run_pretrained_openfold.py:Running relaxation on /users/sgsrehm1/fastscratch/COMP702_ep32_inference/runs/7dsq_ep32_relaxed_100_9827080/repeat_89/predictions/7dsq_A_model_1_unrelaxed.pdb...
INFO:/users/sgsrehm1/COMP702_BeyondAF/code/COMP390_code/openfold/openfold/utils/script_utils.py:Relaxation time: 13.172571014612913
INFO:/users/sgsrehm1/COMP702_BeyondAF/code/COMP390_code/openfold/openfold/utils/script_utils.py:Relaxed output written to /users/sgsrehm1/fastscratch/COMP702_ep32_inference/runs/7dsq_ep32_relaxed_100_9827080/repeat_89/predictions/7dsq_A_model_1_relaxed.pdb...
/users/sgsrehm1/COMP702_BeyondAF/code/COMP390_code/openfold/openfold/utils/script_utils.py:131: FutureWarning: You are using `torch.load` with `weights_only=False` (the current default value), which uses the default pickle module implicitly. It is possible to construct malicious pickle data which will execute arbitrary code during unpickling (See https://github.com/pytorch/pytorch/blob/main/SECURITY.md#untrusted-models for more details). In a future release, the default value for `weights_only` will be flipped to `True`. This limits the functions that could be executed during unpickling. Arbitrary objects will no longer be allowed to be loaded via this mode unless they are explicitly allowlisted by the user via `torch.serialization.add_safe_globals`. We recommend you start setting `weights_only=True` for any use case where you don't have full control of the loaded file. Please open an issue on GitHub for any issues related to this experimental feature.
  d = torch.load(ckpt_path)
INFO:/users/sgsrehm1/COMP702_BeyondAF/code/COMP390_code/openfold/openfold/utils/script_utils.py:Loaded OpenFold parameters at /users/sgsrehm1/COMP702_BeyondAF/code/COMP390_code/checkpoints/run_subset_gpu32_h100_ep33/csv_logs/version_0/checkpoints/32-330000.ckpt...
INFO:/users/sgsrehm1/COMP702_BeyondAF/code/COMP390_code/openfold/run_pretrained_openfold.py:Using precomputed alignments for 7dsq_A at /users/sgsrehm1/scratch/openfold_inference/alignments_cf...
INFO:/users/sgsrehm1/COMP702_BeyondAF/code/COMP390_code/openfold/openfold/utils/script_utils.py:Running inference for 7dsq_A...
INFO:/users/sgsrehm1/COMP702_BeyondAF/code/COMP390_code/openfold/openfold/utils/script_utils.py:Inference time: 17.691710994578898
/users/sgsrehm1/COMP702_BeyondAF/code/COMP390_code/openfold/run_pretrained_openfold.py:351: DeprecationWarning: __array__ implementation doesn't accept a copy keyword, so passing copy=False failed. __array__ must implement 'dtype' and 'copy' keyword arguments. To learn more, see the migration guide https://numpy.org/devdocs/numpy_2_0_migration_guide.html#adapting-to-changes-in-the-copy-keyword
  lambda x: np.array(x[..., -1].cpu()),
/users/sgsrehm1/COMP702_BeyondAF/code/COMP390_code/openfold/run_pretrained_openfold.py:354: DeprecationWarning: __array__ implementation doesn't accept a copy keyword, so passing copy=False failed. __array__ must implement 'dtype' and 'copy' keyword arguments. To learn more, see the migration guide https://numpy.org/devdocs/numpy_2_0_migration_guide.html#adapting-to-changes-in-the-copy-keyword
  out = tensor_tree_map(lambda x: np.array(x.cpu()), out)
INFO:/users/sgsrehm1/COMP702_BeyondAF/code/COMP390_code/openfold/run_pretrained_openfold.py:Output written to /users/sgsrehm1/fastscratch/COMP702_ep32_inference/runs/7dsq_ep32_relaxed_100_9827080/repeat_90/predictions/7dsq_A_model_1_unrelaxed.pdb...
INFO:/users/sgsrehm1/COMP702_BeyondAF/code/COMP390_code/openfold/run_pretrained_openfold.py:Running relaxation on /users/sgsrehm1/fastscratch/COMP702_ep32_inference/runs/7dsq_ep32_relaxed_100_9827080/repeat_90/predictions/7dsq_A_model_1_unrelaxed.pdb...
INFO:/users/sgsrehm1/COMP702_BeyondAF/code/COMP390_code/openfold/openfold/utils/script_utils.py:Relaxation time: 13.055988122709095
INFO:/users/sgsrehm1/COMP702_BeyondAF/code/COMP390_code/openfold/openfold/utils/script_utils.py:Relaxed output written to /users/sgsrehm1/fastscratch/COMP702_ep32_inference/runs/7dsq_ep32_relaxed_100_9827080/repeat_90/predictions/7dsq_A_model_1_relaxed.pdb...
/users/sgsrehm1/COMP702_BeyondAF/code/COMP390_code/openfold/openfold/utils/script_utils.py:131: FutureWarning: You are using `torch.load` with `weights_only=False` (the current default value), which uses the default pickle module implicitly. It is possible to construct malicious pickle data which will execute arbitrary code during unpickling (See https://github.com/pytorch/pytorch/blob/main/SECURITY.md#untrusted-models for more details). In a future release, the default value for `weights_only` will be flipped to `True`. This limits the functions that could be executed during unpickling. Arbitrary objects will no longer be allowed to be loaded via this mode unless they are explicitly allowlisted by the user via `torch.serialization.add_safe_globals`. We recommend you start setting `weights_only=True` for any use case where you don't have full control of the loaded file. Please open an issue on GitHub for any issues related to this experimental feature.
  d = torch.load(ckpt_path)
INFO:/users/sgsrehm1/COMP702_BeyondAF/code/COMP390_code/openfold/openfold/utils/script_utils.py:Loaded OpenFold parameters at /users/sgsrehm1/COMP702_BeyondAF/code/COMP390_code/checkpoints/run_subset_gpu32_h100_ep33/csv_logs/version_0/checkpoints/32-330000.ckpt...
INFO:/users/sgsrehm1/COMP702_BeyondAF/code/COMP390_code/openfold/run_pretrained_openfold.py:Using precomputed alignments for 7dsq_A at /users/sgsrehm1/scratch/openfold_inference/alignments_cf...
INFO:/users/sgsrehm1/COMP702_BeyondAF/code/COMP390_code/openfold/openfold/utils/script_utils.py:Running inference for 7dsq_A...
INFO:/users/sgsrehm1/COMP702_BeyondAF/code/COMP390_code/openfold/openfold/utils/script_utils.py:Inference time: 17.678299497812986
/users/sgsrehm1/COMP702_BeyondAF/code/COMP390_code/openfold/run_pretrained_openfold.py:351: DeprecationWarning: __array__ implementation doesn't accept a copy keyword, so passing copy=False failed. __array__ must implement 'dtype' and 'copy' keyword arguments. To learn more, see the migration guide https://numpy.org/devdocs/numpy_2_0_migration_guide.html#adapting-to-changes-in-the-copy-keyword
  lambda x: np.array(x[..., -1].cpu()),
/users/sgsrehm1/COMP702_BeyondAF/code/COMP390_code/openfold/run_pretrained_openfold.py:354: DeprecationWarning: __array__ implementation doesn't accept a copy keyword, so passing copy=False failed. __array__ must implement 'dtype' and 'copy' keyword arguments. To learn more, see the migration guide https://numpy.org/devdocs/numpy_2_0_migration_guide.html#adapting-to-changes-in-the-copy-keyword
  out = tensor_tree_map(lambda x: np.array(x.cpu()), out)
INFO:/users/sgsrehm1/COMP702_BeyondAF/code/COMP390_code/openfold/run_pretrained_openfold.py:Output written to /users/sgsrehm1/fastscratch/COMP702_ep32_inference/runs/7dsq_ep32_relaxed_100_9827080/repeat_91/predictions/7dsq_A_model_1_unrelaxed.pdb...
INFO:/users/sgsrehm1/COMP702_BeyondAF/code/COMP390_code/openfold/run_pretrained_openfold.py:Running relaxation on /users/sgsrehm1/fastscratch/COMP702_ep32_inference/runs/7dsq_ep32_relaxed_100_9827080/repeat_91/predictions/7dsq_A_model_1_unrelaxed.pdb...
INFO:/users/sgsrehm1/COMP702_BeyondAF/code/COMP390_code/openfold/openfold/utils/script_utils.py:Relaxation time: 17.07111562602222
INFO:/users/sgsrehm1/COMP702_BeyondAF/code/COMP390_code/openfold/openfold/utils/script_utils.py:Relaxed output written to /users/sgsrehm1/fastscratch/COMP702_ep32_inference/runs/7dsq_ep32_relaxed_100_9827080/repeat_91/predictions/7dsq_A_model_1_relaxed.pdb...
/users/sgsrehm1/COMP702_BeyondAF/code/COMP390_code/openfold/openfold/utils/script_utils.py:131: FutureWarning: You are using `torch.load` with `weights_only=False` (the current default value), which uses the default pickle module implicitly. It is possible to construct malicious pickle data which will execute arbitrary code during unpickling (See https://github.com/pytorch/pytorch/blob/main/SECURITY.md#untrusted-models for more details). In a future release, the default value for `weights_only` will be flipped to `True`. This limits the functions that could be executed during unpickling. Arbitrary objects will no longer be allowed to be loaded via this mode unless they are explicitly allowlisted by the user via `torch.serialization.add_safe_globals`. We recommend you start setting `weights_only=True` for any use case where you don't have full control of the loaded file. Please open an issue on GitHub for any issues related to this experimental feature.
  d = torch.load(ckpt_path)
INFO:/users/sgsrehm1/COMP702_BeyondAF/code/COMP390_code/openfold/openfold/utils/script_utils.py:Loaded OpenFold parameters at /users/sgsrehm1/COMP702_BeyondAF/code/COMP390_code/checkpoints/run_subset_gpu32_h100_ep33/csv_logs/version_0/checkpoints/32-330000.ckpt...
INFO:/users/sgsrehm1/COMP702_BeyondAF/code/COMP390_code/openfold/run_pretrained_openfold.py:Using precomputed alignments for 7dsq_A at /users/sgsrehm1/scratch/openfold_inference/alignments_cf...
INFO:/users/sgsrehm1/COMP702_BeyondAF/code/COMP390_code/openfold/openfold/utils/script_utils.py:Running inference for 7dsq_A...
INFO:/users/sgsrehm1/COMP702_BeyondAF/code/COMP390_code/openfold/openfold/utils/script_utils.py:Inference time: 17.700126332230866
/users/sgsrehm1/COMP702_BeyondAF/code/COMP390_code/openfold/run_pretrained_openfold.py:351: DeprecationWarning: __array__ implementation doesn't accept a copy keyword, so passing copy=False failed. __array__ must implement 'dtype' and 'copy' keyword arguments. To learn more, see the migration guide https://numpy.org/devdocs/numpy_2_0_migration_guide.html#adapting-to-changes-in-the-copy-keyword
  lambda x: np.array(x[..., -1].cpu()),
/users/sgsrehm1/COMP702_BeyondAF/code/COMP390_code/openfold/run_pretrained_openfold.py:354: DeprecationWarning: __array__ implementation doesn't accept a copy keyword, so passing copy=False failed. __array__ must implement 'dtype' and 'copy' keyword arguments. To learn more, see the migration guide https://numpy.org/devdocs/numpy_2_0_migration_guide.html#adapting-to-changes-in-the-copy-keyword
  out = tensor_tree_map(lambda x: np.array(x.cpu()), out)
INFO:/users/sgsrehm1/COMP702_BeyondAF/code/COMP390_code/openfold/run_pretrained_openfold.py:Output written to /users/sgsrehm1/fastscratch/COMP702_ep32_inference/runs/7dsq_ep32_relaxed_100_9827080/repeat_92/predictions/7dsq_A_model_1_unrelaxed.pdb...
INFO:/users/sgsrehm1/COMP702_BeyondAF/code/COMP390_code/openfold/run_pretrained_openfold.py:Running relaxation on /users/sgsrehm1/fastscratch/COMP702_ep32_inference/runs/7dsq_ep32_relaxed_100_9827080/repeat_92/predictions/7dsq_A_model_1_unrelaxed.pdb...
INFO:/users/sgsrehm1/COMP702_BeyondAF/code/COMP390_code/openfold/openfold/utils/script_utils.py:Relaxation time: 12.250750769861042
INFO:/users/sgsrehm1/COMP702_BeyondAF/code/COMP390_code/openfold/openfold/utils/script_utils.py:Relaxed output written to /users/sgsrehm1/fastscratch/COMP702_ep32_inference/runs/7dsq_ep32_relaxed_100_9827080/repeat_92/predictions/7dsq_A_model_1_relaxed.pdb...
/users/sgsrehm1/COMP702_BeyondAF/code/COMP390_code/openfold/openfold/utils/script_utils.py:131: FutureWarning: You are using `torch.load` with `weights_only=False` (the current default value), which uses the default pickle module implicitly. It is possible to construct malicious pickle data which will execute arbitrary code during unpickling (See https://github.com/pytorch/pytorch/blob/main/SECURITY.md#untrusted-models for more details). In a future release, the default value for `weights_only` will be flipped to `True`. This limits the functions that could be executed during unpickling. Arbitrary objects will no longer be allowed to be loaded via this mode unless they are explicitly allowlisted by the user via `torch.serialization.add_safe_globals`. We recommend you start setting `weights_only=True` for any use case where you don't have full control of the loaded file. Please open an issue on GitHub for any issues related to this experimental feature.
  d = torch.load(ckpt_path)
INFO:/users/sgsrehm1/COMP702_BeyondAF/code/COMP390_code/openfold/openfold/utils/script_utils.py:Loaded OpenFold parameters at /users/sgsrehm1/COMP702_BeyondAF/code/COMP390_code/checkpoints/run_subset_gpu32_h100_ep33/csv_logs/version_0/checkpoints/32-330000.ckpt...
INFO:/users/sgsrehm1/COMP702_BeyondAF/code/COMP390_code/openfold/run_pretrained_openfold.py:Using precomputed alignments for 7dsq_A at /users/sgsrehm1/scratch/openfold_inference/alignments_cf...
INFO:/users/sgsrehm1/COMP702_BeyondAF/code/COMP390_code/openfold/openfold/utils/script_utils.py:Running inference for 7dsq_A...
INFO:/users/sgsrehm1/COMP702_BeyondAF/code/COMP390_code/openfold/openfold/utils/script_utils.py:Inference time: 17.68647399544716
/users/sgsrehm1/COMP702_BeyondAF/code/COMP390_code/openfold/run_pretrained_openfold.py:351: DeprecationWarning: __array__ implementation doesn't accept a copy keyword, so passing copy=False failed. __array__ must implement 'dtype' and 'copy' keyword arguments. To learn more, see the migration guide https://numpy.org/devdocs/numpy_2_0_migration_guide.html#adapting-to-changes-in-the-copy-keyword
  lambda x: np.array(x[..., -1].cpu()),
/users/sgsrehm1/COMP702_BeyondAF/code/COMP390_code/openfold/run_pretrained_openfold.py:354: DeprecationWarning: __array__ implementation doesn't accept a copy keyword, so passing copy=False failed. __array__ must implement 'dtype' and 'copy' keyword arguments. To learn more, see the migration guide https://numpy.org/devdocs/numpy_2_0_migration_guide.html#adapting-to-changes-in-the-copy-keyword
  out = tensor_tree_map(lambda x: np.array(x.cpu()), out)
INFO:/users/sgsrehm1/COMP702_BeyondAF/code/COMP390_code/openfold/run_pretrained_openfold.py:Output written to /users/sgsrehm1/fastscratch/COMP702_ep32_inference/runs/7dsq_ep32_relaxed_100_9827080/repeat_93/predictions/7dsq_A_model_1_unrelaxed.pdb...
INFO:/users/sgsrehm1/COMP702_BeyondAF/code/COMP390_code/openfold/run_pretrained_openfold.py:Running relaxation on /users/sgsrehm1/fastscratch/COMP702_ep32_inference/runs/7dsq_ep32_relaxed_100_9827080/repeat_93/predictions/7dsq_A_model_1_unrelaxed.pdb...
INFO:/users/sgsrehm1/COMP702_BeyondAF/code/COMP390_code/openfold/openfold/utils/script_utils.py:Relaxation time: 12.287513364106417
INFO:/users/sgsrehm1/COMP702_BeyondAF/code/COMP390_code/openfold/openfold/utils/script_utils.py:Relaxed output written to /users/sgsrehm1/fastscratch/COMP702_ep32_inference/runs/7dsq_ep32_relaxed_100_9827080/repeat_93/predictions/7dsq_A_model_1_relaxed.pdb...
/users/sgsrehm1/COMP702_BeyondAF/code/COMP390_code/openfold/openfold/utils/script_utils.py:131: FutureWarning: You are using `torch.load` with `weights_only=False` (the current default value), which uses the default pickle module implicitly. It is possible to construct malicious pickle data which will execute arbitrary code during unpickling (See https://github.com/pytorch/pytorch/blob/main/SECURITY.md#untrusted-models for more details). In a future release, the default value for `weights_only` will be flipped to `True`. This limits the functions that could be executed during unpickling. Arbitrary objects will no longer be allowed to be loaded via this mode unless they are explicitly allowlisted by the user via `torch.serialization.add_safe_globals`. We recommend you start setting `weights_only=True` for any use case where you don't have full control of the loaded file. Please open an issue on GitHub for any issues related to this experimental feature.
  d = torch.load(ckpt_path)
INFO:/users/sgsrehm1/COMP702_BeyondAF/code/COMP390_code/openfold/openfold/utils/script_utils.py:Loaded OpenFold parameters at /users/sgsrehm1/COMP702_BeyondAF/code/COMP390_code/checkpoints/run_subset_gpu32_h100_ep33/csv_logs/version_0/checkpoints/32-330000.ckpt...
INFO:/users/sgsrehm1/COMP702_BeyondAF/code/COMP390_code/openfold/run_pretrained_openfold.py:Using precomputed alignments for 7dsq_A at /users/sgsrehm1/scratch/openfold_inference/alignments_cf...
INFO:/users/sgsrehm1/COMP702_BeyondAF/code/COMP390_code/openfold/openfold/utils/script_utils.py:Running inference for 7dsq_A...
INFO:/users/sgsrehm1/COMP702_BeyondAF/code/COMP390_code/openfold/openfold/utils/script_utils.py:Inference time: 17.69314323272556
/users/sgsrehm1/COMP702_BeyondAF/code/COMP390_code/openfold/run_pretrained_openfold.py:351: DeprecationWarning: __array__ implementation doesn't accept a copy keyword, so passing copy=False failed. __array__ must implement 'dtype' and 'copy' keyword arguments. To learn more, see the migration guide https://numpy.org/devdocs/numpy_2_0_migration_guide.html#adapting-to-changes-in-the-copy-keyword
  lambda x: np.array(x[..., -1].cpu()),
/users/sgsrehm1/COMP702_BeyondAF/code/COMP390_code/openfold/run_pretrained_openfold.py:354: DeprecationWarning: __array__ implementation doesn't accept a copy keyword, so passing copy=False failed. __array__ must implement 'dtype' and 'copy' keyword arguments. To learn more, see the migration guide https://numpy.org/devdocs/numpy_2_0_migration_guide.html#adapting-to-changes-in-the-copy-keyword
  out = tensor_tree_map(lambda x: np.array(x.cpu()), out)
INFO:/users/sgsrehm1/COMP702_BeyondAF/code/COMP390_code/openfold/run_pretrained_openfold.py:Output written to /users/sgsrehm1/fastscratch/COMP702_ep32_inference/runs/7dsq_ep32_relaxed_100_9827080/repeat_94/predictions/7dsq_A_model_1_unrelaxed.pdb...
INFO:/users/sgsrehm1/COMP702_BeyondAF/code/COMP390_code/openfold/run_pretrained_openfold.py:Running relaxation on /users/sgsrehm1/fastscratch/COMP702_ep32_inference/runs/7dsq_ep32_relaxed_100_9827080/repeat_94/predictions/7dsq_A_model_1_unrelaxed.pdb...
INFO:/users/sgsrehm1/COMP702_BeyondAF/code/COMP390_code/openfold/openfold/utils/script_utils.py:Relaxation time: 18.81567002646625
INFO:/users/sgsrehm1/COMP702_BeyondAF/code/COMP390_code/openfold/openfold/utils/script_utils.py:Relaxed output written to /users/sgsrehm1/fastscratch/COMP702_ep32_inference/runs/7dsq_ep32_relaxed_100_9827080/repeat_94/predictions/7dsq_A_model_1_relaxed.pdb...
/users/sgsrehm1/COMP702_BeyondAF/code/COMP390_code/openfold/openfold/utils/script_utils.py:131: FutureWarning: You are using `torch.load` with `weights_only=False` (the current default value), which uses the default pickle module implicitly. It is possible to construct malicious pickle data which will execute arbitrary code during unpickling (See https://github.com/pytorch/pytorch/blob/main/SECURITY.md#untrusted-models for more details). In a future release, the default value for `weights_only` will be flipped to `True`. This limits the functions that could be executed during unpickling. Arbitrary objects will no longer be allowed to be loaded via this mode unless they are explicitly allowlisted by the user via `torch.serialization.add_safe_globals`. We recommend you start setting `weights_only=True` for any use case where you don't have full control of the loaded file. Please open an issue on GitHub for any issues related to this experimental feature.
  d = torch.load(ckpt_path)
INFO:/users/sgsrehm1/COMP702_BeyondAF/code/COMP390_code/openfold/openfold/utils/script_utils.py:Loaded OpenFold parameters at /users/sgsrehm1/COMP702_BeyondAF/code/COMP390_code/checkpoints/run_subset_gpu32_h100_ep33/csv_logs/version_0/checkpoints/32-330000.ckpt...
INFO:/users/sgsrehm1/COMP702_BeyondAF/code/COMP390_code/openfold/run_pretrained_openfold.py:Using precomputed alignments for 7dsq_A at /users/sgsrehm1/scratch/openfold_inference/alignments_cf...
INFO:/users/sgsrehm1/COMP702_BeyondAF/code/COMP390_code/openfold/openfold/utils/script_utils.py:Running inference for 7dsq_A...
INFO:/users/sgsrehm1/COMP702_BeyondAF/code/COMP390_code/openfold/openfold/utils/script_utils.py:Inference time: 17.71260158251971
/users/sgsrehm1/COMP702_BeyondAF/code/COMP390_code/openfold/run_pretrained_openfold.py:351: DeprecationWarning: __array__ implementation doesn't accept a copy keyword, so passing copy=False failed. __array__ must implement 'dtype' and 'copy' keyword arguments. To learn more, see the migration guide https://numpy.org/devdocs/numpy_2_0_migration_guide.html#adapting-to-changes-in-the-copy-keyword
  lambda x: np.array(x[..., -1].cpu()),
/users/sgsrehm1/COMP702_BeyondAF/code/COMP390_code/openfold/run_pretrained_openfold.py:354: DeprecationWarning: __array__ implementation doesn't accept a copy keyword, so passing copy=False failed. __array__ must implement 'dtype' and 'copy' keyword arguments. To learn more, see the migration guide https://numpy.org/devdocs/numpy_2_0_migration_guide.html#adapting-to-changes-in-the-copy-keyword
  out = tensor_tree_map(lambda x: np.array(x.cpu()), out)
INFO:/users/sgsrehm1/COMP702_BeyondAF/code/COMP390_code/openfold/run_pretrained_openfold.py:Output written to /users/sgsrehm1/fastscratch/COMP702_ep32_inference/runs/7dsq_ep32_relaxed_100_9827080/repeat_95/predictions/7dsq_A_model_1_unrelaxed.pdb...
INFO:/users/sgsrehm1/COMP702_BeyondAF/code/COMP390_code/openfold/run_pretrained_openfold.py:Running relaxation on /users/sgsrehm1/fastscratch/COMP702_ep32_inference/runs/7dsq_ep32_relaxed_100_9827080/repeat_95/predictions/7dsq_A_model_1_unrelaxed.pdb...
INFO:/users/sgsrehm1/COMP702_BeyondAF/code/COMP390_code/openfold/openfold/utils/script_utils.py:Relaxation time: 13.30151163879782
INFO:/users/sgsrehm1/COMP702_BeyondAF/code/COMP390_code/openfold/openfold/utils/script_utils.py:Relaxed output written to /users/sgsrehm1/fastscratch/COMP702_ep32_inference/runs/7dsq_ep32_relaxed_100_9827080/repeat_95/predictions/7dsq_A_model_1_relaxed.pdb...
/users/sgsrehm1/COMP702_BeyondAF/code/COMP390_code/openfold/openfold/utils/script_utils.py:131: FutureWarning: You are using `torch.load` with `weights_only=False` (the current default value), which uses the default pickle module implicitly. It is possible to construct malicious pickle data which will execute arbitrary code during unpickling (See https://github.com/pytorch/pytorch/blob/main/SECURITY.md#untrusted-models for more details). In a future release, the default value for `weights_only` will be flipped to `True`. This limits the functions that could be executed during unpickling. Arbitrary objects will no longer be allowed to be loaded via this mode unless they are explicitly allowlisted by the user via `torch.serialization.add_safe_globals`. We recommend you start setting `weights_only=True` for any use case where you don't have full control of the loaded file. Please open an issue on GitHub for any issues related to this experimental feature.
  d = torch.load(ckpt_path)
INFO:/users/sgsrehm1/COMP702_BeyondAF/code/COMP390_code/openfold/openfold/utils/script_utils.py:Loaded OpenFold parameters at /users/sgsrehm1/COMP702_BeyondAF/code/COMP390_code/checkpoints/run_subset_gpu32_h100_ep33/csv_logs/version_0/checkpoints/32-330000.ckpt...
INFO:/users/sgsrehm1/COMP702_BeyondAF/code/COMP390_code/openfold/run_pretrained_openfold.py:Using precomputed alignments for 7dsq_A at /users/sgsrehm1/scratch/openfold_inference/alignments_cf...
INFO:/users/sgsrehm1/COMP702_BeyondAF/code/COMP390_code/openfold/openfold/utils/script_utils.py:Running inference for 7dsq_A...
INFO:/users/sgsrehm1/COMP702_BeyondAF/code/COMP390_code/openfold/openfold/utils/script_utils.py:Inference time: 17.689196368679404
/users/sgsrehm1/COMP702_BeyondAF/code/COMP390_code/openfold/run_pretrained_openfold.py:351: DeprecationWarning: __array__ implementation doesn't accept a copy keyword, so passing copy=False failed. __array__ must implement 'dtype' and 'copy' keyword arguments. To learn more, see the migration guide https://numpy.org/devdocs/numpy_2_0_migration_guide.html#adapting-to-changes-in-the-copy-keyword
  lambda x: np.array(x[..., -1].cpu()),
/users/sgsrehm1/COMP702_BeyondAF/code/COMP390_code/openfold/run_pretrained_openfold.py:354: DeprecationWarning: __array__ implementation doesn't accept a copy keyword, so passing copy=False failed. __array__ must implement 'dtype' and 'copy' keyword arguments. To learn more, see the migration guide https://numpy.org/devdocs/numpy_2_0_migration_guide.html#adapting-to-changes-in-the-copy-keyword
  out = tensor_tree_map(lambda x: np.array(x.cpu()), out)
INFO:/users/sgsrehm1/COMP702_BeyondAF/code/COMP390_code/openfold/run_pretrained_openfold.py:Output written to /users/sgsrehm1/fastscratch/COMP702_ep32_inference/runs/7dsq_ep32_relaxed_100_9827080/repeat_96/predictions/7dsq_A_model_1_unrelaxed.pdb...
INFO:/users/sgsrehm1/COMP702_BeyondAF/code/COMP390_code/openfold/run_pretrained_openfold.py:Running relaxation on /users/sgsrehm1/fastscratch/COMP702_ep32_inference/runs/7dsq_ep32_relaxed_100_9827080/repeat_96/predictions/7dsq_A_model_1_unrelaxed.pdb...
INFO:/users/sgsrehm1/COMP702_BeyondAF/code/COMP390_code/openfold/openfold/utils/script_utils.py:Relaxation time: 12.561771207489073
INFO:/users/sgsrehm1/COMP702_BeyondAF/code/COMP390_code/openfold/openfold/utils/script_utils.py:Relaxed output written to /users/sgsrehm1/fastscratch/COMP702_ep32_inference/runs/7dsq_ep32_relaxed_100_9827080/repeat_96/predictions/7dsq_A_model_1_relaxed.pdb...
/users/sgsrehm1/COMP702_BeyondAF/code/COMP390_code/openfold/openfold/utils/script_utils.py:131: FutureWarning: You are using `torch.load` with `weights_only=False` (the current default value), which uses the default pickle module implicitly. It is possible to construct malicious pickle data which will execute arbitrary code during unpickling (See https://github.com/pytorch/pytorch/blob/main/SECURITY.md#untrusted-models for more details). In a future release, the default value for `weights_only` will be flipped to `True`. This limits the functions that could be executed during unpickling. Arbitrary objects will no longer be allowed to be loaded via this mode unless they are explicitly allowlisted by the user via `torch.serialization.add_safe_globals`. We recommend you start setting `weights_only=True` for any use case where you don't have full control of the loaded file. Please open an issue on GitHub for any issues related to this experimental feature.
  d = torch.load(ckpt_path)
INFO:/users/sgsrehm1/COMP702_BeyondAF/code/COMP390_code/openfold/openfold/utils/script_utils.py:Loaded OpenFold parameters at /users/sgsrehm1/COMP702_BeyondAF/code/COMP390_code/checkpoints/run_subset_gpu32_h100_ep33/csv_logs/version_0/checkpoints/32-330000.ckpt...
INFO:/users/sgsrehm1/COMP702_BeyondAF/code/COMP390_code/openfold/run_pretrained_openfold.py:Using precomputed alignments for 7dsq_A at /users/sgsrehm1/scratch/openfold_inference/alignments_cf...
INFO:/users/sgsrehm1/COMP702_BeyondAF/code/COMP390_code/openfold/openfold/utils/script_utils.py:Running inference for 7dsq_A...
INFO:/users/sgsrehm1/COMP702_BeyondAF/code/COMP390_code/openfold/openfold/utils/script_utils.py:Inference time: 17.70888524968177
/users/sgsrehm1/COMP702_BeyondAF/code/COMP390_code/openfold/run_pretrained_openfold.py:351: DeprecationWarning: __array__ implementation doesn't accept a copy keyword, so passing copy=False failed. __array__ must implement 'dtype' and 'copy' keyword arguments. To learn more, see the migration guide https://numpy.org/devdocs/numpy_2_0_migration_guide.html#adapting-to-changes-in-the-copy-keyword
  lambda x: np.array(x[..., -1].cpu()),
/users/sgsrehm1/COMP702_BeyondAF/code/COMP390_code/openfold/run_pretrained_openfold.py:354: DeprecationWarning: __array__ implementation doesn't accept a copy keyword, so passing copy=False failed. __array__ must implement 'dtype' and 'copy' keyword arguments. To learn more, see the migration guide https://numpy.org/devdocs/numpy_2_0_migration_guide.html#adapting-to-changes-in-the-copy-keyword
  out = tensor_tree_map(lambda x: np.array(x.cpu()), out)
INFO:/users/sgsrehm1/COMP702_BeyondAF/code/COMP390_code/openfold/run_pretrained_openfold.py:Output written to /users/sgsrehm1/fastscratch/COMP702_ep32_inference/runs/7dsq_ep32_relaxed_100_9827080/repeat_97/predictions/7dsq_A_model_1_unrelaxed.pdb...
INFO:/users/sgsrehm1/COMP702_BeyondAF/code/COMP390_code/openfold/run_pretrained_openfold.py:Running relaxation on /users/sgsrehm1/fastscratch/COMP702_ep32_inference/runs/7dsq_ep32_relaxed_100_9827080/repeat_97/predictions/7dsq_A_model_1_unrelaxed.pdb...
INFO:/users/sgsrehm1/COMP702_BeyondAF/code/COMP390_code/openfold/openfold/utils/script_utils.py:Relaxation time: 11.898316444829106
INFO:/users/sgsrehm1/COMP702_BeyondAF/code/COMP390_code/openfold/openfold/utils/script_utils.py:Relaxed output written to /users/sgsrehm1/fastscratch/COMP702_ep32_inference/runs/7dsq_ep32_relaxed_100_9827080/repeat_97/predictions/7dsq_A_model_1_relaxed.pdb...
/users/sgsrehm1/COMP702_BeyondAF/code/COMP390_code/openfold/openfold/utils/script_utils.py:131: FutureWarning: You are using `torch.load` with `weights_only=False` (the current default value), which uses the default pickle module implicitly. It is possible to construct malicious pickle data which will execute arbitrary code during unpickling (See https://github.com/pytorch/pytorch/blob/main/SECURITY.md#untrusted-models for more details). In a future release, the default value for `weights_only` will be flipped to `True`. This limits the functions that could be executed during unpickling. Arbitrary objects will no longer be allowed to be loaded via this mode unless they are explicitly allowlisted by the user via `torch.serialization.add_safe_globals`. We recommend you start setting `weights_only=True` for any use case where you don't have full control of the loaded file. Please open an issue on GitHub for any issues related to this experimental feature.
  d = torch.load(ckpt_path)
INFO:/users/sgsrehm1/COMP702_BeyondAF/code/COMP390_code/openfold/openfold/utils/script_utils.py:Loaded OpenFold parameters at /users/sgsrehm1/COMP702_BeyondAF/code/COMP390_code/checkpoints/run_subset_gpu32_h100_ep33/csv_logs/version_0/checkpoints/32-330000.ckpt...
INFO:/users/sgsrehm1/COMP702_BeyondAF/code/COMP390_code/openfold/run_pretrained_openfold.py:Using precomputed alignments for 7dsq_A at /users/sgsrehm1/scratch/openfold_inference/alignments_cf...
INFO:/users/sgsrehm1/COMP702_BeyondAF/code/COMP390_code/openfold/openfold/utils/script_utils.py:Running inference for 7dsq_A...
INFO:/users/sgsrehm1/COMP702_BeyondAF/code/COMP390_code/openfold/openfold/utils/script_utils.py:Inference time: 17.695964994840324
/users/sgsrehm1/COMP702_BeyondAF/code/COMP390_code/openfold/run_pretrained_openfold.py:351: DeprecationWarning: __array__ implementation doesn't accept a copy keyword, so passing copy=False failed. __array__ must implement 'dtype' and 'copy' keyword arguments. To learn more, see the migration guide https://numpy.org/devdocs/numpy_2_0_migration_guide.html#adapting-to-changes-in-the-copy-keyword
  lambda x: np.array(x[..., -1].cpu()),
/users/sgsrehm1/COMP702_BeyondAF/code/COMP390_code/openfold/run_pretrained_openfold.py:354: DeprecationWarning: __array__ implementation doesn't accept a copy keyword, so passing copy=False failed. __array__ must implement 'dtype' and 'copy' keyword arguments. To learn more, see the migration guide https://numpy.org/devdocs/numpy_2_0_migration_guide.html#adapting-to-changes-in-the-copy-keyword
  out = tensor_tree_map(lambda x: np.array(x.cpu()), out)
INFO:/users/sgsrehm1/COMP702_BeyondAF/code/COMP390_code/openfold/run_pretrained_openfold.py:Output written to /users/sgsrehm1/fastscratch/COMP702_ep32_inference/runs/7dsq_ep32_relaxed_100_9827080/repeat_98/predictions/7dsq_A_model_1_unrelaxed.pdb...
INFO:/users/sgsrehm1/COMP702_BeyondAF/code/COMP390_code/openfold/run_pretrained_openfold.py:Running relaxation on /users/sgsrehm1/fastscratch/COMP702_ep32_inference/runs/7dsq_ep32_relaxed_100_9827080/repeat_98/predictions/7dsq_A_model_1_unrelaxed.pdb...
INFO:/users/sgsrehm1/COMP702_BeyondAF/code/COMP390_code/openfold/openfold/utils/script_utils.py:Relaxation time: 11.956477778963745
INFO:/users/sgsrehm1/COMP702_BeyondAF/code/COMP390_code/openfold/openfold/utils/script_utils.py:Relaxed output written to /users/sgsrehm1/fastscratch/COMP702_ep32_inference/runs/7dsq_ep32_relaxed_100_9827080/repeat_98/predictions/7dsq_A_model_1_relaxed.pdb...
/users/sgsrehm1/COMP702_BeyondAF/code/COMP390_code/openfold/openfold/utils/script_utils.py:131: FutureWarning: You are using `torch.load` with `weights_only=False` (the current default value), which uses the default pickle module implicitly. It is possible to construct malicious pickle data which will execute arbitrary code during unpickling (See https://github.com/pytorch/pytorch/blob/main/SECURITY.md#untrusted-models for more details). In a future release, the default value for `weights_only` will be flipped to `True`. This limits the functions that could be executed during unpickling. Arbitrary objects will no longer be allowed to be loaded via this mode unless they are explicitly allowlisted by the user via `torch.serialization.add_safe_globals`. We recommend you start setting `weights_only=True` for any use case where you don't have full control of the loaded file. Please open an issue on GitHub for any issues related to this experimental feature.
  d = torch.load(ckpt_path)
INFO:/users/sgsrehm1/COMP702_BeyondAF/code/COMP390_code/openfold/openfold/utils/script_utils.py:Loaded OpenFold parameters at /users/sgsrehm1/COMP702_BeyondAF/code/COMP390_code/checkpoints/run_subset_gpu32_h100_ep33/csv_logs/version_0/checkpoints/32-330000.ckpt...
INFO:/users/sgsrehm1/COMP702_BeyondAF/code/COMP390_code/openfold/run_pretrained_openfold.py:Using precomputed alignments for 7dsq_A at /users/sgsrehm1/scratch/openfold_inference/alignments_cf...
INFO:/users/sgsrehm1/COMP702_BeyondAF/code/COMP390_code/openfold/openfold/utils/script_utils.py:Running inference for 7dsq_A...
INFO:/users/sgsrehm1/COMP702_BeyondAF/code/COMP390_code/openfold/openfold/utils/script_utils.py:Inference time: 17.691541250795126
/users/sgsrehm1/COMP702_BeyondAF/code/COMP390_code/openfold/run_pretrained_openfold.py:351: DeprecationWarning: __array__ implementation doesn't accept a copy keyword, so passing copy=False failed. __array__ must implement 'dtype' and 'copy' keyword arguments. To learn more, see the migration guide https://numpy.org/devdocs/numpy_2_0_migration_guide.html#adapting-to-changes-in-the-copy-keyword
  lambda x: np.array(x[..., -1].cpu()),
/users/sgsrehm1/COMP702_BeyondAF/code/COMP390_code/openfold/run_pretrained_openfold.py:354: DeprecationWarning: __array__ implementation doesn't accept a copy keyword, so passing copy=False failed. __array__ must implement 'dtype' and 'copy' keyword arguments. To learn more, see the migration guide https://numpy.org/devdocs/numpy_2_0_migration_guide.html#adapting-to-changes-in-the-copy-keyword
  out = tensor_tree_map(lambda x: np.array(x.cpu()), out)
INFO:/users/sgsrehm1/COMP702_BeyondAF/code/COMP390_code/openfold/run_pretrained_openfold.py:Output written to /users/sgsrehm1/fastscratch/COMP702_ep32_inference/runs/7dsq_ep32_relaxed_100_9827080/repeat_99/predictions/7dsq_A_model_1_unrelaxed.pdb...
INFO:/users/sgsrehm1/COMP702_BeyondAF/code/COMP390_code/openfold/run_pretrained_openfold.py:Running relaxation on /users/sgsrehm1/fastscratch/COMP702_ep32_inference/runs/7dsq_ep32_relaxed_100_9827080/repeat_99/predictions/7dsq_A_model_1_unrelaxed.pdb...
INFO:/users/sgsrehm1/COMP702_BeyondAF/code/COMP390_code/openfold/openfold/utils/script_utils.py:Relaxation time: 11.904647450894117
INFO:/users/sgsrehm1/COMP702_BeyondAF/code/COMP390_code/openfold/openfold/utils/script_utils.py:Relaxed output written to /users/sgsrehm1/fastscratch/COMP702_ep32_inference/runs/7dsq_ep32_relaxed_100_9827080/repeat_99/predictions/7dsq_A_model_1_relaxed.pdb...
/users/sgsrehm1/COMP702_BeyondAF/code/COMP390_code/openfold/openfold/utils/script_utils.py:131: FutureWarning: You are using `torch.load` with `weights_only=False` (the current default value), which uses the default pickle module implicitly. It is possible to construct malicious pickle data which will execute arbitrary code during unpickling (See https://github.com/pytorch/pytorch/blob/main/SECURITY.md#untrusted-models for more details). In a future release, the default value for `weights_only` will be flipped to `True`. This limits the functions that could be executed during unpickling. Arbitrary objects will no longer be allowed to be loaded via this mode unless they are explicitly allowlisted by the user via `torch.serialization.add_safe_globals`. We recommend you start setting `weights_only=True` for any use case where you don't have full control of the loaded file. Please open an issue on GitHub for any issues related to this experimental feature.
  d = torch.load(ckpt_path)
INFO:/users/sgsrehm1/COMP702_BeyondAF/code/COMP390_code/openfold/openfold/utils/script_utils.py:Loaded OpenFold parameters at /users/sgsrehm1/COMP702_BeyondAF/code/COMP390_code/checkpoints/run_subset_gpu32_h100_ep33/csv_logs/version_0/checkpoints/32-330000.ckpt...
INFO:/users/sgsrehm1/COMP702_BeyondAF/code/COMP390_code/openfold/run_pretrained_openfold.py:Using precomputed alignments for 7dsq_A at /users/sgsrehm1/scratch/openfold_inference/alignments_cf...
INFO:/users/sgsrehm1/COMP702_BeyondAF/code/COMP390_code/openfold/openfold/utils/script_utils.py:Running inference for 7dsq_A...
INFO:/users/sgsrehm1/COMP702_BeyondAF/code/COMP390_code/openfold/openfold/utils/script_utils.py:Inference time: 17.6833792058751
/users/sgsrehm1/COMP702_BeyondAF/code/COMP390_code/openfold/run_pretrained_openfold.py:351: DeprecationWarning: __array__ implementation doesn't accept a copy keyword, so passing copy=False failed. __array__ must implement 'dtype' and 'copy' keyword arguments. To learn more, see the migration guide https://numpy.org/devdocs/numpy_2_0_migration_guide.html#adapting-to-changes-in-the-copy-keyword
  lambda x: np.array(x[..., -1].cpu()),
/users/sgsrehm1/COMP702_BeyondAF/code/COMP390_code/openfold/run_pretrained_openfold.py:354: DeprecationWarning: __array__ implementation doesn't accept a copy keyword, so passing copy=False failed. __array__ must implement 'dtype' and 'copy' keyword arguments. To learn more, see the migration guide https://numpy.org/devdocs/numpy_2_0_migration_guide.html#adapting-to-changes-in-the-copy-keyword
  out = tensor_tree_map(lambda x: np.array(x.cpu()), out)
INFO:/users/sgsrehm1/COMP702_BeyondAF/code/COMP390_code/openfold/run_pretrained_openfold.py:Output written to /users/sgsrehm1/fastscratch/COMP702_ep32_inference/runs/7dsq_ep32_relaxed_100_9827080/repeat_100/predictions/7dsq_A_model_1_unrelaxed.pdb...
INFO:/users/sgsrehm1/COMP702_BeyondAF/code/COMP390_code/openfold/run_pretrained_openfold.py:Running relaxation on /users/sgsrehm1/fastscratch/COMP702_ep32_inference/runs/7dsq_ep32_relaxed_100_9827080/repeat_100/predictions/7dsq_A_model_1_unrelaxed.pdb...
INFO:/users/sgsrehm1/COMP702_BeyondAF/code/COMP390_code/openfold/openfold/utils/script_utils.py:Relaxation time: 12.058275659568608
INFO:/users/sgsrehm1/COMP702_BeyondAF/code/COMP390_code/openfold/openfold/utils/script_utils.py:Relaxed output written to /users/sgsrehm1/fastscratch/COMP702_ep32_inference/runs/7dsq_ep32_relaxed_100_9827080/repeat_100/predictions/7dsq_A_model_1_relaxed.pdb...
