perf/data_time_s,train/distogram,train/experimentally_resolved,train/fape,train/plddt_loss,train/masked_msa,train/supervised_chi,train/violation,train/unscaled_loss,train/loss,epoch,step,perf/compute_time_s,train/distogram_epoch,train/experimentally_resolved_epoch,train/fape_epoch,train/plddt_loss_epoch,train/masked_msa_epoch,train/supervised_chi_epoch,train/violation_epoch,train/unscaled_loss_epoch,train/loss_epoch,train/lddt_ca,train/drmsd_ca
0.0,1.9018807411193848,0.6914061903953552,0.8888677954673767,2.9343104362487793,0.38968199491500854,0.5152760148048401,1.953432559967041,2.7834153175354004,44.534645080566406,27,270024,,,,,,,,,,,,
0.0,2.0237841606140137,0.6914061307907104,0.6047210693359375,3.115022659301758,1.1413711309432983,0.4340483546257019,0.38128727674484253,3.9597971439361572,39.795467376708984,27,270049,3.7618749141693115,,,,,,,,,,,
0.07877838611602783,2.268674850463867,0.6914056539535522,0.7577921152114868,3.284153461456299,1.279456615447998,0.3901914060115814,1.3727655410766602,4.4203410148620605,18.753917694091797,27,270074,3.7618749141693115,,,,,,,,,,,
0.07877838611602783,1.144101858139038,0.0,0.8313137292861938,0.0,1.1383588314056396,0.0005884199636057019,0.3410945534706116,3.451850414276123,55.22960662841797,27,270099,3.7480990886688232,,,,,,,,,,,
0.13711901009082794,1.4474232196807861,0.0,0.5398392081260681,0.0,0.9345329403877258,0.38847750425338745,0.3629797697067261,3.231609582901001,47.38469696044922,27,270124,3.7480990886688232,,,,,,,,,,,
0.13711901009082794,1.9505025148391724,0.6914061903953552,0.9188785552978516,3.9014852046966553,0.39892521500587463,0.5293415188789368,1.8291218280792236,2.8702359199523926,37.533203125,27,270149,3.7496607303619385,,,,,,,,,,,
0.07605639100074768,1.147444486618042,0.69140625,1.3877651691436768,2.9355454444885254,0.3965204954147339,0.40607964992523193,1.4768614768981934,2.9604744911193848,42.49080276489258,27,270174,3.7496607303619385,,,,,,,,,,,
0.07605639100074768,2.397679567337036,0.0,0.4982077181339264,0.0,1.0151222944259644,0.5853033065795898,0.8637380599975586,3.833059549331665,15.33223819732666,27,270199,2.2738630771636963,,,,,,,,,,,
0.13556629419326782,2.3443706035614014,0.6914061307907104,0.7968431115150452,2.9017913341522217,0.805939793586731,0.3831147253513336,1.0490071773529053,3.5241665840148926,32.871238708496094,27,270224,2.2738630771636963,,,,,,,,,,,
0.13556629419326782,2.04206919670105,0.0,0.7325403094291687,0.0,1.2508381605148315,0.5884274244308472,1.0035688877105713,4.435265064239502,48.38302993774414,27,270249,3.7599334716796875,,,,,,,,,,,
0.08375278860330582,1.5640592575073242,0.6914061903953552,0.9093356132507324,3.2867536544799805,1.0882078409194946,0.4307606518268585,0.7721086144447327,4.018597602844238,64.29756164550781,27,270274,3.7599334716796875,,,,,,,,,,,
0.08375278860330582,0.46983009576797485,0.0,8.619397163391113,0.0,0.618162989616394,0.5554170608520508,0.9055282473564148,10.55208969116211,146.97360229492188,27,270299,2.771653175354004,,,,,,,,,,,
0.1371711790561676,2.1642229557037354,0.6914061903953552,0.7073202133178711,3.439929962158203,1.2889127731323242,0.4406678080558777,0.9847139716148376,4.40947961807251,44.314720153808594,27,270324,2.771653175354004,,,,,,,,,,,
0.1371711790561676,0.6611120700836182,0.0,0.5959141254425049,0.0,0.5643413066864014,0.3301331102848053,0.1850489377975464,2.253063440322876,36.049015045166016,27,270349,2.271059513092041,,,,,,,,,,,
0.7839428186416626,1.570234775543213,0.0,0.8131394386291504,0.0,0.7441908121109009,0.48398709297180176,1.1327264308929443,3.2565786838531494,35.074424743652344,27,270374,2.271059513092041,,,,,,,,,,,
0.7839428186416626,2.5483083724975586,0.6914055347442627,0.6369072198867798,3.546576976776123,0.5485277771949768,0.5586755275726318,0.9578729867935181,3.0925967693328857,9.77964973449707,27,270399,2.7706503868103027,,,,,,,,,,,
0.14767853915691376,0.7821194529533386,0.6914061903953552,0.558303952217102,2.3317525386810303,0.8951941132545471,0.31757983565330505,0.24204710125923157,2.924225330352783,43.569976806640625,27,270424,2.7706503868103027,,,,,,,,,,,
0.14767853915691376,1.8978421688079834,0.69140625,0.7503136396408081,2.97938871383667,1.6619243621826172,0.5228524804115295,0.9861712455749512,5.196161270141602,69.90719604492188,27,270449,3.7603933811187744,,,,,,,,,,,
0.08554594218730927,1.4676151275634766,0.6914061903953552,0.5958390831947327,2.6661951541900635,0.5670894980430603,0.3956030011177063,0.2883959412574768,2.5925676822662354,35.262733459472656,27,270474,3.7603933811187744,,,,,,,,,,,
0.08554594218730927,2.1232831478118896,0.0,0.7710853815078735,0.0,0.4271080493927002,0.5147504806518555,1.8691742420196533,2.7770369052886963,35.12704849243164,27,270499,2.2705020904541016,,,,,,,,,,,
0.14891164004802704,2.7294464111328125,0.0,0.70152747631073,0.0,0.005668433383107185,0.46398934721946716,1.2490469217300415,1.99568772315979,9.145390510559082,27,270524,2.2705020904541016,,,,,,,,,,,
0.14891164004802704,0.9961841106414795,0.6914060711860657,0.520455539226532,2.1658339500427246,0.9445196986198425,0.44397127628326416,0.2871408760547638,3.1739797592163086,20.323387145996094,27,270549,3.749931573867798,,,,,,,,,,,
0.07941292226314545,2.2167139053344727,0.6914061307907104,0.5503561496734619,2.887617588043213,1.0957965850830078,0.4557969868183136,0.3944303095340729,3.891636610031128,36.91930389404297,27,270574,3.749931573867798,,,,,,,,,,,
0.07941292226314545,2.294248580932617,0.6914061903953552,0.8932132720947266,3.004866123199463,0.3555571138858795,0.4381371736526489,1.557542324066162,2.7607879638671875,35.99626922607422,27,270599,2.766502618789673,,,,,,,,,,,
0.13753287494182587,1.2146685123443604,0.6914061903953552,0.7395908832550049,3.0756678581237793,1.3175992965698242,0.28699514269828796,0.8387874960899353,4.056941986083984,58.369232177734375,27,270624,2.766502618789673,,,,,,,,,,,
0.13753287494182587,2.4060611724853516,0.0,0.5319619178771973,0.0,1.47509765625,0.4441775977611542,0.44309327006340027,4.648153305053711,37.18522644042969,27,270649,3.7612104415893555,,,,,,,,,,,
0.07556813955307007,0.0,0.0,0.0,0.0,0.592298686504364,0.0006193883018568158,2.008094310760498,1.1852167844772339,18.963468551635742,27,270674,3.7612104415893555,,,,,,,,,,,
0.07556813955307007,1.4341237545013428,0.6914045810699463,0.2743661105632782,2.8956804275512695,0.0,0.33950117230415344,0.6588624119758606,1.073061227798462,2.39943790435791,27,270699,3.2570507526397705,,,,,,,,,,,
0.14552786946296692,2.0110325813293457,0.0,1.9072315692901611,0.0,0.22077719867229462,0.4935268759727478,2.994957685470581,3.445622682571411,55.02218246459961,27,270724,3.2570507526397705,,,,,,,,,,,
0.14552786946296692,1.49581778049469,0.0,0.9710260629653931,0.0,0.9776224493980408,0.47017017006874084,3.8777146339416504,3.845186471939087,61.52298355102539,27,270749,3.2505147457122803,,,,,,,,,,,
0.07528458535671234,1.5597569942474365,0.0,0.7908845543861389,0.0,0.9567208290100098,0.4699169397354126,0.5396854877471924,3.6421704292297363,55.475887298583984,27,270774,3.2505147457122803,,,,,,,,,,,
0.07528458535671234,1.981060266494751,0.6914061307907104,0.8428747653961182,2.819714307785034,0.9672591686248779,0.39665108919143677,1.2979865074157715,3.7965595722198486,46.4981689453125,27,270799,2.7785592079162598,,,,,,,,,,,
0.16477623581886292,1.7813522815704346,0.0,0.5598572492599487,0.0,1.7717170715332031,0.4542383849620819,0.469102680683136,5.091935634613037,43.206504821777344,27,270824,2.7785592079162598,,,,,,,,,,,
0.16477623581886292,0.6178244948387146,0.0,0.927482008934021,0.0,0.5856835842132568,0.3019505739212036,1.5473664999008179,2.586146831512451,39.4758186340332,27,270849,2.763075590133667,,,,,,,,,,,
0.07648520171642303,1.1437315940856934,0.69140625,1.193485140800476,3.063185453414917,0.9641980528831482,0.47118622064590454,0.29766401648521423,3.9668188095092773,63.46910095214844,27,270874,2.763075590133667,,,,,,,,,,,
0.07648520171642303,3.0084850788116455,0.0,0.802112877368927,0.0,1.0285505056381226,0.4907190799713135,0.8626266717910767,4.25247859954834,50.31600570678711,27,270899,2.283437967300415,,,,,,,,,,,
0.15438412129878998,1.5712804794311523,0.0,0.6693331003189087,0.0,0.7538855075836182,0.534967303276062,0.6204384565353394,3.183455467224121,38.72840881347656,27,270924,2.283437967300415,,,,,,,,,,,
0.15438412129878998,1.6882141828536987,0.6914061307907104,0.7059074640274048,3.090400218963623,1.825291395187378,0.41219520568847656,0.5071014165878296,5.30605411529541,47.45878982543945,27,270949,2.27290678024292,,,,,,,,,,,
0.0772843062877655,0.9867289066314697,0.0,0.8218661546707153,0.0,0.43064653873443604,0.5524576902389526,0.6974200010299683,2.5316357612609863,40.50617218017578,27,270974,2.27290678024292,,,,,,,,,,,
0.0772843062877655,15.539037704467773,0.6914054155349731,0.571155309677124,3.3514015674591064,0.33062195777893066,0.3321956694126129,0.8113009929656982,6.259820938110352,20.761478424072266,27,270999,3.7433345317840576,,,,,,,,,,,
0.14192381501197815,1.2623894214630127,0.0,0.9173657894134521,0.0,0.5885694622993469,0.5809547305107117,1.2819178104400635,3.0541763305664062,48.8668212890625,27,271024,3.7433345317840576,,,,,,,,,,,
0.14192381501197815,1.004258155822754,0.69140625,0.8275022506713867,2.946080446243286,0.9311749339103699,0.5473886132240295,0.8227903246879578,3.567978858947754,57.08766174316406,27,271049,3.2496461868286133,,,,,,,,,,,
0.09931692481040955,2.955704927444458,0.6914061307907104,0.8646782636642456,3.2693769931793213,1.179653286933899,0.46207693219184875,1.8065071105957031,4.605467319488525,46.512939453125,27,271074,3.2496461868286133,,,,,,,,,,,
0.09931692481040955,2.553433895111084,0.6914052367210388,0.4971809983253479,3.088458776473999,1.6310969591140747,0.6521818041801453,0.6172499656677246,5.208471298217773,15.62541389465332,27,271099,3.222618341445923,,,,,,,,,,,
0.13685624301433563,2.1706769466400146,0.0,0.7431881427764893,0.0,1.2501922845840454,0.5997826457023621,1.00859797000885,4.494558334350586,39.694862365722656,27,271124,3.222618341445923,,,,,,,,,,,
0.13685624301433563,2.38621187210083,0.6914049983024597,0.30047011375427246,2.787205457687378,0.0,0.3711698055267334,0.5061333179473877,1.4153755903244019,3.7447316646575928,27,271149,3.727915048599243,,,,,,,,,,,
0.11108033359050751,3.250089406967163,0.0,0.756076455116272,0.0,2.190531015396118,0.549512505531311,1.0131113529205322,6.661677837371826,36.48751449584961,27,271174,3.727915048599243,,,,,,,,,,,
0.11108033359050751,2.9219586849212646,0.0,0.6826378107070923,0.0,1.1820335388183594,0.5306702852249146,1.0249545574188232,4.453962802886963,30.2082462310791,27,271199,3.258612632751465,,,,,,,,,,,
0.14221476018428802,1.6512776613235474,0.6914061903953552,0.8181692361831665,2.93937611579895,0.8386919498443604,0.34897589683532715,1.4609452486038208,3.3693063259124756,53.90890121459961,27,271224,3.258612632751465,,,,,,,,,,,
0.14221476018428802,1.2622706890106201,0.69140625,0.722611665725708,2.874558448791504,1.211355209350586,0.5672101378440857,0.3046957850456238,4.119958877563477,62.346290588378906,27,271249,3.2639570236206055,,,,,,,,,,,
0.07677802443504333,2.1002020835876465,0.0,0.7337501645088196,0.0,1.6716117858886719,0.5361149907112122,0.430317759513855,5.243149280548096,61.14509963989258,27,271274,3.2639570236206055,,,,,,,,,,,
0.07677802443504333,2.888615608215332,0.6914060711860657,0.6348477602005005,3.009852409362793,0.9345348477363586,0.3762761950492859,1.5509533882141113,3.776876926422119,24.476959228515625,27,271299,2.75738525390625,,,,,,,,,,,
0.16717290878295898,2.1771183013916016,0.0,0.8456493020057678,0.0,0.7709158658981323,0.5011683702468872,1.4919891357421875,3.5417847633361816,38.63631057739258,27,271324,2.75738525390625,,,,,,,,,,,
0.16717290878295898,3.26084566116333,0.6914057731628418,0.8193972110748291,3.222047805786133,0.27235209941864014,0.79499351978302,2.064038038253784,3.1695690155029297,15.847845077514648,27,271349,2.273536443710327,,,,,,,,,,,
0.09263313561677933,2.4362096786499023,0.6914061903953552,0.9244667291641235,3.1583924293518066,1.6467511653900146,0.3949166238307953,2.1976420879364014,5.375332355499268,69.25631713867188,27,271374,2.273536443710327,,,,,,,,,,,
0.09263313561677933,2.7596077919006348,0.69140625,0.875930905342102,3.4726030826568604,0.7742819786071777,0.4168722331523895,1.300649642944336,3.7039754390716553,43.982269287109375,27,271399,3.260784387588501,,,,,,,,,,,
0.1394261121749878,1.644942283630371,0.69140625,0.8612394332885742,3.1268184185028076,0.6040084362030029,0.45050883293151855,1.156840205192566,3.044516086578369,48.712257385253906,27,271424,3.260784387588501,,,,,,,,,,,
0.1394261121749878,3.092662811279297,0.0,0.8468146920204163,0.0,0.2452375590801239,0.5704267024993896,1.4177217483520508,2.8355154991149902,30.141942977905273,27,271449,2.7683980464935303,,,,,,,,,,,
0.09425163269042969,1.833417534828186,0.69140625,0.9608664512634277,2.9034457206726074,0.22323459386825562,0.4455167055130005,3.4277658462524414,2.4319119453430176,38.91059112548828,27,271474,2.7683980464935303,,,,,,,,,,,
0.09425163269042969,1.8345388174057007,0.6914061307907104,0.5602250099182129,2.7123918533325195,0.7028304934501648,0.37477442622184753,0.5493390560150146,2.9181461334228516,34.15602493286133,27,271499,2.271131992340088,,,,,,,,,,,
3.380148410797119,1.7017253637313843,0.6914058327674866,0.3045285940170288,4.185333251953125,0.369439035654068,0.3006017804145813,0.8323535919189453,1.8963794708251953,9.094717025756836,27,271524,2.271131992340088,,,,,,,,,,,
3.380148410797119,1.4614168405532837,0.69140625,0.8708609342575073,3.1814379692077637,0.966991126537323,0.5075211524963379,1.2289928197860718,3.7826037406921387,60.52165985107422,27,271549,2.25272274017334,,,,,,,,,,,
0.07760095596313477,2.3269991874694824,0.6914061903953552,0.7648604512214661,3.3156473636627197,1.2736824750900269,0.4491513967514038,0.896965503692627,4.49263334274292,53.157554626464844,27,271574,2.25272274017334,,,,,,,,,,,
0.07760095596313477,0.5931929349899292,0.0,0.6871465444564819,0.0,0.3153024911880493,0.34729358553886414,0.40897804498672485,1.8430030345916748,29.488048553466797,27,271599,2.764448642730713,,,,,,,,,,,
0.13700124621391296,1.1985905170440674,0.6914061903953552,0.736868143081665,3.040828227996826,0.8590877056121826,0.38605448603630066,0.8433184623718262,3.231083393096924,51.69733428955078,27,271624,2.764448642730713,,,,,,,,,,,
0.13700124621391296,1.7729763984680176,0.6914061903953552,1.0842766761779785,3.0056345462799072,0.856713056564331,0.34750106930732727,1.4730792045593262,3.707153081893921,51.767574310302734,27,271649,2.2690999507904053,,,,,,,,,,,
0.08469478785991669,0.8889775276184082,0.0,0.8767784833908081,0.0,0.27846357226371765,0.5353747010231018,1.6060792207717896,2.2357735633850098,35.772377014160156,27,271674,2.2690999507904053,,,,,,,,,,,
0.08469478785991669,1.3696480989456177,0.6914039850234985,0.29549798369407654,2.4237239360809326,0.0,0.5242677927017212,0.7432772517204285,1.2548973560333252,2.5097947120666504,27,271699,3.744189500808716,,,,,,,,,,,
0.13864612579345703,2.2736477851867676,0.6914061307907104,0.6733498573303223,3.2549586296081543,0.9581626057624817,0.4808925688266754,0.5524972081184387,3.7852115631103516,42.991737365722656,27,271724,3.744189500808716,,,,,,,,,,,
0.13864612579345703,0.9251700639724731,0.0,0.8511322140693665,0.0,0.5347301959991455,0.4741749167442322,0.7614290714263916,2.672318458557129,42.75709533691406,27,271749,2.758258104324341,,,,,,,,,,,
0.09954643249511719,1.4096896648406982,0.6914057731628418,0.2373812347650528,3.0820343494415283,0.6750271320343018,0.2564240097999573,0.637316107749939,2.297586679458618,10.27511978149414,27,271774,2.758258104324341,,,,,,,,,,,
0.09954643249511719,0.9491111636161804,0.69140625,0.6297216415405273,2.5205793380737305,1.240985631942749,0.38904473185539246,0.17350275814533234,3.8106768131256104,60.970829010009766,27,271799,3.2558023929595947,,,,,,,,,,,
0.13856984674930573,1.5765607357025146,0.6914061903953552,0.789137601852417,2.9590816497802734,1.2559576034545898,0.48862960934638977,0.689706563949585,4.29224157333374,68.67586517333984,27,271824,3.2558023929595947,,,,,,,,,,,
0.13856984674930573,3.622551679611206,0.0,0.766488790512085,0.0,1.2708442211151123,0.5571169257164001,1.7235867977142334,4.952059745788574,21.009809494018555,27,271849,2.7594645023345947,,,,,,,,,,,
2.7650158405303955,2.231020450592041,0.6914061307907104,0.8013460636138916,3.918198347091675,1.2482633590698242,0.39412984251976013,0.7359580397605896,4.400490760803223,56.86687088012695,27,271874,2.7594645023345947,,,,,,,,,,,
2.7650158405303955,0.5296088457107544,0.0,0.9028259515762329,0.0,0.7383154630661011,0.38885313272476196,0.7454096078872681,2.9271926879882812,39.92158508300781,27,271899,2.767594337463379,,,,,,,,,,,
0.16752617061138153,1.4206242561340332,0.6914061903953552,0.9794509410858154,2.873137950897217,0.8905652761459351,0.42692261934280396,0.5431154370307922,3.642422676086426,58.27876281738281,27,271924,2.767594337463379,,,,,,,,,,,
0.16752617061138153,1.4209007024765015,0.69140625,0.5506230592727661,2.659489393234253,0.5406460762023926,0.30907830595970154,0.48945295810699463,2.3938584327697754,32.55999755859375,27,271949,3.760810136795044,,,,,,,,,,,
0.07706566154956818,0.9512715935707092,0.69140625,0.5476886034011841,2.5641489028930664,0.5555547475814819,0.36821430921554565,0.3696877956390381,2.3380353450775146,37.408565521240234,27,271974,3.760810136795044,,,,,,,,,,,
0.07706566154956818,1.5560228824615479,0.6914061903953552,0.7113440632820129,3.0510764122009277,0.5482209324836731,0.4246746897697449,0.623956561088562,2.729778289794922,32.06763458251953,27,271999,2.7750632762908936,,,,,,,,,,,
0.14738911390304565,1.9114341735839844,0.6914052367210388,0.3843529224395752,3.1755764484405518,0.0009682702948339283,0.18528959155082703,0.5432069301605225,1.1767650842666626,3.7212579250335693,27,272024,2.7750632762908936,,,,,,,,,,,
0.14738911390304565,0.8920477032661438,0.6914061903953552,0.84974205493927,2.9895248413085938,0.7463796734809875,0.5155007243156433,0.6927058100700378,3.1555118560791016,50.488189697265625,27,272049,2.756683349609375,,,,,,,,,,,
0.07313230633735657,1.5707199573516846,0.6914041042327881,0.2643973231315613,3.225783109664917,0.0,0.3351619839668274,1.1399844884872437,1.103033185005188,2.206066370010376,27,272074,2.756683349609375,,,,,,,,,,,
0.07313230633735657,1.381535291671753,0.6914061307907104,0.753543496131897,2.9044275283813477,1.0615730285644531,0.4368032217025757,0.4775341749191284,3.756997585296631,60.111961364746094,27,272099,3.256762981414795,,,,,,,,,,,
0.21423238515853882,1.0489702224731445,0.0,1.8718249797821045,0.0,0.7911702394485474,0.4290848672389984,1.3092968463897705,4.197941303253174,67.16706085205078,27,272124,3.256762981414795,,,,,,,,,,,
0.21423238515853882,4.922648906707764,0.6914054155349731,0.5769915580749512,2.9902403354644775,0.0,0.5893460512161255,1.0765202045440674,2.67303466796875,8.45287799835205,27,272149,3.7231671810150146,,,,,,,,,,,
0.07452107220888138,4.796642303466797,0.6914061307907104,0.5777075290679932,3.001164436340332,0.6003184914588928,0.39231225848197937,0.46425020694732666,3.6396610736846924,39.704017639160156,27,272174,3.7231671810150146,,,,,,,,,,,
0.07452107220888138,2.168292760848999,0.6914061307907104,0.7891845703125,3.190687417984009,0.8055057525634766,0.39359328150749207,1.3445913791656494,3.476184129714966,31.85975456237793,27,272199,3.7576260566711426,,,,,,,,,,,
0.13954797387123108,6.830264568328857,0.6914057731628418,0.5497499704360962,3.7635374069213867,1.7755318880081177,0.5248271822929382,0.807458758354187,6.712355613708496,27.675750732421875,27,272224,3.7576260566711426,,,,,,,,,,,
0.13954797387123108,2.6954808235168457,0.6914058923721313,0.5736018419265747,3.11228609085083,1.1518524885177612,0.31966525316238403,0.8968011736869812,4.036739349365234,20.183696746826172,27,272249,2.767873764038086,,,,,,,,,,,
0.07613250613212585,1.5564643144607544,0.0,0.7998420596122742,0.0,1.3291301727294922,0.4387686252593994,0.7656394243240356,4.3638105392456055,69.82096862792969,27,272274,2.767873764038086,,,,,,,,,,,
0.07613250613212585,1.384963035583496,0.6914061307907104,0.634138822555542,2.7954294681549072,1.2583286762237549,0.40762364864349365,0.26626861095428467,4.0018630027771,56.59489059448242,27,272299,3.250473976135254,,,,,,,,,,,
0.1530296504497528,1.1143200397491455,0.6914061903953552,0.5946305990219116,2.5798516273498535,0.7624062895774841,0.3628637492656708,0.5635934472084045,2.8424015045166016,41.87118911743164,27,272324,3.250473976135254,,,,,,,,,,,
0.1530296504497528,2.9152183532714844,0.6914060711860657,0.7168950438499451,2.9779510498046875,1.107208490371704,0.3225107192993164,0.32801353931427,4.158167839050293,33.7811164855957,27,272349,2.7740564346313477,,,,,,,,,,,
0.09177093207836151,2.703274726867676,0.6914056539535522,0.6347375512123108,3.004920244216919,0.9715014696121216,0.5097658038139343,1.6431701183319092,3.9285380840301514,13.608855247497559,27,272374,2.7740564346313477,,,,,,,,,,,
0.09177093207836151,1.9734042882919312,0.0,0.9028574824333191,0.0,0.44597864151000977,0.43359604477882385,0.9483317136764526,2.820432186126709,34.772621154785156,27,272399,3.258960723876953,,,,,,,,,,,
0.1393551528453827,2.5750794410705566,0.0,0.6902284622192383,0.0,0.7453625202178955,0.47933900356292725,0.9919494986534119,3.432816505432129,48.05943298339844,27,272424,3.258960723876953,,,,,,,,,,,
0.1393551528453827,0.8638782501220703,0.0,0.6840653419494629,0.0,0.6160737872123718,0.4857676923274994,0.2699635624885559,2.6611440181732178,42.578304290771484,27,272449,2.270834445953369,,,,,,,,,,,
0.0769505500793457,2.4325315952301025,0.0,0.8852224349975586,0.0,0.3893255591392517,0.5602799654006958,1.1289640665054321,2.9539127349853516,22.105058670043945,27,272474,2.270834445953369,,,,,,,,,,,
0.0769505500793457,3.4821548461914062,0.6914061903953552,0.9295589923858643,3.5268917083740234,0.8850924968719482,0.5471019744873047,1.9789762496948242,4.326761245727539,50.272422790527344,27,272499,2.274421215057373,,,,,,,,,,,
0.1372898370027542,2.424899101257324,0.6914056539535522,0.7172919511795044,3.2184014320373535,0.474733829498291,0.2501770853996277,1.643938660621643,2.67659068107605,11.035865783691406,27,272524,2.274421215057373,,,,,,,,,,,
0.1372898370027542,2.7145469188690186,0.0,0.6402623653411865,0.0,0.00016017240704968572,0.774982750415802,1.8794941902160645,2.2299296855926514,8.040125846862793,27,272549,2.7460734844207764,,,,,,,,,,,
0.07699686288833618,0.8458107709884644,0.6914061903953552,0.6471642255783081,2.6375622749328613,0.7583352327346802,0.3463986814022064,0.36134082078933716,2.7903521060943604,30.566776275634766,27,272574,2.7460734844207764,,,,,,,,,,,
0.07699686288833618,2.648175001144409,0.0,0.8795417547225952,0.0,0.13600246608257294,0.6144711375236511,1.299831748008728,2.5604703426361084,29.1938533782959,27,272599,3.7420895099639893,,,,,,,,,,,
0.16033688187599182,2.3072421550750732,0.6914061307907104,0.7738959193229675,3.0752718448638916,0.6382263898849487,0.49751970171928406,0.655713677406311,3.2707936763763428,32.379207611083984,27,272624,3.7420895099639893,,,,,,,,,,,
0.16033688187599182,0.5384448766708374,0.6914061903953552,0.5463739633560181,2.2757716178894043,0.34437304735183716,0.25278568267822266,0.13329462707042694,1.672196865081787,26.755149841308594,27,272649,2.765227794647217,,,,,,,,,,,
0.0792534276843071,1.7380189895629883,0.691405177116394,0.33346569538116455,3.2667622566223145,4.1714820326888e-06,0.4938690662384033,0.34279903769493103,1.3814164400100708,3.907235622406006,27,272674,2.765227794647217,,,,,,,,,,,
0.0792534276843071,2.463385581970215,0.0,0.5514283180236816,0.0,1.0726633263402618e-05,0.8747867345809937,1.5651946067810059,2.165252208709717,6.847128868103027,27,272699,3.2433290481567383,,,,,,,,,,,
0.13940292596817017,1.2654175758361816,0.6914061903953552,0.8189424276351929,2.8355844020843506,0.813698410987854,0.4389343857765198,0.8443996906280518,3.293254852294922,52.69207763671875,27,272724,3.2433290481567383,,,,,,,,,,,
0.13940292596817017,3.1008188724517822,0.0,0.7134748697280884,0.0,1.9339945316314697,0.4108814597129822,1.4457744359970093,5.922591209411621,26.48663330078125,27,272749,2.276655912399292,,,,,,,,,,,
0.07619565725326538,2.0618865489959717,0.6914061307907104,0.7815297245979309,3.054530143737793,0.7470068335533142,0.4459932744503021,0.6606910228729248,3.37064790725708,40.8669319152832,27,272774,2.276655912399292,,,,,,,,,,,
0.07619565725326538,1.2916864156723022,0.6914061903953552,0.7471351623535156,2.9510610103607178,0.7002758979797363,0.42751187086105347,0.8581392765045166,2.992215394973755,45.67418670654297,27,272799,3.758841037750244,,,,,,,,,,,
0.14097002148628235,1.471365213394165,0.6914061903953552,0.9607192277908325,2.821603775024414,0.7378575801849365,0.41976800560951233,0.6335687637329102,3.3258280754089355,53.21324920654297,27,272824,3.758841037750244,,,,,,,,,,,
0.14097002148628235,2.0630106925964355,0.6914061307907104,0.5909652709960938,2.808776617050171,0.9425419569015503,0.4002256393432617,0.9722766876220703,3.523265838623047,35.23265838623047,27,272849,3.260664224624634,,,,,,,,,,,
0.07957792282104492,1.4845070838928223,0.0,0.7314165830612183,0.0,0.6394579410552979,0.4729412794113159,1.201106071472168,2.92862606048584,30.293941497802734,27,272874,3.260664224624634,,,,,,,,,,,
0.07957792282104492,1.4032046794891357,0.6914061903953552,0.7322430610656738,2.9916207790374756,1.6541931629180908,0.35626399517059326,0.561460018157959,4.847771167755127,62.834293365478516,27,272899,3.752528190612793,,,,,,,,,,,
0.1479426622390747,2.140796184539795,0.6914061307907104,0.7184802889823914,2.8185782432556152,1.7027382850646973,0.39848095178604126,1.0037305355072021,5.192862510681152,58.75053024291992,27,272924,3.752528190612793,,,,,,,,,,,
0.1479426622390747,2.246389150619507,0.6914057731628418,0.7529411315917969,3.0655338764190674,0.760837197303772,0.45760178565979004,1.8787260055541992,3.4367895126342773,15.369790077209473,27,272949,2.2763946056365967,,,,,,,,,,,
0.08849228918552399,1.3297803401947021,0.0,0.7372554540634155,0.0,0.6074978113174438,0.3612383008003235,1.1498754024505615,2.71242356300354,43.22891616821289,27,272974,2.2763946056365967,,,,,,,,,,,
0.08849228918552399,2.399718761444092,0.6914055347442627,0.49695223569869995,3.1280086040496826,0.00011398159404052421,0.6650493144989014,2.15647292137146,1.9134252071380615,7.653700828552246,27,272999,2.76267671585083,,,,,,,,,,,
0.13531017303466797,0.7621335983276367,0.6914061903953552,0.5595245361328125,2.46591854095459,0.5940801501274109,0.3378461003303528,0.15591956675052643,2.3388302326202393,37.42128372192383,27,273024,2.76267671585083,,,,,,,,,,,
0.13531017303466797,1.346967339515686,0.6914061903953552,0.7830029726028442,2.9574310779571533,1.2725657224655151,0.42009326815605164,0.6811874508857727,4.181891918182373,66.91027069091797,27,273049,3.26118540763855,,,,,,,,,,,
0.0877559632062912,1.0083571672439575,0.69140625,0.4999358355998993,2.310940980911255,0.9561690092086792,0.33912861347198486,0.40020912885665894,3.077019214630127,46.968658447265625,27,273074,3.26118540763855,,,,,,,,,,,
0.0877559632062912,1.249153971672058,0.0,0.7658126950263977,0.0,1.336756944656372,0.4354250431060791,0.7269298434257507,4.249497890472412,65.69564819335938,27,273099,2.761807680130005,,,,,,,,,,,
0.14561764895915985,2.1669416427612305,0.6914061307907104,0.6776329278945923,2.701676845550537,0.9868042469024658,0.43355610966682434,1.0066853761672974,3.7618966102600098,41.55150604248047,27,273124,2.761807680130005,,,,,,,,,,,
0.14561764895915985,1.4504234790802002,0.691405177116394,0.4108552932739258,2.7796103954315186,0.043376486748456955,0.4840121865272522,1.0522528886795044,1.4445436000823975,4.08578634262085,27,273149,2.740954875946045,,,,,,,,,,,
0.07600723206996918,0.9377270936965942,0.0,0.8401855826377869,0.0,0.9171183109283447,0.390413761138916,0.5530526638031006,3.34615421295166,42.06050491333008,27,273174,2.740954875946045,,,,,,,,,,,
0.07600723206996918,1.5550792217254639,0.6914033889770508,0.25637200474739075,3.0134592056274414,0.0,0.2614004611968994,1.423095941543579,1.0144308805465698,2.0288617610931396,27,273199,3.253587484359741,,,,,,,,,,,
0.15814782679080963,2.296133518218994,0.6914052367210388,0.4382556974887848,2.7973432540893555,1.5494096032853122e-06,0.23585091531276703,0.47066736221313477,1.390923261642456,4.172769546508789,27,273224,3.253587484359741,,,,,,,,,,,
0.15814782679080963,1.121854305267334,0.0,0.7108495235443115,0.0,0.9221549034118652,0.4516497552394867,0.5241023302078247,3.34336519241333,27.57009506225586,27,273249,2.7657814025878906,,,,,,,,,,,
0.09965825080871582,2.175630807876587,0.6914061307907104,0.6662977933883667,2.851048707962036,0.7202469706535339,0.37175577878952026,0.6180577874183655,3.159747362136841,34.90054702758789,27,273274,2.7657814025878906,,,,,,,,,,,
0.09965825080871582,2.3019495010375977,0.0,0.7495139837265015,0.0,0.8278136849403381,0.5725476145744324,0.8619138598442078,3.66827392578125,39.84765625,27,273299,2.775679349899292,,,,,,,,,,,
0.1390300840139389,1.1367003917694092,0.0,0.9227854013442993,0.0,1.0879732370376587,0.4616709351539612,1.101058006286621,3.9014129638671875,62.422607421875,27,273324,2.775679349899292,,,,,,,,,,,
0.1390300840139389,1.7476732730865479,0.6914061903953552,0.7966148853302002,2.981820583343506,0.8332099914550781,0.37574732303619385,1.1749813556671143,3.392902374267578,51.567649841308594,27,273349,2.7717394828796387,,,,,,,,,,,
0.0911569595336914,1.4309332370758057,0.6914061307907104,0.5580140352249146,2.807988405227661,0.8182420134544373,0.49541163444519043,0.3747306168079376,3.1472694873809814,39.183189392089844,27,273374,2.7717394828796387,,,,,,,,,,,
0.0911569595336914,2.5778231620788574,0.0,0.8926715850830078,0.0,0.0009704215917736292,0.6238632798194885,1.4919004440307617,2.291822671890259,24.254369735717773,27,273399,2.7719881534576416,,,,,,,,,,,
0.13773569464683533,2.4783735275268555,0.6914061307907104,0.6591575741767883,3.2893550395965576,1.1704013347625732,0.47343218326568604,0.3844105303287506,4.249797821044922,44.77439880371094,27,273424,2.7719881534576416,,,,,,,,,,,
0.13773569464683533,1.1094244718551636,0.0,0.9069505333900452,0.0,0.7460221648216248,0.502133846282959,1.041245460510254,3.2339560985565186,51.7432975769043,27,273449,3.7390871047973633,,,,,,,,,,,
0.1148717850446701,1.0716588497161865,0.0,0.7980619668960571,0.0,1.2901389598846436,0.38526883721351624,0.7524635791778564,4.085106372833252,65.36170196533203,27,273474,3.7390871047973633,,,,,,,,,,,
0.1148717850446701,0.0,0.0,0.0,0.0,0.47071197628974915,0.000416145718190819,1.9103167057037354,0.9418401122093201,15.069441795349121,27,273499,3.247671127319336,,,,,,,,,,,
0.14132776856422424,2.62351655960083,0.0,0.9042044878005981,0.0,0.43349185585975647,0.6122409105300903,1.9637901782989502,3.1704840660095215,35.72953796386719,27,273524,3.247671127319336,,,,,,,,,,,
0.14132776856422424,1.6322309970855713,0.6914061307907104,0.5759155750274658,2.893702745437622,0.8786123394966125,0.4387018084526062,0.28525176644325256,3.2904484272003174,33.717063903808594,27,273549,3.7594337463378906,,,,,,,,,,,
0.08117915689945221,2.1270506381988525,0.6914052367210388,0.39074087142944336,3.0145328044891357,0.0,0.2417423278093338,0.3590749502182007,1.3007436990737915,3.902231216430664,27,273574,3.7594337463378906,,,,,,,,,,,
0.08117915689945221,2.2210137844085693,0.0,0.8342658281326294,0.0,1.1639026403427124,0.5805098414421082,1.0356214046478271,4.4088850021362305,63.12562942504883,27,273599,3.7634544372558594,,,,,,,,,,,
0.1403680145740509,1.4683496952056885,0.6914052963256836,0.3070604205131531,3.0658648014068604,7.995123451109976e-05,0.41955727338790894,1.684409260749817,1.1979413032531738,3.7882230281829834,27,273624,3.7634544372558594,,,,,,,,,,,
0.1403680145740509,1.1463593244552612,0.69140625,0.9596752524375916,3.134660005569458,0.5342428684234619,0.46728426218032837,3.5017004013061523,2.870699405670166,45.931190490722656,27,273649,2.2721734046936035,,,,,,,,,,,
0.09382236748933792,1.9743753671646118,0.6914061903953552,1.6552447080612183,3.163515567779541,0.5799949765205383,0.42868655920028687,1.5397920608520508,3.8678689002990723,61.885902404785156,27,273674,2.2721734046936035,,,,,,,,,,,
0.09382236748933792,2.0185956954956055,0.6914061903953552,0.7120023965835571,2.899378538131714,1.5297081470489502,0.5161914825439453,0.6799030900001526,4.922183036804199,57.82255935668945,27,273699,3.7506346702575684,,,,,,,,,,,
0.14463630318641663,1.3523753881454468,0.69140625,2.00771164894104,3.1374194622039795,0.5292006134986877,0.522662341594696,2.1224372386932373,4.025861740112305,64.41378784179688,27,273724,3.7506346702575684,,,,,,,,,,,
0.14463630318641663,2.1797852516174316,0.0,0.6169904470443726,0.0,0.635172426700592,0.5807585716247559,1.014970302581787,3.1220293045043945,38.61737060546875,27,273749,3.262127161026001,,,,,,,,,,,
0.07931672781705856,2.2644598484039307,0.6914061307907104,1.0202287435531616,3.0304336547851562,0.6972212195396423,0.3743971884250641,1.1313257217407227,3.4987106323242188,42.275081634521484,27,273774,3.262127161026001,,,,,,,,,,,
0.07931672781705856,1.3892184495925903,0.69140625,0.7004004716873169,2.708818197250366,0.9974786043167114,0.39572766423225403,0.5492597222328186,3.5349390506744385,56.559024810791016,27,273799,2.7698535919189453,,,,,,,,,,,
0.1480904221534729,1.9962618350982666,0.6914058923721313,0.40390193462371826,3.4221668243408203,0.8211132287979126,0.4211590886116028,1.0521247386932373,3.1003875732421875,17.26222801208496,27,273824,2.7698535919189453,,,,,,,,,,,
0.1480904221534729,0.6408877372741699,0.0,0.6863750219345093,0.0,0.7019954323768616,0.40004217624664307,0.20975899696350098,2.6826744079589844,42.92279052734375,27,273849,2.266726493835449,,,,,,,,,,,
0.08094345778226852,2.121487617492676,0.6914053559303284,0.4945356249809265,3.0094447135925293,0.0028987936675548553,0.4270783066749573,0.9463621973991394,1.5939524173736572,4.781857490539551,27,273874,2.266726493835449,,,,,,,,,,,
0.08094345778226852,1.8361295461654663,0.6914059519767761,0.39906105399131775,2.7958202362060547,0.7116342782974243,0.48910805583000183,0.8034673929214478,2.8902347087860107,15.018099784851074,27,273899,2.9562907218933105,,,,,,,,,,,
0.14398863911628723,1.451119303703308,0.0,1.0173487663269043,0.0,0.7561198472976685,0.41903069615364075,1.6392722129821777,3.3839550018310547,54.143280029296875,27,273924,2.9562907218933105,,,,,,,,,,,
0.14398863911628723,1.5318599939346313,0.6914061903953552,0.9193552136421204,3.0731887817382812,0.5112876296043396,0.47229334712028503,1.9626514911651611,2.9045138359069824,41.38294982910156,27,273949,3.261603355407715,,,,,,,,,,,
0.08004393428564072,2.309771776199341,0.6914056539535522,0.57017582654953,3.071753978729248,0.09061918407678604,0.5415956974029541,1.9993826150894165,2.0166587829589844,7.810486316680908,27,273974,3.261603355407715,,,,,,,,,,,
0.08004393428564072,1.3254494667053223,0.0,0.6827316284179688,0.0,0.515474259853363,0.6924384832382202,3.1671547889709473,2.80375337600708,44.86005401611328,27,273999,3.7479608058929443,,,,,,,,,,,
0.15398439764976501,1.8836534023284912,0.0,0.7108840346336365,0.0,1.5576969385147095,0.4807414710521698,0.6607263684272766,4.872115135192871,54.471900939941406,27,274024,3.7479608058929443,,,,,,,,,,,
0.15398439764976501,1.0451058149337769,0.0,0.5550231337547302,0.0,0.3994661867618561,0.49509337544441223,0.7424278855323792,2.162580728530884,24.2749080657959,27,274049,3.262735605239868,,,,,,,,,,,
0.08689263463020325,2.82673978805542,0.0,0.7505980730056763,0.0,0.3461136221885681,0.46775248646736145,0.9311296939849854,2.7585997581481934,19.50624656677246,27,274074,3.262735605239868,,,,,,,,,,,
0.08689263463020325,1.9411770105361938,0.69140625,0.953668475151062,3.0696327686309814,0.7574498653411865,0.4393145740032196,1.6596033573150635,3.520932197570801,56.33491516113281,27,274099,3.746948480606079,,,,,,,,,,,
0.13695433735847473,1.3877900838851929,0.69140625,0.8607364296913147,3.2854418754577637,0.9880343079566956,0.3236904740333557,1.0406465530395508,3.609686851501465,57.75498962402344,27,274124,3.746948480606079,,,,,,,,,,,
0.13695433735847473,1.8363755941390991,0.6914054155349731,0.4240882992744446,3.038552761077881,0.0005330935236997902,0.44628405570983887,1.0531227588653564,1.452736735343933,4.818182945251465,27,274149,3.249401569366455,,,,,,,,,,,
0.07581861317157745,0.6481437087059021,0.0,0.7706800699234009,0.0,0.950119137763977,0.42019233107566833,0.22800856828689575,3.2855536937713623,52.5688591003418,27,274174,3.249401569366455,,,,,,,,,,,
0.07581861317157745,2.412013530731201,0.0,0.7817213535308838,0.0,1.5765056610107422,0.4270797073841095,1.0195268392562866,5.085416316986084,49.82670211791992,27,274199,2.269850492477417,,,,,,,,,,,
0.15118497610092163,1.067349910736084,0.0,1.879913568496704,0.0,0.7282334566116333,0.3814944326877594,0.4585343897342682,4.038079738616943,64.6092758178711,27,274224,2.269850492477417,,,,,,,,,,,
0.15118497610092163,1.538777470588684,0.6914061903953552,0.6864656805992126,2.9970171451568604,1.1000620126724243,0.33513495326042175,1.0390042066574097,3.7133281230926514,55.32734298706055,27,274249,2.7662172317504883,,,,,,,,,,,
0.08866989612579346,1.886075735092163,0.6914061307907104,0.7120407819747925,2.65730619430542,1.477117896080017,0.45077788829803467,0.4773252010345459,4.7094502449035645,40.785037994384766,27,274274,2.7662172317504883,,,,,,,,,,,
0.08866989612579346,0.9113335013389587,0.6914031505584717,0.2040582001209259,1.7018296718597412,0.0,0.22153909504413605,1.7088277339935303,0.716015636920929,1.240175485610962,27,274299,2.751385450363159,,,,,,,,,,,
0.14183193445205688,1.5380326509475708,0.6914060115814209,0.7141265869140625,3.3431966304779053,1.81437087059021,0.3579908609390259,0.9912724494934082,5.1957011222839355,31.604217529296875,27,274324,2.751385450363159,,,,,,,,,,,
0.14183193445205688,2.5080652236938477,0.0,0.7695170640945435,0.0,0.4110105633735657,0.6928499937057495,1.4978209733963013,3.0368080139160156,48.58892822265625,27,274349,2.758632183074951,,,,,,,,,,,
0.09543968737125397,2.3457319736480713,0.6914061307907104,0.644143283367157,2.895066261291504,0.7116224765777588,0.4266264736652374,0.7855733633041382,3.226685047149658,34.75246047973633,27,274374,2.758632183074951,,,,,,,,,,,
0.09543968737125397,3.151594638824463,0.691405713558197,0.6963917016983032,3.0433216094970703,0.017366454005241394,0.57606440782547,1.2226998805999756,2.2831006050109863,9.132402420043945,27,274399,2.261509895324707,,,,,,,,,,,
0.1352999359369278,1.0950148105621338,0.69140625,0.7982041835784912,3.165686845779419,0.7829673290252686,0.516903281211853,0.8705822825431824,3.2412033081054688,51.8592529296875,27,274424,2.261509895324707,,,,,,,,,,,
0.1352999359369278,1.7546350955963135,0.69140625,0.7240484952926636,2.9646832942962646,1.4806861877441406,0.42836833000183105,1.013275384902954,4.669826507568359,72.34464263916016,27,274449,2.7650654315948486,,,,,,,,,,,
0.09006616473197937,0.9000817537307739,0.69140625,0.624909520149231,2.8932156562805176,1.301249623298645,0.36976537108421326,0.6444106101989746,3.8961308002471924,62.33809280395508,27,274474,2.7650654315948486,,,,,,,,,,,
0.09006616473197937,1.9767975807189941,0.6914058327674866,0.28754156827926636,2.908613681793213,0.5971049666404724,0.3094150722026825,0.5239889621734619,2.4132919311523438,11.059093475341797,27,274499,3.7389044761657715,,,,,,,,,,,
0.15377289056777954,0.8646960258483887,0.69140625,0.8171321153640747,2.8431403636932373,0.5336332321166992,0.41875144839286804,0.5241503119468689,2.5909903049468994,41.45584487915039,27,274524,3.7389044761657715,,,,,,,,,,,
0.15377289056777954,2.103342294692993,0.69140625,0.9591673612594604,2.8914785385131836,0.7425587177276611,0.47203874588012695,4.018782138824463,3.5762410163879395,52.193519592285156,27,274549,2.2681896686553955,,,,,,,,,,,
0.08035452663898468,2.699428081512451,0.6914054155349731,0.5629552006721497,3.1120896339416504,0.0,0.46481823921203613,1.4521803855895996,1.8687227964401245,5.909420490264893,27,274574,2.2681896686553955,,,,,,,,,,,
0.08035452663898468,1.0013833045959473,0.0,0.9261260628700256,0.0,0.7763772010803223,0.410418301820755,1.516061544418335,3.189713716506958,51.03541946411133,27,274599,2.2651305198669434,,,,,,,,,,,
0.14886486530303955,2.281795024871826,0.0,0.5493457317352295,0.0,0.7322010397911072,0.37751761078834534,0.48208656907081604,3.0758042335510254,24.41343879699707,27,274624,2.2651305198669434,,,,,,,,,,,
0.14886486530303955,1.8840254545211792,0.6914061903953552,0.7341818809509277,3.016979455947876,1.5138130187988281,0.38329434394836426,0.5804284811019897,4.740479469299316,68.3681640625,27,274649,2.2745490074157715,,,,,,,,,,,
0.10315682739019394,2.3488664627075195,0.6914049983024597,0.45209741592407227,3.666339635848999,0.0005656501743942499,0.34535810351371765,0.43067947030067444,1.5399101972579956,3.7719943523406982,27,274674,2.2745490074157715,,,,,,,,,,,
0.10315682739019394,0.9340243339538574,0.0,0.766100287437439,0.0,0.7015194892883301,0.5353372097015381,0.8291727900505066,2.9846837520599365,47.754940032958984,27,274699,3.2463090419769287,,,,,,,,,,,
0.13617774844169617,1.941340446472168,0.69140625,0.9628450870513916,2.786168098449707,0.5589544177055359,0.436381459236145,3.8593807220458984,3.127399444580078,50.03839111328125,27,274724,3.2463090419769287,,,,,,,,,,,
0.13617774844169617,1.671634554862976,0.6914061307907104,0.604246973991394,2.818124294281006,1.379777193069458,0.29188719391822815,0.3541612923145294,4.185360431671143,51.93895721435547,27,274749,3.255455493927002,,,,,,,,,,,
0.09625344723463058,2.924307346343994,0.0,0.7407204508781433,0.0,0.8204665780067444,0.570633053779602,0.558107852935791,3.8295788764953613,47.21421813964844,27,274774,3.255455493927002,,,,,,,,,,,
0.09625344723463058,3.752798080444336,0.0,0.7831331491470337,0.0,0.8245787024497986,0.4243031144142151,0.7055907845497131,3.9824330806732178,39.8243293762207,27,274799,3.7481067180633545,,,,,,,,,,,
0.14189451932907104,6.715845584869385,0.0,0.7402084469795227,0.0,0.7961711287498474,0.425201416015625,2.401881217956543,4.772505760192871,26.99736976623535,27,274824,3.7481067180633545,,,,,,,,,,,
0.14189451932907104,3.2913379669189453,0.0,0.7978744506835938,0.0,0.7668895721435547,0.5258352756500244,1.035995602607727,3.8448903560638428,38.06247329711914,27,274849,3.7419567108154297,,,,,,,,,,,
0.07900717854499817,2.0884594917297363,0.6914061903953552,0.5795848369598389,2.6616249084472656,1.6666817665100098,0.4118104875087738,0.3524836599826813,4.977912902832031,67.52369689941406,27,274874,3.7419567108154297,,,,,,,,,,,
0.07900717854499817,9.812152862548828,0.0,0.8668532371520996,0.0,1.0111477375030518,0.48279502987861633,1.9744112491607666,6.315589904785156,64.09623718261719,27,274899,3.7567827701568604,,,,,,,,,,,
0.14445023238658905,3.12601375579834,0.6914061903953552,0.8679715394973755,3.073730230331421,1.2873954772949219,0.44018077850341797,0.6467837691307068,4.851484775543213,77.6237564086914,27,274924,3.7567827701568604,,,,,,,,,,,
0.14445023238658905,10.514759063720703,0.69140625,0.7905302047729492,3.4223811626434326,0.4482197165489197,0.3981339931488037,0.6729696989059448,5.273755073547363,84.38008117675781,27,274949,2.761033296585083,,,,,,,,,,,
0.09106212109327316,3.2767205238342285,0.0,0.7223457098007202,0.0,0.9131145477294922,0.524996280670166,0.7773784399032593,4.056587219238281,30.8940486907959,27,274974,2.761033296585083,,,,,,,,,,,
0.09106212109327316,3.917654514312744,0.0,0.7322782278060913,0.0,1.6343212127685547,0.5089280605316162,1.218926191329956,5.685145378112793,35.956016540527344,27,274999,3.756788730621338,,,,,,,,,,,
0.17432299256324768,6.750726699829102,0.6914061307907104,0.8219714164733887,3.0916714668273926,1.5296045541763306,0.4332520067691803,1.2769567966461182,6.3705668449401855,67.41973876953125,27,275024,3.756788730621338,,,,,,,,,,,
0.17432299256324768,0.801307737827301,0.0,0.6296178102493286,0.0,0.6840900182723999,0.38818395137786865,0.26190871000289917,2.6263742446899414,42.02198791503906,27,275049,3.75439453125,,,,,,,,,,,
0.08110310137271881,17.752883911132812,0.0,0.7410541772842407,0.0,0.6594135165214539,0.6226685643196106,1.573621153831482,8.008415222167969,43.86389923095703,27,275074,3.75439453125,,,,,,,,,,,
0.08110310137271881,2.9503448009490967,0.6914058923721313,0.47787079215049744,2.955080986022949,0.8458157777786255,0.3456457853317261,0.8181182146072388,3.429802417755127,19.096330642700195,27,275099,2.7610695362091064,,,,,,,,,,,
0.15041208267211914,5.564817428588867,0.6914061903953552,0.951179563999176,3.0786283016204834,1.1254698038101196,0.47953668236732483,1.8564698696136475,5.381886959075928,86.11019134521484,27,275124,2.7610695362091064,,,,,,,,,,,
0.15041208267211914,2.253781795501709,0.6914055347442627,0.4577346444129944,3.15024471282959,0.0,0.2817927598953247,0.8933287262916565,1.4471644163131714,5.414793491363525,27,275149,3.2316689491271973,,,,,,,,,,,
0.12182363122701645,1.424475073814392,0.0,0.9346200227737427,0.0,0.6482095718383789,0.5472182631492615,1.6433650255203247,3.2056000232696533,44.53361892700195,27,275174,3.2316689491271973,,,,,,,,,,,
0.12182363122701645,1.7765276432037354,0.0,0.5227651000022888,0.0,0.9341070652008057,0.4793882668018341,0.7185409069061279,3.4033257961273193,44.112144470214844,27,275199,2.767864227294922,,,,,,,,,,,
0.1392834484577179,1.963526725769043,0.6914061307907104,0.5230580568313599,2.7906627655029297,1.3818092346191406,0.4445994198322296,0.6362425088882446,4.348240852355957,41.70686340332031,27,275224,2.767864227294922,,,,,,,,,,,
0.1392834484577179,1.0108604431152344,0.0,0.5458387136459351,0.0,0.8569124937057495,0.5497727394104004,1.4191656112670898,3.11269474029541,28.014251708984375,27,275249,3.2609500885009766,,,,,,,,,,,
0.08039983361959457,2.036963939666748,0.0,0.7804592847824097,0.0,0.6258732676506042,0.6093950271606445,0.7485411763191223,3.252690076828003,20.31304359436035,27,275274,3.2609500885009766,,,,,,,,,,,
0.08039983361959457,1.2648565769195557,0.6914061307907104,0.5417787432670593,2.3735742568969727,0.9564418792724609,0.34478044509887695,0.3114384114742279,3.2026357650756836,32.81725311279297,27,275299,2.7756428718566895,,,,,,,,,,,
0.1421748548746109,4.050590515136719,0.0,0.6720183491706848,0.0,7.421455666190013e-05,0.33187347650527954,0.6097305417060852,2.219217538833618,8.30355167388916,27,275324,2.7756428718566895,,,,,,,,,,,
0.1421748548746109,1.353137493133545,0.69140625,0.658338189125061,2.7965588569641113,1.1254668235778809,0.3324744403362274,0.5152369141578674,3.6756532192230225,58.81045150756836,27,275349,3.7536075115203857,,,,,,,,,,,
0.10155590623617172,1.1123383045196533,0.6914033889770508,0.26309919357299805,1.8982305526733398,0.0,0.285523384809494,1.7928999662399292,0.9013063907623291,1.5611084699630737,27,275374,3.7536075115203857,,,,,,,,,,,
0.10155590623617172,2.579068183898926,0.0,0.8138710260391235,0.0,1.1200867891311646,0.6601399779319763,0.4876631200313568,4.487905025482178,61.042110443115234,27,275399,2.7716777324676514,,,,,,,,,,,
0.13589860498905182,1.7077040672302246,0.6914061903953552,0.8437861204147339,3.135197639465332,0.5950075387954712,0.48294466733932495,1.4972641468048096,3.0604090690612793,48.96654510498047,27,275424,2.7716777324676514,,,,,,,,,,,
0.13589860498905182,2.0029969215393066,0.0,0.7939928770065308,0.0,1.4124058485031128,0.43738695979118347,1.1978282928466797,4.657090663909912,43.18808364868164,27,275449,2.2750065326690674,,,,,,,,,,,
0.08148309588432312,1.1845877170562744,0.0,0.9555898904800415,0.0,0.8394957780838013,0.5987122654914856,1.4772635698318481,3.588670015335083,57.41872024536133,27,275474,2.2750065326690674,,,,,,,,,,,
0.08148309588432312,1.141096830368042,0.0,0.8383550643920898,0.0,0.7061102390289307,0.45135799050331116,1.8581218719482422,3.044262647628784,26.886198043823242,27,275499,3.267261266708374,,,,,,,,,,,
0.14301232993602753,2.830930709838867,0.6914061307907104,0.516593337059021,3.108022689819336,0.31103408336639404,0.0004834658175241202,0.5950148701667786,2.0195045471191406,14.977046012878418,27,275524,3.267261266708374,,,,,,,,,,,
0.14301232993602753,1.4566787481307983,0.0,0.9431900382041931,0.0,0.6697540283203125,0.12281922250986099,2.3764328956604004,2.8425209522247314,45.4803352355957,27,275549,2.273746967315674,,,,,,,,,,,
0.11675573140382767,1.1478533744812012,0.6914056539535522,0.2772558927536011,2.920196533203125,0.0025561179500073195,0.5999305844306946,2.281670331954956,1.2558567523956299,4.698986053466797,27,275574,2.273746967315674,,,,,,,,,,,
0.11675573140382767,1.7469453811645508,0.0,0.9080802202224731,0.0,0.7737427949905396,0.5053489208221436,2.242220878601074,3.4849984645843506,29.157588958740234,27,275599,2.768765926361084,,,,,,,,,,,
0.14102455973625183,1.630833625793457,0.0,0.9503933191299438,0.0,0.31841522455215454,0.5471635460853577,1.6640492677688599,2.6236371994018555,41.97819519042969,27,275624,2.768765926361084,,,,,,,,,,,
0.14102455973625183,0.38575321435928345,0.0,0.9168393015861511,0.0,0.679087221622467,0.39538609981536865,0.5702734589576721,2.786125659942627,39.204261779785156,27,275649,2.759645938873291,,,,,,,,,,,
0.07837310433387756,3.6370224952697754,0.0,0.7879844903945923,0.0,0.9575867652893066,0.5035586357116699,0.990151047706604,4.297823429107666,19.22045135498047,27,275674,2.759645938873291,,,,,,,,,,,
0.07837310433387756,1.1713547706604004,0.69140625,0.6523100733757019,2.748375415802002,1.1886768341064453,0.34296083450317383,0.272542804479599,3.7515146732330322,60.024234771728516,27,275699,2.9436194896698,,,,,,,,,,,
0.16837260127067566,2.834362745285034,0.0,0.5615440607070923,0.0,0.006924122106283903,0.6486579179763794,0.6756941080093384,2.0743589401245117,5.867173194885254,27,275724,2.9436194896698,,,,,,,,,,,
0.16837260127067566,1.1453555822372437,0.6914061903953552,0.7731748819351196,2.817117691040039,1.121384620666504,0.5041690468788147,0.8568732738494873,3.8918910026550293,62.27025604248047,27,275749,2.271247625350952,,,,,,,,,,,
0.1576603800058365,1.5649473667144775,0.6914061903953552,0.9315606355667114,2.8326644897460938,0.8903093338012695,0.3882195055484772,0.3560682237148285,3.5982096195220947,54.68804931640625,27,275774,2.271247625350952,,,,,,,,,,,
0.1576603800058365,2.9295973777770996,0.0,0.6712539196014404,0.0,0.01318440679460764,0.5048897862434387,1.2290993928909302,2.0813918113708496,8.325567245483398,27,275799,2.763341188430786,,,,,,,,,,,
0.14123865962028503,2.3379409313201904,0.0,0.570793628692627,0.0,1.1081691980361938,0.41798701882362366,1.2769660949707031,3.906501531600952,15.626006126403809,27,275824,2.763341188430786,,,,,,,,,,,
0.14123865962028503,1.3315606117248535,0.69140625,0.7736660242080688,2.845913887023926,1.1375725269317627,0.5187219977378845,0.4741343855857849,3.9954605102539062,58.31182861328125,27,275849,2.2780613899230957,,,,,,,,,,,
0.1213042140007019,0.6938881874084473,0.0,0.8236165046691895,0.0,1.0664896965026855,0.42876192927360535,0.5384690761566162,3.59352445602417,33.13065719604492,27,275874,2.2780613899230957,,,,,,,,,,,
0.1213042140007019,2.168865919113159,0.6914052963256836,0.4788154661655426,3.233633518218994,0.0,0.4327530264854431,0.6372523307800293,1.59456467628479,4.783694267272949,27,275899,2.7683029174804688,,,,,,,,,,,
0.14996320009231567,2.572080135345459,0.6914061307907104,0.6729909777641296,2.9457180500030518,1.2421162128448486,0.35900264978408813,1.1523723602294922,4.317307472229004,44.44940185546875,27,275924,2.7683029174804688,,,,,,,,,,,
0.14996320009231567,2.2157678604125977,0.0,0.6871898174285889,0.0,1.6389333009719849,0.5018325448036194,0.8414003849029541,5.131618976593018,51.82680892944336,27,275949,2.7680044174194336,,,,,,,,,,,
0.08281271159648895,1.6124536991119385,0.6914061903953552,0.6595267057418823,3.0647990703582764,0.9232889413833618,0.38228774070739746,0.2779024541378021,3.4027764797210693,44.885704040527344,27,275974,2.7680044174194336,,,,,,,,,,,
0.08281271159648895,1.7235565185546875,0.6914061903953552,0.7815269827842712,2.9178218841552734,1.1563748121261597,0.48926204442977905,1.052368402481079,4.129784107208252,66.07654571533203,27,275999,2.763455390930176,,,,,,,,,,,
0.1574881672859192,1.8199098110198975,0.0,0.8372585773468018,0.0,0.7994661927223206,0.5367660522460938,0.8591417670249939,3.518929958343506,43.951419830322266,27,276024,2.763455390930176,,,,,,,,,,,
0.1574881672859192,1.0623390674591064,0.6914061903953552,0.6450538039207458,2.925400495529175,0.5143068432807922,0.3616882562637329,0.4288915693759918,2.3833112716674805,38.13298034667969,27,276049,3.236159563064575,,,,,,,,,,,
0.09961792826652527,1.4874789714813232,0.6914061903953552,0.826470136642456,2.9517552852630615,0.2933911681175232,0.366615891456604,1.3445419073104858,2.255629539489746,36.09007263183594,27,276074,3.236159563064575,,,,,,,,,,,
0.09961792826652527,2.313509225845337,0.0,0.7746991515159607,0.0,0.7118033170700073,0.8262603878974915,1.2558927536010742,3.718618869781494,21.361839294433594,27,276099,3.249332904815674,,,,,,,,,,,
0.13937586545944214,2.917835235595703,0.0,1.7127833366394043,0.0,0.7281420230865479,0.5154865980148315,1.1462236642837524,4.5599045753479,65.12846374511719,27,276124,3.249332904815674,,,,,,,,,,,
0.13937586545944214,1.5507575273513794,0.69140625,0.7587877511978149,2.8066744804382324,1.002532958984375,0.4378233850002289,0.5573444962501526,3.6949710845947266,53.41757583618164,27,276149,3.7548344135284424,,,,,,,,,,,
0.08086287975311279,3.5223121643066406,0.0,0.7043367028236389,0.0,1.2942947149276733,0.4143272042274475,0.7949931621551514,4.763947010040283,28.97795867919922,27,276174,3.7548344135284424,,,,,,,,,,,
0.08086287975311279,2.6882190704345703,0.0,0.856532096862793,0.0,0.71025151014328,0.5721909403800964,0.49176084995269775,3.6556918621063232,33.50497055053711,27,276199,3.7531001567840576,,,,,,,,,,,
0.14274828135967255,1.2514580488204956,0.69140625,0.7411831021308899,2.929177761077881,0.6406486630439758,0.44193127751350403,0.4452698230743408,2.869140863418579,45.906253814697266,27,276224,3.7531001567840576,,,,,,,,,,,
0.14274828135967255,1.2071871757507324,0.6914061307907104,0.6300526857376099,2.2584540843963623,0.795299768447876,0.34440717101097107,0.09834914654493332,2.9498000144958496,30.226455688476562,27,276249,3.268670082092285,,,,,,,,,,,
0.10471999645233154,1.162302017211914,0.69140625,0.5445125699043274,2.6305644512176514,0.891709566116333,0.3001236915588379,0.3107709288597107,3.0030517578125,43.93085861206055,27,276274,3.268670082092285,,,,,,,,,,,
0.10471999645233154,1.8782811164855957,0.6914061903953552,0.914126992225647,3.230901002883911,1.1544618606567383,0.3982022702693939,1.3446688652038574,4.21704626083374,54.65916442871094,27,276299,2.2756950855255127,,,,,,,,,,,
0.13856177031993866,2.14512038230896,0.6914061307907104,0.6443799734115601,2.769988775253296,1.3872777223587036,0.3533251881599426,0.26353228092193604,4.443497180938721,47.025550842285156,27,276324,2.2756950855255127,,,,,,,,,,,
0.13856177031993866,1.0591000318527222,0.6914061903953552,0.8513461947441101,2.854055643081665,0.6080847978591919,0.4006519913673401,0.6743364930152893,2.8144383430480957,38.28050231933594,27,276349,2.2738752365112305,,,,,,,,,,,
0.07935203611850739,0.9324962496757507,0.0,0.708813488483429,0.0,0.6753979325294495,0.2796246409416199,0.5918213725090027,2.618983030319214,34.44734191894531,27,276374,2.2738752365112305,,,,,,,,,,,
0.07935203611850739,1.799248456954956,0.0,0.7339366674423218,0.0,0.9666675329208374,0.42019638419151306,1.0237607955932617,3.6272425651550293,42.14474868774414,27,276399,2.2664146423339844,,,,,,,,,,,
0.1428147256374359,2.2794089317321777,0.6914061903953552,0.7991303205490112,3.0281949043273926,1.6120527982711792,0.49890875816345215,0.6237980723381042,5.236248970031738,59.472354888916016,27,276424,2.2664146423339844,,,,,,,,,,,
0.1428147256374359,1.0090177059173584,0.0,1.4187486171722412,0.0,0.2364615797996521,0.46779218316078186,0.39453771710395813,2.6621692180633545,34.09239959716797,27,276449,3.761812448501587,,,,,,,,,,,
0.08493246883153915,0.9985717535018921,0.69140625,0.738621711730957,2.938526153564453,0.5907989740371704,0.40802013874053955,0.44407472014427185,2.657196521759033,42.51514434814453,27,276474,3.761812448501587,,,,,,,,,,,
0.08493246883153915,0.8385652303695679,0.69140625,0.7118455171585083,2.752655506134033,0.64985191822052,0.3576919436454773,0.5659722685813904,2.6483376026153564,42.3734016418457,27,276499,2.272989273071289,,,,,,,,,,,
0.14039917290210724,1.8701364994049072,0.6914061307907104,0.6002506017684937,2.575054407119751,1.521933674812317,0.46138903498649597,0.5365464091300964,4.692298412322998,49.879817962646484,27,276524,2.272989273071289,,,,,,,,,,,
0.14039917290210724,1.1292202472686768,0.0,0.6594908833503723,0.0,0.5559113621711731,0.4418703317642212,0.5328986644744873,2.551949977874756,40.831199645996094,27,276549,3.750014305114746,,,,,,,,,,,
0.07608424127101898,2.369689464569092,0.6914051175117493,0.5265069007873535,3.2281243801116943,0.0002458493399899453,0.6305841207504272,0.8052518963813782,1.900770902633667,5.376192092895508,27,276574,3.750014305114746,,,,,,,,,,,
0.07608424127101898,2.6146652698516846,0.0,0.7654025554656982,0.0,0.42390286922454834,0.5855680108070374,2.076305866241455,2.983175754547119,22.123823165893555,27,276599,2.7741246223449707,,,,,,,,,,,
0.13778239488601685,2.158324956893921,0.0,0.5940077304840088,0.0,0.9122493267059326,0.4559684097766876,0.32742422819137573,3.521972179412842,34.68740463256836,27,276624,2.7741246223449707,,,,,,,,,,,
0.13778239488601685,1.3332905769348145,0.69140625,1.0751042366027832,2.77174711227417,0.6402243375778198,0.4408388137817383,0.7176140546798706,3.2240962982177734,51.585540771484375,27,276649,2.7632663249969482,,,,,,,,,,,
0.08801589906215668,1.460014820098877,0.0,0.7798771262168884,0.0,1.5035643577575684,0.5117437243461609,0.74810791015625,4.736753940582275,58.398624420166016,27,276674,2.7632663249969482,,,,,,,,,,,
0.08801589906215668,1.314088225364685,0.0,0.8569789528846741,0.0,0.9298766851425171,0.5271371006965637,1.0166997909545898,3.6380958557128906,37.101444244384766,27,276699,3.7512171268463135,,,,,,,,,,,
0.13590453565120697,1.338202714920044,0.0,0.6444278359413147,0.0,0.45963528752326965,0.4323108494281769,0.9376779794692993,2.397469997406006,38.359519958496094,27,276724,3.7512171268463135,,,,,,,,,,,
0.13590453565120697,0.8234918117523193,0.6914031505584717,0.19590052962303162,2.645573616027832,0.0,0.194841668009758,0.41308435797691345,0.6642454862594604,1.150506854057312,27,276749,2.7621006965637207,,,,,,,,,,,
0.09122943878173828,1.8738927841186523,0.6914061903953552,0.6330099105834961,2.916152000427246,0.7792709469795227,0.40253493189811707,0.47661760449409485,3.1854162216186523,37.69035339355469,27,276774,2.7621006965637207,,,,,,,,,,,
0.09122943878173828,1.4221733808517456,0.0,0.47046518325805664,0.0,0.7513124346733093,0.00043751916382461786,1.1139211654663086,2.400179624557495,23.881484985351562,27,276799,2.2715861797332764,,,,,,,,,,,
0.14216789603233337,2.0660898685455322,0.0,0.6627815365791321,0.0,0.44746869802474976,0.39393916726112366,0.8660100698471069,2.5714852809906006,13.361828804016113,27,276824,2.2715861797332764,,,,,,,,,,,
0.14216789603233337,2.2498271465301514,0.0,0.7684292793273926,0.0,1.4565694332122803,0.5275918245315552,1.0661922693252563,4.884108066558838,41.44302749633789,27,276849,2.7655131816864014,,,,,,,,,,,
0.08497199416160583,2.532449722290039,0.6914061307907104,0.6406528949737549,3.234409809112549,1.4576575756072998,0.41912755370140076,0.7742230892181396,4.76717472076416,45.97296905517578,27,276874,2.7655131816864014,,,,,,,,,,,
0.08497199416160583,2.350266456604004,0.6914055347442627,0.6683285236358643,2.9578444957733154,0.5588915348052979,0.446397602558136,0.9286483526229858,2.967167615890503,11.10212516784668,27,276899,3.734741449356079,,,,,,,,,,,
0.13894404470920563,2.917153835296631,0.0,0.9711593389511108,0.0,0.7424839735031128,0.6798200011253357,0.8919618129730225,4.011093616485596,64.17749786376953,27,276924,3.734741449356079,,,,,,,,,,,
0.13894404470920563,1.3242276906967163,0.0,0.8209536075592041,0.0,0.3842388093471527,0.5111375451087952,0.685721755027771,2.4978370666503906,39.96539306640625,27,276949,2.2779390811920166,,,,,,,,,,,
0.09937568753957748,1.1637998819351196,0.69140625,0.6425982117652893,2.670217990875244,1.0038261413574219,0.4237692952156067,0.23947834968566895,3.449861764907837,55.19778823852539,27,276974,2.2779390811920166,,,,,,,,,,,
0.09937568753957748,3.0595011711120605,0.6914060711860657,0.6624822020530701,3.552154064178467,0.945123553276062,0.4513483941555023,0.9406135082244873,3.957449436187744,25.64720344543457,27,276999,2.7489049434661865,,,,,,,,,,,
0.1629544198513031,1.213713526725769,0.69140625,0.6396893262863159,2.9291744232177734,1.0271098613739014,0.3837181031703949,0.15114544332027435,3.4710328578948975,55.53652572631836,27,277024,2.7489049434661865,,,,,,,,,,,
0.1629544198513031,1.2418819665908813,0.0,0.8256109952926636,0.0,1.143763780593872,0.44038650393486023,0.7770375609397888,3.9260897636413574,57.029747009277344,27,277049,2.76774525642395,,,,,,,,,,,
0.14224284887313843,1.0453466176986694,0.0,0.7883617877960205,0.0,0.9263602495193481,0.4941709339618683,0.3267980217933655,3.448857069015503,55.18171310424805,27,277074,2.76774525642395,,,,,,,,,,,
0.14224284887313843,3.371288776397705,0.6914057731628418,0.65533447265625,3.2423465251922607,0.8602662682533264,0.6080379486083984,1.4285682439804077,4.02771520614624,17.08814811706543,27,277099,2.755664825439453,,,,,,,,,,,
0.14300405979156494,0.9923532009124756,0.0,0.9446021914482117,0.0,0.4163668155670166,0.3897099494934082,1.3578882217407227,2.464751720428467,39.43602752685547,27,277124,2.755664825439453,,,,,,,,,,,
0.14300405979156494,2.437408924102783,0.0,0.8566884994506836,0.0,0.8305651545524597,0.5832209587097168,1.9759094715118408,3.8322625160217285,45.66667938232422,27,277149,3.2625064849853516,,,,,,,,,,,
0.07917217165231705,1.8461440801620483,0.0,0.7116051912307739,0.0,1.2016708850860596,0.5221647024154663,1.1921486854553223,4.19095516204834,37.485042572021484,27,277174,3.2625064849853516,,,,,,,,,,,
0.07917217165231705,0.6149705648422241,0.69140625,0.49821406602859497,2.7886667251586914,0.9396788477897644,0.23072543740272522,0.11132753640413284,2.8206751346588135,45.130802154541016,27,277199,3.728152275085449,,,,,,,,,,,
0.1471090316772461,2.544816017150879,0.0,0.8293190002441406,0.0,0.5543681383132935,0.5866928100585938,1.36746084690094,3.2881929874420166,30.49344825744629,27,277224,3.728152275085449,,,,,,,,,,,
0.1471090316772461,1.717663049697876,0.0,0.855721116065979,0.0,0.3799489438533783,0.17172931134700775,0.6662229299545288,2.302647352218628,36.84235763549805,27,277249,3.2564406394958496,,,,,,,,,,,
0.08550845086574554,0.8579213619232178,0.6914061307907104,0.49543434381484985,2.2135183811187744,1.0010664463043213,0.25549858808517456,0.62964928150177,3.0325775146484375,48.521240234375,27,277274,3.2564406394958496,,,,,,,,,,,
0.08550845086574554,1.7489912509918213,0.6914039850234985,0.3525763750076294,4.328124523162842,0.0,1.0745127201080322,2.7874605655670166,1.995067834854126,3.990135669708252,27,277299,3.2615039348602295,,,,,,,,,,,
0.13945622742176056,1.0808136463165283,0.0,0.995964765548706,0.0,0.913427472114563,0.37904444336891174,0.8004016876220703,3.5261082649230957,51.70289611816406,27,277324,3.2615039348602295,,,,,,,,,,,
0.13945622742176056,1.9734128713607788,0.0,0.7402899861335754,0.0,0.9932986497879028,0.5052849054336548,0.9789619445800781,3.8241958618164062,41.18785095214844,27,277349,2.272531270980835,,,,,,,,,,,
0.0793180838227272,1.1317756175994873,0.69140625,0.6873880624771118,2.70986270904541,0.9096364974975586,0.41118013858795166,0.2453996241092682,3.2844724655151367,52.55155944824219,27,277374,2.272531270980835,,,,,,,,,,,
0.0793180838227272,0.6955823302268982,0.6914061307907104,0.7478610873222351,2.677731513977051,0.4125063717365265,0.3670768141746521,0.6021889448165894,2.1754026412963867,34.80644226074219,27,277399,3.7423641681671143,,,,,,,,,,,
0.14556986093521118,1.4286384582519531,0.6914061903953552,0.9011706113815308,3.0812666416168213,0.6702366471290588,0.4063337445259094,1.0850681066513062,3.107381820678711,49.718109130859375,27,277424,3.7423641681671143,,,,,,,,,,,
0.14556986093521118,2.1803274154663086,0.6914054155349731,0.43135881423950195,3.5438742637634277,0.23348525166511536,0.39729249477386475,1.1402263641357422,1.9851588010787964,6.277623176574707,27,277449,2.7536211013793945,,,,,,,,,,,
0.07938225567340851,2.4401001930236816,0.6914055347442627,0.5115172863006592,3.230966567993164,0.018904943019151688,0.44783586263656616,2.082294225692749,1.761502742767334,6.102024555206299,27,277474,2.7536211013793945,,,,,,,,,,,
0.07938225567340851,2.55159854888916,0.0,0.888636589050293,0.0,0.5959928035736084,0.6188027858734131,1.5473051071166992,3.464904546737671,41.289100646972656,27,277499,2.271644353866577,,,,,,,,,,,
0.14436884224414825,1.5693657398223877,0.0,0.5237252712249756,0.0,0.2668491303920746,0.3264770805835724,0.14876481890678406,1.854710340499878,29.44261360168457,27,277524,2.271644353866577,,,,,,,,,,,
0.14436884224414825,2.8893003463745117,0.6914060711860657,0.7777665853500366,3.1905055046081543,0.8621631264686584,0.42721888422966003,1.4514052867889404,3.8280069828033447,28.12999153137207,27,277549,3.245279312133789,,,,,,,,,,,
0.11867497861385345,1.5247057676315308,0.6914061903953552,0.7003289461135864,2.9305756092071533,0.9086545705795288,0.3845522403717041,0.4848784804344177,3.3889079093933105,46.83563995361328,27,277574,3.245279312133789,,,,,,,,,,,
0.11867497861385345,1.4317481517791748,0.0,0.26086533069610596,0.0,0.8772192001342773,0.442612886428833,1.141727328300476,2.8874409198760986,9.130889892578125,27,277599,3.23734974861145,,,,,,,,,,,
0.13932058215141296,0.8971068859100342,0.0,0.8786412477493286,0.0,0.6699670553207397,0.6355988383293152,0.8811858296394348,3.1233062744140625,48.78760528564453,27,277624,3.23734974861145,,,,,,,,,,,
0.13932058215141296,1.3715388774871826,0.69140625,0.888940691947937,3.0283896923065186,0.41737091541290283,0.48271429538726807,1.725914478302002,2.6481423377990723,42.370277404785156,27,277649,2.7648518085479736,,,,,,,,,,,
0.08051943778991699,0.9537447690963745,0.69140625,0.8153167963027954,3.261889696121216,0.6153966188430786,0.45967501401901245,0.4407695233821869,2.8245275020599365,45.192440032958984,27,277674,2.7648518085479736,,,,,,,,,,,
0.08051943778991699,1.9716711044311523,0.0,0.7527904510498047,0.0,0.8616786003112793,0.4437171220779419,0.947879433631897,3.5113658905029297,35.98079299926758,27,277699,2.775808334350586,,,,,,,,,,,
0.14410527050495148,1.6265166997909546,0.0,0.9078247547149658,0.0,0.7267837524414062,0.4900253415107727,1.0658985376358032,3.3393726348876953,53.429962158203125,27,277724,2.775808334350586,,,,,,,,,,,
0.14410527050495148,1.2567368745803833,0.69140625,0.667994499206543,2.588329315185547,0.6378974914550781,0.41862139105796814,0.43124979734420776,2.765315294265747,44.24504470825195,27,277749,3.745763063430786,,,,,,,,,,,
0.08174820244312286,0.7672116160392761,0.69140625,0.7090773582458496,2.9037418365478516,0.34434986114501953,0.44553232192993164,0.33477911353111267,2.102510452270508,33.640167236328125,27,277774,3.745763063430786,,,,,,,,,,,
0.08174820244312286,2.6575145721435547,0.6914055347442627,0.6710320711135864,3.499314069747925,0.04205402731895447,0.20148563385009766,2.007404327392578,1.7888734340667725,6.4498748779296875,27,277799,3.734292507171631,,,,,,,,,,,
0.1400097906589508,1.9374639987945557,0.0,0.9221588373184204,0.0,0.7327873706817627,0.5632159113883972,1.3426945209503174,3.532188653945923,37.54767990112305,27,277824,3.734292507171631,,,,,,,,,,,
0.1400097906589508,2.021481513977051,0.6914061903953552,0.6986920833587646,3.0325238704681396,0.5755482912063599,0.4493935704231262,0.9835551977157593,2.9359519481658936,40.99833679199219,27,277849,2.2574503421783447,,,,,,,,,,,
0.13158436119556427,2.6610267162323,0.6914058327674866,0.459867924451828,3.672109365463257,0.0008331413846462965,0.394823282957077,1.1664352416992188,1.6913866996765137,7.564111232757568,27,277874,2.2574503421783447,,,,,,,,,,,
0.13158436119556427,1.3303444385528564,0.69140625,0.6656222343444824,3.2383382320404053,0.6285779476165771,0.3983440399169922,0.7764555215835571,2.7526090145111084,35.03499221801758,27,277899,2.2598421573638916,,,,,,,,,,,
0.13674771785736084,2.1936185359954834,0.6914049386978149,0.4603234827518463,3.0604262351989746,0.019443834200501442,0.41360604763031006,1.4230637550354004,1.6015069484710693,3.922874927520752,27,277924,2.2598421573638916,,,,,,,,,,,
0.13674771785736084,2.077521800994873,0.6914061903953552,0.6464751958847046,2.8307011127471924,1.8796643018722534,0.4916720986366272,0.8936010599136353,5.549039363861084,69.30747985839844,27,277949,2.770634412765503,,,,,,,,,,,
1.493399739265442,0.9360638856887817,0.6914061903953552,0.5942970514297485,2.471853494644165,0.6361692547798157,0.32849276065826416,0.14448583126068115,2.5006661415100098,40.010658264160156,27,277974,2.770634412765503,,,,,,,,,,,
1.493399739265442,2.0517940521240234,0.6914058923721313,0.6289123892784119,3.858858585357666,0.7179971933364868,0.35297447443008423,1.1653724908828735,3.072007894515991,15.360039710998535,27,277999,3.8690083026885986,,,,,,,,,,,
0.14892277121543884,2.683957099914551,0.0,0.699090838432312,0.0,0.9049227237701416,0.5280745625495911,1.0646600723266602,3.842197895050049,37.44911575317383,27,278024,3.8690083026885986,,,,,,,,,,,
0.14892277121543884,0.9643697738647461,0.6914061307907104,0.828295111656189,2.889176368713379,1.0307996273040771,0.4447733759880066,1.0552042722702026,3.6528704166412354,58.445926666259766,27,278049,3.7406630516052246,,,,,,,,,,,
0.08245342969894409,2.7827463150024414,0.0,1.0478272438049316,0.0,2.1203250885009766,0.729337751865387,1.0290513038635254,6.852639198303223,36.26075744628906,27,278074,3.7406630516052246,,,,,,,,,,,
0.08245342969894409,2.386174201965332,0.6914061307907104,0.588598370552063,2.874713897705078,1.4737998247146606,0.5040907859802246,0.22334878146648407,4.78488826751709,44.63046646118164,27,278099,2.2718586921691895,,,,,,,,,,,
0.15762987732887268,2.1551108360290527,0.6914061307907104,0.6057610511779785,2.837778329849243,1.7988560199737549,0.4045986533164978,0.5869088768959045,5.28298282623291,51.762451171875,27,278124,2.2718586921691895,,,,,,,,,,,
0.15762987732887268,1.553105115890503,0.6914061307907104,0.4695267677307129,2.7463910579681396,0.5244503617286682,0.37782710790634155,0.4452958106994629,2.3896501064300537,22.543912887573242,27,278149,2.7618024349212646,,,,,,,,,,,
0.08083881437778473,2.4470882415771484,0.0,0.7489916086196899,0.0,1.7879765033721924,0.5028430819511414,0.7356904745101929,5.561913967132568,57.26341247558594,27,278174,2.7618024349212646,,,,,,,,,,,
0.08083881437778473,1.9777828454971313,0.69140625,0.9505701661109924,3.217313289642334,0.49110832810401917,0.4323613941669464,3.6194467544555664,2.9906561374664307,47.85049819946289,27,278199,2.257321357727051,,,,,,,,,,,
0.14147529006004333,1.2449613809585571,0.0,0.8492081165313721,0.0,0.8191750049591064,0.5107635855674744,1.0029022693634033,3.3718101978302,53.9489631652832,27,278224,2.257321357727051,,,,,,,,,,,
0.14147529006004333,2.3605971336364746,0.6914046406745911,0.49654772877693176,2.894347667694092,0.03786852955818176,0.6219574809074402,0.8705761432647705,1.9313650131225586,5.1099114418029785,27,278249,2.2621586322784424,,,,,,,,,,,
0.07827731966972351,1.6320979595184326,0.69140625,1.8407161235809326,2.9398183822631836,1.3136861324310303,0.40975767374038696,1.1745762825012207,5.396873474121094,76.32331848144531,27,278274,2.2621586322784424,,,,,,,,,,,
0.07827731966972351,1.5621525049209595,0.0,0.7364616990089417,0.0,0.5306310653686523,0.41165798902511597,0.790388822555542,2.678027629852295,17.96475601196289,27,278299,3.7619893550872803,,,,,,,,,,,
0.1518101692199707,1.9396932125091553,0.0,0.7135149240493774,0.0,0.6820310950279236,0.4598355293273926,1.295741081237793,3.1193206310272217,31.036846160888672,27,278324,3.7619893550872803,,,,,,,,,,,
0.1518101692199707,0.7617315053939819,0.6914061307907104,0.7799780964851379,3.1979258060455322,0.3839815855026245,0.28824129700660706,0.30190929770469666,2.0966813564300537,21.382038116455078,27,278349,2.2775957584381104,,,,,,,,,,,
0.08045485615730286,1.6840081214904785,0.69140625,0.7949491739273071,3.157841444015503,0.8739795684814453,0.37502509355545044,1.2733094692230225,3.454714059829712,55.27542495727539,27,278374,2.2775957584381104,,,,,,,,,,,
0.08045485615730286,2.4760985374450684,0.6914061903953552,0.7245645523071289,3.8956923484802246,1.7645148038864136,0.46936389803886414,0.4631546139717102,5.504744052886963,65.3652114868164,27,278399,2.7767090797424316,,,,,,,,,,,
0.14249780774116516,2.347553253173828,0.0,0.554863452911377,0.0,1.2232956886291504,0.478720098733902,0.5248890519142151,4.184441089630127,18.23955726623535,27,278424,2.7767090797424316,,,,,,,,,,,
0.14249780774116516,1.0918447971343994,0.6914061903953552,0.6244615316390991,2.738554000854492,1.2326688766479492,0.3597985506057739,0.26689550280570984,3.804536819458008,60.872589111328125,27,278449,3.2500619888305664,,,,,,,,,,,
0.08113802969455719,2.725660800933838,0.0,0.739154577255249,0.0,0.8242653608322144,0.8566955924034119,1.202006220817566,4.062078952789307,17.23394012451172,27,278474,3.2500619888305664,,,,,,,,,,,
0.08113802969455719,1.1126424074172974,0.69140625,0.7873775959014893,2.8078954219818115,1.6120631694793701,0.4224946200847626,0.43851438164711,4.795869827270508,76.73391723632812,27,278499,3.742021083831787,,,,,,,,,,,
0.14300142228603363,1.5480067729949951,0.6914061903953552,0.6909756064414978,2.8865559101104736,1.359236240386963,0.34710654616355896,0.9602588415145874,4.24982213973999,45.37568283081055,27,278524,3.742021083831787,,,,,,,,,,,
0.14300142228603363,1.4038162231445312,0.69140625,0.642096996307373,2.781761646270752,0.4641577899456024,0.35980087518692017,0.7994523048400879,2.379175901412964,35.04745101928711,27,278549,3.2624266147613525,,,,,,,,,,,
0.07792416214942932,2.060971736907959,0.0,0.6565682888031006,0.0,1.1746182441711426,0.47843989729881287,0.8780683279037476,4.102536201477051,42.634803771972656,27,278574,3.2624266147613525,,,,,,,,,,,
0.07792416214942932,1.8742899894714355,0.6914042830467224,0.343349426984787,3.613694190979004,0.0025776352267712355,0.2608892321586609,0.9200518131256104,1.207817792892456,2.7007627487182617,27,278599,3.2528204917907715,,,,,,,,,,,
0.13994169235229492,2.2248218059539795,0.0,0.6651928424835205,0.0,1.3311964273452759,0.3948136568069458,2.1615986824035645,4.389845848083496,17.001800537109375,27,278624,3.2528204917907715,,,,,,,,,,,
0.13994169235229492,1.5845999717712402,0.6914061903953552,0.7126666307449341,2.985891819000244,0.7230057120323181,0.39812010526657104,0.6690411567687988,3.062037229537964,31.226776123046875,27,278649,3.766054391860962,,,,,,,,,,,
0.0779445469379425,1.2521443367004395,0.6914061903953552,1.155649185180664,3.4392404556274414,0.5066241025924683,0.5118440389633179,1.0012975931167603,3.0907769203186035,39.21756362915039,27,278674,3.766054391860962,,,,,,,,,,,
0.0779445469379425,1.085956335067749,0.6914060711860657,0.5033515095710754,2.4996497631073,1.0361976623535156,0.31817126274108887,0.14542628824710846,3.244701623916626,24.71091079711914,27,278699,2.274797201156616,,,,,,,,,,,
0.14325201511383057,1.9102281332015991,0.0,0.646693229675293,0.0,0.8981463313102722,0.5950743556022644,0.7217413783073425,3.611128568649292,45.39118194580078,27,278724,2.274797201156616,,,,,,,,,,,
0.14325201511383057,1.3360460996627808,0.69140625,0.6870443820953369,3.0280892848968506,0.6058444380760193,0.5790174603462219,0.30454781651496887,2.9088454246520996,45.99288558959961,27,278749,2.765632390975952,,,,,,,,,,,
0.07826372981071472,1.9730029106140137,0.6914061903953552,0.6880451440811157,2.774212598800659,1.6915793418884277,0.4318379759788513,0.6067683696746826,5.122684955596924,70.98200225830078,27,278774,2.765632390975952,,,,,,,,,,,
0.07826372981071472,2.1526482105255127,0.6914061903953552,0.7998765707015991,3.2440035343170166,0.7820494771003723,0.4291927218437195,0.728680431842804,3.471402883529663,55.54244613647461,27,278799,3.2535336017608643,,,,,,,,,,,
0.14034715294837952,6.673113822937012,0.0,0.8437346816062927,0.0,0.5966454148292542,0.4543406069278717,1.291145920753479,4.493300437927246,49.630123138427734,27,278824,3.2535336017608643,,,,,,,,,,,
0.14034715294837952,8.4373197555542,0.6914053559303284,0.5040614008903503,3.1967694759368896,0.09042924642562866,0.6727408170700073,1.3794686794281006,3.9208245277404785,11.762474060058594,27,278849,2.269221782684326,,,,,,,,,,,
6.935694217681885,2.1849029064178467,0.69140625,0.8748411536216736,3.250653028488159,1.0416022539138794,0.394086092710495,0.9691290855407715,4.040109157562256,64.6417465209961,27,278874,2.269221782684326,,,,,,,,,,,
6.935694217681885,3.013446092605591,0.6914058923721313,0.5400087833404541,2.9402883052825928,0.029264576733112335,0.4891534447669983,0.9876378774642944,2.0211281776428223,10.884108543395996,27,278899,3.436143636703491,,,,,,,,,,,
0.14880181849002838,2.369565010070801,0.0,0.829688310623169,0.0,1.8678274154663086,0.31384289264678955,0.3506104052066803,5.590055465698242,72.45539855957031,27,278924,3.436143636703491,,,,,,,,,,,
0.14880181849002838,1.8753859996795654,0.6914061307907104,0.5755012035369873,2.7646849155426025,0.6316779851913452,0.3061390519142151,1.012359619140625,2.7352590560913086,26.939178466796875,27,278949,2.7666752338409424,,,,,,,,,,,
2.8926284313201904,1.1934535503387451,0.0,0.506711483001709,0.0,0.6122222542762756,0.44760438799858093,0.33292675018310547,2.5367963314056396,32.782630920410156,27,278974,2.7666752338409424,,,,,,,,,,,
2.8926284313201904,2.3314082622528076,0.691405177116394,0.4858229160308838,2.7050700187683105,0.0032126018777489662,0.5941175222396851,0.5229964256286621,1.8128389120101929,4.796320915222168,27,278999,3.730192184448242,,,,,,,,,,,
0.14305078983306885,1.5110317468643188,0.0,0.8761905431747437,0.0,0.7492665648460388,0.4898686707019806,1.1106191873550415,3.317901849746704,53.086429595947266,27,279024,3.730192184448242,,,,,,,,,,,
0.14305078983306885,1.885360598564148,0.0,0.678158164024353,0.0,1.0006616115570068,0.5285990834236145,0.3389621675014496,3.773688554763794,48.62057876586914,27,279049,3.7531397342681885,,,,,,,,,,,
0.1317853033542633,0.8705525398254395,0.0,0.8824382424354553,0.0,0.6280117630958557,0.26571124792099,1.4760451316833496,2.6653389930725098,33.183204650878906,27,279074,3.7531397342681885,,,,,,,,,,,
0.1317853033542633,1.04612135887146,0.6914061903953552,2.0926618576049805,3.1828794479370117,0.48812687397003174,0.4183103144168854,0.918595016002655,3.8328912258148193,50.55930709838867,27,279099,2.773125410079956,,,,,,,,,,,
0.1416611522436142,1.5794886350631714,0.6914061903953552,0.803636908531189,3.0048556327819824,0.7099149227142334,0.4562028646469116,0.8007243871688843,3.1835646629333496,49.9322624206543,27,279124,2.773125410079956,,,,,,,,,,,
0.1416611522436142,2.9901187419891357,0.0,0.7480901479721069,0.0,0.7380071878433228,0.5860884189605713,0.7139636278152466,3.707228660583496,32.10554504394531,27,279149,3.7653067111968994,,,,,,,,,,,
7.8180108070373535,1.1147024631500244,0.0,0.8461897373199463,0.0,1.2117995023727417,0.5139053463935852,0.476260244846344,4.118104934692383,65.88967895507812,27,279174,3.7653067111968994,,,,,,,,,,,
7.8180108070373535,3.6973488330841064,0.6914058923721313,0.7552937269210815,3.279536008834839,0.9304678440093994,0.4780440926551819,1.071348786354065,4.236273288726807,22.01232147216797,27,279199,2.268526077270508,,,,,,,,,,,
0.14698253571987152,2.2683145999908447,0.691405713558197,0.596969485282898,3.351270914077759,0.0006296984502114356,0.6556506752967834,2.3469066619873047,1.9678866863250732,7.6215925216674805,27,279224,2.268526077270508,,,,,,,,,,,
0.14698253571987152,1.4998083114624023,0.69140625,0.8470118641853333,2.9399821758270264,1.037049651145935,0.4405346214771271,1.319536805152893,3.8409881591796875,61.455810546875,27,279249,2.275097131729126,,,,,,,,,,,
0.09467358887195587,2.7789981365203857,0.0,0.8769293427467346,0.0,0.7375310063362122,0.7126820087432861,0.5836472511291504,3.8983728885650635,33.760902404785156,27,279274,2.275097131729126,,,,,,,,,,,
0.09467358887195587,2.389543294906616,0.6914061307907104,0.5630954504013062,2.944491386413574,1.0891849994659424,0.3559929132461548,0.3587237596511841,3.843766212463379,35.22869873046875,27,279299,2.7736358642578125,,,,,,,,,,,
0.14349687099456787,1.5471272468566895,0.6914061903953552,0.860866904258728,3.0521669387817383,0.2358379065990448,0.39210939407348633,0.761976420879364,2.2193119525909424,35.50899124145508,27,279324,2.7736358642578125,,,,,,,,,,,
0.14349687099456787,1.1584526300430298,0.6914061307907104,0.48809337615966797,2.1828622817993164,0.8206794261932373,0.25666001439094543,0.9480840563774109,2.755476474761963,38.37934875488281,27,279349,3.263800859451294,,,,,,,,,,,
0.08942387998104095,1.4316771030426025,0.69140625,0.7021501064300537,3.1128833293914795,0.8391528129577637,0.3565099835395813,0.6137700080871582,3.1975977420806885,50.15236282348633,27,279374,3.263800859451294,,,,,,,,,,,
0.08942387998104095,2.9691243171691895,0.0,0.6258009672164917,0.0,0.013297373428940773,0.5563712120056152,1.7811192274093628,2.0995044708251953,6.298513412475586,27,279399,2.256432056427002,,,,,,,,,,,
0.14606265723705292,3.131732940673828,0.0,0.7706079483032227,0.0,1.2865393161773682,0.6947543621063232,0.757818877696991,4.977960586547852,41.049312591552734,27,279424,2.256432056427002,,,,,,,,,,,
0.14606265723705292,1.6580781936645508,0.6914047002792358,0.3564831614494324,3.3209218978881836,0.0,0.6255749464035034,1.450281023979187,1.512690782546997,3.382479429244995,27,279449,3.745176315307617,,,,,,,,,,,
0.07688720524311066,1.6197197437286377,0.0,0.9657431840896606,0.0,0.9529929161071777,0.46659550070762634,4.053300857543945,3.8242404460906982,61.18784713745117,27,279474,3.745176315307617,,,,,,,,,,,
0.07688720524311066,1.7421982288360596,0.0,0.9984110593795776,0.0,0.7111908793449402,0.5667527914047241,0.5405967831611633,3.5102052688598633,45.361846923828125,27,279499,2.774224281311035,,,,,,,,,,,
13.133667945861816,2.386327028274536,0.0,0.7852156162261963,0.0,1.0605415105819702,0.26439985632896423,0.9903368949890137,3.886596441268921,40.94783401489258,27,279524,2.774224281311035,,,,,,,,,,,
13.133667945861816,1.860679268836975,0.0,0.7476482391357422,0.0,0.6769689917564392,0.4984695613384247,1.351179599761963,3.158259630203247,24.463773727416992,27,279549,2.7709381580352783,,,,,,,,,,,
0.08187727630138397,1.4247571229934692,0.0,1.2752400636672974,0.0,0.7990196943283081,0.43221762776374817,0.8590196371078491,3.732924222946167,59.72678756713867,27,279574,2.7709381580352783,,,,,,,,,,,
0.08187727630138397,2.069836139678955,0.691405177116394,0.3612029552459717,2.8163795471191406,0.0,0.46579188108444214,0.6812267899513245,1.476109504699707,4.175067901611328,27,279599,2.764146089553833,,,,,,,,,,,
0.15242689847946167,1.5438117980957031,0.0,0.906125545501709,0.0,0.4680267870426178,0.5156040191650391,0.9756605625152588,2.8209266662597656,45.13482666015625,27,279624,2.764146089553833,,,,,,,,,,,
0.15242689847946167,0.9085119366645813,0.0,0.6759960651397705,0.0,1.1893956661224365,0.35852277278900146,0.23549029231071472,3.685863971710205,54.91813659667969,27,279649,3.75087571144104,,,,,,,,,,,
0.08230315148830414,1.401928186416626,0.69140625,0.6947494745254517,2.709343910217285,0.749687671661377,0.40468427538871765,0.44900399446487427,3.046480894088745,47.68497085571289,27,279674,3.75087571144104,,,,,,,,,,,
0.08230315148830414,1.006343960762024,0.69140625,0.6570934057235718,2.6165904998779297,0.6139345169067383,0.3899908661842346,0.27937382459640503,2.603022336959839,41.64835739135742,27,279699,2.76979398727417,,,,,,,,,,,
0.1442773938179016,1.4507431983947754,0.6914061903953552,0.682833194732666,2.8484835624694824,1.140271544456482,0.4079827070236206,0.4242083728313446,3.835066795349121,61.36106872558594,27,279724,2.76979398727417,,,,,,,,,,,
0.1442773938179016,1.678148627281189,0.6914061307907104,0.8235629200935364,3.246598482131958,0.5032219290733337,0.3164915144443512,0.7782067656517029,2.6824088096618652,26.282133102416992,27,279749,2.276988983154297,,,,,,,,,,,
0.0851140022277832,1.1074777841567993,0.69140625,0.6311665773391724,2.655423879623413,0.9988104104995728,0.4019571542739868,0.17607209086418152,3.3895421028137207,54.23267364501953,27,279774,2.276988983154297,,,,,,,,,,,
0.0851140022277832,1.6940442323684692,0.0,0.505602240562439,0.0,0.9850577712059021,0.5342896580696106,0.5124106407165527,3.5182206630706787,43.23262023925781,27,279799,3.969125986099243,,,,,,,,,,,
0.1604398488998413,1.9848780632019043,0.6914061903953552,0.6204893589019775,2.922295093536377,1.0626225471496582,0.41485774517059326,1.038901925086975,3.785278797149658,46.821311950683594,27,279824,3.969125986099243,,,,,,,,,,,
0.1604398488998413,3.113647937774658,0.6914055943489075,0.7024681568145752,3.899872064590454,1.2051018476486206,0.5894556641578674,0.7826655507087708,4.675220489501953,16.195438385009766,27,279849,2.2674386501312256,,,,,,,,,,,
0.07554256916046143,1.7576565742492676,0.6914054751396179,0.3254087567329407,3.0487191677093506,0.0029063993133604527,0.5501574277877808,1.3157697916030884,1.4391632080078125,4.77316427230835,27,279874,2.2674386501312256,,,,,,,,,,,
0.07554256916046143,2.3576560020446777,0.0,0.5575706958770752,0.0,0.5762638449668884,0.4114561676979065,0.8791542053222656,2.8288512229919434,26.080718994140625,27,279899,2.2778475284576416,,,,,,,,,,,
0.15241223573684692,1.9215877056121826,0.0,0.7357736825942993,0.0,1.7969112396240234,0.5094018578529358,0.8844290971755981,5.4154744148254395,59.81586837768555,27,279924,2.2778475284576416,,,,,,,,,,,
0.15241223573684692,2.4067203998565674,0.0,0.539009690284729,0.0,0.00025824629119597375,0.5397058129310608,0.7446049451828003,1.80124831199646,5.696047306060791,27,279949,3.2447872161865234,,,,,,,,,,,
0.09573649615049362,2.3801536560058594,0.6914055347442627,0.40680545568466187,3.3709211349487305,0.04632008075714111,0.2774253785610199,0.45597150921821594,1.5246262550354004,5.49711799621582,27,279974,3.2447872161865234,,,,,,,,,,,
0.09573649615049362,3.1427626609802246,0.0,0.6479979753494263,0.0,0.00046447699423879385,0.5550146698951721,0.5807254314422607,2.146770477294922,6.440311431884766,27,279999,3.2537546157836914,,,,,,,,,,,
,,,,,,,,,,27,279999,,2.234767436981201,0.3963831663131714,0.7322035431861877,1.731278896331787,0.8396730422973633,0.45623740553855896,0.9781017303466797,3.5555319786071777,39.19760513305664,0.6620538830757141,5.483142852783203
22.534988403320312,0.9757343530654907,0.6914061903953552,0.5660185813903809,2.5945260524749756,0.6296609044075012,0.3229340612888336,0.19346757233142853,2.46694016456604,39.47104263305664,28,280024,,,,,,,,,,,,
22.534988403320312,1.6354955434799194,0.6914054751396179,0.24628520011901855,4.647837162017822,0.0031195746269077063,0.5629700422286987,1.5975415706634521,1.3526215553283691,4.486138343811035,28,280049,3.755228281021118,,,,,,,,,,,
0.09450555592775345,2.154508352279663,0.6914048194885254,0.33411088585853577,2.6098544597625732,0.0,0.43320438265800476,0.613772451877594,1.43976628780365,3.5266928672790527,28,280074,3.755228281021118,,,,,,,,,,,
0.09450555592775345,1.912309169769287,0.0,0.9258781671524048,0.0,0.5204140543937683,0.20732758939266205,1.1633517742156982,2.7477266788482666,29.974159240722656,28,280099,3.777024745941162,,,,,,,,,,,
0.1478848159313202,1.9312748908996582,0.6914060711860657,0.4334845244884491,2.555898427963257,0.5543680191040039,0.2625526487827301,0.8872399926185608,2.409714698791504,15.98423957824707,28,280124,3.777024745941162,,,,,,,,,,,
0.1478848159313202,2.035745620727539,0.0,1.5701618194580078,0.0,0.24347209930419922,0.4848635792732239,1.7363073825836182,3.152693271636963,50.443092346191406,28,280149,3.743925094604492,,,,,,,,,,,
0.08351680636405945,1.1806941032409668,0.6914061903953552,0.7147436141967773,2.878255605697632,1.3366633653640747,0.3683528006076813,0.40741851925849915,4.139413833618164,66.23062133789062,28,280174,3.743925094604492,,,,,,,,,,,
0.08351680636405945,2.619307041168213,0.6914061903953552,0.7261641025543213,2.952990770339966,1.0612396001815796,0.463487446308136,1.7424250841140747,4.127452850341797,46.330543518066406,28,280199,2.2783203125,,,,,,,,,,,
0.14645536243915558,1.5934995412826538,0.0,0.8162432909011841,0.0,0.9540266394615173,0.5113542079925537,0.8653613924980164,3.713700532913208,45.78557586669922,28,280224,2.2783203125,,,,,,,,,,,
0.14645536243915558,1.9841104745864868,0.6914061307907104,0.7256419658660889,3.3315296173095703,0.339808851480484,0.3521641492843628,0.6169783473014832,2.385972499847412,19.96247673034668,28,280249,3.757929801940918,,,,,,,,,,,
0.09255410730838776,0.8816885948181152,0.6914061903953552,0.8974156379699707,2.933605670928955,0.9283894896507263,0.40452930331230164,1.1224257946014404,3.452566623687744,55.241065979003906,28,280274,3.757929801940918,,,,,,,,,,,
0.09255410730838776,1.5497784614562988,0.0,0.6304939389228821,0.0,0.7055262327194214,0.4558641016483307,0.3757975697517395,2.962344169616699,37.11806869506836,28,280299,2.7743008136749268,,,,,,,,,,,
0.14762943983078003,2.142976760864258,0.0,0.6811386346817017,0.0,0.5856425762176514,0.5049087405204773,1.272469162940979,3.000225782394409,42.74663543701172,28,280324,2.7743008136749268,,,,,,,,,,,
0.14762943983078003,2.7787909507751465,0.0,0.9361327886581421,0.0,0.556884765625,0.5623447299003601,1.5898106098175049,3.4458844661712646,38.06103515625,28,280349,2.278627872467041,,,,,,,,,,,
0.08751214295625687,1.6912257671356201,0.0,0.7685986161231995,0.0,0.7739272117614746,0.5287346243858337,0.37176355719566345,3.352555513381958,46.3332405090332,28,280374,2.278627872467041,,,,,,,,,,,
0.08751214295625687,1.0070855617523193,0.0,0.8893941044807434,0.0,0.5545790195465088,0.48977819085121155,1.0039806365966797,2.7904560565948486,37.124603271484375,28,280399,2.774573802947998,,,,,,,,,,,
0.15935584902763367,1.2662158012390137,0.0,1.131753921508789,0.0,0.9042426943778992,0.512876570224762,0.4905039370059967,3.8329806327819824,36.96392822265625,28,280424,2.774573802947998,,,,,,,,,,,
0.15935584902763367,0.8950493335723877,0.6914061903953552,1.078033447265625,2.7532482147216797,0.664484977722168,0.3777112364768982,0.41477859020233154,3.0807619094848633,47.726959228515625,28,280449,3.7434418201446533,,,,,,,,,,,
0.08100610226392746,2.13931941986084,0.6914061307907104,0.6881794929504395,3.0295684337615967,1.3671292066574097,0.41092798113822937,0.8194411993026733,4.505457401275635,50.573631286621094,28,280474,3.7434418201446533,,,,,,,,,,,
0.08100610226392746,2.291764497756958,0.6914054155349731,0.5307540893554688,3.115278959274292,0.9237807989120483,0.5259362459182739,1.708124041557312,3.622933864593506,11.4567232131958,28,280499,2.267874240875244,,,,,,,,,,,
0.1465456783771515,2.7238340377807617,0.0,0.8221055269241333,0.0,0.797202467918396,0.5980223417282104,1.0438803434371948,3.8316831588745117,40.55072021484375,28,280524,2.267874240875244,,,,,,,,,,,
0.1465456783771515,1.3254928588867188,0.69140625,0.8701326251029968,3.1201272010803223,0.310346782207489,0.4716002643108368,1.8992269039154053,2.391275644302368,38.26041030883789,28,280549,3.7440128326416016,,,,,,,,,,,
0.16911159455776215,0.6206980347633362,0.0,0.6729514002799988,0.0,0.23448756337165833,0.35542789101600647,0.1575690060853958,1.6835638284683228,26.937021255493164,28,280574,3.7440128326416016,,,,,,,,,,,
0.16911159455776215,1.5260573625564575,0.0,0.9391590356826782,0.0,0.4267379641532898,0.41990941762924194,1.4998815059661865,2.6703615188598633,42.72578430175781,28,280599,2.7629525661468506,,,,,,,,,,,
0.1485101878643036,1.9770333766937256,0.6914052367210388,0.44166862964630127,2.9630017280578613,0.0,0.7231621146202087,1.0209320783615112,1.7875707149505615,5.3627119064331055,28,280624,2.7629525661468506,,,,,,,,,,,
0.1485101878643036,1.7972657680511475,0.6914061307907104,0.6653125286102295,2.9155807495117188,0.9803594946861267,0.3885502517223358,0.4556376338005066,3.5829174518585205,39.08501434326172,28,280649,3.774890422821045,,,,,,,,,,,
0.08995704352855682,1.8038616180419922,0.6914061307907104,0.5951763391494751,3.2706480026245117,1.480531096458435,0.43258315324783325,0.5752371549606323,4.562686920166016,57.89400863647461,28,280674,3.774890422821045,,,,,,,,,,,
0.08995704352855682,1.145608901977539,0.6914061307907104,0.5831047296524048,2.5442445278167725,0.9994445443153381,0.29329705238342285,0.9998915195465088,3.2444159984588623,23.16976547241211,28,280699,3.2860004901885986,,,,,,,,,,,
0.15275242924690247,2.029838800430298,0.0,0.6975702047348022,0.0,0.9970707297325134,0.40052637457847595,0.5403723120689392,3.7011897563934326,33.921966552734375,28,280724,3.2860004901885986,,,,,,,,,,,
0.15275242924690247,1.2302056550979614,0.0,0.76841139793396,0.0,1.1309375762939453,0.5309178233146667,0.25072407722473145,3.9302661418914795,62.88425827026367,28,280749,3.2639803886413574,,,,,,,,,,,
0.08843180537223816,1.7790257930755615,0.6914061307907104,0.5024192333221436,2.8202500343322754,1.0132999420166016,0.4118269681930542,0.965349555015564,3.5027565956115723,40.84880828857422,28,280774,3.2639803886413574,,,,,,,,,,,
0.08843180537223816,2.604719877243042,0.0,0.6430878639221191,0.0,0.7583675980567932,0.6982304453849792,0.4728659987449646,3.6394693851470947,30.231700897216797,28,280799,2.7715141773223877,,,,,,,,,,,
0.15944987535476685,1.562659740447998,0.0,0.7388085126876831,0.0,0.8817923069000244,0.33794280886650085,0.8896807432174683,3.309133768081665,52.94614028930664,28,280824,2.7715141773223877,,,,,,,,,,,
0.15944987535476685,1.9640634059906006,0.6914058327674866,0.6506211757659912,3.5315725803375244,1.3008127212524414,0.3729737102985382,0.8008965849876404,4.249755382537842,19.933120727539062,28,280849,2.77476167678833,,,,,,,,,,,
0.1068900004029274,3.180288076400757,0.6914056539535522,0.662409245967865,3.32205867767334,0.015877489000558853,0.6952669024467468,1.4241926670074463,2.3767380714416504,8.892939567565918,28,280874,2.77476167678833,,,,,,,,,,,
0.1068900004029274,1.4096603393554688,0.6914061307907104,0.7581050395965576,2.944235324859619,1.0849765539169312,0.449953556060791,1.0481839179992676,3.8303520679473877,37.13664245605469,28,280899,2.2764031887054443,,,,,,,,,,,
0.15729373693466187,1.184171199798584,0.6914061903953552,0.8068641424179077,2.9710631370544434,1.1910204887390137,0.4335761070251465,0.7398017644882202,4.007443428039551,64.11909484863281,28,280924,2.2764031887054443,,,,,,,,,,,
0.15729373693466187,2.4006731510162354,0.6914054155349731,0.5848692655563354,2.8765196800231934,0.0,0.6061532497406006,1.313643217086792,1.939989686012268,6.434217929840088,28,280949,2.2822186946868896,,,,,,,,,,,
0.0846400260925293,2.564837694168091,0.0,0.7573778629302979,0.0,0.12019029259681702,0.5230263471603394,1.0176794528961182,2.290235996246338,23.579423904418945,28,280974,2.2822186946868896,,,,,,,,,,,
0.0846400260925293,1.1689133644104004,0.69140625,0.534000039100647,2.2191598415374756,0.8268811702728271,0.33091843128204346,0.22694921493530273,2.8915462493896484,39.43543243408203,28,280999,3.772277355194092,,,,,,,,,,,
0.15524017810821533,0.9531925916671753,0.6914061903953552,0.7057017683982849,2.8225326538085938,1.0672564506530762,0.354848712682724,0.29127365350723267,3.509246349334717,56.14794158935547,28,281024,3.772277355194092,,,,,,,,,,,
0.15524017810821533,1.887746810913086,0.6914061307907104,0.6232082843780518,2.696171522140503,1.2689929008483887,0.45445629954338074,0.8262882232666016,4.2089362144470215,43.94258499145508,28,281049,3.2760672569274902,,,,,,,,,,,
0.08112163841724396,2.219184398651123,0.6914061307907104,0.7103474140167236,2.9757261276245117,0.8778853416442871,0.4065641164779663,0.8879525661468506,3.56819486618042,38.430633544921875,28,281074,3.2760672569274902,,,,,,,,,,,
0.08112163841724396,1.8523701429367065,0.0,0.8791046142578125,0.0,0.5065164566040039,0.650586724281311,0.7482590675354004,3.098435401916504,46.88783645629883,28,281099,3.2659926414489746,,,,,,,,,,,
0.15357226133346558,0.0,0.0,0.0,0.0,0.40302059054374695,0.0003952670085709542,2.084585189819336,0.8064364194869995,12.902982711791992,28,281124,3.2659926414489746,,,,,,,,,,,
0.15357226133346558,1.1288586854934692,0.69140625,0.7776566743850708,2.5930769443511963,0.7936949729919434,0.3464091122150421,0.32102587819099426,3.0760440826416016,44.149539947509766,28,281149,3.7626800537109375,,,,,,,,,,,
0.08729690313339233,2.0149755477905273,0.6914052367210388,0.4792470335960388,3.283130407333374,0.0,0.5100781321525574,1.0841667652130127,1.6266491413116455,4.879947662353516,28,281174,3.7626800537109375,,,,,,,,,,,
0.08729690313339233,1.457410454750061,0.0,0.8658397197723389,0.0,0.6413880586624146,0.5309537053108215,1.8744993209838867,3.116792678833008,25.32094383239746,28,281199,3.2654972076416016,,,,,,,,,,,
0.15273070335388184,2.351771354675293,0.0,0.6027990579605103,0.0,0.7332659959793091,0.5743944048881531,0.6227802038192749,3.349256992340088,25.06354522705078,28,281224,3.2654972076416016,,,,,,,,,,,
0.15273070335388184,1.7231472730636597,0.0,0.7252192497253418,0.0,1.3035231828689575,0.4996790885925293,0.889834463596344,4.348888874053955,44.13640213012695,28,281249,3.2687299251556396,,,,,,,,,,,
0.08396627008914948,0.7804219722747803,0.69140625,0.55402672290802,2.423322916030884,0.6642593145370483,0.2737672030925751,0.43235570192337036,2.414672374725342,38.63475799560547,28,281274,3.2687299251556396,,,,,,,,,,,
0.08396627008914948,1.2761644124984741,0.6914061903953552,0.8076144456863403,2.9505538940429688,0.8233529329299927,0.4379720389842987,0.4699994623661041,3.304647207260132,52.87435531616211,28,281299,2.761655807495117,,,,,,,,,,,
0.14725551009178162,1.8960494995117188,0.0,0.9536223411560059,0.0,1.3079633712768555,0.4802689850330353,3.8580009937286377,4.618632793426514,65.1538314819336,28,281324,2.761655807495117,,,,,,,,,,,
0.14725551009178162,1.090079665184021,0.6914061307907104,0.8990634679794312,3.7287487983703613,1.6211820840835571,0.4783424139022827,1.306256890296936,4.984081745147705,44.29948425292969,28,281349,2.2728335857391357,,,,,,,,,,,
0.08598259091377258,2.124248504638672,0.69140625,0.7993358373641968,3.2512145042419434,1.7340338230133057,0.42361098527908325,1.5351190567016602,5.3608012199401855,69.48392486572266,28,281374,2.2728335857391357,,,,,,,,,,,
0.08598259091377258,4.032042026519775,0.0,0.7705693244934082,0.0,0.0,0.34977808594703674,1.6740686893463135,2.3299601078033447,9.606671333312988,28,281399,3.2669856548309326,,,,,,,,,,,
1.902538537979126,2.0116500854492188,0.0,0.9196246862411499,0.0,1.1682109832763672,0.4622485637664795,0.7476650476455688,4.3217902183532715,35.63839340209961,28,281424,3.2669856548309326,,,,,,,,,,,
1.902538537979126,2.19679594039917,0.0,0.4375995397567749,0.0,0.06129482015967369,0.909125566482544,0.4185711443424225,2.1283535957336426,7.372832775115967,28,281449,2.773128032684326,,,,,,,,,,,
0.08821658790111542,0.7731208801269531,0.69140625,1.2837905883789062,2.723855972290039,0.7860422134399414,0.351302832365036,0.6341134905815125,3.466352701187134,55.46164321899414,28,281474,2.773128032684326,,,,,,,,,,,
0.08821658790111542,0.8461861610412598,0.6914061903953552,0.637980043888092,2.753138542175293,1.0564520359039307,0.31699660420417786,0.21817980706691742,3.3492679595947266,53.588287353515625,28,281499,2.2748467922210693,,,,,,,,,,,
0.15483960509300232,0.9428914785385132,0.6914061307907104,1.5110876560211182,3.1437671184539795,0.6386436223983765,0.3176318109035492,0.6193326711654663,3.420311689376831,30.013113021850586,28,281524,2.2748467922210693,,,,,,,,,,,
0.15483960509300232,2.032212972640991,0.0,0.8600035905838013,0.0,0.5083044767379761,0.6084083318710327,0.9081763625144958,3.094684600830078,38.15383529663086,28,281549,2.2845115661621094,,,,,,,,,,,
0.10538032650947571,2.49945330619812,0.6914053559303284,0.5331906080245972,3.450835943222046,0.0,0.5034067630767822,0.42394641041755676,1.8209418058395386,5.758323669433594,28,281574,2.2845115661621094,,,,,,,,,,,
0.10538032650947571,1.7330102920532227,0.6914061307907104,0.5151854157447815,2.4577689170837402,0.9228736162185669,0.4112977385520935,0.6959730982780457,3.31671142578125,35.25712585449219,28,281599,2.7753663063049316,,,,,,,,,,,
0.15406575798988342,1.4827547073364258,0.0,0.5846892595291138,0.0,0.6166439652442932,0.511722207069397,1.5326341390609741,2.7745256423950195,35.74726486206055,28,281624,2.7753663063049316,,,,,,,,,,,
0.15406575798988342,1.7502524852752686,0.6914061307907104,0.7531192898750305,3.2054286003112793,0.6943995952606201,0.3484111428260803,0.80295729637146,3.047459602355957,32.39493942260742,28,281649,2.2773492336273193,,,,,,,,,,,
0.08720563352108002,1.5420092344284058,0.6914061903953552,0.7119008302688599,3.180734157562256,0.7280687093734741,0.3450808823108673,0.9552578926086426,3.0075292587280273,44.71013641357422,28,281674,2.2773492336273193,,,,,,,,,,,
0.08720563352108002,2.509390354156494,0.0,0.7095381021499634,0.0,1.051783561706543,0.50571209192276,0.573485255241394,4.071634292602539,37.538612365722656,28,281699,3.7581534385681152,,,,,,,,,,,
0.15237203240394592,1.182481288909912,0.6914061903953552,0.79542475938797,2.960942268371582,0.811103343963623,0.38908857107162476,0.5737844705581665,3.1910738945007324,50.95736312866211,28,281724,3.7581534385681152,,,,,,,,,,,
0.15237203240394592,0.7620188593864441,0.0,0.8097658157348633,0.0,0.4185415208339691,0.467687726020813,0.6729834079742432,2.343142032623291,37.490272521972656,28,281749,2.7692596912384033,,,,,,,,,,,
0.1371130794286728,0.647696316242218,0.69140625,0.4931758642196655,2.0726962089538574,0.4234026372432709,0.218511700630188,0.7029600143432617,1.7735286951065063,28.3764591217041,28,281774,2.7692596912384033,,,,,,,,,,,
0.1371130794286728,2.6586577892303467,0.6914048194885254,0.43555018305778503,3.302783489227295,6.757586379535496e-05,0.7405340671539307,1.9341089725494385,2.0068445205688477,5.3096113204956055,28,281799,3.2624738216400146,,,,,,,,,,,
0.14864873886108398,2.7198824882507324,0.0,0.9286352396011353,0.0,0.996393084526062,0.4733129143714905,0.48249003291130066,4.210699081420898,31.509986877441406,28,281824,3.2624738216400146,,,,,,,,,,,
0.14864873886108398,2.1788530349731445,0.0,0.7301563024520874,0.0,0.5416381359100342,0.6050113439559937,0.9223837852478027,3.0720996856689453,36.34957504272461,28,281849,2.7679765224456787,,,,,,,,,,,
0.08691389858722687,1.348515510559082,0.6914061903953552,0.6471764445304871,2.6945810317993164,0.8880895972251892,0.48706305027008057,0.31979575753211975,3.3419189453125,48.19784164428711,28,281874,2.7679765224456787,,,,,,,,,,,
0.08691389858722687,1.072697639465332,0.0,0.5949715375900269,0.0,0.629104733467102,0.40726393461227417,0.9561464786529541,2.58225417137146,39.83707809448242,28,281899,2.778588056564331,,,,,,,,,,,
0.1895260512828827,2.047653913497925,0.0,0.7405471801757812,0.0,1.5686867237091064,0.5947862267494202,0.35478734970092773,5.087003231048584,64.74698638916016,28,281924,2.778588056564331,,,,,,,,,,,
0.1895260512828827,1.9802778959274292,0.6914061307907104,0.5703865885734558,2.6728568077087402,1.128204107284546,0.42225849628448486,0.6062380075454712,3.8698649406433105,41.318851470947266,28,281949,3.7375051975250244,,,,,,,,,,,
0.08731094002723694,1.8355011940002441,0.0,0.7845762968063354,0.0,0.9365696907043457,0.49448978900909424,0.5777937173843384,3.7028555870056152,38.302635192871094,28,281974,3.7375051975250244,,,,,,,,,,,
0.08731094002723694,3.6564576625823975,0.0,0.6961822509765625,0.0,0.0,0.7710443735122681,0.5860196948051453,2.56416392326355,8.882524490356445,28,281999,2.765280246734619,,,,,,,,,,,
0.15064777433872223,3.3042750358581543,0.0,0.9601709842681885,0.0,1.6594021320343018,0.62431401014328,0.48393234610557556,5.894571781158447,91.69801330566406,28,282024,2.765280246734619,,,,,,,,,,,
0.15064777433872223,0.7055100202560425,0.0,0.9486021399497986,0.0,0.7014638185501099,0.5086204409599304,1.570912480354309,3.071803331375122,49.14885330200195,28,282049,2.7696685791015625,,,,,,,,,,,
0.11836634576320648,1.4278080463409424,0.0,0.8362731337547302,0.0,0.5945892333984375,0.4084697365760803,0.8560155034065247,2.8622636795043945,35.05542755126953,28,282074,2.7696685791015625,,,,,,,,,,,
0.11836634576320648,2.591468572616577,0.0,0.890691876411438,0.0,0.6646832227706909,0.5405498147010803,1.502367377281189,3.53804874420166,37.6099739074707,28,282099,3.2469537258148193,,,,,,,,,,,
0.1522851586341858,2.251955270767212,0.6914054155349731,0.553168773651123,2.9663751125335693,0.14628221094608307,0.6484344601631165,1.1506097316741943,2.199418067932129,7.294644832611084,28,282124,3.2469537258148193,,,,,,,,,,,
0.1522851586341858,2.536844253540039,0.6914060711860657,0.6909091472625732,3.028529644012451,1.8041894435882568,0.475551038980484,0.46782490611076355,5.566177845001221,44.529422760009766,28,282149,3.7588632106781006,,,,,,,,,,,
0.10759322345256805,2.0952725410461426,0.6914061307907104,0.5254414081573486,2.8049702644348145,1.7939252853393555,0.3354724049568176,0.5886342525482178,5.105395793914795,40.19992446899414,28,282174,3.7588632106781006,,,,,,,,,,,
0.10759322345256805,0.8861777782440186,0.0,0.8703851699829102,0.0,0.8880081176757812,0.46389055252075195,0.6154097318649292,3.376145362854004,54.01832580566406,28,282199,3.7552974224090576,,,,,,,,,,,
0.1487446278333664,1.1465846300125122,0.6914061903953552,0.7184321284294128,2.8368301391601562,1.364702582359314,0.41567713022232056,0.3870077133178711,4.235857963562012,67.77372741699219,28,282224,3.7552974224090576,,,,,,,,,,,
0.1487446278333664,1.7857427597045898,0.0,0.6359446048736572,0.0,0.7511196136474609,0.48492613434791565,1.2093976736068726,3.1588330268859863,17.587636947631836,28,282249,2.7613444328308105,,,,,,,,,,,
0.0935850590467453,2.2759511470794678,0.6914052367210388,0.45382195711135864,2.8325486183166504,0.004544490948319435,0.5244297981262207,0.7456908226013184,1.6984516382217407,5.095355033874512,28,282274,2.7613444328308105,,,,,,,,,,,
0.0935850590467453,2.8121418952941895,0.6914049386978149,0.5340895056724548,3.097867250442505,0.0,0.5062649846076965,0.5883790850639343,1.914975643157959,5.066549301147461,28,282299,3.274041175842285,,,,,,,,,,,
0.15189440548419952,1.8286526203155518,0.0,0.7316436767578125,0.0,0.2749819755554199,0.48352351784706116,1.1406117677688599,2.3137269020080566,25.345609664916992,28,282324,3.274041175842285,,,,,,,,,,,
0.15189440548419952,3.298161506652832,0.0,0.7864711284637451,0.0,0.0010385344503447413,0.5586275458335876,1.2888461351394653,2.3366243839263916,14.40392017364502,28,282349,2.7720985412597656,,,,,,,,,,,
0.08509600162506104,1.619590163230896,0.0,0.7509211301803589,0.0,0.5909255743026733,0.5160387754440308,0.742566704750061,2.934688091278076,31.471023559570312,28,282374,2.7720985412597656,,,,,,,,,,,
0.08509600162506104,1.5348238945007324,0.0,0.947646975517273,0.0,1.936150074005127,0.5046682953834534,2.4167263507843018,5.785062789916992,92.56100463867188,28,282399,3.262678623199463,,,,,,,,,,,
0.15250572562217712,1.825883150100708,0.6914061307907104,0.6146656274795532,2.792725086212158,0.8839582204818726,0.3370102643966675,0.5744670629501343,3.2952847480773926,39.68048095703125,28,282424,3.262678623199463,,,,,,,,,,,
0.15250572562217712,3.3245022296905518,0.0,0.7481701374053955,0.0,0.5608134269714355,0.6025606989860535,1.3082815408706665,3.4697084426879883,27.757667541503906,28,282449,2.270148992538452,,,,,,,,,,,
0.13126741349697113,2.81477689743042,0.0,0.5552575588226318,0.0,1.4258244037628174,0.8524160981178284,1.8541319370269775,5.103755474090576,16.13949203491211,28,282474,2.270148992538452,,,,,,,,,,,
0.13126741349697113,1.8774091005325317,0.0,0.9126393795013428,0.0,0.28287383913993835,0.4994044899940491,1.5489723682403564,2.5410141944885254,40.656227111816406,28,282499,2.28852915763855,,,,,,,,,,,
0.16810332238674164,1.8383839130401611,0.0,0.8509194850921631,0.0,0.506738543510437,0.4350307881832123,1.7128937244415283,2.850942373275757,16.866403579711914,28,282524,2.28852915763855,,,,,,,,,,,
0.16810332238674164,2.5803658962249756,0.6914061903953552,1.4959090948104858,2.820540428161621,0.17811623215675354,0.4336053729057312,4.327079772949219,3.088062047958374,42.78944396972656,28,282549,2.7846412658691406,,,,,,,,,,,
4.300502300262451,2.502218246459961,0.0,0.4835629463195801,0.0,0.6316229701042175,0.3220393657684326,1.6979894638061523,2.8195135593414307,22.379194259643555,28,282574,2.7846412658691406,,,,,,,,,,,
4.300502300262451,1.571231484413147,0.6914061307907104,0.8338902592658997,2.887817621231079,0.9155254364013672,0.3734980523586273,0.5011073350906372,3.538686752319336,33.756919860839844,28,282599,3.7643048763275146,,,,,,,,,,,
0.17648795247077942,3.1801583766937256,0.0,0.6834423542022705,0.0,1.4527477025985718,0.5088440179824829,0.9417464733123779,5.0518293380737305,32.739593505859375,28,282624,3.7643048763275146,,,,,,,,,,,
0.17648795247077942,1.741450309753418,0.0,0.5678711533546448,0.0,0.5616806149482727,0.5189921855926514,1.021248698234558,2.7326595783233643,30.916513442993164,28,282649,2.761491537094116,,,,,,,,,,,
0.08659477531909943,1.2360764741897583,0.6914061903953552,0.8028700351715088,3.445568323135376,0.5057990550994873,0.4998290240764618,0.5907186269760132,2.7195756435394287,43.51321029663086,28,282674,2.761491537094116,,,,,,,,,,,
0.08659477531909943,2.2913119792938232,0.6914051175117493,0.4851977229118347,3.773358106613159,4.326746420701966e-05,0.5992500185966492,1.8818988800048828,1.8096613883972168,5.42898416519165,28,282699,3.266014814376831,,,,,,,,,,,
8.206347465515137,1.0906634330749512,0.0,0.5924804210662842,0.0,1.0930300951004028,0.6196408271789551,0.3338761329650879,3.7253804206848145,24.71137809753418,28,282724,3.266014814376831,,,,,,,,,,,
8.206347465515137,2.5163609981536865,0.0,0.7296696901321411,0.0,1.4866430759429932,0.5944134593009949,1.179349660873413,5.052277565002441,52.26116180419922,28,282749,2.2851388454437256,,,,,,,,,,,
0.0861063003540039,1.190303921699524,0.0,0.567475438117981,0.0,0.8260470628738403,0.0003844571765512228,1.8895704746246338,2.577045202255249,41.232723236083984,28,282774,2.2851388454437256,,,,,,,,,,,
0.0861063003540039,1.9858839511871338,0.6914061903953552,0.6487709879875183,2.8655588626861572,0.7099952697753906,0.41745492815971375,0.45255666971206665,3.1106371879577637,42.19473648071289,28,282799,3.762706756591797,,,,,,,,,,,
0.18995347619056702,1.5288832187652588,0.0,0.927344560623169,0.0,0.9947230219841003,0.4424031376838684,2.3651540279388428,3.8178586959838867,44.52349853515625,28,282824,3.762706756591797,,,,,,,,,,,
0.18995347619056702,1.0063107013702393,0.0,0.9493423700332642,0.0,0.6086364984512329,0.43591731786727905,1.5113224983215332,2.904426097869873,41.48350143432617,28,282849,3.276029109954834,,,,,,,,,,,
2.959105968475342,3.0579309463500977,0.6914061307907104,0.9015041589736938,4.010800838470459,0.2820715010166168,0.5111175775527954,0.6376765966415405,2.9342517852783203,32.008907318115234,28,282874,3.276029109954834,,,,,,,,,,,
2.959105968475342,2.334894895553589,0.0,0.7615872025489807,0.0,1.4134202003479004,0.5284883975982666,1.3535058498382568,4.817384719848633,49.83141326904297,28,282899,3.771202564239502,,,,,,,,,,,
0.8865638971328735,2.0463666915893555,0.0,1.3358209133148193,0.0,1.3487428426742554,0.5076534748077393,1.1220614910125732,5.15487003326416,48.63094711303711,28,282924,3.771202564239502,,,,,,,,,,,
0.8865638971328735,1.453559160232544,0.69140625,0.8640364408493042,2.9811325073242188,1.2263697385787964,0.517439067363739,1.031990885734558,4.300094127655029,68.80150604248047,28,282949,2.269632339477539,,,,,,,,,,,
0.08463585376739502,2.516993284225464,0.6914061307907104,0.8385605812072754,3.133543014526367,1.018571138381958,0.4846384525299072,1.1205190420150757,4.146775245666504,40.840999603271484,28,282974,2.269632339477539,,,,,,,,,,,
0.08463585376739502,1.291793942451477,0.69140625,0.7223471999168396,2.9671010971069336,0.8527666330337524,0.35882842540740967,0.470914363861084,3.203917980194092,51.26268768310547,28,282999,2.7685046195983887,,,,,,,,,,,
0.149479940533638,0.937379777431488,0.0,1.2904688119888306,0.0,0.8843146562576294,0.4208661913871765,0.3380986452102661,3.7611782550811768,60.17885208129883,28,283024,2.7685046195983887,,,,,,,,,,,
0.149479940533638,2.040186882019043,0.0,0.637427568435669,0.0,0.6473970413208008,0.534334659576416,1.6108847856521606,3.0786123275756836,43.86347198486328,28,283049,3.2812869548797607,,,,,,,,,,,
0.08673200011253357,1.3389830589294434,0.0,0.7174146175384521,0.0,1.07696533203125,0.41860702633857727,0.6350853443145752,3.6916472911834717,45.36372375488281,28,283074,3.2812869548797607,,,,,,,,,,,
0.08673200011253357,0.9797282814979553,0.0,0.7192232608795166,0.0,0.6578642129898071,0.43101808428764343,0.9797753095626831,2.7598884105682373,41.12141418457031,28,283099,2.780308246612549,,,,,,,,,,,
0.15449099242687225,1.911831021308899,0.69140625,0.8778375387191772,3.267839193344116,0.4295557737350464,0.5236555933952332,1.5970511436462402,2.8668324947357178,43.76029968261719,28,283124,2.780308246612549,,,,,,,,,,,
0.15449099242687225,1.3877897262573242,0.6914061903953552,0.8307656645774841,2.888040542602539,1.3390049934387207,0.4201070964336395,0.6699401140213013,4.3740997314453125,69.985595703125,28,283149,2.7696375846862793,,,,,,,,,,,
0.08477769792079926,0.9463841915130615,0.0,1.4115121364593506,0.0,0.7863938808441162,0.3292527198791504,0.5437896251678467,3.5974678993225098,45.788291931152344,28,283174,2.7696375846862793,,,,,,,,,,,
0.08477769792079926,1.3638966083526611,0.69140625,0.5509018301963806,2.6328799724578857,0.8624261617660522,0.3354651927947998,0.35662227869033813,3.0467171669006348,48.747474670410156,28,283199,3.2708325386047363,,,,,,,,,,,
0.15128491818904877,1.1260921955108643,0.6914061903953552,0.8260672092437744,3.0980589389801025,1.3087162971496582,0.3883754312992096,0.950330913066864,4.20068359375,67.2109375,28,283224,3.2708325386047363,,,,,,,,,,,
0.15128491818904877,2.9668045043945312,0.0,0.8444242477416992,0.0,0.9789879322052002,0.45311158895492554,1.6441314220428467,4.145553112030029,25.216415405273438,28,283249,2.774041175842285,,,,,,,,,,,
0.09079090505838394,1.8137781620025635,0.0,0.831076979637146,0.0,0.40578579902648926,0.5174933671951294,1.5110790729522705,2.704275608062744,42.84378433227539,28,283274,2.774041175842285,,,,,,,,,,,
0.09079090505838394,1.1091946363449097,0.69140625,0.4879726767539978,2.527954339981079,0.6700088977813721,0.2594590485095978,1.095158338546753,2.4454874992370605,39.12779998779297,28,283299,2.762035369873047,,,,,,,,,,,
0.1508454531431198,1.730118989944458,0.0,0.520719051361084,0.0,0.627949595451355,0.3659670650959015,0.9351282119750977,2.661620855331421,40.10136032104492,28,283324,2.762035369873047,,,,,,,,,,,
0.1508454531431198,2.482832908630371,0.6914061903953552,0.8193633556365967,3.1755998134613037,0.9783663749694824,0.48867303133010864,0.803102970123291,4.041375160217285,58.84331130981445,28,283349,2.780082941055298,,,,,,,,,,,
0.10274366289377213,148.51451110839844,0.0,1.1530243158340454,0.0,1.3986098766326904,0.5119770765304565,1.4085092544555664,49.01657485961914,254.6975860595703,28,283374,2.780082941055298,,,,,,,,,,,
0.10274366289377213,7.423583507537842,0.0,0.7628284096717834,0.0,0.6595451831817627,0.44564950466156006,1.3036352396011353,4.754643440246582,35.89677047729492,28,283399,2.7825279235839844,,,,,,,,,,,
0.1573651134967804,1.2078378200531006,0.69140625,0.6447766423225403,3.678309440612793,1.0328888893127441,0.3317772448062897,0.2649843096733093,3.4414660930633545,55.06345748901367,28,283424,2.7825279235839844,,,,,,,,,,,
0.1573651134967804,42.26427459716797,0.0,1.0152947902679443,0.0,0.7929369211196899,0.6959176659584045,3.3671202659606934,15.976369857788086,101.0434341430664,28,283449,3.7549009323120117,,,,,,,,,,,
0.09250462055206299,1.027806282043457,0.0,0.8725695610046387,0.0,0.7807623744010925,0.46745815873146057,0.8144672513008118,3.2098944187164307,48.25529479980469,28,283474,3.7549009323120117,,,,,,,,,,,
0.09250462055206299,0.0,0.0,0.0,0.0,0.0898357555270195,0.00034738078829832375,4.799073696136475,0.18001888692378998,2.8803021907806396,28,283499,3.257262945175171,,,,,,,,,,,
0.15721288323402405,1.471562147140503,0.0,0.48065388202667236,0.0,0.7270451784133911,0.0005989522906020284,0.9335865378379822,2.3768117427825928,25.927955627441406,28,283524,3.257262945175171,,,,,,,,,,,
0.15721288323402405,2.837710380554199,0.0,0.8535839319229126,0.0,0.7004001140594482,0.4697491526603699,1.2493693828582764,3.575446605682373,33.349544525146484,28,283549,3.7687485218048096,,,,,,,,,,,
0.0918293297290802,4.127473831176758,0.6914057731628418,0.3814234733581543,3.059973955154419,9.534831519886211e-07,0.3895018398761749,0.6356335878372192,2.039769172668457,8.89114761352539,28,283574,3.7687485218048096,,,,,,,,,,,
0.0918293297290802,4.681935787200928,0.0,0.9493142366409302,0.0,0.5884721279144287,0.6373767852783203,1.8503738641738892,4.168216228485107,50.53693389892578,28,283599,3.766313314437866,,,,,,,,,,,
0.16144424676895142,1.8035794496536255,0.6914061903953552,0.6399350166320801,2.686190366744995,1.3750052452087402,0.3903465270996094,0.927213728427887,4.348227500915527,64.64105224609375,28,283624,3.766313314437866,,,,,,,,,,,
0.16144424676895142,2.1236727237701416,0.69140625,0.9577709436416626,2.9726648330688477,0.48983263969421387,0.48556432127952576,3.693810224533081,3.0898289680480957,49.43726348876953,28,283649,2.272371292114258,,,,,,,,,,,
0.09124983847141266,1.5758570432662964,0.6914061903953552,0.634079098701477,2.644312858581543,0.9587727785110474,0.4998652935028076,0.6268128156661987,3.550690174102783,45.88502883911133,28,283674,2.272371292114258,,,,,,,,,,,
0.09124983847141266,2.091094970703125,0.0,0.6972074508666992,0.0,0.645710825920105,0.5310883522033691,0.6952465772628784,3.1470460891723633,31.312711715698242,28,283699,3.7629289627075195,,,,,,,,,,,
0.1501261293888092,1.859548807144165,0.69140625,0.8274416923522949,3.560319185256958,0.7967604994773865,0.3880663216114044,0.8778017163276672,3.402496814727783,54.43994903564453,28,283724,3.7629289627075195,,,,,,,,,,,
0.1501261293888092,0.8146001100540161,0.0,0.7912505865097046,0.0,0.4563322067260742,0.5756956338882446,0.9800348281860352,2.5239906311035156,40.38385009765625,28,283749,3.9499640464782715,,,,,,,,,,,
0.13492488861083984,1.9873682260513306,0.6914061307907104,0.6922320127487183,3.234598398208618,1.3462090492248535,0.4718509614467621,0.5409433841705322,4.485057353973389,51.13752365112305,28,283774,3.9499640464782715,,,,,,,,,,,
0.13492488861083984,1.0675570964813232,0.0,0.8813223838806152,0.0,0.7115992903709412,0.45960894227027893,0.9783291816711426,3.084397315979004,49.35035705566406,28,283799,2.7783544063568115,,,,,,,,,,,
0.15281033515930176,1.8234871625900269,0.6914057731628418,0.420658677816391,3.263261318206787,0.4260125756263733,0.9599776268005371,1.5674203634262085,2.812340259552002,12.887762069702148,28,283824,2.7783544063568115,,,,,,,,,,,
0.15281033515930176,4.686224937438965,0.0,0.6072741746902466,0.0,0.0012614234583452344,0.3830643892288208,0.993563711643219,2.398728847503662,9.890212059020996,28,283849,2.2802178859710693,,,,,,,,,,,
0.0865652859210968,1.4360473155975342,0.69140625,0.8892053365707397,3.0896012783050537,1.1241695880889893,0.38794174790382385,0.9137670397758484,3.987196445465088,63.795143127441406,28,283874,2.2802178859710693,,,,,,,,,,,
0.0865652859210968,2.4159011840820312,0.691405713558197,0.3825802803039551,3.4232051372528076,1.310046672821045,0.4464804530143738,0.7938442230224609,4.208156108856201,17.350671768188477,28,283899,2.285005569458008,,,,,,,,,,,
0.15833018720149994,0.742027223110199,0.69140625,0.5241782665252686,2.2633845806121826,0.9219970107078552,0.28583720326423645,0.15792527794837952,2.8992514610290527,46.388023376464844,28,283924,2.285005569458008,,,,,,,,,,,
0.15833018720149994,1.8967921733856201,0.6914061307907104,0.9243602752685547,3.8134570121765137,0.7212291955947876,0.44325754046440125,1.237694263458252,3.417248487472534,54.67597579956055,28,283949,3.260263204574585,,,,,,,,,,,
0.12447519600391388,1.665521502494812,0.0,0.7415603995323181,0.0,0.7993985414505005,0.5628838539123535,0.7004822492599487,3.402897834777832,50.47312927246094,28,283974,3.260263204574585,,,,,,,,,,,
0.12447519600391388,1.4217462539672852,0.69140625,0.763249397277832,2.9169321060180664,1.0882844924926758,0.39072343707084656,1.2206542491912842,3.7862350940704346,60.57976150512695,28,283999,3.763683557510376,,,,,,,,,,,
0.17710956931114197,1.4560810327529907,0.6914061307907104,0.53778475522995,2.4853124618530273,0.9256452322006226,0.26289644837379456,0.21537847816944122,3.1136491298675537,25.103042602539062,28,284024,3.763683557510376,,,,,,,,,,,
0.17710956931114197,1.7315025329589844,0.0,0.6496224403381348,0.0,0.6097825765609741,0.45189133286476135,0.7252352833747864,2.8405299186706543,37.3613395690918,28,284049,3.2642011642456055,,,,,,,,,,,
0.08473154902458191,1.2294899225234985,0.69140625,1.1900843381881714,2.888789176940918,0.397186815738678,0.4290373623371124,0.831143319606781,2.811230182647705,44.97968292236328,28,284074,3.2642011642456055,,,,,,,,,,,
0.08473154902458191,2.843510389328003,0.0,0.6999722123146057,0.0,1.0614582300186157,0.5477976202964783,0.9906532764434814,4.2237396240234375,18.41085433959961,28,284099,3.7536556720733643,,,,,,,,,,,
0.16205227375030518,1.1066524982452393,0.0,0.8536534309387207,0.0,1.0674915313720703,0.5639077425003052,0.7416382431983948,3.88454008102417,43.25640869140625,28,284124,3.7536556720733643,,,,,,,,,,,
0.16205227375030518,1.1084966659545898,0.6914061903953552,0.5782670974731445,2.700244426727295,2.0034146308898926,0.44916239380836487,0.15176860988140106,5.393810272216797,70.3266830444336,28,284149,3.2778570652008057,,,,,,,,,,,
0.17886701226234436,2.101388692855835,0.6914061307907104,0.6455649137496948,3.1846988201141357,1.1545672416687012,0.38203075528144836,0.6213959455490112,3.9989936351776123,38.35700225830078,28,284174,3.2778570652008057,,,,,,,,,,,
0.17886701226234436,0.8724527955055237,0.6914061903953552,0.8308111429214478,3.364272356033325,0.8360753059387207,0.4928952753543854,0.6203681826591492,3.2912356853485107,52.65977096557617,28,284199,2.289795160293579,,,,,,,,,,,
0.15847817063331604,1.5466464757919312,0.69140625,0.6530992984771729,2.785020351409912,0.7193552851676941,0.3821620047092438,0.7900503277778625,2.965816020965576,44.09002685546875,28,284224,2.289795160293579,,,,,,,,,,,
0.15847817063331604,1.3793965578079224,0.0,0.7033187747001648,0.0,1.179532766342163,0.4992356598377228,0.25985756516456604,3.9754390716552734,40.541683197021484,28,284249,2.784457206726074,,,,,,,,,,,
0.10362093150615692,2.1193766593933105,0.0,0.9721340537071228,0.0,1.5790802240371704,0.4454461932182312,0.9575906991958618,5.211553573608398,58.731224060058594,28,284274,2.784457206726074,,,,,,,,,,,
0.10362093150615692,1.255021333694458,0.6914061903953552,0.6140695810317993,2.984921932220459,0.766027569770813,0.3241247534751892,0.4062952697277069,2.8766050338745117,45.57399368286133,28,284299,2.770690441131592,,,,,,,,,,,
0.17104767262935638,2.0175743103027344,0.6914061903953552,0.9377790689468384,3.0220553874969482,0.424866259098053,0.5666288733482361,2.70559024810791,2.989633321762085,44.644744873046875,28,284324,2.770690441131592,,,,,,,,,,,
0.17104767262935638,1.9002971649169922,0.6914061307907104,0.5245072841644287,2.4996418952941895,1.1571831703186035,0.3344440162181854,0.2640288174152374,3.7684030532836914,40.58694076538086,28,284349,2.7843337059020996,,,,,,,,,,,
0.1332416534423828,1.2332375049591064,0.6914061903953552,0.8064109086990356,2.9667720794677734,0.9977425336837769,0.3773055374622345,0.722137987613678,3.578840494155884,57.26144790649414,28,284374,2.7843337059020996,,,,,,,,,,,
0.1332416534423828,3.651201009750366,0.0,0.752575159072876,0.0,0.008185534738004208,0.0003540815378073603,1.830527424812317,1.864660620689392,9.134934425354004,28,284399,2.2811243534088135,,,,,,,,,,,
0.1573854237794876,3.331725835800171,0.0,0.5501559972763062,0.0,1.0181411504745483,0.4137014150619507,0.8024117350578308,3.99965763092041,18.76005744934082,28,284424,2.2811243534088135,,,,,,,,,,,
0.1573854237794876,0.9620661735534668,0.6914061903953552,0.6213862895965576,2.6716794967651367,0.7741730213165283,0.31309187412261963,0.48387840390205383,2.798161029815674,44.77057647705078,28,284449,2.7756741046905518,,,,,,,,,,,
0.10016818344593048,3.311589241027832,0.0,0.8041176795959473,0.0,2.1453358840517467e-06,0.4915775656700134,0.7293359041213989,2.2891764640808105,9.156705856323242,28,284474,2.7756741046905518,,,,,,,,,,,
0.10016818344593048,2.152155876159668,0.6914061903953552,0.6377637982368469,2.8594086170196533,1.346618413925171,0.31798726320266724,0.5049343705177307,4.32322883605957,47.35860061645508,28,284499,3.75995135307312,,,,,,,,,,,
0.1712813824415207,0.0,0.0,0.0,0.0,0.2071690559387207,0.0004541426314972341,0.8948803544044495,0.4147922396659851,6.636675834655762,28,284524,3.75995135307312,,,,,,,,,,,
0.1712813824415207,1.9707345962524414,0.0,0.8384760618209839,0.0,0.4823758006095886,0.47237488627433777,2.221041679382324,2.8668229579925537,40.33977508544922,28,284549,2.2739663124084473,,,,,,,,,,,
0.08831053972244263,0.8962669372558594,0.0,0.4970906376838684,0.0,1.4856513738632202,0.27394092082977295,0.4853130578994751,4.011214256286621,40.112144470214844,28,284574,2.2739663124084473,,,,,,,,,,,
0.08831053972244263,2.2767903804779053,0.0,0.46132946014404297,0.0,0.7548182010650635,0.6047250628471375,1.0862410068511963,3.258728265762329,9.776185035705566,28,284599,2.2761929035186768,,,,,,,,,,,
0.17359450459480286,1.2526949644088745,0.0,0.5750294327735901,0.0,0.6668819189071655,0.39101454615592957,0.48473823070526123,2.6756162643432617,26.48724937438965,28,284624,2.2761929035186768,,,,,,,,,,,
0.17359450459480286,1.4669820070266724,0.0,0.6833987236022949,0.0,1.227427363395691,0.4239421784877777,0.7182422876358032,4.00229024887085,24.994295120239258,28,284649,2.2766942977905273,,,,,,,,,,,
0.08633659780025482,1.2972102165222168,0.69140625,0.7599261999130249,2.9256606101989746,0.9478475451469421,0.337151437997818,0.767753005027771,3.4111924171447754,54.579078674316406,28,284674,2.2766942977905273,,,,,,,,,,,
0.08633659780025482,2.1985697746276855,0.0,0.6153717041015625,0.0,0.5573814511299133,0.4549160599708557,0.41597625613212585,2.8446216583251953,28.016273498535156,28,284699,3.2681045532226562,,,,,,,,,,,
0.16062915325164795,1.3903427124023438,0.69140625,0.854689359664917,2.9286885261535645,1.0893535614013672,0.44364506006240845,1.420686960220337,3.923431158065796,62.774898529052734,28,284724,3.2681045532226562,,,,,,,,,,,
0.16062915325164795,3.1542136669158936,0.6914056539535522,0.685283899307251,3.5813262462615967,2.1051764488220215,0.6733494400978088,1.6884968280792236,6.551063537597656,24.5118350982666,28,284749,3.2613444328308105,,,,,,,,,,,
0.08756536990404129,1.9900354146957397,0.0,0.7350236773490906,0.0,1.0001332759857178,0.6156602501869202,0.6703689694404602,3.9479610919952393,43.785003662109375,28,284774,3.2613444328308105,,,,,,,,,,,
0.08756536990404129,2.7609047889709473,0.6914060711860657,0.6446480751037598,3.110135793685913,0.9487496614456177,0.33638429641723633,0.4998501241207123,3.7379045486450195,33.01227569580078,28,284799,3.7621347904205322,,,,,,,,,,,
0.19445227086544037,2.188508987426758,0.6914061903953552,0.9418890476226807,3.006068706512451,0.22513936460018158,0.449490487575531,3.662402391433716,2.5282716751098633,38.4264030456543,28,284824,3.7621347904205322,,,,,,,,,,,
0.19445227086544037,2.650165557861328,0.6914061307907104,0.6419677734375,2.9233131408691406,1.1750355958938599,0.4069993793964386,0.6759450435638428,4.223321437835693,39.392520904541016,28,284849,3.7714085578918457,,,,,,,,,,,
0.09483446180820465,1.8948273658752441,0.0,0.6647774577140808,0.0,0.5816603899002075,0.6741646528244019,1.229363203048706,3.070711135864258,40.38890075683594,28,284874,3.7714085578918457,,,,,,,,,,,
0.09483446180820465,1.3082141876220703,0.6914061903953552,0.8531904220581055,3.0433504581451416,0.7158762812614441,0.40814918279647827,1.0649834871292114,3.115990161895752,49.85584259033203,28,284899,3.748307228088379,,,,,,,,,,,
2.5964136123657227,1.7244625091552734,0.6914061903953552,0.9193002581596375,3.9685823917388916,0.3422151207923889,0.53322434425354,2.5332813262939453,2.693979501724243,35.22835159301758,28,284924,3.748307228088379,,,,,,,,,,,
2.5964136123657227,2.1410226821899414,0.0,0.7395590543746948,0.0,1.2508045434951782,0.40883389115333557,0.8889097571372986,4.292308807373047,48.75125503540039,28,284949,2.773845672607422,,,,,,,,,,,
0.08669322729110718,1.7728383541107178,0.0,0.49837619066238403,0.0,0.6736665964126587,0.4290931820869446,0.26993441581726074,2.8066539764404297,15.876832008361816,28,284974,2.773845672607422,,,,,,,,,,,
0.08669322729110718,1.8001896142959595,0.0,0.7174670696258545,0.0,1.2974251508712769,0.6845337748527527,0.24429741501808167,4.536908149719238,54.44289779663086,28,284999,3.77258038520813,,,,,,,,,,,
0.15135005116462708,3.3609554767608643,0.0,0.7630796432495117,0.0,1.2945654392242432,0.39171984791755676,1.6838828325271606,4.7522172927856445,23.281015396118164,28,285024,3.77258038520813,,,,,,,,,,,
0.15135005116462708,2.612750291824341,0.6914054155349731,0.5147663354873657,3.8866662979125977,0.00035258624120615423,0.5841402411460876,1.4831534624099731,1.9223034381866455,5.766910552978516,28,285049,3.7551472187042236,,,,,,,,,,,
0.0880875289440155,1.1100389957427979,0.6914061903953552,0.7431767582893372,2.784043073654175,1.2621961832046509,0.4245350956916809,0.3577761650085449,4.052956581115723,57.88779830932617,28,285074,3.7551472187042236,,,,,,,,,,,
0.0880875289440155,2.4305050373077393,0.0,0.6110624074935913,0.0,1.3080300092697144,0.5953768491744995,0.8090264797210693,4.5516510009765625,53.85586166381836,28,285099,2.7783007621765137,,,,,,,,,,,
0.1909397840499878,1.7967675924301147,0.0,0.8478594422340393,0.0,0.24355080723762512,0.6024743914604187,1.505271077156067,2.4764657020568848,19.0220947265625,28,285124,2.7783007621765137,,,,,,,,,,,
0.1909397840499878,1.598095178604126,0.69140625,0.6472675204277039,2.81565523147583,0.7067312002182007,0.4051298201084137,0.8524689674377441,2.973444938659668,45.77560043334961,28,285149,3.2690606117248535,,,,,,,,,,,
4.002532005310059,2.735753297805786,0.6914054155349731,0.6073196530342102,3.0493180751800537,9.535734534438234e-06,0.25724610686302185,0.9235892295837402,1.715804100036621,5.147412300109863,28,285174,3.2690606117248535,,,,,,,,,,,
4.002532005310059,1.3335974216461182,0.0,0.6823695302009583,0.0,0.7017005681991577,0.44010862708091736,0.4866257309913635,2.9259583950042725,38.4849739074707,28,285199,2.7621991634368896,,,,,,,,,,,
0.15131120383739471,2.2330288887023926,0.0,0.6005308628082275,0.0,1.121992588043213,0.336372971534729,1.6430209875106812,3.850797653198242,42.35877227783203,28,285224,2.7621991634368896,,,,,,,,,,,
0.15131120383739471,1.22269606590271,0.0,0.6248461604118347,0.0,1.1402734518051147,0.4595445692539215,0.2515898048877716,3.7317466735839844,55.8516731262207,28,285249,3.2528483867645264,,,,,,,,,,,
0.08822385221719742,1.4495670795440674,0.6914061903953552,0.6232507824897766,2.7177462577819824,1.1262141466140747,0.4370955526828766,0.8203899264335632,3.774822235107422,52.03233337402344,28,285274,3.2528483867645264,,,,,,,,,,,
0.08822385221719742,2.246720552444458,0.6914060711860657,0.7777458429336548,4.2270894050598145,1.003783106803894,0.5174121856689453,0.21179908514022827,4.019011497497559,35.49494552612305,28,285299,2.78403377532959,,,,,,,,,,,
0.15604540705680847,3.7535712718963623,0.6914057731628418,0.768176794052124,3.4193317890167236,0.053828127682209015,0.5322328805923462,1.347815752029419,2.568330764770508,10.896504402160645,28,285324,2.78403377532959,,,,,,,,,,,
0.15604540705680847,1.334437370300293,0.0,0.9315705895423889,0.0,1.0191715955734253,0.5863933563232422,1.2154979705810547,3.9566383361816406,62.55994415283203,28,285349,3.740224838256836,,,,,,,,,,,
0.08294415473937988,2.7660536766052246,0.6914051175117493,0.5383650660514832,3.911780834197998,7.901683420641348e-05,0.7476139068603516,1.4014352560043335,2.1550710201263428,5.701781749725342,28,285374,3.740224838256836,,,,,,,,,,,
0.08294415473937988,1.226009488105774,0.69140625,0.7859203815460205,2.961200475692749,0.922504186630249,0.48373520374298096,1.1210451126098633,3.5120787620544434,53.147396087646484,28,285399,2.7777750492095947,,,,,,,,,,,
0.1905694454908371,2.1362829208374023,0.69140625,0.5976158380508423,3.094733476638794,0.3842187821865082,0.3478938043117523,0.8883514404296875,2.38577938079834,38.17247009277344,28,285424,2.7777750492095947,,,,,,,,,,,
0.1905694454908371,0.8082257509231567,0.69140625,0.5914190411567688,2.2143733501434326,0.885647714138031,0.25769156217575073,0.2848021984100342,2.8850176334381104,46.160282135009766,28,285449,2.289794445037842,,,,,,,,,,,
0.09303823858499527,1.6374049186706543,0.6914061903953552,0.7884726524353027,2.9233789443969727,0.8861390948295593,0.39611703157424927,0.8746663331985474,3.477323055267334,55.637168884277344,28,285474,2.289794445037842,,,,,,,,,,,
0.09303823858499527,4.872730255126953,0.6914054751396179,0.5438686609268188,3.17293643951416,1.5756449699401855,0.48393192887306213,0.7294624447822571,5.6726393699646,19.650598526000977,28,285499,3.2554526329040527,,,,,,,,,,,
0.15741929411888123,2.810492753982544,0.0,0.9405720233917236,0.0,0.46586012840270996,0.6928841471672058,2.1864027976989746,3.4083244800567627,49.625953674316406,28,285524,3.2554526329040527,,,,,,,,,,,
0.15741929411888123,1.875801920890808,0.0,0.7941919565200806,0.0,0.7361786365509033,0.5710718035697937,0.7738907337188721,3.4003617763519287,54.40578842163086,28,285549,2.277458667755127,,,,,,,,,,,
0.08526500314474106,4.1590256690979,0.6914056539535522,0.6727377772331238,3.3141982555389404,0.16308337450027466,0.27574586868286133,1.8711614608764648,2.555500030517578,9.561805725097656,28,285574,2.277458667755127,,,,,,,,,,,
0.08526500314474106,1.6332485675811768,0.69140625,0.6703622341156006,2.777678966522217,0.7966907620429993,0.3639940917491913,0.6242806911468506,3.14548921585083,50.32782745361328,28,285599,2.7635929584503174,,,,,,,,,,,
0.15721717476844788,31.216289520263672,0.6914061903953552,0.7421510219573975,3.3655121326446533,0.2278939038515091,0.41375136375427246,0.9522444605827332,11.010232925415039,99.09209442138672,28,285624,2.7635929584503174,,,,,,,,,,,
0.15721717476844788,1.1556098461151123,0.69140625,0.8410144448280334,3.017199993133545,0.24771347641944885,0.4407421946525574,1.0270264148712158,2.154038667678833,34.46461868286133,28,285649,2.770224094390869,,,,,,,,,,,
0.08457732945680618,1.8348479270935059,0.0,0.9261107444763184,0.0,0.7001886963844299,0.42937949299812317,2.1384050846099854,3.3063220977783203,42.341583251953125,28,285674,2.770224094390869,,,,,,,,,,,
0.08457732945680618,0.7804795503616333,0.6914061903953552,0.9952784180641174,2.822908878326416,0.8592607378959656,0.3710423409938812,0.2917175889015198,3.347215175628662,53.555442810058594,28,285699,2.274266242980957,,,,,,,,,,,
0.1614421308040619,1.6427829265594482,0.6914061903953552,0.9520664215087891,2.9078850746154785,0.6759516000747681,0.546442449092865,3.3235387802124023,3.372325897216797,53.95721435546875,28,285724,2.274266242980957,,,,,,,,,,,
0.1614421308040619,2.4410927295684814,0.0,0.730783224105835,0.0,0.574355959892273,0.593186616897583,0.8405451774597168,3.205009698867798,18.96109390258789,28,285749,2.2872235774993896,,,,,,,,,,,
0.08333863317966461,2.6979188919067383,0.0,0.5937632322311401,0.0,1.3077237606048584,0.4420233964920044,0.39490261673927307,4.460609436035156,23.60332679748535,28,285774,2.2872235774993896,,,,,,,,,,,
0.08333863317966461,2.079551935195923,0.0,0.8378732204437256,0.0,1.3922266960144043,0.6262233853340149,1.0047286748886108,4.872415542602539,64.27157592773438,28,285799,2.7964048385620117,,,,,,,,,,,
0.16926021873950958,1.6101996898651123,0.6914061307907104,0.479892373085022,2.6183700561523438,0.6714635491371155,0.37167707085609436,0.3976379334926605,2.703740358352661,28.485673904418945,28,285824,2.7964048385620117,,,,,,,,,,,
0.16926021873950958,2.668170213699341,0.0,0.7177201509475708,0.0,1.6955151557922363,0.6899861097335815,1.764134168624878,5.599187850952148,21.685562133789062,28,285849,2.27701473236084,,,,,,,,,,,
0.08795560896396637,1.1335012912750244,0.0,0.6704156398773193,0.0,0.6751642227172852,0.0005708751850761473,1.4325740337371826,2.36136531829834,37.78184509277344,28,285874,2.27701473236084,,,,,,,,,,,
0.08795560896396637,2.2713584899902344,0.6914050579071045,0.5057268142700195,3.659533977508545,0.0,0.7550414800643921,0.6978606581687927,1.9787712097167969,5.936313629150391,28,285899,2.7793595790863037,,,,,,,,,,,
0.1581392139196396,2.42067289352417,0.0,0.5882364511489868,0.0,1.3370490074157715,0.499887079000473,0.8694471120834351,4.4884233474731445,21.98869514465332,28,285924,2.7793595790863037,,,,,,,,,,,
0.1581392139196396,1.592585802078247,0.0,1.0921502113342285,0.0,0.8422123193740845,0.5889105200767517,0.7572952508926392,3.843261241912842,60.888710021972656,28,285949,2.769408702850342,,,,,,,,,,,
0.10426457971334457,3.032698154449463,0.0,0.7982821464538574,0.0,1.3873240947723389,0.7058402299880981,1.326331615447998,5.18858003616333,42.152225494384766,28,285974,2.769408702850342,,,,,,,,,,,
0.10426457971334457,0.0,0.0,0.0,0.0,0.011523053981363773,0.0008069054456427693,2.118687152862549,0.023853013291954994,0.3816482126712799,28,285999,2.7693889141082764,,,,,,,,,,,
0.1524202674627304,1.2684719562530518,0.69140625,0.6234716176986694,2.8296735286712646,1.0178401470184326,0.43746843934059143,0.30301791429519653,3.5054588317871094,56.08734130859375,28,286024,2.7693889141082764,,,,,,,,,,,
0.1524202674627304,1.5623371601104736,0.0,0.8551522493362427,0.0,0.9373425245285034,0.4276047348976135,0.575849711894989,3.626142978668213,51.66458511352539,28,286049,3.2723426818847656,,,,,,,,,,,
0.773716926574707,1.5197575092315674,0.0,0.8353884220123291,0.0,0.4666113555431366,0.4248458743095398,0.9473389387130737,2.6493842601776123,37.93341064453125,28,286074,3.2723426818847656,,,,,,,,,,,
0.773716926574707,1.6333277225494385,0.6914061903953552,0.5854147672653198,2.6799681186676025,1.170095443725586,0.4795866012573242,0.6070679426193237,3.921990394592285,52.178688049316406,28,286099,3.2530534267425537,,,,,,,,,,,
0.1605471670627594,1.7607855796813965,0.6914061307907104,0.9551832675933838,3.0999553203582764,0.4596816897392273,0.3992127478122711,2.4801862239837646,2.8329946994781494,45.32791519165039,28,286124,3.2530534267425537,,,,,,,,,,,
0.1605471670627594,2.6221961975097656,0.0,0.8500887155532837,0.0,1.066343069076538,0.5685197114944458,1.5593637228012085,4.337953567504883,31.28142738342285,28,286149,3.757540464401245,,,,,,,,,,,
0.0927455946803093,2.3308959007263184,0.0,0.6848090291023254,0.0,0.9891521334648132,0.5267149209976196,0.6664411425590515,3.889096736907959,30.622777938842773,28,286174,3.757540464401245,,,,,,,,,,,
0.0927455946803093,1.9014860391616821,0.6914061307907104,0.5843751430511475,2.7466607093811035,1.6883405447006226,0.4055335521697998,0.7722982168197632,4.964502334594727,58.53062057495117,28,286199,3.7653770446777344,,,,,,,,,,,
0.1535407304763794,1.2842307090759277,0.6914060115814209,0.3496377468109131,1.7170894145965576,0.369585782289505,0.4167156219482422,0.2033514678478241,1.907965064048767,11.915238380432129,28,286224,3.7653770446777344,,,,,,,,,,,
0.1535407304763794,0.6777493953704834,0.6914054155349731,0.17656731605529785,3.2270727157592773,0.0020026920828968287,0.3753432333469391,0.6430305242538452,0.7915114760398865,2.961564779281616,28,286249,3.257827043533325,,,,,,,,,,,
0.09467412531375885,2.3154916763305664,0.0,0.760124683380127,0.0,0.8439633846282959,0.5993919372558594,0.9593367576599121,3.742090940475464,44.592159271240234,28,286274,3.257827043533325,,,,,,,,,,,
0.09467412531375885,1.170236587524414,0.0,0.19812053442001343,0.0,0.011451651342213154,0.6708977818489075,0.4711049795150757,1.242992639541626,2.779416084289551,28,286299,2.9604201316833496,,,,,,,,,,,
0.15347233414649963,1.6343708038330078,0.6914061307907104,0.6615917086601257,2.9543497562408447,0.9059293270111084,0.43425995111465454,0.3353011906147003,3.427565097808838,35.62030029296875,28,286324,2.9604201316833496,,,,,,,,,,,
0.15347233414649963,1.618942141532898,0.6914052367210388,0.36674511432647705,2.5048773288726807,0.005549457855522633,0.3764598071575165,0.5354048609733582,1.2650352716445923,3.5780599117279053,28,286349,2.2736802101135254,,,,,,,,,,,
0.09864408522844315,2.639299154281616,0.6914054155349731,0.5579560995101929,3.2332427501678467,0.03268945962190628,0.4939101040363312,1.1998779773712158,1.941367268562317,6.43878698348999,28,286374,2.2736802101135254,,,,,,,,,,,
0.09864408522844315,1.6387944221496582,0.6914061307907104,0.8476649522781372,3.2867555618286133,1.5716094970703125,0.40919825434684753,0.6691259145736694,4.924588203430176,78.79341125488281,28,286399,2.2784783840179443,,,,,,,,,,,
0.17973774671554565,1.5503959655761719,0.6914061307907104,0.775771975517273,3.0776877403259277,1.5479155778884888,0.4571733772754669,1.0659587383270264,4.824672222137451,56.677066802978516,28,286424,2.2784783840179443,,,,,,,,,,,
0.17973774671554565,2.3718252182006836,0.6914048194885254,0.5132290720939636,3.161059617996216,0.0,0.804451584815979,0.3484977185726166,2.0608389377593994,5.048004150390625,28,286449,3.750257730484009,,,,,,,,,,,
0.1301143914461136,2.6311230659484863,0.0,0.6387112736701965,0.0,1.0807528495788574,0.42237669229507446,0.18983423709869385,4.011930465698242,38.27137756347656,28,286474,3.750257730484009,,,,,,,,,,,
0.1301143914461136,2.2919116020202637,0.6914054751396179,0.5813543200492859,2.860886573791504,0.0,0.6523804068565369,1.4671841859817505,1.9499170780181885,6.467143535614014,28,286499,2.2892775535583496,,,,,,,,,,,
0.16188688576221466,1.9535517692565918,0.6914061307907104,0.48001524806022644,2.8535375595092773,1.5681593418121338,0.3954548239707947,0.6578966379165649,4.626389980316162,34.31022644042969,28,286524,2.2892775535583496,,,,,,,,,,,
0.16188688576221466,2.475074291229248,0.6914060711860657,0.5232928395271301,2.9222378730773926,1.9193787574768066,0.3863110840320587,0.42345771193504333,5.520105838775635,39.80604934692383,28,286549,3.766495943069458,,,,,,,,,,,
0.10313433408737183,2.2597036361694336,0.0,0.48483893275260925,0.0,0.0,0.25627297163009644,0.9224402904510498,1.419023036956787,4.487344741821289,28,286574,3.766495943069458,,,,,,,,,,,
0.10313433408737183,2.1481635570526123,0.6914060711860657,0.8310498595237732,3.540642738342285,1.0700280666351318,0.6217228174209595,1.0034255981445312,4.272684097290039,34.97342300415039,28,286599,2.7877044677734375,,,,,,,,,,,
0.17128367722034454,2.042147397994995,0.0,0.9526771903038025,0.0,0.53488689661026,0.6695403456687927,1.1005034446716309,3.304635524749756,44.704280853271484,28,286624,2.7877044677734375,,,,,,,,,,,
0.17128367722034454,0.7058171033859253,0.69140625,0.527572512626648,2.2379090785980225,1.032033920288086,0.0012196613242849708,0.40807855129241943,2.826984405517578,45.23175048828125,28,286649,2.785332441329956,,,,,,,,,,,
0.08791738003492355,2.220187187194824,0.6914061307907104,0.7485732436180115,3.6113438606262207,0.8609785437583923,0.46368417143821716,0.6336045265197754,3.6363840103149414,36.18156433105469,28,286674,2.785332441329956,,,,,,,,,,,
0.08791738003492355,1.5242308378219604,0.69140625,0.7960562109947205,2.8963208198547363,1.208132028579712,0.40614914894104004,0.865226686000824,4.104701995849609,65.67523193359375,28,286699,3.762538433074951,,,,,,,,,,,
0.17520573735237122,0.826313853263855,0.69140625,0.7107904553413391,2.69599986076355,0.6348001956939697,0.3925812840461731,0.29496318101882935,2.6478261947631836,42.36521911621094,28,286724,3.762538433074951,,,,,,,,,,,
0.17520573735237122,1.0602309703826904,0.6914032697677612,0.1975838840007782,1.8546950817108154,0.00016946734103839844,0.49162018299102783,0.5343807935714722,1.0261592864990234,1.777359962463379,28,286749,2.7765398025512695,,,,,,,,,,,
0.08729297667741776,1.6381644010543823,0.0,1.443769931793213,0.0,1.2818235158920288,0.5992256999015808,0.9909195303916931,5.0980916023254395,64.68753051757812,28,286774,2.7765398025512695,,,,,,,,,,,
0.08729297667741776,1.6479557752609253,0.69140625,0.936307430267334,3.0070784091949463,0.6040610074996948,0.3957615792751312,1.5486204624176025,3.0646486282348633,49.03437805175781,28,286799,2.2654149532318115,,,,,,,,,,,
0.15681955218315125,1.0619726181030273,0.69140625,0.7625252604484558,2.9864425659179688,0.9798963665962219,0.3756551742553711,0.6984004974365234,3.4464292526245117,55.14286804199219,28,286824,2.2654149532318115,,,,,,,,,,,
0.15681955218315125,1.5494234561920166,0.69140625,0.7916595935821533,3.1317403316497803,1.0782005786895752,0.40459951758384705,1.301518440246582,3.8488047122955322,61.580875396728516,28,286849,2.7716360092163086,,,,,,,,,,,
0.14374005794525146,1.2323293685913086,0.69140625,0.6716981530189514,3.0454721450805664,0.4988754391670227,0.40720927715301514,0.8468661308288574,2.4768118858337402,39.628990173339844,28,286874,2.7716360092163086,,,,,,,,,,,
0.14374005794525146,1.1996945142745972,0.69140625,0.7145938277244568,2.9664437770843506,1.1245883703231812,0.3812919855117798,0.5880773067474365,3.734635353088379,59.75416564941406,28,286899,3.74741530418396,,,,,,,,,,,
0.1537628173828125,0.6960367560386658,0.0,0.5840790271759033,0.0,0.8095133304595947,0.3922139108181,0.4098692834377289,2.8041305541992188,37.09516143798828,28,286924,3.74741530418396,,,,,,,,,,,
0.1537628173828125,2.0731921195983887,0.6914060115814209,0.6894383430480957,2.875831127166748,0.8881955146789551,0.437843918800354,0.5332177877426147,3.554388999938965,29.949811935424805,28,286949,2.2851686477661133,,,,,,,,,,,
0.09378807246685028,1.3349251747131348,0.6914061903953552,0.8115471005439758,2.9251413345336914,0.29635384678840637,0.44471287727355957,1.4744720458984375,2.2786967754364014,34.256324768066406,28,286974,2.2851686477661133,,,,,,,,,,,
0.09378807246685028,2.0874366760253906,0.6914061307907104,0.6770860552787781,2.9699254035949707,2.002098560333252,0.3245883285999298,0.45880815386772156,5.661801815032959,54.89320755004883,28,286999,2.7869064807891846,,,,,,,,,,,
0.1610734760761261,1.9412322044372559,0.6914061307907104,0.7571508884429932,3.002941608428955,1.591578483581543,0.4831801950931549,0.7085443735122681,5.035886764526367,52.09161376953125,28,287024,2.7869064807891846,,,,,,,,,,,
0.1610734760761261,2.2795772552490234,0.6914061307907104,0.6665827631950378,2.893587350845337,1.4525681734085083,0.37739068269729614,0.743895411491394,4.661919116973877,46.61919021606445,28,287049,2.7861526012420654,,,,,,,,,,,
0.08599242568016052,0.28080570697784424,0.0,0.9076764583587646,0.0,0.7007812261581421,0.5109075307846069,1.4991015195846558,2.904388427734375,46.47021484375,28,287074,2.7861526012420654,,,,,,,,,,,
0.08599242568016052,0.0,0.0,0.0,0.0,0.7658048868179321,0.00046384151210077107,3.464017152786255,1.5320736169815063,24.5131778717041,28,287099,2.7693920135498047,,,,,,,,,,,
0.16521865129470825,3.3508408069610596,0.6914060115814209,0.704500675201416,4.318540573120117,1.6674249172210693,0.43797606229782104,0.9237487316131592,5.525763988494873,35.81104278564453,28,287124,2.7693920135498047,,,,,,,,,,,
0.16521865129470825,2.3723740577697754,0.0,0.753903865814209,0.0,1.0880305767059326,0.5075151920318604,0.5116874575614929,4.149192810058594,37.572540283203125,28,287149,3.2677371501922607,,,,,,,,,,,
0.08448480069637299,1.5942121744155884,0.0,0.8759366273880005,0.0,0.5813909769058228,0.611009955406189,0.8396711349487305,3.1279921531677246,23.615821838378906,28,287174,3.2677371501922607,,,,,,,,,,,
0.08448480069637299,1.5184475183486938,0.0,0.8432090282440186,0.0,0.45247530937194824,0.5426316857337952,0.6707545518875122,2.7463254928588867,43.94120788574219,28,287199,3.752718210220337,,,,,,,,,,,
0.17483092844486237,1.6776070594787598,0.0,0.5985656976699829,0.0,1.6683506965637207,0.689727783203125,0.49103981256484985,5.128276824951172,29.459707260131836,28,287224,3.752718210220337,,,,,,,,,,,
0.17483092844486237,1.8571701049804688,0.6914061903953552,0.5742181539535522,2.6992809772491455,0.6345551609992981,0.46858999133110046,0.5309922695159912,2.8960623741149902,33.64920425415039,28,287249,3.2762231826782227,,,,,,,,,,,
0.08544287085533142,0.867398738861084,0.0,0.9522421360015869,0.0,0.5141216516494751,0.5291194915771484,3.1101574897766113,2.769824504852295,42.1887092590332,28,287274,3.2762231826782227,,,,,,,,,,,
0.08544287085533142,1.9780290126800537,0.0,0.6579200029373169,0.0,0.6951055526733398,0.4354901611804962,0.8841811418533325,3.0770299434661865,29.513835906982422,28,287299,3.2806429862976074,,,,,,,,,,,
0.15299804508686066,1.1026571989059448,0.6914024353027344,0.22127006947994232,2.4752469062805176,0.0,0.3173583149909973,1.5547865629196167,0.8941779732704163,1.5487616062164307,28,287324,3.2806429862976074,,,,,,,,,,,
0.15299804508686066,1.798214077949524,0.0,1.014083743095398,0.0,0.40380966663360596,0.4990334212779999,0.32053813338279724,2.860200881958008,17.161205291748047,28,287349,2.284031391143799,,,,,,,,,,,
0.08577249199151993,1.5761034488677979,0.6914054155349731,0.3458592891693115,3.5506789684295654,0.00012847936886828393,0.7434216737747192,0.6251471042633057,1.597875714302063,5.53520393371582,28,287374,2.284031391143799,,,,,,,,,,,
0.08577249199151993,0.9163731932640076,0.69140625,0.7093963623046875,3.018771171569824,0.9359493255615234,0.4034864008426666,0.445268452167511,3.2898812294006348,52.638099670410156,28,287399,3.7459239959716797,,,,,,,,,,,
0.15641584992408752,3.332547664642334,0.6914061307907104,0.9041606187820435,3.3294687271118164,0.8867221474647522,0.48638176918029785,1.7304790019989014,4.19704532623291,43.006919860839844,28,287424,3.7459239959716797,,,,,,,,,,,
0.15641584992408752,2.162357807159424,0.6914061903953552,0.8539217710494995,3.12141752243042,0.40334147214889526,0.4377872049808502,1.4107043743133545,2.778313398361206,35.79606628417969,28,287449,2.7652597427368164,,,,,,,,,,,
0.11313506960868835,2.469593048095703,0.0,0.5745891332626343,0.0,0.6926995515823364,0.49786004424095154,2.109290838241577,3.198726177215576,44.667781829833984,28,287474,2.7652597427368164,,,,,,,,,,,
0.11313506960868835,1.9427881240844727,0.0,0.9716167449951172,0.0,0.9327358603477478,0.6296468377113342,4.022665977478027,4.049571514129639,64.79314422607422,28,287499,2.273895025253296,,,,,,,,,,,
0.15809156000614166,2.704934597015381,0.0,0.5862749814987183,0.0,0.811988353729248,0.8479616045951843,0.40412014722824097,3.8696937561035156,16.867605209350586,28,287524,2.273895025253296,,,,,,,,,,,
0.15809156000614166,2.317277669906616,0.0,0.6478036046028137,0.0,1.4889531135559082,0.496974378824234,0.7531920671463013,4.817867755889893,46.71096420288086,28,287549,3.2624573707580566,,,,,,,,,,,
0.09310516715049744,2.97074294090271,0.0,0.6620120406150818,0.0,1.3572862148284912,0.4980871081352234,1.1318938732147217,4.765894412994385,29.76300048828125,28,287574,3.2624573707580566,,,,,,,,,,,
0.09310516715049744,1.8556253910064697,0.6914061307907104,0.6746607422828674,2.855902910232544,1.1384416818618774,0.4099694788455963,0.8446878790855408,3.946760416030884,42.32429122924805,28,287599,3.2729732990264893,,,,,,,,,,,
0.15245835483074188,2.082322597503662,0.6914060711860657,0.5736010670661926,2.57206392288208,0.8267279863357544,0.4107913672924042,0.5074766874313354,3.2882657051086426,26.510845184326172,28,287624,3.2729732990264893,,,,,,,,,,,
0.15245835483074188,1.163017988204956,0.69140625,0.740217924118042,2.8845086097717285,0.9293606281280518,0.36613181233406067,0.52197265625,3.3428215980529785,53.485145568847656,28,287649,2.778714179992676,,,,,,,,,,,
0.0855913907289505,2.270371437072754,0.0,0.7884171009063721,0.0,0.7041114568710327,0.5092676877975464,0.2919977903366089,3.387019157409668,37.25720977783203,28,287674,2.778714179992676,,,,,,,,,,,
0.0855913907289505,2.4628946781158447,0.0,0.9401585459709167,0.0,0.48623842000961304,0.3789288401603699,1.309556484222412,3.03043270111084,27.608556747436523,28,287699,2.782851457595825,,,,,,,,,,,
0.15535572171211243,2.129481554031372,0.691405713558197,0.4684349000453949,2.8895912170410156,0.885127067565918,0.5588213205337524,1.542668342590332,3.4652504920959473,13.420857429504395,28,287724,2.782851457595825,,,,,,,,,,,
0.15535572171211243,1.7370045185089111,0.0,0.6570640802383423,0.0,1.34586501121521,0.36792758107185364,0.7023562788963318,4.237823009490967,56.53961181640625,28,287749,3.760526418685913,,,,,,,,,,,
0.12150263786315918,3.5446901321411133,0.6914061307907104,0.7077096700668335,3.567673444747925,0.9334236979484558,0.41223013401031494,1.367405891418457,4.085870742797852,34.428157806396484,28,287774,3.760526418685913,,,,,,,,,,,
0.12150263786315918,2.0841641426086426,0.6914054155349731,0.5214849710464478,3.554370164871216,1.9411561489105225,0.5943831205368042,1.85503351688385,5.658973693847656,19.603260040283203,28,287799,3.7471325397491455,,,,,,,,,,,
0.1529451310634613,3.296769618988037,0.0,0.7145441174507141,0.0,0.3834589421749115,0.6641067862510681,1.4799578189849854,3.1345996856689453,12.924284934997559,28,287824,3.7471325397491455,,,,,,,,,,,
0.1529451310634613,1.7599934339523315,0.0,0.7415897846221924,0.0,0.6795592308044434,0.6013635396957397,0.7372860908508301,3.230069637298584,44.98966598510742,28,287849,2.281212091445923,,,,,,,,,,,
0.0908568948507309,2.6341514587402344,0.6914055347442627,0.5593060851097107,3.5207886695861816,0.00017536831728648394,0.3507882058620453,1.200022578239441,1.7358983755111694,5.757323741912842,28,287874,2.281212091445923,,,,,,,,,,,
0.0908568948507309,1.2228964567184448,0.69140625,0.6643636226654053,2.6526777744293213,0.555081307888031,0.497073233127594,0.23894274234771729,2.6649951934814453,34.54228591918945,28,287899,2.2937841415405273,,,,,,,,,,,
0.15350326895713806,2.6888132095336914,0.6914055347442627,0.5761421918869019,3.2216176986694336,1.2418837547302246,0.4830057919025421,0.8758479952812195,4.381775856018066,14.532707214355469,28,287924,2.2937841415405273,,,,,,,,,,,
0.15350326895713806,0.989234209060669,0.0,0.7761507034301758,0.0,0.7359501719474792,0.4541208744049072,0.42342934012413025,2.9989421367645264,47.98307418823242,28,287949,2.7688472270965576,,,,,,,,,,,
0.09136143326759338,1.8847464323043823,0.0,0.8597230911254883,0.0,1.1622838973999023,0.5636127591133118,0.6395816206932068,4.313327789306641,68.19969940185547,28,287974,2.7688472270965576,,,,,,,,,,,
0.09136143326759338,2.269401788711548,0.6914061307907104,0.7625395059585571,3.467228651046753,0.6644718050956726,0.3947342336177826,0.7695963382720947,3.2017099857330322,39.3432731628418,28,287999,3.2713894844055176,,,,,,,,,,,
0.15386295318603516,1.6540662050247192,0.69140625,0.7901076078414917,2.818624496459961,0.6824469566345215,0.44754770398139954,1.0874707698822021,3.126955270767212,46.69540023803711,28,288024,3.2713894844055176,,,,,,,,,,,
0.15386295318603516,1.6916704177856445,0.0,0.6959545016288757,0.0,0.8071386218070984,0.6663666367530823,0.29614341259002686,3.4840993881225586,42.38589859008789,28,288049,3.7611570358276367,,,,,,,,,,,
0.08422692120075226,2.5200371742248535,0.0,0.8138013482093811,0.0,1.6362266540527344,0.5490086078643799,0.7923433780670166,5.391274452209473,56.800601959228516,28,288074,3.7611570358276367,,,,,,,,,,,
0.08422692120075226,1.2148668766021729,0.6914061903953552,0.5236318111419678,2.3966195583343506,0.788249135017395,0.32725194096565247,0.2686693072319031,2.8158082962036133,29.932453155517578,28,288099,2.282888412475586,,,,,,,,,,,
0.1564340591430664,1.079850196838379,0.69140625,0.5596963167190552,2.601351499557495,0.7270430326461792,0.3185742199420929,0.39511287212371826,2.6823251247406006,42.91720199584961,28,288124,2.282888412475586,,,,,,,,,,,
0.1564340591430664,1.9636845588684082,0.6914061307907104,0.6546876430511475,3.0340805053710938,0.8878949880599976,0.5119408965110779,0.8507055640220642,3.5618648529052734,24.933053970336914,28,288149,2.7738256454467773,,,,,,,,,,,
0.08987066149711609,1.0400819778442383,0.69140625,0.5691807270050049,2.748635768890381,0.5216003060340881,0.3822372257709503,0.1925233155488968,2.334129571914673,37.346073150634766,28,288174,2.7738256454467773,,,,,,,,,,,
0.08987066149711609,1.2443467378616333,0.69140625,2.270217180252075,3.409231185913086,1.2482290267944336,0.4270218312740326,0.903947114944458,5.601093769073486,89.61750030517578,28,288199,2.281805992126465,,,,,,,,,,,
0.15318085253238678,0.4946064054965973,0.6914061307907104,0.8169573545455933,3.5532033443450928,0.2174568772315979,0.3479475677013397,1.0257824659347534,1.7837326526641846,18.451072692871094,28,288224,2.281805992126465,,,,,,,,,,,
0.15318085253238678,2.361348867416382,0.6914052367210388,0.5313162803649902,3.185194492340088,0.21225830912590027,0.27887022495269775,0.4811335802078247,1.9749597311019897,5.92487907409668,28,288249,2.2730233669281006,,,,,,,,,,,
0.08713432401418686,1.925685167312622,0.6914061903953552,0.6781995296478271,2.8306825160980225,1.0680198669433594,0.3796353340148926,0.6483812928199768,3.799887180328369,40.74925231933594,28,288274,2.2730233669281006,,,,,,,,,,,
0.08713432401418686,1.5283790826797485,0.69140625,0.7033380270004272,3.170759916305542,0.86944180727005,0.3906390964984894,0.7496230602264404,3.323082208633423,53.169315338134766,28,288299,3.7507104873657227,,,,,,,,,,,
0.1600765883922577,2.166365623474121,0.6914061903953552,0.769295334815979,3.094554901123047,0.9365324974060059,0.5113111734390259,0.9263727068901062,3.834526538848877,47.43047332763672,28,288324,3.7507104873657227,,,,,,,,,,,
0.1600765883922577,2.9373176097869873,0.6914061307907104,0.7798371315002441,4.073851585388184,0.46797460317611694,0.3036627769470215,0.6144216060638428,2.941382884979248,26.47244644165039,28,288349,2.2802867889404297,,,,,,,,,,,
0.08522597700357437,1.3104760646820068,0.69140625,0.7247644066810608,3.1775691509246826,0.8339613080024719,0.3756451904773712,0.6393700838088989,3.1932506561279297,51.092010498046875,28,288374,2.2802867889404297,,,,,,,,,,,
0.08522597700357437,1.4549353122711182,0.0,0.7772926688194275,0.0,1.1600065231323242,0.38251420855522156,0.6964523792266846,3.9163005352020264,62.66080856323242,28,288399,2.767991065979004,,,,,,,,,,,
2.404913902282715,2.4251036643981934,0.0,0.6352400779724121,0.0,0.6777752637863159,0.5725142955780029,1.0879361629486084,3.2908360958099365,29.98094367980957,28,288424,2.767991065979004,,,,,,,,,,,
2.404913902282715,0.5762803554534912,0.69140625,0.5291310548782349,2.2365362644195557,0.7544154524803162,0.3080567419528961,0.1664092242717743,2.5412683486938477,40.66029357910156,28,288449,3.2731986045837402,,,,,,,,,,,
0.09108924120664597,1.8507651090621948,0.0,0.8351909518241882,0.0,1.4594234228134155,0.42716413736343384,0.49784010648727417,4.736431121826172,75.78289794921875,28,288474,3.2731986045837402,,,,,,,,,,,
0.09108924120664597,0.8012034296989441,0.6914061307907104,0.6225922107696533,2.7876973152160645,0.6081408262252808,0.45184019207954407,0.24588459730148315,2.5589520931243896,20.471616744995117,28,288499,3.746793508529663,,,,,,,,,,,
0.15575799345970154,1.7925031185150146,0.6914049386978149,0.3401651680469513,2.6738016605377197,0.0,0.12580765783786774,0.8762535452842712,1.0304617881774902,2.5241057872772217,28,288524,3.746793508529663,,,,,,,,,,,
0.15575799345970154,0.7852410674095154,0.0,0.513097882270813,0.0,0.4492003917694092,0.293975830078125,0.10375095158815384,1.9410468339920044,31.05674934387207,28,288549,3.2745816707611084,,,,,,,,,,,
0.09609248489141464,2.055264949798584,0.0,0.7898890972137451,0.0,0.8314046859741211,0.5966113805770874,0.8501424789428711,3.665889263153076,46.9462890625,28,288574,3.2745816707611084,,,,,,,,,,,
0.09609248489141464,1.4756051301956177,0.0,0.5729727745056152,0.0,1.0033172369003296,0.5731523633003235,0.2596743404865265,3.5954411029815674,32.358970642089844,28,288599,3.273512125015259,,,,,,,,,,,
0.16527824103832245,0.6872164607048035,0.0,1.5454857349395752,0.0,0.2958710789680481,0.4692956209182739,0.2856345474720001,2.8126883506774902,45.003013610839844,28,288624,3.273512125015259,,,,,,,,,,,
0.16527824103832245,1.1395825147628784,0.6914061903953552,0.7698180675506592,2.772730827331543,1.1150844097137451,0.4210655987262726,0.3860112130641937,3.7906546592712402,60.650474548339844,28,288649,3.763197660446167,,,,,,,,,,,
0.08543775230646133,1.7751832008361816,0.6914061307907104,0.8705317974090576,2.9169371128082275,1.7151527404785156,0.4613477885723114,1.0905672311782837,5.323909282684326,59.7607307434082,28,288674,3.763197660446167,,,,,,,,,,,
0.08543775230646133,1.1083829402923584,0.69140625,0.7164983749389648,2.9127938747406006,0.7803720235824585,0.36878371238708496,0.4864457845687866,3.007668972015381,48.122703552246094,28,288699,2.283808469772339,,,,,,,,,,,
0.1553928703069687,1.9919369220733643,0.6914052963256836,0.4083656966686249,3.3905270099639893,0.00025257995002903044,0.4851625859737396,0.8666531443595886,1.525519847869873,4.314821720123291,28,288724,2.283808469772339,,,,,,,,,,,
0.1553928703069687,1.7140750885009766,0.0,0.7441556453704834,0.0,1.3050665855407715,0.6116503477096558,0.7618457078933716,4.480161666870117,60.77186965942383,28,288749,2.7891087532043457,,,,,,,,,,,
0.0940961241722107,1.266296625137329,0.69140625,0.7360144257545471,2.99576735496521,0.9660837650299072,0.3951019048690796,0.7406160831451416,3.473130702972412,55.570091247558594,28,288774,2.7891087532043457,,,,,,,,,,,
0.0940961241722107,2.523791551589966,0.0,0.959199070930481,0.0,1.6228128671646118,0.5018650889396667,0.6872849464416504,5.463827133178711,45.71365737915039,28,288799,3.2688350677490234,,,,,,,,,,,
0.15641310811042786,0.6891169548034668,0.69140625,0.8268454074859619,2.81026029586792,1.3239014148712158,0.37390998005867004,0.6691184639930725,4.083395957946777,65.33433532714844,28,288824,3.2688350677490234,,,,,,,,,,,
0.15641310811042786,1.7504671812057495,0.6914061307907104,0.5787782669067383,2.5596084594726562,1.4412823915481567,0.4334739148616791,0.3626822233200073,4.445553302764893,44.232696533203125,28,288849,2.278844118118286,,,,,,,,,,,
4.141848087310791,1.9537642002105713,0.6914049386978149,0.4598829746246338,2.5833659172058105,0.011690981686115265,0.5969033241271973,0.42198023200035095,1.6921311616897583,4.476958274841309,28,288874,2.278844118118286,,,,,,,,,,,
4.141848087310791,1.1723806858062744,0.0,2.321148633956909,0.0,0.9816653728485107,0.5815743207931519,0.6232122182846069,5.217767715454102,71.1608657836914,28,288899,2.785086154937744,,,,,,,,,,,
0.1623166799545288,1.5149985551834106,0.0,0.5823332071304321,0.0,0.7305030822753906,0.4787486493587494,0.9652091860771179,2.9765875339508057,33.279258728027344,28,288924,2.785086154937744,,,,,,,,,,,
0.1623166799545288,1.2261199951171875,0.6914061903953552,0.6336691975593567,2.6807470321655273,1.1455278396606445,0.39381757378578186,0.3784734308719635,3.713186025619507,59.41097640991211,28,288949,2.7720844745635986,,,,,,,,,,,
0.09351493418216705,1.0285147428512573,0.69140625,0.7265971302986145,2.6762330532073975,0.6257596015930176,0.41282135248184204,0.5742350220680237,2.726254463195801,43.62007141113281,28,288974,2.7720844745635986,,,,,,,,,,,
0.09351493418216705,3.04872727394104,0.0,0.8391399383544922,0.0,0.4294808804988861,0.525036096572876,1.3578236103057861,3.137756109237671,34.65764617919922,28,288999,3.7573020458221436,,,,,,,,,,,
0.1678687334060669,1.5620782375335693,0.6914039850234985,0.31820130348205566,3.8599417209625244,0.0,0.1850292831659317,1.5652492046356201,1.0104535818099976,2.2594430446624756,28,289024,3.7573020458221436,,,,,,,,,,,
0.1678687334060669,1.2442848682403564,0.69140625,0.7961931228637695,3.1088345050811768,0.7039366364479065,0.49008405208587646,0.5000917911529541,3.098524570465088,49.576393127441406,28,289049,3.754817247390747,,,,,,,,,,,
0.08471867442131042,2.7631969451904297,0.69140625,0.6460033655166626,3.8014140129089355,0.5363243818283081,0.7300940752029419,0.9260752201080322,3.3157196044921875,53.051513671875,28,289074,3.754817247390747,,,,,,,,,,,
0.08471867442131042,1.253288984298706,0.0,0.6674301624298096,0.0,0.4660763740539551,0.409405916929245,0.8054840564727783,2.3849754333496094,38.15960693359375,28,289099,2.772653341293335,,,,,,,,,,,
0.15673166513442993,1.1890522241592407,0.0,1.2111215591430664,0.0,0.8407511711120605,0.4697074890136719,0.3585613965988159,3.7190470695495605,59.50475311279297,28,289124,2.772653341293335,,,,,,,,,,,
0.15673166513442993,2.566014289855957,0.0,0.6082043051719666,0.0,1.285883903503418,0.5262784957885742,1.0517104864120483,4.476055145263672,21.928102493286133,28,289149,3.7454779148101807,,,,,,,,,,,
0.13181081414222717,1.9778966903686523,0.6914058923721313,0.4547065496444702,3.101134777069092,1.254274606704712,0.599924623966217,0.07575275748968124,4.187560558319092,18.727340698242188,28,289174,3.7454779148101807,,,,,,,,,,,
0.13181081414222717,2.8086318969726562,0.0,0.7560460567474365,0.0,0.43167805671691895,0.5407323241233826,0.8521389961242676,3.0027241706848145,26.177143096923828,28,289199,2.2772035598754883,,,,,,,,,,,
0.16915646195411682,2.0484955310821533,0.0,0.7827126979827881,0.0,1.232856035232544,0.44494086503982544,1.3355510234832764,4.3079142570495605,41.54402160644531,28,289224,2.2772035598754883,,,,,,,,,,,
0.16915646195411682,0.9885508418083191,0.69140625,0.7529150247573853,2.8185479640960693,0.6861326694488525,0.4210145175457001,0.5568852424621582,2.870945692062378,45.93513107299805,28,289249,2.278106927871704,,,,,,,,,,,
0.09339876472949982,1.5833399295806885,0.6914061903953552,0.834168553352356,3.02021861076355,1.0781714916229248,0.4251991808414459,1.028740406036377,3.920914888381958,62.73463821411133,28,289274,2.278106927871704,,,,,,,,,,,
0.09339876472949982,1.8726493120193481,0.0,0.9060646295547485,0.0,1.5539499521255493,0.4533540904521942,0.581007182598114,5.029113292694092,53.93123245239258,28,289299,2.772367477416992,,,,,,,,,,,
0.15730524063110352,1.0898258686065674,0.69140625,0.8903875946998596,2.9299440383911133,0.7473313808441162,0.4547274708747864,1.4077765941619873,3.1960251331329346,51.13640213012695,28,289324,2.772367477416992,,,,,,,,,,,
0.15730524063110352,1.4764835834503174,0.6914061903953552,0.5745123624801636,2.570192337036133,0.9827261567115784,0.3781186640262604,0.4489278793334961,3.386730432510376,45.31136703491211,28,289349,3.259491443634033,,,,,,,,,,,
0.08972210437059402,1.5259723663330078,0.6914061903953552,0.5262973308563232,2.7685887813568115,1.373373031616211,0.38065454363822937,0.3331623077392578,4.1391754150390625,49.8422737121582,28,289374,3.259491443634033,,,,,,,,,,,
0.08972210437059402,1.931236743927002,0.6914056539535522,0.3605126142501831,2.965881586074829,0.0005601338343694806,0.6067278981208801,0.6412314772605896,1.5773906707763672,6.309562683105469,28,289399,2.2710726261138916,,,,,,,,,,,
0.155192032456398,1.6232154369354248,0.6914061903953552,0.6873286962509155,2.9478611946105957,1.0765165090560913,0.37155571579933167,0.6598564386367798,3.728360652923584,56.788700103759766,28,289424,2.2710726261138916,,,,,,,,,,,
0.155192032456398,2.034334182739258,0.0,0.6852424144744873,0.0,1.1160709857940674,0.48939356207847595,0.14754344522953033,4.017078399658203,47.36065673828125,28,289449,3.7700424194335938,,,,,,,,,,,
0.0933401882648468,1.081834077835083,0.6914061903953552,0.9553960561752319,2.7349536418914795,0.6799913048744202,0.39581072330474854,0.33309662342071533,3.063089370727539,49.009429931640625,28,289474,3.7700424194335938,,,,,,,,,,,
0.0933401882648468,0.5026834011077881,0.6914061307907104,1.1447994709014893,2.0590579509735107,0.5234807133674622,0.4726214110851288,0.22359530627727509,2.835777759552002,27.199825286865234,28,289499,2.765061616897583,,,,,,,,,,,
0.1527130901813507,1.4975242614746094,0.0,0.898862361907959,0.0,0.7879360914230347,0.524368941783905,1.5845749378204346,3.4483606815338135,55.173770904541016,28,289524,2.765061616897583,,,,,,,,,,,
0.1527130901813507,1.4147886037826538,0.6914061307907104,0.47384417057037354,2.3541271686553955,0.6936252117156982,0.22382614016532898,0.817507266998291,2.5328986644744873,29.210811614990234,28,289549,2.7735157012939453,,,,,,,,,,,
0.08694061636924744,1.4762331247329712,0.6914061307907104,0.7347821593284607,2.9353206157684326,1.0650259256362915,0.3653252124786377,0.8304135799407959,3.7023823261260986,44.888999938964844,28,289574,2.7735157012939453,,,,,,,,,,,
0.08694061636924744,1.702195167541504,0.0,0.951641321182251,0.0,0.3454540967941284,0.2644936442375183,4.090395927429199,2.4177017211914062,38.6832275390625,28,289599,2.764869213104248,,,,,,,,,,,
0.15734989941120148,2.1760196685791016,0.6914054155349731,0.4832301139831543,3.6559600830078125,5.083587529952638e-05,0.4351394772529602,1.205151081085205,1.6078367233276367,5.3325910568237305,28,289624,2.764869213104248,,,,,,,,,,,
0.15734989941120148,1.0878312587738037,0.0,0.675978422164917,0.0,1.1175094842910767,0.3785240054130554,0.33205538988113403,3.615870714187622,57.85393142700195,28,289649,3.7538955211639404,,,,,,,,,,,
0.1047932431101799,2.11728835105896,0.6914061307907104,0.4946432411670685,2.9858720302581787,1.316140055656433,0.42638590931892395,0.2643349766731262,4.21835470199585,36.0416374206543,28,289674,3.7538955211639404,,,,,,,,,,,
0.1047932431101799,1.462511658668518,0.6914061307907104,0.9287127256393433,2.851668357849121,0.8806023597717285,0.43098196387290955,0.5632684826850891,3.5881693363189697,45.52876663208008,28,289699,2.7857987880706787,,,,,,,,,,,
0.1889437735080719,1.192356824874878,0.6914061307907104,0.48489201068878174,2.635996103286743,0.45179909467697144,0.3389608561992645,0.9186701774597168,2.111518144607544,20.688568115234375,28,289724,2.7857987880706787,,,,,,,,,,,
0.1889437735080719,2.927995204925537,0.0,0.7227475643157959,0.0,0.8491912484169006,0.8557848930358887,0.8253665566444397,4.155313491821289,16.093460083007812,28,289749,2.268341302871704,,,,,,,,,,,
0.09930498898029327,2.214277744293213,0.6914061307907104,0.43807029724121094,2.6615283489227295,1.0262863636016846,0.40047043561935425,0.3076554834842682,3.5820119380950928,28.431339263916016,28,289774,2.268341302871704,,,,,,,,,,,
0.09930498898029327,2.3625564575195312,0.0,0.6521283388137817,0.0,1.6930745840072632,0.6085078120231628,0.6113584637641907,5.3555521965026855,49.95326614379883,28,289799,3.269333839416504,,,,,,,,,,,
0.16492220759391785,4.059154510498047,0.0,0.8351643085479736,0.0,0.5687544345855713,0.5102922916412354,0.7813115119934082,3.700711965560913,26.68621253967285,28,289824,3.269333839416504,,,,,,,,,,,
0.16492220759391785,0.8725495338439941,0.0,0.667010486125946,0.0,1.1054058074951172,0.38459718227386475,0.559990644454956,3.524184226989746,29.48543930053711,28,289849,2.2786684036254883,,,,,,,,,,,
0.08566422015428543,2.021470785140991,0.6914061903953552,0.4994712471961975,2.7843892574310303,1.5162651538848877,0.34337013959884644,0.727884829044342,4.5096564292907715,42.06327438354492,28,289874,2.2786684036254883,,,,,,,,,,,
0.08566422015428543,1.8665908575057983,0.6914061307907104,0.58063805103302,2.781684398651123,0.9886491298675537,0.2918233871459961,0.41405972838401794,3.437553882598877,37.182830810546875,28,289899,2.2783706188201904,,,,,,,,,,,
0.1567378044128418,2.713925838470459,0.6914055347442627,0.5533187389373779,3.4660463333129883,0.21657238900661469,0.3161328434944153,1.023345947265625,2.1514346599578857,7.757107734680176,28,289924,2.2783706188201904,,,,,,,,,,,
0.1567378044128418,0.4806646406650543,0.0,1.549170732498169,0.0,0.4631396532058716,0.6873670220375061,0.2991319000720978,3.307016372680664,36.825374603271484,28,289949,3.282132863998413,,,,,,,,,,,
0.10172002017498016,1.9687833786010742,0.0,0.4949570298194885,0.0,1.6876791715621948,0.3908084034919739,0.2614445090293884,4.85175895690918,46.282833099365234,28,289974,3.282132863998413,,,,,,,,,,,
0.10172002017498016,2.046074628829956,0.6914046406745911,0.4528276324272156,3.524163246154785,0.04659130796790123,0.4325684905052185,0.5678490996360779,1.6276426315307617,3.986894130706787,28,289999,3.235696315765381,,,,,,,,,,,
,,,,,,,,,,28,289999,,2.1779096126556396,0.3963140547275543,0.7318736910820007,1.7297683954238892,0.8130680322647095,0.45362886786460876,0.9731410145759583,3.482320785522461,38.63100051879883,0.6681708693504333,5.505334854125977
31.86601448059082,2.371858835220337,0.6914061307907104,1.1054034233093262,3.1190133094787598,0.6230446100234985,0.49032825231552124,1.1576348543167114,3.584568738937378,36.02446746826172,29,290024,,,,,,,,,,,,
31.86601448059082,1.9142130613327026,0.0,0.8350438475608826,0.0,0.6586419939994812,0.38097769021987915,1.7206206321716309,3.1075692176818848,19.156343460083008,29,290049,3.7594451904296875,,,,,,,,,,,
0.0959559828042984,2.1549060344696045,0.6914061307907104,0.5326288342475891,2.7048611640930176,1.3676810264587402,0.46510612964630127,0.5753382444381714,4.406617641448975,44.06617736816406,29,290074,3.7594451904296875,,,,,,,,,,,
0.0959559828042984,2.5164237022399902,0.0,0.6425690650939941,0.0,1.6221637725830078,0.4989682734012604,0.4653128385543823,5.140791893005371,45.40224075317383,29,290099,3.7637076377868652,,,,,,,,,,,
0.16850942373275757,1.4245072603225708,0.69140625,0.8787007331848145,3.1010372638702393,0.9041242599487305,0.4258989095687866,1.2152706384658813,3.5712108612060547,57.139373779296875,29,290124,3.7637076377868652,,,,,,,,,,,
0.16850942373275757,1.6475539207458496,0.69140625,0.8650050163269043,3.025508165359497,0.6682178974151611,0.47790828347206116,1.1847739219665527,3.2038705348968506,48.271175384521484,29,290149,3.7396185398101807,,,,,,,,,,,
0.08852697908878326,1.2288175821304321,0.6914061307907104,0.6095953583717346,2.6654131412506104,0.9768489599227905,0.35822221636772156,0.1408490687608719,3.31681489944458,44.37596130371094,29,290174,3.7396185398101807,,,,,,,,,,,
0.08852697908878326,2.5871188640594482,0.6914061307907104,0.8620372414588928,3.965789556503296,0.989808976650238,0.5184827446937561,0.8787367939949036,4.175931453704834,41.12815475463867,29,290199,2.293332815170288,,,,,,,,,,,
0.1520596295595169,2.5115232467651367,0.0,0.4684883654117584,0.0,9.082361066248268e-05,0.47099900245666504,0.5370643138885498,1.6931260824203491,5.079378128051758,29,290224,2.293332815170288,,,,,,,,,,,
0.1520596295595169,1.868165373802185,0.6914061307907104,0.6461740136146545,2.9572219848632812,1.8517929315567017,0.4036182463169098,0.2840319275856018,5.343400001525879,57.55017852783203,29,290249,3.7762365341186523,,,,,,,,,,,
0.10015593469142914,1.609617829322815,0.0,0.9190958142280579,0.0,0.9298979640007019,0.4202539622783661,1.632650375366211,3.6820309162139893,52.071781158447266,29,290274,3.7762365341186523,,,,,,,,,,,
0.10015593469142914,1.2956196069717407,0.6914061307907104,0.5138603448867798,2.97320294380188,0.6032537221908569,0.3522454798221588,0.6514347791671753,2.4910314083099365,19.455577850341797,29,290299,2.782073974609375,,,,,,,,,,,
0.16023151576519012,1.8704278469085693,0.69140625,0.9188476204872131,3.0889573097229004,0.4402006268501282,0.383772075176239,1.457781434059143,2.775038957595825,44.4006233215332,29,290324,2.782073974609375,,,,,,,,,,,
0.16023151576519012,1.9798009395599365,0.0,1.0716710090637207,0.0,0.8000046610832214,0.5531163215637207,0.5426042079925537,3.818737030029297,45.66545104980469,29,290349,2.277120351791382,,,,,,,,,,,
0.08830185234546661,3.0717761516571045,0.0,0.7028375267982483,0.0,1.0445952415466309,0.6734235286712646,1.3204007148742676,4.386984348297119,39.725833892822266,29,290374,2.277120351791382,,,,,,,,,,,
0.08830185234546661,2.716606616973877,0.6914052963256836,0.5285417437553406,3.4842047691345215,0.0,0.314277708530426,1.5278507471084595,1.692643404006958,5.077930450439453,29,290399,2.7730484008789062,,,,,,,,,,,
0.15103936195373535,3.18794322013855,0.0,0.8189477324485779,0.0,0.22109854221343994,0.39549747109413147,1.3676272630691528,2.613025426864624,41.808406829833984,29,290424,2.7730484008789062,,,,,,,,,,,
0.15103936195373535,3.7349843978881836,0.6914061307907104,0.685012936592102,2.9434902667999268,0.9737148284912109,0.4405059218406677,0.4774293899536133,4.222878932952881,49.60759735107422,29,290449,3.7645418643951416,,,,,,,,,,,
0.11548119783401489,1.757370948791504,0.6914061903953552,0.6889797449111938,3.0586535930633545,0.40245670080184937,0.47129303216934204,0.2753354609012604,2.522984027862549,40.36774444580078,29,290474,3.7645418643951416,,,,,,,,,,,
0.11548119783401489,10.98288631439209,0.6914061903953552,0.9348315000534058,3.3062222003936768,0.5298173427581787,0.5567700862884521,1.2786051034927368,5.879164695739746,80.39636993408203,29,290499,2.2925362586975098,,,,,,,,,,,
0.16179940104484558,27.71729278564453,0.691405177116394,0.572404146194458,3.1946747303009033,0.16490580141544342,0.09019888937473297,1.9825118780136108,9.339550018310547,28.01865005493164,29,290524,2.2925362586975098,,,,,,,,,,,
0.16179940104484558,1.5766191482543945,0.0,0.6339579820632935,0.0,0.3017892837524414,0.45307502150535583,0.5341633558273315,2.163597345352173,25.60003089904785,29,290549,3.7547008991241455,,,,,,,,,,,
0.10790200531482697,1.9263341426849365,0.6914061903953552,0.9323645830154419,3.0680580139160156,0.3446134328842163,0.40133407711982727,2.0488905906677246,2.6315062046051025,42.10409927368164,29,290574,3.7547008991241455,,,,,,,,,,,
0.10790200531482697,13.54708480834961,0.6914056539535522,0.39932698011398315,3.168720245361328,3.444801041041501e-05,0.3865802586078644,0.3785335421562195,4.881788730621338,18.907087326049805,29,290599,2.7571616172790527,,,,,,,,,,,
0.15984779596328735,1.690838098526001,0.0,0.6622797250747681,0.0,1.1161469221115112,0.41652917861938477,0.3625679612159729,3.8183541297912598,25.03862190246582,29,290624,2.7571616172790527,,,,,,,,,,,
0.15984779596328735,3.0561270713806152,0.0,0.9174516201019287,0.0,0.2752390503883362,0.3575848937034607,1.3046220541000366,2.7423529624938965,41.68015670776367,29,290649,3.7451772689819336,,,,,,,,,,,
0.084128737449646,1.339248538017273,0.6914061903953552,1.056434154510498,3.036405086517334,0.7124825716018677,0.4058898091316223,0.3882071077823639,3.319427728652954,50.122257232666016,29,290674,3.7451772689819336,,,,,,,,,,,
0.084128737449646,1.723691701889038,0.6914061903953552,0.8952184915542603,2.983708381652832,0.387335866689682,0.4649302363395691,1.4629933834075928,2.68176531791687,42.90824508666992,29,290699,3.2599220275878906,,,,,,,,,,,
0.15438422560691833,0.8653027415275574,0.0,0.9119148254394531,0.0,0.4702867269515991,0.5661201477050781,1.9531869888305664,2.678199291229248,33.770809173583984,29,290724,3.2599220275878906,,,,,,,,,,,
0.15438422560691833,1.9765801429748535,0.0,0.786078691482544,0.0,0.4925011992454529,0.6373344659805298,0.5836434364318848,3.001389503479004,22.460342407226562,29,290749,3.268773078918457,,,,,,,,,,,
0.08461931347846985,0.9961738586425781,0.0,2.0936336517333984,0.0,0.30698949098587036,0.5625860095024109,2.9885716438293457,3.5690510272979736,57.10481643676758,29,290774,3.268773078918457,,,,,,,,,,,
0.08461931347846985,1.333641529083252,0.6914061903953552,0.6600444316864014,2.714054822921753,0.8518753051757812,0.4217221438884735,0.3609744906425476,3.212750196456909,46.223426818847656,29,290799,2.778954029083252,,,,,,,,,,,
0.16542330384254456,2.920987606048584,0.0,0.7912087440490723,0.0,1.288280963897705,0.7253158092498779,0.7286683320999146,4.969383239746094,22.223758697509766,29,290824,2.778954029083252,,,,,,,,,,,
0.16542330384254456,1.876539945602417,0.6914061903953552,0.5336547493934631,2.715003728866577,1.1505944728851318,0.31792378425598145,0.4681536853313446,3.742879629135132,40.6580810546875,29,290849,2.7886855602264404,,,,,,,,,,,
0.08509752154350281,1.5283493995666504,0.0,0.8880794048309326,0.0,1.8563563823699951,0.5240918397903442,1.3098602294921875,5.583388805389404,57.75502014160156,29,290874,2.7886855602264404,,,,,,,,,,,
0.08509752154350281,2.82222318649292,0.6914050579071045,0.3724839389324188,2.801482677459717,0.021184828132390976,0.32157576084136963,0.43505796790122986,1.611111044883728,4.556910037994385,29,290899,2.2771456241607666,,,,,,,,,,,
0.19092102348804474,0.7645108699798584,0.69140625,0.7826639413833618,3.7708373069763184,0.7083410024642944,0.517236590385437,0.6057761311531067,2.983644485473633,47.738311767578125,29,290924,2.2771456241607666,,,,,,,,,,,
0.19092102348804474,2.3295745849609375,0.6914056539535522,0.4132342040538788,3.6170079708099365,0.0004975945921614766,0.5818275213241577,0.45093536376953125,1.7310993671417236,6.4771809577941895,29,290949,2.2821366786956787,,,,,,,,,,,
0.08779840171337128,2.310241222381592,0.6914055347442627,0.3869937062263489,3.328529119491577,0.008992834948003292,0.4781683385372162,0.7390732765197754,1.6095054149627686,5.338125705718994,29,290974,2.2821366786956787,,,,,,,,,,,
0.08779840171337128,2.199362277984619,0.0,0.6615973711013794,0.0,1.333275556564331,0.28815758228302,0.6991863250732422,4.2761149406433105,36.03118133544922,29,290999,3.7690465450286865,,,,,,,,,,,
0.15586964786052704,2.8393054008483887,0.69140625,0.8599470853805542,3.0627098083496094,0.24209262430667877,0.5424352884292603,1.401437520980835,2.768986701965332,44.30378723144531,29,291024,3.7690465450286865,,,,,,,,,,,
0.15586964786052704,2.1473677158355713,0.0,0.7686667442321777,0.0,0.47450679540634155,0.5120962858200073,0.7944338917732239,2.8739871978759766,33.883811950683594,29,291049,3.2711832523345947,,,,,,,,,,,
0.09870125353336334,3.253804922103882,0.0,0.6598536372184753,0.0,0.2534749507904053,0.4416804909706116,1.020662546157837,2.584625482559204,9.318999290466309,29,291074,3.2711832523345947,,,,,,,,,,,
0.09870125353336334,3.4762372970581055,0.6914054155349731,0.5701280832290649,3.6635637283325195,0.0,0.5093666315078735,2.013014316558838,2.159001588821411,7.160598278045654,29,291099,3.262756824493408,,,,,,,,,,,
0.16402611136436462,1.2033147811889648,0.69140625,0.6734697818756104,2.9753150939941406,0.9888243675231934,0.3504781424999237,0.5218064785003662,3.3923444747924805,54.27751159667969,29,291124,3.262756824493408,,,,,,,,,,,
0.16402611136436462,1.4528617858886719,0.0,0.7987051010131836,0.0,1.232468605041504,0.5404461026191711,0.5762165188789368,4.2399468421936035,54.463104248046875,29,291149,3.7550735473632812,,,,,,,,,,,
0.08429063111543655,1.3299328088760376,0.69140625,0.7543834447860718,2.830951690673828,1.276886224746704,0.49149900674819946,0.605670690536499,4.226944446563721,67.63111114501953,29,291174,3.7550735473632812,,,,,,,,,,,
0.08429063111543655,1.1280385255813599,0.6914061903953552,0.8073922395706177,2.918487787246704,0.7080279588699341,0.4032881259918213,0.6798915266990662,2.994332790374756,47.909324645996094,29,291199,3.2752230167388916,,,,,,,,,,,
0.15449103713035583,0.7632681727409363,0.0,0.6844958066940308,0.0,0.5426768660545349,0.3718400001525879,0.4379679560661316,2.3706700801849365,37.930721282958984,29,291224,3.2752230167388916,,,,,,,,,,,
0.15449103713035583,1.7416605949401855,0.6914061307907104,0.6340830326080322,2.861935615539551,0.9288963079452515,0.39419034123420715,0.3458503186702728,3.437183380126953,43.61296844482422,29,291249,3.281179189682007,,,,,,,,,,,
0.08322784304618835,0.0,0.6914061307907104,0.0,0.0,1.1815054416656494,0.0005251208785921335,0.6621816158294678,2.3635361194610596,37.81657791137695,29,291274,3.281179189682007,,,,,,,,,,,
0.08322784304618835,2.0621395111083984,0.6914061307907104,0.6794614791870117,2.8501334190368652,1.4828202724456787,0.49558353424072266,0.6629714965820312,4.7878289222717285,53.5295524597168,29,291299,2.7802109718322754,,,,,,,,,,,
0.18939219415187836,1.475305438041687,0.0,1.156868577003479,0.0,0.8411038517951965,0.44467946887016296,0.926953911781311,3.7263474464416504,40.306610107421875,29,291324,2.7802109718322754,,,,,,,,,,,
0.18939219415187836,2.5032079219818115,0.0,0.6568902134895325,0.0,1.8792715072631836,0.5119062066078186,1.0954985618591309,5.678301811218262,51.419212341308594,29,291349,2.2721965312957764,,,,,,,,,,,
0.08904379606246948,1.5107324123382568,0.69140625,0.8777004480361938,2.96408748626709,0.6588281989097595,0.4546421468257904,1.280234932899475,3.132859468460083,50.12575149536133,29,291374,2.2721965312957764,,,,,,,,,,,
0.08904379606246948,2.0279932022094727,0.6914061307907104,0.8015814423561096,2.8463327884674072,1.158902883529663,0.4359329342842102,0.7676755785942078,4.192181587219238,50.30617904663086,29,291399,3.2855052947998047,,,,,,,,,,,
0.24565763771533966,1.0992330312728882,0.69140625,0.7650145292282104,2.671814441680908,1.271427869796753,0.4264502227306366,0.6233237385749817,4.090808391571045,65.45293426513672,29,291424,3.2855052947998047,,,,,,,,,,,
0.24565763771533966,1.3461353778839111,0.6914061307907104,0.6253455877304077,2.5223731994628906,0.6169808506965637,0.49037885665893555,0.5977230072021484,2.778750419616699,30.312589645385742,29,291449,3.4807116985321045,,,,,,,,,,,
0.08987189829349518,0.7197926640510559,0.0,0.8582387566566467,0.0,0.7528433799743652,0.4647713005542755,0.44263797998428345,3.0446345806121826,35.766357421875,29,291474,3.4807116985321045,,,,,,,,,,,
0.08987189829349518,1.3545525074005127,0.6914061903953552,0.6081933975219727,2.6243581771850586,0.5926058292388916,0.42038866877555847,0.38820552825927734,2.6464030742645264,41.67559814453125,29,291499,2.275378465652466,,,,,,,,,,,
0.17284151911735535,1.7723581790924072,0.6914061307907104,0.5236819982528687,2.7558374404907227,0.9421366453170776,0.3180316984653473,0.2668673098087311,3.285252809524536,34.9227180480957,29,291524,2.275378465652466,,,,,,,,,,,
0.17284151911735535,2.1876606941223145,0.0,0.8678306341171265,0.0,1.3745285272598267,0.4515143930912018,0.46280837059020996,4.724699974060059,57.283939361572266,29,291549,2.3008151054382324,,,,,,,,,,,
0.08509733527898788,0.9092089533805847,0.0,2.3111464977264404,0.0,0.822512149810791,0.48674044013023376,1.359519362449646,4.715673923492432,50.569969177246094,29,291574,2.3008151054382324,,,,,,,,,,,
0.08509733527898788,1.2065465450286865,0.0,0.6748204231262207,0.0,0.2647600769996643,0.3516443371772766,0.6723024249076843,1.9179489612579346,30.687183380126953,29,291599,2.7816593647003174,,,,,,,,,,,
0.18683023750782013,0.8853887915611267,0.69140625,0.6668579578399658,2.735610008239746,0.9280622005462646,0.3862076997756958,0.5213351845741272,3.202162742614746,51.23460388183594,29,291624,2.7816593647003174,,,,,,,,,,,
0.18683023750782013,2.5450656414031982,0.6914061307907104,0.7317479252815247,2.9278628826141357,1.1768525838851929,0.47153836488723755,1.3403518199920654,4.349790096282959,44.572086334228516,29,291649,2.28566837310791,,,,,,,,,,,
0.1506730318069458,2.2687549591064453,0.6914061307907104,0.6912887692451477,3.1010942459106445,0.5133247971534729,0.40510106086730957,0.7746672034263611,2.83467698097229,34.134029388427734,29,291674,2.28566837310791,,,,,,,,,,,
0.1506730318069458,2.230781316757202,0.6914050579071045,0.5228060483932495,3.246079206466675,3.146711605950259e-05,0.45880550146102905,0.9089036583900452,1.6833696365356445,4.761288166046143,29,291699,3.728083848953247,,,,,,,,,,,
0.19910405576229095,1.4872684478759766,0.69140625,0.7777007818222046,3.0326590538024902,0.5010883808135986,0.44713661074638367,0.8510676026344299,2.703521490097046,40.099700927734375,29,291724,3.728083848953247,,,,,,,,,,,
0.19910405576229095,1.8716919422149658,0.6914061307907104,0.6233513355255127,2.9445996284484863,1.142878532409668,0.405105322599411,0.43945828080177307,3.9051673412323,46.04124450683594,29,291749,2.7832510471343994,,,,,,,,,,,
0.09181663393974304,2.6138393878936768,0.0,0.5973732471466064,0.0,1.0972437858581543,0.588512659072876,1.2346020936965942,4.164525032043457,18.62432289123535,29,291774,2.7832510471343994,,,,,,,,,,,
0.09181663393974304,2.3675360679626465,0.6914054155349731,0.4147114157676697,3.505859375,0.002898214617744088,0.41764816641807556,1.3110188245773315,1.5834755897521973,5.007389545440674,29,291799,3.281167984008789,,,,,,,,,,,
0.15429803729057312,1.6808712482452393,0.6914061903953552,0.7437731027603149,2.951160192489624,0.6597111821174622,0.3745337426662445,1.0730178356170654,2.9715020656585693,40.41679763793945,29,291824,3.281167984008789,,,,,,,,,,,
0.15429803729057312,2.6573548316955566,0.6914061903953552,0.8382654190063477,2.901698350906372,1.3393794298171997,0.45926302671432495,1.5965652465820312,4.8025102615356445,58.028953552246094,29,291849,2.783560276031494,,,,,,,,,,,
0.10053184628486633,3.400824785232544,0.6914055347442627,0.6809103488922119,3.530231237411499,0.0018287773709744215,0.4223509132862091,1.1969084739685059,2.162468671798706,7.491011142730713,29,291874,2.783560276031494,,,,,,,,,,,
0.10053184628486633,2.33431339263916,0.0,0.8608713150024414,0.0,0.8431249856948853,0.6184333562850952,1.2697868347167969,3.8658485412597656,25.932899475097656,29,291899,2.7768051624298096,,,,,,,,,,,
0.17192856967449188,0.840144157409668,0.6914061307907104,0.7094367742538452,2.858025074005127,0.6888678073883057,0.3889959156513214,0.8106471300125122,2.756791830062866,27.1512508392334,29,291924,2.7768051624298096,,,,,,,,,,,
0.17192856967449188,2.7411210536956787,0.0,0.7609719038009644,0.0,1.6013121604919434,0.5766847133636475,0.8152956962585449,5.362617492675781,44.54524612426758,29,291949,3.768500328063965,,,,,,,,,,,
0.09576521813869476,1.433729648590088,0.6914061903953552,0.7922347187995911,3.0352118015289307,0.7751510739326477,0.33704057335853577,0.7947667837142944,3.1400487422943115,50.240779876708984,29,291974,3.768500328063965,,,,,,,,,,,
0.09576521813869476,1.2159273624420166,0.69140625,0.7190879583358765,2.8436031341552734,1.2848562002182007,0.46623921394348145,0.5156940221786499,4.148253440856934,66.37205505371094,29,291999,2.779520273208618,,,,,,,,,,,
0.1527114361524582,1.309391736984253,0.6914061903953552,0.7210769653320312,2.658644199371338,0.843488335609436,0.36816197633743286,0.5154168605804443,3.1956193447113037,48.674224853515625,29,292024,2.779520273208618,,,,,,,,,,,
0.1527114361524582,2.151395082473755,0.6914051175117493,0.4847569167613983,2.254617929458618,7.330610969802365e-06,0.35475173592567444,0.6693105697631836,1.5074880123138428,4.263819694519043,29,292049,2.771052598953247,,,,,,,,,,,
0.08575314283370972,1.0564625263214111,0.6914061903953552,0.6583566665649414,2.240246295928955,1.090562343597412,0.36174675822257996,0.20998714864253998,3.540569305419922,48.931644439697266,29,292074,2.771052598953247,,,,,,,,,,,
0.08575314283370972,1.446600079536438,0.6914061903953552,0.8770037889480591,3.021777629852295,0.5534234046936035,0.471700519323349,1.2205911874771118,2.9197490215301514,46.71598434448242,29,292099,3.2677366733551025,,,,,,,,,,,
0.1553649604320526,2.2275826930999756,0.0,0.5218080282211304,0.0,1.219390869140625,0.39448150992393494,0.4656636416912079,4.023345947265625,42.004966735839844,29,292124,3.2677366733551025,,,,,,,,,,,
0.1553649604320526,1.1275361776351929,0.0,0.8224747180938721,0.0,0.7034121751785278,0.4408048689365387,1.066227912902832,3.0083649158477783,31.263843536376953,29,292149,3.7743890285491943,,,,,,,,,,,
0.08692489564418793,2.7641568183898926,0.0,0.5428142547607422,0.0,0.13660626113414764,0.44639068841934204,0.948338508605957,2.0916645526885986,8.624154090881348,29,292174,3.7743890285491943,,,,,,,,,,,
0.08692489564418793,2.4560210704803467,0.0,0.5997636914253235,0.0,1.5030407905578613,0.42903804779052734,0.267859548330307,4.771689414978027,39.92281723022461,29,292199,3.772602081298828,,,,,,,,,,,
0.16037920117378235,1.1310160160064697,0.6914061307907104,0.4501629173755646,2.1939632892608643,1.1582534313201904,0.26590749621391296,0.23529499769210815,3.3938217163085938,33.252525329589844,29,292224,3.772602081298828,,,,,,,,,,,
0.16037920117378235,2.135678768157959,0.6914054155349731,0.6064743995666504,2.9725382328033447,0.0,0.25661173462867737,0.9156885743141174,1.533515214920044,5.086094856262207,29,292249,2.777172088623047,,,,,,,,,,,
3.2264413833618164,2.1866211891174316,0.6914059519767761,0.4792090952396393,3.4019546508789062,1.422176480293274,0.5423804521560669,0.9321457147598267,4.555948257446289,24.53453254699707,29,292274,2.777172088623047,,,,,,,,,,,
3.2264413833618164,1.8327999114990234,0.0,0.8989694714546204,0.0,0.3578004837036133,0.6255571246147156,1.3241620063781738,2.7899675369262695,36.696292877197266,29,292299,3.2746405601501465,,,,,,,,,,,
0.16131426393985748,2.4308927059173584,0.6914060711860657,0.6307163834571838,2.802826404571533,0.5382049083709717,0.39586129784584045,0.8101212978363037,2.860283613204956,25.26133918762207,29,292324,3.2746405601501465,,,,,,,,,,,
0.16131426393985748,1.87174391746521,0.6914061903953552,0.8853983879089355,3.600475311279297,1.2821687459945679,0.4035979211330414,0.840059220790863,4.450861930847168,71.21379089355469,29,292349,2.782679557800293,,,,,,,,,,,
0.16035443544387817,2.1911981105804443,0.6914052367210388,0.4776502251625061,3.015991449356079,0.00020509712339844555,0.49497413635253906,1.1004177331924438,1.660554051399231,4.981662273406982,29,292374,2.782679557800293,,,,,,,,,,,
0.16035443544387817,1.29689359664917,0.0,1.581374168395996,0.0,0.933508038520813,0.4737672805786133,1.2232000827789307,4.311225891113281,68.9796142578125,29,292399,3.270824670791626,,,,,,,,,,,
0.15406283736228943,1.0031037330627441,0.6914061903953552,0.6609599590301514,2.814239501953125,1.2047897577285767,0.3636835515499115,0.23650260269641876,3.763296365737915,59.26445007324219,29,292424,3.270824670791626,,,,,,,,,,,
0.15406283736228943,1.8242976665496826,0.69140625,0.6103467345237732,2.959437370300293,1.1469208002090454,0.4566970467567444,0.705792248249054,3.9377689361572266,50.27406692504883,29,292449,2.2805063724517822,,,,,,,,,,,
0.08965408802032471,1.3532562255859375,0.0,1.724292278289795,0.0,0.6311867833137512,0.5163909196853638,0.8724364638328552,3.9090332984924316,62.544532775878906,29,292474,2.2805063724517822,,,,,,,,,,,
0.08965408802032471,1.0139039754867554,0.6914061307907104,0.6116255521774292,2.6208910942077637,0.46161895990371704,0.4061339199542999,0.3788808584213257,2.2713775634765625,20.568199157714844,29,292499,2.2837047576904297,,,,,,,,,,,
0.15458057820796967,0.7414719462394714,0.0,0.5702711343765259,0.0,0.9925864934921265,0.3466879427433014,0.1209443062543869,3.1245737075805664,49.99317932128906,29,292524,2.2837047576904297,,,,,,,,,,,
0.15458057820796967,3.608551025390625,0.0,0.8535088300704956,0.0,0.8388741612434387,0.6897290945053101,1.4979255199432373,4.30355167388916,33.611812591552734,29,292549,2.7842674255371094,,,,,,,,,,,
0.10431044548749924,1.1408565044403076,0.6914061903953552,0.8114806413650513,3.213233232498169,0.7505368590354919,0.34035009145736694,1.0533382892608643,3.0272936820983887,48.43669891357422,29,292574,2.7842674255371094,,,,,,,,,,,
0.10431044548749924,1.3786871433258057,0.69140625,0.5628726482391357,2.5392119884490967,0.8428387641906738,0.3720090091228485,0.5296764969825745,3.0595576763153076,40.1257209777832,29,292599,3.768678665161133,,,,,,,,,,,
0.16451098024845123,3.4198131561279297,0.6914058923721313,0.8257976174354553,4.0874552726745605,0.5717184543609619,0.3225277364253998,1.0854986906051636,3.3585808277130127,16.792903900146484,29,292624,3.768678665161133,,,,,,,,,,,
0.16451098024845123,1.7535789012908936,0.6914061307907104,0.7643706798553467,3.1209018230438232,0.8962246179580688,0.5007025003433228,0.4482305943965912,3.614805221557617,42.77095413208008,29,292649,2.770681381225586,,,,,,,,,,,
0.0878240242600441,1.627005934715271,0.6914058327674866,0.2894730567932129,2.4688174724578857,0.00014054399798624218,0.13458244502544403,0.2894012928009033,0.937126636505127,4.685633182525635,29,292674,2.770681381225586,,,,,,,,,,,
0.0878240242600441,2.463667392730713,0.0,0.7169656157493591,0.0,1.1783013343811035,0.4866237938404083,0.3980409502983093,4.29929256439209,51.948551177978516,29,292699,3.2714664936065674,,,,,,,,,,,
0.1612665206193924,2.4263696670532227,0.0,0.9389821290969849,0.0,0.5627027750015259,0.5773754119873047,1.9996967315673828,3.36967396736145,47.29562759399414,29,292724,3.2714664936065674,,,,,,,,,,,
0.1612665206193924,1.988778829574585,0.0,1.589134931564331,0.0,0.3294445872306824,0.2947447597980499,1.8202521800994873,3.1394026279449463,32.77632522583008,29,292749,2.281609058380127,,,,,,,,,,,
0.08490661531686783,2.052436351776123,0.6914061903953552,0.6154992580413818,2.8464550971984863,1.3540425300598145,0.37918683886528015,0.6909633874893188,4.346966743469238,41.23894500732422,29,292774,2.281609058380127,,,,,,,,,,,
0.08490661531686783,1.202911376953125,0.6914061903953552,0.800767183303833,2.821852684020996,0.7149123549461365,0.41279855370521545,0.5615214705467224,3.032482385635376,48.519718170166016,29,292799,3.7656426429748535,,,,,,,,,,,
0.16286835074424744,2.272327423095703,0.6914061903953552,0.6753469705581665,3.2124838829040527,1.2541916370391846,0.4532516598701477,1.0433930158615112,4.350805282592773,54.3415412902832,29,292824,3.7656426429748535,,,,,,,,,,,
0.16286835074424744,1.5342047214508057,0.0,0.7568612098693848,0.0,0.6208704710006714,0.5978978276252747,1.1874995231628418,3.0567615032196045,35.38457489013672,29,292849,3.3099629878997803,,,,,,,,,,,
0.08902774751186371,1.9526424407958984,0.0,0.7484278678894043,0.0,0.7258329391479492,0.4872942268848419,0.7558470964431763,3.2731807231903076,35.40486526489258,29,292874,3.3099629878997803,,,,,,,,,,,
0.08902774751186371,0.8265187740325928,0.0,0.6678019762039185,0.0,1.378244161605835,0.3639047145843506,0.32565048336982727,4.036150932312012,64.57841491699219,29,292899,3.76438570022583,,,,,,,,,,,
0.16299808025360107,1.8972465991973877,0.0,0.5545195937156677,0.0,0.7413226366043091,0.5071558356285095,0.2970370948314667,3.113494873046875,38.2592658996582,29,292924,3.76438570022583,,,,,,,,,,,
0.16299808025360107,1.6547160148620605,0.0,0.80496746301651,0.0,1.2218565940856934,0.6389302611351013,0.6316487789154053,4.384025573730469,61.06241226196289,29,292949,2.2721989154815674,,,,,,,,,,,
0.08731937408447266,2.384470224380493,0.6914052963256836,0.5089993476867676,3.0030429363250732,0.07098245620727539,0.6167711615562439,1.6092519760131836,2.0131070613861084,6.039320945739746,29,292974,2.2721989154815674,,,,,,,,,,,
0.08731937408447266,1.79301917552948,0.6914053559303284,0.3701670169830322,2.819232225418091,0.0,0.20304493606090546,0.741254448890686,1.1393100023269653,3.4179301261901855,29,292999,2.772728443145752,,,,,,,,,,,
0.17421932518482208,2.0913443565368652,0.0,0.6342037916183472,0.0,0.5445730686187744,0.3250631093978882,0.7263420224189758,2.675816535949707,10.011988639831543,29,293024,2.772728443145752,,,,,,,,,,,
0.17421932518482208,1.8041858673095703,0.0,0.969622015953064,0.0,0.2455233633518219,0.47777530550956726,0.8016500473022461,2.4796998500823975,14.244791030883789,29,293049,3.2672698497772217,,,,,,,,,,,
0.09271648526191711,1.7497925758361816,0.0,0.5860403776168823,0.0,0.5796715021133423,0.4844242036342621,1.1832607984542847,2.7547452449798584,37.16354751586914,29,293074,3.2672698497772217,,,,,,,,,,,
0.09271648526191711,2.2207770347595215,0.0,1.2729164361953735,0.0,1.31012761592865,0.5208589434623718,1.266597867012024,5.080263614654541,56.799072265625,29,293099,2.7859654426574707,,,,,,,,,,,
0.1854274868965149,0.9184232950210571,0.0,0.6096227169036865,0.0,1.1172277927398682,0.3388940095901489,0.2493361234664917,3.4584994316101074,47.5465087890625,29,293124,2.7859654426574707,,,,,,,,,,,
0.1854274868965149,2.344452381134033,0.0,0.8341293334960938,0.0,0.9415503740310669,0.5642606616020203,1.2586262226104736,3.9848265647888184,45.08316421508789,29,293149,2.7754628658294678,,,,,,,,,,,
0.0934557169675827,2.636373996734619,0.6914055347442627,0.5293764472007751,3.472712278366089,4.864633560180664,0.47044768929481506,1.339573860168457,11.554730415344238,36.53926467895508,29,293174,2.7754628658294678,,,,,,,,,,,
0.0934557169675827,3.258193016052246,0.0,0.7847690582275391,0.0,1.5850352048873901,0.6742205023765564,0.7670612931251526,5.606518268585205,46.57123565673828,29,293199,3.2635562419891357,,,,,,,,,,,
0.1530078798532486,2.340806245803833,0.0,0.5068682432174683,0.0,0.0,0.5341878533363342,1.0264688730239868,1.743298053741455,5.229894161224365,29,293224,3.2635562419891357,,,,,,,,,,,
0.1530078798532486,1.1884465217590332,0.69140625,0.8497192859649658,3.5245299339294434,1.23987877368927,0.47095218300819397,0.7471718788146973,4.192208290100098,67.07533264160156,29,293249,2.7673168182373047,,,,,,,,,,,
0.14251798391342163,1.9480347633361816,0.0,0.8340843915939331,0.0,0.9594959616661072,0.5897337794303894,0.5155636072158813,3.927220582962036,41.74692916870117,29,293274,2.7673168182373047,,,,,,,,,,,
0.14251798391342163,0.8940142393112183,0.69140625,0.735613226890564,2.85591983795166,0.7477645874023438,0.4117595851421356,0.5740770697593689,2.9396655559539795,47.03464889526367,29,293299,2.777904510498047,,,,,,,,,,,
0.1558503657579422,1.3988529443740845,0.6914060711860657,0.6760402917861938,3.3596794605255127,0.7378871440887451,0.4688693881034851,0.8102033138275146,3.073936700820923,19.196727752685547,29,293324,2.777904510498047,,,,,,,,,,,
0.1558503657579422,1.015412449836731,0.69140625,0.9532406330108643,3.1016619205474854,0.7307289838790894,0.4838239550590515,2.4261116981506348,3.2341630458831787,51.74660873413086,29,293349,2.770442008972168,,,,,,,,,,,
3.184079170227051,1.9296671152114868,0.6914061903953552,0.9083061218261719,3.362429141998291,0.48916012048721313,0.40144258737564087,1.1872923374176025,2.9005932807922363,41.73227310180664,29,293374,2.770442008972168,,,,,,,,,,,
3.184079170227051,2.438417673110962,0.6914052963256836,0.5163190364837646,3.0255677700042725,10.154314041137695,0.5871363878250122,1.8663058280944824,22.173864364624023,66.52159118652344,29,293399,2.7748403549194336,,,,,,,,,,,
0.15867045521736145,3.4490175247192383,0.6914055347442627,0.6886327266693115,3.5360050201416016,2.299060106277466,0.5364362597465515,1.04520583152771,6.893254280090332,23.87893295288086,29,293424,2.7748403549194336,,,,,,,,,,,
0.15867045521736145,2.8090946674346924,0.6914047002792358,0.49957817792892456,3.511507034301758,0.0,0.309853196144104,1.6621060371398926,1.6872749328613281,4.132962703704834,29,293449,3.7407748699188232,,,,,,,,,,,
0.08977289497852325,2.034886598587036,0.0,0.7454798221588135,0.0,1.1612467765808105,0.4920583963394165,0.9578791260719299,4.170497894287109,43.74055099487305,29,293474,3.7407748699188232,,,,,,,,,,,
0.08977289497852325,2.2106919288635254,0.0,0.751379132270813,0.0,1.4531021118164062,0.42890337109565735,1.1818783283233643,4.74969482421875,47.01958084106445,29,293499,3.2721409797668457,,,,,,,,,,,
0.15733380615711212,1.9547725915908813,0.6914058923721313,0.40446585416793823,3.00044322013855,1.073931336402893,0.39638790488243103,0.7331366539001465,3.565152406692505,17.465608596801758,29,293524,3.2721409797668457,,,,,,,,,,,
0.15733380615711212,2.040064573287964,0.0,0.9954386353492737,0.0,1.501301884651184,0.6742851734161377,0.36450210213661194,5.284346580505371,42.27477264404297,29,293549,3.757889986038208,,,,,,,,,,,
0.08566845208406448,1.9248902797698975,0.6914061307907104,0.7390086650848389,3.0579185485839844,1.4895639419555664,0.4733465611934662,1.2138876914978027,4.799529552459717,59.17257308959961,29,293574,3.757889986038208,,,,,,,,,,,
0.08566845208406448,1.1711704730987549,0.6914061903953552,0.531712532043457,2.3375487327575684,1.3128360509872437,0.3816322982311249,0.2242916077375412,3.913743495941162,53.088600158691406,29,293599,3.7678635120391846,,,,,,,,,,,
0.15913815796375275,2.201899528503418,0.0,0.5969376564025879,0.0,0.5293490290641785,0.4222465455532074,0.20140811800956726,2.7384519577026367,13.692259788513184,29,293624,3.7678635120391846,,,,,,,,,,,
0.15913815796375275,2.7488338947296143,0.0,0.7098016738891602,0.0,0.5148815512657166,0.5523051619529724,1.017545223236084,3.116520404815674,12.070232391357422,29,293649,2.2880284786224365,,,,,,,,,,,
0.10068538784980774,1.2564178705215454,0.6914061307907104,0.7095297574996948,3.010294198989868,1.2871787548065186,0.42787694931030273,1.0243562459945679,4.118792533874512,48.384857177734375,29,293674,2.2880284786224365,,,,,,,,,,,
0.10068538784980774,2.577678680419922,0.6914056539535522,0.5296361446380615,4.273419380187988,1.182456612586975,0.2293359637260437,1.889472246170044,3.939923048019409,15.259256362915039,29,293699,3.7533655166625977,,,,,,,,,,,
0.15148717164993286,1.0544968843460083,0.0,0.641324520111084,0.0,0.9235622882843018,0.46061402559280396,0.5101941227912903,3.2654120922088623,27.70793914794922,29,293724,3.7533655166625977,,,,,,,,,,,
0.15148717164993286,2.0400519371032715,0.0,0.8311612606048584,0.0,0.9147456288337708,0.560926616191864,0.6356257796287537,3.833594799041748,36.77054977416992,29,293749,3.2803118228912354,,,,,,,,,,,
0.0890577882528305,2.6344544887542725,0.0,0.7121121883392334,0.0,1.2866244316101074,0.6741390824317932,0.5089353919029236,4.749836444854736,44.80986785888672,29,293774,3.2803118228912354,,,,,,,,,,,
0.0890577882528305,2.8525304794311523,0.6914057731628418,0.6234265565872192,3.598114013671875,1.6117300987243652,0.4002336263656616,0.9943940043449402,5.138861179351807,22.399778366088867,29,293799,2.7768988609313965,,,,,,,,,,,
0.1726870834827423,2.104201078414917,0.0,0.6487529873847961,0.0,1.5701969861984253,0.48900890350341797,0.4418186545372009,4.909416198730469,42.23239517211914,29,293824,2.7768988609313965,,,,,,,,,,,
0.1726870834827423,1.826761245727539,0.6914061903953552,0.8728489875793457,3.0407755374908447,0.7291607856750488,0.43651771545410156,1.4689123630523682,3.3461246490478516,46.001609802246094,29,293849,2.294600009918213,,,,,,,,,,,
0.08776435256004333,2.5060322284698486,0.0,0.4848695397377014,0.0,1.6725671291351318,0.4531428813934326,0.689775288105011,5.034956932067871,39.64529037475586,29,293874,2.294600009918213,,,,,,,,,,,
0.08776435256004333,2.228698253631592,0.691405177116394,0.5417155027389526,3.355350971221924,0.03373231366276741,0.6714328527450562,0.6460608839988708,1.9827759265899658,5.608137130737305,29,293899,2.2853641510009766,,,,,,,,,,,
0.16458480060100555,0.9558725357055664,0.69140625,0.7417709231376648,2.959573268890381,0.4953230619430542,0.3983922600746155,0.5202995538711548,2.447166919708252,39.15467071533203,29,293924,2.2853641510009766,,,,,,,,,,,
0.16458480060100555,2.4152283668518066,0.6914061307907104,0.7672961950302124,3.90864634513855,1.452211856842041,0.5288058519363403,0.40317100286483765,4.9641804695129395,48.89150619506836,29,293949,3.27293062210083,,,,,,,,,,,
0.0882880687713623,1.1573773622512817,0.69140625,0.6532851457595825,2.7228646278381348,1.1057913303375244,0.3886498808860779,0.21302196383476257,3.6279594898223877,58.0473518371582,29,293974,3.27293062210083,,,,,,,,,,,
0.0882880687713623,1.101816177368164,0.0,0.6077573299407959,0.0,1.1105127334594727,0.4306281805038452,0.13873684406280518,3.5899558067321777,57.439292907714844,29,293999,3.762727975845337,,,,,,,,,,,
0.15998578071594238,2.436056613922119,0.6914061307907104,0.7505479454994202,3.25542950630188,1.5721428394317627,0.40252551436424255,0.5683271884918213,5.060730457305908,60.51753234863281,29,294024,3.762727975845337,,,,,,,,,,,
0.15998578071594238,1.7033257484436035,0.6914061903953552,0.7117852568626404,3.238224983215332,1.1708420515060425,0.4402744174003601,0.5100638270378113,4.037123680114746,50.58501434326172,29,294049,3.2804248332977295,,,,,,,,,,,
0.09802263230085373,1.7626571655273438,0.6914061307907104,0.5940996408462524,2.766068935394287,1.0933139324188232,0.4122147858142853,0.4912181794643402,3.7494001388549805,39.1448860168457,29,294074,3.2804248332977295,,,,,,,,,,,
0.09802263230085373,1.6665458679199219,0.69140625,0.7990896105766296,3.0690157413482666,1.1379046440124512,0.5007421374320984,0.7553571462631226,4.106295108795166,65.18541717529297,29,294099,3.744325637817383,,,,,,,,,,,
0.16570743918418884,2.761496067047119,0.0,1.1736050844192505,0.0,1.520531177520752,0.6269716620445251,1.4422651529312134,5.670088291168213,35.86078643798828,29,294124,3.744325637817383,,,,,,,,,,,
0.16570743918418884,2.294173240661621,0.0,0.5153595209121704,0.0,0.00017227749049197882,0.6594141721725464,0.3310278356075287,1.8633701801300049,8.936409950256348,29,294149,3.2575817108154297,,,,,,,,,,,
0.13512462377548218,0.9053390026092529,0.6914061903953552,0.5330111980438232,2.3383312225341797,0.8038105368614197,0.3811890184879303,0.5133212208747864,2.8168063163757324,37.04930114746094,29,294174,3.2575817108154297,,,,,,,,,,,
0.13512462377548218,0.9679195880889893,0.69140625,0.813025951385498,2.804680824279785,0.6346278190612793,0.4482877850532532,0.7322657108306885,2.848992109298706,45.5838737487793,29,294199,2.2867562770843506,,,,,,,,,,,
0.15920573472976685,2.163302421569824,0.6914061903953552,0.7861647605895996,2.9586684703826904,0.7665613889694214,0.44360876083374023,1.140689492225647,3.4414737224578857,45.65631103515625,29,294224,2.2867562770843506,,,,,,,,,,,
0.15920573472976685,1.465456485748291,0.6914061903953552,0.7442663908004761,2.9961037635803223,0.7603338956832886,0.4541942775249481,1.3646010160446167,3.1887264251708984,41.45344543457031,29,294249,2.76945424079895,,,,,,,,,,,
0.08638648688793182,0.7491740584373474,0.0,0.8062907457351685,0.0,0.45677104592323303,0.4082849323749542,0.6566894054412842,2.352869987487793,37.64591979980469,29,294274,2.76945424079895,,,,,,,,,,,
0.08638648688793182,1.9287211894989014,0.0,0.8799680471420288,0.0,0.623075544834137,0.5216421484947205,0.920996904373169,3.2263777256011963,51.62204360961914,29,294299,2.783766269683838,,,,,,,,,,,
0.16555942595005035,1.096311092376709,0.0,0.6363347768783569,0.0,0.8550314903259277,0.418776273727417,0.3730784058570862,3.094067335128784,49.50507736206055,29,294324,2.783766269683838,,,,,,,,,,,
0.16555942595005035,2.4320597648620605,0.6914061307907104,0.9016709327697754,3.1900217533111572,0.0002708513929974288,0.39060431718826294,1.0176211595535278,2.054335117340088,21.15067481994629,29,294349,2.7834839820861816,,,,,,,,,,,
0.09925273060798645,2.974181652069092,0.6914061307907104,0.7801752090454102,3.111593723297119,1.487675428390503,0.36548566818237305,1.1263240575790405,5.044382095336914,42.50471878051758,29,294374,2.7834839820861816,,,,,,,,,,,
0.09925273060798645,2.4073991775512695,0.0,0.5864449739456177,0.0,0.005619819741696119,0.5954710841178894,1.7260050773620605,1.9153754711151123,12.41305160522461,29,294399,2.278623580932617,,,,,,,,,,,
0.15625686943531036,1.7435035705566406,0.69140625,0.8109204173088074,3.064228057861328,1.555009126663208,0.4955061078071594,0.8624078035354614,4.9701385498046875,78.74180603027344,29,294424,2.278623580932617,,,,,,,,,,,
0.15625686943531036,1.8261981010437012,0.0,0.6814196109771729,0.0,1.3160672187805176,0.45869180560112,0.6207255125045776,4.320105075836182,46.72908401489258,29,294449,2.7843658924102783,,,,,,,,,,,
0.0905681848526001,2.2989368438720703,0.6914061307907104,0.6308846473693848,3.024674892425537,1.632517695426941,0.3609226942062378,0.7953882813453674,4.976770401000977,46.68624496459961,29,294474,2.7843658924102783,,,,,,,,,,,
0.0905681848526001,0.0,0.6914016008377075,0.024612408131361008,1.4355357885360718,0.0,0.101209856569767,1.3073683977127075,0.1401776224374771,0.24279476702213287,29,294499,3.752873182296753,,,,,,,,,,,
0.18471281230449677,2.0797245502471924,0.6914061307907104,0.6864709854125977,2.984686851501465,1.161092758178711,0.44457313418388367,0.3920190930366516,4.106993675231934,45.73354721069336,29,294524,3.752873182296753,,,,,,,,,,,
0.18471281230449677,2.1348090171813965,0.6914061903953552,0.9292374849319458,3.0591251850128174,1.0825365781784058,0.43804997205734253,2.917335033416748,4.203394412994385,63.88606262207031,29,294549,2.2817301750183105,,,,,,,,,,,
0.09294134378433228,2.074679374694824,0.6914060711860657,0.46751779317855835,2.574317693710327,1.012216567993164,0.37265920639038086,0.25908389687538147,3.5127573013305664,29.806732177734375,29,294574,2.2817301750183105,,,,,,,,,,,
0.09294134378433228,1.2091739177703857,0.0,0.7816676497459412,0.0,0.32006198167800903,0.48270848393440247,0.701269268989563,2.2672524452209473,36.276039123535156,29,294599,2.285749673843384,,,,,,,,,,,
0.2033674120903015,1.9999114274978638,0.6914061307907104,0.5922638177871704,2.828035831451416,1.054282784461975,0.3379587233066559,0.7251160144805908,3.6670420169830322,42.76469039916992,29,294624,2.285749673843384,,,,,,,,,,,
0.2033674120903015,1.7285821437835693,0.0,0.685192346572876,0.0,1.51817786693573,0.6915507912635803,0.33741506934165955,4.931673526763916,51.72382736206055,29,294649,2.281494617462158,,,,,,,,,,,
0.10203105211257935,0.5579478144645691,0.69140625,0.8304892778396606,2.8517820835113525,0.7310965061187744,0.3922576606273651,0.40499255061149597,2.8808422088623047,46.093475341796875,29,294674,2.281494617462158,,,,,,,,,,,
0.10203105211257935,2.231781482696533,0.0,0.7087537050247192,0.0,0.7042936086654663,0.4574184715747833,1.1081013679504395,3.244293689727783,33.7156867980957,29,294699,3.273634195327759,,,,,,,,,,,
0.1691005378961563,2.5201926231384277,0.0,0.47550076246261597,0.0,0.61851966381073,0.4826391637325287,1.0209721326828003,2.9512369632720947,8.347358703613281,29,294724,3.273634195327759,,,,,,,,,,,
0.1691005378961563,1.7289304733276367,0.6914061903953552,0.5330625176429749,2.6751668453216553,0.8135812878608704,0.36342981457710266,0.5719231367111206,3.0690855979919434,41.517818450927734,29,294749,3.2902655601501465,,,,,,,,,,,
0.15012803673744202,1.4818755388259888,0.69140625,0.7036176919937134,3.4047975540161133,0.8321612477302551,0.3717058300971985,0.4487157464027405,3.218256711959839,51.49210739135742,29,294774,3.2902655601501465,,,,,,,,,,,
0.15012803673744202,2.3953351974487305,0.0,0.7208892107009888,0.0,0.34626638889312744,0.35195791721343994,1.8147454261779785,2.483980655670166,39.743690490722656,29,294799,3.7587313652038574,,,,,,,,,,,
0.23071223497390747,3.3311104774475098,0.0,0.616344153881073,0.0,2.3837087326228357e-07,0.46928203105926514,0.3792129456996918,2.0849599838256836,5.897157192230225,29,294824,3.7587313652038574,,,,,,,,,,,
0.23071223497390747,0.7832251787185669,0.0,0.4916534423828125,0.0,1.0872220993041992,0.27698177099227905,0.12263965606689453,3.1780471801757812,50.8487548828125,29,294849,3.7740979194641113,,,,,,,,,,,
0.11925521492958069,3.274142265319824,0.0,0.6955457329750061,0.0,0.9685983657836914,0.6349266171455383,1.0276128053665161,4.249911785125732,15.901714324951172,29,294874,3.7740979194641113,,,,,,,,,,,
0.11925521492958069,1.9722093343734741,0.0,0.6650897264480591,0.0,0.47346943616867065,0.48733699321746826,0.7270441651344299,2.691028594970703,31.726760864257812,29,294899,3.7528066635131836,,,,,,,,,,,
0.1538708508014679,1.2761425971984863,0.0,1.5556185245513916,0.0,0.4470359683036804,0.4639982581138611,1.3457646369934082,3.2965316772460938,52.7445068359375,29,294924,3.7528066635131836,,,,,,,,,,,
0.1538708508014679,0.0,0.6914040446281433,0.18873384594917297,2.6800246238708496,0.0,0.7188516855239868,1.0700997114181519,0.9343857765197754,1.8687715530395508,29,294949,2.770354986190796,,,,,,,,,,,
0.09455753862857819,1.1201404333114624,0.0,0.47855836153030396,0.0,0.9612016677856445,0.16633276641368866,0.15265518426895142,2.903336524963379,17.420019149780273,29,294974,2.770354986190796,,,,,,,,,,,
0.09455753862857819,2.7327113151550293,0.6914061307907104,0.9761061668395996,2.9932756423950195,1.0749449729919434,0.4940360486507416,0.7694723606109619,4.469778537750244,45.80160140991211,29,294999,3.7721073627471924,,,,,,,,,,,
0.1616295874118805,1.0766735076904297,0.6914032697677612,0.20844249427318573,2.567436933517456,0.0,0.535009503364563,0.8824328184127808,1.0921283960342407,1.8916218280792236,29,295024,3.7721073627471924,,,,,,,,,,,
0.1616295874118805,1.3671432733535767,0.69140625,0.7110373973846436,2.931302547454834,1.0838901996612549,0.4108613133430481,0.6001187562942505,3.729135036468506,58.250953674316406,29,295049,3.776989459991455,,,,,,,,,,,
0.09424813836812973,2.5538582801818848,0.6914055347442627,0.5377254486083984,3.2623252868652344,0.05629388615489006,0.57566237449646,0.3175077736377716,2.02475643157959,7.0139617919921875,29,295074,3.776989459991455,,,,,,,,,,,
0.09424813836812973,1.4359827041625977,0.0,0.7299737930297852,0.0,1.0516175031661987,0.531714916229248,0.36750805377960205,3.7957186698913574,60.73149871826172,29,295099,2.7814691066741943,,,,,,,,,,,
0.2230178713798523,1.1575140953063965,0.69140625,0.9249427318572998,2.990621566772461,0.7458322644233704,0.5271722078323364,1.1413743495941162,3.3209400177001953,53.135040283203125,29,295124,2.7814691066741943,,,,,,,,,,,
0.2230178713798523,1.7979638576507568,0.69140625,0.9341626167297363,3.06750226020813,0.7792413234710693,0.37805643677711487,0.6314606666564941,3.440765857696533,46.92578887939453,29,295149,3.271824598312378,,,,,,,,,,,
0.08960412442684174,1.7781991958618164,0.6914060711860657,0.6306191682815552,3.1379547119140625,0.7340672016143799,0.40460526943206787,1.3055576086044312,3.0681982040405273,21.477386474609375,29,295174,3.271824598312378,,,,,,,,,,,
0.08960412442684174,0.6301212310791016,0.0,0.7785995602607727,0.0,0.7078684568405151,0.22437481582164764,0.5697653293609619,2.6077475547790527,41.723960876464844,29,295199,2.7801294326782227,,,,,,,,,,,
0.1582573801279068,2.3300962448120117,0.6914059519767761,0.7685415744781494,3.252333402633667,0.7091995477676392,0.5505815744400024,1.992908239364624,3.4690747261047363,19.314990997314453,29,295224,2.7801294326782227,,,,,,,,,,,
0.1582573801279068,1.0670276880264282,0.69140625,0.5638188719749451,2.628523111343384,1.216280460357666,0.27871260046958923,0.36528390645980835,3.621485948562622,54.56318664550781,29,295249,3.278149366378784,,,,,,,,,,,
0.0955594927072525,1.8580913543701172,0.6914055347442627,0.49627143144607544,3.3399882316589355,4.946718763676472e-05,0.2753011882305145,1.084662914276123,1.3624987602233887,5.449995040893555,29,295274,3.278149366378784,,,,,,,,,,,
0.0955594927072525,2.003432273864746,0.6914061307907104,0.669663667678833,3.26340651512146,1.0374705791473389,0.49219977855682373,1.1218770742416382,3.8704681396484375,40.03643035888672,29,295299,2.772611379623413,,,,,,,,,,,
0.1639489084482193,1.1480320692062378,0.0,0.7202852964401245,0.0,0.8017696142196655,0.42080119252204895,0.8142427802085876,3.0890352725982666,41.90171432495117,29,295324,2.772611379623413,,,,,,,,,,,
0.1639489084482193,1.9725215435028076,0.6914061307907104,1.0105812549591064,3.8952295780181885,0.6010462045669556,0.3348441421985626,0.6222726702690125,3.1782264709472656,22.918516159057617,29,295349,3.748511552810669,,,,,,,,,,,
0.09459487348794937,2.9441404342651367,0.0,0.7860504388809204,0.0,1.0666247606277466,0.5440560579299927,0.907772421836853,4.346598148345947,36.625083923339844,29,295374,3.748511552810669,,,,,,,,,,,
0.09459487348794937,1.3213753700256348,0.69140625,0.8396443128585815,2.9094250202178955,0.9749215841293335,0.43115460872650146,0.766979992389679,3.646149158477783,58.33838653564453,29,295399,2.7648770809173584,,,,,,,,,,,
0.1626841425895691,3.141524314880371,0.0,0.9021050930023193,0.0,0.3037205934524536,0.6178545355796814,1.3635940551757812,3.0698580741882324,32.48832321166992,29,295424,2.7648770809173584,,,,,,,,,,,
0.1626841425895691,1.3618698120117188,0.0,0.878018319606781,0.0,1.3635494709014893,0.4584762752056122,1.2641242742538452,4.472154140472412,71.5544662475586,29,295449,2.286540985107422,,,,,,,,,,,
0.09378127008676529,2.9124224185943604,0.6914061307907104,1.1325109004974365,2.8553812503814697,0.6011761426925659,0.40467455983161926,2.3562588691711426,3.6418182849884033,44.899349212646484,29,295474,2.286540985107422,,,,,,,,,,,
0.09378127008676529,1.7124013900756836,0.0,0.7204674482345581,0.0,1.0014177560806274,0.4709678292274475,0.6028741598129272,3.707991123199463,37.814239501953125,29,295499,3.2819838523864746,,,,,,,,,,,
0.18298935890197754,1.1239798069000244,0.0,0.8096604347229004,0.0,0.7780114412307739,0.44345521926879883,0.9019769430160522,3.1463325023651123,50.3413200378418,29,295524,3.2819838523864746,,,,,,,,,,,
0.18298935890197754,2.7271933555603027,0.691405713558197,0.512177586555481,3.3986220359802246,1.0276811122894287,0.38465645909309387,0.9705705046653748,3.804340362548828,16.582735061645508,29,295549,2.2899155616760254,,,,,,,,,,,
0.08848864585161209,2.0170183181762695,0.0,0.9203287363052368,0.0,0.5301901698112488,0.47907766699790955,1.8061680793762207,3.064892053604126,33.293251037597656,29,295574,2.2899155616760254,,,,,,,,,,,
0.08848864585161209,34.73058319091797,0.6914043426513672,0.3489413261413574,3.6301159858703613,0.0,0.32746902108192444,0.28990817070007324,11.13188648223877,24.89165496826172,29,295599,2.768153190612793,,,,,,,,,,,
0.8306341767311096,2.3480277061462402,0.0,0.7451761960983276,0.0,0.9201642274856567,0.4950711131095886,1.4393458366394043,3.7849841117858887,33.42807388305664,29,295624,2.768153190612793,,,,,,,,,,,
0.8306341767311096,1.3480128049850464,0.0,0.7499837279319763,0.0,0.4526155889034271,0.48656871914863586,0.35650011897087097,2.546187400817871,40.73899841308594,29,295649,2.7778618335723877,,,,,,,,,,,
0.11626295745372772,2.980679750442505,0.6914061903953552,0.9509725570678711,2.842125654220581,0.9709177017211914,0.42929190397262573,7.77209997177124,4.244724750518799,61.511905670166016,29,295674,2.7778618335723877,,,,,,,,,,,
0.11626295745372772,1.6123441457748413,0.69140625,0.8100387454032898,2.9992313385009766,1.6308084726333618,0.38416963815689087,1.1274497509002686,4.969520568847656,79.5123291015625,29,295699,2.2920215129852295,,,,,,,,,,,
0.1609361320734024,2.5906503200531006,0.0,0.8058488965034485,0.0,0.9841656684875488,0.34070172905921936,1.1465215682983398,3.8920772075653076,35.8831787109375,29,295724,2.2920215129852295,,,,,,,,,,,
0.1609361320734024,3.3508472442626953,0.6914058327674866,0.6221753358840942,3.501932144165039,0.7106744050979614,0.4104854464530945,1.1610747575759888,3.4942831993103027,16.757993698120117,29,295749,2.2797183990478516,,,,,,,,,,,
0.08833235502243042,1.0223557949066162,0.69140625,0.6841001510620117,2.8759610652923584,1.0226110219955444,0.385455459356308,0.3178000748157501,3.4502439498901367,55.20390319824219,29,295774,2.2797183990478516,,,,,,,,,,,
0.08833235502243042,1.1092033386230469,0.6914061903953552,0.6646244525909424,2.5615830421447754,1.0166903734207153,0.4041920304298401,0.2864457368850708,3.460574150085449,55.36918640136719,29,295799,2.7835354804992676,,,,,,,,,,,
0.1648852527141571,1.312450885772705,0.0,0.773408055305481,0.0,1.2733380794525146,0.33103811740875244,1.1953519582748413,4.044857501983643,61.343299865722656,29,295824,2.7835354804992676,,,,,,,,,,,
0.1648852527141571,1.400527000427246,0.6914061307907104,0.8538674116134644,3.0775599479675293,0.5919013619422913,0.5425456166267395,1.1898425817489624,3.031149387359619,22.067100524902344,29,295849,2.284933090209961,,,,,,,,,,,
0.08884842693805695,1.6439294815063477,0.0,0.7412109375,0.0,0.29253658652305603,0.5721014738082886,0.8733898401260376,2.39156436920166,38.26502990722656,29,295874,2.284933090209961,,,,,,,,,,,
0.08884842693805695,1.15205979347229,0.69140625,0.6341558694839478,2.7426116466522217,0.9857419729232788,0.3869306147098541,0.317955881357193,3.365614652633667,53.84983444213867,29,295899,2.7782163619995117,,,,,,,,,,,
0.17501835525035858,2.9971327781677246,0.6914055943489075,0.6870323419570923,3.5833170413970947,0.3671353757381439,0.43028050661087036,1.920379638671875,2.7865564823150635,9.652915000915527,29,295924,2.7782163619995117,,,,,,,,,,,
0.17501835525035858,2.2128796577453613,0.6914061307907104,0.6082707643508911,2.829021692276001,1.2379570007324219,0.39010265469551086,0.968039870262146,4.166441917419434,43.69801330566406,29,295949,2.781196117401123,,,,,,,,,,,
0.08654958009719849,2.8019983768463135,0.0,0.879981517791748,0.0,1.824798345565796,0.5850387811660767,1.5985429286956787,5.955216407775879,44.16506576538086,29,295974,2.781196117401123,,,,,,,,,,,
0.08654958009719849,1.462895154953003,0.6914061903953552,0.6948623061180115,3.0163683891296387,0.9165233373641968,0.499294251203537,0.4535441994667053,3.4962353706359863,55.93976593017578,29,295999,2.7697336673736572,,,,,,,,,,,
0.22673502564430237,2.330521583557129,0.691405713558197,0.6096607446670532,3.4837775230407715,0.00015445241297129542,0.3444380760192871,1.3570337295532227,1.6884019374847412,7.16328239440918,29,296024,2.7697336673736572,,,,,,,,,,,
0.22673502564430237,3.8554060459136963,0.6914048194885254,0.41628408432006836,3.180724859237671,0.0,0.6774964332580566,0.9481163024902344,2.282209634780884,5.590249061584473,29,296049,3.268447160720825,,,,,,,,,,,
0.08615221828222275,3.4800162315368652,0.6914055347442627,0.6299962997436523,3.357499361038208,0.0034651453606784344,0.3409416079521179,0.7486475110054016,2.055448055267334,6.817150115966797,29,296074,3.268447160720825,,,,,,,,,,,
0.08615221828222275,0.8714145421981812,0.0,0.6420760154724121,0.0,0.9389159083366394,0.4166998863220215,0.27314475178718567,3.1980321407318115,51.168514251708984,29,296099,3.2797601222991943,,,,,,,,,,,
0.15364857017993927,3.3498361110687256,0.0,0.7459960579872131,0.0,1.2692766189575195,0.5507155060768127,1.9446446895599365,4.840215682983398,28.635103225708008,29,296124,3.2797601222991943,,,,,,,,,,,
0.15364857017993927,2.3742902278900146,0.0,0.6295179128646851,0.0,0.9502203464508057,0.4513896405696869,0.5489228963851929,3.6936352252960205,31.12312126159668,29,296149,3.7758519649505615,,,,,,,,,,,
5.4142327308654785,0.7623186111450195,0.0,0.6968193054199219,0.0,0.6143962144851685,0.44335904717445374,0.8509261012077332,2.5976665019989014,41.56266403198242,29,296174,3.7758519649505615,,,,,,,,,,,
5.4142327308654785,2.2531943321228027,0.691405177116394,0.4654437303543091,2.818528175354004,0.020017115399241447,0.4043568968772888,1.3498104810714722,1.613978385925293,4.841935157775879,29,296199,3.734192132949829,,,,,,,,,,,
0.15995533764362335,0.8100717067718506,0.69140625,0.7971333265304565,2.852421998977661,0.2866371273994446,0.4047616422176361,0.5213975310325623,2.046715021133423,32.747440338134766,29,296224,3.734192132949829,,,,,,,,,,,
0.15995533764362335,1.2506868839263916,0.0,0.8167054653167725,0.0,1.0415321588516235,0.4568220376968384,0.4737885594367981,3.731797695159912,46.1597900390625,29,296249,3.2843966484069824,,,,,,,,,,,
5.18554162979126,2.718015193939209,0.6914061307907104,0.586513102054596,3.1287779808044434,1.0962822437286377,0.43881872296333313,0.37007731199264526,4.064589023590088,35.666622161865234,29,296274,3.2843966484069824,,,,,,,,,,,
5.18554162979126,2.35731840133667,0.6914061903953552,0.9179006814956665,2.8074474334716797,1.6100921630859375,0.473348468542099,2.8548476696014404,5.34670352935791,73.310302734375,29,296299,2.288766384124756,,,,,,,,,,,
0.18692262470722198,2.243701457977295,0.0,0.7733693718910217,0.0,1.0061798095703125,0.5025256276130676,0.8119968771934509,3.961364984512329,48.028995513916016,29,296324,2.288766384124756,,,,,,,,,,,
0.18692262470722198,2.127964496612549,0.6914061307907104,1.318795919418335,3.4112861156463623,0.1929168701171875,0.3774864375591278,0.9519829750061035,2.7546184062957764,29.668148040771484,29,296349,2.2786049842834473,,,,,,,,,,,
0.09109723567962646,2.1693286895751953,0.6914061307907104,0.7251331806182861,3.1332480907440186,0.8237321972846985,0.3497811257839203,1.2256970405578613,3.4045095443725586,42.38580322265625,29,296374,2.2786049842834473,,,,,,,,,,,
0.09109723567962646,1.3980909585952759,0.69140625,0.8161501884460449,2.9505462646484375,1.211660385131836,0.4196965992450714,0.7755461931228638,4.108100414276123,65.72960662841797,29,296399,2.2770609855651855,,,,,,,,,,,
0.16762013733386993,1.5492115020751953,0.69140625,0.898606538772583,2.8308358192443848,0.9214417934417725,0.3900526165962219,1.5508464574813843,3.6246144771575928,57.993831634521484,29,296424,2.2770609855651855,,,,,,,,,,,
0.16762013733386993,1.056037425994873,0.69140625,0.660851001739502,3.9465749263763428,0.612420380115509,0.3404221534729004,0.3166162967681885,2.582390785217285,41.31825256347656,29,296449,3.755645513534546,,,,,,,,,,,
0.16043661534786224,0.8611897826194763,0.69140625,0.6650252342224121,2.7242913246154785,0.786882758140564,0.37361350655555725,0.20535199344158173,2.8980042934417725,46.36806869506836,29,296474,3.755645513534546,,,,,,,,,,,
0.16043661534786224,1.2636232376098633,0.0,0.5854110717773438,0.0,0.925257682800293,0.4459197521209717,0.3565128445625305,3.2609331607818604,22.116724014282227,29,296499,2.2879323959350586,,,,,,,,,,,
0.16121318936347961,1.5509095191955566,0.0,0.883865475654602,0.0,0.5471546053886414,0.5396102070808411,0.9512237906455994,2.983057737350464,33.351600646972656,29,296524,2.2879323959350586,,,,,,,,,,,
0.16121318936347961,1.5919065475463867,0.0,0.9658796787261963,0.0,1.190915822982788,0.4320290982723236,4.002879619598389,4.257312297821045,68.11699676513672,29,296549,3.7550644874572754,,,,,,,,,,,
0.09347343444824219,0.9185329675674438,0.6914061307907104,0.42137452960014343,1.9935166835784912,0.5336438417434692,0.3478130102157593,0.5465086102485657,2.1319704055786133,13.142348289489746,29,296574,3.7550644874572754,,,,,,,,,,,
0.09347343444824219,1.6315903663635254,0.0,0.5162826776504517,0.0,1.548756718635559,0.3432336151599884,0.5326489210128784,4.446506977081299,48.91157531738281,29,296599,2.791032552719116,,,,,,,,,,,
0.1561756134033203,1.5074211359024048,0.69140625,0.8297160863876343,3.2104220390319824,1.2533124685287476,0.40063852071762085,1.0679643154144287,4.221310138702393,67.54096221923828,29,296624,2.791032552719116,,,,,,,,,,,
0.1561756134033203,2.280879497528076,0.6914052963256836,0.4702564775943756,2.874359369277954,0.002844802336767316,0.3429357707500458,0.9262649416923523,1.5318894386291504,4.595668315887451,29,296649,2.778080940246582,,,,,,,,,,,
0.09158041328191757,3.218766927719116,0.0,0.7502927780151367,0.0,0.9369535446166992,0.6015653610229492,1.8755704164505005,4.191395282745361,20.95697593688965,29,296674,2.778080940246582,,,,,,,,,,,
0.09158041328191757,3.4351797103881836,0.0,0.7410928606987,0.0,0.8978403210639954,0.5787802338600159,1.562268853187561,4.1461076736450195,20.73053741455078,29,296699,3.746466636657715,,,,,,,,,,,
0.17050330340862274,2.6269168853759766,0.0,0.7352384924888611,0.0,0.9710928201675415,0.4991748034954071,2.1466994285583496,3.9646739959716797,20.979082107543945,29,296724,3.746466636657715,,,,,,,,,,,
0.17050330340862274,2.5979275703430176,0.0,0.86045241355896,0.0,1.1902110576629639,0.5235416889190674,1.290787935256958,4.543794631958008,48.51445007324219,29,296749,2.7846150398254395,,,,,,,,,,,
0.09312812983989716,1.5998420715332031,0.6914061307907104,0.65029376745224,3.0765678882598877,0.40787583589553833,0.5073965191841125,0.2593631446361542,2.4841601848602295,21.65640640258789,29,296774,2.7846150398254395,,,,,,,,,,,
0.09312812983989716,3.016627788543701,0.6914056539535522,0.6989927291870117,3.3809897899627686,0.0015703593380749226,0.42275193333625793,1.2157080173492432,2.06368350982666,7.721596717834473,29,296799,2.272704601287842,,,,,,,,,,,
0.1609765589237213,1.6615829467773438,0.6914061903953552,0.7086098194122314,2.5755598545074463,1.4636304378509521,0.38638773560523987,0.460726797580719,4.5464887619018555,53.409149169921875,29,296824,2.272704601287842,,,,,,,,,,,
0.1609765589237213,0.7734171152114868,0.6914061307907104,1.0328240394592285,2.423234701156616,1.3480533361434937,0.3835097849369049,0.7425720691680908,4.3686981201171875,39.560245513916016,29,296849,2.782646656036377,,,,,,,,,,,
0.08899526298046112,1.136948585510254,0.6914061307907104,0.6271557211875916,2.706001043319702,0.8635764122009277,0.36707890033721924,0.609402060508728,3.089531898498535,49.43251037597656,29,296874,2.782646656036377,,,,,,,,,,,
0.08899526298046112,1.679193377494812,0.0,0.594303548336029,0.0,0.5127993822097778,0.47360745072364807,0.9128250479698181,2.5972678661346436,28.80509376525879,29,296899,3.775148630142212,,,,,,,,,,,
0.17900900542736053,2.605252981185913,0.0,1.0437482595443726,0.0,0.7566812038421631,0.5802413821220398,1.0593334436416626,3.9189279079437256,35.27035140991211,29,296924,3.775148630142212,,,,,,,,,,,
0.17900900542736053,1.4923409223556519,0.6914061903953552,0.6199305057525635,2.8361282348632812,1.0067726373672485,0.38303184509277344,0.5895416140556335,3.4925713539123535,47.50410842895508,29,296949,2.2868335247039795,,,,,,,,,,,
0.10730075091123581,3.078662633895874,0.6914052367210388,0.6337761282920837,3.992508888244629,0.007979479618370533,0.41030052304267883,0.8105947971343994,2.0235595703125,6.0706787109375,29,296974,2.2868335247039795,,,,,,,,,,,
0.10730075091123581,2.642575740814209,0.0,0.695093035697937,0.0,0.7012968063354492,0.48174434900283813,0.6034177541732788,3.372203826904297,31.45382308959961,29,296999,2.76965594291687,,,,,,,,,,,
0.15736818313598633,1.4863488674163818,0.0,0.7654650211334229,0.0,0.5272592306137085,0.4413384199142456,1.4112142324447632,2.7072267532348633,43.31562805175781,29,297024,2.76965594291687,,,,,,,,,,,
0.15736818313598633,2.282562255859375,0.6914055347442627,0.768737256526947,3.3483963012695312,1.000105381011963,0.3936089873313904,1.587216854095459,3.880809783935547,13.99245834350586,29,297049,2.781501054763794,,,,,,,,,,,
0.08996975421905518,2.5237176418304443,0.6914061307907104,0.7865518927574158,3.0891778469085693,1.1927531957626343,0.47592785954475403,0.9265509843826294,4.435993194580078,48.39097213745117,29,297074,2.781501054763794,,,,,,,,,,,
0.08996975421905518,1.5870476961135864,0.0,0.772838294506073,0.0,1.4854792356491089,0.5731489658355713,0.7710766196250916,4.793060302734375,55.48368453979492,29,297099,2.7784318923950195,,,,,,,,,,,
0.16691166162490845,1.114279866218567,0.0,0.9072315692901611,0.0,0.5052370429039001,0.503518283367157,1.8004422187805176,2.7555079460144043,31.658376693725586,29,297124,2.7784318923950195,,,,,,,,,,,
0.16691166162490845,1.056459903717041,0.0,0.9289581775665283,0.0,1.303220510482788,0.456703245639801,1.553072214126587,4.309040546417236,68.94464874267578,29,297149,3.2592227458953857,,,,,,,,,,,
0.08740052580833435,1.920322299003601,0.6914061903953552,0.7535574436187744,3.4353272914886475,1.6802806854248047,0.4003434181213379,0.4534146189689636,5.124912261962891,61.9245491027832,29,297174,3.2592227458953857,,,,,,,,,,,
0.08740052580833435,2.4038643836975098,0.6914055943489075,0.6088461875915527,3.0316507816314697,0.0003252041933592409,1.2808935642242432,0.8426032662391663,2.6418659687042236,10.567463874816895,29,297199,3.7360432147979736,,,,,,,,,,,
0.2125113606452942,1.765480399131775,0.0,0.8105493783950806,0.0,1.212963581085205,0.5685877203941345,0.6626101136207581,4.334708213806152,52.73400115966797,29,297224,3.7360432147979736,,,,,,,,,,,
0.2125113606452942,1.3167173862457275,0.0,0.8192650079727173,0.0,0.4585910439491272,0.6115390062332153,1.03008234500885,2.7430014610290527,32.57133865356445,29,297249,3.2732205390930176,,,,,,,,,,,
0.09108038246631622,1.2841033935546875,0.69140625,0.8399373292922974,2.9309637546539307,0.7843542098999023,0.46578100323677063,0.9941561818122864,3.2889673709869385,52.623477935791016,29,297274,3.2732205390930176,,,,,,,,,,,
0.09108038246631622,1.831172227859497,0.6914061307907104,0.6066813468933105,2.8630733489990234,0.445523202419281,0.4864705801010132,0.8393425941467285,2.562180995941162,28.183990478515625,29,297299,3.276432752609253,,,,,,,,,,,
0.2439236342906952,2.8639583587646484,0.6914058923721313,0.7045875787734985,3.439221143722534,0.8123775720596313,0.42302724719047546,1.5562474727630615,3.645949602127075,18.944908142089844,29,297324,3.276432752609253,,,,,,,,,,,
0.2439236342906952,2.4124317169189453,0.6914056539535522,0.4635026156902313,3.2662811279296875,0.48717913031578064,0.3834299147129059,0.6922623515129089,2.577683210372925,9.644807815551758,29,297349,2.2748920917510986,,,,,,,,,,,
0.12052526324987411,1.5995745658874512,0.6914061903953552,0.8625073432922363,4.151018142700195,0.8606231808662415,0.42900893092155457,0.7816534042358398,3.5341453552246094,56.54632568359375,29,297374,2.2748920917510986,,,,,,,,,,,
0.12052526324987411,1.5655261278152466,0.6914061903953552,0.8475137948989868,3.0259804725646973,0.6764667630195618,0.36414965987205505,1.09066641330719,3.064514636993408,40.307395935058594,29,297399,3.774301290512085,,,,,,,,,,,
0.165437251329422,2.0503005981445312,0.0,0.7458999156951904,0.0,0.638392448425293,0.5100847482681274,1.2784632444381714,3.147859573364258,39.19053649902344,29,297424,3.774301290512085,,,,,,,,,,,
0.165437251329422,1.1023719310760498,0.0,0.7492154836654663,0.0,0.8549973964691162,0.5614739060401917,0.7544819116592407,3.351395606994629,53.62232971191406,29,297449,2.7801737785339355,,,,,,,,,,,
0.0885094404220581,3.2189817428588867,0.0,0.8240216970443726,0.0,0.47841405868530273,0.4411320984363556,0.6377379298210144,3.187676429748535,27.606088638305664,29,297474,2.7801737785339355,,,,,,,,,,,
0.0885094404220581,2.587463855743408,0.6914054155349731,0.4935098886489868,2.6900391578674316,0.0,0.27703848481178284,1.6193950176239014,1.57368803024292,4.72106409072876,29,297499,2.277204751968384,,,,,,,,,,,
0.15973256528377533,2.3343169689178467,0.0,0.7042393684387207,0.0,0.9871251583099365,0.5850017666816711,1.005062222480774,3.9637863636016846,37.394283294677734,29,297524,2.277204751968384,,,,,,,,,,,
0.15973256528377533,2.356951951980591,0.6914045810699463,0.44793111085891724,2.9070281982421875,0.0055931927636265755,0.8466651439666748,0.8322288393974304,2.041938304901123,4.56591272354126,29,297549,3.2470195293426514,,,,,,,,,,,
0.12140307575464249,1.4744222164154053,0.0,0.5093526840209961,0.0,0.734462320804596,0.5134098529815674,0.2888668477535248,2.934013843536377,16.07025718688965,29,297574,3.2470195293426514,,,,,,,,,,,
0.12140307575464249,1.6678658723831177,0.6914061903953552,0.7476884126663208,2.8055243492126465,1.5017951726913452,0.3879079520702362,0.7222962975502014,4.667601585388184,66.99268341064453,29,297599,3.2497129440307617,,,,,,,,,,,
0.15465237200260162,1.1145164966583252,0.69140625,0.7247220277786255,2.9159469604492188,1.448361873626709,0.3657633662223816,0.3813498914241791,4.3507232666015625,69.611572265625,29,297624,3.2497129440307617,,,,,,,,,,,
0.15465237200260162,4.093071937561035,0.0,0.8184162378311157,0.0,0.7649345993995667,0.662502110004425,2.283613920211792,4.238709449768066,21.193546295166016,29,297649,2.76432728767395,,,,,,,,,,,
0.09451453387737274,1.7558494806289673,0.6914061307907104,0.671189546585083,2.8818886280059814,1.1463372707366943,0.3788802921772003,0.659467339515686,3.89831805229187,52.5911865234375,29,297674,2.76432728767395,,,,,,,,,,,
0.09451453387737274,3.677860975265503,0.0,0.7501989006996155,0.0,0.00014171602379065007,0.41210392117500305,1.5232162475585938,2.265944719314575,9.342729568481445,29,297699,2.7606449127197266,,,,,,,,,,,
0.16061049699783325,2.439084529876709,0.6914058327674866,0.8553014993667603,3.105135440826416,0.5068351626396179,0.5423996448516846,1.7936065196990967,3.1741483211517334,14.888075828552246,29,297724,2.7606449127197266,,,,,,,,,,,
0.16061049699783325,1.8654507398605347,0.6914048194885254,0.3990820050239563,2.4815573692321777,0.0,0.4325498640537262,0.9880862236022949,1.4160826206207275,3.468679904937744,29,297749,3.7548253536224365,,,,,,,,,,,
0.13226008415222168,0.7621290683746338,0.0,0.8660012483596802,0.0,0.6481366157531738,0.44374942779541016,0.6950060725212097,2.834662675857544,45.3546028137207,29,297774,3.7548253536224365,,,,,,,,,,,
0.13226008415222168,1.510579228401184,0.0,0.7390061616897583,0.0,0.6217334270477295,0.48795971274375916,0.9726336002349854,2.9236063957214355,30.100370407104492,29,297799,3.7614333629608154,,,,,,,,,,,
0.1551722139120102,1.0364681482315063,0.69140625,0.6049265265464783,2.303417921066284,0.8151461482048035,0.32734811305999756,0.344867467880249,2.8965415954589844,35.593299865722656,29,297824,3.7614333629608154,,,,,,,,,,,
0.1551722139120102,2.3173298835754395,0.0,0.8424649238586426,0.0,1.2274061441421509,0.5641822218894958,1.1158548593521118,4.5566582679748535,45.10861587524414,29,297849,2.282175302505493,,,,,,,,,,,
0.10017119348049164,2.4599032402038574,0.0,0.8284976482391357,0.0,1.1243126392364502,0.6255484819412231,0.9505305886268616,4.440642356872559,46.573848724365234,29,297874,2.282175302505493,,,,,,,,,,,
0.10017119348049164,0.6948425769805908,0.69140625,0.5371049642562866,2.3043229579925537,0.7467118501663208,0.22793766856193542,0.17052333056926727,2.489962339401245,39.83939743041992,29,297899,2.2890074253082275,,,,,,,,,,,
0.159915030002594,1.746591567993164,0.6914061903953552,0.8693645596504211,2.9760358333587646,0.7803586721420288,0.43961820006370544,1.1748284101486206,3.4234378337860107,54.77500534057617,29,297924,2.2890074253082275,,,,,,,,,,,
0.159915030002594,1.7147254943847656,0.6914061903953552,0.8006030321121216,2.9376602172851562,0.38940665125846863,0.4440632164478302,0.9229664206504822,2.5672738552093506,40.754207611083984,29,297949,2.773974895477295,,,,,,,,,,,
0.09768542647361755,2.731473922729492,0.0,0.7591900825500488,0.0,0.39741384983062744,0.4734182059764862,1.2621325254440308,2.8468782901763916,24.32373809814453,29,297974,2.773974895477295,,,,,,,,,,,
0.09768542647361755,1.08357834815979,0.0,0.9069356918334961,0.0,0.6827693581581116,0.4148043096065521,1.2765884399414062,3.012352228164673,48.197635650634766,29,297999,3.2595412731170654,,,,,,,,,,,
1.3598498106002808,1.6444649696350098,0.69140625,0.9429856538772583,3.3573763370513916,0.536288321018219,0.37949061393737793,2.290165901184082,2.921966314315796,46.751461029052734,29,298024,3.2595412731170654,,,,,,,,,,,
1.3598498106002808,2.639808177947998,0.6914055943489075,0.6352762579917908,3.418001890182495,0.0005158212734386325,0.49402710795402527,1.2633161544799805,1.956457495689392,6.77736759185791,29,298049,3.746849536895752,,,,,,,,,,,
0.09813172370195389,1.1249144077301025,0.6914061903953552,0.702308714389801,2.7575485706329346,0.918997585773468,0.4208693206310272,0.7013140916824341,3.3262228965759277,53.219566345214844,29,298074,3.746849536895752,,,,,,,,,,,
0.09813172370195389,1.5197007656097412,0.69140625,0.7305043935775757,2.933950185775757,0.5080626010894775,0.3681754767894745,1.0190550088882446,2.6000547409057617,38.30119705200195,29,298099,2.274623394012451,,,,,,,,,,,
0.163743793964386,2.991081476211548,0.0,0.774784505367279,0.0,0.990229606628418,0.44957461953163147,1.3976495265960693,4.102142810821533,39.559635162353516,29,298124,2.274623394012451,,,,,,,,,,,
0.163743793964386,2.4561352729797363,0.0,0.7356339693069458,0.0,1.3136032819747925,0.5383616089820862,1.0605340003967285,4.638042449951172,47.070987701416016,29,298149,2.7769875526428223,,,,,,,,,,,
2.8000028133392334,2.223771095275879,0.69140625,0.9444010257720947,3.2000503540039062,0.7087759971618652,0.4454610049724579,2.074582099914551,3.5065460205078125,52.94768142700195,29,298174,2.7769875526428223,,,,,,,,,,,
2.8000028133392334,2.714031934738159,0.0,0.7577435970306396,0.0,0.6455321907997131,0.41725149750709534,2.5340728759765625,3.280269145965576,52.48430633544922,29,298199,2.2755157947540283,,,,,,,,,,,
0.15575580298900604,1.6250884532928467,0.0,0.7667204141616821,0.0,0.5402940511703491,0.5512666702270508,0.6319097876548767,2.886101722717285,39.990997314453125,29,298224,2.2755157947540283,,,,,,,,,,,
0.15575580298900604,2.260204553604126,0.0,0.7268240451812744,0.0,1.506624698638916,0.3646259605884552,0.3371236324310303,4.7827606201171875,57.79031753540039,29,298249,2.2875425815582275,,,,,,,,,,,
0.08971796184778214,0.7722814083099365,0.6914061307907104,0.5751398205757141,2.619175672531128,0.8869059085845947,0.2684887647628784,0.16584114730358124,2.875316619873047,23.002532958984375,29,298274,2.2875425815582275,,,,,,,,,,,
0.08971796184778214,1.4295399188995361,0.69140625,0.9137026071548462,3.168560266494751,0.5559786558151245,0.47617030143737793,0.8807715773582458,2.9623777866363525,47.39804458618164,29,298299,3.757615327835083,,,,,,,,,,,
0.16259872913360596,3.081231117248535,0.6914061307907104,0.9783227443695068,3.3028476238250732,2.0929927825927734,0.37379005551338196,1.025673508644104,6.4954962730407715,47.731956481933594,29,298324,3.757615327835083,,,,,,,,,,,
0.16259872913360596,0.5720059275627136,0.69140625,0.5397034287452698,2.3121681213378906,1.283600091934204,0.39134451746940613,0.18536539375782013,3.692971706390381,59.087547302246094,29,298349,2.2772114276885986,,,,,,,,,,,
0.11093640327453613,2.2889857292175293,0.6914061903953552,0.7206542491912842,4.235199451446533,1.2173967361450195,0.45353180170059204,0.5039610862731934,4.338027477264404,57.71369934082031,29,298374,2.2772114276885986,,,,,,,,,,,
0.11093640327453613,2.528935670852661,0.0,0.6695116758346558,0.0,0.8769985437393188,0.3866555690765381,1.15296471118927,3.56884503364563,34.7848014831543,29,298399,2.776796579360962,,,,,,,,,,,
0.16101916134357452,2.1378355026245117,0.0,0.4764009416103363,0.0,0.0,0.7788033485412598,0.8740158081054688,1.896554946899414,4.645592212677002,29,298424,2.776796579360962,,,,,,,,,,,
0.16101916134357452,1.2146657705307007,0.0,0.8379096388816833,0.0,1.078794002532959,0.46643775701522827,0.9739396572113037,3.8263351917266846,58.15525817871094,29,298449,3.264098882675171,,,,,,,,,,,
0.09435094892978668,2.334913969039917,0.6914060115814209,0.7945137023925781,3.465092897415161,1.649183988571167,0.37494614720344543,0.8210307359695435,5.202952861785889,30.781085968017578,29,298474,3.264098882675171,,,,,,,,,,,
0.09435094892978668,2.238656520843506,0.6914057731628418,0.43813198804855347,3.503596544265747,0.8693198561668396,0.3095625340938568,1.1881535053253174,3.192967176437378,14.632014274597168,29,298499,3.7410037517547607,,,,,,,,,,,
0.16338375210762024,2.230794906616211,0.0,0.6985706090927124,0.0,0.7415235638618469,0.5420639514923096,0.9747750163078308,3.3929202556610107,33.070098876953125,29,298524,3.7410037517547607,,,,,,,,,,,
0.16338375210762024,4.1445393562316895,0.0,0.8088046312332153,0.0,1.1224687099456787,0.7768456935882568,2.091123580932617,5.073949813842773,24.857177734375,29,298549,3.271409034729004,,,,,,,,,,,
0.08774391561746597,1.1339428424835205,0.69140625,0.7684713006019592,2.9899168014526367,0.7815036773681641,0.547324001789093,0.3186652660369873,3.248884439468384,51.98215103149414,29,298574,3.271409034729004,,,,,,,,,,,
0.08774391561746597,1.32158625125885,0.69140625,0.753192126750946,2.835676908493042,1.4396690130233765,0.5061453580856323,0.5109097957611084,4.563508033752441,72.5870361328125,29,298599,3.2771289348602295,,,,,,,,,,,
5.545668125152588,2.046415328979492,0.0,0.9689520597457886,0.0,1.4754438400268555,0.6055874824523926,5.194619655609131,5.139351844787598,82.22962951660156,29,298624,3.2771289348602295,,,,,,,,,,,
5.545668125152588,2.3284966945648193,0.69140625,0.9672751426696777,3.15724515914917,0.4667285680770874,0.49458733201026917,3.6243772506713867,3.125441074371338,48.11555099487305,29,298649,3.7492964267730713,,,,,,,,,,,
0.09252257645130157,0.0,0.0,0.0,0.0,0.9502272009849548,0.0007956934277899563,0.5972418785095215,1.9012501239776611,30.420001983642578,29,298674,3.7492964267730713,,,,,,,,,,,
0.09252257645130157,1.0385639667510986,0.0,0.8392080664634705,0.0,0.9711835384368896,0.48991355299949646,1.0120327472686768,3.5830578804016113,57.32892608642578,29,298699,2.275162935256958,,,,,,,,,,,
0.1631935089826584,1.120116949081421,0.0,0.5314565896987915,0.0,1.0408477783203125,0.3877870440483093,0.11163639277219772,3.3369743824005127,42.34145736694336,29,298724,2.275162935256958,,,,,,,,,,,
0.1631935089826584,2.5859715938568115,0.6914061307907104,0.9242247343063354,3.2246789932250977,0.5447804927825928,0.5763190984725952,2.545045852661133,3.3981432914733887,36.59912109375,29,298749,2.770148992538452,,,,,,,,,,,
0.11523523926734924,0.8131560683250427,0.69140625,0.5707438588142395,2.205432653427124,0.8583759069442749,0.37843063473701477,0.27434542775154114,2.931927442550659,46.91083908081055,29,298774,2.770148992538452,,,,,,,,,,,
0.11523523926734924,10.163331985473633,0.6914058923721313,0.5354398488998413,3.0995113849639893,1.4858567714691162,0.3197633922100067,0.43480491638183594,6.906911849975586,34.53456115722656,29,298799,3.2775657176971436,,,,,,,,,,,
0.182332843542099,1.9300391674041748,0.6914061307907104,0.5586955547332764,2.4279515743255615,0.6244500875473022,0.4037698209285736,0.15897969901561737,2.8146567344665527,42.03178787231445,29,298824,3.2775657176971436,,,,,,,,,,,
0.182332843542099,26.098468780517578,0.6914056539535522,0.5957292318344116,3.2375919818878174,0.04909101873636246,0.4639325737953186,1.8649964332580566,9.019761085510254,37.18942642211914,29,298849,2.274378538131714,,,,,,,,,,,
0.08870472759008408,2.6265859603881836,0.0,0.8337522149085999,0.0,0.6157456636428833,0.4435473382472992,0.8565140962600708,3.296766757965088,44.47581481933594,29,298874,2.274378538131714,,,,,,,,,,,
0.08870472759008408,14.345321655273438,0.6914054155349731,0.573750376701355,2.9691779613494873,7.151124918891583e-07,0.28258371353149414,1.1675857305526733,5.189623832702637,17.2120361328125,29,298899,2.7728114128112793,,,,,,,,,,,
0.1695401519536972,1.5414113998413086,0.0,0.818656325340271,0.0,0.6158572435379028,0.5079750418663025,0.8905130624771118,3.0207693576812744,34.44207000732422,29,298924,2.7728114128112793,,,,,,,,,,,
0.1695401519536972,2.7973060607910156,0.6914061307907104,1.3170418739318848,3.285135507583618,1.5771269798278809,0.47445300221443176,0.42005008459091187,5.817791938781738,73.35956573486328,29,298949,2.780348062515259,,,,,,,,,,,
0.08881128579378128,18.692354202270508,0.0,0.9384808540344238,0.0,0.4227556884288788,0.3320293128490448,2.2909839153289795,7.723728179931641,100.40846252441406,29,298974,2.780348062515259,,,,,,,,,,,
0.08881128579378128,1.7083265781402588,0.6914061307907104,0.744308352470398,3.0452523231506348,0.7171186208724976,0.41819751262664795,0.9748317003250122,3.1396937370300293,46.25057601928711,29,298999,3.7723231315612793,,,,,,,,,,,
0.16126073896884918,10.485339164733887,0.0,0.838932991027832,0.0,1.1917972564697266,0.6638826727867126,0.15850479900836945,7.032012462615967,65.59024810791016,29,299024,3.7723231315612793,,,,,,,,,,,
0.16126073896884918,3.3667259216308594,0.0,0.910423994064331,0.0,0.6273972392082214,0.46626707911491394,2.069027900695801,3.64150333404541,58.26405334472656,29,299049,3.7569336891174316,,,,,,,,,,,
0.0881013423204422,4.369613170623779,0.6914056539535522,0.31677839159965515,3.217193365097046,1.044528841972351,0.48970311880111694,0.2827652096748352,4.238595008850098,14.682923316955566,29,299074,3.7569336891174316,,,,,,,,,,,
0.0881013423204422,2.0384950637817383,0.6914061903953552,0.6758401393890381,2.9008398056030273,0.8423171043395996,0.3651955723762512,0.44673800468444824,3.3662269115448,36.7212028503418,29,299099,2.7712032794952393,,,,,,,,,,,
0.16125062108039856,2.2866604328155518,0.6914061307907104,0.9722287654876709,2.905046224594116,1.632164716720581,0.49837833642959595,0.776340126991272,5.449985027313232,58.69813537597656,29,299124,2.7712032794952393,,,,,,,,,,,
0.16125062108039856,1.4011340141296387,0.6914061307907104,0.747514009475708,2.849503517150879,0.8532811403274536,0.3728002607822418,0.9335724115371704,3.275712013244629,52.41139221191406,29,299149,3.7609591484069824,,,,,,,,,,,
0.08741168677806854,2.2165355682373047,0.6914061307907104,0.8725382685661316,2.8697152137756348,1.1311497688293457,0.3896271586418152,0.5945776700973511,4.218122482299805,32.4000129699707,29,299174,3.7609591484069824,,,,,,,,,,,
0.08741168677806854,3.030583381652832,0.6914047598838806,0.47162681818008423,2.8402812480926514,0.0,0.3758510649204254,0.9103765487670898,1.7850557565689087,3.9915060997009277,29,299199,2.2854080200195312,,,,,,,,,,,
0.19075815379619598,2.4449844360351562,0.0,0.6070220470428467,0.0,0.7534703612327576,0.5202337503433228,0.5710271000862122,3.367691993713379,24.517168045043945,29,299224,2.2854080200195312,,,,,,,,,,,
0.19075815379619598,3.9936177730560303,0.0,0.9346857666969299,0.0,1.4974876642227173,0.5869733095169067,0.28725576400756836,5.714719772338867,44.63338851928711,29,299249,2.2901978492736816,,,,,,,,,,,
0.15041938424110413,3.6925721168518066,0.0,0.8019026517868042,0.0,0.03073427639901638,0.548310399055481,3.407041549682617,2.519453287124634,14.252180099487305,29,299274,2.2901978492736816,,,,,,,,,,,
0.15041938424110413,2.4381322860717773,0.0,0.7042368054389954,0.0,1.3829606771469116,0.4301391839981079,1.3895645141601562,4.631737232208252,48.79838180541992,29,299299,2.766326427459717,,,,,,,,,,,
0.17553967237472534,3.637937545776367,0.0,0.9159990549087524,0.0,0.3918522000312805,0.34761178493499756,1.9297304153442383,3.1386966705322266,31.22963523864746,29,299324,2.766326427459717,,,,,,,,,,,
0.17553967237472534,2.0763967037200928,0.6914050579071045,0.3766108751296997,3.0302727222442627,0.0,0.3981989622116089,0.9780698418617249,1.42803156375885,3.4979488849639893,29,299349,3.2633275985717773,,,,,,,,,,,
2.7333333492279053,2.5848443508148193,0.0,0.6965411305427551,0.0,6.91273180564167e-06,0.3394638001918793,1.5405142307281494,1.8114720582962036,7.6854248046875,29,299374,3.2633275985717773,,,,,,,,,,,
2.7333333492279053,0.9965515732765198,0.69140625,0.6038957834243774,2.8066866397857666,0.7719798684120178,0.2993316352367401,0.3212948143482208,2.774219512939453,44.38751220703125,29,299399,2.313971996307373,,,,,,,,,,,
0.16887086629867554,2.1068477630615234,0.69140625,0.6988361477851868,3.246504783630371,1.4503397941589355,0.4772535264492035,0.5606380701065063,4.741288661956787,57.289207458496094,29,299424,2.313971996307373,,,,,,,,,,,
0.16887086629867554,1.3819801807403564,0.0,0.8564239740371704,0.0,1.0555737018585205,0.4535277485847473,1.3351153135299683,3.835693120956421,42.192623138427734,29,299449,3.7742297649383545,,,,,,,,,,,
0.17296962440013885,2.4549007415771484,0.6914060711860657,0.5836482048034668,2.6970582008361816,0.42189204692840576,0.5468839406967163,0.28118589520454407,2.7377572059631348,22.24164581298828,29,299474,3.7742297649383545,,,,,,,,,,,
0.17296962440013885,1.1472103595733643,0.6914061903953552,0.5833174586296082,2.592607021331787,0.8604913949966431,0.3597165048122406,0.37888216972351074,3.0341057777404785,48.545692443847656,29,299499,2.772719144821167,,,,,,,,,,,
0.20450349152088165,2.6782994270324707,0.6914057731628418,0.818995475769043,4.347253799438477,0.8843759298324585,0.5710106492042542,0.3325788676738739,4.005720615386963,18.356517791748047,29,299524,2.772719144821167,,,,,,,,,,,
0.20450349152088165,0.9656099081039429,0.6914061307907104,0.7650821805000305,2.4071035385131836,1.146223545074463,0.3930239975452423,0.40831896662712097,3.7643072605133057,33.66898727416992,29,299549,2.7840399742126465,,,,,,,,,,,
0.10594780743122101,3.605318069458008,0.6914053559303284,0.5502610206604004,3.312812328338623,1.3246729373931885,0.42225000262260437,1.5081291198730469,4.7365803718566895,15.709460258483887,29,299574,2.7840399742126465,,,,,,,,,,,
0.10594780743122101,3.0809805393218994,0.6914058923721313,0.781022310256958,3.1618645191192627,0.991985559463501,0.3503616452217102,1.9996318817138672,4.071268081665039,22.29925537109375,29,299599,2.769591808319092,,,,,,,,,,,
0.1695219874382019,1.9000366926193237,0.0,0.7844028472900391,0.0,0.7955560088157654,0.38382717967033386,1.231606364250183,3.329353094100952,29.591936111450195,29,299624,2.769591808319092,,,,,,,,,,,
0.1695219874382019,1.199963927268982,0.69140625,0.8191044330596924,3.0221118927001953,0.9152860641479492,0.4435676336288452,0.8022868037223816,3.483454704284668,55.73527526855469,29,299649,3.766430377960205,,,,,,,,,,,
0.09063579887151718,1.2565033435821533,0.6914061903953552,0.7914921045303345,2.833881378173828,0.782153844833374,0.40149980783462524,0.7009944915771484,3.1625893115997314,50.6014289855957,29,299674,3.766430377960205,,,,,,,,,,,
0.09063579887151718,1.091684341430664,0.69140625,0.6305027008056641,2.7011613845825195,0.9192546606063843,0.4549206793308258,0.40585586428642273,3.278449773788452,52.455196380615234,29,299699,2.7904670238494873,,,,,,,,,,,
0.19122454524040222,0.8964251279830933,0.69140625,0.7242867946624756,2.7181222438812256,0.7627560496330261,0.3610121011734009,0.34104666113853455,2.9069199562072754,46.510719299316406,29,299724,2.7904670238494873,,,,,,,,,,,
0.19122454524040222,1.14227294921875,0.6914061903953552,1.415642261505127,3.0280165672302246,0.6534552574157715,0.4376515746116638,0.9713908433914185,3.5331664085388184,52.99749755859375,29,299749,2.2744338512420654,,,,,,,,,,,
0.09118838608264923,0.9647388458251953,0.69140625,0.5157760381698608,2.1047308444976807,0.6453559398651123,0.3247034549713135,0.1507052183151245,2.4416604042053223,30.981197357177734,29,299774,2.2744338512420654,,,,,,,,,,,
0.09118838608264923,1.2285734415054321,0.0,0.21906322240829468,0.0,0.38318729400634766,0.0005309910629875958,2.647749900817871,1.3545408248901367,21.672653198242188,29,299799,3.261155605316162,,,,,,,,,,,
0.16067977249622345,1.0280418395996094,0.69140625,0.6574673652648926,2.7472362518310547,0.7826977372169495,0.40177762508392334,0.6050522923469543,2.9605255126953125,47.368408203125,29,299824,3.261155605316162,,,,,,,,,,,
0.16067977249622345,1.6659200191497803,0.6914061307907104,0.5273697376251221,2.6222805976867676,1.1123788356781006,0.3835684359073639,0.5275647044181824,3.6616947650909424,43.63412857055664,29,299849,2.2883174419403076,,,,,,,,,,,
0.09484399855136871,1.5991415977478027,0.0,0.5423084497451782,0.0,0.8189312815666199,0.5395426154136658,0.5274907350540161,3.199456214904785,41.34608459472656,29,299874,2.2883174419403076,,,,,,,,,,,
0.09484399855136871,1.5833525657653809,0.6914061307907104,0.7805156111717224,3.534820318222046,1.8802692890167236,0.5370427370071411,1.158621072769165,5.588450908660889,52.42431640625,29,299899,2.288969039916992,,,,,,,,,,,
0.21247148513793945,1.3333559036254883,0.0,0.8984827995300293,0.0,1.3785459995269775,0.42428088188171387,2.5005202293395996,4.479862213134766,47.198280334472656,29,299924,2.288969039916992,,,,,,,,,,,
0.21247148513793945,1.7611140012741089,0.0,1.9220634698867798,0.0,0.8317858576774597,0.6645544171333313,2.763046979904175,4.778523921966553,73.25338745117188,29,299949,3.2778398990631104,,,,,,,,,,,
0.09341859817504883,0.44102656841278076,0.0,0.7820234298706055,0.0,0.8254634141921997,0.5991749167442322,0.7324464917182922,3.164433240890503,38.36671447753906,29,299974,3.2778398990631104,,,,,,,,,,,
0.09341859817504883,1.2738622426986694,0.69140625,0.7263587713241577,2.8191158771514893,1.028043508529663,0.4245107173919678,0.7641953229904175,3.6173064708709717,57.87690353393555,29,299999,3.2541427612304688,,,,,,,,,,,
,,,,,,,,,,29,299999,,2.329238176345825,0.3930644392967224,0.7315738797187805,1.7182972431182861,0.8364234566688538,0.4564478099346161,0.995733380317688,3.5768237113952637,38.94245147705078,0.6602175235748291,5.64331579208374
19.60807991027832,1.2193747758865356,0.69140625,0.7909916639328003,2.9764175415039062,1.0354595184326172,0.4144849181175232,0.42554745078086853,3.6719722747802734,58.751556396484375,30,300024,,,,,,,,,,,,
19.60807991027832,1.5986882448196411,0.0,0.8580331802368164,0.0,0.8947985172271729,0.5916313529014587,1.0506397485733032,3.7188682556152344,50.44518280029297,30,300049,3.771538257598877,,,,,,,,,,,
0.09045828878879547,2.713996648788452,0.6914055347442627,0.4744945466518402,4.1957550048828125,0.6090810298919678,0.5308504700660706,1.9586728811264038,3.0796635150909424,10.668267250061035,30,300074,3.771538257598877,,,,,,,,,,,
0.09045828878879547,1.0380394458770752,0.69140625,0.9875929355621338,2.8603596687316895,0.8147431015968323,0.4335992634296417,0.2973644733428955,3.3906939029693604,54.251102447509766,30,300099,3.7647132873535156,,,,,,,,,,,
0.16032572090625763,1.163257122039795,0.6914061903953552,1.669676423072815,3.0966851711273193,0.6909335851669312,0.4628998339176178,1.7951340675354004,3.8943874835968018,62.31019973754883,30,300124,3.7647132873535156,,,,,,,,,,,
0.16032572090625763,1.2265775203704834,0.0,0.9695939421653748,0.0,1.1060320138931274,0.5846700072288513,1.9272937774658203,4.13430118560791,63.7808952331543,30,300149,3.7647149562835693,,,,,,,,,,,
0.09129223227500916,2.2763359546661377,0.6914047598838806,0.48472654819488525,2.856280565261841,0.40535300970077515,0.42145946621894836,1.0133754014968872,2.4283554553985596,5.948232173919678,30,300174,3.7647149562835693,,,,,,,,,,,
0.09129223227500916,2.372972249984741,0.0,0.6537981033325195,0.0,0.9893432259559631,0.6586760878562927,0.494983971118927,4.003052234649658,20.015260696411133,30,300199,2.2887659072875977,,,,,,,,,,,
0.16639067232608795,2.362365484237671,0.6914052963256836,0.5230051875114441,2.9853742122650146,1.8947967290878296,0.5416337251663208,1.34984290599823,5.592795372009277,16.778385162353516,30,300224,2.2887659072875977,,,,,,,,,,,
0.16639067232608795,3.1590471267700195,0.0,0.8263839483261108,0.0,1.7644314765930176,0.6807739734649658,2.3056106567382812,5.983735084533691,34.373939514160156,30,300249,3.767820358276367,,,,,,,,,,,
0.0909600630402565,1.8064146041870117,0.0,0.839722752571106,0.0,1.1055141687393188,0.4201950132846832,2.336744785308838,4.0128703117370605,28.090091705322266,30,300274,3.767820358276367,,,,,,,,,,,
0.0909600630402565,2.233062505722046,0.6914052963256836,0.5965561270713806,2.9617135524749756,1.0268752574920654,0.7113034129142761,2.133948802947998,4.061145782470703,12.18343734741211,30,300299,2.762338161468506,,,,,,,,,,,
0.16483096778392792,2.044589042663574,0.69140625,0.785474956035614,3.2982981204986572,1.3071653842926025,0.38141924142837524,0.5486798286437988,4.427584648132324,63.547794342041016,30,300324,2.762338161468506,,,,,,,,,,,
0.16483096778392792,2.893888473510742,0.0,0.7984073162078857,0.0,1.315140724182129,0.6996371150016785,0.33227673172950745,4.996492385864258,41.50398254394531,30,300349,2.2796969413757324,,,,,,,,,,,
0.09130345284938812,1.371969223022461,0.6914058327674866,0.37794187664985657,2.35945987701416,1.9468183517456055,0.38975128531455994,0.31496569514274597,5.096515655517578,24.96772575378418,30,300374,2.2796969413757324,,,,,,,,,,,
0.09130345284938812,1.1448860168457031,0.69140625,0.7713334560394287,2.8192248344421387,1.200986385345459,0.41413506865501404,0.4875815808773041,3.959099292755127,63.34558868408203,30,300399,2.779458999633789,,,,,,,,,,,
0.16593396663665771,2.1548008918762207,0.6914061307907104,0.6344963312149048,2.8127782344818115,1.9164013862609863,0.46773988008499146,0.4198282063007355,5.609607219696045,54.38716125488281,30,300424,2.779458999633789,,,,,,,,,,,
0.16593396663665771,1.6394895315170288,0.0,0.8040928840637207,0.0,0.9020652770996094,0.39841604232788086,0.6295638084411621,3.4984865188598633,47.96883010864258,30,300449,3.772702693939209,,,,,,,,,,,
0.13123564422130585,0.6227890253067017,0.6914061307907104,0.5910597443580627,2.2837791442871094,0.6737813353538513,0.33611053228378296,0.3437192738056183,2.484407424926758,21.080894470214844,30,300474,3.772702693939209,,,,,,,,,,,
0.13123564422130585,4.29377555847168,0.0,0.881311297416687,0.0,0.7788193225860596,0.6899881958961487,0.6116349101066589,4.4170708656311035,27.93600845336914,30,300499,2.2954585552215576,,,,,,,,,,,
0.15858468413352966,2.286961317062378,0.6914047598838806,0.45123517513275146,3.2168660163879395,0.008685230277478695,0.555705189704895,0.5030755400657654,1.7425678968429565,3.8965003490448,30,300524,2.2954585552215576,,,,,,,,,,,
0.15858468413352966,0.8337408900260925,0.0,0.8436726331710815,0.0,0.24801340699195862,0.4787956774234772,1.4714815616607666,2.068617582321167,33.09788131713867,30,300549,3.7587013244628906,,,,,,,,,,,
0.09193789958953857,0.8836572170257568,0.6914061903953552,0.5959388017654419,2.424985408782959,0.7965136766433716,0.41123706102371216,0.20077291131019592,2.88955020904541,46.23280334472656,30,300574,3.7587013244628906,,,,,,,,,,,
0.09193789958953857,1.4102287292480469,0.0,0.9534804224967957,0.0,0.33949941396713257,0.0005507824826054275,1.9818097352981567,2.056098461151123,32.89757537841797,30,300599,2.7762818336486816,,,,,,,,,,,
0.16045667231082916,0.7022917866706848,0.6914061307907104,0.743689775466919,2.878460645675659,1.072655439376831,0.39978885650634766,0.5839245319366455,3.528261661529541,33.84189987182617,30,300624,2.7762818336486816,,,,,,,,,,,
0.16045667231082916,1.8380290269851685,0.6914061903953552,0.9504690170288086,3.2357661724090576,0.5226150751113892,0.4772294759750366,1.6518727540969849,3.056694984436035,48.90711975097656,30,300649,3.7443320751190186,,,,,,,,,,,
0.08759541064500809,2.674079418182373,0.0,0.8492661714553833,0.0,1.2279162406921387,0.48942601680755615,1.5909515619277954,4.5967488288879395,53.606842041015625,30,300674,3.7443320751190186,,,,,,,,,,,
0.08759541064500809,1.463234782218933,0.0,0.7408356666564941,0.0,0.679136335849762,0.42307984828948975,2.1409051418304443,2.9611587524414062,38.60878372192383,30,300699,3.2877674102783203,,,,,,,,,,,
0.1672801524400711,2.535857677459717,0.0,0.8756296038627625,0.0,0.7134523391723633,0.530651330947876,0.745178759098053,3.593942880630493,34.658729553222656,30,300724,3.2877674102783203,,,,,,,,,,,
0.1672801524400711,3.070235013961792,0.6914057731628418,0.5776059627532959,4.746861457824707,0.04713382571935654,0.5980886220932007,0.22543834149837494,2.23850154876709,9.497157096862793,30,300749,3.240567207336426,,,,,,,,,,,
0.08784233033657074,1.832999348640442,0.0,0.8562290072441101,0.0,0.9897773265838623,0.6536868214607239,1.0112839937210083,4.039370536804199,50.289756774902344,30,300774,3.240567207336426,,,,,,,,,,,
0.08784233033657074,0.7101780772209167,0.0,0.8157624006271362,0.0,0.552404522895813,0.43215176463127136,0.7618272304534912,2.565776824951172,41.05242919921875,30,300799,2.781752824783325,,,,,,,,,,,
0.1650662124156952,1.7597947120666504,0.0,0.8177282810211182,0.0,0.5314947366714478,0.4776083827018738,0.5619049072265625,2.8862645626068115,24.148221969604492,30,300824,2.781752824783325,,,,,,,,,,,
0.1650662124156952,2.3702003955841064,0.0,0.7636690139770508,0.0,1.5841131210327148,0.49960917234420776,0.8830574154853821,5.142564296722412,53.68994903564453,30,300849,2.788602828979492,,,,,,,,,,,
0.10798025131225586,0.8587977886199951,0.6914061903953552,0.5309234261512756,2.6435487270355225,1.324235439300537,0.30828288197517395,0.18536224961280823,3.771751880645752,60.34803009033203,30,300874,2.788602828979492,,,,,,,,,,,
0.10798025131225586,3.2694332599639893,0.6914059519767761,0.5272061228752136,3.487741231918335,1.135947823524475,0.4479615092277527,2.3520355224609375,4.262770652770996,24.48775291442871,30,300899,2.2847230434417725,,,,,,,,,,,
0.16446584463119507,2.3946433067321777,0.6914060711860657,0.5736982822418213,2.9187850952148438,0.9023051261901855,0.4607887268066406,1.15761137008667,3.5866780281066895,31.06154441833496,30,300924,2.2847230434417725,,,,,,,,,,,
0.16446584463119507,1.0711994171142578,0.0,0.8647005558013916,0.0,0.6703737378120422,0.4882839024066925,0.2624174654483795,3.01509165763855,37.05006790161133,30,300949,2.2922730445861816,,,,,,,,,,,
0.10894421488046646,1.1438531875610352,0.69140625,0.7872377634048462,3.2519924640655518,0.9510433673858643,0.3977372646331787,0.5644049048423767,3.462737798690796,55.403804779052734,30,300974,2.2922730445861816,,,,,,,,,,,
0.10894421488046646,1.8214426040649414,0.0,0.43732577562332153,0.0,0.560481071472168,0.5816951394081116,0.20725096762180328,2.686415672302246,12.31070327758789,30,300999,3.7557647228240967,,,,,,,,,,,
0.16303174197673798,3.4733195304870605,0.0,0.8289348483085632,0.0,0.7217010259628296,0.4817066192626953,1.2537598609924316,3.796039342880249,21.135452270507812,30,301024,3.7557647228240967,,,,,,,,,,,
0.16303174197673798,1.2530657052993774,0.69140625,0.904880166053772,3.21416974067688,1.0960578918457031,0.4175693988800049,0.7911022901535034,3.9226267337799072,62.762027740478516,30,301049,3.2579305171966553,,,,,,,,,,,
0.090648353099823,2.38008451461792,0.6914061903953552,0.8494192361831665,2.92052960395813,1.0063982009887695,0.45491519570350647,1.549328088760376,4.060361385345459,56.699859619140625,30,301074,3.2579305171966553,,,,,,,,,,,
0.090648353099823,2.4872536659240723,0.0,0.5972138047218323,0.0,1.1580880880355835,0.33215585350990295,1.1641387939453125,3.9917221069335938,59.60912322998047,30,301099,3.2807345390319824,,,,,,,,,,,
0.16324514150619507,1.2113364934921265,0.6914061903953552,0.5830180048942566,2.6891138553619385,1.2973905801773071,0.35881125926971436,0.11417797207832336,3.9269027709960938,62.8304443359375,30,301124,3.2807345390319824,,,,,,,,,,,
0.16324514150619507,1.4973983764648438,0.0,0.9064818620681763,0.0,0.8426088690757751,0.4735596179962158,1.3530607223510742,3.514478921890259,56.23166275024414,30,301149,3.7491254806518555,,,,,,,,,,,
0.10569988191127777,2.7942752838134766,0.0,0.7676215767860413,0.0,1.3317655324935913,0.498246967792511,0.8327011466026306,4.7676825523376465,46.713558197021484,30,301174,3.7491254806518555,,,,,,,,,,,
0.10569988191127777,1.7528855800628662,0.6914061307907104,0.5712379217147827,2.774061918258667,0.7033567428588867,0.4096297323703766,0.32674604654312134,2.9411873817443848,35.65999984741211,30,301199,3.2651288509368896,,,,,,,,,,,
0.17189428210258484,2.026297092437744,0.0,0.6486339569091797,0.0,1.0665593147277832,0.5263213515281677,0.4443766474723816,3.9159631729125977,29.304386138916016,30,301224,3.2651288509368896,,,,,,,,,,,
0.17189428210258484,1.1047630310058594,0.6914052367210388,0.20687538385391235,3.1152803897857666,3.694742190418765e-06,0.3111439049243927,0.9961833357810974,0.8806084394454956,2.6418251991271973,30,301249,3.2671823501586914,,,,,,,,,,,
0.08846232295036316,1.3587250709533691,0.69140625,0.7036466598510742,2.7415995597839355,1.1595348119735718,0.4120831787586212,0.5979207754135132,3.869832992553711,56.478355407714844,30,301274,3.2671823501586914,,,,,,,,,,,
0.08846232295036316,1.3059412240982056,0.6914061903953552,0.6105238199234009,2.91081166267395,1.0663844347000122,0.37928375601768494,0.389822781085968,3.543466806411743,55.91496276855469,30,301299,2.7804558277130127,,,,,,,,,,,
0.15993067622184753,2.4192724227905273,0.0,0.467917799949646,0.0,5.065253208158538e-05,0.6206146478652954,0.8708131909370422,1.8144155740737915,5.131942272186279,30,301324,2.7804558277130127,,,,,,,,,,,
0.15993067622184753,2.1727406978607178,0.6914058327674866,0.6848106384277344,3.062736988067627,0.9386910200119019,0.3091452419757843,1.7080779075622559,3.5537874698638916,17.768938064575195,30,301349,2.2813758850097656,,,,,,,,,,,
0.09069636464118958,2.3233721256256104,0.6914052963256836,0.589348554611206,3.271899461746216,0.03984065353870392,0.40718790888786316,1.4490869045257568,1.8059484958648682,5.989653587341309,30,301374,2.2813758850097656,,,,,,,,,,,
0.09069636464118958,1.1327792406082153,0.0,0.6889172196388245,0.0,1.3587315082550049,0.0005676725995726883,0.5646894574165344,3.746781587600708,59.94850540161133,30,301399,3.2739241123199463,,,,,,,,,,,
0.16702651977539062,1.5996265411376953,0.6914061903953552,0.7218912839889526,2.909684419631958,0.6794557571411133,0.4197857975959778,0.6716663837432861,3.009573221206665,44.23151397705078,30,301424,3.2739241123199463,,,,,,,,,,,
0.16702651977539062,2.2994494438171387,0.0,0.8517682552337646,0.0,0.5451077222824097,0.5578523874282837,0.7921176552772522,3.189671039581299,29.23381805419922,30,301449,2.772562265396118,,,,,,,,,,,
0.09361399710178375,2.1500165462493896,0.6914052963256836,0.525040864944458,3.1318180561065674,0.13789981603622437,0.7312706708908081,0.7688547372817993,2.2084343433380127,6.983682632446289,30,301474,2.772562265396118,,,,,,,,,,,
0.09361399710178375,1.8898942470550537,0.69140625,0.6850773096084595,3.0028111934661865,1.0312199592590332,0.37814754247665405,0.6935818195343018,3.722661256790161,46.94097137451172,30,301499,2.2908880710601807,,,,,,,,,,,
0.17820000648498535,2.2800943851470947,0.69140625,0.7137672901153564,2.9526607990264893,0.7942565679550171,0.46247485280036926,0.6934055089950562,3.4783101081848145,40.26435089111328,30,301524,2.2908880710601807,,,,,,,,,,,
0.17820000648498535,2.7769875526428223,0.0,0.6411793231964111,0.0,0.38223832845687866,0.4820021092891693,0.42001187801361084,2.720754384994507,10.537436485290527,30,301549,2.2838053703308105,,,,,,,,,,,
0.11540544778108597,2.1990952491760254,0.0,0.7601988911628723,0.0,0.9527386426925659,0.5212879180908203,0.8228676319122314,3.8466925621032715,33.534690856933594,30,301574,2.2838053703308105,,,,,,,,,,,
0.11540544778108597,2.3108038902282715,0.691405713558197,0.5872211456298828,3.3253707885742188,1.1226861476898193,0.2917417883872986,1.2568461894989014,3.850830078125,16.78537940979004,30,301599,2.7829039096832275,,,,,,,,,,,
0.1675817370414734,2.319023370742798,0.6914061903953552,0.7781941890716553,3.122511386871338,0.5020732879638672,0.45780518651008606,1.2383477687835693,2.96707820892334,44.008880615234375,30,301624,2.7829039096832275,,,,,,,,,,,
0.1675817370414734,1.4565998315811157,0.0,0.8750556707382202,0.0,1.0130181312561035,0.3971828520298004,0.7781336307525635,3.7352547645568848,59.764076232910156,30,301649,2.284420967102051,,,,,,,,,,,
0.09523434937000275,2.6987884044647217,0.6914057731628418,0.6773788928985596,3.375859498977661,1.0751136541366577,0.4772794842720032,1.8058093786239624,4.148281097412109,18.081939697265625,30,301674,2.284420967102051,,,,,,,,,,,
0.09523434937000275,1.200217366218567,0.6914060115814209,0.4256433844566345,2.393494129180908,1.3159818649291992,0.3435020446777344,0.1573263555765152,3.785109281539917,21.41181182861328,30,301699,3.7514967918395996,,,,,,,,,,,
0.16483739018440247,1.2308523654937744,0.69140625,0.9088124632835388,3.326368570327759,0.316297709941864,0.40135717391967773,2.886345148086548,2.3452844619750977,37.52455139160156,30,301724,3.7514967918395996,,,,,,,,,,,
0.16483739018440247,1.2764986753463745,0.6914061307907104,0.6473647356033325,3.2081034183502197,0.7333347201347351,0.3695305585861206,0.27043044567108154,2.8985953330993652,42.104530334472656,30,301749,2.7950809001922607,,,,,,,,,,,
0.10047687590122223,1.0782005786895752,0.69140625,0.6972845792770386,2.783470392227173,1.320583462715149,0.3933672606945038,0.5335840582847595,4.083113670349121,65.32981872558594,30,301774,2.7950809001922607,,,,,,,,,,,
0.10047687590122223,0.8791660070419312,0.0,0.9574066400527954,0.0,0.5160207748413086,0.47617995738983154,1.9951629638671875,2.7293782234191895,39.458160400390625,30,301799,3.2741503715515137,,,,,,,,,,,
0.17136076092720032,2.0724000930786133,0.691405177116394,0.40978044271469116,3.680189609527588,0.016413278877735138,0.48073136806488037,0.9361936450004578,1.5818604230880737,4.47417688369751,30,301824,3.2741503715515137,,,,,,,,,,,
0.17136076092720032,2.170255184173584,0.6914061307907104,0.7206720113754272,2.9930100440979004,1.2667754888534546,0.4425383508205414,0.5247756838798523,4.377768039703369,51.05310821533203,30,301849,2.7763469219207764,,,,,,,,,,,
0.11698880791664124,1.7593474388122559,0.0,0.9323450326919556,0.0,0.2774743139743805,0.6462812423706055,4.862429618835449,2.661379098892212,42.58206558227539,30,301874,2.7763469219207764,,,,,,,,,,,
0.11698880791664124,1.9341471195220947,0.6914061307907104,0.6987995505332947,2.8628549575805664,1.5702366828918457,0.3665911853313446,0.9099288582801819,4.814736843109131,54.684898376464844,30,301899,2.7842180728912354,,,,,,,,,,,
2.7940268516540527,0.8205399513244629,0.69140625,0.9680991172790527,3.1169381141662598,0.5934267044067383,0.47632139921188354,3.564155101776123,2.9086053371429443,45.712318420410156,30,301924,2.7842180728912354,,,,,,,,,,,
2.7940268516540527,1.9079711437225342,0.6914060711860657,0.6352596282958984,3.2831547260284424,0.6798487901687622,0.30108028650283813,1.1103390455245972,2.9012603759765625,22.473066329956055,30,301949,3.7513670921325684,,,,,,,,,,,
0.09708115458488464,1.539757490158081,0.0,0.8620063066482544,0.0,1.0065983533859253,0.5872950553894043,0.8928772211074829,3.9244253635406494,62.79080581665039,30,301974,3.7513670921325684,,,,,,,,,,,
0.09708115458488464,1.9003020524978638,0.0,0.6635501980781555,0.0,0.3076058030128479,0.49394309520721436,0.45880746841430664,2.3427956104278564,21.852142333984375,30,301999,2.7764875888824463,,,,,,,,,,,
0.1602654904127121,2.4995665550231934,0.0,0.7291399240493774,0.0,0.5690510869026184,0.5404787659645081,0.8679264783859253,3.157590866088867,23.83928680419922,30,302024,2.7764875888824463,,,,,,,,,,,
0.1602654904127121,1.8112266063690186,0.6914061307907104,0.473100483417511,2.4204471111297607,1.025014877319336,0.35351619124412537,0.8583231568336487,3.444218873977661,34.2695426940918,30,302049,2.792273998260498,,,,,,,,,,,
0.0870872363448143,0.5711356997489929,0.69140625,0.5059207081794739,2.219531297683716,0.6694395542144775,0.2626887857913971,0.1371830850839615,2.3010246753692627,36.8163948059082,30,302074,2.792273998260498,,,,,,,,,,,
0.0870872363448143,1.4150419235229492,0.0,0.8889598846435547,0.0,0.9414207935333252,0.5184664130210876,0.8658490777015686,3.714780569076538,59.43648910522461,30,302099,3.2783851623535156,,,,,,,,,,,
0.1861390769481659,2.8243408203125,0.6914061307907104,0.713882565498352,3.815174102783203,1.4910258054733276,0.445854127407074,0.7695515155792236,5.027242660522461,50.02043151855469,30,302124,3.2783851623535156,,,,,,,,,,,
0.1861390769481659,1.3640110492706299,0.69140625,0.7803515195846558,2.9980368614196777,1.4140757322311401,0.4791639447212219,0.420740008354187,4.526850700378418,72.42961120605469,30,302149,3.750297784805298,,,,,,,,,,,
0.09663145244121552,0.8722103238105774,0.0,1.040547251701355,0.0,0.7170162200927734,0.4878561198711395,0.18116357922554016,3.2240989208221436,31.589590072631836,30,302174,3.750297784805298,,,,,,,,,,,
0.09663145244121552,3.175461530685425,0.0,0.6538769602775574,0.0,1.160495638847351,0.705073356628418,0.5200558304786682,4.632579803466797,39.58077621459961,30,302199,3.7826731204986572,,,,,,,,,,,
0.16113677620887756,3.544177532196045,0.0,0.8477580547332764,0.0,0.9081894159317017,0.5237080454826355,1.1305561065673828,4.251098155975342,37.3032341003418,30,302224,3.7826731204986572,,,,,,,,,,,
0.16113677620887756,1.0507593154907227,0.6914061903953552,0.8346716165542603,2.907362461090088,0.8549237251281738,0.34077131748199463,1.0764069557189941,3.2295918464660645,51.67346954345703,30,302249,2.7682085037231445,,,,,,,,,,,
0.1447567641735077,2.500474214553833,0.6914061903953552,0.6443114280700684,2.8074376583099365,0.5805751085281372,0.5244386196136475,0.5676190257072449,3.108116865158081,34.33027267456055,30,302274,2.7682085037231445,,,,,,,,,,,
0.1447567641735077,1.8056693077087402,0.6914047002792358,0.3893480896949768,2.6640589237213135,0.0,0.5184882283210754,0.2921050190925598,1.47617769241333,3.3008337020874023,30,302299,3.2583718299865723,,,,,,,,,,,
0.1589222550392151,0.7494449019432068,0.69140625,0.5519527792930603,2.264002799987793,0.9869428277015686,0.24801385402679443,0.317038893699646,3.0213260650634766,47.38764953613281,30,302324,3.2583718299865723,,,,,,,,,,,
0.1589222550392151,3.239522933959961,0.0,0.8866196870803833,0.0,0.8613049983978271,0.557930588722229,0.6743929982185364,4.139017105102539,31.24889373779297,30,302349,2.7908291816711426,,,,,,,,,,,
0.1382095366716385,1.0447486639022827,0.69140625,1.4131240844726562,3.190509796142578,0.5805683135986328,0.41093355417251587,0.6143825650215149,3.33052396774292,53.28838348388672,30,302374,2.7908291816711426,,,,,,,,,,,
0.1382095366716385,1.3766846656799316,0.6914061903953552,0.7287660837173462,3.2575292587280273,0.6433252692222595,0.4289737045764923,0.5813645720481873,2.8899710178375244,44.113494873046875,30,302399,3.273001194000244,,,,,,,,,,,
0.1622162163257599,1.5851917266845703,0.6914061903953552,0.9676050543785095,2.903625011444092,0.9719324111938477,0.49187740683555603,4.203014373779297,3.9079411029815674,62.52705764770508,30,302424,3.273001194000244,,,,,,,,,,,
0.1622162163257599,1.4693922996520996,0.6914061903953552,0.509014368057251,2.5307693481445312,0.869795560836792,0.35908424854278564,1.057025671005249,3.07381534576416,37.01363754272461,30,302449,2.2929720878601074,,,,,,,,,,,
0.10833550244569778,2.126260995864868,0.0,0.6859579086303711,0.0,1.264995813369751,0.7750145792961121,0.7203480005264282,4.628842353820801,49.6388053894043,30,302474,2.2929720878601074,,,,,,,,,,,
0.10833550244569778,1.8406007289886475,0.0,0.3704488277435303,0.0,0.7078582048416138,0.4716953933238983,0.6520755887031555,2.8100409507751465,10.883241653442383,30,302499,2.283642530441284,,,,,,,,,,,
0.25733688473701477,0.851361095905304,0.6914061903953552,0.6947485208511353,2.964595317840576,0.9637913107872009,0.41196829080581665,0.3576105833053589,3.3193535804748535,53.109657287597656,30,302524,2.283642530441284,,,,,,,,,,,
0.25733688473701477,1.0797605514526367,0.0,0.7859357595443726,0.0,0.6900807023048401,0.3384041488170624,1.739666223526001,2.828429698944092,32.124786376953125,30,302549,2.768174409866333,,,,,,,,,,,
0.09410694241523743,1.9381160736083984,0.6914061307907104,1.3138090372085571,2.9568920135498047,1.6059682369232178,0.5201687812805176,0.6197407245635986,5.656918048858643,58.5156135559082,30,302574,2.768174409866333,,,,,,,,,,,
0.09410694241523743,1.0616161823272705,0.0,0.8962258100509644,0.0,0.7610127329826355,0.0005117809632793069,0.9437863230705261,2.737248182296753,34.29762268066406,30,302599,3.7833058834075928,,,,,,,,,,,
0.15775983035564423,1.9392650127410889,0.6914061903953552,0.9428393840789795,2.925886631011963,0.40092700719833374,0.44935575127601624,3.379899024963379,2.8050875663757324,41.88888931274414,30,302624,3.7833058834075928,,,,,,,,,,,
0.15775983035564423,0.9771568179130554,0.69140625,0.6976532936096191,2.7741739749908447,1.1078195571899414,0.37366268038749695,0.3575748801231384,3.607844114303589,57.72550582885742,30,302649,2.7695727348327637,,,,,,,,,,,
0.10340382903814316,1.3900668621063232,0.6914061903953552,0.7731928825378418,3.0782506465911865,1.3506888151168823,0.3748363256454468,0.4255373775959015,4.2972092628479,68.7553482055664,30,302674,2.7695727348327637,,,,,,,,,,,
0.10340382903814316,0.9389480352401733,0.6914061307907104,0.6276425123214722,2.6162123680114746,1.6441446542739868,0.5970268845558167,0.05989060178399086,4.820805072784424,35.752044677734375,30,302699,3.2822327613830566,,,,,,,,,,,
0.16781765222549438,1.483757734298706,0.69140625,0.8381333351135254,3.3578593730926514,1.3043012619018555,0.45268169045448303,1.2982125282287598,4.3781232833862305,66.2530288696289,30,302724,3.2822327613830566,,,,,,,,,,,
0.16781765222549438,1.967191457748413,0.0,0.7163999676704407,0.0,1.13294517993927,0.4278608560562134,0.900143563747406,4.000308513641357,43.45447540283203,30,302749,2.2986936569213867,,,,,,,,,,,
0.10375174880027771,2.0720925331115723,0.6914061307907104,0.6577564477920532,3.0533690452575684,0.501160740852356,0.5385090112686157,0.9183467626571655,2.8507485389709473,28.649667739868164,30,302774,2.2986936569213867,,,,,,,,,,,
0.10375174880027771,1.0590183734893799,0.0,0.7420034408569336,0.0,0.4132968783378601,0.37555742263793945,0.5115119218826294,2.2618601322174072,36.189762115478516,30,302799,3.7740139961242676,,,,,,,,,,,
0.16587680578231812,1.579829454421997,0.69140625,1.34813392162323,3.015791177749634,0.7870692014694214,0.3653036057949066,0.8831053972244263,3.791682720184326,54.81571960449219,30,302824,3.7740139961242676,,,,,,,,,,,
0.16587680578231812,2.4032974243164062,0.0,0.6004583239555359,0.0,1.4105650186538696,0.6295831203460693,0.26351961493492126,4.772160530090332,50.50379943847656,30,302849,3.276092529296875,,,,,,,,,,,
0.09294261038303375,1.2085336446762085,0.69140625,0.9818033576011658,2.8857407569885254,1.0868747234344482,0.425663560628891,0.440469890832901,3.9726338386535645,63.56214141845703,30,302874,3.276092529296875,,,,,,,,,,,
0.09294261038303375,0.9760415554046631,0.6914061903953552,0.794474720954895,2.860995292663574,0.8140374422073364,0.43985968828201294,0.5363268852233887,3.1838316917419434,50.941307067871094,30,302899,3.7619130611419678,,,,,,,,,,,
0.16726918518543243,2.502256393432617,0.0,0.5383303761482239,0.0,0.640418291091919,0.17524944245815277,1.2755404710769653,2.7450931072235107,9.897573471069336,30,302924,3.7619130611419678,,,,,,,,,,,
0.16726918518543243,2.7620341777801514,0.6914061307907104,0.8961633443832397,2.8258583545684814,0.6631416082382202,0.4796566367149353,2.352632999420166,3.558972120285034,38.98658752441406,30,302949,2.285717010498047,,,,,,,,,,,
0.10733631998300552,0.8959379196166992,0.69140625,0.5765023231506348,2.879286766052246,0.6768088936805725,0.3537072539329529,0.29592612385749817,2.581401824951172,41.30242919921875,30,302974,2.285717010498047,,,,,,,,,,,
0.10733631998300552,2.2238142490386963,0.0,0.7826954126358032,0.0,0.8997392654418945,0.5074890851974487,0.45168790221214294,3.756807327270508,28.363271713256836,30,302999,2.7861742973327637,,,,,,,,,,,
0.15819022059440613,2.8719844818115234,0.6914057731628418,0.5432072281837463,4.910494327545166,0.9730492234230042,0.6978705525398254,0.4639705717563629,4.09787654876709,18.326261520385742,30,303024,2.7861742973327637,,,,,,,,,,,
0.15819022059440613,1.6078369617462158,0.6914057731628418,0.3537334203720093,2.803325891494751,0.0007955172914080322,0.43007874488830566,0.1701277792453766,1.2957875728607178,5.497560977935791,30,303049,3.26761531829834,,,,,,,,,,,
0.08958013355731964,1.9436964988708496,0.6914061307907104,0.5960307121276855,2.606085777282715,0.3876805901527405,0.325303852558136,0.4332115054130554,2.305865526199341,22.710142135620117,30,303074,3.26761531829834,,,,,,,,,,,
0.08958013355731964,0.9025710821151733,0.0,0.8220721483230591,0.0,0.8032952547073364,0.4959406852722168,0.46909162402153015,3.1953747272491455,51.12599563598633,30,303099,2.773773193359375,,,,,,,,,,,
0.16122548282146454,1.9415132999420166,0.6914052963256836,0.44434940814971924,2.4983911514282227,0.0,0.39082691073417664,0.827872097492218,1.4426143169403076,4.080329418182373,30,303124,2.773773193359375,,,,,,,,,,,
0.16122548282146454,2.381979465484619,0.0,0.7048994302749634,0.0,0.948340892791748,0.4656639099121094,1.158795714378357,3.781838893890381,42.78662109375,30,303149,3.4996631145477295,,,,,,,,,,,
0.0986771434545517,2.210563898086548,0.6914061903953552,0.7127074003219604,2.983322858810425,1.1551705598831177,0.47191324830055237,1.0382487773895264,4.18796443939209,48.65974807739258,30,303174,3.4996631145477295,,,,,,,,,,,
0.0986771434545517,2.0553174018859863,0.6914052963256836,0.46742329001426697,2.8510804176330566,0.0003691993188112974,0.6587611436843872,1.3777036666870117,1.772028923034668,5.012054443359375,30,303199,3.265094518661499,,,,,,,,,,,
2.6841914653778076,2.9099249839782715,0.0,0.5726350545883179,0.0,1.1918544373656914e-07,0.5159297585487366,0.7877258062362671,1.9615426063537598,5.5480804443359375,30,303224,3.265094518661499,,,,,,,,,,,
2.6841914653778076,1.4983928203582764,0.6914061903953552,0.7935007810592651,3.0707895755767822,1.1121656894683838,0.4193084239959717,0.8370171785354614,3.9173662662506104,62.677860260009766,30,303249,2.788722038269043,,,,,,,,,,,
0.16626784205436707,1.6712895631790161,0.6914061903953552,0.6331568956375122,2.737730026245117,0.8869630098342896,0.46000728011131287,0.605078935623169,3.3958542346954346,39.456260681152344,30,303274,2.788722038269043,,,,,,,,,,,
0.16626784205436707,2.04233980178833,0.0,0.7822474241256714,0.0,0.6432640552520752,0.39711883664131165,0.807370662689209,3.078596353530884,37.32599639892578,30,303299,2.780759572982788,,,,,,,,,,,
0.1676742434501648,1.5228196382522583,0.69140625,0.7340915203094482,2.968224287033081,0.9706908464431763,0.3944070339202881,0.6410969495773315,3.556408405303955,56.00637435913086,30,303324,2.780759572982788,,,,,,,,,,,
0.1676742434501648,1.9473532438278198,0.6914061307907104,0.6738982200622559,2.9898085594177246,1.214272379875183,0.40473324060440063,0.710195779800415,4.121280193328857,41.21280288696289,30,303349,2.8007452487945557,,,,,,,,,,,
0.0900731235742569,3.2325644493103027,0.6914054751396179,0.6610187292098999,4.016483783721924,0.8837825655937195,0.5331943035125732,0.48103946447372437,3.971712350845337,13.172679901123047,30,303374,2.8007452487945557,,,,,,,,,,,
0.0900731235742569,1.6999757289886475,0.0,0.8096508979797363,0.0,0.5534276962280273,0.4265824854373932,0.3981829583644867,2.853081464767456,45.6493034362793,30,303399,2.788893699645996,,,,,,,,,,,
0.904057502746582,2.745337724685669,0.0,0.5547441244125366,0.0,1.1363674402236938,0.38698843121528625,0.25458088517189026,4.038068771362305,18.504756927490234,30,303424,2.788893699645996,,,,,,,,,,,
0.904057502746582,2.5205440521240234,0.0,0.7430785894393921,0.0,0.824736475944519,0.5839112997055054,0.46648073196411133,3.732625961303711,40.0279541015625,30,303449,3.778409004211426,,,,,,,,,,,
0.09231510758399963,0.9217004776000977,0.0,0.8693750500679016,0.0,0.6882319450378418,0.44423314929008484,0.7595431804656982,2.9665822982788086,47.46531677246094,30,303474,3.778409004211426,,,,,,,,,,,
0.09231510758399963,1.1071741580963135,0.6914061903953552,0.4622501730918884,2.7675740718841553,0.34286314249038696,0.27559182047843933,0.706523060798645,1.7833962440490723,25.34682273864746,30,303499,3.283371686935425,,,,,,,,,,,
0.17859229445457458,2.2426929473876953,0.6914061307907104,0.48571544885635376,2.7286999225616455,0.8642981052398682,0.3234846293926239,0.3967295289039612,3.23789119720459,25.495180130004883,30,303524,3.283371686935425,,,,,,,,,,,
0.17859229445457458,2.324962615966797,0.6914059519767761,0.4422687888145447,3.150036096572876,1.0244909524917603,0.5419448018074036,0.7687657475471497,3.7621846199035645,20.946956634521484,30,303549,3.7726852893829346,,,,,,,,,,,
4.66066837310791,0.0,0.0,0.0,0.0,0.25127676129341125,0.0007575898198410869,3.5236310958862305,0.5033110976219177,8.052977561950684,30,303574,3.7726852893829346,,,,,,,,,,,
4.66066837310791,1.7902381420135498,0.6914061903953552,0.4693278670310974,6.026925563812256,0.38891342282295227,0.4385005831718445,1.9847112894058228,2.28299617767334,31.961946487426758,30,303599,3.7665977478027344,,,,,,,,,,,
0.1852787733078003,2.0008292198181152,0.0,0.6293890476226807,0.0,0.3367058038711548,0.3874683678150177,1.286453127861023,2.290517807006836,28.05299949645996,30,303624,3.7665977478027344,,,,,,,,,,,
0.1852787733078003,1.9207947254180908,0.0,0.909607470035553,0.0,1.3518338203430176,0.44847989082336426,2.0264806747436523,4.637993812561035,53.084266662597656,30,303649,2.2934837341308594,,,,,,,,,,,
0.09642131626605988,1.75132417678833,0.69140625,0.8716729879379272,3.246185064315796,0.8522481918334961,0.5592672824859619,1.4364423751831055,3.69329571723938,59.09273147583008,30,303674,2.2934837341308594,,,,,,,,,,,
0.09642131626605988,1.0988596677780151,0.69140625,0.8986358642578125,3.022892713546753,1.3512729406356812,0.4516322612762451,0.8818416595458984,4.412700653076172,70.60321044921875,30,303699,3.759495735168457,,,,,,,,,,,
0.1688709557056427,1.538182258605957,0.0,0.5067864656448364,0.0,1.770035743713379,0.424456387758255,0.29409921169281006,4.932769298553467,28.762739181518555,30,303724,3.759495735168457,,,,,,,,,,,
0.1688709557056427,1.441894292831421,0.69140625,1.4056422710418701,3.2301576137542725,0.9082183837890625,0.4028402268886566,1.7219687700271606,4.089788913726807,65.4366226196289,30,303749,3.2687559127807617,,,,,,,,,,,
0.09012749791145325,0.9488065838813782,0.69140625,0.6509681344032288,2.676199436187744,0.9799621105194092,0.3597687780857086,0.24258269369602203,3.2820651531219482,52.51304244995117,30,303774,3.2687559127807617,,,,,,,,,,,
0.09012749791145325,1.9038501977920532,0.6914061307907104,0.855802059173584,2.9555842876434326,1.2530518770217896,0.3604278266429901,0.549348771572113,4.323044300079346,41.91347122192383,30,303799,2.780827045440674,,,,,,,,,,,
0.16510112583637238,2.078587055206299,0.6914061307907104,0.785254716873169,3.12750506401062,1.659520149230957,0.4832870364189148,0.1297028362751007,5.242433071136475,54.228145599365234,30,303824,2.780827045440674,,,,,,,,,,,
0.16510112583637238,2.6236302852630615,0.6914061307907104,0.7243819236755371,3.0802559852600098,1.252443552017212,0.42997702956199646,0.863084077835083,4.477137565612793,43.63774108886719,30,303849,2.283886194229126,,,,,,,,,,,
0.09392577409744263,1.147924542427063,0.0,0.9507296681404114,0.0,0.4399648904800415,0.40152937173843384,2.2228269577026367,2.576566219329834,31.132768630981445,30,303874,2.283886194229126,,,,,,,,,,,
0.09392577409744263,2.2468976974487305,0.6914061307907104,0.5984420776367188,2.799638509750366,0.5149781703948975,0.27009645104408264,1.9167752265930176,2.6005609035491943,22.52151870727539,30,303899,2.2847628593444824,,,,,,,,,,,
0.16406947374343872,1.1047241687774658,0.0,0.6015335917472839,0.0,0.43645358085632324,0.448285311460495,0.40699872374534607,2.254143238067627,33.129005432128906,30,303924,2.2847628593444824,,,,,,,,,,,
0.16406947374343872,2.1195175647735596,0.0,0.8480390310287476,0.0,1.3701820373535156,0.5186078548431396,0.8255016803741455,4.742866516113281,46.71181869506836,30,303949,3.265828847885132,,,,,,,,,,,
0.09519950300455093,1.0254418849945068,0.69140625,0.5631157755851746,2.6290712356567383,0.6591815948486328,0.3926723599433899,0.17479977011680603,2.608074426651001,39.55340576171875,30,303974,3.265828847885132,,,,,,,,,,,
0.09519950300455093,0.0,0.0,0.0,0.0,0.4598679840564728,0.0006218766793608665,1.6994044780731201,0.9203578233718872,14.725725173950195,30,303999,3.759305477142334,,,,,,,,,,,
0.18879327178001404,2.564798355102539,0.6914055347442627,0.6282489895820618,3.305461883544922,0.00016243656864389777,0.7935050129890442,1.5231904983520508,2.2245728969573975,7.378073692321777,30,304024,3.759305477142334,,,,,,,,,,,
0.18879327178001404,1.5583701133728027,0.0,0.7984820604324341,0.0,1.3084053993225098,0.5370877385139465,1.2010984420776367,4.419891834259033,54.31254196166992,30,304049,3.284836530685425,,,,,,,,,,,
5.632544040679932,1.5982615947723389,0.0,0.6917632818222046,0.0,0.26442447304725647,0.45238757133483887,2.397484302520752,2.1524782180786133,33.06699752807617,30,304074,3.284836530685425,,,,,,,,,,,
5.632544040679932,1.3332736492156982,0.0,0.7855255603790283,0.0,0.8943471908569336,0.33717089891433716,0.9286208152770996,3.311372995376587,52.98196792602539,30,304099,3.7598485946655273,,,,,,,,,,,
0.17572873830795288,1.935256004333496,0.0,0.8025271892547607,0.0,1.5611034631729126,0.5722370743751526,0.8139879703521729,5.077548027038574,57.44589614868164,30,304124,3.7598485946655273,,,,,,,,,,,
0.17572873830795288,1.4610543251037598,0.6914061903953552,0.7689764499664307,3.632460355758667,0.9736154675483704,0.43553420901298523,0.3962801694869995,3.62638258934021,53.296722412109375,30,304149,3.293231248855591,,,,,,,,,,,
0.09629085659980774,2.0361809730529785,0.0,0.5545357465744019,0.0,1.634108304977417,0.4950579106807709,0.3004336655139923,4.928664684295654,45.97152328491211,30,304174,3.293231248855591,,,,,,,,,,,
0.09629085659980774,1.3594441413879395,0.0,0.8764989376068115,0.0,0.3760901689529419,0.5586720705032349,0.8213014602661133,2.595184326171875,41.52294921875,30,304199,2.284782886505127,,,,,,,,,,,
0.16696906089782715,2.3589346408843994,0.6914061903953552,0.6517701148986816,3.243492603302002,0.5987793803215027,0.39844805002212524,0.6702832579612732,2.9878921508789062,36.34927749633789,30,304224,2.284782886505127,,,,,,,,,,,
0.16696906089782715,4.315122127532959,0.0,0.8250479698181152,0.0,0.6385964155197144,0.44914597272872925,1.5827150344848633,3.84592342376709,32.177303314208984,30,304249,2.7771730422973633,,,,,,,,,,,
0.1025039553642273,2.977778434753418,0.6914061307907104,0.7201045155525208,3.312088966369629,0.9191089868545532,0.45488640666007996,1.2182435989379883,3.9396634101867676,44.22261047363281,30,304274,2.7771730422973633,,,,,,,,,,,
0.1025039553642273,2.0210461616516113,0.0,0.7832449674606323,0.0,0.9584628939628601,0.6852320432662964,1.1874300241470337,3.9917168617248535,40.90292739868164,30,304299,2.790494680404663,,,,,,,,,,,
0.1675213873386383,1.494758129119873,0.0,0.7324002385139465,0.0,0.875461995601654,0.3899521231651306,0.2359713315963745,3.3217039108276367,53.14726257324219,30,304324,2.790494680404663,,,,,,,,,,,
0.1675213873386383,1.8006565570831299,0.6914061903953552,0.6404476165771484,2.880082607269287,0.9710240364074707,0.396585613489151,0.3372284471988678,3.548079252243042,56.76926803588867,30,304349,2.7768895626068115,,,,,,,,,,,
0.10263441503047943,4.1042256355285645,0.0,0.7556174993515015,0.0,0.3954193592071533,0.5979610681533813,0.5791438817977905,3.3756847381591797,20.809118270874023,30,304374,2.7768895626068115,,,,,,,,,,,
0.10263441503047943,1.2917824983596802,0.69140625,0.7071506977081299,2.537461757659912,1.0235295295715332,0.3721969425678253,0.2570159435272217,3.539315938949585,56.62905502319336,30,304399,3.0104591846466064,,,,,,,,,,,
0.1610516756772995,3.971695899963379,0.6914061307907104,0.8030095100402832,4.077454090118408,1.0331472158432007,0.5127941966056824,0.6639227271080017,4.614381313323975,50.967506408691406,30,304424,3.0104591846466064,,,,,,,,,,,
0.1610516756772995,2.2130560874938965,0.0,0.7077507972717285,0.0,1.54740571975708,0.49317389726638794,1.2336891889572144,4.959653377532959,38.41731262207031,30,304449,2.7839114665985107,,,,,,,,,,,
0.09277261793613434,3.158956289291382,0.0,0.6908748149871826,0.0,1.6439611911773682,0.5168796181678772,0.4548465609550476,5.443363666534424,52.493900299072266,30,304474,2.7839114665985107,,,,,,,,,,,
0.09277261793613434,2.2458910942077637,0.6914061307907104,0.5454162359237671,2.752418041229248,0.9702025055885315,0.38912349939346313,0.3675694465637207,3.5762362480163574,36.29483413696289,30,304499,3.7780470848083496,,,,,,,,,,,
0.2008723020553589,9.968235969543457,0.0,0.49901705980300903,0.0,0.23960506916046143,0.3213473856449127,0.8377439975738525,4.290045261383057,17.160181045532227,30,304524,3.7780470848083496,,,,,,,,,,,
0.2008723020553589,3.3247556686401367,0.0,0.8289260864257812,0.0,1.1495400667190552,0.42130014300346375,1.4622248411178589,4.5467329025268555,38.8473014831543,30,304549,2.275794267654419,,,,,,,,,,,
0.10220982879400253,11.980754852294922,0.6914059519767761,0.7391149401664734,3.208418130874634,0.9032960534095764,0.41554999351501465,1.35125732421875,6.587567329406738,35.475135803222656,30,304574,2.275794267654419,,,,,,,,,,,
0.10220982879400253,2.196126699447632,0.6914061903953552,0.5509291291236877,2.9140632152557373,1.2786916494369507,0.3336453437805176,0.41796475648880005,4.129936218261719,66.0789794921875,30,304599,2.2909607887268066,,,,,,,,,,,
0.173334002494812,8.327288627624512,0.0,0.7773027420043945,0.0,1.1341686248779297,0.6090350151062012,0.4241763651371002,6.152861595153809,30.142744064331055,30,304624,2.2909607887268066,,,,,,,,,,,
0.173334002494812,2.807990312576294,0.0,0.6906143426895142,0.0,0.950917661190033,0.4342665374279022,1.1127896308898926,3.8691134452819824,40.20900344848633,30,304649,2.2850472927093506,,,,,,,,,,,
0.1060657799243927,1.5489182472229004,0.6914061307907104,0.5652459859848022,2.6276090145111084,1.405197262763977,0.36010217666625977,0.2819899320602417,4.226694107055664,51.59337615966797,30,304674,2.2850472927093506,,,,,,,,,,,
0.1060657799243927,1.228311538696289,0.0,0.7800475358963013,0.0,0.5733909606933594,0.5373177528381348,1.6849675178527832,2.8326406478881836,45.32225036621094,30,304699,3.2769782543182373,,,,,,,,,,,
0.16352295875549316,1.2079195976257324,0.0,0.835128903388977,0.0,1.2053401470184326,0.00047858140897005796,0.7356898188591003,3.608663558959961,38.52998352050781,30,304724,3.2769782543182373,,,,,,,,,,,
0.16352295875549316,3.067531108856201,0.0,0.7610204219818115,0.0,0.9937580823898315,0.5480011105537415,1.3898274898529053,4.216797351837158,37.00224685668945,30,304749,3.2863149642944336,,,,,,,,,,,
0.11843575537204742,0.7237788438796997,0.6914061307907104,0.6109846830368042,2.5158944129943848,0.7967040538787842,0.38871070742607117,0.8040615916252136,2.8353960514068604,25.67560386657715,30,304774,3.2863149642944336,,,,,,,,,,,
0.11843575537204742,0.8641128540039062,0.0,0.8171290159225464,0.0,0.8099097013473511,0.44386884570121765,0.3666102886199951,3.1400511264801025,50.24081802368164,30,304799,3.7595767974853516,,,,,,,,,,,
0.1708097606897354,1.5859984159469604,0.69140625,0.8509670495986938,3.9847731590270996,0.6127458810806274,0.49812620878219604,0.5581454634666443,3.0902323722839355,49.44371795654297,30,304824,3.7595767974853516,,,,,,,,,,,
0.1708097606897354,1.8221521377563477,0.6914060711860657,0.9029406309127808,3.0404109954833984,0.8637131452560425,0.3546547293663025,1.5093762874603271,3.5620713233947754,30.84844398498535,30,304849,3.774705171585083,,,,,,,,,,,
0.10107327997684479,1.0431804656982422,0.69140625,0.546367883682251,2.37809419631958,0.7071476578712463,0.29893958568573,0.4451558291912079,2.5963377952575684,41.541404724121094,30,304874,3.774705171585083,,,,,,,,,,,
0.10107327997684479,2.5479211807250977,0.0,0.791534423828125,0.0,1.5811456441879272,0.694770336151123,0.9450666308403015,5.412972450256348,60.76046371459961,30,304899,3.7918529510498047,,,,,,,,,,,
0.17167115211486816,1.2860163450241089,0.0,0.7954355478286743,0.0,0.8713911771774292,0.5038721561431885,0.7999477982521057,3.4278948307037354,54.846317291259766,30,304924,3.7918529510498047,,,,,,,,,,,
0.17167115211486816,4.402447700500488,0.0,0.8526935577392578,0.0,0.7308034896850586,0.5219019055366516,0.7016519904136658,4.156937122344971,29.976099014282227,30,304949,2.7811007499694824,,,,,,,,,,,
0.09352196007966995,2.0208511352539062,0.0,0.892850399017334,0.0,1.3869236707687378,0.46777600049972534,0.7494562864303589,4.740728855133057,49.49466323852539,30,304974,2.7811007499694824,,,,,,,,,,,
0.09352196007966995,2.4245550632476807,0.6914061307907104,0.5769177079200745,3.057037830352783,1.1385955810546875,0.34175345301628113,0.743453860282898,3.953799247741699,39.14061737060547,30,304999,3.754145383834839,,,,,,,,,,,
0.1683255136013031,1.4802985191345215,0.6914061903953552,0.7376958131790161,2.8487823009490967,0.5726374387741089,0.41496485471725464,0.8267581462860107,2.770512819290161,44.32820510864258,30,305024,3.754145383834839,,,,,,,,,,,
0.1683255136013031,1.0402765274047852,0.69140625,0.43098822236061096,2.0824880599975586,1.6316208839416504,0.3156872093677521,0.4212180972099304,4.342824935913086,56.28944396972656,30,305049,3.775125503540039,,,,,,,,,,,
0.10238352417945862,3.232365608215332,0.0,0.688301682472229,0.0,0.00022142204397823662,0.5150113701820374,1.3134256601333618,2.1734657287597656,7.836542129516602,30,305074,3.775125503540039,,,,,,,,,,,
0.10238352417945862,1.9644582271575928,0.6914061307907104,0.635048508644104,2.750506639480591,0.6556008458137512,0.2526492774486542,0.8485431671142578,2.815742015838623,33.43508529663086,30,305099,2.7778544425964355,,,,,,,,,,,
0.17782220244407654,3.1952028274536133,0.0,0.8044893145561218,0.0,1.0654264688491821,0.567857027053833,0.8835490345954895,4.461760520935059,32.17421340942383,30,305124,2.7778544425964355,,,,,,,,,,,
0.17782220244407654,1.822253704071045,0.0,0.572613537311554,0.0,1.218027114868164,0.3806040585041046,0.422708123922348,3.935947895050049,42.391456604003906,30,305149,3.28350567817688,,,,,,,,,,,
0.09131994098424911,2.486936330795288,0.0,0.7503374218940735,0.0,1.2876619100570679,0.4181923270225525,1.512488842010498,4.48993444442749,43.065940856933594,30,305174,3.28350567817688,,,,,,,,,,,
0.09131994098424911,1.1611237525939941,0.69140625,0.6271645426750183,2.6516077518463135,1.3823049068450928,0.38337022066116333,0.3483086824417114,4.149997711181641,66.39996337890625,30,305199,2.7878811359405518,,,,,,,,,,,
0.16797727346420288,2.2278852462768555,0.0,0.5517807006835938,0.0,1.0646097660064697,0.35734689235687256,0.54691481590271,3.7067127227783203,34.17420196533203,30,305224,2.7878811359405518,,,,,,,,,,,
0.16797727346420288,2.489061117172241,0.6914061903953552,0.7579216957092285,2.967613458633423,1.379645586013794,0.35727420449256897,0.6371985077857971,4.650881290435791,45.805870056152344,30,305249,4.004209518432617,,,,,,,,,,,
0.10525085031986237,1.5649666786193848,0.6914061903953552,0.568650484085083,2.7732973098754883,1.3529233932495117,0.3265748918056488,0.9067033529281616,4.098295211791992,54.370033264160156,30,305274,4.004209518432617,,,,,,,,,,,
0.10525085031986237,2.035862684249878,0.6914061903953552,0.6093871593475342,2.720979690551758,1.2336218357086182,0.39079996943473816,0.7469747066497803,4.105399131774902,42.66455841064453,30,305299,2.7902634143829346,,,,,,,,,,,
0.16628247499465942,3.4890427589416504,0.6914060115814209,0.7907776832580566,2.8726696968078613,0.8800454139709473,0.49176549911499023,2.7283661365509033,4.118073463439941,24.70844078063965,30,305324,2.7902634143829346,,,,,,,,,,,
0.16628247499465942,2.525951862335205,0.6914061307907104,1.0351226329803467,2.882589101791382,0.7848204374313354,0.4255906045436859,1.1258251667022705,3.8169655799865723,38.549461364746094,30,305349,3.7364444732666016,,,,,,,,,,,
0.08732934296131134,2.730586051940918,0.0,0.7661400437355042,0.0,1.0233561992645264,0.851958692073822,2.7474100589752197,4.483986854553223,23.29947853088379,30,305374,3.7364444732666016,,,,,,,,,,,
0.08732934296131134,2.09342622756958,0.6914052963256836,0.4510033130645752,2.899740219116211,0.0,0.501478374004364,0.659636378288269,1.6095070838928223,4.55237340927124,30,305399,2.7795865535736084,,,,,,,,,,,
0.16355371475219727,2.130624771118164,0.6914061307907104,0.7205783128738403,2.8458170890808105,0.8482910394668579,0.5055686831474304,0.5583251714706421,3.590374708175659,43.084495544433594,30,305424,2.7795865535736084,,,,,,,,,,,
0.16355371475219727,3.292245388031006,0.0,0.7173653244972229,0.0,0.7789376974105835,0.512363612651825,1.4535512924194336,3.775278091430664,17.300498962402344,30,305449,2.285323143005371,,,,,,,,,,,
0.09465084224939346,3.473240613937378,0.0,0.7652182579040527,0.0,1.4660216569900513,0.5723099112510681,1.3388649225234985,5.311543941497803,31.423519134521484,30,305474,2.285323143005371,,,,,,,,,,,
0.09465084224939346,1.2225658893585205,0.69140625,0.5972654223442078,2.6247808933258057,1.0770584344863892,0.47681936621665955,0.20694014430046082,3.6212191581726074,54.07633590698242,30,305499,3.264911413192749,,,,,,,,,,,
0.23762354254722595,2.02524471282959,0.6914055347442627,0.4093758463859558,3.247737407684326,0.16216394305229187,0.41144341230392456,0.2849467992782593,1.7851979732513428,6.184107303619385,30,305524,3.264911413192749,,,,,,,,,,,
0.23762354254722595,1.0757272243499756,0.6914061903953552,0.9514404535293579,3.0142107009887695,0.9552404284477234,0.44659143686294556,2.7328014373779297,3.6613729000091553,58.581966400146484,30,305549,2.272331953048706,,,,,,,,,,,
0.09536068141460419,1.9670803546905518,0.0,0.8403468132019043,0.0,1.4314906597137451,0.5885205864906311,1.0913044214248657,4.881972789764404,49.30550765991211,30,305574,2.272331953048706,,,,,,,,,,,
0.09536068141460419,2.6447463035583496,0.0,0.6819155216217041,0.0,1.1619075536727905,0.37805452942848206,2.0220742225646973,4.17720890045166,45.759033203125,30,305599,2.7758071422576904,,,,,,,,,,,
0.1742439866065979,0.9929171800613403,0.69140625,0.9084972143173218,3.0924928188323975,0.3972633481025696,0.4300875961780548,0.8082089424133301,2.461911678314209,39.390586853027344,30,305624,2.7758071422576904,,,,,,,,,,,
0.1742439866065979,1.3940825462341309,0.6914061903953552,0.675800085067749,2.8144712448120117,1.087051272392273,0.3838876485824585,0.3605149984359741,3.6801600456237793,57.72105407714844,30,305649,2.788567304611206,,,,,,,,,,,
0.10651010274887085,1.598468542098999,0.0,0.22149398922920227,0.0,0.0018675592727959156,0.2855047881603241,0.7738487720489502,0.9902744293212891,1.7152055501937866,30,305674,2.788567304611206,,,,,,,,,,,
0.10651010274887085,1.37812340259552,0.6914061307907104,0.5951588153839111,3.081357002258301,1.127382516860962,0.38435861468315125,0.3348824083805084,3.6785330772399902,44.14239501953125,30,305699,2.3005199432373047,,,,,,,,,,,
0.16675882041454315,2.149688959121704,0.6914054155349731,0.5288806557655334,2.910804510116577,0.0053545827977359295,0.5055821537971497,1.2457293272018433,1.719186782836914,5.701897621154785,30,305724,2.3005199432373047,,,,,,,,,,,
0.16675882041454315,1.1462483406066895,0.69140625,0.7234224081039429,2.8837201595306396,0.9433867931365967,0.4500196874141693,0.47810855507850647,3.432927370071411,54.92683792114258,30,305749,2.2885613441467285,,,,,,,,,,,
0.09307403862476349,2.222195625305176,0.6914054155349731,0.5093365907669067,2.996581554412842,0.0,0.3974544107913971,0.8376583456993103,1.6034154891967773,4.810246467590332,30,305774,2.2885613441467285,,,,,,,,,,,
0.09307403862476349,1.5462044477462769,0.69140625,1.6184213161468506,3.3256523609161377,0.6336686015129089,0.3826921582221985,0.5008728504180908,3.765568494796753,54.9566650390625,30,305799,2.772601842880249,,,,,,,,,,,
0.16241034865379333,2.481977701187134,0.6914057731628418,0.49696528911590576,3.2371840476989746,0.29099971055984497,0.3982638418674469,1.7698652744293213,2.2541937828063965,9.825803756713867,30,305824,2.772601842880249,,,,,,,,,,,
0.16241034865379333,1.0843687057495117,0.69140625,0.8295998573303223,3.2002694606781006,1.29624342918396,0.4502107799053192,1.014094352722168,4.229610443115234,67.67376708984375,30,305849,2.2867603302001953,,,,,,,,,,,
0.09242406487464905,2.376708507537842,0.6914054751396179,0.5934628844261169,3.2128288745880127,0.756045937538147,0.5705530047416687,0.962765097618103,3.4212486743927,11.34699821472168,30,305874,2.2867603302001953,,,,,,,,,,,
0.09242406487464905,1.518873691558838,0.6914061903953552,0.8746312856674194,3.270270824432373,1.6211881637573242,0.5951470136642456,1.2397350072860718,5.200519561767578,83.20831298828125,30,305899,2.7788829803466797,,,,,,,,,,,
0.16660229861736298,2.2760138511657715,0.0,0.8954414129257202,0.0,0.4521116614341736,0.6736089587211609,1.5177594423294067,3.1560781002044678,32.18580627441406,30,305924,2.7788829803466797,,,,,,,,,,,
0.16660229861736298,1.3084590435028076,0.69140625,0.7420811653137207,2.910245180130005,0.5023956298828125,0.406758576631546,0.8232496976852417,2.5752711296081543,41.20433807373047,30,305949,2.78466534614563,,,,,,,,,,,
0.10531510412693024,2.410334825515747,0.0,0.5773322582244873,0.0,1.0162780284881592,0.5407670140266418,0.2868359684944153,3.873755693435669,32.86990737915039,30,305974,2.78466534614563,,,,,,,,,,,
0.10531510412693024,1.395793080329895,0.6914061903953552,0.41026854515075684,2.148148536682129,1.3856291770935059,0.26156166195869446,1.0086603164672852,3.883307933807373,42.89253616333008,30,305999,2.7900052070617676,,,,,,,,,,,
0.17028111219406128,2.5311214923858643,0.6914055347442627,0.5500131845474243,2.934993028640747,2.28862336371094e-05,0.29780110716819763,0.3492356240749359,1.6365464925765991,5.1752142906188965,30,306024,2.7900052070617676,,,,,,,,,,,
0.17028111219406128,2.639681100845337,0.0,0.6952241659164429,0.0,0.7356393933296204,0.4299708604812622,1.1070241928100586,3.388378143310547,32.50018310546875,30,306049,3.2816312313079834,,,,,,,,,,,
0.09437469393014908,1.6737337112426758,0.69140625,0.7412625551223755,2.751248598098755,1.0891740322113037,0.37008148431777954,0.5309585332870483,3.819324493408203,49.50410079956055,30,306074,3.2816312313079834,,,,,,,,,,,
0.09437469393014908,2.0380074977874756,0.0,0.6055270433425903,0.0,0.2149297595024109,0.5305929780006409,2.411163330078125,2.177381753921509,34.83810806274414,30,306099,3.268690347671509,,,,,,,,,,,
0.17453576624393463,2.0899345874786377,0.6914059519767761,0.4932175874710083,2.835162878036499,0.9331660866737366,0.3897017240524292,1.2150670289993286,3.40458345413208,19.259231567382812,30,306124,3.268690347671509,,,,,,,,,,,
0.17453576624393463,1.723630666732788,0.6914061903953552,0.707615315914154,3.2147371768951416,0.7622919678688049,0.48945334553718567,0.4058081805706024,3.2708892822265625,39.25067138671875,30,306149,3.774209976196289,,,,,,,,,,,
0.09231793880462646,1.1393499374389648,0.6914061307907104,0.46791544556617737,2.305159330368042,1.0662188529968262,0.2555021643638611,0.22104686498641968,3.2207119464874268,41.37079620361328,30,306174,3.774209976196289,,,,,,,,,,,
0.09231793880462646,1.5215327739715576,0.69140625,0.7429146766662598,2.947537422180176,0.8172951936721802,0.37193629145622253,0.7405930757522583,3.2353765964508057,51.76602554321289,30,306199,3.7443654537200928,,,,,,,,,,,
0.16793422400951385,3.0527608394622803,0.6914059519767761,0.6152350902557373,3.627941131591797,1.3891650438308716,0.4177511930465698,0.9991183280944824,4.763423919677734,26.090349197387695,30,306224,3.7443654537200928,,,,,,,,,,,
0.16793422400951385,1.3075065612792969,0.6914041042327881,0.35155048966407776,2.4164652824401855,0.0005797432386316359,0.6595144271850586,0.5211037993431091,1.4286410808563232,2.8572821617126465,30,306249,3.259718179702759,,,,,,,,,,,
0.10017129778862,2.181612968444824,0.6914058327674866,0.450025737285614,3.175044059753418,0.5367707014083862,0.3520614802837372,0.5621006488800049,2.5618629455566406,11.739931106567383,30,306274,3.259718179702759,,,,,,,,,,,
0.10017129778862,2.4644415378570557,0.6914061903953552,0.7134785652160645,2.96144437789917,1.3063774108886719,0.4889366030693054,0.6481956839561462,4.5841169357299805,51.046566009521484,30,306299,2.293318510055542,,,,,,,,,,,
0.20982761681079865,1.1629638671875,0.69140625,0.7254870533943176,2.822126626968384,0.8880873322486877,0.387592613697052,0.5067063570022583,3.266364812850952,52.261837005615234,30,306324,2.293318510055542,,,,,,,,,,,
0.20982761681079865,1.2107101678848267,0.0,0.78407883644104,0.0,1.1558234691619873,0.3923259675502777,1.127220630645752,3.851264715194702,61.620235443115234,30,306349,2.2829465866088867,,,,,,,,,,,
0.09550707042217255,2.2867236137390137,0.0,0.7390626668930054,0.0,0.7927652597427368,0.5989128351211548,0.7916356325149536,3.609523296356201,40.67726135253906,30,306374,2.2829465866088867,,,,,,,,,,,
0.09550707042217255,1.9228756427764893,0.0,0.786751389503479,0.0,0.838701605796814,0.5589944124221802,1.3452656269073486,3.6000118255615234,38.773311614990234,30,306399,2.300936460494995,,,,,,,,,,,
0.201958566904068,1.8741958141326904,0.69140625,0.6817906498908997,2.7602405548095703,0.99587082862854,0.4342018961906433,0.46855419874191284,3.6975953578948975,52.29189682006836,30,306424,2.300936460494995,,,,,,,,,,,
0.201958566904068,2.1337153911590576,0.6914056539535522,0.7070781588554382,2.876126289367676,0.0016365821938961744,0.5030603408813477,1.403237223625183,1.8822875022888184,8.20470142364502,30,306449,3.7498648166656494,,,,,,,,,,,
0.10998530685901642,2.014342784881592,0.0,0.7525011301040649,0.0,0.6433645486831665,0.41443854570388794,1.3429205417633057,3.057971715927124,48.927547454833984,30,306474,3.7498648166656494,,,,,,,,,,,
0.10998530685901642,2.6936216354370117,0.0,0.7572211027145386,0.0,1.2339470386505127,0.3828084170818329,0.2665427625179291,4.416009902954102,51.68806838989258,30,306499,2.29813289642334,,,,,,,,,,,
0.18315598368644714,2.6137852668762207,0.0,0.7893721461296082,0.0,0.15799294412136078,0.49305590987205505,1.937410831451416,2.382549524307251,13.892531394958496,30,306524,2.29813289642334,,,,,,,,,,,
0.18315598368644714,2.7210021018981934,0.0,0.7977620363235474,0.0,1.9864569902420044,0.5468255281448364,0.5899434685707092,6.13380241394043,62.552757263183594,30,306549,3.7788240909576416,,,,,,,,,,,
0.08848835527896881,1.6966818571090698,0.6914061307907104,0.6257052421569824,2.8727104663848877,0.4835065007209778,0.38994303345680237,0.5523778796195984,2.520392894744873,30.34954833984375,30,306574,3.7788240909576416,,,,,,,,,,,
0.08848835527896881,2.06371808052063,0.691405177116394,0.4559996724128723,3.262751340866089,0.00014336980530060828,0.3960128128528595,0.7039998173713684,1.504042148590088,4.512126445770264,30,306599,2.771458625793457,,,,,,,,,,,
0.1697225272655487,2.4904327392578125,0.6914055347442627,0.6057778596878052,2.8961172103881836,6.555852110068372e-07,0.5316146016120911,1.4370025396347046,1.913484811782837,6.346311569213867,30,306624,2.771458625793457,,,,,,,,,,,
0.1697225272655487,0.8291542530059814,0.0,0.6387485265731812,0.0,0.7034015655517578,0.3929206430912018,0.42948976159095764,2.68721866607666,42.99549865722656,30,306649,2.7783775329589844,,,,,,,,,,,
0.09575972706079483,0.8570294380187988,0.0,0.787006139755249,0.0,1.226595401763916,0.42834973335266113,0.3431904911994934,3.9256556034088135,62.810489654541016,30,306674,2.7783775329589844,,,,,,,,,,,
0.09575972706079483,2.7706642150878906,0.0,1.0261337757110596,0.0,1.0660426616668701,0.5318535566329956,1.2978931665420532,4.5212721824646,47.203468322753906,30,306699,3.7496352195739746,,,,,,,,,,,
0.1683913767337799,2.4308829307556152,0.0,0.7956558465957642,0.0,0.8280327916145325,0.6457533836364746,1.1535491943359375,3.82673978805542,43.29461669921875,30,306724,3.7496352195739746,,,,,,,,,,,
0.1683913767337799,1.553418755531311,0.0,0.8479499816894531,0.0,0.5335950255393982,0.3230029344558716,0.8934164047241211,2.7041683197021484,38.051021575927734,30,306749,2.784320831298828,,,,,,,,,,,
0.1011359766125679,2.2852096557617188,0.6914061307907104,0.869543194770813,3.7165729999542236,0.6679415702819824,0.42884206771850586,1.3421945571899414,3.356997013092041,33.401695251464844,30,306774,2.784320831298828,,,,,,,,,,,
0.1011359766125679,1.8685375452041626,0.0,0.6798293590545654,0.0,0.9929814338684082,0.374037504196167,1.1097413301467896,3.600391149520874,24.41904067993164,30,306799,2.2918753623962402,,,,,,,,,,,
0.1699363887310028,1.3615660667419434,0.6914061307907104,0.437898725271225,2.1324715614318848,0.7855205535888672,0.38867977261543274,0.26174768805503845,2.827414035797119,17.429349899291992,30,306824,2.2918753623962402,,,,,,,,,,,
0.1699363887310028,2.4190680980682373,0.0,0.5227389931678772,0.0,1.6318360567092896,0.29956990480422974,1.2792952060699463,4.811701774597168,18.003740310668945,30,306849,2.76554799079895,,,,,,,,,,,
0.09084463119506836,2.0923423767089844,0.6914061903953552,0.6988198161125183,2.998394012451172,0.7272265553474426,0.40188315510749817,1.233329176902771,3.2128429412841797,39.08592224121094,30,306874,2.76554799079895,,,,,,,,,,,
0.09084463119506836,1.38943612575531,0.0,0.9264192581176758,0.0,0.6769773960113525,0.3744143545627594,1.2097222805023193,3.0716195106506348,47.78318405151367,30,306899,3.756589651107788,,,,,,,,,,,
0.17886686325073242,1.437735915184021,0.6914061903953552,0.5822404026985168,2.6679670810699463,1.1786277294158936,0.4010965824127197,0.5853133797645569,3.7985928058624268,46.67789077758789,30,306924,3.756589651107788,,,,,,,,,,,
0.17886686325073242,1.5490078926086426,0.6914061903953552,0.5590111017227173,2.629812717437744,0.6805490255355835,0.40113428235054016,0.21317626535892487,2.812243938446045,40.16687774658203,30,306949,2.3025012016296387,,,,,,,,,,,
0.09464895725250244,1.0620355606079102,0.0,0.34410008788108826,0.0,0.58701092004776,0.2524653375148773,0.29063767194747925,2.089197874069214,12.535186767578125,30,306974,2.3025012016296387,,,,,,,,,,,
0.09464895725250244,1.8928251266479492,0.69140625,0.778982400894165,3.293826103210449,1.2609505653381348,0.41233962774276733,0.6826445460319519,4.314008712768555,57.23179626464844,30,306999,2.7820396423339844,,,,,,,,,,,
0.16332703828811646,0.9921590089797974,0.6914033889770508,0.2502305209636688,1.4790565967559814,5.959270765742986e-07,0.782558023929596,0.8119942545890808,1.3452280759811401,2.330003261566162,30,307024,2.7820396423339844,,,,,,,,,,,
0.16332703828811646,1.9591290950775146,0.0,0.8093599081039429,0.0,0.661518931388855,0.5423156023025513,0.31676775217056274,3.2624521255493164,26.704320907592773,30,307049,2.7881076335906982,,,,,,,,,,,
0.09855497628450394,2.2666447162628174,0.0,0.7218731641769409,0.0,1.501924753189087,0.5551674365997314,0.5151587128639221,4.960883140563965,40.90848922729492,30,307074,2.7881076335906982,,,,,,,,,,,
0.09855497628450394,1.1413726806640625,0.6914061307907104,0.7737860083580017,3.0690550804138184,0.6358320713043213,0.3921949565410614,0.8708605766296387,2.8107473850250244,25.14008903503418,30,307099,2.791888475418091,,,,,,,,,,,
0.18872877955436707,2.339778423309326,0.6914052963256836,0.5025858283042908,3.2544949054718018,0.010601349174976349,0.4374806880950928,0.4052817225456238,1.69574773311615,5.362425327301025,30,307124,2.791888475418091,,,,,,,,,,,
0.18872877955436707,1.9811152219772339,0.0,1.1188454627990723,0.0,0.3432714343070984,0.4957405924797058,1.3764498233795166,2.895463705062866,27.16185760498047,30,307149,3.290757179260254,,,,,,,,,,,
0.10147803276777267,2.40891170501709,0.6914052367210388,0.5324848890304565,3.0008163452148438,1.3728275299072266,0.5840284824371338,2.082672595977783,4.614850044250488,13.844550132751465,30,307174,3.290757179260254,,,,,,,,,,,
0.10147803276777267,0.963550865650177,0.0,0.894140362739563,0.0,0.9552042484283447,0.5052558183670044,0.27510273456573486,3.598869800567627,57.58191680908203,30,307199,3.7600526809692383,,,,,,,,,,,
0.17414113879203796,1.9381266832351685,0.6914061307907104,0.6632509231567383,2.9383773803710938,0.9134668111801147,0.39077240228652954,1.1599574089050293,3.49177885055542,42.765384674072266,30,307224,3.7600526809692383,,,,,,,,,,,
0.17414113879203796,2.0125999450683594,0.6914054155349731,0.32671040296554565,3.1245222091674805,0.00010878415196202695,0.36155393719673157,0.07981506735086441,1.3235071897506714,4.3895769119262695,30,307249,3.254530906677246,,,,,,,,,,,
0.09603161364793777,2.085324764251709,0.0,0.7804429531097412,0.0,0.9860302209854126,0.3216971158981323,0.9071716070175171,3.699798107147217,37.911651611328125,30,307274,3.254530906677246,,,,,,,,,,,
0.09603161364793777,2.307436943054199,0.6914061307907104,0.4773261845111847,2.9988534450531006,1.3113195896148682,0.30318063497543335,0.26343175768852234,4.125365734100342,39.78358840942383,30,307299,3.2755279541015625,,,,,,,,,,,
0.19632913172245026,2.254807472229004,0.0,0.6106603145599365,0.0,1.0920863151550293,0.6070425510406494,0.8853846788406372,4.078317642211914,20.795421600341797,30,307324,3.2755279541015625,,,,,,,,,,,
0.19632913172245026,0.7620484232902527,0.6914060711860657,0.5931383371353149,2.257575035095215,0.5092607736587524,0.49432802200317383,0.07338987290859222,2.357178211212158,16.667766571044922,30,307349,2.9915971755981445,,,,,,,,,,,
0.1026119813323021,2.9429938793182373,0.0,0.6740680932998657,0.0,0.8767575025558472,0.6626463532447815,0.938939094543457,3.973127603530884,24.492002487182617,30,307374,2.9915971755981445,,,,,,,,,,,
0.1026119813323021,1.421237587928772,0.6914061307907104,0.5354369878768921,2.622042417526245,0.9901026487350464,0.4744337499141693,0.485487163066864,3.4426677227020264,29.212003707885742,30,307399,3.7808926105499268,,,,,,,,,,,
0.18609574437141418,0.9979620575904846,0.0,0.9007117748260498,0.0,0.7582226991653442,0.46193990111351013,1.3405005931854248,3.178485631942749,50.855770111083984,30,307424,3.7808926105499268,,,,,,,,,,,
0.18609574437141418,1.255363941192627,0.0,0.9429656267166138,0.0,0.3608958125114441,0.5549777746200562,3.1741795539855957,2.596344470977783,30.610450744628906,30,307449,2.793600082397461,,,,,,,,,,,
0.09631240367889404,2.048405647277832,0.0,0.7254329919815063,0.0,1.5421268939971924,0.4424111247062683,0.7117978930473328,4.86661958694458,50.57539367675781,30,307474,2.793600082397461,,,,,,,,,,,
0.09631240367889404,1.4437198638916016,0.6914047002792358,0.26601746678352356,3.5018081665039062,0.0024312054738402367,0.3346143960952759,0.8154094219207764,1.0736284255981445,2.6298418045043945,30,307499,2.278890371322632,,,,,,,,,,,
0.17569869756698608,2.9467883110046387,0.0,0.6259087920188904,0.0,0.0017149802297353745,0.4590936601161957,2.325552225112915,1.9724690914154053,6.541940212249756,30,307524,2.278890371322632,,,,,,,,,,,
0.17569869756698608,1.403782844543457,0.0,0.7965866327285767,0.0,1.722941517829895,0.4485081136226654,0.48606979846954346,5.112112998962402,81.79380798339844,30,307549,3.2761683464050293,,,,,,,,,,,
0.41673898696899414,2.367603063583374,0.0,0.7599422931671143,0.0,0.9529739618301392,0.5157223343849182,1.1668366193771362,3.8918933868408203,38.52777862548828,30,307574,3.2761683464050293,,,,,,,,,,,
0.41673898696899414,2.6424145698547363,0.691405713558197,0.7668198347091675,3.176696538925171,1.1430364847183228,0.5003124475479126,1.8197524547576904,4.377696514129639,19.081937789916992,30,307599,3.2556188106536865,,,,,,,,,,,
0.17631129920482635,1.7626992464065552,0.6914054155349731,0.3291700780391693,3.199068784713745,0.0005838364013470709,0.5171827673912048,0.5827445387840271,1.4083210229873657,4.453502178192139,30,307624,3.2556188106536865,,,,,,,,,,,
0.17631129920482635,2.6412453651428223,0.0,0.7158750295639038,0.0,1.3505324125289917,0.6153499484062195,0.9691078662872314,4.824663162231445,46.276546478271484,30,307649,2.775803327560425,,,,,,,,,,,
0.10001550614833832,1.6959887742996216,0.6914060711860657,0.5920034646987915,2.768209457397461,0.8069375157356262,0.4918794631958008,0.4981812536716461,3.234236717224121,19.405420303344727,30,307674,2.775803327560425,,,,,,,,,,,
0.10001550614833832,1.4238121509552002,0.69140625,0.7719219923019409,2.8508405685424805,0.8422380089759827,0.4082183241844177,0.7167378664016724,3.3202686309814453,53.124298095703125,30,307699,2.7675058841705322,,,,,,,,,,,
0.1695498526096344,2.2212932109832764,0.0,0.7530859708786011,0.0,0.7069326043128967,0.8470614552497864,1.0656871795654297,3.6804006099700928,53.713680267333984,30,307724,2.7675058841705322,,,,,,,,,,,
0.1695498526096344,2.5818257331848145,0.6914061307907104,0.6530835628509521,3.1688480377197266,0.8566837310791016,0.3532451093196869,0.3780324161052704,3.5259323120117188,35.08258056640625,30,307749,3.7684738636016846,,,,,,,,,,,
0.09474530071020126,1.4298292398452759,0.6914058923721313,0.41259369254112244,2.8437178134918213,0.6116019487380981,0.23357191681861877,0.38958993554115295,2.3267555236816406,12.744165420532227,30,307774,3.7684738636016846,,,,,,,,,,,
0.09474530071020126,3.354687213897705,0.0,0.7129539251327515,0.0,1.0167872905731201,0.7017025947570801,0.5725938081741333,4.45463752746582,25.199234008789062,30,307799,3.761255979537964,,,,,,,,,,,
0.1720428615808487,2.253352165222168,0.0,0.8625596761703491,0.0,0.4152825176715851,0.6254539489746094,0.5803275108337402,2.994584321975708,32.529510498046875,30,307824,3.761255979537964,,,,,,,,,,,
0.1720428615808487,1.257155418395996,0.69140625,0.9480792284011841,3.187507152557373,0.3096197247505188,0.4262218177318573,2.499054431915283,2.402562141418457,38.44099426269531,30,307849,2.289121389389038,,,,,,,,,,,
0.09750424325466156,1.890303611755371,0.6914061903953552,0.590605616569519,2.6851494312286377,1.0361931324005127,0.5055768489837646,0.47003376483917236,3.7625114917755127,44.67734909057617,30,307874,2.289121389389038,,,,,,,,,,,
0.09750424325466156,0.895550012588501,0.69140625,0.556963324546814,2.6308517456054688,0.8450862169265747,0.3359143137931824,0.35559535026550293,2.878023624420166,46.048377990722656,30,307899,2.2896578311920166,,,,,,,,,,,
0.16621904075145721,1.895215392112732,0.6914056539535522,0.3336348235607147,2.895552158355713,3.397116188352811e-06,0.3702045679092407,0.3734281361103058,1.3013663291931152,4.869266986846924,30,307924,2.2896578311920166,,,,,,,,,,,
0.16621904075145721,3.2936131954193115,0.0,0.8219358921051025,0.0,0.11970827728509903,0.7763515114784241,2.6594886779785156,2.8257880210876465,17.87185287475586,30,307949,2.7709968090057373,,,,,,,,,,,
0.09373045712709427,2.3540682792663574,0.0,0.5560116767883301,0.0,0.0,0.49314096570014954,1.1019234657287598,1.7553731203079224,5.821914196014404,30,307974,2.7709968090057373,,,,,,,,,,,
0.09373045712709427,1.9774971008300781,0.0,0.6150146722793579,0.0,0.4494568407535553,0.42633819580078125,0.8139951229095459,2.533515691757202,20.582380294799805,30,307999,3.2634437084198,,,,,,,,,,,
0.18236520886421204,1.3010743856430054,0.69140625,0.792350172996521,2.858682632446289,0.5609162449836731,0.44785672426223755,0.36999809741973877,2.7809484004974365,44.495174407958984,30,308024,3.2634437084198,,,,,,,,,,,
0.18236520886421204,2.3876302242279053,0.0,0.6746412515640259,0.0,0.9850710034370422,0.5498711466789246,0.44385337829589844,3.9109437465667725,32.7213020324707,30,308049,3.7613983154296875,,,,,,,,,,,
0.09123220294713974,0.8517115116119385,0.0,0.6114128232002258,0.0,0.3861461281776428,0.41197437047958374,0.48993635177612305,2.0511929988861084,32.819087982177734,30,308074,3.7613983154296875,,,,,,,,,,,
0.09123220294713974,1.4153519868850708,0.0,0.9017341136932373,0.0,0.9897986650466919,0.4855075776576996,1.263148307800293,3.7914445400238037,60.66311264038086,30,308099,2.273521661758423,,,,,,,,,,,
0.17593790590763092,3.0207087993621826,0.0,0.795524001121521,0.0,0.29328685998916626,0.3972839117050171,1.2730388641357422,2.6855945587158203,37.88497543334961,30,308124,2.273521661758423,,,,,,,,,,,
0.17593790590763092,1.5517922639846802,0.69140625,0.933334231376648,3.060744285583496,0.48557212948799133,0.5053249597549438,1.534425973892212,2.9059486389160156,46.49517822265625,30,308149,2.779721975326538,,,,,,,,,,,
0.0988047868013382,2.661987781524658,0.0,0.7780938148498535,0.0,1.9744137525558472,0.6854153871536255,0.5574029684066772,6.210932731628418,60.21723175048828,30,308174,2.779721975326538,,,,,,,,,,,
0.0988047868013382,3.3790199756622314,0.0,0.7681758999824524,0.0,0.3257771134376526,0.7314313054084778,2.242873191833496,3.164867639541626,13.79533863067627,30,308199,2.279902219772339,,,,,,,,,,,
0.1869196593761444,2.333207845687866,0.6914060711860657,0.5213204622268677,2.8072314262390137,0.7781341075897217,0.4460485279560089,0.7455244660377502,3.2516720294952393,27.39907455444336,30,308224,2.279902219772339,,,,,,,,,,,
0.1869196593761444,0.9820823669433594,0.6914061903953552,0.6134238243103027,2.8058042526245117,1.6160764694213867,0.3210277855396271,0.3071075677871704,4.489287376403809,71.82859802246094,30,308249,2.288125514984131,,,,,,,,,,,
0.0933699905872345,1.2611128091812134,0.6914061903953552,0.7609044313430786,2.709350109100342,0.6948907375335693,0.4084647595882416,0.40827906131744385,2.9645779132843018,46.59199905395508,30,308274,2.288125514984131,,,,,,,,,,,
0.0933699905872345,2.506078004837036,0.0,0.44347232580184937,0.0,0.0,0.5460541248321533,0.27791908383369446,1.7413499355316162,3.8937768936157227,30,308299,3.756148338317871,,,,,,,,,,,
0.16964232921600342,2.1635284423828125,0.6914061903953552,0.689337968826294,2.873167037963867,0.9281829595565796,0.3961029052734375,1.2200665473937988,3.6195969581604004,57.913551330566406,30,308324,3.756148338317871,,,,,,,,,,,
0.16964232921600342,1.655149221420288,0.6914061903953552,0.8326194286346436,3.0996170043945312,0.8029404282569885,0.35360732674598694,1.737107515335083,3.3196487426757812,52.1723747253418,30,308349,2.297973155975342,,,,,,,,,,,
0.11794804036617279,1.0075024366378784,0.0,0.7237890958786011,0.0,0.5280857086181641,0.4468589723110199,0.4330752491950989,2.5290701389312744,34.119022369384766,30,308374,2.297973155975342,,,,,,,,,,,
0.11794804036617279,1.6697092056274414,0.6914061903953552,0.7693001627922058,2.8612184524536133,1.0103055238723755,0.4076198637485504,0.6201420426368713,3.7270560264587402,57.13468933105469,30,308399,2.7787413597106934,,,,,,,,,,,
0.20466122031211853,1.6968352794647217,0.6914060711860657,0.47084856033325195,3.1666853427886963,0.8375720977783203,0.36895355582237244,0.980072021484375,3.055663824081421,19.325716018676758,30,308424,2.7787413597106934,,,,,,,,,,,
0.20466122031211853,1.0430781841278076,0.69140625,0.6369422674179077,2.532163619995117,1.357005000114441,0.38373076915740967,0.4673471450805664,4.072927951812744,65.1668472290039,30,308449,3.2704691886901855,,,,,,,,,,,
0.09804503619670868,3.2112972736358643,0.0,0.7038871049880981,0.0,0.7685387134552002,0.5099863409996033,0.4290074110031128,3.7143402099609375,31.076398849487305,30,308474,3.2704691886901855,,,,,,,,,,,
0.09804503619670868,1.4542618989944458,0.69140625,0.8123793601989746,2.9806439876556396,0.5476340055465698,0.4237896502017975,1.0693928003311157,2.7975223064422607,44.76035690307617,30,308499,3.7665395736694336,,,,,,,,,,,
0.169333353638649,1.4145114421844482,0.0,0.9297295808792114,0.0,0.42416617274284363,0.41519495844841003,2.8493709564208984,2.617610454559326,30.187755584716797,30,308524,3.7665395736694336,,,,,,,,,,,
0.169333353638649,2.4117870330810547,0.6914056539535522,0.564890444278717,2.981670379638672,0.6196255683898926,0.7661596536636353,0.9536011219024658,3.3236541748046875,13.703777313232422,30,308549,3.2695119380950928,,,,,,,,,,,
0.091053806245327,1.3298745155334473,0.69140625,0.9392586350440979,3.3681554794311523,0.96579509973526,0.4699493646621704,1.4375598430633545,3.773442268371582,60.37507629394531,30,308574,3.2695119380950928,,,,,,,,,,,
0.091053806245327,1.3936750888824463,0.6914061307907104,0.6078522205352783,3.207197427749634,0.36292850971221924,0.39740967750549316,0.6845455169677734,2.181293487548828,21.2606201171875,30,308599,3.286412239074707,,,,,,,,,,,
0.173738032579422,2.5171351432800293,0.6914051175117493,0.5107534527778625,3.0971531867980957,0.0101516367867589,0.6570673584938049,2.0226376056671143,1.974236249923706,5.922708511352539,30,308624,3.286412239074707,,,,,,,,,,,
0.173738032579422,2.149610996246338,0.6914048194885254,0.421188086271286,4.465152740478516,0.00046371627831831574,0.6861077547073364,1.4849448204040527,1.7977581024169922,4.756420612335205,30,308649,3.7561826705932617,,,,,,,,,,,
0.09436096251010895,1.516739845275879,0.6914061903953552,0.753340482711792,3.185309886932373,1.0783953666687012,0.4371544122695923,0.7121474742889404,3.834160804748535,61.34657287597656,30,308674,3.7561826705932617,,,,,,,,,,,
0.09436096251010895,1.030570387840271,0.6914061903953552,0.83479243516922,3.299489736557007,1.109789252281189,0.4593251645565033,1.1335865259170532,3.8558619022369385,61.693790435791016,30,308699,2.2820708751678467,,,,,,,,,,,
0.1656256467103958,2.8745498657226562,0.691405177116394,0.4945855140686035,3.282163619995117,3.436807310208678e-05,0.19921427965164185,1.1748090982437134,1.5890552997589111,4.7671661376953125,30,308724,2.2820708751678467,,,,,,,,,,,
0.1656256467103958,1.735396146774292,0.6914061903953552,0.7111209630966187,2.9801816940307617,0.9444352984428406,0.43259063363075256,0.6442892551422119,3.583002805709839,48.60221481323242,30,308749,2.7923593521118164,,,,,,,,,,,
0.1341468244791031,1.360752820968628,0.6914061903953552,0.6028735637664795,2.553187847137451,0.7432386875152588,0.3716316819190979,0.5612741708755493,2.894740343093872,41.24370193481445,30,308774,2.7923593521118164,,,,,,,,,,,
0.1341468244791031,2.7817161083221436,0.0,0.6869193315505981,0.0,0.782166063785553,0.5942111015319824,0.710837185382843,3.6799774169921875,34.52124786376953,30,308799,3.2828826904296875,,,,,,,,,,,
0.1687309741973877,2.503174304962158,0.0,0.7893955707550049,0.0,0.5917435884475708,0.4654305577278137,1.5819237232208252,3.189265489578247,31.410621643066406,30,308824,3.2828826904296875,,,,,,,,,,,
0.1687309741973877,3.2081971168518066,0.6914057731628418,0.7484755516052246,5.147117614746094,0.03833673894405365,0.37082359194755554,2.01222562789917,2.2099030017852783,10.127047538757324,30,308849,2.282440185546875,,,,,,,,,,,
0.09219370782375336,2.274445056915283,0.0,0.7359637022018433,0.0,1.5873271226882935,0.42424535751342773,0.9761814475059509,5.017197132110596,56.31789779663086,30,308874,2.282440185546875,,,,,,,,,,,
0.09219370782375336,1.412034034729004,0.0,0.79514479637146,0.0,0.5866631865501404,0.5535619854927063,1.7104976177215576,2.945643186569214,39.189231872558594,30,308899,2.78604793548584,,,,,,,,,,,
0.17027786374092102,0.9613807797431946,0.0,0.7043507695198059,0.0,1.167077898979187,0.34465551376342773,0.7445497512817383,3.6715762615203857,58.74522018432617,30,308924,2.78604793548584,,,,,,,,,,,
0.17027786374092102,1.0433062314987183,0.6914061903953552,0.6342935562133789,2.5866711139678955,1.1118595600128174,0.3890032470226288,0.3189702332019806,3.585874557495117,57.373992919921875,30,308949,2.7812442779541016,,,,,,,,,,,
0.10986962914466858,1.3126943111419678,0.6914061307907104,0.49784189462661743,2.2271714210510254,0.7261178493499756,0.3558006286621094,0.34531664848327637,2.7219581604003906,33.88810729980469,30,308974,2.7812442779541016,,,,,,,,,,,
0.10986962914466858,0.8325420618057251,0.69140625,0.8500876426696777,2.8780293464660645,0.6294628381729126,0.4197857677936554,0.9243836998939514,2.807342052459717,44.91747283935547,30,308999,3.7665908336639404,,,,,,,,,,,
0.1697368025779724,1.1706613302230835,0.69140625,0.7682098150253296,2.859663486480713,1.034625768661499,0.3837454617023468,0.7658846378326416,3.6010019779205322,57.616031646728516,30,309024,3.7665908336639404,,,,,,,,,,,
0.1697368025779724,0.8703491687774658,0.6914061903953552,0.603837788105011,3.5677881240844727,0.7351483106613159,0.2818196713924408,0.15099240839481354,2.6527366638183594,42.44378662109375,30,309049,3.7618680000305176,,,,,,,,,,,
0.09699064493179321,2.464831590652466,0.6914061307907104,0.5093099474906921,3.1044347286224365,0.5651657581329346,0.43548157811164856,1.6665185689926147,2.8456168174743652,20.520034790039062,30,309074,3.7618680000305176,,,,,,,,,,,
0.09699064493179321,2.2328743934631348,0.6914061307907104,0.8037950992584229,3.765014886856079,0.575373649597168,0.44365519285202026,1.5236339569091797,3.105710029602051,22.60991096496582,30,309099,2.7844769954681396,,,,,,,,,,,
0.169365793466568,2.3014097213745117,0.0,0.9560367465019226,0.0,0.1364753097295761,0.4343840479850769,4.4811530113220215,2.3537943363189697,37.660709381103516,30,309124,2.7844769954681396,,,,,,,,,,,
0.169365793466568,1.2452547550201416,0.6914061903953552,0.5084874629974365,2.368436336517334,0.7162490487098694,0.2964438796043396,0.5182124972343445,2.634690284729004,34.853675842285156,30,309149,3.7864444255828857,,,,,,,,,,,
0.09650446474552155,2.6523277759552,0.0,0.6253644227981567,0.0,1.071853756904602,0.37278035283088684,1.2884474992752075,3.9375505447387695,15.250067710876465,30,309174,3.7864444255828857,,,,,,,,,,,
0.09650446474552155,1.3910834789276123,0.6914061903953552,0.8405914902687073,2.930419921875,1.34340500831604,0.47347986698150635,0.71694016456604,4.447510719299316,56.60757064819336,30,309199,2.293778419494629,,,,,,,,,,,
0.16884306073188782,0.8023967146873474,0.0,1.1345289945602417,0.0,0.5075885057449341,0.3938398063182831,0.3971354365348816,2.7842648029327393,44.54823684692383,30,309224,2.293778419494629,,,,,,,,,,,
0.16884306073188782,1.789106845855713,0.6914039850234985,0.29941874742507935,3.195521831512451,0.0,0.0042340499348938465,1.357614278793335,0.8723401427268982,2.1367883682250977,30,309249,2.2756054401397705,,,,,,,,,,,
0.1273883581161499,1.3971989154815674,0.6914061903953552,0.6831744909286499,2.728606700897217,1.3798123598098755,0.37022385001182556,0.24531252682209015,4.259469032287598,64.31657409667969,30,309274,2.2756054401397705,,,,,,,,,,,
0.1273883581161499,1.950131893157959,0.6914052963256836,0.43433043360710144,3.213913917541504,0.8968565464019775,0.35106155276298523,1.6229071617126465,3.196284055709839,10.600874900817871,30,309299,2.767296552658081,,,,,,,,,,,
0.16910511255264282,2.847503662109375,0.691405713558197,0.6432783007621765,3.47996187210083,1.2750433683395386,0.556812047958374,0.33784914016723633,4.639227867126465,19.128026962280273,30,309324,2.767296552658081,,,,,,,,,,,
0.16910511255264282,2.448045253753662,0.6914061307907104,0.5777851343154907,3.223445415496826,1.623523473739624,0.3437681496143341,0.6466904878616333,4.935248374938965,48.856468200683594,30,309349,3.2779030799865723,,,,,,,,,,,
0.09344518184661865,2.2326958179473877,0.6914057731628418,0.39113253355026245,3.4657318592071533,1.735079288482666,0.14367330074310303,1.089678168296814,4.709430694580078,21.061214447021484,30,309374,3.2779030799865723,,,,,,,,,,,
0.09344518184661865,1.6056761741638184,0.6914061307907104,0.6266986131668091,2.749664783477783,0.85936439037323,0.3424803614616394,0.5433610081672668,3.1971075534820557,36.45263671875,30,309399,2.300436019897461,,,,,,,,,,,
0.16947011649608612,2.2858972549438477,0.69140625,0.6837278604507446,2.744018077850342,0.7700180411338806,0.45762816071510315,0.27738767862319946,3.394601583480835,54.31362533569336,30,309424,2.300436019897461,,,,,,,,,,,
0.16947011649608612,1.8759595155715942,0.6914061903953552,0.715892493724823,3.2507355213165283,1.0577993392944336,0.3961072862148285,0.8134686350822449,3.8228936195373535,51.99697494506836,30,309449,3.784395933151245,,,,,,,,,,,
0.09021525084972382,2.5779614448547363,0.0,0.7652908563613892,0.0,1.1676406860351562,0.46626511216163635,0.3256562352180481,4.340225696563721,57.5796012878418,30,309474,3.784395933151245,,,,,,,,,,,
0.09021525084972382,3.4929451942443848,0.0,0.8401836156845093,0.0,0.5197665691375732,0.44194236397743225,1.1119664907455444,3.3695428371429443,26.100366592407227,30,309499,2.794132947921753,,,,,,,,,,,
0.18081599473953247,7.102705001831055,0.6914061307907104,0.8600571155548096,3.223829746246338,1.1506295204162598,0.5292238593101501,2.16435170173645,5.85359001159668,47.193153381347656,30,309524,2.794132947921753,,,,,,,,,,,
0.18081599473953247,21.092266082763672,0.691405713558197,0.6815338134765625,3.310476779937744,1.303196907043457,0.3999844789505005,1.3549433946609497,10.048696517944336,42.63300704956055,30,309549,2.7719616889953613,,,,,,,,,,,
0.09902811795473099,3.9550509452819824,0.6914057731628418,0.5417707562446594,3.705043077468872,1.2138768434524536,0.3386877179145813,1.1241390705108643,4.531778335571289,22.20108985900879,30,309574,2.7719616889953613,,,,,,,,,,,
0.09902811795473099,1.1721374988555908,0.69140625,0.6988043785095215,2.7984676361083984,1.0959551334381104,0.413737952709198,0.6817696690559387,3.6840784549713135,58.945255279541016,30,309599,2.7647464275360107,,,,,,,,,,,
0.1683787852525711,2.101536750793457,0.6914061903953552,0.7430224418640137,2.8601763248443604,1.6223132610321045,0.47153615951538086,1.3928475379943848,5.118247985839844,71.10497283935547,30,309624,2.7647464275360107,,,,,,,,,,,
0.1683787852525711,1.657680630683899,0.6914061903953552,0.5673222541809082,2.5830817222595215,1.1904234886169434,0.35511350631713867,0.6622112393379211,3.826417922973633,50.7631721496582,30,309649,3.748811721801758,,,,,,,,,,,
0.09425050765275955,2.994490385055542,0.6914060711860657,1.140426516532898,4.002800464630127,0.8070402145385742,0.3411703407764435,1.02041494846344,4.03405237197876,23.86577606201172,30,309674,3.748811721801758,,,,,,,,,,,
0.09425050765275955,1.9133837223052979,0.0,0.7097926139831543,0.0,1.2281928062438965,0.41811272501945496,0.8696148991584778,4.158306121826172,43.6126823425293,30,309699,2.789566993713379,,,,,,,,,,,
0.18790355324745178,2.599858283996582,0.0,0.6583476066589355,0.0,0.09596885740756989,0.6624444723129272,0.658704400062561,2.29268741607666,12.13176155090332,30,309724,2.789566993713379,,,,,,,,,,,
0.18790355324745178,2.430478096008301,0.6914061307907104,0.7546062469482422,3.056880474090576,1.1465566158294678,0.42958658933639526,0.6324045062065125,4.23701810836792,44.84038543701172,30,309749,2.280472755432129,,,,,,,,,,,
0.09188582003116608,3.329497814178467,0.6914057731628418,0.6275211572647095,3.101269006729126,1.066001296043396,0.39053046703338623,1.5048305988311768,4.1799163818359375,19.154783248901367,30,309774,2.280472755432129,,,,,,,,,,,
0.09188582003116608,1.6824102401733398,0.6914061903953552,0.7282804250717163,2.8482778072357178,1.1367640495300293,0.38469862937927246,0.9740469455718994,3.919713020324707,57.07188415527344,30,309799,3.286640167236328,,,,,,,,,,,
0.1773509979248047,1.2571206092834473,0.0,0.6728417277336121,0.0,0.7164409160614014,0.47398778796195984,0.688507080078125,2.9568474292755127,47.3095588684082,30,309824,3.286640167236328,,,,,,,,,,,
0.1773509979248047,2.448791027069092,0.0,0.8143657445907593,0.0,0.4368216395378113,0.42028161883354187,0.8623325228691101,2.842928171157837,20.891170501708984,30,309849,2.2784626483917236,,,,,,,,,,,
0.09336858242750168,3.7621138095855713,0.6914054155349731,0.42035436630249023,3.3409507274627686,0.00011412273306632414,0.4900256395339966,0.447066992521286,2.0726518630981445,7.179876327514648,30,309874,2.2784626483917236,,,,,,,,,,,
0.09336858242750168,1.274536371231079,0.0,0.5368958711624146,0.0,1.029895305633545,0.3351406753063202,0.15977749228477478,3.314188003540039,30.734516143798828,30,309899,2.293658494949341,,,,,,,,,,,
0.16689836978912354,1.617434024810791,0.69140625,0.6008589267730713,2.9908316135406494,0.9718354940414429,0.4261210262775421,0.7548730373382568,3.4857895374298096,48.300514221191406,30,309924,2.293658494949341,,,,,,,,,,,
0.16689836978912354,2.223306179046631,0.0,0.776961088180542,0.0,0.3440014719963074,0.3700379431247711,2.0227627754211426,2.5019941329956055,25.144729614257812,30,309949,3.2644333839416504,,,,,,,,,,,
0.10379920154809952,4.994512557983398,0.6914058923721313,0.7086048126220703,6.993242263793945,1.0625325441360474,0.3133835196495056,1.2067883014678955,4.7153401374816895,24.043611526489258,30,309974,3.2644333839416504,,,,,,,,,,,
0.10379920154809952,0.8815048933029175,0.0,0.777804970741272,0.0,0.4916880130767822,0.4111967980861664,0.5480552911758423,2.436829090118408,38.98926544189453,30,309999,3.273442029953003,,,,,,,,,,,
,,,,,,,,,,30,309999,,2.1575560569763184,0.3987339735031128,0.7254205346107483,1.7391644716262817,0.825444221496582,0.4561313986778259,0.9796775579452515,3.4971063137054443,38.63713073730469,0.6643037796020508,5.402145862579346
54.287906646728516,3.6566178798675537,0.0,0.9325863718986511,0.0,1.5770810842514038,0.6887884736061096,0.6763215661048889,5.872522354125977,71.92341613769531,31,310024,,,,,,,,,,,,
54.287906646728516,0.9296835660934448,0.69140625,0.6489856243133545,2.844609498977661,1.053745985031128,0.41686123609542847,0.2677188217639923,3.4806900024414062,55.6910400390625,31,310049,3.76865291595459,,,,,,,,,,,
0.11395752429962158,1.9703642129898071,0.6914061307907104,0.7914347648620605,3.3231191635131836,0.6456764936447144,0.46603482961654663,0.6443005800247192,3.1731629371643066,29.42670249938965,31,310074,3.76865291595459,,,,,,,,,,,
0.11395752429962158,1.719038486480713,0.69140625,0.8220845460891724,2.9881720542907715,0.5984729528427124,0.4215550124645233,0.7503778338432312,2.9861788749694824,47.77886199951172,31,310099,3.7673816680908203,,,,,,,,,,,
0.1678590029478073,1.9478329420089722,0.0,0.9512900114059448,0.0,0.9431349039077759,0.542901337146759,0.7818382978439331,3.964811086654663,52.2994499206543,31,310124,3.7673816680908203,,,,,,,,,,,
0.1678590029478073,1.0114109516143799,0.0,0.5600138902664185,0.0,0.47126471996307373,0.35819849371910095,0.12798480689525604,2.1641650199890137,14.355446815490723,31,310149,3.76739501953125,,,,,,,,,,,
0.16497774422168732,0.8758683204650879,0.69140625,0.5513936281204224,2.4101502895355225,1.1823596954345703,0.355602890253067,0.258426696062088,3.5585780143737793,56.93724822998047,31,310174,3.76739501953125,,,,,,,,,,,
0.16497774422168732,2.0715699195861816,0.0,0.9009050726890564,0.0,0.8289226293563843,0.4982757568359375,0.6397712826728821,3.678497076034546,46.09143829345703,31,310199,2.2889442443847656,,,,,,,,,,,
0.23862609267234802,1.9229307174682617,0.0,0.9622834324836731,0.0,0.3089528977870941,0.5981853604316711,2.940728187561035,2.755253791809082,44.08406066894531,31,310224,2.2889442443847656,,,,,,,,,,,
0.23862609267234802,1.7334058284759521,0.6914061903953552,0.7841696739196777,2.89213490486145,1.0210018157958984,0.4134426414966583,0.5138401985168457,3.7885589599609375,45.7773323059082,31,310249,3.7707345485687256,,,,,,,,,,,
0.10220306366682053,1.5331165790557861,0.0,0.8952629566192627,0.0,0.7210119962692261,0.42858779430389404,0.8288733959197998,3.2258095741271973,51.612953186035156,31,310274,3.7707345485687256,,,,,,,,,,,
0.10220306366682053,2.800173282623291,0.0,0.8278733491897583,0.0,0.47564780712127686,0.6245076060295105,1.6186530590057373,3.2437286376953125,40.12270736694336,31,310299,2.787360668182373,,,,,,,,,,,
0.17221271991729736,1.9078567028045654,0.0,0.8682042360305786,0.0,0.6003550291061401,0.4748128652572632,2.05092716217041,3.116084098815918,35.66521453857422,31,310324,2.787360668182373,,,,,,,,,,,
0.17221271991729736,2.142395257949829,0.0,0.781541109085083,0.0,0.09111599624156952,0.7636865377426147,1.427942156791687,2.37017822265625,12.08558464050293,31,310349,2.296579360961914,,,,,,,,,,,
0.10773561894893646,1.657090425491333,0.0,0.695899248123169,0.0,0.6727986335754395,0.49936357140541077,1.9342772960662842,3.037987470626831,48.6077995300293,31,310374,2.296579360961914,,,,,,,,,,,
0.10773561894893646,0.0,0.0,0.0,0.0,0.8149737119674683,0.0004652536299545318,1.1000771522521973,1.6304126977920532,26.08660316467285,31,310399,2.7686915397644043,,,,,,,,,,,
0.17775140702724457,0.7501223087310791,0.0,0.8913881778717041,0.0,0.8376106023788452,0.00046334098442457616,1.2612838745117188,2.792109251022339,33.388771057128906,31,310424,2.7686915397644043,,,,,,,,,,,
0.17775140702724457,1.8651468753814697,0.69140625,0.6673815250396729,2.8832950592041016,0.3426732122898102,0.4275284707546234,0.8687298893928528,2.368633270263672,37.89813232421875,31,310449,3.7667250633239746,,,,,,,,,,,
0.09990529716014862,1.2213371992111206,0.6914061903953552,0.596977710723877,2.588024139404297,1.162635087966919,0.32851195335388184,0.7139716148376465,3.6430413722991943,54.76692199707031,31,310474,3.7667250633239746,,,,,,,,,,,
0.09990529716014862,1.3277571201324463,0.6914061903953552,0.8214520215988159,2.923449754714966,1.188706398010254,0.43280038237571716,0.6644726991653442,4.059226989746094,64.9476318359375,31,310499,2.3006350994110107,,,,,,,,,,,
0.1779792606830597,2.2888307571411133,0.0,0.873092770576477,0.0,0.37571442127227783,0.8892804980278015,2.0916075706481934,3.200451374053955,29.851823806762695,31,310524,2.3006350994110107,,,,,,,,,,,
0.1779792606830597,2.3393681049346924,0.0,0.803584098815918,0.0,0.9000003337860107,0.5454033017158508,0.9839953184127808,3.8507983684539795,29.326807022094727,31,310549,3.7566335201263428,,,,,,,,,,,
0.1190003901720047,1.3248672485351562,0.691405713558197,0.332856684923172,2.9314475059509277,0.05707796290516853,0.7569683194160461,0.5154958963394165,1.6307556629180908,6.723777770996094,31,310574,3.7566335201263428,,,,,,,,,,,
0.1190003901720047,1.5219266414642334,0.69140625,1.261622428894043,2.8935718536376953,0.749384880065918,0.5117877125740051,0.7126867771148682,3.7576935291290283,60.12309646606445,31,310599,2.7772939205169678,,,,,,,,,,,
0.18670129776000977,1.3175852298736572,0.0,0.8978163003921509,0.0,0.9132413864135742,0.37568822503089905,1.513761043548584,3.495262861251831,55.9242057800293,31,310624,2.7772939205169678,,,,,,,,,,,
0.18670129776000977,2.5110256671905518,0.0,0.7975778579711914,0.0,0.8162587881088257,0.5563232898712158,1.1311299800872803,3.7397265434265137,30.610979080200195,31,310649,3.765836000442505,,,,,,,,,,,
0.09483591467142105,0.9570902585983276,0.69140625,0.6360254883766174,2.674927234649658,0.8546918630599976,0.4093720018863678,0.2924548089504242,3.068657636642456,49.0985221862793,31,310674,3.765836000442505,,,,,,,,,,,
0.09483591467142105,1.2725284099578857,0.6914061903953552,0.6837958097457886,3.0395634174346924,0.9966080188751221,0.31943291425704956,0.36023885011672974,3.4085991382598877,54.5375862121582,31,310699,3.2637195587158203,,,,,,,,,,,
0.16790717840194702,2.1225624084472656,0.0,0.5125734806060791,0.0,1.0093834400177002,0.32607659697532654,0.19229581952095032,3.49418568611145,33.14875411987305,31,310724,3.2637195587158203,,,,,,,,,,,
0.16790717840194702,1.0345611572265625,0.6914061903953552,0.630077064037323,2.4742770195007324,1.4130408763885498,0.36592236161231995,0.5144432187080383,4.157192230224609,66.51507568359375,31,310749,3.275094509124756,,,,,,,,,,,
0.09368382394313812,1.7774688005447388,0.6914061903953552,0.7684930562973022,3.211857318878174,0.7432411909103394,0.3954091966152191,0.6157454252243042,3.2157437801361084,51.451900482177734,31,310774,3.275094509124756,,,,,,,,,,,
0.09368382394313812,1.5353296995162964,0.0,0.5958160161972046,0.0,1.0477097034454346,0.5072324872016907,0.2354634702205658,3.659066915512085,23.429460525512695,31,310799,2.790888547897339,,,,,,,,,,,
0.17815200984477997,2.4732794761657715,0.6914053559303284,0.5053662061691284,3.1762561798095703,0.00017614057287573814,0.4717869162559509,0.9240081310272217,1.7512519359588623,5.253755569458008,31,310824,2.790888547897339,,,,,,,,,,,
0.17815200984477997,2.3980469703674316,0.6914052367210388,0.5104355812072754,2.854194164276123,0.00025180712691508234,0.5182178020477295,0.6262803077697754,1.7771130800247192,5.026434898376465,31,310849,2.7642273902893066,,,,,,,,,,,
0.09037860482931137,3.1748528480529785,0.6914055347442627,0.6599287390708923,3.204204797744751,0.0007147995638661087,0.46238377690315247,0.6229947209358215,2.1082398891448975,6.992240905761719,31,310874,2.7642273902893066,,,,,,,,,,,
0.09037860482931137,4.360069751739502,0.0,0.783517599105835,0.0,1.0494868755340576,0.5023462772369385,1.6124382019042969,4.692858695983887,22.506160736083984,31,310899,2.2958812713623047,,,,,,,,,,,
0.17430943250656128,1.5312765836715698,0.0,0.8562642335891724,0.0,1.253979206085205,0.5061951875686646,0.66070955991745,4.329800605773926,55.95335388183594,31,310924,2.2958812713623047,,,,,,,,,,,
0.17430943250656128,2.3758978843688965,0.0,0.7488559484481812,0.0,1.1953665018081665,0.7342298030853271,0.8079482913017273,4.586587905883789,42.780845642089844,31,310949,2.2921464443206787,,,,,,,,,,,
0.1362152099609375,0.6841045618057251,0.0,0.6056965589523315,0.0,0.7218992710113525,0.47142255306243896,0.36111390590667725,2.726149082183838,43.618385314941406,31,310974,2.2921464443206787,,,,,,,,,,,
0.1362152099609375,0.999926745891571,0.69140625,0.6396914124488831,2.6595687866210938,0.6905894875526428,0.39548352360725403,0.4624231159687042,2.7429275512695312,43.8868408203125,31,310999,3.774055004119873,,,,,,,,,,,
0.16890893876552582,1.1038095951080322,0.6914061307907104,0.6694357991218567,2.582324266433716,0.36224880814552307,0.3870692551136017,0.5247560739517212,2.1379687786102295,34.20750045776367,31,311024,3.774055004119873,,,,,,,,,,,
0.16890893876552582,1.1699330806732178,0.69140625,0.7920761108398438,2.9241480827331543,0.7460054755210876,0.4448469877243042,0.5548553466796875,3.1091556549072266,49.746490478515625,31,311049,3.27917742729187,,,,,,,,,,,
0.09988096356391907,2.522897720336914,0.6914054155349731,0.717532753944397,2.9401700496673584,1.4491077661514282,0.43775856494903564,1.8734276294708252,4.839777946472168,17.4500675201416,31,311074,3.27917742729187,,,,,,,,,,,
0.09988096356391907,0.6537654995918274,0.6914060711860657,0.5701966285705566,1.9560188055038452,1.3004529476165771,0.41962891817092896,0.3230782747268677,3.8064212799072266,32.744075775146484,31,311099,3.277196168899536,,,,,,,,,,,
0.1810014545917511,0.614996075630188,0.0,0.8295691013336182,0.0,0.8043583631515503,0.5201067328453064,0.5162063837051392,3.1428914070129395,28.97602653503418,31,311124,3.277196168899536,,,,,,,,,,,
0.1810014545917511,2.614285469055176,0.0,0.7171406745910645,0.0,0.660052478313446,0.5783590078353882,1.9148225784301758,3.399890422821045,40.656776428222656,31,311149,3.7819268703460693,,,,,,,,,,,
0.13432782888412476,3.415304183959961,0.0,0.7502142190933228,0.0,1.0339962244033813,0.7030462622642517,1.5718830823898315,4.545844078063965,20.329633712768555,31,311174,3.7819268703460693,,,,,,,,,,,
0.13432782888412476,1.0120325088500977,0.6914061903953552,0.799621045589447,3.1337499618530273,0.6469248533248901,0.45490071177482605,0.6017064452171326,2.8833189010620117,46.13310241699219,31,311199,3.2858481407165527,,,,,,,,,,,
0.1783187985420227,1.410230040550232,0.6914041042327881,0.23834039270877838,2.0273947715759277,0.0,0.313141405582428,0.5060584545135498,0.9948247671127319,1.9896495342254639,31,311224,3.2858481407165527,,,,,,,,,,,
0.1783187985420227,1.326562523841858,0.0,0.7697204351425171,0.0,0.8040612936019897,0.5607638955116272,0.19837729632854462,3.336575508117676,53.38520812988281,31,311249,3.2836599349975586,,,,,,,,,,,
0.09337902069091797,1.8267301321029663,0.0,0.8067569732666016,0.0,0.5229924917221069,0.544738233089447,1.3422162532806396,2.9454994201660156,21.240297317504883,31,311274,3.2836599349975586,,,,,,,,,,,
0.09337902069091797,2.2304024696350098,0.6914061307907104,0.5811393857002258,2.9176547527313232,1.2280709743499756,0.4423171281814575,0.4773015081882477,4.177895545959473,40.506202697753906,31,311299,2.803083896636963,,,,,,,,,,,
0.17550209164619446,1.8096086978912354,0.6914061307907104,0.6319655179977417,2.842170000076294,1.1086548566818237,0.3966693580150604,1.0195648670196533,3.817248821258545,46.75156021118164,31,311324,2.803083896636963,,,,,,,,,,,
0.17550209164619446,0.0,0.0,0.0,0.0,0.06131662800908089,0.0003577376191969961,4.289306163787842,0.12299099564552307,1.9678559303283691,31,311349,2.2725887298583984,,,,,,,,,,,
0.09434496611356735,1.7672715187072754,0.6914061307907104,0.6735817790031433,2.7835307121276855,0.8863765001296997,0.43748778104782104,0.3538910448551178,3.4418394565582275,46.048675537109375,31,311374,2.2725887298583984,,,,,,,,,,,
0.09434496611356735,1.421891212463379,0.6914058923721313,0.34172260761260986,2.0883736610412598,0.9083297252655029,0.3796994984149933,0.24371373653411865,2.985532522201538,15.223288536071777,31,311399,3.275444507598877,,,,,,,,,,,
0.17433370649814606,2.480579137802124,0.6914052367210388,0.4765467047691345,3.1037352085113525,8.403347237617709e-06,0.42560020089149475,0.6879188418388367,1.6773748397827148,5.0321245193481445,31,311424,3.275444507598877,,,,,,,,,,,
0.17433370649814606,1.5225727558135986,0.69140625,0.645026683807373,2.952589988708496,0.9343574047088623,0.38464465737342834,0.7838332056999207,3.384683847427368,48.697120666503906,31,311449,2.7790510654449463,,,,,,,,,,,
0.10153935849666595,1.3529691696166992,0.6914061903953552,0.5948408842086792,2.8539199829101562,0.8545874357223511,0.4034487307071686,0.20351888239383698,3.141894578933716,42.269866943359375,31,311474,2.7790510654449463,,,,,,,,,,,
0.10153935849666595,1.9391618967056274,0.0,0.5685613751411438,0.0,0.8388822078704834,0.44503819942474365,0.19842158257961273,3.2731127738952637,36.300575256347656,31,311499,2.314746856689453,,,,,,,,,,,
0.17292717099189758,1.471638798713684,0.6914061307907104,0.5938748717308044,2.522160530090332,0.6831909418106079,0.387498676776886,0.9047526121139526,2.8144686222076416,32.701168060302734,31,311524,2.314746856689453,,,,,,,,,,,
0.17292717099189758,2.3405685424804688,0.0,0.7199090719223022,0.0,1.4039311408996582,0.39277657866477966,0.8485680818557739,4.622718334197998,40.2999267578125,31,311549,2.30094838142395,,,,,,,,,,,
0.10569435358047485,0.8073340654373169,0.0,0.7139322757720947,0.0,0.3681398034095764,0.40817996859550476,0.40649211406707764,2.1005921363830566,33.609474182128906,31,311574,2.30094838142395,,,,,,,,,,,
0.10569435358047485,1.257200002670288,0.69140625,0.6858594417572021,2.7688169479370117,0.9484814405441284,0.36863085627555847,0.3012232184410095,3.3563013076782227,53.70082092285156,31,311599,2.7714552879333496,,,,,,,,,,,
0.17363032698631287,1.7166271209716797,0.0,0.8576911687850952,0.0,0.736876904964447,0.3744117319583893,1.091011643409729,3.2208449840545654,40.74082565307617,31,311624,2.7714552879333496,,,,,,,,,,,
0.17363032698631287,1.4051584005355835,0.0,0.9606475830078125,0.0,0.5138035416603088,0.5585699677467346,2.190082311630249,2.968372106552124,47.493953704833984,31,311649,2.282564640045166,,,,,,,,,,,
0.10605505108833313,2.1913702487945557,0.0,0.7339261174201965,0.0,0.9931964874267578,0.6788026690483093,0.6029947400093079,4.056532859802246,27.81018829345703,31,311674,2.282564640045166,,,,,,,,,,,
0.10605505108833313,1.3754335641860962,0.6914061903953552,1.0535162687301636,3.013352632522583,1.3831833600997925,0.436398983001709,0.45611220598220825,4.699045658111572,75.18473052978516,31,311699,3.783414602279663,,,,,,,,,,,
7.493080139160156,2.4828155040740967,0.0,0.7922078967094421,0.0,0.9018559455871582,0.5481804013252258,0.5572073459625244,3.8889448642730713,36.893768310546875,31,311724,3.783414602279663,,,,,,,,,,,
7.493080139160156,3.2425589561462402,0.6914060711860657,0.7240598201751709,2.8905587196350098,1.9113287925720215,0.4113025367259979,0.654776394367218,5.959693431854248,49.14488983154297,31,311749,2.780242919921875,,,,,,,,,,,
0.10906900465488434,2.0266737937927246,0.6914054155349731,0.49797916412353516,2.8501617908477783,0.0,0.6107362508773804,0.8209811449050903,1.7452192306518555,5.5188679695129395,31,311774,2.780242919921875,,,,,,,,,,,
0.10906900465488434,2.0498580932617188,0.6914061307907104,0.6284120082855225,2.805072784423828,0.5678654909133911,0.4133250117301941,0.6218240261077881,2.8204762935638428,27.34553337097168,31,311799,3.2802908420562744,,,,,,,,,,,
0.1729089766740799,2.7068984508514404,0.6914053559303284,0.5646681189537048,3.1408917903900146,0.0,0.48742958903312683,0.42716288566589355,1.8955762386322021,6.286915302276611,31,311824,3.2802908420562744,,,,,,,,,,,
0.1729089766740799,2.789189338684082,0.0,0.782569169998169,0.0,1.1686007976531982,0.768704891204834,0.8112391233444214,4.7252326011657715,48.419227600097656,31,311849,2.785567283630371,,,,,,,,,,,
0.11578550934791565,1.4537453651428223,0.0,0.8501806259155273,0.0,0.4895916283130646,0.5712705254554749,1.052001714706421,2.8367578983306885,45.388126373291016,31,311874,2.785567283630371,,,,,,,,,,,
0.11578550934791565,1.3707220554351807,0.0,0.8227719068527222,0.0,0.9351919293403625,0.6138814091682434,0.6556671261787415,3.7182538509368896,48.9059944152832,31,311899,2.793684959411621,,,,,,,,,,,
0.17375466227531433,1.1055219173431396,0.0,0.7950847148895264,0.0,1.0020757913589478,0.44176551699638367,0.6293553113937378,3.5726583003997803,57.162532806396484,31,311924,2.793684959411621,,,,,,,,,,,
0.17375466227531433,1.5108171701431274,0.0,0.7608039379119873,0.0,0.8752131462097168,0.43160226941108704,0.7059826254844666,3.3960776329040527,43.755401611328125,31,311949,3.7702534198760986,,,,,,,,,,,
0.1187366396188736,2.455582618713379,0.0,0.7985950708389282,0.0,0.4854857921600342,0.5561975240707397,0.3294014632701874,3.06243896484375,20.770471572875977,31,311974,3.7702534198760986,,,,,,,,,,,
0.1187366396188736,1.0699515342712402,0.0,0.7732522487640381,0.0,0.8850488066673279,0.4239775836467743,0.7178921699523926,3.2883129119873047,52.613006591796875,31,311999,2.7775356769561768,,,,,,,,,,,
0.18397389352321625,1.003173828125,0.69140625,0.7394415140151978,2.7377617359161377,0.7834444046020508,0.4280848801136017,0.49577343463897705,3.0627450942993164,49.00392150878906,31,312024,2.7775356769561768,,,,,,,,,,,
0.18397389352321625,2.0656542778015137,0.6914061307907104,1.0507984161376953,3.2482759952545166,0.5665677189826965,0.4521329998970032,1.4985119104385376,3.288245916366577,41.72316360473633,31,312049,2.7878105640411377,,,,,,,,,,,
2.754370927810669,1.9386978149414062,0.6914061903953552,0.7982668876647949,3.8228447437286377,1.037444829940796,0.4547232687473297,0.36855265498161316,3.9477176666259766,45.86833190917969,31,312074,2.7878105640411377,,,,,,,,,,,
2.754370927810669,1.6418118476867676,0.6914061903953552,0.6402120590209961,3.02353572845459,1.0796946287155151,0.3860084116458893,0.48991870880126953,3.7083888053894043,50.43954086303711,31,312099,3.2819201946258545,,,,,,,,,,,
0.17472054064273834,1.9603112936019897,0.0,0.78345787525177,0.0,0.7359082698822021,0.46813103556632996,1.070988416671753,3.3114988803863525,37.318695068359375,31,312124,3.2819201946258545,,,,,,,,,,,
0.17472054064273834,2.0132882595062256,0.0,0.7252838611602783,0.0,1.056680679321289,0.47190195322036743,0.8028002977371216,3.9145336151123047,51.338626861572266,31,312149,3.7686283588409424,,,,,,,,,,,
0.159544438123703,1.3004018068313599,0.6914061903953552,0.6550370454788208,3.106644630432129,0.9708519577980042,0.2796632647514343,0.5791227221488953,3.2975914478302,44.2418327331543,31,312174,3.7686283588409424,,,,,,,,,,,
0.159544438123703,0.7414581179618835,0.0,0.6711170673370361,0.0,0.9067205190658569,0.4847330152988434,0.26826098561286926,3.1917285919189453,50.76755142211914,31,312199,3.772245168685913,,,,,,,,,,,
0.17101605236530304,2.0563035011291504,0.0,0.7155424356460571,0.0,1.4424892663955688,0.494159460067749,0.5179235339164734,4.71157169342041,48.964088439941406,31,312224,3.772245168685913,,,,,,,,,,,
0.17101605236530304,2.1707777976989746,0.0,0.7243585586547852,0.0,0.7935063242912292,0.67037433385849,0.7439439296722412,3.632978916168213,36.87070846557617,31,312249,2.7731821537017822,,,,,,,,,,,
0.09529631584882736,2.5777652263641357,0.6914054155349731,0.5877912044525146,3.4233531951904297,0.00022618839284405112,0.3298235237598419,1.5137341022491455,1.725630283355713,5.176890850067139,31,312274,2.7731821537017822,,,,,,,,,,,
0.09529631584882736,1.54568612575531,0.6914061903953552,0.7003903985023499,2.9272964000701904,0.5704957246780396,0.3734969198703766,0.43940210342407227,2.707857608795166,39.33390426635742,31,312299,3.269294500350952,,,,,,,,,,,
0.2334297150373459,2.754373788833618,0.6914052963256836,0.6287592649459839,3.040026903152466,0.0007111649611033499,0.5408464670181274,2.1974406242370605,2.027740478515625,6.412278652191162,31,312324,3.269294500350952,,,,,,,,,,,
0.2334297150373459,2.290285587310791,0.6914052367210388,0.5044184923171997,2.8392140865325928,0.0,0.770034909248352,0.5452988147735596,1.989931344985962,5.969794273376465,31,312349,2.7775795459747314,,,,,,,,,,,
0.09715189039707184,1.792366623878479,0.0,0.6921627521514893,0.0,0.6605759859085083,0.5540011525154114,1.2525224685668945,3.1050257682800293,26.163410186767578,31,312374,2.7775795459747314,,,,,,,,,,,
0.09715189039707184,1.4788031578063965,0.0,0.6670401096343994,0.0,0.8652074337005615,0.41374439001083374,0.5100778341293335,3.25484037399292,38.37400436401367,31,312399,3.289498805999756,,,,,,,,,,,
0.17938989400863647,2.8239922523498535,0.0,0.548957109451294,0.0,0.6410931944847107,0.28021666407585144,0.9524167776107788,2.9585580825805664,15.93232250213623,31,312424,3.289498805999756,,,,,,,,,,,
0.17938989400863647,0.8522300124168396,0.0,0.7119386196136475,0.0,0.3967192769050598,0.35105040669441223,0.9276330471038818,2.1120965480804443,33.79354476928711,31,312449,2.285325765609741,,,,,,,,,,,
0.09739039838314056,2.219391107559204,0.0,0.7018429040908813,0.0,1.6278462409973145,0.5158971548080444,0.4961305558681488,5.1392502784729,55.58949279785156,31,312474,2.285325765609741,,,,,,,,,,,
0.09739039838314056,1.1485779285430908,0.6914061307907104,0.7655664682388306,2.831644296646118,1.1263927221298218,0.3677738308906555,0.8218716382980347,3.7590155601501465,49.011566162109375,31,312499,2.2970244884490967,,,,,,,,,,,
0.6048141717910767,1.901787519454956,0.6914043426513672,0.3298179805278778,2.6017005443573,0.002412856090813875,0.08355230838060379,1.485522985458374,1.01474928855896,2.02949857711792,31,312524,2.2970244884490967,,,,,,,,,,,
0.6048141717910767,1.194862723350525,0.69140625,0.6661162972450256,2.7093443870544434,0.6409186124801636,0.40938103199005127,0.3003298044204712,2.742886543273926,43.88618469238281,31,312549,2.783722400665283,,,,,,,,,,,
0.09746256470680237,0.4179164469242096,0.69140625,0.8883812427520752,2.549008369445801,0.6246324777603149,0.3656248152256012,1.241105318069458,2.6541361808776855,41.11770248413086,31,312574,2.783722400665283,,,,,,,,,,,
0.09746256470680237,2.592132806777954,0.691405177116394,0.5667150020599365,2.8978123664855957,0.0007513010641559958,0.20861314237117767,1.3063031435012817,1.5834487676620483,4.478669166564941,31,312599,3.7456283569335938,,,,,,,,,,,
0.16964015364646912,1.050633192062378,0.6914061903953552,0.6726254224777222,2.827244520187378,1.0007296800613403,0.3872491121292114,0.4544280767440796,3.4047961235046387,54.47673797607422,31,312624,3.7456283569335938,,,,,,,,,,,
0.16964015364646912,1.0630455017089844,0.6914061903953552,0.6448758244514465,2.603403091430664,1.104764699935913,0.4761425852775574,0.3824736475944519,3.6754956245422363,58.80792999267578,31,312649,2.7651820182800293,,,,,,,,,,,
0.09798529744148254,1.8914896249771118,0.6914061307907104,0.6243892908096313,2.991058826446533,0.3999429941177368,0.3664339482784271,0.5639137625694275,2.388066530227661,28.154890060424805,31,312674,2.7651820182800293,,,,,,,,,,,
0.09798529744148254,2.2329392433166504,0.0,0.7792492508888245,0.0,0.6759530305862427,0.295174241065979,0.4786806106567383,3.0962114334106445,31.423112869262695,31,312699,3.2776622772216797,,,,,,,,,,,
0.17534106969833374,2.5286660194396973,0.6914060711860657,0.7685426473617554,2.818941593170166,0.5614402294158936,0.3778356611728668,0.6860836744308472,3.0560481548309326,26.990285873413086,31,312724,3.2776622772216797,,,,,,,,,,,
0.17534106969833374,0.9572049379348755,0.0,0.7706005573272705,0.0,0.5223268270492554,0.41327810287475586,0.3178223669528961,2.5156936645507812,40.2510986328125,31,312749,2.283097267150879,,,,,,,,,,,
0.11845095455646515,2.9223222732543945,0.0,0.8727266788482666,0.0,0.40803956985473633,0.741722583770752,0.802692174911499,3.307225227355957,19.284271240234375,31,312774,2.283097267150879,,,,,,,,,,,
0.11845095455646515,1.3029940128326416,0.0,0.8949991464614868,0.0,0.5977503061294556,0.655595064163208,0.9432041645050049,3.136993169784546,50.191890716552734,31,312799,3.7565972805023193,,,,,,,,,,,
0.19180476665496826,1.3974957466125488,0.6914060115814209,0.5532863140106201,3.1849870681762695,3.842021760647185e-05,0.5346747636795044,0.34760141372680664,1.539136528968811,9.487874984741211,31,312824,3.7565972805023193,,,,,,,,,,,
0.19180476665496826,3.5549559593200684,0.6914056539535522,0.673776388168335,4.047605037689209,0.0,0.31752437353134155,0.8625736832618713,2.098263740539551,7.8509840965271,31,312849,3.272664785385132,,,,,,,,,,,
0.09569387137889862,0.705665647983551,0.69140625,2.368520498275757,2.7276360988616943,0.6951637268066406,0.5387511253356934,1.0608350038528442,4.5365753173828125,67.74551391601562,31,312874,3.272664785385132,,,,,,,,,,,
0.09569387137889862,2.032318592071533,0.6914056539535522,0.32747745513916016,2.7819552421569824,2.3273822080227546e-05,0.3739871382713318,0.4095936715602875,1.3390263319015503,5.010178089141846,31,312899,3.76300311088562,,,,,,,,,,,
0.1951286494731903,1.454411268234253,0.0,0.9162633419036865,0.0,0.6302741765975952,0.5595346093177795,1.3711494207382202,3.1726696491241455,50.76271438598633,31,312924,3.76300311088562,,,,,,,,,,,
0.1951286494731903,1.2947674989700317,0.0,0.9345365762710571,0.0,0.5302231907844543,0.6032261848449707,1.4168593883514404,2.9866394996643066,46.07563018798828,31,312949,2.2826266288757324,,,,,,,,,,,
0.12045235931873322,2.413919687271118,0.6914057731628418,0.5874667167663574,3.205890655517578,0.8420169949531555,0.5759833455085754,1.1434794664382935,3.6037189960479736,16.116321563720703,31,312974,2.2826266288757324,,,,,,,,,,,
0.12045235931873322,0.5998823046684265,0.6914032697677612,0.1733163744211197,2.3355350494384766,0.0,1.6386992931365967,0.6143584251403809,2.01533579826355,4.0306715965271,31,312999,2.780886650085449,,,,,,,,,,,
0.17461025714874268,1.367194414138794,0.6914061903953552,1.165947437286377,2.8756051063537598,0.8191694617271423,0.4088195562362671,0.9403694868087769,3.6520204544067383,58.43232727050781,31,313024,2.780886650085449,,,,,,,,,,,
0.17461025714874268,1.2220304012298584,0.6914054751396179,0.20308315753936768,3.1227784156799316,8.48613417474553e-05,0.08206500858068466,0.776405930519104,0.6831547021865845,2.3665173053741455,31,313049,3.2586357593536377,,,,,,,,,,,
0.0944409966468811,1.429357886314392,0.0,0.7420344948768616,0.0,0.8313261270523071,0.5104942321777344,0.878807544708252,3.3439884185791016,35.86028289794922,31,313074,3.2586357593536377,,,,,,,,,,,
0.0944409966468811,1.4626688957214355,0.0,0.878838062286377,0.0,1.0568454265594482,0.47324851155281067,0.9799159169197083,3.90457820892334,62.47325134277344,31,313099,2.787151575088501,,,,,,,,,,,
0.18095381557941437,2.0323991775512695,0.0,0.7775853872299194,0.0,0.9706652164459229,0.5765289664268494,0.7023441791534424,3.9051647186279297,45.708778381347656,31,313124,2.787151575088501,,,,,,,,,,,
0.18095381557941437,2.792508602142334,0.691405713558197,0.528915524482727,3.5525896549224854,0.9160158634185791,0.547656238079071,0.5969033241271973,3.7818820476531982,15.593098640441895,31,313149,2.7645936012268066,,,,,,,,,,,
0.10406258702278137,2.8858776092529297,0.0,0.6563582420349121,0.0,1.3387248516082764,0.394867867231369,0.5791997313499451,4.5944390296936035,35.29055404663086,31,313174,2.7645936012268066,,,,,,,,,,,
0.10406258702278137,1.576512336730957,0.6914061307907104,0.5373425483703613,2.3570399284362793,1.0400758981704712,0.4385344684123993,0.2951374053955078,3.5525529384613037,41.123775482177734,31,313199,3.281104326248169,,,,,,,,,,,
0.17044153809547424,0.0,0.0,0.0,0.0,0.9192606210708618,0.00043531093979254365,1.5303374528884888,1.838956594467163,29.42330551147461,31,313224,3.281104326248169,,,,,,,,,,,
0.17044153809547424,1.2709362506866455,0.69140625,0.8487703800201416,2.888026714324951,0.8547879457473755,0.393420934677124,0.7678839564323425,3.3619282245635986,53.79085159301758,31,313249,2.766749858856201,,,,,,,,,,,
0.09540800750255585,1.724873661994934,0.6914061307907104,0.7342536449432373,2.9196901321411133,0.9929035305976868,0.4735025465488434,0.9679415225982666,3.740222454071045,41.983890533447266,31,313274,2.766749858856201,,,,,,,,,,,
0.09540800750255585,1.1130642890930176,0.6914061307907104,0.5409882068634033,2.7310197353363037,0.4393479824066162,0.3147561848163605,2.1699700355529785,2.095669746398926,26.342161178588867,31,313299,2.7803869247436523,,,,,,,,,,,
0.1718522608280182,1.2426129579544067,0.6914061307907104,0.6764175891876221,3.3998489379882812,0.7965832352638245,0.37889745831489563,0.9393787980079651,3.0552637577056885,22.03182029724121,31,313324,2.7803869247436523,,,,,,,,,,,
0.1718522608280182,2.2094693183898926,0.6914061307907104,0.6492234468460083,2.808947801589966,1.938524603843689,0.5175498723983765,1.2228295803070068,5.734753131866455,56.480770111083984,31,313349,2.7831106185913086,,,,,,,,,,,
0.09547334909439087,1.362715244293213,0.69140625,0.8239176273345947,2.9993841648101807,0.877190351486206,0.4502197206020355,0.8812945485115051,3.4673264026641846,54.8232421875,31,313374,2.7831106185913086,,,,,,,,,,,
0.09547334909439087,1.0151951313018799,0.6914061903953552,0.5570570230484009,2.2714061737060547,1.0648441314697266,0.2925911247730255,0.2887178361415863,3.3066089153289795,52.90574264526367,31,313399,2.789808988571167,,,,,,,,,,,
0.17083066701889038,2.3276069164276123,0.0,0.9518580436706543,0.0,0.5561771988868713,0.6596502065658569,1.6631817817687988,3.422144889831543,45.91289138793945,31,313424,2.789808988571167,,,,,,,,,,,
0.17083066701889038,1.864001989364624,0.6914061307907104,0.4434574842453003,2.9486513137817383,0.862449049949646,0.2778517007827759,0.24616876244544983,3.0348944664001465,28.631135940551758,31,313449,3.7799339294433594,,,,,,,,,,,
0.10287317633628845,2.4209177494049072,0.0,0.5926256775856018,0.0,1.1651885509490967,0.4772507846355438,0.5862342119216919,4.126528739929199,31.96395492553711,31,313474,3.7799339294433594,,,,,,,,,,,
0.10287317633628845,2.3503661155700684,0.6914052367210388,0.4490358829498291,2.8848750591278076,0.0001384838978992775,0.5478343367576599,1.465234398841858,1.7311058044433594,5.193317413330078,31,313499,3.9311411380767822,,,,,,,,,,,
0.1709567755460739,0.6018689870834351,0.6914061903953552,0.7524133920669556,2.8484904766082764,0.33236274123191833,0.22430483996868134,1.9084744453430176,1.8504892587661743,28.367464065551758,31,313524,3.9311411380767822,,,,,,,,,,,
0.1709567755460739,3.384241819381714,0.0,0.753288745880127,0.0,0.5203836560249329,0.6658207774162292,2.1072278022766113,3.475149393081665,15.147825241088867,31,313549,3.7531583309173584,,,,,,,,,,,
0.09684991836547852,3.225207567214966,0.6914057731628418,0.6778185963630676,3.2821085453033447,0.0008660592138767242,0.5690458416938782,1.7912774085998535,2.2489800453186035,10.057744979858398,31,313574,3.7531583309173584,,,,,,,,,,,
0.09684991836547852,1.8785536289215088,0.6914061903953552,0.6630664467811584,2.7788660526275635,0.8183140754699707,0.5143212080001831,1.2808423042297363,3.4053707122802734,41.984230041503906,31,313599,3.775606393814087,,,,,,,,,,,
0.17221149802207947,1.4035120010375977,0.0,0.9794675707817078,0.0,0.9613901972770691,0.5591286420822144,0.7094603776931763,3.882430076599121,49.10928726196289,31,313624,3.775606393814087,,,,,,,,,,,
0.17221149802207947,2.782167434692383,0.0,0.852262020111084,0.0,1.0690693855285645,0.5316988825798035,1.5693103075027466,4.356750011444092,40.63705825805664,31,313649,2.2847015857696533,,,,,,,,,,,
0.09674510359764099,1.0322973728179932,0.69140625,0.8009450435638428,2.901989459991455,0.4970587491989136,0.35319802165031433,1.4977195262908936,2.4869699478149414,39.79151916503906,31,313674,2.2847015857696533,,,,,,,,,,,
0.09674510359764099,2.0992002487182617,0.0,0.6439711451530457,0.0,1.0584139823913574,0.544583261013031,0.29154741764068604,3.9351425170898438,37.33203887939453,31,313699,3.773499011993408,,,,,,,,,,,
0.17815417051315308,3.402665138244629,0.0,1.1151114702224731,0.0,1.6117231845855713,0.44562554359436035,1.198538064956665,5.804983139038086,39.796958923339844,31,313724,3.773499011993408,,,,,,,,,,,
0.17815417051315308,2.244000196456909,0.6914053559303284,0.37153226137161255,3.6367485523223877,2.105884050251916e-06,0.4472344219684601,0.9125768542289734,1.5283384323120117,4.585015296936035,31,313749,3.271662712097168,,,,,,,,,,,
0.10146820545196533,0.9815184473991394,0.6914061903953552,0.6919478178024292,2.686069965362549,1.1901965141296387,0.43648579716682434,0.3704272210597992,3.8301429748535156,61.28228759765625,31,313774,3.271662712097168,,,,,,,,,,,
0.10146820545196533,1.9011929035186768,0.0,0.655085563659668,0.0,1.1099793910980225,0.518345296382904,0.5538406372070312,3.963747501373291,39.637474060058594,31,313799,2.790828227996826,,,,,,,,,,,
0.17675144970417023,1.089573860168457,0.0,0.7018784284591675,0.0,0.756689190864563,0.40021631121635437,0.404061883687973,2.942345380783081,41.611045837402344,31,313824,2.790828227996826,,,,,,,,,,,
0.17675144970417023,1.7089619636535645,0.6914048194885254,0.28671926259994507,2.9433019161224365,0.0,0.17366905510425568,0.4840085506439209,1.0025099515914917,2.4556379318237305,31,313849,2.2853968143463135,,,,,,,,,,,
0.1185833215713501,2.472722291946411,0.6914061307907104,0.9106326103210449,3.1176657676696777,1.8762973546981812,0.4769141376018524,2.582732677459717,5.913134574890137,60.01176071166992,31,313874,2.2853968143463135,,,,,,,,,,,
0.1185833215713501,44.314605712890625,0.6914061903953552,0.9516317844390869,2.8350486755371094,1.2621536254882812,0.39477184414863586,2.9566216468811035,17.193443298339844,252.69097900390625,31,313899,2.3097116947174072,,,,,,,,,,,
0.17315933108329773,89.07298278808594,0.69140625,0.8082493543624878,3.173086404800415,0.403201162815094,0.4496397078037262,0.616321325302124,28.817916870117188,461.086669921875,31,313924,2.3097116947174072,,,,,,,,,,,
0.17315933108329773,3.9822909832000732,0.69140625,0.7100443840026855,2.8998093605041504,1.259150505065918,0.36184248328208923,0.21980537474155426,4.813873767852783,77.02198028564453,31,313949,3.2665793895721436,,,,,,,,,,,
0.15792402625083923,7.6799492835998535,0.0,0.6620461940765381,0.0,1.847511887550354,0.4964255690574646,0.847058892250061,7.157480239868164,41.11659240722656,31,313974,3.2665793895721436,,,,,,,,,,,
0.15792402625083923,1.8799935579299927,0.0,0.9433426856994629,0.0,1.0398916006088257,0.4150911867618561,2.3944835662841797,4.0022149085998535,64.03543853759766,31,313999,3.761967420578003,,,,,,,,,,,
0.2554777264595032,1.3147170543670654,0.0,0.5694141983985901,0.0,0.6072605848312378,0.4854314625263214,0.5400775074958801,2.6637818813323975,28.56587791442871,31,314024,3.761967420578003,,,,,,,,,,,
0.2554777264595032,2.5632731914520264,0.0,1.2809661626815796,0.0,0.8625173568725586,0.4212813973426819,1.11171293258667,4.196264266967773,36.82207107543945,31,314049,3.277906894683838,,,,,,,,,,,
0.09777256846427917,1.570054292678833,0.0,0.8184455037117004,0.0,1.1208469867706299,0.5001858472824097,0.7348741292953491,4.031341552734375,64.50146484375,31,314074,3.277906894683838,,,,,,,,,,,
0.09777256846427917,1.5904277563095093,0.6914055347442627,0.20542839169502258,2.5759589672088623,0.00028031779220327735,0.17914272844791412,1.8719171285629272,0.8880196809768677,3.07619047164917,31,314099,3.7613348960876465,,,,,,,,,,,
0.18758441507816315,2.3837552070617676,0.6914061307907104,0.6021382212638855,2.842435598373413,1.1712799072265625,0.38204824924468994,0.48556381464004517,4.0702972412109375,50.83799743652344,31,314124,3.7613348960876465,,,,,,,,,,,
0.18758441507816315,8.953451156616211,0.0,0.6856285929679871,0.0,1.0654258728027344,0.6705234050750732,0.26970064640045166,6.173039436340332,26.189987182617188,31,314149,3.265200138092041,,,,,,,,,,,
0.09343554079532623,1.9028472900390625,0.0,0.33586549758911133,0.0,0.21495923399925232,0.3287332355976105,2.943112850189209,1.6653714179992676,26.64594268798828,31,314174,3.265200138092041,,,,,,,,,,,
0.09343554079532623,0.9997219443321228,0.69140625,2.110313653945923,3.3498103618621826,0.6028464436531067,0.40358641743659973,0.7080956101417542,4.05300760269165,64.8481216430664,31,314199,2.2931437492370605,,,,,,,,,,,
0.17937448620796204,1.4358477592468262,0.69140625,0.555069088935852,2.7513740062713623,0.746361255645752,0.32543855905532837,0.694293200969696,2.831498146057129,45.30397033691406,31,314224,2.2931437492370605,,,,,,,,,,,
0.17937448620796204,12.764449119567871,0.6914054155349731,0.5675641298294067,2.8583567142486572,0.9270073175430298,0.5757474303245544,0.8293828964233398,6.8552446365356445,21.678186416625977,31,314249,2.7753102779388428,,,,,,,,,,,
0.10101941227912903,8.895186424255371,0.0,0.6621238589286804,0.0,0.7947432994842529,0.5361269116401672,0.7962602972984314,5.45629358291626,31.34402084350586,31,314274,2.7753102779388428,,,,,,,,,,,
0.10101941227912903,2.3957631587982178,0.6914061903953552,0.49298375844955444,2.536316156387329,1.0960090160369873,0.34964361786842346,0.2967226207256317,3.7787375450134277,48.53876495361328,31,314299,2.79520845413208,,,,,,,,,,,
0.17024372518062592,0.8824012279510498,0.69140625,0.7483270168304443,2.8182790279388428,0.7933617234230042,0.3579707443714142,0.22853828966617584,2.985924243927002,47.77478790283203,31,314324,2.79520845413208,,,,,,,,,,,
0.17024372518062592,1.5216344594955444,0.0,0.9609656929969788,0.0,0.46380144357681274,0.5099709033966064,4.765044212341309,2.855029821395874,38.937416076660156,31,314349,2.798391580581665,,,,,,,,,,,
0.11339342594146729,1.2281843423843384,0.69140625,0.8325135707855225,2.969956398010254,0.9467929005622864,0.38964173197746277,0.8319254517555237,3.5138959884643555,56.22233581542969,31,314374,2.798391580581665,,,,,,,,,,,
0.11339342594146729,1.7475634813308716,0.69140625,0.8256523609161377,3.261925458908081,0.9143801331520081,0.34508413076400757,1.3215265274047852,3.556385040283203,56.90216064453125,31,314399,2.282381296157837,,,,,,,,,,,
0.17335261404514313,1.9813696146011353,0.6914061903953552,0.7447932958602905,3.065314769744873,1.4166735410690308,0.4160804748535156,0.7243947982788086,4.619284629821777,62.659027099609375,31,314424,2.282381296157837,,,,,,,,,,,
0.17335261404514313,2.6219139099121094,0.6914056539535522,0.6093560457229614,3.758333921432495,0.0002106454921886325,0.3622525632381439,1.4196572303771973,1.7961875200271606,6.476246356964111,31,314449,2.7763984203338623,,,,,,,,,,,
0.10473762452602386,0.8878061771392822,0.0,0.9678065776824951,0.0,0.5094156265258789,0.4703856408596039,2.4790284633636475,2.723365306854248,42.80104446411133,31,314474,2.7763984203338623,,,,,,,,,,,
0.10473762452602386,1.965073585510254,0.6914049983024597,0.4095485806465149,2.8690667152404785,0.0,0.5216467380523682,0.6164042949676514,1.5494080781936646,4.099348545074463,31,314499,3.753589391708374,,,,,,,,,,,
0.17290958762168884,3.253016948699951,0.0,0.9028862714767456,0.0,0.6205435991287231,0.6110811233520508,1.8413920402526855,3.73095965385437,40.528594970703125,31,314524,3.753589391708374,,,,,,,,,,,
0.17290958762168884,2.405946969985962,0.6914061307907104,0.8071862459182739,2.889350175857544,1.4735503196716309,0.4173998534679413,1.657996416091919,4.922364234924316,53.92179870605469,31,314549,2.290118455886841,,,,,,,,,,,
0.09853112697601318,3.2659912109375,0.0,0.5662983655929565,0.0,1.2221050262451172,0.6388963460922241,0.6090701818466187,4.629202365875244,17.928823471069336,31,314574,2.290118455886841,,,,,,,,,,,
0.09853112697601318,2.1545639038085938,0.0,0.6291947364807129,0.0,0.9679105281829834,0.518032968044281,0.1775219589471817,3.7294180393218994,34.3835334777832,31,314599,2.276434898376465,,,,,,,,,,,
0.17347151041030884,0.9435283541679382,0.6914061903953552,1.6958218812942505,3.21439790725708,0.5458680987358093,0.47596511244773865,0.23578299582004547,3.578725814819336,57.259613037109375,31,314624,2.276434898376465,,,,,,,,,,,
0.17347151041030884,2.5907769203186035,0.6914061903953552,0.9398595690727234,3.065185070037842,1.501413345336914,0.390554279088974,2.0298547744750977,5.141125679016113,82.25801086425781,31,314649,2.285994052886963,,,,,,,,,,,
0.11793863773345947,1.6248546838760376,0.6914061903953552,0.722887396812439,3.9387502670288086,0.5879716277122498,0.5343796610832214,0.12471643835306168,2.9600541591644287,39.60282516479492,31,314674,2.285994052886963,,,,,,,,,,,
0.11793863773345947,3.657215118408203,0.0,0.6416964530944824,0.0,0.0003455780679360032,0.8074942827224731,0.8303245902061462,2.547046661376953,6.238965034484863,31,314699,3.2670395374298096,,,,,,,,,,,
0.20160257816314697,2.358602523803711,0.6914052963256836,0.42889106273651123,2.8973240852355957,0.0,0.4620759189128876,1.4612445831298828,1.62752103805542,4.88256311416626,31,314724,3.2670395374298096,,,,,,,,,,,
0.20160257816314697,1.1096818447113037,0.69140625,0.6231033205986023,2.626979112625122,1.0442585945129395,0.38594940304756165,0.38918519020080566,3.4567441940307617,55.30790710449219,31,314749,3.2794268131256104,,,,,,,,,,,
0.1772255301475525,1.5971407890319824,0.69140625,0.9591759443283081,2.8632140159606934,0.3200076222419739,0.47269779443740845,3.027099132537842,2.5796632766723633,41.27461242675781,31,314774,3.2794268131256104,,,,,,,,,,,
0.1772255301475525,1.278050422668457,0.6914061903953552,0.8761321306228638,3.1376702785491943,0.7299919724464417,0.46902763843536377,1.0419120788574219,3.219935417175293,51.51896667480469,31,314799,3.747303009033203,,,,,,,,,,,
0.21044796705245972,1.2300313711166382,0.6914061903953552,0.5315114855766296,2.4797184467315674,0.9247426390647888,0.3941536843776703,0.271465539932251,3.168956995010376,42.75156784057617,31,314824,3.747303009033203,,,,,,,,,,,
0.21044796705245972,1.6208300590515137,0.0,0.8733369708061218,0.0,0.7071794867515564,0.6081228852272034,1.8744497299194336,3.3820676803588867,23.91482925415039,31,314849,3.777974843978882,,,,,,,,,,,
0.09800843149423599,0.7794290781021118,0.69140625,0.49469026923179626,2.066545009613037,0.9167468547821045,0.3392060399055481,0.14094866812229156,2.921884298324585,46.75014877319336,31,314874,3.777974843978882,,,,,,,,,,,
0.09800843149423599,2.9793100357055664,0.6914055347442627,0.6023749709129333,3.516336441040039,0.0004142988764215261,0.46512389183044434,1.218366026878357,1.997283935546875,6.91879415512085,31,314899,3.761995553970337,,,,,,,,,,,
0.20701822638511658,2.363884925842285,0.6914060711860657,1.0101120471954346,3.346220016479492,1.4706768989562988,0.3169730305671692,1.1144468784332275,5.011066913604736,35.43359375,31,314924,3.761995553970337,,,,,,,,,,,
0.20701822638511658,1.256087064743042,0.6914061903953552,0.7168219685554504,2.7128357887268066,0.29893749952316284,0.4238487780094147,0.4450119733810425,2.142500162124634,33.87590026855469,31,314949,2.7811570167541504,,,,,,,,,,,
0.10022633522748947,1.460146188735962,0.6914061307907104,0.5861511826515198,2.5135092735290527,1.6624459028244019,0.39681345224380493,0.40423473715782166,4.771035194396973,48.18509292602539,31,314974,2.7811570167541504,,,,,,,,,,,
0.10022633522748947,2.4660422801971436,0.6914061307907104,0.9083714485168457,3.149683952331543,0.31526726484298706,0.5620855689048767,1.7732577323913574,2.8723011016845703,30.93562889099121,31,314999,3.7736685276031494,,,,,,,,,,,
0.18585865199565887,3.090271234512329,0.0,0.7911558747291565,0.0,0.9694318771362305,0.5565698742866516,1.6995184421539307,4.2136712074279785,22.691312789916992,31,315024,3.7736685276031494,,,,,,,,,,,
0.18585865199565887,1.7415105104446411,0.0,0.7448734641075134,0.0,0.7437548637390137,0.6322617530822754,0.5810685753822327,3.3870980739593506,39.20849609375,31,315049,3.7728383541107178,,,,,,,,,,,
0.10069750249385834,1.16477370262146,0.6914061903953552,0.7028286457061768,2.8168489933013916,1.3254566192626953,0.378999799489975,0.25809457898139954,4.110342025756836,65.76547241210938,31,315074,3.7728383541107178,,,,,,,,,,,
0.10069750249385834,2.259092092514038,0.6914061307907104,0.5913856029510498,2.7021853923797607,1.2723917961120605,0.45815733075141907,0.3954602777957916,4.299076080322266,41.9022102355957,31,315099,2.798785924911499,,,,,,,,,,,
0.17883402109146118,1.5270216464996338,0.69140625,0.8576370477676392,3.049185037612915,1.2313754558563232,0.42555058002471924,1.020963191986084,4.234536647796631,67.7525863647461,31,315124,2.798785924911499,,,,,,,,,,,
0.17883402109146118,1.7418887615203857,0.6914057731628418,0.283186674118042,3.681074619293213,0.8239134550094604,0.5678735375404358,0.5701183080673218,3.0582644939422607,13.67697525024414,31,315149,3.267108917236328,,,,,,,,,,,
0.0927744209766388,1.4786961078643799,0.69140625,0.8044165372848511,2.9435791969299316,1.1956596374511719,0.40475016832351685,0.6290283203125,4.073530673980713,65.1764907836914,31,315174,3.267108917236328,,,,,,,,,,,
0.0927744209766388,1.9512138366699219,0.0,0.5854707956314087,0.0,0.5535980463027954,0.3240411579608917,0.26785433292388916,2.602072238922119,41.633155822753906,31,315199,2.756465196609497,,,,,,,,,,,
0.17125967144966125,3.0729212760925293,0.0,0.8723776340484619,0.0,0.3361738920211792,0.2502034604549408,3.06880521774292,2.7168052196502686,39.08802032470703,31,315224,2.756465196609497,,,,,,,,,,,
0.17125967144966125,2.2871787548065186,0.6914061307907104,0.6012706756591797,2.700498580932617,1.0068447589874268,0.4313824772834778,0.5677938461303711,3.7595012187957764,28.631507873535156,31,315249,3.287689208984375,,,,,,,,,,,
0.10158711671829224,2.5871758460998535,0.6914055347442627,0.59237140417099,3.0862839221954346,0.00023178626724984497,0.7857418060302734,1.5001298189163208,2.1855924129486084,7.248790264129639,31,315274,3.287689208984375,,,,,,,,,,,
0.10158711671829224,1.32828688621521,0.6914061307907104,0.8863389492034912,3.9420337677001953,0.2916862666606903,0.47609204053878784,1.1029300689697266,2.3837101459503174,21.186878204345703,31,315299,2.77181077003479,,,,,,,,,,,
0.17486026883125305,2.208298444747925,0.6914056539535522,0.8945691585540771,3.3795526027679443,2.2485098838806152,0.45058760046958923,0.8754626512527466,6.538461685180664,24.464683532714844,31,315324,2.77181077003479,,,,,,,,,,,
0.17486026883125305,1.6701562404632568,0.69140625,0.9285076856613159,3.283240556716919,0.2781582474708557,0.46515652537345886,1.8966944217681885,2.4838600158691406,39.74176025390625,31,315349,3.763498306274414,,,,,,,,,,,
0.11916263401508331,1.0930194854736328,0.6914052367210388,0.19957402348518372,2.1166322231292725,0.0,1.3926607370376587,0.6478551626205444,1.9413069486618042,5.490845203399658,31,315374,3.763498306274414,,,,,,,,,,,
0.11916263401508331,2.233333110809326,0.0,0.7989310026168823,0.0,1.002808928489685,0.630691647529602,0.27599793672561646,4.105240345001221,44.21479034423828,31,315399,2.79460072517395,,,,,,,,,,,
0.17502838373184204,1.568110704421997,0.6914061307907104,0.7812873721122742,3.487868547439575,0.47376111149787903,0.4384269416332245,1.1375584602355957,2.672548532485962,22.03839874267578,31,315424,2.79460072517395,,,,,,,,,,,
0.17502838373184204,2.8687682151794434,0.0,0.7104818820953369,0.0,0.690805196762085,0.5631884932518005,0.5376039743423462,3.515911340713501,29.416223526000977,31,315449,2.2901551723480225,,,,,,,,,,,
0.10067898035049438,1.1564977169036865,0.0,2.5951485633850098,0.0,0.7253307104110718,0.2886764407157898,1.4577642679214478,4.681435585021973,53.78559875488281,31,315474,2.2901551723480225,,,,,,,,,,,
0.10067898035049438,0.9852719306945801,0.69140625,0.5136604309082031,2.5376179218292236,1.1751863956451416,0.21866334974765778,0.24775467813014984,3.4036543369293213,44.24750518798828,31,315499,3.2735629081726074,,,,,,,,,,,
0.17842257022857666,1.9444724321365356,0.6914061903953552,0.8773818612098694,3.1446750164031982,0.8639732003211975,0.4938208758831024,1.4926152229309082,3.713937520980835,59.42300033569336,31,315524,3.2735629081726074,,,,,,,,,,,
0.17842257022857666,2.4642622470855713,0.0,0.4752928912639618,0.0,0.0003228212590329349,0.5101860761642456,1.329339861869812,1.7254033088684082,6.682458400726318,31,315549,2.289947986602783,,,,,,,,,,,
0.09844059497117996,3.3038382530212402,0.0,0.7719314694404602,0.0,1.7212557792663574,0.5870083570480347,0.8864805698394775,5.792603015899658,46.70145797729492,31,315574,2.289947986602783,,,,,,,,,,,
0.09844059497117996,1.4845927953720093,0.69140625,0.8756386041641235,3.146543025970459,0.33384352922439575,0.42728105187416077,1.3402143716812134,2.4474499225616455,39.15919876098633,31,315599,2.7755441665649414,,,,,,,,,,,
0.2121114283800125,1.2189338207244873,0.69140625,0.9193543195724487,2.9986839294433594,0.8818590641021729,0.42813295125961304,1.4295028448104858,3.5068724155426025,56.10995864868164,31,315624,2.7755441665649414,,,,,,,,,,,
0.2121114283800125,2.7086963653564453,0.0,0.598918080329895,0.0,1.9257400035858154,0.5034543871879578,0.5385628938674927,5.766461372375488,46.490699768066406,31,315649,2.7907443046569824,,,,,,,,,,,
0.10507562756538391,1.3230860233306885,0.69140625,0.7399058938026428,2.952390670776367,0.6227946281433105,0.37265995144844055,0.44680649042129517,2.784604787826538,41.01979064941406,31,315674,2.7907443046569824,,,,,,,,,,,
0.10507562756538391,2.7976369857788086,0.6914061903953552,0.943013072013855,4.078051567077637,0.37315237522125244,0.66646409034729,1.3704915046691895,3.235853672027588,29.833097457885742,31,315699,2.291645050048828,,,,,,,,,,,
0.21176859736442566,1.6716750860214233,0.0,0.8494468927383423,0.0,1.6374800205230713,0.0005934811197221279,1.4318749904632568,4.6265034675598145,74.02405548095703,31,315724,2.291645050048828,,,,,,,,,,,
0.21176859736442566,1.1213079690933228,0.0,0.6773130893707275,0.0,1.1674566268920898,0.36158934235572815,0.3313938081264496,3.7102081775665283,59.36333084106445,31,315749,2.292619466781616,,,,,,,,,,,
0.09591531753540039,2.1174943447113037,0.6914061903953552,0.7822830677032471,3.124648332595825,1.4890049695968628,0.5268532037734985,0.8361077904701233,4.953640937805176,57.98087692260742,31,315774,2.292619466781616,,,,,,,,,,,
0.09591531753540039,1.9542872905731201,0.6914057731628418,0.40342721343040466,2.7561635971069336,1.4085129499435425,0.43586674332618713,0.7632452249526978,4.270167827606201,19.096771240234375,31,315799,2.781055450439453,,,,,,,,,,,
0.17547939717769623,1.9899773597717285,0.0,0.9442243576049805,0.0,0.519290030002594,0.6815013885498047,1.9230316877365112,3.2612991333007812,42.52213668823242,31,315824,2.781055450439453,,,,,,,,,,,
0.17547939717769623,2.3073935508728027,0.0,1.1959590911865234,0.0,1.0893819332122803,0.6785250902175903,1.1816551685333252,4.745466232299805,22.258209228515625,31,315849,2.2855560779571533,,,,,,,,,,,
0.11646772921085358,1.9384701251983643,0.6914060711860657,0.39846253395080566,2.5610251426696777,1.1516140699386597,0.21684472262859344,0.27926918864250183,3.525686740875244,23.119474411010742,31,315874,2.2855560779571533,,,,,,,,,,,
0.11646772921085358,3.167299270629883,0.0,1.392632246017456,0.0,1.3515052795410156,0.6355253458023071,1.2155591249465942,5.6813578605651855,57.65948486328125,31,315899,2.7769384384155273,,,,,,,,,,,
0.17279228568077087,2.7164556980133057,0.0,0.9528949856758118,0.0,0.14725536108016968,0.4571579396724701,3.7019405364990234,2.519500494003296,32.36357116699219,31,315924,2.7769384384155273,,,,,,,,,,,
0.17279228568077087,2.002044677734375,0.0,0.846610426902771,0.0,0.5432071089744568,0.48027732968330383,1.6382888555526733,3.0139153003692627,28.90846061706543,31,315949,2.785088539123535,,,,,,,,,,,
0.14364910125732422,2.300171375274658,0.6914060711860657,0.7947388291358948,3.612823009490967,0.6168920993804932,0.6151442527770996,0.6405629515647888,3.369847059249878,27.376768112182617,31,315974,2.785088539123535,,,,,,,,,,,
0.14364910125732422,1.7029051780700684,0.6914061903953552,0.7021597623825073,3.22363543510437,1.117499589920044,0.37452736496925354,0.5313877463340759,3.8547942638397217,56.390777587890625,31,315999,2.788792133331299,,,,,,,,,,,
0.17600688338279724,1.3418188095092773,0.0,0.8502705693244934,0.0,0.6800413727760315,0.5149908065795898,1.3794479370117188,3.127889633178711,35.388031005859375,31,316024,2.788792133331299,,,,,,,,,,,
0.17600688338279724,1.7581474781036377,0.69140625,0.681506872177124,2.811102867126465,1.5931246280670166,0.45916250348091125,0.6700919270515442,4.882473945617676,59.19684982299805,31,316049,3.2882297039031982,,,,,,,,,,,
0.10931609570980072,1.631640911102295,0.0,0.8814621567726135,0.0,0.4189099967479706,0.4488285183906555,1.2342067956924438,2.6576030254364014,42.52164840698242,31,316074,3.2882297039031982,,,,,,,,,,,
0.10931609570980072,1.1334081888198853,0.69140625,0.6957560181617737,3.0732569694519043,0.7215544581413269,0.37614235281944275,0.32796531915664673,2.8857622146606445,46.17219543457031,31,316099,3.274726152420044,,,,,,,,,,,
0.18938815593719482,2.8242082595825195,0.0,0.799951434135437,0.0,0.7229401469230652,0.4640285074710846,2.120569944381714,3.5571229457855225,45.134830474853516,31,316124,3.274726152420044,,,,,,,,,,,
0.18938815593719482,3.477189779281616,0.0,0.8349701166152954,0.0,1.0931280851364136,0.6626299619674683,2.1139602661132812,4.72701358795166,27.965391159057617,31,316149,3.771048069000244,,,,,,,,,,,
0.10486926138401031,1.024247407913208,0.0,0.6434346437454224,0.0,0.6353408098220825,0.5035243630409241,0.11672741919755936,2.724914789199829,19.268056869506836,31,316174,3.771048069000244,,,,,,,,,,,
0.10486926138401031,2.7808265686035156,0.6914050579071045,0.5447453260421753,3.4298949241638184,0.0,0.7152585387229919,0.3171359896659851,2.1285507678985596,5.63161563873291,31,316199,3.7624900341033936,,,,,,,,,,,
0.17384397983551025,1.2168641090393066,0.6914061903953552,0.7314624786376953,2.8830349445343018,1.1788828372955322,0.36805960536003113,0.36606884002685547,3.851177453994751,61.618839263916016,31,316224,3.7624900341033936,,,,,,,,,,,
0.17384397983551025,2.007533550262451,0.6914053559303284,0.48582684993743896,3.015756607055664,0.0,0.760124683380127,0.692266047000885,1.8783692121505737,4.96969747543335,31,316249,3.2663564682006836,,,,,,,,,,,
0.09623324871063232,2.3417916297912598,0.0,0.8464853763580322,0.0,1.2947251796722412,0.6821298599243164,0.8773503303527832,4.820603370666504,53.02663803100586,31,316274,3.2663564682006836,,,,,,,,,,,
0.09623324871063232,1.3116164207458496,0.6914061903953552,0.8981413841247559,2.991382122039795,1.0271704196929932,0.486946165561676,0.9760984778404236,3.8628270626068115,61.805233001708984,31,316299,2.2838261127471924,,,,,,,,,,,
0.2562901973724365,0.8374682664871216,0.6914061903953552,0.48778268694877625,2.049356698989868,0.2123720645904541,0.2744532525539398,0.8862125873565674,1.4587141275405884,22.64533233642578,31,316324,2.2838261127471924,,,,,,,,,,,
0.2562901973724365,1.105968952178955,0.6914061903953552,0.798056960105896,3.17145037651062,0.6268889307975769,0.4028662145137787,0.925365686416626,2.8182060718536377,45.0912971496582,31,316349,2.2962281703948975,,,,,,,,,,,
0.10084666311740875,1.584367036819458,0.0,0.8239363431930542,0.0,1.0081751346588135,0.5704994797706604,0.4009760320186615,3.8860960006713867,38.66616439819336,31,316374,2.2962281703948975,,,,,,,,,,,
0.10084666311740875,0.6375619769096375,0.69140625,0.7179396748542786,2.45564341545105,0.48748958110809326,0.27708005905151367,0.6332871317863464,2.185823917388916,34.973182678222656,31,316399,2.2924749851226807,,,,,,,,,,,
0.1803167164325714,1.4953148365020752,0.0,0.9008368253707886,0.0,0.8490145206451416,0.4690309762954712,1.0702718496322632,3.516491413116455,56.26386260986328,31,316424,2.2924749851226807,,,,,,,,,,,
0.1803167164325714,2.183908462524414,0.0,0.7663685083389282,0.0,0.9271775484085083,0.33948004245758057,1.3954744338989258,3.6153759956359863,37.22257614135742,31,316449,3.777587413787842,,,,,,,,,,,
0.1088232472538948,0.5083328485488892,0.6914061903953552,0.5460306406021118,1.6286735534667969,0.451930969953537,0.42221152782440186,0.15057559311389923,2.040890693664551,18.36801528930664,31,316474,3.777587413787842,,,,,,,,,,,
0.1088232472538948,2.5647361278533936,0.0,0.6948559284210205,0.0,0.9603206515312195,0.5484012961387634,0.4203798770904541,3.933319568634033,30.970989227294922,31,316499,2.284233331680298,,,,,,,,,,,
0.17971283197402954,1.3025546073913574,0.0,0.8560802936553955,0.0,0.4227440059185028,0.6127344369888306,1.0870463848114014,2.705069065093994,29.008634567260742,31,316524,2.284233331680298,,,,,,,,,,,
0.17971283197402954,1.0651016235351562,0.0,0.8720813393592834,0.0,0.6682091951370239,0.5810940265655518,1.227665901184082,3.109124183654785,41.71327590942383,31,316549,3.765001058578491,,,,,,,,,,,
0.10476638376712799,1.1104223728179932,0.69140625,0.7307724952697754,2.8545260429382324,0.8355122208595276,0.391037255525589,0.36295127868652344,3.154506206512451,50.47209930419922,31,316574,3.765001058578491,,,,,,,,,,,
0.10476638376712799,0.8961141109466553,0.69140625,0.5967286229133606,2.647486925125122,0.5670188069343567,0.3284320533275604,0.22572943568229675,2.3545074462890625,37.672119140625,31,316599,2.7782888412475586,,,,,,,,,,,
0.1740749478340149,1.4192322492599487,0.6914061903953552,0.7740391492843628,3.1672372817993164,1.0794541835784912,0.41771775484085083,0.5383095741271973,3.8081071376800537,60.92971420288086,31,316624,2.7782888412475586,,,,,,,,,,,
0.1740749478340149,2.217841625213623,0.0,2.33878755569458,0.0,0.7855793237686157,0.4448375701904297,0.6596531271934509,5.02013635635376,27.95093536376953,31,316649,2.773913860321045,,,,,,,,,,,
0.10043266415596008,0.0,0.0,0.0,0.0,0.47037261724472046,0.0007120807422325015,0.6980987787246704,0.9414573311805725,15.06331729888916,31,316674,2.773913860321045,,,,,,,,,,,
0.10043266415596008,1.8078283071517944,0.6914053559303284,0.32008951902389526,2.870765447616577,4.422029815032147e-05,0.4013485908508301,0.12917694449424744,1.2925827503204346,4.287012100219727,31,316699,3.7619922161102295,,,,,,,,,,,
0.17267844080924988,1.0280710458755493,0.0,0.6472804546356201,0.0,0.8311786651611328,0.4364483058452606,0.6919691562652588,3.0545074939727783,48.87211990356445,31,316724,3.7619922161102295,,,,,,,,,,,
0.17267844080924988,3.219482660293579,0.0,0.6591126918792725,0.0,9.774089448910672e-06,0.7496265172958374,0.3563801646232605,2.374603748321533,10.074589729309082,31,316749,2.7741594314575195,,,,,,,,,,,
0.09559229016304016,1.9780499935150146,0.0,0.4794728755950928,0.0,1.191853812088084e-06,0.7708660364151001,0.9499431848526001,1.8437563180923462,4.516262531280518,31,316774,2.7741594314575195,,,,,,,,,,,
0.09559229016304016,1.1641422510147095,0.0,0.942276120185852,0.0,0.4126526415348053,0.21846075356006622,1.8490519523620605,2.335284948348999,31.504716873168945,31,316799,2.280324935913086,,,,,,,,,,,
0.1761907935142517,1.6658987998962402,0.6914061307907104,0.4472465515136719,2.527984619140625,1.0720080137252808,0.32139530777931213,0.23602965474128723,3.4377074241638184,34.20475387573242,31,316824,2.280324935913086,,,,,,,,,,,
0.1761907935142517,2.250885486602783,0.0,0.6878451108932495,0.0,0.8964980244636536,0.43109846115112305,0.5293851494789124,3.587205410003662,31.681339263916016,31,316849,2.786120891571045,,,,,,,,,,,
0.15562383830547333,1.960191249847412,0.6914056539535522,0.595981240272522,3.044620990753174,0.7561056613922119,0.44988131523132324,1.746340036392212,3.17657732963562,12.302831649780273,31,316874,2.786120891571045,,,,,,,,,,,
0.15562383830547333,2.393641710281372,0.6914045810699463,0.36496543884277344,2.635887384414673,0.00021427248429972678,0.5514609813690186,0.6526846885681152,1.661306381225586,4.069353103637695,31,316899,3.751852035522461,,,,,,,,,,,
0.17530149221420288,0.5769560933113098,0.0,0.8150104880332947,0.0,0.4929574131965637,0.5342081189155579,1.7706079483032227,2.5082201957702637,40.13152313232422,31,316924,3.751852035522461,,,,,,,,,,,
0.17530149221420288,2.6235299110412598,0.0,0.596937358379364,0.0,0.09746995568275452,0.4130361080169678,0.5298341512680054,1.9919724464416504,6.900394916534424,31,316949,2.278284788131714,,,,,,,,,,,
0.09808755666017532,1.1346306800842285,0.0,0.6626484990119934,0.0,0.5494201183319092,0.30445075035095215,0.1778535395860672,2.4063286781311035,38.501258850097656,31,316974,2.278284788131714,,,,,,,,,,,
0.09808755666017532,1.192806363105774,0.6914061903953552,0.7385824918746948,2.9301064014434814,1.2550113201141357,0.42131873965263367,0.7790341377258301,4.057066440582275,64.9130630493164,31,316999,2.7739524841308594,,,,,,,,,,,
0.18278983235359192,1.1464295387268066,0.0,0.7425982356071472,0.0,0.6874452829360962,0.5484117269515991,0.7930943369865417,3.009829521179199,28.39467430114746,31,317024,2.7739524841308594,,,,,,,,,,,
0.18278983235359192,1.7805452346801758,0.6914061307907104,0.7624815702438354,3.1166837215423584,0.7503083944320679,0.3467107117176056,0.9745044708251953,3.1751394271850586,43.30312728881836,31,317049,2.784928798675537,,,,,,,,,,,
0.09823931753635406,2.204141616821289,0.0,0.7811209559440613,0.0,0.7977503538131714,0.4014953672885895,1.3747771978378296,3.439359664916992,38.759613037109375,31,317074,2.784928798675537,,,,,,,,,,,
0.09823931753635406,1.8404622077941895,0.0,0.6598365306854248,0.0,0.3656567335128784,0.3926481604576111,0.17494456470012665,2.3359367847442627,34.7261962890625,31,317099,2.786518096923828,,,,,,,,,,,
0.184535413980484,1.585429310798645,0.69140625,0.8775695562362671,3.305804967880249,0.3308868706226349,0.4120892882347107,1.5669587850570679,2.4601194858551025,35.137535095214844,31,317124,2.786518096923828,,,,,,,,,,,
0.184535413980484,2.1430838108062744,0.0,0.7504932880401611,0.0,1.389438271522522,0.5613176822662354,0.6781254410743713,4.733613014221191,48.50510025024414,31,317149,3.2773592472076416,,,,,,,,,,,
0.10017907619476318,1.9353821277618408,0.0,0.6616772413253784,0.0,0.9152469635009766,0.7872377038002014,0.19076986610889435,3.8600234985351562,26.743026733398438,31,317174,3.2773592472076416,,,,,,,,,,,
0.10017907619476318,1.3595024347305298,0.0,0.8486683368682861,0.0,0.641390323638916,0.5880088806152344,1.7090662717819214,3.1273086071014404,34.400394439697266,31,317199,3.771872043609619,,,,,,,,,,,
0.18914934992790222,1.4811148643493652,0.6914059519767761,0.6485855579376221,2.7739310264587402,0.7584266662597656,0.36232665181159973,0.6260167956352234,2.9998393058776855,16.969654083251953,31,317224,3.771872043609619,,,,,,,,,,,
0.18914934992790222,1.2236502170562744,0.69140625,0.6309685111045837,2.660982131958008,1.0428147315979004,0.39647144079208374,0.24476109445095062,3.506774425506592,56.10839080810547,31,317249,3.2745718955993652,,,,,,,,,,,
5.702091217041016,2.1334714889526367,0.6914061903953552,0.9505029916763306,2.8751087188720703,1.4905750751495361,0.49663862586021423,0.8432289361953735,5.0970845222473145,57.44122314453125,31,317274,3.2745718955993652,,,,,,,,,,,
5.702091217041016,3.0054941177368164,0.6914058327674866,0.6334055662155151,3.933295488357544,1.451738715171814,0.44682207703590393,0.6194716691970825,4.924686431884766,23.098827362060547,31,317299,3.2678427696228027,,,,,,,,,,,
0.19655971229076385,2.1118741035461426,0.0,0.8167181611061096,0.0,1.078671932220459,0.52379310131073,0.5828536152839661,4.131417274475098,39.62716293334961,31,317324,3.2678427696228027,,,,,,,,,,,
0.19655971229076385,0.9754185676574707,0.69140625,0.7874914407730103,2.8518552780151367,0.7934008836746216,0.3185326159000397,0.6958803534507751,3.013970136642456,48.2235221862793,31,317349,2.2942276000976562,,,,,,,,,,,
0.09885413944721222,1.0506713390350342,0.69140625,0.8125712871551514,2.851331949234009,0.5863021016120911,0.4186713695526123,0.37527820467948914,2.7475616931915283,43.96098709106445,31,317374,2.2942276000976562,,,,,,,,,,,
0.09885413944721222,1.1890504360198975,0.0,0.9323784708976746,0.0,0.2440531998872757,0.5680476427078247,1.4134228229522705,2.345247745513916,30.935941696166992,31,317399,3.780388355255127,,,,,,,,,,,
0.17881201207637787,2.4276747703552246,0.6914061307907104,0.6554630994796753,3.0472426414489746,0.8777159452438354,0.4035310447216034,0.5624334216117859,3.5732009410858154,34.82725524902344,31,317424,3.780388355255127,,,,,,,,,,,
0.17881201207637787,0.9180543422698975,0.6914061307907104,0.6392861604690552,2.7848305702209473,0.8565624356269836,0.40962910652160645,0.6004760265350342,3.065304756164551,24.522438049316406,31,317449,2.790130138397217,,,,,,,,,,,
0.09815506637096405,1.6394493579864502,0.6914061307907104,0.49677547812461853,2.6373980045318604,1.5424752235412598,0.3706280589103699,0.17393159866333008,4.47056245803833,51.75050354003906,31,317474,2.790130138397217,,,,,,,,,,,
0.09815506637096405,1.6911582946777344,0.6914061307907104,0.497745543718338,3.946774959564209,0.412917822599411,0.33357536792755127,0.6207364201545715,2.2039718627929688,25.512819290161133,31,317499,2.297168254852295,,,,,,,,,,,
0.1752195954322815,0.9608140587806702,0.6914061903953552,0.5454494953155518,2.623821258544922,0.6276919841766357,0.29729801416397095,0.22822171449661255,2.412613868713379,38.60182189941406,31,317524,2.297168254852295,,,,,,,,,,,
0.1752195954322815,1.9369781017303467,0.69140625,0.9004349708557129,3.2358486652374268,0.5977548360824585,0.44696810841560364,1.6209006309509277,3.156364679336548,50.501834869384766,31,317549,3.2785348892211914,,,,,,,,,,,
0.09854120016098022,3.181657314300537,0.0,0.669636070728302,0.0,0.6828408241271973,0.4337690770626068,1.0340906381607056,3.423583984375,24.20839500427246,31,317574,3.2785348892211914,,,,,,,,,,,
0.09854120016098022,2.46392560005188,0.0,0.7715908885002136,0.0,1.0280894041061401,0.523302435874939,1.5121281147003174,4.090250015258789,45.730384826660156,31,317599,3.278815984725952,,,,,,,,,,,
0.22356685996055603,1.473015308380127,0.6914061903953552,0.8768677115440369,3.139599323272705,0.8261896371841431,0.32553547620773315,0.9585036635398865,3.3280832767486572,44.40216827392578,31,317624,3.278815984725952,,,,,,,,,,,
0.22356685996055603,1.8323416709899902,0.6914061307907104,0.7890300750732422,4.182420253753662,0.23994140326976776,0.5948061943054199,1.1601924896240234,2.4552459716796875,25.515663146972656,31,317649,2.7873072624206543,,,,,,,,,,,
0.1269817352294922,2.5872929096221924,0.6914061307907104,0.7940679788589478,3.2129664421081543,1.6152935028076172,0.4565975069999695,0.9882916212081909,5.289569854736328,55.47747802734375,31,317674,2.7873072624206543,,,,,,,,,,,
0.1269817352294922,2.908412456512451,0.0,0.7211756706237793,0.0,0.5283935070037842,0.5454868078231812,1.9091618061065674,3.1959733963012695,51.13557434082031,31,317699,2.777357578277588,,,,,,,,,,,
0.1790086328983307,0.5843464732170105,0.0,0.7841593623161316,0.0,0.6040889024734497,0.4508568048477173,0.9224680662155151,2.618497848510742,41.895965576171875,31,317724,2.777357578277588,,,,,,,,,,,
0.1790086328983307,1.0389362573623657,0.0,0.9740309715270996,0.0,0.5679832696914673,0.6221781373023987,3.7271995544433594,3.043856620788574,48.70170593261719,31,317749,3.7572174072265625,,,,,,,,,,,
0.10622701048851013,0.9723314642906189,0.69140625,0.7642825841903687,2.9067111015319824,0.8933870196342468,0.39913180470466614,0.48653897643089294,3.2709550857543945,52.33528137207031,31,317774,3.7572174072265625,,,,,,,,,,,
0.10622701048851013,2.4451634883880615,0.0,0.6332881450653076,0.0,1.2663094997406006,0.5265573859214783,0.940703272819519,4.426013469696045,45.35314178466797,31,317799,3.7668910026550293,,,,,,,,,,,
0.2221280336380005,2.56034779548645,0.6914061903953552,0.6201103329658508,3.012868642807007,1.6883208751678467,0.4676815867424011,0.6617273092269897,5.262666702270508,42.75410842895508,31,317824,3.7668910026550293,,,,,,,,,,,
0.2221280336380005,1.289768099784851,0.0,0.8948884010314941,0.0,0.5215983390808105,0.5741266012191772,1.1541962623596191,2.899142265319824,34.78970718383789,31,317849,2.288541078567505,,,,,,,,,,,
0.1188356876373291,1.2896218299865723,0.6914061307907104,0.9328525066375732,3.696000337600708,0.6993494033813477,0.4175589680671692,2.148068428039551,3.172956705093384,33.57941818237305,31,317874,2.288541078567505,,,,,,,,,,,
0.1188356876373291,1.4838385581970215,0.6914061307907104,0.693329393863678,2.8957345485687256,1.6995716094970703,0.4040869176387787,0.4414028525352478,4.970668792724609,70.2958755493164,31,317899,2.2981150150299072,,,,,,,,,,,
0.1770804524421692,1.665146827697754,0.6914044618606567,0.30476608872413635,2.4142792224884033,1.8748284578323364,0.6030317544937134,0.6726107597351074,5.181141376495361,11.585384368896484,31,317924,2.2981150150299072,,,,,,,,,,,
0.1770804524421692,2.1855621337890625,0.0,0.940494179725647,0.0,0.9014992713928223,0.5139122009277344,3.943932056427002,3.9130735397338867,53.65336227416992,31,317949,2.7922732830047607,,,,,,,,,,,
0.11851068586111069,1.3185040950775146,0.69140625,0.842215895652771,3.189249038696289,1.3454509973526,0.41348564624786377,1.1663165092468262,4.37404727935791,69.98475646972656,31,317974,2.7922732830047607,,,,,,,,,,,
0.11851068586111069,2.85833477973938,0.0,0.6377883553504944,0.0,0.8922030925750732,0.5678103566169739,0.9074981212615967,3.8475053310394287,23.717615127563477,31,317999,3.2670485973358154,,,,,,,,,,,
0.20661038160324097,2.3067679405212402,0.0,0.8565636277198792,0.0,0.6518679261207581,0.8118299245834351,1.6141072511672974,3.6641597747802734,26.422632217407227,31,318024,3.2670485973358154,,,,,,,,,,,
0.20661038160324097,2.6852681636810303,0.0,0.980415940284729,0.0,0.8922637104988098,0.4734453856945038,1.1481460332870483,4.04396915435791,31.06231689453125,31,318049,3.7682318687438965,,,,,,,,,,,
4.140444755554199,1.5103845596313477,0.6914061903953552,0.7306839823722839,3.183680772781372,1.4045722484588623,0.48629602789878845,0.3098326623439789,4.511076927185059,72.17723083496094,31,318074,3.7682318687438965,,,,,,,,,,,
4.140444755554199,1.9865002632141113,0.6914061903953552,0.7381376624107361,2.7700510025024414,1.3167184591293335,0.39027732610702515,0.8113477826118469,4.385502815246582,46.204139709472656,31,318099,2.282066583633423,,,,,,,,,,,
0.17774024605751038,1.2268829345703125,0.6914061307907104,0.6959327459335327,3.003953218460083,0.4751226603984833,0.3919304609298706,1.2819924354553223,2.4362130165100098,20.671951293945312,31,318124,2.282066583633423,,,,,,,,,,,
0.17774024605751038,2.337308883666992,0.6914054155349731,0.4815000891685486,2.9620628356933594,0.0011526928283274174,0.18555274605751038,1.2650384902954102,1.4001715183258057,4.643843650817871,31,318149,2.7846410274505615,,,,,,,,,,,
0.10871130228042603,1.3174762725830078,0.0,0.9412583112716675,0.0,0.5880470871925354,0.4754783809185028,1.6692979335784912,2.9880738258361816,34.06928253173828,31,318174,2.7846410274505615,,,,,,,,,,,
0.10871130228042603,1.4143202304840088,0.6914061307907104,1.950077772140503,3.031463146209717,0.49815642833709717,0.5452835559844971,2.040192127227783,3.9462850093841553,50.22800827026367,31,318199,3.005295753479004,,,,,,,,,,,
0.17599914968013763,1.5232936143875122,0.0,0.7427463531494141,0.0,0.5905076265335083,0.35669955611228943,0.6004995107650757,2.7374491691589355,43.79918670654297,31,318224,3.005295753479004,,,,,,,,,,,
0.17599914968013763,1.3635389804840088,0.69140625,0.925510823726654,3.3301844596862793,0.7593869566917419,0.43801191449165344,1.4480618238449097,3.324660062789917,53.19456100463867,31,318249,2.284550189971924,,,,,,,,,,,
0.09700344502925873,2.4584739208221436,0.6914055347442627,0.5365403294563293,3.7197721004486084,4.7674168968114827e-07,0.36958950757980347,1.7302353382110596,1.680870771408081,6.0604658126831055,31,318274,2.284550189971924,,,,,,,,,,,
0.09700344502925873,1.1011817455291748,0.6914061903953552,0.8288861513137817,3.019061803817749,0.9630811810493469,0.3955254852771759,0.547831654548645,3.5111191272735596,56.17790603637695,31,318299,3.758929967880249,,,,,,,,,,,
0.18033796548843384,1.686495304107666,0.6914061307907104,0.7995213270187378,3.067915201187134,0.898272693157196,0.5246846675872803,1.3744884729385376,3.657379150390625,27.12384796142578,31,318324,3.758929967880249,,,,,,,,,,,
0.18033796548843384,2.9652609825134277,0.0,0.8698079586029053,0.0,0.8871252536773682,0.4915422201156616,1.9060478210449219,4.025178909301758,30.917985916137695,31,318349,2.2825119495391846,,,,,,,,,,,
0.0990084633231163,2.054588794708252,0.6914060711860657,0.5477508306503296,2.7652783393859863,0.8355411291122437,0.3473082482814789,0.544581949710846,3.2101707458496094,27.80089569091797,31,318374,2.2825119495391846,,,,,,,,,,,
0.0990084633231163,1.5098471641540527,0.0,0.7308934926986694,0.0,0.5635426044464111,0.5493506789207458,0.6483607888221741,2.860283613204956,21.404403686523438,31,318399,2.7739784717559814,,,,,,,,,,,
0.17958980798721313,2.1732075214385986,0.0,0.795527994632721,0.0,0.889439582824707,0.5193415284156799,0.7523415684700012,3.745710849761963,39.10636901855469,31,318424,2.7739784717559814,,,,,,,,,,,
0.17958980798721313,2.3487606048583984,0.6914052963256836,0.5366224050521851,2.8609485626220703,0.01292541902512312,0.622692346572876,1.1436009407043457,1.9184033870697021,5.755209922790527,31,318449,3.2538671493530273,,,,,,,,,,,
0.11399758607149124,0.9730951189994812,0.69140625,0.6333258748054504,2.66654109954834,1.62659752368927,0.40332794189453125,0.22107495367527008,4.608442783355713,73.7350845336914,31,318474,3.2538671493530273,,,,,,,,,,,
0.11399758607149124,1.1223891973495483,0.6914061903953552,1.573323130607605,2.9431824684143066,1.2194955348968506,0.3669154942035675,0.45715776085853577,4.745378494262695,75.92605590820312,31,318499,3.7380259037017822,,,,,,,,,,,
0.178073912858963,1.0333153009414673,0.69140625,0.712853193283081,2.798746347427368,0.6770894527435303,0.421463280916214,0.4631710648536682,2.826477289199829,45.223636627197266,31,318524,3.7380259037017822,,,,,,,,,,,
0.178073912858963,0.9507453441619873,0.0,0.7083314061164856,0.0,0.6880179643630981,0.40905195474624634,0.47397422790527344,2.7786428928375244,39.58956527709961,31,318549,3.2832093238830566,,,,,,,,,,,
0.13393546640872955,2.1593661308288574,0.6914054155349731,0.5081955790519714,3.40848445892334,0.9567972421646118,0.47101858258247375,0.544362485408783,3.5747032165527344,11.304203987121582,31,318574,3.2832093238830566,,,,,,,,,,,
0.13393546640872955,2.2297701835632324,0.69140625,0.843880295753479,4.208652496337891,1.3676869869232178,0.390857458114624,0.8256977796554565,4.681129455566406,74.75164031982422,31,318599,3.2883460521698,,,,,,,,,,,
0.18524931371212006,2.20345139503479,0.6914052963256836,0.46322643756866455,3.0112228393554688,0.0,0.5563411116600037,0.6690222024917603,1.7107152938842773,5.132145881652832,31,318624,3.2883460521698,,,,,,,,,,,
0.18524931371212006,1.4311103820800781,0.0,0.8680230975151062,0.0,0.4655386805534363,0.3048117160797119,1.5634958744049072,2.533245325088501,31.84239959716797,31,318649,3.7765889167785645,,,,,,,,,,,
0.0960918515920639,2.9332292079925537,0.0,0.8781113028526306,0.0,1.464187741279602,0.6709754467010498,0.7840408682823181,5.357431411743164,49.3930778503418,31,318674,3.7765889167785645,,,,,,,,,,,
0.0960918515920639,0.9380154609680176,0.0,0.6968305110931396,0.0,0.5318988561630249,0.37181356549263,0.5315762162208557,2.413846254348755,36.36825942993164,31,318699,2.301100969314575,,,,,,,,,,,
0.18199850618839264,3.115550994873047,0.6914052963256836,0.5807883739471436,3.67739200592041,2.8842461688327603e-05,0.3885033428668976,0.8023545145988464,1.9407886266708374,6.137312412261963,31,318724,2.301100969314575,,,,,,,,,,,
0.18199850618839264,1.1319025754928589,0.0,0.6997113823890686,0.0,0.618139386177063,0.40139591693878174,0.9905548095703125,2.6769566535949707,42.83130645751953,31,318749,2.7732179164886475,,,,,,,,,,,
0.0956488847732544,2.3608155250549316,0.0,0.42451441287994385,0.0,0.00016518314077984542,0.5466536283493042,0.45223066210746765,1.6797430515289307,3.7560195922851562,31,318774,2.7732179164886475,,,,,,,,,,,
0.0956488847732544,0.9508764743804932,0.6914061903953552,0.7459990978240967,2.9432902336120605,0.3852628469467163,0.36437973380088806,0.892699122428894,2.1956002712249756,35.12960433959961,31,318799,3.269352912902832,,,,,,,,,,,
0.18216779828071594,2.7769715785980225,0.6914057731628418,0.5505905151367188,4.842059135437012,0.8857694864273071,0.7395808696746826,1.066359043121338,3.9432222843170166,17.634626388549805,31,318824,3.269352912902832,,,,,,,,,,,
0.18216779828071594,2.0288119316101074,0.0,0.8763360977172852,0.0,1.1523306369781494,0.51587975025177,1.759053349494934,4.305520534515381,68.8883285522461,31,318849,2.283581495285034,,,,,,,,,,,
0.10053198039531708,1.1389461755752563,0.0,2.357184886932373,0.0,0.2459123432636261,0.4402904510498047,1.6378366947174072,3.630983829498291,58.095741271972656,31,318874,2.283581495285034,,,,,,,,,,,
0.10053198039531708,1.3374743461608887,0.69140625,0.7894023060798645,2.837247133255005,0.8614454865455627,0.37528547644615173,0.685440719127655,3.3171935081481934,53.075096130371094,31,318899,2.791130542755127,,,,,,,,,,,
0.18414877355098724,2.7129085063934326,0.0,0.7227581143379211,0.0,1.0948917865753174,0.5998356938362122,0.7181406021118164,4.326250076293945,36.70944595336914,31,318924,2.791130542755127,,,,,,,,,,,
0.18414877355098724,2.301429271697998,0.6914061307907104,0.48657166957855225,2.875502347946167,0.97145015001297,0.42038723826408386,0.8700243234634399,3.5690431594848633,32.90495300292969,31,318949,2.7839136123657227,,,,,,,,,,,
0.09565743803977966,1.6949511766433716,0.0,0.6404351592063904,0.0,1.2139878273010254,0.6219850182533264,1.549994945526123,4.198881149291992,66.52278900146484,31,318974,2.7839136123657227,,,,,,,,,,,
0.09565743803977966,2.205007553100586,0.0,0.7289470434188843,0.0,1.0535247325897217,0.44101256132125854,0.795019268989563,3.938511371612549,35.44660186767578,31,318999,3.7783687114715576,,,,,,,,,,,
0.20082281529903412,1.7779996395111084,0.6914046406745911,0.4141466021537781,3.6700315475463867,0.23499484360218048,0.7748361825942993,0.673410177230835,2.2290725708007812,5.460090637207031,31,319024,3.7783687114715576,,,,,,,,,,,
0.20082281529903412,3.733707904815674,0.6914061307907104,0.875849723815918,3.021841526031494,1.3936926126480103,0.5202574133872986,1.6465927362442017,5.333823204040527,39.1954345703125,31,319049,3.764662504196167,,,,,,,,,,,
0.09742306172847748,2.230947256088257,0.6914061307907104,0.7216281890869141,3.091402530670166,0.3878406882286072,0.37857577204704285,0.8980041742324829,2.5760836601257324,25.37148094177246,31,319074,3.764662504196167,,,,,,,,,,,
0.09742306172847748,1.8110843896865845,0.6914041042327881,0.2956262230873108,2.1527676582336426,0.018546417355537415,0.8001782894134521,0.28947749733924866,1.6977503299713135,3.395500659942627,31,319099,2.774250030517578,,,,,,,,,,,
0.18300898373126984,1.5563812255859375,0.69140625,1.485705852508545,3.1257317066192627,1.1533317565917969,0.515316367149353,0.7689067721366882,4.8058576583862305,76.89372253417969,31,319124,2.774250030517578,,,,,,,,,,,
0.18300898373126984,0.7595304250717163,0.69140625,0.6921258568763733,2.615830898284912,0.8509538173675537,0.37105220556259155,0.3664940297603607,3.0191032886505127,48.3056526184082,31,319149,3.770504951477051,,,,,,,,,,,
0.09806136041879654,2.3949334621429443,0.0,0.6628340482711792,0.0,1.9556154012680054,0.5755109190940857,0.5097324848175049,5.868055820465088,45.83098220825195,31,319174,3.770504951477051,,,,,,,,,,,
0.09806136041879654,2.8575000762939453,0.0,0.6741073727607727,0.0,2.67964768409729,0.4908716380596161,0.541805624961853,7.381524085998535,39.75072479248047,31,319199,2.2865307331085205,,,,,,,,,,,
0.1886485368013382,1.2250502109527588,0.69140625,0.47575709223747253,2.4722084999084473,1.3174293041229248,0.2888728082180023,0.2890690267086029,3.7917256355285645,51.57304763793945,31,319224,2.2865307331085205,,,,,,,,,,,
0.1886485368013382,2.640982151031494,0.0,0.7064981460571289,0.0,0.8650287985801697,0.5939742922782898,0.6458195447921753,3.822824716567993,35.86127471923828,31,319249,2.3013525009155273,,,,,,,,,,,
3.266026020050049,1.0485515594482422,0.69140625,0.8794541358947754,2.989812135696411,0.9146515130996704,0.39624160528182983,0.9659577012062073,3.449462413787842,55.19139862060547,31,319274,2.3013525009155273,,,,,,,,,,,
3.266026020050049,1.9052152633666992,0.6914061903953552,0.8080683946609497,3.3282978534698486,1.016235113143921,0.3731565475463867,1.0970194339752197,3.818542718887329,59.033241271972656,31,319299,2.7839131355285645,,,,,,,,,,,
0.1785605251789093,0.0,0.0,0.0,0.0,0.6285602450370789,0.0005652454565279186,1.7278194427490234,1.2576857805252075,20.12297248840332,31,319324,2.7839131355285645,,,,,,,,,,,
0.1785605251789093,2.873551845550537,0.0,0.7715352773666382,0.0,0.5342193841934204,0.5118877291679382,3.7184228897094727,3.2139275074005127,51.12064743041992,31,319349,3.2793710231781006,,,,,,,,,,,
0.09768977761268616,1.1869693994522095,0.6914061307907104,0.787372887134552,3.286393165588379,0.715165376663208,0.5758635997772217,0.6471325159072876,3.1825220584869385,26.626888275146484,31,319374,3.2793710231781006,,,,,,,,,,,
0.09768977761268616,1.4297972917556763,0.6914060711860657,0.6296296119689941,2.8500630855560303,0.8568625450134277,0.5224354863166809,0.32384246587753296,3.323230028152466,26.998048782348633,31,319399,2.284623861312866,,,,,,,,,,,
0.18118122220039368,0.4906465411186218,0.69140625,3.5438015460968018,3.2195932865142822,1.1153745651245117,0.4425041973590851,0.8394814729690552,6.396444797515869,102.3431167602539,31,319424,2.284623861312866,,,,,,,,,,,
0.18118122220039368,0.9789069294929504,0.0,0.7233824729919434,0.0,1.0075262784957886,0.4176841974258423,1.4599759578704834,3.449791431427002,55.19666290283203,31,319449,3.7761070728302,,,,,,,,,,,
0.13918468356132507,2.7557199001312256,0.6914052963256836,0.46855729818344116,2.8352577686309814,0.0,0.3757214844226837,1.162033200263977,1.6993473768234253,4.8064799308776855,31,319474,3.7761070728302,,,,,,,,,,,
0.13918468356132507,2.2582483291625977,0.0,0.7009834051132202,0.0,0.7429263591766357,0.38544827699661255,0.6803507208824158,3.2497589588165283,31.674734115600586,31,319499,2.7794079780578613,,,,,,,,,,,
0.17511025071144104,1.556424856185913,0.6914061903953552,0.8203439712524414,2.8480336666107178,0.8899655938148499,0.428017795085907,0.9441662430763245,3.5237009525299072,56.379215240478516,31,319524,2.7794079780578613,,,,,,,,,,,
0.17511025071144104,2.5518276691436768,0.6914055347442627,0.6935902833938599,3.345191240310669,0.05009802430868149,0.5347338914871216,0.7628316879272461,2.1275205612182617,7.36994743347168,31,319549,2.7759687900543213,,,,,,,,,,,
0.11547885835170746,1.6212660074234009,0.0,0.752853512763977,0.0,1.0205769538879395,0.5772328972816467,0.4799754023551941,3.8576202392578125,42.956642150878906,31,319574,2.7759687900543213,,,,,,,,,,,
0.11547885835170746,1.9566782712936401,0.0,0.8641482591629028,0.0,0.8898615837097168,0.0005512338248081505,1.3432767391204834,3.231426239013672,51.70281982421875,31,319599,2.7924511432647705,,,,,,,,,,,
0.19239456951618195,2.223288059234619,0.6914055943489075,0.6133947372436523,3.239132881164551,0.17649927735328674,0.6316072940826416,1.6581867933273315,2.2973783016204834,8.283315658569336,31,319624,2.7924511432647705,,,,,,,,,,,
0.19239456951618195,1.9992852210998535,0.0,0.6837831735610962,0.0,0.7651501893997192,0.304995059967041,0.691067099571228,3.118864059448242,32.11067199707031,31,319649,3.7680985927581787,,,,,,,,,,,
0.1049310714006424,1.2266643047332764,0.0,0.6967144012451172,0.0,0.8108680844306946,0.40704774856567383,0.383707195520401,3.0934977531433105,49.49596405029297,31,319674,3.7680985927581787,,,,,,,,,,,
0.1049310714006424,1.1915009021759033,0.69140625,0.7176529169082642,2.8999433517456055,0.9211320877075195,0.40425387024879456,0.4471868574619293,3.350620746612549,53.60993194580078,31,319699,2.787792682647705,,,,,,,,,,,
0.17899292707443237,0.898582935333252,0.6914061903953552,0.7316755056381226,2.7986385822296143,1.1625117063522339,0.4402250349521637,0.424453467130661,3.794485330581665,60.71176528930664,31,319724,2.787792682647705,,,,,,,,,,,
0.17899292707443237,3.4653255939483643,0.6914061307907104,0.8655965328216553,3.0494937896728516,1.1462881565093994,0.39215603470802307,1.6341657638549805,4.620421886444092,42.346866607666016,31,319749,2.297786235809326,,,,,,,,,,,
1.629669427871704,1.8134117126464844,0.0,0.6893128156661987,0.0,0.5547022819519043,0.4735967814922333,0.9459642767906189,2.816337823867798,24.06279945373535,31,319774,2.297786235809326,,,,,,,,,,,
1.629669427871704,1.687219500541687,0.6914061307907104,0.5064701437950134,2.870016098022461,0.6007423400878906,0.3211206793785095,0.4591616690158844,2.563941478729248,24.990211486816406,31,319799,3.283029794692993,,,,,,,,,,,
0.1959424614906311,1.2129448652267456,0.0,0.6899663209915161,0.0,0.9131700992584229,0.532342255115509,1.1666266918182373,3.412532091140747,54.60051345825195,31,319824,3.283029794692993,,,,,,,,,,,
0.1959424614906311,0.9860509634017944,0.6914061307907104,0.4974863529205322,2.360297203063965,0.8518553972244263,0.38251879811286926,0.4429122805595398,2.9031341075897217,38.73263931274414,31,319849,2.283675193786621,,,,,,,,,,,
0.10534442216157913,1.5737862586975098,0.0,0.8177056312561035,0.0,0.675334095954895,0.5796249508857727,1.089759349822998,3.2201344966888428,25.559024810791016,31,319874,2.283675193786621,,,,,,,,,,,
0.10534442216157913,1.2153419256210327,0.0,0.6892404556274414,0.0,1.3710649013519287,0.39762672781944275,0.30857938528060913,4.193599700927734,65.64022064208984,31,319899,2.2996227741241455,,,,,,,,,,,
0.1847328096628189,0.9072692394256592,0.6914061903953552,0.8926389813423157,3.0192439556121826,0.9386046528816223,0.49805721640586853,0.6171032786369324,3.5702786445617676,57.12445831298828,31,319924,2.2996227741241455,,,,,,,,,,,
0.1847328096628189,2.3201661109924316,0.0,0.8538568019866943,0.0,0.7463186979293823,0.47726818919181824,2.203321933746338,3.5198123455047607,33.57686996459961,31,319949,3.287285804748535,,,,,,,,,,,
0.10508173704147339,1.6180143356323242,0.6914058923721313,0.5040192008018494,2.9141173362731934,0.6225700378417969,0.4950682818889618,0.19895149767398834,2.7587730884552,14.335004806518555,31,319974,3.287285804748535,,,,,,,,,,,
0.10508173704147339,1.8281062841415405,0.0,0.6827973127365112,0.0,1.2119324207305908,0.49908968806266785,0.14447037875652313,4.154183864593506,42.97121047973633,31,319999,3.2711586952209473,,,,,,,,,,,
,,,,,,,,,,31,319999,,2.042325735092163,0.3969363272190094,0.7271997332572937,1.715097427368164,0.8194466829299927,0.45119813084602356,0.9570313692092896,3.4471468925476074,38.1012077331543,0.6691145300865173,5.396252632141113
18.525611877441406,0.6131653785705566,0.0,0.7020184993743896,0.0,0.706574559211731,0.39051124453544617,0.31329452991485596,2.6896283626556396,43.034053802490234,32,320024,,,,,,,,,,,,
18.525611877441406,1.3095780611038208,0.6914040446281433,0.3487643599510193,1.9886516332626343,2.2378528118133545,0.854085385799408,0.5108141899108887,6.091315269470215,12.18263053894043,32,320049,3.750373601913452,,,,,,,,,,,
0.1004113256931305,2.147772789001465,0.0,0.8032768964767456,0.0,0.8458046913146973,0.2068544179201126,1.4090429544448853,3.3460724353790283,44.26437759399414,32,320074,3.750373601913452,,,,,,,,,,,
0.1004113256931305,1.9778423309326172,0.6914061307907104,0.5418650507926941,2.7311911582946777,0.9391571283340454,0.2659493386745453,0.22034789621829987,3.306793212890625,29.576858520507812,32,320099,3.762510061264038,,,,,,,,,,,
0.1801152527332306,1.750680685043335,0.0,1.2195534706115723,0.0,1.2406396865844727,0.49150925874710083,1.7157058715820312,4.717546463012695,44.25450897216797,32,320124,3.762510061264038,,,,,,,,,,,
0.1801152527332306,1.1985464096069336,0.6914061903953552,0.8450309038162231,3.1907105445861816,0.6198752522468567,0.3957642614841461,0.7143556475639343,2.8720169067382812,45.9522705078125,32,320149,3.755506753921509,,,,,,,,,,,
0.14038509130477905,1.5072160959243774,0.0,0.8367584943771362,0.0,1.0467909574508667,0.4736919403076172,0.5791831016540527,3.8561973571777344,53.57200622558594,32,320174,3.755506753921509,,,,,,,,,,,
0.14038509130477905,2.4999401569366455,0.0,0.7057512998580933,0.0,0.907356858253479,0.4810050129890442,0.45192497968673706,3.7514519691467285,30.476940155029297,32,320199,2.2827584743499756,,,,,,,,,,,
0.18430671095848083,1.8255932331085205,0.0,1.9319047927856445,0.0,0.06565512716770172,0.4585379660129547,13.195178031921387,3.0694310665130615,49.110897064208984,32,320224,2.2827584743499756,,,,,,,,,,,
0.18430671095848083,2.647001266479492,0.6914059519767761,0.7200202941894531,3.40531587600708,0.675159215927124,0.44418638944625854,1.170230507850647,3.3426787853240967,18.00087547302246,32,320249,3.7650046348571777,,,,,,,,,,,
0.11264769732952118,2.6971254348754883,0.0,1.191638708114624,0.0,1.1339530944824219,0.6412809491157532,1.2515745162963867,4.909963607788086,44.731895446777344,32,320274,3.7650046348571777,,,,,,,,,,,
0.11264769732952118,2.1509294509887695,0.6914049386978149,0.3166589140892029,2.6016671657562256,0.0003844183520413935,0.3331737816333771,0.41957223415374756,1.321897029876709,3.23797345161438,32,320299,2.7711336612701416,,,,,,,,,,,
0.18517376482486725,16.621784210205078,0.6914061307907104,0.6382813453674316,3.2794182300567627,0.5524659156799316,0.21455936133861542,2.229633331298828,6.977102279663086,76.43032836914062,32,320324,2.7711336612701416,,,,,,,,,,,
0.18517376482486725,8.459394454956055,0.6914061307907104,0.8288190364837646,2.88940167427063,1.3603692054748535,0.4578487277030945,0.5997474193572998,6.574118614196777,49.19620132446289,32,320349,2.2830545902252197,,,,,,,,,,,
0.12642528116703033,12.63661003112793,0.6914047002792358,0.38720518350601196,2.160900354385376,0.003126584691926837,0.6864508390426636,0.537118136882782,4.892501354217529,10.939966201782227,32,320374,2.2830545902252197,,,,,,,,,,,
0.12642528116703033,2.8110570907592773,0.0,0.6797171831130981,0.0,0.8744332194328308,0.40860384702682495,0.40913552045822144,3.680504560470581,32.296295166015625,32,320399,2.7798399925231934,,,,,,,,,,,
0.18731680512428284,1.225935697555542,0.0,0.6473424434661865,0.0,1.130324125289917,0.4724007844924927,0.1990925669670105,3.7481722831726074,59.97075653076172,32,320424,2.7798399925231934,,,,,,,,,,,
0.18731680512428284,2.3865537643432617,0.0,0.3487386703491211,0.0,0.00044572888873517513,0.3160921335220337,0.5371326208114624,1.3816884756088257,3.9080049991607666,32,320449,3.735241651535034,,,,,,,,,,,
0.12034778296947479,7.766831874847412,0.6914042830467224,0.3329275846481323,2.545520782470703,0.00010690362978493795,0.44905897974967957,0.6396198272705078,3.1377053260803223,7.685777187347412,32,320474,3.735241651535034,,,,,,,,,,,
0.12034778296947479,0.0,0.0,0.0,0.0,0.5878500938415527,0.000412536523072049,1.3433884382247925,1.1761127710342407,18.81780433654785,32,320499,2.278491497039795,,,,,,,,,,,
0.18411016464233398,19.988872528076172,0.0,0.6509952545166016,0.0,0.5807594060897827,0.6968448758125305,0.9906611442565918,8.506021499633789,57.06012725830078,32,320524,2.278491497039795,,,,,,,,,,,
0.18411016464233398,2.516158103942871,0.6914061903953552,0.9317750930786133,4.5134148597717285,0.6776498556137085,0.4894512891769409,1.2200303077697754,3.576508045196533,46.356842041015625,32,320549,3.7650692462921143,,,,,,,,,,,
0.10544058680534363,1.0124398469924927,0.691402792930603,0.2498530149459839,2.956554412841797,0.015542040579020977,1.1608293056488037,2.649829149246216,1.7750638723373413,3.074500799179077,32,320574,3.7650692462921143,,,,,,,,,,,
0.10544058680534363,2.4557340145111084,0.6914052367210388,0.41152119636535645,3.074953317642212,0.0,0.2105020135641098,0.8425435423851013,1.3894929885864258,4.168478965759277,32,320599,2.773969888687134,,,,,,,,,,,
2.74643611907959,1.0820575952529907,0.6914061903953552,0.6782563924789429,2.733069896697998,0.43986260890960693,0.43946316838264465,0.3324756920337677,2.349392890930176,37.59028625488281,32,320624,2.773969888687134,,,,,,,,,,,
2.74643611907959,2.4938864707946777,0.6914061307907104,0.6694785356521606,2.947869062423706,0.8771812915802002,0.4268733561038971,0.3863401412963867,3.628359079360962,25.911666870117188,32,320649,3.77466082572937,,,,,,,,,,,
0.10889045894145966,1.2314358949661255,0.6914061903953552,0.622763454914093,2.8412580490112305,1.121473789215088,0.3837215304374695,0.3206952214241028,3.647275924682617,58.356414794921875,32,320674,3.77466082572937,,,,,,,,,,,
0.10889045894145966,2.216644287109375,0.0,0.9069109559059143,0.0,0.5835946798324585,0.573270857334137,2.3832998275756836,3.312364339828491,35.675254821777344,32,320699,3.2774956226348877,,,,,,,,,,,
0.1949102133512497,1.1465840339660645,0.6914061903953552,0.5515744686126709,2.7562949657440186,0.7925683259963989,0.32359418272972107,0.5644234418869019,2.831843376159668,42.0983772277832,32,320724,3.2774956226348877,,,,,,,,,,,
0.1949102133512497,1.2587895393371582,0.6914061903953552,0.712212324142456,2.875910758972168,0.8251305818557739,0.4363894462585449,1.5135817527770996,3.205258846282959,46.888893127441406,32,320749,3.2655463218688965,,,,,,,,,,,
0.10862725973129272,1.838989019393921,0.6914060711860657,0.7670113444328308,3.8752996921539307,0.6091508865356445,0.5208926200866699,0.9240795969963074,3.0966553688049316,20.772994995117188,32,320774,3.2655463218688965,,,,,,,,,,,
0.10862725973129272,1.506585955619812,0.0,1.7132076025009155,0.0,1.0226032733917236,0.6029977798461914,1.5489575862884521,4.813387870788574,77.01420593261719,32,320799,2.7838475704193115,,,,,,,,,,,
0.1796780228614807,2.3919899463653564,0.6914055347442627,0.30498039722442627,3.3506345748901367,0.0,0.1793418675661087,0.8401864767074585,1.2354257106781006,4.097443580627441,32,320824,2.7838475704193115,,,,,,,,,,,
0.1796780228614807,1.1640114784240723,0.69140625,0.8340880870819092,2.912050247192383,0.703811764717102,0.37902510166168213,0.8407722115516663,2.99906063079834,47.98497009277344,32,320849,2.782176971435547,,,,,,,,,,,
0.10061860084533691,2.1096653938293457,0.0,0.8078272938728333,0.0,1.0088021755218506,0.5861523747444153,1.3408067226409912,4.044483661651611,28.02100372314453,32,320874,2.782176971435547,,,,,,,,,,,
0.10061860084533691,1.9925079345703125,0.0,0.923048198223114,0.0,0.2979164719581604,0.6192548274993896,1.338599443435669,2.7358882427215576,36.60369110107422,32,320899,2.2845349311828613,,,,,,,,,,,
0.18107901513576508,1.8221094608306885,0.0,0.6666374802589417,0.0,1.3844826221466064,0.5703291893005371,0.41572296619415283,4.55256462097168,48.82081604003906,32,320924,2.2845349311828613,,,,,,,,,,,
0.18107901513576508,2.3403851985931396,0.0,0.8174718022346497,0.0,0.5065293312072754,0.44441378116607666,0.9623522758483887,2.977059841156006,26.627634048461914,32,320949,2.290785551071167,,,,,,,,,,,
0.10378877818584442,1.3194489479064941,0.69140625,0.7801648378372192,2.926675796508789,1.016282558441162,0.39038679003715515,0.8483682870864868,3.628218173980713,58.051490783691406,32,320974,2.290785551071167,,,,,,,,,,,
0.10378877818584442,2.0079751014709473,0.6914061903953552,0.663027286529541,3.0058178901672363,0.5338103771209717,0.3672977685928345,0.5391855239868164,2.730396270751953,32.42165756225586,32,320999,3.774818181991577,,,,,,,,,,,
0.177109032869339,1.8232426643371582,0.0,0.745080292224884,0.0,0.6787182688713074,0.5089605450630188,1.1179555654525757,3.158450126647949,36.83354187011719,32,321024,3.774818181991577,,,,,,,,,,,
0.177109032869339,1.9495160579681396,0.0,0.7660025358200073,0.0,1.2017900943756104,0.5746241807937622,1.116783857345581,4.329061508178711,43.72137451171875,32,321049,3.275777816772461,,,,,,,,,,,
0.12984848022460938,2.627472400665283,0.691405713558197,0.7086638808250427,3.511948823928833,0.0,0.3281659781932831,1.286035418510437,1.8601911067962646,7.440764427185059,32,321074,3.275777816772461,,,,,,,,,,,
0.12984848022460938,1.6747095584869385,0.0,0.8010338544845581,0.0,0.7499017119407654,0.6864623427391052,0.93272864818573,3.489712715148926,46.032470703125,32,321099,3.268575429916382,,,,,,,,,,,
3.841115713119507,1.8801100254058838,0.6914061903953552,0.659197211265564,3.124009370803833,1.0485494136810303,0.3418692648410797,0.5634046196937561,3.6934385299682617,48.85960006713867,32,321124,3.268575429916382,,,,,,,,,,,
3.841115713119507,1.2277426719665527,0.6914061903953552,1.3873693943023682,3.1001975536346436,0.4976685047149658,0.4534410238265991,1.0614776611328125,3.2354722023010254,51.767555236816406,32,321149,3.750356435775757,,,,,,,,,,,
0.10344062745571136,1.956176519393921,0.0,0.8716356754302979,0.0,1.0863208770751953,0.47268155217170715,1.0681228637695312,4.103812217712402,64.10359954833984,32,321174,3.750356435775757,,,,,,,,,,,
0.10344062745571136,1.8184762001037598,0.6914049983024597,0.4076704978942871,3.2235147953033447,4.982219252269715e-05,0.6208181977272034,0.3563261032104492,1.6063663959503174,3.9347782135009766,32,321199,3.2720274925231934,,,,,,,,,,,
0.18842795491218567,1.200822114944458,0.0,0.852105975151062,0.0,0.5133458375930786,0.5472362637519836,0.760043203830719,2.786280393600464,23.968490600585938,32,321224,3.2720274925231934,,,,,,,,,,,
0.18842795491218567,1.7004706859588623,0.6914061307907104,0.6359652280807495,3.012493371963501,1.2041575908660889,0.5199140906333923,0.49270910024642944,4.104460716247559,43.63101577758789,32,321249,3.2692902088165283,,,,,,,,,,,
0.09873395413160324,2.3979082107543945,0.0,0.7594984769821167,0.0,0.659872829914093,0.5503599643707275,0.6277368068695068,3.3489766120910645,31.41618537902832,32,321274,3.2692902088165283,,,,,,,,,,,
0.09873395413160324,3.3511173725128174,0.0,0.49130359292030334,0.0,0.0,0.688500165939331,0.5763793587684631,2.1851389408111572,7.569543361663818,32,321299,2.78096866607666,,,,,,,,,,,
2.891378164291382,2.479154586791992,0.6914061307907104,0.9189809560775757,3.354524612426758,1.1569980382919312,0.42689111828804016,1.414700984954834,4.437160015106201,56.475830078125,32,321324,2.78096866607666,,,,,,,,,,,
2.891378164291382,2.736238956451416,0.6914055347442627,0.5943360328674316,3.1537697315216064,0.029155146330595016,0.288740873336792,1.460113286972046,1.7937965393066406,6.467625141143799,32,321349,2.2773659229278564,,,,,,,,,,,
0.1044405922293663,2.075434446334839,0.6914061903953552,0.8412196636199951,3.2388691902160645,0.7715794444084167,0.43097183108329773,0.997137725353241,3.470369577407837,47.709693908691406,32,321374,2.2773659229278564,,,,,,,,,,,
0.1044405922293663,2.0939431190490723,0.0,0.46849948167800903,0.0,0.00032222550362348557,0.4796983003616333,1.9042956829071045,1.5770251750946045,5.230401039123535,32,321399,3.269087791442871,,,,,,,,,,,
0.18247826397418976,1.1499176025390625,0.6914061307907104,0.7658228874206543,2.5104408264160156,1.0685315132141113,0.4865918457508087,0.5588170289993286,3.7595572471618652,31.678590774536133,32,321424,3.269087791442871,,,,,,,,,,,
0.18247826397418976,2.572796583175659,0.6914056539535522,0.601608157157898,3.1684205532073975,0.7348974943161011,0.3632524013519287,1.8723270893096924,3.2381787300109863,12.541412353515625,32,321449,2.7718801498413086,,,,,,,,,,,
0.11063532531261444,1.3521511554718018,0.0,0.8057256937026978,0.0,1.4251676797866821,0.37830671668052673,0.8375282883644104,4.440013408660889,58.230228424072266,32,321474,2.7718801498413086,,,,,,,,,,,
0.11063532531261444,2.3660097122192383,0.6914061307907104,0.7081769704818726,2.855759859085083,0.8658347725868225,0.39460140466690063,1.0839011669158936,3.572808265686035,40.42171096801758,32,321499,2.2770917415618896,,,,,,,,,,,
0.18280379474163055,0.9611386060714722,0.69140625,0.5991425514221191,2.535166025161743,1.18771493434906,0.35169100761413574,0.17181816697120667,3.6399567127227783,58.23930740356445,32,321524,2.2770917415618896,,,,,,,,,,,
0.18280379474163055,1.8939323425292969,0.6914061307907104,0.5898609161376953,2.653151750564575,1.5248687267303467,0.37428566813468933,0.5899462699890137,4.608595371246338,47.67168045043945,32,321549,2.2911972999572754,,,,,,,,,,,
0.10326461493968964,1.7351865768432617,0.0,0.8061850070953369,0.0,1.3679370880126953,0.5723286867141724,0.7529825568199158,4.634943962097168,64.72347259521484,32,321574,2.2911972999572754,,,,,,,,,,,
0.10326461493968964,1.7877814769744873,0.0,0.8189013004302979,0.0,0.6669743061065674,0.6308571100234985,1.5266571044921875,3.3200416564941406,25.284685134887695,32,321599,2.788891553878784,,,,,,,,,,,
0.18695411086082458,2.090017318725586,0.6914061903953552,0.7903809547424316,3.081347703933716,1.2821242809295654,0.3367924392223358,0.8777265548706055,4.349240779876709,50.90655517578125,32,321624,2.788891553878784,,,,,,,,,,,
0.18695411086082458,1.4091737270355225,0.0,0.9034079313278198,0.0,1.01145339012146,0.5863429307937622,1.3627721071243286,3.9354095458984375,51.16032409667969,32,321649,2.28424334526062,,,,,,,,,,,
0.10480810701847076,3.587341785430908,0.0,0.9209384918212891,0.0,0.2160435914993286,0.6166282296180725,1.6151005029678345,3.045856475830078,33.36568832397461,32,321674,2.28424334526062,,,,,,,,,,,
0.10480810701847076,1.2001591920852661,0.0,0.7348443269729614,0.0,0.34661996364593506,0.4760929346084595,0.6723792552947998,2.2642250061035156,33.58388137817383,32,321699,3.769915819168091,,,,,,,,,,,
0.18400555849075317,1.181473731994629,0.69140625,1.1266173124313354,3.235504150390625,0.6010735630989075,0.34538477659225464,0.38883522152900696,3.060946464538574,48.97514343261719,32,321724,3.769915819168091,,,,,,,,,,,
0.18400555849075317,1.7537692785263062,0.0,0.9629056453704834,0.0,0.174796000123024,0.5711941719055176,3.7199435234069824,2.409822463989258,38.557159423828125,32,321749,2.783989667892456,,,,,,,,,,,
0.09927397966384888,1.8975775241851807,0.6914061903953552,0.6538543701171875,2.882584571838379,0.8347806930541992,0.281553715467453,0.5588603019714355,3.203068733215332,39.22941970825195,32,321774,2.783989667892456,,,,,,,,,,,
0.09927397966384888,2.559134006500244,0.6914060115814209,0.5692999362945557,3.3443877696990967,0.5674097537994385,0.4832116663455963,0.7192686796188354,2.9885153770446777,16.905595779418945,32,321799,3.275717258453369,,,,,,,,,,,
0.24635829031467438,1.6734508275985718,0.6914061903953552,0.9487838745117188,2.8112356662750244,0.5013664960861206,0.4488597512245178,3.6761927604675293,2.9305243492126465,41.23613357543945,32,321824,3.275717258453369,,,,,,,,,,,
0.24635829031467438,1.4002338647842407,0.69140625,0.8255192041397095,3.3813984394073486,1.2164771556854248,0.41667330265045166,0.3565814197063446,4.129030704498291,66.06449127197266,32,321849,2.782660722732544,,,,,,,,,,,
0.10148325562477112,1.5427438020706177,0.6914061307907104,0.6463984251022339,2.837193489074707,1.1534751653671265,0.44484028220176697,0.8364997506141663,3.8893840312957764,40.04365921020508,32,321874,2.782660722732544,,,,,,,,,,,
0.10148325562477112,2.558607578277588,0.0,0.8694002628326416,0.0,1.486598014831543,0.5112894773483276,0.9706459641456604,5.1214680671691895,54.441951751708984,32,321899,2.814318895339966,,,,,,,,,,,
0.1994476318359375,2.1741466522216797,0.0,0.7235128879547119,0.0,1.0836138725280762,0.5672576427459717,0.3818606436252594,4.1102423667907715,41.511409759521484,32,321924,2.814318895339966,,,,,,,,,,,
0.1994476318359375,1.1659570932388306,0.6914061903953552,0.6849493980407715,2.71895694732666,1.2713985443115234,0.386564165353775,0.18174251914024353,3.9912874698638916,63.860599517822266,32,321949,3.773707866668701,,,,,,,,,,,
0.1083628386259079,2.3769006729125977,0.6914053559303284,0.4970257878303528,2.972813129425049,0.0,0.40601298213005066,0.6028416156768799,1.6458371877670288,4.937511444091797,32,321974,3.773707866668701,,,,,,,,,,,
0.1083628386259079,2.9278106689453125,0.0,0.8987528085708618,0.0,0.30106836557388306,0.5404061079025269,1.6237943172454834,2.9196391105651855,30.4819278717041,32,321999,2.7768499851226807,,,,,,,,,,,
0.18834124505519867,0.9802213907241821,0.0,0.4485713243484497,0.0,0.17869627475738525,0.4197063446044922,0.2468886375427246,1.519736647605896,12.439579963684082,32,322024,2.7768499851226807,,,,,,,,,,,
0.18834124505519867,1.036987066268921,0.69140625,0.5063866972923279,2.464019536972046,0.7313286066055298,0.2942500710487366,0.26794669032096863,2.5990302562713623,41.5844841003418,32,322049,2.7878658771514893,,,,,,,,,,,
0.09928235411643982,2.396733283996582,0.6914060711860657,0.8362074494361877,3.416287899017334,0.9112736582756042,0.5631683468818665,1.2088135480880737,3.9751060009002686,26.066513061523438,32,322074,2.7878658771514893,,,,,,,,,,,
0.09928235411643982,1.7624952793121338,0.6914055347442627,0.37426185607910156,3.267184257507324,1.3474750518798828,0.28421586751937866,1.9763373136520386,3.9148483276367188,12.98408317565918,32,322099,3.264423370361328,,,,,,,,,,,
0.20050077140331268,1.3985453844070435,0.0,0.4743942320346832,0.0,0.6672532558441162,0.2554415762424469,0.21736709773540497,2.4839060306549072,13.829803466796875,32,322124,3.264423370361328,,,,,,,,,,,
0.20050077140331268,2.3694982528686523,0.6914061903953552,0.6775171756744385,2.949188709259033,0.8880906701087952,0.4001394808292389,1.1554439067840576,3.594179391860962,57.50687026977539,32,322149,3.762796401977539,,,,,,,,,,,
0.10665936768054962,1.916691780090332,0.0,0.7549389600753784,0.0,1.8801143169403076,0.5127673745155334,1.096620798110962,5.60294246673584,57.9572868347168,32,322174,3.762796401977539,,,,,,,,,,,
0.10665936768054962,2.380434513092041,0.0,0.7529598474502563,0.0,0.06948953866958618,0.6439015865325928,1.0313706398010254,2.2499709129333496,12.527307510375977,32,322199,3.7498984336853027,,,,,,,,,,,
0.20390407741069794,2.7526464462280273,0.0,0.7518829107284546,0.0,0.5717672109603882,0.6238846778869629,1.064270257949829,3.3450961112976074,31.910184860229492,32,322224,3.7498984336853027,,,,,,,,,,,
0.20390407741069794,1.1120872497558594,0.6914061903953552,0.6140807271003723,2.4979939460754395,0.5799392461776733,0.31288355588912964,0.35812973976135254,2.445449113845825,35.268768310546875,32,322249,2.7773821353912354,,,,,,,,,,,
0.10102041065692902,3.137876033782959,0.0,0.7892460823059082,0.0,2.7863762378692627,0.4393502175807953,1.036036491394043,7.742711544036865,34.626461029052734,32,322274,2.7773821353912354,,,,,,,,,,,
0.10102041065692902,1.2007626295089722,0.6914061307907104,0.7945423722267151,2.798482656478882,1.2722969055175781,0.4014495015144348,0.42612555623054504,4.1287994384765625,66.060791015625,32,322299,3.2722387313842773,,,,,,,,,,,
0.18548044562339783,1.85084867477417,0.6914056539535522,0.6586321592330933,3.017117977142334,0.0,0.41289013624191284,1.7399497032165527,1.6569480895996094,6.6277923583984375,32,322324,3.2722387313842773,,,,,,,,,,,
0.18548044562339783,0.8196011781692505,0.0,0.9411920309066772,0.0,0.28788435459136963,0.5798417925834656,1.607151985168457,2.3426828384399414,37.48292541503906,32,322349,2.780242681503296,,,,,,,,,,,
0.10183840990066528,1.5577155351638794,0.0,0.8972487449645996,0.0,0.855259358882904,0.5044779777526855,0.9463418126106262,3.5795602798461914,46.6717529296875,32,322374,2.780242681503296,,,,,,,,,,,
0.10183840990066528,1.3752846717834473,0.6914061903953552,0.727013349533081,2.734334945678711,1.0950677394866943,0.38618525862693787,0.7011239528656006,3.743262767791748,59.89220428466797,32,322399,3.268444776535034,,,,,,,,,,,
0.1781320869922638,2.651353359222412,0.6914061307907104,0.5862295627593994,2.8716230392456055,0.8587483167648315,0.4394109845161438,0.3819150924682617,3.5672595500946045,27.861188888549805,32,322424,3.268444776535034,,,,,,,,,,,
0.1781320869922638,1.050342321395874,0.6914061903953552,0.6604342460632324,2.6326608657836914,0.3784741759300232,0.3643113970756531,0.7059239149093628,2.1231234073638916,33.969974517822266,32,322449,2.2968454360961914,,,,,,,,,,,
0.10438692569732666,2.0423717498779297,0.0,0.7240957021713257,0.0,0.8619819283485413,0.4991544485092163,0.8480998873710632,3.5599255561828613,23.343992233276367,32,322474,2.2968454360961914,,,,,,,,,,,
0.10438692569732666,2.356844186782837,0.0,0.6820578575134277,0.0,0.41320380568504333,0.44692862033843994,0.5657262206077576,2.662447452545166,29.527969360351562,32,322499,2.2880520820617676,,,,,,,,,,,
0.18338409066200256,1.0652700662612915,0.0,0.7562614679336548,0.0,1.5075467824935913,0.3922905921936035,0.3660430610179901,4.483226776123047,71.73162841796875,32,322524,2.2880520820617676,,,,,,,,,,,
0.18338409066200256,1.276210069656372,0.0,0.789590060710907,0.0,0.674146831035614,0.2892398238182068,0.4019370973110199,2.8099865913391113,22.828439712524414,32,322549,2.777538537979126,,,,,,,,,,,
0.10818907618522644,1.647186279296875,0.0,0.6245567798614502,0.0,0.40090411901474,0.5191696882247925,0.5792815089225769,2.439690589904785,31.52775001525879,32,322574,2.777538537979126,,,,,,,,,,,
0.10818907618522644,1.2630152702331543,0.69140625,0.6819037199020386,2.9275691509246826,0.9610973596572876,0.407835453748703,0.43523579835891724,3.420114040374756,54.18479537963867,32,322599,3.753969192504883,,,,,,,,,,,
0.18312746286392212,1.9543936252593994,0.6914052963256836,0.48641303181648254,2.6504204273223877,3.3970107324421406e-05,0.4900812804698944,0.5307140350341797,1.5893845558166504,4.768153667449951,32,322624,3.753969192504883,,,,,,,,,,,
0.18312746286392212,3.463719367980957,0.0,0.9395084977149963,0.0,1.283961534500122,0.5879930257797241,1.8573943376541138,5.134540557861328,60.317195892333984,32,322649,2.7787160873413086,,,,,,,,,,,
0.10508549213409424,1.1342573165893555,0.69140625,0.7600401639938354,2.80438232421875,1.1511343717575073,0.438109427690506,0.5725300312042236,3.868739366531372,61.89982986450195,32,322674,2.7787160873413086,,,,,,,,,,,
0.10508549213409424,2.7184176445007324,0.0,0.7748240232467651,0.0,0.7979297637939453,0.6096893548965454,0.41489335894584656,3.7958984375,40.17201232910156,32,322699,3.280667304992676,,,,,,,,,,,
0.1949957013130188,2.058192253112793,0.0,0.8591488599777222,0.0,0.3813639283180237,0.5771441459655762,0.4300324022769928,2.816478729248047,39.430702209472656,32,322724,3.280667304992676,,,,,,,,,,,
0.1949957013130188,1.5998435020446777,0.6914061903953552,0.9042277336120605,3.0717055797576904,0.6883633732795715,0.48425471782684326,1.7933130264282227,3.275879383087158,52.41407012939453,32,322749,2.280357599258423,,,,,,,,,,,
0.10821330547332764,1.2358264923095703,0.6914035081863403,0.26303282380104065,0.770207405090332,0.0,0.9891683459281921,0.026259880512952805,1.6306512355804443,2.8243706226348877,32,322774,2.280357599258423,,,,,,,,,,,
0.10821330547332764,3.2470078468322754,0.0,0.6859873533248901,0.0,0.8003365993499756,0.48203685879707336,1.3401437997817993,3.742799758911133,14.004274368286133,32,322799,3.7561252117156982,,,,,,,,,,,
0.20130906999111176,2.1714870929718018,0.0,0.8302731513977051,0.0,0.919087290763855,0.49227142333984375,1.0276668071746826,3.8121652603149414,49.11631393432617,32,322824,3.7561252117156982,,,,,,,,,,,
0.20130906999111176,2.882479667663574,0.0,0.7414249181747437,0.0,1.1531400680541992,0.5880892872810364,1.1375329494476318,4.500538349151611,45.453208923339844,32,322849,3.278226137161255,,,,,,,,,,,
0.10517076402902603,2.90830659866333,0.6914055347442627,0.6570321321487427,3.633152961730957,0.00027557878638617694,0.4607151448726654,0.8190567493438721,2.0271217823028564,7.02215576171875,32,322874,3.278226137161255,,,,,,,,,,,
0.10517076402902603,1.6115641593933105,0.0,0.5591482520103455,0.0,0.6634324193000793,0.5661236047744751,0.1409481167793274,2.935606002807617,33.59954833984375,32,322899,3.7818005084991455,,,,,,,,,,,
0.1854913979768753,2.6163759231567383,0.0,0.5927393436431885,0.0,1.371187686920166,0.564011812210083,0.41449129581451416,4.684039115905762,26.496925354003906,32,322924,3.7818005084991455,,,,,,,,,,,
0.1854913979768753,1.1358821392059326,0.0,0.895302414894104,0.0,0.545386791229248,0.4518583118915558,1.0136967897415161,2.7786989212036133,44.45918273925781,32,322949,2.2725796699523926,,,,,,,,,,,
0.1268112063407898,1.2857649326324463,0.0,0.8642621040344238,0.0,0.6752784252166748,0.4515400826931,0.2618187963962555,3.052088499069214,48.83341598510742,32,322974,2.2725796699523926,,,,,,,,,,,
0.1268112063407898,1.7804443836212158,0.0,0.7502238750457764,0.0,1.2311536073684692,0.5566622018814087,1.1711848974227905,4.303326606750488,40.59749984741211,32,322999,2.780047655105591,,,,,,,,,,,
0.17550338804721832,2.811868667602539,0.6914061307907104,0.6111838817596436,3.891756057739258,0.576480507850647,0.6338544487953186,1.4380576610565186,3.280477523803711,38.95351028442383,32,323024,2.780047655105591,,,,,,,,,,,
0.17550338804721832,1.1682212352752686,0.0,0.779522180557251,0.0,1.285845398902893,0.33770862221717834,0.3957286477088928,4.0393877029418945,64.63020324707031,32,323049,3.2807276248931885,,,,,,,,,,,
0.16810813546180725,1.4234907627105713,0.69140625,0.7779160737991333,3.023404836654663,0.5599406957626343,0.5452778339385986,1.156629204750061,2.9003565311431885,46.405704498291016,32,323074,3.2807276248931885,,,,,,,,,,,
0.16810813546180725,2.190519094467163,0.0,0.920263409614563,0.0,0.6761945486068726,0.32124215364456177,1.8020548820495605,3.2510502338409424,42.26365280151367,32,323099,2.774739980697632,,,,,,,,,,,
0.18291528522968292,2.4254870414733887,0.0,0.8336573839187622,0.0,0.7490429878234863,0.5173630714416504,1.28446364402771,3.5767526626586914,35.76752471923828,32,323124,2.774739980697632,,,,,,,,,,,
0.18291528522968292,1.246815800666809,0.69140625,0.9325385093688965,3.0774648189544678,0.5863295197486877,0.459518700838089,1.4682934284210205,2.9695355892181396,47.512569427490234,32,323149,2.7757680416107178,,,,,,,,,,,
0.11815990507602692,1.1181824207305908,0.6914061307907104,0.9128357172012329,2.6023993492126465,0.8819557428359985,0.3858537971973419,0.3969920873641968,3.424079656600952,54.785274505615234,32,323174,2.7757680416107178,,,,,,,,,,,
0.11815990507602692,1.2494972944259644,0.69140625,0.7617110013961792,2.8071813583374023,1.2234296798706055,0.40941765904426575,0.6180745363235474,4.020908832550049,64.33454132080078,32,323199,3.2701573371887207,,,,,,,,,,,
0.18627987802028656,0.4520602226257324,0.69140625,0.8069718480110168,2.9245316982269287,0.2209489941596985,0.43438056111335754,0.4978305399417877,1.848113775253296,29.569820404052734,32,323224,3.2701573371887207,,,,,,,,,,,
0.18627987802028656,1.5591862201690674,0.69140625,0.8877502083778381,3.0952794551849365,1.2672808170318604,0.4441334009170532,1.827195405960083,4.365153789520264,69.84246063232422,32,323249,2.779937744140625,,,,,,,,,,,
0.10590849816799164,2.802806854248047,0.0,0.779355525970459,0.0,0.6442866325378418,0.5834178328514099,1.500183343887329,3.4921886920928955,49.13945007324219,32,323274,2.779937744140625,,,,,,,,,,,
0.10590849816799164,1.528580904006958,0.0,0.8361931443214417,0.0,1.1174887418746948,0.673143744468689,0.6449406743049622,4.202888488769531,48.287513732910156,32,323299,2.7661924362182617,,,,,,,,,,,
2.699644088745117,0.8072727918624878,0.69140625,0.6927240490913391,2.746100902557373,1.3964238166809082,0.4044863283634186,0.4971872866153717,4.159700870513916,66.55521392822266,32,323324,2.7661924362182617,,,,,,,,,,,
2.699644088745117,1.1307746171951294,0.69140625,0.9505276679992676,3.2081406116485596,1.2337218523025513,0.5011240243911743,1.637634515762329,4.290409088134766,68.64654541015625,32,323349,2.772359609603882,,,,,,,,,,,
0.13089445233345032,1.6659966707229614,0.0,0.7042686939239502,0.0,0.936977207660675,0.44721683859825134,1.0749845504760742,3.5252387523651123,38.455814361572266,32,323374,2.772359609603882,,,,,,,,,,,
0.13089445233345032,1.5315380096435547,0.0,0.6415811777114868,0.0,0.8945068120956421,0.4574790298938751,0.681429922580719,3.3475351333618164,46.1425895690918,32,323399,2.786187171936035,,,,,,,,,,,
0.21108613908290863,36.8271598815918,0.0,0.724117636680603,0.0,0.8522977828979492,0.52280193567276,1.3358049392700195,13.999663352966309,57.72208786010742,32,323424,2.786187171936035,,,,,,,,,,,
0.21108613908290863,1.4804483652114868,0.0,0.5866137742996216,0.0,0.7805014848709106,0.518261730670929,0.6439480781555176,3.110013008117676,33.20585250854492,32,323449,3.775707483291626,,,,,,,,,,,
0.11768388003110886,2.3166372776031494,0.0,0.8611502647399902,0.0,0.6636987924575806,0.4831562638282776,0.9572324752807617,3.3666954040527344,53.86712646484375,32,323474,3.775707483291626,,,,,,,,,,,
0.11768388003110886,10.03343391418457,0.0,0.6325434446334839,0.0,0.7006384134292603,0.5357248783111572,1.6662588119506836,5.579575538635254,56.350948333740234,32,323499,3.2861006259918213,,,,,,,,,,,
0.20019571483135223,2.4620699882507324,0.0,0.8666831851005554,0.0,1.3593254089355469,0.5534105896949768,1.6749801635742188,4.877365589141846,45.493038177490234,32,323524,3.2861006259918213,,,,,,,,,,,
0.20019571483135223,6.906275749206543,0.6914061903953552,0.9204181432723999,3.8866195678710938,0.44599515199661255,0.441139817237854,1.2459275722503662,4.364297389984131,69.8287582397461,32,323549,3.7530758380889893,,,,,,,,,,,
0.1068088561296463,2.7907772064208984,0.6914061903953552,0.702957034111023,3.178205966949463,1.4681568145751953,0.42281872034072876,1.1949083805084229,4.93110466003418,57.29425811767578,32,323574,3.7530758380889893,,,,,,,,,,,
0.1068088561296463,1.4642633199691772,0.0,0.7522265911102295,0.0,1.1051089763641357,0.4549108147621155,0.7928582429885864,3.8566343784332275,44.309356689453125,32,323599,3.7794883251190186,,,,,,,,,,,
0.19396552443504333,3.1244242191314697,0.6914051175117493,0.42830342054367065,2.8526358604431152,0.006480162497609854,0.3458485007286072,0.9741451740264893,1.7529659271240234,4.637911796569824,32,323624,3.7794883251190186,,,,,,,,,,,
0.19396552443504333,3.1697733402252197,0.6914061307907104,0.9360228776931763,2.9830541610717773,0.10786635428667068,0.5240296721458435,2.384855270385742,2.656548023223877,29.701108932495117,32,323649,2.283867120742798,,,,,,,,,,,
1.3099089860916138,1.0136100053787231,0.69140625,0.8909226059913635,3.034040689468384,1.1132835149765015,0.42861849069595337,0.5904090404510498,3.8805315494537354,62.088504791259766,32,323674,2.283867120742798,,,,,,,,,,,
1.3099089860916138,2.975059747695923,0.0,0.5971307158470154,0.0,0.04060991108417511,0.5473899841308594,1.493592619895935,2.118258476257324,6.698521614074707,32,323699,3.7553486824035645,,,,,,,,,,,
0.18081550300121307,1.6230237483978271,0.0,0.6273853778839111,0.0,0.9190645813941956,0.3183703124523163,0.47639214992523193,3.270792007446289,38.97598648071289,32,323724,3.7553486824035645,,,,,,,,,,,
0.18081550300121307,1.9810736179351807,0.69140625,0.8804926872253418,3.636784315109253,0.5610800981521606,0.5000790357589722,0.7798111438751221,3.1334218978881836,46.37041091918945,32,323749,3.2592341899871826,,,,,,,,,,,
0.1002381443977356,0.7209841012954712,0.0,1.2345893383026123,0.0,1.0149364471435547,0.44532647728919983,0.239328071475029,3.926084041595459,33.54447555541992,32,323774,3.2592341899871826,,,,,,,,,,,
0.1002381443977356,1.5925477743148804,0.6914061307907104,0.7459174394607544,3.087000846862793,0.9186162948608398,0.5269725918769836,0.7031697034835815,3.6187570095062256,41.4185676574707,32,323799,2.792466878890991,,,,,,,,,,,
0.19618013501167297,0.9273353815078735,0.0,0.6989771127700806,0.0,1.4131015539169312,0.30485299229621887,0.36641210317611694,4.10823392868042,65.73174285888672,32,323824,2.792466878890991,,,,,,,,,,,
0.19618013501167297,1.255825161933899,0.69140625,0.7594833374023438,2.753716230392456,1.0315488576889038,0.36883464455604553,1.001715064048767,3.59570050239563,57.53120803833008,32,323849,2.2878806591033936,,,,,,,,,,,
0.10491056740283966,1.9240388870239258,0.0,0.8128384947776794,0.0,0.9689877033233643,0.5127108097076416,1.2275197505950928,3.8407363891601562,47.66228485107422,32,323874,2.2878806591033936,,,,,,,,,,,
0.10491056740283966,2.359469175338745,0.0,0.8940975666046143,0.0,0.5636031627655029,0.0003906253259629011,1.2418835163116455,2.7295351028442383,39.74263000488281,32,323899,2.2902660369873047,,,,,,,,,,,
0.21433210372924805,2.8719701766967773,0.0,0.5860158801078796,0.0,0.006668271962553263,0.5792284607887268,0.28370201587677,2.0401721000671387,13.378302574157715,32,323924,2.2902660369873047,,,,,,,,,,,
0.21433210372924805,1.07463538646698,0.6914026141166687,0.19519191980361938,1.6821491718292236,0.008005374111235142,0.36593079566955566,0.42380857467651367,0.9163455963134766,1.587157130241394,32,323949,3.2634809017181396,,,,,,,,,,,
0.10544732213020325,1.2715232372283936,0.69140625,0.8898941278457642,3.2875168323516846,0.33430132269859314,0.46295514702796936,1.2851649522781372,2.435784101486206,38.9725456237793,32,323974,3.2634809017181396,,,,,,,,,,,
0.10544732213020325,1.915649652481079,0.6914061307907104,0.468281626701355,2.504456043243408,1.1556451320648193,0.3200944662094116,0.5161492228507996,3.699406147003174,33.905616760253906,32,323999,3.772639513015747,,,,,,,,,,,
0.19322507083415985,2.2094976902008057,0.0,0.6461000442504883,0.0,1.1571247577667236,0.6130766272544861,0.24837058782577515,4.236275672912598,35.695491790771484,32,324024,3.772639513015747,,,,,,,,,,,
0.19322507083415985,1.790663719177246,0.0,0.7638920545578003,0.0,0.8337374329566956,0.5452618598937988,1.619579792022705,3.5138278007507324,32.39589309692383,32,324049,3.2769408226013184,,,,,,,,,,,
0.12733769416809082,1.302720308303833,0.6914061903953552,0.6188139915466309,2.5600645542144775,0.8030927777290344,0.42021721601486206,1.1599080562591553,3.061633586883545,44.89236068725586,32,324074,3.2769408226013184,,,,,,,,,,,
0.12733769416809082,1.2676777839660645,0.69140625,1.8314696550369263,3.0657589435577393,0.6578568816184998,0.42405691742897034,1.7447178363800049,3.982201099395752,63.71521759033203,32,324099,3.753042221069336,,,,,,,,,,,
0.18936540186405182,0.9599934816360474,0.6914061903953552,0.6539608836174011,2.6606132984161377,1.0009756088256836,0.42591214179992676,0.2629445195198059,3.396428346633911,54.34285354614258,32,324124,3.753042221069336,,,,,,,,,,,
0.18936540186405182,3.1689112186431885,0.0,0.717821478843689,0.0,0.6834273934364319,0.5622283220291138,1.6381325721740723,3.5975780487060547,23.86363410949707,32,324149,3.280228614807129,,,,,,,,,,,
0.09970761090517044,1.4378196001052856,0.6914061307907104,0.4536755084991455,2.897099256515503,1.1582927703857422,0.3333752453327179,0.49422553181648254,3.563953161239624,41.10151290893555,32,324174,3.280228614807129,,,,,,,,,,,
0.09970761090517044,2.5430445671081543,0.691405713558197,0.5329785346984863,3.1786739826202393,0.916441023349762,0.47907716035842896,0.44206345081329346,3.6396377086639404,15.44167423248291,32,324199,2.2872424125671387,,,,,,,,,,,
0.19751425087451935,3.4921207427978516,0.691405177116394,0.6452347636222839,4.205324649810791,6.728246808052063e-05,0.5480754971504211,0.32361525297164917,2.2831344604492188,6.457679271697998,32,324224,2.2872424125671387,,,,,,,,,,,
0.19751425087451935,2.516587972640991,0.6914061307907104,0.6406232118606567,3.3942630290985107,1.086243987083435,0.4410983920097351,0.9605753421783447,4.043128490447998,39.40754318237305,32,324249,2.7863306999206543,,,,,,,,,,,
0.11930099129676819,1.682478904724121,0.69140625,0.9269441366195679,3.3974292278289795,0.5179619193077087,0.4333544671535492,1.4961884021759033,2.9349403381347656,46.95904541015625,32,324274,2.7863306999206543,,,,,,,,,,,
0.11930099129676819,3.936099052429199,0.0,0.7298424243927002,0.0,0.7125234007835388,0.557473361492157,0.27873891592025757,3.8931925296783447,18.671096801757812,32,324299,2.7782580852508545,,,,,,,,,,,
0.18112929165363312,2.013658285140991,0.0,0.6513127088546753,0.0,1.0991880893707275,0.3897358775138855,0.6151617169380188,3.843522310256958,46.916168212890625,32,324324,2.7782580852508545,,,,,,,,,,,
0.18112929165363312,2.9434616565704346,0.0,0.9444514513015747,0.0,1.0099459886550903,0.4833892285823822,0.7706639766693115,4.330771446228027,27.73046875,32,324349,2.7775814533233643,,,,,,,,,,,
0.10834856331348419,1.6076595783233643,0.0,0.7009084820747375,0.0,0.6994833946228027,0.00043873346294276416,0.4221107065677643,2.5826117992401123,22.216466903686523,32,324374,2.7775814533233643,,,,,,,,,,,
0.10834856331348419,1.3600280284881592,0.6914061307907104,0.7500892877578735,3.6384716033935547,0.7736034393310547,0.3818504512310028,1.3750535249710083,3.123539686203003,39.012996673583984,32,324399,2.2876765727996826,,,,,,,,,,,
0.18026825785636902,1.2977428436279297,0.69140625,1.22372567653656,3.04186749458313,1.156407117843628,0.4252087473869324,0.7123377323150635,4.381490230560303,70.10384368896484,32,324424,2.2876765727996826,,,,,,,,,,,
0.18026825785636902,1.4366073608398438,0.0,0.7551050186157227,0.0,1.3333362340927124,0.36856117844581604,0.5369699001312256,4.221321105957031,64.29724884033203,32,324449,2.7900054454803467,,,,,,,,,,,
0.11157354712486267,1.3406908512115479,0.69140625,0.8841925859451294,3.107691526412964,0.8572806715965271,0.3696300685405731,0.9902756810188293,3.4016683101654053,54.426692962646484,32,324474,2.7900054454803467,,,,,,,,,,,
0.11157354712486267,0.8027809858322144,0.69140625,0.7235909700393677,2.694410800933838,0.33505502343177795,0.3841865360736847,0.2972725033760071,2.045665979385376,32.730655670166016,32,324499,3.7591683864593506,,,,,,,,,,,
0.2208336889743805,1.4659066200256348,0.69140625,0.7188500165939331,2.8945677280426025,0.5904428362846375,0.4294988214969635,0.7861825227737427,2.79795241355896,41.68855285644531,32,324524,3.7591683864593506,,,,,,,,,,,
0.2208336889743805,1.6559865474700928,0.6914061903953552,0.8378840684890747,2.756540298461914,0.8513534069061279,0.41887006163597107,0.48479127883911133,3.4838223457336426,40.9256477355957,32,324549,2.2718329429626465,,,,,,,,,,,
0.10447640717029572,1.4585585594177246,0.6914057731628418,0.37667495012283325,3.789435863494873,0.29263055324554443,0.8328615427017212,0.5740000605583191,2.270259380340576,9.895832061767578,32,324574,2.2718329429626465,,,,,,,,,,,
0.10447640717029572,1.4792022705078125,0.69140625,0.7858109474182129,2.841587543487549,1.2997090816497803,0.45154324173927307,0.4864256680011749,4.308948993682861,68.80839538574219,32,324599,2.2842462062835693,,,,,,,,,,,
0.21510809659957886,1.4682427644729614,0.6914061307907104,0.6284138560295105,2.8516533374786377,0.5577614307403564,0.35125619173049927,0.3232631981372833,2.5641822814941406,26.27505111694336,32,324624,2.2842462062835693,,,,,,,,,,,
0.21510809659957886,2.0477347373962402,0.6914061307907104,0.6457956433296204,2.7744154930114746,1.3074166774749756,0.4773075580596924,0.49473148584365845,4.380001068115234,41.32084655761719,32,324649,2.2870538234710693,,,,,,,,,,,
0.10801909863948822,1.2661399841308594,0.69140625,0.7215023636817932,3.1457958221435547,1.0671637058258057,0.45477357506752014,0.5235751271247864,3.7219033241271973,59.550453186035156,32,324674,2.2870538234710693,,,,,,,,,,,
0.10801909863948822,2.459709644317627,0.6914061307907104,0.615741491317749,2.878441572189331,1.3934094905853271,0.4667550325393677,0.7223646640777588,4.636012554168701,43.24184799194336,32,324699,3.271249532699585,,,,,,,,,,,
0.17940030992031097,1.074750304222107,0.0,0.9235508441925049,0.0,1.5248416662216187,0.43255046010017395,1.5439975261688232,4.728209495544434,75.65135192871094,32,324724,3.271249532699585,,,,,,,,,,,
0.17940030992031097,1.5489118099212646,0.6914060711860657,0.5074267983436584,2.850571393966675,1.4089734554290771,0.3715050518512726,0.23034116625785828,4.19005823135376,33.2575569152832,32,324749,3.280205249786377,,,,,,,,,,,
0.11728627979755402,2.102088212966919,0.0,0.6120337247848511,0.0,1.2161993980407715,0.37989357113838196,0.3800765872001648,4.054952621459961,39.522789001464844,32,324774,3.280205249786377,,,,,,,,,,,
0.11728627979755402,0.9422410726547241,0.0,0.7125934958457947,0.0,0.7160128355026245,0.5547122955322266,0.3461889326572418,2.982003688812256,47.712059020996094,32,324799,3.759586811065674,,,,,,,,,,,
0.24762806296348572,1.947852373123169,0.6914061903953552,0.6035071611404419,2.9317893981933594,1.29996919631958,0.42314356565475464,0.5283176898956299,4.240262508392334,45.86545181274414,32,324824,3.759586811065674,,,,,,,,,,,
0.24762806296348572,2.1725168228149414,0.0,0.688957929611206,0.0,0.5357776284217834,0.4890443682670593,0.7909106016159058,2.9013125896453857,25.458913803100586,32,324849,3.764655828475952,,,,,,,,,,,
0.11051417887210846,1.8153371810913086,0.0,0.6837109327316284,0.0,0.8546055555343628,0.5170878171920776,0.7032138109207153,3.454611301422119,34.372947692871094,32,324874,3.764655828475952,,,,,,,,,,,
0.11051417887210846,2.0216288566589355,0.6914061903953552,0.7274348139762878,2.935859203338623,1.2865869998931885,0.4330488443374634,0.9731417894363403,4.369504928588867,59.9116325378418,32,324899,3.757375717163086,,,,,,,,,,,
0.18111711740493774,1.3256404399871826,0.69140625,0.9196501970291138,3.274477005004883,0.8074933886528015,0.4201253056526184,1.3429960012435913,3.3851990699768066,54.163185119628906,32,324924,3.757375717163086,,,,,,,,,,,
0.18111711740493774,2.1187996864318848,0.0,0.7717377543449402,0.0,0.43749892711639404,0.39716020226478577,0.9738434553146362,2.6795358657836914,32.376953125,32,324949,2.7812047004699707,,,,,,,,,,,
0.12203410267829895,2.35288143157959,0.6914053559303284,0.47756630182266235,2.9554603099823,1.31105637550354,0.45752251148223877,0.8303412199020386,4.292620658874512,12.877861976623535,32,324974,2.7812047004699707,,,,,,,,,,,
0.12203410267829895,1.2815585136413574,0.6914061307907104,0.7764453887939453,2.8103764057159424,0.8626542091369629,0.434615820646286,0.5876922607421875,3.3489410877227783,48.29911422729492,32,324999,3.753164291381836,,,,,,,,,,,
0.1836944818496704,1.1913790702819824,0.6914061903953552,0.8728616237640381,3.1449756622314453,0.7208396792411804,0.5279935598373413,1.1250503063201904,3.231398105621338,51.702369689941406,32,325024,3.753164291381836,,,,,,,,,,,
0.1836944818496704,0.9713035225868225,0.0,0.7665725946426392,0.0,1.2178750038146973,0.44849589467048645,0.45354950428009033,3.942209482192993,63.07535171508789,32,325049,3.764516592025757,,,,,,,,,,,
0.10428638756275177,1.5618364810943604,0.6914060711860657,1.30278480052948,3.2049171924591064,1.3025436401367188,0.5197738409042358,0.7832497954368591,4.928246021270752,40.63935852050781,32,325074,3.764516592025757,,,,,,,,,,,
0.10428638756275177,2.0296013355255127,0.0,0.6609424352645874,0.0,1.00126051902771,0.6445655226707458,1.0773100852966309,3.9169094562530518,24.145450592041016,32,325099,2.7722673416137695,,,,,,,,,,,
0.19357720017433167,2.442194938659668,0.6914061307907104,0.7166579365730286,3.0286545753479004,0.8297016620635986,0.45393696427345276,0.8570916652679443,3.5929434299468994,37.33896255493164,32,325124,2.7722673416137695,,,,,,,,,,,
0.19357720017433167,3.167882204055786,0.0,1.145921230316162,0.0,1.4225969314575195,0.38193362951278687,0.9700784683227539,5.323413372039795,51.06039047241211,32,325149,3.277052640914917,,,,,,,,,,,
0.10076276957988739,1.4220184087753296,0.0,0.8287165760993958,0.0,0.5623190402984619,0.5118447542190552,0.2740558385848999,2.8918046951293945,46.26887512207031,32,325174,3.277052640914917,,,,,,,,,,,
0.10076276957988739,1.134924054145813,0.6914061903953552,0.6304416656494141,2.6863837242126465,1.0230530500411987,0.33081090450286865,0.3429814875125885,3.374699592590332,46.271549224853516,32,325199,2.7788808345794678,,,,,,,,,,,
0.2524619698524475,1.25376296043396,0.6914061903953552,0.5669553279876709,2.8902134895324707,0.7258338332176208,0.30103588104248047,0.21737197041511536,2.7246899604797363,42.56101989746094,32,325224,2.7788808345794678,,,,,,,,,,,
0.2524619698524475,1.4373819828033447,0.0,0.8425291776657104,0.0,0.7674174904823303,0.6791764497756958,0.9105812311172485,3.487755298614502,51.61406707763672,32,325249,3.274096727371216,,,,,,,,,,,
0.10545320808887482,2.1180577278137207,0.6914061903953552,0.8676276206970215,3.0701944828033447,0.6789692044258118,0.35071060061454773,1.4783421754837036,3.242396116256714,44.6933479309082,32,325274,3.274096727371216,,,,,,,,,,,
0.10545320808887482,0.9506132006645203,0.69140625,0.7191029787063599,2.82498836517334,0.6029770374298096,0.4040791392326355,0.5773786902427673,2.6425702571868896,42.281124114990234,32,325299,2.784294366836548,,,,,,,,,,,
0.1962459683418274,2.0433287620544434,0.0,0.9546598196029663,0.0,0.5262612700462341,0.5661316514015198,3.0935211181640625,3.186312675476074,45.621055603027344,32,325324,2.784294366836548,,,,,,,,,,,
0.1962459683418274,2.7907514572143555,0.0,0.7909641265869141,0.0,0.1702568531036377,0.6023702621459961,3.5700857639312744,2.571073532104492,41.137176513671875,32,325349,3.7459816932678223,,,,,,,,,,,
0.10159583389759064,1.262744665145874,0.0,0.9456716775894165,0.0,0.36280912160873413,0.5501298904418945,1.3272793292999268,2.600243091583252,41.60388946533203,32,325374,3.7459816932678223,,,,,,,,,,,
0.10159583389759064,0.7880253195762634,0.6914061903953552,0.6260477304458618,2.4377236366271973,0.8063225746154785,0.3992577791213989,0.1779382973909378,2.898735523223877,46.37976837158203,32,325399,2.771629810333252,,,,,,,,,,,
0.19227169454097748,1.777719259262085,0.0,0.7208055257797241,0.0,0.8740832805633545,0.41790661215782166,0.8653411865234375,3.420194387435913,42.854915618896484,32,325424,2.771629810333252,,,,,,,,,,,
0.19227169454097748,0.9538588523864746,0.69140625,1.0882513523101807,2.7801074981689453,1.223369836807251,0.384699285030365,0.6369800567626953,4.233648777008057,67.7383804321289,32,325449,2.2728350162506104,,,,,,,,,,,
0.10326343029737473,1.018763780593872,0.6914061903953552,0.7560808658599854,2.8009541034698486,0.36385107040405273,0.36074456572532654,0.8715260028839111,2.178166151046753,34.85065841674805,32,325474,2.2728350162506104,,,,,,,,,,,
0.10326343029737473,1.2307097911834717,0.0,0.6910473108291626,0.0,0.567824125289917,0.43188369274139404,0.2899192273616791,2.6277923583984375,36.22161865234375,32,325499,3.292886257171631,,,,,,,,,,,
0.18988479673862457,1.3234914541244507,0.69140625,0.7963136434555054,3.0059874057769775,0.7782901525497437,0.4466388523578644,0.5881484150886536,3.226639986038208,51.62623977661133,32,325524,3.292886257171631,,,,,,,,,,,
0.18988479673862457,2.621626853942871,0.6914057731628418,0.6468877196311951,3.282597303390503,0.4872921407222748,0.7696893811225891,1.699514389038086,3.210475444793701,14.357683181762695,32,325549,2.2946619987487793,,,,,,,,,,,
0.12682151794433594,4.308497428894043,0.0,0.8533858060836792,0.0,0.7677386999130249,0.5132737755775452,0.6770831942558289,4.194686412811279,30.248313903808594,32,325574,2.2946619987487793,,,,,,,,,,,
0.12682151794433594,1.4927425384521484,0.0,0.5722979307174683,0.0,0.9350405931472778,0.4716334939002991,0.621752917766571,3.361835479736328,29.880645751953125,32,325599,2.7728052139282227,,,,,,,,,,,
0.19878561794757843,2.1438372135162354,0.691405713558197,0.41966062784194946,3.682988166809082,2.9472064852598123e-05,0.2866060137748718,0.8988133668899536,1.3863065242767334,6.0427703857421875,32,325624,2.7728052139282227,,,,,,,,,,,
0.19878561794757843,1.5174460411071777,0.6914061903953552,0.7644323110580444,2.986725091934204,1.4454095363616943,0.41412487626075745,0.7020821571350098,4.554477214813232,72.58641815185547,32,325649,2.7864902019500732,,,,,,,,,,,
0.13165615499019623,3.118042469024658,0.6914052963256836,0.5710501074790955,3.917217969894409,0.0,0.3961339592933655,1.492429256439209,1.9417688846588135,6.140412330627441,32,325674,2.7864902019500732,,,,,,,,,,,
0.13165615499019623,3.048421621322632,0.0,1.1875503063201904,0.0,1.400572419166565,0.7075127959251404,0.7118239402770996,5.610734462738037,47.938133239746094,32,325699,2.291300058364868,,,,,,,,,,,
0.18784961104393005,3.172943592071533,0.0,0.8516721725463867,0.0,0.5294526815414429,0.4856347143650055,2.3592991828918457,3.348095417022705,32.287864685058594,32,325724,2.291300058364868,,,,,,,,,,,
0.18784961104393005,2.636155843734741,0.6914055347442627,0.5641661286354065,3.1520328521728516,0.4199126064777374,0.4451623260974884,1.4746744632720947,2.671520709991455,9.632305145263672,32,325749,2.28108811378479,,,,,,,,,,,
0.09780150651931763,2.2441225051879883,0.6914055347442627,0.5464658737182617,3.065953254699707,0.010596978478133678,0.3328080475330353,0.5298044085502625,1.604364275932312,5.321074485778809,32,325774,2.28108811378479,,,,,,,,,,,
0.09780150651931763,2.2776265144348145,0.0,0.45513442158699036,0.0,1.191853812088084e-06,0.6388787031173706,0.37661051750183105,1.7773034572601318,6.883466720581055,32,325799,2.7647104263305664,,,,,,,,,,,
0.18409085273742676,2.4330673217773438,0.6914060711860657,0.602824330329895,3.0527751445770264,1.1547224521636963,0.45339715480804443,0.3286115527153015,4.126114368438721,35.494178771972656,32,325824,2.7647104263305664,,,,,,,,,,,
0.18409085273742676,1.9326825141906738,0.6914061903953552,0.8199069499969482,3.0579912662506104,0.4678496718406677,0.4381635785102844,1.0011897087097168,2.804154634475708,35.13595962524414,32,325849,2.287567138671875,,,,,,,,,,,
1.9408752918243408,1.12992262840271,0.6914061307907104,0.7234048843383789,2.83579683303833,1.2872580289840698,0.35896003246307373,0.45701104402542114,4.0242156982421875,64.387451171875,32,325874,2.287567138671875,,,,,,,,,,,
1.9408752918243408,2.403982400894165,0.0,0.541571855545044,0.0,0.9422912001609802,0.47481539845466614,1.3037497997283936,3.622164249420166,29.426603317260742,32,325899,2.781569719314575,,,,,,,,,,,
0.18856534361839294,2.0529966354370117,0.6914052963256836,0.4566274583339691,2.9674203395843506,2.1453358840517467e-06,0.41758832335472107,0.7791652679443359,1.5197932720184326,4.559379577636719,32,325924,2.781569719314575,,,,,,,,,,,
0.18856534361839294,1.7666189670562744,0.6914061903953552,0.7082182168960571,3.249580144882202,0.7526239156723022,0.3976043164730072,1.2674188613891602,3.1735517978668213,45.104644775390625,32,325949,2.785951852798462,,,,,,,,,,,
0.12154161930084229,3.499452829360962,0.0,0.738642156124115,0.0,1.9560368061065674,0.5603322386741638,1.38438880443573,6.2608842849731445,48.090763092041016,32,325974,2.785951852798462,,,,,,,,,,,
0.12154161930084229,2.110764980316162,0.6914053559303284,0.4750107228755951,3.0968334674835205,0.0,0.43717342615127563,0.8385363221168518,1.5763819217681885,4.984957218170166,32,325999,2.7693426609039307,,,,,,,,,,,
0.18783625960350037,1.2795333862304688,0.69140625,0.6948597431182861,2.938183307647705,1.1558642387390137,0.43507397174835205,0.5758914351463318,3.8549041748046875,56.523990631103516,32,326024,2.7693426609039307,,,,,,,,,,,
0.18783625960350037,2.1148877143859863,0.0,0.7823663949966431,0.0,1.0798521041870117,0.5388713479042053,0.8949586749076843,4.115408420562744,45.45616912841797,32,326049,3.2697575092315674,,,,,,,,,,,
0.09900204837322235,1.1100561618804932,0.69140625,0.7424460649490356,2.737064838409424,0.6092602014541626,0.46330782771110535,0.5218980312347412,2.7846617698669434,44.554588317871094,32,326074,3.2697575092315674,,,,,,,,,,,
0.09900204837322235,3.2177512645721436,0.6914050579071045,0.6566352844238281,4.381439208984375,2.1376090444391593e-05,0.4166583716869354,1.3919203281402588,2.0824761390686035,6.2474284172058105,32,326099,3.251222848892212,,,,,,,,,,,
0.1825646460056305,2.6058146953582764,0.0,0.9050905704498291,0.0,0.5350387096405029,0.43130362033843994,1.5691931247711182,3.188216209411621,39.94823455810547,32,326124,3.251222848892212,,,,,,,,,,,
0.1825646460056305,0.9306056499481201,0.0,0.6856008172035217,0.0,0.797045111656189,0.3445698022842407,0.6668232083320618,2.9034423828125,44.50893020629883,32,326149,3.7632229328155518,,,,,,,,,,,
0.13312554359436035,1.1161723136901855,0.0,0.6510698795318604,0.0,0.2699546813964844,0.46642810106277466,2.880819320678711,1.9922590255737305,31.876144409179688,32,326174,3.7632229328155518,,,,,,,,,,,
0.13312554359436035,1.7772893905639648,0.69140625,0.9473669528961182,2.960629940032959,0.4403095841407776,0.4715477228164673,2.1509435176849365,2.8623270988464355,45.79723358154297,32,326199,4.469372749328613,,,,,,,,,,,
0.1883629709482193,0.8955180644989014,0.0,0.782029390335083,0.0,0.5165214538574219,0.3865712285041809,1.3961223363876343,2.470299005508423,34.050724029541016,32,326224,4.469372749328613,,,,,,,,,,,
0.1883629709482193,2.5766353607177734,0.6914060711860657,0.8549644947052002,3.8561158180236816,0.6035304069519043,0.29349571466445923,1.0916550159454346,3.1670727729797363,19.002437591552734,32,326249,3.259026050567627,,,,,,,,,,,
0.1323809176683426,2.205166816711426,0.6914061903953552,0.7509602308273315,2.9524223804473877,1.291273593902588,0.5092265009880066,0.7822396159172058,4.53380823135376,50.077545166015625,32,326274,3.259026050567627,,,,,,,,,,,
0.1323809176683426,1.1901060342788696,0.0,0.8888714909553528,0.0,1.0115736722946167,0.4998595416545868,0.8536738157272339,3.7689101696014404,60.30256271362305,32,326299,2.2859649658203125,,,,,,,,,,,
0.18580862879753113,0.780777096748352,0.6914061903953552,0.8320896625518799,3.015836000442505,0.6404461860656738,0.4592672884464264,0.4260863661766052,2.8366410732269287,45.38625717163086,32,326324,2.2859649658203125,,,,,,,,,,,
0.18580862879753113,2.845703601837158,0.0,0.6519298553466797,0.0,0.00022273886133916676,0.24551281332969666,0.778360903263092,1.7515993118286133,7.006397247314453,32,326349,2.2675371170043945,,,,,,,,,,,
0.13172957301139832,1.0320916175842285,0.69140625,0.851995587348938,3.011523962020874,0.6660014390945435,0.43050628900527954,0.9820613265037537,2.95424747467041,47.26795959472656,32,326374,2.2675371170043945,,,,,,,,,,,
0.13172957301139832,1.4261282682418823,0.69140625,0.7155499458312988,2.7197375297546387,0.9711094498634338,0.3699181377887726,0.5779160261154175,3.4827229976654053,55.723567962646484,32,326399,2.279552459716797,,,,,,,,,,,
0.2159385234117508,2.3440985679626465,0.0,0.8868480920791626,0.0,0.5112581849098206,0.5271785855293274,2.1449618339538574,3.139772653579712,34.39448928833008,32,326424,2.279552459716797,,,,,,,,,,,
0.2159385234117508,0.9289432764053345,0.69140625,0.6559840440750122,2.8884384632110596,0.2729015052318573,0.3013426959514618,0.37842443585395813,1.8106971979141235,27.875328063964844,32,326449,3.7629127502441406,,,,,,,,,,,
0.11134247481822968,1.7072889804840088,0.69140625,0.6735456585884094,2.8007287979125977,1.0288032293319702,0.3889792561531067,1.0044853687286377,3.660325288772583,46.299861907958984,32,326474,3.7629127502441406,,,,,,,,,,,
0.11134247481822968,0.7398252487182617,0.69140625,0.5225171446800232,2.4499382972717285,1.0041439533233643,0.313166081905365,0.1427948772907257,3.0904181003570557,49.44668960571289,32,326499,2.290717363357544,,,,,,,,,,,
0.1869969666004181,3.254310131072998,0.0,0.6916838884353638,0.0,8.939796316553839e-07,0.3691198527812958,0.5141615271568298,2.0370986461639404,5.389656066894531,32,326524,2.290717363357544,,,,,,,,,,,
0.1869969666004181,3.106585741043091,0.0,0.6164142489433289,0.0,0.7708897590637207,0.4725816547870636,0.685599148273468,3.562751054763794,22.249372482299805,32,326549,3.759572982788086,,,,,,,,,,,
0.1389727145433426,0.9709717631340027,0.0,0.6495912075042725,0.0,0.6237649917602539,0.34114277362823486,0.34182101488113403,2.529555320739746,40.47288513183594,32,326574,3.759572982788086,,,,,,,,,,,
0.1389727145433426,0.8838201761245728,0.0,0.7146463394165039,0.0,0.6801515817642212,0.5320755243301392,0.25067785382270813,2.872170925140381,45.954734802246094,32,326599,2.7718613147735596,,,,,,,,,,,
0.18983766436576843,1.443234920501709,0.0,0.7497556209564209,0.0,1.1642199754714966,0.4824660122394562,0.6967757940292358,3.9936320781707764,45.70920944213867,32,326624,2.7718613147735596,,,,,,,,,,,
0.18983766436576843,1.988020896911621,0.6914061903953552,0.7638859748840332,3.393455982208252,0.495114266872406,0.5110819339752197,1.501157522201538,2.8955371379852295,46.32859420776367,32,326649,2.7829978466033936,,,,,,,,,,,
0.11118479073047638,1.1913167238235474,0.69140625,0.8316012024879456,2.9694619178771973,0.7509698867797852,0.43581727147102356,0.5791459679603577,3.1564478874206543,50.50316619873047,32,326674,2.7829978466033936,,,,,,,,,,,
0.11118479073047638,2.5345871448516846,0.0,1.5311708450317383,0.0,0.7766109704971313,0.49768611788749695,1.311978816986084,4.34245491027832,41.87712097167969,32,326699,3.7791600227355957,,,,,,,,,,,
0.17979231476783752,2.1413207054138184,0.6914061903953552,0.5799565315246582,2.7180676460266113,1.2237566709518433,0.36065271496772766,0.5039914846420288,4.057699680328369,40.373600006103516,32,326724,3.7791600227355957,,,,,,,,,,,
0.17979231476783752,1.0465763807296753,0.6914061307907104,0.7620253562927246,2.9201338291168213,0.622545599937439,0.3959486782550812,0.40086421370506287,2.746239423751831,43.9398307800293,32,326749,2.7757105827331543,,,,,,,,,,,
0.10541141033172607,1.259289264678955,0.0,0.7695943117141724,0.0,0.3643586039543152,0.33791205286979675,0.26888179779052734,2.214010238647461,35.424163818359375,32,326774,2.7757105827331543,,,,,,,,,,,
0.10541141033172607,1.7455459833145142,0.0,0.7990196347236633,0.0,0.8001907467842102,0.5392546653747559,0.8436275124549866,3.4623196125030518,31.160877227783203,32,326799,2.269545078277588,,,,,,,,,,,
0.18683552742004395,1.1629738807678223,0.6914061903953552,0.6287399530410767,2.7545576095581055,0.7639970779418945,0.4140089154243469,0.3520769476890564,2.94718074798584,47.15489196777344,32,326824,2.269545078277588,,,,,,,,,,,
0.18683552742004395,2.1219615936279297,0.0,0.7375403046607971,0.0,1.789154052734375,0.4971121549606323,1.1787586212158203,5.449549198150635,48.436649322509766,32,326849,2.7782108783721924,,,,,,,,,,,
0.11875428259372711,1.1353096961975098,0.69140625,1.173498272895813,2.9473395347595215,1.365112543106079,0.4512392282485962,0.47267603874206543,4.725028991699219,75.6004638671875,32,326874,2.7782108783721924,,,,,,,,,,,
0.11875428259372711,1.6689074039459229,0.0,0.7741658687591553,0.0,0.6436935663223267,0.5207045078277588,1.1053516864776611,3.082929849624634,36.216224670410156,32,326899,3.762099027633667,,,,,,,,,,,
0.2591782808303833,1.322324514389038,0.6914061307907104,0.5244704484939575,2.561586380004883,1.499522089958191,0.38680702447891235,0.21956776082515717,4.332634925842285,56.15736389160156,32,326924,3.762099027633667,,,,,,,,,,,
0.2591782808303833,1.9280955791473389,0.6914061903953552,0.7681276798248291,3.11220645904541,1.175288438796997,0.4074949324131012,1.1453038454055786,4.1357502937316895,46.42367935180664,32,326949,2.283663034439087,,,,,,,,,,,
0.13040584325790405,1.659655213356018,0.0,0.5851987600326538,0.0,0.6732670068740845,0.5547625422477722,0.24759696424007416,2.984391927719116,37.51322555541992,32,326974,2.283663034439087,,,,,,,,,,,
0.13040584325790405,2.112793445587158,0.6914054155349731,0.4418875575065613,3.5736641883850098,2.3837087326228357e-07,0.16553695499897003,1.4470471143722534,1.2769997119903564,4.2353291511535645,32,326999,2.7562999725341797,,,,,,,,,,,
0.2202354222536087,1.2493112087249756,0.6914061903953552,0.6726065874099731,2.7449371814727783,1.0410616397857666,0.3930976688861847,0.3665173351764679,3.550070285797119,53.60488510131836,32,327024,2.7562999725341797,,,,,,,,,,,
0.2202354222536087,1.247403860092163,0.6914061903953552,0.9615856409072876,3.111903429031372,1.0602844953536987,0.3960894048213959,0.30370795726776123,3.8835842609405518,62.13734817504883,32,327049,2.7770252227783203,,,,,,,,,,,
0.11391414701938629,2.7722408771514893,0.0,0.8563814759254456,0.0,1.4239143133163452,0.6459733843803406,0.9193490743637085,5.18185567855835,45.76490783691406,32,327074,2.7770252227783203,,,,,,,,,,,
0.11391414701938629,2.5917415618896484,0.0,0.7257132530212402,0.0,0.03892461583018303,0.7605437636375427,1.2575348615646362,2.3416287899017334,9.069089889526367,32,327099,2.7733452320098877,,,,,,,,,,,
0.20152446627616882,1.0627291202545166,0.6914061307907104,0.763360321521759,3.1544408798217773,1.0934081077575684,0.47770318388938904,0.7732954621315002,3.778242826461792,38.71546936035156,32,327124,2.7733452320098877,,,,,,,,,,,
0.20152446627616882,2.6302733421325684,0.0,0.7780232429504395,0.0,0.8697500824928284,0.4431893229484558,0.6893482804298401,3.7497947216033936,36.54848098754883,32,327149,3.280473470687866,,,,,,,,,,,
0.10362224280834198,1.9976853132247925,0.0,0.7912859916687012,0.0,0.4470951557159424,0.5249438881874084,1.4286317825317383,2.809725761413574,15.643890380859375,32,327174,3.280473470687866,,,,,,,,,,,
0.10362224280834198,1.7789771556854248,0.0,1.1598701477050781,0.0,1.397721290588379,0.5580325126647949,0.47946757078170776,5.047038555145264,50.2173957824707,32,327199,3.7624874114990234,,,,,,,,,,,
0.27812856435775757,2.2630183696746826,0.6914061307907104,0.7854018211364746,3.790548801422119,0.5547028183937073,0.28653427958488464,1.512413501739502,2.8981528282165527,27.187084197998047,32,327224,3.7624874114990234,,,,,,,,,,,
0.27812856435775757,1.717367172241211,0.6914061903953552,0.6722337007522583,2.8384828567504883,1.0301120281219482,0.3815234899520874,0.28380289673805237,3.657576084136963,48.38518524169922,32,327249,3.262498617172241,,,,,,,,,,,
0.1041487604379654,1.097426176071167,0.69140625,0.672576904296875,2.664604902267456,0.5606676936149597,0.4392769932746887,0.2923727035522461,2.5890631675720215,41.425010681152344,32,327274,3.262498617172241,,,,,,,,,,,
0.1041487604379654,1.4730154275894165,0.0,0.814189076423645,0.0,0.6716774106025696,0.5732823014259338,0.6997516751289368,3.1727309226989746,50.763694763183594,32,327299,3.2496819496154785,,,,,,,,,,,
0.18481969833374023,74.79305267333984,0.6914057731628418,0.6812753677368164,3.8732829093933105,3.933112111553783e-06,0.4951190948486328,0.8646268844604492,23.65304946899414,103.10125732421875,32,327324,3.2496819496154785,,,,,,,,,,,
0.18481969833374023,1.6901967525482178,0.0,0.6581721305847168,0.0,1.3133554458618164,0.44586068391799927,0.3225098252296448,4.237802982330322,67.80484771728516,32,327349,2.280278205871582,,,,,,,,,,,
0.10364316403865814,11.336170196533203,0.0,0.700711727142334,0.0,0.7924453020095825,0.7478867769241333,0.9555938839912415,6.434340476989746,30.179733276367188,32,327374,2.280278205871582,,,,,,,,,,,
0.10364316403865814,3.6989662647247314,0.0,0.6586025357246399,0.0,1.4820382595062256,0.5605614185333252,0.3098900020122528,5.292930603027344,43.64662170410156,32,327399,3.770382881164551,,,,,,,,,,,
0.18710969388484955,1.4927563667297363,0.69140625,1.592482328414917,2.959318161010742,1.1558847427368164,0.43687066435813904,0.9622819423675537,4.81854248046875,77.0966796875,32,327424,3.770382881164551,,,,,,,,,,,
0.18710969388484955,6.049313545227051,0.0,0.9349948167800903,0.0,0.7169246673583984,0.6944931149482727,1.6150758266448975,4.878131866455078,56.25735855102539,32,327449,2.7731611728668213,,,,,,,,,,,
0.10348844528198242,20.760997772216797,0.0,0.8051921725273132,0.0,1.110063076019287,0.5518079996109009,2.7867064476013184,9.805426597595215,48.03658676147461,32,327474,2.7731611728668213,,,,,,,,,,,
0.10348844528198242,2.5350799560546875,0.6914049983024597,0.3868587017059326,3.0872137546539307,0.054835520684719086,0.4473300576210022,0.9711014628410339,1.7352559566497803,3.880150318145752,32,327499,2.269763469696045,,,,,,,,,,,
0.17883262038230896,1.7138104438781738,0.6914061307907104,0.5822501182556152,2.7523484230041504,0.9818084239959717,0.4035089612007141,0.4148867130279541,3.4910426139831543,46.4453010559082,32,327524,2.269763469696045,,,,,,,,,,,
0.17883262038230896,1.7670058012008667,0.6914058923721313,0.4980630576610565,3.5451629161834717,0.27724355459213257,0.4588851034641266,0.9995838403701782,2.076988697052002,11.37613582611084,32,327549,3.267610549926758,,,,,,,,,,,
0.11398780345916748,1.7242884635925293,0.6914061903953552,0.6013221740722656,2.840904712677002,1.691427230834961,0.4547083377838135,0.3226333558559418,4.984580039978027,57.484981536865234,32,327574,3.267610549926758,,,,,,,,,,,
0.11398780345916748,1.7658801078796387,0.0,0.8657878041267395,0.0,1.377207636833191,0.40928757190704346,1.3901153802871704,4.5592546463012695,72.94807434082031,32,327599,3.25093674659729,,,,,,,,,,,
0.1842339038848877,1.5362294912338257,0.69140625,0.9215466380119324,3.240365505218506,0.28194332122802734,0.398715615272522,1.3648316860198975,2.3774213790893555,38.03874206542969,32,327624,3.25093674659729,,,,,,,,,,,
0.1842339038848877,2.2369322776794434,0.6914043426513672,0.3133626878261566,2.291351556777954,0.0,0.8555165529251099,0.4854919910430908,1.8628724813461304,3.7257449626922607,32,327649,2.766810894012451,,,,,,,,,,,
0.16955316066741943,2.363790988922119,0.0,0.6291956305503845,0.0,0.5812161564826965,0.4206181764602661,1.7422378063201904,2.9213833808898926,19.378265380859375,32,327674,2.766810894012451,,,,,,,,,,,
0.16955316066741943,1.4206085205078125,0.0,0.2810998857021332,0.0,0.004293511621654034,0.24322853982448578,0.2551857829093933,0.9590979814529419,3.0329341888427734,32,327699,2.768115997314453,,,,,,,,,,,
0.1898563802242279,1.4358420372009277,0.69140625,0.8720430135726929,2.9574038982391357,1.1890203952789307,0.4309212267398834,0.7795092463493347,4.141331672668457,66.26130676269531,32,327724,2.768115997314453,,,,,,,,,,,
0.1898563802242279,1.4141861200332642,0.69140625,0.6145083904266357,2.682396411895752,1.1339926719665527,0.36330345273017883,0.6633920073509216,3.6968770027160645,44.97445297241211,32,327749,3.7690227031707764,,,,,,,,,,,
0.12782755494117737,2.244969367980957,0.6914054155349731,0.48351919651031494,3.237679958343506,8.343120134668425e-05,0.3935958445072174,1.0543993711471558,1.5831495523452759,4.749448776245117,32,327774,3.7690227031707764,,,,,,,,,,,
0.12782755494117737,1.9887712001800537,0.6914061307907104,0.5642811059951782,2.75559139251709,1.4707412719726562,0.4458496570587158,0.487838476896286,4.575800895690918,39.627601623535156,32,327799,3.77660870552063,,,,,,,,,,,
0.18544068932533264,1.7559914588928223,0.0,0.520795464515686,0.0,1.0221028327941895,0.30970966815948486,0.7489504814147949,3.401508331298828,36.94983673095703,32,327824,3.77660870552063,,,,,,,,,,,
0.18544068932533264,1.2504746913909912,0.69140625,0.8169530630111694,3.100712299346924,0.8058409690856934,0.4081297218799591,0.8708354234695435,3.2429141998291016,51.886627197265625,32,327849,2.284250497817993,,,,,,,,,,,
0.10942567139863968,1.494704246520996,0.0,0.6998709440231323,0.0,0.4963759183883667,0.5118944048881531,1.1267836093902588,2.652928590774536,29.779048919677734,32,327874,2.284250497817993,,,,,,,,,,,
0.10942567139863968,0.8432658314704895,0.6914061903953552,0.5508718490600586,2.5302822589874268,0.6999931335449219,0.35896432399749756,0.1805879771709442,2.5881052017211914,41.40968322753906,32,327899,2.291111946105957,,,,,,,,,,,
0.21255087852478027,1.4373022317886353,0.69140625,0.7882399559020996,2.971997022628784,0.6359466314315796,0.3435046970844269,0.7685584425926208,2.864548444747925,45.8327751159668,32,327924,2.291111946105957,,,,,,,,,,,
0.21255087852478027,1.5716147422790527,0.6914061903953552,0.9244635105133057,3.0100314617156982,0.263655424118042,0.4668470025062561,1.3237972259521484,2.420206069946289,38.723297119140625,32,327949,2.7904250621795654,,,,,,,,,,,
0.12778738141059875,2.5075020790100098,0.6914053559303284,0.570820152759552,3.398719310760498,0.014189504086971283,0.5655115246772766,1.905214548110962,1.9509484767913818,5.852845191955566,32,327974,2.7904250621795654,,,,,,,,,,,
0.12778738141059875,1.1337093114852905,0.6914061903953552,1.178423523902893,2.7610530853271484,1.583791732788086,0.3243750333786011,0.41187772154808044,5.038105487823486,60.035953521728516,32,327999,3.276402473449707,,,,,,,,,,,
0.18431100249290466,1.0563170909881592,0.6914061903953552,0.9018408060073853,3.153965711593628,1.1727569103240967,0.3999795615673065,0.9022102952003479,3.9957690238952637,63.93230438232422,32,328024,3.276402473449707,,,,,,,,,,,
0.18431100249290466,1.920026421546936,0.0,1.043624758720398,0.0,1.0175888538360596,0.5402423143386841,0.4729101061820984,4.195052623748779,43.998085021972656,32,328049,3.773939609527588,,,,,,,,,,,
0.09688439965248108,0.841873288154602,0.6914061903953552,1.1257963180541992,2.8376667499542236,0.971828281879425,0.3179442882537842,0.2842152416706085,3.6683359146118164,58.69337463378906,32,328074,3.773939609527588,,,,,,,,,,,
0.09688439965248108,2.233215808868408,0.6914061307907104,0.49824273586273193,2.743098497390747,1.4368820190429688,0.41874197125434875,0.672932505607605,4.488144874572754,39.638221740722656,32,328099,2.278326988220215,,,,,,,,,,,
0.2772822976112366,1.3423700332641602,0.6914061903953552,0.7225534915924072,2.9925811290740967,0.726803719997406,0.36293911933898926,0.473329097032547,2.9717369079589844,47.54779052734375,32,328124,2.278326988220215,,,,,,,,,,,
0.2772822976112366,1.3707764148712158,0.6914061307907104,0.7219264507293701,2.5215566158294678,1.6482863426208496,0.3330855369567871,0.22204360365867615,4.7880330085754395,59.22469711303711,32,328149,2.786794900894165,,,,,,,,,,,
0.10508893430233002,0.5608470439910889,0.69140625,0.650883138179779,2.118961811065674,1.1891453266143799,0.27495333552360535,0.3459383249282837,3.4935708045959473,55.897132873535156,32,328174,2.786794900894165,,,,,,,,,,,
0.10508893430233002,2.9610538482666016,0.0,0.6648980975151062,0.0,1.5886530876159668,0.5508354902267456,0.6032391786575317,5.281355857849121,35.428409576416016,32,328199,2.2881743907928467,,,,,,,,,,,
0.18266022205352783,1.9737308025360107,0.6914047002792358,0.46377694606781006,4.631631851196289,0.003508852794766426,0.7171850800514221,1.1027288436889648,1.8264153003692627,4.083988666534424,32,328224,2.2881743907928467,,,,,,,,,,,
0.18266022205352783,2.2818009853363037,0.0,0.5941797494888306,0.0,0.823095440864563,0.4847729504108429,0.5242899656295776,3.4096839427948,29.528730392456055,32,328249,2.286635637283325,,,,,,,,,,,
0.10829958319664001,1.7226531505584717,0.6914061903953552,0.6649094820022583,2.856785297393799,1.2357020378112793,0.5272119641304016,0.5044020414352417,4.208889484405518,52.40025329589844,32,328274,2.286635637283325,,,,,,,,,,,
0.10829958319664001,2.2938265800476074,0.0,0.6014977693557739,0.0,0.7832934856414795,0.5464937686920166,0.23389598727226257,3.402726411819458,17.01363182067871,32,328299,3.754429578781128,,,,,,,,,,,
0.19608436524868011,0.0,0.0,0.0,0.0,0.08334559202194214,0.00036579169682227075,4.356973171234131,0.16705697774887085,2.6729116439819336,32,328324,3.754429578781128,,,,,,,,,,,
0.19608436524868011,2.219440221786499,0.6914061307907104,0.7522850632667542,3.6101293563842773,0.730724573135376,0.6225066184997559,1.063647985458374,3.5381741523742676,28.08338737487793,32,328349,2.2851767539978027,,,,,,,,,,,
0.15228277444839478,1.7754182815551758,0.0,0.5942111015319824,0.0,0.4655382037162781,0.0005811457522213459,1.1634751558303833,2.0584940910339355,29.688024520874023,32,328374,2.2851767539978027,,,,,,,,,,,
0.15228277444839478,2.011014461517334,0.6914052963256836,0.4310046434402466,2.625025749206543,1.8258599042892456,0.3426758646965027,1.524769902229309,5.054955005645752,16.765390396118164,32,328399,2.7769620418548584,,,,,,,,,,,
0.19535934925079346,1.634420394897461,0.69140625,0.9376105070114136,3.1504976749420166,0.4766640365123749,0.4041914939880371,2.296316146850586,2.8169612884521484,45.071380615234375,32,328424,2.7769620418548584,,,,,,,,,,,
0.19535934925079346,3.03935170173645,0.0,0.823136568069458,0.0,0.7983083724975586,0.7091988921165466,0.4784082770347595,4.040757656097412,37.90566635131836,32,328449,3.2822587490081787,,,,,,,,,,,
0.11150683462619781,1.317610263824463,0.0,0.7354188561439514,0.0,0.6906825304031372,0.4961329698562622,0.7552685737609863,3.008200168609619,32.25935363769531,32,328474,3.2822587490081787,,,,,,,,,,,
0.11150683462619781,2.2842931747436523,0.6914055943489075,0.47872453927993774,3.0116310119628906,6.138644494058099e-06,0.6639348268508911,1.4920655488967896,1.8580758571624756,6.436563491821289,32,328499,3.750401496887207,,,,,,,,,,,
0.20922495424747467,2.334204912185669,0.6914044618606567,0.49543941020965576,3.394805908203125,0.0,0.4427580237388611,1.3541303873062134,1.6724069118499756,4.096543788909912,32,328524,3.750401496887207,,,,,,,,,,,
0.20922495424747467,1.6680691242218018,0.0,0.5399745106697083,0.0,0.8990099430084229,0.5434314608573914,0.2815309762954712,3.3818466663360596,17.572589874267578,32,328549,3.2795886993408203,,,,,,,,,,,
0.1338845193386078,2.2655205726623535,0.0,0.7790145874023438,0.0,0.714164674282074,0.6269546151161194,0.7408929467201233,3.5139546394348145,33.336299896240234,32,328574,3.2795886993408203,,,,,,,,,,,
0.1338845193386078,1.3164112567901611,0.0,0.844137966632843,0.0,0.6227483749389648,0.6260035634040833,1.6921918392181396,3.1105616092681885,48.985172271728516,32,328599,3.2767744064331055,,,,,,,,,,,
0.18846184015274048,0.8440240621566772,0.69140625,0.7424280643463135,2.8174800872802734,1.0118982791900635,0.4724683463573456,1.0630877017974854,3.5200748443603516,56.321197509765625,32,328624,3.2767744064331055,,,,,,,,,,,
0.18846184015274048,1.048642873764038,0.69140625,0.5340724587440491,2.478364944458008,0.461853951215744,0.24332189559936523,0.13430622220039368,2.0404787063598633,32.64765930175781,32,328649,3.763474941253662,,,,,,,,,,,
0.13646815717220306,1.3169904947280884,0.69140625,0.7597253918647766,2.813886880874634,0.8591805696487427,0.41750890016555786,0.4989755153656006,3.318831443786621,53.10130310058594,32,328674,3.763474941253662,,,,,,,,,,,
0.13646815717220306,1.671500325202942,0.0,0.7906433939933777,0.0,0.617394208908081,0.49974027276039124,0.9498143792152405,3.0266222953796387,20.303199768066406,32,328699,2.2973756790161133,,,,,,,,,,,
0.1920805275440216,1.5145471096038818,0.6914060115814209,1.0487366914749146,3.0011980533599854,1.150147557258606,0.5289174318313599,0.4403447210788727,4.362325191497803,27.242712020874023,32,328724,2.2973756790161133,,,,,,,,,,,
0.1920805275440216,1.5005098581314087,0.69140625,0.7898776531219482,2.8937313556671143,0.8757376074790955,0.3961503207683563,1.2804046869277954,3.416593551635742,54.665496826171875,32,328749,2.7789695262908936,,,,,,,,,,,
0.11478108167648315,1.4889615774154663,0.0,0.7836856842041016,0.0,1.0006186962127686,0.6136642098426819,0.657012939453125,3.84527587890625,51.3023796081543,32,328774,2.7789695262908936,,,,,,,,,,,
0.11478108167648315,1.53671395778656,0.6914061307907104,0.6661659479141235,2.983952522277832,0.5994905233383179,0.4603098928928375,0.38044053316116333,2.8163106441497803,33.441837310791016,32,328799,3.2541446685791016,,,,,,,,,,,
0.20767933130264282,2.654920816421509,0.6914057731628418,0.758445143699646,3.411668539047241,0.32923951745033264,0.7152745723724365,1.1308372020721436,2.962791681289673,12.914509773254395,32,328824,3.2541446685791016,,,,,,,,,,,
0.20767933130264282,2.4232630729675293,0.0,0.9602106809616089,0.0,0.5000151991844177,0.5982750654220581,1.756379246711731,3.2854952812194824,43.58702087402344,32,328849,2.2766573429107666,,,,,,,,,,,
0.14730297029018402,2.16269850730896,0.0,0.7100658416748047,0.0,1.4796769618988037,0.5167074203491211,1.0001546144485474,4.834936618804932,51.62299728393555,32,328874,2.2766573429107666,,,,,,,,,,,
0.14730297029018402,1.7787299156188965,0.69140625,0.6355841159820557,2.9097607135772705,1.4127323627471924,0.4334675669670105,0.9509273767471313,4.45723295211792,63.034793853759766,32,328899,2.7804505825042725,,,,,,,,,,,
0.23602472245693207,2.670166492462158,0.6914061307907104,0.8098217844963074,2.957034111022949,0.8583561778068542,0.3951971232891083,1.2447240352630615,3.7523515224456787,37.710662841796875,32,328924,2.7804505825042725,,,,,,,,,,,
0.23602472245693207,2.239265203475952,0.0,0.8988499641418457,0.0,1.1701016426086426,0.6400719285011292,1.560420036315918,4.550904750823975,42.93314743041992,32,328949,2.784686803817749,,,,,,,,,,,
0.10706077516078949,0.602678656578064,0.69140625,0.7418036460876465,2.191566228866577,0.16244694590568542,0.24314573407173157,0.1922108381986618,1.5125625133514404,24.201000213623047,32,328974,2.784686803817749,,,,,,,,,,,
0.10706077516078949,3.2307958602905273,0.0,0.779382586479187,0.0,0.8572377562522888,0.504538357257843,0.557899534702301,3.9676353931427,14.845532417297363,32,328999,3.7492191791534424,,,,,,,,,,,
0.1894989162683487,2.5964303016662598,0.6914051175117493,0.521289587020874,3.4349656105041504,0.0,0.47338932752609253,1.635799527168274,1.807957649230957,4.7834062576293945,32,329024,3.7492191791534424,,,,,,,,,,,
0.1894989162683487,1.7190455198287964,0.6914061903953552,0.633105993270874,2.8626139163970947,1.241393804550171,0.4238048791885376,0.31095075607299805,4.084038257598877,56.590091705322266,32,329049,3.7582430839538574,,,,,,,,,,,
0.2171582132577896,1.0738190412521362,0.0,0.772757887840271,0.0,0.477061927318573,0.0004888407420367002,0.7876200675964355,2.049516201019287,32.792259216308594,32,329074,3.7582430839538574,,,,,,,,,,,
0.2171582132577896,1.050506591796875,0.69140625,0.5688567161560059,2.499187469482422,1.045280933380127,0.34757936000823975,0.1253996342420578,3.347141742706299,53.55426788330078,32,329099,2.779188632965088,,,,,,,,,,,
0.18811659514904022,1.4488999843597412,0.69140625,0.9140110015869141,2.847940444946289,0.7540368437767029,0.4123780131340027,2.2909975051879883,3.297612190246582,52.76179504394531,32,329124,2.779188632965088,,,,,,,,,,,
0.18811659514904022,1.9026055335998535,0.0,0.5311891436576843,0.0,1.1248507499694824,0.3773907721042633,0.37262430787086487,3.7290632724761963,39.64048767089844,32,329149,3.771185874938965,,,,,,,,,,,
0.10395308583974838,2.921213388442993,0.6914061307907104,0.7523419857025146,3.4570608139038086,0.5291922092437744,0.3646067976951599,0.8337544798851013,3.0862679481506348,31.0166072845459,32,329174,3.771185874938965,,,,,,,,,,,
0.10395308583974838,1.9814033508300781,0.0,0.806287944316864,0.0,0.4257214069366455,0.4705599546432495,1.6640849113464355,2.7227115631103516,43.563385009765625,32,329199,2.2875192165374756,,,,,,,,,,,
0.18542338907718658,2.690577983856201,0.0,0.6462868452072144,0.0,1.5839924812316895,0.5006908774375916,0.3642241358757019,5.122136116027832,40.33173751831055,32,329224,2.2875192165374756,,,,,,,,,,,
0.18542338907718658,1.8505085706710815,0.6914061903953552,1.0788800716400146,3.1130926609039307,0.8457697629928589,0.4751887023448944,0.8675248622894287,3.8318920135498047,59.61024856567383,32,329249,2.2877840995788574,,,,,,,,,,,
0.11208808422088623,1.0569016933441162,0.6914061903953552,0.7998909950256348,3.0818030834198,1.3833277225494385,0.5010849237442017,0.29930615425109863,4.415519714355469,70.6483154296875,32,329274,2.2877840995788574,,,,,,,,,,,
0.11208808422088623,2.25188946723938,0.0,0.8876010775566101,0.0,0.8273563385009766,0.5177056789398193,1.4073333740234375,3.735586404800415,51.21977996826172,32,329299,2.786500930786133,,,,,,,,,,,
0.19463808834552765,1.6074631214141846,0.6914057731628418,0.40196406841278076,2.851257085800171,1.1598132848739624,0.38314855098724365,0.20986834168434143,3.6154909133911133,17.712217330932617,32,329324,2.786500930786133,,,,,,,,,,,
0.19463808834552765,0.6896654367446899,0.69140625,0.6774455308914185,2.61704683303833,0.7118038535118103,0.3238597810268402,0.24672840535640717,2.6579830646514893,42.52772903442383,32,329349,3.266834259033203,,,,,,,,,,,
0.10730060935020447,2.0935144424438477,0.0,0.42651525139808655,0.0,0.0,0.6106000542640686,0.6124346256256104,1.6651697158813477,4.405624866485596,32,329374,3.266834259033203,,,,,,,,,,,
0.10730060935020447,1.00650954246521,0.0,0.9659613370895386,0.0,0.5515684485435486,0.4848451018333435,3.7108497619628906,2.855896234512329,45.694339752197266,32,329399,2.2889065742492676,,,,,,,,,,,
0.19844144582748413,2.890474796295166,0.6914054155349731,0.5962677001953125,3.2449584007263184,0.0006395828677341342,0.4528113603591919,1.550050139427185,1.9499502182006836,6.4672532081604,32,329424,2.2889065742492676,,,,,,,,,,,
0.19844144582748413,0.9117467999458313,0.6914061903953552,0.6931204199790955,2.7359890937805176,0.3455160856246948,0.37779849767684937,0.31476688385009766,2.0628349781036377,33.0053596496582,32,329449,3.7604856491088867,,,,,,,,,,,
0.11398816108703613,1.0782644748687744,0.0,0.7439109086990356,0.0,0.6064907908439636,0.33443039655685425,0.2062229961156845,2.614802122116089,41.83683395385742,32,329474,3.7604856491088867,,,,,,,,,,,
0.11398816108703613,2.7268388271331787,0.0,0.8308917284011841,0.0,1.0979849100112915,0.4392229914665222,1.6018242835998535,4.2841362953186035,21.844894409179688,32,329499,2.7661991119384766,,,,,,,,,,,
0.24454565346240997,2.1295089721679688,0.0,0.4811592698097229,0.0,2.197145462036133,0.4832356870174408,0.8900278806686401,5.997539043426514,28.130952835083008,32,329524,2.7661991119384766,,,,,,,,,,,
0.24454565346240997,2.362809896469116,0.6914060711860657,0.8452208042144775,3.5647213459014893,0.8727832436561584,0.47322338819503784,0.8543590307235718,3.8085010051727295,30.229040145874023,32,329549,2.779677152633667,,,,,,,,,,,
0.1110827624797821,2.1381783485412598,0.0,0.834548830986023,0.0,1.016430139541626,0.6412556171417236,0.9566091299057007,4.150117874145508,38.2621955871582,32,329574,2.779677152633667,,,,,,,,,,,
0.1110827624797821,3.05503511428833,0.6914054155349731,0.63225257396698,4.104516506195068,1.3835943937301636,0.6606935262680054,0.8277453780174255,5.017690658569336,16.64179801940918,32,329599,2.7751219272613525,,,,,,,,,,,
0.19199861586093903,1.2451680898666382,0.69140625,0.7100773453712463,2.7058210372924805,1.0540330410003662,0.4569975733757019,0.32252219319343567,3.6757497787475586,55.74550247192383,32,329624,2.7751219272613525,,,,,,,,,,,
0.19199861586093903,0.4660072326660156,0.69140625,0.587488055229187,2.225701093673706,0.8500715494155884,0.2633570432662964,0.1350012570619583,2.713047504425049,43.40876007080078,32,329649,3.7631921768188477,,,,,,,,,,,
0.11274281144142151,2.5216939449310303,0.0,0.5747010707855225,0.0,1.3048442602157593,0.5929293632507324,0.2791220247745514,4.533827304840088,23.558456420898438,32,329674,3.7631921768188477,,,,,,,,,,,
0.11274281144142151,0.9041139483451843,0.0,0.7877804040908813,0.0,0.516506552696228,0.4090946316719055,0.5759010910987854,2.501122236251831,38.58543395996094,32,329699,2.7663629055023193,,,,,,,,,,,
0.2414461225271225,1.5355675220489502,0.69140625,0.6012958884239197,2.7403907775878906,1.1791812181472778,0.35131993889808655,0.40166470408439636,3.7990524768829346,49.679054260253906,32,329724,2.7663629055023193,,,,,,,,,,,
0.2414461225271225,1.1439781188964844,0.69140625,0.890052080154419,2.8977863788604736,0.7713998556137085,0.3556673526763916,0.24615705013275146,3.1606905460357666,50.571048736572266,32,329749,2.285135507583618,,,,,,,,,,,
0.10779085755348206,2.503174304962158,0.0,0.6296048164367676,0.0,0.1292480230331421,0.6327654719352722,0.5938504934310913,2.2718186378479004,14.004430770874023,32,329774,2.285135507583618,,,,,,,,,,,
0.10779085755348206,1.398214340209961,0.0,0.6998071670532227,0.0,0.9270678162574768,0.493279367685318,0.658124566078186,3.466686725616455,53.14330291748047,32,329799,3.282813310623169,,,,,,,,,,,
0.1920669972896576,0.8132185935974121,0.6914061903953552,0.7631351947784424,2.8020567893981934,1.2258607149124146,0.3778983950614929,0.7919442653656006,3.864741325378418,61.83586120605469,32,329824,3.282813310623169,,,,,,,,,,,
0.1920669972896576,2.7355096340179443,0.691405177116394,0.5672869682312012,3.1263444423675537,0.0,0.5671483278274536,1.1713228225708008,1.986351728439331,5.959054946899414,32,329849,2.2896382808685303,,,,,,,,,,,
0.11484678834676743,2.999070882797241,0.6914060711860657,0.6042420864105225,3.1366653442382812,1.0819116830825806,0.3793438971042633,0.9494360089302063,4.078497409820557,26.11512565612793,32,329874,2.2896382808685303,,,,,,,,,,,
0.11484678834676743,1.6833404302597046,0.6914061903953552,0.8070259094238281,2.9115452766418457,0.44142627716064453,0.46114084124565125,1.1510707139968872,2.6851370334625244,39.003868103027344,32,329899,2.283299684524536,,,,,,,,,,,
5.787651538848877,1.9542158842086792,0.6914061903953552,0.7512885332107544,3.1994423866271973,0.7178794741630554,0.5985210537910461,2.4030332565307617,3.403827667236328,54.46124267578125,32,329924,2.283299684524536,,,,,,,,,,,
5.787651538848877,0.9157533049583435,0.0,2.1329376697540283,0.0,0.8523942232131958,0.47538667917251587,0.5838176012039185,4.587838649749756,73.4054183959961,32,329949,3.2683863639831543,,,,,,,,,,,
0.10869733989238739,0.7637783885002136,0.0,0.8008997440338135,0.0,1.0643575191497803,0.37721318006515503,0.24540790915489197,3.535961389541626,56.575382232666016,32,329974,3.2683863639831543,,,,,,,,,,,
0.10869733989238739,0.8906157612800598,0.6914061903953552,0.6761765480041504,2.7612392902374268,0.664696216583252,0.37187397480010986,0.6310225129127502,2.6722402572631836,42.75584411621094,32,329999,3.23268985748291,,,,,,,,,,,
,,,,,,,,,,32,329999,,2.196826457977295,0.3917507827281952,0.7250374555587769,1.698677897453308,0.8075004816055298,0.4506751000881195,0.9477664828300476,3.4667530059814453,38.313331604003906,0.6721593737602234,5.3265228271484375
