left_pdb_id,right_pdb_id,query_pdb_id,query_label_chain_id,subject_pdb_id,subject_label_chain_id,retained_residue_count,d_bri_mA,trivial_m1,query_chain_found,subject_chain_found,raw_xyz_equal,raw_full_equal,sequence_equal,query_backbone_complete_residue_count,subject_backbone_complete_residue_count,alignment_available,alignment_rmsd_A,alignment_max_atom_deviation_A,alignment_mean_atom_deviation_A,backbone_b_equal,backbone_b_max_abs_delta,backbone_occupancy_equal
148l,4jna,148l,B,4jna,D,1,4,True,,,,,,,,False,,,,,,
148l,6wuu,148l,B,6wuu,G,1,10,True,,,,,,,,False,,,,,,
148l,8ti6,148l,B,8ti6,B,1,8,True,,,,,,,,False,,,,,,
148l,9ex5,148l,B,9ex5,I,1,4,True,,,,,,,,False,,,,,,
1a07,8vje,1a07,D,8vje,B,1,6,True,,,,,,,,False,,,,,,
1a08,1a1a,1a08,B,1a1a,D,1,6,True,,,,,,,,False,,,,,,
1a08,1hhc,1a08,B,1hhc,B,1,10,True,,,,,,,,False,,,,,,
1a08,3ah8,1a08,D,3ah8,D,1,8,True,,,,,,,,False,,,,,,
1a08,4y6v,1a08,D,4y6v,CA,1,10,True,,,,,,,,False,,,,,,
1a08,5d5e,1a08,D,5d5e,B,1,9,True,,,,,,,,False,,,,,,
1a08,6psa,1a08,D,6psa,A,1,7,True,,,,,,,,False,,,,,,
1a08,6tdb,1a08,D,6tdb,F,1,10,True,,,,,,,,False,,,,,,
1a08,6wx4,1a08,B,6wx4,B,1,10,True,,,,,,,,False,,,,,,
1a08,7new,1a08,D,7new,H,1,10,True,,,,,,,,False,,,,,,
1a08,7u0e,1a08,D,7u0e,C,1,10,True,,,,,,,,False,,,,,,
1a08,7z3u,1a08,D,7z3u,D,1,7,True,,,,,,,,False,,,,,,
1a08,8s9z,1a08,D,8s9z,B,1,6,True,,,,,,,,False,,,,,,
1a08,9ehn,1a08,D,9ehn,C,1,8,True,,,,,,,,False,,,,,,
1a08,9emz,1a08,D,9emz,F,1,10,True,,,,,,,,False,,,,,,
1a09,1hh3,1a09,B,1hh3,A,1,7,True,,,,,,,,False,,,,,,
1a09,1hhc,1a09,D,1hhc,B,1,9,True,,,,,,,,False,,,,,,
1a09,1hhz,1a09,D,1hhz,E,1,10,True,,,,,,,,False,,,,,,
1a09,1sho,1a09,B,1sho,B,1,8,True,,,,,,,,False,,,,,,
1a09,4ttk,1a09,B,4ttk,A,1,4,True,,,,,,,,False,,,,,,
1a09,6cnu,1a09,B,6cnu,A,1,4,True,,,,,,,,False,,,,,,
1a09,8pwj,1a09,B,8pwj,A,1,9,True,,,,,,,,False,,,,,,
1a09,9ex5,1a09,D,9ex5,E,1,9,True,,,,,,,,False,,,,,,
1a1a,1a1c,1a1a,B,1a1c,C,1,10,True,,,,,,,,False,,,,,,
1a1a,1a1c,1a1a,B,1a1c,D,1,7,True,,,,,,,,False,,,,,,
1a1a,1t6o,1a1a,B,1t6o,B,1,9,True,,,,,,,,False,,,,,,
1a1a,3g3p,1a1a,B,3g3p,C,1,9,True,,,,,,,,False,,,,,,
1a1a,3rc0,1a1a,B,3rc0,D,1,8,True,,,,,,,,False,,,,,,
1a1a,4gr7,1a1a,B,4gr7,A,1,10,True,,,,,,,,False,,,,,,
1a1a,4o46,1a1a,B,4o46,L,1,10,True,,,,,,,,False,,,,,,
1a1a,5etf,1a1a,B,5etf,B,1,8,True,,,,,,,,False,,,,,,
1a1a,6e8m,1a1a,B,6e8m,B,1,8,True,,,,,,,,False,,,,,,
1a1a,6fcs,1a1a,B,6fcs,B,1,10,True,,,,,,,,False,,,,,,
1a1a,6fms,1a1a,B,6fms,H,1,10,True,,,,,,,,False,,,,,,
1a1a,7axs,1a1a,B,7axs,B,1,8,True,,,,,,,,False,,,,,,
1a1a,8ano,1a1a,B,8ano,G,1,10,True,,,,,,,,False,,,,,,
1a1a,8vjw,1a1a,B,8vjw,D,1,9,True,,,,,,,,False,,,,,,
1a1a,9i24,1a1a,D,9i24,D,1,10,True,,,,,,,,False,,,,,,
1a1b,1go6,1a1b,D,1go6,C,1,8,True,,,,,,,,False,,,,,,
1a1b,1hhf,1a1b,D,1hhf,B,1,6,True,,,,,,,,False,,,,,,
1a1b,1hhf,1a1b,D,1hhf,D,1,8,True,,,,,,,,False,,,,,,
1a1b,4dg4,1a1b,D,4dg4,C,1,9,True,,,,,,,,False,,,,,,
1a1b,4ucb,1a1b,D,4ucb,D,1,7,True,,,,,,,,False,,,,,,
1a1b,5m2h,1a1b,B,5m2h,A,1,10,True,,,,,,,,False,,,,,,
1a1b,6wuu,1a1b,D,6wuu,E,1,10,True,,,,,,,,False,,,,,,
1a1b,7lkc,1a1b,D,7lkc,B,1,6,True,,,,,,,,False,,,,,,
1a1b,8pxy,1a1b,D,8pxy,B,1,10,True,,,,,,,,False,,,,,,
1a1c,1sho,1a1c,D,1sho,A,1,10,True,,,,,,,,False,,,,,,
1a1c,1t6o,1a1c,D,1t6o,B,1,9,True,,,,,,,,False,,,,,,
1a1c,3che,1a1c,D,3che,C,1,9,True,,,,,,,,False,,,,,,
1a1c,3g3p,1a1c,D,3g3p,C,1,2,True,,,,,,,,False,,,,,,
1a1c,3l35,1a1c,D,3l35,D,1,6,True,,,,,,,,False,,,,,,
1a1c,3rc0,1a1c,D,3rc0,D,1,5,True,,,,,,,,False,,,,,,
1a1c,3s8l,1a1c,D,3s8l,B,1,7,True,,,,,,,,False,,,,,,
1a1c,4fln,1a1c,D,4fln,F,1,10,True,,,,,,,,False,,,,,,
1a1c,4gr7,1a1c,D,4gr7,A,1,10,True,,,,,,,,False,,,,,,
1a1c,4o46,1a1c,D,4o46,L,1,9,True,,,,,,,,False,,,,,,
1a1c,4qg1,1a1c,D,4qg1,A,1,5,True,,,,,,,,False,,,,,,
1a1c,4uca,1a1c,D,4uca,C,1,7,True,,,,,,,,False,,,,,,
1a1c,5dir,1a1c,D,5dir,G,1,9,True,,,,,,,,False,,,,,,
1a1c,5etf,1a1c,D,5etf,B,1,5,True,,,,,,,,False,,,,,,
1a1c,6e8m,1a1c,D,6e8m,B,1,7,True,,,,,,,,False,,,,,,
1a1c,6fcs,1a1c,D,6fcs,B,1,8,True,,,,,,,,False,,,,,,
1a1c,6fms,1a1c,D,6fms,H,1,6,True,,,,,,,,False,,,,,,
1a1c,6g8k,1a1c,D,6g8k,B,1,6,True,,,,,,,,False,,,,,,
1a1c,7axs,1a1c,C,7axs,B,1,7,True,,,,,,,,False,,,,,,
1a1c,8ano,1a1c,D,8ano,G,1,4,True,,,,,,,,False,,,,,,
1a1c,8aoo,1a1c,D,8aoo,G,1,10,True,,,,,,,,False,,,,,,
1a1c,8sou,1a1c,D,8sou,B,1,6,True,,,,,,,,False,,,,,,
1a1c,8t5p,1a1c,D,8t5p,I,1,9,True,,,,,,,,False,,,,,,
1a1c,8vjw,1a1c,D,8vjw,D,1,2,True,,,,,,,,False,,,,,,
1a1e,8hop,1a1e,D,8hop,D,1,9,True,,,,,,,,False,,,,,,
1a1e,8vjd,1a1e,C,8vjd,D,1,10,True,,,,,,,,False,,,,,,
1a7z,7ajz,1a7z,A,7ajz,C,1,4,True,,,,,,,,False,,,,,,
1a7z,7aku,1a7z,B,7aku,B,1,9,True,,,,,,,,False,,,,,,
1a7z,7zb0,1a7z,A,7zb0,G,1,9,True,,,,,,,,False,,,,,,
1aa5,1ghg,1aa5,A,1ghg,C,1,10,True,,,,,,,,False,,,,,,
1aa5,1qd8,1aa5,A,1qd8,A,1,7,True,,,,,,,,False,,,,,,
1aa5,4jj8,1aa5,A,4jj8,D,1,4,True,,,,,,,,False,,,,,,
1aa5,4knl,1aa5,A,4knl,E,1,5,True,,,,,,,,False,,,,,,
1aa5,5b6l,1aa5,A,5b6l,B,1,3,True,,,,,,,,False,,,,,,
1aa5,5dir,1aa5,A,5dir,E,1,7,True,,,,,,,,False,,,,,,
1aa5,5efk,1aa5,A,5efk,B,1,8,True,,,,,,,,False,,,,,,
1aa5,6fms,1aa5,A,6fms,E,1,7,True,,,,,,,,False,,,,,,
1aa5,6fms,1aa5,A,6fms,F,1,7,True,,,,,,,,False,,,,,,
1aa5,6fms,1aa5,A,6fms,G,1,6,True,,,,,,,,False,,,,,,
1aa5,7axp,1aa5,A,7axp,B,1,9,True,,,,,,,,False,,,,,,
1aa5,7lkc,1aa5,A,7lkc,A,1,10,True,,,,,,,,False,,,,,,
1aa5,7nxe,1aa5,A,7nxe,C,1,3,True,,,,,,,,False,,,,,,
1axd,1zea,1axd,C,1zea,C,1,8,True,,,,,,,,False,,,,,,
1axd,2xdw,1axd,D,2xdw,B,1,8,True,,,,,,,,False,,,,,,
1axd,7f0f,1axd,C,7f0f,B,1,7,True,,,,,,,,False,,,,,,
1axd,7ofv,1axd,D,7ofv,B,1,5,True,,,,,,,,False,,,,,,
1axd,9qbe,1axd,D,9qbe,FA,1,5,True,,,,,,,,False,,,,,,
1bmf,2w6i,1bmf,E,2w6i,E,466,7,False,True,True,False,False,True,466,466,True,0.00480666392554586,0.01061970242890319,0.0042005319047007375,False,77.2,True
1bmf,2w6i,1bmf,F,2w6i,F,466,6,False,True,True,False,False,True,466,466,True,0.005013582785964044,0.010687878817743749,0.004372871941238184,False,64.28,True
1bmf,2w6i,1bmf,D,2w6i,D,467,6,False,True,True,False,False,True,467,467,True,0.00505223161642575,0.010993955790947554,0.00449247385530932,False,63.06999999999999,True
1bmf,2w6i,1bmf,A,2w6i,A,487,6,False,True,True,False,False,False,487,487,True,0.005064047226296965,0.011588224119940396,0.004440378660087714,False,76.13,True
1bmf,2w6i,1bmf,C,2w6i,C,492,6,False,True,True,False,False,False,492,492,True,0.005250708514433694,0.013963105190181358,0.004587167501626972,False,72.31,True
1bx9,1ghg,1bx9,B,1ghg,C,1,10,True,,,,,,,,False,,,,,,
1bx9,3e7a,1bx9,B,3e7a,C,1,6,True,,,,,,,,False,,,,,,
1bx9,6df1,1bx9,B,6df1,C,1,10,True,,,,,,,,False,,,,,,
1bx9,7axp,1bx9,B,7axp,B,1,10,True,,,,,,,,False,,,,,,
1bx9,7lfu,1bx9,B,7lfu,B,1,9,True,,,,,,,,False,,,,,,
1bx9,9j3s,1bx9,B,9j3s,B,1,7,True,,,,,,,,False,,,,,,
1c0q,1go6,1c0q,B,1go6,L,1,10,True,,,,,,,,False,,,,,,
1c0q,1hhz,1c0q,B,1hhz,C,1,9,True,,,,,,,,False,,,,,,
1c0q,3uw4,1c0q,A,3uw4,B,1,9,True,,,,,,,,False,,,,,,
1c0q,6wm1,1c0q,B,6wm1,D,1,9,True,,,,,,,,False,,,,,,
1c0r,1go6,1c0r,A,1go6,G,1,10,True,,,,,,,,False,,,,,,
1c0r,1go6,1c0r,A,1go6,K,1,6,True,,,,,,,,False,,,,,,
1c0r,2r5d,1c0r,A,2r5d,D,1,6,True,,,,,,,,False,,,,,,
1c0r,3mbu,1c0r,A,3mbu,B,1,9,True,,,,,,,,False,,,,,,
1c0r,3mgn,1c0r,B,3mgn,H,1,10,True,,,,,,,,False,,,,,,
1c0r,5nf0,1c0r,A,5nf0,F,1,10,True,,,,,,,,False,,,,,,
1c0r,8g82,1c0r,B,8g82,C,1,9,True,,,,,,,,False,,,,,,
1c0r,8s6t,1c0r,B,8s6t,C,1,10,True,,,,,,,,False,,,,,,
1czi,1eyx,1czi,B,1eyx,F,1,10,True,,,,,,,,False,,,,,,
1czi,1fvm,1czi,B,1fvm,C,1,6,True,,,,,,,,False,,,,,,
1czi,1hhz,1czi,B,1hhz,E,1,9,True,,,,,,,,False,,,,,,
1czi,2r5b,1czi,B,2r5b,E,1,9,True,,,,,,,,False,,,,,,
1czi,3che,1czi,B,3che,C,1,9,True,,,,,,,,False,,,,,,
1czi,3chf,1czi,B,3chf,D,1,4,True,,,,,,,,False,,,,,,
1czi,3s8l,1czi,B,3s8l,B,1,8,True,,,,,,,,False,,,,,,
1czi,4gr7,1czi,B,4gr7,A,1,8,True,,,,,,,,False,,,,,,
1czi,4o46,1czi,B,4o46,L,1,6,True,,,,,,,,False,,,,,,
1czi,5etf,1czi,B,5etf,B,1,10,True,,,,,,,,False,,,,,,
1czi,5mfk,1czi,B,5mfk,D,1,8,True,,,,,,,,False,,,,,,
1czi,5tdb,1czi,B,5tdb,B,1,9,True,,,,,,,,False,,,,,,
1czi,6fcs,1czi,B,6fcs,B,1,7,True,,,,,,,,False,,,,,,
1czi,6g8k,1czi,B,6g8k,B,1,9,True,,,,,,,,False,,,,,,
1czi,6tdb,1czi,B,6tdb,F,1,9,True,,,,,,,,False,,,,,,
1czi,6wuu,1czi,B,6wuu,F,1,4,True,,,,,,,,False,,,,,,
1czi,7u0e,1czi,B,7u0e,C,1,10,True,,,,,,,,False,,,,,,
1czi,8vpe,1czi,B,8vpe,B,1,10,True,,,,,,,,False,,,,,,
1d5x,1mcr,1d5x,D,1mcr,C,1,10,True,,,,,,,,False,,,,,,
1eb1,6fcr,1eb1,D,6fcr,C,1,2,True,,,,,,,,False,,,,,,
1eyx,1ghg,1eyx,F,1ghg,B,1,9,True,,,,,,,,False,,,,,,
1eyx,1hhz,1eyx,F,1hhz,E,1,9,True,,,,,,,,False,,,,,,
1eyx,1t6o,1eyx,F,1t6o,B,1,8,True,,,,,,,,False,,,,,,
1eyx,3qxy,1eyx,F,3qxy,B,1,5,True,,,,,,,,False,,,,,,
1eyx,3s8l,1eyx,F,3s8l,B,1,10,True,,,,,,,,False,,,,,,
1eyx,4dg4,1eyx,F,4dg4,D,1,6,True,,,,,,,,False,,,,,,
1eyx,4gr7,1eyx,F,4gr7,A,1,7,True,,,,,,,,False,,,,,,
1eyx,4o46,1eyx,F,4o46,L,1,8,True,,,,,,,,False,,,,,,
1eyx,4z33,1eyx,F,4z33,C,1,5,True,,,,,,,,False,,,,,,
1eyx,4zkr,1eyx,F,4zkr,B,1,4,True,,,,,,,,False,,,,,,
1eyx,5mfk,1eyx,F,5mfk,D,1,6,True,,,,,,,,False,,,,,,
1eyx,5nwk,1eyx,F,5nwk,P,1,4,True,,,,,,,,False,,,,,,
1eyx,5tdb,1eyx,F,5tdb,B,1,7,True,,,,,,,,False,,,,,,
1eyx,6fcs,1eyx,F,6fcs,B,1,9,True,,,,,,,,False,,,,,,
1eyx,6fvn,1eyx,F,6fvn,D,1,5,True,,,,,,,,False,,,,,,
1eyx,6fvn,1eyx,F,6fvn,F,1,4,True,,,,,,,,False,,,,,,
1eyx,6tdb,1eyx,F,6tdb,F,1,5,True,,,,,,,,False,,,,,,
1eyx,6wuu,1eyx,F,6wuu,F,1,6,True,,,,,,,,False,,,,,,
1eyx,7new,1eyx,F,7new,H,1,8,True,,,,,,,,False,,,,,,
1eyx,7u0e,1eyx,F,7u0e,C,1,8,True,,,,,,,,False,,,,,,
1eyx,8vjw,1eyx,F,8vjw,F,1,5,True,,,,,,,,False,,,,,,
1eyx,8vpe,1eyx,F,8vpe,B,1,4,True,,,,,,,,False,,,,,,
1eyx,8ysa,1eyx,F,8ysa,B,1,6,True,,,,,,,,False,,,,,,
1fvm,2r3c,1fvm,D,2r3c,C,1,8,True,,,,,,,,False,,,,,,
1fvm,2r3c,1fvm,F,2r3c,C,1,8,True,,,,,,,,False,,,,,,
1fvm,2r5b,1fvm,C,2r5b,E,1,10,True,,,,,,,,False,,,,,,
1fvm,3azq,1fvm,A,3azq,C,1,10,True,,,,,,,,False,,,,,,
1fvm,3azq,1fvm,B,3azq,C,1,6,True,,,,,,,,False,,,,,,
1fvm,3azq,1fvm,C,3azq,D,1,9,True,,,,,,,,False,,,,,,
1fvm,3azq,1fvm,D,3azq,D,1,9,True,,,,,,,,False,,,,,,
1fvm,3che,1fvm,C,3che,C,1,4,True,,,,,,,,False,,,,,,
1fvm,3chf,1fvm,C,3chf,D,1,10,True,,,,,,,,False,,,,,,
1fvm,3h5r,1fvm,D,3h5r,G,1,10,True,,,,,,,,False,,,,,,
1fvm,3s8l,1fvm,C,3s8l,B,1,8,True,,,,,,,,False,,,,,,
1fvm,4cvk,1fvm,D,4cvk,B,1,7,True,,,,,,,,False,,,,,,
1fvm,4fzg,1fvm,B,4fzg,EA,1,10,True,,,,,,,,False,,,,,,
1fvm,4gk7,1fvm,E,4gk7,DA,1,7,True,,,,,,,,False,,,,,,
1fvm,4o46,1fvm,C,4o46,L,1,9,True,,,,,,,,False,,,,,,
1fvm,4s1x,1fvm,F,4s1x,F,1,10,True,,,,,,,,False,,,,,,
1fvm,4uca,1fvm,C,4uca,C,1,7,True,,,,,,,,False,,,,,,
1fvm,4ucb,1fvm,E,4ucb,C,1,9,True,,,,,,,,False,,,,,,
1fvm,6fcs,1fvm,C,6fcs,B,1,9,True,,,,,,,,False,,,,,,
1fvm,6rlz,1fvm,D,6rlz,D,1,6,True,,,,,,,,False,,,,,,
1fvm,6wuu,1fvm,C,6wuu,F,1,8,True,,,,,,,,False,,,,,,
1fvm,8t5p,1fvm,C,8t5p,I,1,10,True,,,,,,,,False,,,,,,
1fvm,9qby,1fvm,A,9qby,EA,1,4,True,,,,,,,,False,,,,,,
1fvm,9qby,1fvm,B,9qby,EA,1,6,True,,,,,,,,False,,,,,,
1fvm,9qby,1fvm,B,9qby,HA,1,7,True,,,,,,,,False,,,,,,
1fzi,1mty,1fzi,C,1mty,C,384,3,False,True,True,False,False,True,384,384,True,0.0007048936782808611,0.0013973190337269513,0.0006589535707996398,False,80.23,True
1fzi,1mty,1fzi,D,1mty,D,384,3,False,True,True,False,False,True,384,384,True,0.000712084989498123,0.001414596822113618,0.0006670954253488729,False,55.31,True
1ghg,1go6,1ghg,C,1go6,A,1,9,True,,,,,,,,False,,,,,,
1ghg,1go6,1ghg,C,1go6,G,1,10,True,,,,,,,,False,,,,,,
1ghg,1rrv,1ghg,A,1rrv,C,1,10,True,,,,,,,,False,,,,,,
1ghg,1t6o,1ghg,B,1t6o,B,1,7,True,,,,,,,,False,,,,,,
1ghg,3azq,1ghg,A,3azq,C,1,9,True,,,,,,,,False,,,,,,
1ghg,3h9q,1ghg,A,3h9q,F,1,6,True,,,,,,,,False,,,,,,
1ghg,3ove,1ghg,B,3ove,B,1,10,True,,,,,,,,False,,,,,,
1ghg,3qxy,1ghg,B,3qxy,B,1,8,True,,,,,,,,False,,,,,,
1ghg,3s8o,1ghg,A,3s8o,B,1,9,True,,,,,,,,False,,,,,,
1ghg,4dg4,1ghg,B,4dg4,D,1,5,True,,,,,,,,False,,,,,,
1ghg,4f75,1ghg,C,4f75,D,1,10,True,,,,,,,,False,,,,,,
1ghg,4jj8,1ghg,C,4jj8,D,1,10,True,,,,,,,,False,,,,,,
1ghg,4jna,1ghg,A,4jna,C,1,7,True,,,,,,,,False,,,,,,
1ghg,4jna,1ghg,C,4jna,C,1,10,True,,,,,,,,False,,,,,,
1ghg,4knl,1ghg,C,4knl,E,1,7,True,,,,,,,,False,,,,,,
1ghg,4z33,1ghg,B,4z33,C,1,8,True,,,,,,,,False,,,,,,
1ghg,4zkr,1ghg,B,4zkr,B,1,8,True,,,,,,,,False,,,,,,
1ghg,5lrk,1ghg,A,5lrk,F,1,9,True,,,,,,,,False,,,,,,
1ghg,5nwk,1ghg,B,5nwk,P,1,8,True,,,,,,,,False,,,,,,
1ghg,6fms,1ghg,C,6fms,E,1,8,True,,,,,,,,False,,,,,,
1ghg,6fms,1ghg,C,6fms,F,1,7,True,,,,,,,,False,,,,,,
1ghg,6fms,1ghg,C,6fms,G,1,6,True,,,,,,,,False,,,,,,
1ghg,6fvn,1ghg,B,6fvn,D,1,10,True,,,,,,,,False,,,,,,
1ghg,6fvn,1ghg,B,6fvn,F,1,7,True,,,,,,,,False,,,,,,
1ghg,6tdb,1ghg,B,6tdb,F,1,10,True,,,,,,,,False,,,,,,
1ghg,7nxe,1ghg,C,7nxe,C,1,10,True,,,,,,,,False,,,,,,
1ghg,8hoo,1ghg,C,8hoo,C,1,9,True,,,,,,,,False,,,,,,
1ghg,8sou,1ghg,B,8sou,B,1,10,True,,,,,,,,False,,,,,,
1ghg,8vjw,1ghg,B,8vjw,F,1,6,True,,,,,,,,False,,,,,,
1ghg,8vpe,1ghg,B,8vpe,B,1,9,True,,,,,,,,False,,,,,,
1ghg,8ysa,1ghg,B,8ysa,B,1,6,True,,,,,,,,False,,,,,,
1ghg,9i24,1ghg,B,9i24,D,1,2,True,,,,,,,,False,,,,,,
1go6,1hh3,1go6,A,1hh3,D,1,4,True,,,,,,,,False,,,,,,
1go6,1hhf,1go6,E,1hhf,A,1,10,True,,,,,,,,False,,,,,,
1go6,1hhz,1go6,E,1hhz,B,1,10,True,,,,,,,,False,,,,,,
1go6,1hhz,1go6,I,1hhz,C,1,8,True,,,,,,,,False,,,,,,
1go6,1hhz,1go6,K,1hhz,C,1,10,True,,,,,,,,False,,,,,,
1go6,1hhz,1go6,L,1hhz,C,1,7,True,,,,,,,,False,,,,,,
1go6,2r5d,1go6,G,2r5d,D,1,4,True,,,,,,,,False,,,,,,
1go6,2r5d,1go6,I,2r5d,D,1,10,True,,,,,,,,False,,,,,,
1go6,3h5r,1go6,J,3h5r,H,1,8,True,,,,,,,,False,,,,,,
1go6,3h9q,1go6,C,3h9q,F,1,6,True,,,,,,,,False,,,,,,
1go6,3l37,1go6,G,3l37,B,1,4,True,,,,,,,,False,,,,,,
1go6,3l37,1go6,I,3l37,B,1,10,True,,,,,,,,False,,,,,,
1go6,3mbu,1go6,I,3mbu,B,1,5,True,,,,,,,,False,,,,,,
1go6,3mbu,1go6,K,3mbu,B,1,10,True,,,,,,,,False,,,,,,
1go6,3nzx,1go6,C,3nzx,CA,1,6,True,,,,,,,,False,,,,,,
1go6,4f75,1go6,A,4f75,D,1,1,True,,,,,,,,False,,,,,,
1go6,4jj8,1go6,E,4jj8,C,1,10,True,,,,,,,,False,,,,,,
1go6,4ucb,1go6,C,4ucb,D,1,2,True,,,,,,,,False,,,,,,
1go6,4wkm,1go6,E,4wkm,L,1,8,True,,,,,,,,False,,,,,,
1go6,4wkm,1go6,E,4wkm,N,1,6,True,,,,,,,,False,,,,,,
1go6,4wkm,1go6,E,4wkm,P,1,7,True,,,,,,,,False,,,,,,
1go6,5dir,1go6,G,5dir,E,1,10,True,,,,,,,,False,,,,,,
1go6,5m2h,1go6,E,5m2h,A,1,7,True,,,,,,,,False,,,,,,
1go6,5nf0,1go6,I,5nf0,F,1,5,True,,,,,,,,False,,,,,,
1go6,5nf0,1go6,K,5nf0,F,1,10,True,,,,,,,,False,,,,,,
1go6,6fms,1go6,A,6fms,F,1,10,True,,,,,,,,False,,,,,,
1go6,6fms,1go6,G,6fms,G,1,10,True,,,,,,,,False,,,,,,
1go6,6m5e,1go6,E,6m5e,H,1,7,True,,,,,,,,False,,,,,,
1go6,6phm,1go6,G,6phm,A,1,10,True,,,,,,,,False,,,,,,
1go6,6phm,1go6,I,6phm,A,1,6,True,,,,,,,,False,,,,,,
1go6,6wm1,1go6,L,6wm1,D,1,9,True,,,,,,,,False,,,,,,
1go6,6wuu,1go6,A,6wuu,E,1,7,True,,,,,,,,False,,,,,,
1go6,6wuu,1go6,C,6wuu,E,1,10,True,,,,,,,,False,,,,,,
1go6,7axp,1go6,G,7axp,B,1,7,True,,,,,,,,False,,,,,,
1go6,7lfu,1go6,A,7lfu,B,1,10,True,,,,,,,,False,,,,,,
1go6,7lkc,1go6,C,7lkc,B,1,6,True,,,,,,,,False,,,,,,
1go6,7lkc,1go6,G,7lkc,A,1,9,True,,,,,,,,False,,,,,,
1go6,7ltb,1go6,E,7ltb,B,1,3,True,,,,,,,,False,,,,,,
1go6,8hoo,1go6,A,8hoo,C,1,4,True,,,,,,,,False,,,,,,
1go6,8pxy,1go6,A,8pxy,B,1,9,True,,,,,,,,False,,,,,,
1go6,8rhk,1go6,L,8rhk,HA,1,10,True,,,,,,,,False,,,,,,
1go6,8vld,1go6,G,8vld,A,1,10,True,,,,,,,,False,,,,,,
1go6,9emz,1go6,A,9emz,H,1,8,True,,,,,,,,False,,,,,,
1gyp,1gyq,1gyp,A,1gyq,A,358,2,False,True,True,False,False,True,358,358,True,0.0005016871141861595,0.0008443409479703383,0.0004811670379481288,True,0.0,True
1gyp,1gyq,1gyp,B,1gyq,B,358,3,False,True,True,False,False,True,358,358,True,0.0005006379819491395,0.0008357957500788161,0.0004815077712657869,True,0.0,True
1gyp,1gyq,1gyp,C,1gyq,C,358,3,False,True,True,False,False,True,358,358,True,0.0004929941536547127,0.0008382779047871417,0.00047307142010237556,True,0.0,True
1gyp,1gyq,1gyp,D,1gyq,D,358,2,False,True,True,False,False,True,358,358,True,0.0005035966276767383,0.0008213126819925397,0.0004840229693178186,True,0.0,True
1hh3,1hhf,1hh3,B,1hhf,A,1,10,True,,,,,,,,False,,,,,,
1hh3,1hhu,1hh3,B,1hhu,A,1,5,True,,,,,,,,False,,,,,,
1hh3,1hhu,1hh3,B,1hhu,C,1,9,True,,,,,,,,False,,,,,,
1hh3,1hhu,1hh3,C,1hhu,A,1,2,True,,,,,,,,False,,,,,,
1hh3,1hhu,1hh3,C,1hhu,C,1,9,True,,,,,,,,False,,,,,,
1hh3,1hhz,1hh3,A,1hhz,B,1,9,True,,,,,,,,False,,,,,,
1hh3,1n51,1hh3,A,1n51,B,1,5,True,,,,,,,,False,,,,,,
1hh3,1sho,1hh3,A,1sho,B,1,4,True,,,,,,,,False,,,,,,
1hh3,3lvy,1hh3,B,3lvy,E,1,9,True,,,,,,,,False,,,,,,
1hh3,3lvy,1hh3,C,3lvy,E,1,6,True,,,,,,,,False,,,,,,
1hh3,4f75,1hh3,D,4f75,D,1,3,True,,,,,,,,False,,,,,,
1hh3,4jj7,1hh3,D,4jj7,B,1,9,True,,,,,,,,False,,,,,,
1hh3,4jj8,1hh3,B,4jj8,C,1,10,True,,,,,,,,False,,,,,,
1hh3,4jj8,1hh3,C,4jj8,C,1,10,True,,,,,,,,False,,,,,,
1hh3,4ttk,1hh3,A,4ttk,A,1,8,True,,,,,,,,False,,,,,,
1hh3,4wkm,1hh3,A,4wkm,O,1,7,True,,,,,,,,False,,,,,,
1hh3,4wkm,1hh3,B,4wkm,N,1,6,True,,,,,,,,False,,,,,,
1hh3,4wkm,1hh3,C,4wkm,L,1,7,True,,,,,,,,False,,,,,,
1hh3,5aa2,1hh3,D,5aa2,E,1,10,True,,,,,,,,False,,,,,,
1hh3,5m2h,1hh3,B,5m2h,A,1,7,True,,,,,,,,False,,,,,,
1hh3,6cnu,1hh3,A,6cnu,A,1,3,True,,,,,,,,False,,,,,,
1hh3,6fbt,1hh3,C,6fbt,B,1,10,True,,,,,,,,False,,,,,,
1hh3,6m5e,1hh3,B,6m5e,H,1,10,True,,,,,,,,False,,,,,,
1hh3,6m5e,1hh3,C,6m5e,H,1,8,True,,,,,,,,False,,,,,,
1hh3,6pt2,1hh3,C,6pt2,C,1,7,True,,,,,,,,False,,,,,,
1hh3,6ryo,1hh3,C,6ryo,B,1,10,True,,,,,,,,False,,,,,,
1hh3,6tch,1hh3,A,6tch,B,1,10,True,,,,,,,,False,,,,,,
1hh3,6wuu,1hh3,D,6wuu,E,1,9,True,,,,,,,,False,,,,,,
1hh3,7lkc,1hh3,C,7lkc,A,1,9,True,,,,,,,,False,,,,,,
1hh3,8hoo,1hh3,B,8hoo,D,1,5,True,,,,,,,,False,,,,,,
1hh3,8hoo,1hh3,C,8hoo,D,1,1,True,,,,,,,,False,,,,,,
1hh3,8hoo,1hh3,D,8hoo,C,1,4,True,,,,,,,,False,,,,,,
1hh3,8vld,1hh3,C,8vld,A,1,8,True,,,,,,,,False,,,,,,
1hh3,9emz,1hh3,D,9emz,H,1,10,True,,,,,,,,False,,,,,,
1hhc,4jj8,1hhc,D,4jj8,D,1,9,True,,,,,,,,False,,,,,,
1hhc,4nz8,1hhc,A,4nz8,B,1,7,True,,,,,,,,False,,,,,,
1hhc,5b6l,1hhc,D,5b6l,B,1,9,True,,,,,,,,False,,,,,,
1hhc,5efk,1hhc,D,5efk,B,1,8,True,,,,,,,,False,,,,,,
1hhc,6fms,1hhc,D,6fms,E,1,10,True,,,,,,,,False,,,,,,
1hhc,8pwj,1hhc,C,8pwj,A,1,4,True,,,,,,,,False,,,,,,
1hhf,4wkm,1hhf,A,4wkm,N,1,4,True,,,,,,,,False,,,,,,
1hhf,4wkm,1hhf,C,4wkm,N,1,8,True,,,,,,,,False,,,,,,
1hhf,6x5r,1hhf,B,6x5r,C,1,8,True,,,,,,,,False,,,,,,
1hhf,7ltb,1hhf,A,7ltb,B,1,7,True,,,,,,,,False,,,,,,
1hhu,1hhy,1hhu,B,1hhy,B,1,10,True,,,,,,,,False,,,,,,
1hhu,1hhy,1hhu,D,1hhy,B,1,10,True,,,,,,,,False,,,,,,
1hhu,3lvy,1hhu,A,3lvy,E,1,5,True,,,,,,,,False,,,,,,
1hhu,3lvy,1hhu,C,3lvy,E,1,3,True,,,,,,,,False,,,,,,
1hhu,4jj8,1hhu,A,4jj8,C,1,8,True,,,,,,,,False,,,,,,
1hhu,4jj8,1hhu,B,4jj8,C,1,6,True,,,,,,,,False,,,,,,
1hhu,4wkm,1hhu,A,4wkm,L,1,6,True,,,,,,,,False,,,,,,
1hhu,4wkm,1hhu,A,4wkm,N,1,10,True,,,,,,,,False,,,,,,
1hhu,5dir,1hhu,B,5dir,F,1,4,True,,,,,,,,False,,,,,,
1hhu,5dir,1hhu,C,5dir,E,1,9,True,,,,,,,,False,,,,,,
1hhu,5dir,1hhu,C,5dir,H,1,7,True,,,,,,,,False,,,,,,
1hhu,5efk,1hhu,C,5efk,B,1,8,True,,,,,,,,False,,,,,,
1hhu,5m2h,1hhu,A,5m2h,A,1,9,True,,,,,,,,False,,,,,,
1hhu,6fbt,1hhu,C,6fbt,B,1,6,True,,,,,,,,False,,,,,,
1hhu,6m5e,1hhu,A,6m5e,H,1,6,True,,,,,,,,False,,,,,,
1hhu,6pt2,1hhu,A,6pt2,C,1,7,True,,,,,,,,False,,,,,,
1hhu,6ryo,1hhu,A,6ryo,B,1,9,True,,,,,,,,False,,,,,,
1hhu,6ryo,1hhu,B,6ryo,B,1,4,True,,,,,,,,False,,,,,,
1hhu,6tch,1hhu,B,6tch,B,1,4,True,,,,,,,,False,,,,,,
1hhu,7lkc,1hhu,C,7lkc,A,1,7,True,,,,,,,,False,,,,,,
1hhu,8hoo,1hhu,A,8hoo,D,1,1,True,,,,,,,,False,,,,,,
1hhu,8hoo,1hhu,C,8hoo,D,1,8,True,,,,,,,,False,,,,,,
1hhu,8vld,1hhu,A,8vld,A,1,10,True,,,,,,,,False,,,,,,
1hhu,8vld,1hhu,C,8vld,A,1,6,True,,,,,,,,False,,,,,,
1hhy,4wkm,1hhy,B,4wkm,P,1,7,True,,,,,,,,False,,,,,,
1hhy,4y84,1hhy,A,4y84,CA,1,9,True,,,,,,,,False,,,,,,
1hhy,5dir,1hhy,B,5dir,F,1,9,True,,,,,,,,False,,,,,,
1hhy,6tch,1hhy,B,6tch,B,1,10,True,,,,,,,,False,,,,,,
1hhy,7ltb,1hhy,B,7ltb,A,1,10,True,,,,,,,,False,,,,,,
1hhz,1sho,1hhz,B,1sho,B,1,10,True,,,,,,,,False,,,,,,
1hhz,3chf,1hhz,E,3chf,D,1,10,True,,,,,,,,False,,,,,,
1hhz,3mbu,1hhz,C,3mbu,B,1,4,True,,,,,,,,False,,,,,,
1hhz,3mbu,1hhz,D,3mbu,C,1,7,True,,,,,,,,False,,,,,,
1hhz,3mbu,1hhz,F,3mbu,C,1,10,True,,,,,,,,False,,,,,,
1hhz,3td5,1hhz,E,3td5,P,1,10,True,,,,,,,,False,,,,,,
1hhz,4wkm,1hhz,B,4wkm,P,1,9,True,,,,,,,,False,,,,,,
1hhz,5mfk,1hhz,E,5mfk,D,1,8,True,,,,,,,,False,,,,,,
1hhz,5nf0,1hhz,C,5nf0,F,1,9,True,,,,,,,,False,,,,,,
1hhz,6cnu,1hhz,B,6cnu,A,1,10,True,,,,,,,,False,,,,,,
1hhz,6ecf,1hhz,E,6ecf,H,1,9,True,,,,,,,,False,,,,,,
1hhz,6fvn,1hhz,E,6fvn,D,1,9,True,,,,,,,,False,,,,,,
1hhz,6ppm,1hhz,E,6ppm,L,1,9,True,,,,,,,,False,,,,,,
1hhz,6tdb,1hhz,E,6tdb,F,1,10,True,,,,,,,,False,,,,,,
1hhz,6wuu,1hhz,E,6wuu,F,1,9,True,,,,,,,,False,,,,,,
1hhz,7ltb,1hhz,B,7ltb,B,1,8,True,,,,,,,,False,,,,,,
1hhz,7new,1hhz,E,7new,H,1,6,True,,,,,,,,False,,,,,,
1hhz,7u0e,1hhz,E,7u0e,C,1,8,True,,,,,,,,False,,,,,,
1hhz,8rhk,1hhz,C,8rhk,HA,1,10,True,,,,,,,,False,,,,,,
1hhz,8vpe,1hhz,E,8vpe,B,1,10,True,,,,,,,,False,,,,,,
1hhz,8ysa,1hhz,E,8ysa,B,1,10,True,,,,,,,,False,,,,,,
1jyq,3gkr,1jyq,D,3gkr,B,1,10,True,,,,,,,,False,,,,,,
1jyq,4jsq,1jyq,D,4jsq,CA,1,9,True,,,,,,,,False,,,,,,
1jyq,4jsq,1jyq,D,4jsq,DA,1,8,True,,,,,,,,False,,,,,,
1jyq,6ece,1jyq,C,6ece,C,1,7,True,,,,,,,,False,,,,,,
1jyq,6ecf,1jyq,C,6ecf,K,1,6,True,,,,,,,,False,,,,,,
1jyq,6l5z,1jyq,C,6l5z,B,1,5,True,,,,,,,,False,,,,,,
1jyq,7qdi,1jyq,D,7qdi,C,1,9,True,,,,,,,,False,,,,,,
1jyq,8vje,1jyq,C,8vje,B,1,10,True,,,,,,,,False,,,,,,
1k4c,3f5w,1k4c,B,3f5w,B,212,2,False,True,True,False,False,True,212,212,True,0.0004949932481413933,0.0008063705986826142,0.00047419515591137583,False,98.0,True
1k4c,3f5w,1k4c,A,3f5w,A,219,2,False,True,True,False,False,True,219,219,True,0.0005069065107444027,0.0008120577782855595,0.0004880111289241946,False,108.16999999999999,True
1k4c,3f7y,1k4c,B,3f7y,B,212,2,False,True,True,False,False,True,212,212,True,0.0005012104301302431,0.0008044922439730888,0.0004824165208632096,False,101.75999999999999,True
1k4c,3f7y,1k4c,A,3f7y,A,219,2,False,True,True,False,False,True,219,219,True,0.0005002577166313591,0.000828285527059412,0.00048138453752735483,False,104.33999999999999,True
1k4c,3fb6,1k4c,B,3fb6,B,212,3,False,True,True,False,False,True,212,212,True,0.0007036296616481161,0.0012789636611648236,0.0006613017089307367,False,99.13999999999999,True
1k4c,3fb6,1k4c,A,3fb6,A,219,3,False,True,True,False,False,True,219,219,True,0.0006898471571873608,0.0013174828006631478,0.0006415747389277329,False,99.61000000000001,True
1k4c,3fb8,1k4c,B,3fb8,B,212,2,False,True,True,False,False,True,212,212,True,0.0004895697534257601,0.0008126665855512858,0.0004696435572657298,False,125.70999999999998,True
1k4c,3fb8,1k4c,A,3fb8,A,219,2,False,True,True,False,False,True,219,219,True,0.0004990174772753434,0.000842833606609799,0.00047837005153221365,False,137.55,True
1kac,1p69,1kac,B,1p69,B,124,2,False,True,True,False,False,True,124,124,True,0.0005010029218034858,0.0008108848492555294,0.0004792472292136838,False,27.20000000000001,True
1kqa,1krr,1kqa,A,1krr,A,200,6,False,True,True,False,False,True,200,200,True,0.0006578140525090334,0.003634703129244193,0.0005773265446059615,False,11.370000000000001,True
1kqa,1krr,1kqa,B,1krr,B,200,4,False,True,True,False,False,True,200,200,True,0.000630697197160477,0.002799042256499765,0.0005620617567243595,False,14.030000000000001,True
1kqa,1krr,1kqa,C,1krr,C,200,5,False,True,True,False,False,True,200,200,True,0.0006710217409659848,0.003707791180884895,0.000582242341124586,False,14.470000000000002,True
1lgc,2h5d,1lgc,E,2h5d,B,1,9,True,,,,,,,,False,,,,,,
1lgc,6wo2,1lgc,E,6wo2,D,1,8,True,,,,,,,,False,,,,,,
1lgc,6yd2,1lgc,B,6yd2,B,1,8,True,,,,,,,,False,,,,,,
1lgc,6zve,1lgc,B,6zve,B,1,9,True,,,,,,,,False,,,,,,
1lgc,7f0c,1lgc,E,7f0c,B,1,4,True,,,,,,,,False,,,,,,
1mcb,6xbg,1mcb,C,6xbg,D,1,10,True,,,,,,,,False,,,,,,
1mcb,7lfv,1mcb,C,7lfv,C,1,10,True,,,,,,,,False,,,,,,
1mcb,9ehn,1mcb,C,9ehn,D,1,9,True,,,,,,,,False,,,,,,
1mck,3che,1mck,C,3che,D,1,6,True,,,,,,,,False,,,,,,
1mck,3l35,1mck,C,3l35,E,1,10,True,,,,,,,,False,,,,,,
1mck,3td5,1mck,C,3td5,I,1,8,True,,,,,,,,False,,,,,,
1mck,3td5,1mck,C,3td5,K,1,10,True,,,,,,,,False,,,,,,
1mck,3td5,1mck,C,3td5,P,1,5,True,,,,,,,,False,,,,,,
1mck,4jsq,1mck,C,4jsq,CA,1,9,True,,,,,,,,False,,,,,,
1mck,4jsq,1mck,C,4jsq,DA,1,9,True,,,,,,,,False,,,,,,
1mck,6mw2,1mck,C,6mw2,A,1,10,True,,,,,,,,False,,,,,,
1mck,6ppm,1mck,C,6ppm,L,1,10,True,,,,,,,,False,,,,,,
1mck,7q4t,1mck,C,7q4t,B,1,8,True,,,,,,,,False,,,,,,
1mcr,6ece,1mcr,C,6ece,D,1,7,True,,,,,,,,False,,,,,,
1mqm,1mqn,1mqm,B,1mqn,B,172,2,False,True,True,False,False,True,172,172,True,0.0004978732396827555,0.0007741972524584445,0.00047826846812168655,False,23.42,True
1mqm,1mqn,1mqm,D,1mqn,D,172,3,False,True,True,False,False,True,172,172,True,0.0005074602421054662,0.0007950403124027339,0.0004853296034341912,False,24.940000000000005,True
1mqm,1mqn,1mqm,F,1mqn,F,172,2,False,True,True,False,False,True,172,172,True,0.0005069074941955261,0.0008055120806111104,0.0004869766553430757,False,22.79,True
1mqm,1mqn,1mqm,A,1mqn,A,318,2,False,True,True,False,False,True,318,318,True,0.0004977588179883004,0.000832678758376818,0.0004783504380829713,False,31.689999999999998,True
1mqm,1mqn,1mqm,C,1mqn,C,318,2,False,True,True,False,False,True,318,318,True,0.0005043156059816048,0.0008276035450626871,0.00048415238256006567,False,22.07,True
1mqm,1mqn,1mqm,E,1mqn,E,318,3,False,True,True,False,False,True,318,318,True,0.0004988422502152188,0.0007910563357923623,0.0004793133510701757,False,24.57,True
1n51,1sho,1n51,B,1sho,B,1,9,True,,,,,,,,False,,,,,,
1n51,4wkm,1n51,B,4wkm,O,1,10,True,,,,,,,,False,,,,,,
1n51,4wkm,1n51,B,4wkm,P,1,10,True,,,,,,,,False,,,,,,
1n51,5dir,1n51,B,5dir,F,1,8,True,,,,,,,,False,,,,,,
1n51,6cnu,1n51,B,6cnu,A,1,8,True,,,,,,,,False,,,,,,
1n51,6tch,1n51,B,6tch,B,1,7,True,,,,,,,,False,,,,,,
1qd8,4x6z,1qd8,B,4x6z,DA,1,9,True,,,,,,,,False,,,,,,
1qd8,5b6l,1qd8,A,5b6l,B,1,9,True,,,,,,,,False,,,,,,
1qd8,5dir,1qd8,A,5dir,H,1,7,True,,,,,,,,False,,,,,,
1qd8,6fms,1qd8,A,6fms,G,1,10,True,,,,,,,,False,,,,,,
1qd8,7nxe,1qd8,A,7nxe,C,1,6,True,,,,,,,,False,,,,,,
1qd8,8g82,1qd8,A,8g82,G,1,8,True,,,,,,,,False,,,,,,
1qd8,8g82,1qd8,B,8g82,B,1,4,True,,,,,,,,False,,,,,,
1qd8,8g82,1qd8,B,8g82,C,1,6,True,,,,,,,,False,,,,,,
1qd8,8g82,1qd8,B,8g82,D,1,10,True,,,,,,,,False,,,,,,
1qd8,8g82,1qd8,B,8g82,E,1,6,True,,,,,,,,False,,,,,,
1qd8,8g82,1qd8,B,8g82,G,1,5,True,,,,,,,,False,,,,,,
1qd8,8g82,1qd8,B,8g82,H,1,9,True,,,,,,,,False,,,,,,
1qd8,8g82,1qd8,B,8g82,I,1,5,True,,,,,,,,False,,,,,,
1qd8,8s6t,1qd8,B,8s6t,C,1,7,True,,,,,,,,False,,,,,,
1rrv,5m2h,1rrv,D,5m2h,B,1,7,True,,,,,,,,False,,,,,,
1sho,2r5b,1sho,A,2r5b,D,1,8,True,,,,,,,,False,,,,,,
1sho,2r5b,1sho,A,2r5b,F,1,6,True,,,,,,,,False,,,,,,
1sho,2r5d,1sho,A,2r5d,E,1,9,True,,,,,,,,False,,,,,,
1sho,3chf,1sho,A,3chf,C,1,9,True,,,,,,,,False,,,,,,
1sho,3l35,1sho,A,3l35,D,1,4,True,,,,,,,,False,,,,,,
1sho,4han,1sho,A,4han,D,1,9,True,,,,,,,,False,,,,,,
1sho,4qg1,1sho,A,4qg1,A,1,8,True,,,,,,,,False,,,,,,
1sho,4ttk,1sho,B,4ttk,A,1,9,True,,,,,,,,False,,,,,,
1sho,4wkm,1sho,B,4wkm,O,1,9,True,,,,,,,,False,,,,,,
1sho,4wkm,1sho,B,4wkm,P,1,9,True,,,,,,,,False,,,,,,
1sho,6cnu,1sho,B,6cnu,A,1,4,True,,,,,,,,False,,,,,,
1sho,6fms,1sho,A,6fms,H,1,9,True,,,,,,,,False,,,,,,
1sho,6tch,1sho,B,6tch,B,1,9,True,,,,,,,,False,,,,,,
1sho,6tsl,1sho,A,6tsl,B,1,10,True,,,,,,,,False,,,,,,
1sho,8ano,1sho,A,8ano,G,1,10,True,,,,,,,,False,,,,,,
1sho,8aoo,1sho,A,8aoo,G,1,4,True,,,,,,,,False,,,,,,
1sho,9emz,1sho,A,9emz,G,1,9,True,,,,,,,,False,,,,,,
1t6o,3ove,1t6o,B,3ove,B,1,10,True,,,,,,,,False,,,,,,
1t6o,3qxy,1t6o,B,3qxy,B,1,3,True,,,,,,,,False,,,,,,
1t6o,3rc0,1t6o,B,3rc0,D,1,5,True,,,,,,,,False,,,,,,
1t6o,3s8l,1t6o,B,3s8l,B,1,10,True,,,,,,,,False,,,,,,
1t6o,4dg4,1t6o,B,4dg4,D,1,3,True,,,,,,,,False,,,,,,
1t6o,4fln,1t6o,B,4fln,F,1,9,True,,,,,,,,False,,,,,,
1t6o,4gr7,1t6o,B,4gr7,A,1,8,True,,,,,,,,False,,,,,,
1t6o,4o46,1t6o,B,4o46,L,1,7,True,,,,,,,,False,,,,,,
1t6o,4uca,1t6o,B,4uca,C,1,9,True,,,,,,,,False,,,,,,
1t6o,4z33,1t6o,B,4z33,C,1,3,True,,,,,,,,False,,,,,,
1t6o,4zkr,1t6o,B,4zkr,B,1,4,True,,,,,,,,False,,,,,,
1t6o,5etf,1t6o,B,5etf,B,1,5,True,,,,,,,,False,,,,,,
1t6o,5nwk,1t6o,B,5nwk,P,1,4,True,,,,,,,,False,,,,,,
1t6o,5tdb,1t6o,B,5tdb,B,1,5,True,,,,,,,,False,,,,,,
1t6o,6fcs,1t6o,B,6fcs,B,1,7,True,,,,,,,,False,,,,,,
1t6o,6fvn,1t6o,B,6fvn,D,1,8,True,,,,,,,,False,,,,,,
1t6o,6fvn,1t6o,B,6fvn,F,1,4,True,,,,,,,,False,,,,,,
1t6o,6g8k,1t6o,B,6g8k,B,1,9,True,,,,,,,,False,,,,,,
1t6o,6wuu,1t6o,B,6wuu,F,1,8,True,,,,,,,,False,,,,,,
1t6o,7lfv,1t6o,B,7lfv,C,1,10,True,,,,,,,,False,,,,,,
1t6o,8sou,1t6o,B,8sou,B,1,7,True,,,,,,,,False,,,,,,
1t6o,8vjw,1t6o,B,8vjw,F,1,3,True,,,,,,,,False,,,,,,
1t6o,8vpe,1t6o,B,8vpe,B,1,4,True,,,,,,,,False,,,,,,
1t6o,8ysa,1t6o,B,8ysa,B,1,4,True,,,,,,,,False,,,,,,
1t6o,9i24,1t6o,B,9i24,D,1,9,True,,,,,,,,False,,,,,,
1th6,2arm,1th6,A,2arm,A,121,2,False,True,True,False,False,True,121,121,True,0.0005003353547415713,0.0008168661293340314,0.00048068851823841117,True,0.0,True
1tmb,6yd3,1tmb,D,6yd3,B,1,9,True,,,,,,,,False,,,,,,
1w9u,1waw,1w9u,C,1waw,B,1,3,True,,,,,,,,False,,,,,,
1w9u,6wo2,1w9u,D,6wo2,C,1,8,True,,,,,,,,False,,,,,,
1ydt,2uzw,1ydt,B,2uzw,B,20,2,False,True,True,False,False,True,20,20,True,0.0007174258617132341,0.0012152777859962027,0.0006878415864912502,False,16.06,True
1zea,4y69,1zea,C,4y69,CA,1,9,True,,,,,,,,False,,,,,,
1zea,7f0f,1zea,C,7f0f,B,1,9,True,,,,,,,,False,,,,,,
1zea,9qdf,1zea,C,9qdf,CA,1,10,True,,,,,,,,False,,,,,,
1zea,9qdf,1zea,C,9qdf,FA,1,7,True,,,,,,,,False,,,,,,
2ck3,2w6j,2ck3,I,2w6j,I,25,2,False,True,True,False,False,True,25,25,True,0.0006958333980129229,0.0013290569820679976,0.0006527918276304804,False,26.299999999999997,True
2ck3,2w6j,2ck3,C,2w6j,C,490,3,False,True,True,False,False,False,490,490,True,0.002140043107865646,0.005794935219657388,0.0018759206476306836,False,55.66,True
2g2l,4gm8,2g2l,D,4gm8,G,1,10,True,,,,,,,,False,,,,,,
2h4y,2hby,2h4y,C,2hby,C,3,2,False,True,True,False,False,True,3,3,True,0.0004799547143521882,0.0007060662155406705,0.00045990947571525494,True,0.0,True
2ig0,5cgh,2ig0,B,5cgh,CA,1,6,True,,,,,,,,False,,,,,,
2ig0,5cgh,2ig0,B,5cgh,DA,1,7,True,,,,,,,,False,,,,,,
2j9n,5ctv,2j9n,C,5ctv,C,1,7,True,,,,,,,,False,,,,,,
2j9n,7qdi,2j9n,C,7qdi,C,1,8,True,,,,,,,,False,,,,,,
2j9n,7qdi,2j9n,C,7qdi,E,1,9,True,,,,,,,,False,,,,,,
2r3c,3azq,2r3c,C,3azq,D,1,6,True,,,,,,,,False,,,,,,
2r3c,3h5r,2r3c,C,3h5r,G,1,7,True,,,,,,,,False,,,,,,
2r3c,4dg4,2r3c,D,4dg4,C,1,5,True,,,,,,,,False,,,,,,
2r3c,4s1x,2r3c,C,4s1x,F,1,3,True,,,,,,,,False,,,,,,
2r3c,5gnd,2r3c,D,5gnd,B,1,6,True,,,,,,,,False,,,,,,
2r3c,5nqa,2r3c,C,5nqa,C,1,9,True,,,,,,,,False,,,,,,
2r3c,6m9c,2r3c,D,6m9c,B,1,9,True,,,,,,,,False,,,,,,
2r3c,6tsl,2r3c,D,6tsl,B,1,8,True,,,,,,,,False,,,,,,
2r3c,6wuu,2r3c,D,6wuu,E,1,9,True,,,,,,,,False,,,,,,
2r3c,6wuu,2r3c,D,6wuu,G,1,7,True,,,,,,,,False,,,,,,
2r3c,6wuu,2r3c,D,6wuu,H,1,8,True,,,,,,,,False,,,,,,
2r3c,8aoo,2r3c,D,8aoo,G,1,10,True,,,,,,,,False,,,,,,
2r3c,8ti6,2r3c,D,8ti6,B,1,6,True,,,,,,,,False,,,,,,
2r3c,9emz,2r3c,D,9emz,G,1,8,True,,,,,,,,False,,,,,,
2r3c,9ex5,2r3c,D,9ex5,I,1,9,True,,,,,,,,False,,,,,,
2r3c,9fxn,2r3c,D,9fxn,A,1,9,True,,,,,,,,False,,,,,,
2r5b,2r5d,2r5b,D,2r5d,E,1,5,True,,,,,,,,False,,,,,,
2r5b,2r5d,2r5b,D,2r5d,F,1,7,True,,,,,,,,False,,,,,,
2r5b,2r5d,2r5b,F,2r5d,E,1,9,True,,,,,,,,False,,,,,,
2r5b,3azq,2r5b,E,3azq,D,1,9,True,,,,,,,,False,,,,,,
2r5b,3che,2r5b,E,3che,C,1,6,True,,,,,,,,False,,,,,,
2r5b,3l35,2r5b,F,3l35,D,1,10,True,,,,,,,,False,,,,,,
2r5b,3s8l,2r5b,E,3s8l,B,1,6,True,,,,,,,,False,,,,,,
2r5b,4fln,2r5b,E,4fln,F,1,7,True,,,,,,,,False,,,,,,
2r5b,4han,2r5b,D,4han,D,1,3,True,,,,,,,,False,,,,,,
2r5b,4han,2r5b,F,4han,D,1,8,True,,,,,,,,False,,,,,,
2r5b,4jt0,2r5b,E,4jt0,CA,1,9,True,,,,,,,,False,,,,,,
2r5b,4jt0,2r5b,E,4jt0,DA,1,10,True,,,,,,,,False,,,,,,
2r5b,4knl,2r5b,D,4knl,F,1,10,True,,,,,,,,False,,,,,,
2r5b,4o46,2r5b,E,4o46,L,1,9,True,,,,,,,,False,,,,,,
2r5b,4qg1,2r5b,E,4qg1,A,1,10,True,,,,,,,,False,,,,,,
2r5b,4uca,2r5b,E,4uca,C,1,8,True,,,,,,,,False,,,,,,
2r5b,5dir,2r5b,E,5dir,G,1,9,True,,,,,,,,False,,,,,,
2r5b,5i5a,2r5b,D,5i5a,B,1,9,True,,,,,,,,False,,,,,,
2r5b,5lrk,2r5b,D,5lrk,E,1,10,True,,,,,,,,False,,,,,,
2r5b,6fcs,2r5b,E,6fcs,B,1,9,True,,,,,,,,False,,,,,,
2r5b,6g8k,2r5b,E,6g8k,B,1,7,True,,,,,,,,False,,,,,,
2r5b,6m9c,2r5b,D,6m9c,B,1,9,True,,,,,,,,False,,,,,,
2r5b,6phq,2r5b,D,6phq,A,1,10,True,,,,,,,,False,,,,,,
2r5b,6wuu,2r5b,E,6wuu,F,1,9,True,,,,,,,,False,,,,,,
2r5b,7qdi,2r5b,F,7qdi,B,1,10,True,,,,,,,,False,,,,,,
2r5b,8ano,2r5b,E,8ano,G,1,10,True,,,,,,,,False,,,,,,
2r5b,8aoo,2r5b,F,8aoo,G,1,10,True,,,,,,,,False,,,,,,
2r5b,8c3d,2r5b,D,8c3d,B,1,10,True,,,,,,,,False,,,,,,
2r5b,8c3d,2r5b,F,8c3d,B,1,10,True,,,,,,,,False,,,,,,
2r5b,8cis,2r5b,D,8cis,D,1,8,True,,,,,,,,False,,,,,,
2r5b,8t5p,2r5b,E,8t5p,I,1,10,True,,,,,,,,False,,,,,,
2r5b,9emz,2r5b,D,9emz,E,1,10,True,,,,,,,,False,,,,,,
2r5b,9emz,2r5b,D,9emz,G,1,10,True,,,,,,,,False,,,,,,
2r5b,9fxn,2r5b,D,9fxn,A,1,9,True,,,,,,,,False,,,,,,
2r5d,3l37,2r5d,D,3l37,B,1,8,True,,,,,,,,False,,,,,,
2r5d,3s8o,2r5d,E,3s8o,B,1,9,True,,,,,,,,False,,,,,,
2r5d,3s8o,2r5d,F,3s8o,B,1,10,True,,,,,,,,False,,,,,,
2r5d,4han,2r5d,E,4han,D,1,8,True,,,,,,,,False,,,,,,
2r5d,4han,2r5d,F,4han,D,1,10,True,,,,,,,,False,,,,,,
2r5d,4knl,2r5d,E,4knl,F,1,8,True,,,,,,,,False,,,,,,
2r5d,4knl,2r5d,F,4knl,F,1,10,True,,,,,,,,False,,,,,,
2r5d,5d13,2r5d,E,5d13,I,1,9,True,,,,,,,,False,,,,,,
2r5d,5d13,2r5d,F,5d13,I,1,7,True,,,,,,,,False,,,,,,
2r5d,5dir,2r5d,D,5dir,E,1,10,True,,,,,,,,False,,,,,,
2r5d,5i5a,2r5d,E,5i5a,B,1,9,True,,,,,,,,False,,,,,,
2r5d,5i5a,2r5d,F,5i5a,B,1,6,True,,,,,,,,False,,,,,,
2r5d,5jqs,2r5d,F,5jqs,B,1,10,True,,,,,,,,False,,,,,,
2r5d,5lrk,2r5d,E,5lrk,E,1,10,True,,,,,,,,False,,,,,,
2r5d,5lrk,2r5d,E,5lrk,F,1,9,True,,,,,,,,False,,,,,,
2r5d,5lrk,2r5d,F,5lrk,E,1,7,True,,,,,,,,False,,,,,,
2r5d,5lrk,2r5d,F,5lrk,F,1,7,True,,,,,,,,False,,,,,,
2r5d,6fms,2r5d,D,6fms,G,1,10,True,,,,,,,,False,,,,,,
2r5d,6m9c,2r5d,E,6m9c,B,1,10,True,,,,,,,,False,,,,,,
2r5d,6phq,2r5d,E,6phq,A,1,10,True,,,,,,,,False,,,,,,
2r5d,6phq,2r5d,F,6phq,A,1,7,True,,,,,,,,False,,,,,,
2r5d,6whq,2r5d,E,6whq,F,1,8,True,,,,,,,,False,,,,,,
2r5d,6whq,2r5d,F,6whq,F,1,10,True,,,,,,,,False,,,,,,
2r5d,7axp,2r5d,D,7axp,B,1,7,True,,,,,,,,False,,,,,,
2r5d,7lkc,2r5d,D,7lkc,A,1,10,True,,,,,,,,False,,,,,,
2r5d,8c3d,2r5d,E,8c3d,B,1,10,True,,,,,,,,False,,,,,,
2r5d,8cis,2r5d,E,8cis,D,1,4,True,,,,,,,,False,,,,,,
2r5d,8cis,2r5d,F,8cis,D,1,4,True,,,,,,,,False,,,,,,
2r5d,8vld,2r5d,D,8vld,A,1,7,True,,,,,,,,False,,,,,,
2r5d,9emz,2r5d,E,9emz,E,1,6,True,,,,,,,,False,,,,,,
2r5d,9emz,2r5d,E,9emz,H,1,9,True,,,,,,,,False,,,,,,
2r5d,9emz,2r5d,F,9emz,E,1,8,True,,,,,,,,False,,,,,,
2r5d,9emz,2r5d,F,9emz,H,1,9,True,,,,,,,,False,,,,,,
2r5d,9fxn,2r5d,E,9fxn,A,1,10,True,,,,,,,,False,,,,,,
2r5d,9j3s,2r5d,F,9j3s,D,1,10,True,,,,,,,,False,,,,,,
2xdw,3q4a,2xdw,B,3q4a,B,1,9,True,,,,,,,,False,,,,,,
2xdw,4y6a,2xdw,B,4y6a,CA,1,10,True,,,,,,,,False,,,,,,
2xdw,7ofv,2xdw,B,7ofv,B,1,7,True,,,,,,,,False,,,,,,
2xdw,8hoq,2xdw,B,8hoq,D,1,7,True,,,,,,,,False,,,,,,
2xdw,9qbe,2xdw,B,9qbe,FA,1,3,True,,,,,,,,False,,,,,,
2zxe,5avq,2zxe,C,5avq,C,39,2,False,True,True,False,False,True,39,39,True,0.0006669725668371412,0.0011778124611354951,0.000615447906547452,False,16.970000000000013,True
2zxe,5avq,2zxe,A,5avq,A,992,3,False,True,True,False,False,True,992,992,True,0.000713092263359966,0.0014316650449552558,0.0006684521246047238,False,16.970000000000013,True
2zxe,5avr,2zxe,C,5avr,C,39,3,False,True,True,False,False,True,39,39,True,0.0007152289339863418,0.0013844300723859922,0.000664269249566466,False,30.10000000000001,True
2zxe,5avr,2zxe,A,5avr,A,992,3,False,True,True,False,False,True,992,992,True,0.0007094847717558344,0.001404652185266738,0.0006638239657423829,False,30.10000000000001,True
2zxe,5avs,2zxe,C,5avs,C,39,3,False,True,True,False,False,True,39,39,True,0.0006877157769744674,0.0012204734024580514,0.0006452072293627044,False,29.970000000000013,True
2zxe,5avs,2zxe,A,5avs,A,992,3,False,True,True,False,False,True,992,992,True,0.0007036493832773395,0.0014127419849476377,0.0006593504358844645,False,29.970000000000013,True
2zxe,5avt,2zxe,C,5avt,C,39,3,False,True,True,False,False,True,39,39,True,0.0007109319107993897,0.0011706732148808725,0.0006641134676772314,False,26.92000000000001,True
2zxe,5avt,2zxe,A,5avt,A,992,3,False,True,True,False,False,True,992,992,True,0.0007033559913341917,0.001354560079953944,0.0006567073477365467,False,26.920000000000016,True
2zxe,5avu,2zxe,C,5avu,C,39,3,False,True,True,False,False,True,39,39,True,0.000671278662866168,0.0011974237582746006,0.0006280730110852949,False,21.040000000000006,True
2zxe,5avu,2zxe,A,5avu,A,992,3,False,True,True,False,False,True,992,992,True,0.0007059417899396704,0.0014473328379679918,0.0006597384057072228,False,21.04000000000002,True
2zxe,5avv,2zxe,C,5avv,C,39,2,False,True,True,False,False,True,39,39,True,0.0006948580881991164,0.0013155704973751908,0.0006570005148772178,False,39.46000000000001,True
2zxe,5avv,2zxe,A,5avv,A,992,3,False,True,True,False,False,True,992,992,True,0.0007147883072859454,0.0014565369861684779,0.0006675383508797238,False,39.46000000000001,True
2zxe,5avw,2zxe,C,5avw,C,39,3,False,True,True,False,False,True,39,39,True,0.0007002775638799737,0.0013053853401119174,0.0006528528588216519,False,23.38000000000001,True
2zxe,5avw,2zxe,A,5avw,A,992,3,False,True,True,False,False,True,992,992,True,0.0007003236206879964,0.0014632748390415275,0.0006530257163584309,False,23.38000000000001,True
2zxe,5avx,2zxe,C,5avx,C,39,2,False,True,True,False,False,True,39,39,True,0.0007024727483897527,0.0011614269981549182,0.0006640103726370498,False,90.58000000000001,True
2zxe,5avx,2zxe,A,5avx,A,992,4,False,True,True,False,False,True,992,992,True,0.0007027769270084535,0.001412064656690751,0.000655048218106828,False,90.58000000000001,True
2zxe,5avy,2zxe,C,5avy,C,39,3,False,True,True,False,False,True,39,39,True,0.0006927470488917978,0.001305371119797192,0.000645759491403451,False,88.07000000000002,True
2zxe,5avy,2zxe,A,5avy,A,992,4,False,True,True,False,False,True,992,992,True,0.0007118320366827825,0.0014353988084172225,0.0006668065115290009,False,88.07000000000002,True
2zxe,5avz,2zxe,C,5avz,C,39,3,False,True,True,False,False,True,39,39,True,0.000698853542346643,0.0011485378670042224,0.0006561784247963822,False,68.01000000000002,True
2zxe,5avz,2zxe,A,5avz,A,992,3,False,True,True,False,False,True,992,992,True,0.0006919000573504038,0.0013592030734943612,0.0006463704183715693,False,68.01000000000002,True
2zxe,5aw0,2zxe,C,5aw0,C,39,2,False,True,True,False,False,True,39,39,True,0.0006931960197447356,0.00125559221506674,0.0006441796872013602,False,72.70000000000002,True
2zxe,5aw0,2zxe,A,5aw0,A,992,3,False,True,True,False,False,True,992,992,True,0.0007097905882575909,0.0014651049753027076,0.0006636397520474578,False,72.70000000000002,True
2zxe,5aw1,2zxe,C,5aw1,C,39,3,False,True,True,False,False,True,39,39,True,0.0007069081962824368,0.0014132633463034368,0.0006583270853594482,False,75.79000000000002,True
2zxe,5aw1,2zxe,A,5aw1,A,992,3,False,True,True,False,False,True,992,992,True,0.0007045376005287153,0.0014321437561948822,0.0006591993445439246,False,75.79000000000002,True
2zxe,5aw2,2zxe,C,5aw2,C,39,2,False,True,True,False,False,True,39,39,True,0.0007139210098708476,0.0011719924254963894,0.0006763797875350911,False,62.80000000000001,True
2zxe,5aw2,2zxe,A,5aw2,A,992,3,False,True,True,False,False,True,992,992,True,0.0007041375140277425,0.001540280866486109,0.0006584770002210207,False,62.80000000000001,True
2zxe,5aw3,2zxe,C,5aw3,C,39,3,False,True,True,False,False,True,39,39,True,0.0007184475333762897,0.0013052806649259303,0.0006738658847844321,False,80.38000000000001,True
2zxe,5aw3,2zxe,A,5aw3,A,992,3,False,True,True,False,False,True,992,992,True,0.0006975581908235893,0.0015137650840896047,0.0006521279250664658,False,80.38000000000002,True
2zxe,5aw4,2zxe,C,5aw4,C,39,3,False,True,True,False,False,True,39,39,True,0.0008354328337994046,0.0015590905633940091,0.0007765570916548861,False,40.13000000000001,True
2zxe,5aw4,2zxe,A,5aw4,A,992,5,False,True,True,False,False,True,992,992,True,0.0008691312685898337,0.0019432099158453158,0.0008095304162870097,False,40.13000000000001,True
2zxe,5aw5,2zxe,C,5aw5,C,39,3,False,True,True,False,False,True,39,39,True,0.0008478384581518442,0.0017160553926997297,0.0007931258825917063,False,41.110000000000014,True
2zxe,5aw5,2zxe,A,5aw5,A,992,4,False,True,True,False,False,True,992,992,True,0.0008665994290755606,0.0018820754710676796,0.0008067305333623404,False,41.110000000000014,True
2zxe,5aw6,2zxe,C,5aw6,C,39,4,False,True,True,False,False,True,39,39,True,0.000892523577546464,0.001590247691804036,0.0008316629890153409,False,34.390000000000015,True
2zxe,5aw6,2zxe,A,5aw6,A,992,4,False,True,True,False,False,True,992,992,True,0.0008614928384726024,0.0018956208405515444,0.000801731724950081,False,34.390000000000015,True
2zxe,5aw7,2zxe,C,5aw7,C,39,3,False,True,True,False,False,True,39,39,True,0.0008499084263702085,0.0015369300508135564,0.0008052058894157313,False,40.08000000000001,True
2zxe,5aw7,2zxe,A,5aw7,A,992,4,False,True,True,False,False,True,992,992,True,0.0008613004628405922,0.001995962666727112,0.0008013174133969424,False,40.08000000000001,True
2zxe,5aw8,2zxe,C,5aw8,C,39,4,False,True,True,False,False,True,39,39,True,0.0008585348727558022,0.001846426254446589,0.0007982512116789807,False,29.99000000000001,True
2zxe,5aw8,2zxe,A,5aw8,A,992,4,False,True,True,False,False,True,992,992,True,0.0008717185337020066,0.0017955978331195945,0.0008112507088736167,False,29.99000000000001,True
3ah8,3uw5,3ah8,D,3uw5,C,1,6,True,,,,,,,,False,,,,,,
3ah8,4y6v,3ah8,D,4y6v,CA,1,4,True,,,,,,,,False,,,,,,
3ah8,5d5e,3ah8,D,5d5e,B,1,9,True,,,,,,,,False,,,,,,
3ah8,6psa,3ah8,D,6psa,A,1,6,True,,,,,,,,False,,,,,,
3ah8,7ms1,3ah8,D,7ms1,A,1,9,True,,,,,,,,False,,,,,,
3ah8,7z3u,3ah8,D,7z3u,D,1,9,True,,,,,,,,False,,,,,,
3ah8,8s9z,3ah8,D,8s9z,B,1,6,True,,,,,,,,False,,,,,,
3ah8,8vld,3ah8,D,8vld,B,1,10,True,,,,,,,,False,,,,,,
3ah8,9ehn,3ah8,D,9ehn,C,1,4,True,,,,,,,,False,,,,,,
3ah8,9emz,3ah8,D,9emz,F,1,3,True,,,,,,,,False,,,,,,
3ah8,9qbe,3ah8,D,9qbe,EA,1,7,True,,,,,,,,False,,,,,,
3azq,3h5r,3azq,D,3h5r,G,1,9,True,,,,,,,,False,,,,,,
3azq,4cvk,3azq,D,4cvk,B,1,6,True,,,,,,,,False,,,,,,
3azq,4s1x,3azq,D,4s1x,F,1,8,True,,,,,,,,False,,,,,,
3azq,9qby,3azq,C,9qby,EA,1,8,True,,,,,,,,False,,,,,,
3che,3l35,3che,D,3l35,E,1,8,True,,,,,,,,False,,,,,,
3che,3rc0,3che,C,3rc0,D,1,7,True,,,,,,,,False,,,,,,
3che,3s8l,3che,C,3s8l,B,1,4,True,,,,,,,,False,,,,,,
3che,3td5,3che,D,3td5,I,1,3,True,,,,,,,,False,,,,,,
3che,3td5,3che,D,3td5,J,1,10,True,,,,,,,,False,,,,,,
3che,3td5,3che,D,3td5,K,1,8,True,,,,,,,,False,,,,,,
3che,3td5,3che,D,3td5,P,1,6,True,,,,,,,,False,,,,,,
3che,4gr7,3che,C,4gr7,A,1,8,True,,,,,,,,False,,,,,,
3che,4o46,3che,C,4o46,L,1,5,True,,,,,,,,False,,,,,,
3che,4qg1,3che,C,4qg1,A,1,10,True,,,,,,,,False,,,,,,
3che,4uca,3che,C,4uca,C,1,3,True,,,,,,,,False,,,,,,
3che,5dir,3che,C,5dir,G,1,9,True,,,,,,,,False,,,,,,
3che,5etf,3che,C,5etf,B,1,7,True,,,,,,,,False,,,,,,
3che,5tdb,3che,C,5tdb,B,1,7,True,,,,,,,,False,,,,,,
3che,6fcr,3che,D,6fcr,B,1,5,True,,,,,,,,False,,,,,,
3che,6fcs,3che,C,6fcs,B,1,5,True,,,,,,,,False,,,,,,
3che,6g8k,3che,C,6g8k,B,1,7,True,,,,,,,,False,,,,,,
3che,6mw2,3che,D,6mw2,A,1,5,True,,,,,,,,False,,,,,,
3che,6ppm,3che,D,6ppm,L,1,8,True,,,,,,,,False,,,,,,
3che,6wuu,3che,C,6wuu,F,1,9,True,,,,,,,,False,,,,,,
3che,7q4t,3che,D,7q4t,B,1,6,True,,,,,,,,False,,,,,,
3che,8ano,3che,C,8ano,G,1,10,True,,,,,,,,False,,,,,,
3che,8t5p,3che,C,8t5p,I,1,7,True,,,,,,,,False,,,,,,
3che,8vpe,3che,C,8vpe,B,1,10,True,,,,,,,,False,,,,,,
3che,9qby,3che,D,9qby,DA,1,8,True,,,,,,,,False,,,,,,
3chf,3l35,3chf,C,3l35,D,1,6,True,,,,,,,,False,,,,,,
3chf,3rc0,3chf,C,3rc0,D,1,10,True,,,,,,,,False,,,,,,
3chf,4gr7,3chf,D,4gr7,A,1,9,True,,,,,,,,False,,,,,,
3chf,4o46,3chf,D,4o46,L,1,10,True,,,,,,,,False,,,,,,
3chf,4qg1,3chf,C,4qg1,A,1,7,True,,,,,,,,False,,,,,,
3chf,4uca,3chf,C,4uca,C,1,9,True,,,,,,,,False,,,,,,
3chf,5dir,3chf,C,5dir,G,1,3,True,,,,,,,,False,,,,,,
3chf,5mfk,3chf,D,5mfk,D,1,7,True,,,,,,,,False,,,,,,
3chf,6tdb,3chf,D,6tdb,F,1,10,True,,,,,,,,False,,,,,,
3chf,6tsl,3chf,C,6tsl,B,1,6,True,,,,,,,,False,,,,,,
3chf,6wuu,3chf,D,6wuu,F,1,5,True,,,,,,,,False,,,,,,
3chf,7u0e,3chf,D,7u0e,C,1,10,True,,,,,,,,False,,,,,,
3chf,8ano,3chf,C,8ano,G,1,8,True,,,,,,,,False,,,,,,
3chf,8aoo,3chf,C,8aoo,G,1,5,True,,,,,,,,False,,,,,,
3chf,8t5p,3chf,C,8t5p,I,1,10,True,,,,,,,,False,,,,,,
3chf,8ti6,3chf,C,8ti6,B,1,8,True,,,,,,,,False,,,,,,
3e0n,3nzw,3e0n,B,3nzw,CA,1,8,True,,,,,,,,False,,,,,,
3e0n,6s5p,3e0n,B,6s5p,F,1,10,True,,,,,,,,False,,,,,,
3e0n,8c3d,3e0n,B,8c3d,B,1,6,True,,,,,,,,False,,,,,,
3e7a,3l37,3e7a,C,3l37,B,1,7,True,,,,,,,,False,,,,,,
3e7a,3u8o,3e7a,D,3u8o,C,1,10,True,,,,,,,,False,,,,,,
3e7a,4dkt,3e7a,D,4dkt,B,1,5,True,,,,,,,,False,,,,,,
3e7a,6df1,3e7a,C,6df1,C,1,10,True,,,,,,,,False,,,,,,
3e7a,6phm,3e7a,C,6phm,A,1,10,True,,,,,,,,False,,,,,,
3e7a,9j3s,3e7a,C,9j3s,B,1,4,True,,,,,,,,False,,,,,,
3f5w,3f7y,3f5w,B,3f7y,B,212,3,False,True,True,False,False,True,212,212,True,0.0007114335016495071,0.0013999809595062658,0.0006708817826525207,False,12.700000000000003,True
3f5w,3f7y,3f5w,A,3f7y,A,219,3,False,True,True,False,False,True,219,219,True,0.0007090329531165702,0.001384525812219907,0.0006594705254314673,False,11.129999999999995,True
3f5w,3fb6,3f5w,B,3fb6,B,212,4,False,True,True,False,False,True,212,212,True,0.0008517803460678316,0.0018430273056983765,0.0007949161538831027,False,12.769999999999996,True
3f5w,3fb6,3f5w,A,3fb6,A,219,4,False,True,True,False,False,True,219,219,True,0.0008455350774575052,0.0018438362869011666,0.000781656206594646,False,16.580000000000013,True
3f5w,3fb8,3f5w,B,3fb8,B,212,3,False,True,True,False,False,True,212,212,True,0.0007042880021693306,0.0013956253937814228,0.000656363506092037,False,31.33999999999999,True
3f5w,3fb8,3f5w,A,3fb8,A,219,3,False,True,True,False,False,True,219,219,True,0.0006909765285049787,0.001378447794078616,0.0006415283737711573,False,39.53,True
3f7y,3fb6,3f7y,B,3fb6,B,212,5,False,True,True,False,False,True,212,212,True,0.0008477745539077058,0.001662334269752532,0.0007905360328639811,False,14.060000000000002,True
3f7y,3fb6,3f7y,A,3fb6,A,219,3,False,True,True,False,False,True,219,219,True,0.0008515636360510627,0.0018168709041412798,0.0007884699035177134,False,14.879999999999995,True
3f7y,3fb8,3f7y,B,3fb8,B,212,3,False,True,True,False,False,True,212,212,True,0.0007100883176915925,0.0013163206770756503,0.0006637622563492416,False,33.44999999999999,True
3f7y,3fb8,3f7y,A,3fb8,A,219,3,False,True,True,False,False,True,219,219,True,0.0007067940084987639,0.0012799728653330462,0.0006620719800139436,False,37.230000000000004,True
3fb6,3fb8,3fb6,B,3fb8,B,212,4,False,True,True,False,False,True,212,212,True,0.0008466979371147967,0.0017723943108994605,0.0007913452134710335,False,33.749999999999986,True
3fb6,3fb8,3fb6,A,3fb8,A,219,3,False,True,True,False,False,True,219,219,True,0.0008435140731324808,0.0017312118457957933,0.0007877359416289506,False,45.660000000000025,True
3g1f,3g1h,3g1f,M,3g1h,M,217,3,False,True,True,False,False,True,217,217,True,0.0005073457681276991,0.0008066283320448244,0.0004875371544417634,False,24.210000000000008,True
3g3p,3l35,3g3p,C,3l35,D,1,8,True,,,,,,,,False,,,,,,
3g3p,3rc0,3g3p,C,3rc0,D,1,7,True,,,,,,,,False,,,,,,
3g3p,3s8l,3g3p,C,3s8l,B,1,9,True,,,,,,,,False,,,,,,
3g3p,4qg1,3g3p,C,4qg1,A,1,7,True,,,,,,,,False,,,,,,
3g3p,4uca,3g3p,C,4uca,C,1,9,True,,,,,,,,False,,,,,,
3g3p,5etf,3g3p,C,5etf,B,1,7,True,,,,,,,,False,,,,,,
3g3p,6e8m,3g3p,C,6e8m,B,1,5,True,,,,,,,,False,,,,,,
3g3p,6fcs,3g3p,C,6fcs,B,1,10,True,,,,,,,,False,,,,,,
3g3p,6fms,3g3p,C,6fms,H,1,4,True,,,,,,,,False,,,,,,
3g3p,6g8k,3g3p,C,6g8k,B,1,8,True,,,,,,,,False,,,,,,
3g3p,6tsl,3g3p,C,6tsl,B,1,10,True,,,,,,,,False,,,,,,
3g3p,6wuu,3g3p,C,6wuu,H,1,10,True,,,,,,,,False,,,,,,
3g3p,7lfv,3g3p,C,7lfv,C,1,9,True,,,,,,,,False,,,,,,
3g3p,8ano,3g3p,C,8ano,G,1,6,True,,,,,,,,False,,,,,,
3g3p,8aoo,3g3p,C,8aoo,G,1,9,True,,,,,,,,False,,,,,,
3g3p,8pwp,3g3p,C,8pwp,A,1,9,True,,,,,,,,False,,,,,,
3g3p,8sou,3g3p,C,8sou,B,1,4,True,,,,,,,,False,,,,,,
3g3p,9fxn,3g3p,C,9fxn,A,1,9,True,,,,,,,,False,,,,,,
3gkr,5ctv,3gkr,B,5ctv,C,1,6,True,,,,,,,,False,,,,,,
3gkr,7qdi,3gkr,B,7qdi,C,1,3,True,,,,,,,,False,,,,,,
3h5r,4cvk,3h5r,G,4cvk,B,1,9,True,,,,,,,,False,,,,,,
3h5r,4fzg,3h5r,G,4fzg,EA,1,10,True,,,,,,,,False,,,,,,
3h5r,4s1x,3h5r,G,4s1x,F,1,5,True,,,,,,,,False,,,,,,
3h5r,5nqa,3h5r,G,5nqa,C,1,2,True,,,,,,,,False,,,,,,
3h5r,5nqa,3h5r,H,5nqa,C,1,5,True,,,,,,,,False,,,,,,
3h5r,5zms,3h5r,G,5zms,J,1,9,True,,,,,,,,False,,,,,,
3h5r,8bfd,3h5r,H,8bfd,B,1,10,True,,,,,,,,False,,,,,,
3h9q,4dg4,3h9q,F,4dg4,C,1,8,True,,,,,,,,False,,,,,,
3h9q,4jna,3h9q,F,4jna,C,1,9,True,,,,,,,,False,,,,,,
3h9q,4knl,3h9q,F,4knl,F,1,9,True,,,,,,,,False,,,,,,
3h9q,4ucb,3h9q,F,4ucb,D,1,7,True,,,,,,,,False,,,,,,
3h9q,6whq,3h9q,F,6whq,F,1,9,True,,,,,,,,False,,,,,,
3h9q,7lkc,3h9q,F,7lkc,B,1,8,True,,,,,,,,False,,,,,,
3k26,3l35,3k26,B,3l35,F,1,8,True,,,,,,,,False,,,,,,
3k26,4gm8,3k26,B,4gm8,E,1,10,True,,,,,,,,False,,,,,,
3kzi,4v62,3kzi,Q,4v62,Q,28,2,False,True,True,False,False,True,28,28,True,0.0004984166959864972,0.0008262081614674009,0.000476497801907519,False,91.69000000000001,True
3kzi,4v62,3kzi,L,4v62,L,34,3,False,True,True,False,False,True,34,34,True,0.0006830001898974115,0.0012367249436948708,0.0006406409916996957,False,116.36000000000001,True
3kzi,4v62,3kzi,H,4v62,H,35,3,False,True,True,False,False,True,35,35,True,0.0007118900140206048,0.001174875234001782,0.0006666222194869501,False,108.34,True
3kzi,4v62,3kzi,S,4v62,T,62,2,False,True,True,False,False,True,62,62,True,0.000689235865077897,0.0013682599232031404,0.000643462286091035,False,103.0,True
3kzi,4v62,3kzi,A,4v62,A,335,3,False,True,True,False,False,True,335,335,True,0.0007053810579911785,0.001367904826806538,0.0006590488403633265,False,127.84,True
3kzi,4v62,3kzi,D,4v62,D,340,3,False,True,True,False,False,True,340,340,True,0.0007022351791478473,0.0013659931276119943,0.0006557596542273531,False,118.59,True
3kzi,4v82,3kzi,S,4v82,T,62,5,False,True,True,False,False,True,62,62,True,0.0012579871091544614,0.0030696795132486255,0.001151245755611103,False,44.75999999999999,True
3kzi,4v82,3kzi,A,4v82,A,335,6,False,True,True,False,False,True,335,335,True,0.001201359046226955,0.0028919195197894677,0.001108639944617191,False,80.60000000000001,True
3l35,3td5,3l35,E,3td5,I,1,8,True,,,,,,,,False,,,,,,
3l35,3td5,3l35,E,3td5,J,1,9,True,,,,,,,,False,,,,,,
3l35,3td5,3l35,E,3td5,K,1,9,True,,,,,,,,False,,,,,,
3l35,3td5,3l35,E,3td5,L,1,8,True,,,,,,,,False,,,,,,
3l35,3td5,3l35,E,3td5,N,1,8,True,,,,,,,,False,,,,,,
3l35,3td5,3l35,E,3td5,O,1,9,True,,,,,,,,False,,,,,,
3l35,4qg1,3l35,D,4qg1,A,1,4,True,,,,,,,,False,,,,,,
3l35,4rcp,3l35,E,4rcp,B,1,9,True,,,,,,,,False,,,,,,
3l35,5dir,3l35,D,5dir,G,1,8,True,,,,,,,,False,,,,,,
3l35,6e8m,3l35,D,6e8m,B,1,7,True,,,,,,,,False,,,,,,
3l35,6ecf,3l35,E,6ecf,I,1,10,True,,,,,,,,False,,,,,,
3l35,6fcr,3l35,E,6fcr,B,1,9,True,,,,,,,,False,,,,,,
3l35,6fms,3l35,D,6fms,H,1,5,True,,,,,,,,False,,,,,,
3l35,6m9c,3l35,D,6m9c,B,1,10,True,,,,,,,,False,,,,,,
3l35,6mw2,3l35,E,6mw2,A,1,9,True,,,,,,,,False,,,,,,
3l35,6s7g,3l35,E,6s7g,H,1,9,True,,,,,,,,False,,,,,,
3l35,6tsl,3l35,D,6tsl,B,1,6,True,,,,,,,,False,,,,,,
3l35,6wi3,3l35,E,6wi3,D,1,7,True,,,,,,,,False,,,,,,
3l35,6wuu,3l35,D,6wuu,G,1,8,True,,,,,,,,False,,,,,,
3l35,6wuu,3l35,D,6wuu,H,1,9,True,,,,,,,,False,,,,,,
3l35,7q4t,3l35,E,7q4t,B,1,5,True,,,,,,,,False,,,,,,
3l35,8ano,3l35,D,8ano,G,1,6,True,,,,,,,,False,,,,,,
3l35,8aoo,3l35,D,8aoo,G,1,4,True,,,,,,,,False,,,,,,
3l35,8g82,3l35,F,8g82,A,1,10,True,,,,,,,,False,,,,,,
3l35,8g82,3l35,F,8g82,J,1,9,True,,,,,,,,False,,,,,,
3l35,8i82,3l35,E,8i82,C,1,9,True,,,,,,,,False,,,,,,
3l35,8pwp,3l35,D,8pwp,A,1,9,True,,,,,,,,False,,,,,,
3l35,8sou,3l35,D,8sou,B,1,10,True,,,,,,,,False,,,,,,
3l35,8ti6,3l35,D,8ti6,B,1,10,True,,,,,,,,False,,,,,,
3l35,8vjw,3l35,D,8vjw,D,1,8,True,,,,,,,,False,,,,,,
3l35,8vld,3l35,E,8vld,B,1,8,True,,,,,,,,False,,,,,,
3l35,9emz,3l35,D,9emz,G,1,10,True,,,,,,,,False,,,,,,
3l35,9fxn,3l35,D,9fxn,A,1,8,True,,,,,,,,False,,,,,,
3l37,5dir,3l37,B,5dir,E,1,10,True,,,,,,,,False,,,,,,
3l37,6fms,3l37,B,6fms,G,1,10,True,,,,,,,,False,,,,,,
3l37,6phm,3l37,B,6phm,A,1,6,True,,,,,,,,False,,,,,,
3l37,7axp,3l37,B,7axp,B,1,7,True,,,,,,,,False,,,,,,
3l37,7lkc,3l37,B,7lkc,A,1,6,True,,,,,,,,False,,,,,,
3l37,8vld,3l37,B,8vld,A,1,7,True,,,,,,,,False,,,,,,
3l3o,3ohx,3l3o,C,3ohx,E,84,4,False,True,True,False,False,True,84,84,True,0.0006804025795809346,0.0012894060653676038,0.000635352587706229,False,54.390000000000015,True
3l3o,3ohx,3l3o,D,3ohx,F,84,3,False,True,True,False,False,True,84,84,True,0.0007019742014602637,0.0012302470095990042,0.0006542055438991639,False,46.290000000000006,True
3l3o,3ohx,3l3o,B,3ohx,B,184,3,False,True,True,False,False,True,184,184,True,0.0007151465748227042,0.0015045652647619108,0.0006696211244545134,False,50.379999999999995,True
3l3o,3ohx,3l3o,B,3ohx,D,184,3,False,True,True,False,False,True,184,184,True,0.0008536389247772274,0.0018987920702035301,0.000797788859730858,False,43.21,True
3l3o,3ohx,3l3o,H,3ohx,B,184,4,False,True,True,False,False,True,184,184,True,0.0008695317219467735,0.0017939137791636937,0.0008111461755197875,False,50.379999999999995,True
3l3o,3ohx,3l3o,H,3ohx,D,184,3,False,True,True,False,False,True,184,184,True,0.0007046879624913468,0.00140355799231881,0.0006577596114839586,False,43.21,True
3lvy,5dir,3lvy,E,5dir,E,1,9,True,,,,,,,,False,,,,,,
3lvy,5dir,3lvy,E,5dir,H,1,7,True,,,,,,,,False,,,,,,
3lvy,5efk,3lvy,E,5efk,B,1,8,True,,,,,,,,False,,,,,,
3lvy,6fbt,3lvy,E,6fbt,B,1,6,True,,,,,,,,False,,,,,,
3lvy,7lkc,3lvy,E,7lkc,A,1,7,True,,,,,,,,False,,,,,,
3lvy,8hoo,3lvy,E,8hoo,D,1,5,True,,,,,,,,False,,,,,,
3lvy,8vld,3lvy,E,8vld,A,1,6,True,,,,,,,,False,,,,,,
3mbu,3uw5,3mbu,D,3uw5,C,1,7,True,,,,,,,,False,,,,,,
3mbu,4fbv,3mbu,D,4fbv,A,1,8,True,,,,,,,,False,,,,,,
3mbu,4y6v,3mbu,D,4y6v,CA,1,9,True,,,,,,,,False,,,,,,
3mbu,4y84,3mbu,D,4y84,DA,1,9,True,,,,,,,,False,,,,,,
3mbu,5dc8,3mbu,A,5dc8,C,1,10,True,,,,,,,,False,,,,,,
3mbu,5nf0,3mbu,B,5nf0,F,1,9,True,,,,,,,,False,,,,,,
3mbu,6ecd,3mbu,A,6ecd,B,1,10,True,,,,,,,,False,,,,,,
3mbu,6ucw,3mbu,A,6ucw,A,1,8,True,,,,,,,,False,,,,,,
3mbu,7ms1,3mbu,D,7ms1,A,1,8,True,,,,,,,,False,,,,,,
3mbu,7rxf,3mbu,A,7rxf,A,1,6,True,,,,,,,,False,,,,,,
3mbu,8hor,3mbu,A,8hor,C,1,9,True,,,,,,,,False,,,,,,
3mbu,8i84,3mbu,A,8i84,C,1,8,True,,,,,,,,False,,,,,,
3mbu,8vld,3mbu,D,8vld,B,1,9,True,,,,,,,,False,,,,,,
3mbu,9qbe,3mbu,D,9qbe,DA,1,1,True,,,,,,,,False,,,,,,
3mgn,3nzj,3mgn,K,3nzj,CA,1,10,True,,,,,,,,False,,,,,,
3mgn,3nzj,3mgn,K,3nzj,DA,1,10,True,,,,,,,,False,,,,,,
3mgn,5n8j,3mgn,H,5n8j,G,1,10,True,,,,,,,,False,,,,,,
3nzw,6s5p,3nzw,CA,6s5p,F,1,9,True,,,,,,,,False,,,,,,
3nzx,4ucb,3nzx,CA,4ucb,D,1,7,True,,,,,,,,False,,,,,,
3ove,4dg4,3ove,B,4dg4,D,1,9,True,,,,,,,,False,,,,,,
3ove,7lfv,3ove,B,7lfv,C,1,3,True,,,,,,,,False,,,,,,
3ove,8pwp,3ove,B,8pwp,A,1,10,True,,,,,,,,False,,,,,,
3ove,8sou,3ove,B,8sou,B,1,9,True,,,,,,,,False,,,,,,
3ove,8vjw,3ove,B,8vjw,F,1,10,True,,,,,,,,False,,,,,,
3ove,8ysa,3ove,B,8ysa,B,1,10,True,,,,,,,,False,,,,,,
3ove,9i24,3ove,B,9i24,D,1,10,True,,,,,,,,False,,,,,,
3q4a,5d53,3q4a,B,5d53,A,1,10,True,,,,,,,,False,,,,,,
3q4a,6pt2,3q4a,B,6pt2,D,1,10,True,,,,,,,,False,,,,,,
3q4a,7ofv,3q4a,B,7ofv,B,1,9,True,,,,,,,,False,,,,,,
3q4a,8hoq,3q4a,B,8hoq,D,1,9,True,,,,,,,,False,,,,,,
3q4a,9qbe,3q4a,B,9qbe,FA,1,8,True,,,,,,,,False,,,,,,
3qxy,3rc0,3qxy,B,3rc0,D,1,8,True,,,,,,,,False,,,,,,
3qxy,3s8l,3qxy,B,3s8l,B,1,9,True,,,,,,,,False,,,,,,
3qxy,4dg4,3qxy,B,4dg4,D,1,3,True,,,,,,,,False,,,,,,
3qxy,4fln,3qxy,B,4fln,F,1,9,True,,,,,,,,False,,,,,,
3qxy,4gr7,3qxy,B,4gr7,A,1,6,True,,,,,,,,False,,,,,,
3qxy,4o46,3qxy,B,4o46,L,1,6,True,,,,,,,,False,,,,,,
3qxy,4uca,3qxy,B,4uca,C,1,9,True,,,,,,,,False,,,,,,
3qxy,4zkr,3qxy,B,4zkr,B,1,1,True,,,,,,,,False,,,,,,
3qxy,5etf,3qxy,B,5etf,B,1,7,True,,,,,,,,False,,,,,,
3qxy,5nwk,3qxy,B,5nwk,P,1,1,True,,,,,,,,False,,,,,,
3qxy,5tdb,3qxy,B,5tdb,B,1,4,True,,,,,,,,False,,,,,,
3qxy,6fcs,3qxy,B,6fcs,B,1,6,True,,,,,,,,False,,,,,,
3qxy,6fvn,3qxy,B,6fvn,D,1,6,True,,,,,,,,False,,,,,,
3qxy,6fvn,3qxy,B,6fvn,F,1,1,True,,,,,,,,False,,,,,,
3qxy,6g8k,3qxy,B,6g8k,B,1,8,True,,,,,,,,False,,,,,,
3qxy,6tdb,3qxy,B,6tdb,F,1,10,True,,,,,,,,False,,,,,,
3qxy,6wuu,3qxy,B,6wuu,F,1,7,True,,,,,,,,False,,,,,,
3qxy,8sou,3qxy,B,8sou,B,1,10,True,,,,,,,,False,,,,,,
3qxy,8vjw,3qxy,B,8vjw,F,1,2,True,,,,,,,,False,,,,,,
3qxy,8vpe,3qxy,B,8vpe,B,1,2,True,,,,,,,,False,,,,,,
3qxy,8ysa,3qxy,B,8ysa,B,1,3,True,,,,,,,,False,,,,,,
3qxy,9i24,3qxy,B,9i24,D,1,10,True,,,,,,,,False,,,,,,
3rc0,3s8l,3rc0,D,3s8l,B,1,5,True,,,,,,,,False,,,,,,
3rc0,4dg4,3rc0,D,4dg4,D,1,7,True,,,,,,,,False,,,,,,
3rc0,4gr7,3rc0,D,4gr7,A,1,6,True,,,,,,,,False,,,,,,
3rc0,4o46,3rc0,D,4o46,L,1,5,True,,,,,,,,False,,,,,,
3rc0,4qg1,3rc0,D,4qg1,A,1,8,True,,,,,,,,False,,,,,,
3rc0,4uca,3rc0,D,4uca,C,1,4,True,,,,,,,,False,,,,,,
3rc0,4z33,3rc0,D,4z33,C,1,8,True,,,,,,,,False,,,,,,
3rc0,4zkr,3rc0,D,4zkr,B,1,9,True,,,,,,,,False,,,,,,
3rc0,5dir,3rc0,D,5dir,G,1,7,True,,,,,,,,False,,,,,,
3rc0,5etf,3rc0,D,5etf,B,1,4,True,,,,,,,,False,,,,,,
3rc0,5nwk,3rc0,D,5nwk,P,1,9,True,,,,,,,,False,,,,,,
3rc0,5tdb,3rc0,D,5tdb,B,1,8,True,,,,,,,,False,,,,,,
3rc0,6fcs,3rc0,D,6fcs,B,1,4,True,,,,,,,,False,,,,,,
3rc0,6fms,3rc0,D,6fms,H,1,10,True,,,,,,,,False,,,,,,
3rc0,6fvn,3rc0,D,6fvn,D,1,8,True,,,,,,,,False,,,,,,
3rc0,6fvn,3rc0,D,6fvn,F,1,9,True,,,,,,,,False,,,,,,
3rc0,6g8k,3rc0,D,6g8k,B,1,7,True,,,,,,,,False,,,,,,
3rc0,8ano,3rc0,D,8ano,G,1,8,True,,,,,,,,False,,,,,,
3rc0,8t5p,3rc0,D,8t5p,I,1,7,True,,,,,,,,False,,,,,,
3rc0,8vjw,3rc0,D,8vjw,D,1,7,True,,,,,,,,False,,,,,,
3rc0,8vjw,3rc0,D,8vjw,F,1,8,True,,,,,,,,False,,,,,,
3rc0,8vpe,3rc0,D,8vpe,B,1,9,True,,,,,,,,False,,,,,,
3rc0,8ysa,3rc0,D,8ysa,B,1,7,True,,,,,,,,False,,,,,,
3rhw,3ria,3rhw,C,3ria,C,339,7,False,True,True,False,False,True,339,339,True,0.0019977111685929774,0.009272381487269192,0.0017637219812288618,False,132.5,True
3rhw,3ria,3rhw,B,3ria,B,340,8,False,True,True,False,False,True,340,340,True,0.0020118202458502426,0.0070874535753474785,0.0017919786385212774,False,73.4,True
3rhw,3ria,3rhw,E,3ria,E,340,9,False,True,True,False,False,True,340,340,True,0.0019947939804973447,0.00849315344402566,0.001746109180280473,False,88.08999999999999,True
3run,7zmu,3run,B,7zmu,B,1,8,True,,,,,,,,False,,,,,,
3s60,8vjf,3s60,A,8vjf,B,1,10,True,,,,,,,,False,,,,,,
3s8l,4fln,3s8l,B,4fln,F,1,8,True,,,,,,,,False,,,,,,
3s8l,4gr7,3s8l,B,4gr7,A,1,7,True,,,,,,,,False,,,,,,
3s8l,4o46,3s8l,B,4o46,L,1,5,True,,,,,,,,False,,,,,,
3s8l,4uca,3s8l,B,4uca,C,1,6,True,,,,,,,,False,,,,,,
3s8l,4z33,3s8l,B,4z33,C,1,9,True,,,,,,,,False,,,,,,
3s8l,4zkr,3s8l,B,4zkr,B,1,9,True,,,,,,,,False,,,,,,
3s8l,5dir,3s8l,B,5dir,G,1,10,True,,,,,,,,False,,,,,,
3s8l,5etf,3s8l,B,5etf,B,1,5,True,,,,,,,,False,,,,,,
3s8l,5nwk,3s8l,B,5nwk,P,1,9,True,,,,,,,,False,,,,,,
3s8l,5tdb,3s8l,B,5tdb,B,1,5,True,,,,,,,,False,,,,,,
3s8l,6fcs,3s8l,B,6fcs,B,1,4,True,,,,,,,,False,,,,,,
3s8l,6fvn,3s8l,B,6fvn,D,1,9,True,,,,,,,,False,,,,,,
3s8l,6fvn,3s8l,B,6fvn,F,1,10,True,,,,,,,,False,,,,,,
3s8l,6g8k,3s8l,B,6g8k,B,1,3,True,,,,,,,,False,,,,,,
3s8l,6wuu,3s8l,B,6wuu,F,1,8,True,,,,,,,,False,,,,,,
3s8l,8t5p,3s8l,B,8t5p,I,1,8,True,,,,,,,,False,,,,,,
3s8l,8vjw,3s8l,B,8vjw,D,1,9,True,,,,,,,,False,,,,,,
3s8l,8vpe,3s8l,B,8vpe,B,1,8,True,,,,,,,,False,,,,,,
3s8n,4y84,3s8n,B,4y84,FA,1,10,True,,,,,,,,False,,,,,,
3s8n,5i5a,3s8n,B,5i5a,B,1,10,True,,,,,,,,False,,,,,,
3s8n,5jqs,3s8n,B,5jqs,B,1,6,True,,,,,,,,False,,,,,,
3s8n,6xbg,3s8n,B,6xbg,D,1,7,True,,,,,,,,False,,,,,,
3s8n,8pwp,3s8n,B,8pwp,A,1,10,True,,,,,,,,False,,,,,,
3s8n,8vjd,3s8n,B,8vjd,C,1,9,True,,,,,,,,False,,,,,,
3s8n,9j3s,3s8n,B,9j3s,A,1,7,True,,,,,,,,False,,,,,,
3s8o,4dg4,3s8o,B,4dg4,C,1,9,True,,,,,,,,False,,,,,,
3s8o,4jna,3s8o,B,4jna,C,1,7,True,,,,,,,,False,,,,,,
3s8o,5d13,3s8o,B,5d13,I,1,7,True,,,,,,,,False,,,,,,
3s8o,5gnd,3s8o,B,5gnd,B,1,8,True,,,,,,,,False,,,,,,
3s8o,5lrk,3s8o,B,5lrk,F,1,4,True,,,,,,,,False,,,,,,
3s8o,6whq,3s8o,B,6whq,F,1,3,True,,,,,,,,False,,,,,,
3s8o,9emz,3s8o,B,9emz,E,1,7,True,,,,,,,,False,,,,,,
3td5,3u1i,3td5,P,3u1i,E,1,10,True,,,,,,,,False,,,,,,
3td5,4fln,3td5,L,4fln,D,1,8,True,,,,,,,,False,,,,,,
3td5,4fln,3td5,M,4fln,D,1,5,True,,,,,,,,False,,,,,,
3td5,4fln,3td5,N,4fln,D,1,8,True,,,,,,,,False,,,,,,
3td5,4fln,3td5,O,4fln,D,1,7,True,,,,,,,,False,,,,,,
3td5,5d54,3td5,M,5d54,B,1,9,True,,,,,,,,False,,,,,,
3td5,5mfk,3td5,P,5mfk,D,1,10,True,,,,,,,,False,,,,,,
3td5,6fcr,3td5,I,6fcr,B,1,6,True,,,,,,,,False,,,,,,
3td5,6fcr,3td5,P,6fcr,B,1,6,True,,,,,,,,False,,,,,,
3td5,6m9d,3td5,M,6m9d,B,1,10,True,,,,,,,,False,,,,,,
3td5,6mw2,3td5,I,6mw2,A,1,6,True,,,,,,,,False,,,,,,
3td5,6mw2,3td5,P,6mw2,A,1,5,True,,,,,,,,False,,,,,,
3td5,6ppm,3td5,I,6ppm,L,1,10,True,,,,,,,,False,,,,,,
3td5,6ppm,3td5,P,6ppm,L,1,8,True,,,,,,,,False,,,,,,
3td5,6wi3,3td5,I,6wi3,D,1,10,True,,,,,,,,False,,,,,,
3td5,6wi3,3td5,J,6wi3,D,1,9,True,,,,,,,,False,,,,,,
3td5,6wi3,3td5,K,6wi3,D,1,9,True,,,,,,,,False,,,,,,
3td5,6wi3,3td5,L,6wi3,D,1,8,True,,,,,,,,False,,,,,,
3td5,6wi3,3td5,M,6wi3,D,1,8,True,,,,,,,,False,,,,,,
3td5,6wi3,3td5,N,6wi3,D,1,8,True,,,,,,,,False,,,,,,
3td5,6wi3,3td5,O,6wi3,D,1,9,True,,,,,,,,False,,,,,,
3td5,7q4t,3td5,I,7q4t,B,1,6,True,,,,,,,,False,,,,,,
3td5,7q4t,3td5,J,7q4t,B,1,9,True,,,,,,,,False,,,,,,
3td5,7q4t,3td5,K,7q4t,B,1,7,True,,,,,,,,False,,,,,,
3td5,7q4t,3td5,P,7q4t,B,1,7,True,,,,,,,,False,,,,,,
3td5,7u0e,3td5,P,7u0e,C,1,10,True,,,,,,,,False,,,,,,
3td5,7zb0,3td5,M,7zb0,E,1,9,True,,,,,,,,False,,,,,,
3td5,7zb0,3td5,O,7zb0,E,1,10,True,,,,,,,,False,,,,,,
3td5,8i82,3td5,J,8i82,C,1,9,True,,,,,,,,False,,,,,,
3td5,8i82,3td5,K,8i82,C,1,8,True,,,,,,,,False,,,,,,
3td5,8i82,3td5,L,8i82,C,1,10,True,,,,,,,,False,,,,,,
3td5,8i82,3td5,N,8i82,C,1,10,True,,,,,,,,False,,,,,,
3td5,9qby,3td5,I,9qby,DA,1,6,True,,,,,,,,False,,,,,,
3td5,9qby,3td5,J,9qby,DA,1,5,True,,,,,,,,False,,,,,,
3td5,9qby,3td5,K,9qby,DA,1,5,True,,,,,,,,False,,,,,,
3td5,9qby,3td5,L,9qby,DA,1,7,True,,,,,,,,False,,,,,,
3td5,9qby,3td5,N,9qby,DA,1,7,True,,,,,,,,False,,,,,,
3td5,9qby,3td5,O,9qby,DA,1,8,True,,,,,,,,False,,,,,,
3u1i,7o50,3u1i,E,7o50,D,1,7,True,,,,,,,,False,,,,,,
3u1i,9qby,3u1i,E,9qby,GA,1,4,True,,,,,,,,False,,,,,,
3u8o,4dkt,3u8o,C,4dkt,B,1,10,True,,,,,,,,False,,,,,,
3u8o,8pwp,3u8o,C,8pwp,A,1,8,True,,,,,,,,False,,,,,,
3uw5,4fbv,3uw5,D,4fbv,A,1,7,True,,,,,,,,False,,,,,,
3uw5,4gm9,3uw5,C,4gm9,C,1,10,True,,,,,,,,False,,,,,,
3uw5,4jsq,3uw5,C,4jsq,DA,1,10,True,,,,,,,,False,,,,,,
3uw5,4y6a,3uw5,C,4y6a,DA,1,9,True,,,,,,,,False,,,,,,
3uw5,4y6v,3uw5,C,4y6v,CA,1,8,True,,,,,,,,False,,,,,,
3uw5,6s5p,3uw5,D,6s5p,G,1,8,True,,,,,,,,False,,,,,,
3uw5,9ehn,3uw5,C,9ehn,C,1,10,True,,,,,,,,False,,,,,,
3uw5,9emz,3uw5,C,9emz,F,1,9,True,,,,,,,,False,,,,,,
3uw5,9qbe,3uw5,C,9qbe,DA,1,7,True,,,,,,,,False,,,,,,
3uw5,9qbe,3uw5,C,9qbe,EA,1,10,True,,,,,,,,False,,,,,,
4cvk,5nqa,4cvk,B,5nqa,C,1,8,True,,,,,,,,False,,,,,,
4cvk,6rlz,4cvk,B,6rlz,D,1,8,True,,,,,,,,False,,,,,,
4dg4,4gr7,4dg4,D,4gr7,A,1,6,True,,,,,,,,False,,,,,,
4dg4,4jna,4dg4,C,4jna,C,1,10,True,,,,,,,,False,,,,,,
4dg4,4knl,4dg4,C,4knl,F,1,6,True,,,,,,,,False,,,,,,
4dg4,4o46,4dg4,D,4o46,L,1,9,True,,,,,,,,False,,,,,,
4dg4,4ucb,4dg4,C,4ucb,D,1,10,True,,,,,,,,False,,,,,,
4dg4,4z33,4dg4,D,4z33,C,1,3,True,,,,,,,,False,,,,,,
4dg4,4zkr,4dg4,D,4zkr,B,1,3,True,,,,,,,,False,,,,,,
4dg4,5etf,4dg4,D,5etf,B,1,7,True,,,,,,,,False,,,,,,
4dg4,5gnd,4dg4,C,5gnd,B,1,4,True,,,,,,,,False,,,,,,
4dg4,5lrk,4dg4,C,5lrk,F,1,9,True,,,,,,,,False,,,,,,
4dg4,5nwk,4dg4,D,5nwk,P,1,3,True,,,,,,,,False,,,,,,
4dg4,5tdb,4dg4,D,5tdb,B,1,7,True,,,,,,,,False,,,,,,
4dg4,6fcs,4dg4,D,6fcs,B,1,9,True,,,,,,,,False,,,,,,
4dg4,6fvn,4dg4,D,6fvn,D,1,5,True,,,,,,,,False,,,,,,
4dg4,6fvn,4dg4,D,6fvn,F,1,2,True,,,,,,,,False,,,,,,
4dg4,6m9c,4dg4,C,6m9c,B,1,8,True,,,,,,,,False,,,,,,
4dg4,6whq,4dg4,C,6whq,F,1,6,True,,,,,,,,False,,,,,,
4dg4,6wuu,4dg4,C,6wuu,E,1,7,True,,,,,,,,False,,,,,,
4dg4,6wuu,4dg4,D,6wuu,F,1,10,True,,,,,,,,False,,,,,,
4dg4,7lkc,4dg4,C,7lkc,B,1,7,True,,,,,,,,False,,,,,,
4dg4,8sou,4dg4,D,8sou,B,1,9,True,,,,,,,,False,,,,,,
4dg4,8ti6,4dg4,C,8ti6,B,1,10,True,,,,,,,,False,,,,,,
4dg4,8vjw,4dg4,D,8vjw,F,1,1,True,,,,,,,,False,,,,,,
4dg4,8vpe,4dg4,D,8vpe,B,1,4,True,,,,,,,,False,,,,,,
4dg4,8ysa,4dg4,D,8ysa,B,1,1,True,,,,,,,,False,,,,,,
4dg4,9emz,4dg4,C,9emz,E,1,8,True,,,,,,,,False,,,,,,
4dg4,9emz,4dg4,C,9emz,G,1,8,True,,,,,,,,False,,,,,,
4dg4,9emz,4dg4,C,9emz,H,1,7,True,,,,,,,,False,,,,,,
4dg4,9i24,4dg4,D,9i24,D,1,7,True,,,,,,,,False,,,,,,
4dkt,6xbg,4dkt,B,6xbg,C,1,9,True,,,,,,,,False,,,,,,
4f75,6fms,4f75,D,6fms,E,1,10,True,,,,,,,,False,,,,,,
4f75,6fms,4f75,D,6fms,F,1,10,True,,,,,,,,False,,,,,,
4f75,6wuu,4f75,D,6wuu,E,1,7,True,,,,,,,,False,,,,,,
4f75,7lfu,4f75,D,7lfu,B,1,10,True,,,,,,,,False,,,,,,
4f75,7lkc,4f75,D,7lkc,B,1,10,True,,,,,,,,False,,,,,,
4f75,8hoo,4f75,D,8hoo,C,1,5,True,,,,,,,,False,,,,,,
4f75,8pxy,4f75,D,8pxy,B,1,8,True,,,,,,,,False,,,,,,
4f75,9emz,4f75,D,9emz,H,1,9,True,,,,,,,,False,,,,,,
4f9n,4i47,4f9n,A,4i47,A,246,1,False,True,True,False,False,True,246,246,True,0.000598046522347115,0.0014620738483344664,0.0005363581888763692,True,0.0,True
4fbv,4y6a,4fbv,A,4y6a,CA,1,8,True,,,,,,,,False,,,,,,
4fbv,5d53,4fbv,A,5d53,A,1,8,True,,,,,,,,False,,,,,,
4fbv,5d54,4fbv,A,5d54,B,1,8,True,,,,,,,,False,,,,,,
4fbv,6m9d,4fbv,A,6m9d,B,1,10,True,,,,,,,,False,,,,,,
4fbv,6wi3,4fbv,A,6wi3,D,1,9,True,,,,,,,,False,,,,,,
4fbv,7ofv,4fbv,A,7ofv,B,1,10,True,,,,,,,,False,,,,,,
4fbv,8i82,4fbv,A,8i82,C,1,5,True,,,,,,,,False,,,,,,
4fbv,9qbe,4fbv,A,9qbe,DA,1,8,True,,,,,,,,False,,,,,,
4fln,4jt0,4fln,F,4jt0,CA,1,3,True,,,,,,,,False,,,,,,
4fln,4jt0,4fln,F,4jt0,DA,1,4,True,,,,,,,,False,,,,,,
4fln,4z33,4fln,F,4z33,C,1,9,True,,,,,,,,False,,,,,,
4fln,4zkr,4fln,F,4zkr,B,1,9,True,,,,,,,,False,,,,,,
4fln,5etf,4fln,F,5etf,B,1,8,True,,,,,,,,False,,,,,,
4fln,5nwk,4fln,F,5nwk,P,1,9,True,,,,,,,,False,,,,,,
4fln,5tdb,4fln,F,5tdb,B,1,5,True,,,,,,,,False,,,,,,
4fln,6fvn,4fln,F,6fvn,F,1,9,True,,,,,,,,False,,,,,,
4fln,6g8k,4fln,F,6g8k,B,1,5,True,,,,,,,,False,,,,,,
4fln,6m9d,4fln,D,6m9d,B,1,10,True,,,,,,,,False,,,,,,
4fln,7qdi,4fln,F,7qdi,G,1,10,True,,,,,,,,False,,,,,,
4fln,7zb0,4fln,D,7zb0,E,1,8,True,,,,,,,,False,,,,,,
4fln,8sou,4fln,F,8sou,B,1,10,True,,,,,,,,False,,,,,,
4fln,8v2n,4fln,D,8v2n,B,1,7,True,,,,,,,,False,,,,,,
4fln,8vjw,4fln,F,8vjw,F,1,10,True,,,,,,,,False,,,,,,
4fzg,4s1x,4fzg,CA,4s1x,F,1,9,True,,,,,,,,False,,,,,,
4fzg,5nqa,4fzg,EA,5nqa,C,1,9,True,,,,,,,,False,,,,,,
4fzg,5zms,4fzg,CA,5zms,J,1,5,True,,,,,,,,False,,,,,,
4fzg,8bfd,4fzg,EA,8bfd,B,1,9,True,,,,,,,,False,,,,,,
4gk7,4ucb,4gk7,DA,4ucb,C,1,9,True,,,,,,,,False,,,,,,
4gm9,6xbg,4gm9,D,6xbg,C,1,5,True,,,,,,,,False,,,,,,
4gmb,4nz8,4gmb,B,4nz8,B,1,10,True,,,,,,,,False,,,,,,
4gr7,4o46,4gr7,A,4o46,L,1,3,True,,,,,,,,False,,,,,,
4gr7,4uca,4gr7,A,4uca,C,1,7,True,,,,,,,,False,,,,,,
4gr7,4z33,4gr7,A,4z33,C,1,6,True,,,,,,,,False,,,,,,
4gr7,4zkr,4gr7,A,4zkr,B,1,6,True,,,,,,,,False,,,,,,
4gr7,5etf,4gr7,A,5etf,B,1,7,True,,,,,,,,False,,,,,,
4gr7,5nwk,4gr7,A,5nwk,P,1,6,True,,,,,,,,False,,,,,,
4gr7,5tdb,4gr7,A,5tdb,B,1,10,True,,,,,,,,False,,,,,,
4gr7,6fcs,4gr7,A,6fcs,B,1,3,True,,,,,,,,False,,,,,,
4gr7,6fvn,4gr7,A,6fvn,D,1,3,True,,,,,,,,False,,,,,,
4gr7,6fvn,4gr7,A,6fvn,F,1,7,True,,,,,,,,False,,,,,,
4gr7,6g8k,4gr7,A,6g8k,B,1,10,True,,,,,,,,False,,,,,,
4gr7,6wuu,4gr7,A,6wuu,F,1,5,True,,,,,,,,False,,,,,,
4gr7,8vjw,4gr7,A,8vjw,F,1,5,True,,,,,,,,False,,,,,,
4gr7,8vpe,4gr7,A,8vpe,B,1,4,True,,,,,,,,False,,,,,,
4gr7,8ysa,4gr7,A,8ysa,B,1,6,True,,,,,,,,False,,,,,,
4gr7,9ex5,4gr7,A,9ex5,E,1,10,True,,,,,,,,False,,,,,,
4han,6m9c,4han,D,6m9c,B,1,10,True,,,,,,,,False,,,,,,
4han,8c3d,4han,D,8c3d,B,1,10,True,,,,,,,,False,,,,,,
4han,8pwp,4han,D,8pwp,A,1,9,True,,,,,,,,False,,,,,,
4han,9fxn,4han,D,9fxn,A,1,10,True,,,,,,,,False,,,,,,
4jj7,5i5a,4jj7,B,5i5a,B,1,5,True,,,,,,,,False,,,,,,
4jj7,5jqs,4jj7,B,5jqs,B,1,8,True,,,,,,,,False,,,,,,
4jj7,5lrk,4jj7,B,5lrk,D,1,9,True,,,,,,,,False,,,,,,
4jj7,5lrk,4jj7,B,5lrk,E,1,4,True,,,,,,,,False,,,,,,
4jj7,6phq,4jj7,B,6phq,A,1,4,True,,,,,,,,False,,,,,,
4jj7,8cis,4jj7,B,8cis,D,1,10,True,,,,,,,,False,,,,,,
4jj7,8hoo,4jj7,B,8hoo,C,1,9,True,,,,,,,,False,,,,,,
4jj7,9j3s,4jj7,B,9j3s,A,1,7,True,,,,,,,,False,,,,,,
4jj7,9j3s,4jj7,B,9j3s,D,1,4,True,,,,,,,,False,,,,,,
4jj7,9mkj,4jj7,B,9mkj,E,1,10,True,,,,,,,,False,,,,,,
4jj8,4knl,4jj8,D,4knl,E,1,3,True,,,,,,,,False,,,,,,
4jj8,5b6l,4jj8,D,5b6l,B,1,3,True,,,,,,,,False,,,,,,
4jj8,5dir,4jj8,C,5dir,F,1,8,True,,,,,,,,False,,,,,,
4jj8,5dir,4jj8,D,5dir,E,1,7,True,,,,,,,,False,,,,,,
4jj8,5efk,4jj8,D,5efk,B,1,8,True,,,,,,,,False,,,,,,
4jj8,5m2h,4jj8,C,5m2h,A,1,9,True,,,,,,,,False,,,,,,
4jj8,6fbt,4jj8,C,6fbt,B,1,7,True,,,,,,,,False,,,,,,
4jj8,6fms,4jj8,D,6fms,E,1,3,True,,,,,,,,False,,,,,,
4jj8,6fms,4jj8,D,6fms,F,1,3,True,,,,,,,,False,,,,,,
4jj8,6fms,4jj8,D,6fms,G,1,4,True,,,,,,,,False,,,,,,
4jj8,6ryo,4jj8,C,6ryo,B,1,3,True,,,,,,,,False,,,,,,
4jj8,6tch,4jj8,C,6tch,B,1,7,True,,,,,,,,False,,,,,,
4jj8,7axp,4jj8,D,7axp,B,1,6,True,,,,,,,,False,,,,,,
4jj8,7lkc,4jj8,D,7lkc,A,1,9,True,,,,,,,,False,,,,,,
4jj8,7nxe,4jj8,D,7nxe,C,1,6,True,,,,,,,,False,,,,,,
4jj8,8hoo,4jj8,C,8hoo,D,1,9,True,,,,,,,,False,,,,,,
4jj8,8vld,4jj8,D,8vld,A,1,10,True,,,,,,,,False,,,,,,
4jna,5d13,4jna,C,5d13,I,1,10,True,,,,,,,,False,,,,,,
4jna,5lrk,4jna,C,5lrk,F,1,7,True,,,,,,,,False,,,,,,
4jna,6fms,4jna,C,6fms,G,1,10,True,,,,,,,,False,,,,,,
4jna,6whq,4jna,C,6whq,F,1,10,True,,,,,,,,False,,,,,,
4jna,6wuu,4jna,D,6wuu,G,1,9,True,,,,,,,,False,,,,,,
4jna,7lkc,4jna,C,7lkc,B,1,9,True,,,,,,,,False,,,,,,
4jna,8ti6,4jna,D,8ti6,B,1,7,True,,,,,,,,False,,,,,,
4jna,9emz,4jna,C,9emz,H,1,10,True,,,,,,,,False,,,,,,
4jna,9ex5,4jna,D,9ex5,I,1,2,True,,,,,,,,False,,,,,,
4jsq,6ppm,4jsq,DA,6ppm,L,1,10,True,,,,,,,,False,,,,,,
4jsq,7q4t,4jsq,CA,7q4t,B,1,10,True,,,,,,,,False,,,,,,
4jsq,8i82,4jsq,CA,8i82,C,1,9,True,,,,,,,,False,,,,,,
4jsq,9emz,4jsq,DA,9emz,F,1,10,True,,,,,,,,False,,,,,,
4jsq,9qbe,4jsq,DA,9qbe,EA,1,8,True,,,,,,,,False,,,,,,
4jsu,6ecd,4jsu,CA,6ecd,B,1,6,True,,,,,,,,False,,,,,,
4jsu,6ecd,4jsu,DA,6ecd,B,1,6,True,,,,,,,,False,,,,,,
4jsu,6ecd,4jsu,EA,6ecd,B,1,5,True,,,,,,,,False,,,,,,
4jsu,6ecd,4jsu,FA,6ecd,B,1,6,True,,,,,,,,False,,,,,,
4jsu,6uf4,4jsu,EA,6uf4,B,1,10,True,,,,,,,,False,,,,,,
4jsu,6uf4,4jsu,FA,6uf4,B,1,9,True,,,,,,,,False,,,,,,
4jsu,6wo2,4jsu,CA,6wo2,D,1,7,True,,,,,,,,False,,,,,,
4jsu,6wo2,4jsu,DA,6wo2,D,1,7,True,,,,,,,,False,,,,,,
4jsu,6wo2,4jsu,EA,6wo2,D,1,8,True,,,,,,,,False,,,,,,
4jsu,6wo2,4jsu,FA,6wo2,D,1,7,True,,,,,,,,False,,,,,,
4jsu,7oyq,4jsu,CA,7oyq,B,1,10,True,,,,,,,,False,,,,,,
4jsu,9qby,4jsu,CA,9qby,CA,1,5,True,,,,,,,,False,,,,,,
4jsu,9qby,4jsu,CA,9qby,FA,1,10,True,,,,,,,,False,,,,,,
4jsu,9qby,4jsu,DA,9qby,CA,1,6,True,,,,,,,,False,,,,,,
4jsu,9qby,4jsu,EA,9qby,CA,1,5,True,,,,,,,,False,,,,,,
4jsu,9qby,4jsu,EA,9qby,FA,1,10,True,,,,,,,,False,,,,,,
4jsu,9qby,4jsu,FA,9qby,CA,1,5,True,,,,,,,,False,,,,,,
4jsu,9qby,4jsu,FA,9qby,FA,1,9,True,,,,,,,,False,,,,,,
4jt0,5tdb,4jt0,CA,5tdb,B,1,8,True,,,,,,,,False,,,,,,
4jt0,5tdb,4jt0,DA,5tdb,B,1,9,True,,,,,,,,False,,,,,,
4jt0,6g8k,4jt0,CA,6g8k,B,1,8,True,,,,,,,,False,,,,,,
4jt0,6g8k,4jt0,DA,6g8k,B,1,9,True,,,,,,,,False,,,,,,
4jt0,7qdi,4jt0,CA,7qdi,G,1,9,True,,,,,,,,False,,,,,,
4jt0,7qdi,4jt0,DA,7qdi,G,1,9,True,,,,,,,,False,,,,,,
4jt0,9qbe,4jt0,CA,9qbe,GA,1,10,True,,,,,,,,False,,,,,,
4jt0,9qbe,4jt0,DA,9qbe,GA,1,9,True,,,,,,,,False,,,,,,
4knl,5b6l,4knl,E,5b6l,B,1,6,True,,,,,,,,False,,,,,,
4knl,5d13,4knl,F,5d13,I,1,10,True,,,,,,,,False,,,,,,
4knl,5dir,4knl,E,5dir,E,1,10,True,,,,,,,,False,,,,,,
4knl,5gnd,4knl,F,5gnd,B,1,6,True,,,,,,,,False,,,,,,
4knl,5jqs,4knl,F,5jqs,B,1,10,True,,,,,,,,False,,,,,,
4knl,5lrk,4knl,F,5lrk,F,1,7,True,,,,,,,,False,,,,,,
4knl,6fms,4knl,E,6fms,E,1,3,True,,,,,,,,False,,,,,,
4knl,6fms,4knl,E,6fms,F,1,3,True,,,,,,,,False,,,,,,
4knl,6fms,4knl,E,6fms,G,1,5,True,,,,,,,,False,,,,,,
4knl,6m9c,4knl,F,6m9c,B,1,7,True,,,,,,,,False,,,,,,
4knl,6whq,4knl,F,6whq,F,1,8,True,,,,,,,,False,,,,,,
4knl,6wuu,4knl,F,6wuu,E,1,6,True,,,,,,,,False,,,,,,
4knl,7axp,4knl,E,7axp,B,1,8,True,,,,,,,,False,,,,,,
4knl,7lkc,4knl,F,7lkc,B,1,9,True,,,,,,,,False,,,,,,
4knl,7nxe,4knl,E,7nxe,C,1,6,True,,,,,,,,False,,,,,,
4knl,8cis,4knl,F,8cis,D,1,6,True,,,,,,,,False,,,,,,
4knl,8hoo,4knl,F,8hoo,C,1,8,True,,,,,,,,False,,,,,,
4knl,9emz,4knl,F,9emz,E,1,4,True,,,,,,,,False,,,,,,
4knl,9emz,4knl,F,9emz,G,1,7,True,,,,,,,,False,,,,,,
4knl,9emz,4knl,F,9emz,H,1,4,True,,,,,,,,False,,,,,,
4knl,9j3s,4knl,F,9j3s,D,1,9,True,,,,,,,,False,,,,,,
4lo0,4lo7,4lo0,A,4lo7,F,286,5,False,True,True,False,False,True,286,286,True,0.001119281030061633,0.0024217328135157125,0.0010264477278656295,False,152.08,True
4lyz,5lyz,4lyz,A,5lyz,A,129,2,False,True,True,False,False,True,129,129,True,0.00026915489202954676,0.0013806950494002503,0.00011672503086543364,False,6.79,True
4o46,4uca,4o46,L,4uca,C,1,6,True,,,,,,,,False,,,,,,
4o46,4z33,4o46,L,4z33,C,1,6,True,,,,,,,,False,,,,,,
4o46,4zkr,4o46,L,4zkr,B,1,6,True,,,,,,,,False,,,,,,
4o46,5etf,4o46,L,5etf,B,1,5,True,,,,,,,,False,,,,,,
4o46,5nwk,4o46,L,5nwk,P,1,6,True,,,,,,,,False,,,,,,
4o46,5tdb,4o46,L,5tdb,B,1,8,True,,,,,,,,False,,,,,,
4o46,6fcs,4o46,L,6fcs,B,1,1,True,,,,,,,,False,,,,,,
4o46,6fvn,4o46,L,6fvn,D,1,6,True,,,,,,,,False,,,,,,
4o46,6fvn,4o46,L,6fvn,F,1,7,True,,,,,,,,False,,,,,,
4o46,6g8k,4o46,L,6g8k,B,1,8,True,,,,,,,,False,,,,,,
4o46,6wuu,4o46,L,6wuu,F,1,6,True,,,,,,,,False,,,,,,
4o46,8t5p,4o46,L,8t5p,I,1,10,True,,,,,,,,False,,,,,,
4o46,8vjw,4o46,L,8vjw,F,1,8,True,,,,,,,,False,,,,,,
4o46,8vpe,4o46,L,8vpe,B,1,5,True,,,,,,,,False,,,,,,
4o46,8ysa,4o46,L,8ysa,B,1,9,True,,,,,,,,False,,,,,,
4oin,4q4z,4oin,E,4q4z,E,94,2,False,True,True,False,False,True,94,94,True,0.0006893583867067012,0.0012970210135936672,0.0006437363845110896,False,68.30000000000001,True
4oin,4q4z,4oin,B,4q4z,B,227,3,False,True,True,False,False,True,227,227,True,0.0007080499335364303,0.001413227106387605,0.0006595935068936988,False,59.739999999999995,True
4oin,4q4z,4oin,A,4q4z,A,231,3,False,True,True,False,False,True,231,231,True,0.0006913113086609401,0.0013251559691874783,0.0006417195933569397,False,53.43,True
4p9z,6ecf,4p9z,B,6ecf,L,1,6,True,,,,,,,,False,,,,,,
4p9z,6l5z,4p9z,B,6l5z,B,1,10,True,,,,,,,,False,,,,,,
4p9z,8i8g,4p9z,B,8i8g,C,1,9,True,,,,,,,,False,,,,,,
4p9z,8v2n,4p9z,B,8v2n,B,1,6,True,,,,,,,,False,,,,,,
4qa5,4y84,4qa5,C,4y84,EA,1,10,True,,,,,,,,False,,,,,,
4qa5,5dc8,4qa5,D,5dc8,C,1,3,True,,,,,,,,False,,,,,,
4qa5,6ecf,4qa5,D,6ecf,J,1,4,True,,,,,,,,False,,,,,,
4qa5,6yi1,4qa5,D,6yi1,E,1,10,True,,,,,,,,False,,,,,,
4qa5,7oyq,4qa5,D,7oyq,B,1,7,True,,,,,,,,False,,,,,,
4qa5,7rxf,4qa5,D,7rxf,A,1,9,True,,,,,,,,False,,,,,,
4qa5,8i84,4qa5,D,8i84,C,1,6,True,,,,,,,,False,,,,,,
4qa5,9qby,4qa5,D,9qby,CA,1,7,True,,,,,,,,False,,,,,,
4qa5,9qby,4qa5,D,9qby,FA,1,9,True,,,,,,,,False,,,,,,
4qg1,4uca,4qg1,A,4uca,C,1,9,True,,,,,,,,False,,,,,,
4qg1,5dir,4qg1,A,5dir,G,1,4,True,,,,,,,,False,,,,,,
4qg1,5etf,4qg1,A,5etf,B,1,9,True,,,,,,,,False,,,,,,
4qg1,6e8m,4qg1,A,6e8m,B,1,6,True,,,,,,,,False,,,,,,
4qg1,6fms,4qg1,A,6fms,H,1,4,True,,,,,,,,False,,,,,,
4qg1,6g8k,4qg1,A,6g8k,B,1,10,True,,,,,,,,False,,,,,,
4qg1,6tsl,4qg1,A,6tsl,B,1,8,True,,,,,,,,False,,,,,,
4qg1,6wuu,4qg1,A,6wuu,G,1,9,True,,,,,,,,False,,,,,,
4qg1,6wuu,4qg1,A,6wuu,H,1,8,True,,,,,,,,False,,,,,,
4qg1,8ano,4qg1,A,8ano,G,1,2,True,,,,,,,,False,,,,,,
4qg1,8aoo,4qg1,A,8aoo,G,1,6,True,,,,,,,,False,,,,,,
4qg1,8pwp,4qg1,A,8pwp,A,1,9,True,,,,,,,,False,,,,,,
4qg1,8sou,4qg1,A,8sou,B,1,9,True,,,,,,,,False,,,,,,
4qg1,8ti6,4qg1,A,8ti6,B,1,10,True,,,,,,,,False,,,,,,
4qg1,8vjw,4qg1,A,8vjw,D,1,7,True,,,,,,,,False,,,,,,
4qg1,9fxn,4qg1,A,9fxn,A,1,7,True,,,,,,,,False,,,,,,
4rcp,4y84,4rcp,B,4y84,DA,1,7,True,,,,,,,,False,,,,,,
4rcp,5d5e,4rcp,B,5d5e,B,1,5,True,,,,,,,,False,,,,,,
4rcp,6ecf,4rcp,B,6ecf,H,1,5,True,,,,,,,,False,,,,,,
4rcp,6ecf,4rcp,B,6ecf,I,1,3,True,,,,,,,,False,,,,,,
4rcp,6ppm,4rcp,B,6ppm,L,1,9,True,,,,,,,,False,,,,,,
4rcp,6psa,4rcp,B,6psa,A,1,5,True,,,,,,,,False,,,,,,
4rcp,6s7g,4rcp,B,6s7g,H,1,6,True,,,,,,,,False,,,,,,
4rcp,7ms1,4rcp,B,7ms1,A,1,9,True,,,,,,,,False,,,,,,
4rcp,7new,4rcp,B,7new,H,1,10,True,,,,,,,,False,,,,,,
4rcp,7u0e,4rcp,B,7u0e,C,1,10,True,,,,,,,,False,,,,,,
4rcp,7z3u,4rcp,B,7z3u,D,1,8,True,,,,,,,,False,,,,,,
4rcp,8s9z,4rcp,B,8s9z,B,1,5,True,,,,,,,,False,,,,,,
4rcp,8vld,4rcp,B,8vld,B,1,9,True,,,,,,,,False,,,,,,
4rcp,9ehn,4rcp,B,9ehn,C,1,7,True,,,,,,,,False,,,,,,
4s1x,5nqa,4s1x,F,5nqa,C,1,7,True,,,,,,,,False,,,,,,
4s1x,5zms,4s1x,F,5zms,J,1,9,True,,,,,,,,False,,,,,,
4s1x,7o50,4s1x,C,7o50,D,1,9,True,,,,,,,,False,,,,,,
4ttk,5efj,4ttk,A,5efj,B,1,10,True,,,,,,,,False,,,,,,
4ttk,6cnu,4ttk,A,6cnu,A,1,5,True,,,,,,,,False,,,,,,
4uca,4z33,4uca,C,4z33,C,1,9,True,,,,,,,,False,,,,,,
4uca,4zkr,4uca,C,4zkr,B,1,10,True,,,,,,,,False,,,,,,
4uca,5dir,4uca,C,5dir,G,1,6,True,,,,,,,,False,,,,,,
4uca,5etf,4uca,C,5etf,B,1,6,True,,,,,,,,False,,,,,,
4uca,5nwk,4uca,C,5nwk,P,1,10,True,,,,,,,,False,,,,,,
4uca,5tdb,4uca,C,5tdb,B,1,9,True,,,,,,,,False,,,,,,
4uca,6e8m,4uca,C,6e8m,B,1,10,True,,,,,,,,False,,,,,,
4uca,6fcs,4uca,C,6fcs,B,1,5,True,,,,,,,,False,,,,,,
4uca,6fms,4uca,C,6fms,H,1,10,True,,,,,,,,False,,,,,,
4uca,6fvn,4uca,C,6fvn,D,1,9,True,,,,,,,,False,,,,,,
4uca,6fvn,4uca,C,6fvn,F,1,10,True,,,,,,,,False,,,,,,
4uca,6g8k,4uca,C,6g8k,B,1,9,True,,,,,,,,False,,,,,,
4uca,8ano,4uca,C,8ano,G,1,7,True,,,,,,,,False,,,,,,
4uca,8t5p,4uca,C,8t5p,I,1,4,True,,,,,,,,False,,,,,,
4uca,8vjw,4uca,C,8vjw,D,1,9,True,,,,,,,,False,,,,,,
4uca,8vjw,4uca,C,8vjw,F,1,10,True,,,,,,,,False,,,,,,
4uca,8vpe,4uca,C,8vpe,B,1,10,True,,,,,,,,False,,,,,,
4ucb,6wuu,4ucb,D,6wuu,E,1,9,True,,,,,,,,False,,,,,,
4ucb,7lkc,4ucb,D,7lkc,B,1,5,True,,,,,,,,False,,,,,,
4v2b,4v2c,4v2b,B,4v2c,B,106,3,False,True,True,False,False,True,106,106,True,0.0006920610848824005,0.0012600778680624178,0.0006523675109673235,False,84.99000000000001,True
4v62,4v82,4v62,HA,4v82,HA,32,3,False,True,True,False,False,True,32,32,True,0.0008337657137984905,0.0014682133792502288,0.0007813383343605287,False,64.18,True
4v62,4v82,4v62,FA,4v82,FA,34,3,False,True,True,False,False,True,34,34,True,0.0008434814777256354,0.0014474626399579498,0.0007861710941679064,False,65.44000000000001,True
4v62,4v82,4v62,BA,4v82,BA,35,3,False,True,True,False,False,True,35,35,True,0.000862031502086274,0.0014006805552331482,0.0008133177813121403,False,53.47,True
4v62,4v82,4v62,F,4v82,F,35,3,False,True,True,False,False,True,35,35,True,0.0009959259271604415,0.0020145717773627668,0.0009140743775736899,False,63.519999999999996,True
4v62,4v82,4v62,Z,4v82,Z,35,3,False,True,True,False,False,True,35,35,True,0.0008263708186028895,0.0015102178294822395,0.0007826292792207978,False,63.84,True
4v62,4v82,4v62,DA,4v82,DA,37,3,False,True,True,False,False,True,37,37,True,0.0009066675755905481,0.0016698843782814224,0.0008459540581602193,False,55.42999999999999,True
4v62,4v82,4v62,EA,4v82,EA,37,3,False,True,True,False,False,True,37,37,True,0.0008162090705671338,0.0016650581741846709,0.0007581928824894089,False,64.48,True
4v62,4v82,4v62,J,4v82,J,37,4,False,True,True,False,False,True,37,37,True,0.0009801354189018419,0.0020922448892395197,0.0009090873104465531,False,67.98,True
4v62,4v82,4v62,LA,4v82,LA,37,3,False,True,True,False,False,True,37,37,True,0.0008551752504947077,0.001941110603317885,0.00080003287477453,False,59.08,True
4v62,4v82,4v62,NA,4v82,NA,62,3,False,True,True,False,False,True,62,62,True,0.0008944341487871025,0.0017656401040305081,0.0008251525655751154,False,63.42,True
4v62,4v82,4v62,T,4v82,T,62,4,False,True,True,False,False,True,62,62,True,0.0010428515851264035,0.0019223289393645886,0.0009699275787188249,False,69.89999999999999,True
4v62,4v82,4v62,IA,4v82,IA,97,3,False,True,True,False,False,True,97,97,True,0.0008409610306899072,0.0016002233160201666,0.0007838349255109024,False,50.97,True
4v62,4v82,4v62,JA,4v82,JA,137,4,False,True,True,False,False,True,137,137,True,0.000864318773627701,0.0017832687904510121,0.0008031769108645698,False,44.59,True
4v62,4v82,4v62,P,4v82,P,137,4,False,True,True,False,False,True,137,137,True,0.0010052640740688121,0.0023322260422817378,0.0009346456194459379,False,57.059999999999995,True
4v62,4v82,4v62,GA,4v82,GA,243,4,False,True,True,False,False,True,243,243,True,0.0008551021305039119,0.001746323602814147,0.0007938750312152695,False,63.420000000000016,True
4v62,4v82,4v62,A,4v82,A,335,4,False,True,True,False,False,True,335,335,True,0.0009844958069628728,0.0020888898203045843,0.0009099266128794945,False,72.15,True
4v62,4v82,4v62,U,4v82,U,335,4,False,True,True,False,False,True,335,335,True,0.0008585322497526216,0.0018233596397934536,0.0007980211247953597,False,69.83,True
4whl,5svi,4whl,B,5svi,D,1,7,True,,,,,,,,False,,,,,,
4whl,9qb1,4whl,B,9qb1,CA,1,2,True,,,,,,,,False,,,,,,
4whl,9qb1,4whl,B,9qb1,EA,1,5,True,,,,,,,,False,,,,,,
4wkm,6cnu,4wkm,O,6cnu,A,1,8,True,,,,,,,,False,,,,,,
4wkm,6m5e,4wkm,L,6m5e,H,1,1,True,,,,,,,,False,,,,,,
4wkm,6m5e,4wkm,N,6m5e,H,1,9,True,,,,,,,,False,,,,,,
4wkm,6m5e,4wkm,O,6m5e,H,1,5,True,,,,,,,,False,,,,,,
4wkm,6pt2,4wkm,L,6pt2,C,1,3,True,,,,,,,,False,,,,,,
4wkm,6pt2,4wkm,O,6pt2,C,1,9,True,,,,,,,,False,,,,,,
4wkm,6tch,4wkm,P,6tch,B,1,10,True,,,,,,,,False,,,,,,
4wkm,7ltb,4wkm,L,7ltb,B,1,10,True,,,,,,,,False,,,,,,
4wkm,7ltb,4wkm,N,7ltb,B,1,8,True,,,,,,,,False,,,,,,
4wkm,7ltb,4wkm,O,7ltb,B,1,10,True,,,,,,,,False,,,,,,
4wkm,7ltb,4wkm,P,7ltb,B,1,7,True,,,,,,,,False,,,,,,
4wkm,8hoo,4wkm,L,8hoo,D,1,6,True,,,,,,,,False,,,,,,
4wkm,8hoo,4wkm,N,8hoo,D,1,10,True,,,,,,,,False,,,,,,
4x4b,4x4c,4x4b,A,4x4c,A,76,2,False,True,True,False,False,True,76,76,True,0.000495024438269877,0.0008216670572657269,0.0004746622000871319,False,20.669999999999995,True
4x4b,4x4c,4x4b,D,4x4c,D,76,2,False,True,True,False,False,True,76,76,True,0.0004905205418063066,0.0007391096080947909,0.00047256050641976,False,17.15,True
4x4b,4x4c,4x4b,B,4x4c,B,77,2,False,True,True,False,False,True,77,77,True,0.0005066283382889799,0.000756198925129052,0.0004917207637530337,False,20.310000000000002,True
4x4b,4x4c,4x4b,C,4x4c,C,77,2,False,True,True,False,False,True,77,77,True,0.0004993070076528351,0.000818596918942873,0.0004813300928755621,False,18.940000000000005,True
4x4b,4x4d,4x4b,A,4x4d,A,76,2,False,True,True,False,False,True,76,76,True,0.0004862975287724636,0.0007574027877025895,0.00046617993194389683,False,17.700000000000003,True
4x4b,4x4d,4x4b,D,4x4d,D,76,2,False,True,True,False,False,True,76,76,True,0.000504506032231545,0.0007501745320206023,0.0004854385304166113,False,19.240000000000002,True
4x4b,4x4d,4x4b,B,4x4d,B,77,2,False,True,True,False,False,True,77,77,True,0.0004963489381400023,0.0007874084881329597,0.000474964686824871,False,17.700000000000003,True
4x4b,4x4d,4x4b,C,4x4d,C,77,2,False,True,True,False,False,True,77,77,True,0.0004882818465725797,0.0007887100546872516,0.00046789007561767146,False,19.300000000000004,True
4x4b,4x4e,4x4b,A,4x4e,A,76,2,False,True,True,False,False,True,76,76,True,0.0005007641080786523,0.0008009135380643037,0.000481411192515964,False,21.28,True
4x4b,4x4e,4x4b,D,4x4e,D,76,2,False,True,True,False,False,True,76,76,True,0.00050017635627383,0.0008068282174070163,0.00047898198591448575,False,18.730000000000004,True
4x4b,4x4e,4x4b,B,4x4e,B,77,2,False,True,True,False,False,True,77,77,True,0.000498460122154856,0.0007206367698782557,0.0004835582097013478,False,21.28,True
4x4b,4x4e,4x4b,C,4x4e,C,77,2,False,True,True,False,False,True,77,77,True,0.0004878739946476656,0.0007867290974507381,0.0004668575511670445,False,21.28,True
4x4b,4x4f,4x4b,A,4x4f,A,76,2,False,True,True,False,False,True,76,76,True,0.00048025229933310704,0.0008001390215201228,0.00045819483485668426,False,19.659999999999997,True
4x4b,4x4f,4x4b,D,4x4f,D,76,2,False,True,True,False,False,True,76,76,True,0.0005020599461634287,0.0007921798924197649,0.0004821258203445119,False,25.58,True
4x4b,4x4f,4x4b,B,4x4f,B,77,2,False,True,True,False,False,True,77,77,True,0.0004875983075068494,0.0007759525728848967,0.0004676665359920535,False,22.759999999999998,True
4x4b,4x4f,4x4b,C,4x4f,C,77,2,False,True,True,False,False,True,77,77,True,0.0004902021151110417,0.000789631189804611,0.0004704414331841345,False,24.020000000000003,True
4x4b,4x4g,4x4b,A,4x4g,A,76,2,False,True,True,False,False,True,76,76,True,0.0005022927428761769,0.0007987125611380244,0.00048251150188805903,False,28.989999999999995,True
4x4b,4x4g,4x4b,D,4x4g,D,76,2,False,True,True,False,False,True,76,76,True,0.0004953696095219672,0.0007864998522387519,0.00047595421341107636,False,26.510000000000005,True
4x4b,4x4g,4x4b,B,4x4g,B,77,2,False,True,True,False,False,True,77,77,True,0.0005102361209981796,0.0008365119643583387,0.0004922333681136619,False,30.22,True
4x4b,4x4g,4x4b,C,4x4g,C,77,2,False,True,True,False,False,True,77,77,True,0.0004921980991207995,0.0008034149417550649,0.00047310199382576167,False,28.96,True
4x4b,4x4h,4x4b,A,4x4h,A,76,2,False,True,True,False,False,True,76,76,True,0.0005116880309618065,0.0008103802218599768,0.0004934541893637481,False,27.299999999999997,True
4x4b,4x4h,4x4b,D,4x4h,D,76,2,False,True,True,False,False,True,76,76,True,0.0005106537182616667,0.0008323320388694837,0.0004898852990185427,False,29.21999999999999,True
4x4b,4x4h,4x4b,B,4x4h,B,77,2,False,True,True,False,False,True,77,77,True,0.0005003328499380346,0.00077458751671591,0.0004815752562149977,False,30.560000000000002,True
4x4b,4x4h,4x4b,C,4x4h,C,77,2,False,True,True,False,False,True,77,77,True,0.0004888003754841158,0.0008404977211362041,0.00046531536665938764,False,29.970000000000002,True
4x4b,4x4i,4x4b,A,4x4i,A,76,2,False,True,True,False,False,True,76,76,True,0.0004929621834446471,0.0007728336818787714,0.0004733920672590308,False,38.480000000000004,True
4x4b,4x4i,4x4b,D,4x4i,D,76,2,False,True,True,False,False,True,76,76,True,0.0004996627979709951,0.0008373960631212744,0.00047848725885174564,False,34.63,True
4x4b,4x4i,4x4b,B,4x4i,B,77,2,False,True,True,False,False,True,77,77,True,0.0004901365280034579,0.0007934652764435813,0.0004718102113503413,False,42.010000000000005,True
4x4b,4x4i,4x4b,C,4x4i,C,77,2,False,True,True,False,False,True,77,77,True,0.0005026012320084571,0.0007897032833753421,0.0004832627495983959,False,40.08,True
4x4c,4x4d,4x4c,A,4x4d,A,76,3,False,True,True,False,False,True,76,76,True,0.0006956036614254361,0.0012421011121814326,0.0006558980153329058,False,8.270000000000003,True
4x4c,4x4d,4x4c,D,4x4d,D,76,3,False,True,True,False,False,True,76,76,True,0.0007223465132305502,0.001185498742518155,0.0006833189710031293,False,4.890000000000001,True
4x4c,4x4d,4x4c,B,4x4d,B,77,3,False,True,True,False,False,True,77,77,True,0.0007042400326940901,0.001325668184748188,0.0006602750180024723,False,7.230000000000004,True
4x4c,4x4d,4x4c,C,4x4d,C,77,3,False,True,True,False,False,True,77,77,True,0.0006889644646397823,0.0013636277124984787,0.000644755733128596,False,5.390000000000001,True
4x4c,4x4e,4x4c,A,4x4e,A,76,3,False,True,True,False,False,True,76,76,True,0.0007174333106235053,0.001311688424671795,0.0006716663866322632,False,9.420000000000002,True
4x4c,4x4e,4x4c,D,4x4e,D,76,3,False,True,True,False,False,True,76,76,True,0.0006993810510152133,0.0012893690377880147,0.0006446676735503409,False,8.689999999999998,True
4x4c,4x4e,4x4c,B,4x4e,B,77,2,False,True,True,False,False,True,77,77,True,0.0006946983538634979,0.0012073070351969388,0.0006508626129749335,False,9.410000000000004,True
4x4c,4x4e,4x4c,C,4x4e,C,77,2,False,True,True,False,False,True,77,77,True,0.0006957889911641751,0.001224212919785961,0.0006515420632211076,False,9.11,True
4x4c,4x4f,4x4c,A,4x4f,A,76,2,False,True,True,False,False,True,76,76,True,0.00067732763815523,0.001363668175796283,0.0006307681765561963,False,6.439999999999998,True
4x4c,4x4f,4x4c,D,4x4f,D,76,2,False,True,True,False,False,True,76,76,True,0.0006910872766760434,0.0013322053764440627,0.0006434268813342571,False,8.809999999999995,True
4x4c,4x4f,4x4c,B,4x4f,B,77,3,False,True,True,False,False,True,77,77,True,0.0006862916099707049,0.0013125060890939973,0.000645971142760928,False,6.170000000000002,True
4x4c,4x4f,4x4c,C,4x4f,C,77,2,False,True,True,False,False,True,77,77,True,0.0007049312267681305,0.0013702794548048113,0.0006595813049121233,False,7.479999999999997,True
4x4c,4x4g,4x4c,A,4x4g,A,76,3,False,True,True,False,False,True,76,76,True,0.0007053370155772422,0.0013468498759853786,0.0006659527704750027,False,15.879999999999995,True
4x4c,4x4g,4x4c,D,4x4g,D,76,2,False,True,True,False,False,True,76,76,True,0.0006934580702494151,0.0011612719173775521,0.00064994011648863,False,14.39,True
4x4c,4x4g,4x4c,B,4x4g,B,77,3,False,True,True,False,False,True,77,77,True,0.0006795757553639236,0.001434130489503977,0.0006274108345622221,False,15.200000000000003,True
4x4c,4x4g,4x4c,C,4x4g,C,77,3,False,True,True,False,False,True,77,77,True,0.0006943896079726695,0.0012669035778993365,0.0006450011184298145,False,15.75,True
4x4c,4x4h,4x4c,A,4x4h,A,76,3,False,True,True,False,False,True,76,76,True,0.0007219370417053435,0.0014925101942742036,0.0006745103010260397,False,16.36,True
4x4c,4x4h,4x4c,D,4x4h,D,76,2,False,True,True,False,False,True,76,76,True,0.000721467709032071,0.0012172398234188274,0.0006798223291515442,False,17.199999999999996,True
4x4c,4x4h,4x4c,B,4x4h,B,77,3,False,True,True,False,False,True,77,77,True,0.0007150988422851896,0.0012353079405599422,0.0006729010589610164,False,14.950000000000003,True
4x4c,4x4h,4x4c,C,4x4h,C,77,3,False,True,True,False,False,True,77,77,True,0.0007171892086549906,0.0014075858335887309,0.0006674222002327505,False,16.85000000000001,True
4x4c,4x4i,4x4c,A,4x4i,A,76,3,False,True,True,False,False,True,76,76,True,0.0007167075965944679,0.0012313310015888508,0.0006752958714466465,False,27.71,True
4x4c,4x4i,4x4c,D,4x4i,D,76,3,False,True,True,False,False,True,76,76,True,0.0006866867281871093,0.0012513686170237002,0.0006459236223468736,False,26.21999999999999,True
4x4c,4x4i,4x4c,B,4x4i,B,77,2,False,True,True,False,False,True,77,77,True,0.0007126789017470501,0.0013521891720225685,0.000667073500500069,False,31.549999999999997,True
4x4c,4x4i,4x4c,C,4x4i,C,77,3,False,True,True,False,False,True,77,77,True,0.0006995012391430813,0.001242009230533894,0.0006574350275025467,False,30.1,True
4x4d,4x4e,4x4d,A,4x4e,A,76,3,False,True,True,False,False,True,76,76,True,0.0007040972871896313,0.0012603465875992946,0.0006632077709717964,False,4.93,True
4x4d,4x4e,4x4d,D,4x4e,D,76,3,False,True,True,False,False,True,76,76,True,0.0007171567598848466,0.0013121728359178021,0.0006743916968844138,False,10.0,True
4x4d,4x4e,4x4d,B,4x4e,B,77,3,False,True,True,False,False,True,77,77,True,0.000716525935219812,0.0014299920260840194,0.0006669748882536933,False,5.949999999999996,True
4x4d,4x4e,4x4d,C,4x4e,C,77,3,False,True,True,False,False,True,77,77,True,0.0007225066299074771,0.0012204378681390537,0.0006800996108405834,False,8.11,True
4x4d,4x4f,4x4d,A,4x4f,A,76,3,False,True,True,False,False,True,76,76,True,0.0006873863008932944,0.001215953965085038,0.0006445011561223807,False,8.719999999999999,True
4x4d,4x4f,4x4d,D,4x4f,D,76,3,False,True,True,False,False,True,76,76,True,0.0006989006891777871,0.0013216520051687137,0.0006475931844894467,False,10.239999999999995,True
4x4d,4x4f,4x4d,B,4x4f,B,77,3,False,True,True,False,False,True,77,77,True,0.0007113598582587993,0.0013144638948520174,0.000669995438037375,False,8.130000000000003,True
4x4d,4x4f,4x4d,C,4x4f,C,77,3,False,True,True,False,False,True,77,77,True,0.0006970120565132365,0.0013924429266110338,0.0006512659288389412,False,8.850000000000001,True
4x4d,4x4g,4x4d,A,4x4g,A,76,3,False,True,True,False,False,True,76,76,True,0.0007080884279320746,0.001414749801326604,0.0006688278797142097,False,18.1,True
4x4d,4x4g,4x4d,D,4x4g,D,76,2,False,True,True,False,False,True,76,76,True,0.0007125204113952402,0.0013980186700820933,0.0006679207882385293,False,15.509999999999998,True
4x4d,4x4g,4x4d,B,4x4g,B,77,3,False,True,True,False,False,True,77,77,True,0.0007148537789556257,0.0012420786810689057,0.0006692253354043512,False,16.580000000000005,True
4x4d,4x4g,4x4d,C,4x4g,C,77,3,False,True,True,False,False,True,77,77,True,0.0006843684816145441,0.0012468763713308615,0.0006402406817218179,False,17.209999999999994,True
4x4d,4x4h,4x4d,A,4x4h,A,76,3,False,True,True,False,False,True,76,76,True,0.0007002867002349803,0.0013564282775932795,0.0006584229638411969,False,17.03,True
4x4d,4x4h,4x4d,D,4x4h,D,76,3,False,True,True,False,False,True,76,76,True,0.0007237357428323431,0.0013699507115464728,0.0006772115587271941,False,18.629999999999995,True
4x4d,4x4h,4x4d,B,4x4h,B,77,3,False,True,True,False,False,True,77,77,True,0.0007259029603811231,0.0013161531901675148,0.0006681454376259322,False,16.96,True
4x4d,4x4h,4x4d,C,4x4h,C,77,3,False,True,True,False,False,True,77,77,True,0.0006855591075380132,0.001222448172862285,0.0006411006587400366,False,16.86,True
4x4d,4x4i,4x4d,A,4x4i,A,76,2,False,True,True,False,False,True,76,76,True,0.0006512649699801981,0.0012545038800712126,0.0006060708033710955,False,30.909999999999997,True
4x4d,4x4i,4x4d,D,4x4i,D,76,3,False,True,True,False,False,True,76,76,True,0.0006918691497763673,0.0012712718594749739,0.000644462679245678,False,28.18999999999999,True
4x4d,4x4i,4x4d,B,4x4i,B,77,3,False,True,True,False,False,True,77,77,True,0.0007023038078895781,0.0013137921524165091,0.0006606119260586371,False,32.23,True
4x4d,4x4i,4x4d,C,4x4i,C,77,3,False,True,True,False,False,True,77,77,True,0.0007021385652859486,0.0013766584222593518,0.0006594226270497147,False,30.32,True
4x4e,4x4f,4x4e,A,4x4f,A,76,2,False,True,True,False,False,True,76,76,True,0.0006823978152383942,0.0013005336814956247,0.0006390783733435177,False,9.39,True
4x4e,4x4f,4x4e,D,4x4f,D,76,3,False,True,True,False,False,True,76,76,True,0.0007051545307829799,0.0012880767865647424,0.0006645744896748342,False,16.93,True
4x4e,4x4f,4x4e,B,4x4f,B,77,3,False,True,True,False,False,True,77,77,True,0.0006934636344320393,0.0012005060322667475,0.0006543334153367537,False,10.02000000000001,True
4x4e,4x4f,4x4e,C,4x4f,C,77,2,False,True,True,False,False,True,77,77,True,0.000718997556626949,0.001262565130023284,0.0006738452862677032,False,12.810000000000002,True
4x4e,4x4g,4x4e,A,4x4g,A,76,3,False,True,True,False,False,True,76,76,True,0.0007138403525528502,0.0012829069288332138,0.0006620476246707978,False,18.699999999999996,True
4x4e,4x4g,4x4e,D,4x4g,D,76,3,False,True,True,False,False,True,76,76,True,0.0006891957921014267,0.0012944995056925722,0.0006391706322691736,False,18.480000000000004,True
4x4e,4x4g,4x4e,B,4x4g,B,77,3,False,True,True,False,False,True,77,77,True,0.0007076897205614877,0.001349355520683628,0.0006589862028934021,False,19.840000000000003,True
4x4e,4x4g,4x4e,C,4x4g,C,77,2,False,True,True,False,False,True,77,77,True,0.0006939581647398546,0.001259126272250668,0.0006549782943228029,False,18.260000000000005,True
4x4e,4x4h,4x4e,A,4x4h,A,76,3,False,True,True,False,False,True,76,76,True,0.0007111057546900874,0.0013357051435469909,0.0006678195047451112,False,19.18,True
4x4e,4x4h,4x4e,D,4x4h,D,76,3,False,True,True,False,False,True,76,76,True,0.0007106167379920815,0.0013051957118210787,0.0006613739396837163,False,21.17,True
4x4e,4x4h,4x4e,B,4x4h,B,77,2,False,True,True,False,False,True,77,77,True,0.0007106030816241624,0.001248226969958403,0.0006664103333380999,False,19.590000000000003,True
4x4e,4x4h,4x4e,C,4x4h,C,77,2,False,True,True,False,False,True,77,77,True,0.0006838774579213078,0.001245262226984847,0.0006358838809081815,False,19.960000000000008,True
4x4e,4x4i,4x4e,A,4x4i,A,76,3,False,True,True,False,False,True,76,76,True,0.0007097741615654723,0.001351529795664505,0.0006638731555524982,False,30.53,True
4x4e,4x4i,4x4e,D,4x4i,D,76,3,False,True,True,False,False,True,76,76,True,0.0007101403918453429,0.0012140933379015083,0.0006703362809251342,False,30.859999999999992,True
4x4e,4x4i,4x4e,B,4x4i,B,77,4,False,True,True,False,False,True,77,77,True,0.00070750217637711,0.0011975994278503924,0.0006622754594038313,False,36.19,True
4x4e,4x4i,4x4e,C,4x4i,C,77,3,False,True,True,False,False,True,77,77,True,0.000694444554797655,0.0014474517853810156,0.0006516731992036841,False,33.41,True
4x4f,4x4g,4x4f,A,4x4g,A,76,3,False,True,True,False,False,True,76,76,True,0.0006903508533682178,0.0013146723483532003,0.0006455871931039874,False,12.019999999999996,True
4x4f,4x4g,4x4f,D,4x4g,D,76,3,False,True,True,False,False,True,76,76,True,0.0006852408555857106,0.0012463727323659345,0.0006405351768472862,False,8.629999999999995,True
4x4f,4x4g,4x4f,B,4x4g,B,77,3,False,True,True,False,False,True,77,77,True,0.0006863902340111449,0.0014153551418389847,0.0006432790113333269,False,11.88000000000001,True
4x4f,4x4g,4x4f,C,4x4g,C,77,3,False,True,True,False,False,True,77,77,True,0.0006844711677548435,0.0013582549481352163,0.0006373473571512823,False,10.429999999999993,True
4x4f,4x4h,4x4f,A,4x4h,A,76,2,False,True,True,False,False,True,76,76,True,0.000698279258493946,0.0013938319959166368,0.0006512231173989597,False,10.879999999999995,True
4x4f,4x4h,4x4f,D,4x4h,D,76,3,False,True,True,False,False,True,76,76,True,0.0007064402183638547,0.0012504726235529127,0.000658329988981731,False,10.75,True
4x4f,4x4h,4x4f,B,4x4h,B,77,2,False,True,True,False,False,True,77,77,True,0.0006719957249532633,0.0012728548190877832,0.0006247482485393699,False,10.120000000000005,True
4x4f,4x4h,4x4f,C,4x4h,C,77,3,False,True,True,False,False,True,77,77,True,0.0006800621604940436,0.0013113310386249184,0.0006317711282491285,False,10.840000000000003,True
4x4f,4x4i,4x4f,A,4x4i,A,76,3,False,True,True,False,False,True,76,76,True,0.0006731678418475492,0.0012647351274086408,0.0006241733344317229,False,22.64,True
4x4f,4x4i,4x4f,D,4x4i,D,76,2,False,True,True,False,False,True,76,76,True,0.0007268690063228432,0.0013428999900278345,0.0006857865972684105,False,21.289999999999992,True
4x4f,4x4i,4x4f,B,4x4i,B,77,3,False,True,True,False,False,True,77,77,True,0.0006889681365567312,0.0012833500067069487,0.0006445386166353808,False,26.96,True
4x4f,4x4i,4x4f,C,4x4i,C,77,3,False,True,True,False,False,True,77,77,True,0.0007039666653722978,0.0012649659233603758,0.0006611684283610608,False,24.53,True
4x4g,4x4h,4x4g,A,4x4h,A,76,3,False,True,True,False,False,True,76,76,True,0.0006854607604767885,0.0013466799460090711,0.0006412864642978976,False,7.939999999999998,True
4x4g,4x4h,4x4g,D,4x4h,D,76,3,False,True,True,False,False,True,76,76,True,0.0007044880855982427,0.0012265911090141323,0.0006614895630947753,False,4.640000000000001,True
4x4g,4x4h,4x4g,B,4x4h,B,77,3,False,True,True,False,False,True,77,77,True,0.0007212926501621944,0.0014000010338090214,0.0006746238466642107,False,6.680000000000007,True
4x4g,4x4h,4x4g,C,4x4h,C,77,3,False,True,True,False,False,True,77,77,True,0.0006677126036076996,0.001216676358881765,0.0006276911146653596,False,4.899999999999999,True
4x4g,4x4i,4x4g,A,4x4i,A,76,2,False,True,True,False,False,True,76,76,True,0.0006950594483947642,0.0013881075149544272,0.000648917432750089,False,13.830000000000005,True
4x4g,4x4i,4x4g,D,4x4i,D,76,2,False,True,True,False,False,True,76,76,True,0.0006922520771767519,0.0012112855148610948,0.0006503599841815014,False,14.060000000000002,True
4x4g,4x4i,4x4g,B,4x4i,B,77,3,False,True,True,False,False,True,77,77,True,0.0007017244524846251,0.0012926632250834875,0.0006537259483746912,False,16.349999999999994,True
4x4g,4x4i,4x4g,C,4x4i,C,77,3,False,True,True,False,False,True,77,77,True,0.0007122204074042568,0.0014342911965830457,0.0006686503995460623,False,15.659999999999997,True
4x4h,4x4i,4x4h,A,4x4i,A,76,2,False,True,True,False,False,True,76,76,True,0.0006867196867808718,0.0012851890678387068,0.0006436757472229604,False,18.85,True
4x4h,4x4i,4x4h,D,4x4i,D,76,3,False,True,True,False,False,True,76,76,True,0.0006821865883181511,0.001236964713602326,0.0006352607127377938,False,17.91000000000001,True
4x4h,4x4i,4x4h,B,4x4i,B,77,3,False,True,True,False,False,True,77,77,True,0.0006816573140809393,0.0012201209469664897,0.0006352783005279869,False,18.590000000000003,True
4x4h,4x4i,4x4h,C,4x4i,C,77,3,False,True,True,False,False,True,77,77,True,0.0006906777051795527,0.0012345439240565698,0.0006442692020648431,False,14.539999999999992,True
4x6z,8g82,4x6z,DA,8g82,B,1,10,True,,,,,,,,False,,,,,,
4x6z,8g82,4x6z,DA,8g82,D,1,4,True,,,,,,,,False,,,,,,
4x6z,8g82,4x6z,DA,8g82,E,1,8,True,,,,,,,,False,,,,,,
4x6z,8g82,4x6z,DA,8g82,F,1,10,True,,,,,,,,False,,,,,,
4x6z,8g82,4x6z,DA,8g82,H,1,7,True,,,,,,,,False,,,,,,
4x6z,8g82,4x6z,DA,8g82,I,1,6,True,,,,,,,,False,,,,,,
4x6z,8s6t,4x6z,DA,8s6t,C,1,9,True,,,,,,,,False,,,,,,
4y69,4y6v,4y69,CA,4y6v,DA,1,8,True,,,,,,,,False,,,,,,
4y69,9qdf,4y69,CA,9qdf,CA,1,4,True,,,,,,,,False,,,,,,
4y6a,6s5p,4y6a,CA,6s5p,G,1,9,True,,,,,,,,False,,,,,,
4y6a,7ofv,4y6a,CA,7ofv,B,1,8,True,,,,,,,,False,,,,,,
4y6a,9qbe,4y6a,CA,9qbe,FA,1,8,True,,,,,,,,False,,,,,,
4y6v,6psa,4y6v,CA,6psa,A,1,10,True,,,,,,,,False,,,,,,
4y6v,8s9z,4y6v,CA,8s9z,B,1,10,True,,,,,,,,False,,,,,,
4y6v,9ehn,4y6v,CA,9ehn,C,1,8,True,,,,,,,,False,,,,,,
4y6v,9emz,4y6v,CA,9emz,F,1,6,True,,,,,,,,False,,,,,,
4y6v,9qbe,4y6v,CA,9qbe,DA,1,10,True,,,,,,,,False,,,,,,
4y6v,9qbe,4y6v,CA,9qbe,EA,1,10,True,,,,,,,,False,,,,,,
4y6v,9qdf,4y6v,DA,9qdf,FA,1,9,True,,,,,,,,False,,,,,,
4y84,6ecf,4y84,DA,6ecf,H,1,9,True,,,,,,,,False,,,,,,
4y84,6ecf,4y84,DA,6ecf,I,1,7,True,,,,,,,,False,,,,,,
4y84,6psa,4y84,DA,6psa,A,1,6,True,,,,,,,,False,,,,,,
4y84,7ms1,4y84,DA,7ms1,A,1,5,True,,,,,,,,False,,,,,,
4y84,8s9z,4y84,DA,8s9z,B,1,8,True,,,,,,,,False,,,,,,
4y84,9qbe,4y84,DA,9qbe,DA,1,10,True,,,,,,,,False,,,,,,
4y84,9qdf,4y84,GA,9qdf,DA,1,8,True,,,,,,,,False,,,,,,
4z33,4zkr,4z33,C,4zkr,B,1,1,True,,,,,,,,False,,,,,,
4z33,5etf,4z33,C,5etf,B,1,7,True,,,,,,,,False,,,,,,
4z33,5nwk,4z33,C,5nwk,P,1,1,True,,,,,,,,False,,,,,,
4z33,5tdb,4z33,C,5tdb,B,1,4,True,,,,,,,,False,,,,,,
4z33,6fcs,4z33,C,6fcs,B,1,6,True,,,,,,,,False,,,,,,
4z33,6fvn,4z33,C,6fvn,D,1,6,True,,,,,,,,False,,,,,,
4z33,6fvn,4z33,C,6fvn,F,1,1,True,,,,,,,,False,,,,,,
4z33,6g8k,4z33,C,6g8k,B,1,8,True,,,,,,,,False,,,,,,
4z33,6tdb,4z33,C,6tdb,F,1,10,True,,,,,,,,False,,,,,,
4z33,6wuu,4z33,C,6wuu,F,1,7,True,,,,,,,,False,,,,,,
4z33,8sou,4z33,C,8sou,B,1,10,True,,,,,,,,False,,,,,,
4z33,8vjw,4z33,C,8vjw,F,1,2,True,,,,,,,,False,,,,,,
4z33,8vpe,4z33,C,8vpe,B,1,2,True,,,,,,,,False,,,,,,
4z33,8ysa,4z33,C,8ysa,B,1,3,True,,,,,,,,False,,,,,,
4z33,9i24,4z33,C,9i24,D,1,10,True,,,,,,,,False,,,,,,
4zkr,5etf,4zkr,B,5etf,B,1,8,True,,,,,,,,False,,,,,,
4zkr,5mfk,4zkr,B,5mfk,D,1,10,True,,,,,,,,False,,,,,,
4zkr,5tdb,4zkr,B,5tdb,B,1,4,True,,,,,,,,False,,,,,,
4zkr,6fcs,4zkr,B,6fcs,B,1,6,True,,,,,,,,False,,,,,,
4zkr,6fvn,4zkr,B,6fvn,D,1,6,True,,,,,,,,False,,,,,,
4zkr,6fvn,4zkr,B,6fvn,F,1,1,True,,,,,,,,False,,,,,,
4zkr,6g8k,4zkr,B,6g8k,B,1,8,True,,,,,,,,False,,,,,,
4zkr,6tdb,4zkr,B,6tdb,F,1,9,True,,,,,,,,False,,,,,,
4zkr,6wuu,4zkr,B,6wuu,F,1,7,True,,,,,,,,False,,,,,,
4zkr,8vjw,4zkr,B,8vjw,F,1,2,True,,,,,,,,False,,,,,,
4zkr,8vpe,4zkr,B,8vpe,B,1,2,True,,,,,,,,False,,,,,,
4zkr,8ysa,4zkr,B,8ysa,B,1,3,True,,,,,,,,False,,,,,,
4zkr,9i24,4zkr,B,9i24,D,1,10,True,,,,,,,,False,,,,,,
5aa2,9j3s,5aa2,E,9j3s,A,1,10,True,,,,,,,,False,,,,,,
5avq,5avr,5avq,C,5avr,C,39,3,False,True,True,False,False,True,39,39,True,0.0009502597621277155,0.002338054136899779,0.0008825060313997187,False,13.13000000000001,True
5avq,5avr,5avq,A,5avr,A,992,5,False,True,True,False,False,True,992,992,True,0.0009979561544252863,0.0020746169348276095,0.0009255859377052623,False,13.13000000000001,True
5avq,5avs,5avq,C,5avs,C,39,3,False,True,True,False,False,True,39,39,True,0.00098577835036159,0.00187378313825822,0.00091536984396947,False,13.000000000000007,True
5avq,5avs,5avq,A,5avs,A,992,5,False,True,True,False,False,True,992,992,True,0.001003205693770539,0.00233556899859601,0.0009328118208213702,False,13.000000000000014,True
5avq,5avt,5avq,C,5avt,C,39,4,False,True,True,False,False,True,39,39,True,0.0009833382565797915,0.001953587341966512,0.0009077909385775218,False,9.95000000000001,True
5avq,5avt,5avq,A,5avt,A,992,5,False,True,True,False,False,True,992,992,True,0.0010002308523288383,0.0022769523022035747,0.0009289809693708457,False,9.950000000000017,True
5avq,5avu,5avq,C,5avu,C,39,3,False,True,True,False,False,True,39,39,True,0.0009486947498891446,0.001623588272060925,0.0008853988016033933,False,4.070000000000007,True
5avq,5avu,5avq,A,5avu,A,992,4,False,True,True,False,False,True,992,992,True,0.0010032209490912298,0.002185420195018582,0.0009305616227266719,False,4.070000000000022,True
5avq,5avv,5avq,C,5avv,C,39,3,False,True,True,False,False,True,39,39,True,0.0009536710552747027,0.001809464452659959,0.000890884229035721,False,22.49000000000001,True
5avq,5avv,5avq,A,5avv,A,992,4,False,True,True,False,False,True,992,992,True,0.001012023616310051,0.0021998408831556573,0.0009400674313194242,False,22.49000000000001,True
5avq,5avw,5avq,C,5avw,C,39,3,False,True,True,False,False,True,39,39,True,0.0009461115420847953,0.0018488127006531926,0.0008813388136388029,False,6.410000000000011,True
5avq,5avw,5avq,A,5avw,A,992,4,False,True,True,False,False,True,992,992,True,0.0009949392414217424,0.002257268234188074,0.0009246433388148235,False,6.410000000000011,True
5avq,5avx,5avq,C,5avx,C,39,3,False,True,True,False,False,True,39,39,True,0.0009874705807861278,0.001920743828758939,0.0009199023929440565,False,73.61000000000001,True
5avq,5avx,5avq,A,5avx,A,992,5,False,True,True,False,False,True,992,992,True,0.0009996311081599584,0.002364428084437151,0.0009295375614507102,False,73.61000000000001,True
5avq,5avy,5avq,C,5avy,C,39,3,False,True,True,False,False,True,39,39,True,0.0009744468727253882,0.0018875822483978343,0.0009038137474108086,False,71.10000000000002,True
5avq,5avy,5avq,A,5avy,A,992,5,False,True,True,False,False,True,992,992,True,0.001015517657426297,0.002267070826251311,0.0009431190710349184,False,71.10000000000002,True
5avq,5avz,5avq,C,5avz,C,39,4,False,True,True,False,False,True,39,39,True,0.0009340346263130038,0.0019084054667413573,0.0008679258128617537,False,51.04000000000002,True
5avq,5avz,5avq,A,5avz,A,992,5,False,True,True,False,False,True,992,992,True,0.0009862693648619299,0.0023260981592469567,0.0009150358973752409,False,51.04000000000002,True
5avq,5aw0,5avq,C,5aw0,C,39,3,False,True,True,False,False,True,39,39,True,0.0009510179133824599,0.0018769769201830014,0.000891464126413628,False,55.73000000000002,True
5avq,5aw0,5avq,A,5aw0,A,992,4,False,True,True,False,False,True,992,992,True,0.0010084925692038606,0.0022626427453843584,0.0009396483523357865,False,55.73000000000002,True
5avq,5aw1,5avq,C,5aw1,C,39,4,False,True,True,False,False,True,39,39,True,0.0009736277472671935,0.0018181925795672858,0.0009051036552353281,False,58.82000000000001,True
5avq,5aw1,5avq,A,5aw1,A,992,5,False,True,True,False,False,True,992,992,True,0.001005581624786317,0.0023495223181482423,0.0009352093821115851,False,58.82000000000002,True
5avq,5aw2,5avq,C,5aw2,C,39,4,False,True,True,False,False,True,39,39,True,0.0009907630672131157,0.0018460921159229936,0.0009353992306483041,False,45.83000000000001,True
5avq,5aw2,5avq,A,5aw2,A,992,4,False,True,True,False,False,True,992,992,True,0.0010068203418615758,0.002188957033750523,0.0009363159945526093,False,45.83000000000001,True
5avq,5aw3,5avq,C,5aw3,C,39,4,False,True,True,False,False,True,39,39,True,0.0010043835050582686,0.0021254688580596755,0.0009309342216605809,False,63.41000000000001,True
5avq,5aw3,5avq,A,5aw3,A,992,4,False,True,True,False,False,True,992,992,True,0.001004218232949277,0.002553879913816348,0.0009334282626247134,False,63.41000000000001,True
5avq,5aw4,5avq,C,5aw4,C,39,5,False,True,True,False,False,True,39,39,True,0.0010521718211200719,0.00196148699739212,0.000985048994091409,False,23.16000000000001,True
5avq,5aw4,5avq,A,5aw4,A,992,6,False,True,True,False,False,True,992,992,True,0.0011281601474583888,0.0027470576993529837,0.0010452695482732683,False,23.16000000000001,True
5avq,5aw5,5avq,C,5aw5,C,39,4,False,True,True,False,False,True,39,39,True,0.001063755589391484,0.0019024100685934686,0.000971854719213526,False,24.140000000000015,True
5avq,5aw5,5avq,A,5aw5,A,992,4,False,True,True,False,False,True,992,992,True,0.0011166882665273508,0.002798746196918793,0.0010344428526857486,False,24.140000000000015,True
5avq,5aw6,5avq,C,5aw6,C,39,4,False,True,True,False,False,True,39,39,True,0.0010722262466646743,0.002186914390778962,0.0009890941189077795,False,17.420000000000016,True
5avq,5aw6,5avq,A,5aw6,A,992,5,False,True,True,False,False,True,992,992,True,0.0011151663218740434,0.0027548001736634525,0.001033958085885823,False,17.420000000000016,True
5avq,5aw7,5avq,C,5aw7,C,39,4,False,True,True,False,False,True,39,39,True,0.0010501596810197195,0.0020089160966981524,0.0009768085790097447,False,23.110000000000014,True
5avq,5aw7,5avq,A,5aw7,A,992,5,False,True,True,False,False,True,992,992,True,0.0011208763046737583,0.0025850355876564585,0.0010369518239901198,False,23.110000000000014,True
5avq,5aw8,5avq,C,5aw8,C,39,4,False,True,True,False,False,True,39,39,True,0.0011104011346743901,0.002077695108022694,0.001020756459753602,False,13.02000000000001,True
5avq,5aw8,5avq,A,5aw8,A,992,5,False,True,True,False,False,True,992,992,True,0.0011273182116852535,0.002756108523349391,0.001043817758456935,False,13.02000000000001,True
5avr,5avs,5avr,C,5avs,C,39,4,False,True,True,False,False,True,39,39,True,0.0009722874321219154,0.0019057510295271102,0.0008983067646633495,False,0.13000000000000966,True
5avr,5avs,5avr,A,5avs,A,992,5,False,True,True,False,False,True,992,992,True,0.0009936401489437346,0.002179498758124829,0.0009261062785076189,False,0.13000000000002387,True
5avr,5avt,5avr,C,5avt,C,39,4,False,True,True,False,False,True,39,39,True,0.0010807155567296883,0.0023811866372866496,0.000998669273660578,False,3.180000000000007,True
5avr,5avt,5avr,A,5avt,A,992,5,False,True,True,False,False,True,992,992,True,0.0009964582223508903,0.002155266148297192,0.0009229315702433408,False,3.180000000000007,True
5avr,5avu,5avr,C,5avu,C,39,4,False,True,True,False,False,True,39,39,True,0.0009369910924907003,0.0018464533479292376,0.0008564867838539524,False,9.06000000000001,True
5avr,5avu,5avr,A,5avu,A,992,4,False,True,True,False,False,True,992,992,True,0.0009998641792673105,0.0021228759417806094,0.0009311867275672437,False,9.060000000000016,True
5avr,5avv,5avr,C,5avv,C,39,4,False,True,True,False,False,True,39,39,True,0.0009934404037258858,0.002167665667230227,0.0009262769785094738,False,9.360000000000014,True
5avr,5avv,5avr,A,5avv,A,992,5,False,True,True,False,False,True,992,992,True,0.0010084867228628063,0.0023273231901836566,0.0009359457815260847,False,9.360000000000014,True
5avr,5avw,5avr,C,5avw,C,39,4,False,True,True,False,False,True,39,39,True,0.0010086304500007235,0.002077522048471017,0.0009492917902531149,False,6.720000000000013,True
5avr,5avw,5avr,A,5avw,A,992,5,False,True,True,False,False,True,992,992,True,0.000993350548267455,0.0023266110048920947,0.0009244713998803667,False,6.720000000000027,True
5avr,5avx,5avr,C,5avx,C,39,4,False,True,True,False,False,True,39,39,True,0.0010321912142306528,0.0019451545209388335,0.0009503506206254813,False,60.48000000000002,True
5avr,5avx,5avr,A,5avx,A,992,5,False,True,True,False,False,True,992,992,True,0.0009997991675362082,0.002192635321312956,0.0009265765986537956,False,60.48000000000002,True
5avr,5avy,5avr,C,5avy,C,39,3,False,True,True,False,False,True,39,39,True,0.0009960570885767432,0.0021375894588633107,0.0009025161226489389,False,57.97000000000001,True
5avr,5avy,5avr,A,5avy,A,992,5,False,True,True,False,False,True,992,992,True,0.001008403471700413,0.0021923857511849526,0.0009385774408925283,False,57.97000000000003,True
5avr,5avz,5avr,C,5avz,C,39,4,False,True,True,False,False,True,39,39,True,0.0010185983365438348,0.0018707422980838795,0.0009496591381686229,False,37.91000000000001,True
5avr,5avz,5avr,A,5avz,A,992,5,False,True,True,False,False,True,992,992,True,0.0009898906516113077,0.002674763069733641,0.0009191186767938246,False,37.910000000000025,True
5avr,5aw0,5avr,C,5aw0,C,39,4,False,True,True,False,False,True,39,39,True,0.0010105726315127136,0.0018696766425018874,0.0009486787769475679,False,42.60000000000001,True
5avr,5aw0,5avr,A,5aw0,A,992,5,False,True,True,False,False,True,992,992,True,0.000994930167336332,0.002300525588145121,0.0009236325632881151,False,42.60000000000002,True
5avr,5aw1,5avr,C,5aw1,C,39,5,False,True,True,False,False,True,39,39,True,0.001008576895469167,0.0019816661510137583,0.0009288969634160805,False,45.69000000000001,True
5avr,5aw1,5avr,A,5aw1,A,992,4,False,True,True,False,False,True,992,992,True,0.001009809303610264,0.002353200480938266,0.0009369504294190872,False,45.690000000000026,True
5avr,5aw2,5avr,C,5aw2,C,39,3,False,True,True,False,False,True,39,39,True,0.0009943217224277518,0.0016583452183532143,0.0009331624245917238,False,32.70000000000002,True
5avr,5aw2,5avr,A,5aw2,A,992,5,False,True,True,False,False,True,992,992,True,0.0009945154221696305,0.002308471584578921,0.0009229502547587449,False,32.70000000000002,True
5avr,5aw3,5avr,C,5aw3,C,39,4,False,True,True,False,False,True,39,39,True,0.000986773748226681,0.0019189307070436713,0.000915762568750701,False,50.280000000000015,True
5avr,5aw3,5avr,A,5aw3,A,992,5,False,True,True,False,False,True,992,992,True,0.0010013221228525467,0.0022041652885584277,0.0009303545246523113,False,50.280000000000015,True
5avr,5aw4,5avr,C,5aw4,C,39,4,False,True,True,False,False,True,39,39,True,0.0010943860535275165,0.0025461635613871544,0.0010120553240271768,False,10.030000000000015,True
5avr,5aw4,5avr,A,5aw4,A,992,5,False,True,True,False,False,True,992,992,True,0.0011254658445845232,0.002534208939491324,0.0010414887215146565,False,10.030000000000015,True
5avr,5aw5,5avr,C,5aw5,C,39,4,False,True,True,False,False,True,39,39,True,0.0010660733975318677,0.002394423384154362,0.0009883441695380504,False,11.01000000000002,True
5avr,5aw5,5avr,A,5aw5,A,992,5,False,True,True,False,False,True,992,992,True,0.0011154470006470912,0.0027716855418258766,0.0010339014830890944,False,11.01000000000002,True
5avr,5aw6,5avr,C,5aw6,C,39,5,False,True,True,False,False,True,39,39,True,0.001093563215271287,0.0024673218658160983,0.0010060209924633778,False,4.290000000000006,True
5avr,5aw6,5avr,A,5aw6,A,992,5,False,True,True,False,False,True,992,992,True,0.0011163681937101223,0.002680558559511713,0.0010338135682212647,False,4.2900000000000205,True
5avr,5aw7,5avr,C,5aw7,C,39,4,False,True,True,False,False,True,39,39,True,0.0010943104689596572,0.002184963536071576,0.0010108451417032253,False,9.980000000000018,True
5avr,5aw7,5avr,A,5aw7,A,992,5,False,True,True,False,False,True,992,992,True,0.0011139309836255948,0.002833118971976768,0.0010299640504250584,False,9.980000000000018,True
5avr,5aw8,5avr,C,5aw8,C,39,4,False,True,True,False,False,True,39,39,True,0.0011444366392607702,0.0023269980291896687,0.0010526767168495459,False,0.11000000000001364,True
5avr,5aw8,5avr,A,5aw8,A,992,5,False,True,True,False,False,True,992,992,True,0.0011273057006122994,0.002804841529056181,0.0010449439704758486,False,0.11000000000001364,True
5avs,5avt,5avs,C,5avt,C,39,4,False,True,True,False,False,True,39,39,True,0.0010358920792275183,0.001967534038429624,0.0009710739124518858,False,3.0500000000000114,True
5avs,5avt,5avs,A,5avt,A,992,5,False,True,True,False,False,True,992,992,True,0.0009900668919089774,0.0022329639225772044,0.0009197077639879167,False,3.0500000000000114,True
5avs,5avu,5avs,C,5avu,C,39,4,False,True,True,False,False,True,39,39,True,0.0008639001621234811,0.001782474592030733,0.0007889001768795733,False,8.930000000000007,True
5avs,5avu,5avs,A,5avu,A,992,4,False,True,True,False,False,True,992,992,True,0.0009957760484517392,0.0021452887777554082,0.0009238046323492208,False,8.930000000000007,True
5avs,5avv,5avs,C,5avv,C,39,3,False,True,True,False,False,True,39,39,True,0.0009757198591027097,0.001882638947242,0.0009092608459270831,False,9.490000000000009,True
5avs,5avv,5avs,A,5avv,A,992,5,False,True,True,False,False,True,992,992,True,0.0010157376065054527,0.0023339248777174415,0.0009444420009531503,False,9.490000000000009,True
5avs,5avw,5avs,C,5avw,C,39,4,False,True,True,False,False,True,39,39,True,0.0009591113751952973,0.0023450518415289064,0.0008859458392036746,False,6.590000000000003,True
5avs,5avw,5avs,A,5avw,A,992,4,False,True,True,False,False,True,992,992,True,0.0009951504578040488,0.0021655771328750527,0.0009246259608364123,False,6.590000000000018,True
5avs,5avx,5avs,C,5avx,C,39,4,False,True,True,False,False,True,39,39,True,0.0010058509966554623,0.0019027875709530819,0.0009270332905920661,False,60.610000000000014,True
5avs,5avx,5avs,A,5avx,A,992,5,False,True,True,False,False,True,992,992,True,0.0009848507841851671,0.0021885990101113244,0.0009104897016267531,False,60.610000000000014,True
5avs,5avy,5avs,C,5avy,C,39,3,False,True,True,False,False,True,39,39,True,0.0009960595707147809,0.0019733499401811782,0.000917260324070961,False,58.10000000000001,True
5avs,5avy,5avs,A,5avy,A,992,5,False,True,True,False,False,True,992,992,True,0.001000084170976878,0.0022839315681751774,0.0009282457261630984,False,58.10000000000002,True
5avs,5avz,5avs,C,5avz,C,39,3,False,True,True,False,False,True,39,39,True,0.0009612327522237502,0.0019541486000603184,0.0008976865646493215,False,38.04000000000002,True
5avs,5avz,5avs,A,5avz,A,992,4,False,True,True,False,False,True,992,992,True,0.0009881051404439828,0.0025257157092018197,0.0009152715946618494,False,38.04000000000002,True
5avs,5aw0,5avs,C,5aw0,C,39,4,False,True,True,False,False,True,39,39,True,0.0009980755903259992,0.0021860813339255225,0.0009196538510446426,False,42.73000000000002,True
5avs,5aw0,5avs,A,5aw0,A,992,5,False,True,True,False,False,True,992,992,True,0.0009974627494783112,0.0021750268346022563,0.0009268834152658204,False,42.73000000000002,True
5avs,5aw1,5avs,C,5aw1,C,39,5,False,True,True,False,False,True,39,39,True,0.0010167022327013404,0.00203266333680722,0.0009384428352824164,False,45.82000000000001,True
5avs,5aw1,5avs,A,5aw1,A,992,4,False,True,True,False,False,True,992,992,True,0.0009955466372865967,0.0023498706453512347,0.0009234443842295824,False,45.82000000000002,True
5avs,5aw2,5avs,C,5aw2,C,39,3,False,True,True,False,False,True,39,39,True,0.0009457960828976552,0.0017452280550922772,0.0008779433498425681,False,32.83000000000001,True
5avs,5aw2,5avs,A,5aw2,A,992,4,False,True,True,False,False,True,992,992,True,0.0009871482457225538,0.0022675030784179598,0.0009194572435431128,False,32.83000000000001,True
5avs,5aw3,5avs,C,5aw3,C,39,3,False,True,True,False,False,True,39,39,True,0.0009652203647593797,0.0018270682765670503,0.0008996436315226053,False,50.41000000000001,True
5avs,5aw3,5avs,A,5aw3,A,992,5,False,True,True,False,False,True,992,992,True,0.000990371267046683,0.002147193252121978,0.0009194443911518812,False,50.410000000000025,True
5avs,5aw4,5avs,C,5aw4,C,39,4,False,True,True,False,False,True,39,39,True,0.00112133209947829,0.0019674319629555004,0.0010488981665444492,False,10.16000000000001,True
5avs,5aw4,5avs,A,5aw4,A,992,6,False,True,True,False,False,True,992,992,True,0.0011257232588556528,0.002646057034109045,0.001044684584619339,False,10.160000000000025,True
5avs,5aw5,5avs,C,5aw5,C,39,3,False,True,True,False,False,True,39,39,True,0.0010901936895988942,0.0020672965161760166,0.0010163468542833854,False,11.140000000000015,True
5avs,5aw5,5avs,A,5aw5,A,992,5,False,True,True,False,False,True,992,992,True,0.0011113694310518226,0.0027629068964189533,0.00102754802817336,False,11.140000000000015,True
5avs,5aw6,5avs,C,5aw6,C,39,6,False,True,True,False,False,True,39,39,True,0.0011089924508616133,0.0019721968149587696,0.0010196786834400864,False,4.420000000000016,True
5avs,5aw6,5avs,A,5aw6,A,992,6,False,True,True,False,False,True,992,992,True,0.0011099215362321516,0.0026223565709487685,0.001029503356336318,False,4.420000000000016,True
5avs,5aw7,5avs,C,5aw7,C,39,4,False,True,True,False,False,True,39,39,True,0.0010948409288405036,0.0022069399738894697,0.0010026521896842478,False,10.110000000000014,True
5avs,5aw7,5avs,A,5aw7,A,992,5,False,True,True,False,False,True,992,992,True,0.0011138248598088912,0.0025961942362984817,0.0010318798761705722,False,10.110000000000014,True
5avs,5aw8,5avs,C,5aw8,C,39,5,False,True,True,False,False,True,39,39,True,0.0011350481081745557,0.0019273053027063355,0.001048399961955815,False,0.020000000000010232,True
5avs,5aw8,5avs,A,5aw8,A,992,5,False,True,True,False,False,True,992,992,True,0.0011240314643441117,0.002666496034513132,0.0010429693233740744,False,0.020000000000010232,True
5avt,5avu,5avt,C,5avu,C,39,3,False,True,True,False,False,True,39,39,True,0.0009822339996349684,0.0018407602768484531,0.0009080590283107257,False,5.88000000000001,True
5avt,5avu,5avt,A,5avu,A,992,4,False,True,True,False,False,True,992,992,True,0.0009977958313534983,0.0022252700519119592,0.0009251110824038112,False,5.880000000000024,True
5avt,5avv,5avt,C,5avv,C,39,4,False,True,True,False,False,True,39,39,True,0.00102416817893852,0.0018852983373707423,0.0009456172072798531,False,12.540000000000006,True
5avt,5avv,5avt,A,5avv,A,992,4,False,True,True,False,False,True,992,992,True,0.0010079257175978427,0.0023992897865890107,0.0009371547478512735,False,12.54000000000002,True
5avt,5avw,5avt,C,5avw,C,39,3,False,True,True,False,False,True,39,39,True,0.0010156647380602816,0.002092528023032691,0.0009399634590558971,False,3.5400000000000063,True
5avt,5avw,5avt,A,5avw,A,992,5,False,True,True,False,False,True,992,992,True,0.0009895085429596395,0.0021675278012965675,0.000920654736082172,False,3.5400000000000205,True
5avt,5avx,5avt,C,5avx,C,39,4,False,True,True,False,False,True,39,39,True,0.0010071126204290975,0.0019679741788452033,0.0009465766545229897,False,63.66000000000001,True
5avt,5avx,5avt,A,5avx,A,992,5,False,True,True,False,False,True,992,992,True,0.0009937412120603459,0.002441547158154216,0.0009213786739352832,False,63.660000000000025,True
5avt,5avy,5avt,C,5avy,C,39,4,False,True,True,False,False,True,39,39,True,0.0009571312543423518,0.001963082930564667,0.0008840305127901826,False,61.15000000000002,True
5avt,5avy,5avt,A,5avy,A,992,5,False,True,True,False,False,True,992,992,True,0.0010026755995537387,0.0022127169294139837,0.0009312061932296758,False,61.15000000000002,True
5avt,5avz,5avt,C,5avz,C,39,4,False,True,True,False,False,True,39,39,True,0.001016230036600803,0.0017664619630342882,0.0009524287894976848,False,41.09000000000002,True
5avt,5avz,5avt,A,5avz,A,992,5,False,True,True,False,False,True,992,992,True,0.0009885950659168214,0.0022380791856254326,0.0009187798724699061,False,41.09000000000002,True
5avt,5aw0,5avt,C,5aw0,C,39,5,False,True,True,False,False,True,39,39,True,0.0009721120978404829,0.001979724783409947,0.0008995084352885217,False,45.780000000000015,True
5avt,5aw0,5avt,A,5aw0,A,992,5,False,True,True,False,False,True,992,992,True,0.000999629613129483,0.00216369638053693,0.0009272371119156608,False,45.780000000000015,True
5avt,5aw1,5avt,C,5aw1,C,39,4,False,True,True,False,False,True,39,39,True,0.00096925018014735,0.00188998955900926,0.0009024018664480958,False,48.87000000000002,True
5avt,5aw1,5avt,A,5aw1,A,992,5,False,True,True,False,False,True,992,992,True,0.0009868579121862428,0.002427246691007333,0.0009175538192532374,False,48.87000000000002,True
5avt,5aw2,5avt,C,5aw2,C,39,4,False,True,True,False,False,True,39,39,True,0.0010062651094888417,0.0018118503181405983,0.0009332371416663437,False,35.88000000000001,True
5avt,5aw2,5avt,A,5aw2,A,992,4,False,True,True,False,False,True,992,992,True,0.000998347236317494,0.0022017522361898615,0.0009278074197416593,False,35.880000000000024,True
5avt,5aw3,5avt,C,5aw3,C,39,3,False,True,True,False,False,True,39,39,True,0.0010407366341317723,0.0019902857957121356,0.0009761372520097758,False,53.46000000000001,True
5avt,5aw3,5avt,A,5aw3,A,992,5,False,True,True,False,False,True,992,992,True,0.0009833579952413646,0.0021554945823387397,0.0009132485205084315,False,53.46000000000001,True
5avt,5aw4,5avt,C,5aw4,C,39,5,False,True,True,False,False,True,39,39,True,0.0010668075717962873,0.002187881997193732,0.0009965008966807607,False,13.210000000000008,True
5avt,5aw4,5avt,A,5aw4,A,992,6,False,True,True,False,False,True,992,992,True,0.0011058785128657213,0.002768569290651672,0.0010247516037338715,False,13.210000000000008,True
5avt,5aw5,5avt,C,5aw5,C,39,4,False,True,True,False,False,True,39,39,True,0.0010767782594021714,0.0019854747332843166,0.001005920137906048,False,14.190000000000012,True
5avt,5aw5,5avt,A,5aw5,A,992,6,False,True,True,False,False,True,992,992,True,0.0011096513474256398,0.0026616845474828573,0.0010319807051766927,False,14.190000000000026,True
5avt,5aw6,5avt,C,5aw6,C,39,4,False,True,True,False,False,True,39,39,True,0.0011709392413772257,0.002055508770075854,0.0010783703186106799,False,7.470000000000013,True
5avt,5aw6,5avt,A,5aw6,A,992,5,False,True,True,False,False,True,992,992,True,0.0011045871711709574,0.0026064123649773186,0.0010250809450878657,False,7.470000000000027,True
5avt,5aw7,5avt,C,5aw7,C,39,4,False,True,True,False,False,True,39,39,True,0.001038648596346741,0.0020522420444633012,0.0009414876428046789,False,13.16000000000001,True
5avt,5aw7,5avt,A,5aw7,A,992,5,False,True,True,False,False,True,992,992,True,0.0011034761656249208,0.0024526072513707717,0.0010240673781211353,False,13.160000000000025,True
5avt,5aw8,5avt,C,5aw8,C,39,4,False,True,True,False,False,True,39,39,True,0.0010956376953368636,0.0021173725847931854,0.0010165578511393358,False,3.0700000000000074,True
5avt,5aw8,5avt,A,5aw8,A,992,5,False,True,True,False,False,True,992,992,True,0.0011196385339788857,0.002495525353883113,0.0010388332826992198,False,3.0700000000000216,True
5avu,5avv,5avu,C,5avv,C,39,4,False,True,True,False,False,True,39,39,True,0.0009734952402925134,0.0016811481964779632,0.0009153928761341278,False,18.420000000000016,True
5avu,5avv,5avu,A,5avv,A,992,4,False,True,True,False,False,True,992,992,True,0.00099708711594894,0.0022423380377927463,0.0009256201389837867,False,18.420000000000016,True
5avu,5avw,5avu,C,5avw,C,39,4,False,True,True,False,False,True,39,39,True,0.0009770667138380943,0.00187773321302082,0.0009027902754409133,False,2.3400000000000034,True
5avu,5avw,5avu,A,5avw,A,992,4,False,True,True,False,False,True,992,992,True,0.0009942159646767802,0.0022823286290971855,0.000921035852944711,False,2.3400000000000034,True
5avu,5avx,5avu,C,5avx,C,39,4,False,True,True,False,False,True,39,39,True,0.0010203686172769663,0.0019114041041933373,0.0009581535417448333,False,69.54000000000002,True
5avu,5avx,5avu,A,5avx,A,992,5,False,True,True,False,False,True,992,992,True,0.0009938804705768097,0.002264937317723676,0.0009222475355026628,False,69.54000000000002,True
5avu,5avy,5avu,C,5avy,C,39,3,False,True,True,False,False,True,39,39,True,0.0009664643832188063,0.0017796682901742014,0.0008981916085226057,False,67.03000000000002,True
5avu,5avy,5avu,A,5avy,A,992,4,False,True,True,False,False,True,992,992,True,0.0010118052199738375,0.0021826785505176184,0.0009362418029008374,False,67.03000000000002,True
5avu,5avz,5avu,C,5avz,C,39,5,False,True,True,False,False,True,39,39,True,0.0009914807331027455,0.0018198846902568123,0.0009162844598045985,False,46.97000000000001,True
5avu,5avz,5avu,A,5avz,A,992,4,False,True,True,False,False,True,992,992,True,0.0009862345971673118,0.002289812378063771,0.0009138777105224712,False,46.97000000000003,True
5avu,5aw0,5avu,C,5aw0,C,39,4,False,True,True,False,False,True,39,39,True,0.0009702599245693087,0.0019213030082624932,0.0008931099600897932,False,51.66000000000001,True
5avu,5aw0,5avu,A,5aw0,A,992,5,False,True,True,False,False,True,992,992,True,0.000999673539131012,0.0021726406487487596,0.000926718059641066,False,51.660000000000025,True
5avu,5aw1,5avu,C,5aw1,C,39,5,False,True,True,False,False,True,39,39,True,0.0009735013699538502,0.0017887292085131288,0.0009109281393810078,False,54.750000000000014,True
5avu,5aw1,5avu,A,5aw1,A,992,4,False,True,True,False,False,True,992,992,True,0.0010007285091156186,0.0023289707389078903,0.0009287473911549801,False,54.750000000000014,True
5avu,5aw2,5avu,C,5aw2,C,39,4,False,True,True,False,False,True,39,39,True,0.0009881149134875963,0.0019309577449043301,0.0009185594884497038,False,41.76000000000002,True
5avu,5aw2,5avu,A,5aw2,A,992,4,False,True,True,False,False,True,992,992,True,0.00098959452493977,0.0022923308217059693,0.0009172315524079894,False,41.76000000000002,True
5avu,5aw3,5avu,C,5aw3,C,39,5,False,True,True,False,False,True,39,39,True,0.0009806632542235017,0.0018964874726127509,0.0009042436358692818,False,59.34000000000002,True
5avu,5aw3,5avu,A,5aw3,A,992,4,False,True,True,False,False,True,992,992,True,0.0009969101975892663,0.002330231565356151,0.000924439105625437,False,59.34000000000002,True
5avu,5aw4,5avu,C,5aw4,C,39,4,False,True,True,False,False,True,39,39,True,0.0010929918655512177,0.002023725873636021,0.0010229968839962193,False,19.090000000000003,True
5avu,5aw4,5avu,A,5aw4,A,992,5,False,True,True,False,False,True,992,992,True,0.0011289815617012212,0.003004905823412333,0.0010495759834933595,False,19.090000000000018,True
5avu,5aw5,5avu,C,5aw5,C,39,5,False,True,True,False,False,True,39,39,True,0.0011143128866961975,0.0024182722385088042,0.0010347671062037474,False,20.070000000000007,True
5avu,5aw5,5avu,A,5aw5,A,992,5,False,True,True,False,False,True,992,992,True,0.0011118421623048532,0.002550218518044348,0.0010304900856265,False,20.07000000000002,True
5avu,5aw6,5avu,C,5aw6,C,39,5,False,True,True,False,False,True,39,39,True,0.001177757602223443,0.0020640634213620643,0.0011034170317406368,False,13.350000000000009,True
5avu,5aw6,5avu,A,5aw6,A,992,5,False,True,True,False,False,True,992,992,True,0.0011230396375477433,0.0026926336707189533,0.0010426893827370966,False,13.350000000000023,True
5avu,5aw7,5avu,C,5aw7,C,39,4,False,True,True,False,False,True,39,39,True,0.0011211277941804922,0.0022358424586617943,0.0010433767424270388,False,19.040000000000006,True
5avu,5aw7,5avu,A,5aw7,A,992,5,False,True,True,False,False,True,992,992,True,0.0011116873450183148,0.002580874047289108,0.0010309431009484988,False,19.04000000000002,True
5avu,5aw8,5avu,C,5aw8,C,39,4,False,True,True,False,False,True,39,39,True,0.001136755863778858,0.002095689926659306,0.0010527036908325252,False,8.95000000000001,True
5avu,5aw8,5avu,A,5aw8,A,992,5,False,True,True,False,False,True,992,992,True,0.001122130317956718,0.0025553052222910514,0.0010405259504971615,False,8.950000000000017,True
5avv,5avw,5avv,C,5avw,C,39,4,False,True,True,False,False,True,39,39,True,0.000962039853665123,0.0017114643806085445,0.0009003451842277232,False,16.080000000000013,True
5avv,5avw,5avv,A,5avw,A,992,5,False,True,True,False,False,True,992,992,True,0.0010087441258169907,0.002287914282798023,0.0009342840500164672,False,16.080000000000013,True
5avv,5avx,5avv,C,5avx,C,39,4,False,True,True,False,False,True,39,39,True,0.001003455541018824,0.0018919650665597436,0.0009394842571553118,False,51.12000000000002,True
5avv,5avx,5avv,A,5avx,A,992,4,False,True,True,False,False,True,992,992,True,0.0010002006092749568,0.0025417358497944725,0.0009295020658693673,False,51.12000000000002,True
5avv,5avy,5avv,C,5avy,C,39,4,False,True,True,False,False,True,39,39,True,0.0009953493195673224,0.0016919991887053981,0.0009231158343347753,False,48.610000000000014,True
5avv,5avy,5avv,A,5avy,A,992,5,False,True,True,False,False,True,992,992,True,0.001004877007121776,0.002306723804240571,0.0009304289505877643,False,48.610000000000014,True
5avv,5avz,5avv,C,5avz,C,39,4,False,True,True,False,False,True,39,39,True,0.0009556157757526414,0.001744851916788988,0.0008952321138336619,False,28.55000000000001,True
5avv,5avz,5avv,A,5avz,A,992,5,False,True,True,False,False,True,992,992,True,0.0009910547050652736,0.00220159969081662,0.000918732266670928,False,28.55000000000001,True
5avv,5aw0,5avv,C,5aw0,C,39,3,False,True,True,False,False,True,39,39,True,0.0009670274003077369,0.0018780642974621125,0.0008929474974029469,False,33.24000000000001,True
5avv,5aw0,5avv,A,5aw0,A,992,5,False,True,True,False,False,True,992,992,True,0.0010035944195906543,0.0024946655690626825,0.0009311015261023436,False,33.24000000000001,True
5avv,5aw1,5avv,C,5aw1,C,39,3,False,True,True,False,False,True,39,39,True,0.0009514391952785076,0.0021050035709591144,0.0008735175490747662,False,36.33000000000001,True
5avv,5aw1,5avv,A,5aw1,A,992,6,False,True,True,False,False,True,992,992,True,0.0009983315692662636,0.0022586415637866806,0.0009259843009560377,False,36.33000000000001,True
5avv,5aw2,5avv,C,5aw2,C,39,4,False,True,True,False,False,True,39,39,True,0.0009024864575516176,0.0016144826162232508,0.0008442553066384533,False,23.340000000000018,True
5avv,5aw2,5avv,A,5aw2,A,992,5,False,True,True,False,False,True,992,992,True,0.0009993058803196425,0.0022928946605517233,0.0009280758011156769,False,23.340000000000018,True
5avv,5aw3,5avv,C,5aw3,C,39,4,False,True,True,False,False,True,39,39,True,0.0010090756434725902,0.0018201021190616107,0.000951217147125168,False,40.920000000000016,True
5avv,5aw3,5avv,A,5aw3,A,992,4,False,True,True,False,False,True,992,992,True,0.0010033253323210984,0.0020830349917908505,0.0009315766506819874,False,40.920000000000016,True
5avv,5aw4,5avv,C,5aw4,C,39,4,False,True,True,False,False,True,39,39,True,0.00105373316634579,0.0018308178810480626,0.0009791915340053338,False,0.6700000000000159,True
5avv,5aw4,5avv,A,5aw4,A,992,5,False,True,True,False,False,True,992,992,True,0.001120281703109441,0.0026568405648449496,0.0010351026175678929,False,0.6700000000000159,True
5avv,5aw5,5avv,C,5aw5,C,39,4,False,True,True,False,False,True,39,39,True,0.0010812619284277893,0.001968442087101769,0.0010090990441977581,False,1.6500000000000057,True
5avv,5aw5,5avv,A,5aw5,A,992,6,False,True,True,False,False,True,992,992,True,0.0011270375980260226,0.002586137123516799,0.001040410968955568,False,1.65000000000002,True
5avv,5aw6,5avv,C,5aw6,C,39,4,False,True,True,False,False,True,39,39,True,0.0010891112987572312,0.0022661629780910564,0.0010074242069193194,False,5.070000000000022,True
5avv,5aw6,5avv,A,5aw6,A,992,5,False,True,True,False,False,True,992,992,True,0.0011238454156723998,0.0025413562430924063,0.0010366518580076096,False,5.070000000000022,True
5avv,5aw7,5avv,C,5aw7,C,39,5,False,True,True,False,False,True,39,39,True,0.0011602647468063087,0.0021109540853838015,0.001094130810024748,False,0.6200000000000045,True
5avv,5aw7,5avv,A,5aw7,A,992,7,False,True,True,False,False,True,992,992,True,0.0011205834897215496,0.0027907860883958366,0.001036654078575175,False,0.6200000000000045,True
5avv,5aw8,5avv,C,5aw8,C,39,5,False,True,True,False,False,True,39,39,True,0.001075681027707685,0.0020815766214619404,0.0009949537978705704,False,9.470000000000013,True
5avv,5aw8,5avv,A,5aw8,A,992,5,False,True,True,False,False,True,992,992,True,0.0011284424957661594,0.0024264143122001685,0.001046531199015462,False,9.470000000000027,True
5avw,5avx,5avw,C,5avx,C,39,3,False,True,True,False,False,True,39,39,True,0.00096125703925551,0.001755128188265025,0.0008963670851322375,False,67.20000000000002,True
5avw,5avx,5avw,A,5avx,A,992,4,False,True,True,False,False,True,992,992,True,0.0009947167769802864,0.002168549590014318,0.0009231664594583585,False,67.20000000000002,True
5avw,5avy,5avw,C,5avy,C,39,3,False,True,True,False,False,True,39,39,True,0.000983420097507104,0.001748310723492549,0.0009103103360549329,False,64.69000000000001,True
5avw,5avy,5avw,A,5avy,A,992,4,False,True,True,False,False,True,992,992,True,0.0009950032430084382,0.002148634031651923,0.0009237204821049038,False,64.69000000000003,True
5avw,5avz,5avw,C,5avz,C,39,4,False,True,True,False,False,True,39,39,True,0.0009771740772619338,0.0018386292141017724,0.000912829431414297,False,44.63000000000001,True
5avw,5avz,5avw,A,5avz,A,992,5,False,True,True,False,False,True,992,992,True,0.0009783745976729868,0.0022106255857059958,0.0009075597748285912,False,44.630000000000024,True
5avw,5aw0,5avw,C,5aw0,C,39,3,False,True,True,False,False,True,39,39,True,0.0009648287883968035,0.002071370176472347,0.0008861733230479153,False,49.32000000000001,True
5avw,5aw0,5avw,A,5aw0,A,992,5,False,True,True,False,False,True,992,992,True,0.0010015589108036632,0.0024942374236173142,0.0009308200102650923,False,49.32000000000002,True
5avw,5aw1,5avw,C,5aw1,C,39,3,False,True,True,False,False,True,39,39,True,0.000993719839558342,0.0019226829840082282,0.0009184534569760008,False,52.41000000000001,True
5avw,5aw1,5avw,A,5aw1,A,992,5,False,True,True,False,False,True,992,992,True,0.0009981022094046105,0.0022010496237724443,0.0009273019970625348,False,52.410000000000025,True
5avw,5aw2,5avw,C,5aw2,C,39,5,False,True,True,False,False,True,39,39,True,0.001041562221635091,0.0020109371904693273,0.000972083835615768,False,39.420000000000016,True
5avw,5aw2,5avw,A,5aw2,A,992,5,False,True,True,False,False,True,992,992,True,0.0009918854690143866,0.002222480260913119,0.0009175799137240678,False,39.420000000000016,True
5avw,5aw3,5avw,C,5aw3,C,39,4,False,True,True,False,False,True,39,39,True,0.0010102963723300808,0.002033996447703653,0.0009499853004300161,False,57.000000000000014,True
5avw,5aw3,5avw,A,5aw3,A,992,5,False,True,True,False,False,True,992,992,True,0.0009889521231360478,0.0022759943730220706,0.0009187319848801675,False,57.000000000000014,True
5avw,5aw4,5avw,C,5aw4,C,39,4,False,True,True,False,False,True,39,39,True,0.0010890386677741841,0.0020859604439122333,0.000995774282750794,False,16.750000000000014,True
5avw,5aw4,5avw,A,5aw4,A,992,5,False,True,True,False,False,True,992,992,True,0.0011111922986351056,0.0025677601451591374,0.0010301602558252714,False,16.750000000000014,True
5avw,5aw5,5avw,C,5aw5,C,39,4,False,True,True,False,False,True,39,39,True,0.0011219569964955106,0.0025706815388750782,0.0010347282642678948,False,17.730000000000018,True
5avw,5aw5,5avw,A,5aw5,A,992,6,False,True,True,False,False,True,992,992,True,0.0011083418027933842,0.00266149644093152,0.0010247839130740365,False,17.730000000000018,True
5avw,5aw6,5avw,C,5aw6,C,39,6,False,True,True,False,False,True,39,39,True,0.0011508731915120223,0.0023275894123638502,0.0010663424140307702,False,11.010000000000005,True
5avw,5aw6,5avw,A,5aw6,A,992,6,False,True,True,False,False,True,992,992,True,0.001111914635079299,0.0026082441993274426,0.0010284897282102278,False,11.01000000000002,True
5avw,5aw7,5avw,C,5aw7,C,39,4,False,True,True,False,False,True,39,39,True,0.0010484901253494763,0.002341909276553517,0.0009685256434289783,False,16.700000000000017,True
5avw,5aw7,5avw,A,5aw7,A,992,6,False,True,True,False,False,True,992,992,True,0.0011107098392969896,0.002970417811765753,0.0010280760034554507,False,16.700000000000017,True
5avw,5aw8,5avw,C,5aw8,C,39,4,False,True,True,False,False,True,39,39,True,0.0010996028059433677,0.0025215793721392273,0.0010082299971290354,False,6.610000000000014,True
5avw,5aw8,5avw,A,5aw8,A,992,6,False,True,True,False,False,True,992,992,True,0.0011177964638013442,0.002498203411287185,0.0010326449114229262,False,6.610000000000014,True
5avx,5avy,5avx,C,5avy,C,39,4,False,True,True,False,False,True,39,39,True,0.0009780004161716162,0.002088036653145539,0.0008959537212567917,False,2.5100000000000193,True
5avx,5avy,5avx,A,5avy,A,992,6,False,True,True,False,False,True,992,992,True,0.000998775300067352,0.002528124454189332,0.0009255276252334126,False,2.5100000000000193,True
5avx,5avz,5avx,C,5avz,C,39,3,False,True,True,False,False,True,39,39,True,0.0009798934877174688,0.0019265429571446754,0.0009139174041891923,False,22.57000000000002,True
5avx,5avz,5avx,A,5avz,A,992,5,False,True,True,False,False,True,992,992,True,0.0009736713384368936,0.0022381070281832284,0.0009044345123979803,False,22.57000000000002,True
5avx,5aw0,5avx,C,5aw0,C,39,3,False,True,True,False,False,True,39,39,True,0.0009510049365131238,0.0018921034278247151,0.0008901403558488358,False,17.880000000000024,True
5avx,5aw0,5avx,A,5aw0,A,992,5,False,True,True,False,False,True,992,992,True,0.0009936471051655651,0.0024588913921468037,0.0009217977346515586,False,17.880000000000024,True
5avx,5aw1,5avx,C,5aw1,C,39,5,False,True,True,False,False,True,39,39,True,0.0009492723158816116,0.0019166437084167376,0.0008760494680988626,False,14.79000000000002,True
5avx,5aw1,5avx,A,5aw1,A,992,4,False,True,True,False,False,True,992,992,True,0.0009840840885624409,0.002353775260817808,0.0009108843458279943,False,14.79000000000002,True
5avx,5aw2,5avx,C,5aw2,C,39,3,False,True,True,False,False,True,39,39,True,0.0009875062214501705,0.001787984818746112,0.0009229896051518793,False,27.780000000000015,True
5avx,5aw2,5avx,A,5aw2,A,992,4,False,True,True,False,False,True,992,992,True,0.000979160506661825,0.002129463487399346,0.0009112982786224752,False,27.780000000000015,True
5avx,5aw3,5avx,C,5aw3,C,39,4,False,True,True,False,False,True,39,39,True,0.0009923686452597588,0.0018351196649067348,0.0009187243755967371,False,10.200000000000017,True
5avx,5aw3,5avx,A,5aw3,A,992,6,False,True,True,False,False,True,992,992,True,0.0009834631810455628,0.0020485228232912174,0.0009122943057180644,False,10.200000000000017,True
5avx,5aw4,5avx,C,5aw4,C,39,5,False,True,True,False,False,True,39,39,True,0.0011272834785465433,0.002242224824720354,0.001053410384809797,False,50.45000000000002,True
5avx,5aw4,5avx,A,5aw4,A,992,5,False,True,True,False,False,True,992,992,True,0.0011187965211632727,0.002687408100865475,0.00103505406550695,False,50.45000000000002,True
5avx,5aw5,5avx,C,5aw5,C,39,4,False,True,True,False,False,True,39,39,True,0.0011053959153128697,0.002064992757309855,0.0010264890591247385,False,49.47000000000001,True
5avx,5aw5,5avx,A,5aw5,A,992,6,False,True,True,False,False,True,992,992,True,0.0011072333462444368,0.0024521684008742555,0.0010248396661996404,False,49.47000000000003,True
5avx,5aw6,5avx,C,5aw6,C,39,4,False,True,True,False,False,True,39,39,True,0.0011296632934456692,0.0019156566249662595,0.0010602560874583625,False,56.190000000000026,True
5avx,5aw6,5avx,A,5aw6,A,992,6,False,True,True,False,False,True,992,992,True,0.0011171085168495164,0.0025460271615664943,0.001034684737062151,False,56.190000000000026,True
5avx,5aw7,5avx,C,5aw7,C,39,4,False,True,True,False,False,True,39,39,True,0.0011074989962989062,0.0020496786040172473,0.0010419365424304975,False,50.500000000000014,True
5avx,5aw7,5avx,A,5aw7,A,992,6,False,True,True,False,False,True,992,992,True,0.0011111578884929144,0.0027574324301561817,0.0010283970692474187,False,50.500000000000014,True
5avx,5aw8,5avx,C,5aw8,C,39,4,False,True,True,False,False,True,39,39,True,0.001085143433626483,0.0026383909041787796,0.000999596984058137,False,60.59000000000002,True
5avx,5aw8,5avx,A,5aw8,A,992,6,False,True,True,False,False,True,992,992,True,0.0011243993184188005,0.0026336838258126834,0.0010431134318660028,False,60.59000000000002,True
5avy,5avz,5avy,C,5avz,C,39,3,False,True,True,False,False,True,39,39,True,0.0009520644212506907,0.0017006336635706214,0.0008969105698013354,False,20.060000000000016,True
5avy,5avz,5avy,A,5avz,A,992,5,False,True,True,False,False,True,992,992,True,0.00098869337058235,0.002102944460047972,0.0009194158204862177,False,20.060000000000016,True
5avy,5aw0,5avy,C,5aw0,C,39,4,False,True,True,False,False,True,39,39,True,0.0009891019806306481,0.0018863528632704954,0.000912773713065697,False,15.370000000000019,True
5avy,5aw0,5avy,A,5aw0,A,992,5,False,True,True,False,False,True,992,992,True,0.0010124714500653934,0.0022241148350965116,0.0009420324251913953,False,15.370000000000019,True
5avy,5aw1,5avy,C,5aw1,C,39,3,False,True,True,False,False,True,39,39,True,0.0009690118101210147,0.0018089304142454978,0.0009131958599157586,False,12.280000000000015,True
5avy,5aw1,5avy,A,5aw1,A,992,5,False,True,True,False,False,True,992,992,True,0.0010023146659814092,0.0022864860528452697,0.0009287516267865573,False,12.280000000000015,True
5avy,5aw2,5avy,C,5aw2,C,39,4,False,True,True,False,False,True,39,39,True,0.001050688001749409,0.001951831539520603,0.0009754818298488226,False,25.27000000000001,True
5avy,5aw2,5avy,A,5aw2,A,992,5,False,True,True,False,False,True,992,992,True,0.0009962611295917666,0.0021189448756532055,0.0009246665349598622,False,25.27000000000001,True
5avy,5aw3,5avy,C,5aw3,C,39,3,False,True,True,False,False,True,39,39,True,0.0009963992779772103,0.0019728470765965622,0.000935309912998141,False,7.690000000000026,True
5avy,5aw3,5avy,A,5aw3,A,992,4,False,True,True,False,False,True,992,992,True,0.001000093427841116,0.0021882134350230753,0.0009302121920261829,False,7.690000000000026,True
5avy,5aw4,5avy,C,5aw4,C,39,4,False,True,True,False,False,True,39,39,True,0.001088050544138027,0.0024055435968733966,0.001007530009062419,False,47.940000000000026,True
5avy,5aw4,5avy,A,5aw4,A,992,5,False,True,True,False,False,True,992,992,True,0.0011283778262834775,0.0025387125530707015,0.0010458768007979753,False,47.940000000000026,True
5avy,5aw5,5avy,C,5aw5,C,39,5,False,True,True,False,False,True,39,39,True,0.0010868261697722593,0.0018591214826155238,0.0010140481394080823,False,46.96000000000001,True
5avy,5aw5,5avy,A,5aw5,A,992,5,False,True,True,False,False,True,992,992,True,0.001113125730284177,0.0024522944687611257,0.0010314423191811093,False,46.96000000000001,True
5avy,5aw6,5avy,C,5aw6,C,39,5,False,True,True,False,False,True,39,39,True,0.0011414220477785591,0.0028397165102039957,0.0010596020975882016,False,53.68000000000001,True
5avy,5aw6,5avy,A,5aw6,A,992,5,False,True,True,False,False,True,992,992,True,0.0011134219714790034,0.002600337623735374,0.0010313563578604557,False,53.68000000000001,True
5avy,5aw7,5avy,C,5aw7,C,39,4,False,True,True,False,False,True,39,39,True,0.0010395927718162253,0.0021612423824260273,0.0009687138577425116,False,47.99000000000001,True
5avy,5aw7,5avy,A,5aw7,A,992,5,False,True,True,False,False,True,992,992,True,0.0011190823026216107,0.0027345882563030973,0.0010377459287051305,False,47.99000000000001,True
5avy,5aw8,5avy,C,5aw8,C,39,5,False,True,True,False,False,True,39,39,True,0.0011018524650245882,0.0019689802859401925,0.0010235215204257525,False,58.08000000000001,True
5avy,5aw8,5avy,A,5aw8,A,992,6,False,True,True,False,False,True,992,992,True,0.0011183617381891368,0.002769305590871861,0.0010386187260066433,False,58.08000000000001,True
5avz,5aw0,5avz,C,5aw0,C,39,4,False,True,True,False,False,True,39,39,True,0.0009927928281006,0.0018327208136924326,0.0009333955585633641,False,4.690000000000026,True
5avz,5aw0,5avz,A,5aw0,A,992,5,False,True,True,False,False,True,992,992,True,0.0009889952636918365,0.0020090418155879483,0.0009224711397219247,False,4.690000000000026,True
5avz,5aw1,5avz,C,5aw1,C,39,3,False,True,True,False,False,True,39,39,True,0.0009986301529638151,0.0020981472852253983,0.0009166772713646426,False,7.780000000000015,True
5avz,5aw1,5avz,A,5aw1,A,992,5,False,True,True,False,False,True,992,992,True,0.0009905361403576044,0.0023894234978607044,0.0009197116381835695,False,7.780000000000015,True
5avz,5aw2,5avz,C,5aw2,C,39,4,False,True,True,False,False,True,39,39,True,0.0010007086316751713,0.0016596732066237077,0.0009417641868412265,False,5.210000000000008,True
5avz,5aw2,5avz,A,5aw2,A,992,5,False,True,True,False,False,True,992,992,True,0.0009780269428625807,0.002473576691669229,0.0009074062522503816,False,5.210000000000008,True
5avz,5aw3,5avz,C,5aw3,C,39,4,False,True,True,False,False,True,39,39,True,0.0010106727745501265,0.0021323231610611,0.0009295208836629656,False,12.370000000000005,True
5avz,5aw3,5avz,A,5aw3,A,992,5,False,True,True,False,False,True,992,992,True,0.000983993017892783,0.002199062396030122,0.0009146057294430969,False,12.370000000000019,True
5avz,5aw4,5avz,C,5aw4,C,39,4,False,True,True,False,False,True,39,39,True,0.0010871493138525968,0.00208140680971695,0.0010119338155894393,False,27.880000000000024,True
5avz,5aw4,5avz,A,5aw4,A,992,6,False,True,True,False,False,True,992,992,True,0.0011149346408341357,0.0025780044599163442,0.001033834545423179,False,27.880000000000024,True
5avz,5aw5,5avz,C,5aw5,C,39,5,False,True,True,False,False,True,39,39,True,0.0011229469223316426,0.0022290982278151835,0.0010426990551790321,False,26.90000000000002,True
5avz,5aw5,5avz,A,5aw5,A,992,5,False,True,True,False,False,True,992,992,True,0.0011086668635304116,0.002701774552417458,0.0010293014337951294,False,26.90000000000002,True
5avz,5aw6,5avz,C,5aw6,C,39,5,False,True,True,False,False,True,39,39,True,0.0011450040164048207,0.002460139318230881,0.0010486375108310463,False,33.62000000000002,True
5avz,5aw6,5avz,A,5aw6,A,992,6,False,True,True,False,False,True,992,992,True,0.0011070163503070845,0.002438738839417394,0.0010243892848757047,False,33.62000000000002,True
5avz,5aw7,5avz,C,5aw7,C,39,5,False,True,True,False,False,True,39,39,True,0.0011318255084608925,0.0020989950698885804,0.0010609961870632581,False,27.930000000000007,True
5avz,5aw7,5avz,A,5aw7,A,992,7,False,True,True,False,False,True,992,992,True,0.0011093514057922407,0.002439933117137804,0.001031151137201385,False,27.930000000000007,True
5avz,5aw8,5avz,C,5aw8,C,39,4,False,True,True,False,False,True,39,39,True,0.0010854079593011527,0.001975892780782847,0.0010205069458141466,False,38.02000000000001,True
5avz,5aw8,5avz,A,5aw8,A,992,6,False,True,True,False,False,True,992,992,True,0.0011062754135942351,0.002625111806716715,0.0010219305084978308,False,38.02000000000001,True
5aw0,5aw1,5aw0,C,5aw1,C,39,3,False,True,True,False,False,True,39,39,True,0.0009650735299727201,0.001744418875632563,0.0008991637376615805,False,3.0900000000000176,True
5aw0,5aw1,5aw0,A,5aw1,A,992,5,False,True,True,False,False,True,992,992,True,0.0009940564808273678,0.0023048186796722904,0.0009220863009006986,False,3.0900000000000176,True
5aw0,5aw2,5aw0,C,5aw2,C,39,4,False,True,True,False,False,True,39,39,True,0.001006808001565062,0.001905922904637599,0.000941024018005763,False,9.900000000000006,True
5aw0,5aw2,5aw0,A,5aw2,A,992,5,False,True,True,False,False,True,992,992,True,0.0009994064538965352,0.0024399589286178435,0.0009276434211740656,False,9.90000000000002,True
5aw0,5aw3,5aw0,C,5aw3,C,39,3,False,True,True,False,False,True,39,39,True,0.0009465382048843701,0.0020299334053163393,0.0008543709121863255,False,7.680000000000007,True
5aw0,5aw3,5aw0,A,5aw3,A,992,5,False,True,True,False,False,True,992,992,True,0.001005016260146981,0.0021107135444507503,0.0009339296010653507,False,7.680000000000007,True
5aw0,5aw4,5aw0,C,5aw4,C,39,4,False,True,True,False,False,True,39,39,True,0.0010870986048967574,0.0023423263499163997,0.0010017451670738344,False,32.57000000000002,True
5aw0,5aw4,5aw0,A,5aw4,A,992,6,False,True,True,False,False,True,992,992,True,0.0011151984800001824,0.0025009618578745664,0.0010349948880400879,False,32.57000000000002,True
5aw0,5aw5,5aw0,C,5aw5,C,39,4,False,True,True,False,False,True,39,39,True,0.0010896455054109461,0.0020747563776934786,0.0010209211788389952,False,31.590000000000018,True
5aw0,5aw5,5aw0,A,5aw5,A,992,5,False,True,True,False,False,True,992,992,True,0.0011134787186670152,0.002841864663426907,0.0010317706075747496,False,31.590000000000018,True
5aw0,5aw6,5aw0,C,5aw6,C,39,4,False,True,True,False,False,True,39,39,True,0.0010929893928446053,0.0020064228618968637,0.0010131296614945844,False,38.31000000000002,True
5aw0,5aw6,5aw0,A,5aw6,A,992,6,False,True,True,False,False,True,992,992,True,0.0011051236407298329,0.002680478275435023,0.001024492383817434,False,38.31000000000002,True
5aw0,5aw7,5aw0,C,5aw7,C,39,3,False,True,True,False,False,True,39,39,True,0.0010563325497881082,0.002050729165085534,0.0009869186223482162,False,32.62000000000002,True
5aw0,5aw7,5aw0,A,5aw7,A,992,6,False,True,True,False,False,True,992,992,True,0.0011145834432896987,0.002549164934456653,0.0010303022122259576,False,32.62000000000002,True
5aw0,5aw8,5aw0,C,5aw8,C,39,4,False,True,True,False,False,True,39,39,True,0.0010714035509731172,0.002738154317827711,0.0009897615037145243,False,42.71000000000001,True
5aw0,5aw8,5aw0,A,5aw8,A,992,5,False,True,True,False,False,True,992,992,True,0.00112025856148921,0.0025228740220060073,0.0010395390724714539,False,42.71000000000001,True
5aw1,5aw2,5aw1,C,5aw2,C,39,4,False,True,True,False,False,True,39,39,True,0.0009947091719611138,0.0020454121969122304,0.0009263518265312853,False,12.990000000000009,True
5aw1,5aw2,5aw1,A,5aw2,A,992,5,False,True,True,False,False,True,992,992,True,0.0009930634519325606,0.0022994861848136157,0.0009179909501559046,False,12.990000000000009,True
5aw1,5aw3,5aw1,C,5aw3,C,39,4,False,True,True,False,False,True,39,39,True,0.0010377136529896266,0.0019170148941473786,0.0009629008753108335,False,4.590000000000003,True
5aw1,5aw3,5aw1,A,5aw3,A,992,5,False,True,True,False,False,True,992,992,True,0.0009982812451948943,0.0023275322803706197,0.0009233809423607325,False,4.590000000000018,True
5aw1,5aw4,5aw1,C,5aw4,C,39,5,False,True,True,False,False,True,39,39,True,0.0010787809195256346,0.0022257116889954427,0.0009896594570551038,False,35.660000000000025,True
5aw1,5aw4,5aw1,A,5aw4,A,992,5,False,True,True,False,False,True,992,992,True,0.0011215459503201948,0.0028139172027663406,0.001039073419802295,False,35.660000000000025,True
5aw1,5aw5,5aw1,C,5aw5,C,39,4,False,True,True,False,False,True,39,39,True,0.001132416303753367,0.0022377786954289837,0.0010332548268239127,False,34.68000000000001,True
5aw1,5aw5,5aw1,A,5aw5,A,992,6,False,True,True,False,False,True,992,992,True,0.0011217413681117053,0.0026236090646433816,0.0010385399260984536,False,34.68000000000001,True
5aw1,5aw6,5aw1,C,5aw6,C,39,4,False,True,True,False,False,True,39,39,True,0.001155695912152663,0.002242910828882754,0.0010736795026545186,False,41.400000000000006,True
5aw1,5aw6,5aw1,A,5aw6,A,992,5,False,True,True,False,False,True,992,992,True,0.0011084785332295833,0.002557543038766988,0.0010305162128202766,False,41.40000000000002,True
5aw1,5aw7,5aw1,C,5aw7,C,39,4,False,True,True,False,False,True,39,39,True,0.0011149298274249896,0.002060852502789357,0.0010364281424457234,False,35.71000000000001,True
5aw1,5aw7,5aw1,A,5aw7,A,992,6,False,True,True,False,False,True,992,992,True,0.0011195307536249759,0.0025974210030562297,0.0010373188460707213,False,35.71000000000001,True
5aw1,5aw8,5aw1,C,5aw8,C,39,4,False,True,True,False,False,True,39,39,True,0.001083877337967147,0.0023182026023538696,0.0010026497744573966,False,45.80000000000001,True
5aw1,5aw8,5aw1,A,5aw8,A,992,5,False,True,True,False,False,True,992,992,True,0.0011270286875525509,0.0027466461859265707,0.0010483696399059006,False,45.80000000000001,True
5aw2,5aw3,5aw2,C,5aw3,C,39,4,False,True,True,False,False,True,39,39,True,0.001018896383633661,0.001936672158000651,0.0009537780532984625,False,17.580000000000013,True
5aw2,5aw3,5aw2,A,5aw3,A,992,4,False,True,True,False,False,True,992,992,True,0.000991037677686625,0.0022497120940938938,0.0009194591186942958,False,17.580000000000013,True
5aw2,5aw4,5aw2,C,5aw4,C,39,3,False,True,True,False,False,True,39,39,True,0.0010635782651916567,0.002203353965824463,0.0009841167009727485,False,22.670000000000016,True
5aw2,5aw4,5aw2,A,5aw4,A,992,6,False,True,True,False,False,True,992,992,True,0.0011142835278413305,0.0026226436130507387,0.0010307087287628079,False,22.670000000000016,True
5aw2,5aw5,5aw2,C,5aw5,C,39,4,False,True,True,False,False,True,39,39,True,0.001075052215398533,0.0019750498478923744,0.0010118710788411434,False,21.690000000000026,True
5aw2,5aw5,5aw2,A,5aw5,A,992,5,False,True,True,False,False,True,992,992,True,0.0011197533632205847,0.0026042757439839292,0.0010393530969878932,False,21.690000000000026,True
5aw2,5aw6,5aw2,C,5aw6,C,39,4,False,True,True,False,False,True,39,39,True,0.0011058859120152296,0.0024456820728307326,0.0010203766991487748,False,28.410000000000025,True
5aw2,5aw6,5aw2,A,5aw6,A,992,5,False,True,True,False,False,True,992,992,True,0.001107866449524929,0.0024792103120725023,0.0010271983375850983,False,28.410000000000025,True
5aw2,5aw7,5aw2,C,5aw7,C,39,4,False,True,True,False,False,True,39,39,True,0.001094438788745973,0.0021821649080193974,0.0010174573399326554,False,22.720000000000027,True
5aw2,5aw7,5aw2,A,5aw7,A,992,6,False,True,True,False,False,True,992,992,True,0.001110080123273377,0.0032920584968133826,0.001029236276240809,False,22.720000000000027,True
5aw2,5aw8,5aw2,C,5aw8,C,39,4,False,True,True,False,False,True,39,39,True,0.0011012118840763101,0.0023966951117366663,0.0010102386272895698,False,32.81000000000002,True
5aw2,5aw8,5aw2,A,5aw8,A,992,5,False,True,True,False,False,True,992,992,True,0.001126051619602895,0.0025425840136394763,0.00104244305164855,False,32.81000000000002,True
5aw3,5aw4,5aw3,C,5aw4,C,39,4,False,True,True,False,False,True,39,39,True,0.0011045250190242473,0.002143097938059497,0.0010257950545547127,False,40.250000000000014,True
5aw3,5aw4,5aw3,A,5aw4,A,992,5,False,True,True,False,False,True,992,992,True,0.0011198900908257886,0.002878867881746182,0.0010364076563385322,False,40.250000000000014,True
5aw3,5aw5,5aw3,C,5aw5,C,39,3,False,True,True,False,False,True,39,39,True,0.0010819036939976813,0.002129773216644406,0.0010129400795888903,False,39.27000000000001,True
5aw3,5aw5,5aw3,A,5aw5,A,992,6,False,True,True,False,False,True,992,992,True,0.001122282586089959,0.002637744821123366,0.0010416615544751526,False,39.27000000000001,True
5aw3,5aw6,5aw3,C,5aw6,C,39,5,False,True,True,False,False,True,39,39,True,0.0011590141976281902,0.002359484704502712,0.001060302631744348,False,45.99000000000001,True
5aw3,5aw6,5aw3,A,5aw6,A,992,6,False,True,True,False,False,True,992,992,True,0.001113027239406814,0.002301897437990833,0.0010345007226721897,False,45.99000000000001,True
5aw3,5aw7,5aw3,C,5aw7,C,39,4,False,True,True,False,False,True,39,39,True,0.0011362360951972733,0.0019148351887914349,0.0010772353836933698,False,40.30000000000001,True
5aw3,5aw7,5aw3,A,5aw7,A,992,5,False,True,True,False,False,True,992,992,True,0.0011155559734125152,0.002509513698335108,0.0010319221317376993,False,40.30000000000001,True
5aw3,5aw8,5aw3,C,5aw8,C,39,4,False,True,True,False,False,True,39,39,True,0.0010828458623650184,0.002107790584234686,0.0010156909825884558,False,50.390000000000015,True
5aw3,5aw8,5aw3,A,5aw8,A,992,7,False,True,True,False,False,True,992,992,True,0.001117526482160352,0.0025321049926135555,0.001034144614287348,False,50.390000000000015,True
5aw4,5aw5,5aw4,C,5aw5,C,39,3,False,True,True,False,False,True,39,39,True,0.0008994850063881876,0.0017208583503741238,0.0008397234685363983,False,0.9800000000000182,True
5aw4,5aw5,5aw4,A,5aw5,A,992,5,False,True,True,False,False,True,992,992,True,0.0010085265104001033,0.002279823271656695,0.000937842095546222,False,0.9800000000000182,True
5aw4,5aw6,5aw4,C,5aw6,C,39,3,False,True,True,False,False,True,39,39,True,0.0010357161138527212,0.00196318809430984,0.0009632022521137132,False,5.740000000000009,True
5aw4,5aw6,5aw4,A,5aw6,A,992,5,False,True,True,False,False,True,992,992,True,0.0010153899954251006,0.002324141382692241,0.0009440474676689486,False,5.740000000000009,True
5aw4,5aw7,5aw4,C,5aw7,C,39,3,False,True,True,False,False,True,39,39,True,0.001009802782126617,0.0019845188193964125,0.0009556984133798734,False,0.05000000000001137,True
5aw4,5aw7,5aw4,A,5aw7,A,992,5,False,True,True,False,False,True,992,992,True,0.0010039432151002247,0.002224966262341796,0.0009304368464492994,False,0.05000000000001137,True
5aw4,5aw8,5aw4,C,5aw8,C,39,4,False,True,True,False,False,True,39,39,True,0.0010310797658761904,0.0018175250666844552,0.0009675120544841531,False,10.140000000000015,True
5aw4,5aw8,5aw4,A,5aw8,A,992,5,False,True,True,False,False,True,992,992,True,0.0010089620558967744,0.0024642366038326036,0.0009364522986389168,False,10.140000000000015,True
5aw5,5aw6,5aw5,C,5aw6,C,39,4,False,True,True,False,False,True,39,39,True,0.001014949782495015,0.0018634721369760387,0.0009525806834759878,False,6.720000000000027,True
5aw5,5aw6,5aw5,A,5aw6,A,992,5,False,True,True,False,False,True,992,992,True,0.0010032451337261012,0.0021873819143199374,0.0009307127250345048,False,6.720000000000027,True
5aw5,5aw7,5aw5,C,5aw7,C,39,4,False,True,True,False,False,True,39,39,True,0.0009403945502730733,0.0018597181132301607,0.0008582868507112822,False,1.0300000000000153,True
5aw5,5aw7,5aw5,A,5aw7,A,992,5,False,True,True,False,False,True,992,992,True,0.0009934298538133127,0.0024627829456780517,0.0009208338193505346,False,1.0300000000000153,True
5aw5,5aw8,5aw5,C,5aw8,C,39,3,False,True,True,False,False,True,39,39,True,0.0009578789719627697,0.0018904028957008763,0.0008876200179365807,False,11.120000000000019,True
5aw5,5aw8,5aw5,A,5aw8,A,992,6,False,True,True,False,False,True,992,992,True,0.0010044841486577982,0.0022685938861621447,0.000933960953696232,False,11.120000000000019,True
5aw6,5aw7,5aw6,C,5aw7,C,39,4,False,True,True,False,False,True,39,39,True,0.0011131019449221924,0.0020459243927952054,0.0010440739351303017,False,5.690000000000026,True
5aw6,5aw7,5aw6,A,5aw7,A,992,6,False,True,True,False,False,True,992,992,True,0.001000356012149374,0.0023524594436748285,0.0009269635469174467,False,5.690000000000026,True
5aw6,5aw8,5aw6,C,5aw8,C,39,3,False,True,True,False,False,True,39,39,True,0.0010505577161391186,0.0020974243419902435,0.0009933131000572678,False,4.400000000000006,True
5aw6,5aw8,5aw6,A,5aw8,A,992,5,False,True,True,False,False,True,992,992,True,0.0010024829860390094,0.002195858997715546,0.000931393283217539,False,4.40000000000002,True
5aw7,5aw8,5aw7,C,5aw8,C,39,3,False,True,True,False,False,True,39,39,True,0.0010571374950245189,0.0019456140791631181,0.0009764482188191244,False,10.090000000000018,True
5aw7,5aw8,5aw7,A,5aw8,A,992,5,False,True,True,False,False,True,992,992,True,0.0010043568734673049,0.0023018659445254936,0.0009324952353962309,False,10.090000000000018,True
5b6l,5dir,5b6l,B,5dir,E,1,5,True,,,,,,,,False,,,,,,
5b6l,5dir,5b6l,B,5dir,H,1,9,True,,,,,,,,False,,,,,,
5b6l,5efk,5b6l,B,5efk,B,1,6,True,,,,,,,,False,,,,,,
5b6l,6fms,5b6l,B,6fms,E,1,5,True,,,,,,,,False,,,,,,
5b6l,6fms,5b6l,B,6fms,F,1,6,True,,,,,,,,False,,,,,,
5b6l,6fms,5b6l,B,6fms,G,1,7,True,,,,,,,,False,,,,,,
5b6l,7axp,5b6l,B,7axp,B,1,8,True,,,,,,,,False,,,,,,
5b6l,7lkc,5b6l,B,7lkc,A,1,9,True,,,,,,,,False,,,,,,
5b6l,7nxe,5b6l,B,7nxe,C,1,4,True,,,,,,,,False,,,,,,
5b6l,8vld,5b6l,B,8vld,A,1,10,True,,,,,,,,False,,,,,,
5c7z,5fpi,5c7z,B,5fpi,B,6,1,False,True,True,False,False,True,6,6,True,0.0003875405870583631,0.0007300359815002676,0.00032988885147647616,True,0.0,True
5cgh,9qby,5cgh,CA,9qby,DA,1,10,True,,,,,,,,False,,,,,,
5cgh,9qby,5cgh,DA,9qby,DA,1,10,True,,,,,,,,False,,,,,,
5cry,5hbc,5cry,B,5hbc,B,348,3,False,True,True,False,False,True,348,348,True,0.0020160378470365677,0.004359109972258685,0.0019086232943970106,True,0.0,True
5ctv,7qdi,5ctv,C,7qdi,C,1,5,True,,,,,,,,False,,,,,,
5ctv,7qdi,5ctv,C,7qdi,E,1,8,True,,,,,,,,False,,,,,,
5d13,5i5a,5d13,I,5i5a,B,1,9,True,,,,,,,,False,,,,,,
5d13,5lrk,5d13,I,5lrk,E,1,10,True,,,,,,,,False,,,,,,
5d13,5lrk,5d13,I,5lrk,F,1,7,True,,,,,,,,False,,,,,,
5d13,6phq,5d13,I,6phq,A,1,10,True,,,,,,,,False,,,,,,
5d13,6whq,5d13,I,6whq,F,1,10,True,,,,,,,,False,,,,,,
5d13,8cis,5d13,I,8cis,D,1,6,True,,,,,,,,False,,,,,,
5d13,9emz,5d13,I,9emz,E,1,8,True,,,,,,,,False,,,,,,
5d13,9emz,5d13,I,9emz,H,1,9,True,,,,,,,,False,,,,,,
5d53,5d54,5d53,A,5d54,B,1,9,True,,,,,,,,False,,,,,,
5d53,6ecf,5d53,A,6ecf,L,1,7,True,,,,,,,,False,,,,,,
5d53,6m9d,5d53,A,6m9d,B,1,8,True,,,,,,,,False,,,,,,
5d53,6pt2,5d53,A,6pt2,D,1,6,True,,,,,,,,False,,,,,,
5d53,6wi3,5d53,A,6wi3,D,1,10,True,,,,,,,,False,,,,,,
5d53,7ofv,5d53,A,7ofv,B,1,10,True,,,,,,,,False,,,,,,
5d53,8i8g,5d53,A,8i8g,C,1,4,True,,,,,,,,False,,,,,,
5d53,8v2n,5d53,A,8v2n,B,1,8,True,,,,,,,,False,,,,,,
5d54,6ecf,5d54,B,6ecf,L,1,8,True,,,,,,,,False,,,,,,
5d54,6m9d,5d54,B,6m9d,B,1,2,True,,,,,,,,False,,,,,,
5d54,6uf4,5d54,B,6uf4,B,1,8,True,,,,,,,,False,,,,,,
5d54,7ofv,5d54,B,7ofv,B,1,10,True,,,,,,,,False,,,,,,
5d54,8i8g,5d54,B,8i8g,C,1,8,True,,,,,,,,False,,,,,,
5d54,8v2n,5d54,B,8v2n,B,1,9,True,,,,,,,,False,,,,,,
5d5e,5mfk,5d5e,B,5mfk,D,1,9,True,,,,,,,,False,,,,,,
5d5e,6ecf,5d5e,B,6ecf,H,1,6,True,,,,,,,,False,,,,,,
5d5e,6ecf,5d5e,B,6ecf,I,1,6,True,,,,,,,,False,,,,,,
5d5e,6ppm,5d5e,B,6ppm,L,1,4,True,,,,,,,,False,,,,,,
5d5e,6psa,5d5e,B,6psa,A,1,6,True,,,,,,,,False,,,,,,
5d5e,6s7g,5d5e,B,6s7g,H,1,2,True,,,,,,,,False,,,,,,
5d5e,6tdb,5d5e,B,6tdb,F,1,10,True,,,,,,,,False,,,,,,
5d5e,7new,5d5e,B,7new,H,1,7,True,,,,,,,,False,,,,,,
5d5e,7q4t,5d5e,B,7q4t,B,1,6,True,,,,,,,,False,,,,,,
5d5e,7u0e,5d5e,B,7u0e,C,1,7,True,,,,,,,,False,,,,,,
5d5e,7z3u,5d5e,B,7z3u,D,1,10,True,,,,,,,,False,,,,,,
5d5e,8s9z,5d5e,B,8s9z,B,1,4,True,,,,,,,,False,,,,,,
5d5e,9ehn,5d5e,B,9ehn,C,1,5,True,,,,,,,,False,,,,,,
5dc8,6ecf,5dc8,C,6ecf,J,1,5,True,,,,,,,,False,,,,,,
5dc8,6yi1,5dc8,C,6yi1,E,1,8,True,,,,,,,,False,,,,,,
5dc8,7oyq,5dc8,C,7oyq,B,1,6,True,,,,,,,,False,,,,,,
5dc8,7rxf,5dc8,C,7rxf,A,1,6,True,,,,,,,,False,,,,,,
5dc8,8i84,5dc8,C,8i84,C,1,3,True,,,,,,,,False,,,,,,
5dc8,9qby,5dc8,C,9qby,CA,1,9,True,,,,,,,,False,,,,,,
5dir,5efk,5dir,E,5efk,B,1,4,True,,,,,,,,False,,,,,,
5dir,5efk,5dir,H,5efk,B,1,9,True,,,,,,,,False,,,,,,
5dir,5etf,5dir,G,5etf,B,1,8,True,,,,,,,,False,,,,,,
5dir,6e8m,5dir,G,6e8m,B,1,10,True,,,,,,,,False,,,,,,
5dir,6fbt,5dir,H,6fbt,B,1,9,True,,,,,,,,False,,,,,,
5dir,6fms,5dir,E,6fms,E,1,9,True,,,,,,,,False,,,,,,
5dir,6fms,5dir,E,6fms,F,1,10,True,,,,,,,,False,,,,,,
5dir,6fms,5dir,G,6fms,H,1,8,True,,,,,,,,False,,,,,,
5dir,6g8k,5dir,G,6g8k,B,1,9,True,,,,,,,,False,,,,,,
5dir,6ryo,5dir,F,6ryo,B,1,8,True,,,,,,,,False,,,,,,
5dir,6tch,5dir,F,6tch,B,1,3,True,,,,,,,,False,,,,,,
5dir,6tsl,5dir,G,6tsl,B,1,9,True,,,,,,,,False,,,,,,
5dir,6wuu,5dir,G,6wuu,G,1,10,True,,,,,,,,False,,,,,,
5dir,7axp,5dir,E,7axp,B,1,6,True,,,,,,,,False,,,,,,
5dir,7lkc,5dir,E,7lkc,A,1,4,True,,,,,,,,False,,,,,,
5dir,7nxe,5dir,E,7nxe,C,1,9,True,,,,,,,,False,,,,,,
5dir,8ano,5dir,G,8ano,G,1,5,True,,,,,,,,False,,,,,,
5dir,8aoo,5dir,G,8aoo,G,1,8,True,,,,,,,,False,,,,,,
5dir,8t5p,5dir,G,8t5p,I,1,7,True,,,,,,,,False,,,,,,
5dir,8vld,5dir,E,8vld,A,1,5,True,,,,,,,,False,,,,,,
5dir,8vld,5dir,H,8vld,A,1,8,True,,,,,,,,False,,,,,,
5eeu,5eev,5eeu,J,5eev,J,67,2,False,True,True,False,False,True,67,67,True,0.0004980460008302925,0.0007592799151279691,0.0004764186679560683,False,11.29,True
5eeu,5eev,5eeu,B,5eev,B,68,2,False,True,True,False,False,True,68,68,True,0.0004970437004932786,0.0008004368997534815,0.0004749350634024978,False,11.950000000000003,True
5eeu,5eev,5eeu,E,5eev,E,68,2,False,True,True,False,False,True,68,68,True,0.000489717788394224,0.0007664448849577775,0.0004712697021298685,False,11.850000000000001,True
5eeu,5eev,5eeu,H,5eev,H,68,2,False,True,True,False,False,True,68,68,True,0.0005011123380814684,0.0007975544303570573,0.00048071483222515053,False,10.05,True
5eeu,5eev,5eeu,I,5eev,I,68,2,False,True,True,False,False,True,68,68,True,0.0005044177070446978,0.0008038627027776276,0.0004802530851668167,False,8.189999999999998,True
5eeu,5eev,5eeu,K,5eev,K,68,2,False,True,True,False,False,True,68,68,True,0.0004903202584374477,0.0007555717730092727,0.0004722374382207755,False,12.020000000000003,True
5eeu,5eev,5eeu,A,5eev,A,69,2,False,True,True,False,False,True,69,69,True,0.0005023163628689035,0.0007768386123646067,0.00048443083124733024,False,10.290000000000003,True
5eeu,5eev,5eeu,C,5eev,C,69,2,False,True,True,False,False,True,69,69,True,0.00047816297060005564,0.000771516130262112,0.000458480678898288,False,9.769999999999996,True
5eeu,5eev,5eeu,D,5eev,D,69,2,False,True,True,False,False,True,69,69,True,0.0004979761242715376,0.000807852059634219,0.00047628933479100635,False,11.07,True
5eeu,5eev,5eeu,M,5eev,M,70,2,False,True,True,False,False,True,70,70,True,0.0004777805101364892,0.0007731860674435239,0.00045484413272499157,False,13.270000000000003,True
5eeu,5eev,5eeu,N,5eev,N,70,2,False,True,True,False,False,True,70,70,True,0.0004998800196393275,0.0007793281423634284,0.00047815235967807874,False,11.840000000000003,True
5eeu,5eev,5eeu,O,5eev,O,70,2,False,True,True,False,False,True,70,70,True,0.0004903393221916748,0.0007682514803971531,0.00047074238641082365,False,10.409999999999997,True
5eeu,5eev,5eeu,P,5eev,P,70,2,False,True,True,False,False,True,70,70,True,0.0004909118344450718,0.0008034036701289601,0.00047209846638088433,False,10.239999999999995,True
5eeu,5eev,5eeu,Q,5eev,Q,70,2,False,True,True,False,False,True,70,70,True,0.0004934876108004392,0.0007733891547775991,0.00047347176312533505,False,18.489999999999995,True
5eeu,5eev,5eeu,R,5eev,R,70,2,False,True,True,False,False,True,70,70,True,0.0005145304891499331,0.0007879294577395967,0.0004960062744908977,False,8.509999999999998,True
5eeu,5eev,5eeu,S,5eev,S,70,2,False,True,True,False,False,True,70,70,True,0.000494998991819106,0.0007737154466514057,0.0004761274526208288,False,10.490000000000002,True
5eeu,5eev,5eeu,T,5eev,T,70,2,False,True,True,False,False,True,70,70,True,0.0005019150236426439,0.0007630439399322269,0.00048529764121770023,False,10.910000000000004,True
5eeu,5eev,5eeu,U,5eev,U,70,2,False,True,True,False,False,True,70,70,True,0.0005005643623430569,0.000784771356817013,0.00047855630057605405,False,11.170000000000002,True
5eeu,5eev,5eeu,V,5eev,V,70,2,False,True,True,False,False,True,70,70,True,0.0005048444247375084,0.0008087613106385137,0.0004849408217870082,False,11.380000000000003,True
5eeu,5eew,5eeu,J,5eew,J,67,2,False,True,True,False,False,True,67,67,True,0.0005112405882222408,0.0007658246083871913,0.0004935757178529342,False,9.490000000000002,True
5eeu,5eew,5eeu,B,5eew,B,68,2,False,True,True,False,False,True,68,68,True,0.0005078579379543403,0.0008219184338576563,0.0004857279421754956,False,9.25,True
5eeu,5eew,5eeu,E,5eew,E,68,2,False,True,True,False,False,True,68,68,True,0.0005138736478456561,0.0007998207951462812,0.00049496137420177,False,9.600000000000001,True
5eeu,5eew,5eeu,H,5eew,H,68,2,False,True,True,False,False,True,68,68,True,0.0005061074631197293,0.0008099291132721467,0.00048635109545411796,False,8.32,True
5eeu,5eew,5eeu,I,5eew,I,68,2,False,True,True,False,False,True,68,68,True,0.0004971069519108913,0.0008088677426834577,0.0004763981262440112,False,7.689999999999998,True
5eeu,5eew,5eeu,K,5eew,K,68,2,False,True,True,False,False,True,68,68,True,0.0004981688030443989,0.0008012013696131317,0.00047953983069172614,False,9.299999999999997,True
5eeu,5eew,5eeu,A,5eew,A,69,2,False,True,True,False,False,True,69,69,True,0.0004949110744519466,0.0007839033921058334,0.0004758218871648211,False,7.850000000000001,True
5eeu,5eew,5eeu,C,5eew,C,69,2,False,True,True,False,False,True,69,69,True,0.0004896273813233664,0.0008008747239636854,0.00047010950171288204,False,7.310000000000002,True
5eeu,5eew,5eeu,D,5eew,D,69,2,False,True,True,False,False,True,69,69,True,0.0004895465892395566,0.0007654902236393835,0.00046623539866643934,False,9.339999999999996,True
5eeu,5eew,5eeu,M,5eew,M,70,2,False,True,True,False,False,True,70,70,True,0.0005064607070959675,0.0008424399818498701,0.0004854702650280733,False,8.93,True
5eeu,5eew,5eeu,N,5eew,N,70,2,False,True,True,False,False,True,70,70,True,0.0005019952164732176,0.000777804819184994,0.0004830397963227485,False,13.189999999999998,True
5eeu,5eew,5eeu,O,5eew,O,70,2,False,True,True,False,False,True,70,70,True,0.0005047994942124835,0.0008336818496915207,0.00048497275082297163,False,10.11,True
5eeu,5eew,5eeu,P,5eew,P,70,2,False,True,True,False,False,True,70,70,True,0.0004213968624406511,0.00093531218275805,0.0003929505943076091,False,11.619999999999997,True
5eeu,5eew,5eeu,Q,5eew,Q,70,2,False,True,True,False,False,True,70,70,True,0.0005036255695816343,0.0007824454704111088,0.0004856204809274348,False,14.64,True
5eeu,5eew,5eeu,R,5eew,R,70,2,False,True,True,False,False,True,70,70,True,0.000505346951462581,0.0008539817120067391,0.00048230562354666025,False,7.080000000000002,True
5eeu,5eew,5eeu,S,5eew,S,70,2,False,True,True,False,False,True,70,70,True,0.000494645989984572,0.0008076892985923412,0.00047279471908395694,False,9.5,True
5eeu,5eew,5eeu,T,5eew,T,70,2,False,True,True,False,False,True,70,70,True,0.0004796945301326386,0.0007765122239683819,0.0004599188319455091,False,8.900000000000006,True
5eeu,5eew,5eeu,U,5eew,U,70,2,False,True,True,False,False,True,70,70,True,0.0005051503664380027,0.0008035730813900869,0.00048583157004759056,False,10.630000000000003,True
5eeu,5eew,5eeu,V,5eew,V,70,2,False,True,True,False,False,True,70,70,True,0.0004859035287394202,0.0008096484685370899,0.0004637014215937548,False,9.450000000000003,True
5eeu,5eex,5eeu,J,5eex,J,67,3,False,True,True,False,False,True,67,67,True,0.0004938192788799222,0.0008514770392949654,0.00047266971446158364,False,8.04,True
5eeu,5eex,5eeu,B,5eex,B,68,2,False,True,True,False,False,True,68,68,True,0.0005030102965942992,0.0007662310643079115,0.0004846402909456555,False,6.890000000000001,True
5eeu,5eex,5eeu,E,5eex,E,68,2,False,True,True,False,False,True,68,68,True,0.0004942285646321585,0.0007684851789872076,0.0004756732679828506,False,9.009999999999998,True
5eeu,5eex,5eeu,H,5eex,H,68,2,False,True,True,False,False,True,68,68,True,0.0004888721317117638,0.0007454369101132135,0.00046715043392823465,False,8.96,True
5eeu,5eex,5eeu,I,5eex,I,68,2,False,True,True,False,False,True,68,68,True,0.0004978794840618579,0.0007694494831461077,0.0004762618156780429,False,6.6299999999999955,True
5eeu,5eex,5eeu,K,5eex,K,68,2,False,True,True,False,False,True,68,68,True,0.0004927012455064485,0.0007456845920751913,0.000471320418093174,False,8.970000000000006,True
5eeu,5eex,5eeu,A,5eex,A,69,2,False,True,True,False,False,True,69,69,True,0.0005010864739099857,0.0007881662470982906,0.0004826726670370696,False,8.079999999999998,True
5eeu,5eex,5eeu,C,5eex,C,69,2,False,True,True,False,False,True,69,69,True,0.0005088470483278419,0.0007883278066207342,0.0004893006219975651,False,7.359999999999999,True
5eeu,5eex,5eeu,D,5eex,D,69,2,False,True,True,False,False,True,69,69,True,0.0005126909259812936,0.0008108054036678464,0.0004917216957336715,False,7.780000000000001,True
5eeu,5eex,5eeu,M,5eex,M,70,2,False,True,True,False,False,True,70,70,True,0.0005034781550767522,0.0007792002262582253,0.00048699807024206855,False,8.020000000000003,True
5eeu,5eex,5eeu,N,5eex,N,70,2,False,True,True,False,False,True,70,70,True,0.0004941226652504566,0.0007424645689645672,0.00047695599930827956,False,12.130000000000003,True
5eeu,5eex,5eeu,O,5eex,O,70,2,False,True,True,False,False,True,70,70,True,0.0005022694296272718,0.0007949108215517066,0.00048396248316430864,False,7.769999999999996,True
5eeu,5eex,5eeu,P,5eex,P,70,2,False,True,True,False,False,True,70,70,True,0.00051105864233578,0.0008174686093541891,0.0004921821295427713,False,9.849999999999994,True
5eeu,5eex,5eeu,Q,5eex,Q,70,2,False,True,True,False,False,True,70,70,True,0.0004947039256671525,0.000783792340758179,0.0004769924117945909,False,13.909999999999997,True
5eeu,5eex,5eeu,R,5eex,R,70,2,False,True,True,False,False,True,70,70,True,0.0004907503831134541,0.0008169614229449857,0.0004703138573225321,False,6.109999999999999,True
5eeu,5eex,5eeu,S,5eex,S,70,2,False,True,True,False,False,True,70,70,True,0.0004952495856776762,0.0007856719291873906,0.0004751357724586672,False,7.669999999999995,True
5eeu,5eex,5eeu,T,5eex,T,70,2,False,True,True,False,False,True,70,70,True,0.0005034090120065913,0.0008235791618085628,0.00048592563352873767,False,8.330000000000005,True
5eeu,5eex,5eeu,U,5eex,U,70,2,False,True,True,False,False,True,70,70,True,0.0005003008466576413,0.0008136541348675721,0.00048196181157454627,False,10.39,True
5eeu,5eex,5eeu,V,5eex,V,70,2,False,True,True,False,False,True,70,70,True,0.0004851084936898672,0.0007438425792620056,0.0004602011057573701,False,8.840000000000003,True
5eeu,5eey,5eeu,J,5eey,J,67,2,False,True,True,False,False,True,67,67,True,0.0004958871056374638,0.000762351041059192,0.0004753384150555304,False,6.650000000000006,True
5eeu,5eey,5eeu,B,5eey,B,68,2,False,True,True,False,False,True,68,68,True,0.0004937483996497698,0.0007993444758937467,0.00047214648689183924,False,7.0000000000000036,True
5eeu,5eey,5eeu,E,5eey,E,68,2,False,True,True,False,False,True,68,68,True,0.0005047035934351788,0.0008175038248675273,0.00048516509497893863,False,10.14,True
5eeu,5eey,5eeu,H,5eey,H,68,2,False,True,True,False,False,True,68,68,True,0.0005028712006321992,0.0007608782922569278,0.00048192990811505687,False,6.590000000000003,True
5eeu,5eey,5eeu,I,5eey,I,68,2,False,True,True,False,False,True,68,68,True,0.000502976473740825,0.0007767908122764914,0.00048349701007559714,False,8.629999999999995,True
5eeu,5eey,5eeu,K,5eey,K,68,2,False,True,True,False,False,True,68,68,True,0.0005089354281507826,0.000762373493897424,0.0004891456042031962,False,7.600000000000001,True
5eeu,5eey,5eeu,A,5eey,A,69,2,False,True,True,False,False,True,69,69,True,0.0004937669699043791,0.0007796108199301258,0.0004745519422740792,False,7.280000000000001,True
5eeu,5eey,5eeu,C,5eey,C,69,2,False,True,True,False,False,True,69,69,True,0.0004876466210334955,0.0007913150430224157,0.00046401101363178837,False,10.079999999999998,True
5eeu,5eey,5eeu,D,5eey,D,69,2,False,True,True,False,False,True,69,69,True,0.0005057067287930715,0.0008005079551426646,0.0004827302144553135,False,8.79,True
5eeu,5eey,5eeu,M,5eey,M,70,2,False,True,True,False,False,True,70,70,True,0.0005000379729596154,0.0008012226713117114,0.00047842914831402225,False,8.799999999999997,True
5eeu,5eey,5eeu,N,5eey,N,70,2,False,True,True,False,False,True,70,70,True,0.0004964547542069027,0.0007904299530918974,0.0004739921312934201,False,12.369999999999997,True
5eeu,5eey,5eeu,O,5eey,O,70,2,False,True,True,False,False,True,70,70,True,0.0004902152092127142,0.0007957119000155101,0.0004696180543538403,False,8.150000000000002,True
5eeu,5eey,5eeu,P,5eey,P,70,2,False,True,True,False,False,True,70,70,True,0.0005024882689717315,0.0007431267874604624,0.00048290746853638827,False,9.089999999999996,True
5eeu,5eey,5eeu,Q,5eey,Q,70,2,False,True,True,False,False,True,70,70,True,0.0005108043974895929,0.000777728700138318,0.0004908451691077432,False,9.0,True
5eeu,5eey,5eeu,R,5eey,R,70,2,False,True,True,False,False,True,70,70,True,0.0004924788433936031,0.0007543092505429415,0.00047145011945305253,False,7.029999999999998,True
5eeu,5eey,5eeu,S,5eey,S,70,2,False,True,True,False,False,True,70,70,True,0.0004938751498703126,0.0008732125130860375,0.000472048384593581,False,7.010000000000005,True
5eeu,5eey,5eeu,T,5eey,T,70,2,False,True,True,False,False,True,70,70,True,0.000498289170039196,0.0007858907085650518,0.0004773849189287191,False,7.1299999999999955,True
5eeu,5eey,5eeu,U,5eey,U,70,2,False,True,True,False,False,True,70,70,True,0.0005091440666609832,0.0007908309677737408,0.000490052582045221,False,8.04,True
5eeu,5eey,5eeu,V,5eey,V,70,2,False,True,True,False,False,True,70,70,True,0.0004969984620678685,0.000837288514988651,0.00048081106934191637,False,7.619999999999997,True
5eeu,5eez,5eeu,J,5eez,J,67,2,False,True,True,False,False,True,67,67,True,0.0004944757322351131,0.0007845485894343271,0.00047447319274314636,False,8.509999999999998,True
5eeu,5eez,5eeu,B,5eez,B,68,2,False,True,True,False,False,True,68,68,True,0.0004946943445013824,0.0008303755582595367,0.00047150242093840127,False,8.270000000000003,True
5eeu,5eez,5eeu,E,5eez,E,68,2,False,True,True,False,False,True,68,68,True,0.00048244763384704955,0.0007813112454370027,0.0004598150870367316,False,10.129999999999995,True
5eeu,5eez,5eeu,H,5eez,H,68,2,False,True,True,False,False,True,68,68,True,0.0004904211895713254,0.0008094265422956797,0.00047240792530514977,False,9.600000000000001,True
5eeu,5eez,5eeu,I,5eez,I,68,2,False,True,True,False,False,True,68,68,True,0.0004942377226218447,0.0007943767312513228,0.0004731240531696255,False,11.590000000000003,True
5eeu,5eez,5eeu,K,5eez,K,68,2,False,True,True,False,False,True,68,68,True,0.0005021299382182311,0.0008462870150503769,0.0004801528681394255,False,8.969999999999999,True
5eeu,5eez,5eeu,A,5eez,A,69,2,False,True,True,False,False,True,69,69,True,0.000506694233886883,0.0007696980100467018,0.00048412016415879213,False,10.549999999999997,True
5eeu,5eez,5eeu,C,5eez,C,69,2,False,True,True,False,False,True,69,69,True,0.0005068387559657545,0.0007684566345665805,0.00048944505290309,False,10.940000000000005,True
5eeu,5eez,5eeu,D,5eez,D,69,2,False,True,True,False,False,True,69,69,True,0.0004999055061173232,0.0007854738548036366,0.00047762853731782285,False,9.590000000000003,True
5eeu,5eez,5eeu,M,5eez,M,70,2,False,True,True,False,False,True,70,70,True,0.0004974372204723537,0.0007649473776315689,0.00048032043391656355,False,10.11,True
5eeu,5eez,5eeu,N,5eez,N,70,2,False,True,True,False,False,True,70,70,True,0.000497461797066353,0.0008096359657177331,0.00047789379382687165,False,8.419999999999998,True
5eeu,5eez,5eeu,O,5eez,O,70,2,False,True,True,False,False,True,70,70,True,0.0004860560155941704,0.0008406104671859361,0.00046257673253552207,False,8.280000000000001,True
5eeu,5eez,5eeu,P,5eez,P,70,2,False,True,True,False,False,True,70,70,True,0.0004936379155540938,0.0008064902120732933,0.00047402771933155425,False,10.23,True
5eeu,5eez,5eeu,Q,5eez,Q,70,2,False,True,True,False,False,True,70,70,True,0.0005063396122703811,0.0007805614434177881,0.0004874129075320748,False,9.43,True
5eeu,5eez,5eeu,R,5eez,R,70,2,False,True,True,False,False,True,70,70,True,0.0005028494816330645,0.0008086761068713321,0.0004857549590543767,False,9.099999999999998,True
5eeu,5eez,5eeu,S,5eez,S,70,2,False,True,True,False,False,True,70,70,True,0.0004972207742335724,0.0007852126018423196,0.00047750988095647724,False,8.66,True
5eeu,5eez,5eeu,T,5eez,T,70,2,False,True,True,False,False,True,70,70,True,0.0004904015755333933,0.0007901680941405877,0.0004697061882795729,False,9.54,True
5eeu,5eez,5eeu,U,5eez,U,70,2,False,True,True,False,False,True,70,70,True,0.00048774739298458147,0.0007818568119501015,0.00046622699173705183,False,9.509999999999998,True
5eeu,5eez,5eeu,V,5eez,V,70,2,False,True,True,False,False,True,70,70,True,0.0004924473489390114,0.0007836439116323179,0.00047315803963597354,False,8.839999999999996,True
5eeu,5ef0,5eeu,J,5ef0,J,67,2,False,True,True,False,False,True,67,67,True,0.0005011775661657398,0.0007757105369519163,0.00048138105854020135,False,11.829999999999998,True
5eeu,5ef0,5eeu,B,5ef0,B,68,2,False,True,True,False,False,True,68,68,True,0.0005058799850295183,0.0007698262768338915,0.00048731984611809464,False,11.650000000000006,True
5eeu,5ef0,5eeu,E,5ef0,E,68,2,False,True,True,False,False,True,68,68,True,0.0004992085834268757,0.0008253292341902599,0.00048294346362352645,False,13.969999999999999,True
5eeu,5ef0,5eeu,H,5ef0,H,68,2,False,True,True,False,False,True,68,68,True,0.0005040609563586254,0.000785291692189859,0.00048269345177434663,False,12.64,True
5eeu,5ef0,5eeu,I,5ef0,I,68,2,False,True,True,False,False,True,68,68,True,0.0005053246052650676,0.0008447147932481274,0.00048472697050836323,False,14.380000000000003,True
5eeu,5ef0,5eeu,K,5ef0,K,68,2,False,True,True,False,False,True,68,68,True,0.0005033534518211862,0.0008042105786946692,0.0004838644700467195,False,12.810000000000002,True
5eeu,5ef0,5eeu,A,5ef0,A,69,2,False,True,True,False,False,True,69,69,True,0.0004938128930441428,0.0008080753200343888,0.0004742970958456329,False,14.420000000000002,True
5eeu,5ef0,5eeu,C,5ef0,C,69,2,False,True,True,False,False,True,69,69,True,0.0004996254254629114,0.0008427546760676386,0.0004777719957398402,False,14.979999999999997,True
5eeu,5ef0,5eeu,D,5ef0,D,69,2,False,True,True,False,False,True,69,69,True,0.0005046854064480514,0.0008078931473570938,0.0004878212858248235,False,14.469999999999999,True
5eeu,5ef0,5eeu,M,5ef0,M,70,2,False,True,True,False,False,True,70,70,True,0.0004909518965469021,0.000824909401761219,0.0004724906496065725,False,12.61,True
5eeu,5ef0,5eeu,N,5ef0,N,70,2,False,True,True,False,False,True,70,70,True,0.00048053033278108113,0.0007801908051805061,0.00045962216214541415,False,10.939999999999998,True
5eeu,5ef0,5eeu,O,5ef0,O,70,2,False,True,True,False,False,True,70,70,True,0.0004810867618260465,0.0007662203570455567,0.0004598844414442248,False,12.150000000000002,True
5eeu,5ef0,5eeu,P,5ef0,P,70,2,False,True,True,False,False,True,70,70,True,0.000510034752040402,0.0007977898986086494,0.0004885524823608883,False,13.5,True
5eeu,5ef0,5eeu,Q,5ef0,Q,70,2,False,True,True,False,False,True,70,70,True,0.0005136972604270548,0.0007898887974725257,0.0004921984035193259,False,11.399999999999999,True
5eeu,5ef0,5eeu,R,5ef0,R,70,2,False,True,True,False,False,True,70,70,True,0.0004887343299402114,0.0007966403027305883,0.0004677659289408576,False,11.469999999999999,True
5eeu,5ef0,5eeu,S,5ef0,S,70,2,False,True,True,False,False,True,70,70,True,0.0004883519399113783,0.0007959789221531265,0.0004688529346587968,False,11.57,True
5eeu,5ef0,5eeu,T,5ef0,T,70,2,False,True,True,False,False,True,70,70,True,0.0005006262959218727,0.0008451233082971833,0.0004812364060116284,False,11.819999999999993,True
5eeu,5ef0,5eeu,U,5ef0,U,70,2,False,True,True,False,False,True,70,70,True,0.0005146492293855861,0.0008754723923089079,0.0004939554376174633,False,11.559999999999999,True
5eeu,5ef0,5eeu,V,5ef0,V,70,2,False,True,True,False,False,True,70,70,True,0.0005196865531244248,0.0008315687606551971,0.0005007509147258866,False,11.739999999999995,True
5eeu,5ef1,5eeu,J,5ef1,J,67,2,False,True,True,False,False,True,67,67,True,0.0004926239673189339,0.0007882490869947073,0.000471586824550098,False,15.170000000000002,True
5eeu,5ef1,5eeu,B,5ef1,B,68,2,False,True,True,False,False,True,68,68,True,0.0004920773711347434,0.0007776307355798094,0.0004717129091994024,False,14.620000000000005,True
5eeu,5ef1,5eeu,E,5ef1,E,68,2,False,True,True,False,False,True,68,68,True,0.0004972848596263101,0.0008474766041194785,0.00047626381589110516,False,15.46,True
5eeu,5ef1,5eeu,H,5ef1,H,68,2,False,True,True,False,False,True,68,68,True,0.0005062079640590375,0.0007968394983890007,0.000489510285349357,False,15.490000000000002,True
5eeu,5ef1,5eeu,I,5ef1,I,68,3,False,True,True,False,False,True,68,68,True,0.0004960684156797501,0.0007755822969062184,0.00047639379729253774,False,16.630000000000003,True
5eeu,5ef1,5eeu,K,5ef1,K,68,2,False,True,True,False,False,True,68,68,True,0.0005065087680859668,0.0007938458485279875,0.0004870537243527376,False,15.840000000000003,True
5eeu,5ef1,5eeu,A,5ef1,A,69,3,False,True,True,False,False,True,69,69,True,0.0004820831953061262,0.0007728625430740496,0.000461529137766303,False,15.990000000000002,True
5eeu,5ef1,5eeu,C,5ef1,C,69,2,False,True,True,False,False,True,69,69,True,0.000513216118801291,0.0007864155333182934,0.0004959270850239759,False,17.840000000000003,True
5eeu,5ef1,5eeu,D,5ef1,D,69,2,False,True,True,False,False,True,69,69,True,0.0005055321571449163,0.0008000890485581671,0.00048625250057337453,False,15.919999999999995,True
5eeu,5ef1,5eeu,M,5ef1,M,70,2,False,True,True,False,False,True,70,70,True,0.0004927133669578087,0.000804531766247719,0.0004710368274719867,False,14.159999999999997,True
5eeu,5ef1,5eeu,N,5ef1,N,70,2,False,True,True,False,False,True,70,70,True,0.0005216898114544576,0.0007705800438562166,0.0005018966060472203,False,13.019999999999996,True
5eeu,5ef1,5eeu,O,5ef1,O,70,2,False,True,True,False,False,True,70,70,True,0.0005040813553463155,0.0008272356582765932,0.00048262258174602016,False,12.470000000000002,True
5eeu,5ef1,5eeu,P,5ef1,P,70,2,False,True,True,False,False,True,70,70,True,0.0004915916862748136,0.0008160019666749292,0.000470741553881601,False,15.899999999999999,True
5eeu,5ef1,5eeu,Q,5ef1,Q,70,2,False,True,True,False,False,True,70,70,True,0.0005060376387458246,0.0008261132571106032,0.0004801664420370922,False,12.980000000000004,True
5eeu,5ef1,5eeu,R,5ef1,R,70,2,False,True,True,False,False,True,70,70,True,0.0005003201004339916,0.0008224957115026625,0.0004798614786786719,False,13.240000000000002,True
5eeu,5ef1,5eeu,S,5ef1,S,70,2,False,True,True,False,False,True,70,70,True,0.0004990130810513449,0.0007834396121671876,0.0004765823310319187,False,13.969999999999999,True
5eeu,5ef1,5eeu,T,5ef1,T,70,2,False,True,True,False,False,True,70,70,True,0.000489559123502122,0.0008138399583153996,0.00046698998681399316,False,13.269999999999996,True
5eeu,5ef1,5eeu,U,5ef1,U,70,2,False,True,True,False,False,True,70,70,True,0.0004944870191959929,0.0008052044119750257,0.0004727653985259338,False,13.899999999999999,True
5eeu,5ef1,5eeu,V,5ef1,V,70,2,False,True,True,False,False,True,70,70,True,0.0004963204537589993,0.0007779308726842692,0.0004785825292301509,False,13.599999999999994,True
5eeu,5ef2,5eeu,J,5ef2,J,67,2,False,True,True,False,False,True,67,67,True,0.0005006046205714796,0.0008076234444798158,0.0004798795454913314,False,19.020000000000003,True
5eeu,5ef2,5eeu,B,5ef2,B,68,2,False,True,True,False,False,True,68,68,True,0.0004934165940815761,0.0007926570337220894,0.00047479986892547013,False,17.220000000000006,True
5eeu,5ef2,5eeu,E,5ef2,E,68,2,False,True,True,False,False,True,68,68,True,0.0005029917538617477,0.0007794245600824539,0.0004835634159960839,False,19.85,True
5eeu,5ef2,5eeu,H,5ef2,H,68,2,False,True,True,False,False,True,68,68,True,0.0004940435790496293,0.0008487142353104855,0.0004736641660418803,False,21.229999999999997,True
5eeu,5ef2,5eeu,I,5ef2,I,68,2,False,True,True,False,False,True,68,68,True,0.0005002701099388605,0.0007754367243656272,0.0004785522656566658,False,22.39,True
5eeu,5ef2,5eeu,K,5ef2,K,68,2,False,True,True,False,False,True,68,68,True,0.0004943845795259314,0.0007679567146644197,0.00047222529346885414,False,18.840000000000003,True
5eeu,5ef2,5eeu,A,5ef2,A,69,2,False,True,True,False,False,True,69,69,True,0.0005083954861470122,0.0007833297895434785,0.0004891389217697705,False,20.839999999999996,True
5eeu,5ef2,5eeu,C,5ef2,C,69,2,False,True,True,False,False,True,69,69,True,0.0005127252896317728,0.0008543064164893164,0.0004951436204982038,False,22.18,True
5eeu,5ef2,5eeu,D,5ef2,D,69,2,False,True,True,False,False,True,69,69,True,0.0005015091300987396,0.0007646374020406779,0.00048210457243633625,False,21.28,True
5eeu,5ef2,5eeu,M,5ef2,M,70,2,False,True,True,False,False,True,70,70,True,0.0004940109748855696,0.0007795166609695932,0.000475109721793936,False,18.46,True
5eeu,5ef2,5eeu,N,5ef2,N,70,2,False,True,True,False,False,True,70,70,True,0.0005116502859582275,0.0007659726617911159,0.0004960215984469832,False,15.030000000000001,True
5eeu,5ef2,5eeu,O,5ef2,O,70,2,False,True,True,False,False,True,70,70,True,0.0005017772652131023,0.0007619688928103101,0.0004810283945681886,False,15.190000000000001,True
5eeu,5ef2,5eeu,P,5ef2,P,70,2,False,True,True,False,False,True,70,70,True,0.0004997899628584306,0.0007750782934916093,0.0004786930475479082,False,17.060000000000002,True
5eeu,5ef2,5eeu,Q,5ef2,Q,70,2,False,True,True,False,False,True,70,70,True,0.0005059289380397957,0.0008445504145610269,0.0004859253969598511,False,16.0,True
5eeu,5ef2,5eeu,R,5ef2,R,70,2,False,True,True,False,False,True,70,70,True,0.0005050850422873192,0.0007991423784703902,0.00048656380108281296,False,17.21,True
5eeu,5ef2,5eeu,S,5ef2,S,70,2,False,True,True,False,False,True,70,70,True,0.0005012468298481167,0.000781506373078818,0.0004841329815374096,False,16.990000000000002,True
5eeu,5ef2,5eeu,T,5ef2,T,70,2,False,True,True,False,False,True,70,70,True,0.000501068319519413,0.0008674908433045008,0.00048130345276205163,False,18.759999999999998,True
5eeu,5ef2,5eeu,U,5ef2,U,70,2,False,True,True,False,False,True,70,70,True,0.0005048777152785888,0.0007692352608188104,0.0004887408003235426,False,18.68,True
5eeu,5ef2,5eeu,V,5ef2,V,70,2,False,True,True,False,False,True,70,70,True,0.0004858871556466211,0.0008453160519337122,0.0004662916922611681,False,15.61,True
5eeu,5ef3,5eeu,J,5ef3,J,67,2,False,True,True,False,False,True,67,67,True,0.0004940054833940805,0.0007850951121291359,0.00047132110314523386,False,19.240000000000002,True
5eeu,5ef3,5eeu,B,5ef3,B,68,2,False,True,True,False,False,True,68,68,True,0.0005030561467678589,0.0007910064521732142,0.0004822465882248354,False,17.92,True
5eeu,5ef3,5eeu,E,5ef3,E,68,2,False,True,True,False,False,True,68,68,True,0.0005034666022196586,0.0008289643598302969,0.0004839335195305323,False,22.93,True
5eeu,5ef3,5eeu,H,5ef3,H,68,2,False,True,True,False,False,True,68,68,True,0.0004916863912532106,0.0007802195413132086,0.0004674118719029788,False,24.04,True
5eeu,5ef3,5eeu,I,5ef3,I,68,2,False,True,True,False,False,True,68,68,True,0.0005010130123485765,0.0008421484331095803,0.00047941004550807386,False,23.310000000000002,True
5eeu,5ef3,5eeu,K,5ef3,K,68,2,False,True,True,False,False,True,68,68,True,0.0005020336683989435,0.0007696186386913134,0.0004838038495041639,False,19.449999999999996,True
5eeu,5ef3,5eeu,A,5ef3,A,69,2,False,True,True,False,False,True,69,69,True,0.0005064703950707123,0.0008126242580801365,0.0004877783240077959,False,22.22,True
5eeu,5ef3,5eeu,C,5ef3,C,69,2,False,True,True,False,False,True,69,69,True,0.0004952261926041908,0.0007469345777769751,0.00047594992475371905,False,23.9,True
5eeu,5ef3,5eeu,D,5ef3,D,69,2,False,True,True,False,False,True,69,69,True,0.0004910097056695594,0.0008638500566224605,0.00047020983792752676,False,21.929999999999993,True
5eeu,5ef3,5eeu,M,5ef3,M,70,2,False,True,True,False,False,True,70,70,True,0.0005062805647089044,0.0008422780302232893,0.00048770324528403996,False,16.82,True
5eeu,5ef3,5eeu,N,5ef3,N,70,2,False,True,True,False,False,True,70,70,True,0.0005153018773146351,0.0008544600592472163,0.0004975919018659484,False,16.5,True
5eeu,5ef3,5eeu,O,5ef3,O,70,2,False,True,True,False,False,True,70,70,True,0.0004948411328116111,0.0007785892806853037,0.00047747993179366203,False,16.58,True
5eeu,5ef3,5eeu,P,5ef3,P,70,2,False,True,True,False,False,True,70,70,True,0.0004978771753797236,0.0008234022837461708,0.0004797510969302928,False,18.630000000000003,True
5eeu,5ef3,5eeu,Q,5ef3,Q,70,2,False,True,True,False,False,True,70,70,True,0.0005045874110120465,0.0007800242448716326,0.0004867392120785372,False,16.39,True
5eeu,5ef3,5eeu,R,5ef3,R,70,2,False,True,True,False,False,True,70,70,True,0.0004988998801588107,0.000723254994526492,0.00048230091385400946,False,16.11,True
5eeu,5ef3,5eeu,S,5ef3,S,70,2,False,True,True,False,False,True,70,70,True,0.0004855959301902432,0.0008074373897780222,0.00046401475007994516,False,18.509999999999998,True
5eeu,5ef3,5eeu,T,5ef3,T,70,2,False,True,True,False,False,True,70,70,True,0.0005103783039510519,0.0007605888190683006,0.0004893587580858245,False,19.439999999999998,True
5eeu,5ef3,5eeu,U,5ef3,U,70,2,False,True,True,False,False,True,70,70,True,0.00048718903232101757,0.000819456564169895,0.00046324194480485613,False,18.990000000000002,True
5eeu,5ef3,5eeu,V,5ef3,V,70,2,False,True,True,False,False,True,70,70,True,0.0004805268520230849,0.0007606718306157447,0.00046077011363162385,False,16.700000000000003,True
5eev,5eew,5eev,J,5eew,J,67,2,False,True,True,False,False,True,67,67,True,0.0007265471946023782,0.0013257861788445974,0.0006819489117491063,False,6.420000000000002,True
5eev,5eew,5eev,B,5eew,B,68,3,False,True,True,False,False,True,68,68,True,0.0006897718129532065,0.001263284652143176,0.0006440169435182799,False,4.469999999999999,True
5eev,5eew,5eev,E,5eew,E,68,3,False,True,True,False,False,True,68,68,True,0.0007083567467721084,0.001424903772923042,0.0006655879352210448,False,4.48,True
5eev,5eew,5eev,H,5eew,H,68,3,False,True,True,False,False,True,68,68,True,0.0007217879864708767,0.0014706898512950968,0.0006679370891840105,False,5.34,True
5eev,5eew,5eev,I,5eew,I,68,3,False,True,True,False,False,True,68,68,True,0.0007158098456668565,0.0012357074789963304,0.0006744970571981019,False,4.730000000000004,True
5eev,5eew,5eev,K,5eew,K,68,3,False,True,True,False,False,True,68,68,True,0.0006957138504617922,0.001266660429838403,0.0006467738421608373,False,4.909999999999997,True
5eev,5eew,5eev,A,5eew,A,69,3,False,True,True,False,False,True,69,69,True,0.0006981189307813445,0.0013930698188532797,0.0006566722242456394,False,4.789999999999999,True
5eev,5eew,5eev,C,5eew,C,69,3,False,True,True,False,False,True,69,69,True,0.0006893367061558013,0.0011489660318955571,0.0006489461935613172,False,4.689999999999998,True
5eev,5eew,5eev,D,5eew,D,69,3,False,True,True,False,False,True,69,69,True,0.0006924364049434938,0.0012237427692818447,0.0006467030365781304,False,4.73,True
5eev,5eew,5eev,M,5eew,M,70,3,False,True,True,False,False,True,70,70,True,0.0006926143521629368,0.0012446492105697914,0.0006301088024835585,False,5.099999999999998,True
5eev,5eew,5eev,N,5eew,N,70,3,False,True,True,False,False,True,70,70,True,0.0007052712473231741,0.0012953079103324256,0.0006555141049343637,False,5.370000000000001,True
5eev,5eew,5eev,O,5eew,O,70,2,False,True,True,False,False,True,70,70,True,0.0006915650909037147,0.0014145413443974663,0.0006498306420282884,False,4.4999999999999964,True
5eev,5eew,5eev,P,5eew,P,70,2,False,True,True,False,False,True,70,70,True,0.0006436704602153671,0.001213033969978891,0.0006072001304121114,False,4.159999999999997,True
5eev,5eew,5eev,Q,5eew,Q,70,3,False,True,True,False,False,True,70,70,True,0.0007518301332586607,0.0013378013774141486,0.0007095866743963773,False,4.18,True
5eev,5eew,5eev,R,5eew,R,70,3,False,True,True,False,False,True,70,70,True,0.000743095011816489,0.0012852842360286784,0.0006967970370161308,False,5.990000000000002,True
5eev,5eew,5eev,S,5eew,S,70,2,False,True,True,False,False,True,70,70,True,0.0006916191303032547,0.0013013618439630678,0.0006358670688470775,False,5.969999999999999,True
5eev,5eew,5eev,T,5eew,T,70,2,False,True,True,False,False,True,70,70,True,0.0006797179534439576,0.0013463383173797543,0.000629094259279257,False,4.299999999999997,True
5eev,5eew,5eev,U,5eew,U,70,3,False,True,True,False,False,True,70,70,True,0.0006936993841046615,0.0013051254199389897,0.000645652859451206,False,4.810000000000002,True
5eev,5eew,5eev,V,5eew,V,70,3,False,True,True,False,False,True,70,70,True,0.0007084316899327291,0.001213407172082797,0.0006616097074816762,False,4.509999999999998,True
5eev,5eex,5eev,J,5eex,J,67,3,False,True,True,False,False,True,67,67,True,0.0006823003412223053,0.0012436947091585197,0.0006326067016060567,False,6.27,True
5eev,5eex,5eev,B,5eex,B,68,3,False,True,True,False,False,True,68,68,True,0.0007079071909264185,0.0012867925630260244,0.0006649536002423763,False,6.870000000000001,True
5eev,5eex,5eev,E,5eex,E,68,3,False,True,True,False,False,True,68,68,True,0.0006847989950338108,0.0012106672189996653,0.0006395255894307053,False,5.939999999999998,True
5eev,5eex,5eev,H,5eex,H,68,3,False,True,True,False,False,True,68,68,True,0.0007004189895818029,0.0012075498314551032,0.000654645856487024,False,6.68,True
5eev,5eex,5eev,I,5eex,I,68,3,False,True,True,False,False,True,68,68,True,0.0007077244601111193,0.0014020925308077937,0.000657278674255467,False,6.409999999999997,True
5eev,5eex,5eev,K,5eex,K,68,2,False,True,True,False,False,True,68,68,True,0.0007132605299649649,0.0012674374199152657,0.0006685312097367337,False,6.689999999999998,True
5eev,5eex,5eev,A,5eex,A,69,3,False,True,True,False,False,True,69,69,True,0.0007368734918411174,0.0011791968202947583,0.0006923714049014087,False,6.5,True
5eev,5eex,5eev,C,5eex,C,69,3,False,True,True,False,False,True,69,69,True,0.0006849906896175304,0.0013139002058489906,0.0006434297203776525,False,6.659999999999997,True
5eev,5eex,5eev,D,5eex,D,69,2,False,True,True,False,False,True,69,69,True,0.0007236655319285825,0.0014043456749301116,0.0006742695914428562,False,6.280000000000001,True
5eev,5eex,5eev,M,5eex,M,70,3,False,True,True,False,False,True,70,70,True,0.0007304037264932561,0.0012416866812940495,0.0006887739927968651,False,6.039999999999999,True
5eev,5eex,5eev,N,5eex,N,70,3,False,True,True,False,False,True,70,70,True,0.0007173464025075618,0.0012382120731928407,0.0006700455768487363,False,6.559999999999999,True
5eev,5eex,5eev,O,5eex,O,70,3,False,True,True,False,False,True,70,70,True,0.0007019743519313868,0.0012290053923858801,0.0006553575339965667,False,5.960000000000001,True
5eev,5eex,5eev,P,5eex,P,70,2,False,True,True,False,False,True,70,70,True,0.0006912197336955423,0.0012432372889490298,0.0006379955262360328,False,5.969999999999999,True
5eev,5eex,5eev,Q,5eex,Q,70,3,False,True,True,False,False,True,70,70,True,0.0007118754161406514,0.0012926877258841246,0.000666600069239591,False,7.469999999999999,True
5eev,5eex,5eev,R,5eex,R,70,3,False,True,True,False,False,True,70,70,True,0.0007051870298941554,0.0013535928574009363,0.0006571223400960693,False,6.43,True
5eev,5eex,5eev,S,5eex,S,70,2,False,True,True,False,False,True,70,70,True,0.0007015951191133514,0.0013997329205666781,0.0006537410140561163,False,7.599999999999998,True
5eev,5eex,5eev,T,5eex,T,70,3,False,True,True,False,False,True,70,70,True,0.0006975172312624888,0.0012965137687928133,0.000649007918402944,False,6.009999999999998,True
5eev,5eex,5eev,U,5eex,U,70,3,False,True,True,False,False,True,70,70,True,0.0007144795172822278,0.0012923846652503732,0.0006741317318508329,False,6.200000000000003,True
5eev,5eex,5eev,V,5eex,V,70,2,False,True,True,False,False,True,70,70,True,0.0006923699769423914,0.0013535846986703513,0.0006481855678966456,False,6.149999999999999,True
5eev,5eey,5eev,J,5eey,J,67,3,False,True,True,False,False,True,67,67,True,0.0007094322818051221,0.0012874458648037292,0.0006562797434959597,False,8.310000000000002,True
5eev,5eey,5eev,B,5eey,B,68,3,False,True,True,False,False,True,68,68,True,0.0007137373109782952,0.001235490455987073,0.0006740404864996831,False,8.079999999999998,True
5eev,5eey,5eev,E,5eey,E,68,3,False,True,True,False,False,True,68,68,True,0.0007115036574182223,0.0014184200674351743,0.0006696231827139622,False,9.579999999999998,True
5eev,5eey,5eev,H,5eey,H,68,3,False,True,True,False,False,True,68,68,True,0.0006965226954161634,0.0012974800019465585,0.0006482955066438222,False,12.129999999999999,True
5eev,5eey,5eev,I,5eey,I,68,3,False,True,True,False,False,True,68,68,True,0.0007074396691238588,0.0012367565123558976,0.000660047741647514,False,9.82,True
5eev,5eey,5eev,K,5eey,K,68,3,False,True,True,False,False,True,68,68,True,0.0006987295534358585,0.001249902298199453,0.0006563456035974437,False,10.009999999999998,True
5eev,5eey,5eev,A,5eey,A,69,3,False,True,True,False,False,True,69,69,True,0.0007203652080137735,0.0013007868359171438,0.0006805087383947438,False,10.110000000000003,True
5eev,5eey,5eev,C,5eey,C,69,3,False,True,True,False,False,True,69,69,True,0.0006656397044848165,0.0011653071293959594,0.0006136951516920081,False,10.32,True
5eev,5eey,5eev,D,5eey,D,69,3,False,True,True,False,False,True,69,69,True,0.0007020362046932191,0.001401618739129054,0.0006548633818310776,False,9.45,True
5eev,5eey,5eev,M,5eey,M,70,3,False,True,True,False,False,True,70,70,True,0.0006982313795715474,0.0013175991050284777,0.0006516519784536622,False,7.57,True
5eev,5eey,5eev,N,5eey,N,70,2,False,True,True,False,False,True,70,70,True,0.0007002184889310424,0.001384888679198565,0.0006492913680468834,False,7.730000000000004,True
5eev,5eey,5eev,O,5eey,O,70,3,False,True,True,False,False,True,70,70,True,0.0007160536950858095,0.001278630962914681,0.0006658087914983533,False,8.619999999999997,True
5eev,5eey,5eev,P,5eey,P,70,3,False,True,True,False,False,True,70,70,True,0.0007086917300418556,0.0014025150518791627,0.000658934792229755,False,8.769999999999996,True
5eev,5eey,5eev,Q,5eey,Q,70,3,False,True,True,False,False,True,70,70,True,0.0007320646116456797,0.0014361078756264497,0.0006917396122966316,False,9.489999999999995,True
5eev,5eey,5eev,R,5eey,R,70,3,False,True,True,False,False,True,70,70,True,0.0007169715328321441,0.0012407028808170545,0.0006738286479878657,False,8.05,True
5eev,5eey,5eev,S,5eey,S,70,3,False,True,True,False,False,True,70,70,True,0.0007016746047450718,0.001368339811472379,0.0006584887639706113,False,8.3,True
5eev,5eey,5eev,T,5eey,T,70,3,False,True,True,False,False,True,70,70,True,0.0007215243926875226,0.0013729310179323216,0.0006796211242937893,False,9.36,True
5eev,5eey,5eev,U,5eey,U,70,3,False,True,True,False,False,True,70,70,True,0.0007357107560277393,0.0012624024854527957,0.0006874079545869903,False,8.910000000000004,True
5eev,5eey,5eev,V,5eey,V,70,3,False,True,True,False,False,True,70,70,True,0.0007077412588220419,0.0012798360173846032,0.00066311379783487,False,11.939999999999998,True
5eev,5eez,5eev,J,5eez,J,67,3,False,True,True,False,False,True,67,67,True,0.0006896859376777427,0.0012775243063017103,0.0006431907849009291,False,9.690000000000005,True
5eev,5eez,5eev,B,5eez,B,68,2,False,True,True,False,False,True,68,68,True,0.0006796775932582955,0.0013712584484259435,0.0006293667473331711,False,9.330000000000002,True
5eev,5eez,5eev,E,5eez,E,68,3,False,True,True,False,False,True,68,68,True,0.0007047222344554476,0.001321398977762512,0.0006587820460537167,False,10.130000000000003,True
5eev,5eez,5eev,H,5eez,H,68,3,False,True,True,False,False,True,68,68,True,0.0006968885905594363,0.0013157928518134176,0.0006544375899621979,False,13.2,True
5eev,5eez,5eev,I,5eez,I,68,3,False,True,True,False,False,True,68,68,True,0.000730198072948748,0.0013907602577338753,0.0006859639265631878,False,13.479999999999997,True
5eev,5eez,5eev,K,5eez,K,68,3,False,True,True,False,False,True,68,68,True,0.0006907527645066834,0.0012674851682882248,0.0006466041248330883,False,10.780000000000001,True
5eev,5eez,5eev,A,5eez,A,69,3,False,True,True,False,False,True,69,69,True,0.0007151531208337703,0.0012561240961470085,0.0006705008297861002,False,12.580000000000005,True
5eev,5eez,5eev,C,5eez,C,69,3,False,True,True,False,False,True,69,69,True,0.0007078483132909706,0.0012581833271064751,0.0006629351305064309,False,11.490000000000002,True
5eev,5eez,5eev,D,5eez,D,69,2,False,True,True,False,False,True,69,69,True,0.0007020659818560365,0.001323843377347436,0.0006550192762097051,False,11.939999999999998,True
5eev,5eez,5eev,M,5eez,M,70,3,False,True,True,False,False,True,70,70,True,0.0006774411765976976,0.0013388847396459081,0.000632506809551999,False,12.489999999999998,True
5eev,5eez,5eev,N,5eez,N,70,3,False,True,True,False,False,True,70,70,True,0.0006910742673383548,0.001165230313934033,0.0006431043398456842,False,11.48,True
5eev,5eez,5eev,O,5eez,O,70,3,False,True,True,False,False,True,70,70,True,0.0006991324136547596,0.0012787633076545275,0.0006523938566279153,False,10.810000000000002,True
5eev,5eez,5eev,P,5eez,P,70,3,False,True,True,False,False,True,70,70,True,0.0006812995185553393,0.001210910375691011,0.000643776507384878,False,9.420000000000002,True
5eev,5eez,5eev,Q,5eez,Q,70,2,False,True,True,False,False,True,70,70,True,0.0006929973288911696,0.0012216143910413545,0.0006536681890654597,False,9.619999999999997,True
5eev,5eez,5eev,R,5eez,R,70,3,False,True,True,False,False,True,70,70,True,0.0007258052415867716,0.0013223700703976656,0.0006803875928169977,False,10.93,True
5eev,5eez,5eev,S,5eez,S,70,2,False,True,True,False,False,True,70,70,True,0.0006954375586067752,0.0011875500570194932,0.0006516620425435322,False,12.379999999999995,True
5eev,5eez,5eev,T,5eez,T,70,3,False,True,True,False,False,True,70,70,True,0.0006853347169739385,0.0012182765312063058,0.0006428000051492528,False,13.149999999999999,True
5eev,5eez,5eev,U,5eez,U,70,3,False,True,True,False,False,True,70,70,True,0.0006733018532627716,0.0014127955030710513,0.0006258284854225015,False,10.829999999999998,True
5eev,5eez,5eev,V,5eez,V,70,3,False,True,True,False,False,True,70,70,True,0.000744982655015433,0.0013329167960987476,0.0007096713406687877,False,11.199999999999996,True
5eev,5ef0,5eev,J,5ef0,J,67,2,False,True,True,False,False,True,67,67,True,0.0007000125784128973,0.001296137578293753,0.0006498887401171071,False,13.490000000000002,True
5eev,5ef0,5eev,B,5ef0,B,68,3,False,True,True,False,False,True,68,68,True,0.0007352076587177677,0.0012825074749342697,0.0006856545396921237,False,14.46,True
5eev,5ef0,5eev,E,5ef0,E,68,3,False,True,True,False,False,True,68,68,True,0.0007085764095080194,0.0012756251383091823,0.0006680740941751979,False,16.290000000000003,True
5eev,5ef0,5eev,H,5ef0,H,68,3,False,True,True,False,False,True,68,68,True,0.000714654676629008,0.001173248485051312,0.0006744144938806227,False,16.430000000000003,True
5eev,5ef0,5eev,I,5ef0,I,68,3,False,True,True,False,False,True,68,68,True,0.0007151644110690148,0.001305518542292687,0.0006745562163668381,False,15.079999999999998,True
5eev,5ef0,5eev,K,5ef0,K,68,2,False,True,True,False,False,True,68,68,True,0.000707710253933072,0.0012594381048749302,0.0006660232889169572,False,15.130000000000003,True
5eev,5ef0,5eev,A,5ef0,A,69,3,False,True,True,False,False,True,69,69,True,0.0006981162853499387,0.0013349307784625763,0.0006573921934235767,False,16.07,True
5eev,5ef0,5eev,C,5ef0,C,69,3,False,True,True,False,False,True,69,69,True,0.0006791356100627395,0.001235029775282224,0.0006269509455514889,False,13.96,True
5eev,5ef0,5eev,D,5ef0,D,69,3,False,True,True,False,False,True,69,69,True,0.0007372959728510202,0.0015236918785168673,0.0006911552087895655,False,14.46,True
5eev,5ef0,5eev,M,5ef0,M,70,3,False,True,True,False,False,True,70,70,True,0.000693293221865979,0.001230082872465067,0.0006568181331586405,False,12.469999999999995,True
5eev,5ef0,5eev,N,5ef0,N,70,2,False,True,True,False,False,True,70,70,True,0.000671871978719435,0.0012734339578655367,0.0006222344927357018,False,15.739999999999998,True
5eev,5ef0,5eev,O,5ef0,O,70,2,False,True,True,False,False,True,70,70,True,0.0006931163428545743,0.0012943123742979862,0.0006512646005844552,False,15.069999999999997,True
5eev,5ef0,5eev,P,5ef0,P,70,3,False,True,True,False,False,True,70,70,True,0.0007192536484917479,0.0013872719196082372,0.0006736564884576632,False,13.490000000000002,True
5eev,5ef0,5eev,Q,5ef0,Q,70,2,False,True,True,False,False,True,70,70,True,0.0007084470877191366,0.0012761996899174897,0.0006659265997397335,False,14.25,True
5eev,5ef0,5eev,R,5ef0,R,70,3,False,True,True,False,False,True,70,70,True,0.0006916870068415142,0.0012412728677185804,0.0006473247708061514,False,14.57,True
5eev,5ef0,5eev,S,5ef0,S,70,3,False,True,True,False,False,True,70,70,True,0.0006933321430809286,0.0013578611928083597,0.0006456401475094586,False,14.36,True
5eev,5ef0,5eev,T,5ef0,T,70,3,False,True,True,False,False,True,70,70,True,0.000723412177945576,0.0013311940583595285,0.0006701588572144683,False,17.369999999999997,True
5eev,5ef0,5eev,U,5ef0,U,70,3,False,True,True,False,False,True,70,70,True,0.0007084844110897029,0.0012195346699014212,0.0006648788349015352,False,14.530000000000001,True
5eev,5ef0,5eev,V,5ef0,V,70,3,False,True,True,False,False,True,70,70,True,0.0007336651034861949,0.001397040913335785,0.0006870010329989405,False,15.530000000000001,True
5eev,5ef1,5eev,J,5ef1,J,67,3,False,True,True,False,False,True,67,67,True,0.0007161169075547621,0.0013341696759368105,0.000664898036957294,False,18.310000000000002,True
5eev,5ef1,5eev,B,5ef1,B,68,2,False,True,True,False,False,True,68,68,True,0.0006753908398193835,0.0012197572799664544,0.0006291252584718081,False,16.749999999999996,True
5eev,5ef1,5eev,E,5ef1,E,68,2,False,True,True,False,False,True,68,68,True,0.0006766655735791896,0.0013658610457823676,0.000628825529969139,False,18.610000000000003,True
5eev,5ef1,5eev,H,5ef1,H,68,3,False,True,True,False,False,True,68,68,True,0.0007142534169424324,0.00122444323871299,0.0006696342274929696,False,20.800000000000004,True
5eev,5ef1,5eev,I,5ef1,I,68,2,False,True,True,False,False,True,68,68,True,0.0007050092079948876,0.001321015220156612,0.000655695377001089,False,18.490000000000002,True
5eev,5ef1,5eev,K,5ef1,K,68,2,False,True,True,False,False,True,68,68,True,0.0007304719973829912,0.0013559435659416712,0.0006847843767462057,False,18.21,True
5eev,5ef1,5eev,A,5ef1,A,69,3,False,True,True,False,False,True,69,69,True,0.0007034171989075413,0.0012792975140577358,0.0006579183243453047,False,18.760000000000005,True
5eev,5ef1,5eev,C,5ef1,C,69,3,False,True,True,False,False,True,69,69,True,0.0007033698540078896,0.0012795779759856676,0.0006577776221873431,False,18.39,True
5eev,5ef1,5eev,D,5ef1,D,69,2,False,True,True,False,False,True,69,69,True,0.0006948333379478844,0.0012835562929013535,0.0006492574623149696,False,17.07,True
5eev,5ef1,5eev,M,5ef1,M,70,2,False,True,True,False,False,True,70,70,True,0.0006980085477899061,0.0012672240042592418,0.0006510141316015596,False,18.099999999999998,True
5eev,5ef1,5eev,N,5ef1,N,70,3,False,True,True,False,False,True,70,70,True,0.0007287191115283746,0.0012976772804181337,0.0006836550003714269,False,19.399999999999995,True
5eev,5ef1,5eev,O,5ef1,O,70,3,False,True,True,False,False,True,70,70,True,0.0007119430886024384,0.0013356143912817279,0.0006702600543726114,False,16.52,True
5eev,5ef1,5eev,P,5ef1,P,70,2,False,True,True,False,False,True,70,70,True,0.000665054161692239,0.0012620959095809956,0.0006175298596792342,False,14.5,True
5eev,5ef1,5eev,Q,5ef1,Q,70,2,False,True,True,False,False,True,70,70,True,0.00070125758326927,0.0012675043567858704,0.0006491625879075274,False,17.54,True
5eev,5ef1,5eev,R,5ef1,R,70,3,False,True,True,False,False,True,70,70,True,0.0007163916872300357,0.0013582764784248853,0.0006719850405481445,False,15.980000000000004,True
5eev,5ef1,5eev,S,5ef1,S,70,3,False,True,True,False,False,True,70,70,True,0.0007282931375122351,0.001387335976345849,0.0006907951267045263,False,15.449999999999996,True
5eev,5ef1,5eev,T,5ef1,T,70,3,False,True,True,False,False,True,70,70,True,0.0006965991453021914,0.0012094296088586266,0.0006551457377215827,False,17.479999999999997,True
5eev,5ef1,5eev,U,5ef1,U,70,2,False,True,True,False,False,True,70,70,True,0.0007147268023776339,0.0012782321581259434,0.000668057921659714,False,17.009999999999998,True
5eev,5ef1,5eev,V,5ef1,V,70,4,False,True,True,False,False,True,70,70,True,0.0007215732693959335,0.0013700550676180698,0.000673820518223054,False,15.879999999999995,True
5eev,5ef2,5eev,J,5ef2,J,67,3,False,True,True,False,False,True,67,67,True,0.0006884764442293327,0.001305456583135734,0.0006381321579821198,False,22.160000000000004,True
5eev,5ef2,5eev,B,5ef2,B,68,3,False,True,True,False,False,True,68,68,True,0.0006979982519623178,0.0012800009104388399,0.0006531149040362793,False,20.2,True
5eev,5ef2,5eev,E,5ef2,E,68,3,False,True,True,False,False,True,68,68,True,0.0007102402474737598,0.0012475646522017623,0.0006631574416122512,False,24.430000000000003,True
5eev,5ef2,5eev,H,5ef2,H,68,3,False,True,True,False,False,True,68,68,True,0.0006854600433412901,0.0012781617895094989,0.0006432281556124813,False,26.54,True
5eev,5ef2,5eev,I,5ef2,I,68,2,False,True,True,False,False,True,68,68,True,0.0007090311669525467,0.0013502561964539913,0.0006653401691950399,False,24.64,True
5eev,5ef2,5eev,K,5ef2,K,68,3,False,True,True,False,False,True,68,68,True,0.0006716429297156942,0.0012998255009175571,0.0006239466711754962,False,22.67,True
5eev,5ef2,5eev,A,5ef2,A,69,3,False,True,True,False,False,True,69,69,True,0.0007210298053047458,0.0012769560603762176,0.0006774469635384543,False,24.820000000000007,True
5eev,5ef2,5eev,C,5ef2,C,69,3,False,True,True,False,False,True,69,69,True,0.000707200536416433,0.0014246109089212835,0.0006563955024111545,False,23.200000000000003,True
5eev,5ef2,5eev,D,5ef2,D,69,2,False,True,True,False,False,True,69,69,True,0.0007036114525286991,0.0012671746674135698,0.0006578010950432877,False,21.090000000000003,True
5eev,5ef2,5eev,M,5ef2,M,70,3,False,True,True,False,False,True,70,70,True,0.0006884127335617785,0.0012378030540725433,0.0006500209941028186,False,22.400000000000002,True
5eev,5ef2,5eev,N,5ef2,N,70,3,False,True,True,False,False,True,70,70,True,0.0007408259428963444,0.0013948178836239804,0.0006969863494850557,False,22.330000000000002,True
5eev,5ef2,5eev,O,5ef2,O,70,3,False,True,True,False,False,True,70,70,True,0.0007164270671553118,0.0013119995088377919,0.0006717260013464094,False,19.08,True
5eev,5ef2,5eev,P,5ef2,P,70,2,False,True,True,False,False,True,70,70,True,0.00070078572345159,0.0015228473950273025,0.0006537469633646542,False,21.58,True
5eev,5ef2,5eev,Q,5ef2,Q,70,3,False,True,True,False,False,True,70,70,True,0.0007010722687071842,0.0012548419593681928,0.0006548412173479404,False,19.919999999999995,True
5eev,5ef2,5eev,R,5ef2,R,70,3,False,True,True,False,False,True,70,70,True,0.0007169701660855198,0.001277376667921715,0.0006735207196853217,False,22.29,True
5eev,5ef2,5eev,S,5ef2,S,70,2,False,True,True,False,False,True,70,70,True,0.0006920046496235255,0.0012214850777764903,0.0006502590865780371,False,21.79,True
5eev,5ef2,5eev,T,5ef2,T,70,3,False,True,True,False,False,True,70,70,True,0.0007284346912571297,0.0013634868604804136,0.0006856993642990163,False,24.769999999999996,True
5eev,5ef2,5eev,U,5ef2,U,70,2,False,True,True,False,False,True,70,70,True,0.0006959273476431556,0.0012787350724811873,0.0006492028474426216,False,21.21,True
5eev,5ef2,5eev,V,5ef2,V,70,2,False,True,True,False,False,True,70,70,True,0.0007188621282730552,0.0013498310651029917,0.0006729368346820234,False,20.08,True
5eev,5ef3,5eev,J,5ef3,J,67,3,False,True,True,False,False,True,67,67,True,0.0006949363048081947,0.0011939029272607072,0.0006482128740214681,False,22.380000000000003,True
5eev,5ef3,5eev,B,5ef3,B,68,2,False,True,True,False,False,True,68,68,True,0.000704451416316099,0.0013002221669516066,0.0006613382023026448,False,22.39,True
5eev,5ef3,5eev,E,5ef3,E,68,3,False,True,True,False,False,True,68,68,True,0.0007156215377384913,0.0013221433760619717,0.0006721042491154006,False,27.51,True
5eev,5ef3,5eev,H,5ef3,H,68,3,False,True,True,False,False,True,68,68,True,0.0006817446571962849,0.0014523615718279662,0.0006333273041829463,False,29.35,True
5eev,5ef3,5eev,I,5ef3,I,68,3,False,True,True,False,False,True,68,68,True,0.0007077462569845676,0.001186306971399664,0.0006639408277903427,False,25.839999999999996,True
5eev,5ef3,5eev,K,5ef3,K,68,3,False,True,True,False,False,True,68,68,True,0.0007129771194220778,0.0012221418849569492,0.0006697839277608361,False,23.729999999999997,True
5eev,5ef3,5eev,A,5ef3,A,69,2,False,True,True,False,False,True,69,69,True,0.0007164123321400267,0.0014460432521184975,0.0006669864892967412,False,25.03,True
5eev,5ef3,5eev,C,5ef3,C,69,3,False,True,True,False,False,True,69,69,True,0.000704965987895959,0.0011918553347527953,0.0006601584711118793,False,25.119999999999997,True
5eev,5ef3,5eev,D,5ef3,D,69,2,False,True,True,False,False,True,69,69,True,0.0007164546480751358,0.0012495326184828804,0.0006717209041367115,False,21.739999999999995,True
5eev,5ef3,5eev,M,5ef3,M,70,3,False,True,True,False,False,True,70,70,True,0.0006981908517466232,0.0012785306175793793,0.0006506712102456186,False,20.580000000000002,True
5eev,5ef3,5eev,N,5ef3,N,70,3,False,True,True,False,False,True,70,70,True,0.0007023136602957586,0.001131078726043406,0.0006608266243189447,False,25.080000000000002,True
5eev,5ef3,5eev,O,5ef3,O,70,2,False,True,True,False,False,True,70,70,True,0.0006979989291474672,0.0013295453227578256,0.0006534039838805763,False,21.71,True
5eev,5ef3,5eev,P,5ef3,P,70,2,False,True,True,False,False,True,70,70,True,0.0006986472944798022,0.0011681575150413446,0.000660680522401046,False,18.93,True
5eev,5ef3,5eev,Q,5ef3,Q,70,3,False,True,True,False,False,True,70,70,True,0.0007311116949149403,0.0013344727926042574,0.0006956340181342489,False,19.500000000000004,True
5eev,5ef3,5eev,R,5ef3,R,70,3,False,True,True,False,False,True,70,70,True,0.0007003264971366861,0.0012430302245863597,0.0006566524817201695,False,19.379999999999995,True
5eev,5ef3,5eev,S,5ef3,S,70,3,False,True,True,False,False,True,70,70,True,0.0007116838602471009,0.001328112670006846,0.0006663191612855927,False,23.839999999999996,True
5eev,5ef3,5eev,T,5ef3,T,70,3,False,True,True,False,False,True,70,70,True,0.0007205156187413283,0.0014548802794044776,0.0006704958529266263,False,24.529999999999994,True
5eev,5ef3,5eev,U,5ef3,U,70,2,False,True,True,False,False,True,70,70,True,0.0007285193683523211,0.0013096992916361465,0.0006797633852168492,False,23.61,True
5eev,5ef3,5eev,V,5ef3,V,70,4,False,True,True,False,False,True,70,70,True,0.0006927633464169985,0.0013405156746643127,0.0006549030449271811,False,20.869999999999997,True
5eew,5eex,5eew,J,5eex,J,67,3,False,True,True,False,False,True,67,67,True,0.0007184231746489749,0.0014058031493000345,0.0006760767017733806,False,4.440000000000005,True
5eew,5eex,5eew,B,5eex,B,68,3,False,True,True,False,False,True,68,68,True,0.0007245370628660616,0.0013101252266626,0.0006768357474026413,False,3.9199999999999946,True
5eew,5eex,5eew,E,5eex,E,68,3,False,True,True,False,False,True,68,68,True,0.0006623570373839675,0.0013136969053826409,0.0006062994983107394,False,4.740000000000002,True
5eew,5eex,5eew,H,5eex,H,68,3,False,True,True,False,False,True,68,68,True,0.0007184789858025873,0.001330001548277754,0.0006732316001138695,False,4.270000000000003,True
5eew,5eex,5eew,I,5eex,I,68,3,False,True,True,False,False,True,68,68,True,0.0006954971827827152,0.0011975567071232853,0.0006543363479685746,False,4.439999999999998,True
5eew,5eex,5eew,K,5eex,K,68,2,False,True,True,False,False,True,68,68,True,0.0006920858079519121,0.0013511480432496113,0.000644935163037891,False,5.449999999999999,True
5eew,5eex,5eew,A,5eex,A,69,3,False,True,True,False,False,True,69,69,True,0.0006948637855494397,0.0012251725229448715,0.0006528499399293331,False,5.850000000000001,True
5eew,5eex,5eew,C,5eex,C,69,3,False,True,True,False,False,True,69,69,True,0.0007017421535334044,0.001228984501407735,0.0006523714173198387,False,5.099999999999994,True
5eew,5eex,5eew,D,5eex,D,69,3,False,True,True,False,False,True,69,69,True,0.0007289772133032618,0.0013349623162759968,0.0006831542171738667,False,3.960000000000001,True
5eew,5eex,5eew,M,5eex,M,70,3,False,True,True,False,False,True,70,70,True,0.0007211411180602908,0.0012428205679413365,0.0006794077352515972,False,4.589999999999996,True
5eew,5eex,5eew,N,5eex,N,70,4,False,True,True,False,False,True,70,70,True,0.0007380366550192651,0.001301985900278261,0.0006916714677700396,False,4.93,True
5eew,5eex,5eew,O,5eex,O,70,3,False,True,True,False,False,True,70,70,True,0.000727161442871937,0.001347324574784909,0.000681118787894882,False,4.059999999999999,True
5eew,5eex,5eew,P,5eex,P,70,2,False,True,True,False,False,True,70,70,True,0.000655106948354329,0.001222647325297875,0.0006149384452311337,False,4.93,True
5eew,5eex,5eew,Q,5eex,Q,70,2,False,True,True,False,False,True,70,70,True,0.0006933826974542069,0.001351779957018026,0.0006561337998257072,False,5.149999999999999,True
5eew,5eex,5eew,R,5eex,R,70,2,False,True,True,False,False,True,70,70,True,0.0007031090315325199,0.0013187603458874998,0.000658540004586924,False,4.259999999999998,True
5eew,5eex,5eew,S,5eex,S,70,3,False,True,True,False,False,True,70,70,True,0.0007075981765361655,0.0012640622153653445,0.0006671474761464464,False,5.450000000000003,True
5eew,5eex,5eew,T,5eex,T,70,3,False,True,True,False,False,True,70,70,True,0.0006758546974209686,0.0012767950740647715,0.0006334436131251175,False,4.419999999999998,True
5eew,5eex,5eew,U,5eex,U,70,3,False,True,True,False,False,True,70,70,True,0.0007294683209307897,0.0012783368816330616,0.0006898386940839248,False,4.59,True
5eew,5eex,5eew,V,5eex,V,70,3,False,True,True,False,False,True,70,70,True,0.0006849665285405994,0.001281194620614122,0.0006382743150331438,False,5.039999999999999,True
5eew,5eey,5eew,J,5eey,J,67,3,False,True,True,False,False,True,67,67,True,0.0007182533891906562,0.001227679912495422,0.0006733654653652622,False,6.949999999999996,True
5eew,5eey,5eew,B,5eey,B,68,4,False,True,True,False,False,True,68,68,True,0.0007411645058502899,0.0014577323205395112,0.0006908776480265876,False,6.560000000000002,True
5eew,5eey,5eew,E,5eey,E,68,3,False,True,True,False,False,True,68,68,True,0.0007082517373919511,0.0012555281197673953,0.0006626911174373748,False,7.280000000000001,True
5eew,5eey,5eew,H,5eey,H,68,2,False,True,True,False,False,True,68,68,True,0.0007395118722106787,0.0014020490401259187,0.000691901829627406,False,10.14,True
5eew,5eey,5eew,I,5eey,I,68,3,False,True,True,False,False,True,68,68,True,0.0007105105203711574,0.0012062631855802835,0.0006670062765004929,False,7.539999999999999,True
5eew,5eey,5eew,K,5eey,K,68,3,False,True,True,False,False,True,68,68,True,0.000708924275211113,0.0012102961637608818,0.000661737961608594,False,7.329999999999998,True
5eew,5eey,5eew,A,5eey,A,69,3,False,True,True,False,False,True,69,69,True,0.0007185347073359753,0.001257478966151236,0.000675155675804354,False,7.93,True
5eew,5eey,5eew,C,5eey,C,69,3,False,True,True,False,False,True,69,69,True,0.00067058060360425,0.0012069113680527083,0.0006300236253045195,False,8.530000000000001,True
5eew,5eey,5eew,D,5eey,D,69,3,False,True,True,False,False,True,69,69,True,0.0006884903470523721,0.0012825182505274888,0.0006435919421437259,False,6.25,True
5eew,5eey,5eew,M,5eey,M,70,3,False,True,True,False,False,True,70,70,True,0.0007174373958613486,0.0012736543613666035,0.0006721978562530317,False,4.860000000000003,True
5eew,5eey,5eew,N,5eey,N,70,3,False,True,True,False,False,True,70,70,True,0.0006954731534370316,0.0012687362085420924,0.0006479508968363346,False,6.23,True
5eew,5eey,5eew,O,5eey,O,70,3,False,True,True,False,False,True,70,70,True,0.0007430861985933521,0.0014287396373709395,0.0007032740306195564,False,6.099999999999998,True
5eew,5eey,5eew,P,5eey,P,70,3,False,True,True,False,False,True,70,70,True,0.0006748975080624929,0.0015670921332769001,0.0006395623744639036,False,6.690000000000005,True
5eew,5eey,5eew,Q,5eey,Q,70,3,False,True,True,False,False,True,70,70,True,0.0007374271656383083,0.0013275108003459838,0.0006919348380171939,False,7.079999999999998,True
5eew,5eey,5eew,R,5eey,R,70,3,False,True,True,False,False,True,70,70,True,0.0007323048877112525,0.0013273326324226415,0.0006829511490845635,False,5.57,True
5eew,5eey,5eew,S,5eey,S,70,3,False,True,True,False,False,True,70,70,True,0.0007081773812407093,0.0012276121280255436,0.000660105367405915,False,5.920000000000002,True
5eew,5eey,5eew,T,5eey,T,70,3,False,True,True,False,False,True,70,70,True,0.000711867266957023,0.0012814797219253401,0.0006743731324246116,False,6.5000000000000036,True
5eew,5eey,5eew,U,5eey,U,70,3,False,True,True,False,False,True,70,70,True,0.0007328779366927522,0.0014423023719059903,0.0006871045299406481,False,5.649999999999999,True
5eew,5eey,5eew,V,5eey,V,70,3,False,True,True,False,False,True,70,70,True,0.0006780802250521295,0.0011855881797112652,0.0006397563675541359,False,7.579999999999998,True
5eew,5eez,5eew,J,5eez,J,67,3,False,True,True,False,False,True,67,67,True,0.0007237427287523384,0.0012821203058509649,0.0006797781272339784,False,8.770000000000003,True
5eew,5eez,5eew,B,5eez,B,68,3,False,True,True,False,False,True,68,68,True,0.0006969950706888679,0.0012085469807290587,0.0006550195998617254,False,8.259999999999998,True
5eew,5eez,5eew,E,5eez,E,68,3,False,True,True,False,False,True,68,68,True,0.0007273055541180118,0.001399125513106646,0.0006740244683312419,False,9.730000000000004,True
5eew,5eez,5eew,H,5eez,H,68,3,False,True,True,False,False,True,68,68,True,0.0007183252948758192,0.0011889044747492102,0.000668723086195295,False,11.21,True
5eew,5eez,5eew,I,5eez,I,68,3,False,True,True,False,False,True,68,68,True,0.0007041138100741913,0.0013172245489314546,0.0006525088644230558,False,11.649999999999999,True
5eew,5eez,5eew,K,5eez,K,68,2,False,True,True,False,False,True,68,68,True,0.0007059290630483908,0.0012777081570867763,0.0006568075715006065,False,9.149999999999999,True
5eew,5eez,5eew,A,5eez,A,69,3,False,True,True,False,False,True,69,69,True,0.0007049689944891697,0.0014303850093174888,0.0006582533333850182,False,9.990000000000002,True
5eew,5eez,5eew,C,5eez,C,69,3,False,True,True,False,False,True,69,69,True,0.0007118762712261317,0.0013003257246290254,0.0006676939942428519,False,8.149999999999999,True
5eew,5eez,5eew,D,5eez,D,69,3,False,True,True,False,False,True,69,69,True,0.0007031490203370382,0.001240415330612937,0.0006670068522048582,False,8.959999999999997,True
5eew,5eez,5eew,M,5eez,M,70,2,False,True,True,False,False,True,70,70,True,0.0006907499674865726,0.0012520136496010964,0.0006434069593772105,False,9.060000000000002,True
5eew,5eez,5eew,N,5eez,N,70,2,False,True,True,False,False,True,70,70,True,0.0007054209225303706,0.00137907822380353,0.0006571615968996564,False,7.82,True
5eew,5eez,5eew,O,5eez,O,70,3,False,True,True,False,False,True,70,70,True,0.0007154716624460507,0.0012463001243030424,0.0006728881375339753,False,8.400000000000002,True
5eew,5eez,5eew,P,5eez,P,70,2,False,True,True,False,False,True,70,70,True,0.0006607513330013144,0.0012425736261700902,0.0006127336968773825,False,8.21,True
5eew,5eez,5eew,Q,5eez,Q,70,3,False,True,True,False,False,True,70,70,True,0.0007461748491551409,0.0012541370001371527,0.0007055141733052321,False,9.049999999999997,True
5eew,5eez,5eew,R,5eez,R,70,2,False,True,True,False,False,True,70,70,True,0.0007071240358029113,0.0012251027059817282,0.0006626146032259553,False,8.75,True
5eew,5eez,5eew,S,5eez,S,70,2,False,True,True,False,False,True,70,70,True,0.0007072092834704566,0.001214773187364473,0.0006661469259347767,False,8.550000000000004,True
5eew,5eez,5eew,T,5eez,T,70,2,False,True,True,False,False,True,70,70,True,0.00066588654625125,0.0012971266387193012,0.0006205141235719457,False,9.43,True
5eew,5eez,5eew,U,5eez,U,70,2,False,True,True,False,False,True,70,70,True,0.0007032518060186974,0.0012111065521678553,0.000656384011469702,False,8.07,True
5eew,5eez,5eew,V,5eez,V,70,3,False,True,True,False,False,True,70,70,True,0.0006692823052330918,0.0012724194572675675,0.0006257538759354189,False,7.5,True
5eew,5ef0,5eew,J,5ef0,J,67,3,False,True,True,False,False,True,67,67,True,0.0007174058234751715,0.001401526498088648,0.0006664993861240862,False,11.470000000000006,True
5eew,5ef0,5eew,B,5ef0,B,68,3,False,True,True,False,False,True,68,68,True,0.0006918527481459887,0.0014843760798335102,0.0006414862218106882,False,12.11,True
5eew,5ef0,5eew,E,5ef0,E,68,3,False,True,True,False,False,True,68,68,True,0.0007189897586709508,0.0012467718018526529,0.0006765199232228586,False,16.200000000000003,True
5eew,5ef0,5eew,H,5ef0,H,68,2,False,True,True,False,False,True,68,68,True,0.0007182308485748184,0.0012267237091155097,0.0006672243194594875,False,15.560000000000002,True
5eew,5ef0,5eew,I,5ef0,I,68,2,False,True,True,False,False,True,68,68,True,0.0007047937682490814,0.0012997063381466585,0.0006597834176412642,False,13.25,True
5eew,5ef0,5eew,K,5ef0,K,68,3,False,True,True,False,False,True,68,68,True,0.0007155113130608531,0.0013329051415651686,0.0006706793504314919,False,13.889999999999993,True
5eew,5ef0,5eew,A,5ef0,A,69,2,False,True,True,False,False,True,69,69,True,0.0006969364772647526,0.0013745672817955226,0.0006525056271607705,False,12.949999999999996,True
5eew,5ef0,5eew,C,5ef0,C,69,3,False,True,True,False,False,True,69,69,True,0.0007013022535876442,0.001401491025777492,0.0006524000223185371,False,12.060000000000002,True
5eew,5ef0,5eew,D,5ef0,D,69,3,False,True,True,False,False,True,69,69,True,0.0007153769660155978,0.0012603730817309327,0.0006705642956861877,False,11.410000000000004,True
5eew,5ef0,5eew,M,5ef0,M,70,3,False,True,True,False,False,True,70,70,True,0.000707374851175847,0.0014326274181130473,0.0006655701244519527,False,11.71,True
5eew,5ef0,5eew,N,5ef0,N,70,3,False,True,True,False,False,True,70,70,True,0.0007121510936864234,0.001329445983756647,0.0006693268944756548,False,12.079999999999998,True
5eew,5ef0,5eew,O,5ef0,O,70,2,False,True,True,False,False,True,70,70,True,0.0006869539126880456,0.0012282368534058128,0.0006436455762941199,False,11.480000000000004,True
5eew,5ef0,5eew,P,5ef0,P,70,2,False,True,True,False,False,True,70,70,True,0.0006815607237239125,0.0011937063365821776,0.0006434777937137019,False,10.879999999999995,True
5eew,5ef0,5eew,Q,5ef0,Q,70,3,False,True,True,False,False,True,70,70,True,0.0007268823984787021,0.0013356526006801418,0.0006825318915204851,False,12.600000000000001,True
5eew,5ef0,5eew,R,5ef0,R,70,2,False,True,True,False,False,True,70,70,True,0.000708189587198139,0.0012891093800884476,0.0006627314243641258,False,11.11,True
5eew,5ef0,5eew,S,5ef0,S,70,3,False,True,True,False,False,True,70,70,True,0.0006946411132628894,0.0015099300684193505,0.0006481654871292367,False,11.46,True
5eew,5ef0,5eew,T,5ef0,T,70,3,False,True,True,False,False,True,70,70,True,0.0006963674070020214,0.0012631290835659575,0.0006517422426563075,False,13.630000000000003,True
5eew,5ef0,5eew,U,5ef0,U,70,3,False,True,True,False,False,True,70,70,True,0.0006908545632605226,0.0012868929253834751,0.0006460532261877025,False,11.380000000000003,True
5eew,5ef0,5eew,V,5ef0,V,70,4,False,True,True,False,False,True,70,70,True,0.0006972696292155813,0.001355033024144773,0.0006478959727030123,False,11.170000000000002,True
5eew,5ef1,5eew,J,5ef1,J,67,3,False,True,True,False,False,True,67,67,True,0.0007070120611721406,0.0011020633874991674,0.0006682279829697647,False,16.04,True
5eew,5ef1,5eew,B,5ef1,B,68,3,False,True,True,False,False,True,68,68,True,0.0006833131783336742,0.0014242035636414859,0.0006308748965994545,False,14.839999999999996,True
5eew,5ef1,5eew,E,5ef1,E,68,3,False,True,True,False,False,True,68,68,True,0.0007026854372086663,0.0012920750458979165,0.0006651382655051582,False,18.520000000000003,True
5eew,5ef1,5eew,H,5ef1,H,68,3,False,True,True,False,False,True,68,68,True,0.0007116839511038095,0.0013226579739541596,0.0006712063831334339,False,20.050000000000004,True
5eew,5ef1,5eew,I,5ef1,I,68,3,False,True,True,False,False,True,68,68,True,0.000722710369602069,0.0013512443897928455,0.000676709793753227,False,16.660000000000004,True
5eew,5ef1,5eew,K,5ef1,K,68,3,False,True,True,False,False,True,68,68,True,0.0007296315504488686,0.0013658491534800786,0.0006779866090459585,False,15.530000000000001,True
5eew,5ef1,5eew,A,5ef1,A,69,3,False,True,True,False,False,True,69,69,True,0.0007027338179346846,0.0012242904832355456,0.0006653691219006453,False,16.090000000000003,True
5eew,5ef1,5eew,C,5ef1,C,69,3,False,True,True,False,False,True,69,69,True,0.0007165079466005615,0.0012958322979172913,0.0006715449724893834,False,16.25,True
5eew,5ef1,5eew,D,5ef1,D,69,3,False,True,True,False,False,True,69,69,True,0.0007143335435246432,0.0012547284195767781,0.0006636429309286045,False,14.399999999999999,True
5eew,5ef1,5eew,M,5ef1,M,70,3,False,True,True,False,False,True,70,70,True,0.000689692885363248,0.0013178703124687118,0.0006389531225195649,False,15.189999999999998,True
5eew,5ef1,5eew,N,5ef1,N,70,3,False,True,True,False,False,True,70,70,True,0.0007186709295212473,0.0012735969670212145,0.0006729292348686459,False,15.739999999999995,True
5eew,5ef1,5eew,O,5ef1,O,70,3,False,True,True,False,False,True,70,70,True,0.0007101481297436363,0.001245222543163224,0.0006654213097591199,False,14.75,True
5eew,5ef1,5eew,P,5ef1,P,70,2,False,True,True,False,False,True,70,70,True,0.0006373399970592953,0.0013757005263126398,0.0005940253792572864,False,13.39,True
5eew,5ef1,5eew,Q,5ef1,Q,70,3,False,True,True,False,False,True,70,70,True,0.0007049684759673096,0.0012770331005993265,0.0006595938292307516,False,15.89,True
5eew,5ef1,5eew,R,5ef1,R,70,3,False,True,True,False,False,True,70,70,True,0.0007153227715426777,0.0012837030673235085,0.0006623570163156257,False,14.0,True
5eew,5ef1,5eew,S,5ef1,S,70,2,False,True,True,False,False,True,70,70,True,0.0006987751253215683,0.001380182058617114,0.0006536877927198667,False,13.419999999999995,True
5eew,5ef1,5eew,T,5ef1,T,70,3,False,True,True,False,False,True,70,70,True,0.0006925891569560266,0.001340025429963746,0.0006470590285993746,False,14.270000000000003,True
5eew,5ef1,5eew,U,5ef1,U,70,3,False,True,True,False,False,True,70,70,True,0.0007113765994795049,0.001367632090406052,0.0006672519886054445,False,14.009999999999998,True
5eew,5ef1,5eew,V,5ef1,V,70,3,False,True,True,False,False,True,70,70,True,0.0006854044104120486,0.0010785994665991998,0.0006503945479772058,False,12.659999999999997,True
5eew,5ef2,5eew,J,5ef2,J,67,3,False,True,True,False,False,True,67,67,True,0.00072204536131528,0.0013558184528289234,0.0006753829994453231,False,19.89,True
5eew,5ef2,5eew,B,5ef2,B,68,3,False,True,True,False,False,True,68,68,True,0.000694346945601135,0.0012986178596723335,0.0006455530015779186,False,18.29,True
5eew,5ef2,5eew,E,5ef2,E,68,3,False,True,True,False,False,True,68,68,True,0.0007086231648868727,0.0014029144549603237,0.0006627846727854845,False,24.340000000000003,True
5eew,5ef2,5eew,H,5ef2,H,68,3,False,True,True,False,False,True,68,68,True,0.0006998028786259224,0.0013974095751777807,0.0006521892031909664,False,25.79,True
5eew,5ef2,5eew,I,5ef2,I,68,2,False,True,True,False,False,True,68,68,True,0.0006996571425555449,0.0012711556445037788,0.000655636105114929,False,22.810000000000002,True
5eew,5ef2,5eew,K,5ef2,K,68,3,False,True,True,False,False,True,68,68,True,0.0006925783414853785,0.0011391911713544388,0.0006510535431095873,False,20.17,True
5eew,5ef2,5eew,A,5ef2,A,69,3,False,True,True,False,False,True,69,69,True,0.000712580185606802,0.0012617410187196903,0.0006626377169068717,False,21.700000000000003,True
5eew,5ef2,5eew,C,5ef2,C,69,3,False,True,True,False,False,True,69,69,True,0.0007050548136100472,0.0012920379089023794,0.0006610928711101057,False,20.79,True
5eew,5ef2,5eew,D,5ef2,D,69,3,False,True,True,False,False,True,69,69,True,0.0006875512991326141,0.001348370011059491,0.0006411452470110962,False,18.480000000000004,True
5eew,5ef2,5eew,M,5ef2,M,70,3,False,True,True,False,False,True,70,70,True,0.0007212328358306642,0.0012742088309275418,0.0006770971469520458,False,18.970000000000006,True
5eew,5ef2,5eew,N,5ef2,N,70,3,False,True,True,False,False,True,70,70,True,0.0007057866620864136,0.0014032014254675468,0.0006567811816443598,False,18.67,True
5eew,5ef2,5eew,O,5ef2,O,70,4,False,True,True,False,False,True,70,70,True,0.0007111600765937082,0.0013966204398029214,0.0006648430186521707,False,16.389999999999997,True
5eew,5ef2,5eew,P,5ef2,P,70,2,False,True,True,False,False,True,70,70,True,0.0006537297767469721,0.0012353443837025118,0.0006125320723440786,False,17.42,True
5eew,5ef2,5eew,Q,5ef2,Q,70,3,False,True,True,False,False,True,70,70,True,0.0007205470386784477,0.0013934932823764963,0.0006714993654713477,False,18.269999999999996,True
5eew,5ef2,5eew,R,5ef2,R,70,3,False,True,True,False,False,True,70,70,True,0.0006989733251783001,0.0012733905155445757,0.0006563483388330135,False,18.42,True
5eew,5ef2,5eew,S,5ef2,S,70,3,False,True,True,False,False,True,70,70,True,0.0007093691695357705,0.0012220479853783277,0.0006611272862646992,False,17.810000000000002,True
5eew,5ef2,5eew,T,5ef2,T,70,3,False,True,True,False,False,True,70,70,True,0.0007173560179053178,0.0013598002654844753,0.0006655935393310945,False,21.03,True
5eew,5ef2,5eew,U,5ef2,U,70,3,False,True,True,False,False,True,70,70,True,0.0006963217079010554,0.0012222628658109217,0.000653906293390061,False,19.509999999999998,True
5eew,5ef2,5eew,V,5ef2,V,70,4,False,True,True,False,False,True,70,70,True,0.0006648024566605727,0.0011923352578128794,0.0006231536855785277,False,16.85,True
5eew,5ef3,5eew,J,5ef3,J,67,2,False,True,True,False,False,True,67,67,True,0.0007116079365789911,0.0013422286136071757,0.0006598114766471562,False,21.490000000000002,True
5eew,5ef3,5eew,B,5ef3,B,68,3,False,True,True,False,False,True,68,68,True,0.0007255789017645306,0.0012851962402248276,0.000681170504744156,False,20.159999999999997,True
5eew,5ef3,5eew,E,5ef3,E,68,3,False,True,True,False,False,True,68,68,True,0.0007302091316717008,0.0011966339423673878,0.0006923750933136472,False,27.42,True
5eew,5ef3,5eew,H,5ef3,H,68,3,False,True,True,False,False,True,68,68,True,0.0007035800716242431,0.001195467930743281,0.0006590595267004831,False,28.6,True
5eew,5ef3,5eew,I,5ef3,I,68,2,False,True,True,False,False,True,68,68,True,0.0007263076728342674,0.0013299464396841387,0.0006852182212885101,False,24.009999999999998,True
5eew,5ef3,5eew,K,5ef3,K,68,3,False,True,True,False,False,True,68,68,True,0.0006916554180827717,0.0013247653551708683,0.0006453780389341341,False,21.059999999999995,True
5eew,5ef3,5eew,A,5ef3,A,69,3,False,True,True,False,False,True,69,69,True,0.0007178858300866003,0.0014204945526419912,0.0006774041236670291,False,22.36,True
5eew,5ef3,5eew,C,5ef3,C,69,3,False,True,True,False,False,True,69,69,True,0.0007180967782575734,0.0014877223169110162,0.0006652526466375715,False,23.33,True
5eew,5ef3,5eew,D,5ef3,D,69,3,False,True,True,False,False,True,69,69,True,0.0006956509746140129,0.001453291858540284,0.0006520633860614003,False,19.259999999999998,True
5eew,5ef3,5eew,M,5ef3,M,70,3,False,True,True,False,False,True,70,70,True,0.0006998602429896188,0.001382547892770529,0.0006535104668091156,False,18.759999999999998,True
5eew,5ef3,5eew,N,5ef3,N,70,3,False,True,True,False,False,True,70,70,True,0.0007301214630648475,0.0012852764343903322,0.0006899628469200561,False,21.42,True
5eew,5ef3,5eew,O,5ef3,O,70,4,False,True,True,False,False,True,70,70,True,0.0006940587507476634,0.0012412543064900744,0.0006430176770116162,False,19.370000000000005,True
5eew,5ef3,5eew,P,5ef3,P,70,2,False,True,True,False,False,True,70,70,True,0.0006433105235185485,0.0012516674100610358,0.0005990168882876045,False,16.6,True
5eew,5ef3,5eew,Q,5ef3,Q,70,3,False,True,True,False,False,True,70,70,True,0.0006967942105517356,0.0013165725312136547,0.0006509369292623386,False,18.950000000000003,True
5eew,5ef3,5eew,R,5ef3,R,70,3,False,True,True,False,False,True,70,70,True,0.0007056742943049199,0.0012812255902541314,0.0006627347565368655,False,17.550000000000004,True
5eew,5ef3,5eew,S,5ef3,S,70,3,False,True,True,False,False,True,70,70,True,0.0007065356716958923,0.0013244481062585746,0.0006590244149888798,False,21.0,True
5eew,5ef3,5eew,T,5ef3,T,70,3,False,True,True,False,False,True,70,70,True,0.000688891112065433,0.0012740258171344845,0.0006461471540963749,False,20.79,True
5eew,5ef3,5eew,U,5ef3,U,70,3,False,True,True,False,False,True,70,70,True,0.000694534801260968,0.0012419357267776693,0.0006490760961744298,False,21.07,True
5eew,5ef3,5eew,V,5ef3,V,70,3,False,True,True,False,False,True,70,70,True,0.0006770215329558907,0.001380006116969922,0.000636401305481844,False,17.349999999999994,True
5eex,5eey,5eex,J,5eey,J,67,2,False,True,True,False,False,True,67,67,True,0.0007087951567627605,0.0013995204825497413,0.0006591742294540823,False,4.199999999999996,True
5eex,5eey,5eex,B,5eey,B,68,3,False,True,True,False,False,True,68,68,True,0.0007039560671634375,0.001456187795671536,0.0006525576617974543,False,5.740000000000002,True
5eex,5eey,5eex,E,5eey,E,68,3,False,True,True,False,False,True,68,68,True,0.0007143922717817681,0.0013247158723686157,0.000669860697915732,False,5.770000000000003,True
5eex,5eey,5eex,H,5eey,H,68,3,False,True,True,False,False,True,68,68,True,0.00070831282267628,0.0012215949043949375,0.0006656961288272484,False,6.159999999999997,True
5eex,5eey,5eex,I,5eey,I,68,3,False,True,True,False,False,True,68,68,True,0.0007164076833815213,0.0012943882903704187,0.0006755824549344249,False,5.420000000000002,True
5eex,5eey,5eex,K,5eey,K,68,3,False,True,True,False,False,True,68,68,True,0.0007295671145270812,0.001257831884662961,0.0006862917566392981,False,6.990000000000002,True
5eex,5eey,5eex,A,5eey,A,69,3,False,True,True,False,False,True,69,69,True,0.0006916756645199705,0.0012537441964846046,0.0006477558004732112,False,5.630000000000003,True
5eex,5eey,5eex,C,5eey,C,69,3,False,True,True,False,False,True,69,69,True,0.0006871306774559875,0.001312578490676609,0.0006417051508857861,False,5.780000000000001,True
5eex,5eey,5eex,D,5eey,D,69,3,False,True,True,False,False,True,69,69,True,0.0007198816695827505,0.0012741686584886417,0.0006685960741085042,False,6.23,True
5eex,5eey,5eex,M,5eey,M,70,3,False,True,True,False,False,True,70,70,True,0.0007157757649854822,0.001380090647399242,0.0006698623848059642,False,4.329999999999998,True
5eex,5eey,5eex,N,5eey,N,70,3,False,True,True,False,False,True,70,70,True,0.000714510537583261,0.0013319141791438489,0.0006673714763688935,False,4.959999999999997,True
5eex,5eey,5eex,O,5eey,O,70,3,False,True,True,False,False,True,70,70,True,0.0007141387770410777,0.0011961972587790427,0.0006762064249697677,False,4.540000000000003,True
5eex,5eey,5eex,P,5eey,P,70,3,False,True,True,False,False,True,70,70,True,0.0007397860388768198,0.0012980464342924058,0.000691168338569405,False,5.189999999999998,True
5eex,5eey,5eex,Q,5eey,Q,70,3,False,True,True,False,False,True,70,70,True,0.0007138405347002631,0.0013010204708286894,0.0006751521622290489,False,5.369999999999997,True
5eex,5eey,5eex,R,5eey,R,70,2,False,True,True,False,False,True,70,70,True,0.000678938850669814,0.0013287290750643884,0.0006330511945388631,False,5.359999999999999,True
5eex,5eey,5eex,S,5eey,S,70,3,False,True,True,False,False,True,70,70,True,0.0006986832234820578,0.001212716985517433,0.0006560856153387875,False,5.309999999999999,True
5eex,5eey,5eex,T,5eey,T,70,3,False,True,True,False,False,True,70,70,True,0.0007198322416624137,0.0013905760145007664,0.0006824589258049737,False,4.669999999999998,True
5eex,5eey,5eex,U,5eey,U,70,3,False,True,True,False,False,True,70,70,True,0.000704797072726555,0.00125196072696148,0.0006657539080842154,False,5.040000000000003,True
5eex,5eey,5eex,V,5eey,V,70,3,False,True,True,False,False,True,70,70,True,0.0007002299312917278,0.0012680043441533981,0.0006559141064827692,False,6.229999999999997,True
5eex,5eez,5eex,J,5eez,J,67,3,False,True,True,False,False,True,67,67,True,0.0007047752358009906,0.0011871744571981585,0.0006661866422598918,False,6.43,True
5eex,5eez,5eex,B,5eez,B,68,3,False,True,True,False,False,True,68,68,True,0.000736256360024727,0.0013778897982639972,0.0006993501748224126,False,6.550000000000004,True
5eex,5eez,5eex,E,5eez,E,68,2,False,True,True,False,False,True,68,68,True,0.0006933128471359821,0.001277041563118476,0.0006462770178431363,False,8.079999999999998,True
5eex,5eez,5eex,H,5eez,H,68,2,False,True,True,False,False,True,68,68,True,0.0006761265881835913,0.001259462831416535,0.0006360658476188041,False,7.880000000000003,True
5eex,5eez,5eex,I,5eez,I,68,2,False,True,True,False,False,True,68,68,True,0.0006851234859645819,0.0012854116752811064,0.0006390070613033306,False,8.799999999999997,True
5eex,5eez,5eex,K,5eez,K,68,2,False,True,True,False,False,True,68,68,True,0.0007041751291274583,0.0011733820732103613,0.000659728956925439,False,6.640000000000001,True
5eex,5eez,5eex,A,5eez,A,69,3,False,True,True,False,False,True,69,69,True,0.0007095875252946016,0.00125758876972669,0.0006673879174883641,False,8.450000000000003,True
5eex,5eez,5eex,C,5eez,C,69,3,False,True,True,False,False,True,69,69,True,0.0007393409918349507,0.001250565305353516,0.0006933858070959408,False,6.670000000000002,True
5eex,5eez,5eex,D,5eez,D,69,3,False,True,True,False,False,True,69,69,True,0.0007402078931041595,0.0014282461744993906,0.0006950036055693614,False,8.91,True
5eex,5eez,5eex,M,5eez,M,70,3,False,True,True,False,False,True,70,70,True,0.0007201124968591875,0.0013118336391770274,0.0006788601136549685,False,8.82,True
5eex,5eez,5eex,N,5eez,N,70,3,False,True,True,False,False,True,70,70,True,0.0007071599541264073,0.0012947379682270149,0.0006623346459116901,False,7.350000000000001,True
5eex,5eez,5eex,O,5eez,O,70,3,False,True,True,False,False,True,70,70,True,0.0007093942022991743,0.001308775771467359,0.0006641150349513371,False,7.490000000000002,True
5eex,5eez,5eex,P,5eez,P,70,2,False,True,True,False,False,True,70,70,True,0.0007332642993852428,0.001390201842756881,0.0006937223986905544,False,6.600000000000001,True
5eex,5eez,5eex,Q,5eez,Q,70,3,False,True,True,False,False,True,70,70,True,0.0006859174465639343,0.0012852163954551533,0.0006384721188211891,False,5.659999999999997,True
5eex,5eez,5eex,R,5eez,R,70,3,False,True,True,False,False,True,70,70,True,0.0006932112184796892,0.0015338754107758691,0.0006454950925638609,False,7.170000000000002,True
5eex,5eez,5eex,S,5eez,S,70,3,False,True,True,False,False,True,70,70,True,0.0007141109847465865,0.001375303372646762,0.0006717322878778904,False,8.449999999999996,True
5eex,5eez,5eex,T,5eez,T,70,3,False,True,True,False,False,True,70,70,True,0.0007171817125158699,0.0013695590185335822,0.0006767705190294719,False,7.140000000000001,True
5eex,5eez,5eex,U,5eez,U,70,3,False,True,True,False,False,True,70,70,True,0.0007111658950198336,0.001263801956804036,0.000667193680349247,False,7.710000000000001,True
5eex,5eez,5eex,V,5eez,V,70,3,False,True,True,False,False,True,70,70,True,0.0007059257020161414,0.0013866975073789792,0.0006614741754560606,False,6.799999999999997,True
5eex,5ef0,5eex,J,5ef0,J,67,2,False,True,True,False,False,True,67,67,True,0.0007187837651909209,0.0015514743990244298,0.0006739709593760534,False,9.130000000000003,True
5eex,5ef0,5eex,B,5ef0,B,68,2,False,True,True,False,False,True,68,68,True,0.000718638372217399,0.0013089004176902394,0.0006735150713822606,False,10.260000000000005,True
5eex,5ef0,5eex,E,5ef0,E,68,3,False,True,True,False,False,True,68,68,True,0.000732990326651828,0.0014429065562559817,0.0006867633996413749,False,12.840000000000003,True
5eex,5ef0,5eex,H,5ef0,H,68,3,False,True,True,False,False,True,68,68,True,0.000703790434079478,0.0013129133088772005,0.0006544482734758987,False,12.189999999999998,True
5eex,5ef0,5eex,I,5ef0,I,68,3,False,True,True,False,False,True,68,68,True,0.0007140672011571628,0.0013727624536433172,0.0006715190208454211,False,10.120000000000005,True
5eex,5ef0,5eex,K,5ef0,K,68,2,False,True,True,False,False,True,68,68,True,0.0007064577790643097,0.00125290682933157,0.0006614641914975137,False,11.280000000000001,True
5eex,5ef0,5eex,A,5ef0,A,69,2,False,True,True,False,False,True,69,69,True,0.0007069783566341513,0.0012637677652113709,0.0006568308645526022,False,10.779999999999994,True
5eex,5ef0,5eex,C,5ef0,C,69,3,False,True,True,False,False,True,69,69,True,0.0007030205328575383,0.001260719780411648,0.0006581585983167395,False,10.060000000000002,True
5eex,5ef0,5eex,D,5ef0,D,69,3,False,True,True,False,False,True,69,69,True,0.0007019720113716063,0.001428201882622383,0.0006541787674188884,False,11.36,True
5eex,5ef0,5eex,M,5ef0,M,70,3,False,True,True,False,False,True,70,70,True,0.0006961396417528445,0.001296504928564219,0.0006492019344172315,False,10.25,True
5eex,5ef0,5eex,N,5ef0,N,70,3,False,True,True,False,False,True,70,70,True,0.0006931983081556488,0.001299919087673951,0.0006441099022367051,False,11.350000000000001,True
5eex,5ef0,5eex,O,5ef0,O,70,2,False,True,True,False,False,True,70,70,True,0.0006880411808381358,0.0012642606330664575,0.0006472692264093548,False,10.299999999999997,True
5eex,5ef0,5eex,P,5ef0,P,70,2,False,True,True,False,False,True,70,70,True,0.0007168959384387197,0.0013980727057765873,0.0006703184948487949,False,8.810000000000002,True
5eex,5ef0,5eex,Q,5ef0,Q,70,3,False,True,True,False,False,True,70,70,True,0.0007261857118001386,0.0012775020976344628,0.0006786248633699698,False,9.540000000000006,True
5eex,5ef0,5eex,R,5ef0,R,70,2,False,True,True,False,False,True,70,70,True,0.0006901346549128193,0.0014472987451671084,0.0006449975941442616,False,10.410000000000004,True
5eex,5ef0,5eex,S,5ef0,S,70,3,False,True,True,False,False,True,70,70,True,0.0007214786935644889,0.0012835524483476028,0.0006808616091624119,False,10.43,True
5eex,5ef0,5eex,T,5ef0,T,70,3,False,True,True,False,False,True,70,70,True,0.00072494847218249,0.0012560525264067495,0.0006761533362727464,False,11.36,True
5eex,5ef0,5eex,U,5ef0,U,70,2,False,True,True,False,False,True,70,70,True,0.0007404072000258457,0.0013474293516935057,0.0006980712493864201,False,10.260000000000002,True
5eex,5ef0,5eex,V,5ef0,V,70,2,False,True,True,False,False,True,70,70,True,0.0007110486870300563,0.0013500606481612722,0.000669969928946578,False,9.82,True
5eex,5ef1,5eex,J,5ef1,J,67,3,False,True,True,False,False,True,67,67,True,0.0007149529045017579,0.0013026297162071722,0.0006664660283234908,False,12.46,True
5eex,5ef1,5eex,B,5ef1,B,68,2,False,True,True,False,False,True,68,68,True,0.000714392412944929,0.0012341425259212453,0.0006633286366501118,False,13.230000000000004,True
5eex,5ef1,5eex,E,5ef1,E,68,3,False,True,True,False,False,True,68,68,True,0.0006918079500179284,0.0013229398653434293,0.000646465653908516,False,14.670000000000002,True
5eex,5ef1,5eex,H,5ef1,H,68,3,False,True,True,False,False,True,68,68,True,0.0007025636277654501,0.0012909195599607628,0.0006602323811612228,False,16.68,True
5eex,5ef1,5eex,I,5ef1,I,68,3,False,True,True,False,False,True,68,68,True,0.0007197077896487265,0.001240321955942159,0.0006777431063879343,False,12.410000000000004,True
5eex,5ef1,5eex,K,5ef1,K,68,3,False,True,True,False,False,True,68,68,True,0.0006975163805384663,0.0014317359755707801,0.0006476395020068448,False,12.830000000000005,True
5eex,5ef1,5eex,A,5ef1,A,69,3,False,True,True,False,False,True,69,69,True,0.0007023331945892701,0.001419221167509306,0.0006526184620571462,False,13.43,True
5eex,5ef1,5eex,C,5ef1,C,69,3,False,True,True,False,False,True,69,69,True,0.000738756652953075,0.0013785026986811643,0.0006909943154372875,False,13.57,True
5eex,5ef1,5eex,D,5ef1,D,69,3,False,True,True,False,False,True,69,69,True,0.0007135607583302159,0.0012530684042650548,0.0006674806272010778,False,13.969999999999999,True
5eex,5ef1,5eex,M,5ef1,M,70,3,False,True,True,False,False,True,70,70,True,0.0006902508440215989,0.0013463324721254652,0.0006451720809165742,False,14.43,True
5eex,5ef1,5eex,N,5ef1,N,70,2,False,True,True,False,False,True,70,70,True,0.0007239968372379211,0.0013171045786912073,0.0006789643292421022,False,15.009999999999998,True
5eex,5ef1,5eex,O,5ef1,O,70,3,False,True,True,False,False,True,70,70,True,0.0007115773186215728,0.0012981729244305022,0.00066156251129425,False,12.310000000000002,True
5eex,5ef1,5eex,P,5ef1,P,70,3,False,True,True,False,False,True,70,70,True,0.0007083241225243639,0.00135573434586069,0.0006575801190819588,False,11.409999999999997,True
5eex,5ef1,5eex,Q,5ef1,Q,70,3,False,True,True,False,False,True,70,70,True,0.0007113678615333697,0.0012722134811180956,0.0006603235953498929,False,12.830000000000005,True
5eex,5ef1,5eex,R,5ef1,R,70,3,False,True,True,False,False,True,70,70,True,0.0006971511574739187,0.0012154133822385642,0.000658094932568122,False,12.270000000000003,True
5eex,5ef1,5eex,S,5ef1,S,70,3,False,True,True,False,False,True,70,70,True,0.0007058219838795333,0.001305138201191261,0.0006535183599134605,False,11.769999999999996,True
5eex,5ef1,5eex,T,5ef1,T,70,3,False,True,True,False,False,True,70,70,True,0.0007100474833785348,0.0013363503718514874,0.000659998907744523,False,11.469999999999999,True
5eex,5ef1,5eex,U,5ef1,U,70,3,False,True,True,False,False,True,70,70,True,0.0007062243354620493,0.00131463399994766,0.0006615188102483866,False,13.450000000000003,True
5eex,5ef1,5eex,V,5ef1,V,70,3,False,True,True,False,False,True,70,70,True,0.0006798108306501329,0.0013321018270486184,0.0006300539052445766,False,10.96,True
5eex,5ef2,5eex,J,5ef2,J,67,3,False,True,True,False,False,True,67,67,True,0.0007215742133360506,0.001332076292943534,0.0006723227976260025,False,16.310000000000002,True
5eex,5ef2,5eex,B,5ef2,B,68,3,False,True,True,False,False,True,68,68,True,0.0007193974296866527,0.0012912410065620827,0.0006771562903184886,False,16.99,True
5eex,5ef2,5eex,E,5ef2,E,68,3,False,True,True,False,False,True,68,68,True,0.0006868105987051585,0.0011978128940440685,0.0006411473181154906,False,20.28,True
5eex,5ef2,5eex,H,5ef2,H,68,3,False,True,True,False,False,True,68,68,True,0.0007041493650204137,0.0014115126765115113,0.0006605107716548435,False,22.419999999999995,True
5eex,5ef2,5eex,I,5ef2,I,68,3,False,True,True,False,False,True,68,68,True,0.0007086751239604114,0.0014248167215949778,0.0006631030908969031,False,18.550000000000004,True
5eex,5ef2,5eex,K,5ef2,K,68,3,False,True,True,False,False,True,68,68,True,0.0006910339985040956,0.0013099450415326225,0.0006336652049884425,False,18.160000000000004,True
5eex,5ef2,5eex,A,5ef2,A,69,3,False,True,True,False,False,True,69,69,True,0.0007089749629014139,0.0013850304500385728,0.0006665123250972127,False,19.339999999999996,True
5eex,5ef2,5eex,C,5ef2,C,69,3,False,True,True,False,False,True,69,69,True,0.0007042512914821739,0.0013044708151281619,0.0006573237568812453,False,17.72,True
5eex,5ef2,5eex,D,5ef2,D,69,3,False,True,True,False,False,True,69,69,True,0.0007175134930732306,0.0012728696834257355,0.0006757156961350315,False,17.939999999999998,True
5eex,5ef2,5eex,M,5ef2,M,70,2,False,True,True,False,False,True,70,70,True,0.0007177592403323156,0.0013529211408534283,0.0006746433627601489,False,18.730000000000004,True
5eex,5ef2,5eex,N,5ef2,N,70,3,False,True,True,False,False,True,70,70,True,0.0007193887581052593,0.0013154890005647605,0.0006736735614722819,False,17.940000000000005,True
5eex,5ef2,5eex,O,5ef2,O,70,3,False,True,True,False,False,True,70,70,True,0.0007118489545863214,0.0012728019062832865,0.0006678335618687518,False,15.05,True
5eex,5ef2,5eex,P,5ef2,P,70,3,False,True,True,False,False,True,70,70,True,0.0007226517365260157,0.0013198633058585454,0.000680838394274326,False,16.75,True
5eex,5ef2,5eex,Q,5ef2,Q,70,2,False,True,True,False,False,True,70,70,True,0.0006869516414452387,0.0012322118034568373,0.0006513243203130578,False,15.469999999999999,True
5eex,5ef2,5eex,R,5ef2,R,70,3,False,True,True,False,False,True,70,70,True,0.0007103096868496992,0.0012461834631806396,0.0006705151810662613,False,18.130000000000003,True
5eex,5ef2,5eex,S,5ef2,S,70,3,False,True,True,False,False,True,70,70,True,0.0007276744933354092,0.001312483801263019,0.0006892874571711931,False,17.86,True
5eex,5ef2,5eex,T,5ef2,T,70,3,False,True,True,False,False,True,70,70,True,0.000697196902633396,0.0013179846825979891,0.0006513936747403031,False,18.759999999999998,True
5eex,5ef2,5eex,U,5ef2,U,70,3,False,True,True,False,False,True,70,70,True,0.0007133579096625165,0.001304676595341404,0.0006665378037704179,False,17.240000000000002,True
5eex,5ef2,5eex,V,5ef2,V,70,3,False,True,True,False,False,True,70,70,True,0.0006887190465800668,0.0011987161524083477,0.0006428037456323334,False,15.649999999999999,True
5eex,5ef3,5eex,J,5ef3,J,67,5,False,True,True,False,False,True,67,67,True,0.0007148025143490171,0.0015320096357784618,0.0006734552372042432,False,19.15,True
5eex,5ef3,5eex,B,5ef3,B,68,3,False,True,True,False,False,True,68,68,True,0.0006972267924762946,0.0013476951194872553,0.000650911187296653,False,19.380000000000003,True
5eex,5ef3,5eex,E,5ef3,E,68,3,False,True,True,False,False,True,68,68,True,0.0007112978971224606,0.00122358700522082,0.0006664260034421523,False,23.270000000000003,True
5eex,5ef3,5eex,H,5ef3,H,68,2,False,True,True,False,False,True,68,68,True,0.0006745965727113374,0.0012768469955776508,0.0006300170955487292,False,25.229999999999997,True
5eex,5ef3,5eex,I,5ef3,I,68,3,False,True,True,False,False,True,68,68,True,0.000689142344208111,0.0012127383706462577,0.000644122184930979,False,19.75,True
5eex,5ef3,5eex,K,5ef3,K,68,3,False,True,True,False,False,True,68,68,True,0.000720315811689198,0.0013059535560844264,0.0006763309051624312,False,18.9,True
5eex,5ef3,5eex,A,5ef3,A,69,3,False,True,True,False,False,True,69,69,True,0.0007277779692014383,0.001292391784085794,0.0006835704847734921,False,20.5,True
5eex,5ef3,5eex,C,5ef3,C,69,3,False,True,True,False,False,True,69,69,True,0.0007235829182756726,0.0013386658029861274,0.0006769515572634026,False,19.32,True
5eex,5ef3,5eex,D,5ef3,D,69,3,False,True,True,False,False,True,69,69,True,0.0007109838990485582,0.0012859893815011217,0.000664139316544816,False,18.269999999999996,True
5eex,5ef3,5eex,M,5ef3,M,70,3,False,True,True,False,False,True,70,70,True,0.0007280689782232527,0.00135250913172181,0.0006854602218634336,False,16.910000000000004,True
5eex,5ef3,5eex,N,5ef3,N,70,3,False,True,True,False,False,True,70,70,True,0.0007294033508959426,0.00131586945908853,0.000676768647354222,False,20.690000000000005,True
5eex,5ef3,5eex,O,5ef3,O,70,3,False,True,True,False,False,True,70,70,True,0.000682982744940326,0.001314542184532823,0.0006451913768451591,False,18.94,True
5eex,5ef3,5eex,P,5ef3,P,70,2,False,True,True,False,False,True,70,70,True,0.0007043660662966061,0.0013280629989194089,0.000657083006957951,False,15.380000000000003,True
5eex,5ef3,5eex,Q,5ef3,Q,70,3,False,True,True,False,False,True,70,70,True,0.0006980299355829789,0.0011945729432641479,0.0006596294092656725,False,15.609999999999996,True
5eex,5ef3,5eex,R,5ef3,R,70,3,False,True,True,False,False,True,70,70,True,0.0006939241939676329,0.001223499619196627,0.000656364293675092,False,16.340000000000003,True
5eex,5ef3,5eex,S,5ef3,S,70,3,False,True,True,False,False,True,70,70,True,0.0007103727823566755,0.0013647593450179056,0.0006663043732931957,False,19.949999999999996,True
5eex,5ef3,5eex,T,5ef3,T,70,3,False,True,True,False,False,True,70,70,True,0.0007049771506237994,0.00133804620471013,0.0006588586424498708,False,18.519999999999996,True
5eex,5ef3,5eex,U,5ef3,U,70,2,False,True,True,False,False,True,70,70,True,0.000708389779287435,0.0012235234124153831,0.0006688717449876296,False,18.819999999999993,True
5eex,5ef3,5eex,V,5ef3,V,70,2,False,True,True,False,False,True,70,70,True,0.0006653767344122865,0.0014158784642249228,0.0006188899097752921,False,15.600000000000001,True
5eey,5eez,5eey,J,5eez,J,67,3,False,True,True,False,False,True,67,67,True,0.0007105273576695447,0.0013674421261970927,0.0006634960423262464,False,4.729999999999997,True
5eey,5eez,5eey,B,5eez,B,68,3,False,True,True,False,False,True,68,68,True,0.0007075986476879694,0.001428544399977174,0.0006611354344798378,False,5.430000000000007,True
5eey,5eez,5eey,E,5eez,E,68,3,False,True,True,False,False,True,68,68,True,0.0007112415436865728,0.0013306088039099775,0.0006656843673663935,False,4.369999999999997,True
5eey,5eez,5eey,H,5eez,H,68,2,False,True,True,False,False,True,68,68,True,0.0006842537883972086,0.0013269096834488687,0.0006391180787581784,False,4.990000000000002,True
5eey,5eez,5eey,I,5eez,I,68,3,False,True,True,False,False,True,68,68,True,0.0006797788882103187,0.0012089142104865544,0.0006347211516264783,False,6.419999999999995,True
5eey,5eez,5eey,K,5eez,K,68,2,False,True,True,False,False,True,68,68,True,0.0007227949583875642,0.0012647150510289135,0.000678822679975634,False,6.090000000000003,True
5eey,5eez,5eey,A,5eez,A,69,3,False,True,True,False,False,True,69,69,True,0.0007223211540911915,0.0012586594132069204,0.0006815317515139685,False,6.420000000000002,True
5eey,5eez,5eey,C,5eez,C,69,2,False,True,True,False,False,True,69,69,True,0.0006728976582770608,0.0011777806773621078,0.0006330324832373781,False,5.68,True
5eey,5eez,5eey,D,5eez,D,69,3,False,True,True,False,False,True,69,69,True,0.0007270888169726196,0.0013697359144300848,0.0006804332753524248,False,5.549999999999997,True
5eey,5eez,5eey,M,5eez,M,70,3,False,True,True,False,False,True,70,70,True,0.000719758941595003,0.001224754045326352,0.0006794523762234614,False,6.609999999999999,True
5eey,5eez,5eey,N,5eez,N,70,3,False,True,True,False,False,True,70,70,True,0.000698518347337465,0.0013925975060900292,0.0006509028296911626,False,4.899999999999999,True
5eey,5eez,5eey,O,5eez,O,70,3,False,True,True,False,False,True,70,70,True,0.000683787848243876,0.0012750799047423064,0.0006381109371768274,False,6.509999999999998,True
5eey,5eez,5eey,P,5eez,P,70,3,False,True,True,False,False,True,70,70,True,0.0007061403781173216,0.0012125994519627044,0.0006654694483571781,False,4.66,True
5eey,5eez,5eey,Q,5eez,Q,70,3,False,True,True,False,False,True,70,70,True,0.0007091804151796057,0.0013546687370986012,0.0006627174451411229,False,5.149999999999999,True
5eey,5eez,5eey,R,5eez,R,70,3,False,True,True,False,False,True,70,70,True,0.0007326219389566879,0.0013472984095371796,0.0006815033499670358,False,6.089999999999996,True
5eey,5eez,5eey,S,5eez,S,70,3,False,True,True,False,False,True,70,70,True,0.000715803264625933,0.0012504273102466297,0.0006638399959165587,False,5.560000000000002,True
5eey,5eez,5eey,T,5eez,T,70,2,False,True,True,False,False,True,70,70,True,0.0006944365180687836,0.0012862898548582273,0.0006508068763579098,False,6.599999999999994,True
5eey,5eez,5eey,U,5eez,U,70,3,False,True,True,False,False,True,70,70,True,0.0007031487496952654,0.0012159200502873553,0.0006564729700199598,False,4.690000000000005,True
5eey,5eez,5eey,V,5eez,V,70,3,False,True,True,False,False,True,70,70,True,0.0007063439280599994,0.0012462901974480472,0.0006646951348614964,False,8.629999999999995,True
5eey,5ef0,5eey,J,5ef0,J,67,3,False,True,True,False,False,True,67,67,True,0.0007093614001105193,0.0012651279996782974,0.0006676794466992301,False,6.950000000000003,True
5eey,5ef0,5eey,B,5ef0,B,68,3,False,True,True,False,False,True,68,68,True,0.0007011532324507589,0.0012667770820788365,0.0006554996804325831,False,8.79,True
5eey,5ef0,5eey,E,5ef0,E,68,3,False,True,True,False,False,True,68,68,True,0.0007248617911245588,0.0013055282654929085,0.0006801102076028487,False,8.920000000000002,True
5eey,5ef0,5eey,H,5ef0,H,68,3,False,True,True,False,False,True,68,68,True,0.0007027767907414067,0.0013759711298054701,0.000655472028753042,False,8.73,True
5eey,5ef0,5eey,I,5ef0,I,68,3,False,True,True,False,False,True,68,68,True,0.0007193352546296049,0.0013047118119785706,0.0006649471463544357,False,8.04,True
5eey,5ef0,5eey,K,5ef0,K,68,2,False,True,True,False,False,True,68,68,True,0.000711800241755243,0.001247054001464805,0.0006649168760616327,False,8.0,True
5eey,5ef0,5eey,A,5ef0,A,69,3,False,True,True,False,False,True,69,69,True,0.0007045540623352194,0.0012699679149268106,0.0006612537211136989,False,9.240000000000002,True
5eey,5ef0,5eey,C,5ef0,C,69,3,False,True,True,False,False,True,69,69,True,0.0006965477972380801,0.0013726860077078581,0.0006507228487929395,False,9.32,True
5eey,5ef0,5eey,D,5ef0,D,69,3,False,True,True,False,False,True,69,69,True,0.0007171831816540911,0.0013393996975132356,0.0006748368921226021,False,8.329999999999998,True
5eey,5ef0,5eey,M,5ef0,M,70,3,False,True,True,False,False,True,70,70,True,0.0006825055312199581,0.0013250207177827058,0.0006344552427244747,False,7.849999999999994,True
5eey,5ef0,5eey,N,5ef0,N,70,3,False,True,True,False,False,True,70,70,True,0.000699338353431823,0.0011538236252752532,0.0006530777845726876,False,9.049999999999997,True
5eey,5ef0,5eey,O,5ef0,O,70,3,False,True,True,False,False,True,70,70,True,0.0006736535948968401,0.0013955088412878616,0.0006294149025514564,False,8.96,True
5eey,5ef0,5eey,P,5ef0,P,70,2,False,True,True,False,False,True,70,70,True,0.0007053607249748559,0.0011754425945504003,0.0006595931335457856,False,8.010000000000002,True
5eey,5ef0,5eey,Q,5ef0,Q,70,3,False,True,True,False,False,True,70,70,True,0.0007086129906133847,0.0012063657939282062,0.0006605558008347916,False,8.57,True
5eey,5ef0,5eey,R,5ef0,R,70,3,False,True,True,False,False,True,70,70,True,0.0007036240563394235,0.0012812563550078594,0.0006556601000990438,False,9.880000000000003,True
5eey,5ef0,5eey,S,5ef0,S,70,3,False,True,True,False,False,True,70,70,True,0.0007258625506769006,0.0012059624980084007,0.0006801060713509383,False,10.480000000000004,True
5eey,5ef0,5eey,T,5ef0,T,70,3,False,True,True,False,False,True,70,70,True,0.0006678533392185583,0.001361148122560662,0.0006195969535995687,False,10.469999999999999,True
5eey,5ef0,5eey,U,5ef0,U,70,3,False,True,True,False,False,True,70,70,True,0.0007309349777220708,0.0013009649033575456,0.0006850940690208202,False,8.46,True
5eey,5ef0,5eey,V,5ef0,V,70,3,False,True,True,False,False,True,70,70,True,0.0007261163588004789,0.001242923882741501,0.0006884085987228795,False,10.579999999999998,True
5eey,5ef1,5eey,J,5ef1,J,67,3,False,True,True,False,False,True,67,67,True,0.0006828611474429177,0.0012836264151162608,0.000641270563262031,False,11.340000000000003,True
5eey,5ef1,5eey,B,5ef1,B,68,3,False,True,True,False,False,True,68,68,True,0.0007143091535973362,0.0012141000427460602,0.0006667143684962332,False,10.940000000000005,True
5eey,5ef1,5eey,E,5ef1,E,68,2,False,True,True,False,False,True,68,68,True,0.0007066985731855569,0.001252820218290902,0.000665094525588899,False,11.240000000000002,True
5eey,5ef1,5eey,H,5ef1,H,68,2,False,True,True,False,False,True,68,68,True,0.0007202461212065027,0.0015281593041393611,0.0006711111535204869,False,12.96,True
5eey,5ef1,5eey,I,5ef1,I,68,4,False,True,True,False,False,True,68,68,True,0.0007283228936609835,0.001397650716870714,0.0006854074614974762,False,11.43,True
5eey,5ef1,5eey,K,5ef1,K,68,3,False,True,True,False,False,True,68,68,True,0.0007495687658101046,0.0014105291806264647,0.0007020107427964681,False,10.39,True
5eey,5ef1,5eey,A,5ef1,A,69,3,False,True,True,False,False,True,69,69,True,0.0007145062978219044,0.001209814274580552,0.0006745898799462259,False,11.620000000000005,True
5eey,5ef1,5eey,C,5ef1,C,69,3,False,True,True,False,False,True,69,69,True,0.0007193810758616315,0.00125783902591356,0.0006815624483437782,False,11.46,True
5eey,5ef1,5eey,D,5ef1,D,69,3,False,True,True,False,False,True,69,69,True,0.0007359818768473778,0.0012862492515702607,0.0006881583486944021,False,12.04,True
5eey,5ef1,5eey,M,5ef1,M,70,3,False,True,True,False,False,True,70,70,True,0.0007255261523175998,0.0012713958725428522,0.00066924644974074,False,12.219999999999999,True
5eey,5ef1,5eey,N,5ef1,N,70,2,False,True,True,False,False,True,70,70,True,0.0007068961921548884,0.0011957216439059976,0.0006556528638943691,False,12.709999999999994,True
5eey,5ef1,5eey,O,5ef1,O,70,3,False,True,True,False,False,True,70,70,True,0.0006935602479625398,0.0012761059904209172,0.0006436686031481294,False,11.25,True
5eey,5ef1,5eey,P,5ef1,P,70,3,False,True,True,False,False,True,70,70,True,0.0007070426028536822,0.001299737785069424,0.0006610904191929946,False,10.070000000000004,True
5eey,5ef1,5eey,Q,5ef1,Q,70,2,False,True,True,False,False,True,70,70,True,0.0007224883475146575,0.0013322177118920045,0.0006797418516092245,False,9.220000000000006,True
5eey,5ef1,5eey,R,5ef1,R,70,3,False,True,True,False,False,True,70,70,True,0.000688280831818308,0.0014875019801798017,0.0006342173033579387,False,12.759999999999998,True
5eey,5ef1,5eey,S,5ef1,S,70,2,False,True,True,False,False,True,70,70,True,0.0007227197573245158,0.0013346225443479963,0.00067746780372668,False,11.510000000000005,True
5eey,5ef1,5eey,T,5ef1,T,70,3,False,True,True,False,False,True,70,70,True,0.0007035953358065928,0.0013030761888980869,0.0006485829281370251,False,11.439999999999998,True
5eey,5ef1,5eey,U,5ef1,U,70,3,False,True,True,False,False,True,70,70,True,0.0006863024938884315,0.0011908019510345003,0.0006415610341414329,False,11.579999999999998,True
5eey,5ef1,5eey,V,5ef1,V,70,3,False,True,True,False,False,True,70,70,True,0.0006890209205162914,0.0012239124797975883,0.000646498030233487,False,10.64,True
5eey,5ef2,5eey,J,5ef2,J,67,3,False,True,True,False,False,True,67,67,True,0.0007113488429437059,0.0011751729747696317,0.0006695960825212395,False,15.190000000000005,True
5eey,5ef2,5eey,B,5ef2,B,68,3,False,True,True,False,False,True,68,68,True,0.000696581437062212,0.0012353321678891637,0.0006542169322265859,False,14.259999999999998,True
5eey,5ef2,5eey,E,5ef2,E,68,3,False,True,True,False,False,True,68,68,True,0.0007489305295537001,0.0015476329519862751,0.0007083528174023643,False,17.060000000000002,True
5eey,5ef2,5eey,H,5ef2,H,68,3,False,True,True,False,False,True,68,68,True,0.0007159135958586867,0.0014154103147395662,0.0006693593446346591,False,18.699999999999996,True
5eey,5ef2,5eey,I,5ef2,I,68,3,False,True,True,False,False,True,68,68,True,0.0007139235838003966,0.0014225950059929876,0.0006646269897930464,False,17.58,True
5eey,5ef2,5eey,K,5ef2,K,68,3,False,True,True,False,False,True,68,68,True,0.0007276788621463716,0.0012392618761918187,0.0006783924171986906,False,15.349999999999994,True
5eey,5ef2,5eey,A,5ef2,A,69,3,False,True,True,False,False,True,69,69,True,0.0007150474546795592,0.001348027138076533,0.0006612621323381936,False,16.279999999999994,True
5eey,5ef2,5eey,C,5ef2,C,69,3,False,True,True,False,False,True,69,69,True,0.0006951722516781017,0.0012323347875255655,0.000649562664885683,False,17.71,True
5eey,5ef2,5eey,D,5ef2,D,69,3,False,True,True,False,False,True,69,69,True,0.0007205951439312588,0.0012988493318577435,0.0006728495855225355,False,13.989999999999995,True
5eey,5ef2,5eey,M,5ef2,M,70,3,False,True,True,False,False,True,70,70,True,0.0006895154516271722,0.0012012174716176261,0.0006406183219021917,False,16.520000000000003,True
5eey,5ef2,5eey,N,5ef2,N,70,3,False,True,True,False,False,True,70,70,True,0.0007377476214194421,0.0012681739848555155,0.0006987725101980688,False,15.64,True
5eey,5ef2,5eey,O,5ef2,O,70,3,False,True,True,False,False,True,70,70,True,0.0007151607227165696,0.0013444177800044173,0.0006730746907887534,False,13.339999999999996,True
5eey,5ef2,5eey,P,5ef2,P,70,3,False,True,True,False,False,True,70,70,True,0.0007009819168826711,0.0011972773558624583,0.00065438939341471,False,12.810000000000002,True
5eey,5ef2,5eey,Q,5ef2,Q,70,3,False,True,True,False,False,True,70,70,True,0.0007259175003845793,0.0012315374596863187,0.0006851749039854402,False,12.600000000000001,True
5eey,5ef2,5eey,R,5ef2,R,70,3,False,True,True,False,False,True,70,70,True,0.0006948479200638805,0.0011726772773060484,0.0006536179352675255,False,14.600000000000001,True
5eey,5ef2,5eey,S,5ef2,S,70,3,False,True,True,False,False,True,70,70,True,0.0007031048014359567,0.0015677346391575276,0.0006508515646533314,False,14.870000000000005,True
5eey,5ef2,5eey,T,5ef2,T,70,3,False,True,True,False,False,True,70,70,True,0.0006921788938821727,0.0013767003200213898,0.0006471113202765655,False,15.409999999999997,True
5eey,5ef2,5eey,U,5ef2,U,70,2,False,True,True,False,False,True,70,70,True,0.0007043162808705299,0.001377011656347812,0.00065485913899696,False,14.36,True
5eey,5ef2,5eey,V,5ef2,V,70,3,False,True,True,False,False,True,70,70,True,0.000688935970349331,0.0011731892928986433,0.0006415038710626718,False,13.82,True
5eey,5ef3,5eey,J,5ef3,J,67,3,False,True,True,False,False,True,67,67,True,0.0007013655641937619,0.0012858294695311508,0.0006561750475137642,False,15.410000000000004,True
5eey,5ef3,5eey,B,5ef3,B,68,3,False,True,True,False,False,True,68,68,True,0.0007106796902449668,0.001409952585550592,0.0006583012829859,False,15.649999999999999,True
5eey,5ef3,5eey,E,5ef3,E,68,3,False,True,True,False,False,True,68,68,True,0.0007331140478571266,0.001275259542329008,0.0006856038912685504,False,20.14,True
5eey,5ef3,5eey,H,5ef3,H,68,3,False,True,True,False,False,True,68,68,True,0.0007104125695625393,0.0013298206298858167,0.0006621094873565756,False,21.509999999999998,True
5eey,5ef3,5eey,I,5ef3,I,68,3,False,True,True,False,False,True,68,68,True,0.0006898933937078391,0.0011800811380397822,0.0006477773119923204,False,18.779999999999994,True
5eey,5ef3,5eey,K,5ef3,K,68,3,False,True,True,False,False,True,68,68,True,0.0007221095791483961,0.0012209051960377546,0.0006838340383586283,False,16.5,True
5eey,5ef3,5eey,A,5ef3,A,69,2,False,True,True,False,False,True,69,69,True,0.0007028981864876076,0.0013492158612389107,0.0006557481708343773,False,17.659999999999997,True
5eey,5ef3,5eey,C,5ef3,C,69,3,False,True,True,False,False,True,69,69,True,0.0006730696872460976,0.0012939823344112035,0.0006292327994237855,False,17.08,True
5eey,5ef3,5eey,D,5ef3,D,69,3,False,True,True,False,False,True,69,69,True,0.0006853400617230443,0.001273040667289524,0.0006406025036937819,False,16.86,True
5eey,5ef3,5eey,M,5ef3,M,70,2,False,True,True,False,False,True,70,70,True,0.000704375593274163,0.001337436402650905,0.0006534288959897251,False,14.700000000000003,True
5eey,5ef3,5eey,N,5ef3,N,70,3,False,True,True,False,False,True,70,70,True,0.0007193881253596777,0.0013348684523024242,0.0006721913101250148,False,18.39,True
5eey,5ef3,5eey,O,5ef3,O,70,3,False,True,True,False,False,True,70,70,True,0.0006980699835771592,0.001426482922967312,0.0006562045838039858,False,16.21,True
5eey,5ef3,5eey,P,5ef3,P,70,3,False,True,True,False,False,True,70,70,True,0.0007292472558230362,0.0013591561359466394,0.0006800323155066414,False,12.96,True
5eey,5ef3,5eey,Q,5ef3,Q,70,3,False,True,True,False,False,True,70,70,True,0.000702597305412189,0.0012528562601040025,0.000653409329120558,False,13.780000000000001,True
5eey,5ef3,5eey,R,5ef3,R,70,3,False,True,True,False,False,True,70,70,True,0.000697108198673377,0.001175856339116294,0.0006544999660017407,False,13.04,True
5eey,5ef3,5eey,S,5ef3,S,70,3,False,True,True,False,False,True,70,70,True,0.0006905988820469145,0.0013044926803267916,0.0006412789951735046,False,16.349999999999994,True
5eey,5ef3,5eey,T,5ef3,T,70,3,False,True,True,False,False,True,70,70,True,0.0007250936777687339,0.0012911072864173173,0.000674972880546234,False,15.86,True
5eey,5ef3,5eey,U,5ef3,U,70,3,False,True,True,False,False,True,70,70,True,0.0006988803078327396,0.0012458076399696303,0.0006554122660386104,False,16.810000000000002,True
5eey,5ef3,5eey,V,5ef3,V,70,3,False,True,True,False,False,True,70,70,True,0.0006752367491890485,0.0011966690237607924,0.0006307235692991607,False,15.389999999999993,True
5eez,5ef0,5eez,J,5ef0,J,67,3,False,True,True,False,False,True,67,67,True,0.0007031096376520042,0.0012866704228515647,0.0006544163713258521,False,6.109999999999999,True
5eez,5ef0,5eez,B,5ef0,B,68,2,False,True,True,False,False,True,68,68,True,0.0007301986023426242,0.0011792808978198586,0.000693414683460339,False,6.59,True
5eez,5ef0,5eez,E,5ef0,E,68,3,False,True,True,False,False,True,68,68,True,0.00069443698707987,0.0014860370799840738,0.0006491796007078572,False,7.380000000000003,True
5eez,5ef0,5eez,H,5ef0,H,68,2,False,True,True,False,False,True,68,68,True,0.0007001174444606257,0.001292732528609371,0.0006520284235922987,False,6.039999999999999,True
5eez,5ef0,5eez,I,5ef0,I,68,2,False,True,True,False,False,True,68,68,True,0.0006852094339133691,0.0013719606936450073,0.000639484625150688,False,5.650000000000006,True
5eez,5ef0,5eez,K,5ef0,K,68,3,False,True,True,False,False,True,68,68,True,0.0007238740268560563,0.0012585307632466734,0.0006803163658285786,False,6.939999999999998,True
5eez,5ef0,5eez,A,5ef0,A,69,3,False,True,True,False,False,True,69,69,True,0.0006908533913550058,0.0012810802676920042,0.0006489150810013297,False,6.829999999999998,True
5eez,5ef0,5eez,C,5ef0,C,69,3,False,True,True,False,False,True,69,69,True,0.0007066345042058018,0.0012510182675761032,0.0006597183057544515,False,6.580000000000005,True
5eez,5ef0,5eez,D,5ef0,D,69,3,False,True,True,False,False,True,69,69,True,0.000722360027645231,0.0013216221502872745,0.0006761495278691851,False,6.590000000000003,True
5eez,5ef0,5eez,M,5ef0,M,70,3,False,True,True,False,False,True,70,70,True,0.0007114702931716021,0.001333811383694585,0.0006706864638111314,False,6.389999999999997,True
5eez,5ef0,5eez,N,5ef0,N,70,3,False,True,True,False,False,True,70,70,True,0.0006796118574560774,0.0013306339618999038,0.0006372234907317845,False,6.009999999999998,True
5eez,5ef0,5eez,O,5ef0,O,70,3,False,True,True,False,False,True,70,70,True,0.0006845934603505959,0.0012495256747103532,0.0006429988019294052,False,6.640000000000001,True
5eez,5ef0,5eez,P,5ef0,P,70,3,False,True,True,False,False,True,70,70,True,0.0006709194478876987,0.001261779260182278,0.0006032953708976296,False,7.160000000000004,True
5eez,5ef0,5eez,Q,5ef0,Q,70,3,False,True,True,False,False,True,70,70,True,0.0007278471318512406,0.0015069276580570367,0.0006831546987133909,False,6.030000000000001,True
5eez,5ef0,5eez,R,5ef0,R,70,2,False,True,True,False,False,True,70,70,True,0.0006950730607565966,0.0012132402653575781,0.0006505048575713572,False,7.170000000000002,True
5eez,5ef0,5eez,S,5ef0,S,70,3,False,True,True,False,False,True,70,70,True,0.0007023217067425709,0.0012809654722698552,0.0006608190207329609,False,7.019999999999996,True
5eez,5ef0,5eez,T,5ef0,T,70,3,False,True,True,False,False,True,70,70,True,0.0006721326471457823,0.001326724458831601,0.0006248301460868204,False,6.909999999999997,True
5eez,5ef0,5eez,U,5ef0,U,70,3,False,True,True,False,False,True,70,70,True,0.0006925037628431513,0.0012848780551791706,0.0006432695945847722,False,6.350000000000001,True
5eez,5ef0,5eez,V,5ef0,V,70,2,False,True,True,False,False,True,70,70,True,0.0007100453778707184,0.0012789097804461215,0.0006632895186023312,False,6.07,True
5eez,5ef1,5eez,J,5ef1,J,67,2,False,True,True,False,False,True,67,67,True,0.0007016306930401757,0.001315506224838687,0.0006590186372489638,False,8.759999999999998,True
5eez,5ef1,5eez,B,5ef1,B,68,2,False,True,True,False,False,True,68,68,True,0.0006938750523580843,0.001295297067145168,0.0006430615482049787,False,9.280000000000001,True
5eez,5ef1,5eez,E,5ef1,E,68,2,False,True,True,False,False,True,68,68,True,0.0006817714511558077,0.0012939125974777508,0.0006313811825144703,False,8.79,True
5eez,5ef1,5eez,H,5ef1,H,68,3,False,True,True,False,False,True,68,68,True,0.0006955978004876542,0.0012449969549211866,0.0006542027786028334,False,10.370000000000005,True
5eez,5ef1,5eez,I,5ef1,I,68,3,False,True,True,False,False,True,68,68,True,0.0007172749757707415,0.0012621295787709089,0.0006756381952800834,False,8.209999999999994,True
5eez,5ef1,5eez,K,5ef1,K,68,3,False,True,True,False,False,True,68,68,True,0.0006924129205320771,0.0012920542164730168,0.0006480923051560082,False,9.220000000000006,True
5eez,5ef1,5eez,A,5ef1,A,69,3,False,True,True,False,False,True,69,69,True,0.0006963488315972825,0.0013272155114897749,0.0006486009427890054,False,9.79,True
5eez,5ef1,5eez,C,5ef1,C,69,3,False,True,True,False,False,True,69,69,True,0.0007458311863057351,0.0013841721893211915,0.0007061418548857874,False,9.510000000000005,True
5eez,5ef1,5eez,D,5ef1,D,69,3,False,True,True,False,False,True,69,69,True,0.0007152383093627368,0.0013112149930633568,0.0006668375995493891,False,10.340000000000003,True
5eez,5ef1,5eez,M,5ef1,M,70,2,False,True,True,False,False,True,70,70,True,0.0006871099235540997,0.001236305745214518,0.0006385494362168744,False,8.300000000000004,True
5eez,5ef1,5eez,N,5ef1,N,70,3,False,True,True,False,False,True,70,70,True,0.0007308499247441294,0.0012954308091519477,0.0006863815745325399,False,8.030000000000001,True
5eez,5ef1,5eez,O,5ef1,O,70,3,False,True,True,False,False,True,70,70,True,0.0007075187172775357,0.0014485291402029754,0.0006611393802122821,False,8.100000000000001,True
5eez,5ef1,5eez,P,5ef1,P,70,2,False,True,True,False,False,True,70,70,True,0.0006876937037068057,0.0012608910658687225,0.0006418592893208178,False,9.670000000000002,True
5eez,5ef1,5eez,Q,5ef1,Q,70,3,False,True,True,False,False,True,70,70,True,0.000717898652703715,0.001320697107190747,0.0006650252857911804,False,8.090000000000003,True
5eez,5ef1,5eez,R,5ef1,R,70,3,False,True,True,False,False,True,70,70,True,0.0007137559318484436,0.001400061716982739,0.0006654978275630108,False,8.399999999999999,True
5eez,5ef1,5eez,S,5ef1,S,70,3,False,True,True,False,False,True,70,70,True,0.0006979411997482741,0.0011980233506339365,0.0006549796973982243,False,8.39,True
5eez,5ef1,5eez,T,5ef1,T,70,3,False,True,True,False,False,True,70,70,True,0.000702989915095799,0.0012509847726585733,0.0006584670401514059,False,8.409999999999997,True
5eez,5ef1,5eez,U,5ef1,U,70,3,False,True,True,False,False,True,70,70,True,0.000674091933239761,0.0012693678187016722,0.000627033964657135,False,8.61,True
5eez,5ef1,5eez,V,5ef1,V,70,3,False,True,True,False,False,True,70,70,True,0.0007049132357502988,0.0012583627854226868,0.0006633971334713981,False,7.630000000000003,True
5eez,5ef2,5eez,J,5ef2,J,67,3,False,True,True,False,False,True,67,67,True,0.000703339993298034,0.0013027869551242384,0.0006554839362723729,False,12.61,True
5eez,5ef2,5eez,B,5ef2,B,68,3,False,True,True,False,False,True,68,68,True,0.0006728808432994182,0.0012380468134066294,0.0006296144431614012,False,14.18,True
5eez,5ef2,5eez,E,5ef2,E,68,3,False,True,True,False,False,True,68,68,True,0.0006879192894288877,0.0013571414882070849,0.0006443516053094812,False,14.700000000000003,True
5eez,5ef2,5eez,H,5ef2,H,68,3,False,True,True,False,False,True,68,68,True,0.0006965395556546471,0.0011959743240769723,0.0006479756812044836,False,16.11,True
5eez,5ef2,5eez,I,5ef2,I,68,3,False,True,True,False,False,True,68,68,True,0.0007259921539394742,0.0013263242074325295,0.0006817264559073696,False,13.780000000000001,True
5eez,5ef2,5eez,K,5ef2,K,68,3,False,True,True,False,False,True,68,68,True,0.0007248063638434,0.001389291376733417,0.0006776548136414598,False,13.25,True
5eez,5ef2,5eez,A,5ef2,A,69,3,False,True,True,False,False,True,69,69,True,0.0007348752215353552,0.0012933546348937112,0.0006915082804273713,False,14.959999999999994,True
5eez,5ef2,5eez,C,5ef2,C,69,3,False,True,True,False,False,True,69,69,True,0.0007269883086701013,0.0012913442084353203,0.0006756731727574047,False,13.07,True
5eez,5ef2,5eez,D,5ef2,D,69,3,False,True,True,False,False,True,69,69,True,0.0007021262564056033,0.0013106510381158919,0.0006531597005779451,False,12.300000000000004,True
5eez,5ef2,5eez,M,5ef2,M,70,3,False,True,True,False,False,True,70,70,True,0.0007090380183467246,0.0012791600730956418,0.000656738806386528,False,11.64,True
5eez,5ef2,5eez,N,5ef2,N,70,2,False,True,True,False,False,True,70,70,True,0.0007265325071500325,0.0013560289103768364,0.0006762004139337543,False,11.869999999999997,True
5eez,5ef2,5eez,O,5ef2,O,70,3,False,True,True,False,False,True,70,70,True,0.0007169995296406945,0.0012050649267076172,0.0006745709027439124,False,11.409999999999997,True
5eez,5ef2,5eez,P,5ef2,P,70,3,False,True,True,False,False,True,70,70,True,0.0007114415466208842,0.0013297673449268327,0.000660536738136525,False,12.159999999999997,True
5eez,5ef2,5eez,Q,5ef2,Q,70,3,False,True,True,False,False,True,70,70,True,0.0007065457157273173,0.0012908680590933048,0.0006627198966731342,False,11.0,True
5eez,5ef2,5eez,R,5ef2,R,70,3,False,True,True,False,False,True,70,70,True,0.0007069482947558224,0.0012128446271092177,0.0006661124356923651,False,11.559999999999995,True
5eez,5ef2,5eez,S,5ef2,S,70,3,False,True,True,False,False,True,70,70,True,0.000713889963747031,0.0012665852540773427,0.000664129981729046,False,10.910000000000004,True
5eez,5ef2,5eez,T,5ef2,T,70,3,False,True,True,False,False,True,70,70,True,0.0007039682395407466,0.0014013927133972976,0.0006638181636398381,False,12.310000000000002,True
5eez,5ef2,5eez,U,5ef2,U,70,2,False,True,True,False,False,True,70,70,True,0.0007080556590972801,0.001347150201770599,0.0006615794102997,False,13.46,True
5eez,5ef2,5eez,V,5ef2,V,70,2,False,True,True,False,False,True,70,70,True,0.0006646755741988744,0.0011726276953537848,0.0006142897453987632,False,11.399999999999999,True
5eez,5ef3,5eez,J,5ef3,J,67,3,False,True,True,False,False,True,67,67,True,0.0007346017602708432,0.001261112340815054,0.0006861983417958955,False,13.759999999999998,True
5eez,5ef3,5eez,B,5ef3,B,68,3,False,True,True,False,False,True,68,68,True,0.000704552148986196,0.0013831007580449878,0.0006589068604400282,False,14.740000000000002,True
5eez,5ef3,5eez,E,5ef3,E,68,3,False,True,True,False,False,True,68,68,True,0.0007159419113301818,0.0012456230595822451,0.0006790611041646479,False,17.689999999999998,True
5eez,5ef3,5eez,H,5ef3,H,68,3,False,True,True,False,False,True,68,68,True,0.0006864641963090137,0.0011939326724376555,0.0006400028817899143,False,18.92,True
5eez,5ef3,5eez,I,5ef3,I,68,3,False,True,True,False,False,True,68,68,True,0.0007105157133691956,0.0013336368243610207,0.0006650582982583036,False,13.660000000000004,True
5eez,5ef3,5eez,K,5ef3,K,68,3,False,True,True,False,False,True,68,68,True,0.0006988688836798986,0.0012533135879954885,0.0006483317874442324,False,13.769999999999996,True
5eez,5ef3,5eez,A,5ef3,A,69,3,False,True,True,False,False,True,69,69,True,0.0007260292139380199,0.001315132415489368,0.0006786011656897093,False,16.059999999999995,True
5eez,5ef3,5eez,C,5ef3,C,69,3,False,True,True,False,False,True,69,69,True,0.000676035732356425,0.00127786697914965,0.0006293940166422155,False,15.61,True
5eez,5ef3,5eez,D,5ef3,D,69,3,False,True,True,False,False,True,69,69,True,0.0006693827046505214,0.0012756367055213606,0.0006257999218094298,False,14.919999999999995,True
5eez,5ef3,5eez,M,5ef3,M,70,3,False,True,True,False,False,True,70,70,True,0.0006902372576288826,0.0012396663408066973,0.00064672633741264,False,11.469999999999999,True
5eez,5ef3,5eez,N,5ef3,N,70,3,False,True,True,False,False,True,70,70,True,0.0007246239859005838,0.001406412832231668,0.0006777175576197624,False,13.71,True
5eez,5ef3,5eez,O,5ef3,O,70,3,False,True,True,False,False,True,70,70,True,0.00069323289604711,0.0012611937586801659,0.0006447755851237104,False,14.530000000000001,True
5eez,5ef3,5eez,P,5ef3,P,70,2,False,True,True,False,False,True,70,70,True,0.000697121066711728,0.001210753490572319,0.0006547240071171367,False,12.04,True
5eez,5ef3,5eez,Q,5ef3,Q,70,3,False,True,True,False,False,True,70,70,True,0.0007159922496614336,0.0012755393054976972,0.0006714871636434413,False,13.04,True
5eez,5ef3,5eez,R,5ef3,R,70,3,False,True,True,False,False,True,70,70,True,0.0007108416933856937,0.0014083231209932848,0.0006644001744079539,False,11.950000000000003,True
5eez,5ef3,5eez,S,5ef3,S,70,3,False,True,True,False,False,True,70,70,True,0.0007065226762044618,0.0012891362713743722,0.0006644264266318986,False,12.449999999999996,True
5eez,5ef3,5eez,T,5ef3,T,70,3,False,True,True,False,False,True,70,70,True,0.0006927100135645757,0.0012351856801727235,0.0006531645384030402,False,13.229999999999997,True
5eez,5ef3,5eez,U,5ef3,U,70,3,False,True,True,False,False,True,70,70,True,0.0006889447682478005,0.0013492250028062972,0.0006423406746633926,False,14.21,True
5eez,5ef3,5eez,V,5ef3,V,70,4,False,True,True,False,False,True,70,70,True,0.0006903332707631834,0.001288634362891184,0.0006448073325593251,False,14.239999999999995,True
5ef0,5ef1,5ef0,J,5ef1,J,67,3,False,True,True,False,False,True,67,67,True,0.0006985591573785747,0.0012272879027517168,0.000652395808686442,False,5.730000000000004,True
5ef0,5ef1,5ef0,B,5ef1,B,68,2,False,True,True,False,False,True,68,68,True,0.000724591225489223,0.0012732236500207028,0.0006801873397526281,False,5.530000000000001,True
5ef0,5ef1,5ef0,E,5ef1,E,68,2,False,True,True,False,False,True,68,68,True,0.0006751628953580203,0.0011579957301609451,0.0006279839153250975,False,5.6200000000000045,True
5ef0,5ef1,5ef0,H,5ef1,H,68,2,False,True,True,False,False,True,68,68,True,0.0007000831857239904,0.0012994106655520826,0.0006550447295996836,False,5.310000000000002,True
5ef0,5ef1,5ef0,I,5ef1,I,68,3,False,True,True,False,False,True,68,68,True,0.0006958814470546013,0.0012079944615342023,0.0006541338283556899,False,5.68,True
5ef0,5ef1,5ef0,K,5ef1,K,68,3,False,True,True,False,False,True,68,68,True,0.0007089454586351606,0.0014083441558366547,0.0006633727032737062,False,5.380000000000003,True
5ef0,5ef1,5ef0,A,5ef1,A,69,3,False,True,True,False,False,True,69,69,True,0.0006956519484149739,0.0012961118784868746,0.0006505125648005624,False,7.519999999999996,True
5ef0,5ef1,5ef0,C,5ef1,C,69,3,False,True,True,False,False,True,69,69,True,0.0007284055769202398,0.0014408258542740417,0.0006826300856701097,False,5.530000000000001,True
5ef0,5ef1,5ef0,D,5ef1,D,69,3,False,True,True,False,False,True,69,69,True,0.0006841352465825552,0.0013801176888983185,0.0006393629071385771,False,6.289999999999999,True
5ef0,5ef1,5ef0,M,5ef1,M,70,3,False,True,True,False,False,True,70,70,True,0.0007159473858435616,0.0013352339353042777,0.0006673256283477509,False,5.630000000000003,True
5ef0,5ef1,5ef0,N,5ef1,N,70,3,False,True,True,False,False,True,70,70,True,0.0007350946185375128,0.0013483299611103097,0.0006968075757564006,False,4.609999999999999,True
5ef0,5ef1,5ef0,O,5ef1,O,70,3,False,True,True,False,False,True,70,70,True,0.0007023014590570183,0.0011456271425136135,0.00066379363946063,False,5.68,True
5ef0,5ef1,5ef0,P,5ef1,P,70,2,False,True,True,False,False,True,70,70,True,0.0007099740243043214,0.0013926903780736783,0.000664288857555106,False,5.98,True
5ef0,5ef1,5ef0,Q,5ef1,Q,70,2,False,True,True,False,False,True,70,70,True,0.0007064875787275385,0.00137881563048223,0.00065687060070419,False,6.6399999999999935,True
5ef0,5ef1,5ef0,R,5ef1,R,70,2,False,True,True,False,False,True,70,70,True,0.0007040753431189113,0.0013368106093907708,0.000659674139984132,False,5.419999999999995,True
5ef0,5ef1,5ef0,S,5ef1,S,70,3,False,True,True,False,False,True,70,70,True,0.0007131822230891974,0.001280482545546883,0.0006680739990074662,False,5.75,True
5ef0,5ef1,5ef0,T,5ef1,T,70,3,False,True,True,False,False,True,70,70,True,0.0006856433532799187,0.0013219538053330635,0.0006373294431766361,False,6.200000000000003,True
5ef0,5ef1,5ef0,U,5ef1,U,70,3,False,True,True,False,False,True,70,70,True,0.0007071741578497847,0.001303155418987392,0.0006648353973084469,False,8.280000000000001,True
5ef0,5ef1,5ef0,V,5ef1,V,70,3,False,True,True,False,False,True,70,70,True,0.0007189087018060435,0.0012754039164986199,0.000671665288778705,False,6.219999999999999,True
5ef0,5ef2,5ef0,J,5ef2,J,67,3,False,True,True,False,False,True,67,67,True,0.000721323114065412,0.0013160918944013953,0.0006765563951664383,False,8.670000000000002,True
5ef0,5ef2,5ef0,B,5ef2,B,68,2,False,True,True,False,False,True,68,68,True,0.0006752035451645381,0.0012679328240779266,0.00062908229490438,False,10.030000000000001,True
5ef0,5ef2,5ef0,E,5ef2,E,68,3,False,True,True,False,False,True,68,68,True,0.0007237073805565459,0.0013015999394759604,0.000675341142888831,False,9.040000000000006,True
5ef0,5ef2,5ef0,H,5ef2,H,68,3,False,True,True,False,False,True,68,68,True,0.0007065763660835073,0.001309852517587414,0.0006617188552759347,False,10.229999999999997,True
5ef0,5ef2,5ef0,I,5ef2,I,68,3,False,True,True,False,False,True,68,68,True,0.0007297625665170136,0.001252722373950738,0.0006877342758170419,False,11.580000000000005,True
5ef0,5ef2,5ef0,K,5ef2,K,68,2,False,True,True,False,False,True,68,68,True,0.0006997905719900591,0.0012901315626613083,0.0006461187242767657,False,9.600000000000001,True
5ef0,5ef2,5ef0,A,5ef2,A,69,3,False,True,True,False,False,True,69,69,True,0.0007086535930825362,0.0014477126248288847,0.0006637618562977386,False,9.949999999999996,True
5ef0,5ef2,5ef0,C,5ef2,C,69,2,False,True,True,False,False,True,69,69,True,0.0007278628450960947,0.0013368523046907296,0.0006826956182582822,False,11.61,True
5ef0,5ef2,5ef0,D,5ef2,D,69,3,False,True,True,False,False,True,69,69,True,0.0007046686377731188,0.0013346973626161495,0.0006593417774170315,False,8.86,True
5ef0,5ef2,5ef0,M,5ef2,M,70,3,False,True,True,False,False,True,70,70,True,0.0007014578202532609,0.001212713183248529,0.0006649601719357707,False,9.930000000000007,True
5ef0,5ef2,5ef0,N,5ef2,N,70,3,False,True,True,False,False,True,70,70,True,0.0007150490535578949,0.00144483760568009,0.0006699529568969665,False,8.699999999999996,True
5ef0,5ef2,5ef0,O,5ef2,O,70,4,False,True,True,False,False,True,70,70,True,0.0006901641668274335,0.0014320810211056693,0.0006432142266619171,False,8.049999999999997,True
5ef0,5ef2,5ef0,P,5ef2,P,70,2,False,True,True,False,False,True,70,70,True,0.0006826561198347041,0.00129227507895207,0.0006355055133861817,False,8.459999999999997,True
5ef0,5ef2,5ef0,Q,5ef2,Q,70,3,False,True,True,False,False,True,70,70,True,0.0007187973224169085,0.0012749099385368802,0.0006725194028510456,False,8.399999999999999,True
5ef0,5ef2,5ef0,R,5ef2,R,70,2,False,True,True,False,False,True,70,70,True,0.0007231574814096837,0.0014716970287754576,0.000680639277784166,False,8.050000000000004,True
5ef0,5ef2,5ef0,S,5ef2,S,70,3,False,True,True,False,False,True,70,70,True,0.0007024208268061429,0.0011687735552722077,0.0006583165071182189,False,9.049999999999997,True
5ef0,5ef2,5ef0,T,5ef2,T,70,3,False,True,True,False,False,True,70,70,True,0.0007118055976741499,0.0014891027038498354,0.0006677748459390864,False,10.18,True
5ef0,5ef2,5ef0,U,5ef2,U,70,2,False,True,True,False,False,True,70,70,True,0.0007313084929582333,0.0014068974446761018,0.0006871510861421917,False,10.600000000000001,True
5ef0,5ef2,5ef0,V,5ef2,V,70,3,False,True,True,False,False,True,70,70,True,0.0007053400176857971,0.0012331957925070622,0.0006546880370366793,False,8.949999999999996,True
5ef0,5ef3,5ef0,J,5ef3,J,67,4,False,True,True,False,False,True,67,67,True,0.0006928068451531448,0.0011778219563701386,0.00064771443470272,False,10.530000000000001,True
5ef0,5ef3,5ef0,B,5ef3,B,68,2,False,True,True,False,False,True,68,68,True,0.0007153507799591153,0.0012765090901510853,0.0006731093247760964,False,11.199999999999996,True
5ef0,5ef3,5ef0,E,5ef3,E,68,3,False,True,True,False,False,True,68,68,True,0.000690588928139182,0.0012585178264553222,0.0006411422048694733,False,12.410000000000004,True
5ef0,5ef3,5ef0,H,5ef3,H,68,3,False,True,True,False,False,True,68,68,True,0.0006809708709335076,0.001220587845576569,0.0006336509842105271,False,13.04,True
5ef0,5ef3,5ef0,I,5ef3,I,68,3,False,True,True,False,False,True,68,68,True,0.0007112892545015202,0.0012269378237212375,0.0006677004404853558,False,11.379999999999995,True
5ef0,5ef3,5ef0,K,5ef3,K,68,2,False,True,True,False,False,True,68,68,True,0.0007011689000368022,0.0013181491279340785,0.0006547106007573037,False,10.349999999999994,True
5ef0,5ef3,5ef0,A,5ef3,A,69,3,False,True,True,False,False,True,69,69,True,0.0007019707705127606,0.0012807178740133459,0.0006552909560471993,False,11.329999999999998,True
5ef0,5ef3,5ef0,C,5ef3,C,69,3,False,True,True,False,False,True,69,69,True,0.0007080587964872616,0.0013920180152612596,0.0006623791308069092,False,12.61,True
5ef0,5ef3,5ef0,D,5ef3,D,69,3,False,True,True,False,False,True,69,69,True,0.0007069872002018704,0.001289532309605063,0.0006602288966062346,False,12.019999999999996,True
5ef0,5ef3,5ef0,M,5ef3,M,70,3,False,True,True,False,False,True,70,70,True,0.0007087484054972701,0.0012099746282063684,0.0006641979671858903,False,8.439999999999998,True
5ef0,5ef3,5ef0,N,5ef3,N,70,3,False,True,True,False,False,True,70,70,True,0.0007117388478972876,0.00127671502967492,0.000670454447860367,False,9.450000000000003,True
5ef0,5ef3,5ef0,O,5ef3,O,70,4,False,True,True,False,False,True,70,70,True,0.0006882367451038588,0.0014228137051675506,0.0006432433216844983,False,9.89,True
5ef0,5ef3,5ef0,P,5ef3,P,70,3,False,True,True,False,False,True,70,70,True,0.0007193875254939306,0.0012423358747356652,0.0006729902245055174,False,8.43,True
5ef0,5ef3,5ef0,Q,5ef3,Q,70,3,False,True,True,False,False,True,70,70,True,0.0007366914755532846,0.0013148427171560337,0.0006910450160041183,False,8.709999999999994,True
5ef0,5ef3,5ef0,R,5ef3,R,70,3,False,True,True,False,False,True,70,70,True,0.0006926731178199366,0.0012660828517823079,0.000648595717736276,False,7.770000000000003,True
5ef0,5ef3,5ef0,S,5ef3,S,70,3,False,True,True,False,False,True,70,70,True,0.0006871718722208048,0.0013435510980772055,0.0006414784881958606,False,10.469999999999999,True
5ef0,5ef3,5ef0,T,5ef3,T,70,3,False,True,True,False,False,True,70,70,True,0.0007047516594091396,0.001236231797804526,0.000662664904038615,False,10.29,True
5ef0,5ef3,5ef0,U,5ef3,U,70,3,False,True,True,False,False,True,70,70,True,0.0006889115486114697,0.0013563746212337205,0.000645084716286347,False,11.060000000000002,True
5ef0,5ef3,5ef0,V,5ef3,V,70,3,False,True,True,False,False,True,70,70,True,0.0007284762071627681,0.001422916707476434,0.0006822715647416611,False,9.630000000000003,True
5ef1,5ef2,5ef1,J,5ef2,J,67,3,False,True,True,False,False,True,67,67,True,0.0006810250024437046,0.0013621385864104282,0.0006301932587804625,False,7.420000000000002,True
5ef1,5ef2,5ef1,B,5ef2,B,68,3,False,True,True,False,False,True,68,68,True,0.0007012789824279266,0.0012243652008402475,0.0006650683940330833,False,7.409999999999997,True
5ef1,5ef2,5ef1,E,5ef2,E,68,3,False,True,True,False,False,True,68,68,True,0.0006857166922217896,0.0012498606545984863,0.000642685254587163,False,6.68,True
5ef1,5ef2,5ef1,H,5ef2,H,68,3,False,True,True,False,False,True,68,68,True,0.0007063077396236465,0.0013141384737925543,0.0006600351479658604,False,9.250000000000004,True
5ef1,5ef2,5ef1,I,5ef2,I,68,3,False,True,True,False,False,True,68,68,True,0.0007146356172842226,0.0013278304466212702,0.0006678820357349742,False,8.230000000000004,True
5ef1,5ef2,5ef1,K,5ef2,K,68,2,False,True,True,False,False,True,68,68,True,0.0006862943130037376,0.0013054736624198314,0.000641425635155441,False,8.420000000000002,True
5ef1,5ef2,5ef1,A,5ef2,A,69,3,False,True,True,False,False,True,69,69,True,0.0007013149470004286,0.0012135562762331583,0.0006650925379360918,False,10.009999999999998,True
5ef1,5ef2,5ef1,C,5ef2,C,69,3,False,True,True,False,False,True,69,69,True,0.0007434455000256179,0.001345673871927975,0.0006915131462765361,False,7.550000000000004,True
5ef1,5ef2,5ef1,D,5ef2,D,69,3,False,True,True,False,False,True,69,69,True,0.0007421556260430386,0.0014575696501694596,0.0006951094306619192,False,6.519999999999996,True
5ef1,5ef2,5ef1,M,5ef2,M,70,3,False,True,True,False,False,True,70,70,True,0.0006895478045289598,0.00117632704869843,0.0006540311571585424,False,8.519999999999996,True
5ef1,5ef2,5ef1,N,5ef2,N,70,2,False,True,True,False,False,True,70,70,True,0.0006946001443690675,0.0013616794338514836,0.0006455791220126464,False,6.869999999999997,True
5ef1,5ef2,5ef1,O,5ef2,O,70,3,False,True,True,False,False,True,70,70,True,0.0007156529784318039,0.0012031768524876827,0.0006700186691644491,False,7.780000000000001,True
5ef1,5ef2,5ef1,P,5ef2,P,70,3,False,True,True,False,False,True,70,70,True,0.000696292338556491,0.0014007782985804946,0.0006519657677270057,False,7.509999999999998,True
5ef1,5ef2,5ef1,Q,5ef2,Q,70,2,False,True,True,False,False,True,70,70,True,0.0007417702034762958,0.0012675793985051698,0.0006992587577302111,False,6.449999999999996,True
5ef1,5ef2,5ef1,R,5ef2,R,70,3,False,True,True,False,False,True,70,70,True,0.0007408029119771827,0.001289582221240376,0.0006977236329145952,False,7.960000000000001,True
5ef1,5ef2,5ef1,S,5ef2,S,70,3,False,True,True,False,False,True,70,70,True,0.000736654011632985,0.0012834631749566827,0.0006968508530075639,False,6.479999999999997,True
5ef1,5ef2,5ef1,T,5ef2,T,70,3,False,True,True,False,False,True,70,70,True,0.0006979203725773079,0.0012156894341008233,0.0006523422121418888,False,7.289999999999999,True
5ef1,5ef2,5ef1,U,5ef2,U,70,2,False,True,True,False,False,True,70,70,True,0.0007054686407954676,0.0013120113238091976,0.0006497454277794386,False,8.810000000000002,True
5ef1,5ef2,5ef1,V,5ef2,V,70,3,False,True,True,False,False,True,70,70,True,0.0006771304655676027,0.0012449824301988385,0.0006309218820195748,False,7.160000000000004,True
5ef1,5ef3,5ef1,J,5ef3,J,67,3,False,True,True,False,False,True,67,67,True,0.0007012988862934631,0.001314090624304812,0.0006617161393954007,False,8.269999999999996,True
5ef1,5ef3,5ef1,B,5ef3,B,68,3,False,True,True,False,False,True,68,68,True,0.000710312607673408,0.0012221824999238537,0.000662979899705663,False,10.630000000000003,True
5ef1,5ef3,5ef1,E,5ef3,E,68,3,False,True,True,False,False,True,68,68,True,0.0007052844335878078,0.0013272077809725349,0.0006617623760793886,False,8.899999999999999,True
5ef1,5ef3,5ef1,H,5ef3,H,68,3,False,True,True,False,False,True,68,68,True,0.0007186527575906823,0.0012268452829269185,0.0006734149532792274,False,8.549999999999997,True
5ef1,5ef3,5ef1,I,5ef3,I,68,3,False,True,True,False,False,True,68,68,True,0.0007000936826476113,0.0012834613839766552,0.0006591150045980892,False,8.36,True
5ef1,5ef3,5ef1,K,5ef3,K,68,3,False,True,True,False,False,True,68,68,True,0.0007003322842386641,0.0013283916785550311,0.0006492756864449736,False,8.719999999999999,True
5ef1,5ef3,5ef1,A,5ef3,A,69,4,False,True,True,False,False,True,69,69,True,0.0006975221277873828,0.001193230710601646,0.000657950066135887,False,9.700000000000003,True
5ef1,5ef3,5ef1,C,5ef3,C,69,3,False,True,True,False,False,True,69,69,True,0.0007258249208183478,0.0013801745334145,0.0006817535843019277,False,7.899999999999999,True
5ef1,5ef3,5ef1,D,5ef3,D,69,3,False,True,True,False,False,True,69,69,True,0.0006916828355901652,0.001291004615426769,0.0006384861175003255,False,8.89,True
5ef1,5ef3,5ef1,M,5ef3,M,70,3,False,True,True,False,False,True,70,70,True,0.0006713858841624124,0.0011822206084421316,0.0006270404034585781,False,6.329999999999998,True
5ef1,5ef3,5ef1,N,5ef3,N,70,3,False,True,True,False,False,True,70,70,True,0.0007383838609377134,0.00136463833414005,0.000695280092877599,False,7.169999999999995,True
5ef1,5ef3,5ef1,O,5ef3,O,70,3,False,True,True,False,False,True,70,70,True,0.0007006339717677177,0.0013156070695648319,0.0006520046084951075,False,11.590000000000003,True
5ef1,5ef3,5ef1,P,5ef3,P,70,3,False,True,True,False,False,True,70,70,True,0.0007012144966723019,0.0012183033191523614,0.0006599522746227845,False,6.219999999999999,True
5ef1,5ef3,5ef1,Q,5ef3,Q,70,2,False,True,True,False,False,True,70,70,True,0.000726624594902386,0.001375823255563287,0.0006851973282223285,False,6.149999999999999,True
5ef1,5ef3,5ef1,R,5ef3,R,70,2,False,True,True,False,False,True,70,70,True,0.000712013582049391,0.0012583754112372935,0.0006718296586621526,False,8.14,True
5ef1,5ef3,5ef1,S,5ef3,S,70,2,False,True,True,False,False,True,70,70,True,0.0006934809279313903,0.0013083369278047985,0.0006468324947348535,False,8.399999999999999,True
5ef1,5ef3,5ef1,T,5ef3,T,70,3,False,True,True,False,False,True,70,70,True,0.000669307895318825,0.001222208122799012,0.0006206428767231261,False,7.649999999999999,True
5ef1,5ef3,5ef1,U,5ef3,U,70,2,False,True,True,False,False,True,70,70,True,0.0006857058662208808,0.0012748663027236297,0.0006372987121112297,False,9.010000000000005,True
5ef1,5ef3,5ef1,V,5ef3,V,70,3,False,True,True,False,False,True,70,70,True,0.0006955187847220943,0.0012669152422756698,0.0006520241800722854,False,9.68,True
5ef2,5ef3,5ef2,J,5ef3,J,67,3,False,True,True,False,False,True,67,67,True,0.0007208181740703373,0.001207450533474924,0.0006767101682221932,False,5.390000000000001,True
5ef2,5ef3,5ef2,B,5ef3,B,68,3,False,True,True,False,False,True,68,68,True,0.0007135119738884899,0.001258120241257156,0.000672782599949949,False,4.689999999999998,True
5ef2,5ef3,5ef2,E,5ef3,E,68,3,False,True,True,False,False,True,68,68,True,0.0007190798288980404,0.0012710945617117103,0.0006763453886955245,False,5.149999999999999,True
5ef2,5ef3,5ef2,H,5ef3,H,68,2,False,True,True,False,False,True,68,68,True,0.0007093864129612327,0.0012907257455969181,0.0006635054213594581,False,7.390000000000001,True
5ef2,5ef3,5ef2,I,5ef3,I,68,2,False,True,True,False,False,True,68,68,True,0.0006855245205298197,0.001269010556946352,0.0006403473279647376,False,5.359999999999999,True
5ef2,5ef3,5ef2,K,5ef3,K,68,3,False,True,True,False,False,True,68,68,True,0.000706103741520342,0.0014307284356553339,0.0006639308860561606,False,6.719999999999999,True
5ef2,5ef3,5ef2,A,5ef3,A,69,3,False,True,True,False,False,True,69,69,True,0.0006968159231755916,0.001328126129364593,0.0006471870718934335,False,5.630000000000003,True
5ef2,5ef3,5ef2,C,5ef3,C,69,2,False,True,True,False,False,True,69,69,True,0.0007198206594073791,0.0014801900688420824,0.0006758716369357724,False,6.599999999999998,True
5ef2,5ef3,5ef2,D,5ef3,D,69,2,False,True,True,False,False,True,69,69,True,0.0007285558276832971,0.0014712934953980295,0.0006745362948352516,False,5.5,True
5ef2,5ef3,5ef2,M,5ef3,M,70,3,False,True,True,False,False,True,70,70,True,0.0006983223709912665,0.0012810085008422704,0.0006523823635698842,False,6.0,True
5ef2,5ef3,5ef2,N,5ef3,N,70,3,False,True,True,False,False,True,70,70,True,0.0007245762561421854,0.0012686064169147152,0.0006849357627288922,False,6.909999999999997,True
5ef2,5ef3,5ef2,O,5ef3,O,70,3,False,True,True,False,False,True,70,70,True,0.0007274275680494613,0.0012774728510855289,0.0006814046928673665,False,5.609999999999999,True
5ef2,5ef3,5ef2,P,5ef3,P,70,3,False,True,True,False,False,True,70,70,True,0.000717801355633776,0.0012417742381489645,0.0006759124096818415,False,5.8600000000000065,True
5ef2,5ef3,5ef2,Q,5ef3,Q,70,2,False,True,True,False,False,True,70,70,True,0.0006961113178294825,0.0013199032693998187,0.0006491332274616504,False,4.979999999999997,True
5ef2,5ef3,5ef2,R,5ef3,R,70,3,False,True,True,False,False,True,70,70,True,0.0007119310761216386,0.001380360472839375,0.0006702570153946477,False,4.48,True
5ef2,5ef3,5ef2,S,5ef3,S,70,3,False,True,True,False,False,True,70,70,True,0.0006888947750567143,0.0013607269372269565,0.0006409592689389203,False,4.580000000000005,True
5ef2,5ef3,5ef2,T,5ef3,T,70,3,False,True,True,False,False,True,70,70,True,0.0007141898602040045,0.0013580630335141579,0.0006560121904250282,False,5.07,True
5ef2,5ef3,5ef2,U,5ef3,U,70,2,False,True,True,False,False,True,70,70,True,0.0006831287201953856,0.0011888317534156337,0.0006398128990688048,False,5.859999999999999,True
5ef2,5ef3,5ef2,V,5ef3,V,70,2,False,True,True,False,False,True,70,70,True,0.0006811022149963511,0.001211165187845253,0.0006382602774069185,False,6.18,True
5efk,6fms,5efk,B,6fms,E,1,10,True,,,,,,,,False,,,,,,
5efk,7axp,5efk,B,7axp,B,1,7,True,,,,,,,,False,,,,,,
5efk,7lkc,5efk,B,7lkc,A,1,8,True,,,,,,,,False,,,,,,
5efk,7nxe,5efk,B,7nxe,C,1,9,True,,,,,,,,False,,,,,,
5efk,8vld,5efk,B,8vld,A,1,9,True,,,,,,,,False,,,,,,
5etf,5nwk,5etf,B,5nwk,P,1,8,True,,,,,,,,False,,,,,,
5etf,5tdb,5etf,B,5tdb,B,1,7,True,,,,,,,,False,,,,,,
5etf,6fcs,5etf,B,6fcs,B,1,4,True,,,,,,,,False,,,,,,
5etf,6fvn,5etf,B,6fvn,D,1,7,True,,,,,,,,False,,,,,,
5etf,6fvn,5etf,B,6fvn,F,1,8,True,,,,,,,,False,,,,,,
5etf,6g8k,5etf,B,6g8k,B,1,4,True,,,,,,,,False,,,,,,
5etf,6wuu,5etf,B,6wuu,F,1,10,True,,,,,,,,False,,,,,,
5etf,8ano,5etf,B,8ano,G,1,9,True,,,,,,,,False,,,,,,
5etf,8sou,5etf,B,8sou,B,1,7,True,,,,,,,,False,,,,,,
5etf,8t5p,5etf,B,8t5p,I,1,8,True,,,,,,,,False,,,,,,
5etf,8vjw,5etf,B,8vjw,D,1,7,True,,,,,,,,False,,,,,,
5etf,8vjw,5etf,B,8vjw,F,1,7,True,,,,,,,,False,,,,,,
5etf,8vpe,5etf,B,8vpe,B,1,8,True,,,,,,,,False,,,,,,
5etf,8ysa,5etf,B,8ysa,B,1,7,True,,,,,,,,False,,,,,,
5gnd,5lrk,5gnd,B,5lrk,F,1,8,True,,,,,,,,False,,,,,,
5gnd,6m9c,5gnd,B,6m9c,B,1,7,True,,,,,,,,False,,,,,,
5gnd,6tsl,5gnd,B,6tsl,B,1,8,True,,,,,,,,False,,,,,,
5gnd,6whq,5gnd,B,6whq,F,1,5,True,,,,,,,,False,,,,,,
5gnd,6wuu,5gnd,B,6wuu,E,1,10,True,,,,,,,,False,,,,,,
5gnd,6wuu,5gnd,B,6wuu,G,1,8,True,,,,,,,,False,,,,,,
5gnd,6wuu,5gnd,B,6wuu,H,1,9,True,,,,,,,,False,,,,,,
5gnd,8aoo,5gnd,B,8aoo,G,1,10,True,,,,,,,,False,,,,,,
5gnd,8ti6,5gnd,B,8ti6,B,1,10,True,,,,,,,,False,,,,,,
5gnd,9emz,5gnd,B,9emz,E,1,7,True,,,,,,,,False,,,,,,
5gnd,9emz,5gnd,B,9emz,G,1,5,True,,,,,,,,False,,,,,,
5gnd,9emz,5gnd,B,9emz,H,1,8,True,,,,,,,,False,,,,,,
5gnd,9fxn,5gnd,B,9fxn,A,1,9,True,,,,,,,,False,,,,,,
5i5a,5jqs,5i5a,B,5jqs,B,1,4,True,,,,,,,,False,,,,,,
5i5a,5lrk,5i5a,B,5lrk,E,1,2,True,,,,,,,,False,,,,,,
5i5a,6phq,5i5a,B,6phq,A,1,2,True,,,,,,,,False,,,,,,
5i5a,8cis,5i5a,B,8cis,D,1,7,True,,,,,,,,False,,,,,,
5i5a,8hoo,5i5a,B,8hoo,C,1,10,True,,,,,,,,False,,,,,,
5i5a,9j3s,5i5a,B,9j3s,A,1,6,True,,,,,,,,False,,,,,,
5i5a,9j3s,5i5a,B,9j3s,D,1,4,True,,,,,,,,False,,,,,,
5jqs,5lrk,5jqs,B,5lrk,E,1,6,True,,,,,,,,False,,,,,,
5jqs,6phq,5jqs,B,6phq,A,1,6,True,,,,,,,,False,,,,,,
5jqs,8cis,5jqs,B,8cis,D,1,9,True,,,,,,,,False,,,,,,
5jqs,9emz,5jqs,B,9emz,H,1,10,True,,,,,,,,False,,,,,,
5jqs,9j3s,5jqs,B,9j3s,A,1,2,True,,,,,,,,False,,,,,,
5jqs,9j3s,5jqs,B,9j3s,D,1,6,True,,,,,,,,False,,,,,,
5lrk,6phq,5lrk,E,6phq,A,1,4,True,,,,,,,,False,,,,,,
5lrk,6whq,5lrk,F,6whq,F,1,3,True,,,,,,,,False,,,,,,
5lrk,8cis,5lrk,E,8cis,D,1,9,True,,,,,,,,False,,,,,,
5lrk,8cis,5lrk,F,8cis,D,1,7,True,,,,,,,,False,,,,,,
5lrk,9emz,5lrk,F,9emz,E,1,4,True,,,,,,,,False,,,,,,
5lrk,9emz,5lrk,F,9emz,H,1,9,True,,,,,,,,False,,,,,,
5lrk,9j3s,5lrk,E,9j3s,A,1,5,True,,,,,,,,False,,,,,,
5lrk,9j3s,5lrk,E,9j3s,D,1,6,True,,,,,,,,False,,,,,,
5m2h,6fbt,5m2h,A,6fbt,B,1,8,True,,,,,,,,False,,,,,,
5m2h,6ryo,5m2h,A,6ryo,B,1,10,True,,,,,,,,False,,,,,,
5m2h,7ltb,5m2h,A,7ltb,B,1,10,True,,,,,,,,False,,,,,,
5m2h,8hoo,5m2h,A,8hoo,D,1,10,True,,,,,,,,False,,,,,,
5m2k,9c2y,5m2k,A,9c2y,F,1,5,True,,,,,,,,False,,,,,,
5m2k,9c2y,5m2k,B,9c2y,F,1,6,True,,,,,,,,False,,,,,,
5mfk,5nwk,5mfk,D,5nwk,P,1,10,True,,,,,,,,False,,,,,,
5mfk,6ecf,5mfk,D,6ecf,H,1,10,True,,,,,,,,False,,,,,,
5mfk,6fvn,5mfk,D,6fvn,F,1,10,True,,,,,,,,False,,,,,,
5mfk,6ppm,5mfk,D,6ppm,L,1,7,True,,,,,,,,False,,,,,,
5mfk,6tdb,5mfk,D,6tdb,F,1,3,True,,,,,,,,False,,,,,,
5mfk,6wuu,5mfk,D,6wuu,F,1,8,True,,,,,,,,False,,,,,,
5mfk,7new,5mfk,D,7new,H,1,5,True,,,,,,,,False,,,,,,
5mfk,7u0e,5mfk,D,7u0e,C,1,3,True,,,,,,,,False,,,,,,
5mfk,8vpe,5mfk,D,8vpe,B,1,10,True,,,,,,,,False,,,,,,
5mfk,9ehn,5mfk,D,9ehn,C,1,10,True,,,,,,,,False,,,,,,
5n22,6x5r,5n22,H,6x5r,C,1,8,True,,,,,,,,False,,,,,,
5n8j,7qdi,5n8j,E,7qdi,B,1,10,True,,,,,,,,False,,,,,,
5nf0,6phm,5nf0,F,6phm,A,1,10,True,,,,,,,,False,,,,,,
5nqa,6rlz,5nqa,C,6rlz,D,1,10,True,,,,,,,,False,,,,,,
5nwk,5tdb,5nwk,P,5tdb,B,1,4,True,,,,,,,,False,,,,,,
5nwk,6fcs,5nwk,P,6fcs,B,1,6,True,,,,,,,,False,,,,,,
5nwk,6fvn,5nwk,P,6fvn,D,1,6,True,,,,,,,,False,,,,,,
5nwk,6fvn,5nwk,P,6fvn,F,1,1,True,,,,,,,,False,,,,,,
5nwk,6g8k,5nwk,P,6g8k,B,1,8,True,,,,,,,,False,,,,,,
5nwk,6tdb,5nwk,P,6tdb,F,1,9,True,,,,,,,,False,,,,,,
5nwk,6wuu,5nwk,P,6wuu,F,1,7,True,,,,,,,,False,,,,,,
5nwk,8vjw,5nwk,P,8vjw,F,1,2,True,,,,,,,,False,,,,,,
5nwk,8vpe,5nwk,P,8vpe,B,1,2,True,,,,,,,,False,,,,,,
5nwk,8ysa,5nwk,P,8ysa,B,1,3,True,,,,,,,,False,,,,,,
5nwk,9i24,5nwk,P,9i24,D,1,10,True,,,,,,,,False,,,,,,
5onj,6wo2,5onj,B,6wo2,C,1,10,True,,,,,,,,False,,,,,,
5svi,9qb1,5svi,D,9qb1,CA,1,9,True,,,,,,,,False,,,,,,
5svi,9qb1,5svi,D,9qb1,EA,1,9,True,,,,,,,,False,,,,,,
5tdb,6fcs,5tdb,B,6fcs,B,1,7,True,,,,,,,,False,,,,,,
5tdb,6fvn,5tdb,B,6fvn,D,1,10,True,,,,,,,,False,,,,,,
5tdb,6fvn,5tdb,B,6fvn,F,1,5,True,,,,,,,,False,,,,,,
5tdb,6g8k,5tdb,B,6g8k,B,1,6,True,,,,,,,,False,,,,,,
5tdb,6tdb,5tdb,B,6tdb,F,1,10,True,,,,,,,,False,,,,,,
5tdb,6wuu,5tdb,B,6wuu,F,1,7,True,,,,,,,,False,,,,,,
5tdb,8sou,5tdb,B,8sou,B,1,10,True,,,,,,,,False,,,,,,
5tdb,8vjw,5tdb,B,8vjw,F,1,6,True,,,,,,,,False,,,,,,
5tdb,8vpe,5tdb,B,8vpe,B,1,6,True,,,,,,,,False,,,,,,
5tdb,8ysa,5tdb,B,8ysa,B,1,7,True,,,,,,,,False,,,,,,
5wku,5wky,5wku,A,5wky,A,417,2,False,True,True,False,False,True,417,417,True,0.0005001081423870296,0.0008250712904627647,0.0004810740763242648,False,12.910000000000025,True
5wku,5wky,5wku,C,5wky,C,418,3,False,True,True,False,False,True,418,418,True,0.0005017062512618845,0.0008086242716745116,0.000482336802593427,False,12.910000000000025,True
5zis,5zlh,5zis,B,5zlh,B,449,3,False,True,True,False,False,True,449,449,True,0.0007072435518082473,0.0013970998523217119,0.0006637278127169808,False,76.47,True
5zis,5zlh,5zis,D,5zlh,D,451,3,False,True,True,False,False,True,451,451,True,0.0007176918892536968,0.0013893799000294937,0.0006703007889143857,False,76.47,True
6cl1,6yd2,6cl1,F,6yd2,B,1,8,True,,,,,,,,False,,,,,,
6df1,9j3s,6df1,C,9j3s,B,1,6,True,,,,,,,,False,,,,,,
6dvc,6tyf,6dvc,F,6tyf,I,174,2,False,True,True,False,False,True,174,174,True,0.0004977734308638148,0.0007963790845461469,0.00047708898089885625,False,74.14889000000001,True
6e2w,6e2y,6e2w,A,6e2y,A,327,4,False,True,True,False,False,True,327,327,True,0.0008809848457946198,0.0018526408542582965,0.0008155375485251505,False,50.11,True
6e8m,6fms,6e8m,B,6fms,H,1,2,True,,,,,,,,False,,,,,,
6e8m,6m9c,6e8m,B,6m9c,B,1,9,True,,,,,,,,False,,,,,,
6e8m,6tsl,6e8m,B,6tsl,B,1,9,True,,,,,,,,False,,,,,,
6e8m,6wuu,6e8m,B,6wuu,G,1,6,True,,,,,,,,False,,,,,,
6e8m,6wuu,6e8m,B,6wuu,H,1,5,True,,,,,,,,False,,,,,,
6e8m,7lfv,6e8m,B,7lfv,C,1,10,True,,,,,,,,False,,,,,,
6e8m,8ano,6e8m,B,8ano,G,1,5,True,,,,,,,,False,,,,,,
6e8m,8aoo,6e8m,B,8aoo,G,1,8,True,,,,,,,,False,,,,,,
6e8m,8pwp,6e8m,B,8pwp,A,1,10,True,,,,,,,,False,,,,,,
6e8m,8sou,6e8m,B,8sou,B,1,9,True,,,,,,,,False,,,,,,
6e8m,8t5p,6e8m,B,8t5p,I,1,10,True,,,,,,,,False,,,,,,
6e8m,8ti6,6e8m,B,8ti6,B,1,9,True,,,,,,,,False,,,,,,
6e8m,8vjw,6e8m,B,8vjw,D,1,5,True,,,,,,,,False,,,,,,
6e8m,9emz,6e8m,B,9emz,G,1,9,True,,,,,,,,False,,,,,,
6e8m,9fxn,6e8m,B,9fxn,A,1,8,True,,,,,,,,False,,,,,,
6ecd,9qby,6ecd,B,9qby,CA,1,10,True,,,,,,,,False,,,,,,
6ece,6ecf,6ece,C,6ecf,J,1,8,True,,,,,,,,False,,,,,,
6ece,6ecf,6ece,C,6ecf,K,1,3,True,,,,,,,,False,,,,,,
6ece,6l5z,6ece,C,6l5z,B,1,10,True,,,,,,,,False,,,,,,
6ece,9qby,6ece,C,9qby,CA,1,9,True,,,,,,,,False,,,,,,
6ecf,6l5z,6ecf,K,6l5z,B,1,9,True,,,,,,,,False,,,,,,
6ecf,6l5z,6ecf,L,6l5z,B,1,8,True,,,,,,,,False,,,,,,
6ecf,6m9d,6ecf,K,6m9d,B,1,10,True,,,,,,,,False,,,,,,
6ecf,6m9d,6ecf,L,6m9d,B,1,8,True,,,,,,,,False,,,,,,
6ecf,6ppm,6ecf,H,6ppm,L,1,9,True,,,,,,,,False,,,,,,
6ecf,6ppm,6ecf,I,6ppm,L,1,10,True,,,,,,,,False,,,,,,
6ecf,6psa,6ecf,H,6psa,A,1,9,True,,,,,,,,False,,,,,,
6ecf,6psa,6ecf,I,6psa,A,1,8,True,,,,,,,,False,,,,,,
6ecf,6pt2,6ecf,L,6pt2,D,1,6,True,,,,,,,,False,,,,,,
6ecf,6s7g,6ecf,H,6s7g,H,1,6,True,,,,,,,,False,,,,,,
6ecf,6s7g,6ecf,I,6s7g,H,1,7,True,,,,,,,,False,,,,,,
6ecf,6tdb,6ecf,H,6tdb,F,1,9,True,,,,,,,,False,,,,,,
6ecf,6wi3,6ecf,L,6wi3,D,1,8,True,,,,,,,,False,,,,,,
6ecf,7new,6ecf,H,7new,H,1,5,True,,,,,,,,False,,,,,,
6ecf,7new,6ecf,I,7new,H,1,8,True,,,,,,,,False,,,,,,
6ecf,7oyq,6ecf,J,7oyq,B,1,10,True,,,,,,,,False,,,,,,
6ecf,7rxf,6ecf,J,7rxf,A,1,9,True,,,,,,,,False,,,,,,
6ecf,7u0e,6ecf,H,7u0e,C,1,7,True,,,,,,,,False,,,,,,
6ecf,7u0e,6ecf,I,7u0e,C,1,8,True,,,,,,,,False,,,,,,
6ecf,7z3u,6ecf,H,7z3u,D,1,8,True,,,,,,,,False,,,,,,
6ecf,7z3u,6ecf,I,7z3u,D,1,7,True,,,,,,,,False,,,,,,
6ecf,8i82,6ecf,L,8i82,C,1,10,True,,,,,,,,False,,,,,,
6ecf,8i84,6ecf,J,8i84,C,1,6,True,,,,,,,,False,,,,,,
6ecf,8i8g,6ecf,L,8i8g,C,1,3,True,,,,,,,,False,,,,,,
6ecf,8s9z,6ecf,H,8s9z,B,1,9,True,,,,,,,,False,,,,,,
6ecf,8s9z,6ecf,I,8s9z,B,1,8,True,,,,,,,,False,,,,,,
6ecf,8v2n,6ecf,L,8v2n,B,1,4,True,,,,,,,,False,,,,,,
6ecf,9c2y,6ecf,G,9c2y,H,1,10,True,,,,,,,,False,,,,,,
6ecf,9ehn,6ecf,I,9ehn,C,1,10,True,,,,,,,,False,,,,,,
6ecf,9qb1,6ecf,G,9qb1,HA,1,10,True,,,,,,,,False,,,,,,
6ecf,9qby,6ecf,J,9qby,CA,1,10,True,,,,,,,,False,,,,,,
6ecf,9qby,6ecf,K,9qby,CA,1,10,True,,,,,,,,False,,,,,,
6fbt,6ryo,6fbt,B,6ryo,B,1,7,True,,,,,,,,False,,,,,,
6fcr,6mw2,6fcr,B,6mw2,A,1,1,True,,,,,,,,False,,,,,,
6fcr,7q4t,6fcr,B,7q4t,B,1,9,True,,,,,,,,False,,,,,,
6fcr,9qby,6fcr,B,9qby,DA,1,10,True,,,,,,,,False,,,,,,
6fcs,6fvn,6fcs,B,6fvn,D,1,6,True,,,,,,,,False,,,,,,
6fcs,6fvn,6fcs,B,6fvn,F,1,7,True,,,,,,,,False,,,,,,
6fcs,6g8k,6fcs,B,6g8k,B,1,7,True,,,,,,,,False,,,,,,
6fcs,6wuu,6fcs,B,6wuu,F,1,7,True,,,,,,,,False,,,,,,
6fcs,8t5p,6fcs,B,8t5p,I,1,9,True,,,,,,,,False,,,,,,
6fcs,8vjw,6fcs,B,8vjw,D,1,10,True,,,,,,,,False,,,,,,
6fcs,8vjw,6fcs,B,8vjw,F,1,8,True,,,,,,,,False,,,,,,
6fcs,8vpe,6fcs,B,8vpe,B,1,5,True,,,,,,,,False,,,,,,
6fcs,8ysa,6fcs,B,8ysa,B,1,9,True,,,,,,,,False,,,,,,
6fms,6m9c,6fms,H,6m9c,B,1,10,True,,,,,,,,False,,,,,,
6fms,6tsl,6fms,H,6tsl,B,1,7,True,,,,,,,,False,,,,,,
6fms,6wuu,6fms,H,6wuu,G,1,7,True,,,,,,,,False,,,,,,
6fms,6wuu,6fms,H,6wuu,H,1,6,True,,,,,,,,False,,,,,,
6fms,7axp,6fms,E,7axp,B,1,5,True,,,,,,,,False,,,,,,
6fms,7axp,6fms,F,7axp,B,1,5,True,,,,,,,,False,,,,,,
6fms,7axp,6fms,G,7axp,B,1,5,True,,,,,,,,False,,,,,,
6fms,7nxe,6fms,E,7nxe,C,1,8,True,,,,,,,,False,,,,,,
6fms,7nxe,6fms,F,7nxe,C,1,8,True,,,,,,,,False,,,,,,
6fms,7nxe,6fms,G,7nxe,C,1,9,True,,,,,,,,False,,,,,,
6fms,8ano,6fms,H,8ano,G,1,3,True,,,,,,,,False,,,,,,
6fms,8aoo,6fms,H,8aoo,G,1,6,True,,,,,,,,False,,,,,,
6fms,8pwp,6fms,H,8pwp,A,1,8,True,,,,,,,,False,,,,,,
6fms,8sou,6fms,H,8sou,B,1,8,True,,,,,,,,False,,,,,,
6fms,8ti6,6fms,H,8ti6,B,1,8,True,,,,,,,,False,,,,,,
6fms,8vjw,6fms,H,8vjw,D,1,4,True,,,,,,,,False,,,,,,
6fms,9emz,6fms,H,9emz,G,1,10,True,,,,,,,,False,,,,,,
6fms,9fxn,6fms,H,9fxn,A,1,6,True,,,,,,,,False,,,,,,
6fvn,6g8k,6fvn,D,6g8k,B,1,10,True,,,,,,,,False,,,,,,
6fvn,6g8k,6fvn,F,6g8k,B,1,9,True,,,,,,,,False,,,,,,
6fvn,6tdb,6fvn,D,6tdb,F,1,10,True,,,,,,,,False,,,,,,
6fvn,6tdb,6fvn,F,6tdb,F,1,9,True,,,,,,,,False,,,,,,
6fvn,6wuu,6fvn,D,6wuu,F,1,7,True,,,,,,,,False,,,,,,
6fvn,6wuu,6fvn,F,6wuu,F,1,8,True,,,,,,,,False,,,,,,
6fvn,8vjw,6fvn,D,8vjw,F,1,5,True,,,,,,,,False,,,,,,
6fvn,8vjw,6fvn,F,8vjw,F,1,2,True,,,,,,,,False,,,,,,
6fvn,8vpe,6fvn,D,8vpe,B,1,4,True,,,,,,,,False,,,,,,
6fvn,8vpe,6fvn,F,8vpe,B,1,3,True,,,,,,,,False,,,,,,
6fvn,8ysa,6fvn,D,8ysa,B,1,4,True,,,,,,,,False,,,,,,
6fvn,8ysa,6fvn,F,8ysa,B,1,3,True,,,,,,,,False,,,,,,
6fvn,9ex5,6fvn,D,9ex5,E,1,10,True,,,,,,,,False,,,,,,
6fvn,9i24,6fvn,D,9i24,D,1,10,True,,,,,,,,False,,,,,,
6fvn,9i24,6fvn,F,9i24,D,1,9,True,,,,,,,,False,,,,,,
6g8k,6wuu,6g8k,B,6wuu,F,1,9,True,,,,,,,,False,,,,,,
6g8k,8ano,6g8k,B,8ano,G,1,10,True,,,,,,,,False,,,,,,
6g8k,8pwp,6g8k,B,8pwp,A,1,9,True,,,,,,,,False,,,,,,
6g8k,8sou,6g8k,B,8sou,B,1,10,True,,,,,,,,False,,,,,,
6g8k,8vjw,6g8k,B,8vjw,D,1,8,True,,,,,,,,False,,,,,,
6g8k,8vjw,6g8k,B,8vjw,F,1,10,True,,,,,,,,False,,,,,,
6g8k,8vpe,6g8k,B,8vpe,B,1,7,True,,,,,,,,False,,,,,,
6j5p,6j5q,6j5p,A,6j5q,A,246,1,False,True,True,False,False,True,246,246,True,0.0004893430699785037,0.0007855864622540037,0.0004768415688854055,False,0.3200000000000003,True
6l5z,8i8g,6l5z,B,8i8g,C,1,8,True,,,,,,,,False,,,,,,
6m5e,6pt2,6m5e,H,6pt2,C,1,4,True,,,,,,,,False,,,,,,
6m5e,6xif,6m5e,G,6xif,C,1,9,True,,,,,,,,False,,,,,,
6m5e,7ltb,6m5e,H,7ltb,B,1,9,True,,,,,,,,False,,,,,,
6m5e,8hoo,6m5e,H,8hoo,D,1,7,True,,,,,,,,False,,,,,,
6m9c,6tsl,6m9c,B,6tsl,B,1,9,True,,,,,,,,False,,,,,,
6m9c,6whq,6m9c,B,6whq,F,1,9,True,,,,,,,,False,,,,,,
6m9c,6wuu,6m9c,B,6wuu,H,1,7,True,,,,,,,,False,,,,,,
6m9c,8aoo,6m9c,B,8aoo,G,1,8,True,,,,,,,,False,,,,,,
6m9c,8cis,6m9c,B,8cis,D,1,8,True,,,,,,,,False,,,,,,
6m9c,9emz,6m9c,B,9emz,E,1,7,True,,,,,,,,False,,,,,,
6m9c,9emz,6m9c,B,9emz,G,1,2,True,,,,,,,,False,,,,,,
6m9c,9fxn,6m9c,B,9fxn,A,1,5,True,,,,,,,,False,,,,,,
6m9d,6uf4,6m9d,B,6uf4,B,1,9,True,,,,,,,,False,,,,,,
6m9d,7ofv,6m9d,B,7ofv,B,1,10,True,,,,,,,,False,,,,,,
6m9d,8i8g,6m9d,B,8i8g,C,1,8,True,,,,,,,,False,,,,,,
6m9d,8v2n,6m9d,B,8v2n,B,1,9,True,,,,,,,,False,,,,,,
6mw2,6ppm,6mw2,A,6ppm,L,1,10,True,,,,,,,,False,,,,,,
6mw2,7q4t,6mw2,A,7q4t,B,1,8,True,,,,,,,,False,,,,,,
6phm,8vld,6phm,A,8vld,A,1,10,True,,,,,,,,False,,,,,,
6phq,8cis,6phq,A,8cis,D,1,6,True,,,,,,,,False,,,,,,
6phq,8hoo,6phq,A,8hoo,C,1,8,True,,,,,,,,False,,,,,,
6phq,9emz,6phq,A,9emz,E,1,10,True,,,,,,,,False,,,,,,
6phq,9emz,6phq,A,9emz,H,1,10,True,,,,,,,,False,,,,,,
6phq,9j3s,6phq,A,9j3s,A,1,5,True,,,,,,,,False,,,,,,
6phq,9j3s,6phq,A,9j3s,D,1,3,True,,,,,,,,False,,,,,,
6ppm,6psa,6ppm,L,6psa,A,1,10,True,,,,,,,,False,,,,,,
6ppm,6s7g,6ppm,L,6s7g,H,1,4,True,,,,,,,,False,,,,,,
6ppm,6tdb,6ppm,L,6tdb,F,1,8,True,,,,,,,,False,,,,,,
6ppm,7new,6ppm,L,7new,H,1,5,True,,,,,,,,False,,,,,,
6ppm,7q4t,6ppm,L,7q4t,B,1,8,True,,,,,,,,False,,,,,,
6ppm,7u0e,6ppm,L,7u0e,C,1,5,True,,,,,,,,False,,,,,,
6ppm,8s9z,6ppm,L,8s9z,B,1,8,True,,,,,,,,False,,,,,,
6ppm,9ehn,6ppm,L,9ehn,C,1,9,True,,,,,,,,False,,,,,,
6psa,6s7g,6psa,A,6s7g,H,1,7,True,,,,,,,,False,,,,,,
6psa,7ms1,6psa,A,7ms1,A,1,9,True,,,,,,,,False,,,,,,
6psa,7new,6psa,A,7new,H,1,10,True,,,,,,,,False,,,,,,
6psa,7u0e,6psa,A,7u0e,C,1,10,True,,,,,,,,False,,,,,,
6psa,7z3u,6psa,A,7z3u,D,1,8,True,,,,,,,,False,,,,,,
6psa,8s9z,6psa,A,8s9z,B,1,2,True,,,,,,,,False,,,,,,
6psa,8vld,6psa,A,8vld,B,1,9,True,,,,,,,,False,,,,,,
6psa,9ehn,6psa,A,9ehn,C,1,6,True,,,,,,,,False,,,,,,
6psa,9emz,6psa,A,9emz,F,1,9,True,,,,,,,,False,,,,,,
6pt2,7ms1,6pt2,D,7ms1,A,1,9,True,,,,,,,,False,,,,,,
6pt2,8hoo,6pt2,C,8hoo,D,1,7,True,,,,,,,,False,,,,,,
6pt2,8i8g,6pt2,D,8i8g,C,1,6,True,,,,,,,,False,,,,,,
6pt2,8v2n,6pt2,D,8v2n,B,1,9,True,,,,,,,,False,,,,,,
6pt2,8vld,6pt2,D,8vld,B,1,10,True,,,,,,,,False,,,,,,
6ryo,6tch,6ryo,B,6tch,B,1,6,True,,,,,,,,False,,,,,,
6ryo,8hoo,6ryo,B,8hoo,D,1,9,True,,,,,,,,False,,,,,,
6s7g,7ms1,6s7g,H,7ms1,A,1,10,True,,,,,,,,False,,,,,,
6s7g,7new,6s7g,H,7new,H,1,9,True,,,,,,,,False,,,,,,
6s7g,7q4t,6s7g,H,7q4t,B,1,5,True,,,,,,,,False,,,,,,
6s7g,7u0e,6s7g,H,7u0e,C,1,9,True,,,,,,,,False,,,,,,
6s7g,8s9z,6s7g,H,8s9z,B,1,5,True,,,,,,,,False,,,,,,
6s7g,8vld,6s7g,H,8vld,B,1,10,True,,,,,,,,False,,,,,,
6s7g,9ehn,6s7g,H,9ehn,C,1,7,True,,,,,,,,False,,,,,,
6tdb,6wuu,6tdb,F,6wuu,F,1,7,True,,,,,,,,False,,,,,,
6tdb,7new,6tdb,F,7new,H,1,4,True,,,,,,,,False,,,,,,
6tdb,7u0e,6tdb,F,7u0e,C,1,3,True,,,,,,,,False,,,,,,
6tdb,8vjw,6tdb,F,8vjw,F,1,10,True,,,,,,,,False,,,,,,
6tdb,8vpe,6tdb,F,8vpe,B,1,9,True,,,,,,,,False,,,,,,
6tdb,9qbe,6tdb,F,9qbe,EA,1,10,True,,,,,,,,False,,,,,,
6tsl,6wuu,6tsl,B,6wuu,G,1,9,True,,,,,,,,False,,,,,,
6tsl,8ano,6tsl,B,8ano,G,1,8,True,,,,,,,,False,,,,,,
6tsl,8aoo,6tsl,B,8aoo,G,1,6,True,,,,,,,,False,,,,,,
6tsl,8ti6,6tsl,B,8ti6,B,1,4,True,,,,,,,,False,,,,,,
6tsl,8vjw,6tsl,B,8vjw,D,1,10,True,,,,,,,,False,,,,,,
6tsl,9emz,6tsl,B,9emz,G,1,8,True,,,,,,,,False,,,,,,
6tsl,9ex5,6tsl,B,9ex5,I,1,9,True,,,,,,,,False,,,,,,
6tsl,9fxn,6tsl,B,9fxn,A,1,10,True,,,,,,,,False,,,,,,
6ucw,6yi1,6ucw,A,6yi1,E,1,10,True,,,,,,,,False,,,,,,
6ucw,7f0f,6ucw,A,7f0f,B,1,8,True,,,,,,,,False,,,,,,
6ucw,7oyq,6ucw,A,7oyq,B,1,9,True,,,,,,,,False,,,,,,
6ucw,8hor,6ucw,A,8hor,C,1,2,True,,,,,,,,False,,,,,,
6uf4,6wo2,6uf4,B,6wo2,D,1,8,True,,,,,,,,False,,,,,,
6whq,7lkc,6whq,F,7lkc,B,1,9,True,,,,,,,,False,,,,,,
6whq,8cis,6whq,F,8cis,D,1,8,True,,,,,,,,False,,,,,,
6whq,9emz,6whq,F,9emz,E,1,4,True,,,,,,,,False,,,,,,
6whq,9emz,6whq,F,9emz,G,1,8,True,,,,,,,,False,,,,,,
6whq,9emz,6whq,F,9emz,H,1,10,True,,,,,,,,False,,,,,,
6wi3,8i82,6wi3,D,8i82,C,1,4,True,,,,,,,,False,,,,,,
6wi3,8i8g,6wi3,D,8i8g,C,1,8,True,,,,,,,,False,,,,,,
6wi3,8v2n,6wi3,D,8v2n,B,1,7,True,,,,,,,,False,,,,,,
6wi3,8vld,6wi3,D,8vld,B,1,8,True,,,,,,,,False,,,,,,
6wo2,7f0c,6wo2,D,7f0c,B,1,8,True,,,,,,,,False,,,,,,
6wo2,9qby,6wo2,D,9qby,FA,1,10,True,,,,,,,,False,,,,,,
6wuu,7lkc,6wuu,E,7lkc,B,1,5,True,,,,,,,,False,,,,,,
6wuu,7new,6wuu,F,7new,H,1,10,True,,,,,,,,False,,,,,,
6wuu,7u0e,6wuu,F,7u0e,C,1,10,True,,,,,,,,False,,,,,,
6wuu,8ano,6wuu,G,8ano,G,1,9,True,,,,,,,,False,,,,,,
6wuu,8ano,6wuu,H,8ano,G,1,8,True,,,,,,,,False,,,,,,
6wuu,8aoo,6wuu,G,8aoo,G,1,8,True,,,,,,,,False,,,,,,
6wuu,8aoo,6wuu,H,8aoo,G,1,10,True,,,,,,,,False,,,,,,
6wuu,8hoo,6wuu,E,8hoo,C,1,9,True,,,,,,,,False,,,,,,
6wuu,8ti6,6wuu,G,8ti6,B,1,9,True,,,,,,,,False,,,,,,
6wuu,8vjw,6wuu,F,8vjw,F,1,9,True,,,,,,,,False,,,,,,
6wuu,8vjw,6wuu,H,8vjw,D,1,10,True,,,,,,,,False,,,,,,
6wuu,8vpe,6wuu,F,8vpe,B,1,6,True,,,,,,,,False,,,,,,
6wuu,8ysa,6wuu,F,8ysa,B,1,10,True,,,,,,,,False,,,,,,
6wuu,9emz,6wuu,E,9emz,E,1,8,True,,,,,,,,False,,,,,,
6wuu,9emz,6wuu,E,9emz,H,1,6,True,,,,,,,,False,,,,,,
6wuu,9emz,6wuu,G,9emz,G,1,10,True,,,,,,,,False,,,,,,
6wuu,9emz,6wuu,H,9emz,G,1,6,True,,,,,,,,False,,,,,,
6wuu,9ex5,6wuu,G,9ex5,I,1,7,True,,,,,,,,False,,,,,,
6wuu,9fxn,6wuu,H,9fxn,A,1,7,True,,,,,,,,False,,,,,,
6wx4,7z3u,6wx4,B,7z3u,D,1,7,True,,,,,,,,False,,,,,,
6wx4,9i24,6wx4,B,9i24,D,1,9,True,,,,,,,,False,,,,,,
6xbg,7lfv,6xbg,D,7lfv,C,1,9,True,,,,,,,,False,,,,,,
6xbg,8vjd,6xbg,D,8vjd,C,1,5,True,,,,,,,,False,,,,,,
6xbh,8hoq,6xbh,B,8hoq,C,1,8,True,,,,,,,,False,,,,,,
6yd2,9qb1,6yd2,B,9qb1,FA,1,10,True,,,,,,,,False,,,,,,
6yi1,7oyq,6yi1,E,7oyq,B,1,4,True,,,,,,,,False,,,,,,
6yi1,7rxf,6yi1,E,7rxf,A,1,9,True,,,,,,,,False,,,,,,
6yi1,7zb0,6yi1,E,7zb0,G,1,5,True,,,,,,,,False,,,,,,
6yi1,8hor,6yi1,E,8hor,C,1,9,True,,,,,,,,False,,,,,,
6yi1,8i84,6yi1,E,8i84,C,1,10,True,,,,,,,,False,,,,,,
6yi1,9qby,6yi1,E,9qby,FA,1,10,True,,,,,,,,False,,,,,,
6zhw,6zi6,6zhw,B,6zi6,B,257,1,False,True,True,False,False,True,258,258,False,,,,,,
6zhw,6zi6,6zhw,A,6zi6,A,332,1,False,True,True,False,False,True,332,332,True,7.1594403057961496e-06,1.3007213917889488e-05,6.710519508546484e-06,False,4.519999999999996,True
6zhw,6zi9,6zhw,B,6zi9,B,257,1,False,True,True,False,False,True,258,258,False,,,,,,
6zhw,6zi9,6zhw,A,6zi9,A,332,1,False,True,True,False,False,True,332,332,True,6.888021620669528e-06,1.3929709058608074e-05,6.425202875151663e-06,False,4.8700000000000045,True
6zhw,6zia,6zhw,B,6zia,B,257,1,False,True,True,False,False,True,258,258,False,,,,,,
6zhw,6zia,6zhw,A,6zia,A,332,1,False,True,True,False,False,True,332,332,True,7.20280410503292e-06,1.3164891468225483e-05,6.773779305432208e-06,False,9.210000000000008,True
6zhw,6zid,6zhw,B,6zid,B,257,1,False,True,True,False,False,True,258,258,False,,,,,,
6zhw,6zid,6zhw,A,6zid,A,332,1,False,True,True,False,False,True,332,332,True,7.124822409996442e-06,1.4032561432163925e-05,6.668273431597485e-06,False,23.189999999999998,True
6zi4,6zi5,6zi4,B,6zi5,B,257,1,False,True,True,False,False,True,258,258,False,,,,,,
6zi4,6zi5,6zi4,A,6zi5,A,332,1,False,True,True,False,False,True,332,332,True,7.034235612065925e-06,1.4494452987611746e-05,6.568627079615334e-06,False,20.440000000000012,True
6zi6,6zi9,6zi6,B,6zi9,B,257,1,False,True,True,False,False,True,258,258,False,,,,,,
6zi6,6zi9,6zi6,A,6zi9,A,332,1,False,True,True,False,False,True,332,332,True,7.048694993306996e-06,1.3062429867745706e-05,6.570942119272919e-06,False,4.989999999999995,True
6zi6,6zia,6zi6,B,6zia,B,257,1,False,True,True,False,False,True,258,258,False,,,,,,
6zi6,6zia,6zi6,A,6zia,A,332,1,False,True,True,False,False,True,332,332,True,7.128403719991864e-06,1.3801741809906954e-05,6.656427962492154e-06,False,8.420000000000002,True
6zi6,6zid,6zi6,B,6zid,B,257,1,False,True,True,False,False,True,258,258,False,,,,,,
6zi6,6zid,6zi6,A,6zid,A,332,1,False,True,True,False,False,True,332,332,True,7.101259357171462e-06,1.390933449365902e-05,6.622808312372152e-06,False,22.789999999999992,True
6zi9,6zia,6zi9,B,6zia,B,257,1,False,True,True,False,False,True,258,258,False,,,,,,
6zi9,6zia,6zi9,A,6zia,A,332,1,False,True,True,False,False,True,332,332,True,7.097061676961775e-06,1.3811991496119784e-05,6.643467647514102e-06,False,8.450000000000003,True
6zi9,6zid,6zi9,B,6zid,B,257,1,False,True,True,False,False,True,258,258,False,,,,,,
6zi9,6zid,6zi9,A,6zid,A,332,1,False,True,True,False,False,True,332,332,True,7.025832412765431e-06,1.4333694074826811e-05,6.55989172774654e-06,False,21.00999999999999,True
6zia,6zid,6zia,B,6zid,B,257,1,False,True,True,False,False,True,258,258,False,,,,,,
6zia,6zid,6zia,A,6zid,A,332,1,False,True,True,False,False,True,332,332,True,7.084053391325797e-06,1.4183757908792109e-05,6.647722859429436e-06,False,20.67,True
6zve,9qb1,6zve,B,9qb1,EA,1,8,True,,,,,,,,False,,,,,,
6zve,9qb1,6zve,B,9qb1,FA,1,10,True,,,,,,,,False,,,,,,
7ajz,7zb0,7ajz,C,7zb0,G,1,9,True,,,,,,,,False,,,,,,
7axp,7lkc,7axp,B,7lkc,A,1,8,True,,,,,,,,False,,,,,,
7axp,8vld,7axp,B,8vld,A,1,9,True,,,,,,,,False,,,,,,
7axx,8g82,7axx,B,8g82,C,1,9,True,,,,,,,,False,,,,,,
7axx,8g82,7axx,B,8g82,I,1,10,True,,,,,,,,False,,,,,,
7f0f,8hor,7f0f,B,8hor,C,1,7,True,,,,,,,,False,,,,,,
7f4m,7f4n,7f4m,E,7f4n,E,25,2,False,True,True,False,False,True,25,25,True,0.00044495069703143626,0.0007013505983539361,0.00042628146045754024,False,23.380000000000003,True
7f4m,7f4n,7f4m,A,7f4n,A,130,3,False,True,True,False,False,True,130,130,True,0.0005033325138060718,0.0008119653197586409,0.00048561600030532084,False,50.08999999999999,True
7gue,7guf,7gue,B,7guf,B,3,9,False,True,True,False,False,True,3,3,True,0.004720734124821076,0.005974813475826308,0.004612938108820553,False,1.25,True
7gvb,7gve,7gvb,B,7gve,B,3,10,False,True,True,False,False,True,3,3,True,0.01236912358717055,0.02025665616483443,0.011159717472959374,False,3.0699999999999967,True
7gvc,7gvg,7gvc,B,7gvg,B,3,10,False,True,True,False,False,True,3,3,True,0.009335698523189983,0.01288011445997721,0.008867463208751581,False,3.66,True
7gvf,7gvg,7gvf,B,7gvg,B,3,10,False,True,True,False,False,True,3,3,True,0.008481246594763086,0.014644921438071366,0.007900168280235136,False,1.2199999999999989,True
7gvr,7gvz,7gvr,B,7gvz,B,3,9,False,True,True,False,False,True,3,3,True,0.005134615034196186,0.00793599258542591,0.004802535340361825,False,4.490000000000002,True
7gvv,7gvx,7gvv,B,7gvx,B,3,10,False,True,True,False,False,True,3,3,True,0.008167899271687795,0.01101867228901994,0.007783547423056427,False,0.6599999999999966,True
7gw3,7gw4,7gw3,B,7gw4,B,3,10,False,True,True,False,False,True,3,3,True,0.008199547438891236,0.012159434918541224,0.007647145242180813,False,1.8399999999999999,True
7gw4,7gw6,7gw4,B,7gw6,B,3,9,False,True,True,False,False,True,3,3,True,0.004617501542431392,0.006370873893525599,0.004279321288149544,False,2.240000000000002,True
7gw6,7gw7,7gw6,B,7gw7,B,3,10,False,True,True,False,False,True,3,3,True,0.004342092930238277,0.007147151976280544,0.0041684557158312005,False,0.5899999999999999,True
7gwb,7gwf,7gwb,B,7gwf,B,3,10,False,True,True,False,False,True,3,3,True,0.007124774938657887,0.009765972150264307,0.006613077753258037,False,4.619999999999997,True
7gwm,7gxb,7gwm,B,7gxb,B,3,9,False,True,True,False,False,True,3,3,True,0.008872877372951296,0.011704518057769987,0.008524506588552104,False,8.489999999999998,True
7gwy,7gx2,7gwy,B,7gx2,B,3,9,False,True,True,False,False,True,3,3,True,0.005768625379303835,0.010235832463847695,0.005297633741251227,False,4.18,True
7gx1,7gx9,7gx1,B,7gx9,B,3,10,False,True,True,False,False,True,3,3,True,0.008269729164546245,0.013152821079437327,0.007597202707448287,False,1.9199999999999982,True
7gxe,7gxf,7gxe,B,7gxf,B,3,8,False,True,True,False,False,True,3,3,True,0.009005992570698307,0.015530691714422422,0.008013951857496388,False,0.7000000000000028,True
7gxh,7gxn,7gxh,B,7gxn,B,3,9,False,True,True,False,False,True,3,3,True,0.013704084900471149,0.02193122278686523,0.012748596345146995,False,3.719999999999999,True
7gxs,7gxu,7gxs,B,7gxu,B,3,10,False,True,True,False,False,True,3,3,True,0.009344282160036105,0.01505743896472065,0.008687832402922273,False,2.240000000000002,True
7lfv,8pwp,7lfv,C,8pwp,A,1,8,True,,,,,,,,False,,,,,,
7lfv,8sou,7lfv,C,8sou,B,1,7,True,,,,,,,,False,,,,,,
7lfv,8vjw,7lfv,C,8vjw,D,1,9,True,,,,,,,,False,,,,,,
7lfv,9fxn,7lfv,C,9fxn,A,1,10,True,,,,,,,,False,,,,,,
7lkc,8hoo,7lkc,A,8hoo,D,1,10,True,,,,,,,,False,,,,,,
7lkc,8vld,7lkc,A,8vld,A,1,3,True,,,,,,,,False,,,,,,
7lkc,9emz,7lkc,B,9emz,H,1,10,True,,,,,,,,False,,,,,,
7m2p,8tqu,7m2p,B,8tqu,B,1,8,True,,,,,,,,False,,,,,,
7m2p,9qbe,7m2p,B,9qbe,CA,1,4,True,,,,,,,,False,,,,,,
7m2p,9qdf,7m2p,B,9qdf,FA,1,9,True,,,,,,,,False,,,,,,
7ms1,8s9z,7ms1,A,8s9z,B,1,10,True,,,,,,,,False,,,,,,
7ms1,8vld,7ms1,A,8vld,B,1,8,True,,,,,,,,False,,,,,,
7ms1,9qbe,7ms1,A,9qbe,DA,1,8,True,,,,,,,,False,,,,,,
7new,7u0e,7new,H,7u0e,C,1,2,True,,,,,,,,False,,,,,,
7new,7z3u,7new,H,7z3u,D,1,10,True,,,,,,,,False,,,,,,
7new,8s9z,7new,H,8s9z,B,1,9,True,,,,,,,,False,,,,,,
7new,9ehn,7new,H,9ehn,C,1,8,True,,,,,,,,False,,,,,,
7ofv,8hoq,7ofv,B,8hoq,D,1,9,True,,,,,,,,False,,,,,,
7ofv,9qbe,7ofv,B,9qbe,FA,1,5,True,,,,,,,,False,,,,,,
7oyq,7rxf,7oyq,B,7rxf,A,1,10,True,,,,,,,,False,,,,,,
7oyq,7zb0,7oyq,B,7zb0,G,1,8,True,,,,,,,,False,,,,,,
7oyq,8hor,7oyq,B,8hor,C,1,10,True,,,,,,,,False,,,,,,
7oyq,8i84,7oyq,B,8i84,C,1,7,True,,,,,,,,False,,,,,,
7oyq,9qby,7oyq,B,9qby,CA,1,10,True,,,,,,,,False,,,,,,
7oyq,9qby,7oyq,B,9qby,FA,1,6,True,,,,,,,,False,,,,,,
7q4t,8s9z,7q4t,B,8s9z,B,1,10,True,,,,,,,,False,,,,,,
7q4t,8vld,7q4t,B,8vld,B,1,6,True,,,,,,,,False,,,,,,
7qdi,8c3d,7qdi,B,8c3d,B,1,10,True,,,,,,,,False,,,,,,
7rxf,8i84,7rxf,A,8i84,C,1,3,True,,,,,,,,False,,,,,,
7u0e,8s9z,7u0e,C,8s9z,B,1,9,True,,,,,,,,False,,,,,,
7u0e,9ehn,7u0e,C,9ehn,C,1,8,True,,,,,,,,False,,,,,,
7z3u,8s9z,7z3u,D,8s9z,B,1,7,True,,,,,,,,False,,,,,,
7z3u,9ehn,7z3u,D,9ehn,C,1,10,True,,,,,,,,False,,,,,,
7zb0,8v2n,7zb0,E,8v2n,B,1,10,True,,,,,,,,False,,,,,,
8ano,8aoo,8ano,G,8aoo,G,1,6,True,,,,,,,,False,,,,,,
8ano,8sou,8ano,G,8sou,B,1,8,True,,,,,,,,False,,,,,,
8ano,8t5p,8ano,G,8t5p,I,1,9,True,,,,,,,,False,,,,,,
8ano,8ti6,8ano,G,8ti6,B,1,10,True,,,,,,,,False,,,,,,
8ano,8vjw,8ano,G,8vjw,D,1,6,True,,,,,,,,False,,,,,,
8ano,9fxn,8ano,G,9fxn,A,1,9,True,,,,,,,,False,,,,,,
8aoo,8pwp,8aoo,G,8pwp,A,1,10,True,,,,,,,,False,,,,,,
8aoo,8ti6,8aoo,G,8ti6,B,1,10,True,,,,,,,,False,,,,,,
8aoo,8vjw,8aoo,G,8vjw,D,1,9,True,,,,,,,,False,,,,,,
8aoo,9emz,8aoo,G,9emz,G,1,6,True,,,,,,,,False,,,,,,
8aoo,9fxn,8aoo,G,9fxn,A,1,9,True,,,,,,,,False,,,,,,
8bzl,9cl8,8bzl,DA,9cl8,C,1,9,True,,,,,,,,False,,,,,,
8bzl,9cl8,8bzl,GA,9cl8,C,1,5,True,,,,,,,,False,,,,,,
8cis,8hoo,8cis,D,8hoo,C,1,10,True,,,,,,,,False,,,,,,
8cis,9emz,8cis,D,9emz,E,1,4,True,,,,,,,,False,,,,,,
8cis,9emz,8cis,D,9emz,G,1,9,True,,,,,,,,False,,,,,,
8cis,9emz,8cis,D,9emz,H,1,6,True,,,,,,,,False,,,,,,
8cis,9fxn,8cis,D,9fxn,A,1,10,True,,,,,,,,False,,,,,,
8cis,9j3s,8cis,D,9j3s,D,1,9,True,,,,,,,,False,,,,,,
8f6s,9el8,8f6s,B,9el8,B,133,2,False,True,True,False,False,True,133,133,True,0.0004963473504828917,0.0007946041800390169,0.00047589066744706493,True,0.0,True
8f6s,9el8,8f6s,A,9el8,A,665,2,False,True,True,False,False,True,665,665,True,0.0005003339482127383,0.000842840579904014,0.0004801854869499979,True,0.0,True
8g1w,9kgq,8g1w,C,9kgq,D,1,3,True,,,,,,,,False,,,,,,
8g82,8s6t,8g82,B,8s6t,C,1,7,True,,,,,,,,False,,,,,,
8g82,8s6t,8g82,C,8s6t,C,1,5,True,,,,,,,,False,,,,,,
8g82,8s6t,8g82,E,8s6t,C,1,5,True,,,,,,,,False,,,,,,
8g82,8s6t,8g82,G,8s6t,C,1,9,True,,,,,,,,False,,,,,,
8g82,8s6t,8g82,H,8s6t,C,1,9,True,,,,,,,,False,,,,,,
8g82,8s6t,8g82,I,8s6t,C,1,8,True,,,,,,,,False,,,,,,
8hoo,8vld,8hoo,D,8vld,A,1,9,True,,,,,,,,False,,,,,,
8hoo,9emz,8hoo,C,9emz,H,1,6,True,,,,,,,,False,,,,,,
8hoo,9j3s,8hoo,C,9j3s,D,1,8,True,,,,,,,,False,,,,,,
8hop,8hoq,8hop,D,8hoq,C,1,9,True,,,,,,,,False,,,,,,
8hoq,9qbe,8hoq,D,9qbe,FA,1,7,True,,,,,,,,False,,,,,,
8hos,9bc1,8hos,C,9bc1,D,1,10,True,,,,,,,,False,,,,,,
8hos,9bc1,8hos,D,9bc1,D,1,8,True,,,,,,,,False,,,,,,
8i82,8i8g,8i82,C,8i8g,C,1,9,True,,,,,,,,False,,,,,,
8i82,8vld,8i82,C,8vld,B,1,8,True,,,,,,,,False,,,,,,
8i84,9qby,8i84,C,9qby,CA,1,10,True,,,,,,,,False,,,,,,
8i8g,8v2n,8i8g,C,8v2n,B,1,4,True,,,,,,,,False,,,,,,
8pwp,8sou,8pwp,A,8sou,B,1,5,True,,,,,,,,False,,,,,,
8pwp,8vjw,8pwp,A,8vjw,D,1,9,True,,,,,,,,False,,,,,,
8pwp,9fxn,8pwp,A,9fxn,A,1,10,True,,,,,,,,False,,,,,,
8s9z,8vld,8s9z,B,8vld,B,1,10,True,,,,,,,,False,,,,,,
8s9z,9ehn,8s9z,B,9ehn,C,1,4,True,,,,,,,,False,,,,,,
8s9z,9emz,8s9z,B,9emz,F,1,9,True,,,,,,,,False,,,,,,
8s9z,9qbe,8s9z,B,9qbe,EA,1,10,True,,,,,,,,False,,,,,,
8sou,8vjw,8sou,B,8vjw,D,1,4,True,,,,,,,,False,,,,,,
8sou,8vjw,8sou,B,8vjw,F,1,10,True,,,,,,,,False,,,,,,
8sou,8ysa,8sou,B,8ysa,B,1,10,True,,,,,,,,False,,,,,,
8sou,9i24,8sou,B,9i24,D,1,10,True,,,,,,,,False,,,,,,
8t5p,9ex5,8t5p,I,9ex5,E,1,10,True,,,,,,,,False,,,,,,
8ti6,9ex5,8ti6,B,9ex5,I,1,6,True,,,,,,,,False,,,,,,
8tqu,9qbe,8tqu,B,9qbe,CA,1,7,True,,,,,,,,False,,,,,,
8vjw,8vpe,8vjw,F,8vpe,B,1,3,True,,,,,,,,False,,,,,,
8vjw,8ysa,8vjw,F,8ysa,B,1,1,True,,,,,,,,False,,,,,,
8vjw,9fxn,8vjw,D,9fxn,A,1,9,True,,,,,,,,False,,,,,,
8vjw,9i24,8vjw,F,9i24,D,1,8,True,,,,,,,,False,,,,,,
8vld,9qbe,8vld,B,9qbe,DA,1,9,True,,,,,,,,False,,,,,,
8vpe,8ysa,8vpe,B,8ysa,B,1,4,True,,,,,,,,False,,,,,,
8ysa,9i24,8ysa,B,9i24,D,1,7,True,,,,,,,,False,,,,,,
9c2y,9kgq,9c2y,H,9kgq,C,1,8,True,,,,,,,,False,,,,,,
9c2y,9qb1,9c2y,H,9qb1,GA,1,10,True,,,,,,,,False,,,,,,
9c2y,9qb1,9c2y,H,9qb1,HA,1,9,True,,,,,,,,False,,,,,,
9ehn,9emz,9ehn,C,9emz,F,1,7,True,,,,,,,,False,,,,,,
9ehn,9qbe,9ehn,C,9qbe,EA,1,8,True,,,,,,,,False,,,,,,
9emz,9fxn,9emz,G,9fxn,A,1,5,True,,,,,,,,False,,,,,,
9emz,9j3s,9emz,H,9j3s,A,1,10,True,,,,,,,,False,,,,,,
9emz,9j3s,9emz,H,9j3s,D,1,8,True,,,,,,,,False,,,,,,
9emz,9qbe,9emz,F,9qbe,EA,1,4,True,,,,,,,,False,,,,,,
9qbe,9qdf,9qbe,CA,9qdf,FA,1,10,True,,,,,,,,False,,,,,,
