epoch,repeat,chain,status,relax_success,relax_error,unrelaxed_path,relaxed_path,relaxed_exists,mean_plddt,min_plddt,max_plddt,num_residues,state,pdb_path
0,1,2olo_A,error,0,1,/users/sgmwu14/scratch/openfold_inference_runs5times/epoch_0/your_model_epoch_0/repeat_1/predictions/2olo_A_model_1_unrelaxed.pdb,/users/sgmwu14/scratch/openfold_inference_runs5times/epoch_0/your_model_epoch_0/repeat_1/predictions/2olo_A_model_1_relaxed.pdb,False,9.156349614395882,7.19,18.54,389,unrelaxed,/users/sgmwu14/scratch/openfold_inference_runs5times/epoch_0/your_model_epoch_0/repeat_1/predictions/2olo_A_model_1_unrelaxed.pdb
0,1,4bp8_A,error,0,1,/users/sgmwu14/scratch/openfold_inference_runs5times/epoch_0/your_model_epoch_0/repeat_1/predictions/4bp8_A_model_1_unrelaxed.pdb,/users/sgmwu14/scratch/openfold_inference_runs5times/epoch_0/your_model_epoch_0/repeat_1/predictions/4bp8_A_model_1_relaxed.pdb,False,9.485846153846149,7.02,20.22,715,unrelaxed,/users/sgmwu14/scratch/openfold_inference_runs5times/epoch_0/your_model_epoch_0/repeat_1/predictions/4bp8_A_model_1_unrelaxed.pdb
0,1,5i6x_A,error,0,1,/users/sgmwu14/scratch/openfold_inference_runs5times/epoch_0/your_model_epoch_0/repeat_1/predictions/5i6x_A_model_1_unrelaxed.pdb,/users/sgmwu14/scratch/openfold_inference_runs5times/epoch_0/your_model_epoch_0/repeat_1/predictions/5i6x_A_model_1_relaxed.pdb,False,9.831785063752276,7.23,22.87,549,unrelaxed,/users/sgmwu14/scratch/openfold_inference_runs5times/epoch_0/your_model_epoch_0/repeat_1/predictions/5i6x_A_model_1_unrelaxed.pdb
0,1,6nbf_A,error,0,1,/users/sgmwu14/scratch/openfold_inference_runs5times/epoch_0/your_model_epoch_0/repeat_1/predictions/6nbf_A_model_1_unrelaxed.pdb,/users/sgmwu14/scratch/openfold_inference_runs5times/epoch_0/your_model_epoch_0/repeat_1/predictions/6nbf_A_model_1_relaxed.pdb,False,9.627112970711298,7.03,17.95,478,unrelaxed,/users/sgmwu14/scratch/openfold_inference_runs5times/epoch_0/your_model_epoch_0/repeat_1/predictions/6nbf_A_model_1_unrelaxed.pdb
0,1,6xpf_A,error,0,1,/users/sgmwu14/scratch/openfold_inference_runs5times/epoch_0/your_model_epoch_0/repeat_1/predictions/6xpf_A_model_1_unrelaxed.pdb,/users/sgmwu14/scratch/openfold_inference_runs5times/epoch_0/your_model_epoch_0/repeat_1/predictions/6xpf_A_model_1_relaxed.pdb,False,10.369468749999998,7.12,23.74,320,unrelaxed,/users/sgmwu14/scratch/openfold_inference_runs5times/epoch_0/your_model_epoch_0/repeat_1/predictions/6xpf_A_model_1_unrelaxed.pdb
0,1,7dsq_A,error,0,1,/users/sgmwu14/scratch/openfold_inference_runs5times/epoch_0/your_model_epoch_0/repeat_1/predictions/7dsq_A_model_1_unrelaxed.pdb,/users/sgmwu14/scratch/openfold_inference_runs5times/epoch_0/your_model_epoch_0/repeat_1/predictions/7dsq_A_model_1_relaxed.pdb,False,9.805711206896545,7.09,21.66,464,unrelaxed,/users/sgmwu14/scratch/openfold_inference_runs5times/epoch_0/your_model_epoch_0/repeat_1/predictions/7dsq_A_model_1_unrelaxed.pdb
0,1,7evw_A,error,0,1,/users/sgmwu14/scratch/openfold_inference_runs5times/epoch_0/your_model_epoch_0/repeat_1/predictions/7evw_A_model_1_unrelaxed.pdb,/users/sgmwu14/scratch/openfold_inference_runs5times/epoch_0/your_model_epoch_0/repeat_1/predictions/7evw_A_model_1_relaxed.pdb,False,9.31484140233723,6.92,16.57,599,unrelaxed,/users/sgmwu14/scratch/openfold_inference_runs5times/epoch_0/your_model_epoch_0/repeat_1/predictions/7evw_A_model_1_unrelaxed.pdb
0,2,2olo_A,success,1,0,/users/sgmwu14/scratch/openfold_inference_runs5times/epoch_0/your_model_epoch_0/repeat_2/predictions/2olo_A_model_1_unrelaxed.pdb,/users/sgmwu14/scratch/openfold_inference_runs5times/epoch_0/your_model_epoch_0/repeat_2/predictions/2olo_A_model_1_relaxed.pdb,True,9.191413881748067,7.18,17.63,389,unrelaxed,/users/sgmwu14/scratch/openfold_inference_runs5times/epoch_0/your_model_epoch_0/repeat_2/predictions/2olo_A_model_1_unrelaxed.pdb
0,2,4bp8_A,error,0,1,/users/sgmwu14/scratch/openfold_inference_runs5times/epoch_0/your_model_epoch_0/repeat_2/predictions/4bp8_A_model_1_unrelaxed.pdb,/users/sgmwu14/scratch/openfold_inference_runs5times/epoch_0/your_model_epoch_0/repeat_2/predictions/4bp8_A_model_1_relaxed.pdb,False,9.54047552447553,7.02,18.84,715,unrelaxed,/users/sgmwu14/scratch/openfold_inference_runs5times/epoch_0/your_model_epoch_0/repeat_2/predictions/4bp8_A_model_1_unrelaxed.pdb
0,2,5i6x_A,error,0,1,/users/sgmwu14/scratch/openfold_inference_runs5times/epoch_0/your_model_epoch_0/repeat_2/predictions/5i6x_A_model_1_unrelaxed.pdb,/users/sgmwu14/scratch/openfold_inference_runs5times/epoch_0/your_model_epoch_0/repeat_2/predictions/5i6x_A_model_1_relaxed.pdb,False,9.76506375227687,7.24,21.21,549,unrelaxed,/users/sgmwu14/scratch/openfold_inference_runs5times/epoch_0/your_model_epoch_0/repeat_2/predictions/5i6x_A_model_1_unrelaxed.pdb
0,2,6nbf_A,error,0,1,/users/sgmwu14/scratch/openfold_inference_runs5times/epoch_0/your_model_epoch_0/repeat_2/predictions/6nbf_A_model_1_unrelaxed.pdb,/users/sgmwu14/scratch/openfold_inference_runs5times/epoch_0/your_model_epoch_0/repeat_2/predictions/6nbf_A_model_1_relaxed.pdb,False,9.580899581589946,7.1,18.2,478,unrelaxed,/users/sgmwu14/scratch/openfold_inference_runs5times/epoch_0/your_model_epoch_0/repeat_2/predictions/6nbf_A_model_1_unrelaxed.pdb
0,2,6xpf_A,error,0,1,/users/sgmwu14/scratch/openfold_inference_runs5times/epoch_0/your_model_epoch_0/repeat_2/predictions/6xpf_A_model_1_unrelaxed.pdb,/users/sgmwu14/scratch/openfold_inference_runs5times/epoch_0/your_model_epoch_0/repeat_2/predictions/6xpf_A_model_1_relaxed.pdb,False,10.173125000000011,7.16,23.93,320,unrelaxed,/users/sgmwu14/scratch/openfold_inference_runs5times/epoch_0/your_model_epoch_0/repeat_2/predictions/6xpf_A_model_1_unrelaxed.pdb
0,2,7dsq_A,error,0,1,/users/sgmwu14/scratch/openfold_inference_runs5times/epoch_0/your_model_epoch_0/repeat_2/predictions/7dsq_A_model_1_unrelaxed.pdb,/users/sgmwu14/scratch/openfold_inference_runs5times/epoch_0/your_model_epoch_0/repeat_2/predictions/7dsq_A_model_1_relaxed.pdb,False,9.81418103448276,7.09,21.85,464,unrelaxed,/users/sgmwu14/scratch/openfold_inference_runs5times/epoch_0/your_model_epoch_0/repeat_2/predictions/7dsq_A_model_1_unrelaxed.pdb
0,2,7evw_A,error,0,1,/users/sgmwu14/scratch/openfold_inference_runs5times/epoch_0/your_model_epoch_0/repeat_2/predictions/7evw_A_model_1_unrelaxed.pdb,/users/sgmwu14/scratch/openfold_inference_runs5times/epoch_0/your_model_epoch_0/repeat_2/predictions/7evw_A_model_1_relaxed.pdb,False,9.316477462437392,6.95,17.68,599,unrelaxed,/users/sgmwu14/scratch/openfold_inference_runs5times/epoch_0/your_model_epoch_0/repeat_2/predictions/7evw_A_model_1_unrelaxed.pdb
0,3,2olo_A,error,0,1,/users/sgmwu14/scratch/openfold_inference_runs5times/epoch_0/your_model_epoch_0/repeat_3/predictions/2olo_A_model_1_unrelaxed.pdb,/users/sgmwu14/scratch/openfold_inference_runs5times/epoch_0/your_model_epoch_0/repeat_3/predictions/2olo_A_model_1_relaxed.pdb,False,9.180668380462729,7.22,17.69,389,unrelaxed,/users/sgmwu14/scratch/openfold_inference_runs5times/epoch_0/your_model_epoch_0/repeat_3/predictions/2olo_A_model_1_unrelaxed.pdb
0,3,4bp8_A,error,0,1,/users/sgmwu14/scratch/openfold_inference_runs5times/epoch_0/your_model_epoch_0/repeat_3/predictions/4bp8_A_model_1_unrelaxed.pdb,/users/sgmwu14/scratch/openfold_inference_runs5times/epoch_0/your_model_epoch_0/repeat_3/predictions/4bp8_A_model_1_relaxed.pdb,False,9.455902097902104,7.07,17.52,715,unrelaxed,/users/sgmwu14/scratch/openfold_inference_runs5times/epoch_0/your_model_epoch_0/repeat_3/predictions/4bp8_A_model_1_unrelaxed.pdb
0,3,5i6x_A,error,0,1,/users/sgmwu14/scratch/openfold_inference_runs5times/epoch_0/your_model_epoch_0/repeat_3/predictions/5i6x_A_model_1_unrelaxed.pdb,/users/sgmwu14/scratch/openfold_inference_runs5times/epoch_0/your_model_epoch_0/repeat_3/predictions/5i6x_A_model_1_relaxed.pdb,False,9.81708561020036,7.14,22.71,549,unrelaxed,/users/sgmwu14/scratch/openfold_inference_runs5times/epoch_0/your_model_epoch_0/repeat_3/predictions/5i6x_A_model_1_unrelaxed.pdb
0,3,6nbf_A,error,0,1,/users/sgmwu14/scratch/openfold_inference_runs5times/epoch_0/your_model_epoch_0/repeat_3/predictions/6nbf_A_model_1_unrelaxed.pdb,/users/sgmwu14/scratch/openfold_inference_runs5times/epoch_0/your_model_epoch_0/repeat_3/predictions/6nbf_A_model_1_relaxed.pdb,False,9.781652719665267,7.2,19.79,478,unrelaxed,/users/sgmwu14/scratch/openfold_inference_runs5times/epoch_0/your_model_epoch_0/repeat_3/predictions/6nbf_A_model_1_unrelaxed.pdb
0,3,6xpf_A,error,0,1,/users/sgmwu14/scratch/openfold_inference_runs5times/epoch_0/your_model_epoch_0/repeat_3/predictions/6xpf_A_model_1_unrelaxed.pdb,/users/sgmwu14/scratch/openfold_inference_runs5times/epoch_0/your_model_epoch_0/repeat_3/predictions/6xpf_A_model_1_relaxed.pdb,False,10.225781249999995,7.05,24.26,320,unrelaxed,/users/sgmwu14/scratch/openfold_inference_runs5times/epoch_0/your_model_epoch_0/repeat_3/predictions/6xpf_A_model_1_unrelaxed.pdb
0,3,7dsq_A,error,0,1,/users/sgmwu14/scratch/openfold_inference_runs5times/epoch_0/your_model_epoch_0/repeat_3/predictions/7dsq_A_model_1_unrelaxed.pdb,/users/sgmwu14/scratch/openfold_inference_runs5times/epoch_0/your_model_epoch_0/repeat_3/predictions/7dsq_A_model_1_relaxed.pdb,False,9.746681034482746,7.06,20.73,464,unrelaxed,/users/sgmwu14/scratch/openfold_inference_runs5times/epoch_0/your_model_epoch_0/repeat_3/predictions/7dsq_A_model_1_unrelaxed.pdb
0,3,7evw_A,error,0,1,/users/sgmwu14/scratch/openfold_inference_runs5times/epoch_0/your_model_epoch_0/repeat_3/predictions/7evw_A_model_1_unrelaxed.pdb,/users/sgmwu14/scratch/openfold_inference_runs5times/epoch_0/your_model_epoch_0/repeat_3/predictions/7evw_A_model_1_relaxed.pdb,False,9.281252086811351,6.96,17.9,599,unrelaxed,/users/sgmwu14/scratch/openfold_inference_runs5times/epoch_0/your_model_epoch_0/repeat_3/predictions/7evw_A_model_1_unrelaxed.pdb
0,4,2olo_A,error,0,1,/users/sgmwu14/scratch/openfold_inference_runs5times/epoch_0/your_model_epoch_0/repeat_4/predictions/2olo_A_model_1_unrelaxed.pdb,/users/sgmwu14/scratch/openfold_inference_runs5times/epoch_0/your_model_epoch_0/repeat_4/predictions/2olo_A_model_1_relaxed.pdb,False,9.208226221079688,7.1,17.27,389,unrelaxed,/users/sgmwu14/scratch/openfold_inference_runs5times/epoch_0/your_model_epoch_0/repeat_4/predictions/2olo_A_model_1_unrelaxed.pdb
0,4,4bp8_A,error,0,1,/users/sgmwu14/scratch/openfold_inference_runs5times/epoch_0/your_model_epoch_0/repeat_4/predictions/4bp8_A_model_1_unrelaxed.pdb,/users/sgmwu14/scratch/openfold_inference_runs5times/epoch_0/your_model_epoch_0/repeat_4/predictions/4bp8_A_model_1_relaxed.pdb,False,9.48605594405595,6.98,17.57,715,unrelaxed,/users/sgmwu14/scratch/openfold_inference_runs5times/epoch_0/your_model_epoch_0/repeat_4/predictions/4bp8_A_model_1_unrelaxed.pdb
0,4,5i6x_A,error,0,1,/users/sgmwu14/scratch/openfold_inference_runs5times/epoch_0/your_model_epoch_0/repeat_4/predictions/5i6x_A_model_1_unrelaxed.pdb,/users/sgmwu14/scratch/openfold_inference_runs5times/epoch_0/your_model_epoch_0/repeat_4/predictions/5i6x_A_model_1_relaxed.pdb,False,9.8008378870674,7.21,22.07,549,unrelaxed,/users/sgmwu14/scratch/openfold_inference_runs5times/epoch_0/your_model_epoch_0/repeat_4/predictions/5i6x_A_model_1_unrelaxed.pdb
0,4,6nbf_A,error,0,1,/users/sgmwu14/scratch/openfold_inference_runs5times/epoch_0/your_model_epoch_0/repeat_4/predictions/6nbf_A_model_1_unrelaxed.pdb,/users/sgmwu14/scratch/openfold_inference_runs5times/epoch_0/your_model_epoch_0/repeat_4/predictions/6nbf_A_model_1_relaxed.pdb,False,9.539267782426784,7.06,20.1,478,unrelaxed,/users/sgmwu14/scratch/openfold_inference_runs5times/epoch_0/your_model_epoch_0/repeat_4/predictions/6nbf_A_model_1_unrelaxed.pdb
0,4,6xpf_A,error,0,1,/users/sgmwu14/scratch/openfold_inference_runs5times/epoch_0/your_model_epoch_0/repeat_4/predictions/6xpf_A_model_1_unrelaxed.pdb,/users/sgmwu14/scratch/openfold_inference_runs5times/epoch_0/your_model_epoch_0/repeat_4/predictions/6xpf_A_model_1_relaxed.pdb,False,10.355968749999995,7.07,24.36,320,unrelaxed,/users/sgmwu14/scratch/openfold_inference_runs5times/epoch_0/your_model_epoch_0/repeat_4/predictions/6xpf_A_model_1_unrelaxed.pdb
0,4,7dsq_A,error,0,1,/users/sgmwu14/scratch/openfold_inference_runs5times/epoch_0/your_model_epoch_0/repeat_4/predictions/7dsq_A_model_1_unrelaxed.pdb,/users/sgmwu14/scratch/openfold_inference_runs5times/epoch_0/your_model_epoch_0/repeat_4/predictions/7dsq_A_model_1_relaxed.pdb,False,9.887780172413798,7.1,22.18,464,unrelaxed,/users/sgmwu14/scratch/openfold_inference_runs5times/epoch_0/your_model_epoch_0/repeat_4/predictions/7dsq_A_model_1_unrelaxed.pdb
0,4,7evw_A,error,0,1,/users/sgmwu14/scratch/openfold_inference_runs5times/epoch_0/your_model_epoch_0/repeat_4/predictions/7evw_A_model_1_unrelaxed.pdb,/users/sgmwu14/scratch/openfold_inference_runs5times/epoch_0/your_model_epoch_0/repeat_4/predictions/7evw_A_model_1_relaxed.pdb,False,9.2827879799666,6.99,17.63,599,unrelaxed,/users/sgmwu14/scratch/openfold_inference_runs5times/epoch_0/your_model_epoch_0/repeat_4/predictions/7evw_A_model_1_unrelaxed.pdb
0,5,2olo_A,error,0,1,/users/sgmwu14/scratch/openfold_inference_runs5times/epoch_0/your_model_epoch_0/repeat_5/predictions/2olo_A_model_1_unrelaxed.pdb,/users/sgmwu14/scratch/openfold_inference_runs5times/epoch_0/your_model_epoch_0/repeat_5/predictions/2olo_A_model_1_relaxed.pdb,False,9.209357326478136,7.21,18.02,389,unrelaxed,/users/sgmwu14/scratch/openfold_inference_runs5times/epoch_0/your_model_epoch_0/repeat_5/predictions/2olo_A_model_1_unrelaxed.pdb
0,5,4bp8_A,error,0,1,/users/sgmwu14/scratch/openfold_inference_runs5times/epoch_0/your_model_epoch_0/repeat_5/predictions/4bp8_A_model_1_unrelaxed.pdb,/users/sgmwu14/scratch/openfold_inference_runs5times/epoch_0/your_model_epoch_0/repeat_5/predictions/4bp8_A_model_1_relaxed.pdb,False,9.490503496503496,7.11,19.16,715,unrelaxed,/users/sgmwu14/scratch/openfold_inference_runs5times/epoch_0/your_model_epoch_0/repeat_5/predictions/4bp8_A_model_1_unrelaxed.pdb
0,5,5i6x_A,error,0,1,/users/sgmwu14/scratch/openfold_inference_runs5times/epoch_0/your_model_epoch_0/repeat_5/predictions/5i6x_A_model_1_unrelaxed.pdb,/users/sgmwu14/scratch/openfold_inference_runs5times/epoch_0/your_model_epoch_0/repeat_5/predictions/5i6x_A_model_1_relaxed.pdb,False,9.72129326047359,7.19,21.47,549,unrelaxed,/users/sgmwu14/scratch/openfold_inference_runs5times/epoch_0/your_model_epoch_0/repeat_5/predictions/5i6x_A_model_1_unrelaxed.pdb
0,5,6nbf_A,error,0,1,/users/sgmwu14/scratch/openfold_inference_runs5times/epoch_0/your_model_epoch_0/repeat_5/predictions/6nbf_A_model_1_unrelaxed.pdb,/users/sgmwu14/scratch/openfold_inference_runs5times/epoch_0/your_model_epoch_0/repeat_5/predictions/6nbf_A_model_1_relaxed.pdb,False,9.673430962343094,7.18,19.46,478,unrelaxed,/users/sgmwu14/scratch/openfold_inference_runs5times/epoch_0/your_model_epoch_0/repeat_5/predictions/6nbf_A_model_1_unrelaxed.pdb
0,5,6xpf_A,error,0,1,/users/sgmwu14/scratch/openfold_inference_runs5times/epoch_0/your_model_epoch_0/repeat_5/predictions/6xpf_A_model_1_unrelaxed.pdb,/users/sgmwu14/scratch/openfold_inference_runs5times/epoch_0/your_model_epoch_0/repeat_5/predictions/6xpf_A_model_1_relaxed.pdb,False,10.296624999999995,7.2,24.32,320,unrelaxed,/users/sgmwu14/scratch/openfold_inference_runs5times/epoch_0/your_model_epoch_0/repeat_5/predictions/6xpf_A_model_1_unrelaxed.pdb
0,5,7dsq_A,error,0,1,/users/sgmwu14/scratch/openfold_inference_runs5times/epoch_0/your_model_epoch_0/repeat_5/predictions/7dsq_A_model_1_unrelaxed.pdb,/users/sgmwu14/scratch/openfold_inference_runs5times/epoch_0/your_model_epoch_0/repeat_5/predictions/7dsq_A_model_1_relaxed.pdb,False,9.81019396551724,7.07,21.81,464,unrelaxed,/users/sgmwu14/scratch/openfold_inference_runs5times/epoch_0/your_model_epoch_0/repeat_5/predictions/7dsq_A_model_1_unrelaxed.pdb
0,5,7evw_A,error,0,1,/users/sgmwu14/scratch/openfold_inference_runs5times/epoch_0/your_model_epoch_0/repeat_5/predictions/7evw_A_model_1_unrelaxed.pdb,/users/sgmwu14/scratch/openfold_inference_runs5times/epoch_0/your_model_epoch_0/repeat_5/predictions/7evw_A_model_1_relaxed.pdb,False,9.311268781302164,7.03,16.99,599,unrelaxed,/users/sgmwu14/scratch/openfold_inference_runs5times/epoch_0/your_model_epoch_0/repeat_5/predictions/7evw_A_model_1_unrelaxed.pdb
1,1,2olo_A,error,0,1,/users/sgmwu14/scratch/openfold_inference_runs5times/epoch_1/your_model_epoch_1/repeat_1/predictions/2olo_A_model_1_unrelaxed.pdb,/users/sgmwu14/scratch/openfold_inference_runs5times/epoch_1/your_model_epoch_1/repeat_1/predictions/2olo_A_model_1_relaxed.pdb,False,14.855244215938306,7.55,34.13,389,unrelaxed,/users/sgmwu14/scratch/openfold_inference_runs5times/epoch_1/your_model_epoch_1/repeat_1/predictions/2olo_A_model_1_unrelaxed.pdb
1,1,4bp8_A,error,0,1,/users/sgmwu14/scratch/openfold_inference_runs5times/epoch_1/your_model_epoch_1/repeat_1/predictions/4bp8_A_model_1_unrelaxed.pdb,/users/sgmwu14/scratch/openfold_inference_runs5times/epoch_1/your_model_epoch_1/repeat_1/predictions/4bp8_A_model_1_relaxed.pdb,False,17.5038881118881,8.42,35.66,715,unrelaxed,/users/sgmwu14/scratch/openfold_inference_runs5times/epoch_1/your_model_epoch_1/repeat_1/predictions/4bp8_A_model_1_unrelaxed.pdb
1,1,5i6x_A,error,0,1,/users/sgmwu14/scratch/openfold_inference_runs5times/epoch_1/your_model_epoch_1/repeat_1/predictions/5i6x_A_model_1_unrelaxed.pdb,/users/sgmwu14/scratch/openfold_inference_runs5times/epoch_1/your_model_epoch_1/repeat_1/predictions/5i6x_A_model_1_relaxed.pdb,False,17.079034608378866,9.0,32.46,549,unrelaxed,/users/sgmwu14/scratch/openfold_inference_runs5times/epoch_1/your_model_epoch_1/repeat_1/predictions/5i6x_A_model_1_unrelaxed.pdb
1,1,6nbf_A,error,0,1,/users/sgmwu14/scratch/openfold_inference_runs5times/epoch_1/your_model_epoch_1/repeat_1/predictions/6nbf_A_model_1_unrelaxed.pdb,/users/sgmwu14/scratch/openfold_inference_runs5times/epoch_1/your_model_epoch_1/repeat_1/predictions/6nbf_A_model_1_relaxed.pdb,False,16.262447698744765,8.7,30.46,478,unrelaxed,/users/sgmwu14/scratch/openfold_inference_runs5times/epoch_1/your_model_epoch_1/repeat_1/predictions/6nbf_A_model_1_unrelaxed.pdb
1,1,6xpf_A,error,0,1,/users/sgmwu14/scratch/openfold_inference_runs5times/epoch_1/your_model_epoch_1/repeat_1/predictions/6xpf_A_model_1_unrelaxed.pdb,/users/sgmwu14/scratch/openfold_inference_runs5times/epoch_1/your_model_epoch_1/repeat_1/predictions/6xpf_A_model_1_relaxed.pdb,False,19.44896875,9.55,34.94,320,unrelaxed,/users/sgmwu14/scratch/openfold_inference_runs5times/epoch_1/your_model_epoch_1/repeat_1/predictions/6xpf_A_model_1_unrelaxed.pdb
1,1,7dsq_A,error,0,1,/users/sgmwu14/scratch/openfold_inference_runs5times/epoch_1/your_model_epoch_1/repeat_1/predictions/7dsq_A_model_1_unrelaxed.pdb,/users/sgmwu14/scratch/openfold_inference_runs5times/epoch_1/your_model_epoch_1/repeat_1/predictions/7dsq_A_model_1_relaxed.pdb,False,17.316896551724135,9.33,30.62,464,unrelaxed,/users/sgmwu14/scratch/openfold_inference_runs5times/epoch_1/your_model_epoch_1/repeat_1/predictions/7dsq_A_model_1_unrelaxed.pdb
1,1,7evw_A,error,0,1,/users/sgmwu14/scratch/openfold_inference_runs5times/epoch_1/your_model_epoch_1/repeat_1/predictions/7evw_A_model_1_unrelaxed.pdb,/users/sgmwu14/scratch/openfold_inference_runs5times/epoch_1/your_model_epoch_1/repeat_1/predictions/7evw_A_model_1_relaxed.pdb,False,15.318848080133552,8.19,32.02,599,unrelaxed,/users/sgmwu14/scratch/openfold_inference_runs5times/epoch_1/your_model_epoch_1/repeat_1/predictions/7evw_A_model_1_unrelaxed.pdb
1,2,2olo_A,error,0,1,/users/sgmwu14/scratch/openfold_inference_runs5times/epoch_1/your_model_epoch_1/repeat_2/predictions/2olo_A_model_1_unrelaxed.pdb,/users/sgmwu14/scratch/openfold_inference_runs5times/epoch_1/your_model_epoch_1/repeat_2/predictions/2olo_A_model_1_relaxed.pdb,False,14.194498714652951,7.76,33.82,389,unrelaxed,/users/sgmwu14/scratch/openfold_inference_runs5times/epoch_1/your_model_epoch_1/repeat_2/predictions/2olo_A_model_1_unrelaxed.pdb
1,2,4bp8_A,error,0,1,/users/sgmwu14/scratch/openfold_inference_runs5times/epoch_1/your_model_epoch_1/repeat_2/predictions/4bp8_A_model_1_unrelaxed.pdb,/users/sgmwu14/scratch/openfold_inference_runs5times/epoch_1/your_model_epoch_1/repeat_2/predictions/4bp8_A_model_1_relaxed.pdb,False,17.68548251748251,8.71,35.68,715,unrelaxed,/users/sgmwu14/scratch/openfold_inference_runs5times/epoch_1/your_model_epoch_1/repeat_2/predictions/4bp8_A_model_1_unrelaxed.pdb
1,2,5i6x_A,error,0,1,/users/sgmwu14/scratch/openfold_inference_runs5times/epoch_1/your_model_epoch_1/repeat_2/predictions/5i6x_A_model_1_unrelaxed.pdb,/users/sgmwu14/scratch/openfold_inference_runs5times/epoch_1/your_model_epoch_1/repeat_2/predictions/5i6x_A_model_1_relaxed.pdb,False,17.265719489981777,9.16,31.81,549,unrelaxed,/users/sgmwu14/scratch/openfold_inference_runs5times/epoch_1/your_model_epoch_1/repeat_2/predictions/5i6x_A_model_1_unrelaxed.pdb
1,2,6nbf_A,error,0,1,/users/sgmwu14/scratch/openfold_inference_runs5times/epoch_1/your_model_epoch_1/repeat_2/predictions/6nbf_A_model_1_unrelaxed.pdb,/users/sgmwu14/scratch/openfold_inference_runs5times/epoch_1/your_model_epoch_1/repeat_2/predictions/6nbf_A_model_1_relaxed.pdb,False,16.64778242677824,8.96,29.77,478,unrelaxed,/users/sgmwu14/scratch/openfold_inference_runs5times/epoch_1/your_model_epoch_1/repeat_2/predictions/6nbf_A_model_1_unrelaxed.pdb
1,2,6xpf_A,error,0,1,/users/sgmwu14/scratch/openfold_inference_runs5times/epoch_1/your_model_epoch_1/repeat_2/predictions/6xpf_A_model_1_unrelaxed.pdb,/users/sgmwu14/scratch/openfold_inference_runs5times/epoch_1/your_model_epoch_1/repeat_2/predictions/6xpf_A_model_1_relaxed.pdb,False,18.497750000000003,9.59,33.5,320,unrelaxed,/users/sgmwu14/scratch/openfold_inference_runs5times/epoch_1/your_model_epoch_1/repeat_2/predictions/6xpf_A_model_1_unrelaxed.pdb
1,2,7dsq_A,error,0,1,/users/sgmwu14/scratch/openfold_inference_runs5times/epoch_1/your_model_epoch_1/repeat_2/predictions/7dsq_A_model_1_unrelaxed.pdb,/users/sgmwu14/scratch/openfold_inference_runs5times/epoch_1/your_model_epoch_1/repeat_2/predictions/7dsq_A_model_1_relaxed.pdb,False,17.60394396551725,9.08,31.29,464,unrelaxed,/users/sgmwu14/scratch/openfold_inference_runs5times/epoch_1/your_model_epoch_1/repeat_2/predictions/7dsq_A_model_1_unrelaxed.pdb
1,2,7evw_A,error,0,1,/users/sgmwu14/scratch/openfold_inference_runs5times/epoch_1/your_model_epoch_1/repeat_2/predictions/7evw_A_model_1_unrelaxed.pdb,/users/sgmwu14/scratch/openfold_inference_runs5times/epoch_1/your_model_epoch_1/repeat_2/predictions/7evw_A_model_1_relaxed.pdb,False,16.5361101836394,8.37,33.9,599,unrelaxed,/users/sgmwu14/scratch/openfold_inference_runs5times/epoch_1/your_model_epoch_1/repeat_2/predictions/7evw_A_model_1_unrelaxed.pdb
1,3,2olo_A,success,1,0,/users/sgmwu14/scratch/openfold_inference_runs5times/epoch_1/your_model_epoch_1/repeat_3/predictions/2olo_A_model_1_unrelaxed.pdb,/users/sgmwu14/scratch/openfold_inference_runs5times/epoch_1/your_model_epoch_1/repeat_3/predictions/2olo_A_model_1_relaxed.pdb,True,13.94241645244216,7.52,33.38,389,unrelaxed,/users/sgmwu14/scratch/openfold_inference_runs5times/epoch_1/your_model_epoch_1/repeat_3/predictions/2olo_A_model_1_unrelaxed.pdb
1,3,4bp8_A,error,0,1,/users/sgmwu14/scratch/openfold_inference_runs5times/epoch_1/your_model_epoch_1/repeat_3/predictions/4bp8_A_model_1_unrelaxed.pdb,/users/sgmwu14/scratch/openfold_inference_runs5times/epoch_1/your_model_epoch_1/repeat_3/predictions/4bp8_A_model_1_relaxed.pdb,False,17.504153846153862,8.55,34.28,715,unrelaxed,/users/sgmwu14/scratch/openfold_inference_runs5times/epoch_1/your_model_epoch_1/repeat_3/predictions/4bp8_A_model_1_unrelaxed.pdb
1,3,5i6x_A,error,0,1,/users/sgmwu14/scratch/openfold_inference_runs5times/epoch_1/your_model_epoch_1/repeat_3/predictions/5i6x_A_model_1_unrelaxed.pdb,/users/sgmwu14/scratch/openfold_inference_runs5times/epoch_1/your_model_epoch_1/repeat_3/predictions/5i6x_A_model_1_relaxed.pdb,False,18.54123861566485,9.35,32.46,549,unrelaxed,/users/sgmwu14/scratch/openfold_inference_runs5times/epoch_1/your_model_epoch_1/repeat_3/predictions/5i6x_A_model_1_unrelaxed.pdb
1,3,6nbf_A,error,0,1,/users/sgmwu14/scratch/openfold_inference_runs5times/epoch_1/your_model_epoch_1/repeat_3/predictions/6nbf_A_model_1_unrelaxed.pdb,/users/sgmwu14/scratch/openfold_inference_runs5times/epoch_1/your_model_epoch_1/repeat_3/predictions/6nbf_A_model_1_relaxed.pdb,False,16.510899581589957,8.22,29.39,478,unrelaxed,/users/sgmwu14/scratch/openfold_inference_runs5times/epoch_1/your_model_epoch_1/repeat_3/predictions/6nbf_A_model_1_unrelaxed.pdb
1,3,6xpf_A,success,1,0,/users/sgmwu14/scratch/openfold_inference_runs5times/epoch_1/your_model_epoch_1/repeat_3/predictions/6xpf_A_model_1_unrelaxed.pdb,/users/sgmwu14/scratch/openfold_inference_runs5times/epoch_1/your_model_epoch_1/repeat_3/predictions/6xpf_A_model_1_relaxed.pdb,True,19.832156250000008,9.48,35.2,320,unrelaxed,/users/sgmwu14/scratch/openfold_inference_runs5times/epoch_1/your_model_epoch_1/repeat_3/predictions/6xpf_A_model_1_unrelaxed.pdb
1,3,7dsq_A,error,0,1,/users/sgmwu14/scratch/openfold_inference_runs5times/epoch_1/your_model_epoch_1/repeat_3/predictions/7dsq_A_model_1_unrelaxed.pdb,/users/sgmwu14/scratch/openfold_inference_runs5times/epoch_1/your_model_epoch_1/repeat_3/predictions/7dsq_A_model_1_relaxed.pdb,False,17.996357758620704,9.58,31.2,464,unrelaxed,/users/sgmwu14/scratch/openfold_inference_runs5times/epoch_1/your_model_epoch_1/repeat_3/predictions/7dsq_A_model_1_unrelaxed.pdb
1,3,7evw_A,error,0,1,/users/sgmwu14/scratch/openfold_inference_runs5times/epoch_1/your_model_epoch_1/repeat_3/predictions/7evw_A_model_1_unrelaxed.pdb,/users/sgmwu14/scratch/openfold_inference_runs5times/epoch_1/your_model_epoch_1/repeat_3/predictions/7evw_A_model_1_relaxed.pdb,False,15.334724540901496,7.59,31.95,599,unrelaxed,/users/sgmwu14/scratch/openfold_inference_runs5times/epoch_1/your_model_epoch_1/repeat_3/predictions/7evw_A_model_1_unrelaxed.pdb
1,4,2olo_A,error,0,1,/users/sgmwu14/scratch/openfold_inference_runs5times/epoch_1/your_model_epoch_1/repeat_4/predictions/2olo_A_model_1_unrelaxed.pdb,/users/sgmwu14/scratch/openfold_inference_runs5times/epoch_1/your_model_epoch_1/repeat_4/predictions/2olo_A_model_1_relaxed.pdb,False,14.807660668380452,7.66,33.79,389,unrelaxed,/users/sgmwu14/scratch/openfold_inference_runs5times/epoch_1/your_model_epoch_1/repeat_4/predictions/2olo_A_model_1_unrelaxed.pdb
1,4,4bp8_A,error,0,1,/users/sgmwu14/scratch/openfold_inference_runs5times/epoch_1/your_model_epoch_1/repeat_4/predictions/4bp8_A_model_1_unrelaxed.pdb,/users/sgmwu14/scratch/openfold_inference_runs5times/epoch_1/your_model_epoch_1/repeat_4/predictions/4bp8_A_model_1_relaxed.pdb,False,18.32868531468531,9.05,34.04,715,unrelaxed,/users/sgmwu14/scratch/openfold_inference_runs5times/epoch_1/your_model_epoch_1/repeat_4/predictions/4bp8_A_model_1_unrelaxed.pdb
1,4,5i6x_A,error,0,1,/users/sgmwu14/scratch/openfold_inference_runs5times/epoch_1/your_model_epoch_1/repeat_4/predictions/5i6x_A_model_1_unrelaxed.pdb,/users/sgmwu14/scratch/openfold_inference_runs5times/epoch_1/your_model_epoch_1/repeat_4/predictions/5i6x_A_model_1_relaxed.pdb,False,17.915683060109295,9.43,32.31,549,unrelaxed,/users/sgmwu14/scratch/openfold_inference_runs5times/epoch_1/your_model_epoch_1/repeat_4/predictions/5i6x_A_model_1_unrelaxed.pdb
1,4,6nbf_A,error,0,1,/users/sgmwu14/scratch/openfold_inference_runs5times/epoch_1/your_model_epoch_1/repeat_4/predictions/6nbf_A_model_1_unrelaxed.pdb,/users/sgmwu14/scratch/openfold_inference_runs5times/epoch_1/your_model_epoch_1/repeat_4/predictions/6nbf_A_model_1_relaxed.pdb,False,16.27125523012553,8.88,29.39,478,unrelaxed,/users/sgmwu14/scratch/openfold_inference_runs5times/epoch_1/your_model_epoch_1/repeat_4/predictions/6nbf_A_model_1_unrelaxed.pdb
1,4,6xpf_A,success,1,0,/users/sgmwu14/scratch/openfold_inference_runs5times/epoch_1/your_model_epoch_1/repeat_4/predictions/6xpf_A_model_1_unrelaxed.pdb,/users/sgmwu14/scratch/openfold_inference_runs5times/epoch_1/your_model_epoch_1/repeat_4/predictions/6xpf_A_model_1_relaxed.pdb,True,19.94465625000002,9.6,35.64,320,unrelaxed,/users/sgmwu14/scratch/openfold_inference_runs5times/epoch_1/your_model_epoch_1/repeat_4/predictions/6xpf_A_model_1_unrelaxed.pdb
1,4,7dsq_A,error,0,1,/users/sgmwu14/scratch/openfold_inference_runs5times/epoch_1/your_model_epoch_1/repeat_4/predictions/7dsq_A_model_1_unrelaxed.pdb,/users/sgmwu14/scratch/openfold_inference_runs5times/epoch_1/your_model_epoch_1/repeat_4/predictions/7dsq_A_model_1_relaxed.pdb,False,17.750193965517237,9.16,31.57,464,unrelaxed,/users/sgmwu14/scratch/openfold_inference_runs5times/epoch_1/your_model_epoch_1/repeat_4/predictions/7dsq_A_model_1_unrelaxed.pdb
1,4,7evw_A,error,0,1,/users/sgmwu14/scratch/openfold_inference_runs5times/epoch_1/your_model_epoch_1/repeat_4/predictions/7evw_A_model_1_unrelaxed.pdb,/users/sgmwu14/scratch/openfold_inference_runs5times/epoch_1/your_model_epoch_1/repeat_4/predictions/7evw_A_model_1_relaxed.pdb,False,15.01484140233723,7.18,31.88,599,unrelaxed,/users/sgmwu14/scratch/openfold_inference_runs5times/epoch_1/your_model_epoch_1/repeat_4/predictions/7evw_A_model_1_unrelaxed.pdb
1,5,2olo_A,success,1,0,/users/sgmwu14/scratch/openfold_inference_runs5times/epoch_1/your_model_epoch_1/repeat_5/predictions/2olo_A_model_1_unrelaxed.pdb,/users/sgmwu14/scratch/openfold_inference_runs5times/epoch_1/your_model_epoch_1/repeat_5/predictions/2olo_A_model_1_relaxed.pdb,True,14.514858611825169,7.61,35.64,389,unrelaxed,/users/sgmwu14/scratch/openfold_inference_runs5times/epoch_1/your_model_epoch_1/repeat_5/predictions/2olo_A_model_1_unrelaxed.pdb
1,5,4bp8_A,error,0,1,/users/sgmwu14/scratch/openfold_inference_runs5times/epoch_1/your_model_epoch_1/repeat_5/predictions/4bp8_A_model_1_unrelaxed.pdb,/users/sgmwu14/scratch/openfold_inference_runs5times/epoch_1/your_model_epoch_1/repeat_5/predictions/4bp8_A_model_1_relaxed.pdb,False,17.661999999999995,8.81,33.17,715,unrelaxed,/users/sgmwu14/scratch/openfold_inference_runs5times/epoch_1/your_model_epoch_1/repeat_5/predictions/4bp8_A_model_1_unrelaxed.pdb
1,5,5i6x_A,error,0,1,/users/sgmwu14/scratch/openfold_inference_runs5times/epoch_1/your_model_epoch_1/repeat_5/predictions/5i6x_A_model_1_unrelaxed.pdb,/users/sgmwu14/scratch/openfold_inference_runs5times/epoch_1/your_model_epoch_1/repeat_5/predictions/5i6x_A_model_1_relaxed.pdb,False,17.203770491803272,9.39,31.53,549,unrelaxed,/users/sgmwu14/scratch/openfold_inference_runs5times/epoch_1/your_model_epoch_1/repeat_5/predictions/5i6x_A_model_1_unrelaxed.pdb
1,5,6nbf_A,error,0,1,/users/sgmwu14/scratch/openfold_inference_runs5times/epoch_1/your_model_epoch_1/repeat_5/predictions/6nbf_A_model_1_unrelaxed.pdb,/users/sgmwu14/scratch/openfold_inference_runs5times/epoch_1/your_model_epoch_1/repeat_5/predictions/6nbf_A_model_1_relaxed.pdb,False,16.360000000000007,8.97,30.26,478,unrelaxed,/users/sgmwu14/scratch/openfold_inference_runs5times/epoch_1/your_model_epoch_1/repeat_5/predictions/6nbf_A_model_1_unrelaxed.pdb
1,5,6xpf_A,error,0,1,/users/sgmwu14/scratch/openfold_inference_runs5times/epoch_1/your_model_epoch_1/repeat_5/predictions/6xpf_A_model_1_unrelaxed.pdb,/users/sgmwu14/scratch/openfold_inference_runs5times/epoch_1/your_model_epoch_1/repeat_5/predictions/6xpf_A_model_1_relaxed.pdb,False,19.34890625000001,10.08,33.46,320,unrelaxed,/users/sgmwu14/scratch/openfold_inference_runs5times/epoch_1/your_model_epoch_1/repeat_5/predictions/6xpf_A_model_1_unrelaxed.pdb
1,5,7dsq_A,error,0,1,/users/sgmwu14/scratch/openfold_inference_runs5times/epoch_1/your_model_epoch_1/repeat_5/predictions/7dsq_A_model_1_unrelaxed.pdb,/users/sgmwu14/scratch/openfold_inference_runs5times/epoch_1/your_model_epoch_1/repeat_5/predictions/7dsq_A_model_1_relaxed.pdb,False,18.06183189655172,9.13,31.5,464,unrelaxed,/users/sgmwu14/scratch/openfold_inference_runs5times/epoch_1/your_model_epoch_1/repeat_5/predictions/7dsq_A_model_1_unrelaxed.pdb
1,5,7evw_A,error,0,1,/users/sgmwu14/scratch/openfold_inference_runs5times/epoch_1/your_model_epoch_1/repeat_5/predictions/7evw_A_model_1_unrelaxed.pdb,/users/sgmwu14/scratch/openfold_inference_runs5times/epoch_1/your_model_epoch_1/repeat_5/predictions/7evw_A_model_1_relaxed.pdb,False,15.516444073455752,8.14,32.4,599,unrelaxed,/users/sgmwu14/scratch/openfold_inference_runs5times/epoch_1/your_model_epoch_1/repeat_5/predictions/7evw_A_model_1_unrelaxed.pdb
2,1,2olo_A,success,1,0,/users/sgmwu14/scratch/openfold_inference_runs5times/epoch_2/your_model_epoch_2/repeat_1/predictions/2olo_A_model_1_unrelaxed.pdb,/users/sgmwu14/scratch/openfold_inference_runs5times/epoch_2/your_model_epoch_2/repeat_1/predictions/2olo_A_model_1_relaxed.pdb,True,29.929460154241653,23.84,48.66,389,unrelaxed,/users/sgmwu14/scratch/openfold_inference_runs5times/epoch_2/your_model_epoch_2/repeat_1/predictions/2olo_A_model_1_unrelaxed.pdb
2,1,4bp8_A,success,1,0,/users/sgmwu14/scratch/openfold_inference_runs5times/epoch_2/your_model_epoch_2/repeat_1/predictions/4bp8_A_model_1_unrelaxed.pdb,/users/sgmwu14/scratch/openfold_inference_runs5times/epoch_2/your_model_epoch_2/repeat_1/predictions/4bp8_A_model_1_relaxed.pdb,True,29.10844755244752,22.89,43.33,715,unrelaxed,/users/sgmwu14/scratch/openfold_inference_runs5times/epoch_2/your_model_epoch_2/repeat_1/predictions/4bp8_A_model_1_unrelaxed.pdb
2,1,5i6x_A,error,0,1,/users/sgmwu14/scratch/openfold_inference_runs5times/epoch_2/your_model_epoch_2/repeat_1/predictions/5i6x_A_model_1_unrelaxed.pdb,/users/sgmwu14/scratch/openfold_inference_runs5times/epoch_2/your_model_epoch_2/repeat_1/predictions/5i6x_A_model_1_relaxed.pdb,False,29.65125683060107,22.14,43.45,549,unrelaxed,/users/sgmwu14/scratch/openfold_inference_runs5times/epoch_2/your_model_epoch_2/repeat_1/predictions/5i6x_A_model_1_unrelaxed.pdb
2,1,6nbf_A,error,0,1,/users/sgmwu14/scratch/openfold_inference_runs5times/epoch_2/your_model_epoch_2/repeat_1/predictions/6nbf_A_model_1_unrelaxed.pdb,/users/sgmwu14/scratch/openfold_inference_runs5times/epoch_2/your_model_epoch_2/repeat_1/predictions/6nbf_A_model_1_relaxed.pdb,False,29.466025104602497,22.33,48.02,478,unrelaxed,/users/sgmwu14/scratch/openfold_inference_runs5times/epoch_2/your_model_epoch_2/repeat_1/predictions/6nbf_A_model_1_unrelaxed.pdb
2,1,6xpf_A,error,0,1,/users/sgmwu14/scratch/openfold_inference_runs5times/epoch_2/your_model_epoch_2/repeat_1/predictions/6xpf_A_model_1_unrelaxed.pdb,/users/sgmwu14/scratch/openfold_inference_runs5times/epoch_2/your_model_epoch_2/repeat_1/predictions/6xpf_A_model_1_relaxed.pdb,False,32.50337500000001,22.87,51.09,320,unrelaxed,/users/sgmwu14/scratch/openfold_inference_runs5times/epoch_2/your_model_epoch_2/repeat_1/predictions/6xpf_A_model_1_unrelaxed.pdb
2,1,7dsq_A,success,1,0,/users/sgmwu14/scratch/openfold_inference_runs5times/epoch_2/your_model_epoch_2/repeat_1/predictions/7dsq_A_model_1_unrelaxed.pdb,/users/sgmwu14/scratch/openfold_inference_runs5times/epoch_2/your_model_epoch_2/repeat_1/predictions/7dsq_A_model_1_relaxed.pdb,True,30.74575431034484,22.17,46.54,464,unrelaxed,/users/sgmwu14/scratch/openfold_inference_runs5times/epoch_2/your_model_epoch_2/repeat_1/predictions/7dsq_A_model_1_unrelaxed.pdb
2,1,7evw_A,error,0,1,/users/sgmwu14/scratch/openfold_inference_runs5times/epoch_2/your_model_epoch_2/repeat_1/predictions/7evw_A_model_1_unrelaxed.pdb,/users/sgmwu14/scratch/openfold_inference_runs5times/epoch_2/your_model_epoch_2/repeat_1/predictions/7evw_A_model_1_relaxed.pdb,False,28.45966611018361,19.11,41.94,599,unrelaxed,/users/sgmwu14/scratch/openfold_inference_runs5times/epoch_2/your_model_epoch_2/repeat_1/predictions/7evw_A_model_1_unrelaxed.pdb
2,2,2olo_A,success,1,0,/users/sgmwu14/scratch/openfold_inference_runs5times/epoch_2/your_model_epoch_2/repeat_2/predictions/2olo_A_model_1_unrelaxed.pdb,/users/sgmwu14/scratch/openfold_inference_runs5times/epoch_2/your_model_epoch_2/repeat_2/predictions/2olo_A_model_1_relaxed.pdb,True,29.666169665809768,23.73,48.23,389,unrelaxed,/users/sgmwu14/scratch/openfold_inference_runs5times/epoch_2/your_model_epoch_2/repeat_2/predictions/2olo_A_model_1_unrelaxed.pdb
2,2,4bp8_A,success,1,0,/users/sgmwu14/scratch/openfold_inference_runs5times/epoch_2/your_model_epoch_2/repeat_2/predictions/4bp8_A_model_1_unrelaxed.pdb,/users/sgmwu14/scratch/openfold_inference_runs5times/epoch_2/your_model_epoch_2/repeat_2/predictions/4bp8_A_model_1_relaxed.pdb,True,28.857076923076924,21.09,45.5,715,unrelaxed,/users/sgmwu14/scratch/openfold_inference_runs5times/epoch_2/your_model_epoch_2/repeat_2/predictions/4bp8_A_model_1_unrelaxed.pdb
2,2,5i6x_A,error,0,1,/users/sgmwu14/scratch/openfold_inference_runs5times/epoch_2/your_model_epoch_2/repeat_2/predictions/5i6x_A_model_1_unrelaxed.pdb,/users/sgmwu14/scratch/openfold_inference_runs5times/epoch_2/your_model_epoch_2/repeat_2/predictions/5i6x_A_model_1_relaxed.pdb,False,29.711785063752277,22.64,42.46,549,unrelaxed,/users/sgmwu14/scratch/openfold_inference_runs5times/epoch_2/your_model_epoch_2/repeat_2/predictions/5i6x_A_model_1_unrelaxed.pdb
2,2,6nbf_A,success,1,0,/users/sgmwu14/scratch/openfold_inference_runs5times/epoch_2/your_model_epoch_2/repeat_2/predictions/6nbf_A_model_1_unrelaxed.pdb,/users/sgmwu14/scratch/openfold_inference_runs5times/epoch_2/your_model_epoch_2/repeat_2/predictions/6nbf_A_model_1_relaxed.pdb,True,29.467866108786623,22.17,47.39,478,unrelaxed,/users/sgmwu14/scratch/openfold_inference_runs5times/epoch_2/your_model_epoch_2/repeat_2/predictions/6nbf_A_model_1_unrelaxed.pdb
2,2,6xpf_A,error,0,1,/users/sgmwu14/scratch/openfold_inference_runs5times/epoch_2/your_model_epoch_2/repeat_2/predictions/6xpf_A_model_1_unrelaxed.pdb,/users/sgmwu14/scratch/openfold_inference_runs5times/epoch_2/your_model_epoch_2/repeat_2/predictions/6xpf_A_model_1_relaxed.pdb,False,32.614625,23.5,49.06,320,unrelaxed,/users/sgmwu14/scratch/openfold_inference_runs5times/epoch_2/your_model_epoch_2/repeat_2/predictions/6xpf_A_model_1_unrelaxed.pdb
2,2,7dsq_A,error,0,1,/users/sgmwu14/scratch/openfold_inference_runs5times/epoch_2/your_model_epoch_2/repeat_2/predictions/7dsq_A_model_1_unrelaxed.pdb,/users/sgmwu14/scratch/openfold_inference_runs5times/epoch_2/your_model_epoch_2/repeat_2/predictions/7dsq_A_model_1_relaxed.pdb,False,30.724568965517253,22.7,45.69,464,unrelaxed,/users/sgmwu14/scratch/openfold_inference_runs5times/epoch_2/your_model_epoch_2/repeat_2/predictions/7dsq_A_model_1_unrelaxed.pdb
2,2,7evw_A,error,0,1,/users/sgmwu14/scratch/openfold_inference_runs5times/epoch_2/your_model_epoch_2/repeat_2/predictions/7evw_A_model_1_unrelaxed.pdb,/users/sgmwu14/scratch/openfold_inference_runs5times/epoch_2/your_model_epoch_2/repeat_2/predictions/7evw_A_model_1_relaxed.pdb,False,28.423505843071776,19.63,42.64,599,unrelaxed,/users/sgmwu14/scratch/openfold_inference_runs5times/epoch_2/your_model_epoch_2/repeat_2/predictions/7evw_A_model_1_unrelaxed.pdb
2,3,2olo_A,success,1,0,/users/sgmwu14/scratch/openfold_inference_runs5times/epoch_2/your_model_epoch_2/repeat_3/predictions/2olo_A_model_1_unrelaxed.pdb,/users/sgmwu14/scratch/openfold_inference_runs5times/epoch_2/your_model_epoch_2/repeat_3/predictions/2olo_A_model_1_relaxed.pdb,True,29.82724935732646,23.93,47.93,389,unrelaxed,/users/sgmwu14/scratch/openfold_inference_runs5times/epoch_2/your_model_epoch_2/repeat_3/predictions/2olo_A_model_1_unrelaxed.pdb
2,3,4bp8_A,success,1,0,/users/sgmwu14/scratch/openfold_inference_runs5times/epoch_2/your_model_epoch_2/repeat_3/predictions/4bp8_A_model_1_unrelaxed.pdb,/users/sgmwu14/scratch/openfold_inference_runs5times/epoch_2/your_model_epoch_2/repeat_3/predictions/4bp8_A_model_1_relaxed.pdb,True,28.974531468531435,22.2,45.12,715,unrelaxed,/users/sgmwu14/scratch/openfold_inference_runs5times/epoch_2/your_model_epoch_2/repeat_3/predictions/4bp8_A_model_1_unrelaxed.pdb
2,3,5i6x_A,error,0,1,/users/sgmwu14/scratch/openfold_inference_runs5times/epoch_2/your_model_epoch_2/repeat_3/predictions/5i6x_A_model_1_unrelaxed.pdb,/users/sgmwu14/scratch/openfold_inference_runs5times/epoch_2/your_model_epoch_2/repeat_3/predictions/5i6x_A_model_1_relaxed.pdb,False,29.44132969034609,21.6,43.33,549,unrelaxed,/users/sgmwu14/scratch/openfold_inference_runs5times/epoch_2/your_model_epoch_2/repeat_3/predictions/5i6x_A_model_1_unrelaxed.pdb
2,3,6nbf_A,error,0,1,/users/sgmwu14/scratch/openfold_inference_runs5times/epoch_2/your_model_epoch_2/repeat_3/predictions/6nbf_A_model_1_unrelaxed.pdb,/users/sgmwu14/scratch/openfold_inference_runs5times/epoch_2/your_model_epoch_2/repeat_3/predictions/6nbf_A_model_1_relaxed.pdb,False,29.606464435146457,22.84,48.36,478,unrelaxed,/users/sgmwu14/scratch/openfold_inference_runs5times/epoch_2/your_model_epoch_2/repeat_3/predictions/6nbf_A_model_1_unrelaxed.pdb
2,3,6xpf_A,success,1,0,/users/sgmwu14/scratch/openfold_inference_runs5times/epoch_2/your_model_epoch_2/repeat_3/predictions/6xpf_A_model_1_unrelaxed.pdb,/users/sgmwu14/scratch/openfold_inference_runs5times/epoch_2/your_model_epoch_2/repeat_3/predictions/6xpf_A_model_1_relaxed.pdb,True,32.53821875000003,23.32,50.35,320,unrelaxed,/users/sgmwu14/scratch/openfold_inference_runs5times/epoch_2/your_model_epoch_2/repeat_3/predictions/6xpf_A_model_1_unrelaxed.pdb
2,3,7dsq_A,success,1,0,/users/sgmwu14/scratch/openfold_inference_runs5times/epoch_2/your_model_epoch_2/repeat_3/predictions/7dsq_A_model_1_unrelaxed.pdb,/users/sgmwu14/scratch/openfold_inference_runs5times/epoch_2/your_model_epoch_2/repeat_3/predictions/7dsq_A_model_1_relaxed.pdb,True,30.616465517241373,22.78,45.93,464,unrelaxed,/users/sgmwu14/scratch/openfold_inference_runs5times/epoch_2/your_model_epoch_2/repeat_3/predictions/7dsq_A_model_1_unrelaxed.pdb
2,3,7evw_A,error,0,1,/users/sgmwu14/scratch/openfold_inference_runs5times/epoch_2/your_model_epoch_2/repeat_3/predictions/7evw_A_model_1_unrelaxed.pdb,/users/sgmwu14/scratch/openfold_inference_runs5times/epoch_2/your_model_epoch_2/repeat_3/predictions/7evw_A_model_1_relaxed.pdb,False,28.39076794657762,21.23,42.4,599,unrelaxed,/users/sgmwu14/scratch/openfold_inference_runs5times/epoch_2/your_model_epoch_2/repeat_3/predictions/7evw_A_model_1_unrelaxed.pdb
2,4,2olo_A,success,1,0,/users/sgmwu14/scratch/openfold_inference_runs5times/epoch_2/your_model_epoch_2/repeat_4/predictions/2olo_A_model_1_unrelaxed.pdb,/users/sgmwu14/scratch/openfold_inference_runs5times/epoch_2/your_model_epoch_2/repeat_4/predictions/2olo_A_model_1_relaxed.pdb,True,29.7562467866324,21.14,48.44,389,unrelaxed,/users/sgmwu14/scratch/openfold_inference_runs5times/epoch_2/your_model_epoch_2/repeat_4/predictions/2olo_A_model_1_unrelaxed.pdb
2,4,4bp8_A,error,0,1,/users/sgmwu14/scratch/openfold_inference_runs5times/epoch_2/your_model_epoch_2/repeat_4/predictions/4bp8_A_model_1_unrelaxed.pdb,/users/sgmwu14/scratch/openfold_inference_runs5times/epoch_2/your_model_epoch_2/repeat_4/predictions/4bp8_A_model_1_relaxed.pdb,False,28.8264895104895,21.79,45.51,715,unrelaxed,/users/sgmwu14/scratch/openfold_inference_runs5times/epoch_2/your_model_epoch_2/repeat_4/predictions/4bp8_A_model_1_unrelaxed.pdb
2,4,5i6x_A,success,1,0,/users/sgmwu14/scratch/openfold_inference_runs5times/epoch_2/your_model_epoch_2/repeat_4/predictions/5i6x_A_model_1_unrelaxed.pdb,/users/sgmwu14/scratch/openfold_inference_runs5times/epoch_2/your_model_epoch_2/repeat_4/predictions/5i6x_A_model_1_relaxed.pdb,True,29.716484517304192,22.99,42.14,549,unrelaxed,/users/sgmwu14/scratch/openfold_inference_runs5times/epoch_2/your_model_epoch_2/repeat_4/predictions/5i6x_A_model_1_unrelaxed.pdb
2,4,6nbf_A,success,1,0,/users/sgmwu14/scratch/openfold_inference_runs5times/epoch_2/your_model_epoch_2/repeat_4/predictions/6nbf_A_model_1_unrelaxed.pdb,/users/sgmwu14/scratch/openfold_inference_runs5times/epoch_2/your_model_epoch_2/repeat_4/predictions/6nbf_A_model_1_relaxed.pdb,True,29.63458158995815,21.49,47.81,478,unrelaxed,/users/sgmwu14/scratch/openfold_inference_runs5times/epoch_2/your_model_epoch_2/repeat_4/predictions/6nbf_A_model_1_unrelaxed.pdb
2,4,6xpf_A,success,1,0,/users/sgmwu14/scratch/openfold_inference_runs5times/epoch_2/your_model_epoch_2/repeat_4/predictions/6xpf_A_model_1_unrelaxed.pdb,/users/sgmwu14/scratch/openfold_inference_runs5times/epoch_2/your_model_epoch_2/repeat_4/predictions/6xpf_A_model_1_relaxed.pdb,True,32.239875,23.07,49.28,320,unrelaxed,/users/sgmwu14/scratch/openfold_inference_runs5times/epoch_2/your_model_epoch_2/repeat_4/predictions/6xpf_A_model_1_unrelaxed.pdb
2,4,7dsq_A,error,0,1,/users/sgmwu14/scratch/openfold_inference_runs5times/epoch_2/your_model_epoch_2/repeat_4/predictions/7dsq_A_model_1_unrelaxed.pdb,/users/sgmwu14/scratch/openfold_inference_runs5times/epoch_2/your_model_epoch_2/repeat_4/predictions/7dsq_A_model_1_relaxed.pdb,False,30.640387931034518,22.05,48.03,464,unrelaxed,/users/sgmwu14/scratch/openfold_inference_runs5times/epoch_2/your_model_epoch_2/repeat_4/predictions/7dsq_A_model_1_unrelaxed.pdb
2,4,7evw_A,error,0,1,/users/sgmwu14/scratch/openfold_inference_runs5times/epoch_2/your_model_epoch_2/repeat_4/predictions/7evw_A_model_1_unrelaxed.pdb,/users/sgmwu14/scratch/openfold_inference_runs5times/epoch_2/your_model_epoch_2/repeat_4/predictions/7evw_A_model_1_relaxed.pdb,False,28.468247078464096,19.35,41.81,599,unrelaxed,/users/sgmwu14/scratch/openfold_inference_runs5times/epoch_2/your_model_epoch_2/repeat_4/predictions/7evw_A_model_1_unrelaxed.pdb
2,5,2olo_A,success,1,0,/users/sgmwu14/scratch/openfold_inference_runs5times/epoch_2/your_model_epoch_2/repeat_5/predictions/2olo_A_model_1_unrelaxed.pdb,/users/sgmwu14/scratch/openfold_inference_runs5times/epoch_2/your_model_epoch_2/repeat_5/predictions/2olo_A_model_1_relaxed.pdb,True,29.743341902313613,23.37,47.53,389,unrelaxed,/users/sgmwu14/scratch/openfold_inference_runs5times/epoch_2/your_model_epoch_2/repeat_5/predictions/2olo_A_model_1_unrelaxed.pdb
2,5,4bp8_A,success,1,0,/users/sgmwu14/scratch/openfold_inference_runs5times/epoch_2/your_model_epoch_2/repeat_5/predictions/4bp8_A_model_1_unrelaxed.pdb,/users/sgmwu14/scratch/openfold_inference_runs5times/epoch_2/your_model_epoch_2/repeat_5/predictions/4bp8_A_model_1_relaxed.pdb,True,28.965132867132866,21.73,46.78,715,unrelaxed,/users/sgmwu14/scratch/openfold_inference_runs5times/epoch_2/your_model_epoch_2/repeat_5/predictions/4bp8_A_model_1_unrelaxed.pdb
2,5,5i6x_A,success,1,0,/users/sgmwu14/scratch/openfold_inference_runs5times/epoch_2/your_model_epoch_2/repeat_5/predictions/5i6x_A_model_1_unrelaxed.pdb,/users/sgmwu14/scratch/openfold_inference_runs5times/epoch_2/your_model_epoch_2/repeat_5/predictions/5i6x_A_model_1_relaxed.pdb,True,29.601493624772303,22.09,42.62,549,unrelaxed,/users/sgmwu14/scratch/openfold_inference_runs5times/epoch_2/your_model_epoch_2/repeat_5/predictions/5i6x_A_model_1_unrelaxed.pdb
2,5,6nbf_A,success,1,0,/users/sgmwu14/scratch/openfold_inference_runs5times/epoch_2/your_model_epoch_2/repeat_5/predictions/6nbf_A_model_1_unrelaxed.pdb,/users/sgmwu14/scratch/openfold_inference_runs5times/epoch_2/your_model_epoch_2/repeat_5/predictions/6nbf_A_model_1_relaxed.pdb,True,29.52801255230125,21.47,48.34,478,unrelaxed,/users/sgmwu14/scratch/openfold_inference_runs5times/epoch_2/your_model_epoch_2/repeat_5/predictions/6nbf_A_model_1_unrelaxed.pdb
2,5,6xpf_A,error,0,1,/users/sgmwu14/scratch/openfold_inference_runs5times/epoch_2/your_model_epoch_2/repeat_5/predictions/6xpf_A_model_1_unrelaxed.pdb,/users/sgmwu14/scratch/openfold_inference_runs5times/epoch_2/your_model_epoch_2/repeat_5/predictions/6xpf_A_model_1_relaxed.pdb,False,32.27928125000002,23.41,50.78,320,unrelaxed,/users/sgmwu14/scratch/openfold_inference_runs5times/epoch_2/your_model_epoch_2/repeat_5/predictions/6xpf_A_model_1_unrelaxed.pdb
2,5,7dsq_A,success,1,0,/users/sgmwu14/scratch/openfold_inference_runs5times/epoch_2/your_model_epoch_2/repeat_5/predictions/7dsq_A_model_1_unrelaxed.pdb,/users/sgmwu14/scratch/openfold_inference_runs5times/epoch_2/your_model_epoch_2/repeat_5/predictions/7dsq_A_model_1_relaxed.pdb,True,30.591400862068976,22.04,45.95,464,unrelaxed,/users/sgmwu14/scratch/openfold_inference_runs5times/epoch_2/your_model_epoch_2/repeat_5/predictions/7dsq_A_model_1_unrelaxed.pdb
2,5,7evw_A,success,1,0,/users/sgmwu14/scratch/openfold_inference_runs5times/epoch_2/your_model_epoch_2/repeat_5/predictions/7evw_A_model_1_unrelaxed.pdb,/users/sgmwu14/scratch/openfold_inference_runs5times/epoch_2/your_model_epoch_2/repeat_5/predictions/7evw_A_model_1_relaxed.pdb,True,28.642120200333878,22.14,43.12,599,unrelaxed,/users/sgmwu14/scratch/openfold_inference_runs5times/epoch_2/your_model_epoch_2/repeat_5/predictions/7evw_A_model_1_unrelaxed.pdb
3,1,2olo_A,success,1,0,/users/sgmwu14/scratch/openfold_inference_runs5times/epoch_3/your_model_epoch_3/repeat_1/predictions/2olo_A_model_1_unrelaxed.pdb,/users/sgmwu14/scratch/openfold_inference_runs5times/epoch_3/your_model_epoch_3/repeat_1/predictions/2olo_A_model_1_relaxed.pdb,True,35.75331619537277,25.41,58.51,389,unrelaxed,/users/sgmwu14/scratch/openfold_inference_runs5times/epoch_3/your_model_epoch_3/repeat_1/predictions/2olo_A_model_1_unrelaxed.pdb
3,1,4bp8_A,error,0,1,/users/sgmwu14/scratch/openfold_inference_runs5times/epoch_3/your_model_epoch_3/repeat_1/predictions/4bp8_A_model_1_unrelaxed.pdb,/users/sgmwu14/scratch/openfold_inference_runs5times/epoch_3/your_model_epoch_3/repeat_1/predictions/4bp8_A_model_1_relaxed.pdb,False,31.79419580419577,23.74,46.68,715,unrelaxed,/users/sgmwu14/scratch/openfold_inference_runs5times/epoch_3/your_model_epoch_3/repeat_1/predictions/4bp8_A_model_1_unrelaxed.pdb
3,1,5i6x_A,error,0,1,/users/sgmwu14/scratch/openfold_inference_runs5times/epoch_3/your_model_epoch_3/repeat_1/predictions/5i6x_A_model_1_unrelaxed.pdb,/users/sgmwu14/scratch/openfold_inference_runs5times/epoch_3/your_model_epoch_3/repeat_1/predictions/5i6x_A_model_1_relaxed.pdb,False,34.89358834244077,24.89,47.35,549,unrelaxed,/users/sgmwu14/scratch/openfold_inference_runs5times/epoch_3/your_model_epoch_3/repeat_1/predictions/5i6x_A_model_1_unrelaxed.pdb
3,1,6nbf_A,success,1,0,/users/sgmwu14/scratch/openfold_inference_runs5times/epoch_3/your_model_epoch_3/repeat_1/predictions/6nbf_A_model_1_unrelaxed.pdb,/users/sgmwu14/scratch/openfold_inference_runs5times/epoch_3/your_model_epoch_3/repeat_1/predictions/6nbf_A_model_1_relaxed.pdb,True,35.06060669456067,21.92,50.62,478,unrelaxed,/users/sgmwu14/scratch/openfold_inference_runs5times/epoch_3/your_model_epoch_3/repeat_1/predictions/6nbf_A_model_1_unrelaxed.pdb
3,1,6xpf_A,success,1,0,/users/sgmwu14/scratch/openfold_inference_runs5times/epoch_3/your_model_epoch_3/repeat_1/predictions/6xpf_A_model_1_unrelaxed.pdb,/users/sgmwu14/scratch/openfold_inference_runs5times/epoch_3/your_model_epoch_3/repeat_1/predictions/6xpf_A_model_1_relaxed.pdb,True,37.4023125,25.33,52.36,320,unrelaxed,/users/sgmwu14/scratch/openfold_inference_runs5times/epoch_3/your_model_epoch_3/repeat_1/predictions/6xpf_A_model_1_unrelaxed.pdb
3,1,7dsq_A,success,1,0,/users/sgmwu14/scratch/openfold_inference_runs5times/epoch_3/your_model_epoch_3/repeat_1/predictions/7dsq_A_model_1_unrelaxed.pdb,/users/sgmwu14/scratch/openfold_inference_runs5times/epoch_3/your_model_epoch_3/repeat_1/predictions/7dsq_A_model_1_relaxed.pdb,True,35.45463362068966,25.33,51.94,464,unrelaxed,/users/sgmwu14/scratch/openfold_inference_runs5times/epoch_3/your_model_epoch_3/repeat_1/predictions/7dsq_A_model_1_unrelaxed.pdb
3,1,7evw_A,error,0,1,/users/sgmwu14/scratch/openfold_inference_runs5times/epoch_3/your_model_epoch_3/repeat_1/predictions/7evw_A_model_1_unrelaxed.pdb,/users/sgmwu14/scratch/openfold_inference_runs5times/epoch_3/your_model_epoch_3/repeat_1/predictions/7evw_A_model_1_relaxed.pdb,False,34.572337228714495,25.06,48.67,599,unrelaxed,/users/sgmwu14/scratch/openfold_inference_runs5times/epoch_3/your_model_epoch_3/repeat_1/predictions/7evw_A_model_1_unrelaxed.pdb
3,2,2olo_A,success,1,0,/users/sgmwu14/scratch/openfold_inference_runs5times/epoch_3/your_model_epoch_3/repeat_2/predictions/2olo_A_model_1_unrelaxed.pdb,/users/sgmwu14/scratch/openfold_inference_runs5times/epoch_3/your_model_epoch_3/repeat_2/predictions/2olo_A_model_1_relaxed.pdb,True,35.593290488431855,24.79,59.16,389,unrelaxed,/users/sgmwu14/scratch/openfold_inference_runs5times/epoch_3/your_model_epoch_3/repeat_2/predictions/2olo_A_model_1_unrelaxed.pdb
3,2,4bp8_A,success,1,0,/users/sgmwu14/scratch/openfold_inference_runs5times/epoch_3/your_model_epoch_3/repeat_2/predictions/4bp8_A_model_1_unrelaxed.pdb,/users/sgmwu14/scratch/openfold_inference_runs5times/epoch_3/your_model_epoch_3/repeat_2/predictions/4bp8_A_model_1_relaxed.pdb,True,31.8131888111888,23.53,48.52,715,unrelaxed,/users/sgmwu14/scratch/openfold_inference_runs5times/epoch_3/your_model_epoch_3/repeat_2/predictions/4bp8_A_model_1_unrelaxed.pdb
3,2,5i6x_A,success,1,0,/users/sgmwu14/scratch/openfold_inference_runs5times/epoch_3/your_model_epoch_3/repeat_2/predictions/5i6x_A_model_1_unrelaxed.pdb,/users/sgmwu14/scratch/openfold_inference_runs5times/epoch_3/your_model_epoch_3/repeat_2/predictions/5i6x_A_model_1_relaxed.pdb,True,34.891766848816054,23.87,47.92,549,unrelaxed,/users/sgmwu14/scratch/openfold_inference_runs5times/epoch_3/your_model_epoch_3/repeat_2/predictions/5i6x_A_model_1_unrelaxed.pdb
3,2,6nbf_A,success,1,0,/users/sgmwu14/scratch/openfold_inference_runs5times/epoch_3/your_model_epoch_3/repeat_2/predictions/6nbf_A_model_1_unrelaxed.pdb,/users/sgmwu14/scratch/openfold_inference_runs5times/epoch_3/your_model_epoch_3/repeat_2/predictions/6nbf_A_model_1_relaxed.pdb,True,35.06558577405857,22.59,49.58,478,unrelaxed,/users/sgmwu14/scratch/openfold_inference_runs5times/epoch_3/your_model_epoch_3/repeat_2/predictions/6nbf_A_model_1_unrelaxed.pdb
3,2,6xpf_A,success,1,0,/users/sgmwu14/scratch/openfold_inference_runs5times/epoch_3/your_model_epoch_3/repeat_2/predictions/6xpf_A_model_1_unrelaxed.pdb,/users/sgmwu14/scratch/openfold_inference_runs5times/epoch_3/your_model_epoch_3/repeat_2/predictions/6xpf_A_model_1_relaxed.pdb,True,37.47296874999999,23.46,50.83,320,unrelaxed,/users/sgmwu14/scratch/openfold_inference_runs5times/epoch_3/your_model_epoch_3/repeat_2/predictions/6xpf_A_model_1_unrelaxed.pdb
3,2,7dsq_A,success,1,0,/users/sgmwu14/scratch/openfold_inference_runs5times/epoch_3/your_model_epoch_3/repeat_2/predictions/7dsq_A_model_1_unrelaxed.pdb,/users/sgmwu14/scratch/openfold_inference_runs5times/epoch_3/your_model_epoch_3/repeat_2/predictions/7dsq_A_model_1_relaxed.pdb,True,35.663340517241394,24.9,52.36,464,unrelaxed,/users/sgmwu14/scratch/openfold_inference_runs5times/epoch_3/your_model_epoch_3/repeat_2/predictions/7dsq_A_model_1_unrelaxed.pdb
3,2,7evw_A,error,0,1,/users/sgmwu14/scratch/openfold_inference_runs5times/epoch_3/your_model_epoch_3/repeat_2/predictions/7evw_A_model_1_unrelaxed.pdb,/users/sgmwu14/scratch/openfold_inference_runs5times/epoch_3/your_model_epoch_3/repeat_2/predictions/7evw_A_model_1_relaxed.pdb,False,34.720601001669394,25.48,53.65,599,unrelaxed,/users/sgmwu14/scratch/openfold_inference_runs5times/epoch_3/your_model_epoch_3/repeat_2/predictions/7evw_A_model_1_unrelaxed.pdb
3,3,2olo_A,success,1,0,/users/sgmwu14/scratch/openfold_inference_runs5times/epoch_3/your_model_epoch_3/repeat_3/predictions/2olo_A_model_1_unrelaxed.pdb,/users/sgmwu14/scratch/openfold_inference_runs5times/epoch_3/your_model_epoch_3/repeat_3/predictions/2olo_A_model_1_relaxed.pdb,True,35.659511568123435,24.75,58.9,389,unrelaxed,/users/sgmwu14/scratch/openfold_inference_runs5times/epoch_3/your_model_epoch_3/repeat_3/predictions/2olo_A_model_1_unrelaxed.pdb
3,3,4bp8_A,success,1,0,/users/sgmwu14/scratch/openfold_inference_runs5times/epoch_3/your_model_epoch_3/repeat_3/predictions/4bp8_A_model_1_unrelaxed.pdb,/users/sgmwu14/scratch/openfold_inference_runs5times/epoch_3/your_model_epoch_3/repeat_3/predictions/4bp8_A_model_1_relaxed.pdb,True,31.84977622377624,23.57,49.16,715,unrelaxed,/users/sgmwu14/scratch/openfold_inference_runs5times/epoch_3/your_model_epoch_3/repeat_3/predictions/4bp8_A_model_1_unrelaxed.pdb
3,3,5i6x_A,success,1,0,/users/sgmwu14/scratch/openfold_inference_runs5times/epoch_3/your_model_epoch_3/repeat_3/predictions/5i6x_A_model_1_unrelaxed.pdb,/users/sgmwu14/scratch/openfold_inference_runs5times/epoch_3/your_model_epoch_3/repeat_3/predictions/5i6x_A_model_1_relaxed.pdb,True,34.91533697632057,24.19,47.3,549,unrelaxed,/users/sgmwu14/scratch/openfold_inference_runs5times/epoch_3/your_model_epoch_3/repeat_3/predictions/5i6x_A_model_1_unrelaxed.pdb
3,3,6nbf_A,success,1,0,/users/sgmwu14/scratch/openfold_inference_runs5times/epoch_3/your_model_epoch_3/repeat_3/predictions/6nbf_A_model_1_unrelaxed.pdb,/users/sgmwu14/scratch/openfold_inference_runs5times/epoch_3/your_model_epoch_3/repeat_3/predictions/6nbf_A_model_1_relaxed.pdb,True,35.080753138075345,23.08,49.35,478,unrelaxed,/users/sgmwu14/scratch/openfold_inference_runs5times/epoch_3/your_model_epoch_3/repeat_3/predictions/6nbf_A_model_1_unrelaxed.pdb
3,3,6xpf_A,success,1,0,/users/sgmwu14/scratch/openfold_inference_runs5times/epoch_3/your_model_epoch_3/repeat_3/predictions/6xpf_A_model_1_unrelaxed.pdb,/users/sgmwu14/scratch/openfold_inference_runs5times/epoch_3/your_model_epoch_3/repeat_3/predictions/6xpf_A_model_1_relaxed.pdb,True,37.03565625,24.04,50.75,320,unrelaxed,/users/sgmwu14/scratch/openfold_inference_runs5times/epoch_3/your_model_epoch_3/repeat_3/predictions/6xpf_A_model_1_unrelaxed.pdb
3,3,7dsq_A,success,1,0,/users/sgmwu14/scratch/openfold_inference_runs5times/epoch_3/your_model_epoch_3/repeat_3/predictions/7dsq_A_model_1_unrelaxed.pdb,/users/sgmwu14/scratch/openfold_inference_runs5times/epoch_3/your_model_epoch_3/repeat_3/predictions/7dsq_A_model_1_relaxed.pdb,True,35.434137931034485,26.33,52.43,464,unrelaxed,/users/sgmwu14/scratch/openfold_inference_runs5times/epoch_3/your_model_epoch_3/repeat_3/predictions/7dsq_A_model_1_unrelaxed.pdb
3,3,7evw_A,success,1,0,/users/sgmwu14/scratch/openfold_inference_runs5times/epoch_3/your_model_epoch_3/repeat_3/predictions/7evw_A_model_1_unrelaxed.pdb,/users/sgmwu14/scratch/openfold_inference_runs5times/epoch_3/your_model_epoch_3/repeat_3/predictions/7evw_A_model_1_relaxed.pdb,True,34.65045075125208,24.93,50.47,599,unrelaxed,/users/sgmwu14/scratch/openfold_inference_runs5times/epoch_3/your_model_epoch_3/repeat_3/predictions/7evw_A_model_1_unrelaxed.pdb
3,4,2olo_A,success,1,0,/users/sgmwu14/scratch/openfold_inference_runs5times/epoch_3/your_model_epoch_3/repeat_4/predictions/2olo_A_model_1_unrelaxed.pdb,/users/sgmwu14/scratch/openfold_inference_runs5times/epoch_3/your_model_epoch_3/repeat_4/predictions/2olo_A_model_1_relaxed.pdb,True,35.6587146529563,25.27,61.08,389,unrelaxed,/users/sgmwu14/scratch/openfold_inference_runs5times/epoch_3/your_model_epoch_3/repeat_4/predictions/2olo_A_model_1_unrelaxed.pdb
3,4,4bp8_A,error,0,1,/users/sgmwu14/scratch/openfold_inference_runs5times/epoch_3/your_model_epoch_3/repeat_4/predictions/4bp8_A_model_1_unrelaxed.pdb,/users/sgmwu14/scratch/openfold_inference_runs5times/epoch_3/your_model_epoch_3/repeat_4/predictions/4bp8_A_model_1_relaxed.pdb,False,31.721524475524475,23.53,49.56,715,unrelaxed,/users/sgmwu14/scratch/openfold_inference_runs5times/epoch_3/your_model_epoch_3/repeat_4/predictions/4bp8_A_model_1_unrelaxed.pdb
3,4,5i6x_A,success,1,0,/users/sgmwu14/scratch/openfold_inference_runs5times/epoch_3/your_model_epoch_3/repeat_4/predictions/5i6x_A_model_1_unrelaxed.pdb,/users/sgmwu14/scratch/openfold_inference_runs5times/epoch_3/your_model_epoch_3/repeat_4/predictions/5i6x_A_model_1_relaxed.pdb,True,34.853825136612,24.65,46.54,549,unrelaxed,/users/sgmwu14/scratch/openfold_inference_runs5times/epoch_3/your_model_epoch_3/repeat_4/predictions/5i6x_A_model_1_unrelaxed.pdb
3,4,6nbf_A,success,1,0,/users/sgmwu14/scratch/openfold_inference_runs5times/epoch_3/your_model_epoch_3/repeat_4/predictions/6nbf_A_model_1_unrelaxed.pdb,/users/sgmwu14/scratch/openfold_inference_runs5times/epoch_3/your_model_epoch_3/repeat_4/predictions/6nbf_A_model_1_relaxed.pdb,True,35.2155439330544,22.46,49.78,478,unrelaxed,/users/sgmwu14/scratch/openfold_inference_runs5times/epoch_3/your_model_epoch_3/repeat_4/predictions/6nbf_A_model_1_unrelaxed.pdb
3,4,6xpf_A,success,1,0,/users/sgmwu14/scratch/openfold_inference_runs5times/epoch_3/your_model_epoch_3/repeat_4/predictions/6xpf_A_model_1_unrelaxed.pdb,/users/sgmwu14/scratch/openfold_inference_runs5times/epoch_3/your_model_epoch_3/repeat_4/predictions/6xpf_A_model_1_relaxed.pdb,True,36.81906249999998,24.99,48.11,320,unrelaxed,/users/sgmwu14/scratch/openfold_inference_runs5times/epoch_3/your_model_epoch_3/repeat_4/predictions/6xpf_A_model_1_unrelaxed.pdb
3,4,7dsq_A,error,0,1,/users/sgmwu14/scratch/openfold_inference_runs5times/epoch_3/your_model_epoch_3/repeat_4/predictions/7dsq_A_model_1_unrelaxed.pdb,/users/sgmwu14/scratch/openfold_inference_runs5times/epoch_3/your_model_epoch_3/repeat_4/predictions/7dsq_A_model_1_relaxed.pdb,False,35.37038793103446,25.53,51.53,464,unrelaxed,/users/sgmwu14/scratch/openfold_inference_runs5times/epoch_3/your_model_epoch_3/repeat_4/predictions/7dsq_A_model_1_unrelaxed.pdb
3,4,7evw_A,success,1,0,/users/sgmwu14/scratch/openfold_inference_runs5times/epoch_3/your_model_epoch_3/repeat_4/predictions/7evw_A_model_1_unrelaxed.pdb,/users/sgmwu14/scratch/openfold_inference_runs5times/epoch_3/your_model_epoch_3/repeat_4/predictions/7evw_A_model_1_relaxed.pdb,True,34.69774624373954,23.37,52.08,599,unrelaxed,/users/sgmwu14/scratch/openfold_inference_runs5times/epoch_3/your_model_epoch_3/repeat_4/predictions/7evw_A_model_1_unrelaxed.pdb
3,5,2olo_A,success,1,0,/users/sgmwu14/scratch/openfold_inference_runs5times/epoch_3/your_model_epoch_3/repeat_5/predictions/2olo_A_model_1_unrelaxed.pdb,/users/sgmwu14/scratch/openfold_inference_runs5times/epoch_3/your_model_epoch_3/repeat_5/predictions/2olo_A_model_1_relaxed.pdb,True,35.79131105398459,25.17,60.04,389,unrelaxed,/users/sgmwu14/scratch/openfold_inference_runs5times/epoch_3/your_model_epoch_3/repeat_5/predictions/2olo_A_model_1_unrelaxed.pdb
3,5,4bp8_A,error,0,1,/users/sgmwu14/scratch/openfold_inference_runs5times/epoch_3/your_model_epoch_3/repeat_5/predictions/4bp8_A_model_1_unrelaxed.pdb,/users/sgmwu14/scratch/openfold_inference_runs5times/epoch_3/your_model_epoch_3/repeat_5/predictions/4bp8_A_model_1_relaxed.pdb,False,31.66830769230769,24.01,46.55,715,unrelaxed,/users/sgmwu14/scratch/openfold_inference_runs5times/epoch_3/your_model_epoch_3/repeat_5/predictions/4bp8_A_model_1_unrelaxed.pdb
3,5,5i6x_A,success,1,0,/users/sgmwu14/scratch/openfold_inference_runs5times/epoch_3/your_model_epoch_3/repeat_5/predictions/5i6x_A_model_1_unrelaxed.pdb,/users/sgmwu14/scratch/openfold_inference_runs5times/epoch_3/your_model_epoch_3/repeat_5/predictions/5i6x_A_model_1_relaxed.pdb,True,34.68453551912569,24.12,47.27,549,unrelaxed,/users/sgmwu14/scratch/openfold_inference_runs5times/epoch_3/your_model_epoch_3/repeat_5/predictions/5i6x_A_model_1_unrelaxed.pdb
3,5,6nbf_A,success,1,0,/users/sgmwu14/scratch/openfold_inference_runs5times/epoch_3/your_model_epoch_3/repeat_5/predictions/6nbf_A_model_1_unrelaxed.pdb,/users/sgmwu14/scratch/openfold_inference_runs5times/epoch_3/your_model_epoch_3/repeat_5/predictions/6nbf_A_model_1_relaxed.pdb,True,35.36774058577408,23.67,48.34,478,unrelaxed,/users/sgmwu14/scratch/openfold_inference_runs5times/epoch_3/your_model_epoch_3/repeat_5/predictions/6nbf_A_model_1_unrelaxed.pdb
3,5,6xpf_A,success,1,0,/users/sgmwu14/scratch/openfold_inference_runs5times/epoch_3/your_model_epoch_3/repeat_5/predictions/6xpf_A_model_1_unrelaxed.pdb,/users/sgmwu14/scratch/openfold_inference_runs5times/epoch_3/your_model_epoch_3/repeat_5/predictions/6xpf_A_model_1_relaxed.pdb,True,37.28384375000002,24.12,48.65,320,unrelaxed,/users/sgmwu14/scratch/openfold_inference_runs5times/epoch_3/your_model_epoch_3/repeat_5/predictions/6xpf_A_model_1_unrelaxed.pdb
3,5,7dsq_A,success,1,0,/users/sgmwu14/scratch/openfold_inference_runs5times/epoch_3/your_model_epoch_3/repeat_5/predictions/7dsq_A_model_1_unrelaxed.pdb,/users/sgmwu14/scratch/openfold_inference_runs5times/epoch_3/your_model_epoch_3/repeat_5/predictions/7dsq_A_model_1_relaxed.pdb,True,35.50456896551724,25.04,53.44,464,unrelaxed,/users/sgmwu14/scratch/openfold_inference_runs5times/epoch_3/your_model_epoch_3/repeat_5/predictions/7dsq_A_model_1_unrelaxed.pdb
3,5,7evw_A,error,0,1,/users/sgmwu14/scratch/openfold_inference_runs5times/epoch_3/your_model_epoch_3/repeat_5/predictions/7evw_A_model_1_unrelaxed.pdb,/users/sgmwu14/scratch/openfold_inference_runs5times/epoch_3/your_model_epoch_3/repeat_5/predictions/7evw_A_model_1_relaxed.pdb,False,34.53058430717868,25.32,54.37,599,unrelaxed,/users/sgmwu14/scratch/openfold_inference_runs5times/epoch_3/your_model_epoch_3/repeat_5/predictions/7evw_A_model_1_unrelaxed.pdb
4,1,2olo_A,success,1,0,/users/sgmwu14/scratch/openfold_inference_runs5times/epoch_4/your_model_epoch_4/repeat_1/predictions/2olo_A_model_1_unrelaxed.pdb,/users/sgmwu14/scratch/openfold_inference_runs5times/epoch_4/your_model_epoch_4/repeat_1/predictions/2olo_A_model_1_relaxed.pdb,True,36.38606683804627,24.69,61.11,389,unrelaxed,/users/sgmwu14/scratch/openfold_inference_runs5times/epoch_4/your_model_epoch_4/repeat_1/predictions/2olo_A_model_1_unrelaxed.pdb
4,1,4bp8_A,success,1,0,/users/sgmwu14/scratch/openfold_inference_runs5times/epoch_4/your_model_epoch_4/repeat_1/predictions/4bp8_A_model_1_unrelaxed.pdb,/users/sgmwu14/scratch/openfold_inference_runs5times/epoch_4/your_model_epoch_4/repeat_1/predictions/4bp8_A_model_1_relaxed.pdb,True,34.11409790209788,25.45,56.99,715,unrelaxed,/users/sgmwu14/scratch/openfold_inference_runs5times/epoch_4/your_model_epoch_4/repeat_1/predictions/4bp8_A_model_1_unrelaxed.pdb
4,1,5i6x_A,success,1,0,/users/sgmwu14/scratch/openfold_inference_runs5times/epoch_4/your_model_epoch_4/repeat_1/predictions/5i6x_A_model_1_unrelaxed.pdb,/users/sgmwu14/scratch/openfold_inference_runs5times/epoch_4/your_model_epoch_4/repeat_1/predictions/5i6x_A_model_1_relaxed.pdb,True,35.686520947176696,23.55,50.16,549,unrelaxed,/users/sgmwu14/scratch/openfold_inference_runs5times/epoch_4/your_model_epoch_4/repeat_1/predictions/5i6x_A_model_1_unrelaxed.pdb
4,1,6nbf_A,success,1,0,/users/sgmwu14/scratch/openfold_inference_runs5times/epoch_4/your_model_epoch_4/repeat_1/predictions/6nbf_A_model_1_unrelaxed.pdb,/users/sgmwu14/scratch/openfold_inference_runs5times/epoch_4/your_model_epoch_4/repeat_1/predictions/6nbf_A_model_1_relaxed.pdb,True,37.23694560669458,24.27,55.45,478,unrelaxed,/users/sgmwu14/scratch/openfold_inference_runs5times/epoch_4/your_model_epoch_4/repeat_1/predictions/6nbf_A_model_1_unrelaxed.pdb
4,1,6xpf_A,success,1,0,/users/sgmwu14/scratch/openfold_inference_runs5times/epoch_4/your_model_epoch_4/repeat_1/predictions/6xpf_A_model_1_unrelaxed.pdb,/users/sgmwu14/scratch/openfold_inference_runs5times/epoch_4/your_model_epoch_4/repeat_1/predictions/6xpf_A_model_1_relaxed.pdb,True,40.45962500000003,23.49,58.92,320,unrelaxed,/users/sgmwu14/scratch/openfold_inference_runs5times/epoch_4/your_model_epoch_4/repeat_1/predictions/6xpf_A_model_1_unrelaxed.pdb
4,1,7dsq_A,success,1,0,/users/sgmwu14/scratch/openfold_inference_runs5times/epoch_4/your_model_epoch_4/repeat_1/predictions/7dsq_A_model_1_unrelaxed.pdb,/users/sgmwu14/scratch/openfold_inference_runs5times/epoch_4/your_model_epoch_4/repeat_1/predictions/7dsq_A_model_1_relaxed.pdb,True,38.414956896551686,24.88,50.96,464,unrelaxed,/users/sgmwu14/scratch/openfold_inference_runs5times/epoch_4/your_model_epoch_4/repeat_1/predictions/7dsq_A_model_1_unrelaxed.pdb
4,1,7evw_A,error,0,1,/users/sgmwu14/scratch/openfold_inference_runs5times/epoch_4/your_model_epoch_4/repeat_1/predictions/7evw_A_model_1_unrelaxed.pdb,/users/sgmwu14/scratch/openfold_inference_runs5times/epoch_4/your_model_epoch_4/repeat_1/predictions/7evw_A_model_1_relaxed.pdb,False,36.868313856427385,23.81,52.81,599,unrelaxed,/users/sgmwu14/scratch/openfold_inference_runs5times/epoch_4/your_model_epoch_4/repeat_1/predictions/7evw_A_model_1_unrelaxed.pdb
4,2,2olo_A,success,1,0,/users/sgmwu14/scratch/openfold_inference_runs5times/epoch_4/your_model_epoch_4/repeat_2/predictions/2olo_A_model_1_unrelaxed.pdb,/users/sgmwu14/scratch/openfold_inference_runs5times/epoch_4/your_model_epoch_4/repeat_2/predictions/2olo_A_model_1_relaxed.pdb,True,36.46946015424162,24.93,62.57,389,unrelaxed,/users/sgmwu14/scratch/openfold_inference_runs5times/epoch_4/your_model_epoch_4/repeat_2/predictions/2olo_A_model_1_unrelaxed.pdb
4,2,4bp8_A,error,0,1,/users/sgmwu14/scratch/openfold_inference_runs5times/epoch_4/your_model_epoch_4/repeat_2/predictions/4bp8_A_model_1_unrelaxed.pdb,/users/sgmwu14/scratch/openfold_inference_runs5times/epoch_4/your_model_epoch_4/repeat_2/predictions/4bp8_A_model_1_relaxed.pdb,False,34.03696503496503,24.24,53.65,715,unrelaxed,/users/sgmwu14/scratch/openfold_inference_runs5times/epoch_4/your_model_epoch_4/repeat_2/predictions/4bp8_A_model_1_unrelaxed.pdb
4,2,5i6x_A,error,0,1,/users/sgmwu14/scratch/openfold_inference_runs5times/epoch_4/your_model_epoch_4/repeat_2/predictions/5i6x_A_model_1_unrelaxed.pdb,/users/sgmwu14/scratch/openfold_inference_runs5times/epoch_4/your_model_epoch_4/repeat_2/predictions/5i6x_A_model_1_relaxed.pdb,False,36.11154826958105,23.87,47.46,549,unrelaxed,/users/sgmwu14/scratch/openfold_inference_runs5times/epoch_4/your_model_epoch_4/repeat_2/predictions/5i6x_A_model_1_unrelaxed.pdb
4,2,6nbf_A,success,1,0,/users/sgmwu14/scratch/openfold_inference_runs5times/epoch_4/your_model_epoch_4/repeat_2/predictions/6nbf_A_model_1_unrelaxed.pdb,/users/sgmwu14/scratch/openfold_inference_runs5times/epoch_4/your_model_epoch_4/repeat_2/predictions/6nbf_A_model_1_relaxed.pdb,True,37.352071129707134,24.39,58.08,478,unrelaxed,/users/sgmwu14/scratch/openfold_inference_runs5times/epoch_4/your_model_epoch_4/repeat_2/predictions/6nbf_A_model_1_unrelaxed.pdb
4,2,6xpf_A,success,1,0,/users/sgmwu14/scratch/openfold_inference_runs5times/epoch_4/your_model_epoch_4/repeat_2/predictions/6xpf_A_model_1_unrelaxed.pdb,/users/sgmwu14/scratch/openfold_inference_runs5times/epoch_4/your_model_epoch_4/repeat_2/predictions/6xpf_A_model_1_relaxed.pdb,True,40.76415624999997,23.12,56.97,320,unrelaxed,/users/sgmwu14/scratch/openfold_inference_runs5times/epoch_4/your_model_epoch_4/repeat_2/predictions/6xpf_A_model_1_unrelaxed.pdb
4,2,7dsq_A,error,0,1,/users/sgmwu14/scratch/openfold_inference_runs5times/epoch_4/your_model_epoch_4/repeat_2/predictions/7dsq_A_model_1_unrelaxed.pdb,/users/sgmwu14/scratch/openfold_inference_runs5times/epoch_4/your_model_epoch_4/repeat_2/predictions/7dsq_A_model_1_relaxed.pdb,False,38.60793103448282,24.01,52.17,464,unrelaxed,/users/sgmwu14/scratch/openfold_inference_runs5times/epoch_4/your_model_epoch_4/repeat_2/predictions/7dsq_A_model_1_unrelaxed.pdb
4,2,7evw_A,error,0,1,/users/sgmwu14/scratch/openfold_inference_runs5times/epoch_4/your_model_epoch_4/repeat_2/predictions/7evw_A_model_1_unrelaxed.pdb,/users/sgmwu14/scratch/openfold_inference_runs5times/epoch_4/your_model_epoch_4/repeat_2/predictions/7evw_A_model_1_relaxed.pdb,False,36.70958263772953,23.26,53.15,599,unrelaxed,/users/sgmwu14/scratch/openfold_inference_runs5times/epoch_4/your_model_epoch_4/repeat_2/predictions/7evw_A_model_1_unrelaxed.pdb
4,3,2olo_A,success,1,0,/users/sgmwu14/scratch/openfold_inference_runs5times/epoch_4/your_model_epoch_4/repeat_3/predictions/2olo_A_model_1_unrelaxed.pdb,/users/sgmwu14/scratch/openfold_inference_runs5times/epoch_4/your_model_epoch_4/repeat_3/predictions/2olo_A_model_1_relaxed.pdb,True,36.56562982005143,26.69,60.12,389,unrelaxed,/users/sgmwu14/scratch/openfold_inference_runs5times/epoch_4/your_model_epoch_4/repeat_3/predictions/2olo_A_model_1_unrelaxed.pdb
4,3,4bp8_A,success,1,0,/users/sgmwu14/scratch/openfold_inference_runs5times/epoch_4/your_model_epoch_4/repeat_3/predictions/4bp8_A_model_1_unrelaxed.pdb,/users/sgmwu14/scratch/openfold_inference_runs5times/epoch_4/your_model_epoch_4/repeat_3/predictions/4bp8_A_model_1_relaxed.pdb,True,34.18655944055947,25.04,55.49,715,unrelaxed,/users/sgmwu14/scratch/openfold_inference_runs5times/epoch_4/your_model_epoch_4/repeat_3/predictions/4bp8_A_model_1_unrelaxed.pdb
4,3,5i6x_A,success,1,0,/users/sgmwu14/scratch/openfold_inference_runs5times/epoch_4/your_model_epoch_4/repeat_3/predictions/5i6x_A_model_1_unrelaxed.pdb,/users/sgmwu14/scratch/openfold_inference_runs5times/epoch_4/your_model_epoch_4/repeat_3/predictions/5i6x_A_model_1_relaxed.pdb,True,36.46464480874314,23.77,48.81,549,unrelaxed,/users/sgmwu14/scratch/openfold_inference_runs5times/epoch_4/your_model_epoch_4/repeat_3/predictions/5i6x_A_model_1_unrelaxed.pdb
4,3,6nbf_A,success,1,0,/users/sgmwu14/scratch/openfold_inference_runs5times/epoch_4/your_model_epoch_4/repeat_3/predictions/6nbf_A_model_1_unrelaxed.pdb,/users/sgmwu14/scratch/openfold_inference_runs5times/epoch_4/your_model_epoch_4/repeat_3/predictions/6nbf_A_model_1_relaxed.pdb,True,37.34734309623428,24.45,56.94,478,unrelaxed,/users/sgmwu14/scratch/openfold_inference_runs5times/epoch_4/your_model_epoch_4/repeat_3/predictions/6nbf_A_model_1_unrelaxed.pdb
4,3,6xpf_A,success,1,0,/users/sgmwu14/scratch/openfold_inference_runs5times/epoch_4/your_model_epoch_4/repeat_3/predictions/6xpf_A_model_1_unrelaxed.pdb,/users/sgmwu14/scratch/openfold_inference_runs5times/epoch_4/your_model_epoch_4/repeat_3/predictions/6xpf_A_model_1_relaxed.pdb,True,39.80818749999999,23.63,56.01,320,unrelaxed,/users/sgmwu14/scratch/openfold_inference_runs5times/epoch_4/your_model_epoch_4/repeat_3/predictions/6xpf_A_model_1_unrelaxed.pdb
4,3,7dsq_A,error,0,1,/users/sgmwu14/scratch/openfold_inference_runs5times/epoch_4/your_model_epoch_4/repeat_3/predictions/7dsq_A_model_1_unrelaxed.pdb,/users/sgmwu14/scratch/openfold_inference_runs5times/epoch_4/your_model_epoch_4/repeat_3/predictions/7dsq_A_model_1_relaxed.pdb,False,38.50349137931033,24.43,52.43,464,unrelaxed,/users/sgmwu14/scratch/openfold_inference_runs5times/epoch_4/your_model_epoch_4/repeat_3/predictions/7dsq_A_model_1_unrelaxed.pdb
4,3,7evw_A,error,0,1,/users/sgmwu14/scratch/openfold_inference_runs5times/epoch_4/your_model_epoch_4/repeat_3/predictions/7evw_A_model_1_unrelaxed.pdb,/users/sgmwu14/scratch/openfold_inference_runs5times/epoch_4/your_model_epoch_4/repeat_3/predictions/7evw_A_model_1_relaxed.pdb,False,36.6997495826377,23.26,55.99,599,unrelaxed,/users/sgmwu14/scratch/openfold_inference_runs5times/epoch_4/your_model_epoch_4/repeat_3/predictions/7evw_A_model_1_unrelaxed.pdb
4,4,2olo_A,success,1,0,/users/sgmwu14/scratch/openfold_inference_runs5times/epoch_4/your_model_epoch_4/repeat_4/predictions/2olo_A_model_1_unrelaxed.pdb,/users/sgmwu14/scratch/openfold_inference_runs5times/epoch_4/your_model_epoch_4/repeat_4/predictions/2olo_A_model_1_relaxed.pdb,True,36.57508997429306,24.78,62.29,389,unrelaxed,/users/sgmwu14/scratch/openfold_inference_runs5times/epoch_4/your_model_epoch_4/repeat_4/predictions/2olo_A_model_1_unrelaxed.pdb
4,4,4bp8_A,success,1,0,/users/sgmwu14/scratch/openfold_inference_runs5times/epoch_4/your_model_epoch_4/repeat_4/predictions/4bp8_A_model_1_unrelaxed.pdb,/users/sgmwu14/scratch/openfold_inference_runs5times/epoch_4/your_model_epoch_4/repeat_4/predictions/4bp8_A_model_1_relaxed.pdb,True,34.003496503496486,23.96,53.59,715,unrelaxed,/users/sgmwu14/scratch/openfold_inference_runs5times/epoch_4/your_model_epoch_4/repeat_4/predictions/4bp8_A_model_1_unrelaxed.pdb
4,4,5i6x_A,success,1,0,/users/sgmwu14/scratch/openfold_inference_runs5times/epoch_4/your_model_epoch_4/repeat_4/predictions/5i6x_A_model_1_unrelaxed.pdb,/users/sgmwu14/scratch/openfold_inference_runs5times/epoch_4/your_model_epoch_4/repeat_4/predictions/5i6x_A_model_1_relaxed.pdb,True,35.660856102003656,24.66,49.23,549,unrelaxed,/users/sgmwu14/scratch/openfold_inference_runs5times/epoch_4/your_model_epoch_4/repeat_4/predictions/5i6x_A_model_1_unrelaxed.pdb
4,4,6nbf_A,success,1,0,/users/sgmwu14/scratch/openfold_inference_runs5times/epoch_4/your_model_epoch_4/repeat_4/predictions/6nbf_A_model_1_unrelaxed.pdb,/users/sgmwu14/scratch/openfold_inference_runs5times/epoch_4/your_model_epoch_4/repeat_4/predictions/6nbf_A_model_1_relaxed.pdb,True,37.64617154811719,24.64,54.84,478,unrelaxed,/users/sgmwu14/scratch/openfold_inference_runs5times/epoch_4/your_model_epoch_4/repeat_4/predictions/6nbf_A_model_1_unrelaxed.pdb
4,4,6xpf_A,success,1,0,/users/sgmwu14/scratch/openfold_inference_runs5times/epoch_4/your_model_epoch_4/repeat_4/predictions/6xpf_A_model_1_unrelaxed.pdb,/users/sgmwu14/scratch/openfold_inference_runs5times/epoch_4/your_model_epoch_4/repeat_4/predictions/6xpf_A_model_1_relaxed.pdb,True,39.55190625,23.36,55.53,320,unrelaxed,/users/sgmwu14/scratch/openfold_inference_runs5times/epoch_4/your_model_epoch_4/repeat_4/predictions/6xpf_A_model_1_unrelaxed.pdb
4,4,7dsq_A,success,1,0,/users/sgmwu14/scratch/openfold_inference_runs5times/epoch_4/your_model_epoch_4/repeat_4/predictions/7dsq_A_model_1_unrelaxed.pdb,/users/sgmwu14/scratch/openfold_inference_runs5times/epoch_4/your_model_epoch_4/repeat_4/predictions/7dsq_A_model_1_relaxed.pdb,True,38.29422413793104,24.14,50.67,464,unrelaxed,/users/sgmwu14/scratch/openfold_inference_runs5times/epoch_4/your_model_epoch_4/repeat_4/predictions/7dsq_A_model_1_unrelaxed.pdb
4,4,7evw_A,success,1,0,/users/sgmwu14/scratch/openfold_inference_runs5times/epoch_4/your_model_epoch_4/repeat_4/predictions/7evw_A_model_1_unrelaxed.pdb,/users/sgmwu14/scratch/openfold_inference_runs5times/epoch_4/your_model_epoch_4/repeat_4/predictions/7evw_A_model_1_relaxed.pdb,True,36.8770116861436,22.54,52.47,599,unrelaxed,/users/sgmwu14/scratch/openfold_inference_runs5times/epoch_4/your_model_epoch_4/repeat_4/predictions/7evw_A_model_1_unrelaxed.pdb
4,5,2olo_A,success,1,0,/users/sgmwu14/scratch/openfold_inference_runs5times/epoch_4/your_model_epoch_4/repeat_5/predictions/2olo_A_model_1_unrelaxed.pdb,/users/sgmwu14/scratch/openfold_inference_runs5times/epoch_4/your_model_epoch_4/repeat_5/predictions/2olo_A_model_1_relaxed.pdb,True,36.5645758354756,25.06,59.51,389,unrelaxed,/users/sgmwu14/scratch/openfold_inference_runs5times/epoch_4/your_model_epoch_4/repeat_5/predictions/2olo_A_model_1_unrelaxed.pdb
4,5,4bp8_A,error,0,1,/users/sgmwu14/scratch/openfold_inference_runs5times/epoch_4/your_model_epoch_4/repeat_5/predictions/4bp8_A_model_1_unrelaxed.pdb,/users/sgmwu14/scratch/openfold_inference_runs5times/epoch_4/your_model_epoch_4/repeat_5/predictions/4bp8_A_model_1_relaxed.pdb,False,34.086181818181835,24.45,55.41,715,unrelaxed,/users/sgmwu14/scratch/openfold_inference_runs5times/epoch_4/your_model_epoch_4/repeat_5/predictions/4bp8_A_model_1_unrelaxed.pdb
4,5,5i6x_A,error,0,1,/users/sgmwu14/scratch/openfold_inference_runs5times/epoch_4/your_model_epoch_4/repeat_5/predictions/5i6x_A_model_1_unrelaxed.pdb,/users/sgmwu14/scratch/openfold_inference_runs5times/epoch_4/your_model_epoch_4/repeat_5/predictions/5i6x_A_model_1_relaxed.pdb,False,36.32905282331512,23.62,48.33,549,unrelaxed,/users/sgmwu14/scratch/openfold_inference_runs5times/epoch_4/your_model_epoch_4/repeat_5/predictions/5i6x_A_model_1_unrelaxed.pdb
4,5,6nbf_A,success,1,0,/users/sgmwu14/scratch/openfold_inference_runs5times/epoch_4/your_model_epoch_4/repeat_5/predictions/6nbf_A_model_1_unrelaxed.pdb,/users/sgmwu14/scratch/openfold_inference_runs5times/epoch_4/your_model_epoch_4/repeat_5/predictions/6nbf_A_model_1_relaxed.pdb,True,37.35110878661087,24.35,55.55,478,unrelaxed,/users/sgmwu14/scratch/openfold_inference_runs5times/epoch_4/your_model_epoch_4/repeat_5/predictions/6nbf_A_model_1_unrelaxed.pdb
4,5,6xpf_A,success,1,0,/users/sgmwu14/scratch/openfold_inference_runs5times/epoch_4/your_model_epoch_4/repeat_5/predictions/6xpf_A_model_1_unrelaxed.pdb,/users/sgmwu14/scratch/openfold_inference_runs5times/epoch_4/your_model_epoch_4/repeat_5/predictions/6xpf_A_model_1_relaxed.pdb,True,40.5155,24.04,55.61,320,unrelaxed,/users/sgmwu14/scratch/openfold_inference_runs5times/epoch_4/your_model_epoch_4/repeat_5/predictions/6xpf_A_model_1_unrelaxed.pdb
4,5,7dsq_A,success,1,0,/users/sgmwu14/scratch/openfold_inference_runs5times/epoch_4/your_model_epoch_4/repeat_5/predictions/7dsq_A_model_1_unrelaxed.pdb,/users/sgmwu14/scratch/openfold_inference_runs5times/epoch_4/your_model_epoch_4/repeat_5/predictions/7dsq_A_model_1_relaxed.pdb,True,38.17887931034483,22.49,50.38,464,unrelaxed,/users/sgmwu14/scratch/openfold_inference_runs5times/epoch_4/your_model_epoch_4/repeat_5/predictions/7dsq_A_model_1_unrelaxed.pdb
4,5,7evw_A,success,1,0,/users/sgmwu14/scratch/openfold_inference_runs5times/epoch_4/your_model_epoch_4/repeat_5/predictions/7evw_A_model_1_unrelaxed.pdb,/users/sgmwu14/scratch/openfold_inference_runs5times/epoch_4/your_model_epoch_4/repeat_5/predictions/7evw_A_model_1_relaxed.pdb,True,36.68100166944913,23.61,54.96,599,unrelaxed,/users/sgmwu14/scratch/openfold_inference_runs5times/epoch_4/your_model_epoch_4/repeat_5/predictions/7evw_A_model_1_unrelaxed.pdb
5,1,2olo_A,success,1,0,/users/sgmwu14/scratch/openfold_inference_runs5times/epoch_5/your_model_epoch_5/repeat_1/predictions/2olo_A_model_1_unrelaxed.pdb,/users/sgmwu14/scratch/openfold_inference_runs5times/epoch_5/your_model_epoch_5/repeat_1/predictions/2olo_A_model_1_relaxed.pdb,True,38.20637532133679,26.5,59.46,389,unrelaxed,/users/sgmwu14/scratch/openfold_inference_runs5times/epoch_5/your_model_epoch_5/repeat_1/predictions/2olo_A_model_1_unrelaxed.pdb
5,1,4bp8_A,success,1,0,/users/sgmwu14/scratch/openfold_inference_runs5times/epoch_5/your_model_epoch_5/repeat_1/predictions/4bp8_A_model_1_unrelaxed.pdb,/users/sgmwu14/scratch/openfold_inference_runs5times/epoch_5/your_model_epoch_5/repeat_1/predictions/4bp8_A_model_1_relaxed.pdb,True,38.74605594405597,25.12,62.61,715,unrelaxed,/users/sgmwu14/scratch/openfold_inference_runs5times/epoch_5/your_model_epoch_5/repeat_1/predictions/4bp8_A_model_1_unrelaxed.pdb
5,1,5i6x_A,success,1,0,/users/sgmwu14/scratch/openfold_inference_runs5times/epoch_5/your_model_epoch_5/repeat_1/predictions/5i6x_A_model_1_unrelaxed.pdb,/users/sgmwu14/scratch/openfold_inference_runs5times/epoch_5/your_model_epoch_5/repeat_1/predictions/5i6x_A_model_1_relaxed.pdb,True,38.52948998178504,25.5,51.24,549,unrelaxed,/users/sgmwu14/scratch/openfold_inference_runs5times/epoch_5/your_model_epoch_5/repeat_1/predictions/5i6x_A_model_1_unrelaxed.pdb
5,1,6nbf_A,success,1,0,/users/sgmwu14/scratch/openfold_inference_runs5times/epoch_5/your_model_epoch_5/repeat_1/predictions/6nbf_A_model_1_unrelaxed.pdb,/users/sgmwu14/scratch/openfold_inference_runs5times/epoch_5/your_model_epoch_5/repeat_1/predictions/6nbf_A_model_1_relaxed.pdb,True,37.6749790794979,24.4,60.01,478,unrelaxed,/users/sgmwu14/scratch/openfold_inference_runs5times/epoch_5/your_model_epoch_5/repeat_1/predictions/6nbf_A_model_1_unrelaxed.pdb
5,1,6xpf_A,success,1,0,/users/sgmwu14/scratch/openfold_inference_runs5times/epoch_5/your_model_epoch_5/repeat_1/predictions/6xpf_A_model_1_unrelaxed.pdb,/users/sgmwu14/scratch/openfold_inference_runs5times/epoch_5/your_model_epoch_5/repeat_1/predictions/6xpf_A_model_1_relaxed.pdb,True,45.76934375000001,25.48,62.67,320,unrelaxed,/users/sgmwu14/scratch/openfold_inference_runs5times/epoch_5/your_model_epoch_5/repeat_1/predictions/6xpf_A_model_1_unrelaxed.pdb
5,1,7dsq_A,success,1,0,/users/sgmwu14/scratch/openfold_inference_runs5times/epoch_5/your_model_epoch_5/repeat_1/predictions/7dsq_A_model_1_unrelaxed.pdb,/users/sgmwu14/scratch/openfold_inference_runs5times/epoch_5/your_model_epoch_5/repeat_1/predictions/7dsq_A_model_1_relaxed.pdb,True,39.48002155172417,25.98,53.07,464,unrelaxed,/users/sgmwu14/scratch/openfold_inference_runs5times/epoch_5/your_model_epoch_5/repeat_1/predictions/7dsq_A_model_1_unrelaxed.pdb
5,1,7evw_A,error,0,1,/users/sgmwu14/scratch/openfold_inference_runs5times/epoch_5/your_model_epoch_5/repeat_1/predictions/7evw_A_model_1_unrelaxed.pdb,/users/sgmwu14/scratch/openfold_inference_runs5times/epoch_5/your_model_epoch_5/repeat_1/predictions/7evw_A_model_1_relaxed.pdb,False,37.29422370617696,23.37,55.81,599,unrelaxed,/users/sgmwu14/scratch/openfold_inference_runs5times/epoch_5/your_model_epoch_5/repeat_1/predictions/7evw_A_model_1_unrelaxed.pdb
5,2,2olo_A,success,1,0,/users/sgmwu14/scratch/openfold_inference_runs5times/epoch_5/your_model_epoch_5/repeat_2/predictions/2olo_A_model_1_unrelaxed.pdb,/users/sgmwu14/scratch/openfold_inference_runs5times/epoch_5/your_model_epoch_5/repeat_2/predictions/2olo_A_model_1_relaxed.pdb,True,38.26521850899741,25.72,62.28,389,unrelaxed,/users/sgmwu14/scratch/openfold_inference_runs5times/epoch_5/your_model_epoch_5/repeat_2/predictions/2olo_A_model_1_unrelaxed.pdb
5,2,4bp8_A,success,1,0,/users/sgmwu14/scratch/openfold_inference_runs5times/epoch_5/your_model_epoch_5/repeat_2/predictions/4bp8_A_model_1_unrelaxed.pdb,/users/sgmwu14/scratch/openfold_inference_runs5times/epoch_5/your_model_epoch_5/repeat_2/predictions/4bp8_A_model_1_relaxed.pdb,True,38.22176223776224,25.44,60.45,715,unrelaxed,/users/sgmwu14/scratch/openfold_inference_runs5times/epoch_5/your_model_epoch_5/repeat_2/predictions/4bp8_A_model_1_unrelaxed.pdb
5,2,5i6x_A,success,1,0,/users/sgmwu14/scratch/openfold_inference_runs5times/epoch_5/your_model_epoch_5/repeat_2/predictions/5i6x_A_model_1_unrelaxed.pdb,/users/sgmwu14/scratch/openfold_inference_runs5times/epoch_5/your_model_epoch_5/repeat_2/predictions/5i6x_A_model_1_relaxed.pdb,True,39.87378870673953,25.17,61.15,549,unrelaxed,/users/sgmwu14/scratch/openfold_inference_runs5times/epoch_5/your_model_epoch_5/repeat_2/predictions/5i6x_A_model_1_unrelaxed.pdb
5,2,6nbf_A,success,1,0,/users/sgmwu14/scratch/openfold_inference_runs5times/epoch_5/your_model_epoch_5/repeat_2/predictions/6nbf_A_model_1_unrelaxed.pdb,/users/sgmwu14/scratch/openfold_inference_runs5times/epoch_5/your_model_epoch_5/repeat_2/predictions/6nbf_A_model_1_relaxed.pdb,True,37.62276150627616,24.79,58.71,478,unrelaxed,/users/sgmwu14/scratch/openfold_inference_runs5times/epoch_5/your_model_epoch_5/repeat_2/predictions/6nbf_A_model_1_unrelaxed.pdb
5,2,6xpf_A,success,1,0,/users/sgmwu14/scratch/openfold_inference_runs5times/epoch_5/your_model_epoch_5/repeat_2/predictions/6xpf_A_model_1_unrelaxed.pdb,/users/sgmwu14/scratch/openfold_inference_runs5times/epoch_5/your_model_epoch_5/repeat_2/predictions/6xpf_A_model_1_relaxed.pdb,True,46.28074999999998,25.45,62.5,320,unrelaxed,/users/sgmwu14/scratch/openfold_inference_runs5times/epoch_5/your_model_epoch_5/repeat_2/predictions/6xpf_A_model_1_unrelaxed.pdb
5,2,7dsq_A,success,1,0,/users/sgmwu14/scratch/openfold_inference_runs5times/epoch_5/your_model_epoch_5/repeat_2/predictions/7dsq_A_model_1_unrelaxed.pdb,/users/sgmwu14/scratch/openfold_inference_runs5times/epoch_5/your_model_epoch_5/repeat_2/predictions/7dsq_A_model_1_relaxed.pdb,True,41.13017241379311,24.13,57.27,464,unrelaxed,/users/sgmwu14/scratch/openfold_inference_runs5times/epoch_5/your_model_epoch_5/repeat_2/predictions/7dsq_A_model_1_unrelaxed.pdb
5,2,7evw_A,success,1,0,/users/sgmwu14/scratch/openfold_inference_runs5times/epoch_5/your_model_epoch_5/repeat_2/predictions/7evw_A_model_1_unrelaxed.pdb,/users/sgmwu14/scratch/openfold_inference_runs5times/epoch_5/your_model_epoch_5/repeat_2/predictions/7evw_A_model_1_relaxed.pdb,True,37.84217028380636,23.31,59.59,599,unrelaxed,/users/sgmwu14/scratch/openfold_inference_runs5times/epoch_5/your_model_epoch_5/repeat_2/predictions/7evw_A_model_1_unrelaxed.pdb
5,3,2olo_A,success,1,0,/users/sgmwu14/scratch/openfold_inference_runs5times/epoch_5/your_model_epoch_5/repeat_3/predictions/2olo_A_model_1_unrelaxed.pdb,/users/sgmwu14/scratch/openfold_inference_runs5times/epoch_5/your_model_epoch_5/repeat_3/predictions/2olo_A_model_1_relaxed.pdb,True,38.16701799485859,26.17,61.85,389,unrelaxed,/users/sgmwu14/scratch/openfold_inference_runs5times/epoch_5/your_model_epoch_5/repeat_3/predictions/2olo_A_model_1_unrelaxed.pdb
5,3,4bp8_A,success,1,0,/users/sgmwu14/scratch/openfold_inference_runs5times/epoch_5/your_model_epoch_5/repeat_3/predictions/4bp8_A_model_1_unrelaxed.pdb,/users/sgmwu14/scratch/openfold_inference_runs5times/epoch_5/your_model_epoch_5/repeat_3/predictions/4bp8_A_model_1_relaxed.pdb,True,38.8135244755245,25.88,62.47,715,unrelaxed,/users/sgmwu14/scratch/openfold_inference_runs5times/epoch_5/your_model_epoch_5/repeat_3/predictions/4bp8_A_model_1_unrelaxed.pdb
5,3,5i6x_A,success,1,0,/users/sgmwu14/scratch/openfold_inference_runs5times/epoch_5/your_model_epoch_5/repeat_3/predictions/5i6x_A_model_1_unrelaxed.pdb,/users/sgmwu14/scratch/openfold_inference_runs5times/epoch_5/your_model_epoch_5/repeat_3/predictions/5i6x_A_model_1_relaxed.pdb,True,39.444262295081934,24.83,56.58,549,unrelaxed,/users/sgmwu14/scratch/openfold_inference_runs5times/epoch_5/your_model_epoch_5/repeat_3/predictions/5i6x_A_model_1_unrelaxed.pdb
5,3,6nbf_A,success,1,0,/users/sgmwu14/scratch/openfold_inference_runs5times/epoch_5/your_model_epoch_5/repeat_3/predictions/6nbf_A_model_1_unrelaxed.pdb,/users/sgmwu14/scratch/openfold_inference_runs5times/epoch_5/your_model_epoch_5/repeat_3/predictions/6nbf_A_model_1_relaxed.pdb,True,37.63776150627618,23.93,59.81,478,unrelaxed,/users/sgmwu14/scratch/openfold_inference_runs5times/epoch_5/your_model_epoch_5/repeat_3/predictions/6nbf_A_model_1_unrelaxed.pdb
5,3,6xpf_A,success,1,0,/users/sgmwu14/scratch/openfold_inference_runs5times/epoch_5/your_model_epoch_5/repeat_3/predictions/6xpf_A_model_1_unrelaxed.pdb,/users/sgmwu14/scratch/openfold_inference_runs5times/epoch_5/your_model_epoch_5/repeat_3/predictions/6xpf_A_model_1_relaxed.pdb,True,45.22196875000001,26.53,61.8,320,unrelaxed,/users/sgmwu14/scratch/openfold_inference_runs5times/epoch_5/your_model_epoch_5/repeat_3/predictions/6xpf_A_model_1_unrelaxed.pdb
5,3,7dsq_A,success,1,0,/users/sgmwu14/scratch/openfold_inference_runs5times/epoch_5/your_model_epoch_5/repeat_3/predictions/7dsq_A_model_1_unrelaxed.pdb,/users/sgmwu14/scratch/openfold_inference_runs5times/epoch_5/your_model_epoch_5/repeat_3/predictions/7dsq_A_model_1_relaxed.pdb,True,40.83426724137931,23.9,56.79,464,unrelaxed,/users/sgmwu14/scratch/openfold_inference_runs5times/epoch_5/your_model_epoch_5/repeat_3/predictions/7dsq_A_model_1_unrelaxed.pdb
5,3,7evw_A,success,1,0,/users/sgmwu14/scratch/openfold_inference_runs5times/epoch_5/your_model_epoch_5/repeat_3/predictions/7evw_A_model_1_unrelaxed.pdb,/users/sgmwu14/scratch/openfold_inference_runs5times/epoch_5/your_model_epoch_5/repeat_3/predictions/7evw_A_model_1_relaxed.pdb,True,37.43497495826374,23.18,57.65,599,unrelaxed,/users/sgmwu14/scratch/openfold_inference_runs5times/epoch_5/your_model_epoch_5/repeat_3/predictions/7evw_A_model_1_unrelaxed.pdb
5,4,2olo_A,success,1,0,/users/sgmwu14/scratch/openfold_inference_runs5times/epoch_5/your_model_epoch_5/repeat_4/predictions/2olo_A_model_1_unrelaxed.pdb,/users/sgmwu14/scratch/openfold_inference_runs5times/epoch_5/your_model_epoch_5/repeat_4/predictions/2olo_A_model_1_relaxed.pdb,True,37.670694087403625,26.67,58.55,389,unrelaxed,/users/sgmwu14/scratch/openfold_inference_runs5times/epoch_5/your_model_epoch_5/repeat_4/predictions/2olo_A_model_1_unrelaxed.pdb
5,4,4bp8_A,success,1,0,/users/sgmwu14/scratch/openfold_inference_runs5times/epoch_5/your_model_epoch_5/repeat_4/predictions/4bp8_A_model_1_unrelaxed.pdb,/users/sgmwu14/scratch/openfold_inference_runs5times/epoch_5/your_model_epoch_5/repeat_4/predictions/4bp8_A_model_1_relaxed.pdb,True,39.16118881118883,25.88,61.53,715,unrelaxed,/users/sgmwu14/scratch/openfold_inference_runs5times/epoch_5/your_model_epoch_5/repeat_4/predictions/4bp8_A_model_1_unrelaxed.pdb
5,4,5i6x_A,success,1,0,/users/sgmwu14/scratch/openfold_inference_runs5times/epoch_5/your_model_epoch_5/repeat_4/predictions/5i6x_A_model_1_unrelaxed.pdb,/users/sgmwu14/scratch/openfold_inference_runs5times/epoch_5/your_model_epoch_5/repeat_4/predictions/5i6x_A_model_1_relaxed.pdb,True,39.58728597449906,25.33,53.65,549,unrelaxed,/users/sgmwu14/scratch/openfold_inference_runs5times/epoch_5/your_model_epoch_5/repeat_4/predictions/5i6x_A_model_1_unrelaxed.pdb
5,4,6nbf_A,success,1,0,/users/sgmwu14/scratch/openfold_inference_runs5times/epoch_5/your_model_epoch_5/repeat_4/predictions/6nbf_A_model_1_unrelaxed.pdb,/users/sgmwu14/scratch/openfold_inference_runs5times/epoch_5/your_model_epoch_5/repeat_4/predictions/6nbf_A_model_1_relaxed.pdb,True,38.28345188284523,25.37,56.53,478,unrelaxed,/users/sgmwu14/scratch/openfold_inference_runs5times/epoch_5/your_model_epoch_5/repeat_4/predictions/6nbf_A_model_1_unrelaxed.pdb
5,4,6xpf_A,success,1,0,/users/sgmwu14/scratch/openfold_inference_runs5times/epoch_5/your_model_epoch_5/repeat_4/predictions/6xpf_A_model_1_unrelaxed.pdb,/users/sgmwu14/scratch/openfold_inference_runs5times/epoch_5/your_model_epoch_5/repeat_4/predictions/6xpf_A_model_1_relaxed.pdb,True,45.231656250000015,25.69,61.99,320,unrelaxed,/users/sgmwu14/scratch/openfold_inference_runs5times/epoch_5/your_model_epoch_5/repeat_4/predictions/6xpf_A_model_1_unrelaxed.pdb
5,4,7dsq_A,success,1,0,/users/sgmwu14/scratch/openfold_inference_runs5times/epoch_5/your_model_epoch_5/repeat_4/predictions/7dsq_A_model_1_unrelaxed.pdb,/users/sgmwu14/scratch/openfold_inference_runs5times/epoch_5/your_model_epoch_5/repeat_4/predictions/7dsq_A_model_1_relaxed.pdb,True,40.397392241379336,24.85,54.01,464,unrelaxed,/users/sgmwu14/scratch/openfold_inference_runs5times/epoch_5/your_model_epoch_5/repeat_4/predictions/7dsq_A_model_1_unrelaxed.pdb
5,4,7evw_A,success,1,0,/users/sgmwu14/scratch/openfold_inference_runs5times/epoch_5/your_model_epoch_5/repeat_4/predictions/7evw_A_model_1_unrelaxed.pdb,/users/sgmwu14/scratch/openfold_inference_runs5times/epoch_5/your_model_epoch_5/repeat_4/predictions/7evw_A_model_1_relaxed.pdb,True,37.59050083472459,24.21,61.15,599,unrelaxed,/users/sgmwu14/scratch/openfold_inference_runs5times/epoch_5/your_model_epoch_5/repeat_4/predictions/7evw_A_model_1_unrelaxed.pdb
5,5,2olo_A,success,1,0,/users/sgmwu14/scratch/openfold_inference_runs5times/epoch_5/your_model_epoch_5/repeat_5/predictions/2olo_A_model_1_unrelaxed.pdb,/users/sgmwu14/scratch/openfold_inference_runs5times/epoch_5/your_model_epoch_5/repeat_5/predictions/2olo_A_model_1_relaxed.pdb,True,37.953727506426695,26.82,61.86,389,unrelaxed,/users/sgmwu14/scratch/openfold_inference_runs5times/epoch_5/your_model_epoch_5/repeat_5/predictions/2olo_A_model_1_unrelaxed.pdb
5,5,4bp8_A,success,1,0,/users/sgmwu14/scratch/openfold_inference_runs5times/epoch_5/your_model_epoch_5/repeat_5/predictions/4bp8_A_model_1_unrelaxed.pdb,/users/sgmwu14/scratch/openfold_inference_runs5times/epoch_5/your_model_epoch_5/repeat_5/predictions/4bp8_A_model_1_relaxed.pdb,True,38.54325874125874,25.97,63.37,715,unrelaxed,/users/sgmwu14/scratch/openfold_inference_runs5times/epoch_5/your_model_epoch_5/repeat_5/predictions/4bp8_A_model_1_unrelaxed.pdb
5,5,5i6x_A,success,1,0,/users/sgmwu14/scratch/openfold_inference_runs5times/epoch_5/your_model_epoch_5/repeat_5/predictions/5i6x_A_model_1_unrelaxed.pdb,/users/sgmwu14/scratch/openfold_inference_runs5times/epoch_5/your_model_epoch_5/repeat_5/predictions/5i6x_A_model_1_relaxed.pdb,True,40.01938069216759,25.72,54.22,549,unrelaxed,/users/sgmwu14/scratch/openfold_inference_runs5times/epoch_5/your_model_epoch_5/repeat_5/predictions/5i6x_A_model_1_unrelaxed.pdb
5,5,6nbf_A,success,1,0,/users/sgmwu14/scratch/openfold_inference_runs5times/epoch_5/your_model_epoch_5/repeat_5/predictions/6nbf_A_model_1_unrelaxed.pdb,/users/sgmwu14/scratch/openfold_inference_runs5times/epoch_5/your_model_epoch_5/repeat_5/predictions/6nbf_A_model_1_relaxed.pdb,True,37.657196652719655,24.21,57.3,478,unrelaxed,/users/sgmwu14/scratch/openfold_inference_runs5times/epoch_5/your_model_epoch_5/repeat_5/predictions/6nbf_A_model_1_unrelaxed.pdb
5,5,6xpf_A,success,1,0,/users/sgmwu14/scratch/openfold_inference_runs5times/epoch_5/your_model_epoch_5/repeat_5/predictions/6xpf_A_model_1_unrelaxed.pdb,/users/sgmwu14/scratch/openfold_inference_runs5times/epoch_5/your_model_epoch_5/repeat_5/predictions/6xpf_A_model_1_relaxed.pdb,True,44.92565625000001,24.97,64.17,320,unrelaxed,/users/sgmwu14/scratch/openfold_inference_runs5times/epoch_5/your_model_epoch_5/repeat_5/predictions/6xpf_A_model_1_unrelaxed.pdb
5,5,7dsq_A,success,1,0,/users/sgmwu14/scratch/openfold_inference_runs5times/epoch_5/your_model_epoch_5/repeat_5/predictions/7dsq_A_model_1_unrelaxed.pdb,/users/sgmwu14/scratch/openfold_inference_runs5times/epoch_5/your_model_epoch_5/repeat_5/predictions/7dsq_A_model_1_relaxed.pdb,True,40.62405172413793,25.64,56.5,464,unrelaxed,/users/sgmwu14/scratch/openfold_inference_runs5times/epoch_5/your_model_epoch_5/repeat_5/predictions/7dsq_A_model_1_unrelaxed.pdb
5,5,7evw_A,success,1,0,/users/sgmwu14/scratch/openfold_inference_runs5times/epoch_5/your_model_epoch_5/repeat_5/predictions/7evw_A_model_1_unrelaxed.pdb,/users/sgmwu14/scratch/openfold_inference_runs5times/epoch_5/your_model_epoch_5/repeat_5/predictions/7evw_A_model_1_relaxed.pdb,True,37.829232053422366,23.56,58.9,599,unrelaxed,/users/sgmwu14/scratch/openfold_inference_runs5times/epoch_5/your_model_epoch_5/repeat_5/predictions/7evw_A_model_1_unrelaxed.pdb
6,1,2olo_A,success,1,0,/users/sgmwu14/scratch/openfold_inference_runs5times/epoch_6/your_model_epoch_6/repeat_1/predictions/2olo_A_model_1_unrelaxed.pdb,/users/sgmwu14/scratch/openfold_inference_runs5times/epoch_6/your_model_epoch_6/repeat_1/predictions/2olo_A_model_1_relaxed.pdb,True,42.371773778920286,26.42,67.56,389,unrelaxed,/users/sgmwu14/scratch/openfold_inference_runs5times/epoch_6/your_model_epoch_6/repeat_1/predictions/2olo_A_model_1_unrelaxed.pdb
6,1,4bp8_A,success,1,0,/users/sgmwu14/scratch/openfold_inference_runs5times/epoch_6/your_model_epoch_6/repeat_1/predictions/4bp8_A_model_1_unrelaxed.pdb,/users/sgmwu14/scratch/openfold_inference_runs5times/epoch_6/your_model_epoch_6/repeat_1/predictions/4bp8_A_model_1_relaxed.pdb,True,46.57647552447556,24.93,69.83,715,unrelaxed,/users/sgmwu14/scratch/openfold_inference_runs5times/epoch_6/your_model_epoch_6/repeat_1/predictions/4bp8_A_model_1_unrelaxed.pdb
6,1,5i6x_A,success,1,0,/users/sgmwu14/scratch/openfold_inference_runs5times/epoch_6/your_model_epoch_6/repeat_1/predictions/5i6x_A_model_1_unrelaxed.pdb,/users/sgmwu14/scratch/openfold_inference_runs5times/epoch_6/your_model_epoch_6/repeat_1/predictions/5i6x_A_model_1_relaxed.pdb,True,41.9132058287796,24.79,60.41,549,unrelaxed,/users/sgmwu14/scratch/openfold_inference_runs5times/epoch_6/your_model_epoch_6/repeat_1/predictions/5i6x_A_model_1_unrelaxed.pdb
6,1,6nbf_A,success,1,0,/users/sgmwu14/scratch/openfold_inference_runs5times/epoch_6/your_model_epoch_6/repeat_1/predictions/6nbf_A_model_1_unrelaxed.pdb,/users/sgmwu14/scratch/openfold_inference_runs5times/epoch_6/your_model_epoch_6/repeat_1/predictions/6nbf_A_model_1_relaxed.pdb,True,39.53608786610877,23.79,60.37,478,unrelaxed,/users/sgmwu14/scratch/openfold_inference_runs5times/epoch_6/your_model_epoch_6/repeat_1/predictions/6nbf_A_model_1_unrelaxed.pdb
6,1,6xpf_A,success,1,0,/users/sgmwu14/scratch/openfold_inference_runs5times/epoch_6/your_model_epoch_6/repeat_1/predictions/6xpf_A_model_1_unrelaxed.pdb,/users/sgmwu14/scratch/openfold_inference_runs5times/epoch_6/your_model_epoch_6/repeat_1/predictions/6xpf_A_model_1_relaxed.pdb,True,49.97306249999998,24.75,67.22,320,unrelaxed,/users/sgmwu14/scratch/openfold_inference_runs5times/epoch_6/your_model_epoch_6/repeat_1/predictions/6xpf_A_model_1_unrelaxed.pdb
6,1,7dsq_A,success,1,0,/users/sgmwu14/scratch/openfold_inference_runs5times/epoch_6/your_model_epoch_6/repeat_1/predictions/7dsq_A_model_1_unrelaxed.pdb,/users/sgmwu14/scratch/openfold_inference_runs5times/epoch_6/your_model_epoch_6/repeat_1/predictions/7dsq_A_model_1_relaxed.pdb,True,53.22579741379314,28.12,69.78,464,unrelaxed,/users/sgmwu14/scratch/openfold_inference_runs5times/epoch_6/your_model_epoch_6/repeat_1/predictions/7dsq_A_model_1_unrelaxed.pdb
6,1,7evw_A,error,0,1,/users/sgmwu14/scratch/openfold_inference_runs5times/epoch_6/your_model_epoch_6/repeat_1/predictions/7evw_A_model_1_unrelaxed.pdb,/users/sgmwu14/scratch/openfold_inference_runs5times/epoch_6/your_model_epoch_6/repeat_1/predictions/7evw_A_model_1_relaxed.pdb,False,40.283689482470784,23.57,62.89,599,unrelaxed,/users/sgmwu14/scratch/openfold_inference_runs5times/epoch_6/your_model_epoch_6/repeat_1/predictions/7evw_A_model_1_unrelaxed.pdb
6,2,2olo_A,error,0,1,/users/sgmwu14/scratch/openfold_inference_runs5times/epoch_6/your_model_epoch_6/repeat_2/predictions/2olo_A_model_1_unrelaxed.pdb,/users/sgmwu14/scratch/openfold_inference_runs5times/epoch_6/your_model_epoch_6/repeat_2/predictions/2olo_A_model_1_relaxed.pdb,False,41.894730077120805,26.89,66.34,389,unrelaxed,/users/sgmwu14/scratch/openfold_inference_runs5times/epoch_6/your_model_epoch_6/repeat_2/predictions/2olo_A_model_1_unrelaxed.pdb
6,2,4bp8_A,success,1,0,/users/sgmwu14/scratch/openfold_inference_runs5times/epoch_6/your_model_epoch_6/repeat_2/predictions/4bp8_A_model_1_unrelaxed.pdb,/users/sgmwu14/scratch/openfold_inference_runs5times/epoch_6/your_model_epoch_6/repeat_2/predictions/4bp8_A_model_1_relaxed.pdb,True,44.82630769230772,24.58,68.85,715,unrelaxed,/users/sgmwu14/scratch/openfold_inference_runs5times/epoch_6/your_model_epoch_6/repeat_2/predictions/4bp8_A_model_1_unrelaxed.pdb
6,2,5i6x_A,error,0,1,/users/sgmwu14/scratch/openfold_inference_runs5times/epoch_6/your_model_epoch_6/repeat_2/predictions/5i6x_A_model_1_unrelaxed.pdb,/users/sgmwu14/scratch/openfold_inference_runs5times/epoch_6/your_model_epoch_6/repeat_2/predictions/5i6x_A_model_1_relaxed.pdb,False,42.525828779599294,25.71,61.62,549,unrelaxed,/users/sgmwu14/scratch/openfold_inference_runs5times/epoch_6/your_model_epoch_6/repeat_2/predictions/5i6x_A_model_1_unrelaxed.pdb
6,2,6nbf_A,success,1,0,/users/sgmwu14/scratch/openfold_inference_runs5times/epoch_6/your_model_epoch_6/repeat_2/predictions/6nbf_A_model_1_unrelaxed.pdb,/users/sgmwu14/scratch/openfold_inference_runs5times/epoch_6/your_model_epoch_6/repeat_2/predictions/6nbf_A_model_1_relaxed.pdb,True,40.773577405857765,25.08,60.66,478,unrelaxed,/users/sgmwu14/scratch/openfold_inference_runs5times/epoch_6/your_model_epoch_6/repeat_2/predictions/6nbf_A_model_1_unrelaxed.pdb
6,2,6xpf_A,success,1,0,/users/sgmwu14/scratch/openfold_inference_runs5times/epoch_6/your_model_epoch_6/repeat_2/predictions/6xpf_A_model_1_unrelaxed.pdb,/users/sgmwu14/scratch/openfold_inference_runs5times/epoch_6/your_model_epoch_6/repeat_2/predictions/6xpf_A_model_1_relaxed.pdb,True,50.70628125000002,25.54,68.17,320,unrelaxed,/users/sgmwu14/scratch/openfold_inference_runs5times/epoch_6/your_model_epoch_6/repeat_2/predictions/6xpf_A_model_1_unrelaxed.pdb
6,2,7dsq_A,success,1,0,/users/sgmwu14/scratch/openfold_inference_runs5times/epoch_6/your_model_epoch_6/repeat_2/predictions/7dsq_A_model_1_unrelaxed.pdb,/users/sgmwu14/scratch/openfold_inference_runs5times/epoch_6/your_model_epoch_6/repeat_2/predictions/7dsq_A_model_1_relaxed.pdb,True,51.24109913793106,26.77,67.27,464,unrelaxed,/users/sgmwu14/scratch/openfold_inference_runs5times/epoch_6/your_model_epoch_6/repeat_2/predictions/7dsq_A_model_1_unrelaxed.pdb
6,2,7evw_A,error,0,1,/users/sgmwu14/scratch/openfold_inference_runs5times/epoch_6/your_model_epoch_6/repeat_2/predictions/7evw_A_model_1_unrelaxed.pdb,/users/sgmwu14/scratch/openfold_inference_runs5times/epoch_6/your_model_epoch_6/repeat_2/predictions/7evw_A_model_1_relaxed.pdb,False,40.38938230383978,24.2,64.14,599,unrelaxed,/users/sgmwu14/scratch/openfold_inference_runs5times/epoch_6/your_model_epoch_6/repeat_2/predictions/7evw_A_model_1_unrelaxed.pdb
6,3,2olo_A,success,1,0,/users/sgmwu14/scratch/openfold_inference_runs5times/epoch_6/your_model_epoch_6/repeat_3/predictions/2olo_A_model_1_unrelaxed.pdb,/users/sgmwu14/scratch/openfold_inference_runs5times/epoch_6/your_model_epoch_6/repeat_3/predictions/2olo_A_model_1_relaxed.pdb,True,42.81151670951153,26.85,68.15,389,unrelaxed,/users/sgmwu14/scratch/openfold_inference_runs5times/epoch_6/your_model_epoch_6/repeat_3/predictions/2olo_A_model_1_unrelaxed.pdb
6,3,4bp8_A,success,1,0,/users/sgmwu14/scratch/openfold_inference_runs5times/epoch_6/your_model_epoch_6/repeat_3/predictions/4bp8_A_model_1_unrelaxed.pdb,/users/sgmwu14/scratch/openfold_inference_runs5times/epoch_6/your_model_epoch_6/repeat_3/predictions/4bp8_A_model_1_relaxed.pdb,True,44.6776643356643,25.45,68.33,715,unrelaxed,/users/sgmwu14/scratch/openfold_inference_runs5times/epoch_6/your_model_epoch_6/repeat_3/predictions/4bp8_A_model_1_unrelaxed.pdb
6,3,5i6x_A,success,1,0,/users/sgmwu14/scratch/openfold_inference_runs5times/epoch_6/your_model_epoch_6/repeat_3/predictions/5i6x_A_model_1_unrelaxed.pdb,/users/sgmwu14/scratch/openfold_inference_runs5times/epoch_6/your_model_epoch_6/repeat_3/predictions/5i6x_A_model_1_relaxed.pdb,True,43.828524590163966,23.38,62.31,549,unrelaxed,/users/sgmwu14/scratch/openfold_inference_runs5times/epoch_6/your_model_epoch_6/repeat_3/predictions/5i6x_A_model_1_unrelaxed.pdb
6,3,6nbf_A,success,1,0,/users/sgmwu14/scratch/openfold_inference_runs5times/epoch_6/your_model_epoch_6/repeat_3/predictions/6nbf_A_model_1_unrelaxed.pdb,/users/sgmwu14/scratch/openfold_inference_runs5times/epoch_6/your_model_epoch_6/repeat_3/predictions/6nbf_A_model_1_relaxed.pdb,True,39.35094142259416,23.96,59.61,478,unrelaxed,/users/sgmwu14/scratch/openfold_inference_runs5times/epoch_6/your_model_epoch_6/repeat_3/predictions/6nbf_A_model_1_unrelaxed.pdb
6,3,6xpf_A,success,1,0,/users/sgmwu14/scratch/openfold_inference_runs5times/epoch_6/your_model_epoch_6/repeat_3/predictions/6xpf_A_model_1_unrelaxed.pdb,/users/sgmwu14/scratch/openfold_inference_runs5times/epoch_6/your_model_epoch_6/repeat_3/predictions/6xpf_A_model_1_relaxed.pdb,True,50.99415625,26.28,69.13,320,unrelaxed,/users/sgmwu14/scratch/openfold_inference_runs5times/epoch_6/your_model_epoch_6/repeat_3/predictions/6xpf_A_model_1_unrelaxed.pdb
6,3,7dsq_A,success,1,0,/users/sgmwu14/scratch/openfold_inference_runs5times/epoch_6/your_model_epoch_6/repeat_3/predictions/7dsq_A_model_1_unrelaxed.pdb,/users/sgmwu14/scratch/openfold_inference_runs5times/epoch_6/your_model_epoch_6/repeat_3/predictions/7dsq_A_model_1_relaxed.pdb,True,52.5460775862069,27.08,69.04,464,unrelaxed,/users/sgmwu14/scratch/openfold_inference_runs5times/epoch_6/your_model_epoch_6/repeat_3/predictions/7dsq_A_model_1_unrelaxed.pdb
6,3,7evw_A,success,1,0,/users/sgmwu14/scratch/openfold_inference_runs5times/epoch_6/your_model_epoch_6/repeat_3/predictions/7evw_A_model_1_unrelaxed.pdb,/users/sgmwu14/scratch/openfold_inference_runs5times/epoch_6/your_model_epoch_6/repeat_3/predictions/7evw_A_model_1_relaxed.pdb,True,41.34287145242069,24.07,63.65,599,unrelaxed,/users/sgmwu14/scratch/openfold_inference_runs5times/epoch_6/your_model_epoch_6/repeat_3/predictions/7evw_A_model_1_unrelaxed.pdb
6,4,2olo_A,success,1,0,/users/sgmwu14/scratch/openfold_inference_runs5times/epoch_6/your_model_epoch_6/repeat_4/predictions/2olo_A_model_1_unrelaxed.pdb,/users/sgmwu14/scratch/openfold_inference_runs5times/epoch_6/your_model_epoch_6/repeat_4/predictions/2olo_A_model_1_relaxed.pdb,True,41.703547557840594,25.73,66.84,389,unrelaxed,/users/sgmwu14/scratch/openfold_inference_runs5times/epoch_6/your_model_epoch_6/repeat_4/predictions/2olo_A_model_1_unrelaxed.pdb
6,4,4bp8_A,success,1,0,/users/sgmwu14/scratch/openfold_inference_runs5times/epoch_6/your_model_epoch_6/repeat_4/predictions/4bp8_A_model_1_unrelaxed.pdb,/users/sgmwu14/scratch/openfold_inference_runs5times/epoch_6/your_model_epoch_6/repeat_4/predictions/4bp8_A_model_1_relaxed.pdb,True,45.37005594405596,24.01,69.06,715,unrelaxed,/users/sgmwu14/scratch/openfold_inference_runs5times/epoch_6/your_model_epoch_6/repeat_4/predictions/4bp8_A_model_1_unrelaxed.pdb
6,4,5i6x_A,success,1,0,/users/sgmwu14/scratch/openfold_inference_runs5times/epoch_6/your_model_epoch_6/repeat_4/predictions/5i6x_A_model_1_unrelaxed.pdb,/users/sgmwu14/scratch/openfold_inference_runs5times/epoch_6/your_model_epoch_6/repeat_4/predictions/5i6x_A_model_1_relaxed.pdb,True,44.0063387978142,24.69,65.75,549,unrelaxed,/users/sgmwu14/scratch/openfold_inference_runs5times/epoch_6/your_model_epoch_6/repeat_4/predictions/5i6x_A_model_1_unrelaxed.pdb
6,4,6nbf_A,success,1,0,/users/sgmwu14/scratch/openfold_inference_runs5times/epoch_6/your_model_epoch_6/repeat_4/predictions/6nbf_A_model_1_unrelaxed.pdb,/users/sgmwu14/scratch/openfold_inference_runs5times/epoch_6/your_model_epoch_6/repeat_4/predictions/6nbf_A_model_1_relaxed.pdb,True,40.2346652719666,23.39,60.47,478,unrelaxed,/users/sgmwu14/scratch/openfold_inference_runs5times/epoch_6/your_model_epoch_6/repeat_4/predictions/6nbf_A_model_1_unrelaxed.pdb
6,4,6xpf_A,success,1,0,/users/sgmwu14/scratch/openfold_inference_runs5times/epoch_6/your_model_epoch_6/repeat_4/predictions/6xpf_A_model_1_unrelaxed.pdb,/users/sgmwu14/scratch/openfold_inference_runs5times/epoch_6/your_model_epoch_6/repeat_4/predictions/6xpf_A_model_1_relaxed.pdb,True,51.186062500000006,24.37,68.72,320,unrelaxed,/users/sgmwu14/scratch/openfold_inference_runs5times/epoch_6/your_model_epoch_6/repeat_4/predictions/6xpf_A_model_1_unrelaxed.pdb
6,4,7dsq_A,success,1,0,/users/sgmwu14/scratch/openfold_inference_runs5times/epoch_6/your_model_epoch_6/repeat_4/predictions/7dsq_A_model_1_unrelaxed.pdb,/users/sgmwu14/scratch/openfold_inference_runs5times/epoch_6/your_model_epoch_6/repeat_4/predictions/7dsq_A_model_1_relaxed.pdb,True,51.95428879310344,26.68,68.34,464,unrelaxed,/users/sgmwu14/scratch/openfold_inference_runs5times/epoch_6/your_model_epoch_6/repeat_4/predictions/7dsq_A_model_1_unrelaxed.pdb
6,4,7evw_A,error,0,1,/users/sgmwu14/scratch/openfold_inference_runs5times/epoch_6/your_model_epoch_6/repeat_4/predictions/7evw_A_model_1_unrelaxed.pdb,/users/sgmwu14/scratch/openfold_inference_runs5times/epoch_6/your_model_epoch_6/repeat_4/predictions/7evw_A_model_1_relaxed.pdb,False,40.49277128547581,23.67,63.88,599,unrelaxed,/users/sgmwu14/scratch/openfold_inference_runs5times/epoch_6/your_model_epoch_6/repeat_4/predictions/7evw_A_model_1_unrelaxed.pdb
6,5,2olo_A,success,1,0,/users/sgmwu14/scratch/openfold_inference_runs5times/epoch_6/your_model_epoch_6/repeat_5/predictions/2olo_A_model_1_unrelaxed.pdb,/users/sgmwu14/scratch/openfold_inference_runs5times/epoch_6/your_model_epoch_6/repeat_5/predictions/2olo_A_model_1_relaxed.pdb,True,42.28218508997429,26.42,64.51,389,unrelaxed,/users/sgmwu14/scratch/openfold_inference_runs5times/epoch_6/your_model_epoch_6/repeat_5/predictions/2olo_A_model_1_unrelaxed.pdb
6,5,4bp8_A,success,1,0,/users/sgmwu14/scratch/openfold_inference_runs5times/epoch_6/your_model_epoch_6/repeat_5/predictions/4bp8_A_model_1_unrelaxed.pdb,/users/sgmwu14/scratch/openfold_inference_runs5times/epoch_6/your_model_epoch_6/repeat_5/predictions/4bp8_A_model_1_relaxed.pdb,True,45.74860139860136,25.25,69.8,715,unrelaxed,/users/sgmwu14/scratch/openfold_inference_runs5times/epoch_6/your_model_epoch_6/repeat_5/predictions/4bp8_A_model_1_unrelaxed.pdb
6,5,5i6x_A,success,1,0,/users/sgmwu14/scratch/openfold_inference_runs5times/epoch_6/your_model_epoch_6/repeat_5/predictions/5i6x_A_model_1_unrelaxed.pdb,/users/sgmwu14/scratch/openfold_inference_runs5times/epoch_6/your_model_epoch_6/repeat_5/predictions/5i6x_A_model_1_relaxed.pdb,True,43.3695810564663,23.82,61.04,549,unrelaxed,/users/sgmwu14/scratch/openfold_inference_runs5times/epoch_6/your_model_epoch_6/repeat_5/predictions/5i6x_A_model_1_unrelaxed.pdb
6,5,6nbf_A,error,0,1,/users/sgmwu14/scratch/openfold_inference_runs5times/epoch_6/your_model_epoch_6/repeat_5/predictions/6nbf_A_model_1_unrelaxed.pdb,/users/sgmwu14/scratch/openfold_inference_runs5times/epoch_6/your_model_epoch_6/repeat_5/predictions/6nbf_A_model_1_relaxed.pdb,False,39.6297907949791,23.42,61.01,478,unrelaxed,/users/sgmwu14/scratch/openfold_inference_runs5times/epoch_6/your_model_epoch_6/repeat_5/predictions/6nbf_A_model_1_unrelaxed.pdb
6,5,6xpf_A,success,1,0,/users/sgmwu14/scratch/openfold_inference_runs5times/epoch_6/your_model_epoch_6/repeat_5/predictions/6xpf_A_model_1_unrelaxed.pdb,/users/sgmwu14/scratch/openfold_inference_runs5times/epoch_6/your_model_epoch_6/repeat_5/predictions/6xpf_A_model_1_relaxed.pdb,True,51.73506249999996,26.43,69.75,320,unrelaxed,/users/sgmwu14/scratch/openfold_inference_runs5times/epoch_6/your_model_epoch_6/repeat_5/predictions/6xpf_A_model_1_unrelaxed.pdb
6,5,7dsq_A,success,1,0,/users/sgmwu14/scratch/openfold_inference_runs5times/epoch_6/your_model_epoch_6/repeat_5/predictions/7dsq_A_model_1_unrelaxed.pdb,/users/sgmwu14/scratch/openfold_inference_runs5times/epoch_6/your_model_epoch_6/repeat_5/predictions/7dsq_A_model_1_relaxed.pdb,True,52.37762931034491,27.07,68.33,464,unrelaxed,/users/sgmwu14/scratch/openfold_inference_runs5times/epoch_6/your_model_epoch_6/repeat_5/predictions/7dsq_A_model_1_unrelaxed.pdb
6,5,7evw_A,error,0,1,/users/sgmwu14/scratch/openfold_inference_runs5times/epoch_6/your_model_epoch_6/repeat_5/predictions/7evw_A_model_1_unrelaxed.pdb,/users/sgmwu14/scratch/openfold_inference_runs5times/epoch_6/your_model_epoch_6/repeat_5/predictions/7evw_A_model_1_relaxed.pdb,False,40.75278797996664,24.4,62.77,599,unrelaxed,/users/sgmwu14/scratch/openfold_inference_runs5times/epoch_6/your_model_epoch_6/repeat_5/predictions/7evw_A_model_1_unrelaxed.pdb
7,1,2olo_A,success,1,0,/users/sgmwu14/scratch/openfold_inference_runs5times/epoch_7/your_model_epoch_7/repeat_1/predictions/2olo_A_model_1_unrelaxed.pdb,/users/sgmwu14/scratch/openfold_inference_runs5times/epoch_7/your_model_epoch_7/repeat_1/predictions/2olo_A_model_1_relaxed.pdb,True,41.57496143958872,25.14,64.98,389,unrelaxed,/users/sgmwu14/scratch/openfold_inference_runs5times/epoch_7/your_model_epoch_7/repeat_1/predictions/2olo_A_model_1_unrelaxed.pdb
7,1,4bp8_A,error,0,1,/users/sgmwu14/scratch/openfold_inference_runs5times/epoch_7/your_model_epoch_7/repeat_1/predictions/4bp8_A_model_1_unrelaxed.pdb,/users/sgmwu14/scratch/openfold_inference_runs5times/epoch_7/your_model_epoch_7/repeat_1/predictions/4bp8_A_model_1_relaxed.pdb,False,41.04467132867132,23.56,67.42,715,unrelaxed,/users/sgmwu14/scratch/openfold_inference_runs5times/epoch_7/your_model_epoch_7/repeat_1/predictions/4bp8_A_model_1_unrelaxed.pdb
7,1,5i6x_A,success,1,0,/users/sgmwu14/scratch/openfold_inference_runs5times/epoch_7/your_model_epoch_7/repeat_1/predictions/5i6x_A_model_1_unrelaxed.pdb,/users/sgmwu14/scratch/openfold_inference_runs5times/epoch_7/your_model_epoch_7/repeat_1/predictions/5i6x_A_model_1_relaxed.pdb,True,41.314189435336985,23.3,55.29,549,unrelaxed,/users/sgmwu14/scratch/openfold_inference_runs5times/epoch_7/your_model_epoch_7/repeat_1/predictions/5i6x_A_model_1_unrelaxed.pdb
7,1,6nbf_A,success,1,0,/users/sgmwu14/scratch/openfold_inference_runs5times/epoch_7/your_model_epoch_7/repeat_1/predictions/6nbf_A_model_1_unrelaxed.pdb,/users/sgmwu14/scratch/openfold_inference_runs5times/epoch_7/your_model_epoch_7/repeat_1/predictions/6nbf_A_model_1_relaxed.pdb,True,40.261882845188325,24.1,59.0,478,unrelaxed,/users/sgmwu14/scratch/openfold_inference_runs5times/epoch_7/your_model_epoch_7/repeat_1/predictions/6nbf_A_model_1_unrelaxed.pdb
7,1,6xpf_A,success,1,0,/users/sgmwu14/scratch/openfold_inference_runs5times/epoch_7/your_model_epoch_7/repeat_1/predictions/6xpf_A_model_1_unrelaxed.pdb,/users/sgmwu14/scratch/openfold_inference_runs5times/epoch_7/your_model_epoch_7/repeat_1/predictions/6xpf_A_model_1_relaxed.pdb,True,49.81493749999999,25.55,69.86,320,unrelaxed,/users/sgmwu14/scratch/openfold_inference_runs5times/epoch_7/your_model_epoch_7/repeat_1/predictions/6xpf_A_model_1_unrelaxed.pdb
7,1,7dsq_A,success,1,0,/users/sgmwu14/scratch/openfold_inference_runs5times/epoch_7/your_model_epoch_7/repeat_1/predictions/7dsq_A_model_1_unrelaxed.pdb,/users/sgmwu14/scratch/openfold_inference_runs5times/epoch_7/your_model_epoch_7/repeat_1/predictions/7dsq_A_model_1_relaxed.pdb,True,52.03922413793107,24.7,68.53,464,unrelaxed,/users/sgmwu14/scratch/openfold_inference_runs5times/epoch_7/your_model_epoch_7/repeat_1/predictions/7dsq_A_model_1_unrelaxed.pdb
7,1,7evw_A,error,0,1,/users/sgmwu14/scratch/openfold_inference_runs5times/epoch_7/your_model_epoch_7/repeat_1/predictions/7evw_A_model_1_unrelaxed.pdb,/users/sgmwu14/scratch/openfold_inference_runs5times/epoch_7/your_model_epoch_7/repeat_1/predictions/7evw_A_model_1_relaxed.pdb,False,40.61066777963271,23.6,62.06,599,unrelaxed,/users/sgmwu14/scratch/openfold_inference_runs5times/epoch_7/your_model_epoch_7/repeat_1/predictions/7evw_A_model_1_unrelaxed.pdb
7,2,2olo_A,success,1,0,/users/sgmwu14/scratch/openfold_inference_runs5times/epoch_7/your_model_epoch_7/repeat_2/predictions/2olo_A_model_1_unrelaxed.pdb,/users/sgmwu14/scratch/openfold_inference_runs5times/epoch_7/your_model_epoch_7/repeat_2/predictions/2olo_A_model_1_relaxed.pdb,True,40.25264781491002,24.26,65.31,389,unrelaxed,/users/sgmwu14/scratch/openfold_inference_runs5times/epoch_7/your_model_epoch_7/repeat_2/predictions/2olo_A_model_1_unrelaxed.pdb
7,2,4bp8_A,success,1,0,/users/sgmwu14/scratch/openfold_inference_runs5times/epoch_7/your_model_epoch_7/repeat_2/predictions/4bp8_A_model_1_unrelaxed.pdb,/users/sgmwu14/scratch/openfold_inference_runs5times/epoch_7/your_model_epoch_7/repeat_2/predictions/4bp8_A_model_1_relaxed.pdb,True,41.23352447552449,23.76,68.29,715,unrelaxed,/users/sgmwu14/scratch/openfold_inference_runs5times/epoch_7/your_model_epoch_7/repeat_2/predictions/4bp8_A_model_1_unrelaxed.pdb
7,2,5i6x_A,success,1,0,/users/sgmwu14/scratch/openfold_inference_runs5times/epoch_7/your_model_epoch_7/repeat_2/predictions/5i6x_A_model_1_unrelaxed.pdb,/users/sgmwu14/scratch/openfold_inference_runs5times/epoch_7/your_model_epoch_7/repeat_2/predictions/5i6x_A_model_1_relaxed.pdb,True,40.99316939890708,23.74,54.32,549,unrelaxed,/users/sgmwu14/scratch/openfold_inference_runs5times/epoch_7/your_model_epoch_7/repeat_2/predictions/5i6x_A_model_1_unrelaxed.pdb
7,2,6nbf_A,success,1,0,/users/sgmwu14/scratch/openfold_inference_runs5times/epoch_7/your_model_epoch_7/repeat_2/predictions/6nbf_A_model_1_unrelaxed.pdb,/users/sgmwu14/scratch/openfold_inference_runs5times/epoch_7/your_model_epoch_7/repeat_2/predictions/6nbf_A_model_1_relaxed.pdb,True,39.63527196652721,23.26,59.34,478,unrelaxed,/users/sgmwu14/scratch/openfold_inference_runs5times/epoch_7/your_model_epoch_7/repeat_2/predictions/6nbf_A_model_1_unrelaxed.pdb
7,2,6xpf_A,success,1,0,/users/sgmwu14/scratch/openfold_inference_runs5times/epoch_7/your_model_epoch_7/repeat_2/predictions/6xpf_A_model_1_unrelaxed.pdb,/users/sgmwu14/scratch/openfold_inference_runs5times/epoch_7/your_model_epoch_7/repeat_2/predictions/6xpf_A_model_1_relaxed.pdb,True,52.524406249999984,26.2,72.84,320,unrelaxed,/users/sgmwu14/scratch/openfold_inference_runs5times/epoch_7/your_model_epoch_7/repeat_2/predictions/6xpf_A_model_1_unrelaxed.pdb
7,2,7dsq_A,success,1,0,/users/sgmwu14/scratch/openfold_inference_runs5times/epoch_7/your_model_epoch_7/repeat_2/predictions/7dsq_A_model_1_unrelaxed.pdb,/users/sgmwu14/scratch/openfold_inference_runs5times/epoch_7/your_model_epoch_7/repeat_2/predictions/7dsq_A_model_1_relaxed.pdb,True,52.09997844827586,24.69,67.59,464,unrelaxed,/users/sgmwu14/scratch/openfold_inference_runs5times/epoch_7/your_model_epoch_7/repeat_2/predictions/7dsq_A_model_1_unrelaxed.pdb
7,2,7evw_A,success,1,0,/users/sgmwu14/scratch/openfold_inference_runs5times/epoch_7/your_model_epoch_7/repeat_2/predictions/7evw_A_model_1_unrelaxed.pdb,/users/sgmwu14/scratch/openfold_inference_runs5times/epoch_7/your_model_epoch_7/repeat_2/predictions/7evw_A_model_1_relaxed.pdb,True,39.4921702838063,22.19,58.25,599,unrelaxed,/users/sgmwu14/scratch/openfold_inference_runs5times/epoch_7/your_model_epoch_7/repeat_2/predictions/7evw_A_model_1_unrelaxed.pdb
7,3,2olo_A,success,1,0,/users/sgmwu14/scratch/openfold_inference_runs5times/epoch_7/your_model_epoch_7/repeat_3/predictions/2olo_A_model_1_unrelaxed.pdb,/users/sgmwu14/scratch/openfold_inference_runs5times/epoch_7/your_model_epoch_7/repeat_3/predictions/2olo_A_model_1_relaxed.pdb,True,40.41943444730076,25.06,64.24,389,unrelaxed,/users/sgmwu14/scratch/openfold_inference_runs5times/epoch_7/your_model_epoch_7/repeat_3/predictions/2olo_A_model_1_unrelaxed.pdb
7,3,4bp8_A,error,0,1,/users/sgmwu14/scratch/openfold_inference_runs5times/epoch_7/your_model_epoch_7/repeat_3/predictions/4bp8_A_model_1_unrelaxed.pdb,/users/sgmwu14/scratch/openfold_inference_runs5times/epoch_7/your_model_epoch_7/repeat_3/predictions/4bp8_A_model_1_relaxed.pdb,False,37.87576223776222,23.36,58.1,715,unrelaxed,/users/sgmwu14/scratch/openfold_inference_runs5times/epoch_7/your_model_epoch_7/repeat_3/predictions/4bp8_A_model_1_unrelaxed.pdb
7,3,5i6x_A,success,1,0,/users/sgmwu14/scratch/openfold_inference_runs5times/epoch_7/your_model_epoch_7/repeat_3/predictions/5i6x_A_model_1_unrelaxed.pdb,/users/sgmwu14/scratch/openfold_inference_runs5times/epoch_7/your_model_epoch_7/repeat_3/predictions/5i6x_A_model_1_relaxed.pdb,True,40.9196174863388,23.8,54.51,549,unrelaxed,/users/sgmwu14/scratch/openfold_inference_runs5times/epoch_7/your_model_epoch_7/repeat_3/predictions/5i6x_A_model_1_unrelaxed.pdb
7,3,6nbf_A,success,1,0,/users/sgmwu14/scratch/openfold_inference_runs5times/epoch_7/your_model_epoch_7/repeat_3/predictions/6nbf_A_model_1_unrelaxed.pdb,/users/sgmwu14/scratch/openfold_inference_runs5times/epoch_7/your_model_epoch_7/repeat_3/predictions/6nbf_A_model_1_relaxed.pdb,True,40.45953974895402,22.8,61.45,478,unrelaxed,/users/sgmwu14/scratch/openfold_inference_runs5times/epoch_7/your_model_epoch_7/repeat_3/predictions/6nbf_A_model_1_unrelaxed.pdb
7,3,6xpf_A,success,1,0,/users/sgmwu14/scratch/openfold_inference_runs5times/epoch_7/your_model_epoch_7/repeat_3/predictions/6xpf_A_model_1_unrelaxed.pdb,/users/sgmwu14/scratch/openfold_inference_runs5times/epoch_7/your_model_epoch_7/repeat_3/predictions/6xpf_A_model_1_relaxed.pdb,True,49.411750000000005,26.2,70.96,320,unrelaxed,/users/sgmwu14/scratch/openfold_inference_runs5times/epoch_7/your_model_epoch_7/repeat_3/predictions/6xpf_A_model_1_unrelaxed.pdb
7,3,7dsq_A,success,1,0,/users/sgmwu14/scratch/openfold_inference_runs5times/epoch_7/your_model_epoch_7/repeat_3/predictions/7dsq_A_model_1_unrelaxed.pdb,/users/sgmwu14/scratch/openfold_inference_runs5times/epoch_7/your_model_epoch_7/repeat_3/predictions/7dsq_A_model_1_relaxed.pdb,True,53.33174568965524,24.16,69.13,464,unrelaxed,/users/sgmwu14/scratch/openfold_inference_runs5times/epoch_7/your_model_epoch_7/repeat_3/predictions/7dsq_A_model_1_unrelaxed.pdb
7,3,7evw_A,success,1,0,/users/sgmwu14/scratch/openfold_inference_runs5times/epoch_7/your_model_epoch_7/repeat_3/predictions/7evw_A_model_1_unrelaxed.pdb,/users/sgmwu14/scratch/openfold_inference_runs5times/epoch_7/your_model_epoch_7/repeat_3/predictions/7evw_A_model_1_relaxed.pdb,True,40.29126878130216,23.01,60.64,599,unrelaxed,/users/sgmwu14/scratch/openfold_inference_runs5times/epoch_7/your_model_epoch_7/repeat_3/predictions/7evw_A_model_1_unrelaxed.pdb
7,4,2olo_A,success,1,0,/users/sgmwu14/scratch/openfold_inference_runs5times/epoch_7/your_model_epoch_7/repeat_4/predictions/2olo_A_model_1_unrelaxed.pdb,/users/sgmwu14/scratch/openfold_inference_runs5times/epoch_7/your_model_epoch_7/repeat_4/predictions/2olo_A_model_1_relaxed.pdb,True,40.37017994858609,24.54,63.08,389,unrelaxed,/users/sgmwu14/scratch/openfold_inference_runs5times/epoch_7/your_model_epoch_7/repeat_4/predictions/2olo_A_model_1_unrelaxed.pdb
7,4,4bp8_A,success,1,0,/users/sgmwu14/scratch/openfold_inference_runs5times/epoch_7/your_model_epoch_7/repeat_4/predictions/4bp8_A_model_1_unrelaxed.pdb,/users/sgmwu14/scratch/openfold_inference_runs5times/epoch_7/your_model_epoch_7/repeat_4/predictions/4bp8_A_model_1_relaxed.pdb,True,40.2265874125874,23.57,69.02,715,unrelaxed,/users/sgmwu14/scratch/openfold_inference_runs5times/epoch_7/your_model_epoch_7/repeat_4/predictions/4bp8_A_model_1_unrelaxed.pdb
7,4,5i6x_A,success,1,0,/users/sgmwu14/scratch/openfold_inference_runs5times/epoch_7/your_model_epoch_7/repeat_4/predictions/5i6x_A_model_1_unrelaxed.pdb,/users/sgmwu14/scratch/openfold_inference_runs5times/epoch_7/your_model_epoch_7/repeat_4/predictions/5i6x_A_model_1_relaxed.pdb,True,42.64974499089249,23.84,60.99,549,unrelaxed,/users/sgmwu14/scratch/openfold_inference_runs5times/epoch_7/your_model_epoch_7/repeat_4/predictions/5i6x_A_model_1_unrelaxed.pdb
7,4,6nbf_A,success,1,0,/users/sgmwu14/scratch/openfold_inference_runs5times/epoch_7/your_model_epoch_7/repeat_4/predictions/6nbf_A_model_1_unrelaxed.pdb,/users/sgmwu14/scratch/openfold_inference_runs5times/epoch_7/your_model_epoch_7/repeat_4/predictions/6nbf_A_model_1_relaxed.pdb,True,41.53407949790792,24.23,60.72,478,unrelaxed,/users/sgmwu14/scratch/openfold_inference_runs5times/epoch_7/your_model_epoch_7/repeat_4/predictions/6nbf_A_model_1_unrelaxed.pdb
7,4,6xpf_A,success,1,0,/users/sgmwu14/scratch/openfold_inference_runs5times/epoch_7/your_model_epoch_7/repeat_4/predictions/6xpf_A_model_1_unrelaxed.pdb,/users/sgmwu14/scratch/openfold_inference_runs5times/epoch_7/your_model_epoch_7/repeat_4/predictions/6xpf_A_model_1_relaxed.pdb,True,52.78418749999996,25.85,72.73,320,unrelaxed,/users/sgmwu14/scratch/openfold_inference_runs5times/epoch_7/your_model_epoch_7/repeat_4/predictions/6xpf_A_model_1_unrelaxed.pdb
7,4,7dsq_A,success,1,0,/users/sgmwu14/scratch/openfold_inference_runs5times/epoch_7/your_model_epoch_7/repeat_4/predictions/7dsq_A_model_1_unrelaxed.pdb,/users/sgmwu14/scratch/openfold_inference_runs5times/epoch_7/your_model_epoch_7/repeat_4/predictions/7dsq_A_model_1_relaxed.pdb,True,52.0498922413793,24.05,67.9,464,unrelaxed,/users/sgmwu14/scratch/openfold_inference_runs5times/epoch_7/your_model_epoch_7/repeat_4/predictions/7dsq_A_model_1_unrelaxed.pdb
7,4,7evw_A,success,1,0,/users/sgmwu14/scratch/openfold_inference_runs5times/epoch_7/your_model_epoch_7/repeat_4/predictions/7evw_A_model_1_unrelaxed.pdb,/users/sgmwu14/scratch/openfold_inference_runs5times/epoch_7/your_model_epoch_7/repeat_4/predictions/7evw_A_model_1_relaxed.pdb,True,38.87250417362272,24.36,62.64,599,unrelaxed,/users/sgmwu14/scratch/openfold_inference_runs5times/epoch_7/your_model_epoch_7/repeat_4/predictions/7evw_A_model_1_unrelaxed.pdb
7,5,2olo_A,success,1,0,/users/sgmwu14/scratch/openfold_inference_runs5times/epoch_7/your_model_epoch_7/repeat_5/predictions/2olo_A_model_1_unrelaxed.pdb,/users/sgmwu14/scratch/openfold_inference_runs5times/epoch_7/your_model_epoch_7/repeat_5/predictions/2olo_A_model_1_relaxed.pdb,True,41.50848329048846,24.74,65.09,389,unrelaxed,/users/sgmwu14/scratch/openfold_inference_runs5times/epoch_7/your_model_epoch_7/repeat_5/predictions/2olo_A_model_1_unrelaxed.pdb
7,5,4bp8_A,success,1,0,/users/sgmwu14/scratch/openfold_inference_runs5times/epoch_7/your_model_epoch_7/repeat_5/predictions/4bp8_A_model_1_unrelaxed.pdb,/users/sgmwu14/scratch/openfold_inference_runs5times/epoch_7/your_model_epoch_7/repeat_5/predictions/4bp8_A_model_1_relaxed.pdb,True,40.17026573426572,24.76,69.61,715,unrelaxed,/users/sgmwu14/scratch/openfold_inference_runs5times/epoch_7/your_model_epoch_7/repeat_5/predictions/4bp8_A_model_1_unrelaxed.pdb
7,5,5i6x_A,error,0,1,/users/sgmwu14/scratch/openfold_inference_runs5times/epoch_7/your_model_epoch_7/repeat_5/predictions/5i6x_A_model_1_unrelaxed.pdb,/users/sgmwu14/scratch/openfold_inference_runs5times/epoch_7/your_model_epoch_7/repeat_5/predictions/5i6x_A_model_1_relaxed.pdb,False,40.28105646630238,22.22,53.88,549,unrelaxed,/users/sgmwu14/scratch/openfold_inference_runs5times/epoch_7/your_model_epoch_7/repeat_5/predictions/5i6x_A_model_1_unrelaxed.pdb
7,5,6nbf_A,success,1,0,/users/sgmwu14/scratch/openfold_inference_runs5times/epoch_7/your_model_epoch_7/repeat_5/predictions/6nbf_A_model_1_unrelaxed.pdb,/users/sgmwu14/scratch/openfold_inference_runs5times/epoch_7/your_model_epoch_7/repeat_5/predictions/6nbf_A_model_1_relaxed.pdb,True,41.17278242677824,24.23,61.45,478,unrelaxed,/users/sgmwu14/scratch/openfold_inference_runs5times/epoch_7/your_model_epoch_7/repeat_5/predictions/6nbf_A_model_1_unrelaxed.pdb
7,5,6xpf_A,success,1,0,/users/sgmwu14/scratch/openfold_inference_runs5times/epoch_7/your_model_epoch_7/repeat_5/predictions/6xpf_A_model_1_unrelaxed.pdb,/users/sgmwu14/scratch/openfold_inference_runs5times/epoch_7/your_model_epoch_7/repeat_5/predictions/6xpf_A_model_1_relaxed.pdb,True,51.260062500000025,25.12,70.14,320,unrelaxed,/users/sgmwu14/scratch/openfold_inference_runs5times/epoch_7/your_model_epoch_7/repeat_5/predictions/6xpf_A_model_1_unrelaxed.pdb
7,5,7dsq_A,success,1,0,/users/sgmwu14/scratch/openfold_inference_runs5times/epoch_7/your_model_epoch_7/repeat_5/predictions/7dsq_A_model_1_unrelaxed.pdb,/users/sgmwu14/scratch/openfold_inference_runs5times/epoch_7/your_model_epoch_7/repeat_5/predictions/7dsq_A_model_1_relaxed.pdb,True,52.49480603448276,24.82,68.23,464,unrelaxed,/users/sgmwu14/scratch/openfold_inference_runs5times/epoch_7/your_model_epoch_7/repeat_5/predictions/7dsq_A_model_1_unrelaxed.pdb
7,5,7evw_A,success,1,0,/users/sgmwu14/scratch/openfold_inference_runs5times/epoch_7/your_model_epoch_7/repeat_5/predictions/7evw_A_model_1_unrelaxed.pdb,/users/sgmwu14/scratch/openfold_inference_runs5times/epoch_7/your_model_epoch_7/repeat_5/predictions/7evw_A_model_1_relaxed.pdb,True,39.47601001669454,21.79,60.77,599,unrelaxed,/users/sgmwu14/scratch/openfold_inference_runs5times/epoch_7/your_model_epoch_7/repeat_5/predictions/7evw_A_model_1_unrelaxed.pdb
8,1,2olo_A,success,1,0,/users/sgmwu14/scratch/openfold_inference_runs5times/epoch_8/your_model_epoch_8/repeat_1/predictions/2olo_A_model_1_unrelaxed.pdb,/users/sgmwu14/scratch/openfold_inference_runs5times/epoch_8/your_model_epoch_8/repeat_1/predictions/2olo_A_model_1_relaxed.pdb,True,47.79046272493574,27.47,71.47,389,unrelaxed,/users/sgmwu14/scratch/openfold_inference_runs5times/epoch_8/your_model_epoch_8/repeat_1/predictions/2olo_A_model_1_unrelaxed.pdb
8,1,4bp8_A,success,1,0,/users/sgmwu14/scratch/openfold_inference_runs5times/epoch_8/your_model_epoch_8/repeat_1/predictions/4bp8_A_model_1_unrelaxed.pdb,/users/sgmwu14/scratch/openfold_inference_runs5times/epoch_8/your_model_epoch_8/repeat_1/predictions/4bp8_A_model_1_relaxed.pdb,True,53.7259160839161,26.72,74.74,715,unrelaxed,/users/sgmwu14/scratch/openfold_inference_runs5times/epoch_8/your_model_epoch_8/repeat_1/predictions/4bp8_A_model_1_unrelaxed.pdb
8,1,5i6x_A,success,1,0,/users/sgmwu14/scratch/openfold_inference_runs5times/epoch_8/your_model_epoch_8/repeat_1/predictions/5i6x_A_model_1_unrelaxed.pdb,/users/sgmwu14/scratch/openfold_inference_runs5times/epoch_8/your_model_epoch_8/repeat_1/predictions/5i6x_A_model_1_relaxed.pdb,True,48.59025500910747,24.73,68.07,549,unrelaxed,/users/sgmwu14/scratch/openfold_inference_runs5times/epoch_8/your_model_epoch_8/repeat_1/predictions/5i6x_A_model_1_unrelaxed.pdb
8,1,6nbf_A,success,1,0,/users/sgmwu14/scratch/openfold_inference_runs5times/epoch_8/your_model_epoch_8/repeat_1/predictions/6nbf_A_model_1_unrelaxed.pdb,/users/sgmwu14/scratch/openfold_inference_runs5times/epoch_8/your_model_epoch_8/repeat_1/predictions/6nbf_A_model_1_relaxed.pdb,True,44.16119246861927,24.1,63.88,478,unrelaxed,/users/sgmwu14/scratch/openfold_inference_runs5times/epoch_8/your_model_epoch_8/repeat_1/predictions/6nbf_A_model_1_unrelaxed.pdb
8,1,6xpf_A,success,1,0,/users/sgmwu14/scratch/openfold_inference_runs5times/epoch_8/your_model_epoch_8/repeat_1/predictions/6xpf_A_model_1_unrelaxed.pdb,/users/sgmwu14/scratch/openfold_inference_runs5times/epoch_8/your_model_epoch_8/repeat_1/predictions/6xpf_A_model_1_relaxed.pdb,True,56.93587499999999,24.77,75.22,320,unrelaxed,/users/sgmwu14/scratch/openfold_inference_runs5times/epoch_8/your_model_epoch_8/repeat_1/predictions/6xpf_A_model_1_unrelaxed.pdb
8,1,7dsq_A,success,1,0,/users/sgmwu14/scratch/openfold_inference_runs5times/epoch_8/your_model_epoch_8/repeat_1/predictions/7dsq_A_model_1_unrelaxed.pdb,/users/sgmwu14/scratch/openfold_inference_runs5times/epoch_8/your_model_epoch_8/repeat_1/predictions/7dsq_A_model_1_relaxed.pdb,True,59.91596982758614,26.08,73.13,464,unrelaxed,/users/sgmwu14/scratch/openfold_inference_runs5times/epoch_8/your_model_epoch_8/repeat_1/predictions/7dsq_A_model_1_unrelaxed.pdb
8,1,7evw_A,success,1,0,/users/sgmwu14/scratch/openfold_inference_runs5times/epoch_8/your_model_epoch_8/repeat_1/predictions/7evw_A_model_1_unrelaxed.pdb,/users/sgmwu14/scratch/openfold_inference_runs5times/epoch_8/your_model_epoch_8/repeat_1/predictions/7evw_A_model_1_relaxed.pdb,True,44.310150250417394,24.47,67.19,599,unrelaxed,/users/sgmwu14/scratch/openfold_inference_runs5times/epoch_8/your_model_epoch_8/repeat_1/predictions/7evw_A_model_1_unrelaxed.pdb
8,2,2olo_A,success,1,0,/users/sgmwu14/scratch/openfold_inference_runs5times/epoch_8/your_model_epoch_8/repeat_2/predictions/2olo_A_model_1_unrelaxed.pdb,/users/sgmwu14/scratch/openfold_inference_runs5times/epoch_8/your_model_epoch_8/repeat_2/predictions/2olo_A_model_1_relaxed.pdb,True,47.26969151670955,24.39,70.49,389,unrelaxed,/users/sgmwu14/scratch/openfold_inference_runs5times/epoch_8/your_model_epoch_8/repeat_2/predictions/2olo_A_model_1_unrelaxed.pdb
8,2,4bp8_A,success,1,0,/users/sgmwu14/scratch/openfold_inference_runs5times/epoch_8/your_model_epoch_8/repeat_2/predictions/4bp8_A_model_1_unrelaxed.pdb,/users/sgmwu14/scratch/openfold_inference_runs5times/epoch_8/your_model_epoch_8/repeat_2/predictions/4bp8_A_model_1_relaxed.pdb,True,52.988125874125856,25.78,74.03,715,unrelaxed,/users/sgmwu14/scratch/openfold_inference_runs5times/epoch_8/your_model_epoch_8/repeat_2/predictions/4bp8_A_model_1_unrelaxed.pdb
8,2,5i6x_A,success,1,0,/users/sgmwu14/scratch/openfold_inference_runs5times/epoch_8/your_model_epoch_8/repeat_2/predictions/5i6x_A_model_1_unrelaxed.pdb,/users/sgmwu14/scratch/openfold_inference_runs5times/epoch_8/your_model_epoch_8/repeat_2/predictions/5i6x_A_model_1_relaxed.pdb,True,48.86471766848823,25.87,70.84,549,unrelaxed,/users/sgmwu14/scratch/openfold_inference_runs5times/epoch_8/your_model_epoch_8/repeat_2/predictions/5i6x_A_model_1_unrelaxed.pdb
8,2,6nbf_A,success,1,0,/users/sgmwu14/scratch/openfold_inference_runs5times/epoch_8/your_model_epoch_8/repeat_2/predictions/6nbf_A_model_1_unrelaxed.pdb,/users/sgmwu14/scratch/openfold_inference_runs5times/epoch_8/your_model_epoch_8/repeat_2/predictions/6nbf_A_model_1_relaxed.pdb,True,46.11763598326356,22.61,68.08,478,unrelaxed,/users/sgmwu14/scratch/openfold_inference_runs5times/epoch_8/your_model_epoch_8/repeat_2/predictions/6nbf_A_model_1_unrelaxed.pdb
8,2,6xpf_A,success,1,0,/users/sgmwu14/scratch/openfold_inference_runs5times/epoch_8/your_model_epoch_8/repeat_2/predictions/6xpf_A_model_1_unrelaxed.pdb,/users/sgmwu14/scratch/openfold_inference_runs5times/epoch_8/your_model_epoch_8/repeat_2/predictions/6xpf_A_model_1_relaxed.pdb,True,57.00209374999996,27.42,76.27,320,unrelaxed,/users/sgmwu14/scratch/openfold_inference_runs5times/epoch_8/your_model_epoch_8/repeat_2/predictions/6xpf_A_model_1_unrelaxed.pdb
8,2,7dsq_A,success,1,0,/users/sgmwu14/scratch/openfold_inference_runs5times/epoch_8/your_model_epoch_8/repeat_2/predictions/7dsq_A_model_1_unrelaxed.pdb,/users/sgmwu14/scratch/openfold_inference_runs5times/epoch_8/your_model_epoch_8/repeat_2/predictions/7dsq_A_model_1_relaxed.pdb,True,59.97939655172416,27.43,73.09,464,unrelaxed,/users/sgmwu14/scratch/openfold_inference_runs5times/epoch_8/your_model_epoch_8/repeat_2/predictions/7dsq_A_model_1_unrelaxed.pdb
8,2,7evw_A,success,1,0,/users/sgmwu14/scratch/openfold_inference_runs5times/epoch_8/your_model_epoch_8/repeat_2/predictions/7evw_A_model_1_unrelaxed.pdb,/users/sgmwu14/scratch/openfold_inference_runs5times/epoch_8/your_model_epoch_8/repeat_2/predictions/7evw_A_model_1_relaxed.pdb,True,44.57724540901508,24.9,68.55,599,unrelaxed,/users/sgmwu14/scratch/openfold_inference_runs5times/epoch_8/your_model_epoch_8/repeat_2/predictions/7evw_A_model_1_unrelaxed.pdb
8,3,2olo_A,success,1,0,/users/sgmwu14/scratch/openfold_inference_runs5times/epoch_8/your_model_epoch_8/repeat_3/predictions/2olo_A_model_1_unrelaxed.pdb,/users/sgmwu14/scratch/openfold_inference_runs5times/epoch_8/your_model_epoch_8/repeat_3/predictions/2olo_A_model_1_relaxed.pdb,True,48.783907455012816,26.27,71.38,389,unrelaxed,/users/sgmwu14/scratch/openfold_inference_runs5times/epoch_8/your_model_epoch_8/repeat_3/predictions/2olo_A_model_1_unrelaxed.pdb
8,3,4bp8_A,error,0,1,/users/sgmwu14/scratch/openfold_inference_runs5times/epoch_8/your_model_epoch_8/repeat_3/predictions/4bp8_A_model_1_unrelaxed.pdb,/users/sgmwu14/scratch/openfold_inference_runs5times/epoch_8/your_model_epoch_8/repeat_3/predictions/4bp8_A_model_1_relaxed.pdb,False,53.19594405594406,25.48,73.89,715,unrelaxed,/users/sgmwu14/scratch/openfold_inference_runs5times/epoch_8/your_model_epoch_8/repeat_3/predictions/4bp8_A_model_1_unrelaxed.pdb
8,3,5i6x_A,success,1,0,/users/sgmwu14/scratch/openfold_inference_runs5times/epoch_8/your_model_epoch_8/repeat_3/predictions/5i6x_A_model_1_unrelaxed.pdb,/users/sgmwu14/scratch/openfold_inference_runs5times/epoch_8/your_model_epoch_8/repeat_3/predictions/5i6x_A_model_1_relaxed.pdb,True,50.04841530054644,26.09,70.77,549,unrelaxed,/users/sgmwu14/scratch/openfold_inference_runs5times/epoch_8/your_model_epoch_8/repeat_3/predictions/5i6x_A_model_1_unrelaxed.pdb
8,3,6nbf_A,success,1,0,/users/sgmwu14/scratch/openfold_inference_runs5times/epoch_8/your_model_epoch_8/repeat_3/predictions/6nbf_A_model_1_unrelaxed.pdb,/users/sgmwu14/scratch/openfold_inference_runs5times/epoch_8/your_model_epoch_8/repeat_3/predictions/6nbf_A_model_1_relaxed.pdb,True,44.46257322175736,22.25,68.19,478,unrelaxed,/users/sgmwu14/scratch/openfold_inference_runs5times/epoch_8/your_model_epoch_8/repeat_3/predictions/6nbf_A_model_1_unrelaxed.pdb
8,3,6xpf_A,success,1,0,/users/sgmwu14/scratch/openfold_inference_runs5times/epoch_8/your_model_epoch_8/repeat_3/predictions/6xpf_A_model_1_unrelaxed.pdb,/users/sgmwu14/scratch/openfold_inference_runs5times/epoch_8/your_model_epoch_8/repeat_3/predictions/6xpf_A_model_1_relaxed.pdb,True,56.64559374999997,22.25,75.29,320,unrelaxed,/users/sgmwu14/scratch/openfold_inference_runs5times/epoch_8/your_model_epoch_8/repeat_3/predictions/6xpf_A_model_1_unrelaxed.pdb
8,3,7dsq_A,success,1,0,/users/sgmwu14/scratch/openfold_inference_runs5times/epoch_8/your_model_epoch_8/repeat_3/predictions/7dsq_A_model_1_unrelaxed.pdb,/users/sgmwu14/scratch/openfold_inference_runs5times/epoch_8/your_model_epoch_8/repeat_3/predictions/7dsq_A_model_1_relaxed.pdb,True,60.30803879310346,28.41,74.07,464,unrelaxed,/users/sgmwu14/scratch/openfold_inference_runs5times/epoch_8/your_model_epoch_8/repeat_3/predictions/7dsq_A_model_1_unrelaxed.pdb
8,3,7evw_A,success,1,0,/users/sgmwu14/scratch/openfold_inference_runs5times/epoch_8/your_model_epoch_8/repeat_3/predictions/7evw_A_model_1_unrelaxed.pdb,/users/sgmwu14/scratch/openfold_inference_runs5times/epoch_8/your_model_epoch_8/repeat_3/predictions/7evw_A_model_1_relaxed.pdb,True,45.03602671118532,23.75,68.22,599,unrelaxed,/users/sgmwu14/scratch/openfold_inference_runs5times/epoch_8/your_model_epoch_8/repeat_3/predictions/7evw_A_model_1_unrelaxed.pdb
8,4,2olo_A,success,1,0,/users/sgmwu14/scratch/openfold_inference_runs5times/epoch_8/your_model_epoch_8/repeat_4/predictions/2olo_A_model_1_unrelaxed.pdb,/users/sgmwu14/scratch/openfold_inference_runs5times/epoch_8/your_model_epoch_8/repeat_4/predictions/2olo_A_model_1_relaxed.pdb,True,47.26843187660667,26.12,69.9,389,unrelaxed,/users/sgmwu14/scratch/openfold_inference_runs5times/epoch_8/your_model_epoch_8/repeat_4/predictions/2olo_A_model_1_unrelaxed.pdb
8,4,4bp8_A,success,1,0,/users/sgmwu14/scratch/openfold_inference_runs5times/epoch_8/your_model_epoch_8/repeat_4/predictions/4bp8_A_model_1_unrelaxed.pdb,/users/sgmwu14/scratch/openfold_inference_runs5times/epoch_8/your_model_epoch_8/repeat_4/predictions/4bp8_A_model_1_relaxed.pdb,True,53.13430769230764,25.62,74.4,715,unrelaxed,/users/sgmwu14/scratch/openfold_inference_runs5times/epoch_8/your_model_epoch_8/repeat_4/predictions/4bp8_A_model_1_unrelaxed.pdb
8,4,5i6x_A,success,1,0,/users/sgmwu14/scratch/openfold_inference_runs5times/epoch_8/your_model_epoch_8/repeat_4/predictions/5i6x_A_model_1_unrelaxed.pdb,/users/sgmwu14/scratch/openfold_inference_runs5times/epoch_8/your_model_epoch_8/repeat_4/predictions/5i6x_A_model_1_relaxed.pdb,True,49.17573770491803,26.26,71.4,549,unrelaxed,/users/sgmwu14/scratch/openfold_inference_runs5times/epoch_8/your_model_epoch_8/repeat_4/predictions/5i6x_A_model_1_unrelaxed.pdb
8,4,6nbf_A,success,1,0,/users/sgmwu14/scratch/openfold_inference_runs5times/epoch_8/your_model_epoch_8/repeat_4/predictions/6nbf_A_model_1_unrelaxed.pdb,/users/sgmwu14/scratch/openfold_inference_runs5times/epoch_8/your_model_epoch_8/repeat_4/predictions/6nbf_A_model_1_relaxed.pdb,True,45.45688284518828,23.37,67.72,478,unrelaxed,/users/sgmwu14/scratch/openfold_inference_runs5times/epoch_8/your_model_epoch_8/repeat_4/predictions/6nbf_A_model_1_unrelaxed.pdb
8,4,6xpf_A,success,1,0,/users/sgmwu14/scratch/openfold_inference_runs5times/epoch_8/your_model_epoch_8/repeat_4/predictions/6xpf_A_model_1_unrelaxed.pdb,/users/sgmwu14/scratch/openfold_inference_runs5times/epoch_8/your_model_epoch_8/repeat_4/predictions/6xpf_A_model_1_relaxed.pdb,True,57.76856250000003,25.18,74.84,320,unrelaxed,/users/sgmwu14/scratch/openfold_inference_runs5times/epoch_8/your_model_epoch_8/repeat_4/predictions/6xpf_A_model_1_unrelaxed.pdb
8,4,7dsq_A,success,1,0,/users/sgmwu14/scratch/openfold_inference_runs5times/epoch_8/your_model_epoch_8/repeat_4/predictions/7dsq_A_model_1_unrelaxed.pdb,/users/sgmwu14/scratch/openfold_inference_runs5times/epoch_8/your_model_epoch_8/repeat_4/predictions/7dsq_A_model_1_relaxed.pdb,True,60.15922413793108,27.87,73.39,464,unrelaxed,/users/sgmwu14/scratch/openfold_inference_runs5times/epoch_8/your_model_epoch_8/repeat_4/predictions/7dsq_A_model_1_unrelaxed.pdb
8,4,7evw_A,success,1,0,/users/sgmwu14/scratch/openfold_inference_runs5times/epoch_8/your_model_epoch_8/repeat_4/predictions/7evw_A_model_1_unrelaxed.pdb,/users/sgmwu14/scratch/openfold_inference_runs5times/epoch_8/your_model_epoch_8/repeat_4/predictions/7evw_A_model_1_relaxed.pdb,True,44.5795158597663,22.92,67.7,599,unrelaxed,/users/sgmwu14/scratch/openfold_inference_runs5times/epoch_8/your_model_epoch_8/repeat_4/predictions/7evw_A_model_1_unrelaxed.pdb
8,5,2olo_A,success,1,0,/users/sgmwu14/scratch/openfold_inference_runs5times/epoch_8/your_model_epoch_8/repeat_5/predictions/2olo_A_model_1_unrelaxed.pdb,/users/sgmwu14/scratch/openfold_inference_runs5times/epoch_8/your_model_epoch_8/repeat_5/predictions/2olo_A_model_1_relaxed.pdb,True,47.77958868894601,25.04,71.02,389,unrelaxed,/users/sgmwu14/scratch/openfold_inference_runs5times/epoch_8/your_model_epoch_8/repeat_5/predictions/2olo_A_model_1_unrelaxed.pdb
8,5,4bp8_A,success,1,0,/users/sgmwu14/scratch/openfold_inference_runs5times/epoch_8/your_model_epoch_8/repeat_5/predictions/4bp8_A_model_1_unrelaxed.pdb,/users/sgmwu14/scratch/openfold_inference_runs5times/epoch_8/your_model_epoch_8/repeat_5/predictions/4bp8_A_model_1_relaxed.pdb,True,52.92739860139863,26.61,74.64,715,unrelaxed,/users/sgmwu14/scratch/openfold_inference_runs5times/epoch_8/your_model_epoch_8/repeat_5/predictions/4bp8_A_model_1_unrelaxed.pdb
8,5,5i6x_A,success,1,0,/users/sgmwu14/scratch/openfold_inference_runs5times/epoch_8/your_model_epoch_8/repeat_5/predictions/5i6x_A_model_1_unrelaxed.pdb,/users/sgmwu14/scratch/openfold_inference_runs5times/epoch_8/your_model_epoch_8/repeat_5/predictions/5i6x_A_model_1_relaxed.pdb,True,49.47941712204008,26.51,70.58,549,unrelaxed,/users/sgmwu14/scratch/openfold_inference_runs5times/epoch_8/your_model_epoch_8/repeat_5/predictions/5i6x_A_model_1_unrelaxed.pdb
8,5,6nbf_A,success,1,0,/users/sgmwu14/scratch/openfold_inference_runs5times/epoch_8/your_model_epoch_8/repeat_5/predictions/6nbf_A_model_1_unrelaxed.pdb,/users/sgmwu14/scratch/openfold_inference_runs5times/epoch_8/your_model_epoch_8/repeat_5/predictions/6nbf_A_model_1_relaxed.pdb,True,44.46102510460254,23.15,66.03,478,unrelaxed,/users/sgmwu14/scratch/openfold_inference_runs5times/epoch_8/your_model_epoch_8/repeat_5/predictions/6nbf_A_model_1_unrelaxed.pdb
8,5,6xpf_A,success,1,0,/users/sgmwu14/scratch/openfold_inference_runs5times/epoch_8/your_model_epoch_8/repeat_5/predictions/6xpf_A_model_1_unrelaxed.pdb,/users/sgmwu14/scratch/openfold_inference_runs5times/epoch_8/your_model_epoch_8/repeat_5/predictions/6xpf_A_model_1_relaxed.pdb,True,57.58806250000002,23.41,75.75,320,unrelaxed,/users/sgmwu14/scratch/openfold_inference_runs5times/epoch_8/your_model_epoch_8/repeat_5/predictions/6xpf_A_model_1_unrelaxed.pdb
8,5,7dsq_A,success,1,0,/users/sgmwu14/scratch/openfold_inference_runs5times/epoch_8/your_model_epoch_8/repeat_5/predictions/7dsq_A_model_1_unrelaxed.pdb,/users/sgmwu14/scratch/openfold_inference_runs5times/epoch_8/your_model_epoch_8/repeat_5/predictions/7dsq_A_model_1_relaxed.pdb,True,59.976961206896505,28.21,74.08,464,unrelaxed,/users/sgmwu14/scratch/openfold_inference_runs5times/epoch_8/your_model_epoch_8/repeat_5/predictions/7dsq_A_model_1_unrelaxed.pdb
8,5,7evw_A,success,1,0,/users/sgmwu14/scratch/openfold_inference_runs5times/epoch_8/your_model_epoch_8/repeat_5/predictions/7evw_A_model_1_unrelaxed.pdb,/users/sgmwu14/scratch/openfold_inference_runs5times/epoch_8/your_model_epoch_8/repeat_5/predictions/7evw_A_model_1_relaxed.pdb,True,45.25914858096833,21.87,67.92,599,unrelaxed,/users/sgmwu14/scratch/openfold_inference_runs5times/epoch_8/your_model_epoch_8/repeat_5/predictions/7evw_A_model_1_unrelaxed.pdb
9,1,2olo_A,success,1,0,/users/sgmwu14/scratch/openfold_inference_runs5times/epoch_9/your_model_epoch_9/repeat_1/predictions/2olo_A_model_1_unrelaxed.pdb,/users/sgmwu14/scratch/openfold_inference_runs5times/epoch_9/your_model_epoch_9/repeat_1/predictions/2olo_A_model_1_relaxed.pdb,True,49.29650385604111,23.21,71.85,389,unrelaxed,/users/sgmwu14/scratch/openfold_inference_runs5times/epoch_9/your_model_epoch_9/repeat_1/predictions/2olo_A_model_1_unrelaxed.pdb
9,1,4bp8_A,success,1,0,/users/sgmwu14/scratch/openfold_inference_runs5times/epoch_9/your_model_epoch_9/repeat_1/predictions/4bp8_A_model_1_unrelaxed.pdb,/users/sgmwu14/scratch/openfold_inference_runs5times/epoch_9/your_model_epoch_9/repeat_1/predictions/4bp8_A_model_1_relaxed.pdb,True,52.77218181818181,28.8,72.43,715,unrelaxed,/users/sgmwu14/scratch/openfold_inference_runs5times/epoch_9/your_model_epoch_9/repeat_1/predictions/4bp8_A_model_1_unrelaxed.pdb
9,1,5i6x_A,success,1,0,/users/sgmwu14/scratch/openfold_inference_runs5times/epoch_9/your_model_epoch_9/repeat_1/predictions/5i6x_A_model_1_unrelaxed.pdb,/users/sgmwu14/scratch/openfold_inference_runs5times/epoch_9/your_model_epoch_9/repeat_1/predictions/5i6x_A_model_1_relaxed.pdb,True,46.759508196721335,24.95,65.73,549,unrelaxed,/users/sgmwu14/scratch/openfold_inference_runs5times/epoch_9/your_model_epoch_9/repeat_1/predictions/5i6x_A_model_1_unrelaxed.pdb
9,1,6nbf_A,success,1,0,/users/sgmwu14/scratch/openfold_inference_runs5times/epoch_9/your_model_epoch_9/repeat_1/predictions/6nbf_A_model_1_unrelaxed.pdb,/users/sgmwu14/scratch/openfold_inference_runs5times/epoch_9/your_model_epoch_9/repeat_1/predictions/6nbf_A_model_1_relaxed.pdb,True,43.43138075313803,22.62,66.61,478,unrelaxed,/users/sgmwu14/scratch/openfold_inference_runs5times/epoch_9/your_model_epoch_9/repeat_1/predictions/6nbf_A_model_1_unrelaxed.pdb
9,1,6xpf_A,success,1,0,/users/sgmwu14/scratch/openfold_inference_runs5times/epoch_9/your_model_epoch_9/repeat_1/predictions/6xpf_A_model_1_unrelaxed.pdb,/users/sgmwu14/scratch/openfold_inference_runs5times/epoch_9/your_model_epoch_9/repeat_1/predictions/6xpf_A_model_1_relaxed.pdb,True,55.84328125,23.02,74.6,320,unrelaxed,/users/sgmwu14/scratch/openfold_inference_runs5times/epoch_9/your_model_epoch_9/repeat_1/predictions/6xpf_A_model_1_unrelaxed.pdb
9,1,7dsq_A,success,1,0,/users/sgmwu14/scratch/openfold_inference_runs5times/epoch_9/your_model_epoch_9/repeat_1/predictions/7dsq_A_model_1_unrelaxed.pdb,/users/sgmwu14/scratch/openfold_inference_runs5times/epoch_9/your_model_epoch_9/repeat_1/predictions/7dsq_A_model_1_relaxed.pdb,True,59.67103448275857,26.92,70.29,464,unrelaxed,/users/sgmwu14/scratch/openfold_inference_runs5times/epoch_9/your_model_epoch_9/repeat_1/predictions/7dsq_A_model_1_unrelaxed.pdb
9,1,7evw_A,success,1,0,/users/sgmwu14/scratch/openfold_inference_runs5times/epoch_9/your_model_epoch_9/repeat_1/predictions/7evw_A_model_1_unrelaxed.pdb,/users/sgmwu14/scratch/openfold_inference_runs5times/epoch_9/your_model_epoch_9/repeat_1/predictions/7evw_A_model_1_relaxed.pdb,True,45.30429048414023,23.04,67.66,599,unrelaxed,/users/sgmwu14/scratch/openfold_inference_runs5times/epoch_9/your_model_epoch_9/repeat_1/predictions/7evw_A_model_1_unrelaxed.pdb
9,2,2olo_A,success,1,0,/users/sgmwu14/scratch/openfold_inference_runs5times/epoch_9/your_model_epoch_9/repeat_2/predictions/2olo_A_model_1_unrelaxed.pdb,/users/sgmwu14/scratch/openfold_inference_runs5times/epoch_9/your_model_epoch_9/repeat_2/predictions/2olo_A_model_1_relaxed.pdb,True,49.34275064267348,24.15,71.82,389,unrelaxed,/users/sgmwu14/scratch/openfold_inference_runs5times/epoch_9/your_model_epoch_9/repeat_2/predictions/2olo_A_model_1_unrelaxed.pdb
9,2,4bp8_A,success,1,0,/users/sgmwu14/scratch/openfold_inference_runs5times/epoch_9/your_model_epoch_9/repeat_2/predictions/4bp8_A_model_1_unrelaxed.pdb,/users/sgmwu14/scratch/openfold_inference_runs5times/epoch_9/your_model_epoch_9/repeat_2/predictions/4bp8_A_model_1_relaxed.pdb,True,52.69686713286717,27.63,72.35,715,unrelaxed,/users/sgmwu14/scratch/openfold_inference_runs5times/epoch_9/your_model_epoch_9/repeat_2/predictions/4bp8_A_model_1_unrelaxed.pdb
9,2,5i6x_A,success,1,0,/users/sgmwu14/scratch/openfold_inference_runs5times/epoch_9/your_model_epoch_9/repeat_2/predictions/5i6x_A_model_1_unrelaxed.pdb,/users/sgmwu14/scratch/openfold_inference_runs5times/epoch_9/your_model_epoch_9/repeat_2/predictions/5i6x_A_model_1_relaxed.pdb,True,48.42497267759557,25.36,65.64,549,unrelaxed,/users/sgmwu14/scratch/openfold_inference_runs5times/epoch_9/your_model_epoch_9/repeat_2/predictions/5i6x_A_model_1_unrelaxed.pdb
9,2,6nbf_A,error,0,1,/users/sgmwu14/scratch/openfold_inference_runs5times/epoch_9/your_model_epoch_9/repeat_2/predictions/6nbf_A_model_1_unrelaxed.pdb,/users/sgmwu14/scratch/openfold_inference_runs5times/epoch_9/your_model_epoch_9/repeat_2/predictions/6nbf_A_model_1_relaxed.pdb,False,45.79566945606694,22.98,66.35,478,unrelaxed,/users/sgmwu14/scratch/openfold_inference_runs5times/epoch_9/your_model_epoch_9/repeat_2/predictions/6nbf_A_model_1_unrelaxed.pdb
9,2,6xpf_A,success,1,0,/users/sgmwu14/scratch/openfold_inference_runs5times/epoch_9/your_model_epoch_9/repeat_2/predictions/6xpf_A_model_1_unrelaxed.pdb,/users/sgmwu14/scratch/openfold_inference_runs5times/epoch_9/your_model_epoch_9/repeat_2/predictions/6xpf_A_model_1_relaxed.pdb,True,56.581437499999936,23.38,74.97,320,unrelaxed,/users/sgmwu14/scratch/openfold_inference_runs5times/epoch_9/your_model_epoch_9/repeat_2/predictions/6xpf_A_model_1_unrelaxed.pdb
9,2,7dsq_A,success,1,0,/users/sgmwu14/scratch/openfold_inference_runs5times/epoch_9/your_model_epoch_9/repeat_2/predictions/7dsq_A_model_1_unrelaxed.pdb,/users/sgmwu14/scratch/openfold_inference_runs5times/epoch_9/your_model_epoch_9/repeat_2/predictions/7dsq_A_model_1_relaxed.pdb,True,59.09495689655173,26.84,70.03,464,unrelaxed,/users/sgmwu14/scratch/openfold_inference_runs5times/epoch_9/your_model_epoch_9/repeat_2/predictions/7dsq_A_model_1_unrelaxed.pdb
9,2,7evw_A,success,1,0,/users/sgmwu14/scratch/openfold_inference_runs5times/epoch_9/your_model_epoch_9/repeat_2/predictions/7evw_A_model_1_unrelaxed.pdb,/users/sgmwu14/scratch/openfold_inference_runs5times/epoch_9/your_model_epoch_9/repeat_2/predictions/7evw_A_model_1_relaxed.pdb,True,44.98038397328879,23.34,67.96,599,unrelaxed,/users/sgmwu14/scratch/openfold_inference_runs5times/epoch_9/your_model_epoch_9/repeat_2/predictions/7evw_A_model_1_unrelaxed.pdb
9,3,2olo_A,success,1,0,/users/sgmwu14/scratch/openfold_inference_runs5times/epoch_9/your_model_epoch_9/repeat_3/predictions/2olo_A_model_1_unrelaxed.pdb,/users/sgmwu14/scratch/openfold_inference_runs5times/epoch_9/your_model_epoch_9/repeat_3/predictions/2olo_A_model_1_relaxed.pdb,True,49.54899742930591,23.47,72.24,389,unrelaxed,/users/sgmwu14/scratch/openfold_inference_runs5times/epoch_9/your_model_epoch_9/repeat_3/predictions/2olo_A_model_1_unrelaxed.pdb
9,3,4bp8_A,success,1,0,/users/sgmwu14/scratch/openfold_inference_runs5times/epoch_9/your_model_epoch_9/repeat_3/predictions/4bp8_A_model_1_unrelaxed.pdb,/users/sgmwu14/scratch/openfold_inference_runs5times/epoch_9/your_model_epoch_9/repeat_3/predictions/4bp8_A_model_1_relaxed.pdb,True,52.29641958041957,26.41,72.39,715,unrelaxed,/users/sgmwu14/scratch/openfold_inference_runs5times/epoch_9/your_model_epoch_9/repeat_3/predictions/4bp8_A_model_1_unrelaxed.pdb
9,3,5i6x_A,success,1,0,/users/sgmwu14/scratch/openfold_inference_runs5times/epoch_9/your_model_epoch_9/repeat_3/predictions/5i6x_A_model_1_unrelaxed.pdb,/users/sgmwu14/scratch/openfold_inference_runs5times/epoch_9/your_model_epoch_9/repeat_3/predictions/5i6x_A_model_1_relaxed.pdb,True,45.6792714025501,22.24,62.62,549,unrelaxed,/users/sgmwu14/scratch/openfold_inference_runs5times/epoch_9/your_model_epoch_9/repeat_3/predictions/5i6x_A_model_1_unrelaxed.pdb
9,3,6nbf_A,success,1,0,/users/sgmwu14/scratch/openfold_inference_runs5times/epoch_9/your_model_epoch_9/repeat_3/predictions/6nbf_A_model_1_unrelaxed.pdb,/users/sgmwu14/scratch/openfold_inference_runs5times/epoch_9/your_model_epoch_9/repeat_3/predictions/6nbf_A_model_1_relaxed.pdb,True,44.85705020920504,21.96,65.09,478,unrelaxed,/users/sgmwu14/scratch/openfold_inference_runs5times/epoch_9/your_model_epoch_9/repeat_3/predictions/6nbf_A_model_1_unrelaxed.pdb
9,3,6xpf_A,success,1,0,/users/sgmwu14/scratch/openfold_inference_runs5times/epoch_9/your_model_epoch_9/repeat_3/predictions/6xpf_A_model_1_unrelaxed.pdb,/users/sgmwu14/scratch/openfold_inference_runs5times/epoch_9/your_model_epoch_9/repeat_3/predictions/6xpf_A_model_1_relaxed.pdb,True,57.86568749999998,23.45,75.04,320,unrelaxed,/users/sgmwu14/scratch/openfold_inference_runs5times/epoch_9/your_model_epoch_9/repeat_3/predictions/6xpf_A_model_1_unrelaxed.pdb
9,3,7dsq_A,success,1,0,/users/sgmwu14/scratch/openfold_inference_runs5times/epoch_9/your_model_epoch_9/repeat_3/predictions/7dsq_A_model_1_unrelaxed.pdb,/users/sgmwu14/scratch/openfold_inference_runs5times/epoch_9/your_model_epoch_9/repeat_3/predictions/7dsq_A_model_1_relaxed.pdb,True,60.14594827586212,26.74,70.66,464,unrelaxed,/users/sgmwu14/scratch/openfold_inference_runs5times/epoch_9/your_model_epoch_9/repeat_3/predictions/7dsq_A_model_1_unrelaxed.pdb
9,3,7evw_A,success,1,0,/users/sgmwu14/scratch/openfold_inference_runs5times/epoch_9/your_model_epoch_9/repeat_3/predictions/7evw_A_model_1_unrelaxed.pdb,/users/sgmwu14/scratch/openfold_inference_runs5times/epoch_9/your_model_epoch_9/repeat_3/predictions/7evw_A_model_1_relaxed.pdb,True,45.32881469115193,22.32,69.13,599,unrelaxed,/users/sgmwu14/scratch/openfold_inference_runs5times/epoch_9/your_model_epoch_9/repeat_3/predictions/7evw_A_model_1_unrelaxed.pdb
9,4,2olo_A,success,1,0,/users/sgmwu14/scratch/openfold_inference_runs5times/epoch_9/your_model_epoch_9/repeat_4/predictions/2olo_A_model_1_unrelaxed.pdb,/users/sgmwu14/scratch/openfold_inference_runs5times/epoch_9/your_model_epoch_9/repeat_4/predictions/2olo_A_model_1_relaxed.pdb,True,49.28856041131112,25.59,71.48,389,unrelaxed,/users/sgmwu14/scratch/openfold_inference_runs5times/epoch_9/your_model_epoch_9/repeat_4/predictions/2olo_A_model_1_unrelaxed.pdb
9,4,4bp8_A,success,1,0,/users/sgmwu14/scratch/openfold_inference_runs5times/epoch_9/your_model_epoch_9/repeat_4/predictions/4bp8_A_model_1_unrelaxed.pdb,/users/sgmwu14/scratch/openfold_inference_runs5times/epoch_9/your_model_epoch_9/repeat_4/predictions/4bp8_A_model_1_relaxed.pdb,True,51.56418181818184,27.34,72.28,715,unrelaxed,/users/sgmwu14/scratch/openfold_inference_runs5times/epoch_9/your_model_epoch_9/repeat_4/predictions/4bp8_A_model_1_unrelaxed.pdb
9,4,5i6x_A,success,1,0,/users/sgmwu14/scratch/openfold_inference_runs5times/epoch_9/your_model_epoch_9/repeat_4/predictions/5i6x_A_model_1_unrelaxed.pdb,/users/sgmwu14/scratch/openfold_inference_runs5times/epoch_9/your_model_epoch_9/repeat_4/predictions/5i6x_A_model_1_relaxed.pdb,True,50.82918032786883,26.98,69.24,549,unrelaxed,/users/sgmwu14/scratch/openfold_inference_runs5times/epoch_9/your_model_epoch_9/repeat_4/predictions/5i6x_A_model_1_unrelaxed.pdb
9,4,6nbf_A,success,1,0,/users/sgmwu14/scratch/openfold_inference_runs5times/epoch_9/your_model_epoch_9/repeat_4/predictions/6nbf_A_model_1_unrelaxed.pdb,/users/sgmwu14/scratch/openfold_inference_runs5times/epoch_9/your_model_epoch_9/repeat_4/predictions/6nbf_A_model_1_relaxed.pdb,True,45.24736401673637,22.12,69.36,478,unrelaxed,/users/sgmwu14/scratch/openfold_inference_runs5times/epoch_9/your_model_epoch_9/repeat_4/predictions/6nbf_A_model_1_unrelaxed.pdb
9,4,6xpf_A,success,1,0,/users/sgmwu14/scratch/openfold_inference_runs5times/epoch_9/your_model_epoch_9/repeat_4/predictions/6xpf_A_model_1_unrelaxed.pdb,/users/sgmwu14/scratch/openfold_inference_runs5times/epoch_9/your_model_epoch_9/repeat_4/predictions/6xpf_A_model_1_relaxed.pdb,True,55.9354375,23.96,72.94,320,unrelaxed,/users/sgmwu14/scratch/openfold_inference_runs5times/epoch_9/your_model_epoch_9/repeat_4/predictions/6xpf_A_model_1_unrelaxed.pdb
9,4,7dsq_A,success,1,0,/users/sgmwu14/scratch/openfold_inference_runs5times/epoch_9/your_model_epoch_9/repeat_4/predictions/7dsq_A_model_1_unrelaxed.pdb,/users/sgmwu14/scratch/openfold_inference_runs5times/epoch_9/your_model_epoch_9/repeat_4/predictions/7dsq_A_model_1_relaxed.pdb,True,59.099051724137965,26.92,69.78,464,unrelaxed,/users/sgmwu14/scratch/openfold_inference_runs5times/epoch_9/your_model_epoch_9/repeat_4/predictions/7dsq_A_model_1_unrelaxed.pdb
9,4,7evw_A,success,1,0,/users/sgmwu14/scratch/openfold_inference_runs5times/epoch_9/your_model_epoch_9/repeat_4/predictions/7evw_A_model_1_unrelaxed.pdb,/users/sgmwu14/scratch/openfold_inference_runs5times/epoch_9/your_model_epoch_9/repeat_4/predictions/7evw_A_model_1_relaxed.pdb,True,45.24143572621035,21.17,67.71,599,unrelaxed,/users/sgmwu14/scratch/openfold_inference_runs5times/epoch_9/your_model_epoch_9/repeat_4/predictions/7evw_A_model_1_unrelaxed.pdb
9,5,2olo_A,success,1,0,/users/sgmwu14/scratch/openfold_inference_runs5times/epoch_9/your_model_epoch_9/repeat_5/predictions/2olo_A_model_1_unrelaxed.pdb,/users/sgmwu14/scratch/openfold_inference_runs5times/epoch_9/your_model_epoch_9/repeat_5/predictions/2olo_A_model_1_relaxed.pdb,True,49.16406169665811,23.61,71.48,389,unrelaxed,/users/sgmwu14/scratch/openfold_inference_runs5times/epoch_9/your_model_epoch_9/repeat_5/predictions/2olo_A_model_1_unrelaxed.pdb
9,5,4bp8_A,success,1,0,/users/sgmwu14/scratch/openfold_inference_runs5times/epoch_9/your_model_epoch_9/repeat_5/predictions/4bp8_A_model_1_unrelaxed.pdb,/users/sgmwu14/scratch/openfold_inference_runs5times/epoch_9/your_model_epoch_9/repeat_5/predictions/4bp8_A_model_1_relaxed.pdb,True,51.24530069930067,27.95,72.58,715,unrelaxed,/users/sgmwu14/scratch/openfold_inference_runs5times/epoch_9/your_model_epoch_9/repeat_5/predictions/4bp8_A_model_1_unrelaxed.pdb
9,5,5i6x_A,success,1,0,/users/sgmwu14/scratch/openfold_inference_runs5times/epoch_9/your_model_epoch_9/repeat_5/predictions/5i6x_A_model_1_unrelaxed.pdb,/users/sgmwu14/scratch/openfold_inference_runs5times/epoch_9/your_model_epoch_9/repeat_5/predictions/5i6x_A_model_1_relaxed.pdb,True,49.75981785063748,24.32,66.89,549,unrelaxed,/users/sgmwu14/scratch/openfold_inference_runs5times/epoch_9/your_model_epoch_9/repeat_5/predictions/5i6x_A_model_1_unrelaxed.pdb
9,5,6nbf_A,success,1,0,/users/sgmwu14/scratch/openfold_inference_runs5times/epoch_9/your_model_epoch_9/repeat_5/predictions/6nbf_A_model_1_unrelaxed.pdb,/users/sgmwu14/scratch/openfold_inference_runs5times/epoch_9/your_model_epoch_9/repeat_5/predictions/6nbf_A_model_1_relaxed.pdb,True,45.96774058577402,22.72,69.81,478,unrelaxed,/users/sgmwu14/scratch/openfold_inference_runs5times/epoch_9/your_model_epoch_9/repeat_5/predictions/6nbf_A_model_1_unrelaxed.pdb
9,5,6xpf_A,success,1,0,/users/sgmwu14/scratch/openfold_inference_runs5times/epoch_9/your_model_epoch_9/repeat_5/predictions/6xpf_A_model_1_unrelaxed.pdb,/users/sgmwu14/scratch/openfold_inference_runs5times/epoch_9/your_model_epoch_9/repeat_5/predictions/6xpf_A_model_1_relaxed.pdb,True,56.909875,23.2,75.77,320,unrelaxed,/users/sgmwu14/scratch/openfold_inference_runs5times/epoch_9/your_model_epoch_9/repeat_5/predictions/6xpf_A_model_1_unrelaxed.pdb
9,5,7dsq_A,success,1,0,/users/sgmwu14/scratch/openfold_inference_runs5times/epoch_9/your_model_epoch_9/repeat_5/predictions/7dsq_A_model_1_unrelaxed.pdb,/users/sgmwu14/scratch/openfold_inference_runs5times/epoch_9/your_model_epoch_9/repeat_5/predictions/7dsq_A_model_1_relaxed.pdb,True,59.787650862069015,26.39,69.91,464,unrelaxed,/users/sgmwu14/scratch/openfold_inference_runs5times/epoch_9/your_model_epoch_9/repeat_5/predictions/7dsq_A_model_1_unrelaxed.pdb
9,5,7evw_A,success,1,0,/users/sgmwu14/scratch/openfold_inference_runs5times/epoch_9/your_model_epoch_9/repeat_5/predictions/7evw_A_model_1_unrelaxed.pdb,/users/sgmwu14/scratch/openfold_inference_runs5times/epoch_9/your_model_epoch_9/repeat_5/predictions/7evw_A_model_1_relaxed.pdb,True,45.09948247078462,22.33,67.19,599,unrelaxed,/users/sgmwu14/scratch/openfold_inference_runs5times/epoch_9/your_model_epoch_9/repeat_5/predictions/7evw_A_model_1_unrelaxed.pdb
10,1,2olo_A,success,1,0,/users/sgmwu14/scratch/openfold_inference_runs5times/epoch_10/your_model_epoch_10/repeat_1/predictions/2olo_A_model_1_unrelaxed.pdb,/users/sgmwu14/scratch/openfold_inference_runs5times/epoch_10/your_model_epoch_10/repeat_1/predictions/2olo_A_model_1_relaxed.pdb,True,53.930000000000064,28.17,73.37,389,unrelaxed,/users/sgmwu14/scratch/openfold_inference_runs5times/epoch_10/your_model_epoch_10/repeat_1/predictions/2olo_A_model_1_unrelaxed.pdb
10,1,4bp8_A,success,1,0,/users/sgmwu14/scratch/openfold_inference_runs5times/epoch_10/your_model_epoch_10/repeat_1/predictions/4bp8_A_model_1_unrelaxed.pdb,/users/sgmwu14/scratch/openfold_inference_runs5times/epoch_10/your_model_epoch_10/repeat_1/predictions/4bp8_A_model_1_relaxed.pdb,True,56.5106993006992,27.21,73.64,715,unrelaxed,/users/sgmwu14/scratch/openfold_inference_runs5times/epoch_10/your_model_epoch_10/repeat_1/predictions/4bp8_A_model_1_unrelaxed.pdb
10,1,5i6x_A,success,1,0,/users/sgmwu14/scratch/openfold_inference_runs5times/epoch_10/your_model_epoch_10/repeat_1/predictions/5i6x_A_model_1_unrelaxed.pdb,/users/sgmwu14/scratch/openfold_inference_runs5times/epoch_10/your_model_epoch_10/repeat_1/predictions/5i6x_A_model_1_relaxed.pdb,True,51.930327868852494,27.32,65.15,549,unrelaxed,/users/sgmwu14/scratch/openfold_inference_runs5times/epoch_10/your_model_epoch_10/repeat_1/predictions/5i6x_A_model_1_unrelaxed.pdb
10,1,6nbf_A,success,1,0,/users/sgmwu14/scratch/openfold_inference_runs5times/epoch_10/your_model_epoch_10/repeat_1/predictions/6nbf_A_model_1_unrelaxed.pdb,/users/sgmwu14/scratch/openfold_inference_runs5times/epoch_10/your_model_epoch_10/repeat_1/predictions/6nbf_A_model_1_relaxed.pdb,True,46.71650627615063,24.54,67.92,478,unrelaxed,/users/sgmwu14/scratch/openfold_inference_runs5times/epoch_10/your_model_epoch_10/repeat_1/predictions/6nbf_A_model_1_unrelaxed.pdb
10,1,6xpf_A,success,1,0,/users/sgmwu14/scratch/openfold_inference_runs5times/epoch_10/your_model_epoch_10/repeat_1/predictions/6xpf_A_model_1_unrelaxed.pdb,/users/sgmwu14/scratch/openfold_inference_runs5times/epoch_10/your_model_epoch_10/repeat_1/predictions/6xpf_A_model_1_relaxed.pdb,True,59.48959375,25.77,74.63,320,unrelaxed,/users/sgmwu14/scratch/openfold_inference_runs5times/epoch_10/your_model_epoch_10/repeat_1/predictions/6xpf_A_model_1_unrelaxed.pdb
10,1,7dsq_A,success,1,0,/users/sgmwu14/scratch/openfold_inference_runs5times/epoch_10/your_model_epoch_10/repeat_1/predictions/7dsq_A_model_1_unrelaxed.pdb,/users/sgmwu14/scratch/openfold_inference_runs5times/epoch_10/your_model_epoch_10/repeat_1/predictions/7dsq_A_model_1_relaxed.pdb,True,61.10211206896553,28.82,72.44,464,unrelaxed,/users/sgmwu14/scratch/openfold_inference_runs5times/epoch_10/your_model_epoch_10/repeat_1/predictions/7dsq_A_model_1_unrelaxed.pdb
10,1,7evw_A,error,0,1,/users/sgmwu14/scratch/openfold_inference_runs5times/epoch_10/your_model_epoch_10/repeat_1/predictions/7evw_A_model_1_unrelaxed.pdb,/users/sgmwu14/scratch/openfold_inference_runs5times/epoch_10/your_model_epoch_10/repeat_1/predictions/7evw_A_model_1_relaxed.pdb,False,45.559332220367295,25.03,67.13,599,unrelaxed,/users/sgmwu14/scratch/openfold_inference_runs5times/epoch_10/your_model_epoch_10/repeat_1/predictions/7evw_A_model_1_unrelaxed.pdb
10,2,2olo_A,success,1,0,/users/sgmwu14/scratch/openfold_inference_runs5times/epoch_10/your_model_epoch_10/repeat_2/predictions/2olo_A_model_1_unrelaxed.pdb,/users/sgmwu14/scratch/openfold_inference_runs5times/epoch_10/your_model_epoch_10/repeat_2/predictions/2olo_A_model_1_relaxed.pdb,True,53.64838046272491,24.03,73.13,389,unrelaxed,/users/sgmwu14/scratch/openfold_inference_runs5times/epoch_10/your_model_epoch_10/repeat_2/predictions/2olo_A_model_1_unrelaxed.pdb
10,2,4bp8_A,success,1,0,/users/sgmwu14/scratch/openfold_inference_runs5times/epoch_10/your_model_epoch_10/repeat_2/predictions/4bp8_A_model_1_unrelaxed.pdb,/users/sgmwu14/scratch/openfold_inference_runs5times/epoch_10/your_model_epoch_10/repeat_2/predictions/4bp8_A_model_1_relaxed.pdb,True,56.41292307692311,27.03,73.93,715,unrelaxed,/users/sgmwu14/scratch/openfold_inference_runs5times/epoch_10/your_model_epoch_10/repeat_2/predictions/4bp8_A_model_1_unrelaxed.pdb
10,2,5i6x_A,success,1,0,/users/sgmwu14/scratch/openfold_inference_runs5times/epoch_10/your_model_epoch_10/repeat_2/predictions/5i6x_A_model_1_unrelaxed.pdb,/users/sgmwu14/scratch/openfold_inference_runs5times/epoch_10/your_model_epoch_10/repeat_2/predictions/5i6x_A_model_1_relaxed.pdb,True,51.37856102003642,24.98,65.47,549,unrelaxed,/users/sgmwu14/scratch/openfold_inference_runs5times/epoch_10/your_model_epoch_10/repeat_2/predictions/5i6x_A_model_1_unrelaxed.pdb
10,2,6nbf_A,success,1,0,/users/sgmwu14/scratch/openfold_inference_runs5times/epoch_10/your_model_epoch_10/repeat_2/predictions/6nbf_A_model_1_unrelaxed.pdb,/users/sgmwu14/scratch/openfold_inference_runs5times/epoch_10/your_model_epoch_10/repeat_2/predictions/6nbf_A_model_1_relaxed.pdb,True,46.65123430962343,24.91,67.63,478,unrelaxed,/users/sgmwu14/scratch/openfold_inference_runs5times/epoch_10/your_model_epoch_10/repeat_2/predictions/6nbf_A_model_1_unrelaxed.pdb
10,2,6xpf_A,success,1,0,/users/sgmwu14/scratch/openfold_inference_runs5times/epoch_10/your_model_epoch_10/repeat_2/predictions/6xpf_A_model_1_unrelaxed.pdb,/users/sgmwu14/scratch/openfold_inference_runs5times/epoch_10/your_model_epoch_10/repeat_2/predictions/6xpf_A_model_1_relaxed.pdb,True,59.15037499999996,24.69,75.71,320,unrelaxed,/users/sgmwu14/scratch/openfold_inference_runs5times/epoch_10/your_model_epoch_10/repeat_2/predictions/6xpf_A_model_1_unrelaxed.pdb
10,2,7dsq_A,success,1,0,/users/sgmwu14/scratch/openfold_inference_runs5times/epoch_10/your_model_epoch_10/repeat_2/predictions/7dsq_A_model_1_unrelaxed.pdb,/users/sgmwu14/scratch/openfold_inference_runs5times/epoch_10/your_model_epoch_10/repeat_2/predictions/7dsq_A_model_1_relaxed.pdb,True,60.653620689655206,26.86,72.09,464,unrelaxed,/users/sgmwu14/scratch/openfold_inference_runs5times/epoch_10/your_model_epoch_10/repeat_2/predictions/7dsq_A_model_1_unrelaxed.pdb
10,2,7evw_A,success,1,0,/users/sgmwu14/scratch/openfold_inference_runs5times/epoch_10/your_model_epoch_10/repeat_2/predictions/7evw_A_model_1_unrelaxed.pdb,/users/sgmwu14/scratch/openfold_inference_runs5times/epoch_10/your_model_epoch_10/repeat_2/predictions/7evw_A_model_1_relaxed.pdb,True,45.46903171953258,24.15,67.12,599,unrelaxed,/users/sgmwu14/scratch/openfold_inference_runs5times/epoch_10/your_model_epoch_10/repeat_2/predictions/7evw_A_model_1_unrelaxed.pdb
10,3,2olo_A,success,1,0,/users/sgmwu14/scratch/openfold_inference_runs5times/epoch_10/your_model_epoch_10/repeat_3/predictions/2olo_A_model_1_unrelaxed.pdb,/users/sgmwu14/scratch/openfold_inference_runs5times/epoch_10/your_model_epoch_10/repeat_3/predictions/2olo_A_model_1_relaxed.pdb,True,53.87138817480718,27.24,73.29,389,unrelaxed,/users/sgmwu14/scratch/openfold_inference_runs5times/epoch_10/your_model_epoch_10/repeat_3/predictions/2olo_A_model_1_unrelaxed.pdb
10,3,4bp8_A,success,1,0,/users/sgmwu14/scratch/openfold_inference_runs5times/epoch_10/your_model_epoch_10/repeat_3/predictions/4bp8_A_model_1_unrelaxed.pdb,/users/sgmwu14/scratch/openfold_inference_runs5times/epoch_10/your_model_epoch_10/repeat_3/predictions/4bp8_A_model_1_relaxed.pdb,True,56.50274125874128,28.18,73.45,715,unrelaxed,/users/sgmwu14/scratch/openfold_inference_runs5times/epoch_10/your_model_epoch_10/repeat_3/predictions/4bp8_A_model_1_unrelaxed.pdb
10,3,5i6x_A,success,1,0,/users/sgmwu14/scratch/openfold_inference_runs5times/epoch_10/your_model_epoch_10/repeat_3/predictions/5i6x_A_model_1_unrelaxed.pdb,/users/sgmwu14/scratch/openfold_inference_runs5times/epoch_10/your_model_epoch_10/repeat_3/predictions/5i6x_A_model_1_relaxed.pdb,True,54.35329690346082,25.34,68.51,549,unrelaxed,/users/sgmwu14/scratch/openfold_inference_runs5times/epoch_10/your_model_epoch_10/repeat_3/predictions/5i6x_A_model_1_unrelaxed.pdb
10,3,6nbf_A,success,1,0,/users/sgmwu14/scratch/openfold_inference_runs5times/epoch_10/your_model_epoch_10/repeat_3/predictions/6nbf_A_model_1_unrelaxed.pdb,/users/sgmwu14/scratch/openfold_inference_runs5times/epoch_10/your_model_epoch_10/repeat_3/predictions/6nbf_A_model_1_relaxed.pdb,True,46.36782426778247,23.86,66.79,478,unrelaxed,/users/sgmwu14/scratch/openfold_inference_runs5times/epoch_10/your_model_epoch_10/repeat_3/predictions/6nbf_A_model_1_unrelaxed.pdb
10,3,6xpf_A,success,1,0,/users/sgmwu14/scratch/openfold_inference_runs5times/epoch_10/your_model_epoch_10/repeat_3/predictions/6xpf_A_model_1_unrelaxed.pdb,/users/sgmwu14/scratch/openfold_inference_runs5times/epoch_10/your_model_epoch_10/repeat_3/predictions/6xpf_A_model_1_relaxed.pdb,True,59.277249999999945,25.78,75.17,320,unrelaxed,/users/sgmwu14/scratch/openfold_inference_runs5times/epoch_10/your_model_epoch_10/repeat_3/predictions/6xpf_A_model_1_unrelaxed.pdb
10,3,7dsq_A,success,1,0,/users/sgmwu14/scratch/openfold_inference_runs5times/epoch_10/your_model_epoch_10/repeat_3/predictions/7dsq_A_model_1_unrelaxed.pdb,/users/sgmwu14/scratch/openfold_inference_runs5times/epoch_10/your_model_epoch_10/repeat_3/predictions/7dsq_A_model_1_relaxed.pdb,True,60.5085775862069,28.23,71.85,464,unrelaxed,/users/sgmwu14/scratch/openfold_inference_runs5times/epoch_10/your_model_epoch_10/repeat_3/predictions/7dsq_A_model_1_unrelaxed.pdb
10,3,7evw_A,success,1,0,/users/sgmwu14/scratch/openfold_inference_runs5times/epoch_10/your_model_epoch_10/repeat_3/predictions/7evw_A_model_1_unrelaxed.pdb,/users/sgmwu14/scratch/openfold_inference_runs5times/epoch_10/your_model_epoch_10/repeat_3/predictions/7evw_A_model_1_relaxed.pdb,True,45.91707846410687,24.53,68.03,599,unrelaxed,/users/sgmwu14/scratch/openfold_inference_runs5times/epoch_10/your_model_epoch_10/repeat_3/predictions/7evw_A_model_1_unrelaxed.pdb
10,4,2olo_A,success,1,0,/users/sgmwu14/scratch/openfold_inference_runs5times/epoch_10/your_model_epoch_10/repeat_4/predictions/2olo_A_model_1_unrelaxed.pdb,/users/sgmwu14/scratch/openfold_inference_runs5times/epoch_10/your_model_epoch_10/repeat_4/predictions/2olo_A_model_1_relaxed.pdb,True,53.40025706940872,26.35,74.07,389,unrelaxed,/users/sgmwu14/scratch/openfold_inference_runs5times/epoch_10/your_model_epoch_10/repeat_4/predictions/2olo_A_model_1_unrelaxed.pdb
10,4,4bp8_A,success,1,0,/users/sgmwu14/scratch/openfold_inference_runs5times/epoch_10/your_model_epoch_10/repeat_4/predictions/4bp8_A_model_1_unrelaxed.pdb,/users/sgmwu14/scratch/openfold_inference_runs5times/epoch_10/your_model_epoch_10/repeat_4/predictions/4bp8_A_model_1_relaxed.pdb,True,56.33051748251742,26.48,73.39,715,unrelaxed,/users/sgmwu14/scratch/openfold_inference_runs5times/epoch_10/your_model_epoch_10/repeat_4/predictions/4bp8_A_model_1_unrelaxed.pdb
10,4,5i6x_A,success,1,0,/users/sgmwu14/scratch/openfold_inference_runs5times/epoch_10/your_model_epoch_10/repeat_4/predictions/5i6x_A_model_1_unrelaxed.pdb,/users/sgmwu14/scratch/openfold_inference_runs5times/epoch_10/your_model_epoch_10/repeat_4/predictions/5i6x_A_model_1_relaxed.pdb,True,55.55291438979963,28.55,69.18,549,unrelaxed,/users/sgmwu14/scratch/openfold_inference_runs5times/epoch_10/your_model_epoch_10/repeat_4/predictions/5i6x_A_model_1_unrelaxed.pdb
10,4,6nbf_A,success,1,0,/users/sgmwu14/scratch/openfold_inference_runs5times/epoch_10/your_model_epoch_10/repeat_4/predictions/6nbf_A_model_1_unrelaxed.pdb,/users/sgmwu14/scratch/openfold_inference_runs5times/epoch_10/your_model_epoch_10/repeat_4/predictions/6nbf_A_model_1_relaxed.pdb,True,45.71489539748954,24.25,66.63,478,unrelaxed,/users/sgmwu14/scratch/openfold_inference_runs5times/epoch_10/your_model_epoch_10/repeat_4/predictions/6nbf_A_model_1_unrelaxed.pdb
10,4,6xpf_A,success,1,0,/users/sgmwu14/scratch/openfold_inference_runs5times/epoch_10/your_model_epoch_10/repeat_4/predictions/6xpf_A_model_1_unrelaxed.pdb,/users/sgmwu14/scratch/openfold_inference_runs5times/epoch_10/your_model_epoch_10/repeat_4/predictions/6xpf_A_model_1_relaxed.pdb,True,58.56693749999996,26.33,75.47,320,unrelaxed,/users/sgmwu14/scratch/openfold_inference_runs5times/epoch_10/your_model_epoch_10/repeat_4/predictions/6xpf_A_model_1_unrelaxed.pdb
10,4,7dsq_A,success,1,0,/users/sgmwu14/scratch/openfold_inference_runs5times/epoch_10/your_model_epoch_10/repeat_4/predictions/7dsq_A_model_1_unrelaxed.pdb,/users/sgmwu14/scratch/openfold_inference_runs5times/epoch_10/your_model_epoch_10/repeat_4/predictions/7dsq_A_model_1_relaxed.pdb,True,60.8833189655173,26.96,71.56,464,unrelaxed,/users/sgmwu14/scratch/openfold_inference_runs5times/epoch_10/your_model_epoch_10/repeat_4/predictions/7dsq_A_model_1_unrelaxed.pdb
10,4,7evw_A,success,1,0,/users/sgmwu14/scratch/openfold_inference_runs5times/epoch_10/your_model_epoch_10/repeat_4/predictions/7evw_A_model_1_unrelaxed.pdb,/users/sgmwu14/scratch/openfold_inference_runs5times/epoch_10/your_model_epoch_10/repeat_4/predictions/7evw_A_model_1_relaxed.pdb,True,45.79357262103508,23.16,67.53,599,unrelaxed,/users/sgmwu14/scratch/openfold_inference_runs5times/epoch_10/your_model_epoch_10/repeat_4/predictions/7evw_A_model_1_unrelaxed.pdb
10,5,2olo_A,success,1,0,/users/sgmwu14/scratch/openfold_inference_runs5times/epoch_10/your_model_epoch_10/repeat_5/predictions/2olo_A_model_1_unrelaxed.pdb,/users/sgmwu14/scratch/openfold_inference_runs5times/epoch_10/your_model_epoch_10/repeat_5/predictions/2olo_A_model_1_relaxed.pdb,True,53.15894601542415,25.9,73.38,389,unrelaxed,/users/sgmwu14/scratch/openfold_inference_runs5times/epoch_10/your_model_epoch_10/repeat_5/predictions/2olo_A_model_1_unrelaxed.pdb
10,5,4bp8_A,success,1,0,/users/sgmwu14/scratch/openfold_inference_runs5times/epoch_10/your_model_epoch_10/repeat_5/predictions/4bp8_A_model_1_unrelaxed.pdb,/users/sgmwu14/scratch/openfold_inference_runs5times/epoch_10/your_model_epoch_10/repeat_5/predictions/4bp8_A_model_1_relaxed.pdb,True,56.130251748251816,28.99,73.42,715,unrelaxed,/users/sgmwu14/scratch/openfold_inference_runs5times/epoch_10/your_model_epoch_10/repeat_5/predictions/4bp8_A_model_1_unrelaxed.pdb
10,5,5i6x_A,success,1,0,/users/sgmwu14/scratch/openfold_inference_runs5times/epoch_10/your_model_epoch_10/repeat_5/predictions/5i6x_A_model_1_unrelaxed.pdb,/users/sgmwu14/scratch/openfold_inference_runs5times/epoch_10/your_model_epoch_10/repeat_5/predictions/5i6x_A_model_1_relaxed.pdb,True,49.25857923497265,26.1,63.87,549,unrelaxed,/users/sgmwu14/scratch/openfold_inference_runs5times/epoch_10/your_model_epoch_10/repeat_5/predictions/5i6x_A_model_1_unrelaxed.pdb
10,5,6nbf_A,success,1,0,/users/sgmwu14/scratch/openfold_inference_runs5times/epoch_10/your_model_epoch_10/repeat_5/predictions/6nbf_A_model_1_unrelaxed.pdb,/users/sgmwu14/scratch/openfold_inference_runs5times/epoch_10/your_model_epoch_10/repeat_5/predictions/6nbf_A_model_1_relaxed.pdb,True,46.134686192468685,24.52,66.88,478,unrelaxed,/users/sgmwu14/scratch/openfold_inference_runs5times/epoch_10/your_model_epoch_10/repeat_5/predictions/6nbf_A_model_1_unrelaxed.pdb
10,5,6xpf_A,success,1,0,/users/sgmwu14/scratch/openfold_inference_runs5times/epoch_10/your_model_epoch_10/repeat_5/predictions/6xpf_A_model_1_unrelaxed.pdb,/users/sgmwu14/scratch/openfold_inference_runs5times/epoch_10/your_model_epoch_10/repeat_5/predictions/6xpf_A_model_1_relaxed.pdb,True,60.31728125000002,23.43,75.75,320,unrelaxed,/users/sgmwu14/scratch/openfold_inference_runs5times/epoch_10/your_model_epoch_10/repeat_5/predictions/6xpf_A_model_1_unrelaxed.pdb
10,5,7dsq_A,success,1,0,/users/sgmwu14/scratch/openfold_inference_runs5times/epoch_10/your_model_epoch_10/repeat_5/predictions/7dsq_A_model_1_unrelaxed.pdb,/users/sgmwu14/scratch/openfold_inference_runs5times/epoch_10/your_model_epoch_10/repeat_5/predictions/7dsq_A_model_1_relaxed.pdb,True,61.13881465517237,28.01,72.05,464,unrelaxed,/users/sgmwu14/scratch/openfold_inference_runs5times/epoch_10/your_model_epoch_10/repeat_5/predictions/7dsq_A_model_1_unrelaxed.pdb
10,5,7evw_A,error,0,1,/users/sgmwu14/scratch/openfold_inference_runs5times/epoch_10/your_model_epoch_10/repeat_5/predictions/7evw_A_model_1_unrelaxed.pdb,/users/sgmwu14/scratch/openfold_inference_runs5times/epoch_10/your_model_epoch_10/repeat_5/predictions/7evw_A_model_1_relaxed.pdb,False,45.46298831385639,24.74,67.57,599,unrelaxed,/users/sgmwu14/scratch/openfold_inference_runs5times/epoch_10/your_model_epoch_10/repeat_5/predictions/7evw_A_model_1_unrelaxed.pdb
11,1,2olo_A,success,1,0,/users/sgmwu14/scratch/openfold_inference_runs5times/epoch_11/your_model_epoch_11/repeat_1/predictions/2olo_A_model_1_unrelaxed.pdb,/users/sgmwu14/scratch/openfold_inference_runs5times/epoch_11/your_model_epoch_11/repeat_1/predictions/2olo_A_model_1_relaxed.pdb,True,59.31221079691518,25.76,79.65,389,unrelaxed,/users/sgmwu14/scratch/openfold_inference_runs5times/epoch_11/your_model_epoch_11/repeat_1/predictions/2olo_A_model_1_unrelaxed.pdb
11,1,4bp8_A,success,1,0,/users/sgmwu14/scratch/openfold_inference_runs5times/epoch_11/your_model_epoch_11/repeat_1/predictions/4bp8_A_model_1_unrelaxed.pdb,/users/sgmwu14/scratch/openfold_inference_runs5times/epoch_11/your_model_epoch_11/repeat_1/predictions/4bp8_A_model_1_relaxed.pdb,True,64.49,27.02,78.7,715,unrelaxed,/users/sgmwu14/scratch/openfold_inference_runs5times/epoch_11/your_model_epoch_11/repeat_1/predictions/4bp8_A_model_1_unrelaxed.pdb
11,1,5i6x_A,success,1,0,/users/sgmwu14/scratch/openfold_inference_runs5times/epoch_11/your_model_epoch_11/repeat_1/predictions/5i6x_A_model_1_unrelaxed.pdb,/users/sgmwu14/scratch/openfold_inference_runs5times/epoch_11/your_model_epoch_11/repeat_1/predictions/5i6x_A_model_1_relaxed.pdb,True,62.306156648451775,27.35,74.11,549,unrelaxed,/users/sgmwu14/scratch/openfold_inference_runs5times/epoch_11/your_model_epoch_11/repeat_1/predictions/5i6x_A_model_1_unrelaxed.pdb
11,1,6nbf_A,success,1,0,/users/sgmwu14/scratch/openfold_inference_runs5times/epoch_11/your_model_epoch_11/repeat_1/predictions/6nbf_A_model_1_unrelaxed.pdb,/users/sgmwu14/scratch/openfold_inference_runs5times/epoch_11/your_model_epoch_11/repeat_1/predictions/6nbf_A_model_1_relaxed.pdb,True,49.44029288702932,24.01,72.51,478,unrelaxed,/users/sgmwu14/scratch/openfold_inference_runs5times/epoch_11/your_model_epoch_11/repeat_1/predictions/6nbf_A_model_1_unrelaxed.pdb
11,1,6xpf_A,success,1,0,/users/sgmwu14/scratch/openfold_inference_runs5times/epoch_11/your_model_epoch_11/repeat_1/predictions/6xpf_A_model_1_unrelaxed.pdb,/users/sgmwu14/scratch/openfold_inference_runs5times/epoch_11/your_model_epoch_11/repeat_1/predictions/6xpf_A_model_1_relaxed.pdb,True,67.30640624999998,25.39,79.46,320,unrelaxed,/users/sgmwu14/scratch/openfold_inference_runs5times/epoch_11/your_model_epoch_11/repeat_1/predictions/6xpf_A_model_1_unrelaxed.pdb
11,1,7dsq_A,success,1,0,/users/sgmwu14/scratch/openfold_inference_runs5times/epoch_11/your_model_epoch_11/repeat_1/predictions/7dsq_A_model_1_unrelaxed.pdb,/users/sgmwu14/scratch/openfold_inference_runs5times/epoch_11/your_model_epoch_11/repeat_1/predictions/7dsq_A_model_1_relaxed.pdb,True,68.13418103448276,23.77,77.59,464,unrelaxed,/users/sgmwu14/scratch/openfold_inference_runs5times/epoch_11/your_model_epoch_11/repeat_1/predictions/7dsq_A_model_1_unrelaxed.pdb
11,1,7evw_A,error,0,1,/users/sgmwu14/scratch/openfold_inference_runs5times/epoch_11/your_model_epoch_11/repeat_1/predictions/7evw_A_model_1_unrelaxed.pdb,/users/sgmwu14/scratch/openfold_inference_runs5times/epoch_11/your_model_epoch_11/repeat_1/predictions/7evw_A_model_1_relaxed.pdb,False,50.124674457429066,22.81,74.11,599,unrelaxed,/users/sgmwu14/scratch/openfold_inference_runs5times/epoch_11/your_model_epoch_11/repeat_1/predictions/7evw_A_model_1_unrelaxed.pdb
11,2,2olo_A,success,1,0,/users/sgmwu14/scratch/openfold_inference_runs5times/epoch_11/your_model_epoch_11/repeat_2/predictions/2olo_A_model_1_unrelaxed.pdb,/users/sgmwu14/scratch/openfold_inference_runs5times/epoch_11/your_model_epoch_11/repeat_2/predictions/2olo_A_model_1_relaxed.pdb,True,59.8769922879178,26.2,79.8,389,unrelaxed,/users/sgmwu14/scratch/openfold_inference_runs5times/epoch_11/your_model_epoch_11/repeat_2/predictions/2olo_A_model_1_unrelaxed.pdb
11,2,4bp8_A,success,1,0,/users/sgmwu14/scratch/openfold_inference_runs5times/epoch_11/your_model_epoch_11/repeat_2/predictions/4bp8_A_model_1_unrelaxed.pdb,/users/sgmwu14/scratch/openfold_inference_runs5times/epoch_11/your_model_epoch_11/repeat_2/predictions/4bp8_A_model_1_relaxed.pdb,True,62.99107692307688,25.62,77.39,715,unrelaxed,/users/sgmwu14/scratch/openfold_inference_runs5times/epoch_11/your_model_epoch_11/repeat_2/predictions/4bp8_A_model_1_unrelaxed.pdb
11,2,5i6x_A,success,1,0,/users/sgmwu14/scratch/openfold_inference_runs5times/epoch_11/your_model_epoch_11/repeat_2/predictions/5i6x_A_model_1_unrelaxed.pdb,/users/sgmwu14/scratch/openfold_inference_runs5times/epoch_11/your_model_epoch_11/repeat_2/predictions/5i6x_A_model_1_relaxed.pdb,True,63.25601092896178,27.14,74.31,549,unrelaxed,/users/sgmwu14/scratch/openfold_inference_runs5times/epoch_11/your_model_epoch_11/repeat_2/predictions/5i6x_A_model_1_unrelaxed.pdb
11,2,6nbf_A,success,1,0,/users/sgmwu14/scratch/openfold_inference_runs5times/epoch_11/your_model_epoch_11/repeat_2/predictions/6nbf_A_model_1_unrelaxed.pdb,/users/sgmwu14/scratch/openfold_inference_runs5times/epoch_11/your_model_epoch_11/repeat_2/predictions/6nbf_A_model_1_relaxed.pdb,True,51.00859832635981,22.84,77.02,478,unrelaxed,/users/sgmwu14/scratch/openfold_inference_runs5times/epoch_11/your_model_epoch_11/repeat_2/predictions/6nbf_A_model_1_unrelaxed.pdb
11,2,6xpf_A,success,1,0,/users/sgmwu14/scratch/openfold_inference_runs5times/epoch_11/your_model_epoch_11/repeat_2/predictions/6xpf_A_model_1_unrelaxed.pdb,/users/sgmwu14/scratch/openfold_inference_runs5times/epoch_11/your_model_epoch_11/repeat_2/predictions/6xpf_A_model_1_relaxed.pdb,True,67.35587499999993,24.34,79.67,320,unrelaxed,/users/sgmwu14/scratch/openfold_inference_runs5times/epoch_11/your_model_epoch_11/repeat_2/predictions/6xpf_A_model_1_unrelaxed.pdb
11,2,7dsq_A,success,1,0,/users/sgmwu14/scratch/openfold_inference_runs5times/epoch_11/your_model_epoch_11/repeat_2/predictions/7dsq_A_model_1_unrelaxed.pdb,/users/sgmwu14/scratch/openfold_inference_runs5times/epoch_11/your_model_epoch_11/repeat_2/predictions/7dsq_A_model_1_relaxed.pdb,True,66.71314655172408,26.83,76.94,464,unrelaxed,/users/sgmwu14/scratch/openfold_inference_runs5times/epoch_11/your_model_epoch_11/repeat_2/predictions/7dsq_A_model_1_unrelaxed.pdb
11,2,7evw_A,error,0,1,/users/sgmwu14/scratch/openfold_inference_runs5times/epoch_11/your_model_epoch_11/repeat_2/predictions/7evw_A_model_1_unrelaxed.pdb,/users/sgmwu14/scratch/openfold_inference_runs5times/epoch_11/your_model_epoch_11/repeat_2/predictions/7evw_A_model_1_relaxed.pdb,False,49.05704507512525,21.22,71.29,599,unrelaxed,/users/sgmwu14/scratch/openfold_inference_runs5times/epoch_11/your_model_epoch_11/repeat_2/predictions/7evw_A_model_1_unrelaxed.pdb
11,3,2olo_A,success,1,0,/users/sgmwu14/scratch/openfold_inference_runs5times/epoch_11/your_model_epoch_11/repeat_3/predictions/2olo_A_model_1_unrelaxed.pdb,/users/sgmwu14/scratch/openfold_inference_runs5times/epoch_11/your_model_epoch_11/repeat_3/predictions/2olo_A_model_1_relaxed.pdb,True,59.677017994858566,26.29,79.82,389,unrelaxed,/users/sgmwu14/scratch/openfold_inference_runs5times/epoch_11/your_model_epoch_11/repeat_3/predictions/2olo_A_model_1_unrelaxed.pdb
11,3,4bp8_A,success,1,0,/users/sgmwu14/scratch/openfold_inference_runs5times/epoch_11/your_model_epoch_11/repeat_3/predictions/4bp8_A_model_1_unrelaxed.pdb,/users/sgmwu14/scratch/openfold_inference_runs5times/epoch_11/your_model_epoch_11/repeat_3/predictions/4bp8_A_model_1_relaxed.pdb,True,62.13930069930074,27.61,78.58,715,unrelaxed,/users/sgmwu14/scratch/openfold_inference_runs5times/epoch_11/your_model_epoch_11/repeat_3/predictions/4bp8_A_model_1_unrelaxed.pdb
11,3,5i6x_A,success,1,0,/users/sgmwu14/scratch/openfold_inference_runs5times/epoch_11/your_model_epoch_11/repeat_3/predictions/5i6x_A_model_1_unrelaxed.pdb,/users/sgmwu14/scratch/openfold_inference_runs5times/epoch_11/your_model_epoch_11/repeat_3/predictions/5i6x_A_model_1_relaxed.pdb,True,62.713734061930765,24.7,74.2,549,unrelaxed,/users/sgmwu14/scratch/openfold_inference_runs5times/epoch_11/your_model_epoch_11/repeat_3/predictions/5i6x_A_model_1_unrelaxed.pdb
11,3,6nbf_A,success,1,0,/users/sgmwu14/scratch/openfold_inference_runs5times/epoch_11/your_model_epoch_11/repeat_3/predictions/6nbf_A_model_1_unrelaxed.pdb,/users/sgmwu14/scratch/openfold_inference_runs5times/epoch_11/your_model_epoch_11/repeat_3/predictions/6nbf_A_model_1_relaxed.pdb,True,50.778702928870295,23.09,76.46,478,unrelaxed,/users/sgmwu14/scratch/openfold_inference_runs5times/epoch_11/your_model_epoch_11/repeat_3/predictions/6nbf_A_model_1_unrelaxed.pdb
11,3,6xpf_A,success,1,0,/users/sgmwu14/scratch/openfold_inference_runs5times/epoch_11/your_model_epoch_11/repeat_3/predictions/6xpf_A_model_1_unrelaxed.pdb,/users/sgmwu14/scratch/openfold_inference_runs5times/epoch_11/your_model_epoch_11/repeat_3/predictions/6xpf_A_model_1_relaxed.pdb,True,66.94571875000005,23.59,80.33,320,unrelaxed,/users/sgmwu14/scratch/openfold_inference_runs5times/epoch_11/your_model_epoch_11/repeat_3/predictions/6xpf_A_model_1_unrelaxed.pdb
11,3,7dsq_A,success,1,0,/users/sgmwu14/scratch/openfold_inference_runs5times/epoch_11/your_model_epoch_11/repeat_3/predictions/7dsq_A_model_1_unrelaxed.pdb,/users/sgmwu14/scratch/openfold_inference_runs5times/epoch_11/your_model_epoch_11/repeat_3/predictions/7dsq_A_model_1_relaxed.pdb,True,67.20900862068969,25.99,77.45,464,unrelaxed,/users/sgmwu14/scratch/openfold_inference_runs5times/epoch_11/your_model_epoch_11/repeat_3/predictions/7dsq_A_model_1_unrelaxed.pdb
11,3,7evw_A,success,1,0,/users/sgmwu14/scratch/openfold_inference_runs5times/epoch_11/your_model_epoch_11/repeat_3/predictions/7evw_A_model_1_unrelaxed.pdb,/users/sgmwu14/scratch/openfold_inference_runs5times/epoch_11/your_model_epoch_11/repeat_3/predictions/7evw_A_model_1_relaxed.pdb,True,49.24772954924876,23.12,72.15,599,unrelaxed,/users/sgmwu14/scratch/openfold_inference_runs5times/epoch_11/your_model_epoch_11/repeat_3/predictions/7evw_A_model_1_unrelaxed.pdb
11,4,2olo_A,success,1,0,/users/sgmwu14/scratch/openfold_inference_runs5times/epoch_11/your_model_epoch_11/repeat_4/predictions/2olo_A_model_1_unrelaxed.pdb,/users/sgmwu14/scratch/openfold_inference_runs5times/epoch_11/your_model_epoch_11/repeat_4/predictions/2olo_A_model_1_relaxed.pdb,True,59.60784061696659,25.77,79.76,389,unrelaxed,/users/sgmwu14/scratch/openfold_inference_runs5times/epoch_11/your_model_epoch_11/repeat_4/predictions/2olo_A_model_1_unrelaxed.pdb
11,4,4bp8_A,success,1,0,/users/sgmwu14/scratch/openfold_inference_runs5times/epoch_11/your_model_epoch_11/repeat_4/predictions/4bp8_A_model_1_unrelaxed.pdb,/users/sgmwu14/scratch/openfold_inference_runs5times/epoch_11/your_model_epoch_11/repeat_4/predictions/4bp8_A_model_1_relaxed.pdb,True,63.26479720279728,27.15,78.85,715,unrelaxed,/users/sgmwu14/scratch/openfold_inference_runs5times/epoch_11/your_model_epoch_11/repeat_4/predictions/4bp8_A_model_1_unrelaxed.pdb
11,4,5i6x_A,success,1,0,/users/sgmwu14/scratch/openfold_inference_runs5times/epoch_11/your_model_epoch_11/repeat_4/predictions/5i6x_A_model_1_unrelaxed.pdb,/users/sgmwu14/scratch/openfold_inference_runs5times/epoch_11/your_model_epoch_11/repeat_4/predictions/5i6x_A_model_1_relaxed.pdb,True,62.6312204007286,31.06,75.28,549,unrelaxed,/users/sgmwu14/scratch/openfold_inference_runs5times/epoch_11/your_model_epoch_11/repeat_4/predictions/5i6x_A_model_1_unrelaxed.pdb
11,4,6nbf_A,success,1,0,/users/sgmwu14/scratch/openfold_inference_runs5times/epoch_11/your_model_epoch_11/repeat_4/predictions/6nbf_A_model_1_unrelaxed.pdb,/users/sgmwu14/scratch/openfold_inference_runs5times/epoch_11/your_model_epoch_11/repeat_4/predictions/6nbf_A_model_1_relaxed.pdb,True,49.21807531380755,21.5,70.89,478,unrelaxed,/users/sgmwu14/scratch/openfold_inference_runs5times/epoch_11/your_model_epoch_11/repeat_4/predictions/6nbf_A_model_1_unrelaxed.pdb
11,4,6xpf_A,success,1,0,/users/sgmwu14/scratch/openfold_inference_runs5times/epoch_11/your_model_epoch_11/repeat_4/predictions/6xpf_A_model_1_unrelaxed.pdb,/users/sgmwu14/scratch/openfold_inference_runs5times/epoch_11/your_model_epoch_11/repeat_4/predictions/6xpf_A_model_1_relaxed.pdb,True,66.79184374999997,22.85,79.66,320,unrelaxed,/users/sgmwu14/scratch/openfold_inference_runs5times/epoch_11/your_model_epoch_11/repeat_4/predictions/6xpf_A_model_1_unrelaxed.pdb
11,4,7dsq_A,success,1,0,/users/sgmwu14/scratch/openfold_inference_runs5times/epoch_11/your_model_epoch_11/repeat_4/predictions/7dsq_A_model_1_unrelaxed.pdb,/users/sgmwu14/scratch/openfold_inference_runs5times/epoch_11/your_model_epoch_11/repeat_4/predictions/7dsq_A_model_1_relaxed.pdb,True,67.63327586206898,25.27,77.75,464,unrelaxed,/users/sgmwu14/scratch/openfold_inference_runs5times/epoch_11/your_model_epoch_11/repeat_4/predictions/7dsq_A_model_1_unrelaxed.pdb
11,4,7evw_A,success,1,0,/users/sgmwu14/scratch/openfold_inference_runs5times/epoch_11/your_model_epoch_11/repeat_4/predictions/7evw_A_model_1_unrelaxed.pdb,/users/sgmwu14/scratch/openfold_inference_runs5times/epoch_11/your_model_epoch_11/repeat_4/predictions/7evw_A_model_1_relaxed.pdb,True,48.69974958263776,21.6,71.89,599,unrelaxed,/users/sgmwu14/scratch/openfold_inference_runs5times/epoch_11/your_model_epoch_11/repeat_4/predictions/7evw_A_model_1_unrelaxed.pdb
11,5,2olo_A,success,1,0,/users/sgmwu14/scratch/openfold_inference_runs5times/epoch_11/your_model_epoch_11/repeat_5/predictions/2olo_A_model_1_unrelaxed.pdb,/users/sgmwu14/scratch/openfold_inference_runs5times/epoch_11/your_model_epoch_11/repeat_5/predictions/2olo_A_model_1_relaxed.pdb,True,59.57989717223651,24.87,79.87,389,unrelaxed,/users/sgmwu14/scratch/openfold_inference_runs5times/epoch_11/your_model_epoch_11/repeat_5/predictions/2olo_A_model_1_unrelaxed.pdb
11,5,4bp8_A,success,1,0,/users/sgmwu14/scratch/openfold_inference_runs5times/epoch_11/your_model_epoch_11/repeat_5/predictions/4bp8_A_model_1_unrelaxed.pdb,/users/sgmwu14/scratch/openfold_inference_runs5times/epoch_11/your_model_epoch_11/repeat_5/predictions/4bp8_A_model_1_relaxed.pdb,True,63.66704895104895,28.04,77.39,715,unrelaxed,/users/sgmwu14/scratch/openfold_inference_runs5times/epoch_11/your_model_epoch_11/repeat_5/predictions/4bp8_A_model_1_unrelaxed.pdb
11,5,5i6x_A,success,1,0,/users/sgmwu14/scratch/openfold_inference_runs5times/epoch_11/your_model_epoch_11/repeat_5/predictions/5i6x_A_model_1_unrelaxed.pdb,/users/sgmwu14/scratch/openfold_inference_runs5times/epoch_11/your_model_epoch_11/repeat_5/predictions/5i6x_A_model_1_relaxed.pdb,True,63.198615664845214,28.23,74.82,549,unrelaxed,/users/sgmwu14/scratch/openfold_inference_runs5times/epoch_11/your_model_epoch_11/repeat_5/predictions/5i6x_A_model_1_unrelaxed.pdb
11,5,6nbf_A,success,1,0,/users/sgmwu14/scratch/openfold_inference_runs5times/epoch_11/your_model_epoch_11/repeat_5/predictions/6nbf_A_model_1_unrelaxed.pdb,/users/sgmwu14/scratch/openfold_inference_runs5times/epoch_11/your_model_epoch_11/repeat_5/predictions/6nbf_A_model_1_relaxed.pdb,True,51.13857740585776,22.56,74.95,478,unrelaxed,/users/sgmwu14/scratch/openfold_inference_runs5times/epoch_11/your_model_epoch_11/repeat_5/predictions/6nbf_A_model_1_unrelaxed.pdb
11,5,6xpf_A,success,1,0,/users/sgmwu14/scratch/openfold_inference_runs5times/epoch_11/your_model_epoch_11/repeat_5/predictions/6xpf_A_model_1_unrelaxed.pdb,/users/sgmwu14/scratch/openfold_inference_runs5times/epoch_11/your_model_epoch_11/repeat_5/predictions/6xpf_A_model_1_relaxed.pdb,True,67.37224999999992,24.15,79.63,320,unrelaxed,/users/sgmwu14/scratch/openfold_inference_runs5times/epoch_11/your_model_epoch_11/repeat_5/predictions/6xpf_A_model_1_unrelaxed.pdb
11,5,7dsq_A,success,1,0,/users/sgmwu14/scratch/openfold_inference_runs5times/epoch_11/your_model_epoch_11/repeat_5/predictions/7dsq_A_model_1_unrelaxed.pdb,/users/sgmwu14/scratch/openfold_inference_runs5times/epoch_11/your_model_epoch_11/repeat_5/predictions/7dsq_A_model_1_relaxed.pdb,True,68.3687715517241,29.63,78.42,464,unrelaxed,/users/sgmwu14/scratch/openfold_inference_runs5times/epoch_11/your_model_epoch_11/repeat_5/predictions/7dsq_A_model_1_unrelaxed.pdb
11,5,7evw_A,success,1,0,/users/sgmwu14/scratch/openfold_inference_runs5times/epoch_11/your_model_epoch_11/repeat_5/predictions/7evw_A_model_1_unrelaxed.pdb,/users/sgmwu14/scratch/openfold_inference_runs5times/epoch_11/your_model_epoch_11/repeat_5/predictions/7evw_A_model_1_relaxed.pdb,True,48.79425709515859,21.92,71.28,599,unrelaxed,/users/sgmwu14/scratch/openfold_inference_runs5times/epoch_11/your_model_epoch_11/repeat_5/predictions/7evw_A_model_1_unrelaxed.pdb
12,1,2olo_A,success,1,0,/users/sgmwu14/scratch/openfold_inference_runs5times/epoch_12/your_model_epoch_12/repeat_1/predictions/2olo_A_model_1_unrelaxed.pdb,/users/sgmwu14/scratch/openfold_inference_runs5times/epoch_12/your_model_epoch_12/repeat_1/predictions/2olo_A_model_1_relaxed.pdb,True,59.45210796915168,24.5,78.35,389,unrelaxed,/users/sgmwu14/scratch/openfold_inference_runs5times/epoch_12/your_model_epoch_12/repeat_1/predictions/2olo_A_model_1_unrelaxed.pdb
12,1,4bp8_A,success,1,0,/users/sgmwu14/scratch/openfold_inference_runs5times/epoch_12/your_model_epoch_12/repeat_1/predictions/4bp8_A_model_1_unrelaxed.pdb,/users/sgmwu14/scratch/openfold_inference_runs5times/epoch_12/your_model_epoch_12/repeat_1/predictions/4bp8_A_model_1_relaxed.pdb,True,66.07727272727264,29.86,79.73,715,unrelaxed,/users/sgmwu14/scratch/openfold_inference_runs5times/epoch_12/your_model_epoch_12/repeat_1/predictions/4bp8_A_model_1_unrelaxed.pdb
12,1,5i6x_A,success,1,0,/users/sgmwu14/scratch/openfold_inference_runs5times/epoch_12/your_model_epoch_12/repeat_1/predictions/5i6x_A_model_1_unrelaxed.pdb,/users/sgmwu14/scratch/openfold_inference_runs5times/epoch_12/your_model_epoch_12/repeat_1/predictions/5i6x_A_model_1_relaxed.pdb,True,67.85708561020036,31.15,78.34,549,unrelaxed,/users/sgmwu14/scratch/openfold_inference_runs5times/epoch_12/your_model_epoch_12/repeat_1/predictions/5i6x_A_model_1_unrelaxed.pdb
12,1,6nbf_A,success,1,0,/users/sgmwu14/scratch/openfold_inference_runs5times/epoch_12/your_model_epoch_12/repeat_1/predictions/6nbf_A_model_1_unrelaxed.pdb,/users/sgmwu14/scratch/openfold_inference_runs5times/epoch_12/your_model_epoch_12/repeat_1/predictions/6nbf_A_model_1_relaxed.pdb,True,52.83543933054389,22.0,78.42,478,unrelaxed,/users/sgmwu14/scratch/openfold_inference_runs5times/epoch_12/your_model_epoch_12/repeat_1/predictions/6nbf_A_model_1_unrelaxed.pdb
12,1,6xpf_A,success,1,0,/users/sgmwu14/scratch/openfold_inference_runs5times/epoch_12/your_model_epoch_12/repeat_1/predictions/6xpf_A_model_1_unrelaxed.pdb,/users/sgmwu14/scratch/openfold_inference_runs5times/epoch_12/your_model_epoch_12/repeat_1/predictions/6xpf_A_model_1_relaxed.pdb,True,68.02237500000005,26.27,79.66,320,unrelaxed,/users/sgmwu14/scratch/openfold_inference_runs5times/epoch_12/your_model_epoch_12/repeat_1/predictions/6xpf_A_model_1_unrelaxed.pdb
12,1,7dsq_A,success,1,0,/users/sgmwu14/scratch/openfold_inference_runs5times/epoch_12/your_model_epoch_12/repeat_1/predictions/7dsq_A_model_1_unrelaxed.pdb,/users/sgmwu14/scratch/openfold_inference_runs5times/epoch_12/your_model_epoch_12/repeat_1/predictions/7dsq_A_model_1_relaxed.pdb,True,70.91060344827582,26.4,79.8,464,unrelaxed,/users/sgmwu14/scratch/openfold_inference_runs5times/epoch_12/your_model_epoch_12/repeat_1/predictions/7dsq_A_model_1_unrelaxed.pdb
12,1,7evw_A,success,1,0,/users/sgmwu14/scratch/openfold_inference_runs5times/epoch_12/your_model_epoch_12/repeat_1/predictions/7evw_A_model_1_unrelaxed.pdb,/users/sgmwu14/scratch/openfold_inference_runs5times/epoch_12/your_model_epoch_12/repeat_1/predictions/7evw_A_model_1_relaxed.pdb,True,50.97390651085146,22.82,74.66,599,unrelaxed,/users/sgmwu14/scratch/openfold_inference_runs5times/epoch_12/your_model_epoch_12/repeat_1/predictions/7evw_A_model_1_unrelaxed.pdb
12,2,2olo_A,success,1,0,/users/sgmwu14/scratch/openfold_inference_runs5times/epoch_12/your_model_epoch_12/repeat_2/predictions/2olo_A_model_1_unrelaxed.pdb,/users/sgmwu14/scratch/openfold_inference_runs5times/epoch_12/your_model_epoch_12/repeat_2/predictions/2olo_A_model_1_relaxed.pdb,True,59.24251928020571,25.97,78.67,389,unrelaxed,/users/sgmwu14/scratch/openfold_inference_runs5times/epoch_12/your_model_epoch_12/repeat_2/predictions/2olo_A_model_1_unrelaxed.pdb
12,2,4bp8_A,success,1,0,/users/sgmwu14/scratch/openfold_inference_runs5times/epoch_12/your_model_epoch_12/repeat_2/predictions/4bp8_A_model_1_unrelaxed.pdb,/users/sgmwu14/scratch/openfold_inference_runs5times/epoch_12/your_model_epoch_12/repeat_2/predictions/4bp8_A_model_1_relaxed.pdb,True,66.93184615384617,30.61,78.69,715,unrelaxed,/users/sgmwu14/scratch/openfold_inference_runs5times/epoch_12/your_model_epoch_12/repeat_2/predictions/4bp8_A_model_1_unrelaxed.pdb
12,2,5i6x_A,success,1,0,/users/sgmwu14/scratch/openfold_inference_runs5times/epoch_12/your_model_epoch_12/repeat_2/predictions/5i6x_A_model_1_unrelaxed.pdb,/users/sgmwu14/scratch/openfold_inference_runs5times/epoch_12/your_model_epoch_12/repeat_2/predictions/5i6x_A_model_1_relaxed.pdb,True,67.58672131147533,29.68,78.01,549,unrelaxed,/users/sgmwu14/scratch/openfold_inference_runs5times/epoch_12/your_model_epoch_12/repeat_2/predictions/5i6x_A_model_1_unrelaxed.pdb
12,2,6nbf_A,success,1,0,/users/sgmwu14/scratch/openfold_inference_runs5times/epoch_12/your_model_epoch_12/repeat_2/predictions/6nbf_A_model_1_unrelaxed.pdb,/users/sgmwu14/scratch/openfold_inference_runs5times/epoch_12/your_model_epoch_12/repeat_2/predictions/6nbf_A_model_1_relaxed.pdb,True,53.23943514644348,21.76,77.78,478,unrelaxed,/users/sgmwu14/scratch/openfold_inference_runs5times/epoch_12/your_model_epoch_12/repeat_2/predictions/6nbf_A_model_1_unrelaxed.pdb
12,2,6xpf_A,success,1,0,/users/sgmwu14/scratch/openfold_inference_runs5times/epoch_12/your_model_epoch_12/repeat_2/predictions/6xpf_A_model_1_unrelaxed.pdb,/users/sgmwu14/scratch/openfold_inference_runs5times/epoch_12/your_model_epoch_12/repeat_2/predictions/6xpf_A_model_1_relaxed.pdb,True,68.14881250000003,25.8,79.7,320,unrelaxed,/users/sgmwu14/scratch/openfold_inference_runs5times/epoch_12/your_model_epoch_12/repeat_2/predictions/6xpf_A_model_1_unrelaxed.pdb
12,2,7dsq_A,success,1,0,/users/sgmwu14/scratch/openfold_inference_runs5times/epoch_12/your_model_epoch_12/repeat_2/predictions/7dsq_A_model_1_unrelaxed.pdb,/users/sgmwu14/scratch/openfold_inference_runs5times/epoch_12/your_model_epoch_12/repeat_2/predictions/7dsq_A_model_1_relaxed.pdb,True,69.76765086206896,28.42,79.28,464,unrelaxed,/users/sgmwu14/scratch/openfold_inference_runs5times/epoch_12/your_model_epoch_12/repeat_2/predictions/7dsq_A_model_1_unrelaxed.pdb
12,2,7evw_A,error,0,1,/users/sgmwu14/scratch/openfold_inference_runs5times/epoch_12/your_model_epoch_12/repeat_2/predictions/7evw_A_model_1_unrelaxed.pdb,/users/sgmwu14/scratch/openfold_inference_runs5times/epoch_12/your_model_epoch_12/repeat_2/predictions/7evw_A_model_1_relaxed.pdb,False,51.320734557595976,22.15,75.23,599,unrelaxed,/users/sgmwu14/scratch/openfold_inference_runs5times/epoch_12/your_model_epoch_12/repeat_2/predictions/7evw_A_model_1_unrelaxed.pdb
12,3,2olo_A,success,1,0,/users/sgmwu14/scratch/openfold_inference_runs5times/epoch_12/your_model_epoch_12/repeat_3/predictions/2olo_A_model_1_unrelaxed.pdb,/users/sgmwu14/scratch/openfold_inference_runs5times/epoch_12/your_model_epoch_12/repeat_3/predictions/2olo_A_model_1_relaxed.pdb,True,59.50244215938305,24.82,78.69,389,unrelaxed,/users/sgmwu14/scratch/openfold_inference_runs5times/epoch_12/your_model_epoch_12/repeat_3/predictions/2olo_A_model_1_unrelaxed.pdb
12,3,4bp8_A,success,1,0,/users/sgmwu14/scratch/openfold_inference_runs5times/epoch_12/your_model_epoch_12/repeat_3/predictions/4bp8_A_model_1_unrelaxed.pdb,/users/sgmwu14/scratch/openfold_inference_runs5times/epoch_12/your_model_epoch_12/repeat_3/predictions/4bp8_A_model_1_relaxed.pdb,True,67.05144055944052,28.73,79.07,715,unrelaxed,/users/sgmwu14/scratch/openfold_inference_runs5times/epoch_12/your_model_epoch_12/repeat_3/predictions/4bp8_A_model_1_unrelaxed.pdb
12,3,5i6x_A,success,1,0,/users/sgmwu14/scratch/openfold_inference_runs5times/epoch_12/your_model_epoch_12/repeat_3/predictions/5i6x_A_model_1_unrelaxed.pdb,/users/sgmwu14/scratch/openfold_inference_runs5times/epoch_12/your_model_epoch_12/repeat_3/predictions/5i6x_A_model_1_relaxed.pdb,True,67.16927140255011,31.5,78.1,549,unrelaxed,/users/sgmwu14/scratch/openfold_inference_runs5times/epoch_12/your_model_epoch_12/repeat_3/predictions/5i6x_A_model_1_unrelaxed.pdb
12,3,6nbf_A,success,1,0,/users/sgmwu14/scratch/openfold_inference_runs5times/epoch_12/your_model_epoch_12/repeat_3/predictions/6nbf_A_model_1_unrelaxed.pdb,/users/sgmwu14/scratch/openfold_inference_runs5times/epoch_12/your_model_epoch_12/repeat_3/predictions/6nbf_A_model_1_relaxed.pdb,True,52.86282426778247,21.55,78.38,478,unrelaxed,/users/sgmwu14/scratch/openfold_inference_runs5times/epoch_12/your_model_epoch_12/repeat_3/predictions/6nbf_A_model_1_unrelaxed.pdb
12,3,6xpf_A,success,1,0,/users/sgmwu14/scratch/openfold_inference_runs5times/epoch_12/your_model_epoch_12/repeat_3/predictions/6xpf_A_model_1_unrelaxed.pdb,/users/sgmwu14/scratch/openfold_inference_runs5times/epoch_12/your_model_epoch_12/repeat_3/predictions/6xpf_A_model_1_relaxed.pdb,True,67.56278125000003,24.13,79.89,320,unrelaxed,/users/sgmwu14/scratch/openfold_inference_runs5times/epoch_12/your_model_epoch_12/repeat_3/predictions/6xpf_A_model_1_unrelaxed.pdb
12,3,7dsq_A,success,1,0,/users/sgmwu14/scratch/openfold_inference_runs5times/epoch_12/your_model_epoch_12/repeat_3/predictions/7dsq_A_model_1_unrelaxed.pdb,/users/sgmwu14/scratch/openfold_inference_runs5times/epoch_12/your_model_epoch_12/repeat_3/predictions/7dsq_A_model_1_relaxed.pdb,True,70.39603448275865,27.75,79.67,464,unrelaxed,/users/sgmwu14/scratch/openfold_inference_runs5times/epoch_12/your_model_epoch_12/repeat_3/predictions/7dsq_A_model_1_unrelaxed.pdb
12,3,7evw_A,success,1,0,/users/sgmwu14/scratch/openfold_inference_runs5times/epoch_12/your_model_epoch_12/repeat_3/predictions/7evw_A_model_1_unrelaxed.pdb,/users/sgmwu14/scratch/openfold_inference_runs5times/epoch_12/your_model_epoch_12/repeat_3/predictions/7evw_A_model_1_relaxed.pdb,True,52.19487479131887,21.44,77.2,599,unrelaxed,/users/sgmwu14/scratch/openfold_inference_runs5times/epoch_12/your_model_epoch_12/repeat_3/predictions/7evw_A_model_1_unrelaxed.pdb
12,4,2olo_A,success,1,0,/users/sgmwu14/scratch/openfold_inference_runs5times/epoch_12/your_model_epoch_12/repeat_4/predictions/2olo_A_model_1_unrelaxed.pdb,/users/sgmwu14/scratch/openfold_inference_runs5times/epoch_12/your_model_epoch_12/repeat_4/predictions/2olo_A_model_1_relaxed.pdb,True,58.609125964010296,23.61,77.53,389,unrelaxed,/users/sgmwu14/scratch/openfold_inference_runs5times/epoch_12/your_model_epoch_12/repeat_4/predictions/2olo_A_model_1_unrelaxed.pdb
12,4,4bp8_A,success,1,0,/users/sgmwu14/scratch/openfold_inference_runs5times/epoch_12/your_model_epoch_12/repeat_4/predictions/4bp8_A_model_1_unrelaxed.pdb,/users/sgmwu14/scratch/openfold_inference_runs5times/epoch_12/your_model_epoch_12/repeat_4/predictions/4bp8_A_model_1_relaxed.pdb,True,67.16518881118874,28.36,78.76,715,unrelaxed,/users/sgmwu14/scratch/openfold_inference_runs5times/epoch_12/your_model_epoch_12/repeat_4/predictions/4bp8_A_model_1_unrelaxed.pdb
12,4,5i6x_A,success,1,0,/users/sgmwu14/scratch/openfold_inference_runs5times/epoch_12/your_model_epoch_12/repeat_4/predictions/5i6x_A_model_1_unrelaxed.pdb,/users/sgmwu14/scratch/openfold_inference_runs5times/epoch_12/your_model_epoch_12/repeat_4/predictions/5i6x_A_model_1_relaxed.pdb,True,67.27027322404372,29.23,78.2,549,unrelaxed,/users/sgmwu14/scratch/openfold_inference_runs5times/epoch_12/your_model_epoch_12/repeat_4/predictions/5i6x_A_model_1_unrelaxed.pdb
12,4,6nbf_A,success,1,0,/users/sgmwu14/scratch/openfold_inference_runs5times/epoch_12/your_model_epoch_12/repeat_4/predictions/6nbf_A_model_1_unrelaxed.pdb,/users/sgmwu14/scratch/openfold_inference_runs5times/epoch_12/your_model_epoch_12/repeat_4/predictions/6nbf_A_model_1_relaxed.pdb,True,53.839895397489535,21.52,77.88,478,unrelaxed,/users/sgmwu14/scratch/openfold_inference_runs5times/epoch_12/your_model_epoch_12/repeat_4/predictions/6nbf_A_model_1_unrelaxed.pdb
12,4,6xpf_A,success,1,0,/users/sgmwu14/scratch/openfold_inference_runs5times/epoch_12/your_model_epoch_12/repeat_4/predictions/6xpf_A_model_1_unrelaxed.pdb,/users/sgmwu14/scratch/openfold_inference_runs5times/epoch_12/your_model_epoch_12/repeat_4/predictions/6xpf_A_model_1_relaxed.pdb,True,67.6591875,25.14,79.82,320,unrelaxed,/users/sgmwu14/scratch/openfold_inference_runs5times/epoch_12/your_model_epoch_12/repeat_4/predictions/6xpf_A_model_1_unrelaxed.pdb
12,4,7dsq_A,success,1,0,/users/sgmwu14/scratch/openfold_inference_runs5times/epoch_12/your_model_epoch_12/repeat_4/predictions/7dsq_A_model_1_unrelaxed.pdb,/users/sgmwu14/scratch/openfold_inference_runs5times/epoch_12/your_model_epoch_12/repeat_4/predictions/7dsq_A_model_1_relaxed.pdb,True,70.59724137931039,27.59,79.39,464,unrelaxed,/users/sgmwu14/scratch/openfold_inference_runs5times/epoch_12/your_model_epoch_12/repeat_4/predictions/7dsq_A_model_1_unrelaxed.pdb
12,4,7evw_A,error,0,1,/users/sgmwu14/scratch/openfold_inference_runs5times/epoch_12/your_model_epoch_12/repeat_4/predictions/7evw_A_model_1_unrelaxed.pdb,/users/sgmwu14/scratch/openfold_inference_runs5times/epoch_12/your_model_epoch_12/repeat_4/predictions/7evw_A_model_1_relaxed.pdb,False,52.343405676126885,23.04,76.33,599,unrelaxed,/users/sgmwu14/scratch/openfold_inference_runs5times/epoch_12/your_model_epoch_12/repeat_4/predictions/7evw_A_model_1_unrelaxed.pdb
12,5,2olo_A,success,1,0,/users/sgmwu14/scratch/openfold_inference_runs5times/epoch_12/your_model_epoch_12/repeat_5/predictions/2olo_A_model_1_unrelaxed.pdb,/users/sgmwu14/scratch/openfold_inference_runs5times/epoch_12/your_model_epoch_12/repeat_5/predictions/2olo_A_model_1_relaxed.pdb,True,58.31496143958871,25.28,77.8,389,unrelaxed,/users/sgmwu14/scratch/openfold_inference_runs5times/epoch_12/your_model_epoch_12/repeat_5/predictions/2olo_A_model_1_unrelaxed.pdb
12,5,4bp8_A,success,1,0,/users/sgmwu14/scratch/openfold_inference_runs5times/epoch_12/your_model_epoch_12/repeat_5/predictions/4bp8_A_model_1_unrelaxed.pdb,/users/sgmwu14/scratch/openfold_inference_runs5times/epoch_12/your_model_epoch_12/repeat_5/predictions/4bp8_A_model_1_relaxed.pdb,True,66.31732867132864,28.97,79.82,715,unrelaxed,/users/sgmwu14/scratch/openfold_inference_runs5times/epoch_12/your_model_epoch_12/repeat_5/predictions/4bp8_A_model_1_unrelaxed.pdb
12,5,5i6x_A,success,1,0,/users/sgmwu14/scratch/openfold_inference_runs5times/epoch_12/your_model_epoch_12/repeat_5/predictions/5i6x_A_model_1_unrelaxed.pdb,/users/sgmwu14/scratch/openfold_inference_runs5times/epoch_12/your_model_epoch_12/repeat_5/predictions/5i6x_A_model_1_relaxed.pdb,True,68.08546448087436,28.05,78.88,549,unrelaxed,/users/sgmwu14/scratch/openfold_inference_runs5times/epoch_12/your_model_epoch_12/repeat_5/predictions/5i6x_A_model_1_unrelaxed.pdb
12,5,6nbf_A,success,1,0,/users/sgmwu14/scratch/openfold_inference_runs5times/epoch_12/your_model_epoch_12/repeat_5/predictions/6nbf_A_model_1_unrelaxed.pdb,/users/sgmwu14/scratch/openfold_inference_runs5times/epoch_12/your_model_epoch_12/repeat_5/predictions/6nbf_A_model_1_relaxed.pdb,True,52.41499999999999,22.37,78.46,478,unrelaxed,/users/sgmwu14/scratch/openfold_inference_runs5times/epoch_12/your_model_epoch_12/repeat_5/predictions/6nbf_A_model_1_unrelaxed.pdb
12,5,6xpf_A,success,1,0,/users/sgmwu14/scratch/openfold_inference_runs5times/epoch_12/your_model_epoch_12/repeat_5/predictions/6xpf_A_model_1_unrelaxed.pdb,/users/sgmwu14/scratch/openfold_inference_runs5times/epoch_12/your_model_epoch_12/repeat_5/predictions/6xpf_A_model_1_relaxed.pdb,True,68.26859374999995,26.8,79.82,320,unrelaxed,/users/sgmwu14/scratch/openfold_inference_runs5times/epoch_12/your_model_epoch_12/repeat_5/predictions/6xpf_A_model_1_unrelaxed.pdb
12,5,7dsq_A,success,1,0,/users/sgmwu14/scratch/openfold_inference_runs5times/epoch_12/your_model_epoch_12/repeat_5/predictions/7dsq_A_model_1_unrelaxed.pdb,/users/sgmwu14/scratch/openfold_inference_runs5times/epoch_12/your_model_epoch_12/repeat_5/predictions/7dsq_A_model_1_relaxed.pdb,True,70.76396551724132,30.04,80.08,464,unrelaxed,/users/sgmwu14/scratch/openfold_inference_runs5times/epoch_12/your_model_epoch_12/repeat_5/predictions/7dsq_A_model_1_unrelaxed.pdb
12,5,7evw_A,success,1,0,/users/sgmwu14/scratch/openfold_inference_runs5times/epoch_12/your_model_epoch_12/repeat_5/predictions/7evw_A_model_1_unrelaxed.pdb,/users/sgmwu14/scratch/openfold_inference_runs5times/epoch_12/your_model_epoch_12/repeat_5/predictions/7evw_A_model_1_relaxed.pdb,True,51.76350584307178,22.51,76.59,599,unrelaxed,/users/sgmwu14/scratch/openfold_inference_runs5times/epoch_12/your_model_epoch_12/repeat_5/predictions/7evw_A_model_1_unrelaxed.pdb
13,1,2olo_A,success,1,0,/users/sgmwu14/scratch/openfold_inference_runs5times/epoch_13/your_model_epoch_13/repeat_1/predictions/2olo_A_model_1_unrelaxed.pdb,/users/sgmwu14/scratch/openfold_inference_runs5times/epoch_13/your_model_epoch_13/repeat_1/predictions/2olo_A_model_1_relaxed.pdb,True,57.64460154241649,26.93,76.58,389,unrelaxed,/users/sgmwu14/scratch/openfold_inference_runs5times/epoch_13/your_model_epoch_13/repeat_1/predictions/2olo_A_model_1_unrelaxed.pdb
13,1,4bp8_A,success,1,0,/users/sgmwu14/scratch/openfold_inference_runs5times/epoch_13/your_model_epoch_13/repeat_1/predictions/4bp8_A_model_1_unrelaxed.pdb,/users/sgmwu14/scratch/openfold_inference_runs5times/epoch_13/your_model_epoch_13/repeat_1/predictions/4bp8_A_model_1_relaxed.pdb,True,63.93048951048952,26.51,77.96,715,unrelaxed,/users/sgmwu14/scratch/openfold_inference_runs5times/epoch_13/your_model_epoch_13/repeat_1/predictions/4bp8_A_model_1_unrelaxed.pdb
13,1,5i6x_A,success,1,0,/users/sgmwu14/scratch/openfold_inference_runs5times/epoch_13/your_model_epoch_13/repeat_1/predictions/5i6x_A_model_1_unrelaxed.pdb,/users/sgmwu14/scratch/openfold_inference_runs5times/epoch_13/your_model_epoch_13/repeat_1/predictions/5i6x_A_model_1_relaxed.pdb,True,63.1505464480874,25.82,75.05,549,unrelaxed,/users/sgmwu14/scratch/openfold_inference_runs5times/epoch_13/your_model_epoch_13/repeat_1/predictions/5i6x_A_model_1_unrelaxed.pdb
13,1,6nbf_A,success,1,0,/users/sgmwu14/scratch/openfold_inference_runs5times/epoch_13/your_model_epoch_13/repeat_1/predictions/6nbf_A_model_1_unrelaxed.pdb,/users/sgmwu14/scratch/openfold_inference_runs5times/epoch_13/your_model_epoch_13/repeat_1/predictions/6nbf_A_model_1_relaxed.pdb,True,47.95769874476986,23.26,71.14,478,unrelaxed,/users/sgmwu14/scratch/openfold_inference_runs5times/epoch_13/your_model_epoch_13/repeat_1/predictions/6nbf_A_model_1_unrelaxed.pdb
13,1,6xpf_A,success,1,0,/users/sgmwu14/scratch/openfold_inference_runs5times/epoch_13/your_model_epoch_13/repeat_1/predictions/6xpf_A_model_1_unrelaxed.pdb,/users/sgmwu14/scratch/openfold_inference_runs5times/epoch_13/your_model_epoch_13/repeat_1/predictions/6xpf_A_model_1_relaxed.pdb,True,67.16990625000001,30.92,80.12,320,unrelaxed,/users/sgmwu14/scratch/openfold_inference_runs5times/epoch_13/your_model_epoch_13/repeat_1/predictions/6xpf_A_model_1_unrelaxed.pdb
13,1,7dsq_A,success,1,0,/users/sgmwu14/scratch/openfold_inference_runs5times/epoch_13/your_model_epoch_13/repeat_1/predictions/7dsq_A_model_1_unrelaxed.pdb,/users/sgmwu14/scratch/openfold_inference_runs5times/epoch_13/your_model_epoch_13/repeat_1/predictions/7dsq_A_model_1_relaxed.pdb,True,68.70040948275857,29.25,78.12,464,unrelaxed,/users/sgmwu14/scratch/openfold_inference_runs5times/epoch_13/your_model_epoch_13/repeat_1/predictions/7dsq_A_model_1_unrelaxed.pdb
13,1,7evw_A,error,0,1,/users/sgmwu14/scratch/openfold_inference_runs5times/epoch_13/your_model_epoch_13/repeat_1/predictions/7evw_A_model_1_unrelaxed.pdb,/users/sgmwu14/scratch/openfold_inference_runs5times/epoch_13/your_model_epoch_13/repeat_1/predictions/7evw_A_model_1_relaxed.pdb,False,49.28813021702841,22.31,72.43,599,unrelaxed,/users/sgmwu14/scratch/openfold_inference_runs5times/epoch_13/your_model_epoch_13/repeat_1/predictions/7evw_A_model_1_unrelaxed.pdb
13,2,2olo_A,success,1,0,/users/sgmwu14/scratch/openfold_inference_runs5times/epoch_13/your_model_epoch_13/repeat_2/predictions/2olo_A_model_1_unrelaxed.pdb,/users/sgmwu14/scratch/openfold_inference_runs5times/epoch_13/your_model_epoch_13/repeat_2/predictions/2olo_A_model_1_relaxed.pdb,True,56.52650385604109,25.54,76.45,389,unrelaxed,/users/sgmwu14/scratch/openfold_inference_runs5times/epoch_13/your_model_epoch_13/repeat_2/predictions/2olo_A_model_1_unrelaxed.pdb
13,2,4bp8_A,success,1,0,/users/sgmwu14/scratch/openfold_inference_runs5times/epoch_13/your_model_epoch_13/repeat_2/predictions/4bp8_A_model_1_unrelaxed.pdb,/users/sgmwu14/scratch/openfold_inference_runs5times/epoch_13/your_model_epoch_13/repeat_2/predictions/4bp8_A_model_1_relaxed.pdb,True,64.28509090909085,26.63,77.64,715,unrelaxed,/users/sgmwu14/scratch/openfold_inference_runs5times/epoch_13/your_model_epoch_13/repeat_2/predictions/4bp8_A_model_1_unrelaxed.pdb
13,2,5i6x_A,success,1,0,/users/sgmwu14/scratch/openfold_inference_runs5times/epoch_13/your_model_epoch_13/repeat_2/predictions/5i6x_A_model_1_unrelaxed.pdb,/users/sgmwu14/scratch/openfold_inference_runs5times/epoch_13/your_model_epoch_13/repeat_2/predictions/5i6x_A_model_1_relaxed.pdb,True,64.76125683060111,27.34,75.48,549,unrelaxed,/users/sgmwu14/scratch/openfold_inference_runs5times/epoch_13/your_model_epoch_13/repeat_2/predictions/5i6x_A_model_1_unrelaxed.pdb
13,2,6nbf_A,success,1,0,/users/sgmwu14/scratch/openfold_inference_runs5times/epoch_13/your_model_epoch_13/repeat_2/predictions/6nbf_A_model_1_unrelaxed.pdb,/users/sgmwu14/scratch/openfold_inference_runs5times/epoch_13/your_model_epoch_13/repeat_2/predictions/6nbf_A_model_1_relaxed.pdb,True,47.22092050209205,23.13,69.58,478,unrelaxed,/users/sgmwu14/scratch/openfold_inference_runs5times/epoch_13/your_model_epoch_13/repeat_2/predictions/6nbf_A_model_1_unrelaxed.pdb
13,2,6xpf_A,success,1,0,/users/sgmwu14/scratch/openfold_inference_runs5times/epoch_13/your_model_epoch_13/repeat_2/predictions/6xpf_A_model_1_unrelaxed.pdb,/users/sgmwu14/scratch/openfold_inference_runs5times/epoch_13/your_model_epoch_13/repeat_2/predictions/6xpf_A_model_1_relaxed.pdb,True,67.52137499999999,31.58,80.02,320,unrelaxed,/users/sgmwu14/scratch/openfold_inference_runs5times/epoch_13/your_model_epoch_13/repeat_2/predictions/6xpf_A_model_1_unrelaxed.pdb
13,2,7dsq_A,success,1,0,/users/sgmwu14/scratch/openfold_inference_runs5times/epoch_13/your_model_epoch_13/repeat_2/predictions/7dsq_A_model_1_unrelaxed.pdb,/users/sgmwu14/scratch/openfold_inference_runs5times/epoch_13/your_model_epoch_13/repeat_2/predictions/7dsq_A_model_1_relaxed.pdb,True,67.3786422413793,29.73,77.13,464,unrelaxed,/users/sgmwu14/scratch/openfold_inference_runs5times/epoch_13/your_model_epoch_13/repeat_2/predictions/7dsq_A_model_1_unrelaxed.pdb
13,2,7evw_A,success,1,0,/users/sgmwu14/scratch/openfold_inference_runs5times/epoch_13/your_model_epoch_13/repeat_2/predictions/7evw_A_model_1_unrelaxed.pdb,/users/sgmwu14/scratch/openfold_inference_runs5times/epoch_13/your_model_epoch_13/repeat_2/predictions/7evw_A_model_1_relaxed.pdb,True,50.40662771285474,22.76,72.23,599,unrelaxed,/users/sgmwu14/scratch/openfold_inference_runs5times/epoch_13/your_model_epoch_13/repeat_2/predictions/7evw_A_model_1_unrelaxed.pdb
13,3,2olo_A,success,1,0,/users/sgmwu14/scratch/openfold_inference_runs5times/epoch_13/your_model_epoch_13/repeat_3/predictions/2olo_A_model_1_unrelaxed.pdb,/users/sgmwu14/scratch/openfold_inference_runs5times/epoch_13/your_model_epoch_13/repeat_3/predictions/2olo_A_model_1_relaxed.pdb,True,56.95287917737794,24.66,75.04,389,unrelaxed,/users/sgmwu14/scratch/openfold_inference_runs5times/epoch_13/your_model_epoch_13/repeat_3/predictions/2olo_A_model_1_unrelaxed.pdb
13,3,4bp8_A,success,1,0,/users/sgmwu14/scratch/openfold_inference_runs5times/epoch_13/your_model_epoch_13/repeat_3/predictions/4bp8_A_model_1_unrelaxed.pdb,/users/sgmwu14/scratch/openfold_inference_runs5times/epoch_13/your_model_epoch_13/repeat_3/predictions/4bp8_A_model_1_relaxed.pdb,True,64.01090909090904,28.24,77.73,715,unrelaxed,/users/sgmwu14/scratch/openfold_inference_runs5times/epoch_13/your_model_epoch_13/repeat_3/predictions/4bp8_A_model_1_unrelaxed.pdb
13,3,5i6x_A,success,1,0,/users/sgmwu14/scratch/openfold_inference_runs5times/epoch_13/your_model_epoch_13/repeat_3/predictions/5i6x_A_model_1_unrelaxed.pdb,/users/sgmwu14/scratch/openfold_inference_runs5times/epoch_13/your_model_epoch_13/repeat_3/predictions/5i6x_A_model_1_relaxed.pdb,True,63.35222222222222,25.29,74.59,549,unrelaxed,/users/sgmwu14/scratch/openfold_inference_runs5times/epoch_13/your_model_epoch_13/repeat_3/predictions/5i6x_A_model_1_unrelaxed.pdb
13,3,6nbf_A,success,1,0,/users/sgmwu14/scratch/openfold_inference_runs5times/epoch_13/your_model_epoch_13/repeat_3/predictions/6nbf_A_model_1_unrelaxed.pdb,/users/sgmwu14/scratch/openfold_inference_runs5times/epoch_13/your_model_epoch_13/repeat_3/predictions/6nbf_A_model_1_relaxed.pdb,True,47.29437238493721,22.62,69.84,478,unrelaxed,/users/sgmwu14/scratch/openfold_inference_runs5times/epoch_13/your_model_epoch_13/repeat_3/predictions/6nbf_A_model_1_unrelaxed.pdb
13,3,6xpf_A,success,1,0,/users/sgmwu14/scratch/openfold_inference_runs5times/epoch_13/your_model_epoch_13/repeat_3/predictions/6xpf_A_model_1_unrelaxed.pdb,/users/sgmwu14/scratch/openfold_inference_runs5times/epoch_13/your_model_epoch_13/repeat_3/predictions/6xpf_A_model_1_relaxed.pdb,True,66.86396875,27.16,80.27,320,unrelaxed,/users/sgmwu14/scratch/openfold_inference_runs5times/epoch_13/your_model_epoch_13/repeat_3/predictions/6xpf_A_model_1_unrelaxed.pdb
13,3,7dsq_A,success,1,0,/users/sgmwu14/scratch/openfold_inference_runs5times/epoch_13/your_model_epoch_13/repeat_3/predictions/7dsq_A_model_1_unrelaxed.pdb,/users/sgmwu14/scratch/openfold_inference_runs5times/epoch_13/your_model_epoch_13/repeat_3/predictions/7dsq_A_model_1_relaxed.pdb,True,67.85881465517238,31.0,76.99,464,unrelaxed,/users/sgmwu14/scratch/openfold_inference_runs5times/epoch_13/your_model_epoch_13/repeat_3/predictions/7dsq_A_model_1_unrelaxed.pdb
13,3,7evw_A,success,1,0,/users/sgmwu14/scratch/openfold_inference_runs5times/epoch_13/your_model_epoch_13/repeat_3/predictions/7evw_A_model_1_unrelaxed.pdb,/users/sgmwu14/scratch/openfold_inference_runs5times/epoch_13/your_model_epoch_13/repeat_3/predictions/7evw_A_model_1_relaxed.pdb,True,49.90617696160264,21.88,72.21,599,unrelaxed,/users/sgmwu14/scratch/openfold_inference_runs5times/epoch_13/your_model_epoch_13/repeat_3/predictions/7evw_A_model_1_unrelaxed.pdb
13,4,2olo_A,success,1,0,/users/sgmwu14/scratch/openfold_inference_runs5times/epoch_13/your_model_epoch_13/repeat_4/predictions/2olo_A_model_1_unrelaxed.pdb,/users/sgmwu14/scratch/openfold_inference_runs5times/epoch_13/your_model_epoch_13/repeat_4/predictions/2olo_A_model_1_relaxed.pdb,True,57.34956298200514,26.41,75.69,389,unrelaxed,/users/sgmwu14/scratch/openfold_inference_runs5times/epoch_13/your_model_epoch_13/repeat_4/predictions/2olo_A_model_1_unrelaxed.pdb
13,4,4bp8_A,success,1,0,/users/sgmwu14/scratch/openfold_inference_runs5times/epoch_13/your_model_epoch_13/repeat_4/predictions/4bp8_A_model_1_unrelaxed.pdb,/users/sgmwu14/scratch/openfold_inference_runs5times/epoch_13/your_model_epoch_13/repeat_4/predictions/4bp8_A_model_1_relaxed.pdb,True,64.1897062937063,23.97,77.27,715,unrelaxed,/users/sgmwu14/scratch/openfold_inference_runs5times/epoch_13/your_model_epoch_13/repeat_4/predictions/4bp8_A_model_1_unrelaxed.pdb
13,4,5i6x_A,success,1,0,/users/sgmwu14/scratch/openfold_inference_runs5times/epoch_13/your_model_epoch_13/repeat_4/predictions/5i6x_A_model_1_unrelaxed.pdb,/users/sgmwu14/scratch/openfold_inference_runs5times/epoch_13/your_model_epoch_13/repeat_4/predictions/5i6x_A_model_1_relaxed.pdb,True,64.42641165755927,29.2,74.89,549,unrelaxed,/users/sgmwu14/scratch/openfold_inference_runs5times/epoch_13/your_model_epoch_13/repeat_4/predictions/5i6x_A_model_1_unrelaxed.pdb
13,4,6nbf_A,success,1,0,/users/sgmwu14/scratch/openfold_inference_runs5times/epoch_13/your_model_epoch_13/repeat_4/predictions/6nbf_A_model_1_unrelaxed.pdb,/users/sgmwu14/scratch/openfold_inference_runs5times/epoch_13/your_model_epoch_13/repeat_4/predictions/6nbf_A_model_1_relaxed.pdb,True,50.19096234309625,22.36,70.4,478,unrelaxed,/users/sgmwu14/scratch/openfold_inference_runs5times/epoch_13/your_model_epoch_13/repeat_4/predictions/6nbf_A_model_1_unrelaxed.pdb
13,4,6xpf_A,success,1,0,/users/sgmwu14/scratch/openfold_inference_runs5times/epoch_13/your_model_epoch_13/repeat_4/predictions/6xpf_A_model_1_unrelaxed.pdb,/users/sgmwu14/scratch/openfold_inference_runs5times/epoch_13/your_model_epoch_13/repeat_4/predictions/6xpf_A_model_1_relaxed.pdb,True,67.05006250000001,27.08,79.92,320,unrelaxed,/users/sgmwu14/scratch/openfold_inference_runs5times/epoch_13/your_model_epoch_13/repeat_4/predictions/6xpf_A_model_1_unrelaxed.pdb
13,4,7dsq_A,success,1,0,/users/sgmwu14/scratch/openfold_inference_runs5times/epoch_13/your_model_epoch_13/repeat_4/predictions/7dsq_A_model_1_unrelaxed.pdb,/users/sgmwu14/scratch/openfold_inference_runs5times/epoch_13/your_model_epoch_13/repeat_4/predictions/7dsq_A_model_1_relaxed.pdb,True,68.06571120689658,30.55,77.1,464,unrelaxed,/users/sgmwu14/scratch/openfold_inference_runs5times/epoch_13/your_model_epoch_13/repeat_4/predictions/7dsq_A_model_1_unrelaxed.pdb
13,4,7evw_A,success,1,0,/users/sgmwu14/scratch/openfold_inference_runs5times/epoch_13/your_model_epoch_13/repeat_4/predictions/7evw_A_model_1_unrelaxed.pdb,/users/sgmwu14/scratch/openfold_inference_runs5times/epoch_13/your_model_epoch_13/repeat_4/predictions/7evw_A_model_1_relaxed.pdb,True,50.40649415692823,22.19,73.14,599,unrelaxed,/users/sgmwu14/scratch/openfold_inference_runs5times/epoch_13/your_model_epoch_13/repeat_4/predictions/7evw_A_model_1_unrelaxed.pdb
13,5,2olo_A,success,1,0,/users/sgmwu14/scratch/openfold_inference_runs5times/epoch_13/your_model_epoch_13/repeat_5/predictions/2olo_A_model_1_unrelaxed.pdb,/users/sgmwu14/scratch/openfold_inference_runs5times/epoch_13/your_model_epoch_13/repeat_5/predictions/2olo_A_model_1_relaxed.pdb,True,56.26470437017999,26.07,76.55,389,unrelaxed,/users/sgmwu14/scratch/openfold_inference_runs5times/epoch_13/your_model_epoch_13/repeat_5/predictions/2olo_A_model_1_unrelaxed.pdb
13,5,4bp8_A,success,1,0,/users/sgmwu14/scratch/openfold_inference_runs5times/epoch_13/your_model_epoch_13/repeat_5/predictions/4bp8_A_model_1_unrelaxed.pdb,/users/sgmwu14/scratch/openfold_inference_runs5times/epoch_13/your_model_epoch_13/repeat_5/predictions/4bp8_A_model_1_relaxed.pdb,True,64.35032167832165,26.49,77.02,715,unrelaxed,/users/sgmwu14/scratch/openfold_inference_runs5times/epoch_13/your_model_epoch_13/repeat_5/predictions/4bp8_A_model_1_unrelaxed.pdb
13,5,5i6x_A,success,1,0,/users/sgmwu14/scratch/openfold_inference_runs5times/epoch_13/your_model_epoch_13/repeat_5/predictions/5i6x_A_model_1_unrelaxed.pdb,/users/sgmwu14/scratch/openfold_inference_runs5times/epoch_13/your_model_epoch_13/repeat_5/predictions/5i6x_A_model_1_relaxed.pdb,True,64.57850637522762,27.23,75.15,549,unrelaxed,/users/sgmwu14/scratch/openfold_inference_runs5times/epoch_13/your_model_epoch_13/repeat_5/predictions/5i6x_A_model_1_unrelaxed.pdb
13,5,6nbf_A,success,1,0,/users/sgmwu14/scratch/openfold_inference_runs5times/epoch_13/your_model_epoch_13/repeat_5/predictions/6nbf_A_model_1_unrelaxed.pdb,/users/sgmwu14/scratch/openfold_inference_runs5times/epoch_13/your_model_epoch_13/repeat_5/predictions/6nbf_A_model_1_relaxed.pdb,True,50.429769874477024,22.08,75.46,478,unrelaxed,/users/sgmwu14/scratch/openfold_inference_runs5times/epoch_13/your_model_epoch_13/repeat_5/predictions/6nbf_A_model_1_unrelaxed.pdb
13,5,6xpf_A,success,1,0,/users/sgmwu14/scratch/openfold_inference_runs5times/epoch_13/your_model_epoch_13/repeat_5/predictions/6xpf_A_model_1_unrelaxed.pdb,/users/sgmwu14/scratch/openfold_inference_runs5times/epoch_13/your_model_epoch_13/repeat_5/predictions/6xpf_A_model_1_relaxed.pdb,True,67.1371875,30.15,80.08,320,unrelaxed,/users/sgmwu14/scratch/openfold_inference_runs5times/epoch_13/your_model_epoch_13/repeat_5/predictions/6xpf_A_model_1_unrelaxed.pdb
13,5,7dsq_A,success,1,0,/users/sgmwu14/scratch/openfold_inference_runs5times/epoch_13/your_model_epoch_13/repeat_5/predictions/7dsq_A_model_1_unrelaxed.pdb,/users/sgmwu14/scratch/openfold_inference_runs5times/epoch_13/your_model_epoch_13/repeat_5/predictions/7dsq_A_model_1_relaxed.pdb,True,67.52581896551717,28.41,77.82,464,unrelaxed,/users/sgmwu14/scratch/openfold_inference_runs5times/epoch_13/your_model_epoch_13/repeat_5/predictions/7dsq_A_model_1_unrelaxed.pdb
13,5,7evw_A,error,0,1,/users/sgmwu14/scratch/openfold_inference_runs5times/epoch_13/your_model_epoch_13/repeat_5/predictions/7evw_A_model_1_unrelaxed.pdb,/users/sgmwu14/scratch/openfold_inference_runs5times/epoch_13/your_model_epoch_13/repeat_5/predictions/7evw_A_model_1_relaxed.pdb,False,48.80252086811351,21.68,71.22,599,unrelaxed,/users/sgmwu14/scratch/openfold_inference_runs5times/epoch_13/your_model_epoch_13/repeat_5/predictions/7evw_A_model_1_unrelaxed.pdb
14,1,2olo_A,success,1,0,/users/sgmwu14/scratch/openfold_inference_runs5times/epoch_14/your_model_epoch_14/repeat_1/predictions/2olo_A_model_1_unrelaxed.pdb,/users/sgmwu14/scratch/openfold_inference_runs5times/epoch_14/your_model_epoch_14/repeat_1/predictions/2olo_A_model_1_relaxed.pdb,True,62.26701799485866,25.83,80.04,389,unrelaxed,/users/sgmwu14/scratch/openfold_inference_runs5times/epoch_14/your_model_epoch_14/repeat_1/predictions/2olo_A_model_1_unrelaxed.pdb
14,1,4bp8_A,success,1,0,/users/sgmwu14/scratch/openfold_inference_runs5times/epoch_14/your_model_epoch_14/repeat_1/predictions/4bp8_A_model_1_unrelaxed.pdb,/users/sgmwu14/scratch/openfold_inference_runs5times/epoch_14/your_model_epoch_14/repeat_1/predictions/4bp8_A_model_1_relaxed.pdb,True,68.0774545454545,32.64,79.58,715,unrelaxed,/users/sgmwu14/scratch/openfold_inference_runs5times/epoch_14/your_model_epoch_14/repeat_1/predictions/4bp8_A_model_1_unrelaxed.pdb
14,1,5i6x_A,success,1,0,/users/sgmwu14/scratch/openfold_inference_runs5times/epoch_14/your_model_epoch_14/repeat_1/predictions/5i6x_A_model_1_unrelaxed.pdb,/users/sgmwu14/scratch/openfold_inference_runs5times/epoch_14/your_model_epoch_14/repeat_1/predictions/5i6x_A_model_1_relaxed.pdb,True,69.52887067395267,37.34,78.88,549,unrelaxed,/users/sgmwu14/scratch/openfold_inference_runs5times/epoch_14/your_model_epoch_14/repeat_1/predictions/5i6x_A_model_1_unrelaxed.pdb
14,1,6nbf_A,success,1,0,/users/sgmwu14/scratch/openfold_inference_runs5times/epoch_14/your_model_epoch_14/repeat_1/predictions/6nbf_A_model_1_unrelaxed.pdb,/users/sgmwu14/scratch/openfold_inference_runs5times/epoch_14/your_model_epoch_14/repeat_1/predictions/6nbf_A_model_1_relaxed.pdb,True,53.50604602510458,22.43,76.19,478,unrelaxed,/users/sgmwu14/scratch/openfold_inference_runs5times/epoch_14/your_model_epoch_14/repeat_1/predictions/6nbf_A_model_1_unrelaxed.pdb
14,1,6xpf_A,success,1,0,/users/sgmwu14/scratch/openfold_inference_runs5times/epoch_14/your_model_epoch_14/repeat_1/predictions/6xpf_A_model_1_unrelaxed.pdb,/users/sgmwu14/scratch/openfold_inference_runs5times/epoch_14/your_model_epoch_14/repeat_1/predictions/6xpf_A_model_1_relaxed.pdb,True,69.11765624999997,26.04,80.54,320,unrelaxed,/users/sgmwu14/scratch/openfold_inference_runs5times/epoch_14/your_model_epoch_14/repeat_1/predictions/6xpf_A_model_1_unrelaxed.pdb
14,1,7dsq_A,success,1,0,/users/sgmwu14/scratch/openfold_inference_runs5times/epoch_14/your_model_epoch_14/repeat_1/predictions/7dsq_A_model_1_unrelaxed.pdb,/users/sgmwu14/scratch/openfold_inference_runs5times/epoch_14/your_model_epoch_14/repeat_1/predictions/7dsq_A_model_1_relaxed.pdb,True,73.39392241379312,30.56,81.25,464,unrelaxed,/users/sgmwu14/scratch/openfold_inference_runs5times/epoch_14/your_model_epoch_14/repeat_1/predictions/7dsq_A_model_1_unrelaxed.pdb
14,1,7evw_A,success,1,0,/users/sgmwu14/scratch/openfold_inference_runs5times/epoch_14/your_model_epoch_14/repeat_1/predictions/7evw_A_model_1_unrelaxed.pdb,/users/sgmwu14/scratch/openfold_inference_runs5times/epoch_14/your_model_epoch_14/repeat_1/predictions/7evw_A_model_1_relaxed.pdb,True,54.84469115191983,22.11,73.61,599,unrelaxed,/users/sgmwu14/scratch/openfold_inference_runs5times/epoch_14/your_model_epoch_14/repeat_1/predictions/7evw_A_model_1_unrelaxed.pdb
14,2,2olo_A,success,1,0,/users/sgmwu14/scratch/openfold_inference_runs5times/epoch_14/your_model_epoch_14/repeat_2/predictions/2olo_A_model_1_unrelaxed.pdb,/users/sgmwu14/scratch/openfold_inference_runs5times/epoch_14/your_model_epoch_14/repeat_2/predictions/2olo_A_model_1_relaxed.pdb,True,62.79943444730077,28.15,80.73,389,unrelaxed,/users/sgmwu14/scratch/openfold_inference_runs5times/epoch_14/your_model_epoch_14/repeat_2/predictions/2olo_A_model_1_unrelaxed.pdb
14,2,4bp8_A,success,1,0,/users/sgmwu14/scratch/openfold_inference_runs5times/epoch_14/your_model_epoch_14/repeat_2/predictions/4bp8_A_model_1_unrelaxed.pdb,/users/sgmwu14/scratch/openfold_inference_runs5times/epoch_14/your_model_epoch_14/repeat_2/predictions/4bp8_A_model_1_relaxed.pdb,True,67.88398601398596,30.94,79.66,715,unrelaxed,/users/sgmwu14/scratch/openfold_inference_runs5times/epoch_14/your_model_epoch_14/repeat_2/predictions/4bp8_A_model_1_unrelaxed.pdb
14,2,5i6x_A,success,1,0,/users/sgmwu14/scratch/openfold_inference_runs5times/epoch_14/your_model_epoch_14/repeat_2/predictions/5i6x_A_model_1_unrelaxed.pdb,/users/sgmwu14/scratch/openfold_inference_runs5times/epoch_14/your_model_epoch_14/repeat_2/predictions/5i6x_A_model_1_relaxed.pdb,True,68.38457194899823,36.47,77.02,549,unrelaxed,/users/sgmwu14/scratch/openfold_inference_runs5times/epoch_14/your_model_epoch_14/repeat_2/predictions/5i6x_A_model_1_unrelaxed.pdb
14,2,6nbf_A,success,1,0,/users/sgmwu14/scratch/openfold_inference_runs5times/epoch_14/your_model_epoch_14/repeat_2/predictions/6nbf_A_model_1_unrelaxed.pdb,/users/sgmwu14/scratch/openfold_inference_runs5times/epoch_14/your_model_epoch_14/repeat_2/predictions/6nbf_A_model_1_relaxed.pdb,True,54.21799163179914,22.87,76.02,478,unrelaxed,/users/sgmwu14/scratch/openfold_inference_runs5times/epoch_14/your_model_epoch_14/repeat_2/predictions/6nbf_A_model_1_unrelaxed.pdb
14,2,6xpf_A,success,1,0,/users/sgmwu14/scratch/openfold_inference_runs5times/epoch_14/your_model_epoch_14/repeat_2/predictions/6xpf_A_model_1_unrelaxed.pdb,/users/sgmwu14/scratch/openfold_inference_runs5times/epoch_14/your_model_epoch_14/repeat_2/predictions/6xpf_A_model_1_relaxed.pdb,True,68.94925,28.24,80.64,320,unrelaxed,/users/sgmwu14/scratch/openfold_inference_runs5times/epoch_14/your_model_epoch_14/repeat_2/predictions/6xpf_A_model_1_unrelaxed.pdb
14,2,7dsq_A,success,1,0,/users/sgmwu14/scratch/openfold_inference_runs5times/epoch_14/your_model_epoch_14/repeat_2/predictions/7dsq_A_model_1_unrelaxed.pdb,/users/sgmwu14/scratch/openfold_inference_runs5times/epoch_14/your_model_epoch_14/repeat_2/predictions/7dsq_A_model_1_relaxed.pdb,True,72.4496767241379,30.84,80.98,464,unrelaxed,/users/sgmwu14/scratch/openfold_inference_runs5times/epoch_14/your_model_epoch_14/repeat_2/predictions/7dsq_A_model_1_unrelaxed.pdb
14,2,7evw_A,success,1,0,/users/sgmwu14/scratch/openfold_inference_runs5times/epoch_14/your_model_epoch_14/repeat_2/predictions/7evw_A_model_1_unrelaxed.pdb,/users/sgmwu14/scratch/openfold_inference_runs5times/epoch_14/your_model_epoch_14/repeat_2/predictions/7evw_A_model_1_relaxed.pdb,True,54.157679465776255,21.87,73.13,599,unrelaxed,/users/sgmwu14/scratch/openfold_inference_runs5times/epoch_14/your_model_epoch_14/repeat_2/predictions/7evw_A_model_1_unrelaxed.pdb
14,3,2olo_A,success,1,0,/users/sgmwu14/scratch/openfold_inference_runs5times/epoch_14/your_model_epoch_14/repeat_3/predictions/2olo_A_model_1_unrelaxed.pdb,/users/sgmwu14/scratch/openfold_inference_runs5times/epoch_14/your_model_epoch_14/repeat_3/predictions/2olo_A_model_1_relaxed.pdb,True,61.89676092544992,26.65,80.15,389,unrelaxed,/users/sgmwu14/scratch/openfold_inference_runs5times/epoch_14/your_model_epoch_14/repeat_3/predictions/2olo_A_model_1_unrelaxed.pdb
14,3,4bp8_A,success,1,0,/users/sgmwu14/scratch/openfold_inference_runs5times/epoch_14/your_model_epoch_14/repeat_3/predictions/4bp8_A_model_1_unrelaxed.pdb,/users/sgmwu14/scratch/openfold_inference_runs5times/epoch_14/your_model_epoch_14/repeat_3/predictions/4bp8_A_model_1_relaxed.pdb,True,67.7412727272727,25.0,78.91,715,unrelaxed,/users/sgmwu14/scratch/openfold_inference_runs5times/epoch_14/your_model_epoch_14/repeat_3/predictions/4bp8_A_model_1_unrelaxed.pdb
14,3,5i6x_A,success,1,0,/users/sgmwu14/scratch/openfold_inference_runs5times/epoch_14/your_model_epoch_14/repeat_3/predictions/5i6x_A_model_1_unrelaxed.pdb,/users/sgmwu14/scratch/openfold_inference_runs5times/epoch_14/your_model_epoch_14/repeat_3/predictions/5i6x_A_model_1_relaxed.pdb,True,68.63426229508194,37.68,77.08,549,unrelaxed,/users/sgmwu14/scratch/openfold_inference_runs5times/epoch_14/your_model_epoch_14/repeat_3/predictions/5i6x_A_model_1_unrelaxed.pdb
14,3,6nbf_A,success,1,0,/users/sgmwu14/scratch/openfold_inference_runs5times/epoch_14/your_model_epoch_14/repeat_3/predictions/6nbf_A_model_1_unrelaxed.pdb,/users/sgmwu14/scratch/openfold_inference_runs5times/epoch_14/your_model_epoch_14/repeat_3/predictions/6nbf_A_model_1_relaxed.pdb,True,53.75880753138079,22.92,77.51,478,unrelaxed,/users/sgmwu14/scratch/openfold_inference_runs5times/epoch_14/your_model_epoch_14/repeat_3/predictions/6nbf_A_model_1_unrelaxed.pdb
14,3,6xpf_A,success,1,0,/users/sgmwu14/scratch/openfold_inference_runs5times/epoch_14/your_model_epoch_14/repeat_3/predictions/6xpf_A_model_1_unrelaxed.pdb,/users/sgmwu14/scratch/openfold_inference_runs5times/epoch_14/your_model_epoch_14/repeat_3/predictions/6xpf_A_model_1_relaxed.pdb,True,68.69712500000003,26.12,81.09,320,unrelaxed,/users/sgmwu14/scratch/openfold_inference_runs5times/epoch_14/your_model_epoch_14/repeat_3/predictions/6xpf_A_model_1_unrelaxed.pdb
14,3,7dsq_A,success,1,0,/users/sgmwu14/scratch/openfold_inference_runs5times/epoch_14/your_model_epoch_14/repeat_3/predictions/7dsq_A_model_1_unrelaxed.pdb,/users/sgmwu14/scratch/openfold_inference_runs5times/epoch_14/your_model_epoch_14/repeat_3/predictions/7dsq_A_model_1_relaxed.pdb,True,72.0158189655172,27.57,80.42,464,unrelaxed,/users/sgmwu14/scratch/openfold_inference_runs5times/epoch_14/your_model_epoch_14/repeat_3/predictions/7dsq_A_model_1_unrelaxed.pdb
14,3,7evw_A,error,0,1,/users/sgmwu14/scratch/openfold_inference_runs5times/epoch_14/your_model_epoch_14/repeat_3/predictions/7evw_A_model_1_unrelaxed.pdb,/users/sgmwu14/scratch/openfold_inference_runs5times/epoch_14/your_model_epoch_14/repeat_3/predictions/7evw_A_model_1_relaxed.pdb,False,54.79727879799668,21.01,74.25,599,unrelaxed,/users/sgmwu14/scratch/openfold_inference_runs5times/epoch_14/your_model_epoch_14/repeat_3/predictions/7evw_A_model_1_unrelaxed.pdb
14,4,2olo_A,success,1,0,/users/sgmwu14/scratch/openfold_inference_runs5times/epoch_14/your_model_epoch_14/repeat_4/predictions/2olo_A_model_1_unrelaxed.pdb,/users/sgmwu14/scratch/openfold_inference_runs5times/epoch_14/your_model_epoch_14/repeat_4/predictions/2olo_A_model_1_relaxed.pdb,True,61.95856041131107,29.63,80.04,389,unrelaxed,/users/sgmwu14/scratch/openfold_inference_runs5times/epoch_14/your_model_epoch_14/repeat_4/predictions/2olo_A_model_1_unrelaxed.pdb
14,4,4bp8_A,success,1,0,/users/sgmwu14/scratch/openfold_inference_runs5times/epoch_14/your_model_epoch_14/repeat_4/predictions/4bp8_A_model_1_unrelaxed.pdb,/users/sgmwu14/scratch/openfold_inference_runs5times/epoch_14/your_model_epoch_14/repeat_4/predictions/4bp8_A_model_1_relaxed.pdb,True,67.81325874125872,29.02,79.17,715,unrelaxed,/users/sgmwu14/scratch/openfold_inference_runs5times/epoch_14/your_model_epoch_14/repeat_4/predictions/4bp8_A_model_1_unrelaxed.pdb
14,4,5i6x_A,success,1,0,/users/sgmwu14/scratch/openfold_inference_runs5times/epoch_14/your_model_epoch_14/repeat_4/predictions/5i6x_A_model_1_unrelaxed.pdb,/users/sgmwu14/scratch/openfold_inference_runs5times/epoch_14/your_model_epoch_14/repeat_4/predictions/5i6x_A_model_1_relaxed.pdb,True,68.39688524590157,36.48,76.83,549,unrelaxed,/users/sgmwu14/scratch/openfold_inference_runs5times/epoch_14/your_model_epoch_14/repeat_4/predictions/5i6x_A_model_1_unrelaxed.pdb
14,4,6nbf_A,success,1,0,/users/sgmwu14/scratch/openfold_inference_runs5times/epoch_14/your_model_epoch_14/repeat_4/predictions/6nbf_A_model_1_unrelaxed.pdb,/users/sgmwu14/scratch/openfold_inference_runs5times/epoch_14/your_model_epoch_14/repeat_4/predictions/6nbf_A_model_1_relaxed.pdb,True,53.82382845188284,23.49,76.14,478,unrelaxed,/users/sgmwu14/scratch/openfold_inference_runs5times/epoch_14/your_model_epoch_14/repeat_4/predictions/6nbf_A_model_1_unrelaxed.pdb
14,4,6xpf_A,success,1,0,/users/sgmwu14/scratch/openfold_inference_runs5times/epoch_14/your_model_epoch_14/repeat_4/predictions/6xpf_A_model_1_unrelaxed.pdb,/users/sgmwu14/scratch/openfold_inference_runs5times/epoch_14/your_model_epoch_14/repeat_4/predictions/6xpf_A_model_1_relaxed.pdb,True,68.52656249999995,29.27,80.48,320,unrelaxed,/users/sgmwu14/scratch/openfold_inference_runs5times/epoch_14/your_model_epoch_14/repeat_4/predictions/6xpf_A_model_1_unrelaxed.pdb
14,4,7dsq_A,success,1,0,/users/sgmwu14/scratch/openfold_inference_runs5times/epoch_14/your_model_epoch_14/repeat_4/predictions/7dsq_A_model_1_unrelaxed.pdb,/users/sgmwu14/scratch/openfold_inference_runs5times/epoch_14/your_model_epoch_14/repeat_4/predictions/7dsq_A_model_1_relaxed.pdb,True,73.22428879310347,27.9,81.91,464,unrelaxed,/users/sgmwu14/scratch/openfold_inference_runs5times/epoch_14/your_model_epoch_14/repeat_4/predictions/7dsq_A_model_1_unrelaxed.pdb
14,4,7evw_A,success,1,0,/users/sgmwu14/scratch/openfold_inference_runs5times/epoch_14/your_model_epoch_14/repeat_4/predictions/7evw_A_model_1_unrelaxed.pdb,/users/sgmwu14/scratch/openfold_inference_runs5times/epoch_14/your_model_epoch_14/repeat_4/predictions/7evw_A_model_1_relaxed.pdb,True,54.75085141903173,22.72,73.99,599,unrelaxed,/users/sgmwu14/scratch/openfold_inference_runs5times/epoch_14/your_model_epoch_14/repeat_4/predictions/7evw_A_model_1_unrelaxed.pdb
14,5,2olo_A,success,1,0,/users/sgmwu14/scratch/openfold_inference_runs5times/epoch_14/your_model_epoch_14/repeat_5/predictions/2olo_A_model_1_unrelaxed.pdb,/users/sgmwu14/scratch/openfold_inference_runs5times/epoch_14/your_model_epoch_14/repeat_5/predictions/2olo_A_model_1_relaxed.pdb,True,62.99064267352184,29.84,80.08,389,unrelaxed,/users/sgmwu14/scratch/openfold_inference_runs5times/epoch_14/your_model_epoch_14/repeat_5/predictions/2olo_A_model_1_unrelaxed.pdb
14,5,4bp8_A,success,1,0,/users/sgmwu14/scratch/openfold_inference_runs5times/epoch_14/your_model_epoch_14/repeat_5/predictions/4bp8_A_model_1_unrelaxed.pdb,/users/sgmwu14/scratch/openfold_inference_runs5times/epoch_14/your_model_epoch_14/repeat_5/predictions/4bp8_A_model_1_relaxed.pdb,True,67.78537062937065,31.45,79.47,715,unrelaxed,/users/sgmwu14/scratch/openfold_inference_runs5times/epoch_14/your_model_epoch_14/repeat_5/predictions/4bp8_A_model_1_unrelaxed.pdb
14,5,5i6x_A,success,1,0,/users/sgmwu14/scratch/openfold_inference_runs5times/epoch_14/your_model_epoch_14/repeat_5/predictions/5i6x_A_model_1_unrelaxed.pdb,/users/sgmwu14/scratch/openfold_inference_runs5times/epoch_14/your_model_epoch_14/repeat_5/predictions/5i6x_A_model_1_relaxed.pdb,True,69.16275045537337,36.45,79.12,549,unrelaxed,/users/sgmwu14/scratch/openfold_inference_runs5times/epoch_14/your_model_epoch_14/repeat_5/predictions/5i6x_A_model_1_unrelaxed.pdb
14,5,6nbf_A,success,1,0,/users/sgmwu14/scratch/openfold_inference_runs5times/epoch_14/your_model_epoch_14/repeat_5/predictions/6nbf_A_model_1_unrelaxed.pdb,/users/sgmwu14/scratch/openfold_inference_runs5times/epoch_14/your_model_epoch_14/repeat_5/predictions/6nbf_A_model_1_relaxed.pdb,True,55.07156903765688,21.43,77.73,478,unrelaxed,/users/sgmwu14/scratch/openfold_inference_runs5times/epoch_14/your_model_epoch_14/repeat_5/predictions/6nbf_A_model_1_unrelaxed.pdb
14,5,6xpf_A,success,1,0,/users/sgmwu14/scratch/openfold_inference_runs5times/epoch_14/your_model_epoch_14/repeat_5/predictions/6xpf_A_model_1_unrelaxed.pdb,/users/sgmwu14/scratch/openfold_inference_runs5times/epoch_14/your_model_epoch_14/repeat_5/predictions/6xpf_A_model_1_relaxed.pdb,True,69.02184375000002,29.06,80.26,320,unrelaxed,/users/sgmwu14/scratch/openfold_inference_runs5times/epoch_14/your_model_epoch_14/repeat_5/predictions/6xpf_A_model_1_unrelaxed.pdb
14,5,7dsq_A,success,1,0,/users/sgmwu14/scratch/openfold_inference_runs5times/epoch_14/your_model_epoch_14/repeat_5/predictions/7dsq_A_model_1_unrelaxed.pdb,/users/sgmwu14/scratch/openfold_inference_runs5times/epoch_14/your_model_epoch_14/repeat_5/predictions/7dsq_A_model_1_relaxed.pdb,True,71.42629310344827,30.52,80.37,464,unrelaxed,/users/sgmwu14/scratch/openfold_inference_runs5times/epoch_14/your_model_epoch_14/repeat_5/predictions/7dsq_A_model_1_unrelaxed.pdb
14,5,7evw_A,success,1,0,/users/sgmwu14/scratch/openfold_inference_runs5times/epoch_14/your_model_epoch_14/repeat_5/predictions/7evw_A_model_1_unrelaxed.pdb,/users/sgmwu14/scratch/openfold_inference_runs5times/epoch_14/your_model_epoch_14/repeat_5/predictions/7evw_A_model_1_relaxed.pdb,True,55.10375626043406,21.3,74.52,599,unrelaxed,/users/sgmwu14/scratch/openfold_inference_runs5times/epoch_14/your_model_epoch_14/repeat_5/predictions/7evw_A_model_1_unrelaxed.pdb
15,1,2olo_A,success,1,0,/users/sgmwu14/scratch/openfold_inference_runs5times/epoch_15/your_model_epoch_15/repeat_1/predictions/2olo_A_model_1_unrelaxed.pdb,/users/sgmwu14/scratch/openfold_inference_runs5times/epoch_15/your_model_epoch_15/repeat_1/predictions/2olo_A_model_1_relaxed.pdb,True,65.0022879177378,27.29,81.23,389,unrelaxed,/users/sgmwu14/scratch/openfold_inference_runs5times/epoch_15/your_model_epoch_15/repeat_1/predictions/2olo_A_model_1_unrelaxed.pdb
15,1,4bp8_A,success,1,0,/users/sgmwu14/scratch/openfold_inference_runs5times/epoch_15/your_model_epoch_15/repeat_1/predictions/4bp8_A_model_1_unrelaxed.pdb,/users/sgmwu14/scratch/openfold_inference_runs5times/epoch_15/your_model_epoch_15/repeat_1/predictions/4bp8_A_model_1_relaxed.pdb,True,68.61960839160841,30.32,80.68,715,unrelaxed,/users/sgmwu14/scratch/openfold_inference_runs5times/epoch_15/your_model_epoch_15/repeat_1/predictions/4bp8_A_model_1_unrelaxed.pdb
15,1,5i6x_A,success,1,0,/users/sgmwu14/scratch/openfold_inference_runs5times/epoch_15/your_model_epoch_15/repeat_1/predictions/5i6x_A_model_1_unrelaxed.pdb,/users/sgmwu14/scratch/openfold_inference_runs5times/epoch_15/your_model_epoch_15/repeat_1/predictions/5i6x_A_model_1_relaxed.pdb,True,69.78100182149367,34.46,80.7,549,unrelaxed,/users/sgmwu14/scratch/openfold_inference_runs5times/epoch_15/your_model_epoch_15/repeat_1/predictions/5i6x_A_model_1_unrelaxed.pdb
15,1,6nbf_A,success,1,0,/users/sgmwu14/scratch/openfold_inference_runs5times/epoch_15/your_model_epoch_15/repeat_1/predictions/6nbf_A_model_1_unrelaxed.pdb,/users/sgmwu14/scratch/openfold_inference_runs5times/epoch_15/your_model_epoch_15/repeat_1/predictions/6nbf_A_model_1_relaxed.pdb,True,55.18424686192468,21.68,80.31,478,unrelaxed,/users/sgmwu14/scratch/openfold_inference_runs5times/epoch_15/your_model_epoch_15/repeat_1/predictions/6nbf_A_model_1_unrelaxed.pdb
15,1,6xpf_A,success,1,0,/users/sgmwu14/scratch/openfold_inference_runs5times/epoch_15/your_model_epoch_15/repeat_1/predictions/6xpf_A_model_1_unrelaxed.pdb,/users/sgmwu14/scratch/openfold_inference_runs5times/epoch_15/your_model_epoch_15/repeat_1/predictions/6xpf_A_model_1_relaxed.pdb,True,71.17156250000002,26.61,83.01,320,unrelaxed,/users/sgmwu14/scratch/openfold_inference_runs5times/epoch_15/your_model_epoch_15/repeat_1/predictions/6xpf_A_model_1_unrelaxed.pdb
15,1,7dsq_A,success,1,0,/users/sgmwu14/scratch/openfold_inference_runs5times/epoch_15/your_model_epoch_15/repeat_1/predictions/7dsq_A_model_1_unrelaxed.pdb,/users/sgmwu14/scratch/openfold_inference_runs5times/epoch_15/your_model_epoch_15/repeat_1/predictions/7dsq_A_model_1_relaxed.pdb,True,74.3696982758621,28.08,81.47,464,unrelaxed,/users/sgmwu14/scratch/openfold_inference_runs5times/epoch_15/your_model_epoch_15/repeat_1/predictions/7dsq_A_model_1_unrelaxed.pdb
15,1,7evw_A,success,1,0,/users/sgmwu14/scratch/openfold_inference_runs5times/epoch_15/your_model_epoch_15/repeat_1/predictions/7evw_A_model_1_unrelaxed.pdb,/users/sgmwu14/scratch/openfold_inference_runs5times/epoch_15/your_model_epoch_15/repeat_1/predictions/7evw_A_model_1_relaxed.pdb,True,55.86055091819696,22.39,78.33,599,unrelaxed,/users/sgmwu14/scratch/openfold_inference_runs5times/epoch_15/your_model_epoch_15/repeat_1/predictions/7evw_A_model_1_unrelaxed.pdb
15,2,2olo_A,success,1,0,/users/sgmwu14/scratch/openfold_inference_runs5times/epoch_15/your_model_epoch_15/repeat_2/predictions/2olo_A_model_1_unrelaxed.pdb,/users/sgmwu14/scratch/openfold_inference_runs5times/epoch_15/your_model_epoch_15/repeat_2/predictions/2olo_A_model_1_relaxed.pdb,True,65.76786632390746,25.87,80.79,389,unrelaxed,/users/sgmwu14/scratch/openfold_inference_runs5times/epoch_15/your_model_epoch_15/repeat_2/predictions/2olo_A_model_1_unrelaxed.pdb
15,2,4bp8_A,success,1,0,/users/sgmwu14/scratch/openfold_inference_runs5times/epoch_15/your_model_epoch_15/repeat_2/predictions/4bp8_A_model_1_unrelaxed.pdb,/users/sgmwu14/scratch/openfold_inference_runs5times/epoch_15/your_model_epoch_15/repeat_2/predictions/4bp8_A_model_1_relaxed.pdb,True,68.6033566433566,29.48,80.66,715,unrelaxed,/users/sgmwu14/scratch/openfold_inference_runs5times/epoch_15/your_model_epoch_15/repeat_2/predictions/4bp8_A_model_1_unrelaxed.pdb
15,2,5i6x_A,success,1,0,/users/sgmwu14/scratch/openfold_inference_runs5times/epoch_15/your_model_epoch_15/repeat_2/predictions/5i6x_A_model_1_unrelaxed.pdb,/users/sgmwu14/scratch/openfold_inference_runs5times/epoch_15/your_model_epoch_15/repeat_2/predictions/5i6x_A_model_1_relaxed.pdb,True,70.93721311475409,32.81,81.36,549,unrelaxed,/users/sgmwu14/scratch/openfold_inference_runs5times/epoch_15/your_model_epoch_15/repeat_2/predictions/5i6x_A_model_1_unrelaxed.pdb
15,2,6nbf_A,success,1,0,/users/sgmwu14/scratch/openfold_inference_runs5times/epoch_15/your_model_epoch_15/repeat_2/predictions/6nbf_A_model_1_unrelaxed.pdb,/users/sgmwu14/scratch/openfold_inference_runs5times/epoch_15/your_model_epoch_15/repeat_2/predictions/6nbf_A_model_1_relaxed.pdb,True,54.442196652719694,8.82,80.05,478,unrelaxed,/users/sgmwu14/scratch/openfold_inference_runs5times/epoch_15/your_model_epoch_15/repeat_2/predictions/6nbf_A_model_1_unrelaxed.pdb
15,2,6xpf_A,success,1,0,/users/sgmwu14/scratch/openfold_inference_runs5times/epoch_15/your_model_epoch_15/repeat_2/predictions/6xpf_A_model_1_unrelaxed.pdb,/users/sgmwu14/scratch/openfold_inference_runs5times/epoch_15/your_model_epoch_15/repeat_2/predictions/6xpf_A_model_1_relaxed.pdb,True,71.13153125,26.05,82.57,320,unrelaxed,/users/sgmwu14/scratch/openfold_inference_runs5times/epoch_15/your_model_epoch_15/repeat_2/predictions/6xpf_A_model_1_unrelaxed.pdb
15,2,7dsq_A,success,1,0,/users/sgmwu14/scratch/openfold_inference_runs5times/epoch_15/your_model_epoch_15/repeat_2/predictions/7dsq_A_model_1_unrelaxed.pdb,/users/sgmwu14/scratch/openfold_inference_runs5times/epoch_15/your_model_epoch_15/repeat_2/predictions/7dsq_A_model_1_relaxed.pdb,True,73.87273706896555,30.18,81.55,464,unrelaxed,/users/sgmwu14/scratch/openfold_inference_runs5times/epoch_15/your_model_epoch_15/repeat_2/predictions/7dsq_A_model_1_unrelaxed.pdb
15,2,7evw_A,error,0,1,/users/sgmwu14/scratch/openfold_inference_runs5times/epoch_15/your_model_epoch_15/repeat_2/predictions/7evw_A_model_1_unrelaxed.pdb,/users/sgmwu14/scratch/openfold_inference_runs5times/epoch_15/your_model_epoch_15/repeat_2/predictions/7evw_A_model_1_relaxed.pdb,False,55.40191986644408,22.98,77.68,599,unrelaxed,/users/sgmwu14/scratch/openfold_inference_runs5times/epoch_15/your_model_epoch_15/repeat_2/predictions/7evw_A_model_1_unrelaxed.pdb
15,3,2olo_A,success,1,0,/users/sgmwu14/scratch/openfold_inference_runs5times/epoch_15/your_model_epoch_15/repeat_3/predictions/2olo_A_model_1_unrelaxed.pdb,/users/sgmwu14/scratch/openfold_inference_runs5times/epoch_15/your_model_epoch_15/repeat_3/predictions/2olo_A_model_1_relaxed.pdb,True,65.79652956298199,28.93,81.0,389,unrelaxed,/users/sgmwu14/scratch/openfold_inference_runs5times/epoch_15/your_model_epoch_15/repeat_3/predictions/2olo_A_model_1_unrelaxed.pdb
15,3,4bp8_A,success,1,0,/users/sgmwu14/scratch/openfold_inference_runs5times/epoch_15/your_model_epoch_15/repeat_3/predictions/4bp8_A_model_1_unrelaxed.pdb,/users/sgmwu14/scratch/openfold_inference_runs5times/epoch_15/your_model_epoch_15/repeat_3/predictions/4bp8_A_model_1_relaxed.pdb,True,68.55955244755243,29.39,80.76,715,unrelaxed,/users/sgmwu14/scratch/openfold_inference_runs5times/epoch_15/your_model_epoch_15/repeat_3/predictions/4bp8_A_model_1_unrelaxed.pdb
15,3,5i6x_A,success,1,0,/users/sgmwu14/scratch/openfold_inference_runs5times/epoch_15/your_model_epoch_15/repeat_3/predictions/5i6x_A_model_1_unrelaxed.pdb,/users/sgmwu14/scratch/openfold_inference_runs5times/epoch_15/your_model_epoch_15/repeat_3/predictions/5i6x_A_model_1_relaxed.pdb,True,69.72803278688521,28.91,79.76,549,unrelaxed,/users/sgmwu14/scratch/openfold_inference_runs5times/epoch_15/your_model_epoch_15/repeat_3/predictions/5i6x_A_model_1_unrelaxed.pdb
15,3,6nbf_A,success,1,0,/users/sgmwu14/scratch/openfold_inference_runs5times/epoch_15/your_model_epoch_15/repeat_3/predictions/6nbf_A_model_1_unrelaxed.pdb,/users/sgmwu14/scratch/openfold_inference_runs5times/epoch_15/your_model_epoch_15/repeat_3/predictions/6nbf_A_model_1_relaxed.pdb,True,53.00882845188287,16.61,80.4,478,unrelaxed,/users/sgmwu14/scratch/openfold_inference_runs5times/epoch_15/your_model_epoch_15/repeat_3/predictions/6nbf_A_model_1_unrelaxed.pdb
15,3,6xpf_A,success,1,0,/users/sgmwu14/scratch/openfold_inference_runs5times/epoch_15/your_model_epoch_15/repeat_3/predictions/6xpf_A_model_1_unrelaxed.pdb,/users/sgmwu14/scratch/openfold_inference_runs5times/epoch_15/your_model_epoch_15/repeat_3/predictions/6xpf_A_model_1_relaxed.pdb,True,71.12881249999998,26.16,83.33,320,unrelaxed,/users/sgmwu14/scratch/openfold_inference_runs5times/epoch_15/your_model_epoch_15/repeat_3/predictions/6xpf_A_model_1_unrelaxed.pdb
15,3,7dsq_A,success,1,0,/users/sgmwu14/scratch/openfold_inference_runs5times/epoch_15/your_model_epoch_15/repeat_3/predictions/7dsq_A_model_1_unrelaxed.pdb,/users/sgmwu14/scratch/openfold_inference_runs5times/epoch_15/your_model_epoch_15/repeat_3/predictions/7dsq_A_model_1_relaxed.pdb,True,73.92161637931032,28.13,81.54,464,unrelaxed,/users/sgmwu14/scratch/openfold_inference_runs5times/epoch_15/your_model_epoch_15/repeat_3/predictions/7dsq_A_model_1_unrelaxed.pdb
15,3,7evw_A,success,1,0,/users/sgmwu14/scratch/openfold_inference_runs5times/epoch_15/your_model_epoch_15/repeat_3/predictions/7evw_A_model_1_unrelaxed.pdb,/users/sgmwu14/scratch/openfold_inference_runs5times/epoch_15/your_model_epoch_15/repeat_3/predictions/7evw_A_model_1_relaxed.pdb,True,55.27821368948248,22.92,79.01,599,unrelaxed,/users/sgmwu14/scratch/openfold_inference_runs5times/epoch_15/your_model_epoch_15/repeat_3/predictions/7evw_A_model_1_unrelaxed.pdb
15,4,2olo_A,success,1,0,/users/sgmwu14/scratch/openfold_inference_runs5times/epoch_15/your_model_epoch_15/repeat_4/predictions/2olo_A_model_1_unrelaxed.pdb,/users/sgmwu14/scratch/openfold_inference_runs5times/epoch_15/your_model_epoch_15/repeat_4/predictions/2olo_A_model_1_relaxed.pdb,True,65.05460154241648,27.16,80.77,389,unrelaxed,/users/sgmwu14/scratch/openfold_inference_runs5times/epoch_15/your_model_epoch_15/repeat_4/predictions/2olo_A_model_1_unrelaxed.pdb
15,4,4bp8_A,success,1,0,/users/sgmwu14/scratch/openfold_inference_runs5times/epoch_15/your_model_epoch_15/repeat_4/predictions/4bp8_A_model_1_unrelaxed.pdb,/users/sgmwu14/scratch/openfold_inference_runs5times/epoch_15/your_model_epoch_15/repeat_4/predictions/4bp8_A_model_1_relaxed.pdb,True,68.48560839160838,29.38,80.68,715,unrelaxed,/users/sgmwu14/scratch/openfold_inference_runs5times/epoch_15/your_model_epoch_15/repeat_4/predictions/4bp8_A_model_1_unrelaxed.pdb
15,4,5i6x_A,success,1,0,/users/sgmwu14/scratch/openfold_inference_runs5times/epoch_15/your_model_epoch_15/repeat_4/predictions/5i6x_A_model_1_unrelaxed.pdb,/users/sgmwu14/scratch/openfold_inference_runs5times/epoch_15/your_model_epoch_15/repeat_4/predictions/5i6x_A_model_1_relaxed.pdb,True,70.77881602914381,31.93,79.9,549,unrelaxed,/users/sgmwu14/scratch/openfold_inference_runs5times/epoch_15/your_model_epoch_15/repeat_4/predictions/5i6x_A_model_1_unrelaxed.pdb
15,4,6nbf_A,success,1,0,/users/sgmwu14/scratch/openfold_inference_runs5times/epoch_15/your_model_epoch_15/repeat_4/predictions/6nbf_A_model_1_unrelaxed.pdb,/users/sgmwu14/scratch/openfold_inference_runs5times/epoch_15/your_model_epoch_15/repeat_4/predictions/6nbf_A_model_1_relaxed.pdb,True,54.7435774058577,21.08,80.65,478,unrelaxed,/users/sgmwu14/scratch/openfold_inference_runs5times/epoch_15/your_model_epoch_15/repeat_4/predictions/6nbf_A_model_1_unrelaxed.pdb
15,4,6xpf_A,success,1,0,/users/sgmwu14/scratch/openfold_inference_runs5times/epoch_15/your_model_epoch_15/repeat_4/predictions/6xpf_A_model_1_unrelaxed.pdb,/users/sgmwu14/scratch/openfold_inference_runs5times/epoch_15/your_model_epoch_15/repeat_4/predictions/6xpf_A_model_1_relaxed.pdb,True,71.17556250000007,27.55,83.14,320,unrelaxed,/users/sgmwu14/scratch/openfold_inference_runs5times/epoch_15/your_model_epoch_15/repeat_4/predictions/6xpf_A_model_1_unrelaxed.pdb
15,4,7dsq_A,success,1,0,/users/sgmwu14/scratch/openfold_inference_runs5times/epoch_15/your_model_epoch_15/repeat_4/predictions/7dsq_A_model_1_unrelaxed.pdb,/users/sgmwu14/scratch/openfold_inference_runs5times/epoch_15/your_model_epoch_15/repeat_4/predictions/7dsq_A_model_1_relaxed.pdb,True,74.47558189655169,30.52,81.67,464,unrelaxed,/users/sgmwu14/scratch/openfold_inference_runs5times/epoch_15/your_model_epoch_15/repeat_4/predictions/7dsq_A_model_1_unrelaxed.pdb
15,4,7evw_A,success,1,0,/users/sgmwu14/scratch/openfold_inference_runs5times/epoch_15/your_model_epoch_15/repeat_4/predictions/7evw_A_model_1_unrelaxed.pdb,/users/sgmwu14/scratch/openfold_inference_runs5times/epoch_15/your_model_epoch_15/repeat_4/predictions/7evw_A_model_1_relaxed.pdb,True,55.75253756260434,23.42,78.97,599,unrelaxed,/users/sgmwu14/scratch/openfold_inference_runs5times/epoch_15/your_model_epoch_15/repeat_4/predictions/7evw_A_model_1_unrelaxed.pdb
15,5,2olo_A,success,1,0,/users/sgmwu14/scratch/openfold_inference_runs5times/epoch_15/your_model_epoch_15/repeat_5/predictions/2olo_A_model_1_unrelaxed.pdb,/users/sgmwu14/scratch/openfold_inference_runs5times/epoch_15/your_model_epoch_15/repeat_5/predictions/2olo_A_model_1_relaxed.pdb,True,65.27107969151669,28.97,80.91,389,unrelaxed,/users/sgmwu14/scratch/openfold_inference_runs5times/epoch_15/your_model_epoch_15/repeat_5/predictions/2olo_A_model_1_unrelaxed.pdb
15,5,4bp8_A,success,1,0,/users/sgmwu14/scratch/openfold_inference_runs5times/epoch_15/your_model_epoch_15/repeat_5/predictions/4bp8_A_model_1_unrelaxed.pdb,/users/sgmwu14/scratch/openfold_inference_runs5times/epoch_15/your_model_epoch_15/repeat_5/predictions/4bp8_A_model_1_relaxed.pdb,True,68.75075524475517,26.7,80.65,715,unrelaxed,/users/sgmwu14/scratch/openfold_inference_runs5times/epoch_15/your_model_epoch_15/repeat_5/predictions/4bp8_A_model_1_unrelaxed.pdb
15,5,5i6x_A,success,1,0,/users/sgmwu14/scratch/openfold_inference_runs5times/epoch_15/your_model_epoch_15/repeat_5/predictions/5i6x_A_model_1_unrelaxed.pdb,/users/sgmwu14/scratch/openfold_inference_runs5times/epoch_15/your_model_epoch_15/repeat_5/predictions/5i6x_A_model_1_relaxed.pdb,True,70.97608378870676,35.37,81.23,549,unrelaxed,/users/sgmwu14/scratch/openfold_inference_runs5times/epoch_15/your_model_epoch_15/repeat_5/predictions/5i6x_A_model_1_unrelaxed.pdb
15,5,6nbf_A,success,1,0,/users/sgmwu14/scratch/openfold_inference_runs5times/epoch_15/your_model_epoch_15/repeat_5/predictions/6nbf_A_model_1_unrelaxed.pdb,/users/sgmwu14/scratch/openfold_inference_runs5times/epoch_15/your_model_epoch_15/repeat_5/predictions/6nbf_A_model_1_relaxed.pdb,True,55.83320083682009,23.74,80.56,478,unrelaxed,/users/sgmwu14/scratch/openfold_inference_runs5times/epoch_15/your_model_epoch_15/repeat_5/predictions/6nbf_A_model_1_unrelaxed.pdb
15,5,6xpf_A,success,1,0,/users/sgmwu14/scratch/openfold_inference_runs5times/epoch_15/your_model_epoch_15/repeat_5/predictions/6xpf_A_model_1_unrelaxed.pdb,/users/sgmwu14/scratch/openfold_inference_runs5times/epoch_15/your_model_epoch_15/repeat_5/predictions/6xpf_A_model_1_relaxed.pdb,True,71.10921875,29.5,82.48,320,unrelaxed,/users/sgmwu14/scratch/openfold_inference_runs5times/epoch_15/your_model_epoch_15/repeat_5/predictions/6xpf_A_model_1_unrelaxed.pdb
15,5,7dsq_A,success,1,0,/users/sgmwu14/scratch/openfold_inference_runs5times/epoch_15/your_model_epoch_15/repeat_5/predictions/7dsq_A_model_1_unrelaxed.pdb,/users/sgmwu14/scratch/openfold_inference_runs5times/epoch_15/your_model_epoch_15/repeat_5/predictions/7dsq_A_model_1_relaxed.pdb,True,73.8422198275863,27.62,81.42,464,unrelaxed,/users/sgmwu14/scratch/openfold_inference_runs5times/epoch_15/your_model_epoch_15/repeat_5/predictions/7dsq_A_model_1_unrelaxed.pdb
15,5,7evw_A,success,1,0,/users/sgmwu14/scratch/openfold_inference_runs5times/epoch_15/your_model_epoch_15/repeat_5/predictions/7evw_A_model_1_unrelaxed.pdb,/users/sgmwu14/scratch/openfold_inference_runs5times/epoch_15/your_model_epoch_15/repeat_5/predictions/7evw_A_model_1_relaxed.pdb,True,55.778714524207054,23.26,79.66,599,unrelaxed,/users/sgmwu14/scratch/openfold_inference_runs5times/epoch_15/your_model_epoch_15/repeat_5/predictions/7evw_A_model_1_unrelaxed.pdb
16,1,2olo_A,success,1,0,/users/sgmwu14/scratch/openfold_inference_runs5times/epoch_16/your_model_epoch_16/repeat_1/predictions/2olo_A_model_1_unrelaxed.pdb,/users/sgmwu14/scratch/openfold_inference_runs5times/epoch_16/your_model_epoch_16/repeat_1/predictions/2olo_A_model_1_relaxed.pdb,True,58.71719794344472,23.48,80.44,389,unrelaxed,/users/sgmwu14/scratch/openfold_inference_runs5times/epoch_16/your_model_epoch_16/repeat_1/predictions/2olo_A_model_1_unrelaxed.pdb
16,1,4bp8_A,success,1,0,/users/sgmwu14/scratch/openfold_inference_runs5times/epoch_16/your_model_epoch_16/repeat_1/predictions/4bp8_A_model_1_unrelaxed.pdb,/users/sgmwu14/scratch/openfold_inference_runs5times/epoch_16/your_model_epoch_16/repeat_1/predictions/4bp8_A_model_1_relaxed.pdb,True,65.62795804195795,27.88,78.2,715,unrelaxed,/users/sgmwu14/scratch/openfold_inference_runs5times/epoch_16/your_model_epoch_16/repeat_1/predictions/4bp8_A_model_1_unrelaxed.pdb
16,1,5i6x_A,success,1,0,/users/sgmwu14/scratch/openfold_inference_runs5times/epoch_16/your_model_epoch_16/repeat_1/predictions/5i6x_A_model_1_unrelaxed.pdb,/users/sgmwu14/scratch/openfold_inference_runs5times/epoch_16/your_model_epoch_16/repeat_1/predictions/5i6x_A_model_1_relaxed.pdb,True,56.597868852458966,22.48,75.41,549,unrelaxed,/users/sgmwu14/scratch/openfold_inference_runs5times/epoch_16/your_model_epoch_16/repeat_1/predictions/5i6x_A_model_1_unrelaxed.pdb
16,1,6nbf_A,success,1,0,/users/sgmwu14/scratch/openfold_inference_runs5times/epoch_16/your_model_epoch_16/repeat_1/predictions/6nbf_A_model_1_unrelaxed.pdb,/users/sgmwu14/scratch/openfold_inference_runs5times/epoch_16/your_model_epoch_16/repeat_1/predictions/6nbf_A_model_1_relaxed.pdb,True,53.6992050209205,20.46,77.24,478,unrelaxed,/users/sgmwu14/scratch/openfold_inference_runs5times/epoch_16/your_model_epoch_16/repeat_1/predictions/6nbf_A_model_1_unrelaxed.pdb
16,1,6xpf_A,success,1,0,/users/sgmwu14/scratch/openfold_inference_runs5times/epoch_16/your_model_epoch_16/repeat_1/predictions/6xpf_A_model_1_unrelaxed.pdb,/users/sgmwu14/scratch/openfold_inference_runs5times/epoch_16/your_model_epoch_16/repeat_1/predictions/6xpf_A_model_1_relaxed.pdb,True,67.12440624999996,23.8,80.57,320,unrelaxed,/users/sgmwu14/scratch/openfold_inference_runs5times/epoch_16/your_model_epoch_16/repeat_1/predictions/6xpf_A_model_1_unrelaxed.pdb
16,1,7dsq_A,success,1,0,/users/sgmwu14/scratch/openfold_inference_runs5times/epoch_16/your_model_epoch_16/repeat_1/predictions/7dsq_A_model_1_unrelaxed.pdb,/users/sgmwu14/scratch/openfold_inference_runs5times/epoch_16/your_model_epoch_16/repeat_1/predictions/7dsq_A_model_1_relaxed.pdb,True,67.21650862068965,24.91,77.22,464,unrelaxed,/users/sgmwu14/scratch/openfold_inference_runs5times/epoch_16/your_model_epoch_16/repeat_1/predictions/7dsq_A_model_1_unrelaxed.pdb
16,1,7evw_A,success,1,0,/users/sgmwu14/scratch/openfold_inference_runs5times/epoch_16/your_model_epoch_16/repeat_1/predictions/7evw_A_model_1_unrelaxed.pdb,/users/sgmwu14/scratch/openfold_inference_runs5times/epoch_16/your_model_epoch_16/repeat_1/predictions/7evw_A_model_1_relaxed.pdb,True,53.06500834724535,24.62,74.87,599,unrelaxed,/users/sgmwu14/scratch/openfold_inference_runs5times/epoch_16/your_model_epoch_16/repeat_1/predictions/7evw_A_model_1_unrelaxed.pdb
16,2,2olo_A,success,1,0,/users/sgmwu14/scratch/openfold_inference_runs5times/epoch_16/your_model_epoch_16/repeat_2/predictions/2olo_A_model_1_unrelaxed.pdb,/users/sgmwu14/scratch/openfold_inference_runs5times/epoch_16/your_model_epoch_16/repeat_2/predictions/2olo_A_model_1_relaxed.pdb,True,57.73570694087397,22.8,80.22,389,unrelaxed,/users/sgmwu14/scratch/openfold_inference_runs5times/epoch_16/your_model_epoch_16/repeat_2/predictions/2olo_A_model_1_unrelaxed.pdb
16,2,4bp8_A,success,1,0,/users/sgmwu14/scratch/openfold_inference_runs5times/epoch_16/your_model_epoch_16/repeat_2/predictions/4bp8_A_model_1_unrelaxed.pdb,/users/sgmwu14/scratch/openfold_inference_runs5times/epoch_16/your_model_epoch_16/repeat_2/predictions/4bp8_A_model_1_relaxed.pdb,True,65.35674125874125,29.96,78.29,715,unrelaxed,/users/sgmwu14/scratch/openfold_inference_runs5times/epoch_16/your_model_epoch_16/repeat_2/predictions/4bp8_A_model_1_unrelaxed.pdb
16,2,5i6x_A,success,1,0,/users/sgmwu14/scratch/openfold_inference_runs5times/epoch_16/your_model_epoch_16/repeat_2/predictions/5i6x_A_model_1_unrelaxed.pdb,/users/sgmwu14/scratch/openfold_inference_runs5times/epoch_16/your_model_epoch_16/repeat_2/predictions/5i6x_A_model_1_relaxed.pdb,True,56.74801457194904,24.26,77.5,549,unrelaxed,/users/sgmwu14/scratch/openfold_inference_runs5times/epoch_16/your_model_epoch_16/repeat_2/predictions/5i6x_A_model_1_unrelaxed.pdb
16,2,6nbf_A,success,1,0,/users/sgmwu14/scratch/openfold_inference_runs5times/epoch_16/your_model_epoch_16/repeat_2/predictions/6nbf_A_model_1_unrelaxed.pdb,/users/sgmwu14/scratch/openfold_inference_runs5times/epoch_16/your_model_epoch_16/repeat_2/predictions/6nbf_A_model_1_relaxed.pdb,True,52.825104602510514,20.83,77.12,478,unrelaxed,/users/sgmwu14/scratch/openfold_inference_runs5times/epoch_16/your_model_epoch_16/repeat_2/predictions/6nbf_A_model_1_unrelaxed.pdb
16,2,6xpf_A,success,1,0,/users/sgmwu14/scratch/openfold_inference_runs5times/epoch_16/your_model_epoch_16/repeat_2/predictions/6xpf_A_model_1_unrelaxed.pdb,/users/sgmwu14/scratch/openfold_inference_runs5times/epoch_16/your_model_epoch_16/repeat_2/predictions/6xpf_A_model_1_relaxed.pdb,True,68.37006250000002,22.94,81.52,320,unrelaxed,/users/sgmwu14/scratch/openfold_inference_runs5times/epoch_16/your_model_epoch_16/repeat_2/predictions/6xpf_A_model_1_unrelaxed.pdb
16,2,7dsq_A,success,1,0,/users/sgmwu14/scratch/openfold_inference_runs5times/epoch_16/your_model_epoch_16/repeat_2/predictions/7dsq_A_model_1_unrelaxed.pdb,/users/sgmwu14/scratch/openfold_inference_runs5times/epoch_16/your_model_epoch_16/repeat_2/predictions/7dsq_A_model_1_relaxed.pdb,True,67.21101293103449,25.26,77.32,464,unrelaxed,/users/sgmwu14/scratch/openfold_inference_runs5times/epoch_16/your_model_epoch_16/repeat_2/predictions/7dsq_A_model_1_unrelaxed.pdb
16,2,7evw_A,error,0,1,/users/sgmwu14/scratch/openfold_inference_runs5times/epoch_16/your_model_epoch_16/repeat_2/predictions/7evw_A_model_1_unrelaxed.pdb,/users/sgmwu14/scratch/openfold_inference_runs5times/epoch_16/your_model_epoch_16/repeat_2/predictions/7evw_A_model_1_relaxed.pdb,False,51.69292153589316,25.27,73.69,599,unrelaxed,/users/sgmwu14/scratch/openfold_inference_runs5times/epoch_16/your_model_epoch_16/repeat_2/predictions/7evw_A_model_1_unrelaxed.pdb
16,3,2olo_A,success,1,0,/users/sgmwu14/scratch/openfold_inference_runs5times/epoch_16/your_model_epoch_16/repeat_3/predictions/2olo_A_model_1_unrelaxed.pdb,/users/sgmwu14/scratch/openfold_inference_runs5times/epoch_16/your_model_epoch_16/repeat_3/predictions/2olo_A_model_1_relaxed.pdb,True,61.28442159383037,22.64,80.45,389,unrelaxed,/users/sgmwu14/scratch/openfold_inference_runs5times/epoch_16/your_model_epoch_16/repeat_3/predictions/2olo_A_model_1_unrelaxed.pdb
16,3,4bp8_A,success,1,0,/users/sgmwu14/scratch/openfold_inference_runs5times/epoch_16/your_model_epoch_16/repeat_3/predictions/4bp8_A_model_1_unrelaxed.pdb,/users/sgmwu14/scratch/openfold_inference_runs5times/epoch_16/your_model_epoch_16/repeat_3/predictions/4bp8_A_model_1_relaxed.pdb,True,64.84622377622387,26.68,77.74,715,unrelaxed,/users/sgmwu14/scratch/openfold_inference_runs5times/epoch_16/your_model_epoch_16/repeat_3/predictions/4bp8_A_model_1_unrelaxed.pdb
16,3,5i6x_A,success,1,0,/users/sgmwu14/scratch/openfold_inference_runs5times/epoch_16/your_model_epoch_16/repeat_3/predictions/5i6x_A_model_1_unrelaxed.pdb,/users/sgmwu14/scratch/openfold_inference_runs5times/epoch_16/your_model_epoch_16/repeat_3/predictions/5i6x_A_model_1_relaxed.pdb,True,58.50901639344263,24.41,75.93,549,unrelaxed,/users/sgmwu14/scratch/openfold_inference_runs5times/epoch_16/your_model_epoch_16/repeat_3/predictions/5i6x_A_model_1_unrelaxed.pdb
16,3,6nbf_A,success,1,0,/users/sgmwu14/scratch/openfold_inference_runs5times/epoch_16/your_model_epoch_16/repeat_3/predictions/6nbf_A_model_1_unrelaxed.pdb,/users/sgmwu14/scratch/openfold_inference_runs5times/epoch_16/your_model_epoch_16/repeat_3/predictions/6nbf_A_model_1_relaxed.pdb,True,53.70058577405857,22.26,77.09,478,unrelaxed,/users/sgmwu14/scratch/openfold_inference_runs5times/epoch_16/your_model_epoch_16/repeat_3/predictions/6nbf_A_model_1_unrelaxed.pdb
16,3,6xpf_A,success,1,0,/users/sgmwu14/scratch/openfold_inference_runs5times/epoch_16/your_model_epoch_16/repeat_3/predictions/6xpf_A_model_1_unrelaxed.pdb,/users/sgmwu14/scratch/openfold_inference_runs5times/epoch_16/your_model_epoch_16/repeat_3/predictions/6xpf_A_model_1_relaxed.pdb,True,67.31384374999996,24.56,80.95,320,unrelaxed,/users/sgmwu14/scratch/openfold_inference_runs5times/epoch_16/your_model_epoch_16/repeat_3/predictions/6xpf_A_model_1_unrelaxed.pdb
16,3,7dsq_A,success,1,0,/users/sgmwu14/scratch/openfold_inference_runs5times/epoch_16/your_model_epoch_16/repeat_3/predictions/7dsq_A_model_1_unrelaxed.pdb,/users/sgmwu14/scratch/openfold_inference_runs5times/epoch_16/your_model_epoch_16/repeat_3/predictions/7dsq_A_model_1_relaxed.pdb,True,66.47821120689659,24.3,76.73,464,unrelaxed,/users/sgmwu14/scratch/openfold_inference_runs5times/epoch_16/your_model_epoch_16/repeat_3/predictions/7dsq_A_model_1_unrelaxed.pdb
16,3,7evw_A,success,1,0,/users/sgmwu14/scratch/openfold_inference_runs5times/epoch_16/your_model_epoch_16/repeat_3/predictions/7evw_A_model_1_unrelaxed.pdb,/users/sgmwu14/scratch/openfold_inference_runs5times/epoch_16/your_model_epoch_16/repeat_3/predictions/7evw_A_model_1_relaxed.pdb,True,49.47310517529214,24.46,72.63,599,unrelaxed,/users/sgmwu14/scratch/openfold_inference_runs5times/epoch_16/your_model_epoch_16/repeat_3/predictions/7evw_A_model_1_unrelaxed.pdb
16,4,2olo_A,success,1,0,/users/sgmwu14/scratch/openfold_inference_runs5times/epoch_16/your_model_epoch_16/repeat_4/predictions/2olo_A_model_1_unrelaxed.pdb,/users/sgmwu14/scratch/openfold_inference_runs5times/epoch_16/your_model_epoch_16/repeat_4/predictions/2olo_A_model_1_relaxed.pdb,True,59.80737789203088,23.32,79.59,389,unrelaxed,/users/sgmwu14/scratch/openfold_inference_runs5times/epoch_16/your_model_epoch_16/repeat_4/predictions/2olo_A_model_1_unrelaxed.pdb
16,4,4bp8_A,success,1,0,/users/sgmwu14/scratch/openfold_inference_runs5times/epoch_16/your_model_epoch_16/repeat_4/predictions/4bp8_A_model_1_unrelaxed.pdb,/users/sgmwu14/scratch/openfold_inference_runs5times/epoch_16/your_model_epoch_16/repeat_4/predictions/4bp8_A_model_1_relaxed.pdb,True,65.17793006993014,28.16,78.14,715,unrelaxed,/users/sgmwu14/scratch/openfold_inference_runs5times/epoch_16/your_model_epoch_16/repeat_4/predictions/4bp8_A_model_1_unrelaxed.pdb
16,4,5i6x_A,success,1,0,/users/sgmwu14/scratch/openfold_inference_runs5times/epoch_16/your_model_epoch_16/repeat_4/predictions/5i6x_A_model_1_unrelaxed.pdb,/users/sgmwu14/scratch/openfold_inference_runs5times/epoch_16/your_model_epoch_16/repeat_4/predictions/5i6x_A_model_1_relaxed.pdb,True,55.77364298724955,22.75,75.92,549,unrelaxed,/users/sgmwu14/scratch/openfold_inference_runs5times/epoch_16/your_model_epoch_16/repeat_4/predictions/5i6x_A_model_1_unrelaxed.pdb
16,4,6nbf_A,success,1,0,/users/sgmwu14/scratch/openfold_inference_runs5times/epoch_16/your_model_epoch_16/repeat_4/predictions/6nbf_A_model_1_unrelaxed.pdb,/users/sgmwu14/scratch/openfold_inference_runs5times/epoch_16/your_model_epoch_16/repeat_4/predictions/6nbf_A_model_1_relaxed.pdb,True,52.822301255230144,24.18,76.65,478,unrelaxed,/users/sgmwu14/scratch/openfold_inference_runs5times/epoch_16/your_model_epoch_16/repeat_4/predictions/6nbf_A_model_1_unrelaxed.pdb
16,4,6xpf_A,success,1,0,/users/sgmwu14/scratch/openfold_inference_runs5times/epoch_16/your_model_epoch_16/repeat_4/predictions/6xpf_A_model_1_unrelaxed.pdb,/users/sgmwu14/scratch/openfold_inference_runs5times/epoch_16/your_model_epoch_16/repeat_4/predictions/6xpf_A_model_1_relaxed.pdb,True,67.50837499999997,25.95,81.05,320,unrelaxed,/users/sgmwu14/scratch/openfold_inference_runs5times/epoch_16/your_model_epoch_16/repeat_4/predictions/6xpf_A_model_1_unrelaxed.pdb
16,4,7dsq_A,success,1,0,/users/sgmwu14/scratch/openfold_inference_runs5times/epoch_16/your_model_epoch_16/repeat_4/predictions/7dsq_A_model_1_unrelaxed.pdb,/users/sgmwu14/scratch/openfold_inference_runs5times/epoch_16/your_model_epoch_16/repeat_4/predictions/7dsq_A_model_1_relaxed.pdb,True,67.43288793103449,24.31,77.13,464,unrelaxed,/users/sgmwu14/scratch/openfold_inference_runs5times/epoch_16/your_model_epoch_16/repeat_4/predictions/7dsq_A_model_1_unrelaxed.pdb
16,4,7evw_A,success,1,0,/users/sgmwu14/scratch/openfold_inference_runs5times/epoch_16/your_model_epoch_16/repeat_4/predictions/7evw_A_model_1_unrelaxed.pdb,/users/sgmwu14/scratch/openfold_inference_runs5times/epoch_16/your_model_epoch_16/repeat_4/predictions/7evw_A_model_1_relaxed.pdb,True,50.68205342237062,23.51,73.68,599,unrelaxed,/users/sgmwu14/scratch/openfold_inference_runs5times/epoch_16/your_model_epoch_16/repeat_4/predictions/7evw_A_model_1_unrelaxed.pdb
16,5,2olo_A,success,1,0,/users/sgmwu14/scratch/openfold_inference_runs5times/epoch_16/your_model_epoch_16/repeat_5/predictions/2olo_A_model_1_unrelaxed.pdb,/users/sgmwu14/scratch/openfold_inference_runs5times/epoch_16/your_model_epoch_16/repeat_5/predictions/2olo_A_model_1_relaxed.pdb,True,59.4773264781491,23.31,80.33,389,unrelaxed,/users/sgmwu14/scratch/openfold_inference_runs5times/epoch_16/your_model_epoch_16/repeat_5/predictions/2olo_A_model_1_unrelaxed.pdb
16,5,4bp8_A,success,1,0,/users/sgmwu14/scratch/openfold_inference_runs5times/epoch_16/your_model_epoch_16/repeat_5/predictions/4bp8_A_model_1_unrelaxed.pdb,/users/sgmwu14/scratch/openfold_inference_runs5times/epoch_16/your_model_epoch_16/repeat_5/predictions/4bp8_A_model_1_relaxed.pdb,True,65.46355244755233,28.71,78.12,715,unrelaxed,/users/sgmwu14/scratch/openfold_inference_runs5times/epoch_16/your_model_epoch_16/repeat_5/predictions/4bp8_A_model_1_unrelaxed.pdb
16,5,5i6x_A,success,1,0,/users/sgmwu14/scratch/openfold_inference_runs5times/epoch_16/your_model_epoch_16/repeat_5/predictions/5i6x_A_model_1_unrelaxed.pdb,/users/sgmwu14/scratch/openfold_inference_runs5times/epoch_16/your_model_epoch_16/repeat_5/predictions/5i6x_A_model_1_relaxed.pdb,True,57.0369398907104,23.17,75.67,549,unrelaxed,/users/sgmwu14/scratch/openfold_inference_runs5times/epoch_16/your_model_epoch_16/repeat_5/predictions/5i6x_A_model_1_unrelaxed.pdb
16,5,6nbf_A,error,0,1,/users/sgmwu14/scratch/openfold_inference_runs5times/epoch_16/your_model_epoch_16/repeat_5/predictions/6nbf_A_model_1_unrelaxed.pdb,/users/sgmwu14/scratch/openfold_inference_runs5times/epoch_16/your_model_epoch_16/repeat_5/predictions/6nbf_A_model_1_relaxed.pdb,False,53.75786610878665,21.52,77.94,478,unrelaxed,/users/sgmwu14/scratch/openfold_inference_runs5times/epoch_16/your_model_epoch_16/repeat_5/predictions/6nbf_A_model_1_unrelaxed.pdb
16,5,6xpf_A,success,1,0,/users/sgmwu14/scratch/openfold_inference_runs5times/epoch_16/your_model_epoch_16/repeat_5/predictions/6xpf_A_model_1_unrelaxed.pdb,/users/sgmwu14/scratch/openfold_inference_runs5times/epoch_16/your_model_epoch_16/repeat_5/predictions/6xpf_A_model_1_relaxed.pdb,True,66.71487500000003,25.95,80.42,320,unrelaxed,/users/sgmwu14/scratch/openfold_inference_runs5times/epoch_16/your_model_epoch_16/repeat_5/predictions/6xpf_A_model_1_unrelaxed.pdb
16,5,7dsq_A,success,1,0,/users/sgmwu14/scratch/openfold_inference_runs5times/epoch_16/your_model_epoch_16/repeat_5/predictions/7dsq_A_model_1_unrelaxed.pdb,/users/sgmwu14/scratch/openfold_inference_runs5times/epoch_16/your_model_epoch_16/repeat_5/predictions/7dsq_A_model_1_relaxed.pdb,True,67.00711206896554,24.76,77.55,464,unrelaxed,/users/sgmwu14/scratch/openfold_inference_runs5times/epoch_16/your_model_epoch_16/repeat_5/predictions/7dsq_A_model_1_unrelaxed.pdb
16,5,7evw_A,success,1,0,/users/sgmwu14/scratch/openfold_inference_runs5times/epoch_16/your_model_epoch_16/repeat_5/predictions/7evw_A_model_1_unrelaxed.pdb,/users/sgmwu14/scratch/openfold_inference_runs5times/epoch_16/your_model_epoch_16/repeat_5/predictions/7evw_A_model_1_relaxed.pdb,True,51.87624373956597,25.13,73.65,599,unrelaxed,/users/sgmwu14/scratch/openfold_inference_runs5times/epoch_16/your_model_epoch_16/repeat_5/predictions/7evw_A_model_1_unrelaxed.pdb
17,1,2olo_A,success,1,0,/users/sgmwu14/scratch/openfold_inference_runs5times/epoch_17/your_model_epoch_17/repeat_1/predictions/2olo_A_model_1_unrelaxed.pdb,/users/sgmwu14/scratch/openfold_inference_runs5times/epoch_17/your_model_epoch_17/repeat_1/predictions/2olo_A_model_1_relaxed.pdb,True,65.49447300771207,25.86,81.45,389,unrelaxed,/users/sgmwu14/scratch/openfold_inference_runs5times/epoch_17/your_model_epoch_17/repeat_1/predictions/2olo_A_model_1_unrelaxed.pdb
17,1,4bp8_A,success,1,0,/users/sgmwu14/scratch/openfold_inference_runs5times/epoch_17/your_model_epoch_17/repeat_1/predictions/4bp8_A_model_1_unrelaxed.pdb,/users/sgmwu14/scratch/openfold_inference_runs5times/epoch_17/your_model_epoch_17/repeat_1/predictions/4bp8_A_model_1_relaxed.pdb,True,67.41703496503497,26.98,80.91,715,unrelaxed,/users/sgmwu14/scratch/openfold_inference_runs5times/epoch_17/your_model_epoch_17/repeat_1/predictions/4bp8_A_model_1_unrelaxed.pdb
17,1,5i6x_A,success,1,0,/users/sgmwu14/scratch/openfold_inference_runs5times/epoch_17/your_model_epoch_17/repeat_1/predictions/5i6x_A_model_1_unrelaxed.pdb,/users/sgmwu14/scratch/openfold_inference_runs5times/epoch_17/your_model_epoch_17/repeat_1/predictions/5i6x_A_model_1_relaxed.pdb,True,69.02544626593803,30.8,81.69,549,unrelaxed,/users/sgmwu14/scratch/openfold_inference_runs5times/epoch_17/your_model_epoch_17/repeat_1/predictions/5i6x_A_model_1_unrelaxed.pdb
17,1,6nbf_A,success,1,0,/users/sgmwu14/scratch/openfold_inference_runs5times/epoch_17/your_model_epoch_17/repeat_1/predictions/6nbf_A_model_1_unrelaxed.pdb,/users/sgmwu14/scratch/openfold_inference_runs5times/epoch_17/your_model_epoch_17/repeat_1/predictions/6nbf_A_model_1_relaxed.pdb,True,54.55403765690378,21.33,81.14,478,unrelaxed,/users/sgmwu14/scratch/openfold_inference_runs5times/epoch_17/your_model_epoch_17/repeat_1/predictions/6nbf_A_model_1_unrelaxed.pdb
17,1,6xpf_A,success,1,0,/users/sgmwu14/scratch/openfold_inference_runs5times/epoch_17/your_model_epoch_17/repeat_1/predictions/6xpf_A_model_1_unrelaxed.pdb,/users/sgmwu14/scratch/openfold_inference_runs5times/epoch_17/your_model_epoch_17/repeat_1/predictions/6xpf_A_model_1_relaxed.pdb,True,68.83584375000005,22.63,82.2,320,unrelaxed,/users/sgmwu14/scratch/openfold_inference_runs5times/epoch_17/your_model_epoch_17/repeat_1/predictions/6xpf_A_model_1_unrelaxed.pdb
17,1,7dsq_A,success,1,0,/users/sgmwu14/scratch/openfold_inference_runs5times/epoch_17/your_model_epoch_17/repeat_1/predictions/7dsq_A_model_1_unrelaxed.pdb,/users/sgmwu14/scratch/openfold_inference_runs5times/epoch_17/your_model_epoch_17/repeat_1/predictions/7dsq_A_model_1_relaxed.pdb,True,72.30124999999994,30.36,81.32,464,unrelaxed,/users/sgmwu14/scratch/openfold_inference_runs5times/epoch_17/your_model_epoch_17/repeat_1/predictions/7dsq_A_model_1_unrelaxed.pdb
17,1,7evw_A,success,1,0,/users/sgmwu14/scratch/openfold_inference_runs5times/epoch_17/your_model_epoch_17/repeat_1/predictions/7evw_A_model_1_unrelaxed.pdb,/users/sgmwu14/scratch/openfold_inference_runs5times/epoch_17/your_model_epoch_17/repeat_1/predictions/7evw_A_model_1_relaxed.pdb,True,55.71043405676129,21.13,77.22,599,unrelaxed,/users/sgmwu14/scratch/openfold_inference_runs5times/epoch_17/your_model_epoch_17/repeat_1/predictions/7evw_A_model_1_unrelaxed.pdb
17,2,2olo_A,success,1,0,/users/sgmwu14/scratch/openfold_inference_runs5times/epoch_17/your_model_epoch_17/repeat_2/predictions/2olo_A_model_1_unrelaxed.pdb,/users/sgmwu14/scratch/openfold_inference_runs5times/epoch_17/your_model_epoch_17/repeat_2/predictions/2olo_A_model_1_relaxed.pdb,True,64.4568123393316,26.46,81.4,389,unrelaxed,/users/sgmwu14/scratch/openfold_inference_runs5times/epoch_17/your_model_epoch_17/repeat_2/predictions/2olo_A_model_1_unrelaxed.pdb
17,2,4bp8_A,success,1,0,/users/sgmwu14/scratch/openfold_inference_runs5times/epoch_17/your_model_epoch_17/repeat_2/predictions/4bp8_A_model_1_unrelaxed.pdb,/users/sgmwu14/scratch/openfold_inference_runs5times/epoch_17/your_model_epoch_17/repeat_2/predictions/4bp8_A_model_1_relaxed.pdb,True,67.16274125874129,23.48,80.76,715,unrelaxed,/users/sgmwu14/scratch/openfold_inference_runs5times/epoch_17/your_model_epoch_17/repeat_2/predictions/4bp8_A_model_1_unrelaxed.pdb
17,2,5i6x_A,success,1,0,/users/sgmwu14/scratch/openfold_inference_runs5times/epoch_17/your_model_epoch_17/repeat_2/predictions/5i6x_A_model_1_unrelaxed.pdb,/users/sgmwu14/scratch/openfold_inference_runs5times/epoch_17/your_model_epoch_17/repeat_2/predictions/5i6x_A_model_1_relaxed.pdb,True,69.20173041894355,27.73,80.11,549,unrelaxed,/users/sgmwu14/scratch/openfold_inference_runs5times/epoch_17/your_model_epoch_17/repeat_2/predictions/5i6x_A_model_1_unrelaxed.pdb
17,2,6nbf_A,success,1,0,/users/sgmwu14/scratch/openfold_inference_runs5times/epoch_17/your_model_epoch_17/repeat_2/predictions/6nbf_A_model_1_unrelaxed.pdb,/users/sgmwu14/scratch/openfold_inference_runs5times/epoch_17/your_model_epoch_17/repeat_2/predictions/6nbf_A_model_1_relaxed.pdb,True,54.59447698744768,20.77,80.53,478,unrelaxed,/users/sgmwu14/scratch/openfold_inference_runs5times/epoch_17/your_model_epoch_17/repeat_2/predictions/6nbf_A_model_1_unrelaxed.pdb
17,2,6xpf_A,success,1,0,/users/sgmwu14/scratch/openfold_inference_runs5times/epoch_17/your_model_epoch_17/repeat_2/predictions/6xpf_A_model_1_unrelaxed.pdb,/users/sgmwu14/scratch/openfold_inference_runs5times/epoch_17/your_model_epoch_17/repeat_2/predictions/6xpf_A_model_1_relaxed.pdb,True,68.85909375000001,27.5,82.32,320,unrelaxed,/users/sgmwu14/scratch/openfold_inference_runs5times/epoch_17/your_model_epoch_17/repeat_2/predictions/6xpf_A_model_1_unrelaxed.pdb
17,2,7dsq_A,success,1,0,/users/sgmwu14/scratch/openfold_inference_runs5times/epoch_17/your_model_epoch_17/repeat_2/predictions/7dsq_A_model_1_unrelaxed.pdb,/users/sgmwu14/scratch/openfold_inference_runs5times/epoch_17/your_model_epoch_17/repeat_2/predictions/7dsq_A_model_1_relaxed.pdb,True,71.44478448275854,29.02,81.5,464,unrelaxed,/users/sgmwu14/scratch/openfold_inference_runs5times/epoch_17/your_model_epoch_17/repeat_2/predictions/7dsq_A_model_1_unrelaxed.pdb
17,2,7evw_A,success,1,0,/users/sgmwu14/scratch/openfold_inference_runs5times/epoch_17/your_model_epoch_17/repeat_2/predictions/7evw_A_model_1_unrelaxed.pdb,/users/sgmwu14/scratch/openfold_inference_runs5times/epoch_17/your_model_epoch_17/repeat_2/predictions/7evw_A_model_1_relaxed.pdb,True,55.880517529215375,21.09,77.0,599,unrelaxed,/users/sgmwu14/scratch/openfold_inference_runs5times/epoch_17/your_model_epoch_17/repeat_2/predictions/7evw_A_model_1_unrelaxed.pdb
17,3,2olo_A,success,1,0,/users/sgmwu14/scratch/openfold_inference_runs5times/epoch_17/your_model_epoch_17/repeat_3/predictions/2olo_A_model_1_unrelaxed.pdb,/users/sgmwu14/scratch/openfold_inference_runs5times/epoch_17/your_model_epoch_17/repeat_3/predictions/2olo_A_model_1_relaxed.pdb,True,66.46305912596395,28.51,81.38,389,unrelaxed,/users/sgmwu14/scratch/openfold_inference_runs5times/epoch_17/your_model_epoch_17/repeat_3/predictions/2olo_A_model_1_unrelaxed.pdb
17,3,4bp8_A,success,1,0,/users/sgmwu14/scratch/openfold_inference_runs5times/epoch_17/your_model_epoch_17/repeat_3/predictions/4bp8_A_model_1_unrelaxed.pdb,/users/sgmwu14/scratch/openfold_inference_runs5times/epoch_17/your_model_epoch_17/repeat_3/predictions/4bp8_A_model_1_relaxed.pdb,True,67.05346853146854,24.6,81.11,715,unrelaxed,/users/sgmwu14/scratch/openfold_inference_runs5times/epoch_17/your_model_epoch_17/repeat_3/predictions/4bp8_A_model_1_unrelaxed.pdb
17,3,5i6x_A,success,1,0,/users/sgmwu14/scratch/openfold_inference_runs5times/epoch_17/your_model_epoch_17/repeat_3/predictions/5i6x_A_model_1_unrelaxed.pdb,/users/sgmwu14/scratch/openfold_inference_runs5times/epoch_17/your_model_epoch_17/repeat_3/predictions/5i6x_A_model_1_relaxed.pdb,True,69.36566484517306,29.65,81.14,549,unrelaxed,/users/sgmwu14/scratch/openfold_inference_runs5times/epoch_17/your_model_epoch_17/repeat_3/predictions/5i6x_A_model_1_unrelaxed.pdb
17,3,6nbf_A,success,1,0,/users/sgmwu14/scratch/openfold_inference_runs5times/epoch_17/your_model_epoch_17/repeat_3/predictions/6nbf_A_model_1_unrelaxed.pdb,/users/sgmwu14/scratch/openfold_inference_runs5times/epoch_17/your_model_epoch_17/repeat_3/predictions/6nbf_A_model_1_relaxed.pdb,True,55.14071129707117,21.35,80.9,478,unrelaxed,/users/sgmwu14/scratch/openfold_inference_runs5times/epoch_17/your_model_epoch_17/repeat_3/predictions/6nbf_A_model_1_unrelaxed.pdb
17,3,6xpf_A,success,1,0,/users/sgmwu14/scratch/openfold_inference_runs5times/epoch_17/your_model_epoch_17/repeat_3/predictions/6xpf_A_model_1_unrelaxed.pdb,/users/sgmwu14/scratch/openfold_inference_runs5times/epoch_17/your_model_epoch_17/repeat_3/predictions/6xpf_A_model_1_relaxed.pdb,True,68.62590625000006,25.33,82.4,320,unrelaxed,/users/sgmwu14/scratch/openfold_inference_runs5times/epoch_17/your_model_epoch_17/repeat_3/predictions/6xpf_A_model_1_unrelaxed.pdb
17,3,7dsq_A,success,1,0,/users/sgmwu14/scratch/openfold_inference_runs5times/epoch_17/your_model_epoch_17/repeat_3/predictions/7dsq_A_model_1_unrelaxed.pdb,/users/sgmwu14/scratch/openfold_inference_runs5times/epoch_17/your_model_epoch_17/repeat_3/predictions/7dsq_A_model_1_relaxed.pdb,True,71.87355603448272,29.8,81.29,464,unrelaxed,/users/sgmwu14/scratch/openfold_inference_runs5times/epoch_17/your_model_epoch_17/repeat_3/predictions/7dsq_A_model_1_unrelaxed.pdb
17,3,7evw_A,success,1,0,/users/sgmwu14/scratch/openfold_inference_runs5times/epoch_17/your_model_epoch_17/repeat_3/predictions/7evw_A_model_1_unrelaxed.pdb,/users/sgmwu14/scratch/openfold_inference_runs5times/epoch_17/your_model_epoch_17/repeat_3/predictions/7evw_A_model_1_relaxed.pdb,True,56.38924874791319,22.06,76.43,599,unrelaxed,/users/sgmwu14/scratch/openfold_inference_runs5times/epoch_17/your_model_epoch_17/repeat_3/predictions/7evw_A_model_1_unrelaxed.pdb
17,4,2olo_A,success,1,0,/users/sgmwu14/scratch/openfold_inference_runs5times/epoch_17/your_model_epoch_17/repeat_4/predictions/2olo_A_model_1_unrelaxed.pdb,/users/sgmwu14/scratch/openfold_inference_runs5times/epoch_17/your_model_epoch_17/repeat_4/predictions/2olo_A_model_1_relaxed.pdb,True,64.98858611825202,25.72,81.71,389,unrelaxed,/users/sgmwu14/scratch/openfold_inference_runs5times/epoch_17/your_model_epoch_17/repeat_4/predictions/2olo_A_model_1_unrelaxed.pdb
17,4,4bp8_A,success,1,0,/users/sgmwu14/scratch/openfold_inference_runs5times/epoch_17/your_model_epoch_17/repeat_4/predictions/4bp8_A_model_1_unrelaxed.pdb,/users/sgmwu14/scratch/openfold_inference_runs5times/epoch_17/your_model_epoch_17/repeat_4/predictions/4bp8_A_model_1_relaxed.pdb,True,67.12201398601394,23.29,81.02,715,unrelaxed,/users/sgmwu14/scratch/openfold_inference_runs5times/epoch_17/your_model_epoch_17/repeat_4/predictions/4bp8_A_model_1_unrelaxed.pdb
17,4,5i6x_A,success,1,0,/users/sgmwu14/scratch/openfold_inference_runs5times/epoch_17/your_model_epoch_17/repeat_4/predictions/5i6x_A_model_1_unrelaxed.pdb,/users/sgmwu14/scratch/openfold_inference_runs5times/epoch_17/your_model_epoch_17/repeat_4/predictions/5i6x_A_model_1_relaxed.pdb,True,69.39287795992719,30.92,80.48,549,unrelaxed,/users/sgmwu14/scratch/openfold_inference_runs5times/epoch_17/your_model_epoch_17/repeat_4/predictions/5i6x_A_model_1_unrelaxed.pdb
17,4,6nbf_A,success,1,0,/users/sgmwu14/scratch/openfold_inference_runs5times/epoch_17/your_model_epoch_17/repeat_4/predictions/6nbf_A_model_1_unrelaxed.pdb,/users/sgmwu14/scratch/openfold_inference_runs5times/epoch_17/your_model_epoch_17/repeat_4/predictions/6nbf_A_model_1_relaxed.pdb,True,54.31864016736404,20.73,80.85,478,unrelaxed,/users/sgmwu14/scratch/openfold_inference_runs5times/epoch_17/your_model_epoch_17/repeat_4/predictions/6nbf_A_model_1_unrelaxed.pdb
17,4,6xpf_A,success,1,0,/users/sgmwu14/scratch/openfold_inference_runs5times/epoch_17/your_model_epoch_17/repeat_4/predictions/6xpf_A_model_1_unrelaxed.pdb,/users/sgmwu14/scratch/openfold_inference_runs5times/epoch_17/your_model_epoch_17/repeat_4/predictions/6xpf_A_model_1_relaxed.pdb,True,68.8396875,23.62,83.26,320,unrelaxed,/users/sgmwu14/scratch/openfold_inference_runs5times/epoch_17/your_model_epoch_17/repeat_4/predictions/6xpf_A_model_1_unrelaxed.pdb
17,4,7dsq_A,success,1,0,/users/sgmwu14/scratch/openfold_inference_runs5times/epoch_17/your_model_epoch_17/repeat_4/predictions/7dsq_A_model_1_unrelaxed.pdb,/users/sgmwu14/scratch/openfold_inference_runs5times/epoch_17/your_model_epoch_17/repeat_4/predictions/7dsq_A_model_1_relaxed.pdb,True,72.21262931034484,28.74,81.38,464,unrelaxed,/users/sgmwu14/scratch/openfold_inference_runs5times/epoch_17/your_model_epoch_17/repeat_4/predictions/7dsq_A_model_1_unrelaxed.pdb
17,4,7evw_A,error,0,1,/users/sgmwu14/scratch/openfold_inference_runs5times/epoch_17/your_model_epoch_17/repeat_4/predictions/7evw_A_model_1_unrelaxed.pdb,/users/sgmwu14/scratch/openfold_inference_runs5times/epoch_17/your_model_epoch_17/repeat_4/predictions/7evw_A_model_1_relaxed.pdb,False,56.00666110183644,21.33,76.87,599,unrelaxed,/users/sgmwu14/scratch/openfold_inference_runs5times/epoch_17/your_model_epoch_17/repeat_4/predictions/7evw_A_model_1_unrelaxed.pdb
17,5,2olo_A,success,1,0,/users/sgmwu14/scratch/openfold_inference_runs5times/epoch_17/your_model_epoch_17/repeat_5/predictions/2olo_A_model_1_unrelaxed.pdb,/users/sgmwu14/scratch/openfold_inference_runs5times/epoch_17/your_model_epoch_17/repeat_5/predictions/2olo_A_model_1_relaxed.pdb,True,65.64280205655528,27.34,80.78,389,unrelaxed,/users/sgmwu14/scratch/openfold_inference_runs5times/epoch_17/your_model_epoch_17/repeat_5/predictions/2olo_A_model_1_unrelaxed.pdb
17,5,4bp8_A,success,1,0,/users/sgmwu14/scratch/openfold_inference_runs5times/epoch_17/your_model_epoch_17/repeat_5/predictions/4bp8_A_model_1_unrelaxed.pdb,/users/sgmwu14/scratch/openfold_inference_runs5times/epoch_17/your_model_epoch_17/repeat_5/predictions/4bp8_A_model_1_relaxed.pdb,True,67.10278321678315,24.65,81.11,715,unrelaxed,/users/sgmwu14/scratch/openfold_inference_runs5times/epoch_17/your_model_epoch_17/repeat_5/predictions/4bp8_A_model_1_unrelaxed.pdb
17,5,5i6x_A,success,1,0,/users/sgmwu14/scratch/openfold_inference_runs5times/epoch_17/your_model_epoch_17/repeat_5/predictions/5i6x_A_model_1_unrelaxed.pdb,/users/sgmwu14/scratch/openfold_inference_runs5times/epoch_17/your_model_epoch_17/repeat_5/predictions/5i6x_A_model_1_relaxed.pdb,True,68.85366120218576,32.03,80.57,549,unrelaxed,/users/sgmwu14/scratch/openfold_inference_runs5times/epoch_17/your_model_epoch_17/repeat_5/predictions/5i6x_A_model_1_unrelaxed.pdb
17,5,6nbf_A,success,1,0,/users/sgmwu14/scratch/openfold_inference_runs5times/epoch_17/your_model_epoch_17/repeat_5/predictions/6nbf_A_model_1_unrelaxed.pdb,/users/sgmwu14/scratch/openfold_inference_runs5times/epoch_17/your_model_epoch_17/repeat_5/predictions/6nbf_A_model_1_relaxed.pdb,True,54.1852092050209,20.55,81.68,478,unrelaxed,/users/sgmwu14/scratch/openfold_inference_runs5times/epoch_17/your_model_epoch_17/repeat_5/predictions/6nbf_A_model_1_unrelaxed.pdb
17,5,6xpf_A,success,1,0,/users/sgmwu14/scratch/openfold_inference_runs5times/epoch_17/your_model_epoch_17/repeat_5/predictions/6xpf_A_model_1_unrelaxed.pdb,/users/sgmwu14/scratch/openfold_inference_runs5times/epoch_17/your_model_epoch_17/repeat_5/predictions/6xpf_A_model_1_relaxed.pdb,True,69.06059375000002,23.82,82.48,320,unrelaxed,/users/sgmwu14/scratch/openfold_inference_runs5times/epoch_17/your_model_epoch_17/repeat_5/predictions/6xpf_A_model_1_unrelaxed.pdb
17,5,7dsq_A,success,1,0,/users/sgmwu14/scratch/openfold_inference_runs5times/epoch_17/your_model_epoch_17/repeat_5/predictions/7dsq_A_model_1_unrelaxed.pdb,/users/sgmwu14/scratch/openfold_inference_runs5times/epoch_17/your_model_epoch_17/repeat_5/predictions/7dsq_A_model_1_relaxed.pdb,True,71.88584051724136,29.02,81.15,464,unrelaxed,/users/sgmwu14/scratch/openfold_inference_runs5times/epoch_17/your_model_epoch_17/repeat_5/predictions/7dsq_A_model_1_unrelaxed.pdb
17,5,7evw_A,success,1,0,/users/sgmwu14/scratch/openfold_inference_runs5times/epoch_17/your_model_epoch_17/repeat_5/predictions/7evw_A_model_1_unrelaxed.pdb,/users/sgmwu14/scratch/openfold_inference_runs5times/epoch_17/your_model_epoch_17/repeat_5/predictions/7evw_A_model_1_relaxed.pdb,True,55.67525876460763,21.66,78.34,599,unrelaxed,/users/sgmwu14/scratch/openfold_inference_runs5times/epoch_17/your_model_epoch_17/repeat_5/predictions/7evw_A_model_1_unrelaxed.pdb
18,1,2olo_A,success,1,0,/users/sgmwu14/scratch/openfold_inference_runs5times/epoch_18/your_model_epoch_18/repeat_1/predictions/2olo_A_model_1_unrelaxed.pdb,/users/sgmwu14/scratch/openfold_inference_runs5times/epoch_18/your_model_epoch_18/repeat_1/predictions/2olo_A_model_1_relaxed.pdb,True,67.7496401028278,30.67,81.44,389,unrelaxed,/users/sgmwu14/scratch/openfold_inference_runs5times/epoch_18/your_model_epoch_18/repeat_1/predictions/2olo_A_model_1_unrelaxed.pdb
18,1,4bp8_A,success,1,0,/users/sgmwu14/scratch/openfold_inference_runs5times/epoch_18/your_model_epoch_18/repeat_1/predictions/4bp8_A_model_1_unrelaxed.pdb,/users/sgmwu14/scratch/openfold_inference_runs5times/epoch_18/your_model_epoch_18/repeat_1/predictions/4bp8_A_model_1_relaxed.pdb,True,69.27570629370622,34.38,79.69,715,unrelaxed,/users/sgmwu14/scratch/openfold_inference_runs5times/epoch_18/your_model_epoch_18/repeat_1/predictions/4bp8_A_model_1_unrelaxed.pdb
18,1,5i6x_A,success,1,0,/users/sgmwu14/scratch/openfold_inference_runs5times/epoch_18/your_model_epoch_18/repeat_1/predictions/5i6x_A_model_1_unrelaxed.pdb,/users/sgmwu14/scratch/openfold_inference_runs5times/epoch_18/your_model_epoch_18/repeat_1/predictions/5i6x_A_model_1_relaxed.pdb,True,70.47231329690354,29.16,79.18,549,unrelaxed,/users/sgmwu14/scratch/openfold_inference_runs5times/epoch_18/your_model_epoch_18/repeat_1/predictions/5i6x_A_model_1_unrelaxed.pdb
18,1,6nbf_A,success,1,0,/users/sgmwu14/scratch/openfold_inference_runs5times/epoch_18/your_model_epoch_18/repeat_1/predictions/6nbf_A_model_1_unrelaxed.pdb,/users/sgmwu14/scratch/openfold_inference_runs5times/epoch_18/your_model_epoch_18/repeat_1/predictions/6nbf_A_model_1_relaxed.pdb,True,57.13357740585774,21.79,80.43,478,unrelaxed,/users/sgmwu14/scratch/openfold_inference_runs5times/epoch_18/your_model_epoch_18/repeat_1/predictions/6nbf_A_model_1_unrelaxed.pdb
18,1,6xpf_A,success,1,0,/users/sgmwu14/scratch/openfold_inference_runs5times/epoch_18/your_model_epoch_18/repeat_1/predictions/6xpf_A_model_1_unrelaxed.pdb,/users/sgmwu14/scratch/openfold_inference_runs5times/epoch_18/your_model_epoch_18/repeat_1/predictions/6xpf_A_model_1_relaxed.pdb,True,69.99506249999999,22.54,81.81,320,unrelaxed,/users/sgmwu14/scratch/openfold_inference_runs5times/epoch_18/your_model_epoch_18/repeat_1/predictions/6xpf_A_model_1_unrelaxed.pdb
18,1,7dsq_A,success,1,0,/users/sgmwu14/scratch/openfold_inference_runs5times/epoch_18/your_model_epoch_18/repeat_1/predictions/7dsq_A_model_1_unrelaxed.pdb,/users/sgmwu14/scratch/openfold_inference_runs5times/epoch_18/your_model_epoch_18/repeat_1/predictions/7dsq_A_model_1_relaxed.pdb,True,73.43978448275867,33.1,81.8,464,unrelaxed,/users/sgmwu14/scratch/openfold_inference_runs5times/epoch_18/your_model_epoch_18/repeat_1/predictions/7dsq_A_model_1_unrelaxed.pdb
18,1,7evw_A,success,1,0,/users/sgmwu14/scratch/openfold_inference_runs5times/epoch_18/your_model_epoch_18/repeat_1/predictions/7evw_A_model_1_unrelaxed.pdb,/users/sgmwu14/scratch/openfold_inference_runs5times/epoch_18/your_model_epoch_18/repeat_1/predictions/7evw_A_model_1_relaxed.pdb,True,57.58863105175288,24.47,77.49,599,unrelaxed,/users/sgmwu14/scratch/openfold_inference_runs5times/epoch_18/your_model_epoch_18/repeat_1/predictions/7evw_A_model_1_unrelaxed.pdb
18,2,2olo_A,success,1,0,/users/sgmwu14/scratch/openfold_inference_runs5times/epoch_18/your_model_epoch_18/repeat_2/predictions/2olo_A_model_1_unrelaxed.pdb,/users/sgmwu14/scratch/openfold_inference_runs5times/epoch_18/your_model_epoch_18/repeat_2/predictions/2olo_A_model_1_relaxed.pdb,True,68.1905141388175,30.88,81.49,389,unrelaxed,/users/sgmwu14/scratch/openfold_inference_runs5times/epoch_18/your_model_epoch_18/repeat_2/predictions/2olo_A_model_1_unrelaxed.pdb
18,2,4bp8_A,success,1,0,/users/sgmwu14/scratch/openfold_inference_runs5times/epoch_18/your_model_epoch_18/repeat_2/predictions/4bp8_A_model_1_unrelaxed.pdb,/users/sgmwu14/scratch/openfold_inference_runs5times/epoch_18/your_model_epoch_18/repeat_2/predictions/4bp8_A_model_1_relaxed.pdb,True,69.05413986013981,32.34,79.49,715,unrelaxed,/users/sgmwu14/scratch/openfold_inference_runs5times/epoch_18/your_model_epoch_18/repeat_2/predictions/4bp8_A_model_1_unrelaxed.pdb
18,2,5i6x_A,success,1,0,/users/sgmwu14/scratch/openfold_inference_runs5times/epoch_18/your_model_epoch_18/repeat_2/predictions/5i6x_A_model_1_unrelaxed.pdb,/users/sgmwu14/scratch/openfold_inference_runs5times/epoch_18/your_model_epoch_18/repeat_2/predictions/5i6x_A_model_1_relaxed.pdb,True,70.45196721311477,31.58,78.67,549,unrelaxed,/users/sgmwu14/scratch/openfold_inference_runs5times/epoch_18/your_model_epoch_18/repeat_2/predictions/5i6x_A_model_1_unrelaxed.pdb
18,2,6nbf_A,success,1,0,/users/sgmwu14/scratch/openfold_inference_runs5times/epoch_18/your_model_epoch_18/repeat_2/predictions/6nbf_A_model_1_unrelaxed.pdb,/users/sgmwu14/scratch/openfold_inference_runs5times/epoch_18/your_model_epoch_18/repeat_2/predictions/6nbf_A_model_1_relaxed.pdb,True,56.43702928870294,20.89,80.47,478,unrelaxed,/users/sgmwu14/scratch/openfold_inference_runs5times/epoch_18/your_model_epoch_18/repeat_2/predictions/6nbf_A_model_1_unrelaxed.pdb
18,2,6xpf_A,success,1,0,/users/sgmwu14/scratch/openfold_inference_runs5times/epoch_18/your_model_epoch_18/repeat_2/predictions/6xpf_A_model_1_unrelaxed.pdb,/users/sgmwu14/scratch/openfold_inference_runs5times/epoch_18/your_model_epoch_18/repeat_2/predictions/6xpf_A_model_1_relaxed.pdb,True,70.16575000000009,24.49,81.89,320,unrelaxed,/users/sgmwu14/scratch/openfold_inference_runs5times/epoch_18/your_model_epoch_18/repeat_2/predictions/6xpf_A_model_1_unrelaxed.pdb
18,2,7dsq_A,success,1,0,/users/sgmwu14/scratch/openfold_inference_runs5times/epoch_18/your_model_epoch_18/repeat_2/predictions/7dsq_A_model_1_unrelaxed.pdb,/users/sgmwu14/scratch/openfold_inference_runs5times/epoch_18/your_model_epoch_18/repeat_2/predictions/7dsq_A_model_1_relaxed.pdb,True,73.70896551724135,27.58,82.41,464,unrelaxed,/users/sgmwu14/scratch/openfold_inference_runs5times/epoch_18/your_model_epoch_18/repeat_2/predictions/7dsq_A_model_1_unrelaxed.pdb
18,2,7evw_A,success,1,0,/users/sgmwu14/scratch/openfold_inference_runs5times/epoch_18/your_model_epoch_18/repeat_2/predictions/7evw_A_model_1_unrelaxed.pdb,/users/sgmwu14/scratch/openfold_inference_runs5times/epoch_18/your_model_epoch_18/repeat_2/predictions/7evw_A_model_1_relaxed.pdb,True,57.87166944908182,22.58,79.59,599,unrelaxed,/users/sgmwu14/scratch/openfold_inference_runs5times/epoch_18/your_model_epoch_18/repeat_2/predictions/7evw_A_model_1_unrelaxed.pdb
18,3,2olo_A,success,1,0,/users/sgmwu14/scratch/openfold_inference_runs5times/epoch_18/your_model_epoch_18/repeat_3/predictions/2olo_A_model_1_unrelaxed.pdb,/users/sgmwu14/scratch/openfold_inference_runs5times/epoch_18/your_model_epoch_18/repeat_3/predictions/2olo_A_model_1_relaxed.pdb,True,68.12593830334187,31.0,81.47,389,unrelaxed,/users/sgmwu14/scratch/openfold_inference_runs5times/epoch_18/your_model_epoch_18/repeat_3/predictions/2olo_A_model_1_unrelaxed.pdb
18,3,4bp8_A,success,1,0,/users/sgmwu14/scratch/openfold_inference_runs5times/epoch_18/your_model_epoch_18/repeat_3/predictions/4bp8_A_model_1_unrelaxed.pdb,/users/sgmwu14/scratch/openfold_inference_runs5times/epoch_18/your_model_epoch_18/repeat_3/predictions/4bp8_A_model_1_relaxed.pdb,True,69.15191608391613,33.74,80.19,715,unrelaxed,/users/sgmwu14/scratch/openfold_inference_runs5times/epoch_18/your_model_epoch_18/repeat_3/predictions/4bp8_A_model_1_unrelaxed.pdb
18,3,5i6x_A,success,1,0,/users/sgmwu14/scratch/openfold_inference_runs5times/epoch_18/your_model_epoch_18/repeat_3/predictions/5i6x_A_model_1_unrelaxed.pdb,/users/sgmwu14/scratch/openfold_inference_runs5times/epoch_18/your_model_epoch_18/repeat_3/predictions/5i6x_A_model_1_relaxed.pdb,True,69.2829326047358,28.5,78.99,549,unrelaxed,/users/sgmwu14/scratch/openfold_inference_runs5times/epoch_18/your_model_epoch_18/repeat_3/predictions/5i6x_A_model_1_unrelaxed.pdb
18,3,6nbf_A,success,1,0,/users/sgmwu14/scratch/openfold_inference_runs5times/epoch_18/your_model_epoch_18/repeat_3/predictions/6nbf_A_model_1_unrelaxed.pdb,/users/sgmwu14/scratch/openfold_inference_runs5times/epoch_18/your_model_epoch_18/repeat_3/predictions/6nbf_A_model_1_relaxed.pdb,True,56.140564853556505,22.08,81.02,478,unrelaxed,/users/sgmwu14/scratch/openfold_inference_runs5times/epoch_18/your_model_epoch_18/repeat_3/predictions/6nbf_A_model_1_unrelaxed.pdb
18,3,6xpf_A,success,1,0,/users/sgmwu14/scratch/openfold_inference_runs5times/epoch_18/your_model_epoch_18/repeat_3/predictions/6xpf_A_model_1_unrelaxed.pdb,/users/sgmwu14/scratch/openfold_inference_runs5times/epoch_18/your_model_epoch_18/repeat_3/predictions/6xpf_A_model_1_relaxed.pdb,True,69.51106250000001,24.82,81.81,320,unrelaxed,/users/sgmwu14/scratch/openfold_inference_runs5times/epoch_18/your_model_epoch_18/repeat_3/predictions/6xpf_A_model_1_unrelaxed.pdb
18,3,7dsq_A,success,1,0,/users/sgmwu14/scratch/openfold_inference_runs5times/epoch_18/your_model_epoch_18/repeat_3/predictions/7dsq_A_model_1_unrelaxed.pdb,/users/sgmwu14/scratch/openfold_inference_runs5times/epoch_18/your_model_epoch_18/repeat_3/predictions/7dsq_A_model_1_relaxed.pdb,True,73.69997844827583,38.24,82.1,464,unrelaxed,/users/sgmwu14/scratch/openfold_inference_runs5times/epoch_18/your_model_epoch_18/repeat_3/predictions/7dsq_A_model_1_unrelaxed.pdb
18,3,7evw_A,success,1,0,/users/sgmwu14/scratch/openfold_inference_runs5times/epoch_18/your_model_epoch_18/repeat_3/predictions/7evw_A_model_1_unrelaxed.pdb,/users/sgmwu14/scratch/openfold_inference_runs5times/epoch_18/your_model_epoch_18/repeat_3/predictions/7evw_A_model_1_relaxed.pdb,True,58.36873121869786,23.17,79.4,599,unrelaxed,/users/sgmwu14/scratch/openfold_inference_runs5times/epoch_18/your_model_epoch_18/repeat_3/predictions/7evw_A_model_1_unrelaxed.pdb
18,4,2olo_A,success,1,0,/users/sgmwu14/scratch/openfold_inference_runs5times/epoch_18/your_model_epoch_18/repeat_4/predictions/2olo_A_model_1_unrelaxed.pdb,/users/sgmwu14/scratch/openfold_inference_runs5times/epoch_18/your_model_epoch_18/repeat_4/predictions/2olo_A_model_1_relaxed.pdb,True,67.65149100257064,29.55,81.35,389,unrelaxed,/users/sgmwu14/scratch/openfold_inference_runs5times/epoch_18/your_model_epoch_18/repeat_4/predictions/2olo_A_model_1_unrelaxed.pdb
18,4,4bp8_A,success,1,0,/users/sgmwu14/scratch/openfold_inference_runs5times/epoch_18/your_model_epoch_18/repeat_4/predictions/4bp8_A_model_1_unrelaxed.pdb,/users/sgmwu14/scratch/openfold_inference_runs5times/epoch_18/your_model_epoch_18/repeat_4/predictions/4bp8_A_model_1_relaxed.pdb,True,69.29415384615388,30.84,79.87,715,unrelaxed,/users/sgmwu14/scratch/openfold_inference_runs5times/epoch_18/your_model_epoch_18/repeat_4/predictions/4bp8_A_model_1_unrelaxed.pdb
18,4,5i6x_A,success,1,0,/users/sgmwu14/scratch/openfold_inference_runs5times/epoch_18/your_model_epoch_18/repeat_4/predictions/5i6x_A_model_1_unrelaxed.pdb,/users/sgmwu14/scratch/openfold_inference_runs5times/epoch_18/your_model_epoch_18/repeat_4/predictions/5i6x_A_model_1_relaxed.pdb,True,71.08409836065572,29.25,79.81,549,unrelaxed,/users/sgmwu14/scratch/openfold_inference_runs5times/epoch_18/your_model_epoch_18/repeat_4/predictions/5i6x_A_model_1_unrelaxed.pdb
18,4,6nbf_A,success,1,0,/users/sgmwu14/scratch/openfold_inference_runs5times/epoch_18/your_model_epoch_18/repeat_4/predictions/6nbf_A_model_1_unrelaxed.pdb,/users/sgmwu14/scratch/openfold_inference_runs5times/epoch_18/your_model_epoch_18/repeat_4/predictions/6nbf_A_model_1_relaxed.pdb,True,57.47414225941424,21.97,81.01,478,unrelaxed,/users/sgmwu14/scratch/openfold_inference_runs5times/epoch_18/your_model_epoch_18/repeat_4/predictions/6nbf_A_model_1_unrelaxed.pdb
18,4,6xpf_A,success,1,0,/users/sgmwu14/scratch/openfold_inference_runs5times/epoch_18/your_model_epoch_18/repeat_4/predictions/6xpf_A_model_1_unrelaxed.pdb,/users/sgmwu14/scratch/openfold_inference_runs5times/epoch_18/your_model_epoch_18/repeat_4/predictions/6xpf_A_model_1_relaxed.pdb,True,69.95090625,23.75,81.96,320,unrelaxed,/users/sgmwu14/scratch/openfold_inference_runs5times/epoch_18/your_model_epoch_18/repeat_4/predictions/6xpf_A_model_1_unrelaxed.pdb
18,4,7dsq_A,success,1,0,/users/sgmwu14/scratch/openfold_inference_runs5times/epoch_18/your_model_epoch_18/repeat_4/predictions/7dsq_A_model_1_unrelaxed.pdb,/users/sgmwu14/scratch/openfold_inference_runs5times/epoch_18/your_model_epoch_18/repeat_4/predictions/7dsq_A_model_1_relaxed.pdb,True,73.33898706896552,36.13,82.26,464,unrelaxed,/users/sgmwu14/scratch/openfold_inference_runs5times/epoch_18/your_model_epoch_18/repeat_4/predictions/7dsq_A_model_1_unrelaxed.pdb
18,4,7evw_A,error,0,1,/users/sgmwu14/scratch/openfold_inference_runs5times/epoch_18/your_model_epoch_18/repeat_4/predictions/7evw_A_model_1_unrelaxed.pdb,/users/sgmwu14/scratch/openfold_inference_runs5times/epoch_18/your_model_epoch_18/repeat_4/predictions/7evw_A_model_1_relaxed.pdb,False,58.17757929883143,23.66,78.77,599,unrelaxed,/users/sgmwu14/scratch/openfold_inference_runs5times/epoch_18/your_model_epoch_18/repeat_4/predictions/7evw_A_model_1_unrelaxed.pdb
18,5,2olo_A,success,1,0,/users/sgmwu14/scratch/openfold_inference_runs5times/epoch_18/your_model_epoch_18/repeat_5/predictions/2olo_A_model_1_unrelaxed.pdb,/users/sgmwu14/scratch/openfold_inference_runs5times/epoch_18/your_model_epoch_18/repeat_5/predictions/2olo_A_model_1_relaxed.pdb,True,67.76655526992282,33.08,81.5,389,unrelaxed,/users/sgmwu14/scratch/openfold_inference_runs5times/epoch_18/your_model_epoch_18/repeat_5/predictions/2olo_A_model_1_unrelaxed.pdb
18,5,4bp8_A,success,1,0,/users/sgmwu14/scratch/openfold_inference_runs5times/epoch_18/your_model_epoch_18/repeat_5/predictions/4bp8_A_model_1_unrelaxed.pdb,/users/sgmwu14/scratch/openfold_inference_runs5times/epoch_18/your_model_epoch_18/repeat_5/predictions/4bp8_A_model_1_relaxed.pdb,True,69.21181818181824,32.42,79.87,715,unrelaxed,/users/sgmwu14/scratch/openfold_inference_runs5times/epoch_18/your_model_epoch_18/repeat_5/predictions/4bp8_A_model_1_unrelaxed.pdb
18,5,5i6x_A,success,1,0,/users/sgmwu14/scratch/openfold_inference_runs5times/epoch_18/your_model_epoch_18/repeat_5/predictions/5i6x_A_model_1_unrelaxed.pdb,/users/sgmwu14/scratch/openfold_inference_runs5times/epoch_18/your_model_epoch_18/repeat_5/predictions/5i6x_A_model_1_relaxed.pdb,True,70.72965391621128,27.97,79.38,549,unrelaxed,/users/sgmwu14/scratch/openfold_inference_runs5times/epoch_18/your_model_epoch_18/repeat_5/predictions/5i6x_A_model_1_unrelaxed.pdb
18,5,6nbf_A,success,1,0,/users/sgmwu14/scratch/openfold_inference_runs5times/epoch_18/your_model_epoch_18/repeat_5/predictions/6nbf_A_model_1_unrelaxed.pdb,/users/sgmwu14/scratch/openfold_inference_runs5times/epoch_18/your_model_epoch_18/repeat_5/predictions/6nbf_A_model_1_relaxed.pdb,True,57.11828451882848,21.44,80.98,478,unrelaxed,/users/sgmwu14/scratch/openfold_inference_runs5times/epoch_18/your_model_epoch_18/repeat_5/predictions/6nbf_A_model_1_unrelaxed.pdb
18,5,6xpf_A,success,1,0,/users/sgmwu14/scratch/openfold_inference_runs5times/epoch_18/your_model_epoch_18/repeat_5/predictions/6xpf_A_model_1_unrelaxed.pdb,/users/sgmwu14/scratch/openfold_inference_runs5times/epoch_18/your_model_epoch_18/repeat_5/predictions/6xpf_A_model_1_relaxed.pdb,True,69.92912499999996,24.48,81.83,320,unrelaxed,/users/sgmwu14/scratch/openfold_inference_runs5times/epoch_18/your_model_epoch_18/repeat_5/predictions/6xpf_A_model_1_unrelaxed.pdb
18,5,7dsq_A,success,1,0,/users/sgmwu14/scratch/openfold_inference_runs5times/epoch_18/your_model_epoch_18/repeat_5/predictions/7dsq_A_model_1_unrelaxed.pdb,/users/sgmwu14/scratch/openfold_inference_runs5times/epoch_18/your_model_epoch_18/repeat_5/predictions/7dsq_A_model_1_relaxed.pdb,True,73.13006465517243,33.37,82.18,464,unrelaxed,/users/sgmwu14/scratch/openfold_inference_runs5times/epoch_18/your_model_epoch_18/repeat_5/predictions/7dsq_A_model_1_unrelaxed.pdb
18,5,7evw_A,success,1,0,/users/sgmwu14/scratch/openfold_inference_runs5times/epoch_18/your_model_epoch_18/repeat_5/predictions/7evw_A_model_1_unrelaxed.pdb,/users/sgmwu14/scratch/openfold_inference_runs5times/epoch_18/your_model_epoch_18/repeat_5/predictions/7evw_A_model_1_relaxed.pdb,True,57.89934891485815,4.4,79.2,599,unrelaxed,/users/sgmwu14/scratch/openfold_inference_runs5times/epoch_18/your_model_epoch_18/repeat_5/predictions/7evw_A_model_1_unrelaxed.pdb
19,1,2olo_A,success,1,0,/users/sgmwu14/scratch/openfold_inference_runs5times/epoch_19/your_model_epoch_19/repeat_1/predictions/2olo_A_model_1_unrelaxed.pdb,/users/sgmwu14/scratch/openfold_inference_runs5times/epoch_19/your_model_epoch_19/repeat_1/predictions/2olo_A_model_1_relaxed.pdb,True,68.29575835475576,26.16,82.51,389,unrelaxed,/users/sgmwu14/scratch/openfold_inference_runs5times/epoch_19/your_model_epoch_19/repeat_1/predictions/2olo_A_model_1_unrelaxed.pdb
19,1,4bp8_A,success,1,0,/users/sgmwu14/scratch/openfold_inference_runs5times/epoch_19/your_model_epoch_19/repeat_1/predictions/4bp8_A_model_1_unrelaxed.pdb,/users/sgmwu14/scratch/openfold_inference_runs5times/epoch_19/your_model_epoch_19/repeat_1/predictions/4bp8_A_model_1_relaxed.pdb,True,71.02446153846157,28.72,81.77,715,unrelaxed,/users/sgmwu14/scratch/openfold_inference_runs5times/epoch_19/your_model_epoch_19/repeat_1/predictions/4bp8_A_model_1_unrelaxed.pdb
19,1,5i6x_A,success,1,0,/users/sgmwu14/scratch/openfold_inference_runs5times/epoch_19/your_model_epoch_19/repeat_1/predictions/5i6x_A_model_1_unrelaxed.pdb,/users/sgmwu14/scratch/openfold_inference_runs5times/epoch_19/your_model_epoch_19/repeat_1/predictions/5i6x_A_model_1_relaxed.pdb,True,72.66566484517304,30.86,81.76,549,unrelaxed,/users/sgmwu14/scratch/openfold_inference_runs5times/epoch_19/your_model_epoch_19/repeat_1/predictions/5i6x_A_model_1_unrelaxed.pdb
19,1,6nbf_A,success,1,0,/users/sgmwu14/scratch/openfold_inference_runs5times/epoch_19/your_model_epoch_19/repeat_1/predictions/6nbf_A_model_1_unrelaxed.pdb,/users/sgmwu14/scratch/openfold_inference_runs5times/epoch_19/your_model_epoch_19/repeat_1/predictions/6nbf_A_model_1_relaxed.pdb,True,56.3282845188285,22.16,81.34,478,unrelaxed,/users/sgmwu14/scratch/openfold_inference_runs5times/epoch_19/your_model_epoch_19/repeat_1/predictions/6nbf_A_model_1_unrelaxed.pdb
19,1,6xpf_A,success,1,0,/users/sgmwu14/scratch/openfold_inference_runs5times/epoch_19/your_model_epoch_19/repeat_1/predictions/6xpf_A_model_1_unrelaxed.pdb,/users/sgmwu14/scratch/openfold_inference_runs5times/epoch_19/your_model_epoch_19/repeat_1/predictions/6xpf_A_model_1_relaxed.pdb,True,71.08449999999996,23.54,82.47,320,unrelaxed,/users/sgmwu14/scratch/openfold_inference_runs5times/epoch_19/your_model_epoch_19/repeat_1/predictions/6xpf_A_model_1_unrelaxed.pdb
19,1,7dsq_A,success,1,0,/users/sgmwu14/scratch/openfold_inference_runs5times/epoch_19/your_model_epoch_19/repeat_1/predictions/7dsq_A_model_1_unrelaxed.pdb,/users/sgmwu14/scratch/openfold_inference_runs5times/epoch_19/your_model_epoch_19/repeat_1/predictions/7dsq_A_model_1_relaxed.pdb,True,74.59081896551723,31.16,82.0,464,unrelaxed,/users/sgmwu14/scratch/openfold_inference_runs5times/epoch_19/your_model_epoch_19/repeat_1/predictions/7dsq_A_model_1_unrelaxed.pdb
19,1,7evw_A,success,1,0,/users/sgmwu14/scratch/openfold_inference_runs5times/epoch_19/your_model_epoch_19/repeat_1/predictions/7evw_A_model_1_unrelaxed.pdb,/users/sgmwu14/scratch/openfold_inference_runs5times/epoch_19/your_model_epoch_19/repeat_1/predictions/7evw_A_model_1_relaxed.pdb,True,59.84772954924876,23.0,79.04,599,unrelaxed,/users/sgmwu14/scratch/openfold_inference_runs5times/epoch_19/your_model_epoch_19/repeat_1/predictions/7evw_A_model_1_unrelaxed.pdb
19,2,2olo_A,success,1,0,/users/sgmwu14/scratch/openfold_inference_runs5times/epoch_19/your_model_epoch_19/repeat_2/predictions/2olo_A_model_1_unrelaxed.pdb,/users/sgmwu14/scratch/openfold_inference_runs5times/epoch_19/your_model_epoch_19/repeat_2/predictions/2olo_A_model_1_relaxed.pdb,True,67.98161953727504,29.32,81.97,389,unrelaxed,/users/sgmwu14/scratch/openfold_inference_runs5times/epoch_19/your_model_epoch_19/repeat_2/predictions/2olo_A_model_1_unrelaxed.pdb
19,2,4bp8_A,success,1,0,/users/sgmwu14/scratch/openfold_inference_runs5times/epoch_19/your_model_epoch_19/repeat_2/predictions/4bp8_A_model_1_unrelaxed.pdb,/users/sgmwu14/scratch/openfold_inference_runs5times/epoch_19/your_model_epoch_19/repeat_2/predictions/4bp8_A_model_1_relaxed.pdb,True,70.87502097902097,25.04,81.54,715,unrelaxed,/users/sgmwu14/scratch/openfold_inference_runs5times/epoch_19/your_model_epoch_19/repeat_2/predictions/4bp8_A_model_1_unrelaxed.pdb
19,2,5i6x_A,success,1,0,/users/sgmwu14/scratch/openfold_inference_runs5times/epoch_19/your_model_epoch_19/repeat_2/predictions/5i6x_A_model_1_unrelaxed.pdb,/users/sgmwu14/scratch/openfold_inference_runs5times/epoch_19/your_model_epoch_19/repeat_2/predictions/5i6x_A_model_1_relaxed.pdb,True,72.39950819672133,30.79,80.85,549,unrelaxed,/users/sgmwu14/scratch/openfold_inference_runs5times/epoch_19/your_model_epoch_19/repeat_2/predictions/5i6x_A_model_1_unrelaxed.pdb
19,2,6nbf_A,success,1,0,/users/sgmwu14/scratch/openfold_inference_runs5times/epoch_19/your_model_epoch_19/repeat_2/predictions/6nbf_A_model_1_unrelaxed.pdb,/users/sgmwu14/scratch/openfold_inference_runs5times/epoch_19/your_model_epoch_19/repeat_2/predictions/6nbf_A_model_1_relaxed.pdb,True,57.24257322175734,22.12,81.33,478,unrelaxed,/users/sgmwu14/scratch/openfold_inference_runs5times/epoch_19/your_model_epoch_19/repeat_2/predictions/6nbf_A_model_1_unrelaxed.pdb
19,2,6xpf_A,success,1,0,/users/sgmwu14/scratch/openfold_inference_runs5times/epoch_19/your_model_epoch_19/repeat_2/predictions/6xpf_A_model_1_unrelaxed.pdb,/users/sgmwu14/scratch/openfold_inference_runs5times/epoch_19/your_model_epoch_19/repeat_2/predictions/6xpf_A_model_1_relaxed.pdb,True,71.33940625000002,22.65,82.53,320,unrelaxed,/users/sgmwu14/scratch/openfold_inference_runs5times/epoch_19/your_model_epoch_19/repeat_2/predictions/6xpf_A_model_1_unrelaxed.pdb
19,2,7dsq_A,success,1,0,/users/sgmwu14/scratch/openfold_inference_runs5times/epoch_19/your_model_epoch_19/repeat_2/predictions/7dsq_A_model_1_unrelaxed.pdb,/users/sgmwu14/scratch/openfold_inference_runs5times/epoch_19/your_model_epoch_19/repeat_2/predictions/7dsq_A_model_1_relaxed.pdb,True,74.710150862069,30.65,81.54,464,unrelaxed,/users/sgmwu14/scratch/openfold_inference_runs5times/epoch_19/your_model_epoch_19/repeat_2/predictions/7dsq_A_model_1_unrelaxed.pdb
19,2,7evw_A,success,1,0,/users/sgmwu14/scratch/openfold_inference_runs5times/epoch_19/your_model_epoch_19/repeat_2/predictions/7evw_A_model_1_unrelaxed.pdb,/users/sgmwu14/scratch/openfold_inference_runs5times/epoch_19/your_model_epoch_19/repeat_2/predictions/7evw_A_model_1_relaxed.pdb,True,59.500734557595926,22.83,78.91,599,unrelaxed,/users/sgmwu14/scratch/openfold_inference_runs5times/epoch_19/your_model_epoch_19/repeat_2/predictions/7evw_A_model_1_unrelaxed.pdb
19,3,2olo_A,success,1,0,/users/sgmwu14/scratch/openfold_inference_runs5times/epoch_19/your_model_epoch_19/repeat_3/predictions/2olo_A_model_1_unrelaxed.pdb,/users/sgmwu14/scratch/openfold_inference_runs5times/epoch_19/your_model_epoch_19/repeat_3/predictions/2olo_A_model_1_relaxed.pdb,True,68.98974293059126,32.27,82.22,389,unrelaxed,/users/sgmwu14/scratch/openfold_inference_runs5times/epoch_19/your_model_epoch_19/repeat_3/predictions/2olo_A_model_1_unrelaxed.pdb
19,3,4bp8_A,success,1,0,/users/sgmwu14/scratch/openfold_inference_runs5times/epoch_19/your_model_epoch_19/repeat_3/predictions/4bp8_A_model_1_unrelaxed.pdb,/users/sgmwu14/scratch/openfold_inference_runs5times/epoch_19/your_model_epoch_19/repeat_3/predictions/4bp8_A_model_1_relaxed.pdb,True,70.7440419580419,25.43,81.69,715,unrelaxed,/users/sgmwu14/scratch/openfold_inference_runs5times/epoch_19/your_model_epoch_19/repeat_3/predictions/4bp8_A_model_1_unrelaxed.pdb
19,3,5i6x_A,success,1,0,/users/sgmwu14/scratch/openfold_inference_runs5times/epoch_19/your_model_epoch_19/repeat_3/predictions/5i6x_A_model_1_unrelaxed.pdb,/users/sgmwu14/scratch/openfold_inference_runs5times/epoch_19/your_model_epoch_19/repeat_3/predictions/5i6x_A_model_1_relaxed.pdb,True,70.85009107468123,29.79,81.03,549,unrelaxed,/users/sgmwu14/scratch/openfold_inference_runs5times/epoch_19/your_model_epoch_19/repeat_3/predictions/5i6x_A_model_1_unrelaxed.pdb
19,3,6nbf_A,success,1,0,/users/sgmwu14/scratch/openfold_inference_runs5times/epoch_19/your_model_epoch_19/repeat_3/predictions/6nbf_A_model_1_unrelaxed.pdb,/users/sgmwu14/scratch/openfold_inference_runs5times/epoch_19/your_model_epoch_19/repeat_3/predictions/6nbf_A_model_1_relaxed.pdb,True,54.776422594142325,22.64,81.42,478,unrelaxed,/users/sgmwu14/scratch/openfold_inference_runs5times/epoch_19/your_model_epoch_19/repeat_3/predictions/6nbf_A_model_1_unrelaxed.pdb
19,3,6xpf_A,success,1,0,/users/sgmwu14/scratch/openfold_inference_runs5times/epoch_19/your_model_epoch_19/repeat_3/predictions/6xpf_A_model_1_unrelaxed.pdb,/users/sgmwu14/scratch/openfold_inference_runs5times/epoch_19/your_model_epoch_19/repeat_3/predictions/6xpf_A_model_1_relaxed.pdb,True,70.83324999999999,22.05,82.82,320,unrelaxed,/users/sgmwu14/scratch/openfold_inference_runs5times/epoch_19/your_model_epoch_19/repeat_3/predictions/6xpf_A_model_1_unrelaxed.pdb
19,3,7dsq_A,success,1,0,/users/sgmwu14/scratch/openfold_inference_runs5times/epoch_19/your_model_epoch_19/repeat_3/predictions/7dsq_A_model_1_unrelaxed.pdb,/users/sgmwu14/scratch/openfold_inference_runs5times/epoch_19/your_model_epoch_19/repeat_3/predictions/7dsq_A_model_1_relaxed.pdb,True,74.60829741379312,30.08,82.08,464,unrelaxed,/users/sgmwu14/scratch/openfold_inference_runs5times/epoch_19/your_model_epoch_19/repeat_3/predictions/7dsq_A_model_1_unrelaxed.pdb
19,3,7evw_A,success,1,0,/users/sgmwu14/scratch/openfold_inference_runs5times/epoch_19/your_model_epoch_19/repeat_3/predictions/7evw_A_model_1_unrelaxed.pdb,/users/sgmwu14/scratch/openfold_inference_runs5times/epoch_19/your_model_epoch_19/repeat_3/predictions/7evw_A_model_1_relaxed.pdb,True,59.590333889816335,21.78,78.95,599,unrelaxed,/users/sgmwu14/scratch/openfold_inference_runs5times/epoch_19/your_model_epoch_19/repeat_3/predictions/7evw_A_model_1_unrelaxed.pdb
19,4,2olo_A,success,1,0,/users/sgmwu14/scratch/openfold_inference_runs5times/epoch_19/your_model_epoch_19/repeat_4/predictions/2olo_A_model_1_unrelaxed.pdb,/users/sgmwu14/scratch/openfold_inference_runs5times/epoch_19/your_model_epoch_19/repeat_4/predictions/2olo_A_model_1_relaxed.pdb,True,68.77717223650386,31.05,82.2,389,unrelaxed,/users/sgmwu14/scratch/openfold_inference_runs5times/epoch_19/your_model_epoch_19/repeat_4/predictions/2olo_A_model_1_unrelaxed.pdb
19,4,4bp8_A,success,1,0,/users/sgmwu14/scratch/openfold_inference_runs5times/epoch_19/your_model_epoch_19/repeat_4/predictions/4bp8_A_model_1_unrelaxed.pdb,/users/sgmwu14/scratch/openfold_inference_runs5times/epoch_19/your_model_epoch_19/repeat_4/predictions/4bp8_A_model_1_relaxed.pdb,True,71.05048951048954,26.17,81.63,715,unrelaxed,/users/sgmwu14/scratch/openfold_inference_runs5times/epoch_19/your_model_epoch_19/repeat_4/predictions/4bp8_A_model_1_unrelaxed.pdb
19,4,5i6x_A,success,1,0,/users/sgmwu14/scratch/openfold_inference_runs5times/epoch_19/your_model_epoch_19/repeat_4/predictions/5i6x_A_model_1_unrelaxed.pdb,/users/sgmwu14/scratch/openfold_inference_runs5times/epoch_19/your_model_epoch_19/repeat_4/predictions/5i6x_A_model_1_relaxed.pdb,True,72.46205828779598,30.48,80.83,549,unrelaxed,/users/sgmwu14/scratch/openfold_inference_runs5times/epoch_19/your_model_epoch_19/repeat_4/predictions/5i6x_A_model_1_unrelaxed.pdb
19,4,6nbf_A,error,0,1,/users/sgmwu14/scratch/openfold_inference_runs5times/epoch_19/your_model_epoch_19/repeat_4/predictions/6nbf_A_model_1_unrelaxed.pdb,/users/sgmwu14/scratch/openfold_inference_runs5times/epoch_19/your_model_epoch_19/repeat_4/predictions/6nbf_A_model_1_relaxed.pdb,False,56.029142259414186,22.32,81.39,478,unrelaxed,/users/sgmwu14/scratch/openfold_inference_runs5times/epoch_19/your_model_epoch_19/repeat_4/predictions/6nbf_A_model_1_unrelaxed.pdb
19,4,6xpf_A,success,1,0,/users/sgmwu14/scratch/openfold_inference_runs5times/epoch_19/your_model_epoch_19/repeat_4/predictions/6xpf_A_model_1_unrelaxed.pdb,/users/sgmwu14/scratch/openfold_inference_runs5times/epoch_19/your_model_epoch_19/repeat_4/predictions/6xpf_A_model_1_relaxed.pdb,True,71.22478125000004,23.77,82.52,320,unrelaxed,/users/sgmwu14/scratch/openfold_inference_runs5times/epoch_19/your_model_epoch_19/repeat_4/predictions/6xpf_A_model_1_unrelaxed.pdb
19,4,7dsq_A,success,1,0,/users/sgmwu14/scratch/openfold_inference_runs5times/epoch_19/your_model_epoch_19/repeat_4/predictions/7dsq_A_model_1_unrelaxed.pdb,/users/sgmwu14/scratch/openfold_inference_runs5times/epoch_19/your_model_epoch_19/repeat_4/predictions/7dsq_A_model_1_relaxed.pdb,True,74.57915948275863,33.86,82.06,464,unrelaxed,/users/sgmwu14/scratch/openfold_inference_runs5times/epoch_19/your_model_epoch_19/repeat_4/predictions/7dsq_A_model_1_unrelaxed.pdb
19,4,7evw_A,success,1,0,/users/sgmwu14/scratch/openfold_inference_runs5times/epoch_19/your_model_epoch_19/repeat_4/predictions/7evw_A_model_1_unrelaxed.pdb,/users/sgmwu14/scratch/openfold_inference_runs5times/epoch_19/your_model_epoch_19/repeat_4/predictions/7evw_A_model_1_relaxed.pdb,True,59.23532554257094,23.43,78.75,599,unrelaxed,/users/sgmwu14/scratch/openfold_inference_runs5times/epoch_19/your_model_epoch_19/repeat_4/predictions/7evw_A_model_1_unrelaxed.pdb
19,5,2olo_A,success,1,0,/users/sgmwu14/scratch/openfold_inference_runs5times/epoch_19/your_model_epoch_19/repeat_5/predictions/2olo_A_model_1_unrelaxed.pdb,/users/sgmwu14/scratch/openfold_inference_runs5times/epoch_19/your_model_epoch_19/repeat_5/predictions/2olo_A_model_1_relaxed.pdb,True,68.83727506426739,25.56,82.03,389,unrelaxed,/users/sgmwu14/scratch/openfold_inference_runs5times/epoch_19/your_model_epoch_19/repeat_5/predictions/2olo_A_model_1_unrelaxed.pdb
19,5,4bp8_A,success,1,0,/users/sgmwu14/scratch/openfold_inference_runs5times/epoch_19/your_model_epoch_19/repeat_5/predictions/4bp8_A_model_1_unrelaxed.pdb,/users/sgmwu14/scratch/openfold_inference_runs5times/epoch_19/your_model_epoch_19/repeat_5/predictions/4bp8_A_model_1_relaxed.pdb,True,70.91145454545457,26.56,81.83,715,unrelaxed,/users/sgmwu14/scratch/openfold_inference_runs5times/epoch_19/your_model_epoch_19/repeat_5/predictions/4bp8_A_model_1_unrelaxed.pdb
19,5,5i6x_A,success,1,0,/users/sgmwu14/scratch/openfold_inference_runs5times/epoch_19/your_model_epoch_19/repeat_5/predictions/5i6x_A_model_1_unrelaxed.pdb,/users/sgmwu14/scratch/openfold_inference_runs5times/epoch_19/your_model_epoch_19/repeat_5/predictions/5i6x_A_model_1_relaxed.pdb,True,72.2239708561019,30.04,81.15,549,unrelaxed,/users/sgmwu14/scratch/openfold_inference_runs5times/epoch_19/your_model_epoch_19/repeat_5/predictions/5i6x_A_model_1_unrelaxed.pdb
19,5,6nbf_A,success,1,0,/users/sgmwu14/scratch/openfold_inference_runs5times/epoch_19/your_model_epoch_19/repeat_5/predictions/6nbf_A_model_1_unrelaxed.pdb,/users/sgmwu14/scratch/openfold_inference_runs5times/epoch_19/your_model_epoch_19/repeat_5/predictions/6nbf_A_model_1_relaxed.pdb,True,56.6540376569038,21.97,81.4,478,unrelaxed,/users/sgmwu14/scratch/openfold_inference_runs5times/epoch_19/your_model_epoch_19/repeat_5/predictions/6nbf_A_model_1_unrelaxed.pdb
19,5,6xpf_A,success,1,0,/users/sgmwu14/scratch/openfold_inference_runs5times/epoch_19/your_model_epoch_19/repeat_5/predictions/6xpf_A_model_1_unrelaxed.pdb,/users/sgmwu14/scratch/openfold_inference_runs5times/epoch_19/your_model_epoch_19/repeat_5/predictions/6xpf_A_model_1_relaxed.pdb,True,71.1184375,23.68,82.65,320,unrelaxed,/users/sgmwu14/scratch/openfold_inference_runs5times/epoch_19/your_model_epoch_19/repeat_5/predictions/6xpf_A_model_1_unrelaxed.pdb
19,5,7dsq_A,success,1,0,/users/sgmwu14/scratch/openfold_inference_runs5times/epoch_19/your_model_epoch_19/repeat_5/predictions/7dsq_A_model_1_unrelaxed.pdb,/users/sgmwu14/scratch/openfold_inference_runs5times/epoch_19/your_model_epoch_19/repeat_5/predictions/7dsq_A_model_1_relaxed.pdb,True,74.49799568965513,32.77,82.04,464,unrelaxed,/users/sgmwu14/scratch/openfold_inference_runs5times/epoch_19/your_model_epoch_19/repeat_5/predictions/7dsq_A_model_1_unrelaxed.pdb
19,5,7evw_A,error,0,1,/users/sgmwu14/scratch/openfold_inference_runs5times/epoch_19/your_model_epoch_19/repeat_5/predictions/7evw_A_model_1_unrelaxed.pdb,/users/sgmwu14/scratch/openfold_inference_runs5times/epoch_19/your_model_epoch_19/repeat_5/predictions/7evw_A_model_1_relaxed.pdb,False,58.90205342237062,23.63,78.53,599,unrelaxed,/users/sgmwu14/scratch/openfold_inference_runs5times/epoch_19/your_model_epoch_19/repeat_5/predictions/7evw_A_model_1_unrelaxed.pdb
20,1,2olo_A,success,1,0,/users/sgmwu14/scratch/openfold_inference_runs5times/epoch_20/your_model_epoch_20/repeat_1/predictions/2olo_A_model_1_unrelaxed.pdb,/users/sgmwu14/scratch/openfold_inference_runs5times/epoch_20/your_model_epoch_20/repeat_1/predictions/2olo_A_model_1_relaxed.pdb,True,69.84370179948581,33.15,83.34,389,unrelaxed,/users/sgmwu14/scratch/openfold_inference_runs5times/epoch_20/your_model_epoch_20/repeat_1/predictions/2olo_A_model_1_unrelaxed.pdb
20,1,4bp8_A,success,1,0,/users/sgmwu14/scratch/openfold_inference_runs5times/epoch_20/your_model_epoch_20/repeat_1/predictions/4bp8_A_model_1_unrelaxed.pdb,/users/sgmwu14/scratch/openfold_inference_runs5times/epoch_20/your_model_epoch_20/repeat_1/predictions/4bp8_A_model_1_relaxed.pdb,True,70.43236363636355,34.24,82.08,715,unrelaxed,/users/sgmwu14/scratch/openfold_inference_runs5times/epoch_20/your_model_epoch_20/repeat_1/predictions/4bp8_A_model_1_unrelaxed.pdb
20,1,5i6x_A,success,1,0,/users/sgmwu14/scratch/openfold_inference_runs5times/epoch_20/your_model_epoch_20/repeat_1/predictions/5i6x_A_model_1_unrelaxed.pdb,/users/sgmwu14/scratch/openfold_inference_runs5times/epoch_20/your_model_epoch_20/repeat_1/predictions/5i6x_A_model_1_relaxed.pdb,True,71.96896174863387,32.87,80.5,549,unrelaxed,/users/sgmwu14/scratch/openfold_inference_runs5times/epoch_20/your_model_epoch_20/repeat_1/predictions/5i6x_A_model_1_unrelaxed.pdb
20,1,6nbf_A,success,1,0,/users/sgmwu14/scratch/openfold_inference_runs5times/epoch_20/your_model_epoch_20/repeat_1/predictions/6nbf_A_model_1_unrelaxed.pdb,/users/sgmwu14/scratch/openfold_inference_runs5times/epoch_20/your_model_epoch_20/repeat_1/predictions/6nbf_A_model_1_relaxed.pdb,True,56.32956066945608,22.58,81.57,478,unrelaxed,/users/sgmwu14/scratch/openfold_inference_runs5times/epoch_20/your_model_epoch_20/repeat_1/predictions/6nbf_A_model_1_unrelaxed.pdb
20,1,6xpf_A,success,1,0,/users/sgmwu14/scratch/openfold_inference_runs5times/epoch_20/your_model_epoch_20/repeat_1/predictions/6xpf_A_model_1_unrelaxed.pdb,/users/sgmwu14/scratch/openfold_inference_runs5times/epoch_20/your_model_epoch_20/repeat_1/predictions/6xpf_A_model_1_relaxed.pdb,True,71.12896875,24.42,83.44,320,unrelaxed,/users/sgmwu14/scratch/openfold_inference_runs5times/epoch_20/your_model_epoch_20/repeat_1/predictions/6xpf_A_model_1_unrelaxed.pdb
20,1,7dsq_A,success,1,0,/users/sgmwu14/scratch/openfold_inference_runs5times/epoch_20/your_model_epoch_20/repeat_1/predictions/7dsq_A_model_1_unrelaxed.pdb,/users/sgmwu14/scratch/openfold_inference_runs5times/epoch_20/your_model_epoch_20/repeat_1/predictions/7dsq_A_model_1_relaxed.pdb,True,74.05691810344827,26.21,82.57,464,unrelaxed,/users/sgmwu14/scratch/openfold_inference_runs5times/epoch_20/your_model_epoch_20/repeat_1/predictions/7dsq_A_model_1_unrelaxed.pdb
20,1,7evw_A,error,0,1,/users/sgmwu14/scratch/openfold_inference_runs5times/epoch_20/your_model_epoch_20/repeat_1/predictions/7evw_A_model_1_unrelaxed.pdb,/users/sgmwu14/scratch/openfold_inference_runs5times/epoch_20/your_model_epoch_20/repeat_1/predictions/7evw_A_model_1_relaxed.pdb,False,58.079081803005,22.84,79.34,599,unrelaxed,/users/sgmwu14/scratch/openfold_inference_runs5times/epoch_20/your_model_epoch_20/repeat_1/predictions/7evw_A_model_1_unrelaxed.pdb
20,2,2olo_A,success,1,0,/users/sgmwu14/scratch/openfold_inference_runs5times/epoch_20/your_model_epoch_20/repeat_2/predictions/2olo_A_model_1_unrelaxed.pdb,/users/sgmwu14/scratch/openfold_inference_runs5times/epoch_20/your_model_epoch_20/repeat_2/predictions/2olo_A_model_1_relaxed.pdb,True,69.34915167095119,30.29,83.36,389,unrelaxed,/users/sgmwu14/scratch/openfold_inference_runs5times/epoch_20/your_model_epoch_20/repeat_2/predictions/2olo_A_model_1_unrelaxed.pdb
20,2,4bp8_A,success,1,0,/users/sgmwu14/scratch/openfold_inference_runs5times/epoch_20/your_model_epoch_20/repeat_2/predictions/4bp8_A_model_1_unrelaxed.pdb,/users/sgmwu14/scratch/openfold_inference_runs5times/epoch_20/your_model_epoch_20/repeat_2/predictions/4bp8_A_model_1_relaxed.pdb,True,70.22639160839152,28.39,82.14,715,unrelaxed,/users/sgmwu14/scratch/openfold_inference_runs5times/epoch_20/your_model_epoch_20/repeat_2/predictions/4bp8_A_model_1_unrelaxed.pdb
20,2,5i6x_A,success,1,0,/users/sgmwu14/scratch/openfold_inference_runs5times/epoch_20/your_model_epoch_20/repeat_2/predictions/5i6x_A_model_1_unrelaxed.pdb,/users/sgmwu14/scratch/openfold_inference_runs5times/epoch_20/your_model_epoch_20/repeat_2/predictions/5i6x_A_model_1_relaxed.pdb,True,72.46484517304184,32.17,81.26,549,unrelaxed,/users/sgmwu14/scratch/openfold_inference_runs5times/epoch_20/your_model_epoch_20/repeat_2/predictions/5i6x_A_model_1_unrelaxed.pdb
20,2,6nbf_A,success,1,0,/users/sgmwu14/scratch/openfold_inference_runs5times/epoch_20/your_model_epoch_20/repeat_2/predictions/6nbf_A_model_1_unrelaxed.pdb,/users/sgmwu14/scratch/openfold_inference_runs5times/epoch_20/your_model_epoch_20/repeat_2/predictions/6nbf_A_model_1_relaxed.pdb,True,56.0212970711297,23.12,81.74,478,unrelaxed,/users/sgmwu14/scratch/openfold_inference_runs5times/epoch_20/your_model_epoch_20/repeat_2/predictions/6nbf_A_model_1_unrelaxed.pdb
20,2,6xpf_A,success,1,0,/users/sgmwu14/scratch/openfold_inference_runs5times/epoch_20/your_model_epoch_20/repeat_2/predictions/6xpf_A_model_1_unrelaxed.pdb,/users/sgmwu14/scratch/openfold_inference_runs5times/epoch_20/your_model_epoch_20/repeat_2/predictions/6xpf_A_model_1_relaxed.pdb,True,71.44584374999997,24.93,83.47,320,unrelaxed,/users/sgmwu14/scratch/openfold_inference_runs5times/epoch_20/your_model_epoch_20/repeat_2/predictions/6xpf_A_model_1_unrelaxed.pdb
20,2,7dsq_A,success,1,0,/users/sgmwu14/scratch/openfold_inference_runs5times/epoch_20/your_model_epoch_20/repeat_2/predictions/7dsq_A_model_1_unrelaxed.pdb,/users/sgmwu14/scratch/openfold_inference_runs5times/epoch_20/your_model_epoch_20/repeat_2/predictions/7dsq_A_model_1_relaxed.pdb,True,73.2995689655172,25.94,82.23,464,unrelaxed,/users/sgmwu14/scratch/openfold_inference_runs5times/epoch_20/your_model_epoch_20/repeat_2/predictions/7dsq_A_model_1_unrelaxed.pdb
20,2,7evw_A,success,1,0,/users/sgmwu14/scratch/openfold_inference_runs5times/epoch_20/your_model_epoch_20/repeat_2/predictions/7evw_A_model_1_unrelaxed.pdb,/users/sgmwu14/scratch/openfold_inference_runs5times/epoch_20/your_model_epoch_20/repeat_2/predictions/7evw_A_model_1_relaxed.pdb,True,58.15597662771287,22.87,80.13,599,unrelaxed,/users/sgmwu14/scratch/openfold_inference_runs5times/epoch_20/your_model_epoch_20/repeat_2/predictions/7evw_A_model_1_unrelaxed.pdb
20,3,2olo_A,success,1,0,/users/sgmwu14/scratch/openfold_inference_runs5times/epoch_20/your_model_epoch_20/repeat_3/predictions/2olo_A_model_1_unrelaxed.pdb,/users/sgmwu14/scratch/openfold_inference_runs5times/epoch_20/your_model_epoch_20/repeat_3/predictions/2olo_A_model_1_relaxed.pdb,True,69.91668380462723,34.03,83.48,389,unrelaxed,/users/sgmwu14/scratch/openfold_inference_runs5times/epoch_20/your_model_epoch_20/repeat_3/predictions/2olo_A_model_1_unrelaxed.pdb
20,3,4bp8_A,success,1,0,/users/sgmwu14/scratch/openfold_inference_runs5times/epoch_20/your_model_epoch_20/repeat_3/predictions/4bp8_A_model_1_unrelaxed.pdb,/users/sgmwu14/scratch/openfold_inference_runs5times/epoch_20/your_model_epoch_20/repeat_3/predictions/4bp8_A_model_1_relaxed.pdb,True,70.35532867132873,32.73,81.91,715,unrelaxed,/users/sgmwu14/scratch/openfold_inference_runs5times/epoch_20/your_model_epoch_20/repeat_3/predictions/4bp8_A_model_1_unrelaxed.pdb
20,3,5i6x_A,success,1,0,/users/sgmwu14/scratch/openfold_inference_runs5times/epoch_20/your_model_epoch_20/repeat_3/predictions/5i6x_A_model_1_unrelaxed.pdb,/users/sgmwu14/scratch/openfold_inference_runs5times/epoch_20/your_model_epoch_20/repeat_3/predictions/5i6x_A_model_1_relaxed.pdb,True,71.46724954462663,30.54,80.51,549,unrelaxed,/users/sgmwu14/scratch/openfold_inference_runs5times/epoch_20/your_model_epoch_20/repeat_3/predictions/5i6x_A_model_1_unrelaxed.pdb
20,3,6nbf_A,success,1,0,/users/sgmwu14/scratch/openfold_inference_runs5times/epoch_20/your_model_epoch_20/repeat_3/predictions/6nbf_A_model_1_unrelaxed.pdb,/users/sgmwu14/scratch/openfold_inference_runs5times/epoch_20/your_model_epoch_20/repeat_3/predictions/6nbf_A_model_1_relaxed.pdb,True,55.7529916317992,23.19,81.78,478,unrelaxed,/users/sgmwu14/scratch/openfold_inference_runs5times/epoch_20/your_model_epoch_20/repeat_3/predictions/6nbf_A_model_1_unrelaxed.pdb
20,3,6xpf_A,success,1,0,/users/sgmwu14/scratch/openfold_inference_runs5times/epoch_20/your_model_epoch_20/repeat_3/predictions/6xpf_A_model_1_unrelaxed.pdb,/users/sgmwu14/scratch/openfold_inference_runs5times/epoch_20/your_model_epoch_20/repeat_3/predictions/6xpf_A_model_1_relaxed.pdb,True,70.90681249999997,25.32,83.26,320,unrelaxed,/users/sgmwu14/scratch/openfold_inference_runs5times/epoch_20/your_model_epoch_20/repeat_3/predictions/6xpf_A_model_1_unrelaxed.pdb
20,3,7dsq_A,success,1,0,/users/sgmwu14/scratch/openfold_inference_runs5times/epoch_20/your_model_epoch_20/repeat_3/predictions/7dsq_A_model_1_unrelaxed.pdb,/users/sgmwu14/scratch/openfold_inference_runs5times/epoch_20/your_model_epoch_20/repeat_3/predictions/7dsq_A_model_1_relaxed.pdb,True,74.08297413793099,28.58,82.54,464,unrelaxed,/users/sgmwu14/scratch/openfold_inference_runs5times/epoch_20/your_model_epoch_20/repeat_3/predictions/7dsq_A_model_1_unrelaxed.pdb
20,3,7evw_A,success,1,0,/users/sgmwu14/scratch/openfold_inference_runs5times/epoch_20/your_model_epoch_20/repeat_3/predictions/7evw_A_model_1_unrelaxed.pdb,/users/sgmwu14/scratch/openfold_inference_runs5times/epoch_20/your_model_epoch_20/repeat_3/predictions/7evw_A_model_1_relaxed.pdb,True,58.00170283806341,23.09,79.44,599,unrelaxed,/users/sgmwu14/scratch/openfold_inference_runs5times/epoch_20/your_model_epoch_20/repeat_3/predictions/7evw_A_model_1_unrelaxed.pdb
20,4,2olo_A,success,1,0,/users/sgmwu14/scratch/openfold_inference_runs5times/epoch_20/your_model_epoch_20/repeat_4/predictions/2olo_A_model_1_unrelaxed.pdb,/users/sgmwu14/scratch/openfold_inference_runs5times/epoch_20/your_model_epoch_20/repeat_4/predictions/2olo_A_model_1_relaxed.pdb,True,69.65964010282777,30.82,83.5,389,unrelaxed,/users/sgmwu14/scratch/openfold_inference_runs5times/epoch_20/your_model_epoch_20/repeat_4/predictions/2olo_A_model_1_unrelaxed.pdb
20,4,4bp8_A,success,1,0,/users/sgmwu14/scratch/openfold_inference_runs5times/epoch_20/your_model_epoch_20/repeat_4/predictions/4bp8_A_model_1_unrelaxed.pdb,/users/sgmwu14/scratch/openfold_inference_runs5times/epoch_20/your_model_epoch_20/repeat_4/predictions/4bp8_A_model_1_relaxed.pdb,True,70.28969230769228,29.49,81.89,715,unrelaxed,/users/sgmwu14/scratch/openfold_inference_runs5times/epoch_20/your_model_epoch_20/repeat_4/predictions/4bp8_A_model_1_unrelaxed.pdb
20,4,5i6x_A,success,1,0,/users/sgmwu14/scratch/openfold_inference_runs5times/epoch_20/your_model_epoch_20/repeat_4/predictions/5i6x_A_model_1_unrelaxed.pdb,/users/sgmwu14/scratch/openfold_inference_runs5times/epoch_20/your_model_epoch_20/repeat_4/predictions/5i6x_A_model_1_relaxed.pdb,True,72.22663023679422,32.42,80.74,549,unrelaxed,/users/sgmwu14/scratch/openfold_inference_runs5times/epoch_20/your_model_epoch_20/repeat_4/predictions/5i6x_A_model_1_unrelaxed.pdb
20,4,6nbf_A,success,1,0,/users/sgmwu14/scratch/openfold_inference_runs5times/epoch_20/your_model_epoch_20/repeat_4/predictions/6nbf_A_model_1_unrelaxed.pdb,/users/sgmwu14/scratch/openfold_inference_runs5times/epoch_20/your_model_epoch_20/repeat_4/predictions/6nbf_A_model_1_relaxed.pdb,True,56.87707112970707,22.38,81.89,478,unrelaxed,/users/sgmwu14/scratch/openfold_inference_runs5times/epoch_20/your_model_epoch_20/repeat_4/predictions/6nbf_A_model_1_unrelaxed.pdb
20,4,6xpf_A,success,1,0,/users/sgmwu14/scratch/openfold_inference_runs5times/epoch_20/your_model_epoch_20/repeat_4/predictions/6xpf_A_model_1_unrelaxed.pdb,/users/sgmwu14/scratch/openfold_inference_runs5times/epoch_20/your_model_epoch_20/repeat_4/predictions/6xpf_A_model_1_relaxed.pdb,True,71.22581250000005,24.93,83.48,320,unrelaxed,/users/sgmwu14/scratch/openfold_inference_runs5times/epoch_20/your_model_epoch_20/repeat_4/predictions/6xpf_A_model_1_unrelaxed.pdb
20,4,7dsq_A,success,1,0,/users/sgmwu14/scratch/openfold_inference_runs5times/epoch_20/your_model_epoch_20/repeat_4/predictions/7dsq_A_model_1_unrelaxed.pdb,/users/sgmwu14/scratch/openfold_inference_runs5times/epoch_20/your_model_epoch_20/repeat_4/predictions/7dsq_A_model_1_relaxed.pdb,True,74.27176724137925,32.9,82.41,464,unrelaxed,/users/sgmwu14/scratch/openfold_inference_runs5times/epoch_20/your_model_epoch_20/repeat_4/predictions/7dsq_A_model_1_unrelaxed.pdb
20,4,7evw_A,error,0,1,/users/sgmwu14/scratch/openfold_inference_runs5times/epoch_20/your_model_epoch_20/repeat_4/predictions/7evw_A_model_1_unrelaxed.pdb,/users/sgmwu14/scratch/openfold_inference_runs5times/epoch_20/your_model_epoch_20/repeat_4/predictions/7evw_A_model_1_relaxed.pdb,False,58.11684474123536,23.25,80.11,599,unrelaxed,/users/sgmwu14/scratch/openfold_inference_runs5times/epoch_20/your_model_epoch_20/repeat_4/predictions/7evw_A_model_1_unrelaxed.pdb
20,5,2olo_A,success,1,0,/users/sgmwu14/scratch/openfold_inference_runs5times/epoch_20/your_model_epoch_20/repeat_5/predictions/2olo_A_model_1_unrelaxed.pdb,/users/sgmwu14/scratch/openfold_inference_runs5times/epoch_20/your_model_epoch_20/repeat_5/predictions/2olo_A_model_1_relaxed.pdb,True,69.95578406169659,31.25,83.29,389,unrelaxed,/users/sgmwu14/scratch/openfold_inference_runs5times/epoch_20/your_model_epoch_20/repeat_5/predictions/2olo_A_model_1_unrelaxed.pdb
20,5,4bp8_A,success,1,0,/users/sgmwu14/scratch/openfold_inference_runs5times/epoch_20/your_model_epoch_20/repeat_5/predictions/4bp8_A_model_1_unrelaxed.pdb,/users/sgmwu14/scratch/openfold_inference_runs5times/epoch_20/your_model_epoch_20/repeat_5/predictions/4bp8_A_model_1_relaxed.pdb,True,70.4172587412587,28.12,82.09,715,unrelaxed,/users/sgmwu14/scratch/openfold_inference_runs5times/epoch_20/your_model_epoch_20/repeat_5/predictions/4bp8_A_model_1_unrelaxed.pdb
20,5,5i6x_A,success,1,0,/users/sgmwu14/scratch/openfold_inference_runs5times/epoch_20/your_model_epoch_20/repeat_5/predictions/5i6x_A_model_1_unrelaxed.pdb,/users/sgmwu14/scratch/openfold_inference_runs5times/epoch_20/your_model_epoch_20/repeat_5/predictions/5i6x_A_model_1_relaxed.pdb,True,71.51398907103827,31.2,80.91,549,unrelaxed,/users/sgmwu14/scratch/openfold_inference_runs5times/epoch_20/your_model_epoch_20/repeat_5/predictions/5i6x_A_model_1_unrelaxed.pdb
20,5,6nbf_A,success,1,0,/users/sgmwu14/scratch/openfold_inference_runs5times/epoch_20/your_model_epoch_20/repeat_5/predictions/6nbf_A_model_1_unrelaxed.pdb,/users/sgmwu14/scratch/openfold_inference_runs5times/epoch_20/your_model_epoch_20/repeat_5/predictions/6nbf_A_model_1_relaxed.pdb,True,54.27301255230129,22.61,81.59,478,unrelaxed,/users/sgmwu14/scratch/openfold_inference_runs5times/epoch_20/your_model_epoch_20/repeat_5/predictions/6nbf_A_model_1_unrelaxed.pdb
20,5,6xpf_A,success,1,0,/users/sgmwu14/scratch/openfold_inference_runs5times/epoch_20/your_model_epoch_20/repeat_5/predictions/6xpf_A_model_1_unrelaxed.pdb,/users/sgmwu14/scratch/openfold_inference_runs5times/epoch_20/your_model_epoch_20/repeat_5/predictions/6xpf_A_model_1_relaxed.pdb,True,71.15671875000004,24.39,83.12,320,unrelaxed,/users/sgmwu14/scratch/openfold_inference_runs5times/epoch_20/your_model_epoch_20/repeat_5/predictions/6xpf_A_model_1_unrelaxed.pdb
20,5,7dsq_A,success,1,0,/users/sgmwu14/scratch/openfold_inference_runs5times/epoch_20/your_model_epoch_20/repeat_5/predictions/7dsq_A_model_1_unrelaxed.pdb,/users/sgmwu14/scratch/openfold_inference_runs5times/epoch_20/your_model_epoch_20/repeat_5/predictions/7dsq_A_model_1_relaxed.pdb,True,74.04299568965517,34.64,82.59,464,unrelaxed,/users/sgmwu14/scratch/openfold_inference_runs5times/epoch_20/your_model_epoch_20/repeat_5/predictions/7dsq_A_model_1_unrelaxed.pdb
20,5,7evw_A,success,1,0,/users/sgmwu14/scratch/openfold_inference_runs5times/epoch_20/your_model_epoch_20/repeat_5/predictions/7evw_A_model_1_unrelaxed.pdb,/users/sgmwu14/scratch/openfold_inference_runs5times/epoch_20/your_model_epoch_20/repeat_5/predictions/7evw_A_model_1_relaxed.pdb,True,57.16759599332219,22.78,78.66,599,unrelaxed,/users/sgmwu14/scratch/openfold_inference_runs5times/epoch_20/your_model_epoch_20/repeat_5/predictions/7evw_A_model_1_unrelaxed.pdb
21,1,2olo_A,success,1,0,/users/sgmwu14/scratch/openfold_inference_runs5times/epoch_21/your_model_epoch_21/repeat_1/predictions/2olo_A_model_1_unrelaxed.pdb,/users/sgmwu14/scratch/openfold_inference_runs5times/epoch_21/your_model_epoch_21/repeat_1/predictions/2olo_A_model_1_relaxed.pdb,True,57.68131105398458,25.34,80.8,389,unrelaxed,/users/sgmwu14/scratch/openfold_inference_runs5times/epoch_21/your_model_epoch_21/repeat_1/predictions/2olo_A_model_1_unrelaxed.pdb
21,1,4bp8_A,success,1,0,/users/sgmwu14/scratch/openfold_inference_runs5times/epoch_21/your_model_epoch_21/repeat_1/predictions/4bp8_A_model_1_unrelaxed.pdb,/users/sgmwu14/scratch/openfold_inference_runs5times/epoch_21/your_model_epoch_21/repeat_1/predictions/4bp8_A_model_1_relaxed.pdb,True,66.739020979021,27.73,79.02,715,unrelaxed,/users/sgmwu14/scratch/openfold_inference_runs5times/epoch_21/your_model_epoch_21/repeat_1/predictions/4bp8_A_model_1_unrelaxed.pdb
21,1,5i6x_A,success,1,0,/users/sgmwu14/scratch/openfold_inference_runs5times/epoch_21/your_model_epoch_21/repeat_1/predictions/5i6x_A_model_1_unrelaxed.pdb,/users/sgmwu14/scratch/openfold_inference_runs5times/epoch_21/your_model_epoch_21/repeat_1/predictions/5i6x_A_model_1_relaxed.pdb,True,53.90096539162111,27.6,75.25,549,unrelaxed,/users/sgmwu14/scratch/openfold_inference_runs5times/epoch_21/your_model_epoch_21/repeat_1/predictions/5i6x_A_model_1_unrelaxed.pdb
21,1,6nbf_A,success,1,0,/users/sgmwu14/scratch/openfold_inference_runs5times/epoch_21/your_model_epoch_21/repeat_1/predictions/6nbf_A_model_1_unrelaxed.pdb,/users/sgmwu14/scratch/openfold_inference_runs5times/epoch_21/your_model_epoch_21/repeat_1/predictions/6nbf_A_model_1_relaxed.pdb,True,47.51133891213392,23.27,67.36,478,unrelaxed,/users/sgmwu14/scratch/openfold_inference_runs5times/epoch_21/your_model_epoch_21/repeat_1/predictions/6nbf_A_model_1_unrelaxed.pdb
21,1,6xpf_A,success,1,0,/users/sgmwu14/scratch/openfold_inference_runs5times/epoch_21/your_model_epoch_21/repeat_1/predictions/6xpf_A_model_1_unrelaxed.pdb,/users/sgmwu14/scratch/openfold_inference_runs5times/epoch_21/your_model_epoch_21/repeat_1/predictions/6xpf_A_model_1_relaxed.pdb,True,68.84784375000005,24.28,81.27,320,unrelaxed,/users/sgmwu14/scratch/openfold_inference_runs5times/epoch_21/your_model_epoch_21/repeat_1/predictions/6xpf_A_model_1_unrelaxed.pdb
21,1,7dsq_A,success,1,0,/users/sgmwu14/scratch/openfold_inference_runs5times/epoch_21/your_model_epoch_21/repeat_1/predictions/7dsq_A_model_1_unrelaxed.pdb,/users/sgmwu14/scratch/openfold_inference_runs5times/epoch_21/your_model_epoch_21/repeat_1/predictions/7dsq_A_model_1_relaxed.pdb,True,69.32868534482759,26.75,77.57,464,unrelaxed,/users/sgmwu14/scratch/openfold_inference_runs5times/epoch_21/your_model_epoch_21/repeat_1/predictions/7dsq_A_model_1_unrelaxed.pdb
21,1,7evw_A,success,1,0,/users/sgmwu14/scratch/openfold_inference_runs5times/epoch_21/your_model_epoch_21/repeat_1/predictions/7evw_A_model_1_unrelaxed.pdb,/users/sgmwu14/scratch/openfold_inference_runs5times/epoch_21/your_model_epoch_21/repeat_1/predictions/7evw_A_model_1_relaxed.pdb,True,50.184223706177015,23.16,72.46,599,unrelaxed,/users/sgmwu14/scratch/openfold_inference_runs5times/epoch_21/your_model_epoch_21/repeat_1/predictions/7evw_A_model_1_unrelaxed.pdb
21,2,2olo_A,success,1,0,/users/sgmwu14/scratch/openfold_inference_runs5times/epoch_21/your_model_epoch_21/repeat_2/predictions/2olo_A_model_1_unrelaxed.pdb,/users/sgmwu14/scratch/openfold_inference_runs5times/epoch_21/your_model_epoch_21/repeat_2/predictions/2olo_A_model_1_relaxed.pdb,True,57.39213367609255,26.64,80.73,389,unrelaxed,/users/sgmwu14/scratch/openfold_inference_runs5times/epoch_21/your_model_epoch_21/repeat_2/predictions/2olo_A_model_1_unrelaxed.pdb
21,2,4bp8_A,success,1,0,/users/sgmwu14/scratch/openfold_inference_runs5times/epoch_21/your_model_epoch_21/repeat_2/predictions/4bp8_A_model_1_unrelaxed.pdb,/users/sgmwu14/scratch/openfold_inference_runs5times/epoch_21/your_model_epoch_21/repeat_2/predictions/4bp8_A_model_1_relaxed.pdb,True,66.56599999999992,27.38,78.87,715,unrelaxed,/users/sgmwu14/scratch/openfold_inference_runs5times/epoch_21/your_model_epoch_21/repeat_2/predictions/4bp8_A_model_1_unrelaxed.pdb
21,2,5i6x_A,success,1,0,/users/sgmwu14/scratch/openfold_inference_runs5times/epoch_21/your_model_epoch_21/repeat_2/predictions/5i6x_A_model_1_unrelaxed.pdb,/users/sgmwu14/scratch/openfold_inference_runs5times/epoch_21/your_model_epoch_21/repeat_2/predictions/5i6x_A_model_1_relaxed.pdb,True,51.47284153005459,24.4,71.31,549,unrelaxed,/users/sgmwu14/scratch/openfold_inference_runs5times/epoch_21/your_model_epoch_21/repeat_2/predictions/5i6x_A_model_1_unrelaxed.pdb
21,2,6nbf_A,success,1,0,/users/sgmwu14/scratch/openfold_inference_runs5times/epoch_21/your_model_epoch_21/repeat_2/predictions/6nbf_A_model_1_unrelaxed.pdb,/users/sgmwu14/scratch/openfold_inference_runs5times/epoch_21/your_model_epoch_21/repeat_2/predictions/6nbf_A_model_1_relaxed.pdb,True,50.47638075313805,23.81,70.56,478,unrelaxed,/users/sgmwu14/scratch/openfold_inference_runs5times/epoch_21/your_model_epoch_21/repeat_2/predictions/6nbf_A_model_1_unrelaxed.pdb
21,2,6xpf_A,success,1,0,/users/sgmwu14/scratch/openfold_inference_runs5times/epoch_21/your_model_epoch_21/repeat_2/predictions/6xpf_A_model_1_unrelaxed.pdb,/users/sgmwu14/scratch/openfold_inference_runs5times/epoch_21/your_model_epoch_21/repeat_2/predictions/6xpf_A_model_1_relaxed.pdb,True,68.58040625000002,24.54,80.95,320,unrelaxed,/users/sgmwu14/scratch/openfold_inference_runs5times/epoch_21/your_model_epoch_21/repeat_2/predictions/6xpf_A_model_1_unrelaxed.pdb
21,2,7dsq_A,success,1,0,/users/sgmwu14/scratch/openfold_inference_runs5times/epoch_21/your_model_epoch_21/repeat_2/predictions/7dsq_A_model_1_unrelaxed.pdb,/users/sgmwu14/scratch/openfold_inference_runs5times/epoch_21/your_model_epoch_21/repeat_2/predictions/7dsq_A_model_1_relaxed.pdb,True,69.08575431034483,28.28,77.82,464,unrelaxed,/users/sgmwu14/scratch/openfold_inference_runs5times/epoch_21/your_model_epoch_21/repeat_2/predictions/7dsq_A_model_1_unrelaxed.pdb
21,2,7evw_A,success,1,0,/users/sgmwu14/scratch/openfold_inference_runs5times/epoch_21/your_model_epoch_21/repeat_2/predictions/7evw_A_model_1_unrelaxed.pdb,/users/sgmwu14/scratch/openfold_inference_runs5times/epoch_21/your_model_epoch_21/repeat_2/predictions/7evw_A_model_1_relaxed.pdb,True,50.78015025041731,23.76,73.67,599,unrelaxed,/users/sgmwu14/scratch/openfold_inference_runs5times/epoch_21/your_model_epoch_21/repeat_2/predictions/7evw_A_model_1_unrelaxed.pdb
21,3,2olo_A,success,1,0,/users/sgmwu14/scratch/openfold_inference_runs5times/epoch_21/your_model_epoch_21/repeat_3/predictions/2olo_A_model_1_unrelaxed.pdb,/users/sgmwu14/scratch/openfold_inference_runs5times/epoch_21/your_model_epoch_21/repeat_3/predictions/2olo_A_model_1_relaxed.pdb,True,57.9120822622108,26.79,81.43,389,unrelaxed,/users/sgmwu14/scratch/openfold_inference_runs5times/epoch_21/your_model_epoch_21/repeat_3/predictions/2olo_A_model_1_unrelaxed.pdb
21,3,4bp8_A,success,1,0,/users/sgmwu14/scratch/openfold_inference_runs5times/epoch_21/your_model_epoch_21/repeat_3/predictions/4bp8_A_model_1_unrelaxed.pdb,/users/sgmwu14/scratch/openfold_inference_runs5times/epoch_21/your_model_epoch_21/repeat_3/predictions/4bp8_A_model_1_relaxed.pdb,True,66.89956643356643,29.6,79.15,715,unrelaxed,/users/sgmwu14/scratch/openfold_inference_runs5times/epoch_21/your_model_epoch_21/repeat_3/predictions/4bp8_A_model_1_unrelaxed.pdb
21,3,5i6x_A,success,1,0,/users/sgmwu14/scratch/openfold_inference_runs5times/epoch_21/your_model_epoch_21/repeat_3/predictions/5i6x_A_model_1_unrelaxed.pdb,/users/sgmwu14/scratch/openfold_inference_runs5times/epoch_21/your_model_epoch_21/repeat_3/predictions/5i6x_A_model_1_relaxed.pdb,True,55.46734061930783,25.54,74.42,549,unrelaxed,/users/sgmwu14/scratch/openfold_inference_runs5times/epoch_21/your_model_epoch_21/repeat_3/predictions/5i6x_A_model_1_unrelaxed.pdb
21,3,6nbf_A,success,1,0,/users/sgmwu14/scratch/openfold_inference_runs5times/epoch_21/your_model_epoch_21/repeat_3/predictions/6nbf_A_model_1_unrelaxed.pdb,/users/sgmwu14/scratch/openfold_inference_runs5times/epoch_21/your_model_epoch_21/repeat_3/predictions/6nbf_A_model_1_relaxed.pdb,True,48.48682008368204,23.83,67.31,478,unrelaxed,/users/sgmwu14/scratch/openfold_inference_runs5times/epoch_21/your_model_epoch_21/repeat_3/predictions/6nbf_A_model_1_unrelaxed.pdb
21,3,6xpf_A,success,1,0,/users/sgmwu14/scratch/openfold_inference_runs5times/epoch_21/your_model_epoch_21/repeat_3/predictions/6xpf_A_model_1_unrelaxed.pdb,/users/sgmwu14/scratch/openfold_inference_runs5times/epoch_21/your_model_epoch_21/repeat_3/predictions/6xpf_A_model_1_relaxed.pdb,True,68.57546875000001,24.41,81.24,320,unrelaxed,/users/sgmwu14/scratch/openfold_inference_runs5times/epoch_21/your_model_epoch_21/repeat_3/predictions/6xpf_A_model_1_unrelaxed.pdb
21,3,7dsq_A,success,1,0,/users/sgmwu14/scratch/openfold_inference_runs5times/epoch_21/your_model_epoch_21/repeat_3/predictions/7dsq_A_model_1_unrelaxed.pdb,/users/sgmwu14/scratch/openfold_inference_runs5times/epoch_21/your_model_epoch_21/repeat_3/predictions/7dsq_A_model_1_relaxed.pdb,True,68.79717672413796,29.21,77.44,464,unrelaxed,/users/sgmwu14/scratch/openfold_inference_runs5times/epoch_21/your_model_epoch_21/repeat_3/predictions/7dsq_A_model_1_unrelaxed.pdb
21,3,7evw_A,success,1,0,/users/sgmwu14/scratch/openfold_inference_runs5times/epoch_21/your_model_epoch_21/repeat_3/predictions/7evw_A_model_1_unrelaxed.pdb,/users/sgmwu14/scratch/openfold_inference_runs5times/epoch_21/your_model_epoch_21/repeat_3/predictions/7evw_A_model_1_relaxed.pdb,True,50.970550918197,25.42,75.04,599,unrelaxed,/users/sgmwu14/scratch/openfold_inference_runs5times/epoch_21/your_model_epoch_21/repeat_3/predictions/7evw_A_model_1_unrelaxed.pdb
21,4,2olo_A,success,1,0,/users/sgmwu14/scratch/openfold_inference_runs5times/epoch_21/your_model_epoch_21/repeat_4/predictions/2olo_A_model_1_unrelaxed.pdb,/users/sgmwu14/scratch/openfold_inference_runs5times/epoch_21/your_model_epoch_21/repeat_4/predictions/2olo_A_model_1_relaxed.pdb,True,58.29539845758359,26.82,80.83,389,unrelaxed,/users/sgmwu14/scratch/openfold_inference_runs5times/epoch_21/your_model_epoch_21/repeat_4/predictions/2olo_A_model_1_unrelaxed.pdb
21,4,4bp8_A,success,1,0,/users/sgmwu14/scratch/openfold_inference_runs5times/epoch_21/your_model_epoch_21/repeat_4/predictions/4bp8_A_model_1_unrelaxed.pdb,/users/sgmwu14/scratch/openfold_inference_runs5times/epoch_21/your_model_epoch_21/repeat_4/predictions/4bp8_A_model_1_relaxed.pdb,True,66.60539860139852,28.32,78.98,715,unrelaxed,/users/sgmwu14/scratch/openfold_inference_runs5times/epoch_21/your_model_epoch_21/repeat_4/predictions/4bp8_A_model_1_unrelaxed.pdb
21,4,5i6x_A,success,1,0,/users/sgmwu14/scratch/openfold_inference_runs5times/epoch_21/your_model_epoch_21/repeat_4/predictions/5i6x_A_model_1_unrelaxed.pdb,/users/sgmwu14/scratch/openfold_inference_runs5times/epoch_21/your_model_epoch_21/repeat_4/predictions/5i6x_A_model_1_relaxed.pdb,True,56.91848816029146,26.6,74.44,549,unrelaxed,/users/sgmwu14/scratch/openfold_inference_runs5times/epoch_21/your_model_epoch_21/repeat_4/predictions/5i6x_A_model_1_unrelaxed.pdb
21,4,6nbf_A,success,1,0,/users/sgmwu14/scratch/openfold_inference_runs5times/epoch_21/your_model_epoch_21/repeat_4/predictions/6nbf_A_model_1_unrelaxed.pdb,/users/sgmwu14/scratch/openfold_inference_runs5times/epoch_21/your_model_epoch_21/repeat_4/predictions/6nbf_A_model_1_relaxed.pdb,True,48.34430962343099,23.76,68.22,478,unrelaxed,/users/sgmwu14/scratch/openfold_inference_runs5times/epoch_21/your_model_epoch_21/repeat_4/predictions/6nbf_A_model_1_unrelaxed.pdb
21,4,6xpf_A,success,1,0,/users/sgmwu14/scratch/openfold_inference_runs5times/epoch_21/your_model_epoch_21/repeat_4/predictions/6xpf_A_model_1_unrelaxed.pdb,/users/sgmwu14/scratch/openfold_inference_runs5times/epoch_21/your_model_epoch_21/repeat_4/predictions/6xpf_A_model_1_relaxed.pdb,True,68.54053125,25.05,81.27,320,unrelaxed,/users/sgmwu14/scratch/openfold_inference_runs5times/epoch_21/your_model_epoch_21/repeat_4/predictions/6xpf_A_model_1_unrelaxed.pdb
21,4,7dsq_A,success,1,0,/users/sgmwu14/scratch/openfold_inference_runs5times/epoch_21/your_model_epoch_21/repeat_4/predictions/7dsq_A_model_1_unrelaxed.pdb,/users/sgmwu14/scratch/openfold_inference_runs5times/epoch_21/your_model_epoch_21/repeat_4/predictions/7dsq_A_model_1_relaxed.pdb,True,69.04230603448272,25.39,77.67,464,unrelaxed,/users/sgmwu14/scratch/openfold_inference_runs5times/epoch_21/your_model_epoch_21/repeat_4/predictions/7dsq_A_model_1_unrelaxed.pdb
21,4,7evw_A,success,1,0,/users/sgmwu14/scratch/openfold_inference_runs5times/epoch_21/your_model_epoch_21/repeat_4/predictions/7evw_A_model_1_unrelaxed.pdb,/users/sgmwu14/scratch/openfold_inference_runs5times/epoch_21/your_model_epoch_21/repeat_4/predictions/7evw_A_model_1_relaxed.pdb,True,50.7838731218698,24.92,73.99,599,unrelaxed,/users/sgmwu14/scratch/openfold_inference_runs5times/epoch_21/your_model_epoch_21/repeat_4/predictions/7evw_A_model_1_unrelaxed.pdb
21,5,2olo_A,success,1,0,/users/sgmwu14/scratch/openfold_inference_runs5times/epoch_21/your_model_epoch_21/repeat_5/predictions/2olo_A_model_1_unrelaxed.pdb,/users/sgmwu14/scratch/openfold_inference_runs5times/epoch_21/your_model_epoch_21/repeat_5/predictions/2olo_A_model_1_relaxed.pdb,True,58.3231362467866,27.62,81.06,389,unrelaxed,/users/sgmwu14/scratch/openfold_inference_runs5times/epoch_21/your_model_epoch_21/repeat_5/predictions/2olo_A_model_1_unrelaxed.pdb
21,5,4bp8_A,success,1,0,/users/sgmwu14/scratch/openfold_inference_runs5times/epoch_21/your_model_epoch_21/repeat_5/predictions/4bp8_A_model_1_unrelaxed.pdb,/users/sgmwu14/scratch/openfold_inference_runs5times/epoch_21/your_model_epoch_21/repeat_5/predictions/4bp8_A_model_1_relaxed.pdb,True,67.02924475524473,29.59,79.04,715,unrelaxed,/users/sgmwu14/scratch/openfold_inference_runs5times/epoch_21/your_model_epoch_21/repeat_5/predictions/4bp8_A_model_1_unrelaxed.pdb
21,5,5i6x_A,success,1,0,/users/sgmwu14/scratch/openfold_inference_runs5times/epoch_21/your_model_epoch_21/repeat_5/predictions/5i6x_A_model_1_unrelaxed.pdb,/users/sgmwu14/scratch/openfold_inference_runs5times/epoch_21/your_model_epoch_21/repeat_5/predictions/5i6x_A_model_1_relaxed.pdb,True,49.56387978142078,24.22,74.02,549,unrelaxed,/users/sgmwu14/scratch/openfold_inference_runs5times/epoch_21/your_model_epoch_21/repeat_5/predictions/5i6x_A_model_1_unrelaxed.pdb
21,5,6nbf_A,success,1,0,/users/sgmwu14/scratch/openfold_inference_runs5times/epoch_21/your_model_epoch_21/repeat_5/predictions/6nbf_A_model_1_unrelaxed.pdb,/users/sgmwu14/scratch/openfold_inference_runs5times/epoch_21/your_model_epoch_21/repeat_5/predictions/6nbf_A_model_1_relaxed.pdb,True,50.78437238493718,23.63,73.78,478,unrelaxed,/users/sgmwu14/scratch/openfold_inference_runs5times/epoch_21/your_model_epoch_21/repeat_5/predictions/6nbf_A_model_1_unrelaxed.pdb
21,5,6xpf_A,success,1,0,/users/sgmwu14/scratch/openfold_inference_runs5times/epoch_21/your_model_epoch_21/repeat_5/predictions/6xpf_A_model_1_unrelaxed.pdb,/users/sgmwu14/scratch/openfold_inference_runs5times/epoch_21/your_model_epoch_21/repeat_5/predictions/6xpf_A_model_1_relaxed.pdb,True,68.74962499999992,24.33,81.11,320,unrelaxed,/users/sgmwu14/scratch/openfold_inference_runs5times/epoch_21/your_model_epoch_21/repeat_5/predictions/6xpf_A_model_1_unrelaxed.pdb
21,5,7dsq_A,success,1,0,/users/sgmwu14/scratch/openfold_inference_runs5times/epoch_21/your_model_epoch_21/repeat_5/predictions/7dsq_A_model_1_unrelaxed.pdb,/users/sgmwu14/scratch/openfold_inference_runs5times/epoch_21/your_model_epoch_21/repeat_5/predictions/7dsq_A_model_1_relaxed.pdb,True,68.33437499999997,25.73,77.74,464,unrelaxed,/users/sgmwu14/scratch/openfold_inference_runs5times/epoch_21/your_model_epoch_21/repeat_5/predictions/7dsq_A_model_1_unrelaxed.pdb
21,5,7evw_A,success,1,0,/users/sgmwu14/scratch/openfold_inference_runs5times/epoch_21/your_model_epoch_21/repeat_5/predictions/7evw_A_model_1_unrelaxed.pdb,/users/sgmwu14/scratch/openfold_inference_runs5times/epoch_21/your_model_epoch_21/repeat_5/predictions/7evw_A_model_1_relaxed.pdb,True,51.588080133555934,24.64,73.84,599,unrelaxed,/users/sgmwu14/scratch/openfold_inference_runs5times/epoch_21/your_model_epoch_21/repeat_5/predictions/7evw_A_model_1_unrelaxed.pdb
22,1,2olo_A,success,1,0,/users/sgmwu14/scratch/openfold_inference_runs5times/epoch_22/your_model_epoch_22/repeat_1/predictions/2olo_A_model_1_unrelaxed.pdb,/users/sgmwu14/scratch/openfold_inference_runs5times/epoch_22/your_model_epoch_22/repeat_1/predictions/2olo_A_model_1_relaxed.pdb,True,69.3424678663239,35.7,81.96,389,unrelaxed,/users/sgmwu14/scratch/openfold_inference_runs5times/epoch_22/your_model_epoch_22/repeat_1/predictions/2olo_A_model_1_unrelaxed.pdb
22,1,4bp8_A,success,1,0,/users/sgmwu14/scratch/openfold_inference_runs5times/epoch_22/your_model_epoch_22/repeat_1/predictions/4bp8_A_model_1_unrelaxed.pdb,/users/sgmwu14/scratch/openfold_inference_runs5times/epoch_22/your_model_epoch_22/repeat_1/predictions/4bp8_A_model_1_relaxed.pdb,True,71.96583216783216,35.32,82.31,715,unrelaxed,/users/sgmwu14/scratch/openfold_inference_runs5times/epoch_22/your_model_epoch_22/repeat_1/predictions/4bp8_A_model_1_unrelaxed.pdb
22,1,5i6x_A,success,1,0,/users/sgmwu14/scratch/openfold_inference_runs5times/epoch_22/your_model_epoch_22/repeat_1/predictions/5i6x_A_model_1_unrelaxed.pdb,/users/sgmwu14/scratch/openfold_inference_runs5times/epoch_22/your_model_epoch_22/repeat_1/predictions/5i6x_A_model_1_relaxed.pdb,True,72.23908925318764,29.32,80.63,549,unrelaxed,/users/sgmwu14/scratch/openfold_inference_runs5times/epoch_22/your_model_epoch_22/repeat_1/predictions/5i6x_A_model_1_unrelaxed.pdb
22,1,6nbf_A,success,1,0,/users/sgmwu14/scratch/openfold_inference_runs5times/epoch_22/your_model_epoch_22/repeat_1/predictions/6nbf_A_model_1_unrelaxed.pdb,/users/sgmwu14/scratch/openfold_inference_runs5times/epoch_22/your_model_epoch_22/repeat_1/predictions/6nbf_A_model_1_relaxed.pdb,True,53.79560669456065,18.04,79.33,478,unrelaxed,/users/sgmwu14/scratch/openfold_inference_runs5times/epoch_22/your_model_epoch_22/repeat_1/predictions/6nbf_A_model_1_unrelaxed.pdb
22,1,6xpf_A,success,1,0,/users/sgmwu14/scratch/openfold_inference_runs5times/epoch_22/your_model_epoch_22/repeat_1/predictions/6xpf_A_model_1_unrelaxed.pdb,/users/sgmwu14/scratch/openfold_inference_runs5times/epoch_22/your_model_epoch_22/repeat_1/predictions/6xpf_A_model_1_relaxed.pdb,True,70.93662499999998,25.3,82.59,320,unrelaxed,/users/sgmwu14/scratch/openfold_inference_runs5times/epoch_22/your_model_epoch_22/repeat_1/predictions/6xpf_A_model_1_unrelaxed.pdb
22,1,7dsq_A,success,1,0,/users/sgmwu14/scratch/openfold_inference_runs5times/epoch_22/your_model_epoch_22/repeat_1/predictions/7dsq_A_model_1_unrelaxed.pdb,/users/sgmwu14/scratch/openfold_inference_runs5times/epoch_22/your_model_epoch_22/repeat_1/predictions/7dsq_A_model_1_relaxed.pdb,True,75.00926724137933,27.74,81.15,464,unrelaxed,/users/sgmwu14/scratch/openfold_inference_runs5times/epoch_22/your_model_epoch_22/repeat_1/predictions/7dsq_A_model_1_unrelaxed.pdb
22,1,7evw_A,error,0,1,/users/sgmwu14/scratch/openfold_inference_runs5times/epoch_22/your_model_epoch_22/repeat_1/predictions/7evw_A_model_1_unrelaxed.pdb,/users/sgmwu14/scratch/openfold_inference_runs5times/epoch_22/your_model_epoch_22/repeat_1/predictions/7evw_A_model_1_relaxed.pdb,False,58.42183639398997,23.06,75.84,599,unrelaxed,/users/sgmwu14/scratch/openfold_inference_runs5times/epoch_22/your_model_epoch_22/repeat_1/predictions/7evw_A_model_1_unrelaxed.pdb
22,2,2olo_A,success,1,0,/users/sgmwu14/scratch/openfold_inference_runs5times/epoch_22/your_model_epoch_22/repeat_2/predictions/2olo_A_model_1_unrelaxed.pdb,/users/sgmwu14/scratch/openfold_inference_runs5times/epoch_22/your_model_epoch_22/repeat_2/predictions/2olo_A_model_1_relaxed.pdb,True,69.31419023136245,35.69,82.01,389,unrelaxed,/users/sgmwu14/scratch/openfold_inference_runs5times/epoch_22/your_model_epoch_22/repeat_2/predictions/2olo_A_model_1_unrelaxed.pdb
22,2,4bp8_A,success,1,0,/users/sgmwu14/scratch/openfold_inference_runs5times/epoch_22/your_model_epoch_22/repeat_2/predictions/4bp8_A_model_1_unrelaxed.pdb,/users/sgmwu14/scratch/openfold_inference_runs5times/epoch_22/your_model_epoch_22/repeat_2/predictions/4bp8_A_model_1_relaxed.pdb,True,71.15460139860137,41.25,82.01,715,unrelaxed,/users/sgmwu14/scratch/openfold_inference_runs5times/epoch_22/your_model_epoch_22/repeat_2/predictions/4bp8_A_model_1_unrelaxed.pdb
22,2,5i6x_A,success,1,0,/users/sgmwu14/scratch/openfold_inference_runs5times/epoch_22/your_model_epoch_22/repeat_2/predictions/5i6x_A_model_1_unrelaxed.pdb,/users/sgmwu14/scratch/openfold_inference_runs5times/epoch_22/your_model_epoch_22/repeat_2/predictions/5i6x_A_model_1_relaxed.pdb,True,72.08326047358838,32.77,80.59,549,unrelaxed,/users/sgmwu14/scratch/openfold_inference_runs5times/epoch_22/your_model_epoch_22/repeat_2/predictions/5i6x_A_model_1_unrelaxed.pdb
22,2,6nbf_A,success,1,0,/users/sgmwu14/scratch/openfold_inference_runs5times/epoch_22/your_model_epoch_22/repeat_2/predictions/6nbf_A_model_1_unrelaxed.pdb,/users/sgmwu14/scratch/openfold_inference_runs5times/epoch_22/your_model_epoch_22/repeat_2/predictions/6nbf_A_model_1_relaxed.pdb,True,55.98976987447705,21.98,79.56,478,unrelaxed,/users/sgmwu14/scratch/openfold_inference_runs5times/epoch_22/your_model_epoch_22/repeat_2/predictions/6nbf_A_model_1_unrelaxed.pdb
22,2,6xpf_A,success,1,0,/users/sgmwu14/scratch/openfold_inference_runs5times/epoch_22/your_model_epoch_22/repeat_2/predictions/6xpf_A_model_1_unrelaxed.pdb,/users/sgmwu14/scratch/openfold_inference_runs5times/epoch_22/your_model_epoch_22/repeat_2/predictions/6xpf_A_model_1_relaxed.pdb,True,70.84659375000003,24.85,82.44,320,unrelaxed,/users/sgmwu14/scratch/openfold_inference_runs5times/epoch_22/your_model_epoch_22/repeat_2/predictions/6xpf_A_model_1_unrelaxed.pdb
22,2,7dsq_A,success,1,0,/users/sgmwu14/scratch/openfold_inference_runs5times/epoch_22/your_model_epoch_22/repeat_2/predictions/7dsq_A_model_1_unrelaxed.pdb,/users/sgmwu14/scratch/openfold_inference_runs5times/epoch_22/your_model_epoch_22/repeat_2/predictions/7dsq_A_model_1_relaxed.pdb,True,74.22956896551726,28.37,80.8,464,unrelaxed,/users/sgmwu14/scratch/openfold_inference_runs5times/epoch_22/your_model_epoch_22/repeat_2/predictions/7dsq_A_model_1_unrelaxed.pdb
22,2,7evw_A,success,1,0,/users/sgmwu14/scratch/openfold_inference_runs5times/epoch_22/your_model_epoch_22/repeat_2/predictions/7evw_A_model_1_unrelaxed.pdb,/users/sgmwu14/scratch/openfold_inference_runs5times/epoch_22/your_model_epoch_22/repeat_2/predictions/7evw_A_model_1_relaxed.pdb,True,57.45248747913191,23.57,75.7,599,unrelaxed,/users/sgmwu14/scratch/openfold_inference_runs5times/epoch_22/your_model_epoch_22/repeat_2/predictions/7evw_A_model_1_unrelaxed.pdb
22,3,2olo_A,success,1,0,/users/sgmwu14/scratch/openfold_inference_runs5times/epoch_22/your_model_epoch_22/repeat_3/predictions/2olo_A_model_1_unrelaxed.pdb,/users/sgmwu14/scratch/openfold_inference_runs5times/epoch_22/your_model_epoch_22/repeat_3/predictions/2olo_A_model_1_relaxed.pdb,True,68.97053984575838,33.32,81.76,389,unrelaxed,/users/sgmwu14/scratch/openfold_inference_runs5times/epoch_22/your_model_epoch_22/repeat_3/predictions/2olo_A_model_1_unrelaxed.pdb
22,3,4bp8_A,success,1,0,/users/sgmwu14/scratch/openfold_inference_runs5times/epoch_22/your_model_epoch_22/repeat_3/predictions/4bp8_A_model_1_unrelaxed.pdb,/users/sgmwu14/scratch/openfold_inference_runs5times/epoch_22/your_model_epoch_22/repeat_3/predictions/4bp8_A_model_1_relaxed.pdb,True,71.17869930069931,37.02,82.31,715,unrelaxed,/users/sgmwu14/scratch/openfold_inference_runs5times/epoch_22/your_model_epoch_22/repeat_3/predictions/4bp8_A_model_1_unrelaxed.pdb
22,3,5i6x_A,success,1,0,/users/sgmwu14/scratch/openfold_inference_runs5times/epoch_22/your_model_epoch_22/repeat_3/predictions/5i6x_A_model_1_unrelaxed.pdb,/users/sgmwu14/scratch/openfold_inference_runs5times/epoch_22/your_model_epoch_22/repeat_3/predictions/5i6x_A_model_1_relaxed.pdb,True,72.28357012750456,29.54,81.13,549,unrelaxed,/users/sgmwu14/scratch/openfold_inference_runs5times/epoch_22/your_model_epoch_22/repeat_3/predictions/5i6x_A_model_1_unrelaxed.pdb
22,3,6nbf_A,success,1,0,/users/sgmwu14/scratch/openfold_inference_runs5times/epoch_22/your_model_epoch_22/repeat_3/predictions/6nbf_A_model_1_unrelaxed.pdb,/users/sgmwu14/scratch/openfold_inference_runs5times/epoch_22/your_model_epoch_22/repeat_3/predictions/6nbf_A_model_1_relaxed.pdb,True,54.19010460251047,23.58,80.07,478,unrelaxed,/users/sgmwu14/scratch/openfold_inference_runs5times/epoch_22/your_model_epoch_22/repeat_3/predictions/6nbf_A_model_1_unrelaxed.pdb
22,3,6xpf_A,success,1,0,/users/sgmwu14/scratch/openfold_inference_runs5times/epoch_22/your_model_epoch_22/repeat_3/predictions/6xpf_A_model_1_unrelaxed.pdb,/users/sgmwu14/scratch/openfold_inference_runs5times/epoch_22/your_model_epoch_22/repeat_3/predictions/6xpf_A_model_1_relaxed.pdb,True,70.70425000000004,23.61,82.47,320,unrelaxed,/users/sgmwu14/scratch/openfold_inference_runs5times/epoch_22/your_model_epoch_22/repeat_3/predictions/6xpf_A_model_1_unrelaxed.pdb
22,3,7dsq_A,success,1,0,/users/sgmwu14/scratch/openfold_inference_runs5times/epoch_22/your_model_epoch_22/repeat_3/predictions/7dsq_A_model_1_unrelaxed.pdb,/users/sgmwu14/scratch/openfold_inference_runs5times/epoch_22/your_model_epoch_22/repeat_3/predictions/7dsq_A_model_1_relaxed.pdb,True,74.19693965517244,24.94,80.06,464,unrelaxed,/users/sgmwu14/scratch/openfold_inference_runs5times/epoch_22/your_model_epoch_22/repeat_3/predictions/7dsq_A_model_1_unrelaxed.pdb
22,3,7evw_A,success,1,0,/users/sgmwu14/scratch/openfold_inference_runs5times/epoch_22/your_model_epoch_22/repeat_3/predictions/7evw_A_model_1_unrelaxed.pdb,/users/sgmwu14/scratch/openfold_inference_runs5times/epoch_22/your_model_epoch_22/repeat_3/predictions/7evw_A_model_1_relaxed.pdb,True,58.3888480801336,23.04,75.61,599,unrelaxed,/users/sgmwu14/scratch/openfold_inference_runs5times/epoch_22/your_model_epoch_22/repeat_3/predictions/7evw_A_model_1_unrelaxed.pdb
22,4,2olo_A,success,1,0,/users/sgmwu14/scratch/openfold_inference_runs5times/epoch_22/your_model_epoch_22/repeat_4/predictions/2olo_A_model_1_unrelaxed.pdb,/users/sgmwu14/scratch/openfold_inference_runs5times/epoch_22/your_model_epoch_22/repeat_4/predictions/2olo_A_model_1_relaxed.pdb,True,68.7764524421594,38.12,82.36,389,unrelaxed,/users/sgmwu14/scratch/openfold_inference_runs5times/epoch_22/your_model_epoch_22/repeat_4/predictions/2olo_A_model_1_unrelaxed.pdb
22,4,4bp8_A,success,1,0,/users/sgmwu14/scratch/openfold_inference_runs5times/epoch_22/your_model_epoch_22/repeat_4/predictions/4bp8_A_model_1_unrelaxed.pdb,/users/sgmwu14/scratch/openfold_inference_runs5times/epoch_22/your_model_epoch_22/repeat_4/predictions/4bp8_A_model_1_relaxed.pdb,True,71.28566433566428,35.75,82.13,715,unrelaxed,/users/sgmwu14/scratch/openfold_inference_runs5times/epoch_22/your_model_epoch_22/repeat_4/predictions/4bp8_A_model_1_unrelaxed.pdb
22,4,5i6x_A,success,1,0,/users/sgmwu14/scratch/openfold_inference_runs5times/epoch_22/your_model_epoch_22/repeat_4/predictions/5i6x_A_model_1_unrelaxed.pdb,/users/sgmwu14/scratch/openfold_inference_runs5times/epoch_22/your_model_epoch_22/repeat_4/predictions/5i6x_A_model_1_relaxed.pdb,True,72.2074134790528,31.98,80.89,549,unrelaxed,/users/sgmwu14/scratch/openfold_inference_runs5times/epoch_22/your_model_epoch_22/repeat_4/predictions/5i6x_A_model_1_unrelaxed.pdb
22,4,6nbf_A,success,1,0,/users/sgmwu14/scratch/openfold_inference_runs5times/epoch_22/your_model_epoch_22/repeat_4/predictions/6nbf_A_model_1_unrelaxed.pdb,/users/sgmwu14/scratch/openfold_inference_runs5times/epoch_22/your_model_epoch_22/repeat_4/predictions/6nbf_A_model_1_relaxed.pdb,True,55.96370292887031,20.05,79.78,478,unrelaxed,/users/sgmwu14/scratch/openfold_inference_runs5times/epoch_22/your_model_epoch_22/repeat_4/predictions/6nbf_A_model_1_unrelaxed.pdb
22,4,6xpf_A,success,1,0,/users/sgmwu14/scratch/openfold_inference_runs5times/epoch_22/your_model_epoch_22/repeat_4/predictions/6xpf_A_model_1_unrelaxed.pdb,/users/sgmwu14/scratch/openfold_inference_runs5times/epoch_22/your_model_epoch_22/repeat_4/predictions/6xpf_A_model_1_relaxed.pdb,True,70.88915625000001,24.18,82.3,320,unrelaxed,/users/sgmwu14/scratch/openfold_inference_runs5times/epoch_22/your_model_epoch_22/repeat_4/predictions/6xpf_A_model_1_unrelaxed.pdb
22,4,7dsq_A,success,1,0,/users/sgmwu14/scratch/openfold_inference_runs5times/epoch_22/your_model_epoch_22/repeat_4/predictions/7dsq_A_model_1_unrelaxed.pdb,/users/sgmwu14/scratch/openfold_inference_runs5times/epoch_22/your_model_epoch_22/repeat_4/predictions/7dsq_A_model_1_relaxed.pdb,True,74.57260775862065,41.44,81.2,464,unrelaxed,/users/sgmwu14/scratch/openfold_inference_runs5times/epoch_22/your_model_epoch_22/repeat_4/predictions/7dsq_A_model_1_unrelaxed.pdb
22,4,7evw_A,success,1,0,/users/sgmwu14/scratch/openfold_inference_runs5times/epoch_22/your_model_epoch_22/repeat_4/predictions/7evw_A_model_1_unrelaxed.pdb,/users/sgmwu14/scratch/openfold_inference_runs5times/epoch_22/your_model_epoch_22/repeat_4/predictions/7evw_A_model_1_relaxed.pdb,True,58.84090150250422,23.9,76.85,599,unrelaxed,/users/sgmwu14/scratch/openfold_inference_runs5times/epoch_22/your_model_epoch_22/repeat_4/predictions/7evw_A_model_1_unrelaxed.pdb
22,5,2olo_A,success,1,0,/users/sgmwu14/scratch/openfold_inference_runs5times/epoch_22/your_model_epoch_22/repeat_5/predictions/2olo_A_model_1_unrelaxed.pdb,/users/sgmwu14/scratch/openfold_inference_runs5times/epoch_22/your_model_epoch_22/repeat_5/predictions/2olo_A_model_1_relaxed.pdb,True,69.24745501285348,36.04,81.73,389,unrelaxed,/users/sgmwu14/scratch/openfold_inference_runs5times/epoch_22/your_model_epoch_22/repeat_5/predictions/2olo_A_model_1_unrelaxed.pdb
22,5,4bp8_A,success,1,0,/users/sgmwu14/scratch/openfold_inference_runs5times/epoch_22/your_model_epoch_22/repeat_5/predictions/4bp8_A_model_1_unrelaxed.pdb,/users/sgmwu14/scratch/openfold_inference_runs5times/epoch_22/your_model_epoch_22/repeat_5/predictions/4bp8_A_model_1_relaxed.pdb,True,70.78606993006993,38.47,82.04,715,unrelaxed,/users/sgmwu14/scratch/openfold_inference_runs5times/epoch_22/your_model_epoch_22/repeat_5/predictions/4bp8_A_model_1_unrelaxed.pdb
22,5,5i6x_A,success,1,0,/users/sgmwu14/scratch/openfold_inference_runs5times/epoch_22/your_model_epoch_22/repeat_5/predictions/5i6x_A_model_1_unrelaxed.pdb,/users/sgmwu14/scratch/openfold_inference_runs5times/epoch_22/your_model_epoch_22/repeat_5/predictions/5i6x_A_model_1_relaxed.pdb,True,72.2336976320584,32.44,80.97,549,unrelaxed,/users/sgmwu14/scratch/openfold_inference_runs5times/epoch_22/your_model_epoch_22/repeat_5/predictions/5i6x_A_model_1_unrelaxed.pdb
22,5,6nbf_A,success,1,0,/users/sgmwu14/scratch/openfold_inference_runs5times/epoch_22/your_model_epoch_22/repeat_5/predictions/6nbf_A_model_1_unrelaxed.pdb,/users/sgmwu14/scratch/openfold_inference_runs5times/epoch_22/your_model_epoch_22/repeat_5/predictions/6nbf_A_model_1_relaxed.pdb,True,54.23882845188284,24.19,79.86,478,unrelaxed,/users/sgmwu14/scratch/openfold_inference_runs5times/epoch_22/your_model_epoch_22/repeat_5/predictions/6nbf_A_model_1_unrelaxed.pdb
22,5,6xpf_A,success,1,0,/users/sgmwu14/scratch/openfold_inference_runs5times/epoch_22/your_model_epoch_22/repeat_5/predictions/6xpf_A_model_1_unrelaxed.pdb,/users/sgmwu14/scratch/openfold_inference_runs5times/epoch_22/your_model_epoch_22/repeat_5/predictions/6xpf_A_model_1_relaxed.pdb,True,70.97521875000005,24.74,82.44,320,unrelaxed,/users/sgmwu14/scratch/openfold_inference_runs5times/epoch_22/your_model_epoch_22/repeat_5/predictions/6xpf_A_model_1_unrelaxed.pdb
22,5,7dsq_A,success,1,0,/users/sgmwu14/scratch/openfold_inference_runs5times/epoch_22/your_model_epoch_22/repeat_5/predictions/7dsq_A_model_1_unrelaxed.pdb,/users/sgmwu14/scratch/openfold_inference_runs5times/epoch_22/your_model_epoch_22/repeat_5/predictions/7dsq_A_model_1_relaxed.pdb,True,74.13911637931034,27.02,80.46,464,unrelaxed,/users/sgmwu14/scratch/openfold_inference_runs5times/epoch_22/your_model_epoch_22/repeat_5/predictions/7dsq_A_model_1_unrelaxed.pdb
22,5,7evw_A,success,1,0,/users/sgmwu14/scratch/openfold_inference_runs5times/epoch_22/your_model_epoch_22/repeat_5/predictions/7evw_A_model_1_unrelaxed.pdb,/users/sgmwu14/scratch/openfold_inference_runs5times/epoch_22/your_model_epoch_22/repeat_5/predictions/7evw_A_model_1_relaxed.pdb,True,58.29477462437393,23.77,75.57,599,unrelaxed,/users/sgmwu14/scratch/openfold_inference_runs5times/epoch_22/your_model_epoch_22/repeat_5/predictions/7evw_A_model_1_unrelaxed.pdb
23,1,2olo_A,success,1,0,/users/sgmwu14/scratch/openfold_inference_runs5times/epoch_23/your_model_epoch_23/repeat_1/predictions/2olo_A_model_1_unrelaxed.pdb,/users/sgmwu14/scratch/openfold_inference_runs5times/epoch_23/your_model_epoch_23/repeat_1/predictions/2olo_A_model_1_relaxed.pdb,True,60.389768637532086,29.48,81.14,389,unrelaxed,/users/sgmwu14/scratch/openfold_inference_runs5times/epoch_23/your_model_epoch_23/repeat_1/predictions/2olo_A_model_1_unrelaxed.pdb
23,1,4bp8_A,success,1,0,/users/sgmwu14/scratch/openfold_inference_runs5times/epoch_23/your_model_epoch_23/repeat_1/predictions/4bp8_A_model_1_unrelaxed.pdb,/users/sgmwu14/scratch/openfold_inference_runs5times/epoch_23/your_model_epoch_23/repeat_1/predictions/4bp8_A_model_1_relaxed.pdb,True,65.55707692307699,34.36,79.39,715,unrelaxed,/users/sgmwu14/scratch/openfold_inference_runs5times/epoch_23/your_model_epoch_23/repeat_1/predictions/4bp8_A_model_1_unrelaxed.pdb
23,1,5i6x_A,success,1,0,/users/sgmwu14/scratch/openfold_inference_runs5times/epoch_23/your_model_epoch_23/repeat_1/predictions/5i6x_A_model_1_unrelaxed.pdb,/users/sgmwu14/scratch/openfold_inference_runs5times/epoch_23/your_model_epoch_23/repeat_1/predictions/5i6x_A_model_1_relaxed.pdb,True,61.741256830601024,21.42,75.65,549,unrelaxed,/users/sgmwu14/scratch/openfold_inference_runs5times/epoch_23/your_model_epoch_23/repeat_1/predictions/5i6x_A_model_1_unrelaxed.pdb
23,1,6nbf_A,success,1,0,/users/sgmwu14/scratch/openfold_inference_runs5times/epoch_23/your_model_epoch_23/repeat_1/predictions/6nbf_A_model_1_unrelaxed.pdb,/users/sgmwu14/scratch/openfold_inference_runs5times/epoch_23/your_model_epoch_23/repeat_1/predictions/6nbf_A_model_1_relaxed.pdb,True,53.15715481171551,21.69,72.0,478,unrelaxed,/users/sgmwu14/scratch/openfold_inference_runs5times/epoch_23/your_model_epoch_23/repeat_1/predictions/6nbf_A_model_1_unrelaxed.pdb
23,1,6xpf_A,success,1,0,/users/sgmwu14/scratch/openfold_inference_runs5times/epoch_23/your_model_epoch_23/repeat_1/predictions/6xpf_A_model_1_unrelaxed.pdb,/users/sgmwu14/scratch/openfold_inference_runs5times/epoch_23/your_model_epoch_23/repeat_1/predictions/6xpf_A_model_1_relaxed.pdb,True,67.04628125000002,24.11,82.24,320,unrelaxed,/users/sgmwu14/scratch/openfold_inference_runs5times/epoch_23/your_model_epoch_23/repeat_1/predictions/6xpf_A_model_1_unrelaxed.pdb
23,1,7dsq_A,success,1,0,/users/sgmwu14/scratch/openfold_inference_runs5times/epoch_23/your_model_epoch_23/repeat_1/predictions/7dsq_A_model_1_unrelaxed.pdb,/users/sgmwu14/scratch/openfold_inference_runs5times/epoch_23/your_model_epoch_23/repeat_1/predictions/7dsq_A_model_1_relaxed.pdb,True,70.04185344827587,42.61,77.87,464,unrelaxed,/users/sgmwu14/scratch/openfold_inference_runs5times/epoch_23/your_model_epoch_23/repeat_1/predictions/7dsq_A_model_1_unrelaxed.pdb
23,1,7evw_A,error,0,1,/users/sgmwu14/scratch/openfold_inference_runs5times/epoch_23/your_model_epoch_23/repeat_1/predictions/7evw_A_model_1_unrelaxed.pdb,/users/sgmwu14/scratch/openfold_inference_runs5times/epoch_23/your_model_epoch_23/repeat_1/predictions/7evw_A_model_1_relaxed.pdb,False,49.47018363939899,22.38,71.01,599,unrelaxed,/users/sgmwu14/scratch/openfold_inference_runs5times/epoch_23/your_model_epoch_23/repeat_1/predictions/7evw_A_model_1_unrelaxed.pdb
23,2,2olo_A,success,1,0,/users/sgmwu14/scratch/openfold_inference_runs5times/epoch_23/your_model_epoch_23/repeat_2/predictions/2olo_A_model_1_unrelaxed.pdb,/users/sgmwu14/scratch/openfold_inference_runs5times/epoch_23/your_model_epoch_23/repeat_2/predictions/2olo_A_model_1_relaxed.pdb,True,58.374730077120816,28.49,79.66,389,unrelaxed,/users/sgmwu14/scratch/openfold_inference_runs5times/epoch_23/your_model_epoch_23/repeat_2/predictions/2olo_A_model_1_unrelaxed.pdb
23,2,4bp8_A,success,1,0,/users/sgmwu14/scratch/openfold_inference_runs5times/epoch_23/your_model_epoch_23/repeat_2/predictions/4bp8_A_model_1_unrelaxed.pdb,/users/sgmwu14/scratch/openfold_inference_runs5times/epoch_23/your_model_epoch_23/repeat_2/predictions/4bp8_A_model_1_relaxed.pdb,True,65.67597202797207,33.66,78.89,715,unrelaxed,/users/sgmwu14/scratch/openfold_inference_runs5times/epoch_23/your_model_epoch_23/repeat_2/predictions/4bp8_A_model_1_unrelaxed.pdb
23,2,5i6x_A,success,1,0,/users/sgmwu14/scratch/openfold_inference_runs5times/epoch_23/your_model_epoch_23/repeat_2/predictions/5i6x_A_model_1_unrelaxed.pdb,/users/sgmwu14/scratch/openfold_inference_runs5times/epoch_23/your_model_epoch_23/repeat_2/predictions/5i6x_A_model_1_relaxed.pdb,True,61.36943533697633,22.94,74.83,549,unrelaxed,/users/sgmwu14/scratch/openfold_inference_runs5times/epoch_23/your_model_epoch_23/repeat_2/predictions/5i6x_A_model_1_unrelaxed.pdb
23,2,6nbf_A,error,0,1,/users/sgmwu14/scratch/openfold_inference_runs5times/epoch_23/your_model_epoch_23/repeat_2/predictions/6nbf_A_model_1_unrelaxed.pdb,/users/sgmwu14/scratch/openfold_inference_runs5times/epoch_23/your_model_epoch_23/repeat_2/predictions/6nbf_A_model_1_relaxed.pdb,False,54.57983263598325,22.16,74.43,478,unrelaxed,/users/sgmwu14/scratch/openfold_inference_runs5times/epoch_23/your_model_epoch_23/repeat_2/predictions/6nbf_A_model_1_unrelaxed.pdb
23,2,6xpf_A,success,1,0,/users/sgmwu14/scratch/openfold_inference_runs5times/epoch_23/your_model_epoch_23/repeat_2/predictions/6xpf_A_model_1_unrelaxed.pdb,/users/sgmwu14/scratch/openfold_inference_runs5times/epoch_23/your_model_epoch_23/repeat_2/predictions/6xpf_A_model_1_relaxed.pdb,True,68.79606249999998,24.6,81.64,320,unrelaxed,/users/sgmwu14/scratch/openfold_inference_runs5times/epoch_23/your_model_epoch_23/repeat_2/predictions/6xpf_A_model_1_unrelaxed.pdb
23,2,7dsq_A,success,1,0,/users/sgmwu14/scratch/openfold_inference_runs5times/epoch_23/your_model_epoch_23/repeat_2/predictions/7dsq_A_model_1_unrelaxed.pdb,/users/sgmwu14/scratch/openfold_inference_runs5times/epoch_23/your_model_epoch_23/repeat_2/predictions/7dsq_A_model_1_relaxed.pdb,True,70.45459051724133,44.18,78.03,464,unrelaxed,/users/sgmwu14/scratch/openfold_inference_runs5times/epoch_23/your_model_epoch_23/repeat_2/predictions/7dsq_A_model_1_unrelaxed.pdb
23,2,7evw_A,error,0,1,/users/sgmwu14/scratch/openfold_inference_runs5times/epoch_23/your_model_epoch_23/repeat_2/predictions/7evw_A_model_1_unrelaxed.pdb,/users/sgmwu14/scratch/openfold_inference_runs5times/epoch_23/your_model_epoch_23/repeat_2/predictions/7evw_A_model_1_relaxed.pdb,False,52.49340567612686,23.83,74.5,599,unrelaxed,/users/sgmwu14/scratch/openfold_inference_runs5times/epoch_23/your_model_epoch_23/repeat_2/predictions/7evw_A_model_1_unrelaxed.pdb
23,3,2olo_A,success,1,0,/users/sgmwu14/scratch/openfold_inference_runs5times/epoch_23/your_model_epoch_23/repeat_3/predictions/2olo_A_model_1_unrelaxed.pdb,/users/sgmwu14/scratch/openfold_inference_runs5times/epoch_23/your_model_epoch_23/repeat_3/predictions/2olo_A_model_1_relaxed.pdb,True,59.8715681233933,30.06,81.32,389,unrelaxed,/users/sgmwu14/scratch/openfold_inference_runs5times/epoch_23/your_model_epoch_23/repeat_3/predictions/2olo_A_model_1_unrelaxed.pdb
23,3,4bp8_A,success,1,0,/users/sgmwu14/scratch/openfold_inference_runs5times/epoch_23/your_model_epoch_23/repeat_3/predictions/4bp8_A_model_1_unrelaxed.pdb,/users/sgmwu14/scratch/openfold_inference_runs5times/epoch_23/your_model_epoch_23/repeat_3/predictions/4bp8_A_model_1_relaxed.pdb,True,65.6554545454545,34.35,78.66,715,unrelaxed,/users/sgmwu14/scratch/openfold_inference_runs5times/epoch_23/your_model_epoch_23/repeat_3/predictions/4bp8_A_model_1_unrelaxed.pdb
23,3,5i6x_A,success,1,0,/users/sgmwu14/scratch/openfold_inference_runs5times/epoch_23/your_model_epoch_23/repeat_3/predictions/5i6x_A_model_1_unrelaxed.pdb,/users/sgmwu14/scratch/openfold_inference_runs5times/epoch_23/your_model_epoch_23/repeat_3/predictions/5i6x_A_model_1_relaxed.pdb,True,61.82154826958096,23.42,75.85,549,unrelaxed,/users/sgmwu14/scratch/openfold_inference_runs5times/epoch_23/your_model_epoch_23/repeat_3/predictions/5i6x_A_model_1_unrelaxed.pdb
23,3,6nbf_A,success,1,0,/users/sgmwu14/scratch/openfold_inference_runs5times/epoch_23/your_model_epoch_23/repeat_3/predictions/6nbf_A_model_1_unrelaxed.pdb,/users/sgmwu14/scratch/openfold_inference_runs5times/epoch_23/your_model_epoch_23/repeat_3/predictions/6nbf_A_model_1_relaxed.pdb,True,49.88985355648539,24.44,68.76,478,unrelaxed,/users/sgmwu14/scratch/openfold_inference_runs5times/epoch_23/your_model_epoch_23/repeat_3/predictions/6nbf_A_model_1_unrelaxed.pdb
23,3,6xpf_A,success,1,0,/users/sgmwu14/scratch/openfold_inference_runs5times/epoch_23/your_model_epoch_23/repeat_3/predictions/6xpf_A_model_1_unrelaxed.pdb,/users/sgmwu14/scratch/openfold_inference_runs5times/epoch_23/your_model_epoch_23/repeat_3/predictions/6xpf_A_model_1_relaxed.pdb,True,68.33481249999997,23.45,81.76,320,unrelaxed,/users/sgmwu14/scratch/openfold_inference_runs5times/epoch_23/your_model_epoch_23/repeat_3/predictions/6xpf_A_model_1_unrelaxed.pdb
23,3,7dsq_A,success,1,0,/users/sgmwu14/scratch/openfold_inference_runs5times/epoch_23/your_model_epoch_23/repeat_3/predictions/7dsq_A_model_1_unrelaxed.pdb,/users/sgmwu14/scratch/openfold_inference_runs5times/epoch_23/your_model_epoch_23/repeat_3/predictions/7dsq_A_model_1_relaxed.pdb,True,69.2081034482758,42.26,77.65,464,unrelaxed,/users/sgmwu14/scratch/openfold_inference_runs5times/epoch_23/your_model_epoch_23/repeat_3/predictions/7dsq_A_model_1_unrelaxed.pdb
23,3,7evw_A,success,1,0,/users/sgmwu14/scratch/openfold_inference_runs5times/epoch_23/your_model_epoch_23/repeat_3/predictions/7evw_A_model_1_unrelaxed.pdb,/users/sgmwu14/scratch/openfold_inference_runs5times/epoch_23/your_model_epoch_23/repeat_3/predictions/7evw_A_model_1_relaxed.pdb,True,50.46552587646079,20.81,75.85,599,unrelaxed,/users/sgmwu14/scratch/openfold_inference_runs5times/epoch_23/your_model_epoch_23/repeat_3/predictions/7evw_A_model_1_unrelaxed.pdb
23,4,2olo_A,success,1,0,/users/sgmwu14/scratch/openfold_inference_runs5times/epoch_23/your_model_epoch_23/repeat_4/predictions/2olo_A_model_1_unrelaxed.pdb,/users/sgmwu14/scratch/openfold_inference_runs5times/epoch_23/your_model_epoch_23/repeat_4/predictions/2olo_A_model_1_relaxed.pdb,True,59.08066838046274,28.7,81.26,389,unrelaxed,/users/sgmwu14/scratch/openfold_inference_runs5times/epoch_23/your_model_epoch_23/repeat_4/predictions/2olo_A_model_1_unrelaxed.pdb
23,4,4bp8_A,success,1,0,/users/sgmwu14/scratch/openfold_inference_runs5times/epoch_23/your_model_epoch_23/repeat_4/predictions/4bp8_A_model_1_unrelaxed.pdb,/users/sgmwu14/scratch/openfold_inference_runs5times/epoch_23/your_model_epoch_23/repeat_4/predictions/4bp8_A_model_1_relaxed.pdb,True,65.85643356643354,34.62,79.54,715,unrelaxed,/users/sgmwu14/scratch/openfold_inference_runs5times/epoch_23/your_model_epoch_23/repeat_4/predictions/4bp8_A_model_1_unrelaxed.pdb
23,4,5i6x_A,success,1,0,/users/sgmwu14/scratch/openfold_inference_runs5times/epoch_23/your_model_epoch_23/repeat_4/predictions/5i6x_A_model_1_unrelaxed.pdb,/users/sgmwu14/scratch/openfold_inference_runs5times/epoch_23/your_model_epoch_23/repeat_4/predictions/5i6x_A_model_1_relaxed.pdb,True,62.53520947176677,25.32,76.3,549,unrelaxed,/users/sgmwu14/scratch/openfold_inference_runs5times/epoch_23/your_model_epoch_23/repeat_4/predictions/5i6x_A_model_1_unrelaxed.pdb
23,4,6nbf_A,success,1,0,/users/sgmwu14/scratch/openfold_inference_runs5times/epoch_23/your_model_epoch_23/repeat_4/predictions/6nbf_A_model_1_unrelaxed.pdb,/users/sgmwu14/scratch/openfold_inference_runs5times/epoch_23/your_model_epoch_23/repeat_4/predictions/6nbf_A_model_1_relaxed.pdb,True,55.99443514644352,23.57,76.88,478,unrelaxed,/users/sgmwu14/scratch/openfold_inference_runs5times/epoch_23/your_model_epoch_23/repeat_4/predictions/6nbf_A_model_1_unrelaxed.pdb
23,4,6xpf_A,success,1,0,/users/sgmwu14/scratch/openfold_inference_runs5times/epoch_23/your_model_epoch_23/repeat_4/predictions/6xpf_A_model_1_unrelaxed.pdb,/users/sgmwu14/scratch/openfold_inference_runs5times/epoch_23/your_model_epoch_23/repeat_4/predictions/6xpf_A_model_1_relaxed.pdb,True,68.84406249999999,23.79,81.73,320,unrelaxed,/users/sgmwu14/scratch/openfold_inference_runs5times/epoch_23/your_model_epoch_23/repeat_4/predictions/6xpf_A_model_1_unrelaxed.pdb
23,4,7dsq_A,success,1,0,/users/sgmwu14/scratch/openfold_inference_runs5times/epoch_23/your_model_epoch_23/repeat_4/predictions/7dsq_A_model_1_unrelaxed.pdb,/users/sgmwu14/scratch/openfold_inference_runs5times/epoch_23/your_model_epoch_23/repeat_4/predictions/7dsq_A_model_1_relaxed.pdb,True,70.96612068965521,36.26,78.38,464,unrelaxed,/users/sgmwu14/scratch/openfold_inference_runs5times/epoch_23/your_model_epoch_23/repeat_4/predictions/7dsq_A_model_1_unrelaxed.pdb
23,4,7evw_A,success,1,0,/users/sgmwu14/scratch/openfold_inference_runs5times/epoch_23/your_model_epoch_23/repeat_4/predictions/7evw_A_model_1_unrelaxed.pdb,/users/sgmwu14/scratch/openfold_inference_runs5times/epoch_23/your_model_epoch_23/repeat_4/predictions/7evw_A_model_1_relaxed.pdb,True,49.84011686143575,22.35,70.38,599,unrelaxed,/users/sgmwu14/scratch/openfold_inference_runs5times/epoch_23/your_model_epoch_23/repeat_4/predictions/7evw_A_model_1_unrelaxed.pdb
23,5,2olo_A,success,1,0,/users/sgmwu14/scratch/openfold_inference_runs5times/epoch_23/your_model_epoch_23/repeat_5/predictions/2olo_A_model_1_unrelaxed.pdb,/users/sgmwu14/scratch/openfold_inference_runs5times/epoch_23/your_model_epoch_23/repeat_5/predictions/2olo_A_model_1_relaxed.pdb,True,60.59737789203086,29.17,81.33,389,unrelaxed,/users/sgmwu14/scratch/openfold_inference_runs5times/epoch_23/your_model_epoch_23/repeat_5/predictions/2olo_A_model_1_unrelaxed.pdb
23,5,4bp8_A,success,1,0,/users/sgmwu14/scratch/openfold_inference_runs5times/epoch_23/your_model_epoch_23/repeat_5/predictions/4bp8_A_model_1_unrelaxed.pdb,/users/sgmwu14/scratch/openfold_inference_runs5times/epoch_23/your_model_epoch_23/repeat_5/predictions/4bp8_A_model_1_relaxed.pdb,True,66.01574825174832,34.72,79.09,715,unrelaxed,/users/sgmwu14/scratch/openfold_inference_runs5times/epoch_23/your_model_epoch_23/repeat_5/predictions/4bp8_A_model_1_unrelaxed.pdb
23,5,5i6x_A,success,1,0,/users/sgmwu14/scratch/openfold_inference_runs5times/epoch_23/your_model_epoch_23/repeat_5/predictions/5i6x_A_model_1_unrelaxed.pdb,/users/sgmwu14/scratch/openfold_inference_runs5times/epoch_23/your_model_epoch_23/repeat_5/predictions/5i6x_A_model_1_relaxed.pdb,True,63.93639344262294,22.41,76.41,549,unrelaxed,/users/sgmwu14/scratch/openfold_inference_runs5times/epoch_23/your_model_epoch_23/repeat_5/predictions/5i6x_A_model_1_unrelaxed.pdb
23,5,6nbf_A,success,1,0,/users/sgmwu14/scratch/openfold_inference_runs5times/epoch_23/your_model_epoch_23/repeat_5/predictions/6nbf_A_model_1_unrelaxed.pdb,/users/sgmwu14/scratch/openfold_inference_runs5times/epoch_23/your_model_epoch_23/repeat_5/predictions/6nbf_A_model_1_relaxed.pdb,True,49.75589958158996,17.57,71.04,478,unrelaxed,/users/sgmwu14/scratch/openfold_inference_runs5times/epoch_23/your_model_epoch_23/repeat_5/predictions/6nbf_A_model_1_unrelaxed.pdb
23,5,6xpf_A,success,1,0,/users/sgmwu14/scratch/openfold_inference_runs5times/epoch_23/your_model_epoch_23/repeat_5/predictions/6xpf_A_model_1_unrelaxed.pdb,/users/sgmwu14/scratch/openfold_inference_runs5times/epoch_23/your_model_epoch_23/repeat_5/predictions/6xpf_A_model_1_relaxed.pdb,True,68.431,26.86,81.82,320,unrelaxed,/users/sgmwu14/scratch/openfold_inference_runs5times/epoch_23/your_model_epoch_23/repeat_5/predictions/6xpf_A_model_1_unrelaxed.pdb
23,5,7dsq_A,success,1,0,/users/sgmwu14/scratch/openfold_inference_runs5times/epoch_23/your_model_epoch_23/repeat_5/predictions/7dsq_A_model_1_unrelaxed.pdb,/users/sgmwu14/scratch/openfold_inference_runs5times/epoch_23/your_model_epoch_23/repeat_5/predictions/7dsq_A_model_1_relaxed.pdb,True,70.94924568965517,37.37,78.01,464,unrelaxed,/users/sgmwu14/scratch/openfold_inference_runs5times/epoch_23/your_model_epoch_23/repeat_5/predictions/7dsq_A_model_1_unrelaxed.pdb
23,5,7evw_A,error,0,1,/users/sgmwu14/scratch/openfold_inference_runs5times/epoch_23/your_model_epoch_23/repeat_5/predictions/7evw_A_model_1_unrelaxed.pdb,/users/sgmwu14/scratch/openfold_inference_runs5times/epoch_23/your_model_epoch_23/repeat_5/predictions/7evw_A_model_1_relaxed.pdb,False,53.189699499165336,23.76,74.65,599,unrelaxed,/users/sgmwu14/scratch/openfold_inference_runs5times/epoch_23/your_model_epoch_23/repeat_5/predictions/7evw_A_model_1_unrelaxed.pdb
24,1,2olo_A,success,1,0,/users/sgmwu14/scratch/openfold_inference_runs5times/epoch_24/your_model_epoch_24/repeat_1/predictions/2olo_A_model_1_unrelaxed.pdb,/users/sgmwu14/scratch/openfold_inference_runs5times/epoch_24/your_model_epoch_24/repeat_1/predictions/2olo_A_model_1_relaxed.pdb,True,60.639100257069366,27.64,81.66,389,unrelaxed,/users/sgmwu14/scratch/openfold_inference_runs5times/epoch_24/your_model_epoch_24/repeat_1/predictions/2olo_A_model_1_unrelaxed.pdb
24,1,4bp8_A,success,1,0,/users/sgmwu14/scratch/openfold_inference_runs5times/epoch_24/your_model_epoch_24/repeat_1/predictions/4bp8_A_model_1_unrelaxed.pdb,/users/sgmwu14/scratch/openfold_inference_runs5times/epoch_24/your_model_epoch_24/repeat_1/predictions/4bp8_A_model_1_relaxed.pdb,True,68.98099300699299,28.55,81.78,715,unrelaxed,/users/sgmwu14/scratch/openfold_inference_runs5times/epoch_24/your_model_epoch_24/repeat_1/predictions/4bp8_A_model_1_unrelaxed.pdb
24,1,5i6x_A,success,1,0,/users/sgmwu14/scratch/openfold_inference_runs5times/epoch_24/your_model_epoch_24/repeat_1/predictions/5i6x_A_model_1_unrelaxed.pdb,/users/sgmwu14/scratch/openfold_inference_runs5times/epoch_24/your_model_epoch_24/repeat_1/predictions/5i6x_A_model_1_relaxed.pdb,True,66.62675774134794,29.01,77.79,549,unrelaxed,/users/sgmwu14/scratch/openfold_inference_runs5times/epoch_24/your_model_epoch_24/repeat_1/predictions/5i6x_A_model_1_unrelaxed.pdb
24,1,6nbf_A,success,1,0,/users/sgmwu14/scratch/openfold_inference_runs5times/epoch_24/your_model_epoch_24/repeat_1/predictions/6nbf_A_model_1_unrelaxed.pdb,/users/sgmwu14/scratch/openfold_inference_runs5times/epoch_24/your_model_epoch_24/repeat_1/predictions/6nbf_A_model_1_relaxed.pdb,True,55.69615062761503,20.28,81.67,478,unrelaxed,/users/sgmwu14/scratch/openfold_inference_runs5times/epoch_24/your_model_epoch_24/repeat_1/predictions/6nbf_A_model_1_unrelaxed.pdb
24,1,6xpf_A,success,1,0,/users/sgmwu14/scratch/openfold_inference_runs5times/epoch_24/your_model_epoch_24/repeat_1/predictions/6xpf_A_model_1_unrelaxed.pdb,/users/sgmwu14/scratch/openfold_inference_runs5times/epoch_24/your_model_epoch_24/repeat_1/predictions/6xpf_A_model_1_relaxed.pdb,True,69.98153125000006,23.13,80.47,320,unrelaxed,/users/sgmwu14/scratch/openfold_inference_runs5times/epoch_24/your_model_epoch_24/repeat_1/predictions/6xpf_A_model_1_unrelaxed.pdb
24,1,7dsq_A,success,1,0,/users/sgmwu14/scratch/openfold_inference_runs5times/epoch_24/your_model_epoch_24/repeat_1/predictions/7dsq_A_model_1_unrelaxed.pdb,/users/sgmwu14/scratch/openfold_inference_runs5times/epoch_24/your_model_epoch_24/repeat_1/predictions/7dsq_A_model_1_relaxed.pdb,True,72.94301724137934,30.86,79.71,464,unrelaxed,/users/sgmwu14/scratch/openfold_inference_runs5times/epoch_24/your_model_epoch_24/repeat_1/predictions/7dsq_A_model_1_unrelaxed.pdb
24,1,7evw_A,success,1,0,/users/sgmwu14/scratch/openfold_inference_runs5times/epoch_24/your_model_epoch_24/repeat_1/predictions/7evw_A_model_1_unrelaxed.pdb,/users/sgmwu14/scratch/openfold_inference_runs5times/epoch_24/your_model_epoch_24/repeat_1/predictions/7evw_A_model_1_relaxed.pdb,True,55.2383138564274,27.84,74.81,599,unrelaxed,/users/sgmwu14/scratch/openfold_inference_runs5times/epoch_24/your_model_epoch_24/repeat_1/predictions/7evw_A_model_1_unrelaxed.pdb
24,2,2olo_A,success,1,0,/users/sgmwu14/scratch/openfold_inference_runs5times/epoch_24/your_model_epoch_24/repeat_2/predictions/2olo_A_model_1_unrelaxed.pdb,/users/sgmwu14/scratch/openfold_inference_runs5times/epoch_24/your_model_epoch_24/repeat_2/predictions/2olo_A_model_1_relaxed.pdb,True,61.09282776349615,28.48,81.29,389,unrelaxed,/users/sgmwu14/scratch/openfold_inference_runs5times/epoch_24/your_model_epoch_24/repeat_2/predictions/2olo_A_model_1_unrelaxed.pdb
24,2,4bp8_A,success,1,0,/users/sgmwu14/scratch/openfold_inference_runs5times/epoch_24/your_model_epoch_24/repeat_2/predictions/4bp8_A_model_1_unrelaxed.pdb,/users/sgmwu14/scratch/openfold_inference_runs5times/epoch_24/your_model_epoch_24/repeat_2/predictions/4bp8_A_model_1_relaxed.pdb,True,68.76744055944059,26.02,81.65,715,unrelaxed,/users/sgmwu14/scratch/openfold_inference_runs5times/epoch_24/your_model_epoch_24/repeat_2/predictions/4bp8_A_model_1_unrelaxed.pdb
24,2,5i6x_A,success,1,0,/users/sgmwu14/scratch/openfold_inference_runs5times/epoch_24/your_model_epoch_24/repeat_2/predictions/5i6x_A_model_1_unrelaxed.pdb,/users/sgmwu14/scratch/openfold_inference_runs5times/epoch_24/your_model_epoch_24/repeat_2/predictions/5i6x_A_model_1_relaxed.pdb,True,67.88387978142075,27.24,77.99,549,unrelaxed,/users/sgmwu14/scratch/openfold_inference_runs5times/epoch_24/your_model_epoch_24/repeat_2/predictions/5i6x_A_model_1_unrelaxed.pdb
24,2,6nbf_A,success,1,0,/users/sgmwu14/scratch/openfold_inference_runs5times/epoch_24/your_model_epoch_24/repeat_2/predictions/6nbf_A_model_1_unrelaxed.pdb,/users/sgmwu14/scratch/openfold_inference_runs5times/epoch_24/your_model_epoch_24/repeat_2/predictions/6nbf_A_model_1_relaxed.pdb,True,56.25451882845189,22.09,80.99,478,unrelaxed,/users/sgmwu14/scratch/openfold_inference_runs5times/epoch_24/your_model_epoch_24/repeat_2/predictions/6nbf_A_model_1_unrelaxed.pdb
24,2,6xpf_A,success,1,0,/users/sgmwu14/scratch/openfold_inference_runs5times/epoch_24/your_model_epoch_24/repeat_2/predictions/6xpf_A_model_1_unrelaxed.pdb,/users/sgmwu14/scratch/openfold_inference_runs5times/epoch_24/your_model_epoch_24/repeat_2/predictions/6xpf_A_model_1_relaxed.pdb,True,70.11693749999995,26.41,80.72,320,unrelaxed,/users/sgmwu14/scratch/openfold_inference_runs5times/epoch_24/your_model_epoch_24/repeat_2/predictions/6xpf_A_model_1_unrelaxed.pdb
24,2,7dsq_A,success,1,0,/users/sgmwu14/scratch/openfold_inference_runs5times/epoch_24/your_model_epoch_24/repeat_2/predictions/7dsq_A_model_1_unrelaxed.pdb,/users/sgmwu14/scratch/openfold_inference_runs5times/epoch_24/your_model_epoch_24/repeat_2/predictions/7dsq_A_model_1_relaxed.pdb,True,72.06144396551726,29.45,79.14,464,unrelaxed,/users/sgmwu14/scratch/openfold_inference_runs5times/epoch_24/your_model_epoch_24/repeat_2/predictions/7dsq_A_model_1_unrelaxed.pdb
24,2,7evw_A,success,1,0,/users/sgmwu14/scratch/openfold_inference_runs5times/epoch_24/your_model_epoch_24/repeat_2/predictions/7evw_A_model_1_unrelaxed.pdb,/users/sgmwu14/scratch/openfold_inference_runs5times/epoch_24/your_model_epoch_24/repeat_2/predictions/7evw_A_model_1_relaxed.pdb,True,56.600133555926526,25.03,75.85,599,unrelaxed,/users/sgmwu14/scratch/openfold_inference_runs5times/epoch_24/your_model_epoch_24/repeat_2/predictions/7evw_A_model_1_unrelaxed.pdb
24,3,2olo_A,success,1,0,/users/sgmwu14/scratch/openfold_inference_runs5times/epoch_24/your_model_epoch_24/repeat_3/predictions/2olo_A_model_1_unrelaxed.pdb,/users/sgmwu14/scratch/openfold_inference_runs5times/epoch_24/your_model_epoch_24/repeat_3/predictions/2olo_A_model_1_relaxed.pdb,True,61.47526992287918,31.28,81.41,389,unrelaxed,/users/sgmwu14/scratch/openfold_inference_runs5times/epoch_24/your_model_epoch_24/repeat_3/predictions/2olo_A_model_1_unrelaxed.pdb
24,3,4bp8_A,success,1,0,/users/sgmwu14/scratch/openfold_inference_runs5times/epoch_24/your_model_epoch_24/repeat_3/predictions/4bp8_A_model_1_unrelaxed.pdb,/users/sgmwu14/scratch/openfold_inference_runs5times/epoch_24/your_model_epoch_24/repeat_3/predictions/4bp8_A_model_1_relaxed.pdb,True,68.98199999999997,30.6,81.66,715,unrelaxed,/users/sgmwu14/scratch/openfold_inference_runs5times/epoch_24/your_model_epoch_24/repeat_3/predictions/4bp8_A_model_1_unrelaxed.pdb
24,3,5i6x_A,success,1,0,/users/sgmwu14/scratch/openfold_inference_runs5times/epoch_24/your_model_epoch_24/repeat_3/predictions/5i6x_A_model_1_unrelaxed.pdb,/users/sgmwu14/scratch/openfold_inference_runs5times/epoch_24/your_model_epoch_24/repeat_3/predictions/5i6x_A_model_1_relaxed.pdb,True,66.40169398907109,27.96,77.78,549,unrelaxed,/users/sgmwu14/scratch/openfold_inference_runs5times/epoch_24/your_model_epoch_24/repeat_3/predictions/5i6x_A_model_1_unrelaxed.pdb
24,3,6nbf_A,success,1,0,/users/sgmwu14/scratch/openfold_inference_runs5times/epoch_24/your_model_epoch_24/repeat_3/predictions/6nbf_A_model_1_unrelaxed.pdb,/users/sgmwu14/scratch/openfold_inference_runs5times/epoch_24/your_model_epoch_24/repeat_3/predictions/6nbf_A_model_1_relaxed.pdb,True,54.75661087866106,24.2,78.71,478,unrelaxed,/users/sgmwu14/scratch/openfold_inference_runs5times/epoch_24/your_model_epoch_24/repeat_3/predictions/6nbf_A_model_1_unrelaxed.pdb
24,3,6xpf_A,success,1,0,/users/sgmwu14/scratch/openfold_inference_runs5times/epoch_24/your_model_epoch_24/repeat_3/predictions/6xpf_A_model_1_unrelaxed.pdb,/users/sgmwu14/scratch/openfold_inference_runs5times/epoch_24/your_model_epoch_24/repeat_3/predictions/6xpf_A_model_1_relaxed.pdb,True,69.78465624999998,22.04,80.86,320,unrelaxed,/users/sgmwu14/scratch/openfold_inference_runs5times/epoch_24/your_model_epoch_24/repeat_3/predictions/6xpf_A_model_1_unrelaxed.pdb
24,3,7dsq_A,success,1,0,/users/sgmwu14/scratch/openfold_inference_runs5times/epoch_24/your_model_epoch_24/repeat_3/predictions/7dsq_A_model_1_unrelaxed.pdb,/users/sgmwu14/scratch/openfold_inference_runs5times/epoch_24/your_model_epoch_24/repeat_3/predictions/7dsq_A_model_1_relaxed.pdb,True,72.54025862068966,29.9,79.4,464,unrelaxed,/users/sgmwu14/scratch/openfold_inference_runs5times/epoch_24/your_model_epoch_24/repeat_3/predictions/7dsq_A_model_1_unrelaxed.pdb
24,3,7evw_A,error,0,1,/users/sgmwu14/scratch/openfold_inference_runs5times/epoch_24/your_model_epoch_24/repeat_3/predictions/7evw_A_model_1_unrelaxed.pdb,/users/sgmwu14/scratch/openfold_inference_runs5times/epoch_24/your_model_epoch_24/repeat_3/predictions/7evw_A_model_1_relaxed.pdb,False,56.67958263772951,25.81,75.0,599,unrelaxed,/users/sgmwu14/scratch/openfold_inference_runs5times/epoch_24/your_model_epoch_24/repeat_3/predictions/7evw_A_model_1_unrelaxed.pdb
24,4,2olo_A,success,1,0,/users/sgmwu14/scratch/openfold_inference_runs5times/epoch_24/your_model_epoch_24/repeat_4/predictions/2olo_A_model_1_unrelaxed.pdb,/users/sgmwu14/scratch/openfold_inference_runs5times/epoch_24/your_model_epoch_24/repeat_4/predictions/2olo_A_model_1_relaxed.pdb,True,61.42907455012853,28.69,82.32,389,unrelaxed,/users/sgmwu14/scratch/openfold_inference_runs5times/epoch_24/your_model_epoch_24/repeat_4/predictions/2olo_A_model_1_unrelaxed.pdb
24,4,4bp8_A,success,1,0,/users/sgmwu14/scratch/openfold_inference_runs5times/epoch_24/your_model_epoch_24/repeat_4/predictions/4bp8_A_model_1_unrelaxed.pdb,/users/sgmwu14/scratch/openfold_inference_runs5times/epoch_24/your_model_epoch_24/repeat_4/predictions/4bp8_A_model_1_relaxed.pdb,True,68.55365034965037,26.23,81.62,715,unrelaxed,/users/sgmwu14/scratch/openfold_inference_runs5times/epoch_24/your_model_epoch_24/repeat_4/predictions/4bp8_A_model_1_unrelaxed.pdb
24,4,5i6x_A,success,1,0,/users/sgmwu14/scratch/openfold_inference_runs5times/epoch_24/your_model_epoch_24/repeat_4/predictions/5i6x_A_model_1_unrelaxed.pdb,/users/sgmwu14/scratch/openfold_inference_runs5times/epoch_24/your_model_epoch_24/repeat_4/predictions/5i6x_A_model_1_relaxed.pdb,True,66.88907103825134,28.07,78.04,549,unrelaxed,/users/sgmwu14/scratch/openfold_inference_runs5times/epoch_24/your_model_epoch_24/repeat_4/predictions/5i6x_A_model_1_unrelaxed.pdb
24,4,6nbf_A,success,1,0,/users/sgmwu14/scratch/openfold_inference_runs5times/epoch_24/your_model_epoch_24/repeat_4/predictions/6nbf_A_model_1_unrelaxed.pdb,/users/sgmwu14/scratch/openfold_inference_runs5times/epoch_24/your_model_epoch_24/repeat_4/predictions/6nbf_A_model_1_relaxed.pdb,True,55.45248953974896,21.08,80.23,478,unrelaxed,/users/sgmwu14/scratch/openfold_inference_runs5times/epoch_24/your_model_epoch_24/repeat_4/predictions/6nbf_A_model_1_unrelaxed.pdb
24,4,6xpf_A,success,1,0,/users/sgmwu14/scratch/openfold_inference_runs5times/epoch_24/your_model_epoch_24/repeat_4/predictions/6xpf_A_model_1_unrelaxed.pdb,/users/sgmwu14/scratch/openfold_inference_runs5times/epoch_24/your_model_epoch_24/repeat_4/predictions/6xpf_A_model_1_relaxed.pdb,True,69.85615625,25.16,80.39,320,unrelaxed,/users/sgmwu14/scratch/openfold_inference_runs5times/epoch_24/your_model_epoch_24/repeat_4/predictions/6xpf_A_model_1_unrelaxed.pdb
24,4,7dsq_A,success,1,0,/users/sgmwu14/scratch/openfold_inference_runs5times/epoch_24/your_model_epoch_24/repeat_4/predictions/7dsq_A_model_1_unrelaxed.pdb,/users/sgmwu14/scratch/openfold_inference_runs5times/epoch_24/your_model_epoch_24/repeat_4/predictions/7dsq_A_model_1_relaxed.pdb,True,73.2005603448276,29.44,79.76,464,unrelaxed,/users/sgmwu14/scratch/openfold_inference_runs5times/epoch_24/your_model_epoch_24/repeat_4/predictions/7dsq_A_model_1_unrelaxed.pdb
24,4,7evw_A,success,1,0,/users/sgmwu14/scratch/openfold_inference_runs5times/epoch_24/your_model_epoch_24/repeat_4/predictions/7evw_A_model_1_unrelaxed.pdb,/users/sgmwu14/scratch/openfold_inference_runs5times/epoch_24/your_model_epoch_24/repeat_4/predictions/7evw_A_model_1_relaxed.pdb,True,57.22100166944904,25.09,76.08,599,unrelaxed,/users/sgmwu14/scratch/openfold_inference_runs5times/epoch_24/your_model_epoch_24/repeat_4/predictions/7evw_A_model_1_unrelaxed.pdb
24,5,2olo_A,success,1,0,/users/sgmwu14/scratch/openfold_inference_runs5times/epoch_24/your_model_epoch_24/repeat_5/predictions/2olo_A_model_1_unrelaxed.pdb,/users/sgmwu14/scratch/openfold_inference_runs5times/epoch_24/your_model_epoch_24/repeat_5/predictions/2olo_A_model_1_relaxed.pdb,True,61.19485861182518,25.86,81.1,389,unrelaxed,/users/sgmwu14/scratch/openfold_inference_runs5times/epoch_24/your_model_epoch_24/repeat_5/predictions/2olo_A_model_1_unrelaxed.pdb
24,5,4bp8_A,success,1,0,/users/sgmwu14/scratch/openfold_inference_runs5times/epoch_24/your_model_epoch_24/repeat_5/predictions/4bp8_A_model_1_unrelaxed.pdb,/users/sgmwu14/scratch/openfold_inference_runs5times/epoch_24/your_model_epoch_24/repeat_5/predictions/4bp8_A_model_1_relaxed.pdb,True,68.83858741258742,29.06,81.24,715,unrelaxed,/users/sgmwu14/scratch/openfold_inference_runs5times/epoch_24/your_model_epoch_24/repeat_5/predictions/4bp8_A_model_1_unrelaxed.pdb
24,5,5i6x_A,success,1,0,/users/sgmwu14/scratch/openfold_inference_runs5times/epoch_24/your_model_epoch_24/repeat_5/predictions/5i6x_A_model_1_unrelaxed.pdb,/users/sgmwu14/scratch/openfold_inference_runs5times/epoch_24/your_model_epoch_24/repeat_5/predictions/5i6x_A_model_1_relaxed.pdb,True,67.32273224043713,29.26,78.48,549,unrelaxed,/users/sgmwu14/scratch/openfold_inference_runs5times/epoch_24/your_model_epoch_24/repeat_5/predictions/5i6x_A_model_1_unrelaxed.pdb
24,5,6nbf_A,success,1,0,/users/sgmwu14/scratch/openfold_inference_runs5times/epoch_24/your_model_epoch_24/repeat_5/predictions/6nbf_A_model_1_unrelaxed.pdb,/users/sgmwu14/scratch/openfold_inference_runs5times/epoch_24/your_model_epoch_24/repeat_5/predictions/6nbf_A_model_1_relaxed.pdb,True,56.39700836820083,21.11,79.68,478,unrelaxed,/users/sgmwu14/scratch/openfold_inference_runs5times/epoch_24/your_model_epoch_24/repeat_5/predictions/6nbf_A_model_1_unrelaxed.pdb
24,5,6xpf_A,success,1,0,/users/sgmwu14/scratch/openfold_inference_runs5times/epoch_24/your_model_epoch_24/repeat_5/predictions/6xpf_A_model_1_unrelaxed.pdb,/users/sgmwu14/scratch/openfold_inference_runs5times/epoch_24/your_model_epoch_24/repeat_5/predictions/6xpf_A_model_1_relaxed.pdb,True,69.90834375,27.67,80.88,320,unrelaxed,/users/sgmwu14/scratch/openfold_inference_runs5times/epoch_24/your_model_epoch_24/repeat_5/predictions/6xpf_A_model_1_unrelaxed.pdb
24,5,7dsq_A,success,1,0,/users/sgmwu14/scratch/openfold_inference_runs5times/epoch_24/your_model_epoch_24/repeat_5/predictions/7dsq_A_model_1_unrelaxed.pdb,/users/sgmwu14/scratch/openfold_inference_runs5times/epoch_24/your_model_epoch_24/repeat_5/predictions/7dsq_A_model_1_relaxed.pdb,True,71.79346982758621,28.31,79.11,464,unrelaxed,/users/sgmwu14/scratch/openfold_inference_runs5times/epoch_24/your_model_epoch_24/repeat_5/predictions/7dsq_A_model_1_unrelaxed.pdb
24,5,7evw_A,success,1,0,/users/sgmwu14/scratch/openfold_inference_runs5times/epoch_24/your_model_epoch_24/repeat_5/predictions/7evw_A_model_1_unrelaxed.pdb,/users/sgmwu14/scratch/openfold_inference_runs5times/epoch_24/your_model_epoch_24/repeat_5/predictions/7evw_A_model_1_relaxed.pdb,True,57.60268781302166,27.68,76.76,599,unrelaxed,/users/sgmwu14/scratch/openfold_inference_runs5times/epoch_24/your_model_epoch_24/repeat_5/predictions/7evw_A_model_1_unrelaxed.pdb
25,1,2olo_A,success,1,0,/users/sgmwu14/scratch/openfold_inference_runs5times/epoch_25/your_model_epoch_25/repeat_1/predictions/2olo_A_model_1_unrelaxed.pdb,/users/sgmwu14/scratch/openfold_inference_runs5times/epoch_25/your_model_epoch_25/repeat_1/predictions/2olo_A_model_1_relaxed.pdb,True,64.09133676092544,27.57,82.7,389,unrelaxed,/users/sgmwu14/scratch/openfold_inference_runs5times/epoch_25/your_model_epoch_25/repeat_1/predictions/2olo_A_model_1_unrelaxed.pdb
25,1,4bp8_A,success,1,0,/users/sgmwu14/scratch/openfold_inference_runs5times/epoch_25/your_model_epoch_25/repeat_1/predictions/4bp8_A_model_1_unrelaxed.pdb,/users/sgmwu14/scratch/openfold_inference_runs5times/epoch_25/your_model_epoch_25/repeat_1/predictions/4bp8_A_model_1_relaxed.pdb,True,72.0033986013987,27.5,83.51,715,unrelaxed,/users/sgmwu14/scratch/openfold_inference_runs5times/epoch_25/your_model_epoch_25/repeat_1/predictions/4bp8_A_model_1_unrelaxed.pdb
25,1,5i6x_A,success,1,0,/users/sgmwu14/scratch/openfold_inference_runs5times/epoch_25/your_model_epoch_25/repeat_1/predictions/5i6x_A_model_1_unrelaxed.pdb,/users/sgmwu14/scratch/openfold_inference_runs5times/epoch_25/your_model_epoch_25/repeat_1/predictions/5i6x_A_model_1_relaxed.pdb,True,72.26036429872505,30.47,83.31,549,unrelaxed,/users/sgmwu14/scratch/openfold_inference_runs5times/epoch_25/your_model_epoch_25/repeat_1/predictions/5i6x_A_model_1_unrelaxed.pdb
25,1,6nbf_A,success,1,0,/users/sgmwu14/scratch/openfold_inference_runs5times/epoch_25/your_model_epoch_25/repeat_1/predictions/6nbf_A_model_1_unrelaxed.pdb,/users/sgmwu14/scratch/openfold_inference_runs5times/epoch_25/your_model_epoch_25/repeat_1/predictions/6nbf_A_model_1_relaxed.pdb,True,55.52485355648531,21.98,82.09,478,unrelaxed,/users/sgmwu14/scratch/openfold_inference_runs5times/epoch_25/your_model_epoch_25/repeat_1/predictions/6nbf_A_model_1_unrelaxed.pdb
25,1,6xpf_A,success,1,0,/users/sgmwu14/scratch/openfold_inference_runs5times/epoch_25/your_model_epoch_25/repeat_1/predictions/6xpf_A_model_1_unrelaxed.pdb,/users/sgmwu14/scratch/openfold_inference_runs5times/epoch_25/your_model_epoch_25/repeat_1/predictions/6xpf_A_model_1_relaxed.pdb,True,71.20884375000001,25.51,83.11,320,unrelaxed,/users/sgmwu14/scratch/openfold_inference_runs5times/epoch_25/your_model_epoch_25/repeat_1/predictions/6xpf_A_model_1_unrelaxed.pdb
25,1,7dsq_A,success,1,0,/users/sgmwu14/scratch/openfold_inference_runs5times/epoch_25/your_model_epoch_25/repeat_1/predictions/7dsq_A_model_1_unrelaxed.pdb,/users/sgmwu14/scratch/openfold_inference_runs5times/epoch_25/your_model_epoch_25/repeat_1/predictions/7dsq_A_model_1_relaxed.pdb,True,75.04140086206901,29.84,83.11,464,unrelaxed,/users/sgmwu14/scratch/openfold_inference_runs5times/epoch_25/your_model_epoch_25/repeat_1/predictions/7dsq_A_model_1_unrelaxed.pdb
25,1,7evw_A,success,1,0,/users/sgmwu14/scratch/openfold_inference_runs5times/epoch_25/your_model_epoch_25/repeat_1/predictions/7evw_A_model_1_unrelaxed.pdb,/users/sgmwu14/scratch/openfold_inference_runs5times/epoch_25/your_model_epoch_25/repeat_1/predictions/7evw_A_model_1_relaxed.pdb,True,57.829499165275486,20.67,80.07,599,unrelaxed,/users/sgmwu14/scratch/openfold_inference_runs5times/epoch_25/your_model_epoch_25/repeat_1/predictions/7evw_A_model_1_unrelaxed.pdb
25,2,2olo_A,success,1,0,/users/sgmwu14/scratch/openfold_inference_runs5times/epoch_25/your_model_epoch_25/repeat_2/predictions/2olo_A_model_1_unrelaxed.pdb,/users/sgmwu14/scratch/openfold_inference_runs5times/epoch_25/your_model_epoch_25/repeat_2/predictions/2olo_A_model_1_relaxed.pdb,True,64.01038560411308,25.78,82.77,389,unrelaxed,/users/sgmwu14/scratch/openfold_inference_runs5times/epoch_25/your_model_epoch_25/repeat_2/predictions/2olo_A_model_1_unrelaxed.pdb
25,2,4bp8_A,success,1,0,/users/sgmwu14/scratch/openfold_inference_runs5times/epoch_25/your_model_epoch_25/repeat_2/predictions/4bp8_A_model_1_unrelaxed.pdb,/users/sgmwu14/scratch/openfold_inference_runs5times/epoch_25/your_model_epoch_25/repeat_2/predictions/4bp8_A_model_1_relaxed.pdb,True,71.71220979020994,28.52,83.37,715,unrelaxed,/users/sgmwu14/scratch/openfold_inference_runs5times/epoch_25/your_model_epoch_25/repeat_2/predictions/4bp8_A_model_1_unrelaxed.pdb
25,2,5i6x_A,success,1,0,/users/sgmwu14/scratch/openfold_inference_runs5times/epoch_25/your_model_epoch_25/repeat_2/predictions/5i6x_A_model_1_unrelaxed.pdb,/users/sgmwu14/scratch/openfold_inference_runs5times/epoch_25/your_model_epoch_25/repeat_2/predictions/5i6x_A_model_1_relaxed.pdb,True,71.93679417122043,28.75,82.77,549,unrelaxed,/users/sgmwu14/scratch/openfold_inference_runs5times/epoch_25/your_model_epoch_25/repeat_2/predictions/5i6x_A_model_1_unrelaxed.pdb
25,2,6nbf_A,success,1,0,/users/sgmwu14/scratch/openfold_inference_runs5times/epoch_25/your_model_epoch_25/repeat_2/predictions/6nbf_A_model_1_unrelaxed.pdb,/users/sgmwu14/scratch/openfold_inference_runs5times/epoch_25/your_model_epoch_25/repeat_2/predictions/6nbf_A_model_1_relaxed.pdb,True,56.56995815899588,22.92,82.33,478,unrelaxed,/users/sgmwu14/scratch/openfold_inference_runs5times/epoch_25/your_model_epoch_25/repeat_2/predictions/6nbf_A_model_1_unrelaxed.pdb
25,2,6xpf_A,success,1,0,/users/sgmwu14/scratch/openfold_inference_runs5times/epoch_25/your_model_epoch_25/repeat_2/predictions/6xpf_A_model_1_unrelaxed.pdb,/users/sgmwu14/scratch/openfold_inference_runs5times/epoch_25/your_model_epoch_25/repeat_2/predictions/6xpf_A_model_1_relaxed.pdb,True,71.68368749999998,25.46,84.03,320,unrelaxed,/users/sgmwu14/scratch/openfold_inference_runs5times/epoch_25/your_model_epoch_25/repeat_2/predictions/6xpf_A_model_1_unrelaxed.pdb
25,2,7dsq_A,success,1,0,/users/sgmwu14/scratch/openfold_inference_runs5times/epoch_25/your_model_epoch_25/repeat_2/predictions/7dsq_A_model_1_unrelaxed.pdb,/users/sgmwu14/scratch/openfold_inference_runs5times/epoch_25/your_model_epoch_25/repeat_2/predictions/7dsq_A_model_1_relaxed.pdb,True,75.41653017241387,30.05,82.79,464,unrelaxed,/users/sgmwu14/scratch/openfold_inference_runs5times/epoch_25/your_model_epoch_25/repeat_2/predictions/7dsq_A_model_1_unrelaxed.pdb
25,2,7evw_A,success,1,0,/users/sgmwu14/scratch/openfold_inference_runs5times/epoch_25/your_model_epoch_25/repeat_2/predictions/7evw_A_model_1_unrelaxed.pdb,/users/sgmwu14/scratch/openfold_inference_runs5times/epoch_25/your_model_epoch_25/repeat_2/predictions/7evw_A_model_1_relaxed.pdb,True,57.713205342237046,23.79,79.55,599,unrelaxed,/users/sgmwu14/scratch/openfold_inference_runs5times/epoch_25/your_model_epoch_25/repeat_2/predictions/7evw_A_model_1_unrelaxed.pdb
25,3,2olo_A,success,1,0,/users/sgmwu14/scratch/openfold_inference_runs5times/epoch_25/your_model_epoch_25/repeat_3/predictions/2olo_A_model_1_unrelaxed.pdb,/users/sgmwu14/scratch/openfold_inference_runs5times/epoch_25/your_model_epoch_25/repeat_3/predictions/2olo_A_model_1_relaxed.pdb,True,63.91233933161958,30.34,83.0,389,unrelaxed,/users/sgmwu14/scratch/openfold_inference_runs5times/epoch_25/your_model_epoch_25/repeat_3/predictions/2olo_A_model_1_unrelaxed.pdb
25,3,4bp8_A,success,1,0,/users/sgmwu14/scratch/openfold_inference_runs5times/epoch_25/your_model_epoch_25/repeat_3/predictions/4bp8_A_model_1_unrelaxed.pdb,/users/sgmwu14/scratch/openfold_inference_runs5times/epoch_25/your_model_epoch_25/repeat_3/predictions/4bp8_A_model_1_relaxed.pdb,True,72.04909090909096,28.35,83.76,715,unrelaxed,/users/sgmwu14/scratch/openfold_inference_runs5times/epoch_25/your_model_epoch_25/repeat_3/predictions/4bp8_A_model_1_unrelaxed.pdb
25,3,5i6x_A,success,1,0,/users/sgmwu14/scratch/openfold_inference_runs5times/epoch_25/your_model_epoch_25/repeat_3/predictions/5i6x_A_model_1_unrelaxed.pdb,/users/sgmwu14/scratch/openfold_inference_runs5times/epoch_25/your_model_epoch_25/repeat_3/predictions/5i6x_A_model_1_relaxed.pdb,True,69.99014571948996,26.53,83.15,549,unrelaxed,/users/sgmwu14/scratch/openfold_inference_runs5times/epoch_25/your_model_epoch_25/repeat_3/predictions/5i6x_A_model_1_unrelaxed.pdb
25,3,6nbf_A,success,1,0,/users/sgmwu14/scratch/openfold_inference_runs5times/epoch_25/your_model_epoch_25/repeat_3/predictions/6nbf_A_model_1_unrelaxed.pdb,/users/sgmwu14/scratch/openfold_inference_runs5times/epoch_25/your_model_epoch_25/repeat_3/predictions/6nbf_A_model_1_relaxed.pdb,True,55.441297071129696,22.62,82.08,478,unrelaxed,/users/sgmwu14/scratch/openfold_inference_runs5times/epoch_25/your_model_epoch_25/repeat_3/predictions/6nbf_A_model_1_unrelaxed.pdb
25,3,6xpf_A,success,1,0,/users/sgmwu14/scratch/openfold_inference_runs5times/epoch_25/your_model_epoch_25/repeat_3/predictions/6xpf_A_model_1_unrelaxed.pdb,/users/sgmwu14/scratch/openfold_inference_runs5times/epoch_25/your_model_epoch_25/repeat_3/predictions/6xpf_A_model_1_relaxed.pdb,True,71.36268749999991,25.33,83.45,320,unrelaxed,/users/sgmwu14/scratch/openfold_inference_runs5times/epoch_25/your_model_epoch_25/repeat_3/predictions/6xpf_A_model_1_unrelaxed.pdb
25,3,7dsq_A,success,1,0,/users/sgmwu14/scratch/openfold_inference_runs5times/epoch_25/your_model_epoch_25/repeat_3/predictions/7dsq_A_model_1_unrelaxed.pdb,/users/sgmwu14/scratch/openfold_inference_runs5times/epoch_25/your_model_epoch_25/repeat_3/predictions/7dsq_A_model_1_relaxed.pdb,True,74.92495689655172,28.96,83.24,464,unrelaxed,/users/sgmwu14/scratch/openfold_inference_runs5times/epoch_25/your_model_epoch_25/repeat_3/predictions/7dsq_A_model_1_unrelaxed.pdb
25,3,7evw_A,success,1,0,/users/sgmwu14/scratch/openfold_inference_runs5times/epoch_25/your_model_epoch_25/repeat_3/predictions/7evw_A_model_1_unrelaxed.pdb,/users/sgmwu14/scratch/openfold_inference_runs5times/epoch_25/your_model_epoch_25/repeat_3/predictions/7evw_A_model_1_relaxed.pdb,True,58.787896494156975,24.05,80.31,599,unrelaxed,/users/sgmwu14/scratch/openfold_inference_runs5times/epoch_25/your_model_epoch_25/repeat_3/predictions/7evw_A_model_1_unrelaxed.pdb
25,4,2olo_A,success,1,0,/users/sgmwu14/scratch/openfold_inference_runs5times/epoch_25/your_model_epoch_25/repeat_4/predictions/2olo_A_model_1_unrelaxed.pdb,/users/sgmwu14/scratch/openfold_inference_runs5times/epoch_25/your_model_epoch_25/repeat_4/predictions/2olo_A_model_1_relaxed.pdb,True,63.1883547557841,26.16,82.5,389,unrelaxed,/users/sgmwu14/scratch/openfold_inference_runs5times/epoch_25/your_model_epoch_25/repeat_4/predictions/2olo_A_model_1_unrelaxed.pdb
25,4,4bp8_A,success,1,0,/users/sgmwu14/scratch/openfold_inference_runs5times/epoch_25/your_model_epoch_25/repeat_4/predictions/4bp8_A_model_1_unrelaxed.pdb,/users/sgmwu14/scratch/openfold_inference_runs5times/epoch_25/your_model_epoch_25/repeat_4/predictions/4bp8_A_model_1_relaxed.pdb,True,71.75215384615387,25.41,83.64,715,unrelaxed,/users/sgmwu14/scratch/openfold_inference_runs5times/epoch_25/your_model_epoch_25/repeat_4/predictions/4bp8_A_model_1_unrelaxed.pdb
25,4,5i6x_A,success,1,0,/users/sgmwu14/scratch/openfold_inference_runs5times/epoch_25/your_model_epoch_25/repeat_4/predictions/5i6x_A_model_1_unrelaxed.pdb,/users/sgmwu14/scratch/openfold_inference_runs5times/epoch_25/your_model_epoch_25/repeat_4/predictions/5i6x_A_model_1_relaxed.pdb,True,70.4145173041895,26.94,82.82,549,unrelaxed,/users/sgmwu14/scratch/openfold_inference_runs5times/epoch_25/your_model_epoch_25/repeat_4/predictions/5i6x_A_model_1_unrelaxed.pdb
25,4,6nbf_A,success,1,0,/users/sgmwu14/scratch/openfold_inference_runs5times/epoch_25/your_model_epoch_25/repeat_4/predictions/6nbf_A_model_1_unrelaxed.pdb,/users/sgmwu14/scratch/openfold_inference_runs5times/epoch_25/your_model_epoch_25/repeat_4/predictions/6nbf_A_model_1_relaxed.pdb,True,56.14845188284521,23.65,81.93,478,unrelaxed,/users/sgmwu14/scratch/openfold_inference_runs5times/epoch_25/your_model_epoch_25/repeat_4/predictions/6nbf_A_model_1_unrelaxed.pdb
25,4,6xpf_A,success,1,0,/users/sgmwu14/scratch/openfold_inference_runs5times/epoch_25/your_model_epoch_25/repeat_4/predictions/6xpf_A_model_1_unrelaxed.pdb,/users/sgmwu14/scratch/openfold_inference_runs5times/epoch_25/your_model_epoch_25/repeat_4/predictions/6xpf_A_model_1_relaxed.pdb,True,71.29271874999999,25.06,82.73,320,unrelaxed,/users/sgmwu14/scratch/openfold_inference_runs5times/epoch_25/your_model_epoch_25/repeat_4/predictions/6xpf_A_model_1_unrelaxed.pdb
25,4,7dsq_A,success,1,0,/users/sgmwu14/scratch/openfold_inference_runs5times/epoch_25/your_model_epoch_25/repeat_4/predictions/7dsq_A_model_1_unrelaxed.pdb,/users/sgmwu14/scratch/openfold_inference_runs5times/epoch_25/your_model_epoch_25/repeat_4/predictions/7dsq_A_model_1_relaxed.pdb,True,74.97099137931038,29.61,82.74,464,unrelaxed,/users/sgmwu14/scratch/openfold_inference_runs5times/epoch_25/your_model_epoch_25/repeat_4/predictions/7dsq_A_model_1_unrelaxed.pdb
25,4,7evw_A,success,1,0,/users/sgmwu14/scratch/openfold_inference_runs5times/epoch_25/your_model_epoch_25/repeat_4/predictions/7evw_A_model_1_unrelaxed.pdb,/users/sgmwu14/scratch/openfold_inference_runs5times/epoch_25/your_model_epoch_25/repeat_4/predictions/7evw_A_model_1_relaxed.pdb,True,58.56792988313857,22.33,81.1,599,unrelaxed,/users/sgmwu14/scratch/openfold_inference_runs5times/epoch_25/your_model_epoch_25/repeat_4/predictions/7evw_A_model_1_unrelaxed.pdb
25,5,2olo_A,success,1,0,/users/sgmwu14/scratch/openfold_inference_runs5times/epoch_25/your_model_epoch_25/repeat_5/predictions/2olo_A_model_1_unrelaxed.pdb,/users/sgmwu14/scratch/openfold_inference_runs5times/epoch_25/your_model_epoch_25/repeat_5/predictions/2olo_A_model_1_relaxed.pdb,True,63.4318508997429,26.57,82.8,389,unrelaxed,/users/sgmwu14/scratch/openfold_inference_runs5times/epoch_25/your_model_epoch_25/repeat_5/predictions/2olo_A_model_1_unrelaxed.pdb
25,5,4bp8_A,success,1,0,/users/sgmwu14/scratch/openfold_inference_runs5times/epoch_25/your_model_epoch_25/repeat_5/predictions/4bp8_A_model_1_unrelaxed.pdb,/users/sgmwu14/scratch/openfold_inference_runs5times/epoch_25/your_model_epoch_25/repeat_5/predictions/4bp8_A_model_1_relaxed.pdb,True,71.8695664335664,24.96,83.54,715,unrelaxed,/users/sgmwu14/scratch/openfold_inference_runs5times/epoch_25/your_model_epoch_25/repeat_5/predictions/4bp8_A_model_1_unrelaxed.pdb
25,5,5i6x_A,success,1,0,/users/sgmwu14/scratch/openfold_inference_runs5times/epoch_25/your_model_epoch_25/repeat_5/predictions/5i6x_A_model_1_unrelaxed.pdb,/users/sgmwu14/scratch/openfold_inference_runs5times/epoch_25/your_model_epoch_25/repeat_5/predictions/5i6x_A_model_1_relaxed.pdb,True,70.98052823315122,28.0,82.31,549,unrelaxed,/users/sgmwu14/scratch/openfold_inference_runs5times/epoch_25/your_model_epoch_25/repeat_5/predictions/5i6x_A_model_1_unrelaxed.pdb
25,5,6nbf_A,success,1,0,/users/sgmwu14/scratch/openfold_inference_runs5times/epoch_25/your_model_epoch_25/repeat_5/predictions/6nbf_A_model_1_unrelaxed.pdb,/users/sgmwu14/scratch/openfold_inference_runs5times/epoch_25/your_model_epoch_25/repeat_5/predictions/6nbf_A_model_1_relaxed.pdb,True,56.62510460251044,22.08,82.12,478,unrelaxed,/users/sgmwu14/scratch/openfold_inference_runs5times/epoch_25/your_model_epoch_25/repeat_5/predictions/6nbf_A_model_1_unrelaxed.pdb
25,5,6xpf_A,success,1,0,/users/sgmwu14/scratch/openfold_inference_runs5times/epoch_25/your_model_epoch_25/repeat_5/predictions/6xpf_A_model_1_unrelaxed.pdb,/users/sgmwu14/scratch/openfold_inference_runs5times/epoch_25/your_model_epoch_25/repeat_5/predictions/6xpf_A_model_1_relaxed.pdb,True,71.91021874999998,25.47,83.87,320,unrelaxed,/users/sgmwu14/scratch/openfold_inference_runs5times/epoch_25/your_model_epoch_25/repeat_5/predictions/6xpf_A_model_1_unrelaxed.pdb
25,5,7dsq_A,success,1,0,/users/sgmwu14/scratch/openfold_inference_runs5times/epoch_25/your_model_epoch_25/repeat_5/predictions/7dsq_A_model_1_unrelaxed.pdb,/users/sgmwu14/scratch/openfold_inference_runs5times/epoch_25/your_model_epoch_25/repeat_5/predictions/7dsq_A_model_1_relaxed.pdb,True,75.10614224137932,31.13,83.13,464,unrelaxed,/users/sgmwu14/scratch/openfold_inference_runs5times/epoch_25/your_model_epoch_25/repeat_5/predictions/7dsq_A_model_1_unrelaxed.pdb
25,5,7evw_A,error,0,1,/users/sgmwu14/scratch/openfold_inference_runs5times/epoch_25/your_model_epoch_25/repeat_5/predictions/7evw_A_model_1_unrelaxed.pdb,/users/sgmwu14/scratch/openfold_inference_runs5times/epoch_25/your_model_epoch_25/repeat_5/predictions/7evw_A_model_1_relaxed.pdb,False,57.97013355592656,22.35,80.17,599,unrelaxed,/users/sgmwu14/scratch/openfold_inference_runs5times/epoch_25/your_model_epoch_25/repeat_5/predictions/7evw_A_model_1_unrelaxed.pdb
26,1,2olo_A,success,1,0,/users/sgmwu14/scratch/openfold_inference_runs5times/epoch_26/your_model_epoch_26/repeat_1/predictions/2olo_A_model_1_unrelaxed.pdb,/users/sgmwu14/scratch/openfold_inference_runs5times/epoch_26/your_model_epoch_26/repeat_1/predictions/2olo_A_model_1_relaxed.pdb,True,52.70329048843187,24.8,78.46,389,unrelaxed,/users/sgmwu14/scratch/openfold_inference_runs5times/epoch_26/your_model_epoch_26/repeat_1/predictions/2olo_A_model_1_unrelaxed.pdb
26,1,4bp8_A,success,1,0,/users/sgmwu14/scratch/openfold_inference_runs5times/epoch_26/your_model_epoch_26/repeat_1/predictions/4bp8_A_model_1_unrelaxed.pdb,/users/sgmwu14/scratch/openfold_inference_runs5times/epoch_26/your_model_epoch_26/repeat_1/predictions/4bp8_A_model_1_relaxed.pdb,True,65.78020979020974,28.2,79.1,715,unrelaxed,/users/sgmwu14/scratch/openfold_inference_runs5times/epoch_26/your_model_epoch_26/repeat_1/predictions/4bp8_A_model_1_unrelaxed.pdb
26,1,5i6x_A,success,1,0,/users/sgmwu14/scratch/openfold_inference_runs5times/epoch_26/your_model_epoch_26/repeat_1/predictions/5i6x_A_model_1_unrelaxed.pdb,/users/sgmwu14/scratch/openfold_inference_runs5times/epoch_26/your_model_epoch_26/repeat_1/predictions/5i6x_A_model_1_relaxed.pdb,True,49.57557377049184,25.75,72.72,549,unrelaxed,/users/sgmwu14/scratch/openfold_inference_runs5times/epoch_26/your_model_epoch_26/repeat_1/predictions/5i6x_A_model_1_unrelaxed.pdb
26,1,6nbf_A,success,1,0,/users/sgmwu14/scratch/openfold_inference_runs5times/epoch_26/your_model_epoch_26/repeat_1/predictions/6nbf_A_model_1_unrelaxed.pdb,/users/sgmwu14/scratch/openfold_inference_runs5times/epoch_26/your_model_epoch_26/repeat_1/predictions/6nbf_A_model_1_relaxed.pdb,True,46.67794979079502,22.45,76.59,478,unrelaxed,/users/sgmwu14/scratch/openfold_inference_runs5times/epoch_26/your_model_epoch_26/repeat_1/predictions/6nbf_A_model_1_unrelaxed.pdb
26,1,6xpf_A,success,1,0,/users/sgmwu14/scratch/openfold_inference_runs5times/epoch_26/your_model_epoch_26/repeat_1/predictions/6xpf_A_model_1_unrelaxed.pdb,/users/sgmwu14/scratch/openfold_inference_runs5times/epoch_26/your_model_epoch_26/repeat_1/predictions/6xpf_A_model_1_relaxed.pdb,True,67.53768750000006,24.57,82.05,320,unrelaxed,/users/sgmwu14/scratch/openfold_inference_runs5times/epoch_26/your_model_epoch_26/repeat_1/predictions/6xpf_A_model_1_unrelaxed.pdb
26,1,7dsq_A,success,1,0,/users/sgmwu14/scratch/openfold_inference_runs5times/epoch_26/your_model_epoch_26/repeat_1/predictions/7dsq_A_model_1_unrelaxed.pdb,/users/sgmwu14/scratch/openfold_inference_runs5times/epoch_26/your_model_epoch_26/repeat_1/predictions/7dsq_A_model_1_relaxed.pdb,True,64.83148706896556,30.13,75.97,464,unrelaxed,/users/sgmwu14/scratch/openfold_inference_runs5times/epoch_26/your_model_epoch_26/repeat_1/predictions/7dsq_A_model_1_unrelaxed.pdb
26,1,7evw_A,error,0,1,/users/sgmwu14/scratch/openfold_inference_runs5times/epoch_26/your_model_epoch_26/repeat_1/predictions/7evw_A_model_1_unrelaxed.pdb,/users/sgmwu14/scratch/openfold_inference_runs5times/epoch_26/your_model_epoch_26/repeat_1/predictions/7evw_A_model_1_relaxed.pdb,False,51.47030050083472,21.23,80.98,599,unrelaxed,/users/sgmwu14/scratch/openfold_inference_runs5times/epoch_26/your_model_epoch_26/repeat_1/predictions/7evw_A_model_1_unrelaxed.pdb
26,2,2olo_A,success,1,0,/users/sgmwu14/scratch/openfold_inference_runs5times/epoch_26/your_model_epoch_26/repeat_2/predictions/2olo_A_model_1_unrelaxed.pdb,/users/sgmwu14/scratch/openfold_inference_runs5times/epoch_26/your_model_epoch_26/repeat_2/predictions/2olo_A_model_1_relaxed.pdb,True,52.3496658097686,23.66,78.38,389,unrelaxed,/users/sgmwu14/scratch/openfold_inference_runs5times/epoch_26/your_model_epoch_26/repeat_2/predictions/2olo_A_model_1_unrelaxed.pdb
26,2,4bp8_A,success,1,0,/users/sgmwu14/scratch/openfold_inference_runs5times/epoch_26/your_model_epoch_26/repeat_2/predictions/4bp8_A_model_1_unrelaxed.pdb,/users/sgmwu14/scratch/openfold_inference_runs5times/epoch_26/your_model_epoch_26/repeat_2/predictions/4bp8_A_model_1_relaxed.pdb,True,65.80904895104894,28.03,79.43,715,unrelaxed,/users/sgmwu14/scratch/openfold_inference_runs5times/epoch_26/your_model_epoch_26/repeat_2/predictions/4bp8_A_model_1_unrelaxed.pdb
26,2,5i6x_A,success,1,0,/users/sgmwu14/scratch/openfold_inference_runs5times/epoch_26/your_model_epoch_26/repeat_2/predictions/5i6x_A_model_1_unrelaxed.pdb,/users/sgmwu14/scratch/openfold_inference_runs5times/epoch_26/your_model_epoch_26/repeat_2/predictions/5i6x_A_model_1_relaxed.pdb,True,51.09907103825139,23.55,72.22,549,unrelaxed,/users/sgmwu14/scratch/openfold_inference_runs5times/epoch_26/your_model_epoch_26/repeat_2/predictions/5i6x_A_model_1_unrelaxed.pdb
26,2,6nbf_A,success,1,0,/users/sgmwu14/scratch/openfold_inference_runs5times/epoch_26/your_model_epoch_26/repeat_2/predictions/6nbf_A_model_1_unrelaxed.pdb,/users/sgmwu14/scratch/openfold_inference_runs5times/epoch_26/your_model_epoch_26/repeat_2/predictions/6nbf_A_model_1_relaxed.pdb,True,47.275000000000006,22.08,80.2,478,unrelaxed,/users/sgmwu14/scratch/openfold_inference_runs5times/epoch_26/your_model_epoch_26/repeat_2/predictions/6nbf_A_model_1_unrelaxed.pdb
26,2,6xpf_A,success,1,0,/users/sgmwu14/scratch/openfold_inference_runs5times/epoch_26/your_model_epoch_26/repeat_2/predictions/6xpf_A_model_1_unrelaxed.pdb,/users/sgmwu14/scratch/openfold_inference_runs5times/epoch_26/your_model_epoch_26/repeat_2/predictions/6xpf_A_model_1_relaxed.pdb,True,67.4831875,24.8,81.46,320,unrelaxed,/users/sgmwu14/scratch/openfold_inference_runs5times/epoch_26/your_model_epoch_26/repeat_2/predictions/6xpf_A_model_1_unrelaxed.pdb
26,2,7dsq_A,success,1,0,/users/sgmwu14/scratch/openfold_inference_runs5times/epoch_26/your_model_epoch_26/repeat_2/predictions/7dsq_A_model_1_unrelaxed.pdb,/users/sgmwu14/scratch/openfold_inference_runs5times/epoch_26/your_model_epoch_26/repeat_2/predictions/7dsq_A_model_1_relaxed.pdb,True,63.741896551724096,31.7,76.49,464,unrelaxed,/users/sgmwu14/scratch/openfold_inference_runs5times/epoch_26/your_model_epoch_26/repeat_2/predictions/7dsq_A_model_1_unrelaxed.pdb
26,2,7evw_A,success,1,0,/users/sgmwu14/scratch/openfold_inference_runs5times/epoch_26/your_model_epoch_26/repeat_2/predictions/7evw_A_model_1_unrelaxed.pdb,/users/sgmwu14/scratch/openfold_inference_runs5times/epoch_26/your_model_epoch_26/repeat_2/predictions/7evw_A_model_1_relaxed.pdb,True,51.25757929883138,22.6,81.46,599,unrelaxed,/users/sgmwu14/scratch/openfold_inference_runs5times/epoch_26/your_model_epoch_26/repeat_2/predictions/7evw_A_model_1_unrelaxed.pdb
26,3,2olo_A,success,1,0,/users/sgmwu14/scratch/openfold_inference_runs5times/epoch_26/your_model_epoch_26/repeat_3/predictions/2olo_A_model_1_unrelaxed.pdb,/users/sgmwu14/scratch/openfold_inference_runs5times/epoch_26/your_model_epoch_26/repeat_3/predictions/2olo_A_model_1_relaxed.pdb,True,52.55236503856044,24.78,78.24,389,unrelaxed,/users/sgmwu14/scratch/openfold_inference_runs5times/epoch_26/your_model_epoch_26/repeat_3/predictions/2olo_A_model_1_unrelaxed.pdb
26,3,4bp8_A,success,1,0,/users/sgmwu14/scratch/openfold_inference_runs5times/epoch_26/your_model_epoch_26/repeat_3/predictions/4bp8_A_model_1_unrelaxed.pdb,/users/sgmwu14/scratch/openfold_inference_runs5times/epoch_26/your_model_epoch_26/repeat_3/predictions/4bp8_A_model_1_relaxed.pdb,True,65.57591608391613,28.64,79.53,715,unrelaxed,/users/sgmwu14/scratch/openfold_inference_runs5times/epoch_26/your_model_epoch_26/repeat_3/predictions/4bp8_A_model_1_unrelaxed.pdb
26,3,5i6x_A,success,1,0,/users/sgmwu14/scratch/openfold_inference_runs5times/epoch_26/your_model_epoch_26/repeat_3/predictions/5i6x_A_model_1_unrelaxed.pdb,/users/sgmwu14/scratch/openfold_inference_runs5times/epoch_26/your_model_epoch_26/repeat_3/predictions/5i6x_A_model_1_relaxed.pdb,True,52.01154826958102,23.54,72.27,549,unrelaxed,/users/sgmwu14/scratch/openfold_inference_runs5times/epoch_26/your_model_epoch_26/repeat_3/predictions/5i6x_A_model_1_unrelaxed.pdb
26,3,6nbf_A,success,1,0,/users/sgmwu14/scratch/openfold_inference_runs5times/epoch_26/your_model_epoch_26/repeat_3/predictions/6nbf_A_model_1_unrelaxed.pdb,/users/sgmwu14/scratch/openfold_inference_runs5times/epoch_26/your_model_epoch_26/repeat_3/predictions/6nbf_A_model_1_relaxed.pdb,True,47.14479079497907,22.37,79.95,478,unrelaxed,/users/sgmwu14/scratch/openfold_inference_runs5times/epoch_26/your_model_epoch_26/repeat_3/predictions/6nbf_A_model_1_unrelaxed.pdb
26,3,6xpf_A,success,1,0,/users/sgmwu14/scratch/openfold_inference_runs5times/epoch_26/your_model_epoch_26/repeat_3/predictions/6xpf_A_model_1_unrelaxed.pdb,/users/sgmwu14/scratch/openfold_inference_runs5times/epoch_26/your_model_epoch_26/repeat_3/predictions/6xpf_A_model_1_relaxed.pdb,True,67.31390624999993,23.46,81.96,320,unrelaxed,/users/sgmwu14/scratch/openfold_inference_runs5times/epoch_26/your_model_epoch_26/repeat_3/predictions/6xpf_A_model_1_unrelaxed.pdb
26,3,7dsq_A,success,1,0,/users/sgmwu14/scratch/openfold_inference_runs5times/epoch_26/your_model_epoch_26/repeat_3/predictions/7dsq_A_model_1_unrelaxed.pdb,/users/sgmwu14/scratch/openfold_inference_runs5times/epoch_26/your_model_epoch_26/repeat_3/predictions/7dsq_A_model_1_relaxed.pdb,True,62.21762931034486,27.61,75.53,464,unrelaxed,/users/sgmwu14/scratch/openfold_inference_runs5times/epoch_26/your_model_epoch_26/repeat_3/predictions/7dsq_A_model_1_unrelaxed.pdb
26,3,7evw_A,success,1,0,/users/sgmwu14/scratch/openfold_inference_runs5times/epoch_26/your_model_epoch_26/repeat_3/predictions/7evw_A_model_1_unrelaxed.pdb,/users/sgmwu14/scratch/openfold_inference_runs5times/epoch_26/your_model_epoch_26/repeat_3/predictions/7evw_A_model_1_relaxed.pdb,True,51.06480801335559,21.06,83.62,599,unrelaxed,/users/sgmwu14/scratch/openfold_inference_runs5times/epoch_26/your_model_epoch_26/repeat_3/predictions/7evw_A_model_1_unrelaxed.pdb
26,4,2olo_A,success,1,0,/users/sgmwu14/scratch/openfold_inference_runs5times/epoch_26/your_model_epoch_26/repeat_4/predictions/2olo_A_model_1_unrelaxed.pdb,/users/sgmwu14/scratch/openfold_inference_runs5times/epoch_26/your_model_epoch_26/repeat_4/predictions/2olo_A_model_1_relaxed.pdb,True,52.3345758354756,25.09,78.3,389,unrelaxed,/users/sgmwu14/scratch/openfold_inference_runs5times/epoch_26/your_model_epoch_26/repeat_4/predictions/2olo_A_model_1_unrelaxed.pdb
26,4,4bp8_A,success,1,0,/users/sgmwu14/scratch/openfold_inference_runs5times/epoch_26/your_model_epoch_26/repeat_4/predictions/4bp8_A_model_1_unrelaxed.pdb,/users/sgmwu14/scratch/openfold_inference_runs5times/epoch_26/your_model_epoch_26/repeat_4/predictions/4bp8_A_model_1_relaxed.pdb,True,65.4340979020979,27.76,79.38,715,unrelaxed,/users/sgmwu14/scratch/openfold_inference_runs5times/epoch_26/your_model_epoch_26/repeat_4/predictions/4bp8_A_model_1_unrelaxed.pdb
26,4,5i6x_A,success,1,0,/users/sgmwu14/scratch/openfold_inference_runs5times/epoch_26/your_model_epoch_26/repeat_4/predictions/5i6x_A_model_1_unrelaxed.pdb,/users/sgmwu14/scratch/openfold_inference_runs5times/epoch_26/your_model_epoch_26/repeat_4/predictions/5i6x_A_model_1_relaxed.pdb,True,50.877122040072855,23.51,70.73,549,unrelaxed,/users/sgmwu14/scratch/openfold_inference_runs5times/epoch_26/your_model_epoch_26/repeat_4/predictions/5i6x_A_model_1_unrelaxed.pdb
26,4,6nbf_A,error,0,1,/users/sgmwu14/scratch/openfold_inference_runs5times/epoch_26/your_model_epoch_26/repeat_4/predictions/6nbf_A_model_1_unrelaxed.pdb,/users/sgmwu14/scratch/openfold_inference_runs5times/epoch_26/your_model_epoch_26/repeat_4/predictions/6nbf_A_model_1_relaxed.pdb,False,45.56533472803349,23.4,75.55,478,unrelaxed,/users/sgmwu14/scratch/openfold_inference_runs5times/epoch_26/your_model_epoch_26/repeat_4/predictions/6nbf_A_model_1_unrelaxed.pdb
26,4,6xpf_A,success,1,0,/users/sgmwu14/scratch/openfold_inference_runs5times/epoch_26/your_model_epoch_26/repeat_4/predictions/6xpf_A_model_1_unrelaxed.pdb,/users/sgmwu14/scratch/openfold_inference_runs5times/epoch_26/your_model_epoch_26/repeat_4/predictions/6xpf_A_model_1_relaxed.pdb,True,67.22971875,24.52,81.97,320,unrelaxed,/users/sgmwu14/scratch/openfold_inference_runs5times/epoch_26/your_model_epoch_26/repeat_4/predictions/6xpf_A_model_1_unrelaxed.pdb
26,4,7dsq_A,success,1,0,/users/sgmwu14/scratch/openfold_inference_runs5times/epoch_26/your_model_epoch_26/repeat_4/predictions/7dsq_A_model_1_unrelaxed.pdb,/users/sgmwu14/scratch/openfold_inference_runs5times/epoch_26/your_model_epoch_26/repeat_4/predictions/7dsq_A_model_1_relaxed.pdb,True,62.36137931034487,30.77,75.22,464,unrelaxed,/users/sgmwu14/scratch/openfold_inference_runs5times/epoch_26/your_model_epoch_26/repeat_4/predictions/7dsq_A_model_1_unrelaxed.pdb
26,4,7evw_A,error,0,1,/users/sgmwu14/scratch/openfold_inference_runs5times/epoch_26/your_model_epoch_26/repeat_4/predictions/7evw_A_model_1_unrelaxed.pdb,/users/sgmwu14/scratch/openfold_inference_runs5times/epoch_26/your_model_epoch_26/repeat_4/predictions/7evw_A_model_1_relaxed.pdb,False,48.01173622704508,20.43,82.94,599,unrelaxed,/users/sgmwu14/scratch/openfold_inference_runs5times/epoch_26/your_model_epoch_26/repeat_4/predictions/7evw_A_model_1_unrelaxed.pdb
26,5,2olo_A,success,1,0,/users/sgmwu14/scratch/openfold_inference_runs5times/epoch_26/your_model_epoch_26/repeat_5/predictions/2olo_A_model_1_unrelaxed.pdb,/users/sgmwu14/scratch/openfold_inference_runs5times/epoch_26/your_model_epoch_26/repeat_5/predictions/2olo_A_model_1_relaxed.pdb,True,52.40133676092539,26.11,78.12,389,unrelaxed,/users/sgmwu14/scratch/openfold_inference_runs5times/epoch_26/your_model_epoch_26/repeat_5/predictions/2olo_A_model_1_unrelaxed.pdb
26,5,4bp8_A,success,1,0,/users/sgmwu14/scratch/openfold_inference_runs5times/epoch_26/your_model_epoch_26/repeat_5/predictions/4bp8_A_model_1_unrelaxed.pdb,/users/sgmwu14/scratch/openfold_inference_runs5times/epoch_26/your_model_epoch_26/repeat_5/predictions/4bp8_A_model_1_relaxed.pdb,True,66.18979020979023,29.51,79.92,715,unrelaxed,/users/sgmwu14/scratch/openfold_inference_runs5times/epoch_26/your_model_epoch_26/repeat_5/predictions/4bp8_A_model_1_unrelaxed.pdb
26,5,5i6x_A,success,1,0,/users/sgmwu14/scratch/openfold_inference_runs5times/epoch_26/your_model_epoch_26/repeat_5/predictions/5i6x_A_model_1_unrelaxed.pdb,/users/sgmwu14/scratch/openfold_inference_runs5times/epoch_26/your_model_epoch_26/repeat_5/predictions/5i6x_A_model_1_relaxed.pdb,True,50.32043715846997,22.32,72.43,549,unrelaxed,/users/sgmwu14/scratch/openfold_inference_runs5times/epoch_26/your_model_epoch_26/repeat_5/predictions/5i6x_A_model_1_unrelaxed.pdb
26,5,6nbf_A,success,1,0,/users/sgmwu14/scratch/openfold_inference_runs5times/epoch_26/your_model_epoch_26/repeat_5/predictions/6nbf_A_model_1_unrelaxed.pdb,/users/sgmwu14/scratch/openfold_inference_runs5times/epoch_26/your_model_epoch_26/repeat_5/predictions/6nbf_A_model_1_relaxed.pdb,True,46.899832635983344,22.39,78.4,478,unrelaxed,/users/sgmwu14/scratch/openfold_inference_runs5times/epoch_26/your_model_epoch_26/repeat_5/predictions/6nbf_A_model_1_unrelaxed.pdb
26,5,6xpf_A,success,1,0,/users/sgmwu14/scratch/openfold_inference_runs5times/epoch_26/your_model_epoch_26/repeat_5/predictions/6xpf_A_model_1_unrelaxed.pdb,/users/sgmwu14/scratch/openfold_inference_runs5times/epoch_26/your_model_epoch_26/repeat_5/predictions/6xpf_A_model_1_relaxed.pdb,True,67.23203125000003,25.32,81.08,320,unrelaxed,/users/sgmwu14/scratch/openfold_inference_runs5times/epoch_26/your_model_epoch_26/repeat_5/predictions/6xpf_A_model_1_unrelaxed.pdb
26,5,7dsq_A,success,1,0,/users/sgmwu14/scratch/openfold_inference_runs5times/epoch_26/your_model_epoch_26/repeat_5/predictions/7dsq_A_model_1_unrelaxed.pdb,/users/sgmwu14/scratch/openfold_inference_runs5times/epoch_26/your_model_epoch_26/repeat_5/predictions/7dsq_A_model_1_relaxed.pdb,True,63.10653017241382,27.19,75.55,464,unrelaxed,/users/sgmwu14/scratch/openfold_inference_runs5times/epoch_26/your_model_epoch_26/repeat_5/predictions/7dsq_A_model_1_unrelaxed.pdb
26,5,7evw_A,success,1,0,/users/sgmwu14/scratch/openfold_inference_runs5times/epoch_26/your_model_epoch_26/repeat_5/predictions/7evw_A_model_1_unrelaxed.pdb,/users/sgmwu14/scratch/openfold_inference_runs5times/epoch_26/your_model_epoch_26/repeat_5/predictions/7evw_A_model_1_relaxed.pdb,True,50.53647746243735,22.23,85.56,599,unrelaxed,/users/sgmwu14/scratch/openfold_inference_runs5times/epoch_26/your_model_epoch_26/repeat_5/predictions/7evw_A_model_1_unrelaxed.pdb
27,1,2olo_A,success,1,0,/users/sgmwu14/scratch/openfold_inference_runs5times/epoch_27/your_model_epoch_27/repeat_1/predictions/2olo_A_model_1_unrelaxed.pdb,/users/sgmwu14/scratch/openfold_inference_runs5times/epoch_27/your_model_epoch_27/repeat_1/predictions/2olo_A_model_1_relaxed.pdb,True,68.75565552699229,30.68,83.8,389,unrelaxed,/users/sgmwu14/scratch/openfold_inference_runs5times/epoch_27/your_model_epoch_27/repeat_1/predictions/2olo_A_model_1_unrelaxed.pdb
27,1,4bp8_A,success,1,0,/users/sgmwu14/scratch/openfold_inference_runs5times/epoch_27/your_model_epoch_27/repeat_1/predictions/4bp8_A_model_1_unrelaxed.pdb,/users/sgmwu14/scratch/openfold_inference_runs5times/epoch_27/your_model_epoch_27/repeat_1/predictions/4bp8_A_model_1_relaxed.pdb,True,72.44179020979017,31.09,83.27,715,unrelaxed,/users/sgmwu14/scratch/openfold_inference_runs5times/epoch_27/your_model_epoch_27/repeat_1/predictions/4bp8_A_model_1_unrelaxed.pdb
27,1,5i6x_A,success,1,0,/users/sgmwu14/scratch/openfold_inference_runs5times/epoch_27/your_model_epoch_27/repeat_1/predictions/5i6x_A_model_1_unrelaxed.pdb,/users/sgmwu14/scratch/openfold_inference_runs5times/epoch_27/your_model_epoch_27/repeat_1/predictions/5i6x_A_model_1_relaxed.pdb,True,74.1723132969035,26.18,83.79,549,unrelaxed,/users/sgmwu14/scratch/openfold_inference_runs5times/epoch_27/your_model_epoch_27/repeat_1/predictions/5i6x_A_model_1_unrelaxed.pdb
27,1,6nbf_A,success,1,0,/users/sgmwu14/scratch/openfold_inference_runs5times/epoch_27/your_model_epoch_27/repeat_1/predictions/6nbf_A_model_1_unrelaxed.pdb,/users/sgmwu14/scratch/openfold_inference_runs5times/epoch_27/your_model_epoch_27/repeat_1/predictions/6nbf_A_model_1_relaxed.pdb,True,57.49677824267781,21.88,83.67,478,unrelaxed,/users/sgmwu14/scratch/openfold_inference_runs5times/epoch_27/your_model_epoch_27/repeat_1/predictions/6nbf_A_model_1_unrelaxed.pdb
27,1,6xpf_A,success,1,0,/users/sgmwu14/scratch/openfold_inference_runs5times/epoch_27/your_model_epoch_27/repeat_1/predictions/6xpf_A_model_1_unrelaxed.pdb,/users/sgmwu14/scratch/openfold_inference_runs5times/epoch_27/your_model_epoch_27/repeat_1/predictions/6xpf_A_model_1_relaxed.pdb,True,73.29465625000005,22.59,85.13,320,unrelaxed,/users/sgmwu14/scratch/openfold_inference_runs5times/epoch_27/your_model_epoch_27/repeat_1/predictions/6xpf_A_model_1_unrelaxed.pdb
27,1,7dsq_A,success,1,0,/users/sgmwu14/scratch/openfold_inference_runs5times/epoch_27/your_model_epoch_27/repeat_1/predictions/7dsq_A_model_1_unrelaxed.pdb,/users/sgmwu14/scratch/openfold_inference_runs5times/epoch_27/your_model_epoch_27/repeat_1/predictions/7dsq_A_model_1_relaxed.pdb,True,77.20215517241377,35.29,83.91,464,unrelaxed,/users/sgmwu14/scratch/openfold_inference_runs5times/epoch_27/your_model_epoch_27/repeat_1/predictions/7dsq_A_model_1_unrelaxed.pdb
27,1,7evw_A,success,1,0,/users/sgmwu14/scratch/openfold_inference_runs5times/epoch_27/your_model_epoch_27/repeat_1/predictions/7evw_A_model_1_unrelaxed.pdb,/users/sgmwu14/scratch/openfold_inference_runs5times/epoch_27/your_model_epoch_27/repeat_1/predictions/7evw_A_model_1_relaxed.pdb,True,60.65106844741237,23.56,82.41,599,unrelaxed,/users/sgmwu14/scratch/openfold_inference_runs5times/epoch_27/your_model_epoch_27/repeat_1/predictions/7evw_A_model_1_unrelaxed.pdb
27,2,2olo_A,success,1,0,/users/sgmwu14/scratch/openfold_inference_runs5times/epoch_27/your_model_epoch_27/repeat_2/predictions/2olo_A_model_1_unrelaxed.pdb,/users/sgmwu14/scratch/openfold_inference_runs5times/epoch_27/your_model_epoch_27/repeat_2/predictions/2olo_A_model_1_relaxed.pdb,True,69.14552699228791,31.33,83.66,389,unrelaxed,/users/sgmwu14/scratch/openfold_inference_runs5times/epoch_27/your_model_epoch_27/repeat_2/predictions/2olo_A_model_1_unrelaxed.pdb
27,2,4bp8_A,success,1,0,/users/sgmwu14/scratch/openfold_inference_runs5times/epoch_27/your_model_epoch_27/repeat_2/predictions/4bp8_A_model_1_unrelaxed.pdb,/users/sgmwu14/scratch/openfold_inference_runs5times/epoch_27/your_model_epoch_27/repeat_2/predictions/4bp8_A_model_1_relaxed.pdb,True,72.49963636363645,32.17,83.32,715,unrelaxed,/users/sgmwu14/scratch/openfold_inference_runs5times/epoch_27/your_model_epoch_27/repeat_2/predictions/4bp8_A_model_1_unrelaxed.pdb
27,2,5i6x_A,success,1,0,/users/sgmwu14/scratch/openfold_inference_runs5times/epoch_27/your_model_epoch_27/repeat_2/predictions/5i6x_A_model_1_unrelaxed.pdb,/users/sgmwu14/scratch/openfold_inference_runs5times/epoch_27/your_model_epoch_27/repeat_2/predictions/5i6x_A_model_1_relaxed.pdb,True,74.68965391621134,29.18,83.6,549,unrelaxed,/users/sgmwu14/scratch/openfold_inference_runs5times/epoch_27/your_model_epoch_27/repeat_2/predictions/5i6x_A_model_1_unrelaxed.pdb
27,2,6nbf_A,success,1,0,/users/sgmwu14/scratch/openfold_inference_runs5times/epoch_27/your_model_epoch_27/repeat_2/predictions/6nbf_A_model_1_unrelaxed.pdb,/users/sgmwu14/scratch/openfold_inference_runs5times/epoch_27/your_model_epoch_27/repeat_2/predictions/6nbf_A_model_1_relaxed.pdb,True,56.36702928870296,18.88,83.15,478,unrelaxed,/users/sgmwu14/scratch/openfold_inference_runs5times/epoch_27/your_model_epoch_27/repeat_2/predictions/6nbf_A_model_1_unrelaxed.pdb
27,2,6xpf_A,success,1,0,/users/sgmwu14/scratch/openfold_inference_runs5times/epoch_27/your_model_epoch_27/repeat_2/predictions/6xpf_A_model_1_unrelaxed.pdb,/users/sgmwu14/scratch/openfold_inference_runs5times/epoch_27/your_model_epoch_27/repeat_2/predictions/6xpf_A_model_1_relaxed.pdb,True,73.69259375000001,26.35,85.12,320,unrelaxed,/users/sgmwu14/scratch/openfold_inference_runs5times/epoch_27/your_model_epoch_27/repeat_2/predictions/6xpf_A_model_1_unrelaxed.pdb
27,2,7dsq_A,success,1,0,/users/sgmwu14/scratch/openfold_inference_runs5times/epoch_27/your_model_epoch_27/repeat_2/predictions/7dsq_A_model_1_unrelaxed.pdb,/users/sgmwu14/scratch/openfold_inference_runs5times/epoch_27/your_model_epoch_27/repeat_2/predictions/7dsq_A_model_1_relaxed.pdb,True,77.51217672413803,32.73,83.81,464,unrelaxed,/users/sgmwu14/scratch/openfold_inference_runs5times/epoch_27/your_model_epoch_27/repeat_2/predictions/7dsq_A_model_1_unrelaxed.pdb
27,2,7evw_A,success,1,0,/users/sgmwu14/scratch/openfold_inference_runs5times/epoch_27/your_model_epoch_27/repeat_2/predictions/7evw_A_model_1_unrelaxed.pdb,/users/sgmwu14/scratch/openfold_inference_runs5times/epoch_27/your_model_epoch_27/repeat_2/predictions/7evw_A_model_1_relaxed.pdb,True,60.31517529215356,22.52,81.76,599,unrelaxed,/users/sgmwu14/scratch/openfold_inference_runs5times/epoch_27/your_model_epoch_27/repeat_2/predictions/7evw_A_model_1_unrelaxed.pdb
27,3,2olo_A,success,1,0,/users/sgmwu14/scratch/openfold_inference_runs5times/epoch_27/your_model_epoch_27/repeat_3/predictions/2olo_A_model_1_unrelaxed.pdb,/users/sgmwu14/scratch/openfold_inference_runs5times/epoch_27/your_model_epoch_27/repeat_3/predictions/2olo_A_model_1_relaxed.pdb,True,68.7081748071979,30.8,84.22,389,unrelaxed,/users/sgmwu14/scratch/openfold_inference_runs5times/epoch_27/your_model_epoch_27/repeat_3/predictions/2olo_A_model_1_unrelaxed.pdb
27,3,4bp8_A,success,1,0,/users/sgmwu14/scratch/openfold_inference_runs5times/epoch_27/your_model_epoch_27/repeat_3/predictions/4bp8_A_model_1_unrelaxed.pdb,/users/sgmwu14/scratch/openfold_inference_runs5times/epoch_27/your_model_epoch_27/repeat_3/predictions/4bp8_A_model_1_relaxed.pdb,True,72.15923076923076,29.68,83.2,715,unrelaxed,/users/sgmwu14/scratch/openfold_inference_runs5times/epoch_27/your_model_epoch_27/repeat_3/predictions/4bp8_A_model_1_unrelaxed.pdb
27,3,5i6x_A,success,1,0,/users/sgmwu14/scratch/openfold_inference_runs5times/epoch_27/your_model_epoch_27/repeat_3/predictions/5i6x_A_model_1_unrelaxed.pdb,/users/sgmwu14/scratch/openfold_inference_runs5times/epoch_27/your_model_epoch_27/repeat_3/predictions/5i6x_A_model_1_relaxed.pdb,True,74.88508196721321,26.82,84.29,549,unrelaxed,/users/sgmwu14/scratch/openfold_inference_runs5times/epoch_27/your_model_epoch_27/repeat_3/predictions/5i6x_A_model_1_unrelaxed.pdb
27,3,6nbf_A,success,1,0,/users/sgmwu14/scratch/openfold_inference_runs5times/epoch_27/your_model_epoch_27/repeat_3/predictions/6nbf_A_model_1_unrelaxed.pdb,/users/sgmwu14/scratch/openfold_inference_runs5times/epoch_27/your_model_epoch_27/repeat_3/predictions/6nbf_A_model_1_relaxed.pdb,True,57.879581589958185,19.81,83.72,478,unrelaxed,/users/sgmwu14/scratch/openfold_inference_runs5times/epoch_27/your_model_epoch_27/repeat_3/predictions/6nbf_A_model_1_unrelaxed.pdb
27,3,6xpf_A,success,1,0,/users/sgmwu14/scratch/openfold_inference_runs5times/epoch_27/your_model_epoch_27/repeat_3/predictions/6xpf_A_model_1_unrelaxed.pdb,/users/sgmwu14/scratch/openfold_inference_runs5times/epoch_27/your_model_epoch_27/repeat_3/predictions/6xpf_A_model_1_relaxed.pdb,True,73.37431249999995,24.33,85.26,320,unrelaxed,/users/sgmwu14/scratch/openfold_inference_runs5times/epoch_27/your_model_epoch_27/repeat_3/predictions/6xpf_A_model_1_unrelaxed.pdb
27,3,7dsq_A,success,1,0,/users/sgmwu14/scratch/openfold_inference_runs5times/epoch_27/your_model_epoch_27/repeat_3/predictions/7dsq_A_model_1_unrelaxed.pdb,/users/sgmwu14/scratch/openfold_inference_runs5times/epoch_27/your_model_epoch_27/repeat_3/predictions/7dsq_A_model_1_relaxed.pdb,True,77.62980603448274,30.27,84.15,464,unrelaxed,/users/sgmwu14/scratch/openfold_inference_runs5times/epoch_27/your_model_epoch_27/repeat_3/predictions/7dsq_A_model_1_unrelaxed.pdb
27,3,7evw_A,success,1,0,/users/sgmwu14/scratch/openfold_inference_runs5times/epoch_27/your_model_epoch_27/repeat_3/predictions/7evw_A_model_1_unrelaxed.pdb,/users/sgmwu14/scratch/openfold_inference_runs5times/epoch_27/your_model_epoch_27/repeat_3/predictions/7evw_A_model_1_relaxed.pdb,True,61.06449081802999,23.39,82.5,599,unrelaxed,/users/sgmwu14/scratch/openfold_inference_runs5times/epoch_27/your_model_epoch_27/repeat_3/predictions/7evw_A_model_1_unrelaxed.pdb
27,4,2olo_A,success,1,0,/users/sgmwu14/scratch/openfold_inference_runs5times/epoch_27/your_model_epoch_27/repeat_4/predictions/2olo_A_model_1_unrelaxed.pdb,/users/sgmwu14/scratch/openfold_inference_runs5times/epoch_27/your_model_epoch_27/repeat_4/predictions/2olo_A_model_1_relaxed.pdb,True,69.19655526992294,29.25,83.54,389,unrelaxed,/users/sgmwu14/scratch/openfold_inference_runs5times/epoch_27/your_model_epoch_27/repeat_4/predictions/2olo_A_model_1_unrelaxed.pdb
27,4,4bp8_A,success,1,0,/users/sgmwu14/scratch/openfold_inference_runs5times/epoch_27/your_model_epoch_27/repeat_4/predictions/4bp8_A_model_1_unrelaxed.pdb,/users/sgmwu14/scratch/openfold_inference_runs5times/epoch_27/your_model_epoch_27/repeat_4/predictions/4bp8_A_model_1_relaxed.pdb,True,72.78600000000006,28.15,83.43,715,unrelaxed,/users/sgmwu14/scratch/openfold_inference_runs5times/epoch_27/your_model_epoch_27/repeat_4/predictions/4bp8_A_model_1_unrelaxed.pdb
27,4,5i6x_A,success,1,0,/users/sgmwu14/scratch/openfold_inference_runs5times/epoch_27/your_model_epoch_27/repeat_4/predictions/5i6x_A_model_1_unrelaxed.pdb,/users/sgmwu14/scratch/openfold_inference_runs5times/epoch_27/your_model_epoch_27/repeat_4/predictions/5i6x_A_model_1_relaxed.pdb,True,75.1873041894354,29.54,83.91,549,unrelaxed,/users/sgmwu14/scratch/openfold_inference_runs5times/epoch_27/your_model_epoch_27/repeat_4/predictions/5i6x_A_model_1_unrelaxed.pdb
27,4,6nbf_A,success,1,0,/users/sgmwu14/scratch/openfold_inference_runs5times/epoch_27/your_model_epoch_27/repeat_4/predictions/6nbf_A_model_1_unrelaxed.pdb,/users/sgmwu14/scratch/openfold_inference_runs5times/epoch_27/your_model_epoch_27/repeat_4/predictions/6nbf_A_model_1_relaxed.pdb,True,59.17179916317993,21.09,83.82,478,unrelaxed,/users/sgmwu14/scratch/openfold_inference_runs5times/epoch_27/your_model_epoch_27/repeat_4/predictions/6nbf_A_model_1_unrelaxed.pdb
27,4,6xpf_A,success,1,0,/users/sgmwu14/scratch/openfold_inference_runs5times/epoch_27/your_model_epoch_27/repeat_4/predictions/6xpf_A_model_1_unrelaxed.pdb,/users/sgmwu14/scratch/openfold_inference_runs5times/epoch_27/your_model_epoch_27/repeat_4/predictions/6xpf_A_model_1_relaxed.pdb,True,73.4926874999999,23.74,85.36,320,unrelaxed,/users/sgmwu14/scratch/openfold_inference_runs5times/epoch_27/your_model_epoch_27/repeat_4/predictions/6xpf_A_model_1_unrelaxed.pdb
27,4,7dsq_A,success,1,0,/users/sgmwu14/scratch/openfold_inference_runs5times/epoch_27/your_model_epoch_27/repeat_4/predictions/7dsq_A_model_1_unrelaxed.pdb,/users/sgmwu14/scratch/openfold_inference_runs5times/epoch_27/your_model_epoch_27/repeat_4/predictions/7dsq_A_model_1_relaxed.pdb,True,77.55495689655176,27.98,84.32,464,unrelaxed,/users/sgmwu14/scratch/openfold_inference_runs5times/epoch_27/your_model_epoch_27/repeat_4/predictions/7dsq_A_model_1_unrelaxed.pdb
27,4,7evw_A,success,1,0,/users/sgmwu14/scratch/openfold_inference_runs5times/epoch_27/your_model_epoch_27/repeat_4/predictions/7evw_A_model_1_unrelaxed.pdb,/users/sgmwu14/scratch/openfold_inference_runs5times/epoch_27/your_model_epoch_27/repeat_4/predictions/7evw_A_model_1_relaxed.pdb,True,61.3191485809683,20.14,82.83,599,unrelaxed,/users/sgmwu14/scratch/openfold_inference_runs5times/epoch_27/your_model_epoch_27/repeat_4/predictions/7evw_A_model_1_unrelaxed.pdb
27,5,2olo_A,success,1,0,/users/sgmwu14/scratch/openfold_inference_runs5times/epoch_27/your_model_epoch_27/repeat_5/predictions/2olo_A_model_1_unrelaxed.pdb,/users/sgmwu14/scratch/openfold_inference_runs5times/epoch_27/your_model_epoch_27/repeat_5/predictions/2olo_A_model_1_relaxed.pdb,True,69.2855526992288,32.43,83.02,389,unrelaxed,/users/sgmwu14/scratch/openfold_inference_runs5times/epoch_27/your_model_epoch_27/repeat_5/predictions/2olo_A_model_1_unrelaxed.pdb
27,5,4bp8_A,success,1,0,/users/sgmwu14/scratch/openfold_inference_runs5times/epoch_27/your_model_epoch_27/repeat_5/predictions/4bp8_A_model_1_unrelaxed.pdb,/users/sgmwu14/scratch/openfold_inference_runs5times/epoch_27/your_model_epoch_27/repeat_5/predictions/4bp8_A_model_1_relaxed.pdb,True,72.59625174825173,30.79,83.21,715,unrelaxed,/users/sgmwu14/scratch/openfold_inference_runs5times/epoch_27/your_model_epoch_27/repeat_5/predictions/4bp8_A_model_1_unrelaxed.pdb
27,5,5i6x_A,success,1,0,/users/sgmwu14/scratch/openfold_inference_runs5times/epoch_27/your_model_epoch_27/repeat_5/predictions/5i6x_A_model_1_unrelaxed.pdb,/users/sgmwu14/scratch/openfold_inference_runs5times/epoch_27/your_model_epoch_27/repeat_5/predictions/5i6x_A_model_1_relaxed.pdb,True,75.11318761384338,29.85,84.18,549,unrelaxed,/users/sgmwu14/scratch/openfold_inference_runs5times/epoch_27/your_model_epoch_27/repeat_5/predictions/5i6x_A_model_1_unrelaxed.pdb
27,5,6nbf_A,success,1,0,/users/sgmwu14/scratch/openfold_inference_runs5times/epoch_27/your_model_epoch_27/repeat_5/predictions/6nbf_A_model_1_unrelaxed.pdb,/users/sgmwu14/scratch/openfold_inference_runs5times/epoch_27/your_model_epoch_27/repeat_5/predictions/6nbf_A_model_1_relaxed.pdb,True,56.88096234309626,20.22,83.68,478,unrelaxed,/users/sgmwu14/scratch/openfold_inference_runs5times/epoch_27/your_model_epoch_27/repeat_5/predictions/6nbf_A_model_1_unrelaxed.pdb
27,5,6xpf_A,success,1,0,/users/sgmwu14/scratch/openfold_inference_runs5times/epoch_27/your_model_epoch_27/repeat_5/predictions/6xpf_A_model_1_unrelaxed.pdb,/users/sgmwu14/scratch/openfold_inference_runs5times/epoch_27/your_model_epoch_27/repeat_5/predictions/6xpf_A_model_1_relaxed.pdb,True,73.4680625,26.16,85.26,320,unrelaxed,/users/sgmwu14/scratch/openfold_inference_runs5times/epoch_27/your_model_epoch_27/repeat_5/predictions/6xpf_A_model_1_unrelaxed.pdb
27,5,7dsq_A,success,1,0,/users/sgmwu14/scratch/openfold_inference_runs5times/epoch_27/your_model_epoch_27/repeat_5/predictions/7dsq_A_model_1_unrelaxed.pdb,/users/sgmwu14/scratch/openfold_inference_runs5times/epoch_27/your_model_epoch_27/repeat_5/predictions/7dsq_A_model_1_relaxed.pdb,True,77.03853448275856,29.6,83.69,464,unrelaxed,/users/sgmwu14/scratch/openfold_inference_runs5times/epoch_27/your_model_epoch_27/repeat_5/predictions/7dsq_A_model_1_unrelaxed.pdb
27,5,7evw_A,success,1,0,/users/sgmwu14/scratch/openfold_inference_runs5times/epoch_27/your_model_epoch_27/repeat_5/predictions/7evw_A_model_1_unrelaxed.pdb,/users/sgmwu14/scratch/openfold_inference_runs5times/epoch_27/your_model_epoch_27/repeat_5/predictions/7evw_A_model_1_relaxed.pdb,True,60.77362270450747,19.8,81.46,599,unrelaxed,/users/sgmwu14/scratch/openfold_inference_runs5times/epoch_27/your_model_epoch_27/repeat_5/predictions/7evw_A_model_1_unrelaxed.pdb
28,1,2olo_A,success,1,0,/users/sgmwu14/scratch/openfold_inference_runs5times/epoch_28/your_model_epoch_28/repeat_1/predictions/2olo_A_model_1_unrelaxed.pdb,/users/sgmwu14/scratch/openfold_inference_runs5times/epoch_28/your_model_epoch_28/repeat_1/predictions/2olo_A_model_1_relaxed.pdb,True,69.59514138817481,30.14,84.54,389,unrelaxed,/users/sgmwu14/scratch/openfold_inference_runs5times/epoch_28/your_model_epoch_28/repeat_1/predictions/2olo_A_model_1_unrelaxed.pdb
28,1,4bp8_A,success,1,0,/users/sgmwu14/scratch/openfold_inference_runs5times/epoch_28/your_model_epoch_28/repeat_1/predictions/4bp8_A_model_1_unrelaxed.pdb,/users/sgmwu14/scratch/openfold_inference_runs5times/epoch_28/your_model_epoch_28/repeat_1/predictions/4bp8_A_model_1_relaxed.pdb,True,71.31215384615382,25.92,83.19,715,unrelaxed,/users/sgmwu14/scratch/openfold_inference_runs5times/epoch_28/your_model_epoch_28/repeat_1/predictions/4bp8_A_model_1_unrelaxed.pdb
28,1,5i6x_A,success,1,0,/users/sgmwu14/scratch/openfold_inference_runs5times/epoch_28/your_model_epoch_28/repeat_1/predictions/5i6x_A_model_1_unrelaxed.pdb,/users/sgmwu14/scratch/openfold_inference_runs5times/epoch_28/your_model_epoch_28/repeat_1/predictions/5i6x_A_model_1_relaxed.pdb,True,74.46684881602911,32.36,84.06,549,unrelaxed,/users/sgmwu14/scratch/openfold_inference_runs5times/epoch_28/your_model_epoch_28/repeat_1/predictions/5i6x_A_model_1_unrelaxed.pdb
28,1,6nbf_A,success,1,0,/users/sgmwu14/scratch/openfold_inference_runs5times/epoch_28/your_model_epoch_28/repeat_1/predictions/6nbf_A_model_1_unrelaxed.pdb,/users/sgmwu14/scratch/openfold_inference_runs5times/epoch_28/your_model_epoch_28/repeat_1/predictions/6nbf_A_model_1_relaxed.pdb,True,58.03581589958157,21.63,84.03,478,unrelaxed,/users/sgmwu14/scratch/openfold_inference_runs5times/epoch_28/your_model_epoch_28/repeat_1/predictions/6nbf_A_model_1_unrelaxed.pdb
28,1,6xpf_A,success,1,0,/users/sgmwu14/scratch/openfold_inference_runs5times/epoch_28/your_model_epoch_28/repeat_1/predictions/6xpf_A_model_1_unrelaxed.pdb,/users/sgmwu14/scratch/openfold_inference_runs5times/epoch_28/your_model_epoch_28/repeat_1/predictions/6xpf_A_model_1_relaxed.pdb,True,71.99234374999993,25.62,85.46,320,unrelaxed,/users/sgmwu14/scratch/openfold_inference_runs5times/epoch_28/your_model_epoch_28/repeat_1/predictions/6xpf_A_model_1_unrelaxed.pdb
28,1,7dsq_A,success,1,0,/users/sgmwu14/scratch/openfold_inference_runs5times/epoch_28/your_model_epoch_28/repeat_1/predictions/7dsq_A_model_1_unrelaxed.pdb,/users/sgmwu14/scratch/openfold_inference_runs5times/epoch_28/your_model_epoch_28/repeat_1/predictions/7dsq_A_model_1_relaxed.pdb,True,75.32321120689654,27.83,83.67,464,unrelaxed,/users/sgmwu14/scratch/openfold_inference_runs5times/epoch_28/your_model_epoch_28/repeat_1/predictions/7dsq_A_model_1_unrelaxed.pdb
28,1,7evw_A,success,1,0,/users/sgmwu14/scratch/openfold_inference_runs5times/epoch_28/your_model_epoch_28/repeat_1/predictions/7evw_A_model_1_unrelaxed.pdb,/users/sgmwu14/scratch/openfold_inference_runs5times/epoch_28/your_model_epoch_28/repeat_1/predictions/7evw_A_model_1_relaxed.pdb,True,60.503656093489056,23.86,82.95,599,unrelaxed,/users/sgmwu14/scratch/openfold_inference_runs5times/epoch_28/your_model_epoch_28/repeat_1/predictions/7evw_A_model_1_unrelaxed.pdb
28,2,2olo_A,success,1,0,/users/sgmwu14/scratch/openfold_inference_runs5times/epoch_28/your_model_epoch_28/repeat_2/predictions/2olo_A_model_1_unrelaxed.pdb,/users/sgmwu14/scratch/openfold_inference_runs5times/epoch_28/your_model_epoch_28/repeat_2/predictions/2olo_A_model_1_relaxed.pdb,True,70.29308483290487,28.96,84.32,389,unrelaxed,/users/sgmwu14/scratch/openfold_inference_runs5times/epoch_28/your_model_epoch_28/repeat_2/predictions/2olo_A_model_1_unrelaxed.pdb
28,2,4bp8_A,success,1,0,/users/sgmwu14/scratch/openfold_inference_runs5times/epoch_28/your_model_epoch_28/repeat_2/predictions/4bp8_A_model_1_unrelaxed.pdb,/users/sgmwu14/scratch/openfold_inference_runs5times/epoch_28/your_model_epoch_28/repeat_2/predictions/4bp8_A_model_1_relaxed.pdb,True,71.17709090909088,26.74,83.37,715,unrelaxed,/users/sgmwu14/scratch/openfold_inference_runs5times/epoch_28/your_model_epoch_28/repeat_2/predictions/4bp8_A_model_1_unrelaxed.pdb
28,2,5i6x_A,success,1,0,/users/sgmwu14/scratch/openfold_inference_runs5times/epoch_28/your_model_epoch_28/repeat_2/predictions/5i6x_A_model_1_unrelaxed.pdb,/users/sgmwu14/scratch/openfold_inference_runs5times/epoch_28/your_model_epoch_28/repeat_2/predictions/5i6x_A_model_1_relaxed.pdb,True,74.32581056466307,33.37,83.92,549,unrelaxed,/users/sgmwu14/scratch/openfold_inference_runs5times/epoch_28/your_model_epoch_28/repeat_2/predictions/5i6x_A_model_1_unrelaxed.pdb
28,2,6nbf_A,error,0,1,/users/sgmwu14/scratch/openfold_inference_runs5times/epoch_28/your_model_epoch_28/repeat_2/predictions/6nbf_A_model_1_unrelaxed.pdb,/users/sgmwu14/scratch/openfold_inference_runs5times/epoch_28/your_model_epoch_28/repeat_2/predictions/6nbf_A_model_1_relaxed.pdb,False,57.972907949790766,20.6,83.68,478,unrelaxed,/users/sgmwu14/scratch/openfold_inference_runs5times/epoch_28/your_model_epoch_28/repeat_2/predictions/6nbf_A_model_1_unrelaxed.pdb
28,2,6xpf_A,success,1,0,/users/sgmwu14/scratch/openfold_inference_runs5times/epoch_28/your_model_epoch_28/repeat_2/predictions/6xpf_A_model_1_unrelaxed.pdb,/users/sgmwu14/scratch/openfold_inference_runs5times/epoch_28/your_model_epoch_28/repeat_2/predictions/6xpf_A_model_1_relaxed.pdb,True,72.41434375000006,23.35,85.58,320,unrelaxed,/users/sgmwu14/scratch/openfold_inference_runs5times/epoch_28/your_model_epoch_28/repeat_2/predictions/6xpf_A_model_1_unrelaxed.pdb
28,2,7dsq_A,success,1,0,/users/sgmwu14/scratch/openfold_inference_runs5times/epoch_28/your_model_epoch_28/repeat_2/predictions/7dsq_A_model_1_unrelaxed.pdb,/users/sgmwu14/scratch/openfold_inference_runs5times/epoch_28/your_model_epoch_28/repeat_2/predictions/7dsq_A_model_1_relaxed.pdb,True,75.46381465517238,28.46,83.89,464,unrelaxed,/users/sgmwu14/scratch/openfold_inference_runs5times/epoch_28/your_model_epoch_28/repeat_2/predictions/7dsq_A_model_1_unrelaxed.pdb
28,2,7evw_A,success,1,0,/users/sgmwu14/scratch/openfold_inference_runs5times/epoch_28/your_model_epoch_28/repeat_2/predictions/7evw_A_model_1_unrelaxed.pdb,/users/sgmwu14/scratch/openfold_inference_runs5times/epoch_28/your_model_epoch_28/repeat_2/predictions/7evw_A_model_1_relaxed.pdb,True,60.443121869782985,24.54,83.45,599,unrelaxed,/users/sgmwu14/scratch/openfold_inference_runs5times/epoch_28/your_model_epoch_28/repeat_2/predictions/7evw_A_model_1_unrelaxed.pdb
28,3,2olo_A,success,1,0,/users/sgmwu14/scratch/openfold_inference_runs5times/epoch_28/your_model_epoch_28/repeat_3/predictions/2olo_A_model_1_unrelaxed.pdb,/users/sgmwu14/scratch/openfold_inference_runs5times/epoch_28/your_model_epoch_28/repeat_3/predictions/2olo_A_model_1_relaxed.pdb,True,69.87318766066836,28.66,84.67,389,unrelaxed,/users/sgmwu14/scratch/openfold_inference_runs5times/epoch_28/your_model_epoch_28/repeat_3/predictions/2olo_A_model_1_unrelaxed.pdb
28,3,4bp8_A,success,1,0,/users/sgmwu14/scratch/openfold_inference_runs5times/epoch_28/your_model_epoch_28/repeat_3/predictions/4bp8_A_model_1_unrelaxed.pdb,/users/sgmwu14/scratch/openfold_inference_runs5times/epoch_28/your_model_epoch_28/repeat_3/predictions/4bp8_A_model_1_relaxed.pdb,True,71.425048951049,26.19,83.56,715,unrelaxed,/users/sgmwu14/scratch/openfold_inference_runs5times/epoch_28/your_model_epoch_28/repeat_3/predictions/4bp8_A_model_1_unrelaxed.pdb
28,3,5i6x_A,success,1,0,/users/sgmwu14/scratch/openfold_inference_runs5times/epoch_28/your_model_epoch_28/repeat_3/predictions/5i6x_A_model_1_unrelaxed.pdb,/users/sgmwu14/scratch/openfold_inference_runs5times/epoch_28/your_model_epoch_28/repeat_3/predictions/5i6x_A_model_1_relaxed.pdb,True,73.77597449908917,32.3,84.22,549,unrelaxed,/users/sgmwu14/scratch/openfold_inference_runs5times/epoch_28/your_model_epoch_28/repeat_3/predictions/5i6x_A_model_1_unrelaxed.pdb
28,3,6nbf_A,success,1,0,/users/sgmwu14/scratch/openfold_inference_runs5times/epoch_28/your_model_epoch_28/repeat_3/predictions/6nbf_A_model_1_unrelaxed.pdb,/users/sgmwu14/scratch/openfold_inference_runs5times/epoch_28/your_model_epoch_28/repeat_3/predictions/6nbf_A_model_1_relaxed.pdb,True,57.81209205020913,21.5,83.4,478,unrelaxed,/users/sgmwu14/scratch/openfold_inference_runs5times/epoch_28/your_model_epoch_28/repeat_3/predictions/6nbf_A_model_1_unrelaxed.pdb
28,3,6xpf_A,success,1,0,/users/sgmwu14/scratch/openfold_inference_runs5times/epoch_28/your_model_epoch_28/repeat_3/predictions/6xpf_A_model_1_unrelaxed.pdb,/users/sgmwu14/scratch/openfold_inference_runs5times/epoch_28/your_model_epoch_28/repeat_3/predictions/6xpf_A_model_1_relaxed.pdb,True,72.09512499999995,26.18,85.7,320,unrelaxed,/users/sgmwu14/scratch/openfold_inference_runs5times/epoch_28/your_model_epoch_28/repeat_3/predictions/6xpf_A_model_1_unrelaxed.pdb
28,3,7dsq_A,success,1,0,/users/sgmwu14/scratch/openfold_inference_runs5times/epoch_28/your_model_epoch_28/repeat_3/predictions/7dsq_A_model_1_unrelaxed.pdb,/users/sgmwu14/scratch/openfold_inference_runs5times/epoch_28/your_model_epoch_28/repeat_3/predictions/7dsq_A_model_1_relaxed.pdb,True,75.83267241379313,36.52,83.7,464,unrelaxed,/users/sgmwu14/scratch/openfold_inference_runs5times/epoch_28/your_model_epoch_28/repeat_3/predictions/7dsq_A_model_1_unrelaxed.pdb
28,3,7evw_A,success,1,0,/users/sgmwu14/scratch/openfold_inference_runs5times/epoch_28/your_model_epoch_28/repeat_3/predictions/7evw_A_model_1_unrelaxed.pdb,/users/sgmwu14/scratch/openfold_inference_runs5times/epoch_28/your_model_epoch_28/repeat_3/predictions/7evw_A_model_1_relaxed.pdb,True,59.94302170283812,22.53,82.83,599,unrelaxed,/users/sgmwu14/scratch/openfold_inference_runs5times/epoch_28/your_model_epoch_28/repeat_3/predictions/7evw_A_model_1_unrelaxed.pdb
28,4,2olo_A,success,1,0,/users/sgmwu14/scratch/openfold_inference_runs5times/epoch_28/your_model_epoch_28/repeat_4/predictions/2olo_A_model_1_unrelaxed.pdb,/users/sgmwu14/scratch/openfold_inference_runs5times/epoch_28/your_model_epoch_28/repeat_4/predictions/2olo_A_model_1_relaxed.pdb,True,69.54431876606687,28.12,84.36,389,unrelaxed,/users/sgmwu14/scratch/openfold_inference_runs5times/epoch_28/your_model_epoch_28/repeat_4/predictions/2olo_A_model_1_unrelaxed.pdb
28,4,4bp8_A,success,1,0,/users/sgmwu14/scratch/openfold_inference_runs5times/epoch_28/your_model_epoch_28/repeat_4/predictions/4bp8_A_model_1_unrelaxed.pdb,/users/sgmwu14/scratch/openfold_inference_runs5times/epoch_28/your_model_epoch_28/repeat_4/predictions/4bp8_A_model_1_relaxed.pdb,True,71.56869930069931,28.23,83.18,715,unrelaxed,/users/sgmwu14/scratch/openfold_inference_runs5times/epoch_28/your_model_epoch_28/repeat_4/predictions/4bp8_A_model_1_unrelaxed.pdb
28,4,5i6x_A,success,1,0,/users/sgmwu14/scratch/openfold_inference_runs5times/epoch_28/your_model_epoch_28/repeat_4/predictions/5i6x_A_model_1_unrelaxed.pdb,/users/sgmwu14/scratch/openfold_inference_runs5times/epoch_28/your_model_epoch_28/repeat_4/predictions/5i6x_A_model_1_relaxed.pdb,True,74.94136612021859,37.1,84.16,549,unrelaxed,/users/sgmwu14/scratch/openfold_inference_runs5times/epoch_28/your_model_epoch_28/repeat_4/predictions/5i6x_A_model_1_unrelaxed.pdb
28,4,6nbf_A,success,1,0,/users/sgmwu14/scratch/openfold_inference_runs5times/epoch_28/your_model_epoch_28/repeat_4/predictions/6nbf_A_model_1_unrelaxed.pdb,/users/sgmwu14/scratch/openfold_inference_runs5times/epoch_28/your_model_epoch_28/repeat_4/predictions/6nbf_A_model_1_relaxed.pdb,True,57.57502092050209,20.5,83.63,478,unrelaxed,/users/sgmwu14/scratch/openfold_inference_runs5times/epoch_28/your_model_epoch_28/repeat_4/predictions/6nbf_A_model_1_unrelaxed.pdb
28,4,6xpf_A,success,1,0,/users/sgmwu14/scratch/openfold_inference_runs5times/epoch_28/your_model_epoch_28/repeat_4/predictions/6xpf_A_model_1_unrelaxed.pdb,/users/sgmwu14/scratch/openfold_inference_runs5times/epoch_28/your_model_epoch_28/repeat_4/predictions/6xpf_A_model_1_relaxed.pdb,True,72.03184374999998,25.23,85.22,320,unrelaxed,/users/sgmwu14/scratch/openfold_inference_runs5times/epoch_28/your_model_epoch_28/repeat_4/predictions/6xpf_A_model_1_unrelaxed.pdb
28,4,7dsq_A,success,1,0,/users/sgmwu14/scratch/openfold_inference_runs5times/epoch_28/your_model_epoch_28/repeat_4/predictions/7dsq_A_model_1_unrelaxed.pdb,/users/sgmwu14/scratch/openfold_inference_runs5times/epoch_28/your_model_epoch_28/repeat_4/predictions/7dsq_A_model_1_relaxed.pdb,True,75.75642241379308,33.85,83.96,464,unrelaxed,/users/sgmwu14/scratch/openfold_inference_runs5times/epoch_28/your_model_epoch_28/repeat_4/predictions/7dsq_A_model_1_unrelaxed.pdb
28,4,7evw_A,success,1,0,/users/sgmwu14/scratch/openfold_inference_runs5times/epoch_28/your_model_epoch_28/repeat_4/predictions/7evw_A_model_1_unrelaxed.pdb,/users/sgmwu14/scratch/openfold_inference_runs5times/epoch_28/your_model_epoch_28/repeat_4/predictions/7evw_A_model_1_relaxed.pdb,True,60.35601001669442,23.32,83.66,599,unrelaxed,/users/sgmwu14/scratch/openfold_inference_runs5times/epoch_28/your_model_epoch_28/repeat_4/predictions/7evw_A_model_1_unrelaxed.pdb
28,5,2olo_A,success,1,0,/users/sgmwu14/scratch/openfold_inference_runs5times/epoch_28/your_model_epoch_28/repeat_5/predictions/2olo_A_model_1_unrelaxed.pdb,/users/sgmwu14/scratch/openfold_inference_runs5times/epoch_28/your_model_epoch_28/repeat_5/predictions/2olo_A_model_1_relaxed.pdb,True,70.30154241645243,31.92,84.16,389,unrelaxed,/users/sgmwu14/scratch/openfold_inference_runs5times/epoch_28/your_model_epoch_28/repeat_5/predictions/2olo_A_model_1_unrelaxed.pdb
28,5,4bp8_A,success,1,0,/users/sgmwu14/scratch/openfold_inference_runs5times/epoch_28/your_model_epoch_28/repeat_5/predictions/4bp8_A_model_1_unrelaxed.pdb,/users/sgmwu14/scratch/openfold_inference_runs5times/epoch_28/your_model_epoch_28/repeat_5/predictions/4bp8_A_model_1_relaxed.pdb,True,71.54317482517477,27.35,83.4,715,unrelaxed,/users/sgmwu14/scratch/openfold_inference_runs5times/epoch_28/your_model_epoch_28/repeat_5/predictions/4bp8_A_model_1_unrelaxed.pdb
28,5,5i6x_A,success,1,0,/users/sgmwu14/scratch/openfold_inference_runs5times/epoch_28/your_model_epoch_28/repeat_5/predictions/5i6x_A_model_1_unrelaxed.pdb,/users/sgmwu14/scratch/openfold_inference_runs5times/epoch_28/your_model_epoch_28/repeat_5/predictions/5i6x_A_model_1_relaxed.pdb,True,73.79819672131143,32.68,83.79,549,unrelaxed,/users/sgmwu14/scratch/openfold_inference_runs5times/epoch_28/your_model_epoch_28/repeat_5/predictions/5i6x_A_model_1_unrelaxed.pdb
28,5,6nbf_A,success,1,0,/users/sgmwu14/scratch/openfold_inference_runs5times/epoch_28/your_model_epoch_28/repeat_5/predictions/6nbf_A_model_1_unrelaxed.pdb,/users/sgmwu14/scratch/openfold_inference_runs5times/epoch_28/your_model_epoch_28/repeat_5/predictions/6nbf_A_model_1_relaxed.pdb,True,58.14686192468617,20.67,83.76,478,unrelaxed,/users/sgmwu14/scratch/openfold_inference_runs5times/epoch_28/your_model_epoch_28/repeat_5/predictions/6nbf_A_model_1_unrelaxed.pdb
28,5,6xpf_A,success,1,0,/users/sgmwu14/scratch/openfold_inference_runs5times/epoch_28/your_model_epoch_28/repeat_5/predictions/6xpf_A_model_1_unrelaxed.pdb,/users/sgmwu14/scratch/openfold_inference_runs5times/epoch_28/your_model_epoch_28/repeat_5/predictions/6xpf_A_model_1_relaxed.pdb,True,71.75225000000003,23.52,84.83,320,unrelaxed,/users/sgmwu14/scratch/openfold_inference_runs5times/epoch_28/your_model_epoch_28/repeat_5/predictions/6xpf_A_model_1_unrelaxed.pdb
28,5,7dsq_A,success,1,0,/users/sgmwu14/scratch/openfold_inference_runs5times/epoch_28/your_model_epoch_28/repeat_5/predictions/7dsq_A_model_1_unrelaxed.pdb,/users/sgmwu14/scratch/openfold_inference_runs5times/epoch_28/your_model_epoch_28/repeat_5/predictions/7dsq_A_model_1_relaxed.pdb,True,75.79590517241382,36.06,83.87,464,unrelaxed,/users/sgmwu14/scratch/openfold_inference_runs5times/epoch_28/your_model_epoch_28/repeat_5/predictions/7dsq_A_model_1_unrelaxed.pdb
28,5,7evw_A,success,1,0,/users/sgmwu14/scratch/openfold_inference_runs5times/epoch_28/your_model_epoch_28/repeat_5/predictions/7evw_A_model_1_unrelaxed.pdb,/users/sgmwu14/scratch/openfold_inference_runs5times/epoch_28/your_model_epoch_28/repeat_5/predictions/7evw_A_model_1_relaxed.pdb,True,60.68916527545913,20.02,82.96,599,unrelaxed,/users/sgmwu14/scratch/openfold_inference_runs5times/epoch_28/your_model_epoch_28/repeat_5/predictions/7evw_A_model_1_unrelaxed.pdb
29,1,2olo_A,success,1,0,/users/sgmwu14/scratch/openfold_inference_runs5times/epoch_29/your_model_epoch_29/repeat_1/predictions/2olo_A_model_1_unrelaxed.pdb,/users/sgmwu14/scratch/openfold_inference_runs5times/epoch_29/your_model_epoch_29/repeat_1/predictions/2olo_A_model_1_relaxed.pdb,True,65.25614395886892,32.21,83.69,389,unrelaxed,/users/sgmwu14/scratch/openfold_inference_runs5times/epoch_29/your_model_epoch_29/repeat_1/predictions/2olo_A_model_1_unrelaxed.pdb
29,1,4bp8_A,success,1,0,/users/sgmwu14/scratch/openfold_inference_runs5times/epoch_29/your_model_epoch_29/repeat_1/predictions/4bp8_A_model_1_unrelaxed.pdb,/users/sgmwu14/scratch/openfold_inference_runs5times/epoch_29/your_model_epoch_29/repeat_1/predictions/4bp8_A_model_1_relaxed.pdb,True,71.43762237762247,24.24,84.06,715,unrelaxed,/users/sgmwu14/scratch/openfold_inference_runs5times/epoch_29/your_model_epoch_29/repeat_1/predictions/4bp8_A_model_1_unrelaxed.pdb
29,1,5i6x_A,success,1,0,/users/sgmwu14/scratch/openfold_inference_runs5times/epoch_29/your_model_epoch_29/repeat_1/predictions/5i6x_A_model_1_unrelaxed.pdb,/users/sgmwu14/scratch/openfold_inference_runs5times/epoch_29/your_model_epoch_29/repeat_1/predictions/5i6x_A_model_1_relaxed.pdb,True,72.80475409836062,29.23,83.61,549,unrelaxed,/users/sgmwu14/scratch/openfold_inference_runs5times/epoch_29/your_model_epoch_29/repeat_1/predictions/5i6x_A_model_1_unrelaxed.pdb
29,1,6nbf_A,success,1,0,/users/sgmwu14/scratch/openfold_inference_runs5times/epoch_29/your_model_epoch_29/repeat_1/predictions/6nbf_A_model_1_unrelaxed.pdb,/users/sgmwu14/scratch/openfold_inference_runs5times/epoch_29/your_model_epoch_29/repeat_1/predictions/6nbf_A_model_1_relaxed.pdb,True,56.48675732217573,17.65,82.56,478,unrelaxed,/users/sgmwu14/scratch/openfold_inference_runs5times/epoch_29/your_model_epoch_29/repeat_1/predictions/6nbf_A_model_1_unrelaxed.pdb
29,1,6xpf_A,success,1,0,/users/sgmwu14/scratch/openfold_inference_runs5times/epoch_29/your_model_epoch_29/repeat_1/predictions/6xpf_A_model_1_unrelaxed.pdb,/users/sgmwu14/scratch/openfold_inference_runs5times/epoch_29/your_model_epoch_29/repeat_1/predictions/6xpf_A_model_1_relaxed.pdb,True,71.39140624999995,21.92,83.92,320,unrelaxed,/users/sgmwu14/scratch/openfold_inference_runs5times/epoch_29/your_model_epoch_29/repeat_1/predictions/6xpf_A_model_1_unrelaxed.pdb
29,1,7dsq_A,success,1,0,/users/sgmwu14/scratch/openfold_inference_runs5times/epoch_29/your_model_epoch_29/repeat_1/predictions/7dsq_A_model_1_unrelaxed.pdb,/users/sgmwu14/scratch/openfold_inference_runs5times/epoch_29/your_model_epoch_29/repeat_1/predictions/7dsq_A_model_1_relaxed.pdb,True,75.14159482758627,31.36,82.45,464,unrelaxed,/users/sgmwu14/scratch/openfold_inference_runs5times/epoch_29/your_model_epoch_29/repeat_1/predictions/7dsq_A_model_1_unrelaxed.pdb
29,1,7evw_A,success,1,0,/users/sgmwu14/scratch/openfold_inference_runs5times/epoch_29/your_model_epoch_29/repeat_1/predictions/7evw_A_model_1_unrelaxed.pdb,/users/sgmwu14/scratch/openfold_inference_runs5times/epoch_29/your_model_epoch_29/repeat_1/predictions/7evw_A_model_1_relaxed.pdb,True,60.70647746243737,23.1,80.43,599,unrelaxed,/users/sgmwu14/scratch/openfold_inference_runs5times/epoch_29/your_model_epoch_29/repeat_1/predictions/7evw_A_model_1_unrelaxed.pdb
29,2,2olo_A,success,1,0,/users/sgmwu14/scratch/openfold_inference_runs5times/epoch_29/your_model_epoch_29/repeat_2/predictions/2olo_A_model_1_unrelaxed.pdb,/users/sgmwu14/scratch/openfold_inference_runs5times/epoch_29/your_model_epoch_29/repeat_2/predictions/2olo_A_model_1_relaxed.pdb,True,64.74830334190236,26.49,83.42,389,unrelaxed,/users/sgmwu14/scratch/openfold_inference_runs5times/epoch_29/your_model_epoch_29/repeat_2/predictions/2olo_A_model_1_unrelaxed.pdb
29,2,4bp8_A,success,1,0,/users/sgmwu14/scratch/openfold_inference_runs5times/epoch_29/your_model_epoch_29/repeat_2/predictions/4bp8_A_model_1_unrelaxed.pdb,/users/sgmwu14/scratch/openfold_inference_runs5times/epoch_29/your_model_epoch_29/repeat_2/predictions/4bp8_A_model_1_relaxed.pdb,True,71.1405734265735,27.12,83.91,715,unrelaxed,/users/sgmwu14/scratch/openfold_inference_runs5times/epoch_29/your_model_epoch_29/repeat_2/predictions/4bp8_A_model_1_unrelaxed.pdb
29,2,5i6x_A,success,1,0,/users/sgmwu14/scratch/openfold_inference_runs5times/epoch_29/your_model_epoch_29/repeat_2/predictions/5i6x_A_model_1_unrelaxed.pdb,/users/sgmwu14/scratch/openfold_inference_runs5times/epoch_29/your_model_epoch_29/repeat_2/predictions/5i6x_A_model_1_relaxed.pdb,True,72.66739526411656,30.84,82.4,549,unrelaxed,/users/sgmwu14/scratch/openfold_inference_runs5times/epoch_29/your_model_epoch_29/repeat_2/predictions/5i6x_A_model_1_unrelaxed.pdb
29,2,6nbf_A,success,1,0,/users/sgmwu14/scratch/openfold_inference_runs5times/epoch_29/your_model_epoch_29/repeat_2/predictions/6nbf_A_model_1_unrelaxed.pdb,/users/sgmwu14/scratch/openfold_inference_runs5times/epoch_29/your_model_epoch_29/repeat_2/predictions/6nbf_A_model_1_relaxed.pdb,True,54.69135983263602,18.04,81.19,478,unrelaxed,/users/sgmwu14/scratch/openfold_inference_runs5times/epoch_29/your_model_epoch_29/repeat_2/predictions/6nbf_A_model_1_unrelaxed.pdb
29,2,6xpf_A,success,1,0,/users/sgmwu14/scratch/openfold_inference_runs5times/epoch_29/your_model_epoch_29/repeat_2/predictions/6xpf_A_model_1_unrelaxed.pdb,/users/sgmwu14/scratch/openfold_inference_runs5times/epoch_29/your_model_epoch_29/repeat_2/predictions/6xpf_A_model_1_relaxed.pdb,True,71.80803125000001,23.48,84.27,320,unrelaxed,/users/sgmwu14/scratch/openfold_inference_runs5times/epoch_29/your_model_epoch_29/repeat_2/predictions/6xpf_A_model_1_unrelaxed.pdb
29,2,7dsq_A,success,1,0,/users/sgmwu14/scratch/openfold_inference_runs5times/epoch_29/your_model_epoch_29/repeat_2/predictions/7dsq_A_model_1_unrelaxed.pdb,/users/sgmwu14/scratch/openfold_inference_runs5times/epoch_29/your_model_epoch_29/repeat_2/predictions/7dsq_A_model_1_relaxed.pdb,True,75.62424568965515,26.83,82.81,464,unrelaxed,/users/sgmwu14/scratch/openfold_inference_runs5times/epoch_29/your_model_epoch_29/repeat_2/predictions/7dsq_A_model_1_unrelaxed.pdb
29,2,7evw_A,success,1,0,/users/sgmwu14/scratch/openfold_inference_runs5times/epoch_29/your_model_epoch_29/repeat_2/predictions/7evw_A_model_1_unrelaxed.pdb,/users/sgmwu14/scratch/openfold_inference_runs5times/epoch_29/your_model_epoch_29/repeat_2/predictions/7evw_A_model_1_relaxed.pdb,True,60.14859766277125,20.71,80.31,599,unrelaxed,/users/sgmwu14/scratch/openfold_inference_runs5times/epoch_29/your_model_epoch_29/repeat_2/predictions/7evw_A_model_1_unrelaxed.pdb
29,3,2olo_A,success,1,0,/users/sgmwu14/scratch/openfold_inference_runs5times/epoch_29/your_model_epoch_29/repeat_3/predictions/2olo_A_model_1_unrelaxed.pdb,/users/sgmwu14/scratch/openfold_inference_runs5times/epoch_29/your_model_epoch_29/repeat_3/predictions/2olo_A_model_1_relaxed.pdb,True,65.08550128534702,32.94,83.52,389,unrelaxed,/users/sgmwu14/scratch/openfold_inference_runs5times/epoch_29/your_model_epoch_29/repeat_3/predictions/2olo_A_model_1_unrelaxed.pdb
29,3,4bp8_A,success,1,0,/users/sgmwu14/scratch/openfold_inference_runs5times/epoch_29/your_model_epoch_29/repeat_3/predictions/4bp8_A_model_1_unrelaxed.pdb,/users/sgmwu14/scratch/openfold_inference_runs5times/epoch_29/your_model_epoch_29/repeat_3/predictions/4bp8_A_model_1_relaxed.pdb,True,71.2348811188811,27.15,83.97,715,unrelaxed,/users/sgmwu14/scratch/openfold_inference_runs5times/epoch_29/your_model_epoch_29/repeat_3/predictions/4bp8_A_model_1_unrelaxed.pdb
29,3,5i6x_A,success,1,0,/users/sgmwu14/scratch/openfold_inference_runs5times/epoch_29/your_model_epoch_29/repeat_3/predictions/5i6x_A_model_1_unrelaxed.pdb,/users/sgmwu14/scratch/openfold_inference_runs5times/epoch_29/your_model_epoch_29/repeat_3/predictions/5i6x_A_model_1_relaxed.pdb,True,71.86825136612015,30.46,81.72,549,unrelaxed,/users/sgmwu14/scratch/openfold_inference_runs5times/epoch_29/your_model_epoch_29/repeat_3/predictions/5i6x_A_model_1_unrelaxed.pdb
29,3,6nbf_A,success,1,0,/users/sgmwu14/scratch/openfold_inference_runs5times/epoch_29/your_model_epoch_29/repeat_3/predictions/6nbf_A_model_1_unrelaxed.pdb,/users/sgmwu14/scratch/openfold_inference_runs5times/epoch_29/your_model_epoch_29/repeat_3/predictions/6nbf_A_model_1_relaxed.pdb,True,54.36215481171547,18.73,82.39,478,unrelaxed,/users/sgmwu14/scratch/openfold_inference_runs5times/epoch_29/your_model_epoch_29/repeat_3/predictions/6nbf_A_model_1_unrelaxed.pdb
29,3,6xpf_A,success,1,0,/users/sgmwu14/scratch/openfold_inference_runs5times/epoch_29/your_model_epoch_29/repeat_3/predictions/6xpf_A_model_1_unrelaxed.pdb,/users/sgmwu14/scratch/openfold_inference_runs5times/epoch_29/your_model_epoch_29/repeat_3/predictions/6xpf_A_model_1_relaxed.pdb,True,71.23775,20.22,84.11,320,unrelaxed,/users/sgmwu14/scratch/openfold_inference_runs5times/epoch_29/your_model_epoch_29/repeat_3/predictions/6xpf_A_model_1_unrelaxed.pdb
29,3,7dsq_A,success,1,0,/users/sgmwu14/scratch/openfold_inference_runs5times/epoch_29/your_model_epoch_29/repeat_3/predictions/7dsq_A_model_1_unrelaxed.pdb,/users/sgmwu14/scratch/openfold_inference_runs5times/epoch_29/your_model_epoch_29/repeat_3/predictions/7dsq_A_model_1_relaxed.pdb,True,75.6189870689655,31.81,83.32,464,unrelaxed,/users/sgmwu14/scratch/openfold_inference_runs5times/epoch_29/your_model_epoch_29/repeat_3/predictions/7dsq_A_model_1_unrelaxed.pdb
29,3,7evw_A,success,1,0,/users/sgmwu14/scratch/openfold_inference_runs5times/epoch_29/your_model_epoch_29/repeat_3/predictions/7evw_A_model_1_unrelaxed.pdb,/users/sgmwu14/scratch/openfold_inference_runs5times/epoch_29/your_model_epoch_29/repeat_3/predictions/7evw_A_model_1_relaxed.pdb,True,60.356627712854674,20.69,80.88,599,unrelaxed,/users/sgmwu14/scratch/openfold_inference_runs5times/epoch_29/your_model_epoch_29/repeat_3/predictions/7evw_A_model_1_unrelaxed.pdb
29,4,2olo_A,success,1,0,/users/sgmwu14/scratch/openfold_inference_runs5times/epoch_29/your_model_epoch_29/repeat_4/predictions/2olo_A_model_1_unrelaxed.pdb,/users/sgmwu14/scratch/openfold_inference_runs5times/epoch_29/your_model_epoch_29/repeat_4/predictions/2olo_A_model_1_relaxed.pdb,True,64.68444730077124,28.29,83.46,389,unrelaxed,/users/sgmwu14/scratch/openfold_inference_runs5times/epoch_29/your_model_epoch_29/repeat_4/predictions/2olo_A_model_1_unrelaxed.pdb
29,4,4bp8_A,success,1,0,/users/sgmwu14/scratch/openfold_inference_runs5times/epoch_29/your_model_epoch_29/repeat_4/predictions/4bp8_A_model_1_unrelaxed.pdb,/users/sgmwu14/scratch/openfold_inference_runs5times/epoch_29/your_model_epoch_29/repeat_4/predictions/4bp8_A_model_1_relaxed.pdb,True,71.24051748251755,28.0,84.22,715,unrelaxed,/users/sgmwu14/scratch/openfold_inference_runs5times/epoch_29/your_model_epoch_29/repeat_4/predictions/4bp8_A_model_1_unrelaxed.pdb
29,4,5i6x_A,success,1,0,/users/sgmwu14/scratch/openfold_inference_runs5times/epoch_29/your_model_epoch_29/repeat_4/predictions/5i6x_A_model_1_unrelaxed.pdb,/users/sgmwu14/scratch/openfold_inference_runs5times/epoch_29/your_model_epoch_29/repeat_4/predictions/5i6x_A_model_1_relaxed.pdb,True,72.83712204007288,30.94,83.56,549,unrelaxed,/users/sgmwu14/scratch/openfold_inference_runs5times/epoch_29/your_model_epoch_29/repeat_4/predictions/5i6x_A_model_1_unrelaxed.pdb
29,4,6nbf_A,success,1,0,/users/sgmwu14/scratch/openfold_inference_runs5times/epoch_29/your_model_epoch_29/repeat_4/predictions/6nbf_A_model_1_unrelaxed.pdb,/users/sgmwu14/scratch/openfold_inference_runs5times/epoch_29/your_model_epoch_29/repeat_4/predictions/6nbf_A_model_1_relaxed.pdb,True,57.39211297071127,22.07,82.2,478,unrelaxed,/users/sgmwu14/scratch/openfold_inference_runs5times/epoch_29/your_model_epoch_29/repeat_4/predictions/6nbf_A_model_1_unrelaxed.pdb
29,4,6xpf_A,success,1,0,/users/sgmwu14/scratch/openfold_inference_runs5times/epoch_29/your_model_epoch_29/repeat_4/predictions/6xpf_A_model_1_unrelaxed.pdb,/users/sgmwu14/scratch/openfold_inference_runs5times/epoch_29/your_model_epoch_29/repeat_4/predictions/6xpf_A_model_1_relaxed.pdb,True,71.26837500000003,21.99,83.77,320,unrelaxed,/users/sgmwu14/scratch/openfold_inference_runs5times/epoch_29/your_model_epoch_29/repeat_4/predictions/6xpf_A_model_1_unrelaxed.pdb
29,4,7dsq_A,success,1,0,/users/sgmwu14/scratch/openfold_inference_runs5times/epoch_29/your_model_epoch_29/repeat_4/predictions/7dsq_A_model_1_unrelaxed.pdb,/users/sgmwu14/scratch/openfold_inference_runs5times/epoch_29/your_model_epoch_29/repeat_4/predictions/7dsq_A_model_1_relaxed.pdb,True,75.5785129310345,27.5,84.12,464,unrelaxed,/users/sgmwu14/scratch/openfold_inference_runs5times/epoch_29/your_model_epoch_29/repeat_4/predictions/7dsq_A_model_1_unrelaxed.pdb
29,4,7evw_A,success,1,0,/users/sgmwu14/scratch/openfold_inference_runs5times/epoch_29/your_model_epoch_29/repeat_4/predictions/7evw_A_model_1_unrelaxed.pdb,/users/sgmwu14/scratch/openfold_inference_runs5times/epoch_29/your_model_epoch_29/repeat_4/predictions/7evw_A_model_1_relaxed.pdb,True,60.321602671118605,22.1,80.04,599,unrelaxed,/users/sgmwu14/scratch/openfold_inference_runs5times/epoch_29/your_model_epoch_29/repeat_4/predictions/7evw_A_model_1_unrelaxed.pdb
29,5,2olo_A,success,1,0,/users/sgmwu14/scratch/openfold_inference_runs5times/epoch_29/your_model_epoch_29/repeat_5/predictions/2olo_A_model_1_unrelaxed.pdb,/users/sgmwu14/scratch/openfold_inference_runs5times/epoch_29/your_model_epoch_29/repeat_5/predictions/2olo_A_model_1_relaxed.pdb,True,66.035706940874,34.84,83.65,389,unrelaxed,/users/sgmwu14/scratch/openfold_inference_runs5times/epoch_29/your_model_epoch_29/repeat_5/predictions/2olo_A_model_1_unrelaxed.pdb
29,5,4bp8_A,success,1,0,/users/sgmwu14/scratch/openfold_inference_runs5times/epoch_29/your_model_epoch_29/repeat_5/predictions/4bp8_A_model_1_unrelaxed.pdb,/users/sgmwu14/scratch/openfold_inference_runs5times/epoch_29/your_model_epoch_29/repeat_5/predictions/4bp8_A_model_1_relaxed.pdb,True,70.97723076923081,26.95,83.92,715,unrelaxed,/users/sgmwu14/scratch/openfold_inference_runs5times/epoch_29/your_model_epoch_29/repeat_5/predictions/4bp8_A_model_1_unrelaxed.pdb
29,5,5i6x_A,success,1,0,/users/sgmwu14/scratch/openfold_inference_runs5times/epoch_29/your_model_epoch_29/repeat_5/predictions/5i6x_A_model_1_unrelaxed.pdb,/users/sgmwu14/scratch/openfold_inference_runs5times/epoch_29/your_model_epoch_29/repeat_5/predictions/5i6x_A_model_1_relaxed.pdb,True,72.59768670309658,29.93,82.83,549,unrelaxed,/users/sgmwu14/scratch/openfold_inference_runs5times/epoch_29/your_model_epoch_29/repeat_5/predictions/5i6x_A_model_1_unrelaxed.pdb
29,5,6nbf_A,success,1,0,/users/sgmwu14/scratch/openfold_inference_runs5times/epoch_29/your_model_epoch_29/repeat_5/predictions/6nbf_A_model_1_unrelaxed.pdb,/users/sgmwu14/scratch/openfold_inference_runs5times/epoch_29/your_model_epoch_29/repeat_5/predictions/6nbf_A_model_1_relaxed.pdb,True,56.31104602510461,21.36,82.47,478,unrelaxed,/users/sgmwu14/scratch/openfold_inference_runs5times/epoch_29/your_model_epoch_29/repeat_5/predictions/6nbf_A_model_1_unrelaxed.pdb
29,5,6xpf_A,success,1,0,/users/sgmwu14/scratch/openfold_inference_runs5times/epoch_29/your_model_epoch_29/repeat_5/predictions/6xpf_A_model_1_unrelaxed.pdb,/users/sgmwu14/scratch/openfold_inference_runs5times/epoch_29/your_model_epoch_29/repeat_5/predictions/6xpf_A_model_1_relaxed.pdb,True,71.45143750000003,20.8,83.65,320,unrelaxed,/users/sgmwu14/scratch/openfold_inference_runs5times/epoch_29/your_model_epoch_29/repeat_5/predictions/6xpf_A_model_1_unrelaxed.pdb
29,5,7dsq_A,success,1,0,/users/sgmwu14/scratch/openfold_inference_runs5times/epoch_29/your_model_epoch_29/repeat_5/predictions/7dsq_A_model_1_unrelaxed.pdb,/users/sgmwu14/scratch/openfold_inference_runs5times/epoch_29/your_model_epoch_29/repeat_5/predictions/7dsq_A_model_1_relaxed.pdb,True,75.23952586206896,28.02,83.65,464,unrelaxed,/users/sgmwu14/scratch/openfold_inference_runs5times/epoch_29/your_model_epoch_29/repeat_5/predictions/7dsq_A_model_1_unrelaxed.pdb
29,5,7evw_A,error,0,1,/users/sgmwu14/scratch/openfold_inference_runs5times/epoch_29/your_model_epoch_29/repeat_5/predictions/7evw_A_model_1_unrelaxed.pdb,/users/sgmwu14/scratch/openfold_inference_runs5times/epoch_29/your_model_epoch_29/repeat_5/predictions/7evw_A_model_1_relaxed.pdb,False,61.51222036727876,22.45,80.89,599,unrelaxed,/users/sgmwu14/scratch/openfold_inference_runs5times/epoch_29/your_model_epoch_29/repeat_5/predictions/7evw_A_model_1_unrelaxed.pdb
30,1,2olo_A,success,1,0,/users/sgmwu14/scratch/openfold_inference_runs5times/epoch_30/your_model_epoch_30/repeat_1/predictions/2olo_A_model_1_unrelaxed.pdb,/users/sgmwu14/scratch/openfold_inference_runs5times/epoch_30/your_model_epoch_30/repeat_1/predictions/2olo_A_model_1_relaxed.pdb,True,70.64071979434446,32.79,85.23,389,unrelaxed,/users/sgmwu14/scratch/openfold_inference_runs5times/epoch_30/your_model_epoch_30/repeat_1/predictions/2olo_A_model_1_unrelaxed.pdb
30,1,4bp8_A,success,1,0,/users/sgmwu14/scratch/openfold_inference_runs5times/epoch_30/your_model_epoch_30/repeat_1/predictions/4bp8_A_model_1_unrelaxed.pdb,/users/sgmwu14/scratch/openfold_inference_runs5times/epoch_30/your_model_epoch_30/repeat_1/predictions/4bp8_A_model_1_relaxed.pdb,True,73.79036363636361,30.17,85.45,715,unrelaxed,/users/sgmwu14/scratch/openfold_inference_runs5times/epoch_30/your_model_epoch_30/repeat_1/predictions/4bp8_A_model_1_unrelaxed.pdb
30,1,5i6x_A,success,1,0,/users/sgmwu14/scratch/openfold_inference_runs5times/epoch_30/your_model_epoch_30/repeat_1/predictions/5i6x_A_model_1_unrelaxed.pdb,/users/sgmwu14/scratch/openfold_inference_runs5times/epoch_30/your_model_epoch_30/repeat_1/predictions/5i6x_A_model_1_relaxed.pdb,True,76.08122040072854,34.85,85.8,549,unrelaxed,/users/sgmwu14/scratch/openfold_inference_runs5times/epoch_30/your_model_epoch_30/repeat_1/predictions/5i6x_A_model_1_unrelaxed.pdb
30,1,6nbf_A,success,1,0,/users/sgmwu14/scratch/openfold_inference_runs5times/epoch_30/your_model_epoch_30/repeat_1/predictions/6nbf_A_model_1_unrelaxed.pdb,/users/sgmwu14/scratch/openfold_inference_runs5times/epoch_30/your_model_epoch_30/repeat_1/predictions/6nbf_A_model_1_relaxed.pdb,True,61.45357740585771,22.04,85.35,478,unrelaxed,/users/sgmwu14/scratch/openfold_inference_runs5times/epoch_30/your_model_epoch_30/repeat_1/predictions/6nbf_A_model_1_unrelaxed.pdb
30,1,6xpf_A,success,1,0,/users/sgmwu14/scratch/openfold_inference_runs5times/epoch_30/your_model_epoch_30/repeat_1/predictions/6xpf_A_model_1_unrelaxed.pdb,/users/sgmwu14/scratch/openfold_inference_runs5times/epoch_30/your_model_epoch_30/repeat_1/predictions/6xpf_A_model_1_relaxed.pdb,True,72.7319375,24.5,85.19,320,unrelaxed,/users/sgmwu14/scratch/openfold_inference_runs5times/epoch_30/your_model_epoch_30/repeat_1/predictions/6xpf_A_model_1_unrelaxed.pdb
30,1,7dsq_A,success,1,0,/users/sgmwu14/scratch/openfold_inference_runs5times/epoch_30/your_model_epoch_30/repeat_1/predictions/7dsq_A_model_1_unrelaxed.pdb,/users/sgmwu14/scratch/openfold_inference_runs5times/epoch_30/your_model_epoch_30/repeat_1/predictions/7dsq_A_model_1_relaxed.pdb,True,77.31062500000004,29.18,84.61,464,unrelaxed,/users/sgmwu14/scratch/openfold_inference_runs5times/epoch_30/your_model_epoch_30/repeat_1/predictions/7dsq_A_model_1_unrelaxed.pdb
30,1,7evw_A,error,0,1,/users/sgmwu14/scratch/openfold_inference_runs5times/epoch_30/your_model_epoch_30/repeat_1/predictions/7evw_A_model_1_unrelaxed.pdb,/users/sgmwu14/scratch/openfold_inference_runs5times/epoch_30/your_model_epoch_30/repeat_1/predictions/7evw_A_model_1_relaxed.pdb,False,64.02180300500844,23.46,83.85,599,unrelaxed,/users/sgmwu14/scratch/openfold_inference_runs5times/epoch_30/your_model_epoch_30/repeat_1/predictions/7evw_A_model_1_unrelaxed.pdb
30,2,2olo_A,success,1,0,/users/sgmwu14/scratch/openfold_inference_runs5times/epoch_30/your_model_epoch_30/repeat_2/predictions/2olo_A_model_1_unrelaxed.pdb,/users/sgmwu14/scratch/openfold_inference_runs5times/epoch_30/your_model_epoch_30/repeat_2/predictions/2olo_A_model_1_relaxed.pdb,True,70.26452442159386,28.95,84.7,389,unrelaxed,/users/sgmwu14/scratch/openfold_inference_runs5times/epoch_30/your_model_epoch_30/repeat_2/predictions/2olo_A_model_1_unrelaxed.pdb
30,2,4bp8_A,success,1,0,/users/sgmwu14/scratch/openfold_inference_runs5times/epoch_30/your_model_epoch_30/repeat_2/predictions/4bp8_A_model_1_unrelaxed.pdb,/users/sgmwu14/scratch/openfold_inference_runs5times/epoch_30/your_model_epoch_30/repeat_2/predictions/4bp8_A_model_1_relaxed.pdb,True,73.68794405594404,32.4,85.37,715,unrelaxed,/users/sgmwu14/scratch/openfold_inference_runs5times/epoch_30/your_model_epoch_30/repeat_2/predictions/4bp8_A_model_1_unrelaxed.pdb
30,2,5i6x_A,success,1,0,/users/sgmwu14/scratch/openfold_inference_runs5times/epoch_30/your_model_epoch_30/repeat_2/predictions/5i6x_A_model_1_unrelaxed.pdb,/users/sgmwu14/scratch/openfold_inference_runs5times/epoch_30/your_model_epoch_30/repeat_2/predictions/5i6x_A_model_1_relaxed.pdb,True,76.47868852459007,45.74,85.66,549,unrelaxed,/users/sgmwu14/scratch/openfold_inference_runs5times/epoch_30/your_model_epoch_30/repeat_2/predictions/5i6x_A_model_1_unrelaxed.pdb
30,2,6nbf_A,success,1,0,/users/sgmwu14/scratch/openfold_inference_runs5times/epoch_30/your_model_epoch_30/repeat_2/predictions/6nbf_A_model_1_unrelaxed.pdb,/users/sgmwu14/scratch/openfold_inference_runs5times/epoch_30/your_model_epoch_30/repeat_2/predictions/6nbf_A_model_1_relaxed.pdb,True,60.43763598326359,20.64,83.92,478,unrelaxed,/users/sgmwu14/scratch/openfold_inference_runs5times/epoch_30/your_model_epoch_30/repeat_2/predictions/6nbf_A_model_1_unrelaxed.pdb
30,2,6xpf_A,success,1,0,/users/sgmwu14/scratch/openfold_inference_runs5times/epoch_30/your_model_epoch_30/repeat_2/predictions/6xpf_A_model_1_unrelaxed.pdb,/users/sgmwu14/scratch/openfold_inference_runs5times/epoch_30/your_model_epoch_30/repeat_2/predictions/6xpf_A_model_1_relaxed.pdb,True,72.90193750000006,25.07,85.4,320,unrelaxed,/users/sgmwu14/scratch/openfold_inference_runs5times/epoch_30/your_model_epoch_30/repeat_2/predictions/6xpf_A_model_1_unrelaxed.pdb
30,2,7dsq_A,success,1,0,/users/sgmwu14/scratch/openfold_inference_runs5times/epoch_30/your_model_epoch_30/repeat_2/predictions/7dsq_A_model_1_unrelaxed.pdb,/users/sgmwu14/scratch/openfold_inference_runs5times/epoch_30/your_model_epoch_30/repeat_2/predictions/7dsq_A_model_1_relaxed.pdb,True,77.01450431034478,33.23,84.81,464,unrelaxed,/users/sgmwu14/scratch/openfold_inference_runs5times/epoch_30/your_model_epoch_30/repeat_2/predictions/7dsq_A_model_1_unrelaxed.pdb
30,2,7evw_A,error,0,1,/users/sgmwu14/scratch/openfold_inference_runs5times/epoch_30/your_model_epoch_30/repeat_2/predictions/7evw_A_model_1_unrelaxed.pdb,/users/sgmwu14/scratch/openfold_inference_runs5times/epoch_30/your_model_epoch_30/repeat_2/predictions/7evw_A_model_1_relaxed.pdb,False,63.38196994991656,24.39,83.77,599,unrelaxed,/users/sgmwu14/scratch/openfold_inference_runs5times/epoch_30/your_model_epoch_30/repeat_2/predictions/7evw_A_model_1_unrelaxed.pdb
30,3,2olo_A,success,1,0,/users/sgmwu14/scratch/openfold_inference_runs5times/epoch_30/your_model_epoch_30/repeat_3/predictions/2olo_A_model_1_unrelaxed.pdb,/users/sgmwu14/scratch/openfold_inference_runs5times/epoch_30/your_model_epoch_30/repeat_3/predictions/2olo_A_model_1_relaxed.pdb,True,70.84850899742925,29.14,85.12,389,unrelaxed,/users/sgmwu14/scratch/openfold_inference_runs5times/epoch_30/your_model_epoch_30/repeat_3/predictions/2olo_A_model_1_unrelaxed.pdb
30,3,4bp8_A,success,1,0,/users/sgmwu14/scratch/openfold_inference_runs5times/epoch_30/your_model_epoch_30/repeat_3/predictions/4bp8_A_model_1_unrelaxed.pdb,/users/sgmwu14/scratch/openfold_inference_runs5times/epoch_30/your_model_epoch_30/repeat_3/predictions/4bp8_A_model_1_relaxed.pdb,True,73.6224195804196,24.71,84.89,715,unrelaxed,/users/sgmwu14/scratch/openfold_inference_runs5times/epoch_30/your_model_epoch_30/repeat_3/predictions/4bp8_A_model_1_unrelaxed.pdb
30,3,5i6x_A,success,1,0,/users/sgmwu14/scratch/openfold_inference_runs5times/epoch_30/your_model_epoch_30/repeat_3/predictions/5i6x_A_model_1_unrelaxed.pdb,/users/sgmwu14/scratch/openfold_inference_runs5times/epoch_30/your_model_epoch_30/repeat_3/predictions/5i6x_A_model_1_relaxed.pdb,True,76.19601092896173,30.94,86.0,549,unrelaxed,/users/sgmwu14/scratch/openfold_inference_runs5times/epoch_30/your_model_epoch_30/repeat_3/predictions/5i6x_A_model_1_unrelaxed.pdb
30,3,6nbf_A,success,1,0,/users/sgmwu14/scratch/openfold_inference_runs5times/epoch_30/your_model_epoch_30/repeat_3/predictions/6nbf_A_model_1_unrelaxed.pdb,/users/sgmwu14/scratch/openfold_inference_runs5times/epoch_30/your_model_epoch_30/repeat_3/predictions/6nbf_A_model_1_relaxed.pdb,True,61.3870292887029,19.23,85.28,478,unrelaxed,/users/sgmwu14/scratch/openfold_inference_runs5times/epoch_30/your_model_epoch_30/repeat_3/predictions/6nbf_A_model_1_unrelaxed.pdb
30,3,6xpf_A,success,1,0,/users/sgmwu14/scratch/openfold_inference_runs5times/epoch_30/your_model_epoch_30/repeat_3/predictions/6xpf_A_model_1_unrelaxed.pdb,/users/sgmwu14/scratch/openfold_inference_runs5times/epoch_30/your_model_epoch_30/repeat_3/predictions/6xpf_A_model_1_relaxed.pdb,True,72.63178124999993,25.64,85.18,320,unrelaxed,/users/sgmwu14/scratch/openfold_inference_runs5times/epoch_30/your_model_epoch_30/repeat_3/predictions/6xpf_A_model_1_unrelaxed.pdb
30,3,7dsq_A,success,1,0,/users/sgmwu14/scratch/openfold_inference_runs5times/epoch_30/your_model_epoch_30/repeat_3/predictions/7dsq_A_model_1_unrelaxed.pdb,/users/sgmwu14/scratch/openfold_inference_runs5times/epoch_30/your_model_epoch_30/repeat_3/predictions/7dsq_A_model_1_relaxed.pdb,True,77.2648060344828,30.57,84.82,464,unrelaxed,/users/sgmwu14/scratch/openfold_inference_runs5times/epoch_30/your_model_epoch_30/repeat_3/predictions/7dsq_A_model_1_unrelaxed.pdb
30,3,7evw_A,success,1,0,/users/sgmwu14/scratch/openfold_inference_runs5times/epoch_30/your_model_epoch_30/repeat_3/predictions/7evw_A_model_1_unrelaxed.pdb,/users/sgmwu14/scratch/openfold_inference_runs5times/epoch_30/your_model_epoch_30/repeat_3/predictions/7evw_A_model_1_relaxed.pdb,True,63.76537562604336,22.36,83.57,599,unrelaxed,/users/sgmwu14/scratch/openfold_inference_runs5times/epoch_30/your_model_epoch_30/repeat_3/predictions/7evw_A_model_1_unrelaxed.pdb
30,4,2olo_A,success,1,0,/users/sgmwu14/scratch/openfold_inference_runs5times/epoch_30/your_model_epoch_30/repeat_4/predictions/2olo_A_model_1_unrelaxed.pdb,/users/sgmwu14/scratch/openfold_inference_runs5times/epoch_30/your_model_epoch_30/repeat_4/predictions/2olo_A_model_1_relaxed.pdb,True,69.89948586118247,33.92,84.85,389,unrelaxed,/users/sgmwu14/scratch/openfold_inference_runs5times/epoch_30/your_model_epoch_30/repeat_4/predictions/2olo_A_model_1_unrelaxed.pdb
30,4,4bp8_A,success,1,0,/users/sgmwu14/scratch/openfold_inference_runs5times/epoch_30/your_model_epoch_30/repeat_4/predictions/4bp8_A_model_1_unrelaxed.pdb,/users/sgmwu14/scratch/openfold_inference_runs5times/epoch_30/your_model_epoch_30/repeat_4/predictions/4bp8_A_model_1_relaxed.pdb,True,73.7762377622377,29.18,85.23,715,unrelaxed,/users/sgmwu14/scratch/openfold_inference_runs5times/epoch_30/your_model_epoch_30/repeat_4/predictions/4bp8_A_model_1_unrelaxed.pdb
30,4,5i6x_A,success,1,0,/users/sgmwu14/scratch/openfold_inference_runs5times/epoch_30/your_model_epoch_30/repeat_4/predictions/5i6x_A_model_1_unrelaxed.pdb,/users/sgmwu14/scratch/openfold_inference_runs5times/epoch_30/your_model_epoch_30/repeat_4/predictions/5i6x_A_model_1_relaxed.pdb,True,76.467941712204,35.29,86.02,549,unrelaxed,/users/sgmwu14/scratch/openfold_inference_runs5times/epoch_30/your_model_epoch_30/repeat_4/predictions/5i6x_A_model_1_unrelaxed.pdb
30,4,6nbf_A,success,1,0,/users/sgmwu14/scratch/openfold_inference_runs5times/epoch_30/your_model_epoch_30/repeat_4/predictions/6nbf_A_model_1_unrelaxed.pdb,/users/sgmwu14/scratch/openfold_inference_runs5times/epoch_30/your_model_epoch_30/repeat_4/predictions/6nbf_A_model_1_relaxed.pdb,True,61.91550209205021,20.04,84.79,478,unrelaxed,/users/sgmwu14/scratch/openfold_inference_runs5times/epoch_30/your_model_epoch_30/repeat_4/predictions/6nbf_A_model_1_unrelaxed.pdb
30,4,6xpf_A,success,1,0,/users/sgmwu14/scratch/openfold_inference_runs5times/epoch_30/your_model_epoch_30/repeat_4/predictions/6xpf_A_model_1_unrelaxed.pdb,/users/sgmwu14/scratch/openfold_inference_runs5times/epoch_30/your_model_epoch_30/repeat_4/predictions/6xpf_A_model_1_relaxed.pdb,True,72.78831249999999,24.65,85.04,320,unrelaxed,/users/sgmwu14/scratch/openfold_inference_runs5times/epoch_30/your_model_epoch_30/repeat_4/predictions/6xpf_A_model_1_unrelaxed.pdb
30,4,7dsq_A,success,1,0,/users/sgmwu14/scratch/openfold_inference_runs5times/epoch_30/your_model_epoch_30/repeat_4/predictions/7dsq_A_model_1_unrelaxed.pdb,/users/sgmwu14/scratch/openfold_inference_runs5times/epoch_30/your_model_epoch_30/repeat_4/predictions/7dsq_A_model_1_relaxed.pdb,True,77.52226293103443,32.21,84.82,464,unrelaxed,/users/sgmwu14/scratch/openfold_inference_runs5times/epoch_30/your_model_epoch_30/repeat_4/predictions/7dsq_A_model_1_unrelaxed.pdb
30,4,7evw_A,success,1,0,/users/sgmwu14/scratch/openfold_inference_runs5times/epoch_30/your_model_epoch_30/repeat_4/predictions/7evw_A_model_1_unrelaxed.pdb,/users/sgmwu14/scratch/openfold_inference_runs5times/epoch_30/your_model_epoch_30/repeat_4/predictions/7evw_A_model_1_relaxed.pdb,True,63.82863105175292,22.83,84.37,599,unrelaxed,/users/sgmwu14/scratch/openfold_inference_runs5times/epoch_30/your_model_epoch_30/repeat_4/predictions/7evw_A_model_1_unrelaxed.pdb
30,5,2olo_A,success,1,0,/users/sgmwu14/scratch/openfold_inference_runs5times/epoch_30/your_model_epoch_30/repeat_5/predictions/2olo_A_model_1_unrelaxed.pdb,/users/sgmwu14/scratch/openfold_inference_runs5times/epoch_30/your_model_epoch_30/repeat_5/predictions/2olo_A_model_1_relaxed.pdb,True,69.78305912596399,34.29,85.52,389,unrelaxed,/users/sgmwu14/scratch/openfold_inference_runs5times/epoch_30/your_model_epoch_30/repeat_5/predictions/2olo_A_model_1_unrelaxed.pdb
30,5,4bp8_A,success,1,0,/users/sgmwu14/scratch/openfold_inference_runs5times/epoch_30/your_model_epoch_30/repeat_5/predictions/4bp8_A_model_1_unrelaxed.pdb,/users/sgmwu14/scratch/openfold_inference_runs5times/epoch_30/your_model_epoch_30/repeat_5/predictions/4bp8_A_model_1_relaxed.pdb,True,73.55176223776218,30.14,84.68,715,unrelaxed,/users/sgmwu14/scratch/openfold_inference_runs5times/epoch_30/your_model_epoch_30/repeat_5/predictions/4bp8_A_model_1_unrelaxed.pdb
30,5,5i6x_A,success,1,0,/users/sgmwu14/scratch/openfold_inference_runs5times/epoch_30/your_model_epoch_30/repeat_5/predictions/5i6x_A_model_1_unrelaxed.pdb,/users/sgmwu14/scratch/openfold_inference_runs5times/epoch_30/your_model_epoch_30/repeat_5/predictions/5i6x_A_model_1_relaxed.pdb,True,76.14879781420768,33.17,85.54,549,unrelaxed,/users/sgmwu14/scratch/openfold_inference_runs5times/epoch_30/your_model_epoch_30/repeat_5/predictions/5i6x_A_model_1_unrelaxed.pdb
30,5,6nbf_A,success,1,0,/users/sgmwu14/scratch/openfold_inference_runs5times/epoch_30/your_model_epoch_30/repeat_5/predictions/6nbf_A_model_1_unrelaxed.pdb,/users/sgmwu14/scratch/openfold_inference_runs5times/epoch_30/your_model_epoch_30/repeat_5/predictions/6nbf_A_model_1_relaxed.pdb,True,62.17566945606697,21.71,85.11,478,unrelaxed,/users/sgmwu14/scratch/openfold_inference_runs5times/epoch_30/your_model_epoch_30/repeat_5/predictions/6nbf_A_model_1_unrelaxed.pdb
30,5,6xpf_A,success,1,0,/users/sgmwu14/scratch/openfold_inference_runs5times/epoch_30/your_model_epoch_30/repeat_5/predictions/6xpf_A_model_1_unrelaxed.pdb,/users/sgmwu14/scratch/openfold_inference_runs5times/epoch_30/your_model_epoch_30/repeat_5/predictions/6xpf_A_model_1_relaxed.pdb,True,73.02171874999996,25.98,85.23,320,unrelaxed,/users/sgmwu14/scratch/openfold_inference_runs5times/epoch_30/your_model_epoch_30/repeat_5/predictions/6xpf_A_model_1_unrelaxed.pdb
30,5,7dsq_A,success,1,0,/users/sgmwu14/scratch/openfold_inference_runs5times/epoch_30/your_model_epoch_30/repeat_5/predictions/7dsq_A_model_1_unrelaxed.pdb,/users/sgmwu14/scratch/openfold_inference_runs5times/epoch_30/your_model_epoch_30/repeat_5/predictions/7dsq_A_model_1_relaxed.pdb,True,77.39002155172412,33.73,84.65,464,unrelaxed,/users/sgmwu14/scratch/openfold_inference_runs5times/epoch_30/your_model_epoch_30/repeat_5/predictions/7dsq_A_model_1_unrelaxed.pdb
30,5,7evw_A,success,1,0,/users/sgmwu14/scratch/openfold_inference_runs5times/epoch_30/your_model_epoch_30/repeat_5/predictions/7evw_A_model_1_unrelaxed.pdb,/users/sgmwu14/scratch/openfold_inference_runs5times/epoch_30/your_model_epoch_30/repeat_5/predictions/7evw_A_model_1_relaxed.pdb,True,63.86427378964944,22.94,83.63,599,unrelaxed,/users/sgmwu14/scratch/openfold_inference_runs5times/epoch_30/your_model_epoch_30/repeat_5/predictions/7evw_A_model_1_unrelaxed.pdb
31,1,2olo_A,success,1,0,/users/sgmwu14/scratch/openfold_inference_runs5times/epoch_31/your_model_epoch_31/repeat_1/predictions/2olo_A_model_1_unrelaxed.pdb,/users/sgmwu14/scratch/openfold_inference_runs5times/epoch_31/your_model_epoch_31/repeat_1/predictions/2olo_A_model_1_relaxed.pdb,True,68.65799485861186,37.67,84.42,389,unrelaxed,/users/sgmwu14/scratch/openfold_inference_runs5times/epoch_31/your_model_epoch_31/repeat_1/predictions/2olo_A_model_1_unrelaxed.pdb
31,1,4bp8_A,success,1,0,/users/sgmwu14/scratch/openfold_inference_runs5times/epoch_31/your_model_epoch_31/repeat_1/predictions/4bp8_A_model_1_unrelaxed.pdb,/users/sgmwu14/scratch/openfold_inference_runs5times/epoch_31/your_model_epoch_31/repeat_1/predictions/4bp8_A_model_1_relaxed.pdb,True,71.33155244755247,26.23,84.52,715,unrelaxed,/users/sgmwu14/scratch/openfold_inference_runs5times/epoch_31/your_model_epoch_31/repeat_1/predictions/4bp8_A_model_1_unrelaxed.pdb
31,1,5i6x_A,success,1,0,/users/sgmwu14/scratch/openfold_inference_runs5times/epoch_31/your_model_epoch_31/repeat_1/predictions/5i6x_A_model_1_unrelaxed.pdb,/users/sgmwu14/scratch/openfold_inference_runs5times/epoch_31/your_model_epoch_31/repeat_1/predictions/5i6x_A_model_1_relaxed.pdb,True,75.41041894353361,34.1,85.61,549,unrelaxed,/users/sgmwu14/scratch/openfold_inference_runs5times/epoch_31/your_model_epoch_31/repeat_1/predictions/5i6x_A_model_1_unrelaxed.pdb
31,1,6nbf_A,success,1,0,/users/sgmwu14/scratch/openfold_inference_runs5times/epoch_31/your_model_epoch_31/repeat_1/predictions/6nbf_A_model_1_unrelaxed.pdb,/users/sgmwu14/scratch/openfold_inference_runs5times/epoch_31/your_model_epoch_31/repeat_1/predictions/6nbf_A_model_1_relaxed.pdb,True,57.3166945606695,21.3,85.14,478,unrelaxed,/users/sgmwu14/scratch/openfold_inference_runs5times/epoch_31/your_model_epoch_31/repeat_1/predictions/6nbf_A_model_1_unrelaxed.pdb
31,1,6xpf_A,success,1,0,/users/sgmwu14/scratch/openfold_inference_runs5times/epoch_31/your_model_epoch_31/repeat_1/predictions/6xpf_A_model_1_unrelaxed.pdb,/users/sgmwu14/scratch/openfold_inference_runs5times/epoch_31/your_model_epoch_31/repeat_1/predictions/6xpf_A_model_1_relaxed.pdb,True,73.12646875,25.64,87.18,320,unrelaxed,/users/sgmwu14/scratch/openfold_inference_runs5times/epoch_31/your_model_epoch_31/repeat_1/predictions/6xpf_A_model_1_unrelaxed.pdb
31,1,7dsq_A,success,1,0,/users/sgmwu14/scratch/openfold_inference_runs5times/epoch_31/your_model_epoch_31/repeat_1/predictions/7dsq_A_model_1_unrelaxed.pdb,/users/sgmwu14/scratch/openfold_inference_runs5times/epoch_31/your_model_epoch_31/repeat_1/predictions/7dsq_A_model_1_relaxed.pdb,True,76.74775862068964,29.29,85.04,464,unrelaxed,/users/sgmwu14/scratch/openfold_inference_runs5times/epoch_31/your_model_epoch_31/repeat_1/predictions/7dsq_A_model_1_unrelaxed.pdb
31,1,7evw_A,error,0,1,/users/sgmwu14/scratch/openfold_inference_runs5times/epoch_31/your_model_epoch_31/repeat_1/predictions/7evw_A_model_1_unrelaxed.pdb,/users/sgmwu14/scratch/openfold_inference_runs5times/epoch_31/your_model_epoch_31/repeat_1/predictions/7evw_A_model_1_relaxed.pdb,False,58.16767946577633,18.05,82.87,599,unrelaxed,/users/sgmwu14/scratch/openfold_inference_runs5times/epoch_31/your_model_epoch_31/repeat_1/predictions/7evw_A_model_1_unrelaxed.pdb
31,2,2olo_A,success,1,0,/users/sgmwu14/scratch/openfold_inference_runs5times/epoch_31/your_model_epoch_31/repeat_2/predictions/2olo_A_model_1_unrelaxed.pdb,/users/sgmwu14/scratch/openfold_inference_runs5times/epoch_31/your_model_epoch_31/repeat_2/predictions/2olo_A_model_1_relaxed.pdb,True,67.29002570694095,28.29,84.78,389,unrelaxed,/users/sgmwu14/scratch/openfold_inference_runs5times/epoch_31/your_model_epoch_31/repeat_2/predictions/2olo_A_model_1_unrelaxed.pdb
31,2,4bp8_A,success,1,0,/users/sgmwu14/scratch/openfold_inference_runs5times/epoch_31/your_model_epoch_31/repeat_2/predictions/4bp8_A_model_1_unrelaxed.pdb,/users/sgmwu14/scratch/openfold_inference_runs5times/epoch_31/your_model_epoch_31/repeat_2/predictions/4bp8_A_model_1_relaxed.pdb,True,71.19009790209799,26.91,84.48,715,unrelaxed,/users/sgmwu14/scratch/openfold_inference_runs5times/epoch_31/your_model_epoch_31/repeat_2/predictions/4bp8_A_model_1_unrelaxed.pdb
31,2,5i6x_A,success,1,0,/users/sgmwu14/scratch/openfold_inference_runs5times/epoch_31/your_model_epoch_31/repeat_2/predictions/5i6x_A_model_1_unrelaxed.pdb,/users/sgmwu14/scratch/openfold_inference_runs5times/epoch_31/your_model_epoch_31/repeat_2/predictions/5i6x_A_model_1_relaxed.pdb,True,75.06306010928958,33.32,85.8,549,unrelaxed,/users/sgmwu14/scratch/openfold_inference_runs5times/epoch_31/your_model_epoch_31/repeat_2/predictions/5i6x_A_model_1_unrelaxed.pdb
31,2,6nbf_A,success,1,0,/users/sgmwu14/scratch/openfold_inference_runs5times/epoch_31/your_model_epoch_31/repeat_2/predictions/6nbf_A_model_1_unrelaxed.pdb,/users/sgmwu14/scratch/openfold_inference_runs5times/epoch_31/your_model_epoch_31/repeat_2/predictions/6nbf_A_model_1_relaxed.pdb,True,56.695271966527216,21.51,85.52,478,unrelaxed,/users/sgmwu14/scratch/openfold_inference_runs5times/epoch_31/your_model_epoch_31/repeat_2/predictions/6nbf_A_model_1_unrelaxed.pdb
31,2,6xpf_A,success,1,0,/users/sgmwu14/scratch/openfold_inference_runs5times/epoch_31/your_model_epoch_31/repeat_2/predictions/6xpf_A_model_1_unrelaxed.pdb,/users/sgmwu14/scratch/openfold_inference_runs5times/epoch_31/your_model_epoch_31/repeat_2/predictions/6xpf_A_model_1_relaxed.pdb,True,72.93528125,25.21,87.26,320,unrelaxed,/users/sgmwu14/scratch/openfold_inference_runs5times/epoch_31/your_model_epoch_31/repeat_2/predictions/6xpf_A_model_1_unrelaxed.pdb
31,2,7dsq_A,success,1,0,/users/sgmwu14/scratch/openfold_inference_runs5times/epoch_31/your_model_epoch_31/repeat_2/predictions/7dsq_A_model_1_unrelaxed.pdb,/users/sgmwu14/scratch/openfold_inference_runs5times/epoch_31/your_model_epoch_31/repeat_2/predictions/7dsq_A_model_1_relaxed.pdb,True,77.10452586206898,29.33,85.25,464,unrelaxed,/users/sgmwu14/scratch/openfold_inference_runs5times/epoch_31/your_model_epoch_31/repeat_2/predictions/7dsq_A_model_1_unrelaxed.pdb
31,2,7evw_A,success,1,0,/users/sgmwu14/scratch/openfold_inference_runs5times/epoch_31/your_model_epoch_31/repeat_2/predictions/7evw_A_model_1_unrelaxed.pdb,/users/sgmwu14/scratch/openfold_inference_runs5times/epoch_31/your_model_epoch_31/repeat_2/predictions/7evw_A_model_1_relaxed.pdb,True,58.74574290484136,17.17,83.05,599,unrelaxed,/users/sgmwu14/scratch/openfold_inference_runs5times/epoch_31/your_model_epoch_31/repeat_2/predictions/7evw_A_model_1_unrelaxed.pdb
31,3,2olo_A,success,1,0,/users/sgmwu14/scratch/openfold_inference_runs5times/epoch_31/your_model_epoch_31/repeat_3/predictions/2olo_A_model_1_unrelaxed.pdb,/users/sgmwu14/scratch/openfold_inference_runs5times/epoch_31/your_model_epoch_31/repeat_3/predictions/2olo_A_model_1_relaxed.pdb,True,67.72503856041129,34.09,84.71,389,unrelaxed,/users/sgmwu14/scratch/openfold_inference_runs5times/epoch_31/your_model_epoch_31/repeat_3/predictions/2olo_A_model_1_unrelaxed.pdb
31,3,4bp8_A,success,1,0,/users/sgmwu14/scratch/openfold_inference_runs5times/epoch_31/your_model_epoch_31/repeat_3/predictions/4bp8_A_model_1_unrelaxed.pdb,/users/sgmwu14/scratch/openfold_inference_runs5times/epoch_31/your_model_epoch_31/repeat_3/predictions/4bp8_A_model_1_relaxed.pdb,True,71.26276923076922,26.89,84.48,715,unrelaxed,/users/sgmwu14/scratch/openfold_inference_runs5times/epoch_31/your_model_epoch_31/repeat_3/predictions/4bp8_A_model_1_unrelaxed.pdb
31,3,5i6x_A,success,1,0,/users/sgmwu14/scratch/openfold_inference_runs5times/epoch_31/your_model_epoch_31/repeat_3/predictions/5i6x_A_model_1_unrelaxed.pdb,/users/sgmwu14/scratch/openfold_inference_runs5times/epoch_31/your_model_epoch_31/repeat_3/predictions/5i6x_A_model_1_relaxed.pdb,True,75.471256830601,29.4,86.27,549,unrelaxed,/users/sgmwu14/scratch/openfold_inference_runs5times/epoch_31/your_model_epoch_31/repeat_3/predictions/5i6x_A_model_1_unrelaxed.pdb
31,3,6nbf_A,success,1,0,/users/sgmwu14/scratch/openfold_inference_runs5times/epoch_31/your_model_epoch_31/repeat_3/predictions/6nbf_A_model_1_unrelaxed.pdb,/users/sgmwu14/scratch/openfold_inference_runs5times/epoch_31/your_model_epoch_31/repeat_3/predictions/6nbf_A_model_1_relaxed.pdb,True,56.460209205020895,20.54,85.4,478,unrelaxed,/users/sgmwu14/scratch/openfold_inference_runs5times/epoch_31/your_model_epoch_31/repeat_3/predictions/6nbf_A_model_1_unrelaxed.pdb
31,3,6xpf_A,success,1,0,/users/sgmwu14/scratch/openfold_inference_runs5times/epoch_31/your_model_epoch_31/repeat_3/predictions/6xpf_A_model_1_unrelaxed.pdb,/users/sgmwu14/scratch/openfold_inference_runs5times/epoch_31/your_model_epoch_31/repeat_3/predictions/6xpf_A_model_1_relaxed.pdb,True,72.69318749999996,25.15,86.3,320,unrelaxed,/users/sgmwu14/scratch/openfold_inference_runs5times/epoch_31/your_model_epoch_31/repeat_3/predictions/6xpf_A_model_1_unrelaxed.pdb
31,3,7dsq_A,success,1,0,/users/sgmwu14/scratch/openfold_inference_runs5times/epoch_31/your_model_epoch_31/repeat_3/predictions/7dsq_A_model_1_unrelaxed.pdb,/users/sgmwu14/scratch/openfold_inference_runs5times/epoch_31/your_model_epoch_31/repeat_3/predictions/7dsq_A_model_1_relaxed.pdb,True,76.80103448275861,28.71,85.28,464,unrelaxed,/users/sgmwu14/scratch/openfold_inference_runs5times/epoch_31/your_model_epoch_31/repeat_3/predictions/7dsq_A_model_1_unrelaxed.pdb
31,3,7evw_A,success,1,0,/users/sgmwu14/scratch/openfold_inference_runs5times/epoch_31/your_model_epoch_31/repeat_3/predictions/7evw_A_model_1_unrelaxed.pdb,/users/sgmwu14/scratch/openfold_inference_runs5times/epoch_31/your_model_epoch_31/repeat_3/predictions/7evw_A_model_1_relaxed.pdb,True,58.028747913188695,18.75,83.43,599,unrelaxed,/users/sgmwu14/scratch/openfold_inference_runs5times/epoch_31/your_model_epoch_31/repeat_3/predictions/7evw_A_model_1_unrelaxed.pdb
31,4,2olo_A,success,1,0,/users/sgmwu14/scratch/openfold_inference_runs5times/epoch_31/your_model_epoch_31/repeat_4/predictions/2olo_A_model_1_unrelaxed.pdb,/users/sgmwu14/scratch/openfold_inference_runs5times/epoch_31/your_model_epoch_31/repeat_4/predictions/2olo_A_model_1_relaxed.pdb,True,68.3959640102828,33.63,84.05,389,unrelaxed,/users/sgmwu14/scratch/openfold_inference_runs5times/epoch_31/your_model_epoch_31/repeat_4/predictions/2olo_A_model_1_unrelaxed.pdb
31,4,4bp8_A,success,1,0,/users/sgmwu14/scratch/openfold_inference_runs5times/epoch_31/your_model_epoch_31/repeat_4/predictions/4bp8_A_model_1_unrelaxed.pdb,/users/sgmwu14/scratch/openfold_inference_runs5times/epoch_31/your_model_epoch_31/repeat_4/predictions/4bp8_A_model_1_relaxed.pdb,True,71.20413986013988,25.73,84.43,715,unrelaxed,/users/sgmwu14/scratch/openfold_inference_runs5times/epoch_31/your_model_epoch_31/repeat_4/predictions/4bp8_A_model_1_unrelaxed.pdb
31,4,5i6x_A,success,1,0,/users/sgmwu14/scratch/openfold_inference_runs5times/epoch_31/your_model_epoch_31/repeat_4/predictions/5i6x_A_model_1_unrelaxed.pdb,/users/sgmwu14/scratch/openfold_inference_runs5times/epoch_31/your_model_epoch_31/repeat_4/predictions/5i6x_A_model_1_relaxed.pdb,True,75.81531876138428,31.23,86.01,549,unrelaxed,/users/sgmwu14/scratch/openfold_inference_runs5times/epoch_31/your_model_epoch_31/repeat_4/predictions/5i6x_A_model_1_unrelaxed.pdb
31,4,6nbf_A,success,1,0,/users/sgmwu14/scratch/openfold_inference_runs5times/epoch_31/your_model_epoch_31/repeat_4/predictions/6nbf_A_model_1_unrelaxed.pdb,/users/sgmwu14/scratch/openfold_inference_runs5times/epoch_31/your_model_epoch_31/repeat_4/predictions/6nbf_A_model_1_relaxed.pdb,True,57.65334728033464,20.28,85.02,478,unrelaxed,/users/sgmwu14/scratch/openfold_inference_runs5times/epoch_31/your_model_epoch_31/repeat_4/predictions/6nbf_A_model_1_unrelaxed.pdb
31,4,6xpf_A,success,1,0,/users/sgmwu14/scratch/openfold_inference_runs5times/epoch_31/your_model_epoch_31/repeat_4/predictions/6xpf_A_model_1_unrelaxed.pdb,/users/sgmwu14/scratch/openfold_inference_runs5times/epoch_31/your_model_epoch_31/repeat_4/predictions/6xpf_A_model_1_relaxed.pdb,True,72.56934374999996,24.46,86.25,320,unrelaxed,/users/sgmwu14/scratch/openfold_inference_runs5times/epoch_31/your_model_epoch_31/repeat_4/predictions/6xpf_A_model_1_unrelaxed.pdb
31,4,7dsq_A,success,1,0,/users/sgmwu14/scratch/openfold_inference_runs5times/epoch_31/your_model_epoch_31/repeat_4/predictions/7dsq_A_model_1_unrelaxed.pdb,/users/sgmwu14/scratch/openfold_inference_runs5times/epoch_31/your_model_epoch_31/repeat_4/predictions/7dsq_A_model_1_relaxed.pdb,True,76.73209051724135,32.74,84.84,464,unrelaxed,/users/sgmwu14/scratch/openfold_inference_runs5times/epoch_31/your_model_epoch_31/repeat_4/predictions/7dsq_A_model_1_unrelaxed.pdb
31,4,7evw_A,success,1,0,/users/sgmwu14/scratch/openfold_inference_runs5times/epoch_31/your_model_epoch_31/repeat_4/predictions/7evw_A_model_1_unrelaxed.pdb,/users/sgmwu14/scratch/openfold_inference_runs5times/epoch_31/your_model_epoch_31/repeat_4/predictions/7evw_A_model_1_relaxed.pdb,True,57.93011686143573,17.17,83.0,599,unrelaxed,/users/sgmwu14/scratch/openfold_inference_runs5times/epoch_31/your_model_epoch_31/repeat_4/predictions/7evw_A_model_1_unrelaxed.pdb
31,5,2olo_A,success,1,0,/users/sgmwu14/scratch/openfold_inference_runs5times/epoch_31/your_model_epoch_31/repeat_5/predictions/2olo_A_model_1_unrelaxed.pdb,/users/sgmwu14/scratch/openfold_inference_runs5times/epoch_31/your_model_epoch_31/repeat_5/predictions/2olo_A_model_1_relaxed.pdb,True,67.1509768637532,31.61,84.47,389,unrelaxed,/users/sgmwu14/scratch/openfold_inference_runs5times/epoch_31/your_model_epoch_31/repeat_5/predictions/2olo_A_model_1_unrelaxed.pdb
31,5,4bp8_A,success,1,0,/users/sgmwu14/scratch/openfold_inference_runs5times/epoch_31/your_model_epoch_31/repeat_5/predictions/4bp8_A_model_1_unrelaxed.pdb,/users/sgmwu14/scratch/openfold_inference_runs5times/epoch_31/your_model_epoch_31/repeat_5/predictions/4bp8_A_model_1_relaxed.pdb,True,71.11931468531476,25.85,84.21,715,unrelaxed,/users/sgmwu14/scratch/openfold_inference_runs5times/epoch_31/your_model_epoch_31/repeat_5/predictions/4bp8_A_model_1_unrelaxed.pdb
31,5,5i6x_A,success,1,0,/users/sgmwu14/scratch/openfold_inference_runs5times/epoch_31/your_model_epoch_31/repeat_5/predictions/5i6x_A_model_1_unrelaxed.pdb,/users/sgmwu14/scratch/openfold_inference_runs5times/epoch_31/your_model_epoch_31/repeat_5/predictions/5i6x_A_model_1_relaxed.pdb,True,75.20943533697636,33.36,86.23,549,unrelaxed,/users/sgmwu14/scratch/openfold_inference_runs5times/epoch_31/your_model_epoch_31/repeat_5/predictions/5i6x_A_model_1_unrelaxed.pdb
31,5,6nbf_A,success,1,0,/users/sgmwu14/scratch/openfold_inference_runs5times/epoch_31/your_model_epoch_31/repeat_5/predictions/6nbf_A_model_1_unrelaxed.pdb,/users/sgmwu14/scratch/openfold_inference_runs5times/epoch_31/your_model_epoch_31/repeat_5/predictions/6nbf_A_model_1_relaxed.pdb,True,58.03085774058579,22.03,84.8,478,unrelaxed,/users/sgmwu14/scratch/openfold_inference_runs5times/epoch_31/your_model_epoch_31/repeat_5/predictions/6nbf_A_model_1_unrelaxed.pdb
31,5,6xpf_A,success,1,0,/users/sgmwu14/scratch/openfold_inference_runs5times/epoch_31/your_model_epoch_31/repeat_5/predictions/6xpf_A_model_1_unrelaxed.pdb,/users/sgmwu14/scratch/openfold_inference_runs5times/epoch_31/your_model_epoch_31/repeat_5/predictions/6xpf_A_model_1_relaxed.pdb,True,72.69084375,24.39,86.68,320,unrelaxed,/users/sgmwu14/scratch/openfold_inference_runs5times/epoch_31/your_model_epoch_31/repeat_5/predictions/6xpf_A_model_1_unrelaxed.pdb
31,5,7dsq_A,success,1,0,/users/sgmwu14/scratch/openfold_inference_runs5times/epoch_31/your_model_epoch_31/repeat_5/predictions/7dsq_A_model_1_unrelaxed.pdb,/users/sgmwu14/scratch/openfold_inference_runs5times/epoch_31/your_model_epoch_31/repeat_5/predictions/7dsq_A_model_1_relaxed.pdb,True,76.50728448275854,28.94,84.87,464,unrelaxed,/users/sgmwu14/scratch/openfold_inference_runs5times/epoch_31/your_model_epoch_31/repeat_5/predictions/7dsq_A_model_1_unrelaxed.pdb
31,5,7evw_A,success,1,0,/users/sgmwu14/scratch/openfold_inference_runs5times/epoch_31/your_model_epoch_31/repeat_5/predictions/7evw_A_model_1_unrelaxed.pdb,/users/sgmwu14/scratch/openfold_inference_runs5times/epoch_31/your_model_epoch_31/repeat_5/predictions/7evw_A_model_1_relaxed.pdb,True,57.74684474123538,17.44,83.12,599,unrelaxed,/users/sgmwu14/scratch/openfold_inference_runs5times/epoch_31/your_model_epoch_31/repeat_5/predictions/7evw_A_model_1_unrelaxed.pdb
32,1,2olo_A,success,1,0,/users/sgmwu14/scratch/openfold_inference_runs5times/epoch_32/your_model_epoch_32/repeat_1/predictions/2olo_A_model_1_unrelaxed.pdb,/users/sgmwu14/scratch/openfold_inference_runs5times/epoch_32/your_model_epoch_32/repeat_1/predictions/2olo_A_model_1_relaxed.pdb,True,71.2743444730077,28.53,85.88,389,unrelaxed,/users/sgmwu14/scratch/openfold_inference_runs5times/epoch_32/your_model_epoch_32/repeat_1/predictions/2olo_A_model_1_unrelaxed.pdb
32,1,4bp8_A,success,1,0,/users/sgmwu14/scratch/openfold_inference_runs5times/epoch_32/your_model_epoch_32/repeat_1/predictions/4bp8_A_model_1_unrelaxed.pdb,/users/sgmwu14/scratch/openfold_inference_runs5times/epoch_32/your_model_epoch_32/repeat_1/predictions/4bp8_A_model_1_relaxed.pdb,True,73.38781818181826,25.66,85.92,715,unrelaxed,/users/sgmwu14/scratch/openfold_inference_runs5times/epoch_32/your_model_epoch_32/repeat_1/predictions/4bp8_A_model_1_unrelaxed.pdb
32,1,5i6x_A,success,1,0,/users/sgmwu14/scratch/openfold_inference_runs5times/epoch_32/your_model_epoch_32/repeat_1/predictions/5i6x_A_model_1_unrelaxed.pdb,/users/sgmwu14/scratch/openfold_inference_runs5times/epoch_32/your_model_epoch_32/repeat_1/predictions/5i6x_A_model_1_relaxed.pdb,True,76.43083788706741,31.14,86.04,549,unrelaxed,/users/sgmwu14/scratch/openfold_inference_runs5times/epoch_32/your_model_epoch_32/repeat_1/predictions/5i6x_A_model_1_unrelaxed.pdb
32,1,6nbf_A,success,1,0,/users/sgmwu14/scratch/openfold_inference_runs5times/epoch_32/your_model_epoch_32/repeat_1/predictions/6nbf_A_model_1_unrelaxed.pdb,/users/sgmwu14/scratch/openfold_inference_runs5times/epoch_32/your_model_epoch_32/repeat_1/predictions/6nbf_A_model_1_relaxed.pdb,True,58.367907949790805,19.05,84.14,478,unrelaxed,/users/sgmwu14/scratch/openfold_inference_runs5times/epoch_32/your_model_epoch_32/repeat_1/predictions/6nbf_A_model_1_unrelaxed.pdb
32,1,6xpf_A,success,1,0,/users/sgmwu14/scratch/openfold_inference_runs5times/epoch_32/your_model_epoch_32/repeat_1/predictions/6xpf_A_model_1_unrelaxed.pdb,/users/sgmwu14/scratch/openfold_inference_runs5times/epoch_32/your_model_epoch_32/repeat_1/predictions/6xpf_A_model_1_relaxed.pdb,True,73.54612500000006,23.23,87.04,320,unrelaxed,/users/sgmwu14/scratch/openfold_inference_runs5times/epoch_32/your_model_epoch_32/repeat_1/predictions/6xpf_A_model_1_unrelaxed.pdb
32,1,7dsq_A,success,1,0,/users/sgmwu14/scratch/openfold_inference_runs5times/epoch_32/your_model_epoch_32/repeat_1/predictions/7dsq_A_model_1_unrelaxed.pdb,/users/sgmwu14/scratch/openfold_inference_runs5times/epoch_32/your_model_epoch_32/repeat_1/predictions/7dsq_A_model_1_relaxed.pdb,True,77.21433189655167,23.87,85.8,464,unrelaxed,/users/sgmwu14/scratch/openfold_inference_runs5times/epoch_32/your_model_epoch_32/repeat_1/predictions/7dsq_A_model_1_unrelaxed.pdb
32,1,7evw_A,success,1,0,/users/sgmwu14/scratch/openfold_inference_runs5times/epoch_32/your_model_epoch_32/repeat_1/predictions/7evw_A_model_1_unrelaxed.pdb,/users/sgmwu14/scratch/openfold_inference_runs5times/epoch_32/your_model_epoch_32/repeat_1/predictions/7evw_A_model_1_relaxed.pdb,True,61.81030050083471,23.55,86.32,599,unrelaxed,/users/sgmwu14/scratch/openfold_inference_runs5times/epoch_32/your_model_epoch_32/repeat_1/predictions/7evw_A_model_1_unrelaxed.pdb
32,2,2olo_A,success,1,0,/users/sgmwu14/scratch/openfold_inference_runs5times/epoch_32/your_model_epoch_32/repeat_2/predictions/2olo_A_model_1_unrelaxed.pdb,/users/sgmwu14/scratch/openfold_inference_runs5times/epoch_32/your_model_epoch_32/repeat_2/predictions/2olo_A_model_1_relaxed.pdb,True,71.24141388174809,28.72,85.53,389,unrelaxed,/users/sgmwu14/scratch/openfold_inference_runs5times/epoch_32/your_model_epoch_32/repeat_2/predictions/2olo_A_model_1_unrelaxed.pdb
32,2,4bp8_A,success,1,0,/users/sgmwu14/scratch/openfold_inference_runs5times/epoch_32/your_model_epoch_32/repeat_2/predictions/4bp8_A_model_1_unrelaxed.pdb,/users/sgmwu14/scratch/openfold_inference_runs5times/epoch_32/your_model_epoch_32/repeat_2/predictions/4bp8_A_model_1_relaxed.pdb,True,73.33570629370615,30.47,85.86,715,unrelaxed,/users/sgmwu14/scratch/openfold_inference_runs5times/epoch_32/your_model_epoch_32/repeat_2/predictions/4bp8_A_model_1_unrelaxed.pdb
32,2,5i6x_A,success,1,0,/users/sgmwu14/scratch/openfold_inference_runs5times/epoch_32/your_model_epoch_32/repeat_2/predictions/5i6x_A_model_1_unrelaxed.pdb,/users/sgmwu14/scratch/openfold_inference_runs5times/epoch_32/your_model_epoch_32/repeat_2/predictions/5i6x_A_model_1_relaxed.pdb,True,76.83437158469944,32.85,86.05,549,unrelaxed,/users/sgmwu14/scratch/openfold_inference_runs5times/epoch_32/your_model_epoch_32/repeat_2/predictions/5i6x_A_model_1_unrelaxed.pdb
32,2,6nbf_A,success,1,0,/users/sgmwu14/scratch/openfold_inference_runs5times/epoch_32/your_model_epoch_32/repeat_2/predictions/6nbf_A_model_1_unrelaxed.pdb,/users/sgmwu14/scratch/openfold_inference_runs5times/epoch_32/your_model_epoch_32/repeat_2/predictions/6nbf_A_model_1_relaxed.pdb,True,57.53778242677825,18.64,84.02,478,unrelaxed,/users/sgmwu14/scratch/openfold_inference_runs5times/epoch_32/your_model_epoch_32/repeat_2/predictions/6nbf_A_model_1_unrelaxed.pdb
32,2,6xpf_A,success,1,0,/users/sgmwu14/scratch/openfold_inference_runs5times/epoch_32/your_model_epoch_32/repeat_2/predictions/6xpf_A_model_1_unrelaxed.pdb,/users/sgmwu14/scratch/openfold_inference_runs5times/epoch_32/your_model_epoch_32/repeat_2/predictions/6xpf_A_model_1_relaxed.pdb,True,73.66646875,27.41,87.12,320,unrelaxed,/users/sgmwu14/scratch/openfold_inference_runs5times/epoch_32/your_model_epoch_32/repeat_2/predictions/6xpf_A_model_1_unrelaxed.pdb
32,2,7dsq_A,success,1,0,/users/sgmwu14/scratch/openfold_inference_runs5times/epoch_32/your_model_epoch_32/repeat_2/predictions/7dsq_A_model_1_unrelaxed.pdb,/users/sgmwu14/scratch/openfold_inference_runs5times/epoch_32/your_model_epoch_32/repeat_2/predictions/7dsq_A_model_1_relaxed.pdb,True,77.83450431034483,26.22,86.11,464,unrelaxed,/users/sgmwu14/scratch/openfold_inference_runs5times/epoch_32/your_model_epoch_32/repeat_2/predictions/7dsq_A_model_1_unrelaxed.pdb
32,2,7evw_A,success,1,0,/users/sgmwu14/scratch/openfold_inference_runs5times/epoch_32/your_model_epoch_32/repeat_2/predictions/7evw_A_model_1_unrelaxed.pdb,/users/sgmwu14/scratch/openfold_inference_runs5times/epoch_32/your_model_epoch_32/repeat_2/predictions/7evw_A_model_1_relaxed.pdb,True,62.00407345575959,16.52,85.36,599,unrelaxed,/users/sgmwu14/scratch/openfold_inference_runs5times/epoch_32/your_model_epoch_32/repeat_2/predictions/7evw_A_model_1_unrelaxed.pdb
32,3,2olo_A,success,1,0,/users/sgmwu14/scratch/openfold_inference_runs5times/epoch_32/your_model_epoch_32/repeat_3/predictions/2olo_A_model_1_unrelaxed.pdb,/users/sgmwu14/scratch/openfold_inference_runs5times/epoch_32/your_model_epoch_32/repeat_3/predictions/2olo_A_model_1_relaxed.pdb,True,70.83017994858615,29.51,85.44,389,unrelaxed,/users/sgmwu14/scratch/openfold_inference_runs5times/epoch_32/your_model_epoch_32/repeat_3/predictions/2olo_A_model_1_unrelaxed.pdb
32,3,4bp8_A,success,1,0,/users/sgmwu14/scratch/openfold_inference_runs5times/epoch_32/your_model_epoch_32/repeat_3/predictions/4bp8_A_model_1_unrelaxed.pdb,/users/sgmwu14/scratch/openfold_inference_runs5times/epoch_32/your_model_epoch_32/repeat_3/predictions/4bp8_A_model_1_relaxed.pdb,True,73.34295104895106,25.17,85.98,715,unrelaxed,/users/sgmwu14/scratch/openfold_inference_runs5times/epoch_32/your_model_epoch_32/repeat_3/predictions/4bp8_A_model_1_unrelaxed.pdb
32,3,5i6x_A,success,1,0,/users/sgmwu14/scratch/openfold_inference_runs5times/epoch_32/your_model_epoch_32/repeat_3/predictions/5i6x_A_model_1_unrelaxed.pdb,/users/sgmwu14/scratch/openfold_inference_runs5times/epoch_32/your_model_epoch_32/repeat_3/predictions/5i6x_A_model_1_relaxed.pdb,True,76.6950455373407,34.31,86.29,549,unrelaxed,/users/sgmwu14/scratch/openfold_inference_runs5times/epoch_32/your_model_epoch_32/repeat_3/predictions/5i6x_A_model_1_unrelaxed.pdb
32,3,6nbf_A,success,1,0,/users/sgmwu14/scratch/openfold_inference_runs5times/epoch_32/your_model_epoch_32/repeat_3/predictions/6nbf_A_model_1_unrelaxed.pdb,/users/sgmwu14/scratch/openfold_inference_runs5times/epoch_32/your_model_epoch_32/repeat_3/predictions/6nbf_A_model_1_relaxed.pdb,True,57.6831171548117,18.89,84.17,478,unrelaxed,/users/sgmwu14/scratch/openfold_inference_runs5times/epoch_32/your_model_epoch_32/repeat_3/predictions/6nbf_A_model_1_unrelaxed.pdb
32,3,6xpf_A,success,1,0,/users/sgmwu14/scratch/openfold_inference_runs5times/epoch_32/your_model_epoch_32/repeat_3/predictions/6xpf_A_model_1_unrelaxed.pdb,/users/sgmwu14/scratch/openfold_inference_runs5times/epoch_32/your_model_epoch_32/repeat_3/predictions/6xpf_A_model_1_relaxed.pdb,True,73.82209375000004,28.85,87.41,320,unrelaxed,/users/sgmwu14/scratch/openfold_inference_runs5times/epoch_32/your_model_epoch_32/repeat_3/predictions/6xpf_A_model_1_unrelaxed.pdb
32,3,7dsq_A,success,1,0,/users/sgmwu14/scratch/openfold_inference_runs5times/epoch_32/your_model_epoch_32/repeat_3/predictions/7dsq_A_model_1_unrelaxed.pdb,/users/sgmwu14/scratch/openfold_inference_runs5times/epoch_32/your_model_epoch_32/repeat_3/predictions/7dsq_A_model_1_relaxed.pdb,True,77.72474137931023,33.49,86.03,464,unrelaxed,/users/sgmwu14/scratch/openfold_inference_runs5times/epoch_32/your_model_epoch_32/repeat_3/predictions/7dsq_A_model_1_unrelaxed.pdb
32,3,7evw_A,success,1,0,/users/sgmwu14/scratch/openfold_inference_runs5times/epoch_32/your_model_epoch_32/repeat_3/predictions/7evw_A_model_1_unrelaxed.pdb,/users/sgmwu14/scratch/openfold_inference_runs5times/epoch_32/your_model_epoch_32/repeat_3/predictions/7evw_A_model_1_relaxed.pdb,True,61.828030050083406,18.45,85.37,599,unrelaxed,/users/sgmwu14/scratch/openfold_inference_runs5times/epoch_32/your_model_epoch_32/repeat_3/predictions/7evw_A_model_1_unrelaxed.pdb
32,4,2olo_A,success,1,0,/users/sgmwu14/scratch/openfold_inference_runs5times/epoch_32/your_model_epoch_32/repeat_4/predictions/2olo_A_model_1_unrelaxed.pdb,/users/sgmwu14/scratch/openfold_inference_runs5times/epoch_32/your_model_epoch_32/repeat_4/predictions/2olo_A_model_1_relaxed.pdb,True,72.42876606683807,31.92,85.9,389,unrelaxed,/users/sgmwu14/scratch/openfold_inference_runs5times/epoch_32/your_model_epoch_32/repeat_4/predictions/2olo_A_model_1_unrelaxed.pdb
32,4,4bp8_A,success,1,0,/users/sgmwu14/scratch/openfold_inference_runs5times/epoch_32/your_model_epoch_32/repeat_4/predictions/4bp8_A_model_1_unrelaxed.pdb,/users/sgmwu14/scratch/openfold_inference_runs5times/epoch_32/your_model_epoch_32/repeat_4/predictions/4bp8_A_model_1_relaxed.pdb,True,73.37332867132872,28.77,85.84,715,unrelaxed,/users/sgmwu14/scratch/openfold_inference_runs5times/epoch_32/your_model_epoch_32/repeat_4/predictions/4bp8_A_model_1_unrelaxed.pdb
32,4,5i6x_A,success,1,0,/users/sgmwu14/scratch/openfold_inference_runs5times/epoch_32/your_model_epoch_32/repeat_4/predictions/5i6x_A_model_1_unrelaxed.pdb,/users/sgmwu14/scratch/openfold_inference_runs5times/epoch_32/your_model_epoch_32/repeat_4/predictions/5i6x_A_model_1_relaxed.pdb,True,76.93950819672136,31.22,86.3,549,unrelaxed,/users/sgmwu14/scratch/openfold_inference_runs5times/epoch_32/your_model_epoch_32/repeat_4/predictions/5i6x_A_model_1_unrelaxed.pdb
32,4,6nbf_A,success,1,0,/users/sgmwu14/scratch/openfold_inference_runs5times/epoch_32/your_model_epoch_32/repeat_4/predictions/6nbf_A_model_1_unrelaxed.pdb,/users/sgmwu14/scratch/openfold_inference_runs5times/epoch_32/your_model_epoch_32/repeat_4/predictions/6nbf_A_model_1_relaxed.pdb,True,58.72320083682008,18.89,84.43,478,unrelaxed,/users/sgmwu14/scratch/openfold_inference_runs5times/epoch_32/your_model_epoch_32/repeat_4/predictions/6nbf_A_model_1_unrelaxed.pdb
32,4,6xpf_A,success,1,0,/users/sgmwu14/scratch/openfold_inference_runs5times/epoch_32/your_model_epoch_32/repeat_4/predictions/6xpf_A_model_1_unrelaxed.pdb,/users/sgmwu14/scratch/openfold_inference_runs5times/epoch_32/your_model_epoch_32/repeat_4/predictions/6xpf_A_model_1_relaxed.pdb,True,73.73584374999994,27.35,86.74,320,unrelaxed,/users/sgmwu14/scratch/openfold_inference_runs5times/epoch_32/your_model_epoch_32/repeat_4/predictions/6xpf_A_model_1_unrelaxed.pdb
32,4,7dsq_A,success,1,0,/users/sgmwu14/scratch/openfold_inference_runs5times/epoch_32/your_model_epoch_32/repeat_4/predictions/7dsq_A_model_1_unrelaxed.pdb,/users/sgmwu14/scratch/openfold_inference_runs5times/epoch_32/your_model_epoch_32/repeat_4/predictions/7dsq_A_model_1_relaxed.pdb,True,77.60512931034485,27.52,85.89,464,unrelaxed,/users/sgmwu14/scratch/openfold_inference_runs5times/epoch_32/your_model_epoch_32/repeat_4/predictions/7dsq_A_model_1_unrelaxed.pdb
32,4,7evw_A,success,1,0,/users/sgmwu14/scratch/openfold_inference_runs5times/epoch_32/your_model_epoch_32/repeat_4/predictions/7evw_A_model_1_unrelaxed.pdb,/users/sgmwu14/scratch/openfold_inference_runs5times/epoch_32/your_model_epoch_32/repeat_4/predictions/7evw_A_model_1_relaxed.pdb,True,62.16183639399,20.6,85.42,599,unrelaxed,/users/sgmwu14/scratch/openfold_inference_runs5times/epoch_32/your_model_epoch_32/repeat_4/predictions/7evw_A_model_1_unrelaxed.pdb
32,5,2olo_A,success,1,0,/users/sgmwu14/scratch/openfold_inference_runs5times/epoch_32/your_model_epoch_32/repeat_5/predictions/2olo_A_model_1_unrelaxed.pdb,/users/sgmwu14/scratch/openfold_inference_runs5times/epoch_32/your_model_epoch_32/repeat_5/predictions/2olo_A_model_1_relaxed.pdb,True,70.66421593830334,32.2,85.07,389,unrelaxed,/users/sgmwu14/scratch/openfold_inference_runs5times/epoch_32/your_model_epoch_32/repeat_5/predictions/2olo_A_model_1_unrelaxed.pdb
32,5,4bp8_A,success,1,0,/users/sgmwu14/scratch/openfold_inference_runs5times/epoch_32/your_model_epoch_32/repeat_5/predictions/4bp8_A_model_1_unrelaxed.pdb,/users/sgmwu14/scratch/openfold_inference_runs5times/epoch_32/your_model_epoch_32/repeat_5/predictions/4bp8_A_model_1_relaxed.pdb,True,73.34363636363635,34.19,85.38,715,unrelaxed,/users/sgmwu14/scratch/openfold_inference_runs5times/epoch_32/your_model_epoch_32/repeat_5/predictions/4bp8_A_model_1_unrelaxed.pdb
32,5,5i6x_A,success,1,0,/users/sgmwu14/scratch/openfold_inference_runs5times/epoch_32/your_model_epoch_32/repeat_5/predictions/5i6x_A_model_1_unrelaxed.pdb,/users/sgmwu14/scratch/openfold_inference_runs5times/epoch_32/your_model_epoch_32/repeat_5/predictions/5i6x_A_model_1_relaxed.pdb,True,76.30814207650275,33.59,85.92,549,unrelaxed,/users/sgmwu14/scratch/openfold_inference_runs5times/epoch_32/your_model_epoch_32/repeat_5/predictions/5i6x_A_model_1_unrelaxed.pdb
32,5,6nbf_A,success,1,0,/users/sgmwu14/scratch/openfold_inference_runs5times/epoch_32/your_model_epoch_32/repeat_5/predictions/6nbf_A_model_1_unrelaxed.pdb,/users/sgmwu14/scratch/openfold_inference_runs5times/epoch_32/your_model_epoch_32/repeat_5/predictions/6nbf_A_model_1_relaxed.pdb,True,57.091924686192456,20.79,83.91,478,unrelaxed,/users/sgmwu14/scratch/openfold_inference_runs5times/epoch_32/your_model_epoch_32/repeat_5/predictions/6nbf_A_model_1_unrelaxed.pdb
32,5,6xpf_A,success,1,0,/users/sgmwu14/scratch/openfold_inference_runs5times/epoch_32/your_model_epoch_32/repeat_5/predictions/6xpf_A_model_1_unrelaxed.pdb,/users/sgmwu14/scratch/openfold_inference_runs5times/epoch_32/your_model_epoch_32/repeat_5/predictions/6xpf_A_model_1_relaxed.pdb,True,73.86674999999998,24.84,87.12,320,unrelaxed,/users/sgmwu14/scratch/openfold_inference_runs5times/epoch_32/your_model_epoch_32/repeat_5/predictions/6xpf_A_model_1_unrelaxed.pdb
32,5,7dsq_A,success,1,0,/users/sgmwu14/scratch/openfold_inference_runs5times/epoch_32/your_model_epoch_32/repeat_5/predictions/7dsq_A_model_1_unrelaxed.pdb,/users/sgmwu14/scratch/openfold_inference_runs5times/epoch_32/your_model_epoch_32/repeat_5/predictions/7dsq_A_model_1_relaxed.pdb,True,77.39487068965516,29.43,85.6,464,unrelaxed,/users/sgmwu14/scratch/openfold_inference_runs5times/epoch_32/your_model_epoch_32/repeat_5/predictions/7dsq_A_model_1_unrelaxed.pdb
32,5,7evw_A,success,1,0,/users/sgmwu14/scratch/openfold_inference_runs5times/epoch_32/your_model_epoch_32/repeat_5/predictions/7evw_A_model_1_unrelaxed.pdb,/users/sgmwu14/scratch/openfold_inference_runs5times/epoch_32/your_model_epoch_32/repeat_5/predictions/7evw_A_model_1_relaxed.pdb,True,62.5272621035058,20.01,85.75,599,unrelaxed,/users/sgmwu14/scratch/openfold_inference_runs5times/epoch_32/your_model_epoch_32/repeat_5/predictions/7evw_A_model_1_unrelaxed.pdb
