descriptor,residue_id,residue_label,number_of_values,valley_value,peak_value,raw_range,circular_difference_deg,ranking_difference,standard_deviation_sample,standard_deviation_population,mean,median,valley_repeat,peak_repeat,valley_invariant_file,peak_invariant_file,valley_structure_stem,peak_structure_stem,is_tau_descriptor,possible_wraparound,wraparound_reduction_deg,rank_within_descriptor
tau(AC),386,Q,100,-26.19,153.21,179.4,179.39999999999998,179.39999999999998,38.84290292598085,38.64820043210292,129.1044,138.935,65,74,2olo_A_model_1_relaxed_repeat065_inv.csv,2olo_A_model_1_relaxed_repeat074_inv.csv,2olo_A_model_1_relaxed_repeat065,2olo_A_model_1_relaxed_repeat074,True,False,2.842170943040401e-14,1
tau(AC),331,R,100,-40.83,135.1,175.93,175.93,175.93,78.84359607046873,78.44838758642526,72.74470000000001,126.63,61,65,2olo_A_model_1_relaxed_repeat061_inv.csv,2olo_A_model_1_relaxed_repeat065_inv.csv,2olo_A_model_1_relaxed_repeat061,2olo_A_model_1_relaxed_repeat065,True,False,0.0,2
tau(NA),44,G,100,-77.16,98.25,175.41,175.40999999999997,175.40999999999997,32.769562346078644,32.60530285383039,-62.67090000000001,-68.33,100,43,2olo_A_model_1_relaxed_repeat100_inv.csv,2olo_A_model_1_relaxed_repeat043_inv.csv,2olo_A_model_1_relaxed_repeat100,2olo_A_model_1_relaxed_repeat043,True,False,2.842170943040401e-14,1
tau(AC),38,F,100,-17.01,155.01,172.01999999999998,172.01999999999998,172.01999999999998,22.69651958278443,22.582751850914892,150.20780000000002,153.42000000000002,44,90,2olo_A_model_1_relaxed_repeat044_inv.csv,2olo_A_model_1_relaxed_repeat090_inv.csv,2olo_A_model_1_relaxed_repeat044,2olo_A_model_1_relaxed_repeat090,True,False,0.0,3
tau(NA),332,Q,100,-106.45,64.52,170.97,170.97000000000003,170.97000000000003,77.39620826564432,77.00825490400364,-46.97079999999999,-100.28,65,46,2olo_A_model_1_relaxed_repeat065_inv.csv,2olo_A_model_1_relaxed_repeat046_inv.csv,2olo_A_model_1_relaxed_repeat065,2olo_A_model_1_relaxed_repeat046,True,False,-2.842170943040401e-14,2
tau(AC),385,P,100,-29.67,138.99,168.66000000000003,168.66000000000003,168.66000000000003,42.10722650843111,41.8961613872918,121.83490000000002,134.70999999999998,65,40,2olo_A_model_1_relaxed_repeat065_inv.csv,2olo_A_model_1_relaxed_repeat040_inv.csv,2olo_A_model_1_relaxed_repeat065,2olo_A_model_1_relaxed_repeat040,True,False,0.0,4
tau(NA),39,F,100,-139.14,65.28,204.42,155.58000000000004,155.58000000000004,27.114321325815915,26.97840908485895,59.5725,63.4,2,53,2olo_A_model_1_relaxed_repeat002_inv.csv,2olo_A_model_1_relaxed_repeat053_inv.csv,2olo_A_model_1_relaxed_repeat002,2olo_A_model_1_relaxed_repeat053,True,True,48.83999999999995,3
tau(AC),268,G,100,-39.88,170.97,210.85,149.14999999999998,149.14999999999998,85.83923024609682,85.40895570576893,99.56449999999997,167.125,21,38,2olo_A_model_1_relaxed_repeat021_inv.csv,2olo_A_model_1_relaxed_repeat038_inv.csv,2olo_A_model_1_relaxed_repeat021,2olo_A_model_1_relaxed_repeat038,True,True,61.70000000000002,5
tau(AC),387,S,100,8.19,140.46,132.27,132.26999999999998,132.26999999999998,22.194409643744603,22.083158769523894,134.0574,138.745,65,84,2olo_A_model_1_relaxed_repeat065_inv.csv,2olo_A_model_1_relaxed_repeat084_inv.csv,2olo_A_model_1_relaxed_repeat065,2olo_A_model_1_relaxed_repeat084,True,False,2.842170943040401e-14,6
tau(AC),388,A,100,-14.91,107.13,122.03999999999999,122.03999999999996,122.03999999999996,19.880624062669966,19.78097118419619,3.0201,-1.4,98,52,2olo_A_model_1_relaxed_repeat098_inv.csv,2olo_A_model_1_relaxed_repeat052_inv.csv,2olo_A_model_1_relaxed_repeat098,2olo_A_model_1_relaxed_repeat052,True,False,2.842170943040401e-14,7
tau(AC),266,A,100,62.96,164.15,101.19,101.19,101.19,44.116438838119926,43.8953024138119,102.728,68.575,98,77,2olo_A_model_1_relaxed_repeat098_inv.csv,2olo_A_model_1_relaxed_repeat077_inv.csv,2olo_A_model_1_relaxed_repeat098,2olo_A_model_1_relaxed_repeat077,True,False,0.0,8
tau(NA),388,A,100,-137.91,-64.26,73.64999999999999,73.64999999999998,73.64999999999998,8.492686643474045,8.450116517539861,-95.57780000000002,-95.97,43,31,2olo_A_model_1_relaxed_repeat043_inv.csv,2olo_A_model_1_relaxed_repeat031_inv.csv,2olo_A_model_1_relaxed_repeat043,2olo_A_model_1_relaxed_repeat031,True,False,1.4210854715202004e-14,4
tau(NA),386,Q,100,-129.53,-69.84,59.69,59.69,59.69,12.876127272019819,12.811584874245654,-124.01510000000002,-128.29500000000002,47,65,2olo_A_model_1_relaxed_repeat047_inv.csv,2olo_A_model_1_relaxed_repeat065_inv.csv,2olo_A_model_1_relaxed_repeat047,2olo_A_model_1_relaxed_repeat065,True,False,0.0,5
tau(NA),269,E,100,-121.8,-65.29,56.50999999999999,56.50999999999999,56.50999999999999,10.377566470930738,10.325548266314966,-84.647,-79.36,61,7,2olo_A_model_1_relaxed_repeat061_inv.csv,2olo_A_model_1_relaxed_repeat007_inv.csv,2olo_A_model_1_relaxed_repeat061,2olo_A_model_1_relaxed_repeat007,True,False,0.0,6
tau(NA),266,A,100,-148.08,-92.14,55.94000000000001,55.94,55.94,18.915559319077385,18.82074388832705,-128.7857,-142.60000000000002,48,61,2olo_A_model_1_relaxed_repeat048_inv.csv,2olo_A_model_1_relaxed_repeat061_inv.csv,2olo_A_model_1_relaxed_repeat048,2olo_A_model_1_relaxed_repeat061,True,False,1.4210854715202004e-14,7
tau(NA),46,S,100,-155.25,-103.31,51.94,51.94,51.94,10.184762472746362,10.133710710297585,-138.1318,-140.5,64,50,2olo_A_model_1_relaxed_repeat064_inv.csv,2olo_A_model_1_relaxed_repeat050_inv.csv,2olo_A_model_1_relaxed_repeat064,2olo_A_model_1_relaxed_repeat050,True,False,0.0,8
tau(NA),177,T,100,-113.74,-63.32,50.419999999999995,50.41999999999999,50.41999999999999,4.812083169932065,4.787962300394605,-110.3301,-110.655,5,92,2olo_A_model_1_relaxed_repeat005_inv.csv,2olo_A_model_1_relaxed_repeat092_inv.csv,2olo_A_model_1_relaxed_repeat005,2olo_A_model_1_relaxed_repeat092,True,False,7.105427357601002e-15,9
tau(NA),43,G,100,-131.74,-86.25,45.49000000000001,45.49000000000001,45.49000000000001,8.984997428373521,8.939959563666942,-103.78699999999999,-102.25,48,41,2olo_A_model_1_relaxed_repeat048_inv.csv,2olo_A_model_1_relaxed_repeat041_inv.csv,2olo_A_model_1_relaxed_repeat048,2olo_A_model_1_relaxed_repeat041,True,False,0.0,10
tau(NA),389,L,100,-90.03,-44.56,45.47,45.47,45.47,5.971208415337212,5.941277357605854,-85.76439999999998,-87.07,87,15,2olo_A_model_1_relaxed_repeat087_inv.csv,2olo_A_model_1_relaxed_repeat015_inv.csv,2olo_A_model_1_relaxed_repeat087,2olo_A_model_1_relaxed_repeat015,True,False,0.0,11
tau(AC),45,T,100,77.68,123.01,45.33,45.329999999999984,45.329999999999984,8.795672404108968,8.751583542993805,112.2593,114.685,50,70,2olo_A_model_1_relaxed_repeat050_inv.csv,2olo_A_model_1_relaxed_repeat070_inv.csv,2olo_A_model_1_relaxed_repeat050,2olo_A_model_1_relaxed_repeat070,True,False,1.4210854715202004e-14,9
tau(NA),45,T,100,-147.23,-102.35,44.879999999999995,44.879999999999995,44.879999999999995,10.300345301165022,10.2487141725194,-125.1891,-125.03,41,59,2olo_A_model_1_relaxed_repeat041_inv.csv,2olo_A_model_1_relaxed_repeat059_inv.csv,2olo_A_model_1_relaxed_repeat041,2olo_A_model_1_relaxed_repeat059,True,False,0.0,12
tau(NA),325,L,100,-130.28,-87.66,42.620000000000005,42.620000000000005,42.620000000000005,3.8675900882731993,3.8482035497099165,-124.41119999999997,-124.66499999999999,82,6,2olo_A_model_1_relaxed_repeat082_inv.csv,2olo_A_model_1_relaxed_repeat006_inv.csv,2olo_A_model_1_relaxed_repeat082,2olo_A_model_1_relaxed_repeat006,True,False,0.0,13
tau(NA),331,R,100,-109.55,-68.14,41.41,41.41,41.41,13.73933878108456,13.670469481330919,-94.69959999999999,-103.275,40,63,2olo_A_model_1_relaxed_repeat040_inv.csv,2olo_A_model_1_relaxed_repeat063_inv.csv,2olo_A_model_1_relaxed_repeat040,2olo_A_model_1_relaxed_repeat063,True,False,0.0,14
tau(NA),263,N,100,-106.65,-67.36,39.290000000000006,39.29000000000002,39.29000000000002,13.702405755003296,13.633721584365729,-81.3024,-72.995,74,42,2olo_A_model_1_relaxed_repeat074_inv.csv,2olo_A_model_1_relaxed_repeat042_inv.csv,2olo_A_model_1_relaxed_repeat074,2olo_A_model_1_relaxed_repeat042,True,False,-1.4210854715202004e-14,15
tau(NA),53,R,100,-140.12,-101.5,38.620000000000005,38.620000000000005,38.620000000000005,6.561661759067138,6.528771016814727,-117.74510000000002,-117.37,24,72,2olo_A_model_1_relaxed_repeat024_inv.csv,2olo_A_model_1_relaxed_repeat072_inv.csv,2olo_A_model_1_relaxed_repeat024,2olo_A_model_1_relaxed_repeat072,True,False,0.0,16
tau(AC),177,T,100,-57.62,-21.77,35.849999999999994,35.849999999999994,35.849999999999994,3.5261487504217697,3.508473708038867,-23.113200000000006,-22.6,92,71,2olo_A_model_1_relaxed_repeat092_inv.csv,2olo_A_model_1_relaxed_repeat071_inv.csv,2olo_A_model_1_relaxed_repeat092,2olo_A_model_1_relaxed_repeat071,True,False,0.0,10
tau(AC),269,E,100,-13.24,15.8,29.04,29.039999999999992,29.039999999999992,5.450517509485876,5.423196447668109,-2.017699999999999,-0.515,1,7,2olo_A_model_1_relaxed_repeat001_inv.csv,2olo_A_model_1_relaxed_repeat007_inv.csv,2olo_A_model_1_relaxed_repeat001,2olo_A_model_1_relaxed_repeat007,True,False,7.105427357601002e-15,11
tau(NA),47,G,100,71.18,99.7,28.519999999999996,28.519999999999982,28.519999999999982,5.139126265988975,5.113366072363683,83.67710000000001,84.125,84,77,2olo_A_model_1_relaxed_repeat084_inv.csv,2olo_A_model_1_relaxed_repeat077_inv.csv,2olo_A_model_1_relaxed_repeat084,2olo_A_model_1_relaxed_repeat077,True,False,1.4210854715202004e-14,17
tau(NA),385,P,100,-77.7,-49.78,27.92,27.920000000000016,27.920000000000016,4.611772081019695,4.58865528341365,-59.26870000000001,-58.205,31,54,2olo_A_model_1_relaxed_repeat031_inv.csv,2olo_A_model_1_relaxed_repeat054_inv.csv,2olo_A_model_1_relaxed_repeat031,2olo_A_model_1_relaxed_repeat054,True,False,-1.4210854715202004e-14,18
tau(NA),78,R,100,-95.65,-67.75,27.900000000000006,27.900000000000006,27.900000000000006,5.166183363514554,5.1402875444862035,-77.9714,-78.66,77,6,2olo_A_model_1_relaxed_repeat077_inv.csv,2olo_A_model_1_relaxed_repeat006_inv.csv,2olo_A_model_1_relaxed_repeat077,2olo_A_model_1_relaxed_repeat006,True,False,0.0,19
tau(AC),329,P,100,-30.34,-3.99,26.35,26.349999999999994,26.349999999999994,2.93280287731237,2.9181020184359556,-23.098099999999995,-22.79,9,16,2olo_A_model_1_relaxed_repeat009_inv.csv,2olo_A_model_1_relaxed_repeat016_inv.csv,2olo_A_model_1_relaxed_repeat009,2olo_A_model_1_relaxed_repeat016,True,False,7.105427357601002e-15,12
tau(AC),252,Q,100,-30.12,-4.05,26.07,26.069999999999993,26.069999999999993,3.5046123649103946,3.487045275014364,-21.2595,-21.689999999999998,32,70,2olo_A_model_1_relaxed_repeat032_inv.csv,2olo_A_model_1_relaxed_repeat070_inv.csv,2olo_A_model_1_relaxed_repeat032,2olo_A_model_1_relaxed_repeat070,True,False,7.105427357601002e-15,13
tau(NA),55,Q,100,-87.31,-62.34,24.97,24.97,24.97,4.727483421975217,4.703786613995154,-81.27069999999999,-82.765,67,20,2olo_A_model_1_relaxed_repeat067_inv.csv,2olo_A_model_1_relaxed_repeat020_inv.csv,2olo_A_model_1_relaxed_repeat067,2olo_A_model_1_relaxed_repeat020,True,False,0.0,20
tau(AC),53,R,100,109.56,134.52,24.960000000000008,24.960000000000008,24.960000000000008,4.531497991890214,4.5087835732046395,119.69629999999998,119.37,20,53,2olo_A_model_1_relaxed_repeat020_inv.csv,2olo_A_model_1_relaxed_repeat053_inv.csv,2olo_A_model_1_relaxed_repeat020,2olo_A_model_1_relaxed_repeat053,True,False,0.0,14
tau(AC),263,N,100,111.32,135.9,24.580000000000013,24.580000000000013,24.580000000000013,7.172604914013128,7.1366517807722705,120.31439999999999,115.74000000000001,4,8,2olo_A_model_1_relaxed_repeat004_inv.csv,2olo_A_model_1_relaxed_repeat008_inv.csv,2olo_A_model_1_relaxed_repeat004,2olo_A_model_1_relaxed_repeat008,True,False,0.0,15
tau(CN),177,T,100,-179.96,-156.19,23.77000000000001,23.77000000000001,23.77000000000001,2.29447486344695,2.2829736638866427,-178.58149999999998,-178.675,21,92,2olo_A_model_1_relaxed_repeat021_inv.csv,2olo_A_model_1_relaxed_repeat092_inv.csv,2olo_A_model_1_relaxed_repeat021,2olo_A_model_1_relaxed_repeat092,True,False,0.0,1
tau(AC),330,E,100,-31.69,-8.08,23.61,23.610000000000014,23.610000000000014,4.4681233389105515,4.445726589658883,-15.720299999999998,-14.375,63,40,2olo_A_model_1_relaxed_repeat063_inv.csv,2olo_A_model_1_relaxed_repeat040_inv.csv,2olo_A_model_1_relaxed_repeat063,2olo_A_model_1_relaxed_repeat040,True,False,-1.4210854715202004e-14,16
tau(AC),42,N,100,-9.7,13.61,23.31,23.310000000000002,23.310000000000002,3.3954174867151323,3.3783977430136907,2.7462999999999997,2.58,34,48,2olo_A_model_1_relaxed_repeat034_inv.csv,2olo_A_model_1_relaxed_repeat048_inv.csv,2olo_A_model_1_relaxed_repeat034,2olo_A_model_1_relaxed_repeat048,True,False,-3.552713678800501e-15,17
tau(AC),39,F,100,16.0,39.3,23.299999999999997,23.30000000000001,23.30000000000001,2.9733987219335316,2.958494373832744,19.135199999999998,18.740000000000002,29,44,2olo_A_model_1_relaxed_repeat029_inv.csv,2olo_A_model_1_relaxed_repeat044_inv.csv,2olo_A_model_1_relaxed_repeat029,2olo_A_model_1_relaxed_repeat044,True,False,-1.4210854715202004e-14,18
tau(NA),341,L,100,-103.52,-80.45,23.069999999999993,23.069999999999993,23.069999999999993,3.2934309441429592,3.2769224144004387,-99.66070000000002,-100.11500000000001,64,52,2olo_A_model_1_relaxed_repeat064_inv.csv,2olo_A_model_1_relaxed_repeat052_inv.csv,2olo_A_model_1_relaxed_repeat064,2olo_A_model_1_relaxed_repeat052,True,False,0.0,21
tau(AC),267,P,100,119.14,141.56,22.42,22.420000000000016,22.420000000000016,3.3521541152102787,3.3353512318794847,127.35959999999999,127.42,55,62,2olo_A_model_1_relaxed_repeat055_inv.csv,2olo_A_model_1_relaxed_repeat062_inv.csv,2olo_A_model_1_relaxed_repeat055,2olo_A_model_1_relaxed_repeat062,True,False,-1.4210854715202004e-14,19
tau(NA),102,G,100,118.21,140.39,22.179999999999993,22.180000000000007,22.180000000000007,4.212295704364794,4.191181307221151,132.47349999999997,133.345,86,16,2olo_A_model_1_relaxed_repeat086_inv.csv,2olo_A_model_1_relaxed_repeat016_inv.csv,2olo_A_model_1_relaxed_repeat086,2olo_A_model_1_relaxed_repeat016,True,False,-1.4210854715202004e-14,22
tau(AC),332,Q,100,-44.98,-22.95,22.029999999999998,22.03,22.03,5.071048801726813,5.045629850672758,-35.2829,-33.175,61,16,2olo_A_model_1_relaxed_repeat061_inv.csv,2olo_A_model_1_relaxed_repeat016_inv.csv,2olo_A_model_1_relaxed_repeat061,2olo_A_model_1_relaxed_repeat016,True,False,-3.552713678800501e-15,20
tau(NA),323,A,100,-114.96,-93.29,21.669999999999987,21.669999999999987,21.669999999999987,3.230195070258016,3.2140035143104613,-109.18710000000002,-109.53999999999999,23,48,2olo_A_model_1_relaxed_repeat023_inv.csv,2olo_A_model_1_relaxed_repeat048_inv.csv,2olo_A_model_1_relaxed_repeat023,2olo_A_model_1_relaxed_repeat048,True,False,0.0,23
tau(AC),44,G,100,-10.18,11.45,21.63,21.629999999999995,21.629999999999995,4.5741958491812165,4.551267404800558,2.1349,2.255,23,80,2olo_A_model_1_relaxed_repeat023_inv.csv,2olo_A_model_1_relaxed_repeat080_inv.csv,2olo_A_model_1_relaxed_repeat023,2olo_A_model_1_relaxed_repeat080,True,False,3.552713678800501e-15,21
tau(AC),77,S,100,-44.09,-22.75,21.340000000000003,21.340000000000003,21.340000000000003,5.005187945895476,4.980099126523487,-36.2363,-35.265,73,45,2olo_A_model_1_relaxed_repeat073_inv.csv,2olo_A_model_1_relaxed_repeat045_inv.csv,2olo_A_model_1_relaxed_repeat073,2olo_A_model_1_relaxed_repeat045,True,False,0.0,22
tau(AC),141,G,100,-170.44,-149.2,21.24000000000001,21.24000000000001,21.24000000000001,7.437649734678124,7.400368047604118,-161.7674,-166.595,100,16,2olo_A_model_1_relaxed_repeat100_inv.csv,2olo_A_model_1_relaxed_repeat016_inv.csv,2olo_A_model_1_relaxed_repeat100,2olo_A_model_1_relaxed_repeat016,True,False,0.0,23
tau(NA),49,E,100,-150.37,-129.17,21.200000000000017,21.200000000000017,21.200000000000017,5.0117424327394575,4.986620758589929,-136.07290000000003,-134.165,35,42,2olo_A_model_1_relaxed_repeat035_inv.csv,2olo_A_model_1_relaxed_repeat042_inv.csv,2olo_A_model_1_relaxed_repeat035,2olo_A_model_1_relaxed_repeat042,True,False,0.0,24
tau(NA),148,G,100,152.39,173.49,21.100000000000023,21.100000000000023,21.100000000000023,3.8732046750133744,3.853789992980936,165.69870000000003,166.14499999999998,79,35,2olo_A_model_1_relaxed_repeat079_inv.csv,2olo_A_model_1_relaxed_repeat035_inv.csv,2olo_A_model_1_relaxed_repeat079,2olo_A_model_1_relaxed_repeat035,True,False,0.0,25
tau(AC),340,D,100,-12.51,8.19,20.7,20.69999999999999,20.69999999999999,2.141357390709798,2.130623702111661,2.8308000000000004,2.98,52,23,2olo_A_model_1_relaxed_repeat052_inv.csv,2olo_A_model_1_relaxed_repeat023_inv.csv,2olo_A_model_1_relaxed_repeat052,2olo_A_model_1_relaxed_repeat023,True,False,1.0658141036401503e-14,24
tau(NA),252,Q,100,-124.57,-104.04,20.529999999999987,20.529999999999973,20.529999999999973,3.97111232795197,3.9512068776514337,-107.78890000000003,-106.185,69,51,2olo_A_model_1_relaxed_repeat069_inv.csv,2olo_A_model_1_relaxed_repeat051_inv.csv,2olo_A_model_1_relaxed_repeat069,2olo_A_model_1_relaxed_repeat051,True,False,1.4210854715202004e-14,26
tau(NA),387,S,100,-75.33,-55.38,19.949999999999996,19.94999999999999,19.94999999999999,3.578674993216163,3.560736659737701,-71.1538,-72.05,23,61,2olo_A_model_1_relaxed_repeat023_inv.csv,2olo_A_model_1_relaxed_repeat061_inv.csv,2olo_A_model_1_relaxed_repeat023,2olo_A_model_1_relaxed_repeat061,True,False,7.105427357601002e-15,27
tau(AC),322,L,100,114.14,133.93,19.790000000000006,19.79000000000002,19.79000000000002,2.6629842965433275,2.649635920272821,128.22429999999997,128.54,48,66,2olo_A_model_1_relaxed_repeat048_inv.csv,2olo_A_model_1_relaxed_repeat066_inv.csv,2olo_A_model_1_relaxed_repeat048,2olo_A_model_1_relaxed_repeat066,True,False,-1.4210854715202004e-14,25
tau(NA),260,F,100,-115.93,-96.19,19.74000000000001,19.74000000000001,19.74000000000001,4.519468883607784,4.496814761584026,-109.13500000000002,-109.595,58,3,2olo_A_model_1_relaxed_repeat058_inv.csv,2olo_A_model_1_relaxed_repeat003_inv.csv,2olo_A_model_1_relaxed_repeat058,2olo_A_model_1_relaxed_repeat003,True,False,0.0,28
tau(AC),52,W,100,86.29,106.0,19.709999999999994,19.70999999999998,19.70999999999998,3.5244886096561516,3.5068218888332487,94.61319999999999,94.175,72,24,2olo_A_model_1_relaxed_repeat072_inv.csv,2olo_A_model_1_relaxed_repeat024_inv.csv,2olo_A_model_1_relaxed_repeat072,2olo_A_model_1_relaxed_repeat024,True,False,1.4210854715202004e-14,26
tau(NA),37,T,100,-94.78,-75.09,19.689999999999998,19.689999999999998,19.689999999999998,2.4405007682850663,2.428267604692695,-77.32619999999999,-76.995,2,20,2olo_A_model_1_relaxed_repeat002_inv.csv,2olo_A_model_1_relaxed_repeat020_inv.csv,2olo_A_model_1_relaxed_repeat002,2olo_A_model_1_relaxed_repeat020,True,False,0.0,29
tau(AC),242,F,100,135.84,154.86,19.02000000000001,19.02000000000001,19.02000000000001,3.6137391922349558,3.5956250972536057,148.17960000000002,148.875,68,16,2olo_A_model_1_relaxed_repeat068_inv.csv,2olo_A_model_1_relaxed_repeat016_inv.csv,2olo_A_model_1_relaxed_repeat068,2olo_A_model_1_relaxed_repeat016,True,False,0.0,27
tau(AC),101,E,100,-23.79,-4.82,18.97,18.97,18.97,3.324351138936664,3.3076876197730645,-17.986900000000002,-18.405,71,82,2olo_A_model_1_relaxed_repeat071_inv.csv,2olo_A_model_1_relaxed_repeat082_inv.csv,2olo_A_model_1_relaxed_repeat071,2olo_A_model_1_relaxed_repeat082,True,False,0.0,28
tau(AC),325,L,100,116.07,135.04,18.97,18.97,18.97,1.8981091069319969,1.888594715655003,133.22,133.525,6,90,2olo_A_model_1_relaxed_repeat006_inv.csv,2olo_A_model_1_relaxed_repeat090_inv.csv,2olo_A_model_1_relaxed_repeat006,2olo_A_model_1_relaxed_repeat090,True,False,0.0,28
tau(NA),40,N,100,-86.46,-68.02,18.439999999999998,18.439999999999998,18.439999999999998,2.3009981562686037,2.289464258292756,-70.4121,-70.19,44,20,2olo_A_model_1_relaxed_repeat044_inv.csv,2olo_A_model_1_relaxed_repeat020_inv.csv,2olo_A_model_1_relaxed_repeat044,2olo_A_model_1_relaxed_repeat020,True,False,0.0,30
tau(AC),148,G,100,-140.39,-122.05,18.33999999999999,18.339999999999975,18.339999999999975,3.1773090323210127,3.161382570964799,-134.1868,-134.63,11,79,2olo_A_model_1_relaxed_repeat011_inv.csv,2olo_A_model_1_relaxed_repeat079_inv.csv,2olo_A_model_1_relaxed_repeat011,2olo_A_model_1_relaxed_repeat079,True,False,1.4210854715202004e-14,30
tau(AC),55,Q,100,121.53,139.84,18.310000000000002,18.310000000000002,18.310000000000002,4.497021573253016,4.4744799697841975,133.55100000000002,135.125,5,74,2olo_A_model_1_relaxed_repeat005_inv.csv,2olo_A_model_1_relaxed_repeat074_inv.csv,2olo_A_model_1_relaxed_repeat005,2olo_A_model_1_relaxed_repeat074,True,False,0.0,31
tau(NA),330,E,100,-85.4,-67.09,18.310000000000002,18.310000000000002,18.310000000000002,3.5940526575233296,3.576037242535374,-73.80579999999999,-74.61,16,54,2olo_A_model_1_relaxed_repeat016_inv.csv,2olo_A_model_1_relaxed_repeat054_inv.csv,2olo_A_model_1_relaxed_repeat016,2olo_A_model_1_relaxed_repeat054,True,False,0.0,31
tau(CN),37,T,100,-177.0,164.91,341.90999999999997,18.090000000000032,18.090000000000032,47.82266161221861,47.58294751315854,156.4986,163.39499999999998,44,53,2olo_A_model_1_relaxed_repeat044_inv.csv,2olo_A_model_1_relaxed_repeat053_inv.csv,2olo_A_model_1_relaxed_repeat044,2olo_A_model_1_relaxed_repeat053,True,True,323.81999999999994,2
tau(AC),204,C,100,-1.46,16.55,18.01,18.00999999999999,18.00999999999999,1.8493775611368177,1.8401074397980137,12.121899999999998,12.215,81,43,2olo_A_model_1_relaxed_repeat081_inv.csv,2olo_A_model_1_relaxed_repeat043_inv.csv,2olo_A_model_1_relaxed_repeat081,2olo_A_model_1_relaxed_repeat043,True,False,1.0658141036401503e-14,32
tau(AC),321,C,100,136.85,154.6,17.75,17.75,17.75,4.2184095380016196,4.1972644948823525,148.76739999999998,149.195,34,10,2olo_A_model_1_relaxed_repeat034_inv.csv,2olo_A_model_1_relaxed_repeat010_inv.csv,2olo_A_model_1_relaxed_repeat034,2olo_A_model_1_relaxed_repeat010,True,False,0.0,33
tau(NA),270,F,100,-112.09,-94.53,17.560000000000002,17.560000000000002,17.560000000000002,5.527411489818519,5.499704992088212,-101.425,-98.475,77,47,2olo_A_model_1_relaxed_repeat077_inv.csv,2olo_A_model_1_relaxed_repeat047_inv.csv,2olo_A_model_1_relaxed_repeat077,2olo_A_model_1_relaxed_repeat047,True,False,0.0,32
tau(AC),86,E,100,80.05,97.6,17.549999999999997,17.55000000000001,17.55000000000001,3.514705400244102,3.4970877183736757,87.2407,86.97,85,35,2olo_A_model_1_relaxed_repeat085_inv.csv,2olo_A_model_1_relaxed_repeat035_inv.csv,2olo_A_model_1_relaxed_repeat085,2olo_A_model_1_relaxed_repeat035,True,False,-1.4210854715202004e-14,34
tau(AC),262,H,100,120.16,137.66,17.5,17.5,17.5,5.527307250772699,5.499601275547165,130.8191,133.69,73,50,2olo_A_model_1_relaxed_repeat073_inv.csv,2olo_A_model_1_relaxed_repeat050_inv.csv,2olo_A_model_1_relaxed_repeat073,2olo_A_model_1_relaxed_repeat050,True,False,0.0,35
tau(AC),251,P,100,-13.69,3.45,17.14,17.139999999999986,17.139999999999986,2.4375121341319317,2.425293951256218,-10.721499999999999,-11.45,99,69,2olo_A_model_1_relaxed_repeat099_inv.csv,2olo_A_model_1_relaxed_repeat069_inv.csv,2olo_A_model_1_relaxed_repeat099,2olo_A_model_1_relaxed_repeat069,True,False,1.4210854715202004e-14,36
tau(NA),259,G,100,-161.5,-144.36,17.139999999999986,17.139999999999986,17.139999999999986,2.7944867998878564,2.780479259048698,-156.49530000000001,-157.075,79,35,2olo_A_model_1_relaxed_repeat079_inv.csv,2olo_A_model_1_relaxed_repeat035_inv.csv,2olo_A_model_1_relaxed_repeat079,2olo_A_model_1_relaxed_repeat035,True,False,0.0,33
tau(AC),324,V,100,97.14,113.76,16.620000000000005,16.620000000000005,16.620000000000005,1.7003553520462487,1.6918322139030213,111.5924,111.625,6,82,2olo_A_model_1_relaxed_repeat006_inv.csv,2olo_A_model_1_relaxed_repeat082_inv.csv,2olo_A_model_1_relaxed_repeat006,2olo_A_model_1_relaxed_repeat082,True,False,0.0,37
tau(NA),81,R,100,-144.77,-128.26,16.51000000000002,16.51000000000002,16.51000000000002,3.0130190503844805,2.997916102895476,-140.0848,-141.175,91,77,2olo_A_model_1_relaxed_repeat091_inv.csv,2olo_A_model_1_relaxed_repeat077_inv.csv,2olo_A_model_1_relaxed_repeat091,2olo_A_model_1_relaxed_repeat077,True,False,0.0,34
tau(AC),54,L,100,-40.29,-23.84,16.45,16.44999999999999,16.44999999999999,4.121758978980707,4.101098402867212,-33.2367,-34.91,91,24,2olo_A_model_1_relaxed_repeat091_inv.csv,2olo_A_model_1_relaxed_repeat024_inv.csv,2olo_A_model_1_relaxed_repeat091,2olo_A_model_1_relaxed_repeat024,True,False,1.0658141036401503e-14,38
tau(NA),101,E,100,-91.39,-75.13,16.260000000000005,16.25999999999999,16.25999999999999,2.7370648660212784,2.723345156237086,-80.0046,-79.72,82,100,2olo_A_model_1_relaxed_repeat082_inv.csv,2olo_A_model_1_relaxed_repeat100_inv.csv,2olo_A_model_1_relaxed_repeat082,2olo_A_model_1_relaxed_repeat100,True,False,1.4210854715202004e-14,35
tau(NA),265,W,100,-101.73,-85.54,16.189999999999998,16.189999999999998,16.189999999999998,5.19099221359618,5.164972038646483,-92.9428,-89.89,35,80,2olo_A_model_1_relaxed_repeat035_inv.csv,2olo_A_model_1_relaxed_repeat080_inv.csv,2olo_A_model_1_relaxed_repeat035,2olo_A_model_1_relaxed_repeat080,True,False,0.0,36
tau(NA),322,L,100,-87.7,-71.63,16.070000000000007,16.069999999999993,16.069999999999993,3.234532690710163,3.2183193921672846,-78.25229999999999,-77.94,48,43,2olo_A_model_1_relaxed_repeat048_inv.csv,2olo_A_model_1_relaxed_repeat043_inv.csv,2olo_A_model_1_relaxed_repeat048,2olo_A_model_1_relaxed_repeat043,True,False,1.4210854715202004e-14,37
tau(NA),328,D,100,-98.95,-83.4,15.549999999999997,15.550000000000011,15.550000000000011,4.2226209140578055,4.201454761151189,-89.4333,-87.555,60,74,2olo_A_model_1_relaxed_repeat060_inv.csv,2olo_A_model_1_relaxed_repeat074_inv.csv,2olo_A_model_1_relaxed_repeat060,2olo_A_model_1_relaxed_repeat074,True,False,-1.4210854715202004e-14,38
tau(AC),382,R,100,-40.55,-25.15,15.399999999999999,15.400000000000006,15.400000000000006,3.352157771834841,3.335354870174986,-34.2983,-35.215,61,62,2olo_A_model_1_relaxed_repeat061_inv.csv,2olo_A_model_1_relaxed_repeat062_inv.csv,2olo_A_model_1_relaxed_repeat061,2olo_A_model_1_relaxed_repeat062,True,False,-7.105427357601002e-15,39
tau(AC),46,S,100,152.23,167.59,15.360000000000014,15.360000000000014,15.360000000000014,2.382836981584783,2.3708928613499176,158.3148,158.54500000000002,47,41,2olo_A_model_1_relaxed_repeat047_inv.csv,2olo_A_model_1_relaxed_repeat041_inv.csv,2olo_A_model_1_relaxed_repeat047,2olo_A_model_1_relaxed_repeat041,True,False,0.0,40
tau(AC),48,A,100,-29.6,-14.41,15.190000000000001,15.189999999999998,15.189999999999998,4.526035543096601,4.503348505279155,-23.6268,-25.53,42,19,2olo_A_model_1_relaxed_repeat042_inv.csv,2olo_A_model_1_relaxed_repeat019_inv.csv,2olo_A_model_1_relaxed_repeat042,2olo_A_model_1_relaxed_repeat019,True,False,3.552713678800501e-15,41
tau(NA),329,P,100,-70.06,-55.27,14.79,14.789999999999992,14.789999999999992,2.5808100756283188,2.5678736028083624,-63.52460000000001,-64.32499999999999,16,8,2olo_A_model_1_relaxed_repeat016_inv.csv,2olo_A_model_1_relaxed_repeat008_inv.csv,2olo_A_model_1_relaxed_repeat016,2olo_A_model_1_relaxed_repeat008,True,False,7.105427357601002e-15,39
tau(AC),78,R,100,-34.49,-19.72,14.770000000000003,14.77000000000001,14.77000000000001,2.7916858886719513,2.7776923875764217,-29.637000000000004,-29.775,6,77,2olo_A_model_1_relaxed_repeat006_inv.csv,2olo_A_model_1_relaxed_repeat077_inv.csv,2olo_A_model_1_relaxed_repeat006,2olo_A_model_1_relaxed_repeat077,True,False,-7.105427357601002e-15,42
tau(NA),204,C,100,-93.44,-78.79,14.649999999999991,14.649999999999977,14.649999999999977,1.839673400966112,1.830451922340491,-88.3224,-88.13499999999999,43,81,2olo_A_model_1_relaxed_repeat043_inv.csv,2olo_A_model_1_relaxed_repeat081_inv.csv,2olo_A_model_1_relaxed_repeat043,2olo_A_model_1_relaxed_repeat081,True,False,1.4210854715202004e-14,40
tau(NA),79,C,100,-111.31,-96.82,14.490000000000009,14.490000000000009,14.490000000000009,2.774949732914458,2.761040122852256,-100.42120000000001,-99.805,45,95,2olo_A_model_1_relaxed_repeat045_inv.csv,2olo_A_model_1_relaxed_repeat095_inv.csv,2olo_A_model_1_relaxed_repeat045,2olo_A_model_1_relaxed_repeat095,True,False,0.0,41
tau(CN),54,L,100,-169.73,-155.41,14.319999999999993,14.319999999999993,14.319999999999993,2.2971896290727045,2.2856748215789575,-160.9581,-161.04,5,82,2olo_A_model_1_relaxed_repeat005_inv.csv,2olo_A_model_1_relaxed_repeat082_inv.csv,2olo_A_model_1_relaxed_repeat005,2olo_A_model_1_relaxed_repeat082,True,False,0.0,3
tau(NA),54,L,100,-85.24,-71.03,14.209999999999994,14.20999999999998,14.20999999999998,2.5938297491695113,2.580828014417079,-79.09259999999999,-78.9,44,20,2olo_A_model_1_relaxed_repeat044_inv.csv,2olo_A_model_1_relaxed_repeat020_inv.csv,2olo_A_model_1_relaxed_repeat044,2olo_A_model_1_relaxed_repeat020,True,False,1.4210854715202004e-14,42
tau(NA),267,P,100,-68.38,-54.46,13.919999999999995,13.919999999999987,13.919999999999987,2.008082101726104,1.998016463896131,-58.968900000000005,-59.480000000000004,7,62,2olo_A_model_1_relaxed_repeat007_inv.csv,2olo_A_model_1_relaxed_repeat062_inv.csv,2olo_A_model_1_relaxed_repeat007,2olo_A_model_1_relaxed_repeat062,True,False,7.105427357601002e-15,43
tau(CN),251,P,100,-176.87,-162.96,13.909999999999997,13.909999999999997,13.909999999999997,1.9816625914273671,1.971729383054379,-175.6218,-176.195,66,69,2olo_A_model_1_relaxed_repeat066_inv.csv,2olo_A_model_1_relaxed_repeat069_inv.csv,2olo_A_model_1_relaxed_repeat066,2olo_A_model_1_relaxed_repeat069,True,False,0.0,4
tau(NA),268,G,100,-178.8,167.3,346.1,13.899999999999977,13.899999999999977,55.420652976607336,55.1428534679699,-122.60790000000003,-159.86,4,7,2olo_A_model_1_relaxed_repeat004_inv.csv,2olo_A_model_1_relaxed_repeat007_inv.csv,2olo_A_model_1_relaxed_repeat004,2olo_A_model_1_relaxed_repeat007,True,True,332.20000000000005,44
tau(AC),245,A,100,99.42,113.28,13.86,13.860000000000014,13.860000000000014,3.014284475458462,2.9991751849466874,111.0439,111.91499999999999,35,99,2olo_A_model_1_relaxed_repeat035_inv.csv,2olo_A_model_1_relaxed_repeat099_inv.csv,2olo_A_model_1_relaxed_repeat035,2olo_A_model_1_relaxed_repeat099,True,False,-1.4210854715202004e-14,43
tau(AC),328,D,100,102.26,115.73,13.469999999999999,13.469999999999999,13.469999999999999,4.218987262987709,4.1978393239856135,110.81009999999998,113.215,35,52,2olo_A_model_1_relaxed_repeat035_inv.csv,2olo_A_model_1_relaxed_repeat052_inv.csv,2olo_A_model_1_relaxed_repeat035,2olo_A_model_1_relaxed_repeat052,True,False,0.0,44
tau(AC),147,G,100,164.6,178.06,13.460000000000008,13.460000000000008,13.460000000000008,2.541490970579151,2.5287515872461657,169.80790000000002,169.47500000000002,35,79,2olo_A_model_1_relaxed_repeat035_inv.csv,2olo_A_model_1_relaxed_repeat079_inv.csv,2olo_A_model_1_relaxed_repeat035,2olo_A_model_1_relaxed_repeat079,True,False,0.0,45
tau(CN),148,G,100,-177.96,-164.57,13.390000000000015,13.390000000000015,13.390000000000015,2.1332729252810982,2.1225797605743817,-172.73459999999994,-172.78,35,79,2olo_A_model_1_relaxed_repeat035_inv.csv,2olo_A_model_1_relaxed_repeat079_inv.csv,2olo_A_model_1_relaxed_repeat035,2olo_A_model_1_relaxed_repeat079,True,False,0.0,5
tau(NA),178,E,100,-167.04,-153.78,13.259999999999991,13.259999999999991,13.259999999999991,1.2994776689582668,1.2929639554140706,-155.0939,-155.025,92,89,2olo_A_model_1_relaxed_repeat092_inv.csv,2olo_A_model_1_relaxed_repeat089_inv.csv,2olo_A_model_1_relaxed_repeat092,2olo_A_model_1_relaxed_repeat089,True,False,0.0,45
tau(NA),87,I,100,-114.57,-101.32,13.25,13.25,13.25,3.091193094498424,3.0756982946966684,-107.13599999999998,-107.145,93,45,2olo_A_model_1_relaxed_repeat093_inv.csv,2olo_A_model_1_relaxed_repeat045_inv.csv,2olo_A_model_1_relaxed_repeat093,2olo_A_model_1_relaxed_repeat045,True,False,0.0,46
tau(NA),100,N,100,-65.72,-52.48,13.240000000000002,13.240000000000009,13.240000000000009,2.1012198741673753,2.0906873773952914,-62.20269999999999,-62.315,46,82,2olo_A_model_1_relaxed_repeat046_inv.csv,2olo_A_model_1_relaxed_repeat082_inv.csv,2olo_A_model_1_relaxed_repeat046,2olo_A_model_1_relaxed_repeat082,True,False,-7.105427357601002e-15,47
tau(AC),256,L,100,128.54,141.75,13.210000000000008,13.210000000000008,13.210000000000008,2.74714322873634,2.733373000525176,139.3498,140.18,5,58,2olo_A_model_1_relaxed_repeat005_inv.csv,2olo_A_model_1_relaxed_repeat058_inv.csv,2olo_A_model_1_relaxed_repeat005,2olo_A_model_1_relaxed_repeat058,True,False,0.0,46
tau(NA),194,T,100,-133.85,-120.71,13.14,13.139999999999986,13.139999999999986,3.73828342149093,3.719545040727427,-129.17629999999997,-131.06,92,100,2olo_A_model_1_relaxed_repeat092_inv.csv,2olo_A_model_1_relaxed_repeat100_inv.csv,2olo_A_model_1_relaxed_repeat092,2olo_A_model_1_relaxed_repeat100,True,False,1.4210854715202004e-14,48
tau(AC),264,P,100,-23.04,-9.91,13.129999999999999,13.129999999999995,13.129999999999995,4.623828894592083,4.600651661449712,-18.5773,-21.71,15,62,2olo_A_model_1_relaxed_repeat015_inv.csv,2olo_A_model_1_relaxed_repeat062_inv.csv,2olo_A_model_1_relaxed_repeat015,2olo_A_model_1_relaxed_repeat062,True,False,3.552713678800501e-15,47
tau(NA),244,F,100,-139.69,-126.64,13.049999999999997,13.050000000000011,13.050000000000011,2.808358625908944,2.794281551669409,-137.80809999999997,-138.51999999999998,55,35,2olo_A_model_1_relaxed_repeat055_inv.csv,2olo_A_model_1_relaxed_repeat035_inv.csv,2olo_A_model_1_relaxed_repeat055,2olo_A_model_1_relaxed_repeat035,True,False,-1.4210854715202004e-14,49
tau(AC),36,H,100,-158.96,-145.95,13.01000000000002,13.01000000000002,13.01000000000002,1.6299156079039463,1.621745553408426,-157.1044,-157.245,14,2,2olo_A_model_1_relaxed_repeat014_inv.csv,2olo_A_model_1_relaxed_repeat002_inv.csv,2olo_A_model_1_relaxed_repeat014,2olo_A_model_1_relaxed_repeat002,True,False,0.0,48
tau(AC),265,W,100,-12.8,0.05,12.850000000000001,12.849999999999994,12.849999999999994,3.584538304801032,3.566570581104487,-8.1023,-10.004999999999999,48,77,2olo_A_model_1_relaxed_repeat048_inv.csv,2olo_A_model_1_relaxed_repeat077_inv.csv,2olo_A_model_1_relaxed_repeat048,2olo_A_model_1_relaxed_repeat077,True,False,7.105427357601002e-15,49
tau(NA),257,F,100,-135.99,-123.27,12.720000000000013,12.720000000000027,12.720000000000027,2.6248889077021493,2.6117314869641564,-133.91080000000002,-134.7,30,35,2olo_A_model_1_relaxed_repeat030_inv.csv,2olo_A_model_1_relaxed_repeat035_inv.csv,2olo_A_model_1_relaxed_repeat030,2olo_A_model_1_relaxed_repeat035,True,False,-1.4210854715202004e-14,50
tau(NA),147,G,100,-83.68,-71.01,12.670000000000002,12.670000000000016,12.670000000000016,2.639421567715399,2.626191301105082,-76.0725,-75.55,6,74,2olo_A_model_1_relaxed_repeat006_inv.csv,2olo_A_model_1_relaxed_repeat074_inv.csv,2olo_A_model_1_relaxed_repeat006,2olo_A_model_1_relaxed_repeat074,True,False,-1.4210854715202004e-14,51
tau(NA),279,V,100,-127.92,-115.28,12.64,12.639999999999986,12.639999999999986,2.706421609670771,2.692855501136293,-122.8485,-122.55000000000001,37,70,2olo_A_model_1_relaxed_repeat037_inv.csv,2olo_A_model_1_relaxed_repeat070_inv.csv,2olo_A_model_1_relaxed_repeat037,2olo_A_model_1_relaxed_repeat070,True,False,1.4210854715202004e-14,52
tau(CN),325,L,100,163.31,175.94,12.629999999999995,12.629999999999995,12.629999999999995,1.2308848545873516,1.2247149668392237,173.04050000000004,173.14499999999998,6,86,2olo_A_model_1_relaxed_repeat006_inv.csv,2olo_A_model_1_relaxed_repeat086_inv.csv,2olo_A_model_1_relaxed_repeat006,2olo_A_model_1_relaxed_repeat086,True,False,0.0,6
tau(NA),327,T,100,-77.35,-64.72,12.629999999999995,12.629999999999995,12.629999999999995,3.774815781176372,3.755894279662302,-72.3896,-74.46000000000001,77,58,2olo_A_model_1_relaxed_repeat077_inv.csv,2olo_A_model_1_relaxed_repeat058_inv.csv,2olo_A_model_1_relaxed_repeat077,2olo_A_model_1_relaxed_repeat058,True,False,0.0,53
tau(NA),262,H,100,-71.76,-59.15,12.610000000000007,12.610000000000014,12.610000000000014,2.634716660058132,2.6215099770933543,-63.10119999999999,-62.44,35,85,2olo_A_model_1_relaxed_repeat035_inv.csv,2olo_A_model_1_relaxed_repeat085_inv.csv,2olo_A_model_1_relaxed_repeat035,2olo_A_model_1_relaxed_repeat085,True,False,-7.105427357601002e-15,54
tau(AC),244,F,100,122.65,135.23,12.579999999999984,12.579999999999984,12.579999999999984,2.7787807732634437,2.7648519598705454,124.52420000000001,123.75,21,35,2olo_A_model_1_relaxed_repeat021_inv.csv,2olo_A_model_1_relaxed_repeat035_inv.csv,2olo_A_model_1_relaxed_repeat021,2olo_A_model_1_relaxed_repeat035,True,False,0.0,50
tau(NA),340,D,100,-104.15,-91.66,12.490000000000009,12.490000000000009,12.490000000000009,2.0212520272286083,2.011120374318753,-92.8778,-92.42,15,30,2olo_A_model_1_relaxed_repeat015_inv.csv,2olo_A_model_1_relaxed_repeat030_inv.csv,2olo_A_model_1_relaxed_repeat015,2olo_A_model_1_relaxed_repeat030,True,False,0.0,55
tau(NA),89,S,100,-122.5,-110.05,12.450000000000003,12.449999999999989,12.449999999999989,2.353852796990286,2.3420539618036136,-116.34819999999998,-116.36500000000001,83,69,2olo_A_model_1_relaxed_repeat083_inv.csv,2olo_A_model_1_relaxed_repeat069_inv.csv,2olo_A_model_1_relaxed_repeat083,2olo_A_model_1_relaxed_repeat069,True,False,1.4210854715202004e-14,56
tau(NA),99,T,100,-135.48,-123.19,12.289999999999992,12.289999999999992,12.289999999999992,2.066447114437646,2.056088918310684,-129.0506,-128.82,3,16,2olo_A_model_1_relaxed_repeat003_inv.csv,2olo_A_model_1_relaxed_repeat016_inv.csv,2olo_A_model_1_relaxed_repeat003,2olo_A_model_1_relaxed_repeat016,True,False,0.0,57
tau(AC),327,T,100,-28.48,-16.29,12.190000000000001,12.189999999999998,12.189999999999998,2.6125788490348465,2.599483133240145,-20.8412,-20.035,15,8,2olo_A_model_1_relaxed_repeat015_inv.csv,2olo_A_model_1_relaxed_repeat008_inv.csv,2olo_A_model_1_relaxed_repeat015,2olo_A_model_1_relaxed_repeat008,True,False,3.552713678800501e-15,51
tau(NA),253,D,100,-174.91,-162.75,12.159999999999997,12.159999999999997,12.159999999999997,1.802455056949612,1.7934201376141612,-168.5889,-168.88,23,9,2olo_A_model_1_relaxed_repeat023_inv.csv,2olo_A_model_1_relaxed_repeat009_inv.csv,2olo_A_model_1_relaxed_repeat023,2olo_A_model_1_relaxed_repeat009,True,False,0.0,58
tau(AC),384,A,100,125.91,137.77,11.860000000000014,11.860000000000014,11.860000000000014,1.888047615389983,1.8785836579721444,128.9212,128.945,92,61,2olo_A_model_1_relaxed_repeat092_inv.csv,2olo_A_model_1_relaxed_repeat061_inv.csv,2olo_A_model_1_relaxed_repeat092,2olo_A_model_1_relaxed_repeat061,True,False,0.0,52
tau(NA),203,A,100,-129.07,-117.27,11.799999999999997,11.800000000000011,11.800000000000011,1.3659424356003211,1.3590955632331376,-127.07049999999998,-127.16,48,81,2olo_A_model_1_relaxed_repeat048_inv.csv,2olo_A_model_1_relaxed_repeat081_inv.csv,2olo_A_model_1_relaxed_repeat048,2olo_A_model_1_relaxed_repeat081,True,False,-1.4210854715202004e-14,59
tau(CN),48,A,100,-178.49,-166.74,11.75,11.75,11.75,2.5679521456254237,2.555080123988286,-174.42660000000004,-174.81,74,70,2olo_A_model_1_relaxed_repeat074_inv.csv,2olo_A_model_1_relaxed_repeat070_inv.csv,2olo_A_model_1_relaxed_repeat074,2olo_A_model_1_relaxed_repeat070,True,False,0.0,7
tau(NA),149,T,100,-136.31,-124.57,11.740000000000009,11.740000000000009,11.740000000000009,2.2056449044314554,2.19458897062753,-128.5725,-128.10000000000002,79,35,2olo_A_model_1_relaxed_repeat079_inv.csv,2olo_A_model_1_relaxed_repeat035_inv.csv,2olo_A_model_1_relaxed_repeat079,2olo_A_model_1_relaxed_repeat035,True,False,0.0,60
tau(NA),226,M,100,-95.13,-83.41,11.719999999999999,11.719999999999999,11.719999999999999,2.2024820227656927,2.191441943105041,-91.7389,-92.27,61,100,2olo_A_model_1_relaxed_repeat061_inv.csv,2olo_A_model_1_relaxed_repeat100_inv.csv,2olo_A_model_1_relaxed_repeat061,2olo_A_model_1_relaxed_repeat100,True,False,0.0,61
tau(AC),149,T,100,142.59,154.26,11.669999999999987,11.669999999999987,11.669999999999987,2.07478673359432,2.064386734601828,147.5821,147.925,49,75,2olo_A_model_1_relaxed_repeat049_inv.csv,2olo_A_model_1_relaxed_repeat075_inv.csv,2olo_A_model_1_relaxed_repeat049,2olo_A_model_1_relaxed_repeat075,True,False,0.0,53
tau(AC),260,F,100,136.75,148.31,11.560000000000002,11.560000000000002,11.560000000000002,2.217606544876432,2.2064906525974677,141.37499999999997,141.05,22,35,2olo_A_model_1_relaxed_repeat022_inv.csv,2olo_A_model_1_relaxed_repeat035_inv.csv,2olo_A_model_1_relaxed_repeat022,2olo_A_model_1_relaxed_repeat035,True,False,0.0,54
tau(NA),103,Q,100,-137.93,-126.37,11.560000000000002,11.560000000000002,11.560000000000002,3.426624942264547,3.4094487692294213,-132.5153,-133.605,55,37,2olo_A_model_1_relaxed_repeat055_inv.csv,2olo_A_model_1_relaxed_repeat037_inv.csv,2olo_A_model_1_relaxed_repeat055,2olo_A_model_1_relaxed_repeat037,True,False,0.0,62
tau(CN),204,C,100,-178.34,170.12,348.46000000000004,11.539999999999964,11.539999999999964,34.65488846111794,34.481178653143516,164.68630000000002,168.29500000000002,81,88,2olo_A_model_1_relaxed_repeat081_inv.csv,2olo_A_model_1_relaxed_repeat088_inv.csv,2olo_A_model_1_relaxed_repeat081,2olo_A_model_1_relaxed_repeat088,True,True,336.9200000000001,8
tau(CN),45,T,100,167.06,178.53,11.469999999999999,11.469999999999999,11.469999999999999,2.46008473821369,2.447753408740349,172.9325,172.99,22,89,2olo_A_model_1_relaxed_repeat022_inv.csv,2olo_A_model_1_relaxed_repeat089_inv.csv,2olo_A_model_1_relaxed_repeat022,2olo_A_model_1_relaxed_repeat089,True,False,0.0,9
tau(AC),220,A,100,69.91,81.37,11.460000000000008,11.460000000000008,11.460000000000008,2.246821449573291,2.2355591157471095,77.3188,77.46000000000001,2,92,2olo_A_model_1_relaxed_repeat002_inv.csv,2olo_A_model_1_relaxed_repeat092_inv.csv,2olo_A_model_1_relaxed_repeat002,2olo_A_model_1_relaxed_repeat092,True,False,0.0,55
tau(AC),62,F,100,-49.6,-38.16,11.440000000000005,11.439999999999998,11.439999999999998,1.6195891236029374,1.6114708312594437,-46.6624,-47.04,5,78,2olo_A_model_1_relaxed_repeat005_inv.csv,2olo_A_model_1_relaxed_repeat078_inv.csv,2olo_A_model_1_relaxed_repeat005,2olo_A_model_1_relaxed_repeat078,True,False,7.105427357601002e-15,56
tau(NA),243,W,100,-140.07,-128.65,11.419999999999987,11.419999999999987,11.419999999999987,1.8884206939058135,1.87895486640845,-133.6231,-133.6,35,68,2olo_A_model_1_relaxed_repeat035_inv.csv,2olo_A_model_1_relaxed_repeat068_inv.csv,2olo_A_model_1_relaxed_repeat035,2olo_A_model_1_relaxed_repeat068,True,False,0.0,63
tau(AC),259,G,100,155.53,166.94,11.409999999999997,11.409999999999997,11.409999999999997,2.5836111209395316,2.570660607703786,162.9298,163.065,3,64,2olo_A_model_1_relaxed_repeat003_inv.csv,2olo_A_model_1_relaxed_repeat064_inv.csv,2olo_A_model_1_relaxed_repeat003,2olo_A_model_1_relaxed_repeat064,True,False,0.0,57
tau(AC),15,V,100,-43.36,-32.04,11.32,11.319999999999993,11.319999999999993,2.6369801062594465,2.623762077628229,-38.278400000000005,-36.81,23,97,2olo_A_model_1_relaxed_repeat023_inv.csv,2olo_A_model_1_relaxed_repeat097_inv.csv,2olo_A_model_1_relaxed_repeat023,2olo_A_model_1_relaxed_repeat097,True,False,7.105427357601002e-15,58
tau(CN),53,R,100,168.38,179.59,11.210000000000008,11.210000000000008,11.210000000000008,1.998384792220401,1.988367762764222,174.62420000000003,174.72,91,82,2olo_A_model_1_relaxed_repeat091_inv.csv,2olo_A_model_1_relaxed_repeat082_inv.csv,2olo_A_model_1_relaxed_repeat091,2olo_A_model_1_relaxed_repeat082,True,False,0.0,10
tau(NA),141,G,100,168.43,179.58,11.150000000000006,11.150000000000006,11.150000000000006,3.785443543124348,3.766468769285098,174.44490000000002,176.70499999999998,74,75,2olo_A_model_1_relaxed_repeat074_inv.csv,2olo_A_model_1_relaxed_repeat075_inv.csv,2olo_A_model_1_relaxed_repeat074,2olo_A_model_1_relaxed_repeat075,True,False,0.0,64
tau(NA),150,I,100,-115.38,-104.35,11.030000000000001,11.030000000000001,11.030000000000001,2.094001676265332,2.083505361164209,-109.18710000000002,-109.435,75,100,2olo_A_model_1_relaxed_repeat075_inv.csv,2olo_A_model_1_relaxed_repeat100_inv.csv,2olo_A_model_1_relaxed_repeat075,2olo_A_model_1_relaxed_repeat100,True,False,0.0,65
tau(CN),243,W,100,165.65,176.65,11.0,11.0,11.0,2.458553362521065,2.446229709164697,174.98110000000005,175.60000000000002,5,78,2olo_A_model_1_relaxed_repeat005_inv.csv,2olo_A_model_1_relaxed_repeat078_inv.csv,2olo_A_model_1_relaxed_repeat005,2olo_A_model_1_relaxed_repeat078,True,False,0.0,11
tau(AC),102,G,100,-166.13,-155.17,10.960000000000008,10.960000000000008,10.960000000000008,1.6804438567103497,1.672020526189795,-162.8756,-163.025,19,55,2olo_A_model_1_relaxed_repeat019_inv.csv,2olo_A_model_1_relaxed_repeat055_inv.csv,2olo_A_model_1_relaxed_repeat019,2olo_A_model_1_relaxed_repeat055,True,False,0.0,59
tau(AC),89,S,100,104.56,115.44,10.879999999999995,10.879999999999995,10.879999999999995,2.080825554893776,2.070395285929719,111.70440000000002,112.10499999999999,6,91,2olo_A_model_1_relaxed_repeat006_inv.csv,2olo_A_model_1_relaxed_repeat091_inv.csv,2olo_A_model_1_relaxed_repeat006,2olo_A_model_1_relaxed_repeat091,True,False,0.0,60
tau(NA),185,G,100,146.61,157.48,10.869999999999976,10.869999999999976,10.869999999999976,2.197509101807147,2.1864939492255635,150.7611,150.985,77,4,2olo_A_model_1_relaxed_repeat077_inv.csv,2olo_A_model_1_relaxed_repeat004_inv.csv,2olo_A_model_1_relaxed_repeat077,2olo_A_model_1_relaxed_repeat004,True,False,0.0,66
tau(AC),239,E,100,115.78,126.61,10.829999999999998,10.829999999999984,10.829999999999984,1.6028314592834414,1.594797165786295,119.91999999999999,119.91,16,3,2olo_A_model_1_relaxed_repeat016_inv.csv,2olo_A_model_1_relaxed_repeat003_inv.csv,2olo_A_model_1_relaxed_repeat016,2olo_A_model_1_relaxed_repeat003,True,False,1.4210854715202004e-14,61
tau(CN),99,T,100,166.16,176.87,10.710000000000008,10.710000000000008,10.710000000000008,1.4599435820011213,1.452625522975554,172.14469999999997,171.93,82,46,2olo_A_model_1_relaxed_repeat082_inv.csv,2olo_A_model_1_relaxed_repeat046_inv.csv,2olo_A_model_1_relaxed_repeat082,2olo_A_model_1_relaxed_repeat046,True,False,0.0,12
tau(NA),246,F,100,-91.28,-80.59,10.689999999999998,10.689999999999998,10.689999999999998,2.1818110446011207,2.1708745795185864,-88.86340000000001,-89.35499999999999,57,72,2olo_A_model_1_relaxed_repeat057_inv.csv,2olo_A_model_1_relaxed_repeat072_inv.csv,2olo_A_model_1_relaxed_repeat057,2olo_A_model_1_relaxed_repeat072,True,False,0.0,67
tau(NA),245,A,100,-108.19,-97.53,10.659999999999997,10.659999999999997,10.659999999999997,1.9020339432334323,1.892499878467631,-99.49609999999998,-98.955,35,7,2olo_A_model_1_relaxed_repeat035_inv.csv,2olo_A_model_1_relaxed_repeat007_inv.csv,2olo_A_model_1_relaxed_repeat035,2olo_A_model_1_relaxed_repeat007,True,False,0.0,68
tau(NA),272,R,100,-109.1,-98.45,10.649999999999991,10.649999999999977,10.649999999999977,2.200343600348809,2.1893142396650145,-104.7054,-105.06,33,30,2olo_A_model_1_relaxed_repeat033_inv.csv,2olo_A_model_1_relaxed_repeat030_inv.csv,2olo_A_model_1_relaxed_repeat033,2olo_A_model_1_relaxed_repeat030,True,False,1.4210854715202004e-14,69
tau(AC),14,P,100,-54.47,-43.83,10.64,10.639999999999986,10.639999999999986,2.1281369739276603,2.1174695535001202,-50.2887,-50.89,97,89,2olo_A_model_1_relaxed_repeat097_inv.csv,2olo_A_model_1_relaxed_repeat089_inv.csv,2olo_A_model_1_relaxed_repeat097,2olo_A_model_1_relaxed_repeat089,True,False,1.4210854715202004e-14,62
tau(AC),271,V,100,140.26,150.73,10.469999999999999,10.469999999999999,10.469999999999999,1.874823078521697,1.8654254099266465,147.30979999999997,147.495,3,57,2olo_A_model_1_relaxed_repeat003_inv.csv,2olo_A_model_1_relaxed_repeat057_inv.csv,2olo_A_model_1_relaxed_repeat003,2olo_A_model_1_relaxed_repeat057,True,False,0.0,63
tau(NA),382,R,100,-65.76,-55.34,10.420000000000002,10.420000000000016,10.420000000000016,2.5242058437088963,2.511553103161468,-59.1901,-59.085,91,96,2olo_A_model_1_relaxed_repeat091_inv.csv,2olo_A_model_1_relaxed_repeat096_inv.csv,2olo_A_model_1_relaxed_repeat091,2olo_A_model_1_relaxed_repeat096,True,False,-1.4210854715202004e-14,70
tau(AC),131,G,100,2.39,12.76,10.37,10.370000000000005,10.370000000000005,2.5182439849380693,2.5056211285826913,7.4126,7.78,60,12,2olo_A_model_1_relaxed_repeat060_inv.csv,2olo_A_model_1_relaxed_repeat012_inv.csv,2olo_A_model_1_relaxed_repeat060,2olo_A_model_1_relaxed_repeat012,True,False,-5.329070518200751e-15,64
tau(AC),203,A,100,27.75,38.08,10.329999999999998,10.329999999999984,10.329999999999984,1.4196235487628472,1.4125075964397502,29.5577,29.32,2,81,2olo_A_model_1_relaxed_repeat002_inv.csv,2olo_A_model_1_relaxed_repeat081_inv.csv,2olo_A_model_1_relaxed_repeat002,2olo_A_model_1_relaxed_repeat081,True,False,1.4210854715202004e-14,65
tau(AC),49,E,100,156.77,167.08,10.310000000000002,10.310000000000002,10.310000000000002,1.842869074091381,1.8336315769532328,163.4618,163.7,80,74,2olo_A_model_1_relaxed_repeat080_inv.csv,2olo_A_model_1_relaxed_repeat074_inv.csv,2olo_A_model_1_relaxed_repeat080,2olo_A_model_1_relaxed_repeat074,True,False,0.0,66
tau(AC),323,A,100,124.12,134.41,10.289999999999992,10.289999999999992,10.289999999999992,2.1755119657522712,2.164607075198637,130.2061,130.485,51,50,2olo_A_model_1_relaxed_repeat051_inv.csv,2olo_A_model_1_relaxed_repeat050_inv.csv,2olo_A_model_1_relaxed_repeat051,2olo_A_model_1_relaxed_repeat050,True,False,0.0,67
tau(NA),256,L,100,-101.24,-90.96,10.280000000000001,10.280000000000001,10.280000000000001,1.8618658502814982,1.8525331306079256,-98.615,-99.035,7,46,2olo_A_model_1_relaxed_repeat007_inv.csv,2olo_A_model_1_relaxed_repeat046_inv.csv,2olo_A_model_1_relaxed_repeat007,2olo_A_model_1_relaxed_repeat046,True,False,0.0,71
tau(NA),221,Y,100,-131.37,-121.12,10.25,10.25,10.25,2.03158449134033,2.021401046304271,-128.8009,-129.14999999999998,28,15,2olo_A_model_1_relaxed_repeat028_inv.csv,2olo_A_model_1_relaxed_repeat015_inv.csv,2olo_A_model_1_relaxed_repeat028,2olo_A_model_1_relaxed_repeat015,True,False,0.0,72
tau(AC),193,G,100,-172.83,-162.7,10.130000000000024,10.130000000000024,10.130000000000024,3.2744219799882712,3.2580087338741137,-166.2403,-164.60500000000002,10,76,2olo_A_model_1_relaxed_repeat010_inv.csv,2olo_A_model_1_relaxed_repeat076_inv.csv,2olo_A_model_1_relaxed_repeat010,2olo_A_model_1_relaxed_repeat076,True,False,0.0,68
tau(AC),80,E,100,27.92,37.99,10.07,10.069999999999993,10.069999999999993,1.724662766040265,1.7160177854556171,35.3364,35.66,77,18,2olo_A_model_1_relaxed_repeat077_inv.csv,2olo_A_model_1_relaxed_repeat018_inv.csv,2olo_A_model_1_relaxed_repeat077,2olo_A_model_1_relaxed_repeat018,True,False,7.105427357601002e-15,69
tau(NA),229,A,100,-141.79,-131.74,10.049999999999983,10.049999999999983,10.049999999999983,2.678247323768424,2.664822440614008,-135.8944,-134.90499999999997,70,35,2olo_A_model_1_relaxed_repeat070_inv.csv,2olo_A_model_1_relaxed_repeat035_inv.csv,2olo_A_model_1_relaxed_repeat070,2olo_A_model_1_relaxed_repeat035,True,False,0.0,73
tau(CN),55,Q,100,166.09,176.08,9.990000000000009,9.990000000000009,9.990000000000009,1.8599725858737868,1.8506493563071318,172.87640000000002,173.25,5,24,2olo_A_model_1_relaxed_repeat005_inv.csv,2olo_A_model_1_relaxed_repeat024_inv.csv,2olo_A_model_1_relaxed_repeat005,2olo_A_model_1_relaxed_repeat024,True,False,0.0,13
tau(AC),207,Y,100,5.83,15.67,9.84,9.840000000000003,9.840000000000003,2.292797805690196,2.2813050124873704,11.048800000000002,11.489999999999998,19,10,2olo_A_model_1_relaxed_repeat019_inv.csv,2olo_A_model_1_relaxed_repeat010_inv.csv,2olo_A_model_1_relaxed_repeat019,2olo_A_model_1_relaxed_repeat010,True,False,-3.552713678800501e-15,70
tau(AC),206,P,100,-23.47,-13.64,9.829999999999998,9.829999999999984,9.829999999999984,2.054502468710951,2.044204145871933,-19.282899999999998,-18.66,20,45,2olo_A_model_1_relaxed_repeat020_inv.csv,2olo_A_model_1_relaxed_repeat045_inv.csv,2olo_A_model_1_relaxed_repeat020,2olo_A_model_1_relaxed_repeat045,True,False,1.4210854715202004e-14,71
tau(AC),339,R,100,-47.8,-37.97,9.829999999999998,9.829999999999984,9.829999999999984,1.1265693834636088,1.120922383575241,-41.2699,-41.02,23,15,2olo_A_model_1_relaxed_repeat023_inv.csv,2olo_A_model_1_relaxed_repeat015_inv.csv,2olo_A_model_1_relaxed_repeat023,2olo_A_model_1_relaxed_repeat015,True,False,1.4210854715202004e-14,71
tau(NA),217,A,100,-131.82,-121.99,9.829999999999998,9.829999999999984,9.829999999999984,1.8673727533623277,1.8580124299907148,-129.0459,-129.655,58,15,2olo_A_model_1_relaxed_repeat058_inv.csv,2olo_A_model_1_relaxed_repeat015_inv.csv,2olo_A_model_1_relaxed_repeat058,2olo_A_model_1_relaxed_repeat015,True,False,1.4210854715202004e-14,74
tau(AC),100,N,100,-29.79,-20.08,9.71,9.710000000000008,9.710000000000008,2.1784166685503905,2.1674972179912944,-23.8559,-23.625,55,78,2olo_A_model_1_relaxed_repeat055_inv.csv,2olo_A_model_1_relaxed_repeat078_inv.csv,2olo_A_model_1_relaxed_repeat055,2olo_A_model_1_relaxed_repeat078,True,False,-7.105427357601002e-15,73
tau(NA),193,G,100,167.02,176.72,9.699999999999989,9.699999999999989,9.699999999999989,2.8580305856101025,2.843704527548528,173.27160000000003,174.54,100,81,2olo_A_model_1_relaxed_repeat100_inv.csv,2olo_A_model_1_relaxed_repeat081_inv.csv,2olo_A_model_1_relaxed_repeat100,2olo_A_model_1_relaxed_repeat081,True,False,0.0,75
tau(NA),144,Q,100,-102.93,-93.32,9.610000000000014,9.610000000000014,9.610000000000014,2.1988261331074725,2.187804378823664,-96.83,-96.15,16,79,2olo_A_model_1_relaxed_repeat016_inv.csv,2olo_A_model_1_relaxed_repeat079_inv.csv,2olo_A_model_1_relaxed_repeat016,2olo_A_model_1_relaxed_repeat079,True,False,0.0,76
tau(AC),176,V,100,118.46,128.06,9.600000000000009,9.600000000000023,9.600000000000023,0.9164168034119405,0.9118232065482879,125.90619999999998,125.86500000000001,92,21,2olo_A_model_1_relaxed_repeat092_inv.csv,2olo_A_model_1_relaxed_repeat021_inv.csv,2olo_A_model_1_relaxed_repeat092,2olo_A_model_1_relaxed_repeat021,True,False,-1.4210854715202004e-14,74
tau(NA),48,A,100,-94.4,-84.87,9.530000000000001,9.530000000000001,9.530000000000001,2.1197927738438027,2.109167179243978,-89.9291,-89.86,67,12,2olo_A_model_1_relaxed_repeat067_inv.csv,2olo_A_model_1_relaxed_repeat012_inv.csv,2olo_A_model_1_relaxed_repeat067,2olo_A_model_1_relaxed_repeat012,True,False,0.0,77
tau(AC),278,E,100,56.42,65.93,9.510000000000005,9.509999999999991,9.509999999999991,2.728911225149597,2.7152323860030836,60.830299999999994,60.82,95,37,2olo_A_model_1_relaxed_repeat095_inv.csv,2olo_A_model_1_relaxed_repeat037_inv.csv,2olo_A_model_1_relaxed_repeat095,2olo_A_model_1_relaxed_repeat037,True,False,1.4210854715202004e-14,75
tau(NA),383,L,100,-91.68,-82.21,9.470000000000013,9.470000000000027,9.470000000000027,2.0670079165965305,2.056646909413476,-87.7957,-87.36,82,61,2olo_A_model_1_relaxed_repeat082_inv.csv,2olo_A_model_1_relaxed_repeat061_inv.csv,2olo_A_model_1_relaxed_repeat082,2olo_A_model_1_relaxed_repeat061,True,False,-1.4210854715202004e-14,78
tau(AC),88,G,100,145.22,154.58,9.360000000000014,9.360000000000014,9.360000000000014,1.9778342506975453,1.9679202321232427,150.66140000000001,150.745,79,74,2olo_A_model_1_relaxed_repeat079_inv.csv,2olo_A_model_1_relaxed_repeat074_inv.csv,2olo_A_model_1_relaxed_repeat079,2olo_A_model_1_relaxed_repeat074,True,False,0.0,76
tau(AC),216,G,100,14.43,23.7,9.27,9.27000000000001,9.27000000000001,1.9528685350405732,1.9430796586861794,21.171199999999995,21.785,15,38,2olo_A_model_1_relaxed_repeat015_inv.csv,2olo_A_model_1_relaxed_repeat038_inv.csv,2olo_A_model_1_relaxed_repeat015,2olo_A_model_1_relaxed_repeat038,True,False,-1.0658141036401503e-14,77
tau(NA),90,L,100,-103.39,-94.21,9.180000000000007,9.180000000000007,9.180000000000007,1.9374833697559342,1.9277716125101545,-99.1419,-98.86500000000001,35,45,2olo_A_model_1_relaxed_repeat035_inv.csv,2olo_A_model_1_relaxed_repeat045_inv.csv,2olo_A_model_1_relaxed_repeat035,2olo_A_model_1_relaxed_repeat045,True,False,0.0,79
tau(NA),271,V,100,-119.2,-110.03,9.170000000000002,9.170000000000016,9.170000000000016,1.9239949494883206,1.9143508037974648,-115.445,-115.74000000000001,66,55,2olo_A_model_1_relaxed_repeat066_inv.csv,2olo_A_model_1_relaxed_repeat055_inv.csv,2olo_A_model_1_relaxed_repeat066,2olo_A_model_1_relaxed_repeat055,True,False,-1.4210854715202004e-14,80
tau(NA),264,P,100,-67.46,-58.4,9.059999999999995,9.060000000000002,9.060000000000002,1.4561000180709645,1.4488012251513318,-65.4399,-65.66,56,78,2olo_A_model_1_relaxed_repeat056_inv.csv,2olo_A_model_1_relaxed_repeat078_inv.csv,2olo_A_model_1_relaxed_repeat056,2olo_A_model_1_relaxed_repeat078,True,False,-7.105427357601002e-15,81
tau(NA),14,P,100,-63.37,-54.32,9.049999999999997,9.050000000000011,9.050000000000011,2.3178992491678603,2.306280633400888,-56.2158,-55.5,8,37,2olo_A_model_1_relaxed_repeat008_inv.csv,2olo_A_model_1_relaxed_repeat037_inv.csv,2olo_A_model_1_relaxed_repeat008,2olo_A_model_1_relaxed_repeat037,True,False,-1.4210854715202004e-14,82
tau(AC),41,E,100,10.74,19.78,9.040000000000001,9.039999999999992,9.039999999999992,2.1980698511892363,2.1870518878161076,14.729800000000001,14.135,34,51,2olo_A_model_1_relaxed_repeat034_inv.csv,2olo_A_model_1_relaxed_repeat051_inv.csv,2olo_A_model_1_relaxed_repeat034,2olo_A_model_1_relaxed_repeat051,True,False,8.881784197001252e-15,78
tau(NA),261,G,100,-74.63,-65.59,9.039999999999992,9.039999999999992,9.039999999999992,2.126841588227516,2.1161806610022693,-69.46209999999999,-69.005,74,75,2olo_A_model_1_relaxed_repeat074_inv.csv,2olo_A_model_1_relaxed_repeat075_inv.csv,2olo_A_model_1_relaxed_repeat074,2olo_A_model_1_relaxed_repeat075,True,False,0.0,83
tau(NA),338,A,100,-86.78,-77.75,9.030000000000001,9.030000000000001,9.030000000000001,1.7323125753125095,1.7236292495777625,-80.6189,-80.745,43,100,2olo_A_model_1_relaxed_repeat043_inv.csv,2olo_A_model_1_relaxed_repeat100_inv.csv,2olo_A_model_1_relaxed_repeat043,2olo_A_model_1_relaxed_repeat100,True,False,0.0,84
tau(NA),354,G,100,77.17,86.18,9.010000000000005,9.009999999999991,9.009999999999991,1.6811002259523282,1.672673605339667,81.2701,81.135,11,67,2olo_A_model_1_relaxed_repeat011_inv.csv,2olo_A_model_1_relaxed_repeat067_inv.csv,2olo_A_model_1_relaxed_repeat011,2olo_A_model_1_relaxed_repeat067,True,False,1.4210854715202004e-14,85
tau(NA),38,F,100,-66.42,-57.43,8.990000000000002,8.990000000000009,8.990000000000009,1.006916861342865,1.001869627246979,-58.44450000000002,-58.27,2,96,2olo_A_model_1_relaxed_repeat002_inv.csv,2olo_A_model_1_relaxed_repeat096_inv.csv,2olo_A_model_1_relaxed_repeat002,2olo_A_model_1_relaxed_repeat096,True,False,-7.105427357601002e-15,86
tau(NA),239,E,100,-122.31,-113.37,8.939999999999998,8.939999999999998,8.939999999999998,1.6758850367986629,1.667484557649635,-117.3355,-117.39,85,86,2olo_A_model_1_relaxed_repeat085_inv.csv,2olo_A_model_1_relaxed_repeat086_inv.csv,2olo_A_model_1_relaxed_repeat085,2olo_A_model_1_relaxed_repeat086,True,False,0.0,87
tau(AC),228,I,100,142.48,151.34,8.860000000000014,8.860000000000014,8.860000000000014,2.4581574687993735,2.445835799885185,146.06820000000002,145.23,34,70,2olo_A_model_1_relaxed_repeat034_inv.csv,2olo_A_model_1_relaxed_repeat070_inv.csv,2olo_A_model_1_relaxed_repeat034,2olo_A_model_1_relaxed_repeat070,True,False,0.0,79
tau(NA),276,D,100,-110.91,-102.05,8.86,8.860000000000014,8.860000000000014,1.905300252061351,1.8957498147171206,-105.59919999999998,-105.195,19,98,2olo_A_model_1_relaxed_repeat019_inv.csv,2olo_A_model_1_relaxed_repeat098_inv.csv,2olo_A_model_1_relaxed_repeat019,2olo_A_model_1_relaxed_repeat098,True,False,-1.4210854715202004e-14,88
tau(AC),184,D,100,-13.84,-5.03,8.809999999999999,8.810000000000002,8.810000000000002,1.536761727158965,1.5290586123494414,-8.6024,-8.635000000000002,4,77,2olo_A_model_1_relaxed_repeat004_inv.csv,2olo_A_model_1_relaxed_repeat077_inv.csv,2olo_A_model_1_relaxed_repeat004,2olo_A_model_1_relaxed_repeat077,True,False,-3.552713678800501e-15,80
tau(CN),318,T,100,169.9,178.68,8.780000000000001,8.780000000000001,8.780000000000001,2.1304663950895963,2.1197872982919774,174.56089999999998,174.715,94,34,2olo_A_model_1_relaxed_repeat094_inv.csv,2olo_A_model_1_relaxed_repeat034_inv.csv,2olo_A_model_1_relaxed_repeat094,2olo_A_model_1_relaxed_repeat034,True,False,0.0,14
tau(CN),88,G,100,166.8,175.53,8.72999999999999,8.72999999999999,8.72999999999999,1.590777397146667,1.582803525394102,169.641,169.39499999999998,13,6,2olo_A_model_1_relaxed_repeat013_inv.csv,2olo_A_model_1_relaxed_repeat006_inv.csv,2olo_A_model_1_relaxed_repeat013,2olo_A_model_1_relaxed_repeat006,True,False,0.0,15
tau(AC),237,V,100,133.41,142.13,8.719999999999999,8.719999999999999,8.719999999999999,1.5727402419620575,1.564856782584273,136.75449999999998,136.735,16,68,2olo_A_model_1_relaxed_repeat016_inv.csv,2olo_A_model_1_relaxed_repeat068_inv.csv,2olo_A_model_1_relaxed_repeat016,2olo_A_model_1_relaxed_repeat068,True,False,0.0,81
tau(NA),57,T,100,-78.53,-69.89,8.64,8.639999999999986,8.639999999999986,2.0090573295790626,1.9989868033581413,-73.8976,-73.85499999999999,19,29,2olo_A_model_1_relaxed_repeat019_inv.csv,2olo_A_model_1_relaxed_repeat029_inv.csv,2olo_A_model_1_relaxed_repeat019,2olo_A_model_1_relaxed_repeat029,True,False,1.4210854715202004e-14,89
tau(NA),83,L,100,-115.89,-107.34,8.549999999999997,8.550000000000011,8.550000000000011,1.7912696558022692,1.782290803993557,-112.79070000000002,-113.07499999999999,51,77,2olo_A_model_1_relaxed_repeat051_inv.csv,2olo_A_model_1_relaxed_repeat077_inv.csv,2olo_A_model_1_relaxed_repeat051,2olo_A_model_1_relaxed_repeat077,True,False,-1.4210854715202004e-14,90
tau(NA),324,V,100,-116.86,-108.31,8.549999999999997,8.550000000000011,8.550000000000011,1.6725880387814407,1.6642040860423335,-112.99739999999998,-112.875,93,51,2olo_A_model_1_relaxed_repeat093_inv.csv,2olo_A_model_1_relaxed_repeat051_inv.csv,2olo_A_model_1_relaxed_repeat093,2olo_A_model_1_relaxed_repeat051,True,False,-1.4210854715202004e-14,90
tau(AC),208,T,100,-43.22,-34.68,8.54,8.539999999999992,8.539999999999992,1.790188117195926,1.7812146866674998,-40.8332,-41.355000000000004,34,51,2olo_A_model_1_relaxed_repeat034_inv.csv,2olo_A_model_1_relaxed_repeat051_inv.csv,2olo_A_model_1_relaxed_repeat034,2olo_A_model_1_relaxed_repeat051,True,False,7.105427357601002e-15,82
tau(NA),343,T,100,-63.85,-55.34,8.509999999999998,8.509999999999991,8.509999999999991,1.8889205805422205,1.8794522473316526,-58.430499999999995,-58.83,22,83,2olo_A_model_1_relaxed_repeat022_inv.csv,2olo_A_model_1_relaxed_repeat083_inv.csv,2olo_A_model_1_relaxed_repeat022,2olo_A_model_1_relaxed_repeat083,True,False,7.105427357601002e-15,92
tau(AC),56,Y,100,145.84,154.34,8.5,8.5,8.5,1.869947600951169,1.860574370994076,149.5501,149.26,88,9,2olo_A_model_1_relaxed_repeat088_inv.csv,2olo_A_model_1_relaxed_repeat009_inv.csv,2olo_A_model_1_relaxed_repeat088,2olo_A_model_1_relaxed_repeat009,True,False,0.0,83
tau(AC),352,G,100,155.84,164.34,8.5,8.5,8.5,1.5199320127006748,1.5123132578933507,161.2331,161.31,67,48,2olo_A_model_1_relaxed_repeat067_inv.csv,2olo_A_model_1_relaxed_repeat048_inv.csv,2olo_A_model_1_relaxed_repeat067,2olo_A_model_1_relaxed_repeat048,True,False,0.0,83
tau(NA),86,E,100,-79.96,-71.46,8.5,8.5,8.5,1.6933101018449335,1.68482227846144,-74.87330000000001,-74.66,85,93,2olo_A_model_1_relaxed_repeat085_inv.csv,2olo_A_model_1_relaxed_repeat093_inv.csv,2olo_A_model_1_relaxed_repeat085,2olo_A_model_1_relaxed_repeat093,True,False,0.0,93
tau(CN),321,C,100,163.07,171.54,8.469999999999999,8.469999999999999,8.469999999999999,1.5142275291715606,1.5066373684467007,166.69280000000003,166.685,50,48,2olo_A_model_1_relaxed_repeat050_inv.csv,2olo_A_model_1_relaxed_repeat048_inv.csv,2olo_A_model_1_relaxed_repeat050,2olo_A_model_1_relaxed_repeat048,True,False,0.0,16
tau(CN),102,G,100,170.31,178.76,8.449999999999989,8.449999999999989,8.449999999999989,1.4613951097039644,1.4540697748044953,173.02470000000002,173.07,71,86,2olo_A_model_1_relaxed_repeat071_inv.csv,2olo_A_model_1_relaxed_repeat086_inv.csv,2olo_A_model_1_relaxed_repeat071,2olo_A_model_1_relaxed_repeat086,True,False,0.0,17
tau(NA),242,F,100,-68.11,-59.67,8.439999999999998,8.439999999999998,8.439999999999998,1.7839004932161908,1.774958579798413,-66.1098,-66.58500000000001,16,22,2olo_A_model_1_relaxed_repeat016_inv.csv,2olo_A_model_1_relaxed_repeat022_inv.csv,2olo_A_model_1_relaxed_repeat016,2olo_A_model_1_relaxed_repeat022,True,False,0.0,94
tau(CN),176,V,100,-178.05,173.56,351.61,8.389999999999986,8.389999999999986,35.071476625988716,34.89567864363724,-173.62600000000003,-177.2,81,92,2olo_A_model_1_relaxed_repeat081_inv.csv,2olo_A_model_1_relaxed_repeat092_inv.csv,2olo_A_model_1_relaxed_repeat081,2olo_A_model_1_relaxed_repeat092,True,True,343.22,18
tau(AC),50,R,100,152.4,160.76,8.359999999999985,8.359999999999985,8.359999999999985,1.476204096781177,1.468804530902596,157.2335,157.32999999999998,70,68,2olo_A_model_1_relaxed_repeat070_inv.csv,2olo_A_model_1_relaxed_repeat068_inv.csv,2olo_A_model_1_relaxed_repeat070,2olo_A_model_1_relaxed_repeat068,True,False,0.0,85
tau(AC),356,A,100,-5.48,2.86,8.34,8.340000000000003,8.340000000000003,1.6967865618172597,1.6882813124595086,-2.0761,-2.22,11,68,2olo_A_model_1_relaxed_repeat011_inv.csv,2olo_A_model_1_relaxed_repeat068_inv.csv,2olo_A_model_1_relaxed_repeat011,2olo_A_model_1_relaxed_repeat068,True,False,-3.552713678800501e-15,86
tau(NA),352,G,100,-170.35,-162.02,8.329999999999984,8.329999999999984,8.329999999999984,1.8274491660633,1.8182889621839529,-166.59050000000002,-166.91,11,85,2olo_A_model_1_relaxed_repeat011_inv.csv,2olo_A_model_1_relaxed_repeat085_inv.csv,2olo_A_model_1_relaxed_repeat011,2olo_A_model_1_relaxed_repeat085,True,False,0.0,95
tau(AC),85,H,100,101.01,109.32,8.309999999999988,8.310000000000002,8.310000000000002,1.474489040072163,1.4670980710232018,104.61150000000002,104.605,56,72,2olo_A_model_1_relaxed_repeat056_inv.csv,2olo_A_model_1_relaxed_repeat072_inv.csv,2olo_A_model_1_relaxed_repeat056,2olo_A_model_1_relaxed_repeat072,True,False,-1.4210854715202004e-14,87
tau(AC),51,H,100,118.02,126.32,8.299999999999997,8.300000000000011,8.300000000000011,1.4423310817891113,1.4351013065285665,120.95320000000001,120.66,75,35,2olo_A_model_1_relaxed_repeat075_inv.csv,2olo_A_model_1_relaxed_repeat035_inv.csv,2olo_A_model_1_relaxed_repeat075,2olo_A_model_1_relaxed_repeat035,True,False,-1.4210854715202004e-14,88
tau(NA),4,S,100,-116.57,-108.36,8.209999999999994,8.20999999999998,8.20999999999998,1.5049600518205648,1.4974163449087898,-110.52729999999998,-110.205,76,100,2olo_A_model_1_relaxed_repeat076_inv.csv,2olo_A_model_1_relaxed_repeat100_inv.csv,2olo_A_model_1_relaxed_repeat076,2olo_A_model_1_relaxed_repeat100,True,False,1.4210854715202004e-14,96
tau(NA),52,W,100,-87.53,-79.39,8.14,8.139999999999986,8.139999999999986,1.7096406498194738,1.7010709685371745,-83.0966,-82.88,53,72,2olo_A_model_1_relaxed_repeat053_inv.csv,2olo_A_model_1_relaxed_repeat072_inv.csv,2olo_A_model_1_relaxed_repeat053,2olo_A_model_1_relaxed_repeat072,True,False,1.4210854715202004e-14,97
tau(AC),146,D,100,-8.47,-0.34,8.13,8.129999999999995,8.129999999999995,1.5378008041132352,1.5300924808651273,-4.887,-5.119999999999999,17,6,2olo_A_model_1_relaxed_repeat017_inv.csv,2olo_A_model_1_relaxed_repeat006_inv.csv,2olo_A_model_1_relaxed_repeat017,2olo_A_model_1_relaxed_repeat006,True,False,5.329070518200751e-15,89
tau(NA),62,F,100,-67.61,-59.5,8.11,8.110000000000014,8.110000000000014,1.108996174543229,1.1034372614698131,-63.246100000000006,-63.3,78,28,2olo_A_model_1_relaxed_repeat078_inv.csv,2olo_A_model_1_relaxed_repeat028_inv.csv,2olo_A_model_1_relaxed_repeat078,2olo_A_model_1_relaxed_repeat028,True,False,-1.4210854715202004e-14,98
tau(NA),206,P,100,-67.17,-59.08,8.090000000000003,8.090000000000003,8.090000000000003,1.8779525144328453,1.8685391593434695,-63.2979,-63.715,89,20,2olo_A_model_1_relaxed_repeat089_inv.csv,2olo_A_model_1_relaxed_repeat020_inv.csv,2olo_A_model_1_relaxed_repeat089,2olo_A_model_1_relaxed_repeat020,True,False,0.0,99
tau(NA),240,A,100,-129.67,-121.58,8.08999999999999,8.089999999999975,8.089999999999975,1.0865540190729746,1.0811075987153163,-124.19060000000002,-124.3,3,4,2olo_A_model_1_relaxed_repeat003_inv.csv,2olo_A_model_1_relaxed_repeat004_inv.csv,2olo_A_model_1_relaxed_repeat003,2olo_A_model_1_relaxed_repeat004,True,False,1.4210854715202004e-14,100
tau(AC),205,G,100,-123.43,-115.36,8.070000000000007,8.069999999999993,8.069999999999993,1.595496388987681,1.5874988629917195,-119.28559999999999,-119.565,43,22,2olo_A_model_1_relaxed_repeat043_inv.csv,2olo_A_model_1_relaxed_repeat022_inv.csv,2olo_A_model_1_relaxed_repeat043,2olo_A_model_1_relaxed_repeat022,True,False,1.4210854715202004e-14,90
tau(AC),270,F,100,132.03,140.09,8.060000000000002,8.060000000000002,8.060000000000002,1.4304988852166438,1.4233284195855853,136.3539,136.53,55,1,2olo_A_model_1_relaxed_repeat055_inv.csv,2olo_A_model_1_relaxed_repeat001_inv.csv,2olo_A_model_1_relaxed_repeat055,2olo_A_model_1_relaxed_repeat001,True,False,0.0,91
tau(NA),3,E,100,-74.18,-66.14,8.040000000000006,8.04000000000002,8.04000000000002,1.434974099650118,1.4277812017252505,-69.7878,-69.62,61,76,2olo_A_model_1_relaxed_repeat061_inv.csv,2olo_A_model_1_relaxed_repeat076_inv.csv,2olo_A_model_1_relaxed_repeat061,2olo_A_model_1_relaxed_repeat076,True,False,-1.4210854715202004e-14,101
tau(NA),339,R,100,-51.29,-43.25,8.04,8.039999999999992,8.039999999999992,1.3979019596841866,1.3908948881924903,-49.7071,-49.974999999999994,69,65,2olo_A_model_1_relaxed_repeat069_inv.csv,2olo_A_model_1_relaxed_repeat065_inv.csv,2olo_A_model_1_relaxed_repeat069,2olo_A_model_1_relaxed_repeat065,True,False,7.105427357601002e-15,102
tau(AC),225,E,100,93.4,101.43,8.030000000000001,8.030000000000001,8.030000000000001,1.4955763018808088,1.4880796316057825,98.2951,98.49000000000001,97,22,2olo_A_model_1_relaxed_repeat097_inv.csv,2olo_A_model_1_relaxed_repeat022_inv.csv,2olo_A_model_1_relaxed_repeat097,2olo_A_model_1_relaxed_repeat022,True,False,0.0,92
tau(NA),98,V,100,-97.86,-89.85,8.010000000000005,8.009999999999991,8.009999999999991,1.3603442040657776,1.353525393186253,-93.8251,-93.88499999999999,16,23,2olo_A_model_1_relaxed_repeat016_inv.csv,2olo_A_model_1_relaxed_repeat023_inv.csv,2olo_A_model_1_relaxed_repeat016,2olo_A_model_1_relaxed_repeat023,True,False,1.4210854715202004e-14,103
tau(AC),57,T,100,-35.58,-27.57,8.009999999999998,8.009999999999991,8.009999999999991,1.682369661152886,1.6739366774164426,-30.96,-31.08,92,44,2olo_A_model_1_relaxed_repeat092_inv.csv,2olo_A_model_1_relaxed_repeat044_inv.csv,2olo_A_model_1_relaxed_repeat092,2olo_A_model_1_relaxed_repeat044,True,False,7.105427357601002e-15,93
tau(AC),337,T,100,147.02,155.02,8.0,8.0,8.0,1.325395690868858,1.318752061609763,150.457,150.31,98,65,2olo_A_model_1_relaxed_repeat098_inv.csv,2olo_A_model_1_relaxed_repeat065_inv.csv,2olo_A_model_1_relaxed_repeat098,2olo_A_model_1_relaxed_repeat065,True,False,0.0,94
tau(AC),145,P,100,-24.08,-16.09,7.989999999999998,7.990000000000009,7.990000000000009,1.101318566927202,1.0957981383448323,-18.163800000000002,-18.165,93,27,2olo_A_model_1_relaxed_repeat093_inv.csv,2olo_A_model_1_relaxed_repeat027_inv.csv,2olo_A_model_1_relaxed_repeat093,2olo_A_model_1_relaxed_repeat027,True,False,-1.0658141036401503e-14,95
tau(AC),261,G,100,-175.31,-167.38,7.930000000000007,7.930000000000007,7.930000000000007,1.290104936613587,1.2836382044797514,-171.1536,-171.335,61,77,2olo_A_model_1_relaxed_repeat061_inv.csv,2olo_A_model_1_relaxed_repeat077_inv.csv,2olo_A_model_1_relaxed_repeat061,2olo_A_model_1_relaxed_repeat077,True,False,0.0,96
tau(NA),95,T,100,-78.87,-70.95,7.920000000000002,7.920000000000016,7.920000000000016,1.056939258405892,1.05164128389865,-74.9431,-74.92,2,35,2olo_A_model_1_relaxed_repeat002_inv.csv,2olo_A_model_1_relaxed_repeat035_inv.csv,2olo_A_model_1_relaxed_repeat002,2olo_A_model_1_relaxed_repeat035,True,False,-1.4210854715202004e-14,104
tau(NA),222,S,100,-109.32,-101.43,7.889999999999986,7.889999999999986,7.889999999999986,1.4310725616710274,1.4238992204506609,-103.88490000000002,-103.49,30,74,2olo_A_model_1_relaxed_repeat030_inv.csv,2olo_A_model_1_relaxed_repeat074_inv.csv,2olo_A_model_1_relaxed_repeat030,2olo_A_model_1_relaxed_repeat074,True,False,0.0,105
tau(NA),85,H,100,-119.0,-111.12,7.8799999999999955,7.8799999999999955,7.8799999999999955,1.580544197292806,1.5726216200981091,-114.31180000000003,-114.275,76,25,2olo_A_model_1_relaxed_repeat076_inv.csv,2olo_A_model_1_relaxed_repeat025_inv.csv,2olo_A_model_1_relaxed_repeat076,2olo_A_model_1_relaxed_repeat025,True,False,0.0,106
tau(AC),275,P,100,141.9,149.77,7.8700000000000045,7.8700000000000045,7.8700000000000045,1.3332264313205473,1.3265435499824363,145.89610000000002,145.87,35,19,2olo_A_model_1_relaxed_repeat035_inv.csv,2olo_A_model_1_relaxed_repeat019_inv.csv,2olo_A_model_1_relaxed_repeat035,2olo_A_model_1_relaxed_repeat019,True,False,0.0,97
tau(NA),356,A,100,-87.51,-79.64,7.8700000000000045,7.8700000000000045,7.8700000000000045,1.3689925920806572,1.3621304306122817,-83.01870000000001,-82.97,68,69,2olo_A_model_1_relaxed_repeat068_inv.csv,2olo_A_model_1_relaxed_repeat069_inv.csv,2olo_A_model_1_relaxed_repeat068,2olo_A_model_1_relaxed_repeat069,True,False,0.0,107
tau(NA),337,T,100,-84.95,-77.1,7.8500000000000085,7.850000000000023,7.850000000000023,1.3455846650839518,1.3388398373218509,-80.0167,-79.86,42,91,2olo_A_model_1_relaxed_repeat042_inv.csv,2olo_A_model_1_relaxed_repeat091_inv.csv,2olo_A_model_1_relaxed_repeat042,2olo_A_model_1_relaxed_repeat091,True,False,-1.4210854715202004e-14,108
tau(CN),260,F,100,159.07,166.91,7.840000000000003,7.840000000000003,7.840000000000003,2.027554358523508,2.0173911147816623,161.7653,160.86,70,35,2olo_A_model_1_relaxed_repeat070_inv.csv,2olo_A_model_1_relaxed_repeat035_inv.csv,2olo_A_model_1_relaxed_repeat070,2olo_A_model_1_relaxed_repeat035,True,False,0.0,19
tau(CN),327,T,100,163.29,171.08,7.7900000000000205,7.7900000000000205,7.7900000000000205,1.703606086209397,1.6950666535567274,168.9348,169.7,15,40,2olo_A_model_1_relaxed_repeat015_inv.csv,2olo_A_model_1_relaxed_repeat040_inv.csv,2olo_A_model_1_relaxed_repeat015,2olo_A_model_1_relaxed_repeat040,True,False,0.0,20
tau(NA),67,E,100,-70.95,-63.19,7.760000000000005,7.759999999999991,7.759999999999991,2.423119026829226,2.410972990309099,-67.5382,-69.03,14,35,2olo_A_model_1_relaxed_repeat014_inv.csv,2olo_A_model_1_relaxed_repeat035_inv.csv,2olo_A_model_1_relaxed_repeat014,2olo_A_model_1_relaxed_repeat035,True,False,1.4210854715202004e-14,109
tau(CN),39,F,100,171.08,178.81,7.72999999999999,7.72999999999999,7.72999999999999,1.0106469375223148,1.0055810061849824,172.4178,172.31,34,2,2olo_A_model_1_relaxed_repeat034_inv.csv,2olo_A_model_1_relaxed_repeat002_inv.csv,2olo_A_model_1_relaxed_repeat034,2olo_A_model_1_relaxed_repeat002,True,False,0.0,21
tau(NA),218,R,100,-146.19,-138.46,7.72999999999999,7.72999999999999,7.72999999999999,1.5495724402152833,1.541805110900856,-141.025,-140.75,61,30,2olo_A_model_1_relaxed_repeat061_inv.csv,2olo_A_model_1_relaxed_repeat030_inv.csv,2olo_A_model_1_relaxed_repeat061,2olo_A_model_1_relaxed_repeat030,True,False,0.0,110
tau(CN),203,A,100,-177.04,-169.33,7.7099999999999795,7.7099999999999795,7.7099999999999795,0.9950162426977374,0.9900286612012803,-175.13850000000002,-175.255,92,81,2olo_A_model_1_relaxed_repeat092_inv.csv,2olo_A_model_1_relaxed_repeat081_inv.csv,2olo_A_model_1_relaxed_repeat092,2olo_A_model_1_relaxed_repeat081,True,False,0.0,22
tau(AC),336,G,100,-177.12,-169.45,7.670000000000016,7.670000000000016,7.670000000000016,1.1158274141558897,1.1102342590642758,-173.91830000000002,-174.10500000000002,65,42,2olo_A_model_1_relaxed_repeat065_inv.csv,2olo_A_model_1_relaxed_repeat042_inv.csv,2olo_A_model_1_relaxed_repeat065,2olo_A_model_1_relaxed_repeat042,True,False,0.0,98
tau(AC),255,N,100,23.16,30.83,7.669999999999998,7.6699999999999875,7.6699999999999875,1.4691331705217443,1.4617690481057533,28.3635,28.68,35,55,2olo_A_model_1_relaxed_repeat035_inv.csv,2olo_A_model_1_relaxed_repeat055_inv.csv,2olo_A_model_1_relaxed_repeat035,2olo_A_model_1_relaxed_repeat055,True,False,1.0658141036401503e-14,99
tau(NA),216,G,100,79.07,86.71,7.640000000000001,7.639999999999986,7.639999999999986,1.2173723316797511,1.2112701763025457,81.2984,81.1,27,65,2olo_A_model_1_relaxed_repeat027_inv.csv,2olo_A_model_1_relaxed_repeat065_inv.csv,2olo_A_model_1_relaxed_repeat027,2olo_A_model_1_relaxed_repeat065,True,False,1.4210854715202004e-14,111
tau(NA),190,T,100,-126.62,-119.0,7.6200000000000045,7.6200000000000045,7.6200000000000045,1.6127966143292585,1.6047123698657024,-123.47109999999999,-123.015,79,94,2olo_A_model_1_relaxed_repeat079_inv.csv,2olo_A_model_1_relaxed_repeat094_inv.csv,2olo_A_model_1_relaxed_repeat079,2olo_A_model_1_relaxed_repeat094,True,False,0.0,112
tau(NA),319,S,100,-159.19,-151.59,7.599999999999994,7.599999999999994,7.599999999999994,1.6958655130592866,1.6873648805163626,-155.6824,-155.71,34,98,2olo_A_model_1_relaxed_repeat034_inv.csv,2olo_A_model_1_relaxed_repeat098_inv.csv,2olo_A_model_1_relaxed_repeat034,2olo_A_model_1_relaxed_repeat098,True,False,0.0,113
tau(AC),233,Q,100,93.18,100.75,7.569999999999993,7.569999999999993,7.569999999999993,1.3811352964393844,1.3742122689017149,96.9292,96.985,7,3,2olo_A_model_1_relaxed_repeat007_inv.csv,2olo_A_model_1_relaxed_repeat003_inv.csv,2olo_A_model_1_relaxed_repeat007,2olo_A_model_1_relaxed_repeat003,True,False,0.0,100
tau(NA),209,N,100,-73.45,-65.95,7.5,7.5,7.5,1.5113713753884035,1.5037955313140148,-67.303,-66.97999999999999,22,93,2olo_A_model_1_relaxed_repeat022_inv.csv,2olo_A_model_1_relaxed_repeat093_inv.csv,2olo_A_model_1_relaxed_repeat022,2olo_A_model_1_relaxed_repeat093,True,False,0.0,114
tau(NA),238,T,100,-72.8,-65.3,7.5,7.5,7.5,1.5670283270502092,1.5591734990051618,-67.4,-67.205,84,53,2olo_A_model_1_relaxed_repeat084_inv.csv,2olo_A_model_1_relaxed_repeat053_inv.csv,2olo_A_model_1_relaxed_repeat084,2olo_A_model_1_relaxed_repeat053,True,False,0.0,114
tau(CN),240,A,100,169.19,176.68,7.490000000000009,7.490000000000009,7.490000000000009,1.601311507937961,1.5932848332925287,171.5412,171.38,3,79,2olo_A_model_1_relaxed_repeat003_inv.csv,2olo_A_model_1_relaxed_repeat079_inv.csv,2olo_A_model_1_relaxed_repeat003,2olo_A_model_1_relaxed_repeat079,True,False,0.0,23
tau(AC),333,F,100,156.02,163.49,7.469999999999999,7.469999999999999,7.469999999999999,1.8241980554354689,1.8150541479526172,160.0962,160.385,7,82,2olo_A_model_1_relaxed_repeat007_inv.csv,2olo_A_model_1_relaxed_repeat082_inv.csv,2olo_A_model_1_relaxed_repeat007,2olo_A_model_1_relaxed_repeat082,True,False,0.0,101
tau(NA),275,P,100,-73.4,-65.94,7.460000000000008,7.460000000000008,7.460000000000008,0.820275883622411,0.8161641991658308,-67.528,-67.43,75,89,2olo_A_model_1_relaxed_repeat075_inv.csv,2olo_A_model_1_relaxed_repeat089_inv.csv,2olo_A_model_1_relaxed_repeat075,2olo_A_model_1_relaxed_repeat089,True,False,0.0,116
tau(NA),63,R,100,-63.71,-56.25,7.460000000000001,7.460000000000008,7.460000000000008,0.923664725564707,0.9190347980354173,-57.604800000000004,-57.45,78,60,2olo_A_model_1_relaxed_repeat078_inv.csv,2olo_A_model_1_relaxed_repeat060_inv.csv,2olo_A_model_1_relaxed_repeat078,2olo_A_model_1_relaxed_repeat060,True,False,-7.105427357601002e-15,116
tau(NA),250,T,100,-103.83,-96.37,7.459999999999994,7.4599999999999795,7.4599999999999795,1.2999119278635847,1.2933960375693134,-100.92130000000002,-101.14,68,9,2olo_A_model_1_relaxed_repeat068_inv.csv,2olo_A_model_1_relaxed_repeat009_inv.csv,2olo_A_model_1_relaxed_repeat068,2olo_A_model_1_relaxed_repeat009,True,False,1.4210854715202004e-14,118
tau(AC),133,R,100,154.82,162.27,7.450000000000017,7.450000000000017,7.450000000000017,2.4212793679742486,2.409142552859834,160.3104,161.41,25,57,2olo_A_model_1_relaxed_repeat025_inv.csv,2olo_A_model_1_relaxed_repeat057_inv.csv,2olo_A_model_1_relaxed_repeat025,2olo_A_model_1_relaxed_repeat057,True,False,0.0,102
tau(AC),74,A,100,-46.41,-38.98,7.43,7.430000000000007,7.430000000000007,0.8884408315195285,0.8839874659744898,-44.52959999999999,-44.595,68,81,2olo_A_model_1_relaxed_repeat068_inv.csv,2olo_A_model_1_relaxed_repeat081_inv.csv,2olo_A_model_1_relaxed_repeat068,2olo_A_model_1_relaxed_repeat081,True,False,-7.105427357601002e-15,103
tau(AC),318,T,100,149.13,156.52,7.390000000000015,7.390000000000015,7.390000000000015,1.529003171013619,1.5213389464547356,153.00410000000002,153.32999999999998,94,59,2olo_A_model_1_relaxed_repeat094_inv.csv,2olo_A_model_1_relaxed_repeat059_inv.csv,2olo_A_model_1_relaxed_repeat094,2olo_A_model_1_relaxed_repeat059,True,False,0.0,104
tau(AC),91,W,100,126.78,134.11,7.3300000000000125,7.3300000000000125,7.3300000000000125,1.0732866308303628,1.0679067140907017,130.0235,129.92000000000002,100,24,2olo_A_model_1_relaxed_repeat100_inv.csv,2olo_A_model_1_relaxed_repeat024_inv.csv,2olo_A_model_1_relaxed_repeat100,2olo_A_model_1_relaxed_repeat024,True,False,0.0,105
tau(CN),100,N,100,172.32,179.62,7.300000000000011,7.300000000000011,7.300000000000011,1.1508045319284554,1.1450360518341773,174.81620000000004,174.76,46,82,2olo_A_model_1_relaxed_repeat046_inv.csv,2olo_A_model_1_relaxed_repeat082_inv.csv,2olo_A_model_1_relaxed_repeat046,2olo_A_model_1_relaxed_repeat082,True,False,0.0,24
tau(NA),285,P,100,-60.53,-53.25,7.280000000000001,7.280000000000001,7.280000000000001,2.252651077905293,2.2413595227004524,-56.100699999999996,-55.035,59,19,2olo_A_model_1_relaxed_repeat059_inv.csv,2olo_A_model_1_relaxed_repeat019_inv.csv,2olo_A_model_1_relaxed_repeat059,2olo_A_model_1_relaxed_repeat019,True,False,0.0,119
tau(AC),240,A,100,63.58,70.83,7.25,7.25,7.25,1.6924766265189986,1.6839929809829963,66.31419999999999,65.895,25,33,2olo_A_model_1_relaxed_repeat025_inv.csv,2olo_A_model_1_relaxed_repeat033_inv.csv,2olo_A_model_1_relaxed_repeat025,2olo_A_model_1_relaxed_repeat033,True,False,0.0,106
tau(AC),341,L,100,-33.92,-26.67,7.25,7.25,7.25,1.1673245374605878,1.161473249799581,-32.3283,-32.54,78,65,2olo_A_model_1_relaxed_repeat078_inv.csv,2olo_A_model_1_relaxed_repeat065_inv.csv,2olo_A_model_1_relaxed_repeat078,2olo_A_model_1_relaxed_repeat065,True,False,0.0,106
tau(NA),172,A,100,-108.72,-101.47,7.25,7.25,7.25,1.2774243775676277,1.2710212075335332,-106.0447,-106.015,15,44,2olo_A_model_1_relaxed_repeat015_inv.csv,2olo_A_model_1_relaxed_repeat044_inv.csv,2olo_A_model_1_relaxed_repeat015,2olo_A_model_1_relaxed_repeat044,True,False,0.0,120
tau(NA),61,L,100,-68.54,-61.32,7.220000000000006,7.219999999999999,7.219999999999999,1.0371811838250864,1.0319822479093328,-64.35079999999999,-64.36500000000001,36,20,2olo_A_model_1_relaxed_repeat036_inv.csv,2olo_A_model_1_relaxed_repeat020_inv.csv,2olo_A_model_1_relaxed_repeat036,2olo_A_model_1_relaxed_repeat020,True,False,7.105427357601002e-15,121
tau(CN),272,R,100,170.83,178.03,7.199999999999989,7.199999999999989,7.199999999999989,1.6436425764721216,1.635403714683318,174.57869999999994,175.03,94,23,2olo_A_model_1_relaxed_repeat094_inv.csv,2olo_A_model_1_relaxed_repeat023_inv.csv,2olo_A_model_1_relaxed_repeat094,2olo_A_model_1_relaxed_repeat023,True,False,0.0,25
tau(NA),42,N,100,-91.1,-83.9,7.199999999999989,7.199999999999989,7.199999999999989,1.4924000431817492,1.4849192941032177,-87.69369999999999,-87.73,77,34,2olo_A_model_1_relaxed_repeat077_inv.csv,2olo_A_model_1_relaxed_repeat034_inv.csv,2olo_A_model_1_relaxed_repeat077,2olo_A_model_1_relaxed_repeat034,True,False,0.0,122
tau(NA),51,H,100,-69.48,-62.31,7.170000000000002,7.170000000000016,7.170000000000016,1.2472921943882351,1.2410400638174421,-65.1566,-65.045,74,75,2olo_A_model_1_relaxed_repeat074_inv.csv,2olo_A_model_1_relaxed_repeat075_inv.csv,2olo_A_model_1_relaxed_repeat074,2olo_A_model_1_relaxed_repeat075,True,False,-1.4210854715202004e-14,123
tau(NA),41,E,100,-115.23,-108.1,7.13000000000001,7.1299999999999955,7.1299999999999955,1.873472344675156,1.8640814467184637,-111.5494,-111.265,84,98,2olo_A_model_1_relaxed_repeat084_inv.csv,2olo_A_model_1_relaxed_repeat098_inv.csv,2olo_A_model_1_relaxed_repeat084,2olo_A_model_1_relaxed_repeat098,True,False,1.4210854715202004e-14,124
tau(NA),220,A,100,-82.56,-75.46,7.1000000000000085,7.100000000000023,7.100000000000023,1.473335318111923,1.465950132166849,-78.56890000000001,-78.62,15,81,2olo_A_model_1_relaxed_repeat015_inv.csv,2olo_A_model_1_relaxed_repeat081_inv.csv,2olo_A_model_1_relaxed_repeat015,2olo_A_model_1_relaxed_repeat081,True,False,-1.4210854715202004e-14,125
tau(NA),96,D,100,-106.67,-99.6,7.070000000000007,7.069999999999993,7.069999999999993,1.2161308243022964,1.210034892058903,-103.61659999999998,-103.555,9,35,2olo_A_model_1_relaxed_repeat009_inv.csv,2olo_A_model_1_relaxed_repeat035_inv.csv,2olo_A_model_1_relaxed_repeat009,2olo_A_model_1_relaxed_repeat035,True,False,1.4210854715202004e-14,126
tau(CN),320,T,100,160.75,167.8,7.050000000000011,7.050000000000011,7.050000000000011,1.6702753538191735,1.6619029935588923,163.42379999999997,163.035,24,34,2olo_A_model_1_relaxed_repeat024_inv.csv,2olo_A_model_1_relaxed_repeat034_inv.csv,2olo_A_model_1_relaxed_repeat024,2olo_A_model_1_relaxed_repeat034,True,False,0.0,26
tau(CN),36,H,100,163.78,170.81,7.030000000000001,7.030000000000001,7.030000000000001,0.7772064127892973,0.7733106167640525,164.8313,164.735,1,2,2olo_A_model_1_relaxed_repeat001_inv.csv,2olo_A_model_1_relaxed_repeat002_inv.csv,2olo_A_model_1_relaxed_repeat001,2olo_A_model_1_relaxed_repeat002,True,False,0.0,27
tau(NA),15,V,100,-72.99,-66.18,6.809999999999988,6.810000000000002,6.810000000000002,0.813341896378171,0.8092649689687544,-68.6161,-68.81,97,23,2olo_A_model_1_relaxed_repeat097_inv.csv,2olo_A_model_1_relaxed_repeat023_inv.csv,2olo_A_model_1_relaxed_repeat097,2olo_A_model_1_relaxed_repeat023,True,False,-1.4210854715202004e-14,127
tau(NA),321,C,100,-138.02,-131.26,6.760000000000019,6.760000000000019,6.760000000000019,1.6664841597043334,1.658130803042994,-134.5868,-134.695,100,9,2olo_A_model_1_relaxed_repeat100_inv.csv,2olo_A_model_1_relaxed_repeat009_inv.csv,2olo_A_model_1_relaxed_repeat100,2olo_A_model_1_relaxed_repeat009,True,False,0.0,128
tau(AC),189,T,100,130.89,137.57,6.680000000000007,6.680000000000007,6.680000000000007,1.156580487576384,1.150783055141151,134.9006,134.815,94,92,2olo_A_model_1_relaxed_repeat094_inv.csv,2olo_A_model_1_relaxed_repeat092_inv.csv,2olo_A_model_1_relaxed_repeat094,2olo_A_model_1_relaxed_repeat092,True,False,0.0,108
tau(NA),117,R,100,-72.0,-65.33,6.670000000000002,6.670000000000016,6.670000000000016,0.6932348706308605,0.6897599872419392,-69.0846,-69.1,93,71,2olo_A_model_1_relaxed_repeat093_inv.csv,2olo_A_model_1_relaxed_repeat071_inv.csv,2olo_A_model_1_relaxed_repeat093,2olo_A_model_1_relaxed_repeat071,True,False,-1.4210854715202004e-14,129
tau(NA),334,F,100,-111.32,-104.68,6.639999999999986,6.639999999999986,6.639999999999986,1.3958628445546066,1.3888659942557444,-108.58250000000002,-109.025,99,98,2olo_A_model_1_relaxed_repeat099_inv.csv,2olo_A_model_1_relaxed_repeat098_inv.csv,2olo_A_model_1_relaxed_repeat099,2olo_A_model_1_relaxed_repeat098,True,False,0.0,130
tau(AC),253,D,100,164.58,171.19,6.609999999999985,6.609999999999985,6.609999999999985,1.1850534275983602,1.1791132727605076,168.74169999999998,168.745,70,31,2olo_A_model_1_relaxed_repeat070_inv.csv,2olo_A_model_1_relaxed_repeat031_inv.csv,2olo_A_model_1_relaxed_repeat070,2olo_A_model_1_relaxed_repeat031,True,False,0.0,109
tau(AC),171,R,100,118.38,124.93,6.550000000000011,6.550000000000011,6.550000000000011,1.131282328630085,1.1256117048076573,122.96769999999998,123.07,2,15,2olo_A_model_1_relaxed_repeat002_inv.csv,2olo_A_model_1_relaxed_repeat015_inv.csv,2olo_A_model_1_relaxed_repeat002,2olo_A_model_1_relaxed_repeat015,True,False,0.0,110
tau(CN),382,R,100,-175.14,-168.6,6.539999999999992,6.539999999999992,6.539999999999992,1.4916587065980276,1.4841816735157471,-171.4026,-171.19,62,95,2olo_A_model_1_relaxed_repeat062_inv.csv,2olo_A_model_1_relaxed_repeat095_inv.csv,2olo_A_model_1_relaxed_repeat062,2olo_A_model_1_relaxed_repeat095,True,False,0.0,28
tau(NA),278,E,100,-86.34,-79.82,6.52000000000001,6.52000000000001,6.52000000000001,1.3304499125096625,1.3237809486467158,-83.80599999999998,-83.97999999999999,9,82,2olo_A_model_1_relaxed_repeat009_inv.csv,2olo_A_model_1_relaxed_repeat082_inv.csv,2olo_A_model_1_relaxed_repeat009,2olo_A_model_1_relaxed_repeat082,True,False,0.0,131
tau(CN),41,E,100,-178.69,-172.18,6.509999999999991,6.509999999999991,6.509999999999991,1.062950800385607,1.0576226926461054,-176.01679999999996,-176.19,63,97,2olo_A_model_1_relaxed_repeat063_inv.csv,2olo_A_model_1_relaxed_repeat097_inv.csv,2olo_A_model_1_relaxed_repeat063,2olo_A_model_1_relaxed_repeat097,True,False,0.0,29
tau(CN),264,P,100,172.91,179.41,6.5,6.5,6.5,1.8210068366126186,1.8118789253148229,175.9826,176.87,8,1,2olo_A_model_1_relaxed_repeat008_inv.csv,2olo_A_model_1_relaxed_repeat001_inv.csv,2olo_A_model_1_relaxed_repeat008,2olo_A_model_1_relaxed_repeat001,True,False,0.0,30
tau(AC),40,N,100,163.15,169.61,6.460000000000008,6.460000000000008,6.460000000000008,1.2915114119792863,1.285037629799222,166.5977,166.7,63,44,2olo_A_model_1_relaxed_repeat063_inv.csv,2olo_A_model_1_relaxed_repeat044_inv.csv,2olo_A_model_1_relaxed_repeat063,2olo_A_model_1_relaxed_repeat044,True,False,0.0,111
tau(NA),234,A,100,-75.78,-69.32,6.460000000000008,6.460000000000008,6.460000000000008,1.0704309337077216,1.065065331329492,-72.4128,-72.405,3,7,2olo_A_model_1_relaxed_repeat003_inv.csv,2olo_A_model_1_relaxed_repeat007_inv.csv,2olo_A_model_1_relaxed_repeat003,2olo_A_model_1_relaxed_repeat007,True,False,0.0,132
tau(NA),50,R,100,-145.32,-138.86,6.4599999999999795,6.4599999999999795,6.4599999999999795,1.1102141207620229,1.1046491026565848,-141.62060000000002,-141.49,75,74,2olo_A_model_1_relaxed_repeat075_inv.csv,2olo_A_model_1_relaxed_repeat074_inv.csv,2olo_A_model_1_relaxed_repeat075,2olo_A_model_1_relaxed_repeat074,True,False,0.0,133
tau(AC),276,D,100,57.85,64.29,6.440000000000005,6.439999999999998,6.439999999999998,1.3759837766250564,1.3690865714044527,60.79859999999999,60.760000000000005,72,52,2olo_A_model_1_relaxed_repeat072_inv.csv,2olo_A_model_1_relaxed_repeat052_inv.csv,2olo_A_model_1_relaxed_repeat072,2olo_A_model_1_relaxed_repeat052,True,False,7.105427357601002e-15,112
tau(AC),144,Q,100,107.63,114.01,6.38000000000001,6.3799999999999955,6.3799999999999955,0.9398610417384996,0.9351499291557477,109.56189999999998,109.55,94,16,2olo_A_model_1_relaxed_repeat094_inv.csv,2olo_A_model_1_relaxed_repeat016_inv.csv,2olo_A_model_1_relaxed_repeat094,2olo_A_model_1_relaxed_repeat016,True,False,1.4210854715202004e-14,113
tau(NA),118,Y,100,-151.46,-145.08,6.3799999999999955,6.3799999999999955,6.3799999999999955,0.7686490575921969,0.7647961558480787,-150.1378,-150.17,84,93,2olo_A_model_1_relaxed_repeat084_inv.csv,2olo_A_model_1_relaxed_repeat093_inv.csv,2olo_A_model_1_relaxed_repeat084,2olo_A_model_1_relaxed_repeat093,True,False,0.0,134
tau(AC),67,E,100,-27.56,-21.22,6.34,6.340000000000003,6.340000000000003,1.0214831957462243,1.0163629469830155,-24.799400000000002,-24.815,69,14,2olo_A_model_1_relaxed_repeat069_inv.csv,2olo_A_model_1_relaxed_repeat014_inv.csv,2olo_A_model_1_relaxed_repeat069,2olo_A_model_1_relaxed_repeat014,True,False,-3.552713678800501e-15,114
tau(NA),301,S,100,-65.9,-59.57,6.330000000000005,6.3300000000000125,6.3300000000000125,1.5226262366600862,1.514993976885717,-63.1655,-62.94,39,5,2olo_A_model_1_relaxed_repeat039_inv.csv,2olo_A_model_1_relaxed_repeat005_inv.csv,2olo_A_model_1_relaxed_repeat039,2olo_A_model_1_relaxed_repeat005,True,False,-7.105427357601002e-15,135
tau(NA),273,C,100,-134.09,-127.76,6.329999999999998,6.329999999999984,6.329999999999984,1.378364845193262,1.3714557047167069,-131.2055,-131.175,35,94,2olo_A_model_1_relaxed_repeat035_inv.csv,2olo_A_model_1_relaxed_repeat094_inv.csv,2olo_A_model_1_relaxed_repeat035,2olo_A_model_1_relaxed_repeat094,True,False,1.4210854715202004e-14,136
tau(AC),243,W,100,147.62,153.95,6.329999999999984,6.329999999999984,6.329999999999984,1.09504234501399,1.089553376388693,151.5788,151.56,85,35,2olo_A_model_1_relaxed_repeat085_inv.csv,2olo_A_model_1_relaxed_repeat035_inv.csv,2olo_A_model_1_relaxed_repeat085,2olo_A_model_1_relaxed_repeat035,True,False,0.0,115
tau(AC),218,R,100,131.3,137.61,6.310000000000002,6.310000000000002,6.310000000000002,1.1414391899012513,1.1357176541729024,135.45290000000003,135.66,15,57,2olo_A_model_1_relaxed_repeat015_inv.csv,2olo_A_model_1_relaxed_repeat057_inv.csv,2olo_A_model_1_relaxed_repeat015,2olo_A_model_1_relaxed_repeat057,True,False,0.0,116
tau(AC),364,G,100,-48.01,-41.73,6.280000000000001,6.280000000000001,6.280000000000001,2.3063827531527377,2.2948218645463525,-44.123099999999994,-42.805,97,79,2olo_A_model_1_relaxed_repeat097_inv.csv,2olo_A_model_1_relaxed_repeat079_inv.csv,2olo_A_model_1_relaxed_repeat097,2olo_A_model_1_relaxed_repeat079,True,False,0.0,117
tau(AC),3,E,100,135.97,142.22,6.25,6.25,6.25,1.0114288872379475,1.0063590363284858,137.90569999999997,137.87,1,80,2olo_A_model_1_relaxed_repeat001_inv.csv,2olo_A_model_1_relaxed_repeat080_inv.csv,2olo_A_model_1_relaxed_repeat001,2olo_A_model_1_relaxed_repeat080,True,False,0.0,118
tau(NA),142,F,100,-143.04,-136.81,6.22999999999999,6.22999999999999,6.22999999999999,1.568734405934807,1.5608710260620495,-139.8942,-139.58,81,100,2olo_A_model_1_relaxed_repeat081_inv.csv,2olo_A_model_1_relaxed_repeat100_inv.csv,2olo_A_model_1_relaxed_repeat081,2olo_A_model_1_relaxed_repeat100,True,False,0.0,137
tau(AC),326,P,100,140.81,147.01,6.199999999999989,6.199999999999989,6.199999999999989,1.1278867833074364,1.1222331798694958,144.00870000000003,144.155,36,16,2olo_A_model_1_relaxed_repeat036_inv.csv,2olo_A_model_1_relaxed_repeat016_inv.csv,2olo_A_model_1_relaxed_repeat036,2olo_A_model_1_relaxed_repeat016,True,False,0.0,119
tau(NA),320,T,100,-125.03,-118.85,6.180000000000007,6.180000000000007,6.180000000000007,1.064649849964909,1.0593132256325326,-121.78070000000001,-121.64,88,8,2olo_A_model_1_relaxed_repeat088_inv.csv,2olo_A_model_1_relaxed_repeat008_inv.csv,2olo_A_model_1_relaxed_repeat088,2olo_A_model_1_relaxed_repeat008,True,False,0.0,138
tau(NA),77,S,100,-69.11,-62.94,6.170000000000002,6.170000000000016,6.170000000000016,1.143339411592642,1.137608350883554,-65.3282,-65.705,81,4,2olo_A_model_1_relaxed_repeat081_inv.csv,2olo_A_model_1_relaxed_repeat004_inv.csv,2olo_A_model_1_relaxed_repeat081,2olo_A_model_1_relaxed_repeat004,True,False,-1.4210854715202004e-14,139
tau(AC),293,D,100,123.31,129.48,6.1699999999999875,6.1699999999999875,6.1699999999999875,1.0105339122853763,1.0054685474941525,126.873,126.95,42,53,2olo_A_model_1_relaxed_repeat042_inv.csv,2olo_A_model_1_relaxed_repeat053_inv.csv,2olo_A_model_1_relaxed_repeat042,2olo_A_model_1_relaxed_repeat053,True,False,0.0,120
tau(AC),96,D,100,-14.24,-8.1,6.140000000000001,6.139999999999986,6.139999999999986,1.098972316082235,1.093463648229789,-11.921499999999998,-11.925,2,85,2olo_A_model_1_relaxed_repeat002_inv.csv,2olo_A_model_1_relaxed_repeat085_inv.csv,2olo_A_model_1_relaxed_repeat002,2olo_A_model_1_relaxed_repeat085,True,False,1.4210854715202004e-14,121
tau(NA),107,T,100,-74.81,-68.67,6.140000000000001,6.139999999999986,6.139999999999986,1.017519781159318,1.0124193992609987,-70.22640000000001,-70.08,19,92,2olo_A_model_1_relaxed_repeat019_inv.csv,2olo_A_model_1_relaxed_repeat092_inv.csv,2olo_A_model_1_relaxed_repeat019,2olo_A_model_1_relaxed_repeat092,True,False,1.4210854715202004e-14,140
tau(AC),376,T,100,149.11,155.25,6.139999999999986,6.139999999999986,6.139999999999986,1.0965964746810137,1.0910997158830162,153.3179,153.61,14,100,2olo_A_model_1_relaxed_repeat014_inv.csv,2olo_A_model_1_relaxed_repeat100_inv.csv,2olo_A_model_1_relaxed_repeat014,2olo_A_model_1_relaxed_repeat100,True,False,0.0,121
tau(AC),342,M,100,160.45,166.57,6.1200000000000045,6.1200000000000045,6.1200000000000045,1.5630982442610961,1.5552631160032053,163.3908,163.435,55,59,2olo_A_model_1_relaxed_repeat055_inv.csv,2olo_A_model_1_relaxed_repeat059_inv.csv,2olo_A_model_1_relaxed_repeat055,2olo_A_model_1_relaxed_repeat059,True,False,0.0,123
tau(NA),219,L,100,-83.66,-77.54,6.11999999999999,6.1200000000000045,6.1200000000000045,0.9943592170464614,0.9893749289324039,-81.26849999999999,-81.33,57,65,2olo_A_model_1_relaxed_repeat057_inv.csv,2olo_A_model_1_relaxed_repeat065_inv.csv,2olo_A_model_1_relaxed_repeat057,2olo_A_model_1_relaxed_repeat065,True,False,-1.4210854715202004e-14,141
tau(NA),146,D,100,-91.79,-85.69,6.1000000000000085,6.100000000000023,6.100000000000023,1.0675124298474417,1.0621614566533664,-89.5652,-89.58500000000001,29,93,2olo_A_model_1_relaxed_repeat029_inv.csv,2olo_A_model_1_relaxed_repeat093_inv.csv,2olo_A_model_1_relaxed_repeat029,2olo_A_model_1_relaxed_repeat093,True,False,-1.4210854715202004e-14,142
tau(AC),353,A,100,165.88,171.96,6.0800000000000125,6.0800000000000125,6.0800000000000125,1.1452015437282537,1.1394611489647197,168.9023,168.925,2,11,2olo_A_model_1_relaxed_repeat002_inv.csv,2olo_A_model_1_relaxed_repeat011_inv.csv,2olo_A_model_1_relaxed_repeat002,2olo_A_model_1_relaxed_repeat011,True,False,0.0,124
tau(NA),88,G,100,91.71,97.77,6.060000000000002,6.060000000000002,6.060000000000002,1.19652771625131,1.190530045819928,94.05390000000001,94.03,68,94,2olo_A_model_1_relaxed_repeat068_inv.csv,2olo_A_model_1_relaxed_repeat094_inv.csv,2olo_A_model_1_relaxed_repeat068,2olo_A_model_1_relaxed_repeat094,True,False,0.0,143
tau(NA),295,R,100,-66.7,-60.66,6.040000000000006,6.0400000000000205,6.0400000000000205,1.115693759799958,1.1101012746592092,-62.65539999999999,-62.385000000000005,32,46,2olo_A_model_1_relaxed_repeat032_inv.csv,2olo_A_model_1_relaxed_repeat046_inv.csv,2olo_A_model_1_relaxed_repeat032,2olo_A_model_1_relaxed_repeat046,True,False,-1.4210854715202004e-14,144
tau(AC),63,R,100,-45.42,-39.4,6.020000000000003,6.02000000000001,6.02000000000001,1.5285075707824918,1.520845830450937,-43.5914,-44.019999999999996,50,69,2olo_A_model_1_relaxed_repeat050_inv.csv,2olo_A_model_1_relaxed_repeat069_inv.csv,2olo_A_model_1_relaxed_repeat050,2olo_A_model_1_relaxed_repeat069,True,False,-7.105427357601002e-15,125
tau(CN),49,E,100,167.4,173.4,6.0,6.0,6.0,1.3676136999618105,1.3607584502769037,169.8662,169.525,95,75,2olo_A_model_1_relaxed_repeat095_inv.csv,2olo_A_model_1_relaxed_repeat075_inv.csv,2olo_A_model_1_relaxed_repeat095,2olo_A_model_1_relaxed_repeat075,True,False,0.0,31
tau(AC),79,C,100,-0.88,5.11,5.99,5.990000000000009,5.990000000000009,1.1356351135426868,1.1299426711121234,2.4134000000000007,2.52,77,48,2olo_A_model_1_relaxed_repeat077_inv.csv,2olo_A_model_1_relaxed_repeat048_inv.csv,2olo_A_model_1_relaxed_repeat077,2olo_A_model_1_relaxed_repeat048,True,False,-8.881784197001252e-15,126
tau(CN),262,H,100,171.64,177.62,5.980000000000018,5.980000000000018,5.980000000000018,1.2361428115331374,1.2299465679451278,174.60879999999997,174.20499999999998,1,74,2olo_A_model_1_relaxed_repeat001_inv.csv,2olo_A_model_1_relaxed_repeat074_inv.csv,2olo_A_model_1_relaxed_repeat001,2olo_A_model_1_relaxed_repeat074,True,False,0.0,32
tau(NA),202,L,100,-92.98,-87.02,5.960000000000008,5.960000000000008,5.960000000000008,1.150040842489492,1.1442761904365577,-90.53399999999999,-90.805,81,46,2olo_A_model_1_relaxed_repeat081_inv.csv,2olo_A_model_1_relaxed_repeat046_inv.csv,2olo_A_model_1_relaxed_repeat081,2olo_A_model_1_relaxed_repeat046,True,False,0.0,145
tau(AC),2,T,100,119.67,125.58,5.909999999999997,5.909999999999997,5.909999999999997,0.9805292530881556,0.9756142885382523,122.9426,122.945,95,29,2olo_A_model_1_relaxed_repeat095_inv.csv,2olo_A_model_1_relaxed_repeat029_inv.csv,2olo_A_model_1_relaxed_repeat095,2olo_A_model_1_relaxed_repeat029,True,False,0.0,127
tau(AC),4,S,100,137.99,143.81,5.819999999999993,5.819999999999993,5.819999999999993,1.2467870789361035,1.2405374802882827,141.4774,141.93,76,52,2olo_A_model_1_relaxed_repeat076_inv.csv,2olo_A_model_1_relaxed_repeat052_inv.csv,2olo_A_model_1_relaxed_repeat076,2olo_A_model_1_relaxed_repeat052,True,False,0.0,128
tau(CN),256,L,100,172.36,178.18,5.819999999999993,5.819999999999993,5.819999999999993,0.9437057622249446,0.9389753777389469,176.72820000000004,177.03,46,79,2olo_A_model_1_relaxed_repeat046_inv.csv,2olo_A_model_1_relaxed_repeat079_inv.csv,2olo_A_model_1_relaxed_repeat046,2olo_A_model_1_relaxed_repeat079,True,False,0.0,33
tau(AC),175,T,100,121.04,126.84,5.799999999999997,5.800000000000011,5.800000000000011,0.5714833702079554,0.5686187738722672,122.0263,121.98,70,92,2olo_A_model_1_relaxed_repeat070_inv.csv,2olo_A_model_1_relaxed_repeat092_inv.csv,2olo_A_model_1_relaxed_repeat070,2olo_A_model_1_relaxed_repeat092,True,False,-1.4210854715202004e-14,129
tau(NA),75,L,100,-65.3,-59.51,5.789999999999999,5.789999999999992,5.789999999999992,0.7329611934550908,0.7292871793744903,-60.873900000000006,-60.825,81,36,2olo_A_model_1_relaxed_repeat081_inv.csv,2olo_A_model_1_relaxed_repeat036_inv.csv,2olo_A_model_1_relaxed_repeat081,2olo_A_model_1_relaxed_repeat036,True,False,7.105427357601002e-15,146
tau(AC),351,Y,100,128.04,133.82,5.780000000000001,5.780000000000001,5.780000000000001,1.1406089946988314,1.1348916203761485,130.9799,130.78,2,11,2olo_A_model_1_relaxed_repeat002_inv.csv,2olo_A_model_1_relaxed_repeat011_inv.csv,2olo_A_model_1_relaxed_repeat002,2olo_A_model_1_relaxed_repeat011,True,False,0.0,130
tau(NA),255,N,100,53.91,59.69,5.780000000000001,5.780000000000001,5.780000000000001,1.0641713046575565,1.0588370790636303,58.28979999999999,58.54,5,25,2olo_A_model_1_relaxed_repeat005_inv.csv,2olo_A_model_1_relaxed_repeat025_inv.csv,2olo_A_model_1_relaxed_repeat005,2olo_A_model_1_relaxed_repeat025,True,False,0.0,147
tau(AC),84,I,100,123.24,129.01,5.769999999999996,5.769999999999982,5.769999999999982,1.020394432550373,1.0152796412811596,125.4355,125.41,50,76,2olo_A_model_1_relaxed_repeat050_inv.csv,2olo_A_model_1_relaxed_repeat076_inv.csv,2olo_A_model_1_relaxed_repeat050,2olo_A_model_1_relaxed_repeat076,True,False,1.4210854715202004e-14,131
tau(AC),130,F,100,2.91,8.64,5.73,5.72999999999999,5.72999999999999,1.061021158596707,1.0557027233080343,6.262399999999999,6.07,3,60,2olo_A_model_1_relaxed_repeat003_inv.csv,2olo_A_model_1_relaxed_repeat060_inv.csv,2olo_A_model_1_relaxed_repeat003,2olo_A_model_1_relaxed_repeat060,True,False,1.0658141036401503e-14,132
tau(NA),251,P,100,-63.91,-58.18,5.729999999999997,5.72999999999999,5.72999999999999,0.9699099406281456,0.9650482060498324,-60.1586,-60.015,56,25,2olo_A_model_1_relaxed_repeat056_inv.csv,2olo_A_model_1_relaxed_repeat025_inv.csv,2olo_A_model_1_relaxed_repeat056,2olo_A_model_1_relaxed_repeat025,True,False,7.105427357601002e-15,148
tau(AC),297,M,100,-42.75,-37.03,5.719999999999999,5.719999999999999,5.719999999999999,1.6944097598702128,1.6859164243817066,-40.365899999999996,-41.205,29,42,2olo_A_model_1_relaxed_repeat029_inv.csv,2olo_A_model_1_relaxed_repeat042_inv.csv,2olo_A_model_1_relaxed_repeat029,2olo_A_model_1_relaxed_repeat042,True,False,0.0,133
tau(CN),338,A,100,-175.36,-169.66,5.700000000000017,5.700000000000017,5.700000000000017,0.9274233666509071,0.9227745986967791,-173.42520000000005,-173.45,10,23,2olo_A_model_1_relaxed_repeat010_inv.csv,2olo_A_model_1_relaxed_repeat023_inv.csv,2olo_A_model_1_relaxed_repeat010,2olo_A_model_1_relaxed_repeat023,True,False,0.0,34
tau(AC),241,P,100,158.46,164.16,5.699999999999989,5.699999999999989,5.699999999999989,1.0669023603238694,1.0615544451416503,160.87040000000002,160.74,74,85,2olo_A_model_1_relaxed_repeat074_inv.csv,2olo_A_model_1_relaxed_repeat085_inv.csv,2olo_A_model_1_relaxed_repeat074,2olo_A_model_1_relaxed_repeat085,True,False,0.0,134
tau(AC),257,F,100,145.99,151.66,5.6699999999999875,5.6699999999999875,5.6699999999999875,1.0436223387119432,1.0383911161022132,147.3833,147.14,95,35,2olo_A_model_1_relaxed_repeat095_inv.csv,2olo_A_model_1_relaxed_repeat035_inv.csv,2olo_A_model_1_relaxed_repeat095,2olo_A_model_1_relaxed_repeat035,True,False,0.0,135
tau(NA),235,T,100,-132.3,-126.65,5.650000000000006,5.650000000000006,5.650000000000006,1.222959132761206,1.2168289731922068,-129.44549999999998,-129.345,42,89,2olo_A_model_1_relaxed_repeat042_inv.csv,2olo_A_model_1_relaxed_repeat089_inv.csv,2olo_A_model_1_relaxed_repeat042,2olo_A_model_1_relaxed_repeat089,True,False,0.0,149
tau(CN),42,N,100,-176.09,178.27,354.36,5.639999999999986,5.639999999999986,69.18339482991507,68.83660871215257,161.9849,176.28,34,9,2olo_A_model_1_relaxed_repeat034_inv.csv,2olo_A_model_1_relaxed_repeat009_inv.csv,2olo_A_model_1_relaxed_repeat034,2olo_A_model_1_relaxed_repeat009,True,True,348.72,35
tau(AC),132,F,100,160.59,166.22,5.6299999999999955,5.6299999999999955,5.6299999999999955,1.4123799350061865,1.40530029175262,162.78529999999998,162.28,71,94,2olo_A_model_1_relaxed_repeat071_inv.csv,2olo_A_model_1_relaxed_repeat094_inv.csv,2olo_A_model_1_relaxed_repeat071,2olo_A_model_1_relaxed_repeat094,True,False,0.0,136
tau(NA),349,V,100,-98.34,-92.74,5.6000000000000085,5.600000000000023,5.600000000000023,1.2008565083037008,1.1948371395299038,-96.4011,-96.60499999999999,59,52,2olo_A_model_1_relaxed_repeat059_inv.csv,2olo_A_model_1_relaxed_repeat052_inv.csv,2olo_A_model_1_relaxed_repeat059,2olo_A_model_1_relaxed_repeat052,True,False,-1.4210854715202004e-14,150
tau(NA),223,V,100,-114.83,-109.23,5.599999999999994,5.599999999999994,5.599999999999994,1.690444577230164,1.6819711174690246,-111.8554,-111.125,59,50,2olo_A_model_1_relaxed_repeat059_inv.csv,2olo_A_model_1_relaxed_repeat050_inv.csv,2olo_A_model_1_relaxed_repeat059,2olo_A_model_1_relaxed_repeat050,True,False,0.0,151
tau(NA),228,I,100,-143.41,-137.81,5.599999999999994,5.599999999999994,5.599999999999994,0.948679571453359,0.9439242554357843,-140.17700000000002,-140.32,88,49,2olo_A_model_1_relaxed_repeat088_inv.csv,2olo_A_model_1_relaxed_repeat049_inv.csv,2olo_A_model_1_relaxed_repeat088,2olo_A_model_1_relaxed_repeat049,True,False,0.0,151
tau(CN),244,F,100,-179.02,175.39,354.40999999999997,5.590000000000032,5.590000000000032,90.61562576112802,90.16140923787736,-153.80320000000003,-178.53,30,74,2olo_A_model_1_relaxed_repeat030_inv.csv,2olo_A_model_1_relaxed_repeat074_inv.csv,2olo_A_model_1_relaxed_repeat030,2olo_A_model_1_relaxed_repeat074,True,True,348.81999999999994,36
tau(AC),202,L,100,103.54,109.11,5.569999999999993,5.569999999999993,5.569999999999993,0.9221616896283323,0.9175392961612047,107.41580000000002,107.47,81,67,2olo_A_model_1_relaxed_repeat081_inv.csv,2olo_A_model_1_relaxed_repeat067_inv.csv,2olo_A_model_1_relaxed_repeat081,2olo_A_model_1_relaxed_repeat067,True,False,0.0,137
tau(NA),380,I,100,-115.77,-110.22,5.549999999999997,5.550000000000011,5.550000000000011,1.2299159000566346,1.2237508692540326,-113.0359,-112.74000000000001,10,100,2olo_A_model_1_relaxed_repeat010_inv.csv,2olo_A_model_1_relaxed_repeat100_inv.csv,2olo_A_model_1_relaxed_repeat010,2olo_A_model_1_relaxed_repeat100,True,False,-1.4210854715202004e-14,153
tau(NA),342,M,100,-161.95,-156.41,5.539999999999992,5.539999999999992,5.539999999999992,1.7354762278330789,1.7267770440910997,-158.97479999999996,-158.38,60,59,2olo_A_model_1_relaxed_repeat060_inv.csv,2olo_A_model_1_relaxed_repeat059_inv.csv,2olo_A_model_1_relaxed_repeat060,2olo_A_model_1_relaxed_repeat059,True,False,0.0,154
tau(NA),254,T,100,-69.78,-64.25,5.530000000000001,5.530000000000001,5.530000000000001,0.9863396827143126,0.9813955930204706,-65.80630000000001,-65.55000000000001,5,98,2olo_A_model_1_relaxed_repeat005_inv.csv,2olo_A_model_1_relaxed_repeat098_inv.csv,2olo_A_model_1_relaxed_repeat005,2olo_A_model_1_relaxed_repeat098,True,False,0.0,155
tau(NA),93,G,100,138.79,144.3,5.510000000000019,5.510000000000019,5.510000000000019,0.8721630141391709,0.8677912421775182,141.24059999999997,141.19,85,86,2olo_A_model_1_relaxed_repeat085_inv.csv,2olo_A_model_1_relaxed_repeat086_inv.csv,2olo_A_model_1_relaxed_repeat085,2olo_A_model_1_relaxed_repeat086,True,False,0.0,156
tau(AC),90,L,100,108.31,113.82,5.509999999999991,5.509999999999991,5.509999999999991,0.8980072439023028,0.8935059261135316,111.22460000000001,111.43,69,79,2olo_A_model_1_relaxed_repeat069_inv.csv,2olo_A_model_1_relaxed_repeat079_inv.csv,2olo_A_model_1_relaxed_repeat069,2olo_A_model_1_relaxed_repeat079,True,False,0.0,138
tau(NA),207,Y,100,-97.6,-92.09,5.509999999999991,5.509999999999991,5.509999999999991,1.156725939447153,1.1509277779252698,-94.12749999999998,-93.86500000000001,22,3,2olo_A_model_1_relaxed_repeat022_inv.csv,2olo_A_model_1_relaxed_repeat003_inv.csv,2olo_A_model_1_relaxed_repeat022,2olo_A_model_1_relaxed_repeat003,True,False,0.0,157
tau(NA),94,D,100,-68.68,-63.19,5.490000000000009,5.490000000000009,5.490000000000009,0.7564120783826978,0.7526205152664922,-64.44059999999999,-64.35,35,2,2olo_A_model_1_relaxed_repeat035_inv.csv,2olo_A_model_1_relaxed_repeat002_inv.csv,2olo_A_model_1_relaxed_repeat035,2olo_A_model_1_relaxed_repeat002,True,False,0.0,158
tau(AC),10,V,100,111.89,117.38,5.489999999999995,5.490000000000009,5.490000000000009,0.8154079601120792,0.8113206764282547,113.98259999999999,114.10499999999999,46,81,2olo_A_model_1_relaxed_repeat046_inv.csv,2olo_A_model_1_relaxed_repeat081_inv.csv,2olo_A_model_1_relaxed_repeat046,2olo_A_model_1_relaxed_repeat081,True,False,-1.4210854715202004e-14,139
tau(NA),326,P,100,-58.76,-53.27,5.489999999999995,5.490000000000009,5.490000000000009,0.6487551093588333,0.6455031835707705,-55.36580000000001,-55.345,16,6,2olo_A_model_1_relaxed_repeat016_inv.csv,2olo_A_model_1_relaxed_repeat006_inv.csv,2olo_A_model_1_relaxed_repeat016,2olo_A_model_1_relaxed_repeat006,True,False,-1.4210854715202004e-14,158
tau(AC),98,V,100,121.61,127.08,5.469999999999999,5.469999999999999,5.469999999999999,1.1500949280100075,1.1443300048499998,124.0578,124.045,64,3,2olo_A_model_1_relaxed_repeat064_inv.csv,2olo_A_model_1_relaxed_repeat003_inv.csv,2olo_A_model_1_relaxed_repeat064,2olo_A_model_1_relaxed_repeat003,True,False,0.0,140
tau(CN),255,N,100,174.19,179.62,5.430000000000007,5.430000000000007,5.430000000000007,0.7538038956726822,0.7500254062363481,178.64329999999998,178.815,46,71,2olo_A_model_1_relaxed_repeat046_inv.csv,2olo_A_model_1_relaxed_repeat071_inv.csv,2olo_A_model_1_relaxed_repeat046,2olo_A_model_1_relaxed_repeat071,True,False,0.0,37
tau(CN),277,F,100,174.48,179.91,5.430000000000007,5.430000000000007,5.430000000000007,1.0157648061505875,1.0106732211748757,177.79420000000005,177.85000000000002,86,50,2olo_A_model_1_relaxed_repeat086_inv.csv,2olo_A_model_1_relaxed_repeat050_inv.csv,2olo_A_model_1_relaxed_repeat086,2olo_A_model_1_relaxed_repeat050,True,False,0.0,37
tau(NA),129,R,100,-94.78,-89.35,5.430000000000007,5.430000000000007,5.430000000000007,0.9365186122609164,0.9318242538161375,-91.42339999999999,-91.375,60,33,2olo_A_model_1_relaxed_repeat060_inv.csv,2olo_A_model_1_relaxed_repeat033_inv.csv,2olo_A_model_1_relaxed_repeat060,2olo_A_model_1_relaxed_repeat033,True,False,0.0,160
tau(NA),364,G,100,-61.63,-56.2,5.43,5.430000000000007,5.430000000000007,1.6289060932435797,1.6207410990037863,-59.27270000000001,-60.095,2,56,2olo_A_model_1_relaxed_repeat002_inv.csv,2olo_A_model_1_relaxed_repeat056_inv.csv,2olo_A_model_1_relaxed_repeat002,2olo_A_model_1_relaxed_repeat056,True,False,-7.105427357601002e-15,160
tau(NA),133,R,100,-153.32,-147.91,5.409999999999997,5.409999999999997,5.409999999999997,1.3922076466221296,1.3852291182327916,-149.0623,-148.45,91,42,2olo_A_model_1_relaxed_repeat091_inv.csv,2olo_A_model_1_relaxed_repeat042_inv.csv,2olo_A_model_1_relaxed_repeat091,2olo_A_model_1_relaxed_repeat042,True,False,0.0,162
tau(NA),65,T,100,-70.82,-65.43,5.389999999999986,5.389999999999986,5.389999999999986,1.4951658264168717,1.4876712136759245,-68.7094,-69.22999999999999,49,19,2olo_A_model_1_relaxed_repeat049_inv.csv,2olo_A_model_1_relaxed_repeat019_inv.csv,2olo_A_model_1_relaxed_repeat049,2olo_A_model_1_relaxed_repeat019,True,False,0.0,163
tau(CN),101,E,100,174.14,179.52,5.380000000000024,5.380000000000024,5.380000000000024,1.5679048975230503,1.5600456756133774,177.05930000000004,177.685,71,82,2olo_A_model_1_relaxed_repeat071_inv.csv,2olo_A_model_1_relaxed_repeat082_inv.csv,2olo_A_model_1_relaxed_repeat071,2olo_A_model_1_relaxed_repeat082,True,False,0.0,39
tau(AC),61,L,100,-42.11,-36.73,5.380000000000003,5.3799999999999955,5.3799999999999955,1.0120926216248565,1.007019443705036,-39.272800000000004,-39.045,15,7,2olo_A_model_1_relaxed_repeat015_inv.csv,2olo_A_model_1_relaxed_repeat007_inv.csv,2olo_A_model_1_relaxed_repeat015,2olo_A_model_1_relaxed_repeat007,True,False,7.105427357601002e-15,141
tau(NA),258,Y,100,-139.67,-134.32,5.349999999999994,5.349999999999994,5.349999999999994,1.2128265008698158,1.2067471317554477,-136.4256,-136.08499999999998,23,95,2olo_A_model_1_relaxed_repeat023_inv.csv,2olo_A_model_1_relaxed_repeat095_inv.csv,2olo_A_model_1_relaxed_repeat023,2olo_A_model_1_relaxed_repeat095,True,False,0.0,164
tau(CN),324,V,100,-174.83,-169.49,5.340000000000003,5.340000000000003,5.340000000000003,0.7660986762931921,0.7622585584957373,-172.53670000000005,-172.555,6,55,2olo_A_model_1_relaxed_repeat006_inv.csv,2olo_A_model_1_relaxed_repeat055_inv.csv,2olo_A_model_1_relaxed_repeat006,2olo_A_model_1_relaxed_repeat055,True,False,0.0,40
tau(AC),309,P,100,-8.22,-2.88,5.340000000000001,5.340000000000003,5.340000000000003,1.350552584251455,1.3437828544820776,-4.7342,-4.54,63,43,2olo_A_model_1_relaxed_repeat063_inv.csv,2olo_A_model_1_relaxed_repeat043_inv.csv,2olo_A_model_1_relaxed_repeat063,2olo_A_model_1_relaxed_repeat043,True,False,-2.6645352591003757e-15,142
tau(AC),226,M,100,128.3,133.61,5.310000000000002,5.310000000000002,5.310000000000002,0.905029359421085,0.9004928428366314,131.4608,131.53,100,84,2olo_A_model_1_relaxed_repeat100_inv.csv,2olo_A_model_1_relaxed_repeat084_inv.csv,2olo_A_model_1_relaxed_repeat100,2olo_A_model_1_relaxed_repeat084,True,False,0.0,143
tau(AC),358,K,100,-26.86,-21.55,5.309999999999999,5.310000000000002,5.310000000000002,0.9955054297220386,0.9905153961448555,-24.434500000000003,-24.505000000000003,67,75,2olo_A_model_1_relaxed_repeat067_inv.csv,2olo_A_model_1_relaxed_repeat075_inv.csv,2olo_A_model_1_relaxed_repeat067,2olo_A_model_1_relaxed_repeat075,True,False,-3.552713678800501e-15,143
tau(AC),221,Y,100,152.98,158.28,5.300000000000011,5.300000000000011,5.300000000000011,0.8932729287583525,0.8887953420219975,154.8822,154.72,20,30,2olo_A_model_1_relaxed_repeat020_inv.csv,2olo_A_model_1_relaxed_repeat030_inv.csv,2olo_A_model_1_relaxed_repeat020,2olo_A_model_1_relaxed_repeat030,True,False,0.0,145
tau(CN),261,G,100,171.77,177.06,5.289999999999992,5.289999999999992,5.289999999999992,0.9461145210114299,0.94137206247052,174.7608,174.64,35,33,2olo_A_model_1_relaxed_repeat035_inv.csv,2olo_A_model_1_relaxed_repeat033_inv.csv,2olo_A_model_1_relaxed_repeat035,2olo_A_model_1_relaxed_repeat033,True,False,0.0,41
tau(NA),333,F,100,-148.62,-143.33,5.289999999999992,5.289999999999992,5.289999999999992,1.271019518403088,1.2646484531283788,-146.1377,-146.475,19,35,2olo_A_model_1_relaxed_repeat019_inv.csv,2olo_A_model_1_relaxed_repeat035_inv.csv,2olo_A_model_1_relaxed_repeat019,2olo_A_model_1_relaxed_repeat035,True,False,0.0,165
tau(AC),93,G,100,-153.23,-147.95,5.280000000000001,5.280000000000001,5.280000000000001,0.934780069202257,0.9300944253139024,-150.67940000000002,-150.615,87,85,2olo_A_model_1_relaxed_repeat087_inv.csv,2olo_A_model_1_relaxed_repeat085_inv.csv,2olo_A_model_1_relaxed_repeat087,2olo_A_model_1_relaxed_repeat085,True,False,0.0,146
tau(NA),358,K,100,-65.34,-60.07,5.270000000000003,5.27000000000001,5.27000000000001,1.0232225978976834,1.0180936302717936,-62.51559999999999,-62.455,22,46,2olo_A_model_1_relaxed_repeat022_inv.csv,2olo_A_model_1_relaxed_repeat046_inv.csv,2olo_A_model_1_relaxed_repeat022,2olo_A_model_1_relaxed_repeat046,True,False,-7.105427357601002e-15,166
tau(AC),227,A,100,140.79,146.05,5.260000000000019,5.260000000000019,5.260000000000019,1.0563894292649025,1.0510942108108103,143.36360000000002,143.43,93,7,2olo_A_model_1_relaxed_repeat093_inv.csv,2olo_A_model_1_relaxed_repeat007_inv.csv,2olo_A_model_1_relaxed_repeat093,2olo_A_model_1_relaxed_repeat007,True,False,0.0,147
tau(AC),272,R,100,129.49,134.75,5.259999999999991,5.259999999999991,5.259999999999991,1.0676873667564444,1.0623355166801103,132.8555,133.005,92,26,2olo_A_model_1_relaxed_repeat092_inv.csv,2olo_A_model_1_relaxed_repeat026_inv.csv,2olo_A_model_1_relaxed_repeat092,2olo_A_model_1_relaxed_repeat026,True,False,0.0,148
tau(NA),274,G,100,-153.0,-147.77,5.22999999999999,5.22999999999999,5.22999999999999,1.1614291570598207,1.155607420363853,-150.8107,-150.93,80,75,2olo_A_model_1_relaxed_repeat080_inv.csv,2olo_A_model_1_relaxed_repeat075_inv.csv,2olo_A_model_1_relaxed_repeat080,2olo_A_model_1_relaxed_repeat075,True,False,0.0,167
tau(AC),87,I,100,0.29,5.51,5.22,5.219999999999999,5.219999999999999,1.2508708723900877,1.2446008034707352,3.2722,3.53,35,58,2olo_A_model_1_relaxed_repeat035_inv.csv,2olo_A_model_1_relaxed_repeat058_inv.csv,2olo_A_model_1_relaxed_repeat035,2olo_A_model_1_relaxed_repeat058,True,False,8.881784197001252e-16,149
tau(NA),189,T,100,-99.93,-94.72,5.210000000000008,5.210000000000008,5.210000000000008,0.7649241000176942,0.7610898698576933,-98.3489,-98.44999999999999,94,92,2olo_A_model_1_relaxed_repeat094_inv.csv,2olo_A_model_1_relaxed_repeat092_inv.csv,2olo_A_model_1_relaxed_repeat094,2olo_A_model_1_relaxed_repeat092,True,False,0.0,168
tau(NA),36,H,100,-109.89,-104.69,5.200000000000003,5.199999999999989,5.199999999999989,0.8603081665392591,0.8559958177467926,-106.3354,-106.18,2,40,2olo_A_model_1_relaxed_repeat002_inv.csv,2olo_A_model_1_relaxed_repeat040_inv.csv,2olo_A_model_1_relaxed_repeat002,2olo_A_model_1_relaxed_repeat040,True,False,1.4210854715202004e-14,169
tau(AC),117,R,100,135.44,140.64,5.199999999999989,5.199999999999989,5.199999999999989,0.8105983573692326,0.8065351821216487,138.673,138.665,71,79,2olo_A_model_1_relaxed_repeat071_inv.csv,2olo_A_model_1_relaxed_repeat079_inv.csv,2olo_A_model_1_relaxed_repeat071,2olo_A_model_1_relaxed_repeat079,True,False,0.0,150
tau(CN),381,S,100,171.22,176.41,5.189999999999998,5.189999999999998,5.189999999999998,1.3083063730092301,1.3017484050307113,172.6203,172.29500000000002,96,62,2olo_A_model_1_relaxed_repeat096_inv.csv,2olo_A_model_1_relaxed_repeat062_inv.csv,2olo_A_model_1_relaxed_repeat096,2olo_A_model_1_relaxed_repeat062,True,False,0.0,42
tau(NA),56,Y,100,-143.21,-138.04,5.170000000000016,5.170000000000016,5.170000000000016,1.251805076477544,1.2455303248014478,-140.9261,-141.22500000000002,7,9,2olo_A_model_1_relaxed_repeat007_inv.csv,2olo_A_model_1_relaxed_repeat009_inv.csv,2olo_A_model_1_relaxed_repeat007,2olo_A_model_1_relaxed_repeat009,True,False,0.0,170
tau(CN),250,T,100,170.58,175.72,5.139999999999986,5.139999999999986,5.139999999999986,0.8433475624623045,0.8391202297644833,173.6918,173.7,78,69,2olo_A_model_1_relaxed_repeat078_inv.csv,2olo_A_model_1_relaxed_repeat069_inv.csv,2olo_A_model_1_relaxed_repeat078,2olo_A_model_1_relaxed_repeat069,True,False,0.0,43
tau(CN),375,S,100,171.56,176.7,5.139999999999986,5.139999999999986,5.139999999999986,0.8929022648338705,0.8884265360737492,173.0873,172.815,3,14,2olo_A_model_1_relaxed_repeat003_inv.csv,2olo_A_model_1_relaxed_repeat014_inv.csv,2olo_A_model_1_relaxed_repeat003,2olo_A_model_1_relaxed_repeat014,True,False,0.0,43
tau(AC),277,F,100,103.32,108.43,5.110000000000014,5.110000000000014,5.110000000000014,1.1640338214045753,1.1581990286647634,105.9999,106.17,82,51,2olo_A_model_1_relaxed_repeat082_inv.csv,2olo_A_model_1_relaxed_repeat051_inv.csv,2olo_A_model_1_relaxed_repeat082,2olo_A_model_1_relaxed_repeat051,True,False,0.0,151
tau(NA),208,T,100,-64.5,-59.39,5.109999999999999,5.110000000000014,5.110000000000014,1.4526822422572996,1.4454005811538886,-62.49539999999999,-63.225,28,52,2olo_A_model_1_relaxed_repeat028_inv.csv,2olo_A_model_1_relaxed_repeat052_inv.csv,2olo_A_model_1_relaxed_repeat028,2olo_A_model_1_relaxed_repeat052,True,False,-1.4210854715202004e-14,171
tau(NA),351,Y,100,-126.17,-121.06,5.109999999999999,5.110000000000014,5.110000000000014,1.0693704888504467,1.0640102020187594,-123.84270000000002,-124.035,74,21,2olo_A_model_1_relaxed_repeat074_inv.csv,2olo_A_model_1_relaxed_repeat021_inv.csv,2olo_A_model_1_relaxed_repeat074,2olo_A_model_1_relaxed_repeat021,True,False,-1.4210854715202004e-14,171
tau(AC),97,V,100,124.48,129.53,5.049999999999997,5.050000000000011,5.050000000000011,0.8866852299264367,0.8822406644447994,126.51710000000001,126.48,35,72,2olo_A_model_1_relaxed_repeat035_inv.csv,2olo_A_model_1_relaxed_repeat072_inv.csv,2olo_A_model_1_relaxed_repeat035,2olo_A_model_1_relaxed_repeat072,True,False,-1.4210854715202004e-14,152
tau(NA),277,F,100,-98.92,-93.87,5.049999999999997,5.050000000000011,5.050000000000011,1.2387442974009748,1.2325350137014366,-96.64880000000001,-96.715,87,18,2olo_A_model_1_relaxed_repeat087_inv.csv,2olo_A_model_1_relaxed_repeat018_inv.csv,2olo_A_model_1_relaxed_repeat087,2olo_A_model_1_relaxed_repeat018,True,False,-1.4210854715202004e-14,173
tau(NA),5,Y,100,-135.99,-130.95,5.0400000000000205,5.0400000000000205,5.0400000000000205,1.0024057727952977,0.9973811508144741,-134.11220000000003,-134.32999999999998,20,23,2olo_A_model_1_relaxed_repeat020_inv.csv,2olo_A_model_1_relaxed_repeat023_inv.csv,2olo_A_model_1_relaxed_repeat020,2olo_A_model_1_relaxed_repeat023,True,False,0.0,174
tau(CN),65,T,100,171.99,177.02,5.030000000000001,5.030000000000001,5.030000000000001,1.4689647148020042,1.4616014367809032,173.64820000000003,172.985,2,77,2olo_A_model_1_relaxed_repeat002_inv.csv,2olo_A_model_1_relaxed_repeat077_inv.csv,2olo_A_model_1_relaxed_repeat002,2olo_A_model_1_relaxed_repeat077,True,False,0.0,45
tau(AC),355,W,100,51.59,56.62,5.029999999999994,5.030000000000001,5.030000000000001,1.116841121605527,1.1112428852415661,54.1205,54.379999999999995,69,74,2olo_A_model_1_relaxed_repeat069_inv.csv,2olo_A_model_1_relaxed_repeat074_inv.csv,2olo_A_model_1_relaxed_repeat069,2olo_A_model_1_relaxed_repeat074,True,False,-7.105427357601002e-15,153
tau(NA),232,R,100,-88.29,-83.27,5.02000000000001,5.02000000000001,5.02000000000001,1.2211887361472546,1.2150674508026293,-85.7797,-85.83500000000001,66,21,2olo_A_model_1_relaxed_repeat066_inv.csv,2olo_A_model_1_relaxed_repeat021_inv.csv,2olo_A_model_1_relaxed_repeat066,2olo_A_model_1_relaxed_repeat021,True,False,0.0,175
tau(CN),332,Q,100,-178.98,-173.96,5.019999999999982,5.019999999999982,5.019999999999982,0.9869798847642705,0.9820325860173885,-176.60999999999996,-176.735,36,52,2olo_A_model_1_relaxed_repeat036_inv.csv,2olo_A_model_1_relaxed_repeat052_inv.csv,2olo_A_model_1_relaxed_repeat036,2olo_A_model_1_relaxed_repeat052,True,False,0.0,46
tau(CN),60,D,100,173.51,178.5,4.990000000000009,4.990000000000009,4.990000000000009,0.7130011900198313,0.7094272267118021,175.43509999999998,175.35,20,7,2olo_A_model_1_relaxed_repeat020_inv.csv,2olo_A_model_1_relaxed_repeat007_inv.csv,2olo_A_model_1_relaxed_repeat020,2olo_A_model_1_relaxed_repeat007,True,False,0.0,47
tau(CN),356,A,100,-177.07,-172.08,4.989999999999981,4.989999999999981,4.989999999999981,0.9910564916779302,0.986088758682502,-174.19639999999998,-174.09,21,79,2olo_A_model_1_relaxed_repeat021_inv.csv,2olo_A_model_1_relaxed_repeat079_inv.csv,2olo_A_model_1_relaxed_repeat021,2olo_A_model_1_relaxed_repeat079,True,False,0.0,48
tau(AC),320,T,100,162.49,167.47,4.97999999999999,4.97999999999999,4.97999999999999,0.9405182914572451,0.9358038843689414,165.13029999999998,165.14499999999998,35,48,2olo_A_model_1_relaxed_repeat035_inv.csv,2olo_A_model_1_relaxed_repeat048_inv.csv,2olo_A_model_1_relaxed_repeat035,2olo_A_model_1_relaxed_repeat048,True,False,0.0,154
tau(CN),90,L,100,166.26,171.22,4.960000000000008,4.960000000000008,4.960000000000008,0.7954458441082537,0.7914586217863833,169.0425,169.055,24,5,2olo_A_model_1_relaxed_repeat024_inv.csv,2olo_A_model_1_relaxed_repeat005_inv.csv,2olo_A_model_1_relaxed_repeat024,2olo_A_model_1_relaxed_repeat005,True,False,0.0,49
tau(AC),224,Y,100,138.47,143.42,4.949999999999989,4.949999999999989,4.949999999999989,0.8546913672977701,0.850407173064761,141.35420000000002,141.37,10,19,2olo_A_model_1_relaxed_repeat010_inv.csv,2olo_A_model_1_relaxed_repeat019_inv.csv,2olo_A_model_1_relaxed_repeat010,2olo_A_model_1_relaxed_repeat019,True,False,0.0,155
tau(CN),319,S,100,171.83,176.73,4.899999999999977,4.899999999999977,4.899999999999977,1.2475803611694745,1.2413267861445667,173.27410000000003,172.63,76,50,2olo_A_model_1_relaxed_repeat076_inv.csv,2olo_A_model_1_relaxed_repeat050_inv.csv,2olo_A_model_1_relaxed_repeat076,2olo_A_model_1_relaxed_repeat050,True,False,0.0,50
tau(NA),97,V,100,-65.43,-60.54,4.890000000000008,4.890000000000015,4.890000000000015,0.8013541821520153,0.7973373439141052,-62.1446,-62.075,5,16,2olo_A_model_1_relaxed_repeat005_inv.csv,2olo_A_model_1_relaxed_repeat016_inv.csv,2olo_A_model_1_relaxed_repeat005,2olo_A_model_1_relaxed_repeat016,True,False,-7.105427357601002e-15,176
tau(AC),217,A,100,146.95,151.82,4.8700000000000045,4.8700000000000045,4.8700000000000045,1.2058491119572474,1.199804717443635,149.40079999999998,149.16,30,67,2olo_A_model_1_relaxed_repeat030_inv.csv,2olo_A_model_1_relaxed_repeat067_inv.csv,2olo_A_model_1_relaxed_repeat030,2olo_A_model_1_relaxed_repeat067,True,False,0.0,156
tau(AC),295,R,100,-44.75,-39.89,4.859999999999999,4.860000000000014,4.860000000000014,0.8967245616096061,0.8922296733464993,-43.183899999999994,-43.425,3,23,2olo_A_model_1_relaxed_repeat003_inv.csv,2olo_A_model_1_relaxed_repeat023_inv.csv,2olo_A_model_1_relaxed_repeat003,2olo_A_model_1_relaxed_repeat023,True,False,-1.4210854715202004e-14,157
tau(AC),343,T,100,129.28,134.14,4.859999999999985,4.859999999999985,4.859999999999985,0.8291958134057953,0.8250394172401713,132.57139999999998,132.555,65,96,2olo_A_model_1_relaxed_repeat065_inv.csv,2olo_A_model_1_relaxed_repeat096_inv.csv,2olo_A_model_1_relaxed_repeat065,2olo_A_model_1_relaxed_repeat096,True,False,0.0,158
tau(CN),132,F,100,171.73,176.58,4.850000000000023,4.850000000000023,4.850000000000023,1.470257487927908,1.4628877298002065,173.35070000000005,172.675,14,46,2olo_A_model_1_relaxed_repeat014_inv.csv,2olo_A_model_1_relaxed_repeat046_inv.csv,2olo_A_model_1_relaxed_repeat014,2olo_A_model_1_relaxed_repeat046,True,False,0.0,51
tau(NA),58,Q,100,-86.45,-81.6,4.8500000000000085,4.850000000000023,4.850000000000023,0.9804086140508212,0.9754942542116799,-83.58640000000001,-83.625,62,92,2olo_A_model_1_relaxed_repeat062_inv.csv,2olo_A_model_1_relaxed_repeat092_inv.csv,2olo_A_model_1_relaxed_repeat062,2olo_A_model_1_relaxed_repeat092,True,False,-1.4210854715202004e-14,177
tau(AC),143,L,100,115.56,120.41,4.849999999999994,4.849999999999994,4.849999999999994,0.7438535752512995,0.7401249624218867,117.23479999999999,117.07,2,16,2olo_A_model_1_relaxed_repeat002_inv.csv,2olo_A_model_1_relaxed_repeat016_inv.csv,2olo_A_model_1_relaxed_repeat002,2olo_A_model_1_relaxed_repeat016,True,False,0.0,159
tau(AC),157,A,100,-45.73,-40.89,4.839999999999996,4.840000000000003,4.840000000000003,1.687727909039101,1.6792680667481297,-42.36740000000002,-41.47,63,35,2olo_A_model_1_relaxed_repeat063_inv.csv,2olo_A_model_1_relaxed_repeat035_inv.csv,2olo_A_model_1_relaxed_repeat063,2olo_A_model_1_relaxed_repeat035,True,False,-7.105427357601002e-15,160
tau(AC),222,S,100,147.08,151.92,4.839999999999975,4.839999999999975,4.839999999999975,1.120084214005646,1.1144697214370607,149.8918,149.9,47,31,2olo_A_model_1_relaxed_repeat047_inv.csv,2olo_A_model_1_relaxed_repeat031_inv.csv,2olo_A_model_1_relaxed_repeat047,2olo_A_model_1_relaxed_repeat031,True,False,0.0,161
tau(NA),131,G,100,80.62,85.45,4.829999999999998,4.829999999999984,4.829999999999984,1.0243601156159132,1.0192254461109185,83.2957,83.315,25,16,2olo_A_model_1_relaxed_repeat025_inv.csv,2olo_A_model_1_relaxed_repeat016_inv.csv,2olo_A_model_1_relaxed_repeat025,2olo_A_model_1_relaxed_repeat016,True,False,1.4210854715202004e-14,178
tau(AC),354,G,100,168.43,173.25,4.819999999999993,4.819999999999993,4.819999999999993,1.021504193912985,1.0163838398951446,171.0233,171.09,67,69,2olo_A_model_1_relaxed_repeat067_inv.csv,2olo_A_model_1_relaxed_repeat069_inv.csv,2olo_A_model_1_relaxed_repeat067,2olo_A_model_1_relaxed_repeat069,True,False,0.0,162
tau(NA),11,G,100,105.5,110.3,4.799999999999997,4.800000000000011,4.800000000000011,0.9468731102258036,0.9421268492087463,108.445,108.275,81,6,2olo_A_model_1_relaxed_repeat081_inv.csv,2olo_A_model_1_relaxed_repeat006_inv.csv,2olo_A_model_1_relaxed_repeat081,2olo_A_model_1_relaxed_repeat006,True,False,-1.4210854715202004e-14,179
tau(NA),64,L,100,-61.74,-56.95,4.789999999999999,4.789999999999992,4.789999999999992,1.0532161614921616,1.0479368492423577,-58.32940000000001,-58.15,69,100,2olo_A_model_1_relaxed_repeat069_inv.csv,2olo_A_model_1_relaxed_repeat100_inv.csv,2olo_A_model_1_relaxed_repeat069,2olo_A_model_1_relaxed_repeat100,True,False,7.105427357601002e-15,180
tau(NA),224,Y,100,-118.32,-113.53,4.789999999999992,4.789999999999992,4.789999999999992,0.9987447475241452,0.9937384766627475,-116.03280000000001,-116.075,47,49,2olo_A_model_1_relaxed_repeat047_inv.csv,2olo_A_model_1_relaxed_repeat049_inv.csv,2olo_A_model_1_relaxed_repeat047,2olo_A_model_1_relaxed_repeat049,True,False,0.0,180
tau(AC),229,A,100,142.92,147.7,4.780000000000001,4.780000000000001,4.780000000000001,0.9611368006142254,0.9563190419520045,145.5483,145.85000000000002,30,81,2olo_A_model_1_relaxed_repeat030_inv.csv,2olo_A_model_1_relaxed_repeat081_inv.csv,2olo_A_model_1_relaxed_repeat030,2olo_A_model_1_relaxed_repeat081,True,False,0.0,163
tau(NA),241,P,100,-64.86,-60.08,4.780000000000001,4.780000000000001,4.780000000000001,0.9788299756403666,0.9739235288255436,-61.556400000000004,-61.355000000000004,33,97,2olo_A_model_1_relaxed_repeat033_inv.csv,2olo_A_model_1_relaxed_repeat097_inv.csv,2olo_A_model_1_relaxed_repeat033,2olo_A_model_1_relaxed_repeat097,True,False,0.0,182
tau(AC),381,S,100,-43.72,-38.97,4.75,4.75,4.75,0.9633487258914953,0.9585198798147067,-41.82580000000001,-42.035,65,60,2olo_A_model_1_relaxed_repeat065_inv.csv,2olo_A_model_1_relaxed_repeat060_inv.csv,2olo_A_model_1_relaxed_repeat065,2olo_A_model_1_relaxed_repeat060,True,False,0.0,164
tau(CN),241,P,100,155.09,159.83,4.740000000000009,4.740000000000009,4.740000000000009,0.86437403052525,0.8600413013338378,158.0664,158.235,33,74,2olo_A_model_1_relaxed_repeat033_inv.csv,2olo_A_model_1_relaxed_repeat074_inv.csv,2olo_A_model_1_relaxed_repeat033,2olo_A_model_1_relaxed_repeat074,True,False,0.0,52
tau(NA),237,V,100,-120.36,-115.62,4.739999999999995,4.740000000000009,4.740000000000009,1.0684849842726667,1.063129136088368,-118.42379999999999,-118.655,56,98,2olo_A_model_1_relaxed_repeat056_inv.csv,2olo_A_model_1_relaxed_repeat098_inv.csv,2olo_A_model_1_relaxed_repeat056,2olo_A_model_1_relaxed_repeat098,True,False,-1.4210854715202004e-14,183
tau(NA),192,R,100,-121.44,-116.71,4.730000000000004,4.730000000000018,4.730000000000018,1.0992201597477917,1.0937102495633848,-119.60669999999999,-120.065,23,100,2olo_A_model_1_relaxed_repeat023_inv.csv,2olo_A_model_1_relaxed_repeat100_inv.csv,2olo_A_model_1_relaxed_repeat023,2olo_A_model_1_relaxed_repeat100,True,False,-1.4210854715202004e-14,184
tau(NA),381,S,100,-57.7,-52.98,4.720000000000006,4.719999999999999,4.719999999999999,0.6946023569953057,0.6911206189949767,-55.28229999999999,-55.239999999999995,60,62,2olo_A_model_1_relaxed_repeat060_inv.csv,2olo_A_model_1_relaxed_repeat062_inv.csv,2olo_A_model_1_relaxed_repeat060,2olo_A_model_1_relaxed_repeat062,True,False,7.105427357601002e-15,185
tau(NA),80,E,100,48.56,53.28,4.719999999999999,4.719999999999999,4.719999999999999,0.8617619020109764,0.8574422662780276,50.7374,50.97,66,77,2olo_A_model_1_relaxed_repeat066_inv.csv,2olo_A_model_1_relaxed_repeat077_inv.csv,2olo_A_model_1_relaxed_repeat066,2olo_A_model_1_relaxed_repeat077,True,False,0.0,185
tau(NA),205,G,100,56.14,60.86,4.719999999999999,4.719999999999999,4.719999999999999,1.0577379093369421,1.0524359315416785,58.5719,58.68,92,72,2olo_A_model_1_relaxed_repeat092_inv.csv,2olo_A_model_1_relaxed_repeat072_inv.csv,2olo_A_model_1_relaxed_repeat092,2olo_A_model_1_relaxed_repeat072,True,False,0.0,185
tau(AC),248,Q,100,132.06,136.76,4.699999999999989,4.699999999999989,4.699999999999989,0.9199125727014158,0.9153014530743389,135.24049999999997,135.35000000000002,35,22,2olo_A_model_1_relaxed_repeat035_inv.csv,2olo_A_model_1_relaxed_repeat022_inv.csv,2olo_A_model_1_relaxed_repeat035,2olo_A_model_1_relaxed_repeat022,True,False,0.0,165
tau(CN),117,R,100,163.11,167.79,4.679999999999978,4.679999999999978,4.679999999999978,0.5252768293716623,0.5226438462280016,167.03710000000004,167.08,71,56,2olo_A_model_1_relaxed_repeat071_inv.csv,2olo_A_model_1_relaxed_repeat056_inv.csv,2olo_A_model_1_relaxed_repeat071,2olo_A_model_1_relaxed_repeat056,True,False,0.0,53
tau(AC),273,C,100,153.51,158.15,4.640000000000015,4.640000000000015,4.640000000000015,1.030470967151144,1.0253056666184968,155.8527,155.745,62,30,2olo_A_model_1_relaxed_repeat062_inv.csv,2olo_A_model_1_relaxed_repeat030_inv.csv,2olo_A_model_1_relaxed_repeat062,2olo_A_model_1_relaxed_repeat030,True,False,0.0,166
tau(CN),222,S,100,171.56,176.2,4.639999999999986,4.639999999999986,4.639999999999986,1.0857436868503327,1.0803013283339051,173.2948,173.21499999999997,82,92,2olo_A_model_1_relaxed_repeat082_inv.csv,2olo_A_model_1_relaxed_repeat092_inv.csv,2olo_A_model_1_relaxed_repeat082,2olo_A_model_1_relaxed_repeat092,True,False,0.0,54
tau(CN),62,F,100,173.07,177.7,4.6299999999999955,4.6299999999999955,4.6299999999999955,0.8028056861389119,0.7987815721459774,175.612,175.61,78,5,2olo_A_model_1_relaxed_repeat078_inv.csv,2olo_A_model_1_relaxed_repeat005_inv.csv,2olo_A_model_1_relaxed_repeat078,2olo_A_model_1_relaxed_repeat005,True,False,0.0,55
tau(CN),47,G,100,-169.03,-164.41,4.6200000000000045,4.6200000000000045,4.6200000000000045,1.049427333012023,1.044167012503268,-167.2495,-167.47,85,29,2olo_A_model_1_relaxed_repeat085_inv.csv,2olo_A_model_1_relaxed_repeat029_inv.csv,2olo_A_model_1_relaxed_repeat085,2olo_A_model_1_relaxed_repeat029,True,False,0.0,56
tau(AC),118,Y,100,162.84,167.45,4.609999999999985,4.609999999999985,4.609999999999985,0.5514899836082262,0.5487256053803208,163.6561,163.60500000000002,87,93,2olo_A_model_1_relaxed_repeat087_inv.csv,2olo_A_model_1_relaxed_repeat093_inv.csv,2olo_A_model_1_relaxed_repeat087,2olo_A_model_1_relaxed_repeat093,True,False,0.0,167
tau(AC),235,T,100,132.08,136.68,4.599999999999994,4.599999999999994,4.599999999999994,0.9635010811272257,0.9586714713602357,134.6151,134.67,10,45,2olo_A_model_1_relaxed_repeat010_inv.csv,2olo_A_model_1_relaxed_repeat045_inv.csv,2olo_A_model_1_relaxed_repeat010,2olo_A_model_1_relaxed_repeat045,True,False,0.0,168
tau(AC),379,D,100,103.11,107.71,4.599999999999994,4.599999999999994,4.599999999999994,1.1395572904342361,1.1338451878453248,105.44529999999999,105.18,88,13,2olo_A_model_1_relaxed_repeat088_inv.csv,2olo_A_model_1_relaxed_repeat013_inv.csv,2olo_A_model_1_relaxed_repeat088,2olo_A_model_1_relaxed_repeat013,True,False,0.0,168
tau(CN),95,T,100,-174.97,-170.38,4.590000000000003,4.590000000000003,4.590000000000003,0.8433003946136599,0.8390732983476468,-171.738,-171.56,2,27,2olo_A_model_1_relaxed_repeat002_inv.csv,2olo_A_model_1_relaxed_repeat027_inv.csv,2olo_A_model_1_relaxed_repeat002,2olo_A_model_1_relaxed_repeat027,True,False,0.0,57
tau(CN),353,A,100,174.1,178.69,4.590000000000003,4.590000000000003,4.590000000000003,0.946675330732867,0.9419300610979572,176.1976,176.085,6,54,2olo_A_model_1_relaxed_repeat006_inv.csv,2olo_A_model_1_relaxed_repeat054_inv.csv,2olo_A_model_1_relaxed_repeat006,2olo_A_model_1_relaxed_repeat054,True,False,0.0,57
tau(AC),250,T,100,165.41,169.99,4.5800000000000125,4.5800000000000125,4.5800000000000125,1.1317309304732734,1.1260580580058925,167.05550000000002,166.695,44,83,2olo_A_model_1_relaxed_repeat044_inv.csv,2olo_A_model_1_relaxed_repeat083_inv.csv,2olo_A_model_1_relaxed_repeat044,2olo_A_model_1_relaxed_repeat083,True,False,0.0,170
tau(NA),74,A,100,-66.14,-61.58,4.560000000000002,4.560000000000002,4.560000000000002,0.5784435664746905,0.5755440817174651,-63.4649,-63.41,81,68,2olo_A_model_1_relaxed_repeat081_inv.csv,2olo_A_model_1_relaxed_repeat068_inv.csv,2olo_A_model_1_relaxed_repeat081,2olo_A_model_1_relaxed_repeat068,True,False,0.0,188
tau(AC),348,L,100,116.95,121.5,4.549999999999997,4.550000000000011,4.550000000000011,0.9726340939983956,0.9677587044299829,119.99029999999998,120.09,52,32,2olo_A_model_1_relaxed_repeat052_inv.csv,2olo_A_model_1_relaxed_repeat032_inv.csv,2olo_A_model_1_relaxed_repeat052,2olo_A_model_1_relaxed_repeat032,True,False,-1.4210854715202004e-14,171
tau(NA),384,A,100,-53.29,-48.76,4.530000000000001,4.530000000000001,4.530000000000001,0.8397963678142096,0.8355868357029088,-50.330799999999996,-50.175,15,62,2olo_A_model_1_relaxed_repeat015_inv.csv,2olo_A_model_1_relaxed_repeat062_inv.csv,2olo_A_model_1_relaxed_repeat015,2olo_A_model_1_relaxed_repeat062,True,False,0.0,189
tau(NA),91,W,100,-108.31,-103.79,4.519999999999996,4.519999999999982,4.519999999999982,0.9450829475648035,0.9403456598506739,-106.1102,-106.11500000000001,100,78,2olo_A_model_1_relaxed_repeat100_inv.csv,2olo_A_model_1_relaxed_repeat078_inv.csv,2olo_A_model_1_relaxed_repeat100,2olo_A_model_1_relaxed_repeat078,True,False,1.4210854715202004e-14,190
tau(NA),376,T,100,-141.33,-136.82,4.510000000000019,4.510000000000019,4.510000000000019,0.7933299910803049,0.7893533746048103,-139.0565,-139.10000000000002,82,15,2olo_A_model_1_relaxed_repeat082_inv.csv,2olo_A_model_1_relaxed_repeat015_inv.csv,2olo_A_model_1_relaxed_repeat082,2olo_A_model_1_relaxed_repeat015,True,False,0.0,191
tau(CN),322,L,100,164.29,168.77,4.480000000000018,4.480000000000018,4.480000000000018,0.890851930242148,0.8863864789131203,165.88490000000002,165.79,9,97,2olo_A_model_1_relaxed_repeat009_inv.csv,2olo_A_model_1_relaxed_repeat097_inv.csv,2olo_A_model_1_relaxed_repeat009,2olo_A_model_1_relaxed_repeat097,True,False,0.0,59
tau(AC),94,D,100,114.53,119.0,4.469999999999999,4.469999999999999,4.469999999999999,0.650917735962002,0.6476549698720759,117.78479999999999,117.88499999999999,16,58,2olo_A_model_1_relaxed_repeat016_inv.csv,2olo_A_model_1_relaxed_repeat058_inv.csv,2olo_A_model_1_relaxed_repeat016,2olo_A_model_1_relaxed_repeat058,True,False,0.0,172
tau(AC),103,Q,100,130.69,135.16,4.469999999999999,4.469999999999999,4.469999999999999,1.1852204329775424,1.1792794410147234,132.998,132.85500000000002,57,50,2olo_A_model_1_relaxed_repeat057_inv.csv,2olo_A_model_1_relaxed_repeat050_inv.csv,2olo_A_model_1_relaxed_repeat057,2olo_A_model_1_relaxed_repeat050,True,False,0.0,172
tau(NA),92,F,100,-154.96,-150.49,4.469999999999999,4.469999999999999,4.469999999999999,0.8026139366551835,0.7985907838185962,-153.8774,-154.11,39,100,2olo_A_model_1_relaxed_repeat039_inv.csv,2olo_A_model_1_relaxed_repeat100_inv.csv,2olo_A_model_1_relaxed_repeat039,2olo_A_model_1_relaxed_repeat100,True,False,0.0,192
tau(CN),278,E,100,-178.37,-173.91,4.460000000000008,4.460000000000008,4.460000000000008,0.7651682062385905,0.7613327524808047,-176.09619999999998,-176.14499999999998,32,71,2olo_A_model_1_relaxed_repeat032_inv.csv,2olo_A_model_1_relaxed_repeat071_inv.csv,2olo_A_model_1_relaxed_repeat032,2olo_A_model_1_relaxed_repeat071,True,False,0.0,60
tau(AC),280,D,100,57.57,62.03,4.460000000000001,4.460000000000008,4.460000000000008,0.9015359004487729,0.8970168950471333,59.31629999999999,59.144999999999996,58,70,2olo_A_model_1_relaxed_repeat058_inv.csv,2olo_A_model_1_relaxed_repeat070_inv.csv,2olo_A_model_1_relaxed_repeat058,2olo_A_model_1_relaxed_repeat070,True,False,-7.105427357601002e-15,174
tau(CN),227,A,100,172.66,177.11,4.450000000000017,4.450000000000017,4.450000000000017,1.161253258903127,1.1554324039077326,175.17860000000005,175.44,40,34,2olo_A_model_1_relaxed_repeat040_inv.csv,2olo_A_model_1_relaxed_repeat034_inv.csv,2olo_A_model_1_relaxed_repeat040,2olo_A_model_1_relaxed_repeat034,True,False,0.0,61
tau(CN),295,R,100,174.46,178.91,4.449999999999989,4.449999999999989,4.449999999999989,0.7962981206619154,0.7923066262502172,177.26390000000004,177.445,32,3,2olo_A_model_1_relaxed_repeat032_inv.csv,2olo_A_model_1_relaxed_repeat003_inv.csv,2olo_A_model_1_relaxed_repeat032,2olo_A_model_1_relaxed_repeat003,True,False,0.0,62
tau(CN),96,D,100,171.29,175.71,4.420000000000016,4.420000000000016,4.420000000000016,0.725712878360431,0.7220751969151135,173.71289999999996,173.735,16,72,2olo_A_model_1_relaxed_repeat016_inv.csv,2olo_A_model_1_relaxed_repeat072_inv.csv,2olo_A_model_1_relaxed_repeat016,2olo_A_model_1_relaxed_repeat072,True,False,0.0,63
tau(NA),84,I,100,-105.66,-101.24,4.420000000000002,4.420000000000016,4.420000000000016,0.8282231193063464,0.824071598831072,-103.52599999999998,-103.515,30,37,2olo_A_model_1_relaxed_repeat030_inv.csv,2olo_A_model_1_relaxed_repeat037_inv.csv,2olo_A_model_1_relaxed_repeat030,2olo_A_model_1_relaxed_repeat037,True,False,-1.4210854715202004e-14,193
tau(NA),13,G,100,-79.99,-75.58,4.409999999999997,4.409999999999997,4.409999999999997,0.9848869032133653,0.979950095668142,-78.7959,-79.06,41,69,2olo_A_model_1_relaxed_repeat041_inv.csv,2olo_A_model_1_relaxed_repeat069_inv.csv,2olo_A_model_1_relaxed_repeat041,2olo_A_model_1_relaxed_repeat069,True,False,0.0,194
tau(CN),225,E,100,-176.79,-172.39,4.400000000000006,4.400000000000006,4.400000000000006,1.0459581610884234,1.0407152300221234,-173.7709,-173.465,54,63,2olo_A_model_1_relaxed_repeat054_inv.csv,2olo_A_model_1_relaxed_repeat063_inv.csv,2olo_A_model_1_relaxed_repeat054,2olo_A_model_1_relaxed_repeat063,True,False,0.0,64
tau(AC),107,T,100,-41.14,-36.76,4.380000000000003,4.3799999999999955,4.3799999999999955,0.8027310139816952,0.7987072742876452,-39.331300000000006,-39.465,16,19,2olo_A_model_1_relaxed_repeat016_inv.csv,2olo_A_model_1_relaxed_repeat019_inv.csv,2olo_A_model_1_relaxed_repeat016,2olo_A_model_1_relaxed_repeat019,True,False,7.105427357601002e-15,175
tau(CN),269,E,100,-178.78,-174.4,4.3799999999999955,4.3799999999999955,4.3799999999999955,0.7982801905510767,0.7942787608894001,-177.1745,-177.18,73,4,2olo_A_model_1_relaxed_repeat073_inv.csv,2olo_A_model_1_relaxed_repeat004_inv.csv,2olo_A_model_1_relaxed_repeat073,2olo_A_model_1_relaxed_repeat004,True,False,0.0,65
tau(NA),2,T,100,-71.11,-66.75,4.359999999999999,4.360000000000014,4.360000000000014,0.8558576004939324,0.8515675604436793,-69.2463,-69.245,37,83,2olo_A_model_1_relaxed_repeat037_inv.csv,2olo_A_model_1_relaxed_repeat083_inv.csv,2olo_A_model_1_relaxed_repeat037,2olo_A_model_1_relaxed_repeat083,True,False,-1.4210854715202004e-14,195
tau(NA),169,T,100,-88.08,-83.74,4.340000000000003,4.340000000000003,4.340000000000003,1.129527924990495,1.123866095226651,-85.59099999999998,-85.495,96,90,2olo_A_model_1_relaxed_repeat096_inv.csv,2olo_A_model_1_relaxed_repeat090_inv.csv,2olo_A_model_1_relaxed_repeat096,2olo_A_model_1_relaxed_repeat090,True,False,0.0,196
tau(NA),230,A,100,-99.08,-94.74,4.340000000000003,4.340000000000003,4.340000000000003,0.8166491958551783,0.8125556903991259,-96.70350000000002,-96.75,34,56,2olo_A_model_1_relaxed_repeat034_inv.csv,2olo_A_model_1_relaxed_repeat056_inv.csv,2olo_A_model_1_relaxed_repeat034,2olo_A_model_1_relaxed_repeat056,True,False,0.0,196
tau(NA),336,G,100,156.76,161.1,4.340000000000003,4.340000000000003,4.340000000000003,0.7455698857554918,0.7418326698117321,158.8323,158.70499999999998,61,23,2olo_A_model_1_relaxed_repeat061_inv.csv,2olo_A_model_1_relaxed_repeat023_inv.csv,2olo_A_model_1_relaxed_repeat061,2olo_A_model_1_relaxed_repeat023,True,False,0.0,196
tau(NA),34,E,100,-116.4,-112.07,4.3300000000000125,4.3300000000000125,4.3300000000000125,0.8619032908791353,0.8575829464255923,-113.7457,-113.695,11,21,2olo_A_model_1_relaxed_repeat011_inv.csv,2olo_A_model_1_relaxed_repeat021_inv.csv,2olo_A_model_1_relaxed_repeat011,2olo_A_model_1_relaxed_repeat021,True,False,0.0,199
tau(AC),37,T,100,151.52,155.84,4.319999999999993,4.319999999999993,4.319999999999993,0.6657858651111611,0.6624485715887679,153.7383,153.70999999999998,70,23,2olo_A_model_1_relaxed_repeat070_inv.csv,2olo_A_model_1_relaxed_repeat023_inv.csv,2olo_A_model_1_relaxed_repeat070,2olo_A_model_1_relaxed_repeat023,True,False,0.0,176
tau(NA),298,D,100,-64.03,-59.72,4.310000000000002,4.310000000000002,4.310000000000002,1.2827674628070218,1.2763375102221202,-61.49839999999999,-60.84,42,32,2olo_A_model_1_relaxed_repeat042_inv.csv,2olo_A_model_1_relaxed_repeat032_inv.csv,2olo_A_model_1_relaxed_repeat042,2olo_A_model_1_relaxed_repeat032,True,False,0.0,200
tau(AC),285,P,100,-28.77,-24.47,4.300000000000001,4.300000000000011,4.300000000000011,0.9384453671209141,0.9337413506962193,-26.5103,-26.21,20,96,2olo_A_model_1_relaxed_repeat020_inv.csv,2olo_A_model_1_relaxed_repeat096_inv.csv,2olo_A_model_1_relaxed_repeat020,2olo_A_model_1_relaxed_repeat096,True,False,-1.0658141036401503e-14,177
tau(CN),175,T,100,166.89,171.17,4.280000000000001,4.280000000000001,4.280000000000001,0.4251666339997367,0.42303545950664634,167.361,167.325,81,92,2olo_A_model_1_relaxed_repeat081_inv.csv,2olo_A_model_1_relaxed_repeat092_inv.csv,2olo_A_model_1_relaxed_repeat081,2olo_A_model_1_relaxed_repeat092,True,False,0.0,66
tau(AC),254,T,100,-15.69,-11.41,4.279999999999999,4.280000000000001,4.280000000000001,0.8340826388822924,0.8299017471966185,-14.4453,-14.705,65,5,2olo_A_model_1_relaxed_repeat065_inv.csv,2olo_A_model_1_relaxed_repeat005_inv.csv,2olo_A_model_1_relaxed_repeat065,2olo_A_model_1_relaxed_repeat005,True,False,-1.7763568394002505e-15,178
tau(AC),82,R,100,122.6,126.87,4.27000000000001,4.27000000000001,4.27000000000001,1.0018453881803233,0.9968235751626265,125.05740000000002,125.205,77,5,2olo_A_model_1_relaxed_repeat077_inv.csv,2olo_A_model_1_relaxed_repeat005_inv.csv,2olo_A_model_1_relaxed_repeat077,2olo_A_model_1_relaxed_repeat005,True,False,0.0,179
tau(AC),150,I,100,127.51,131.78,4.269999999999996,4.269999999999982,4.269999999999982,0.5857198282214079,0.5827838707445483,128.65640000000002,128.535,35,79,2olo_A_model_1_relaxed_repeat035_inv.csv,2olo_A_model_1_relaxed_repeat079_inv.csv,2olo_A_model_1_relaxed_repeat035,2olo_A_model_1_relaxed_repeat079,True,False,1.4210854715202004e-14,180
tau(NA),282,L,100,-75.94,-71.67,4.269999999999996,4.269999999999982,4.269999999999982,0.7641847573946657,0.7603542332360625,-74.1012,-74.105,26,49,2olo_A_model_1_relaxed_repeat026_inv.csv,2olo_A_model_1_relaxed_repeat049_inv.csv,2olo_A_model_1_relaxed_repeat026,2olo_A_model_1_relaxed_repeat049,True,False,1.4210854715202004e-14,201
tau(AC),246,F,100,117.58,121.84,4.260000000000005,4.259999999999991,4.259999999999991,0.9953930800635421,0.9904036096460883,119.34370000000001,119.28,55,58,2olo_A_model_1_relaxed_repeat055_inv.csv,2olo_A_model_1_relaxed_repeat058_inv.csv,2olo_A_model_1_relaxed_repeat055,2olo_A_model_1_relaxed_repeat058,True,False,1.4210854715202004e-14,181
tau(NA),227,A,100,-77.02,-72.78,4.239999999999995,4.240000000000009,4.240000000000009,0.7773678652863122,0.773471259970272,-74.96889999999999,-74.995,8,50,2olo_A_model_1_relaxed_repeat008_inv.csv,2olo_A_model_1_relaxed_repeat050_inv.csv,2olo_A_model_1_relaxed_repeat008,2olo_A_model_1_relaxed_repeat050,True,False,-1.4210854715202004e-14,202
tau(CN),67,E,100,175.38,179.61,4.230000000000018,4.230000000000018,4.230000000000018,1.1245243169420311,1.1188875680782238,177.47190000000003,176.87,14,43,2olo_A_model_1_relaxed_repeat014_inv.csv,2olo_A_model_1_relaxed_repeat043_inv.csv,2olo_A_model_1_relaxed_repeat014,2olo_A_model_1_relaxed_repeat043,True,False,0.0,67
tau(AC),223,V,100,124.5,128.71,4.210000000000008,4.210000000000008,4.210000000000008,0.8819829071387086,0.8775619123457896,126.8203,126.83,49,57,2olo_A_model_1_relaxed_repeat049_inv.csv,2olo_A_model_1_relaxed_repeat057_inv.csv,2olo_A_model_1_relaxed_repeat049,2olo_A_model_1_relaxed_repeat057,True,False,0.0,182
tau(NA),132,F,100,-71.09,-66.88,4.210000000000008,4.210000000000008,4.210000000000008,1.0612577396179452,1.055938118452024,-68.3163,-67.93,25,68,2olo_A_model_1_relaxed_repeat025_inv.csv,2olo_A_model_1_relaxed_repeat068_inv.csv,2olo_A_model_1_relaxed_repeat025,2olo_A_model_1_relaxed_repeat068,True,False,0.0,203
tau(AC),99,T,100,166.74,170.95,4.2099999999999795,4.2099999999999795,4.2099999999999795,0.9726398525807383,0.9677644341470695,168.68599999999998,168.87,56,35,2olo_A_model_1_relaxed_repeat056_inv.csv,2olo_A_model_1_relaxed_repeat035_inv.csv,2olo_A_model_1_relaxed_repeat056,2olo_A_model_1_relaxed_repeat035,True,False,0.0,183
tau(CN),253,D,100,173.99,178.17,4.179999999999978,4.179999999999978,4.179999999999978,0.7387197429241041,0.7350168637521155,176.38389999999995,176.35,7,69,2olo_A_model_1_relaxed_repeat007_inv.csv,2olo_A_model_1_relaxed_repeat069_inv.csv,2olo_A_model_1_relaxed_repeat007,2olo_A_model_1_relaxed_repeat069,True,False,0.0,68
tau(CN),57,T,100,175.85,179.99,4.140000000000015,4.140000000000015,4.140000000000015,1.1604222498641596,1.1546055603538379,178.23800000000003,178.73000000000002,58,24,2olo_A_model_1_relaxed_repeat058_inv.csv,2olo_A_model_1_relaxed_repeat024_inv.csv,2olo_A_model_1_relaxed_repeat058,2olo_A_model_1_relaxed_repeat024,True,False,0.0,69
tau(NA),318,T,100,-112.23,-108.09,4.140000000000001,4.139999999999986,4.139999999999986,0.842902938443309,0.838677834451347,-110.5643,-110.63,63,23,2olo_A_model_1_relaxed_repeat063_inv.csv,2olo_A_model_1_relaxed_repeat023_inv.csv,2olo_A_model_1_relaxed_repeat063,2olo_A_model_1_relaxed_repeat023,True,False,1.4210854715202004e-14,204
tau(NA),372,V,100,-108.75,-104.61,4.140000000000001,4.139999999999986,4.139999999999986,0.6859843255858654,0.6825457860099934,-106.53049999999999,-106.525,95,23,2olo_A_model_1_relaxed_repeat095_inv.csv,2olo_A_model_1_relaxed_repeat023_inv.csv,2olo_A_model_1_relaxed_repeat095,2olo_A_model_1_relaxed_repeat023,True,False,1.4210854715202004e-14,204
tau(CN),146,D,100,168.99,173.12,4.1299999999999955,4.1299999999999955,4.1299999999999955,0.8987350032465667,0.8942300375183112,171.08919999999995,171.195,57,85,2olo_A_model_1_relaxed_repeat057_inv.csv,2olo_A_model_1_relaxed_repeat085_inv.csv,2olo_A_model_1_relaxed_repeat057,2olo_A_model_1_relaxed_repeat085,True,False,0.0,70
tau(NA),140,E,100,-137.68,-133.56,4.1200000000000045,4.1200000000000045,4.1200000000000045,1.1589886352185064,1.1531791317917608,-135.4917,-134.99,86,79,2olo_A_model_1_relaxed_repeat086_inv.csv,2olo_A_model_1_relaxed_repeat079_inv.csv,2olo_A_model_1_relaxed_repeat086,2olo_A_model_1_relaxed_repeat079,True,False,0.0,206
tau(CN),292,A,100,175.3,179.4,4.099999999999994,4.099999999999994,4.099999999999994,0.4192906347196841,0.41718891404254643,177.69709999999998,177.72,42,96,2olo_A_model_1_relaxed_repeat042_inv.csv,2olo_A_model_1_relaxed_repeat096_inv.csv,2olo_A_model_1_relaxed_repeat042,2olo_A_model_1_relaxed_repeat096,True,False,0.0,71
tau(NA),294,R,100,-64.73,-60.64,4.090000000000003,4.090000000000003,4.090000000000003,0.5747186487774041,0.571837835404409,-63.57430000000002,-63.67,53,42,2olo_A_model_1_relaxed_repeat053_inv.csv,2olo_A_model_1_relaxed_repeat042_inv.csv,2olo_A_model_1_relaxed_repeat053,2olo_A_model_1_relaxed_repeat042,True,False,0.0,207
tau(CN),114,L,100,-178.56,-174.48,4.0800000000000125,4.0800000000000125,4.0800000000000125,0.5645272984604657,0.5616975698719027,-176.43720000000002,-176.515,89,72,2olo_A_model_1_relaxed_repeat089_inv.csv,2olo_A_model_1_relaxed_repeat072_inv.csv,2olo_A_model_1_relaxed_repeat089,2olo_A_model_1_relaxed_repeat072,True,False,0.0,72
tau(NA),225,E,100,-95.31,-91.24,4.070000000000007,4.069999999999993,4.069999999999993,0.7973902888343153,0.7933933198609627,-93.63480000000001,-93.59,19,59,2olo_A_model_1_relaxed_repeat019_inv.csv,2olo_A_model_1_relaxed_repeat059_inv.csv,2olo_A_model_1_relaxed_repeat019,2olo_A_model_1_relaxed_repeat059,True,False,1.4210854715202004e-14,208
tau(AC),299,R,100,-51.58,-47.51,4.07,4.069999999999993,4.069999999999993,0.8193768203564056,0.8152696425109913,-49.1521,-48.995000000000005,61,14,2olo_A_model_1_relaxed_repeat061_inv.csv,2olo_A_model_1_relaxed_repeat014_inv.csv,2olo_A_model_1_relaxed_repeat061,2olo_A_model_1_relaxed_repeat014,True,False,7.105427357601002e-15,184
tau(CN),270,F,100,165.82,169.89,4.069999999999993,4.069999999999993,4.069999999999993,1.096061687233991,1.0905676090917062,167.6827,167.835,23,32,2olo_A_model_1_relaxed_repeat023_inv.csv,2olo_A_model_1_relaxed_repeat032_inv.csv,2olo_A_model_1_relaxed_repeat023,2olo_A_model_1_relaxed_repeat032,True,False,0.0,73
tau(CN),220,A,100,169.35,173.4,4.050000000000011,4.050000000000011,4.050000000000011,0.8558911476149617,0.8516009394076544,171.2328,171.2,55,76,2olo_A_model_1_relaxed_repeat055_inv.csv,2olo_A_model_1_relaxed_repeat076_inv.csv,2olo_A_model_1_relaxed_repeat055,2olo_A_model_1_relaxed_repeat076,True,False,0.0,74
tau(NA),299,R,100,-65.42,-61.37,4.050000000000004,4.050000000000011,4.050000000000011,0.7207903280217465,0.7171773211695974,-63.9987,-64.12,51,5,2olo_A_model_1_relaxed_repeat051_inv.csv,2olo_A_model_1_relaxed_repeat005_inv.csv,2olo_A_model_1_relaxed_repeat051,2olo_A_model_1_relaxed_repeat005,True,False,-7.105427357601002e-15,209
tau(NA),158,A,100,-61.56,-57.52,4.039999999999999,4.039999999999992,4.039999999999992,1.1531006728018858,1.1473206831570675,-60.2695,-60.855000000000004,58,48,2olo_A_model_1_relaxed_repeat058_inv.csv,2olo_A_model_1_relaxed_repeat048_inv.csv,2olo_A_model_1_relaxed_repeat058,2olo_A_model_1_relaxed_repeat048,True,False,7.105427357601002e-15,210
tau(CN),15,V,100,175.12,179.16,4.039999999999992,4.039999999999992,4.039999999999992,0.8075746142467313,0.8035265957017224,177.70489999999998,177.335,97,23,2olo_A_model_1_relaxed_repeat097_inv.csv,2olo_A_model_1_relaxed_repeat023_inv.csv,2olo_A_model_1_relaxed_repeat097,2olo_A_model_1_relaxed_repeat023,True,False,0.0,75
tau(CN),97,V,100,171.14,175.13,3.990000000000009,3.990000000000009,3.990000000000009,0.8039951442136904,0.7999650679873472,173.8067,173.965,86,52,2olo_A_model_1_relaxed_repeat086_inv.csv,2olo_A_model_1_relaxed_repeat052_inv.csv,2olo_A_model_1_relaxed_repeat086,2olo_A_model_1_relaxed_repeat052,True,False,0.0,76
tau(NA),311,V,100,-108.48,-104.49,3.990000000000009,3.990000000000009,3.990000000000009,0.7953888509668875,0.7914019143267226,-106.24510000000001,-106.205,91,38,2olo_A_model_1_relaxed_repeat091_inv.csv,2olo_A_model_1_relaxed_repeat038_inv.csv,2olo_A_model_1_relaxed_repeat091,2olo_A_model_1_relaxed_repeat038,True,False,0.0,211
tau(AC),113,K,100,-41.88,-37.91,3.970000000000006,3.969999999999999,3.969999999999999,0.6704355511776119,0.6670749508113761,-40.195100000000004,-40.355000000000004,20,5,2olo_A_model_1_relaxed_repeat020_inv.csv,2olo_A_model_1_relaxed_repeat005_inv.csv,2olo_A_model_1_relaxed_repeat020,2olo_A_model_1_relaxed_repeat005,True,False,7.105427357601002e-15,185
tau(AC),317,R,100,137.04,141.0,3.960000000000008,3.960000000000008,3.960000000000008,0.6543442627099384,0.6510643209391824,139.38250000000002,139.41,94,59,2olo_A_model_1_relaxed_repeat094_inv.csv,2olo_A_model_1_relaxed_repeat059_inv.csv,2olo_A_model_1_relaxed_repeat094,2olo_A_model_1_relaxed_repeat059,True,False,0.0,186
tau(CN),13,G,100,-175.62,-171.66,3.960000000000008,3.960000000000008,3.960000000000008,0.9119196037131573,0.9073485493458389,-174.5031,-174.74,37,63,2olo_A_model_1_relaxed_repeat037_inv.csv,2olo_A_model_1_relaxed_repeat063_inv.csv,2olo_A_model_1_relaxed_repeat037,2olo_A_model_1_relaxed_repeat063,True,False,0.0,77
tau(AC),338,A,100,16.4,20.36,3.960000000000001,3.960000000000008,3.960000000000008,0.6786112973781772,0.6752097155699108,18.057199999999998,18.0,61,98,2olo_A_model_1_relaxed_repeat061_inv.csv,2olo_A_model_1_relaxed_repeat098_inv.csv,2olo_A_model_1_relaxed_repeat061,2olo_A_model_1_relaxed_repeat098,True,False,-7.105427357601002e-15,186
tau(NA),119,E,100,-115.93,-111.98,3.950000000000003,3.9499999999999886,3.9499999999999886,0.5927066489564397,0.5897356696012209,-113.45280000000001,-113.435,93,87,2olo_A_model_1_relaxed_repeat093_inv.csv,2olo_A_model_1_relaxed_repeat087_inv.csv,2olo_A_model_1_relaxed_repeat093,2olo_A_model_1_relaxed_repeat087,True,False,1.4210854715202004e-14,212
tau(AC),231,Y,100,157.12,161.05,3.930000000000007,3.930000000000007,3.930000000000007,0.8394886550872505,0.8352806654053466,158.87610000000004,158.86,21,66,2olo_A_model_1_relaxed_repeat021_inv.csv,2olo_A_model_1_relaxed_repeat066_inv.csv,2olo_A_model_1_relaxed_repeat021,2olo_A_model_1_relaxed_repeat066,True,False,0.0,188
tau(CN),107,T,100,171.15,175.08,3.930000000000007,3.930000000000007,3.930000000000007,0.670215365657663,0.6668558689851942,173.8335,174.01999999999998,19,16,2olo_A_model_1_relaxed_repeat019_inv.csv,2olo_A_model_1_relaxed_repeat016_inv.csv,2olo_A_model_1_relaxed_repeat019,2olo_A_model_1_relaxed_repeat016,True,False,0.0,78
tau(AC),16,G,100,-46.23,-42.3,3.9299999999999997,3.930000000000007,3.930000000000007,1.3838639033627198,1.3769271985112357,-44.7457,-45.57,16,35,2olo_A_model_1_relaxed_repeat016_inv.csv,2olo_A_model_1_relaxed_repeat035_inv.csv,2olo_A_model_1_relaxed_repeat016,2olo_A_model_1_relaxed_repeat035,True,False,-7.105427357601002e-15,188
tau(CN),355,W,100,-163.02,-159.1,3.920000000000016,3.920000000000016,3.920000000000016,0.921643437703881,0.9170236420071194,-160.8658,-160.85000000000002,44,75,2olo_A_model_1_relaxed_repeat044_inv.csv,2olo_A_model_1_relaxed_repeat075_inv.csv,2olo_A_model_1_relaxed_repeat044,2olo_A_model_1_relaxed_repeat075,True,False,0.0,79
tau(NA),134,G,100,60.05,63.97,3.9200000000000017,3.920000000000016,3.920000000000016,0.883036908525449,0.8786106304842893,61.5356,61.23,94,24,2olo_A_model_1_relaxed_repeat094_inv.csv,2olo_A_model_1_relaxed_repeat024_inv.csv,2olo_A_model_1_relaxed_repeat094,2olo_A_model_1_relaxed_repeat024,True,False,-1.4210854715202004e-14,213
tau(AC),60,D,100,-50.94,-47.06,3.8799999999999955,3.8799999999999955,3.8799999999999955,0.6268769473115973,0.6237346871867878,-48.59480000000001,-48.52,20,49,2olo_A_model_1_relaxed_repeat020_inv.csv,2olo_A_model_1_relaxed_repeat049_inv.csv,2olo_A_model_1_relaxed_repeat020,2olo_A_model_1_relaxed_repeat049,True,False,0.0,190
tau(AC),219,L,100,134.27,138.15,3.8799999999999955,3.8799999999999955,3.8799999999999955,0.8324169203547775,0.8282443781879856,136.57649999999998,136.79000000000002,74,34,2olo_A_model_1_relaxed_repeat074_inv.csv,2olo_A_model_1_relaxed_repeat034_inv.csv,2olo_A_model_1_relaxed_repeat074,2olo_A_model_1_relaxed_repeat034,True,False,0.0,190
tau(AC),279,V,100,153.29,157.17,3.8799999999999955,3.8799999999999955,3.8799999999999955,0.8244585551080832,0.8203259047476187,155.1371,155.10500000000002,31,47,2olo_A_model_1_relaxed_repeat031_inv.csv,2olo_A_model_1_relaxed_repeat047_inv.csv,2olo_A_model_1_relaxed_repeat031,2olo_A_model_1_relaxed_repeat047,True,False,0.0,190
tau(AC),151,D,100,96.92,100.79,3.8700000000000045,3.8700000000000045,3.8700000000000045,0.8184731041532292,0.814370456242121,98.7726,98.68,72,23,2olo_A_model_1_relaxed_repeat072_inv.csv,2olo_A_model_1_relaxed_repeat023_inv.csv,2olo_A_model_1_relaxed_repeat072,2olo_A_model_1_relaxed_repeat023,True,False,0.0,193
tau(CN),78,R,100,175.89,179.76,3.8700000000000045,3.8700000000000045,3.8700000000000045,0.9020507443899963,0.8975291583007212,177.46710000000002,177.175,93,73,2olo_A_model_1_relaxed_repeat093_inv.csv,2olo_A_model_1_relaxed_repeat073_inv.csv,2olo_A_model_1_relaxed_repeat093,2olo_A_model_1_relaxed_repeat073,True,False,0.0,80
tau(AC),124,T,100,-30.07,-26.2,3.870000000000001,3.8700000000000045,3.8700000000000045,0.6499719030446431,0.646713878001702,-28.275399999999994,-28.355,70,99,2olo_A_model_1_relaxed_repeat070_inv.csv,2olo_A_model_1_relaxed_repeat099_inv.csv,2olo_A_model_1_relaxed_repeat070,2olo_A_model_1_relaxed_repeat099,True,False,-3.552713678800501e-15,193
tau(AC),301,S,100,-38.22,-34.35,3.8699999999999974,3.8700000000000045,3.8700000000000045,1.0453894687694825,1.0401493883091983,-35.7705,-35.39,5,77,2olo_A_model_1_relaxed_repeat005_inv.csv,2olo_A_model_1_relaxed_repeat077_inv.csv,2olo_A_model_1_relaxed_repeat005,2olo_A_model_1_relaxed_repeat077,True,False,-7.105427357601002e-15,193
tau(AC),274,G,100,145.36,149.21,3.8499999999999943,3.8499999999999943,3.8499999999999943,0.6882498591985825,0.6847999634929897,146.7301,146.65499999999997,64,75,2olo_A_model_1_relaxed_repeat064_inv.csv,2olo_A_model_1_relaxed_repeat075_inv.csv,2olo_A_model_1_relaxed_repeat064,2olo_A_model_1_relaxed_repeat075,True,False,0.0,196
tau(NA),231,Y,100,-119.67,-115.83,3.8400000000000034,3.8400000000000034,3.8400000000000034,0.7099626110513916,0.7064038788115482,-118.20659999999998,-118.25,6,3,2olo_A_model_1_relaxed_repeat006_inv.csv,2olo_A_model_1_relaxed_repeat003_inv.csv,2olo_A_model_1_relaxed_repeat006,2olo_A_model_1_relaxed_repeat003,True,False,0.0,214
tau(NA),309,P,100,-68.52,-64.68,3.839999999999989,3.839999999999975,3.839999999999975,0.9765069887050982,0.9716121860083888,-67.2976,-67.54499999999999,43,44,2olo_A_model_1_relaxed_repeat043_inv.csv,2olo_A_model_1_relaxed_repeat044_inv.csv,2olo_A_model_1_relaxed_repeat043,2olo_A_model_1_relaxed_repeat044,True,False,1.4210854715202004e-14,215
tau(AC),344,H,100,18.25,22.08,3.8299999999999983,3.829999999999984,3.829999999999984,0.623513172890258,0.6203877738962946,19.1901,19.064999999999998,41,65,2olo_A_model_1_relaxed_repeat041_inv.csv,2olo_A_model_1_relaxed_repeat065_inv.csv,2olo_A_model_1_relaxed_repeat041,2olo_A_model_1_relaxed_repeat065,True,False,1.4210854715202004e-14,197
tau(NA),292,A,100,-64.02,-60.19,3.8299999999999983,3.829999999999984,3.829999999999984,0.47931980425126874,0.4769171835864166,-61.08999999999999,-61.03,96,62,2olo_A_model_1_relaxed_repeat096_inv.csv,2olo_A_model_1_relaxed_repeat062_inv.csv,2olo_A_model_1_relaxed_repeat096,2olo_A_model_1_relaxed_repeat062,True,False,1.4210854715202004e-14,216
tau(NA),300,L,100,-63.62,-59.79,3.8299999999999983,3.829999999999984,3.829999999999984,0.7262261383621523,0.7225858841687954,-61.1542,-61.18,5,80,2olo_A_model_1_relaxed_repeat005_inv.csv,2olo_A_model_1_relaxed_repeat080_inv.csv,2olo_A_model_1_relaxed_repeat005,2olo_A_model_1_relaxed_repeat080,True,False,1.4210854715202004e-14,216
tau(CN),279,V,100,173.26,177.08,3.8200000000000216,3.8200000000000216,3.8200000000000216,0.7688056853446027,0.7649519984940247,174.81620000000007,174.675,91,56,2olo_A_model_1_relaxed_repeat091_inv.csv,2olo_A_model_1_relaxed_repeat056_inv.csv,2olo_A_model_1_relaxed_repeat091,2olo_A_model_1_relaxed_repeat056,True,False,0.0,81
tau(AC),284,H,100,144.58,148.38,3.799999999999983,3.799999999999983,3.799999999999983,1.1896373948868317,1.1836742626246448,146.11180000000002,145.53500000000003,41,6,2olo_A_model_1_relaxed_repeat041_inv.csv,2olo_A_model_1_relaxed_repeat006_inv.csv,2olo_A_model_1_relaxed_repeat041,2olo_A_model_1_relaxed_repeat006,True,False,0.0,198
tau(CN),249,P,100,168.19,171.98,3.789999999999992,3.789999999999992,3.789999999999992,0.7669299350348272,0.7630856505006492,170.2427,170.245,53,35,2olo_A_model_1_relaxed_repeat053_inv.csv,2olo_A_model_1_relaxed_repeat035_inv.csv,2olo_A_model_1_relaxed_repeat053,2olo_A_model_1_relaxed_repeat035,True,False,0.0,82
tau(AC),81,R,100,133.1,136.87,3.7700000000000102,3.7700000000000102,3.7700000000000102,0.7999343407398826,0.7959246195463494,134.822,134.82,30,86,2olo_A_model_1_relaxed_repeat030_inv.csv,2olo_A_model_1_relaxed_repeat086_inv.csv,2olo_A_model_1_relaxed_repeat030,2olo_A_model_1_relaxed_repeat086,True,False,0.0,199
tau(NA),296,Q,100,-67.05,-63.28,3.769999999999996,3.769999999999982,3.769999999999982,0.776836234578135,0.7729422940944556,-64.9461,-64.925,46,18,2olo_A_model_1_relaxed_repeat046_inv.csv,2olo_A_model_1_relaxed_repeat018_inv.csv,2olo_A_model_1_relaxed_repeat046,2olo_A_model_1_relaxed_repeat018,True,False,1.4210854715202004e-14,218
tau(AC),25,E,100,-28.63,-24.87,3.759999999999998,3.759999999999991,3.759999999999991,0.6276288873227716,0.6244828580513639,-27.055399999999995,-26.994999999999997,29,90,2olo_A_model_1_relaxed_repeat029_inv.csv,2olo_A_model_1_relaxed_repeat090_inv.csv,2olo_A_model_1_relaxed_repeat029,2olo_A_model_1_relaxed_repeat090,True,False,7.105427357601002e-15,200
tau(AC),383,L,100,-14.36,-10.61,3.75,3.75,3.75,0.8415257667841289,0.8373075659517236,-12.219800000000003,-12.2,40,97,2olo_A_model_1_relaxed_repeat040_inv.csv,2olo_A_model_1_relaxed_repeat097_inv.csv,2olo_A_model_1_relaxed_repeat040,2olo_A_model_1_relaxed_repeat097,True,False,0.0,201
tau(CN),337,T,100,173.17,176.92,3.75,3.75,3.75,1.0102061795754989,1.0051424575650956,175.23080000000002,175.525,22,15,2olo_A_model_1_relaxed_repeat022_inv.csv,2olo_A_model_1_relaxed_repeat015_inv.csv,2olo_A_model_1_relaxed_repeat022,2olo_A_model_1_relaxed_repeat015,True,False,0.0,83
tau(NA),248,Q,100,-60.02,-56.28,3.740000000000002,3.740000000000009,3.740000000000009,0.7103897351155741,0.7068288618894958,-59.0436,-59.215,64,35,2olo_A_model_1_relaxed_repeat064_inv.csv,2olo_A_model_1_relaxed_repeat035_inv.csv,2olo_A_model_1_relaxed_repeat064,2olo_A_model_1_relaxed_repeat035,True,False,-7.105427357601002e-15,219
tau(AC),76,E,100,-41.55,-37.81,3.739999999999995,3.740000000000009,3.740000000000009,0.634832324955244,0.6316501879996551,-40.2998,-40.42,52,77,2olo_A_model_1_relaxed_repeat052_inv.csv,2olo_A_model_1_relaxed_repeat077_inv.csv,2olo_A_model_1_relaxed_repeat052,2olo_A_model_1_relaxed_repeat077,True,False,-1.4210854715202004e-14,202
tau(AC),236,P,100,140.55,144.29,3.7399999999999807,3.7399999999999807,3.7399999999999807,0.6278824119469529,0.6247351118674217,142.83980000000003,142.91,10,56,2olo_A_model_1_relaxed_repeat010_inv.csv,2olo_A_model_1_relaxed_repeat056_inv.csv,2olo_A_model_1_relaxed_repeat010,2olo_A_model_1_relaxed_repeat056,True,False,0.0,203
tau(AC),378,Y,100,135.94,139.62,3.680000000000007,3.680000000000007,3.680000000000007,0.7037760993240673,0.7002483773633478,137.6489,137.52499999999998,14,50,2olo_A_model_1_relaxed_repeat014_inv.csv,2olo_A_model_1_relaxed_repeat050_inv.csv,2olo_A_model_1_relaxed_repeat014,2olo_A_model_1_relaxed_repeat050,True,False,0.0,204
tau(AC),127,E,100,-46.98,-43.3,3.6799999999999997,3.680000000000007,3.680000000000007,0.7928856643726616,0.7889112751127342,-45.111000000000004,-44.989999999999995,12,60,2olo_A_model_1_relaxed_repeat012_inv.csv,2olo_A_model_1_relaxed_repeat060_inv.csv,2olo_A_model_1_relaxed_repeat012,2olo_A_model_1_relaxed_repeat060,True,False,-7.105427357601002e-15,204
tau(AC),292,A,100,126.67,130.35,3.6799999999999926,3.680000000000007,3.680000000000007,0.5925864894466859,0.5896161123985671,128.42780000000002,128.39,62,72,2olo_A_model_1_relaxed_repeat062_inv.csv,2olo_A_model_1_relaxed_repeat072_inv.csv,2olo_A_model_1_relaxed_repeat062,2olo_A_model_1_relaxed_repeat072,True,False,-1.4210854715202004e-14,204
tau(CN),51,H,100,156.11,159.79,3.6799999999999784,3.6799999999999784,3.6799999999999784,0.7307724154840017,0.7271093727906409,157.91140000000001,157.945,68,5,2olo_A_model_1_relaxed_repeat068_inv.csv,2olo_A_model_1_relaxed_repeat005_inv.csv,2olo_A_model_1_relaxed_repeat068,2olo_A_model_1_relaxed_repeat005,True,False,0.0,84
tau(AC),95,T,100,-20.97,-17.3,3.669999999999998,3.6699999999999875,3.6699999999999875,0.5559585407113544,0.5531717635599269,-18.789,-18.79,85,93,2olo_A_model_1_relaxed_repeat085_inv.csv,2olo_A_model_1_relaxed_repeat093_inv.csv,2olo_A_model_1_relaxed_repeat085,2olo_A_model_1_relaxed_repeat093,True,False,1.0658141036401503e-14,207
tau(AC),300,L,100,-52.63,-48.97,3.6600000000000037,3.6599999999999966,3.6599999999999966,0.9929325203149456,0.9879553836079845,-51.17960000000001,-51.620000000000005,4,45,2olo_A_model_1_relaxed_repeat004_inv.csv,2olo_A_model_1_relaxed_repeat045_inv.csv,2olo_A_model_1_relaxed_repeat004,2olo_A_model_1_relaxed_repeat045,True,False,7.105427357601002e-15,208
tau(AC),83,L,100,-34.12,-30.46,3.6599999999999966,3.6599999999999966,3.6599999999999966,0.6417847195614944,0.6385677332906822,-31.8285,-31.795,10,24,2olo_A_model_1_relaxed_repeat010_inv.csv,2olo_A_model_1_relaxed_repeat024_inv.csv,2olo_A_model_1_relaxed_repeat010,2olo_A_model_1_relaxed_repeat024,True,False,0.0,208
tau(CN),64,L,100,176.14,179.79,3.6500000000000057,3.6500000000000057,3.6500000000000057,1.07911252350431,1.0737034041112106,178.57899999999998,179.06,28,21,2olo_A_model_1_relaxed_repeat028_inv.csv,2olo_A_model_1_relaxed_repeat021_inv.csv,2olo_A_model_1_relaxed_repeat028,2olo_A_model_1_relaxed_repeat021,True,False,0.0,85
tau(CN),133,R,100,169.16,172.81,3.6500000000000057,3.6500000000000057,3.6500000000000057,0.8119832995744916,0.8079131822170001,171.2777,171.55,54,77,2olo_A_model_1_relaxed_repeat054_inv.csv,2olo_A_model_1_relaxed_repeat077_inv.csv,2olo_A_model_1_relaxed_repeat054,2olo_A_model_1_relaxed_repeat077,True,False,0.0,85
tau(CN),4,S,100,175.85,179.46,3.6100000000000136,3.6100000000000136,3.6100000000000136,0.635098783376622,0.6319153107814375,177.3648,177.28,23,26,2olo_A_model_1_relaxed_repeat023_inv.csv,2olo_A_model_1_relaxed_repeat026_inv.csv,2olo_A_model_1_relaxed_repeat023,2olo_A_model_1_relaxed_repeat026,True,False,0.0,87
tau(CN),276,D,100,-175.64,-172.03,3.609999999999985,3.609999999999985,3.609999999999985,0.5172691599529038,0.5146763157558341,-174.23269999999994,-174.22,11,5,2olo_A_model_1_relaxed_repeat011_inv.csv,2olo_A_model_1_relaxed_repeat005_inv.csv,2olo_A_model_1_relaxed_repeat011,2olo_A_model_1_relaxed_repeat005,True,False,0.0,88
tau(NA),350,V,100,-122.01,-118.43,3.5799999999999983,3.579999999999984,3.579999999999984,0.8023820282084583,0.7983600378275455,-120.05450000000002,-120.09,42,30,2olo_A_model_1_relaxed_repeat042_inv.csv,2olo_A_model_1_relaxed_repeat030_inv.csv,2olo_A_model_1_relaxed_repeat042,2olo_A_model_1_relaxed_repeat030,True,False,1.4210854715202004e-14,220
tau(NA),355,W,100,-78.53,-74.95,3.5799999999999983,3.579999999999984,3.579999999999984,0.6208245657302406,0.6177126435487624,-76.60970000000002,-76.68,100,19,2olo_A_model_1_relaxed_repeat100_inv.csv,2olo_A_model_1_relaxed_repeat019_inv.csv,2olo_A_model_1_relaxed_repeat100,2olo_A_model_1_relaxed_repeat019,True,False,1.4210854715202004e-14,220
tau(CN),103,Q,100,-176.79,-173.21,3.579999999999984,3.579999999999984,3.579999999999984,0.9516178409169903,0.9468477966389314,-174.88649999999998,-174.635,87,74,2olo_A_model_1_relaxed_repeat087_inv.csv,2olo_A_model_1_relaxed_repeat074_inv.csv,2olo_A_model_1_relaxed_repeat087,2olo_A_model_1_relaxed_repeat074,True,False,0.0,89
tau(AC),116,V,100,123.5,127.06,3.5600000000000023,3.5600000000000023,3.5600000000000023,0.7194942878877011,0.7158877775182363,125.54369999999999,125.44,57,98,2olo_A_model_1_relaxed_repeat057_inv.csv,2olo_A_model_1_relaxed_repeat098_inv.csv,2olo_A_model_1_relaxed_repeat057,2olo_A_model_1_relaxed_repeat098,True,False,0.0,210
tau(NA),124,T,100,-66.56,-63.03,3.530000000000001,3.530000000000001,3.530000000000001,0.6842316637637945,0.6808019095155364,-64.8474,-64.735,59,13,2olo_A_model_1_relaxed_repeat059_inv.csv,2olo_A_model_1_relaxed_repeat013_inv.csv,2olo_A_model_1_relaxed_repeat059,2olo_A_model_1_relaxed_repeat013,True,False,0.0,222
tau(NA),145,P,100,-74.9,-71.37,3.530000000000001,3.530000000000001,3.530000000000001,0.7207249156511827,0.7171122366826551,-73.1802,-73.13,29,93,2olo_A_model_1_relaxed_repeat029_inv.csv,2olo_A_model_1_relaxed_repeat093_inv.csv,2olo_A_model_1_relaxed_repeat029,2olo_A_model_1_relaxed_repeat093,True,False,0.0,222
tau(AC),232,R,100,129.92,133.44,3.5200000000000102,3.5200000000000102,3.5200000000000102,0.6296670516706394,0.6265108059722512,131.77609999999999,131.73000000000002,93,99,2olo_A_model_1_relaxed_repeat093_inv.csv,2olo_A_model_1_relaxed_repeat099_inv.csv,2olo_A_model_1_relaxed_repeat093,2olo_A_model_1_relaxed_repeat099,True,False,0.0,211
tau(AC),296,Q,100,-41.84,-38.32,3.520000000000003,3.5200000000000102,3.5200000000000102,0.5638528624606344,0.561026514524938,-40.6385,-40.614999999999995,76,5,2olo_A_model_1_relaxed_repeat076_inv.csv,2olo_A_model_1_relaxed_repeat005_inv.csv,2olo_A_model_1_relaxed_repeat076,2olo_A_model_1_relaxed_repeat005,True,False,-7.105427357601002e-15,211
tau(NA),284,H,100,-154.99,-151.5,3.490000000000009,3.490000000000009,3.490000000000009,1.0180248007536425,1.0129218874128443,-153.5575,-153.85,44,100,2olo_A_model_1_relaxed_repeat044_inv.csv,2olo_A_model_1_relaxed_repeat100_inv.csv,2olo_A_model_1_relaxed_repeat044,2olo_A_model_1_relaxed_repeat100,True,False,0.0,224
tau(NA),247,Q,100,-142.26,-138.77,3.4899999999999807,3.4899999999999807,3.4899999999999807,0.966131283297283,0.9612884894764935,-140.31380000000001,-140.125,77,75,2olo_A_model_1_relaxed_repeat077_inv.csv,2olo_A_model_1_relaxed_repeat075_inv.csv,2olo_A_model_1_relaxed_repeat077,2olo_A_model_1_relaxed_repeat075,True,False,0.0,225
tau(AC),66,L,100,-42.76,-39.29,3.469999999999999,3.469999999999999,3.469999999999999,0.9930685227662245,0.9880907043384227,-41.1774,-40.775,30,77,2olo_A_model_1_relaxed_repeat030_inv.csv,2olo_A_model_1_relaxed_repeat077_inv.csv,2olo_A_model_1_relaxed_repeat030,2olo_A_model_1_relaxed_repeat077,True,False,0.0,213
tau(AC),313,P,100,-4.58,-1.14,3.4400000000000004,3.4399999999999977,3.4399999999999977,0.705542638074705,0.7020060612273943,-2.6392999999999995,-2.61,14,11,2olo_A_model_1_relaxed_repeat014_inv.csv,2olo_A_model_1_relaxed_repeat011_inv.csv,2olo_A_model_1_relaxed_repeat014,2olo_A_model_1_relaxed_repeat011,True,False,2.6645352591003757e-15,214
tau(AC),350,V,100,124.87,128.3,3.430000000000007,3.430000000000007,3.430000000000007,0.6545154040520471,0.6512346044245502,126.5693,126.57499999999999,21,81,2olo_A_model_1_relaxed_repeat021_inv.csv,2olo_A_model_1_relaxed_repeat081_inv.csv,2olo_A_model_1_relaxed_repeat021,2olo_A_model_1_relaxed_repeat081,True,False,0.0,215
tau(AC),106,G,100,-39.91,-36.48,3.4299999999999997,3.430000000000007,3.430000000000007,0.5600521620728058,0.5572448653868425,-38.699600000000004,-38.72,29,19,2olo_A_model_1_relaxed_repeat029_inv.csv,2olo_A_model_1_relaxed_repeat019_inv.csv,2olo_A_model_1_relaxed_repeat029,2olo_A_model_1_relaxed_repeat019,True,False,-7.105427357601002e-15,215
tau(NA),155,T,100,-64.31,-60.88,3.4299999999999997,3.430000000000007,3.430000000000007,0.4899031031796496,0.4874474330632995,-63.17099999999999,-63.195,44,51,2olo_A_model_1_relaxed_repeat044_inv.csv,2olo_A_model_1_relaxed_repeat051_inv.csv,2olo_A_model_1_relaxed_repeat044,2olo_A_model_1_relaxed_repeat051,True,False,-7.105427357601002e-15,226
tau(AC),230,A,100,125.45,128.88,3.4299999999999926,3.430000000000007,3.430000000000007,0.6107281628424295,0.6076668495154234,127.209,127.18,80,81,2olo_A_model_1_relaxed_repeat080_inv.csv,2olo_A_model_1_relaxed_repeat081_inv.csv,2olo_A_model_1_relaxed_repeat080,2olo_A_model_1_relaxed_repeat081,True,False,-1.4210854715202004e-14,215
tau(CN),87,I,100,-176.3,-172.88,3.420000000000016,3.420000000000016,3.420000000000016,0.7296228720054874,0.7259655914711113,-174.37140000000002,-174.435,15,33,2olo_A_model_1_relaxed_repeat015_inv.csv,2olo_A_model_1_relaxed_repeat033_inv.csv,2olo_A_model_1_relaxed_repeat015,2olo_A_model_1_relaxed_repeat033,True,False,0.0,90
tau(CN),257,F,100,172.26,175.68,3.420000000000016,3.420000000000016,3.420000000000016,0.5696363805627285,0.5667810423788004,173.5465,173.465,46,85,2olo_A_model_1_relaxed_repeat046_inv.csv,2olo_A_model_1_relaxed_repeat085_inv.csv,2olo_A_model_1_relaxed_repeat046,2olo_A_model_1_relaxed_repeat085,True,False,0.0,90
tau(AC),13,G,100,-176.13,-172.73,3.4000000000000057,3.4000000000000057,3.4000000000000057,0.6127826579290447,0.6097110463162028,-173.76379999999997,-173.68,23,68,2olo_A_model_1_relaxed_repeat023_inv.csv,2olo_A_model_1_relaxed_repeat068_inv.csv,2olo_A_model_1_relaxed_repeat023,2olo_A_model_1_relaxed_repeat068,True,False,0.0,218
tau(NA),316,V,100,-76.21,-72.81,3.3999999999999915,3.3999999999999773,3.3999999999999773,0.6251278980247864,0.6219944051195307,-74.7236,-74.795,92,35,2olo_A_model_1_relaxed_repeat092_inv.csv,2olo_A_model_1_relaxed_repeat035_inv.csv,2olo_A_model_1_relaxed_repeat092,2olo_A_model_1_relaxed_repeat035,True,False,1.4210854715202004e-14,227
tau(NA),197,A,100,-126.36,-122.97,3.3900000000000006,3.3899999999999864,3.3899999999999864,0.6786752618971102,0.6752733594626699,-124.5083,-124.4,25,57,2olo_A_model_1_relaxed_repeat025_inv.csv,2olo_A_model_1_relaxed_repeat057_inv.csv,2olo_A_model_1_relaxed_repeat025,2olo_A_model_1_relaxed_repeat057,True,False,1.4210854715202004e-14,228
tau(NA),196,R,100,-116.88,-113.5,3.3799999999999955,3.3799999999999955,3.3799999999999955,0.5620573319906469,0.5592399842643584,-115.7792,-115.77000000000001,33,76,2olo_A_model_1_relaxed_repeat033_inv.csv,2olo_A_model_1_relaxed_repeat076_inv.csv,2olo_A_model_1_relaxed_repeat033,2olo_A_model_1_relaxed_repeat076,True,False,0.0,229
tau(CN),350,V,100,163.99,167.36,3.3700000000000045,3.3700000000000045,3.3700000000000045,0.6964310171267222,0.6929401128524738,165.83599999999998,165.98,85,36,2olo_A_model_1_relaxed_repeat085_inv.csv,2olo_A_model_1_relaxed_repeat036_inv.csv,2olo_A_model_1_relaxed_repeat085,2olo_A_model_1_relaxed_repeat036,True,False,0.0,92
tau(NA),68,T,100,-76.37,-73.0,3.3700000000000045,3.3700000000000045,3.3700000000000045,0.9558004736630683,0.9510094636753098,-74.569,-74.18,68,31,2olo_A_model_1_relaxed_repeat068_inv.csv,2olo_A_model_1_relaxed_repeat031_inv.csv,2olo_A_model_1_relaxed_repeat068,2olo_A_model_1_relaxed_repeat031,True,False,0.0,230
tau(NA),215,L,100,-93.11,-89.75,3.3599999999999994,3.3600000000000136,3.3600000000000136,0.4325972652934756,0.43042884429368783,-90.8401,-90.82,55,54,2olo_A_model_1_relaxed_repeat055_inv.csv,2olo_A_model_1_relaxed_repeat054_inv.csv,2olo_A_model_1_relaxed_repeat055,2olo_A_model_1_relaxed_repeat054,True,False,-1.4210854715202004e-14,231
tau(NA),66,L,100,-65.97,-62.62,3.3500000000000014,3.3499999999999943,3.3499999999999943,0.8091671737975512,0.8051111724476324,-63.77199999999999,-63.575,13,14,2olo_A_model_1_relaxed_repeat013_inv.csv,2olo_A_model_1_relaxed_repeat014_inv.csv,2olo_A_model_1_relaxed_repeat013,2olo_A_model_1_relaxed_repeat014,True,False,7.105427357601002e-15,232
tau(NA),280,D,100,52.93,56.28,3.3500000000000014,3.3499999999999943,3.3499999999999943,0.6108971379302028,0.6078349776049418,55.0392,55.11,13,71,2olo_A_model_1_relaxed_repeat013_inv.csv,2olo_A_model_1_relaxed_repeat071_inv.csv,2olo_A_model_1_relaxed_repeat013,2olo_A_model_1_relaxed_repeat071,True,False,7.105427357601002e-15,232
tau(NA),293,D,100,-62.53,-59.18,3.3500000000000014,3.3499999999999943,3.3499999999999943,0.4714446313238071,0.46908148545855016,-61.16159999999999,-61.144999999999996,26,42,2olo_A_model_1_relaxed_repeat026_inv.csv,2olo_A_model_1_relaxed_repeat042_inv.csv,2olo_A_model_1_relaxed_repeat026,2olo_A_model_1_relaxed_repeat042,True,False,7.105427357601002e-15,232
tau(CN),294,R,100,176.49,179.82,3.329999999999984,3.329999999999984,3.329999999999984,0.6139009560494129,0.6108237388969091,177.70059999999998,177.595,46,69,2olo_A_model_1_relaxed_repeat046_inv.csv,2olo_A_model_1_relaxed_repeat069_inv.csv,2olo_A_model_1_relaxed_repeat046,2olo_A_model_1_relaxed_repeat069,True,False,0.0,93
tau(AC),139,Y,100,127.7,131.02,3.3200000000000074,3.319999999999993,3.319999999999993,0.6543292579258383,0.6510493913675063,129.36130000000003,129.345,98,35,2olo_A_model_1_relaxed_repeat098_inv.csv,2olo_A_model_1_relaxed_repeat035_inv.csv,2olo_A_model_1_relaxed_repeat098,2olo_A_model_1_relaxed_repeat035,True,False,1.4210854715202004e-14,219
tau(NA),310,T,100,-78.06,-74.74,3.3200000000000074,3.319999999999993,3.319999999999993,0.8358078654085447,0.8316183259164026,-76.68639999999999,-77.0,2,84,2olo_A_model_1_relaxed_repeat002_inv.csv,2olo_A_model_1_relaxed_repeat084_inv.csv,2olo_A_model_1_relaxed_repeat002,2olo_A_model_1_relaxed_repeat084,True,False,1.4210854715202004e-14,235
tau(AC),215,L,100,1.85,5.16,3.31,3.3100000000000023,3.3100000000000023,0.5975631998188793,0.5945678766970177,3.634800000000001,3.63,65,55,2olo_A_model_1_relaxed_repeat065_inv.csv,2olo_A_model_1_relaxed_repeat055_inv.csv,2olo_A_model_1_relaxed_repeat065,2olo_A_model_1_relaxed_repeat055,True,False,-2.220446049250313e-15,220
tau(AC),33,L,100,114.12,117.37,3.25,3.25,3.25,0.6081089332903068,0.6050607490161628,115.4093,115.39500000000001,33,11,2olo_A_model_1_relaxed_repeat033_inv.csv,2olo_A_model_1_relaxed_repeat011_inv.csv,2olo_A_model_1_relaxed_repeat033,2olo_A_model_1_relaxed_repeat011,True,False,0.0,221
tau(CN),131,G,100,170.32,173.57,3.25,3.25,3.25,0.9089357690856006,0.9043796713770162,171.65290000000005,171.305,3,59,2olo_A_model_1_relaxed_repeat003_inv.csv,2olo_A_model_1_relaxed_repeat059_inv.csv,2olo_A_model_1_relaxed_repeat003,2olo_A_model_1_relaxed_repeat059,True,False,0.0,94
tau(NA),288,A,100,-61.42,-58.17,3.25,3.25,3.25,0.5034587441595461,0.5009351255402241,-59.738,-59.72,72,10,2olo_A_model_1_relaxed_repeat072_inv.csv,2olo_A_model_1_relaxed_repeat010_inv.csv,2olo_A_model_1_relaxed_repeat072,2olo_A_model_1_relaxed_repeat010,True,False,0.0,236
tau(AC),302,G,100,-51.89,-48.66,3.230000000000004,3.230000000000018,3.230000000000018,0.6423804451908826,0.6391604728078858,-50.40829999999999,-50.435,89,56,2olo_A_model_1_relaxed_repeat089_inv.csv,2olo_A_model_1_relaxed_repeat056_inv.csv,2olo_A_model_1_relaxed_repeat089,2olo_A_model_1_relaxed_repeat056,True,False,-1.4210854715202004e-14,222
tau(CN),383,L,100,-177.56,-174.33,3.2299999999999898,3.2299999999999898,3.2299999999999898,0.6696996462307678,0.6663427346343618,-176.28440000000003,-176.35000000000002,44,31,2olo_A_model_1_relaxed_repeat044_inv.csv,2olo_A_model_1_relaxed_repeat031_inv.csv,2olo_A_model_1_relaxed_repeat044,2olo_A_model_1_relaxed_repeat031,True,False,0.0,95
tau(CN),178,E,100,168.97,172.18,3.210000000000008,3.210000000000008,3.210000000000008,0.3682566628005114,0.3664107531173176,170.3046,170.37,65,92,2olo_A_model_1_relaxed_repeat065_inv.csv,2olo_A_model_1_relaxed_repeat092_inv.csv,2olo_A_model_1_relaxed_repeat065,2olo_A_model_1_relaxed_repeat092,True,False,0.0,96
tau(CN),206,P,100,-179.94,-176.76,3.180000000000007,3.180000000000007,3.180000000000007,0.627821341118344,0.6246743471601821,-178.84859999999992,-178.91,3,81,2olo_A_model_1_relaxed_repeat003_inv.csv,2olo_A_model_1_relaxed_repeat081_inv.csv,2olo_A_model_1_relaxed_repeat003,2olo_A_model_1_relaxed_repeat081,True,False,0.0,97
tau(NA),187,S,100,-85.21,-82.03,3.1799999999999926,3.180000000000007,3.180000000000007,0.3849782362994593,0.38304850867742574,-83.39280000000001,-83.405,66,21,2olo_A_model_1_relaxed_repeat066_inv.csv,2olo_A_model_1_relaxed_repeat021_inv.csv,2olo_A_model_1_relaxed_repeat066,2olo_A_model_1_relaxed_repeat021,True,False,-1.4210854715202004e-14,237
tau(NA),291,V,100,-116.1,-112.92,3.1799999999999926,3.180000000000007,3.180000000000007,0.6587567951463686,0.655454735279256,-114.54469999999999,-114.57,92,32,2olo_A_model_1_relaxed_repeat092_inv.csv,2olo_A_model_1_relaxed_repeat032_inv.csv,2olo_A_model_1_relaxed_repeat092,2olo_A_model_1_relaxed_repeat032,True,False,-1.4210854715202004e-14,237
tau(NA),143,L,100,-100.25,-97.08,3.1700000000000017,3.170000000000016,3.170000000000016,0.5618746669980249,0.5590582348915003,-98.6283,-98.61500000000001,5,57,2olo_A_model_1_relaxed_repeat005_inv.csv,2olo_A_model_1_relaxed_repeat057_inv.csv,2olo_A_model_1_relaxed_repeat005,2olo_A_model_1_relaxed_repeat057,True,False,-1.4210854715202004e-14,239
tau(AC),209,N,100,-29.31,-26.14,3.169999999999998,3.1699999999999875,3.1699999999999875,0.6876575595395714,0.6842106327732711,-27.370900000000002,-27.25,30,11,2olo_A_model_1_relaxed_repeat030_inv.csv,2olo_A_model_1_relaxed_repeat011_inv.csv,2olo_A_model_1_relaxed_repeat030,2olo_A_model_1_relaxed_repeat011,True,False,1.0658141036401503e-14,223
tau(AC),68,T,100,-32.87,-29.71,3.1599999999999966,3.1599999999999966,3.1599999999999966,0.7494948871463938,0.7457379968863057,-31.412200000000002,-31.455,39,68,2olo_A_model_1_relaxed_repeat039_inv.csv,2olo_A_model_1_relaxed_repeat068_inv.csv,2olo_A_model_1_relaxed_repeat039,2olo_A_model_1_relaxed_repeat068,True,False,0.0,224
tau(AC),201,V,100,118.15,121.31,3.1599999999999966,3.1599999999999966,3.1599999999999966,0.5590866559746258,0.5562841989487035,119.9883,120.03999999999999,46,25,2olo_A_model_1_relaxed_repeat046_inv.csv,2olo_A_model_1_relaxed_repeat025_inv.csv,2olo_A_model_1_relaxed_repeat046,2olo_A_model_1_relaxed_repeat025,True,False,0.0,224
tau(NA),16,G,100,-65.05,-61.89,3.1599999999999966,3.1599999999999966,3.1599999999999966,1.0592710424693683,1.0539613797478544,-63.7821,-64.38,33,81,2olo_A_model_1_relaxed_repeat033_inv.csv,2olo_A_model_1_relaxed_repeat081_inv.csv,2olo_A_model_1_relaxed_repeat033,2olo_A_model_1_relaxed_repeat081,True,False,0.0,240
tau(NA),195,Y,100,-122.95,-119.8,3.1500000000000057,3.1500000000000057,3.1500000000000057,0.5329871130020529,0.5303154815767691,-121.90069999999997,-121.965,16,100,2olo_A_model_1_relaxed_repeat016_inv.csv,2olo_A_model_1_relaxed_repeat100_inv.csv,2olo_A_model_1_relaxed_repeat016,2olo_A_model_1_relaxed_repeat100,True,False,0.0,241
tau(AC),335,L,100,119.37,122.51,3.1400000000000006,3.1399999999999864,3.1399999999999864,0.5491153951326778,0.546362919678852,120.8066,120.68,15,99,2olo_A_model_1_relaxed_repeat015_inv.csv,2olo_A_model_1_relaxed_repeat099_inv.csv,2olo_A_model_1_relaxed_repeat015,2olo_A_model_1_relaxed_repeat099,True,False,1.4210854715202004e-14,226
tau(CN),94,D,100,-174.0,-170.88,3.1200000000000045,3.1200000000000045,3.1200000000000045,0.4801564875384401,0.4777496729459892,-173.3945,-173.505,44,35,2olo_A_model_1_relaxed_repeat044_inv.csv,2olo_A_model_1_relaxed_repeat035_inv.csv,2olo_A_model_1_relaxed_repeat044,2olo_A_model_1_relaxed_repeat035,True,False,0.0,98
tau(AC),367,C,100,-41.9,-38.8,3.1000000000000014,3.0999999999999943,3.0999999999999943,1.0028000999222326,0.9977735013518848,-40.6498,-41.17,100,14,2olo_A_model_1_relaxed_repeat100_inv.csv,2olo_A_model_1_relaxed_repeat014_inv.csv,2olo_A_model_1_relaxed_repeat100,2olo_A_model_1_relaxed_repeat014,True,False,7.105427357601002e-15,227
tau(AC),371,A,100,-37.97,-34.88,3.0899999999999963,3.0900000000000034,3.0900000000000034,0.5791588728492378,0.5762558025738219,-36.7715,-36.845,84,10,2olo_A_model_1_relaxed_repeat084_inv.csv,2olo_A_model_1_relaxed_repeat010_inv.csv,2olo_A_model_1_relaxed_repeat084,2olo_A_model_1_relaxed_repeat010,True,False,-7.105427357601002e-15,228
tau(AC),114,L,100,2.63,5.71,3.08,3.0800000000000125,3.0800000000000125,0.4962547712413433,0.4937672629893562,4.3217,4.265000000000001,35,32,2olo_A_model_1_relaxed_repeat035_inv.csv,2olo_A_model_1_relaxed_repeat032_inv.csv,2olo_A_model_1_relaxed_repeat035,2olo_A_model_1_relaxed_repeat032,True,False,-1.2434497875801753e-14,229
tau(NA),59,E,100,-65.23,-62.16,3.0700000000000074,3.069999999999993,3.069999999999993,0.4256480620504139,0.42351447436894085,-63.60929999999999,-63.6,15,56,2olo_A_model_1_relaxed_repeat015_inv.csv,2olo_A_model_1_relaxed_repeat056_inv.csv,2olo_A_model_1_relaxed_repeat015,2olo_A_model_1_relaxed_repeat056,True,False,1.4210854715202004e-14,242
tau(AC),115,S,100,33.43,36.5,3.0700000000000003,3.069999999999993,3.069999999999993,0.5017130654069117,0.4991981971121291,35.0646,35.135000000000005,19,22,2olo_A_model_1_relaxed_repeat019_inv.csv,2olo_A_model_1_relaxed_repeat022_inv.csv,2olo_A_model_1_relaxed_repeat019,2olo_A_model_1_relaxed_repeat022,True,False,7.105427357601002e-15,230
tau(CN),275,P,100,166.43,169.5,3.069999999999993,3.069999999999993,3.069999999999993,0.5882812750596929,0.5853324781694583,167.43169999999998,167.35500000000002,19,75,2olo_A_model_1_relaxed_repeat019_inv.csv,2olo_A_model_1_relaxed_repeat075_inv.csv,2olo_A_model_1_relaxed_repeat019,2olo_A_model_1_relaxed_repeat075,True,False,0.0,99
tau(NA),174,E,100,-129.19,-126.12,3.069999999999993,3.069999999999993,3.069999999999993,0.646581531415549,0.6433405008236305,-127.65100000000001,-127.72,67,90,2olo_A_model_1_relaxed_repeat067_inv.csv,2olo_A_model_1_relaxed_repeat090_inv.csv,2olo_A_model_1_relaxed_repeat067,2olo_A_model_1_relaxed_repeat090,True,False,0.0,242
tau(CN),66,L,100,173.39,176.44,3.0500000000000114,3.0500000000000114,3.0500000000000114,0.8562812716401174,0.8519891079115979,175.21159999999998,175.56,37,72,2olo_A_model_1_relaxed_repeat037_inv.csv,2olo_A_model_1_relaxed_repeat072_inv.csv,2olo_A_model_1_relaxed_repeat037,2olo_A_model_1_relaxed_repeat072,True,False,0.0,100
tau(AC),110,M,100,-39.72,-36.67,3.049999999999997,3.0500000000000114,3.0500000000000114,0.36576543512933746,0.3639320128815271,-37.7543,-37.76,24,88,2olo_A_model_1_relaxed_repeat024_inv.csv,2olo_A_model_1_relaxed_repeat088_inv.csv,2olo_A_model_1_relaxed_repeat024,2olo_A_model_1_relaxed_repeat088,True,False,-1.4210854715202004e-14,231
tau(NA),32,V,100,-104.17,-101.12,3.049999999999997,3.0500000000000114,3.0500000000000114,0.5252390605306039,0.5226062667056344,-102.56370000000003,-102.57499999999999,2,33,2olo_A_model_1_relaxed_repeat002_inv.csv,2olo_A_model_1_relaxed_repeat033_inv.csv,2olo_A_model_1_relaxed_repeat002,2olo_A_model_1_relaxed_repeat033,True,False,-1.4210854715202004e-14,244
tau(AC),288,A,100,132.46,135.49,3.030000000000001,3.030000000000001,3.030000000000001,0.4748341975379568,0.4724540612588702,133.8146,133.79000000000002,10,91,2olo_A_model_1_relaxed_repeat010_inv.csv,2olo_A_model_1_relaxed_repeat091_inv.csv,2olo_A_model_1_relaxed_repeat010,2olo_A_model_1_relaxed_repeat091,True,False,0.0,232
tau(NA),289,T,100,-94.01,-90.99,3.0200000000000102,3.0200000000000102,3.0200000000000102,0.6607243041243499,0.6574123819947418,-92.42360000000001,-92.42500000000001,17,92,2olo_A_model_1_relaxed_repeat017_inv.csv,2olo_A_model_1_relaxed_repeat092_inv.csv,2olo_A_model_1_relaxed_repeat017,2olo_A_model_1_relaxed_repeat092,True,False,0.0,245
tau(NA),151,D,100,-73.71,-70.69,3.019999999999996,3.019999999999982,3.019999999999982,0.5327951830400756,0.5301245136757972,-71.844,-71.775,79,89,2olo_A_model_1_relaxed_repeat079_inv.csv,2olo_A_model_1_relaxed_repeat089_inv.csv,2olo_A_model_1_relaxed_repeat079,2olo_A_model_1_relaxed_repeat089,True,False,1.4210854715202004e-14,246
tau(NA),170,L,100,-117.69,-114.67,3.019999999999996,3.019999999999982,3.019999999999982,0.6355341029084085,0.6323484482466923,-116.1512,-116.245,50,13,2olo_A_model_1_relaxed_repeat050_inv.csv,2olo_A_model_1_relaxed_repeat013_inv.csv,2olo_A_model_1_relaxed_repeat050,2olo_A_model_1_relaxed_repeat013,True,False,1.4210854715202004e-14,246
tau(CN),76,E,100,174.86,177.88,3.019999999999982,3.019999999999982,3.019999999999982,0.5762721982402451,0.5733835976028595,175.5975,175.52,51,81,2olo_A_model_1_relaxed_repeat051_inv.csv,2olo_A_model_1_relaxed_repeat081_inv.csv,2olo_A_model_1_relaxed_repeat051,2olo_A_model_1_relaxed_repeat081,True,False,0.0,101
tau(CN),171,R,100,174.23,177.24,3.0100000000000193,3.0100000000000193,3.0100000000000193,0.6309140395113477,0.6277515432079807,175.372,175.27499999999998,29,82,2olo_A_model_1_relaxed_repeat029_inv.csv,2olo_A_model_1_relaxed_repeat082_inv.csv,2olo_A_model_1_relaxed_repeat029,2olo_A_model_1_relaxed_repeat082,True,False,0.0,102
tau(CN),56,Y,100,169.8,172.81,3.009999999999991,3.009999999999991,3.009999999999991,0.6794523938846307,0.6760465960272265,171.11500000000004,170.985,74,49,2olo_A_model_1_relaxed_repeat074_inv.csv,2olo_A_model_1_relaxed_repeat049_inv.csv,2olo_A_model_1_relaxed_repeat074,2olo_A_model_1_relaxed_repeat049,True,False,0.0,103
tau(AC),140,E,100,173.99,176.99,3.0,3.0,3.0,0.5518459289447821,0.5490797665184907,175.27790000000002,175.245,35,26,2olo_A_model_1_relaxed_repeat035_inv.csv,2olo_A_model_1_relaxed_repeat026_inv.csv,2olo_A_model_1_relaxed_repeat035,2olo_A_model_1_relaxed_repeat026,True,False,0.0,233
tau(CN),342,M,100,170.35,173.35,3.0,3.0,3.0,0.7746685117069778,0.7707854370705255,171.6241,171.58499999999998,68,78,2olo_A_model_1_relaxed_repeat068_inv.csv,2olo_A_model_1_relaxed_repeat078_inv.csv,2olo_A_model_1_relaxed_repeat068,2olo_A_model_1_relaxed_repeat078,True,False,0.0,104
tau(CN),143,L,100,167.79,170.78,2.990000000000009,2.990000000000009,2.990000000000009,0.8062696932055796,0.8022282156593604,169.35829999999996,169.22,98,15,2olo_A_model_1_relaxed_repeat098_inv.csv,2olo_A_model_1_relaxed_repeat015_inv.csv,2olo_A_model_1_relaxed_repeat098,2olo_A_model_1_relaxed_repeat015,True,False,0.0,105
tau(CN),238,T,100,175.47,178.46,2.990000000000009,2.990000000000009,2.990000000000009,0.7076913311621256,0.7041439838555755,177.00549999999998,177.03500000000003,84,85,2olo_A_model_1_relaxed_repeat084_inv.csv,2olo_A_model_1_relaxed_repeat085_inv.csv,2olo_A_model_1_relaxed_repeat084,2olo_A_model_1_relaxed_repeat085,True,False,0.0,105
tau(AC),298,D,100,-40.82,-37.83,2.990000000000002,2.990000000000009,2.990000000000009,0.7162585166169144,0.712668225754453,-39.454,-39.195,70,78,2olo_A_model_1_relaxed_repeat070_inv.csv,2olo_A_model_1_relaxed_repeat078_inv.csv,2olo_A_model_1_relaxed_repeat070,2olo_A_model_1_relaxed_repeat078,True,False,-7.105427357601002e-15,234
tau(AC),155,T,100,-52.01,-49.02,2.989999999999995,2.990000000000009,2.990000000000009,0.3465595842774302,0.34482243256493594,-50.069300000000005,-50.08,51,20,2olo_A_model_1_relaxed_repeat051_inv.csv,2olo_A_model_1_relaxed_repeat020_inv.csv,2olo_A_model_1_relaxed_repeat051,2olo_A_model_1_relaxed_repeat020,True,False,-1.4210854715202004e-14,234
tau(NA),120,W,100,-79.22,-76.23,2.989999999999995,2.990000000000009,2.990000000000009,0.4996528491832802,0.4971483078518924,-77.71340000000001,-77.74,55,98,2olo_A_model_1_relaxed_repeat055_inv.csv,2olo_A_model_1_relaxed_repeat098_inv.csv,2olo_A_model_1_relaxed_repeat055,2olo_A_model_1_relaxed_repeat098,True,False,-1.4210854715202004e-14,248
tau(NA),184,D,100,-100.19,-97.2,2.989999999999995,2.990000000000009,2.990000000000009,0.5585168309953167,0.5557172302529413,-98.60940000000001,-98.59,45,96,2olo_A_model_1_relaxed_repeat045_inv.csv,2olo_A_model_1_relaxed_repeat096_inv.csv,2olo_A_model_1_relaxed_repeat045,2olo_A_model_1_relaxed_repeat096,True,False,-1.4210854715202004e-14,248
tau(AC),380,I,100,14.54,17.51,2.9700000000000024,2.969999999999999,2.969999999999999,0.6219378237136383,0.6188203212565018,16.057899999999997,16.055,20,47,2olo_A_model_1_relaxed_repeat020_inv.csv,2olo_A_model_1_relaxed_repeat047_inv.csv,2olo_A_model_1_relaxed_repeat020,2olo_A_model_1_relaxed_repeat047,True,False,3.552713678800501e-15,236
tau(AC),1,M,100,123.44,126.4,2.960000000000008,2.960000000000008,2.960000000000008,0.6372169603403958,0.6340228702499611,124.877,124.91,17,100,2olo_A_model_1_relaxed_repeat017_inv.csv,2olo_A_model_1_relaxed_repeat100_inv.csv,2olo_A_model_1_relaxed_repeat017,2olo_A_model_1_relaxed_repeat100,True,False,0.0,237
tau(CN),221,Y,100,165.5,168.46,2.960000000000008,2.960000000000008,2.960000000000008,0.6517333221742796,0.6484664679071696,166.7318,166.665,82,70,2olo_A_model_1_relaxed_repeat082_inv.csv,2olo_A_model_1_relaxed_repeat070_inv.csv,2olo_A_model_1_relaxed_repeat082,2olo_A_model_1_relaxed_repeat070,True,False,0.0,107
tau(CN),246,F,100,-176.63,-173.67,2.960000000000008,2.960000000000008,2.960000000000008,0.5698440332426261,0.5669876541865801,-175.393,-175.445,75,95,2olo_A_model_1_relaxed_repeat075_inv.csv,2olo_A_model_1_relaxed_repeat095_inv.csv,2olo_A_model_1_relaxed_repeat075,2olo_A_model_1_relaxed_repeat095,True,False,0.0,107
tau(CN),201,V,100,171.33,174.29,2.9599999999999795,2.9599999999999795,2.9599999999999795,0.5630544405564175,0.5602320947607315,172.85000000000002,172.95,67,81,2olo_A_model_1_relaxed_repeat067_inv.csv,2olo_A_model_1_relaxed_repeat081_inv.csv,2olo_A_model_1_relaxed_repeat067,2olo_A_model_1_relaxed_repeat081,True,False,0.0,109
tau(AC),142,F,100,148.6,151.55,2.950000000000017,2.950000000000017,2.950000000000017,0.7106000523103239,0.7070381248560792,150.19029999999998,150.26999999999998,57,17,2olo_A_model_1_relaxed_repeat057_inv.csv,2olo_A_model_1_relaxed_repeat017_inv.csv,2olo_A_model_1_relaxed_repeat057,2olo_A_model_1_relaxed_repeat017,True,False,0.0,238
tau(AC),12,G,100,24.15,27.1,2.950000000000003,2.9499999999999886,2.9499999999999886,0.44325329648913503,0.4410314614627852,26.0485,26.060000000000002,44,35,2olo_A_model_1_relaxed_repeat044_inv.csv,2olo_A_model_1_relaxed_repeat035_inv.csv,2olo_A_model_1_relaxed_repeat044,2olo_A_model_1_relaxed_repeat035,True,False,1.4210854715202004e-14,239
tau(NA),378,Y,100,-93.26,-90.31,2.950000000000003,2.9499999999999886,2.9499999999999886,0.6026406537695225,0.5996198795903951,-91.686,-91.69999999999999,97,52,2olo_A_model_1_relaxed_repeat097_inv.csv,2olo_A_model_1_relaxed_repeat052_inv.csv,2olo_A_model_1_relaxed_repeat097,2olo_A_model_1_relaxed_repeat052,True,False,1.4210854715202004e-14,250
tau(AC),234,A,100,-35.83,-32.88,2.9499999999999957,2.9499999999999886,2.9499999999999886,0.7225115776221024,0.7188899428980763,-34.262499999999996,-34.07,77,85,2olo_A_model_1_relaxed_repeat077_inv.csv,2olo_A_model_1_relaxed_repeat085_inv.csv,2olo_A_model_1_relaxed_repeat077,2olo_A_model_1_relaxed_repeat085,True,False,7.105427357601002e-15,239
tau(AC),35,R,100,-30.52,-27.58,2.9400000000000013,2.9399999999999977,2.9399999999999977,0.4588638912652321,0.456563807150764,-29.305699999999998,-29.295,68,2,2olo_A_model_1_relaxed_repeat068_inv.csv,2olo_A_model_1_relaxed_repeat002_inv.csv,2olo_A_model_1_relaxed_repeat068,2olo_A_model_1_relaxed_repeat002,True,False,3.552713678800501e-15,241
tau(NA),212,L,100,-88.03,-85.1,2.930000000000007,2.930000000000007,2.930000000000007,0.582102285433643,0.5791844611175265,-86.33439999999999,-86.275,5,61,2olo_A_model_1_relaxed_repeat005_inv.csv,2olo_A_model_1_relaxed_repeat061_inv.csv,2olo_A_model_1_relaxed_repeat005,2olo_A_model_1_relaxed_repeat061,True,False,0.0,251
tau(NA),353,A,100,61.41,64.34,2.930000000000007,2.930000000000007,2.930000000000007,0.48981674577789236,0.48736150853344995,62.372600000000006,62.33,46,100,2olo_A_model_1_relaxed_repeat046_inv.csv,2olo_A_model_1_relaxed_repeat100_inv.csv,2olo_A_model_1_relaxed_repeat046,2olo_A_model_1_relaxed_repeat100,True,False,0.0,251
tau(AC),191,D,100,-8.08,-5.17,2.91,2.9099999999999966,2.9099999999999966,0.825606602823804,0.8214681978019599,-6.3759999999999994,-6.029999999999999,33,23,2olo_A_model_1_relaxed_repeat033_inv.csv,2olo_A_model_1_relaxed_repeat023_inv.csv,2olo_A_model_1_relaxed_repeat033,2olo_A_model_1_relaxed_repeat023,True,False,3.552713678800501e-15,242
tau(NA),122,K,100,-93.64,-90.73,2.9099999999999966,2.9099999999999966,2.9099999999999966,0.5613160851737167,0.5585024529937175,-91.95490000000001,-91.93,5,2,2olo_A_model_1_relaxed_repeat005_inv.csv,2olo_A_model_1_relaxed_repeat002_inv.csv,2olo_A_model_1_relaxed_repeat005,2olo_A_model_1_relaxed_repeat002,True,False,0.0,253
tau(NA),130,F,100,-114.77,-111.86,2.9099999999999966,2.9099999999999966,2.9099999999999966,0.6758557314227424,0.6724679620621345,-112.9122,-112.74,95,22,2olo_A_model_1_relaxed_repeat095_inv.csv,2olo_A_model_1_relaxed_repeat022_inv.csv,2olo_A_model_1_relaxed_repeat095,2olo_A_model_1_relaxed_repeat022,True,False,0.0,253
tau(NA),179,L,100,-124.57,-121.67,2.8999999999999915,2.8999999999999773,2.8999999999999773,0.4669753416369751,0.46463459836736215,-123.5437,-123.59,35,65,2olo_A_model_1_relaxed_repeat035_inv.csv,2olo_A_model_1_relaxed_repeat065_inv.csv,2olo_A_model_1_relaxed_repeat035,2olo_A_model_1_relaxed_repeat065,True,False,1.4210854715202004e-14,255
tau(NA),317,R,100,-153.76,-150.86,2.8999999999999773,2.8999999999999773,2.8999999999999773,0.5458913200750978,0.5431550055002712,-152.56080000000003,-152.59,98,96,2olo_A_model_1_relaxed_repeat098_inv.csv,2olo_A_model_1_relaxed_repeat096_inv.csv,2olo_A_model_1_relaxed_repeat098,2olo_A_model_1_relaxed_repeat096,True,False,0.0,255
tau(NA),110,M,100,-71.8,-68.91,2.8900000000000006,2.8899999999999864,2.8899999999999864,0.4437444436983196,0.44152014676569384,-70.69140000000002,-70.7,53,24,2olo_A_model_1_relaxed_repeat053_inv.csv,2olo_A_model_1_relaxed_repeat024_inv.csv,2olo_A_model_1_relaxed_repeat053,2olo_A_model_1_relaxed_repeat024,True,False,1.4210854715202004e-14,257
tau(CN),12,G,100,174.08,176.97,2.8899999999999864,2.8899999999999864,2.8899999999999864,0.5714492916517556,0.5685848661369738,175.8405,175.945,48,81,2olo_A_model_1_relaxed_repeat048_inv.csv,2olo_A_model_1_relaxed_repeat081_inv.csv,2olo_A_model_1_relaxed_repeat048,2olo_A_model_1_relaxed_repeat081,True,False,0.0,110
tau(CN),189,T,100,173.34,176.23,2.8899999999999864,2.8899999999999864,2.8899999999999864,0.6005717477890731,0.5975613441312932,175.03619999999998,174.79500000000002,30,10,2olo_A_model_1_relaxed_repeat030_inv.csv,2olo_A_model_1_relaxed_repeat010_inv.csv,2olo_A_model_1_relaxed_repeat030,2olo_A_model_1_relaxed_repeat010,True,False,0.0,110
tau(AC),247,Q,100,154.55,157.43,2.8799999999999955,2.8799999999999955,2.8799999999999955,0.4881540574842984,0.4857071545694997,155.7116,155.71,100,82,2olo_A_model_1_relaxed_repeat100_inv.csv,2olo_A_model_1_relaxed_repeat082_inv.csv,2olo_A_model_1_relaxed_repeat100,2olo_A_model_1_relaxed_repeat082,True,False,0.0,243
tau(NA),367,C,100,-61.86,-59.0,2.8599999999999994,2.8600000000000136,2.8600000000000136,0.7525047400770203,0.7487327627398177,-60.038500000000006,-59.86,97,92,2olo_A_model_1_relaxed_repeat097_inv.csv,2olo_A_model_1_relaxed_repeat092_inv.csv,2olo_A_model_1_relaxed_repeat097,2olo_A_model_1_relaxed_repeat092,True,False,-1.4210854715202004e-14,258
tau(AC),375,S,100,161.62,164.48,2.859999999999985,2.859999999999985,2.859999999999985,0.5633512279747032,0.5605273945134172,162.9748,162.97,15,82,2olo_A_model_1_relaxed_repeat015_inv.csv,2olo_A_model_1_relaxed_repeat082_inv.csv,2olo_A_model_1_relaxed_repeat015,2olo_A_model_1_relaxed_repeat082,True,False,0.0,244
tau(NA),69,L,100,-58.9,-56.06,2.8399999999999963,2.8400000000000034,2.8400000000000034,0.6880631504374426,0.6846141906212577,-57.5129,-57.435,56,91,2olo_A_model_1_relaxed_repeat056_inv.csv,2olo_A_model_1_relaxed_repeat091_inv.csv,2olo_A_model_1_relaxed_repeat056,2olo_A_model_1_relaxed_repeat091,True,False,-7.105427357601002e-15,259
tau(AC),188,V,100,111.29,114.13,2.839999999999989,2.839999999999975,2.839999999999975,0.5481002912724353,0.5453529040905524,113.14389999999997,113.185,100,42,2olo_A_model_1_relaxed_repeat100_inv.csv,2olo_A_model_1_relaxed_repeat042_inv.csv,2olo_A_model_1_relaxed_repeat100,2olo_A_model_1_relaxed_repeat042,True,False,1.4210854715202004e-14,245
tau(NA),60,D,100,-61.74,-58.91,2.8300000000000054,2.8300000000000125,2.8300000000000125,0.567770573596787,0.5649245878876226,-60.681099999999994,-60.735,98,44,2olo_A_model_1_relaxed_repeat098_inv.csv,2olo_A_model_1_relaxed_repeat044_inv.csv,2olo_A_model_1_relaxed_repeat098,2olo_A_model_1_relaxed_repeat044,True,False,-7.105427357601002e-15,260
tau(AC),73,R,100,-38.21,-35.38,2.8299999999999983,2.829999999999984,2.829999999999984,0.48687413593497064,0.48443364870743655,-37.1298,-37.21,68,81,2olo_A_model_1_relaxed_repeat068_inv.csv,2olo_A_model_1_relaxed_repeat081_inv.csv,2olo_A_model_1_relaxed_repeat068,2olo_A_model_1_relaxed_repeat081,True,False,1.4210854715202004e-14,246
tau(AC),349,V,100,129.71,132.54,2.829999999999984,2.829999999999984,2.829999999999984,0.5628511384375124,0.5600298117064838,131.09810000000002,131.14,3,54,2olo_A_model_1_relaxed_repeat003_inv.csv,2olo_A_model_1_relaxed_repeat054_inv.csv,2olo_A_model_1_relaxed_repeat003,2olo_A_model_1_relaxed_repeat054,True,False,0.0,246
tau(CN),207,Y,100,-178.96,-176.14,2.8200000000000216,2.8200000000000216,2.8200000000000216,0.5994665894936879,0.5964617255113708,-177.3671,-177.335,30,90,2olo_A_model_1_relaxed_repeat030_inv.csv,2olo_A_model_1_relaxed_repeat090_inv.csv,2olo_A_model_1_relaxed_repeat030,2olo_A_model_1_relaxed_repeat090,True,False,0.0,112
tau(NA),72,W,100,-63.16,-60.34,2.819999999999993,2.819999999999993,2.819999999999993,0.5730055793265838,0.5701333528219517,-62.191399999999994,-62.28,10,32,2olo_A_model_1_relaxed_repeat010_inv.csv,2olo_A_model_1_relaxed_repeat032_inv.csv,2olo_A_model_1_relaxed_repeat010,2olo_A_model_1_relaxed_repeat032,True,False,0.0,261
tau(CN),274,G,100,153.74,156.55,2.8100000000000023,2.8100000000000023,2.8100000000000023,0.6327638907318757,0.6295921219329222,155.5476,155.70499999999998,16,18,2olo_A_model_1_relaxed_repeat016_inv.csv,2olo_A_model_1_relaxed_repeat018_inv.csv,2olo_A_model_1_relaxed_repeat016,2olo_A_model_1_relaxed_repeat018,True,False,0.0,113
tau(CN),205,G,100,-175.59,-172.79,2.8000000000000114,2.8000000000000114,2.8000000000000114,0.6268777851988043,0.6237355208740325,-174.298,-174.14499999999998,81,46,2olo_A_model_1_relaxed_repeat081_inv.csv,2olo_A_model_1_relaxed_repeat046_inv.csv,2olo_A_model_1_relaxed_repeat081,2olo_A_model_1_relaxed_repeat046,True,False,0.0,114
tau(CN),223,V,100,176.73,179.52,2.7900000000000205,2.7900000000000205,2.7900000000000205,0.7009939840373571,0.6974802076044888,178.0456,177.98000000000002,27,10,2olo_A_model_1_relaxed_repeat027_inv.csv,2olo_A_model_1_relaxed_repeat010_inv.csv,2olo_A_model_1_relaxed_repeat027,2olo_A_model_1_relaxed_repeat010,True,False,0.0,115
tau(AC),374,D,100,3.18,5.97,2.7899999999999996,2.789999999999992,2.789999999999992,0.5555850860838399,0.5528001808972207,4.6486,4.7,15,58,2olo_A_model_1_relaxed_repeat015_inv.csv,2olo_A_model_1_relaxed_repeat058_inv.csv,2olo_A_model_1_relaxed_repeat015,2olo_A_model_1_relaxed_repeat058,True,False,7.549516567451064e-15,248
tau(AC),160,F,100,-50.67,-47.89,2.780000000000001,2.780000000000001,2.780000000000001,0.6690049900917608,0.6656515605029408,-49.07,-48.815,44,49,2olo_A_model_1_relaxed_repeat044_inv.csv,2olo_A_model_1_relaxed_repeat049_inv.csv,2olo_A_model_1_relaxed_repeat044,2olo_A_model_1_relaxed_repeat049,True,False,0.0,249
tau(AC),310,T,100,-15.98,-13.2,2.780000000000001,2.780000000000001,2.780000000000001,0.48673947151562835,0.4842996593019657,-14.917200000000001,-14.915,38,91,2olo_A_model_1_relaxed_repeat038_inv.csv,2olo_A_model_1_relaxed_repeat091_inv.csv,2olo_A_model_1_relaxed_repeat038,2olo_A_model_1_relaxed_repeat091,True,False,0.0,249
tau(CN),113,K,100,-180.0,-177.22,2.780000000000001,2.780000000000001,2.780000000000001,0.5337284899741649,0.5310531423501806,-178.4784,-178.365,20,30,2olo_A_model_1_relaxed_repeat020_inv.csv,2olo_A_model_1_relaxed_repeat030_inv.csv,2olo_A_model_1_relaxed_repeat020,2olo_A_model_1_relaxed_repeat030,True,False,0.0,116
tau(NA),82,R,100,-73.13,-70.35,2.780000000000001,2.780000000000001,2.780000000000001,0.5665916527889381,0.5637515764944694,-71.5504,-71.445,68,33,2olo_A_model_1_relaxed_repeat068_inv.csv,2olo_A_model_1_relaxed_repeat033_inv.csv,2olo_A_model_1_relaxed_repeat068,2olo_A_model_1_relaxed_repeat033,True,False,0.0,262
tau(AC),359,F,100,0.84,3.62,2.7800000000000002,2.780000000000001,2.780000000000001,0.48492560087485415,0.48249488080185887,2.3036999999999996,2.32,92,3,2olo_A_model_1_relaxed_repeat092_inv.csv,2olo_A_model_1_relaxed_repeat003_inv.csv,2olo_A_model_1_relaxed_repeat092,2olo_A_model_1_relaxed_repeat003,True,False,-8.881784197001252e-16,249
tau(CN),301,S,100,170.35,173.12,2.7700000000000102,2.7700000000000102,2.7700000000000102,0.7256588716330825,0.7220214608998825,171.51989999999998,171.375,16,20,2olo_A_model_1_relaxed_repeat016_inv.csv,2olo_A_model_1_relaxed_repeat020_inv.csv,2olo_A_model_1_relaxed_repeat016,2olo_A_model_1_relaxed_repeat020,True,False,0.0,117
tau(AC),249,P,100,152.36,155.13,2.769999999999982,2.769999999999982,2.769999999999982,0.6478497378468883,0.6446023502904709,153.7859,153.785,9,59,2olo_A_model_1_relaxed_repeat009_inv.csv,2olo_A_model_1_relaxed_repeat059_inv.csv,2olo_A_model_1_relaxed_repeat009,2olo_A_model_1_relaxed_repeat059,True,False,0.0,252
tau(AC),281,P,100,141.37,144.14,2.769999999999982,2.769999999999982,2.769999999999982,0.5656772467359344,0.5628417539593166,142.80459999999997,142.89,70,77,2olo_A_model_1_relaxed_repeat070_inv.csv,2olo_A_model_1_relaxed_repeat077_inv.csv,2olo_A_model_1_relaxed_repeat070,2olo_A_model_1_relaxed_repeat077,True,False,0.0,252
tau(NA),24,A,100,-67.17,-64.41,2.760000000000005,2.759999999999991,2.759999999999991,0.40370351156823614,0.40167992232622196,-65.3982,-65.33,47,43,2olo_A_model_1_relaxed_repeat047_inv.csv,2olo_A_model_1_relaxed_repeat043_inv.csv,2olo_A_model_1_relaxed_repeat047,2olo_A_model_1_relaxed_repeat043,True,False,1.4210854715202004e-14,263
tau(NA),114,L,100,-93.61,-90.85,2.760000000000005,2.759999999999991,2.759999999999991,0.5204525905304908,0.517843789187434,-92.0759,-92.005,24,74,2olo_A_model_1_relaxed_repeat024_inv.csv,2olo_A_model_1_relaxed_repeat074_inv.csv,2olo_A_model_1_relaxed_repeat024,2olo_A_model_1_relaxed_repeat074,True,False,1.4210854715202004e-14,263
tau(NA),359,F,100,-94.79,-92.03,2.760000000000005,2.759999999999991,2.759999999999991,0.623300404250947,0.6201760717731699,-93.3542,-93.245,20,10,2olo_A_model_1_relaxed_repeat020_inv.csv,2olo_A_model_1_relaxed_repeat010_inv.csv,2olo_A_model_1_relaxed_repeat020,2olo_A_model_1_relaxed_repeat010,True,False,1.4210854715202004e-14,263
tau(NA),10,V,100,-100.63,-97.87,2.759999999999991,2.759999999999991,2.759999999999991,0.5556893525753904,0.5529039247464246,-98.90449999999998,-98.85499999999999,88,27,2olo_A_model_1_relaxed_repeat088_inv.csv,2olo_A_model_1_relaxed_repeat027_inv.csv,2olo_A_model_1_relaxed_repeat088,2olo_A_model_1_relaxed_repeat027,True,False,0.0,263
tau(AC),173,G,100,26.79,29.54,2.75,2.75,2.75,0.5561326053626731,0.5533449557012333,28.33439999999999,28.37,51,91,2olo_A_model_1_relaxed_repeat051_inv.csv,2olo_A_model_1_relaxed_repeat091_inv.csv,2olo_A_model_1_relaxed_repeat051,2olo_A_model_1_relaxed_repeat091,True,False,0.0,254
tau(CN),343,T,100,-176.14,-173.39,2.75,2.75,2.75,0.559812703166215,0.5570066067830812,-174.8558,-174.835,83,49,2olo_A_model_1_relaxed_repeat083_inv.csv,2olo_A_model_1_relaxed_repeat049_inv.csv,2olo_A_model_1_relaxed_repeat083,2olo_A_model_1_relaxed_repeat049,True,False,0.0,118
tau(CN),351,Y,100,175.24,177.99,2.75,2.75,2.75,0.5201956120032855,0.5175880987812587,176.93839999999997,176.95999999999998,11,64,2olo_A_model_1_relaxed_repeat011_inv.csv,2olo_A_model_1_relaxed_repeat064_inv.csv,2olo_A_model_1_relaxed_repeat011,2olo_A_model_1_relaxed_repeat064,True,False,0.0,118
tau(NA),168,A,100,-65.97,-63.22,2.75,2.75,2.75,0.9749520112510277,0.9700650029766046,-64.34330000000001,-63.79,33,38,2olo_A_model_1_relaxed_repeat033_inv.csv,2olo_A_model_1_relaxed_repeat038_inv.csv,2olo_A_model_1_relaxed_repeat033,2olo_A_model_1_relaxed_repeat038,True,False,0.0,267
tau(CN),354,G,100,173.57,176.31,2.740000000000009,2.740000000000009,2.740000000000009,0.611656138956548,0.6085901740909063,175.06799999999998,175.10000000000002,100,58,2olo_A_model_1_relaxed_repeat100_inv.csv,2olo_A_model_1_relaxed_repeat058_inv.csv,2olo_A_model_1_relaxed_repeat100,2olo_A_model_1_relaxed_repeat058,True,False,0.0,120
tau(NA),35,R,100,-68.15,-65.42,2.730000000000004,2.730000000000018,2.730000000000018,0.545184946841553,0.5424521730069857,-67.1158,-67.19,26,36,2olo_A_model_1_relaxed_repeat026_inv.csv,2olo_A_model_1_relaxed_repeat036_inv.csv,2olo_A_model_1_relaxed_repeat026,2olo_A_model_1_relaxed_repeat036,True,False,-1.4210854715202004e-14,268
tau(AC),129,R,100,-41.64,-38.93,2.710000000000001,2.710000000000008,2.710000000000008,0.5299652742578439,0.5273087899893191,-40.5688,-40.64,79,44,2olo_A_model_1_relaxed_repeat079_inv.csv,2olo_A_model_1_relaxed_repeat044_inv.csv,2olo_A_model_1_relaxed_repeat079,2olo_A_model_1_relaxed_repeat044,True,False,-7.105427357601002e-15,255
tau(CN),139,Y,100,172.01,174.71,2.700000000000017,2.700000000000017,2.700000000000017,0.5040380276659036,0.501511505351573,173.38389999999998,173.29500000000002,26,35,2olo_A_model_1_relaxed_repeat026_inv.csv,2olo_A_model_1_relaxed_repeat035_inv.csv,2olo_A_model_1_relaxed_repeat026,2olo_A_model_1_relaxed_repeat035,True,False,0.0,121
tau(AC),65,T,100,-40.02,-37.32,2.700000000000003,2.6999999999999886,2.6999999999999886,0.5665478930783481,0.5637080361321809,-38.508500000000005,-38.45,74,2,2olo_A_model_1_relaxed_repeat074_inv.csv,2olo_A_model_1_relaxed_repeat002_inv.csv,2olo_A_model_1_relaxed_repeat074,2olo_A_model_1_relaxed_repeat002,True,False,1.4210854715202004e-14,256
tau(NA),104,I,100,-61.91,-59.22,2.6899999999999977,2.6899999999999977,2.6899999999999977,0.5231024775511982,0.5204803934827898,-60.47040000000001,-60.480000000000004,2,46,2olo_A_model_1_relaxed_repeat002_inv.csv,2olo_A_model_1_relaxed_repeat046_inv.csv,2olo_A_model_1_relaxed_repeat002,2olo_A_model_1_relaxed_repeat046,True,False,0.0,269
tau(CN),258,Y,100,170.82,173.5,2.680000000000007,2.680000000000007,2.680000000000007,0.4935507710827358,0.4910768168016074,171.8466,171.815,100,22,2olo_A_model_1_relaxed_repeat100_inv.csv,2olo_A_model_1_relaxed_repeat022_inv.csv,2olo_A_model_1_relaxed_repeat100,2olo_A_model_1_relaxed_repeat022,True,False,0.0,122
tau(AC),238,T,100,-46.48,-43.8,2.6799999999999997,2.680000000000007,2.680000000000007,0.5575679874293903,0.5547731428250652,-45.16740000000001,-45.18,63,49,2olo_A_model_1_relaxed_repeat063_inv.csv,2olo_A_model_1_relaxed_repeat049_inv.csv,2olo_A_model_1_relaxed_repeat063,2olo_A_model_1_relaxed_repeat049,True,False,-7.105427357601002e-15,257
tau(NA),297,M,100,-68.99,-66.31,2.6799999999999926,2.680000000000007,2.680000000000007,0.588806865833378,0.5858554343863343,-67.5429,-67.39,56,65,2olo_A_model_1_relaxed_repeat056_inv.csv,2olo_A_model_1_relaxed_repeat065_inv.csv,2olo_A_model_1_relaxed_repeat056,2olo_A_model_1_relaxed_repeat065,True,False,-1.4210854715202004e-14,270
tau(CN),339,R,100,-177.67,-174.99,2.6799999999999784,2.6799999999999784,2.6799999999999784,0.5451415903555255,0.5424090338480712,-176.8862,-176.99,7,52,2olo_A_model_1_relaxed_repeat007_inv.csv,2olo_A_model_1_relaxed_repeat052_inv.csv,2olo_A_model_1_relaxed_repeat007,2olo_A_model_1_relaxed_repeat052,True,False,0.0,123
tau(AC),154,G,100,-44.46,-41.79,2.6700000000000017,2.670000000000016,2.670000000000016,0.4692778031887471,0.46692551868579624,-42.97160000000001,-42.875,23,44,2olo_A_model_1_relaxed_repeat023_inv.csv,2olo_A_model_1_relaxed_repeat044_inv.csv,2olo_A_model_1_relaxed_repeat023,2olo_A_model_1_relaxed_repeat044,True,False,-1.4210854715202004e-14,258
tau(AC),211,L,100,-26.63,-23.96,2.669999999999998,2.6699999999999875,2.6699999999999875,0.5349827147212375,0.5323010802168261,-25.513399999999997,-25.490000000000002,84,88,2olo_A_model_1_relaxed_repeat084_inv.csv,2olo_A_model_1_relaxed_repeat088_inv.csv,2olo_A_model_1_relaxed_repeat084,2olo_A_model_1_relaxed_repeat088,True,False,1.0658141036401503e-14,259
tau(NA),152,V,100,-65.55,-62.88,2.6699999999999946,2.6699999999999875,2.6699999999999875,0.5374467885335723,0.5347528027042026,-64.05879999999999,-63.995000000000005,23,13,2olo_A_model_1_relaxed_repeat023_inv.csv,2olo_A_model_1_relaxed_repeat013_inv.csv,2olo_A_model_1_relaxed_repeat023,2olo_A_model_1_relaxed_repeat013,True,False,7.105427357601002e-15,271
tau(AC),196,R,100,131.06,133.73,2.6699999999999875,2.6699999999999875,2.6699999999999875,0.5480287078670828,0.5452816795015212,132.10829999999999,132.06,64,23,2olo_A_model_1_relaxed_repeat064_inv.csv,2olo_A_model_1_relaxed_repeat023_inv.csv,2olo_A_model_1_relaxed_repeat064,2olo_A_model_1_relaxed_repeat023,True,False,0.0,259
tau(CN),317,R,100,167.7,170.36,2.660000000000025,2.660000000000025,2.660000000000025,0.5977083762423827,0.5947123254145678,169.01250000000005,168.945,49,68,2olo_A_model_1_relaxed_repeat049_inv.csv,2olo_A_model_1_relaxed_repeat068_inv.csv,2olo_A_model_1_relaxed_repeat049,2olo_A_model_1_relaxed_repeat068,True,False,0.0,124
tau(AC),169,T,100,122.1,124.76,2.660000000000011,2.660000000000025,2.660000000000025,0.6094353322891811,0.6063804993566336,123.4113,123.315,92,14,2olo_A_model_1_relaxed_repeat092_inv.csv,2olo_A_model_1_relaxed_repeat014_inv.csv,2olo_A_model_1_relaxed_repeat092,2olo_A_model_1_relaxed_repeat014,True,False,-1.4210854715202004e-14,261
tau(CN),93,G,100,163.29,165.95,2.6599999999999966,2.6599999999999966,2.6599999999999966,0.46121353979792235,0.45890167792240677,164.66649999999998,164.70499999999998,87,85,2olo_A_model_1_relaxed_repeat087_inv.csv,2olo_A_model_1_relaxed_repeat085_inv.csv,2olo_A_model_1_relaxed_repeat087,2olo_A_model_1_relaxed_repeat085,True,False,0.0,125
tau(CN),285,P,100,173.77,176.43,2.6599999999999966,2.6599999999999966,2.6599999999999966,0.5155352617043818,0.5129511087813334,175.3554,175.365,41,20,2olo_A_model_1_relaxed_repeat041_inv.csv,2olo_A_model_1_relaxed_repeat020_inv.csv,2olo_A_model_1_relaxed_repeat041,2olo_A_model_1_relaxed_repeat020,True,False,0.0,125
tau(NA),379,D,100,-74.61,-71.95,2.6599999999999966,2.6599999999999966,2.6599999999999966,0.85010313693948,0.8458419414997111,-73.4079,-73.86,86,37,2olo_A_model_1_relaxed_repeat086_inv.csv,2olo_A_model_1_relaxed_repeat037_inv.csv,2olo_A_model_1_relaxed_repeat086,2olo_A_model_1_relaxed_repeat037,True,False,0.0,272
tau(AC),5,Y,100,152.97,155.62,2.6500000000000057,2.6500000000000057,2.6500000000000057,0.48715470547938594,0.4847128118793645,153.9507,153.89,54,23,2olo_A_model_1_relaxed_repeat054_inv.csv,2olo_A_model_1_relaxed_repeat023_inv.csv,2olo_A_model_1_relaxed_repeat054,2olo_A_model_1_relaxed_repeat023,True,False,0.0,262
tau(NA),30,V,100,-122.3,-119.65,2.6499999999999915,2.6499999999999773,2.6499999999999773,0.5749437829347779,0.5720618410626594,-121.00949999999997,-121.04,15,25,2olo_A_model_1_relaxed_repeat015_inv.csv,2olo_A_model_1_relaxed_repeat025_inv.csv,2olo_A_model_1_relaxed_repeat015,2olo_A_model_1_relaxed_repeat025,True,False,1.4210854715202004e-14,273
tau(NA),201,V,100,-106.08,-103.44,2.6400000000000006,2.6399999999999864,2.6399999999999864,0.43238753427681065,0.4302201645669346,-105.10189999999999,-105.11,36,25,2olo_A_model_1_relaxed_repeat036_inv.csv,2olo_A_model_1_relaxed_repeat025_inv.csv,2olo_A_model_1_relaxed_repeat036,2olo_A_model_1_relaxed_repeat025,True,False,1.4210854715202004e-14,274
tau(AC),258,Y,100,161.03,163.65,2.6200000000000045,2.6200000000000045,2.6200000000000045,0.50335324062579,0.5008301508495666,162.6646,162.75,68,19,2olo_A_model_1_relaxed_repeat068_inv.csv,2olo_A_model_1_relaxed_repeat019_inv.csv,2olo_A_model_1_relaxed_repeat068,2olo_A_model_1_relaxed_repeat019,True,False,0.0,263
tau(AC),291,V,100,120.24,122.86,2.6200000000000045,2.6200000000000045,2.6200000000000045,0.496271543053241,0.4937839507314919,121.28790000000002,121.245,70,26,2olo_A_model_1_relaxed_repeat070_inv.csv,2olo_A_model_1_relaxed_repeat026_inv.csv,2olo_A_model_1_relaxed_repeat070,2olo_A_model_1_relaxed_repeat026,True,False,0.0,263
tau(NA),121,L,100,-137.31,-134.69,2.6200000000000045,2.6200000000000045,2.6200000000000045,0.5338052741469221,0.5311295416374427,-135.7879,-135.7,40,100,2olo_A_model_1_relaxed_repeat040_inv.csv,2olo_A_model_1_relaxed_repeat100_inv.csv,2olo_A_model_1_relaxed_repeat040,2olo_A_model_1_relaxed_repeat100,True,False,0.0,275
tau(AC),18,A,100,-43.23,-40.61,2.6199999999999974,2.6200000000000045,2.6200000000000045,0.3396625776659339,0.3379599976328558,-41.185199999999995,-41.135000000000005,53,64,2olo_A_model_1_relaxed_repeat053_inv.csv,2olo_A_model_1_relaxed_repeat064_inv.csv,2olo_A_model_1_relaxed_repeat053,2olo_A_model_1_relaxed_repeat064,True,False,-7.105427357601002e-15,263
tau(CN),333,F,100,160.27,162.89,2.619999999999976,2.619999999999976,2.619999999999976,0.5701860763085687,0.5673279827401424,161.3964,161.375,29,36,2olo_A_model_1_relaxed_repeat029_inv.csv,2olo_A_model_1_relaxed_repeat036_inv.csv,2olo_A_model_1_relaxed_repeat029,2olo_A_model_1_relaxed_repeat036,True,False,0.0,127
tau(NA),210,D,100,-57.5,-54.89,2.6099999999999994,2.6100000000000136,2.6100000000000136,0.535020768028889,0.5323389427798797,-55.901500000000006,-55.864999999999995,1,66,2olo_A_model_1_relaxed_repeat001_inv.csv,2olo_A_model_1_relaxed_repeat066_inv.csv,2olo_A_model_1_relaxed_repeat001,2olo_A_model_1_relaxed_repeat066,True,False,-1.4210854715202004e-14,276
tau(CN),357,F,100,174.52,177.13,2.609999999999985,2.609999999999985,2.609999999999985,0.5564662949125807,0.5536769726112852,175.8691,175.81,67,75,2olo_A_model_1_relaxed_repeat067_inv.csv,2olo_A_model_1_relaxed_repeat075_inv.csv,2olo_A_model_1_relaxed_repeat067,2olo_A_model_1_relaxed_repeat075,True,False,0.0,128
tau(AC),104,I,100,-52.33,-49.73,2.6000000000000014,2.5999999999999943,2.5999999999999943,0.6013407242709132,0.5983264660701545,-51.15119999999999,-51.235,22,70,2olo_A_model_1_relaxed_repeat022_inv.csv,2olo_A_model_1_relaxed_repeat070_inv.csv,2olo_A_model_1_relaxed_repeat022,2olo_A_model_1_relaxed_repeat070,True,False,7.105427357601002e-15,266
tau(NA),365,R,100,-64.98,-62.38,2.6000000000000014,2.5999999999999943,2.5999999999999943,0.5968460878025864,0.5938543592498081,-63.80899999999999,-63.78,9,81,2olo_A_model_1_relaxed_repeat009_inv.csv,2olo_A_model_1_relaxed_repeat081_inv.csv,2olo_A_model_1_relaxed_repeat009,2olo_A_model_1_relaxed_repeat081,True,False,7.105427357601002e-15,277
tau(AC),58,Q,100,124.85,127.44,2.5900000000000034,2.5900000000000034,2.5900000000000034,0.5731354397725139,0.5702625623342292,126.1969,126.23,96,49,2olo_A_model_1_relaxed_repeat096_inv.csv,2olo_A_model_1_relaxed_repeat049_inv.csv,2olo_A_model_1_relaxed_repeat096,2olo_A_model_1_relaxed_repeat049,True,False,0.0,267
tau(NA),176,V,100,-71.63,-69.05,2.5799999999999983,2.579999999999984,2.579999999999984,0.4270045537097805,0.4248641665285506,-70.49380000000001,-70.52,92,81,2olo_A_model_1_relaxed_repeat092_inv.csv,2olo_A_model_1_relaxed_repeat081_inv.csv,2olo_A_model_1_relaxed_repeat092,2olo_A_model_1_relaxed_repeat081,True,False,1.4210854715202004e-14,278
tau(CN),202,L,100,173.36,175.94,2.579999999999984,2.579999999999984,2.579999999999984,0.3585306010917207,0.3567334439045471,175.1555,175.165,81,52,2olo_A_model_1_relaxed_repeat081_inv.csv,2olo_A_model_1_relaxed_repeat052_inv.csv,2olo_A_model_1_relaxed_repeat081,2olo_A_model_1_relaxed_repeat052,True,False,0.0,129
tau(CN),218,R,100,167.37,169.95,2.579999999999984,2.579999999999984,2.579999999999984,0.5490641717016908,0.5463119530085343,168.5795,168.525,82,30,2olo_A_model_1_relaxed_repeat082_inv.csv,2olo_A_model_1_relaxed_repeat030_inv.csv,2olo_A_model_1_relaxed_repeat082,2olo_A_model_1_relaxed_repeat030,True,False,0.0,129
tau(CN),296,Q,100,175.31,177.89,2.579999999999984,2.579999999999984,2.579999999999984,0.49986963957181496,0.49736401156497007,176.68519999999998,176.70999999999998,13,75,2olo_A_model_1_relaxed_repeat013_inv.csv,2olo_A_model_1_relaxed_repeat075_inv.csv,2olo_A_model_1_relaxed_repeat013,2olo_A_model_1_relaxed_repeat075,True,False,0.0,129
tau(CN),377,A,100,-177.67,-175.09,2.579999999999984,2.579999999999984,2.579999999999984,0.5924835248956104,0.5895136639637797,-176.33419999999998,-176.35,85,71,2olo_A_model_1_relaxed_repeat085_inv.csv,2olo_A_model_1_relaxed_repeat071_inv.csv,2olo_A_model_1_relaxed_repeat085,2olo_A_model_1_relaxed_repeat071,True,False,0.0,129
tau(AC),158,A,100,-52.68,-50.11,2.5700000000000003,2.569999999999993,2.569999999999993,0.6241282809736403,0.6209997987117227,-51.56049999999999,-51.77,18,44,2olo_A_model_1_relaxed_repeat018_inv.csv,2olo_A_model_1_relaxed_repeat044_inv.csv,2olo_A_model_1_relaxed_repeat018,2olo_A_model_1_relaxed_repeat044,True,False,7.105427357601002e-15,268
tau(CN),200,V,100,169.14,171.69,2.5500000000000114,2.5500000000000114,2.5500000000000114,0.38138369819976004,0.37947198842602387,170.96989999999994,170.98000000000002,25,24,2olo_A_model_1_relaxed_repeat025_inv.csv,2olo_A_model_1_relaxed_repeat024_inv.csv,2olo_A_model_1_relaxed_repeat025,2olo_A_model_1_relaxed_repeat024,True,False,0.0,133
tau(AC),112,D,100,-49.26,-46.71,2.549999999999997,2.5500000000000114,2.5500000000000114,0.5609639160868685,0.5581520491765664,-48.1223,-47.97,17,72,2olo_A_model_1_relaxed_repeat017_inv.csv,2olo_A_model_1_relaxed_repeat072_inv.csv,2olo_A_model_1_relaxed_repeat017,2olo_A_model_1_relaxed_repeat072,True,False,-1.4210854715202004e-14,269
tau(CN),378,Y,100,172.62,175.17,2.549999999999983,2.549999999999983,2.549999999999983,0.5677251789271626,0.5648794207616347,173.76179999999997,173.865,37,70,2olo_A_model_1_relaxed_repeat037_inv.csv,2olo_A_model_1_relaxed_repeat070_inv.csv,2olo_A_model_1_relaxed_repeat037,2olo_A_model_1_relaxed_repeat070,True,False,0.0,134
tau(NA),139,Y,100,-68.45,-65.91,2.5400000000000063,2.5400000000000205,2.5400000000000205,0.6643007716023793,0.6609709222046015,-67.37119999999999,-67.65,24,2,2olo_A_model_1_relaxed_repeat024_inv.csv,2olo_A_model_1_relaxed_repeat002_inv.csv,2olo_A_model_1_relaxed_repeat024,2olo_A_model_1_relaxed_repeat002,True,False,-1.4210854715202004e-14,279
tau(NA),12,G,100,-89.08,-86.54,2.539999999999992,2.539999999999992,2.539999999999992,0.5036105096744362,0.501086130320926,-87.73870000000001,-87.785,43,20,2olo_A_model_1_relaxed_repeat043_inv.csv,2olo_A_model_1_relaxed_repeat020_inv.csv,2olo_A_model_1_relaxed_repeat043,2olo_A_model_1_relaxed_repeat020,True,False,0.0,280
tau(NA),19,T,100,-62.08,-59.55,2.530000000000001,2.530000000000001,2.530000000000001,0.35486170303771625,0.35308293643278776,-61.42380000000001,-61.47,97,53,2olo_A_model_1_relaxed_repeat097_inv.csv,2olo_A_model_1_relaxed_repeat053_inv.csv,2olo_A_model_1_relaxed_repeat097,2olo_A_model_1_relaxed_repeat053,True,False,0.0,281
tau(CN),142,F,100,158.38,160.9,2.5200000000000102,2.5200000000000102,2.5200000000000102,0.6102516453948088,0.6071927206414787,159.81099999999998,159.865,16,38,2olo_A_model_1_relaxed_repeat016_inv.csv,2olo_A_model_1_relaxed_repeat038_inv.csv,2olo_A_model_1_relaxed_repeat016,2olo_A_model_1_relaxed_repeat038,True,False,0.0,135
tau(CN),247,Q,100,172.25,174.77,2.5200000000000102,2.5200000000000102,2.5200000000000102,0.4093992149134101,0.4073470756001562,173.02059999999997,172.965,54,35,2olo_A_model_1_relaxed_repeat054_inv.csv,2olo_A_model_1_relaxed_repeat035_inv.csv,2olo_A_model_1_relaxed_repeat054,2olo_A_model_1_relaxed_repeat035,True,False,0.0,135
tau(CN),309,P,100,172.32,174.83,2.5100000000000193,2.5100000000000193,2.5100000000000193,0.584166020403396,0.5812378514859485,173.20159999999998,173.03,47,25,2olo_A_model_1_relaxed_repeat047_inv.csv,2olo_A_model_1_relaxed_repeat025_inv.csv,2olo_A_model_1_relaxed_repeat047,2olo_A_model_1_relaxed_repeat025,True,False,0.0,137
tau(AC),377,A,100,-12.31,-9.8,2.51,2.509999999999991,2.509999999999991,0.45514365586564814,0.45286221966509865,-10.524099999999999,-10.475000000000001,14,5,2olo_A_model_1_relaxed_repeat014_inv.csv,2olo_A_model_1_relaxed_repeat005_inv.csv,2olo_A_model_1_relaxed_repeat014,2olo_A_model_1_relaxed_repeat005,True,False,8.881784197001252e-15,270
tau(AC),72,W,100,-47.3,-44.79,2.509999999999998,2.509999999999991,2.509999999999991,0.4795030676848604,0.4770995284005214,-45.769800000000004,-45.68,32,81,2olo_A_model_1_relaxed_repeat032_inv.csv,2olo_A_model_1_relaxed_repeat081_inv.csv,2olo_A_model_1_relaxed_repeat032,2olo_A_model_1_relaxed_repeat081,True,False,7.105427357601002e-15,270
tau(AC),185,G,100,-142.97,-140.46,2.509999999999991,2.509999999999991,2.509999999999991,0.46085860799778433,0.45854852524023987,-141.4275,-141.41,44,65,2olo_A_model_1_relaxed_repeat044_inv.csv,2olo_A_model_1_relaxed_repeat065_inv.csv,2olo_A_model_1_relaxed_repeat044,2olo_A_model_1_relaxed_repeat065,True,False,0.0,270
tau(AC),19,T,100,-49.94,-47.44,2.5,2.5,2.5,0.6567084742882644,0.6534166817582788,-48.94079999999999,-49.15,70,97,2olo_A_model_1_relaxed_repeat070_inv.csv,2olo_A_model_1_relaxed_repeat097_inv.csv,2olo_A_model_1_relaxed_repeat070,2olo_A_model_1_relaxed_repeat097,True,False,0.0,273
tau(AC),128,R,100,-39.56,-37.07,2.490000000000002,2.490000000000009,2.490000000000009,0.4602544201994493,0.45794736597124336,-38.5461,-38.58,84,60,2olo_A_model_1_relaxed_repeat084_inv.csv,2olo_A_model_1_relaxed_repeat060_inv.csv,2olo_A_model_1_relaxed_repeat084,2olo_A_model_1_relaxed_repeat060,True,False,-7.105427357601002e-15,274
tau(AC),290,G,100,4.11,6.6,2.4899999999999993,2.490000000000009,2.490000000000009,0.43605851706282533,0.4338727463208539,5.733800000000001,5.77,80,84,2olo_A_model_1_relaxed_repeat080_inv.csv,2olo_A_model_1_relaxed_repeat084_inv.csv,2olo_A_model_1_relaxed_repeat080,2olo_A_model_1_relaxed_repeat084,True,False,-9.769962616701378e-15,274
tau(NA),377,A,100,-79.82,-77.33,2.489999999999995,2.490000000000009,2.490000000000009,0.49279793838936453,0.4903277577294598,-78.73629999999999,-78.695,15,14,2olo_A_model_1_relaxed_repeat015_inv.csv,2olo_A_model_1_relaxed_repeat014_inv.csv,2olo_A_model_1_relaxed_repeat015,2olo_A_model_1_relaxed_repeat014,True,False,-1.4210854715202004e-14,282
tau(AC),167,G,100,11.5,13.98,2.4800000000000004,2.4799999999999898,2.4799999999999898,0.8346846982271482,0.8305007886811426,12.543800000000003,12.114999999999998,46,79,2olo_A_model_1_relaxed_repeat046_inv.csv,2olo_A_model_1_relaxed_repeat079_inv.csv,2olo_A_model_1_relaxed_repeat046,2olo_A_model_1_relaxed_repeat079,True,False,1.0658141036401503e-14,276
tau(CN),387,S,100,-179.84,177.69,357.53,2.4700000000000273,2.4700000000000273,68.89646645723515,68.55111858598661,157.8869,172.635,65,43,2olo_A_model_1_relaxed_repeat065_inv.csv,2olo_A_model_1_relaxed_repeat043_inv.csv,2olo_A_model_1_relaxed_repeat065,2olo_A_model_1_relaxed_repeat043,True,True,355.05999999999995,138
tau(CN),380,I,100,-174.2,-171.73,2.469999999999999,2.469999999999999,2.469999999999999,0.4247278272879318,0.42259885234108235,-173.3089,-173.29500000000002,43,60,2olo_A_model_1_relaxed_repeat043_inv.csv,2olo_A_model_1_relaxed_repeat060_inv.csv,2olo_A_model_1_relaxed_repeat043,2olo_A_model_1_relaxed_repeat060,True,False,0.0,139
tau(NA),335,L,100,-154.93,-152.46,2.469999999999999,2.469999999999999,2.469999999999999,0.531315073257579,0.5286518230366746,-153.77949999999998,-153.66,35,99,2olo_A_model_1_relaxed_repeat035_inv.csv,2olo_A_model_1_relaxed_repeat099_inv.csv,2olo_A_model_1_relaxed_repeat035,2olo_A_model_1_relaxed_repeat099,True,False,0.0,283
tau(AC),121,L,100,139.04,141.5,2.460000000000008,2.460000000000008,2.460000000000008,0.45785838752861485,0.4555633435648661,140.25979999999998,140.22,2,5,2olo_A_model_1_relaxed_repeat002_inv.csv,2olo_A_model_1_relaxed_repeat005_inv.csv,2olo_A_model_1_relaxed_repeat002,2olo_A_model_1_relaxed_repeat005,True,False,0.0,277
tau(AC),308,L,100,66.84,69.3,2.4599999999999937,2.4599999999999795,2.4599999999999795,0.4885953790657907,0.48614626399880856,67.96910000000001,68.045,71,46,2olo_A_model_1_relaxed_repeat071_inv.csv,2olo_A_model_1_relaxed_repeat046_inv.csv,2olo_A_model_1_relaxed_repeat071,2olo_A_model_1_relaxed_repeat046,True,False,1.4210854715202004e-14,278
tau(NA),113,K,100,-60.61,-58.16,2.450000000000003,2.4499999999999886,2.4499999999999886,0.45591869734181617,0.4536333761971224,-58.9026,-58.79,5,79,2olo_A_model_1_relaxed_repeat005_inv.csv,2olo_A_model_1_relaxed_repeat079_inv.csv,2olo_A_model_1_relaxed_repeat005,2olo_A_model_1_relaxed_repeat079,True,False,1.4210854715202004e-14,284
tau(AC),316,V,100,-34.36,-31.91,2.4499999999999993,2.4499999999999886,2.4499999999999886,0.5385770533769912,0.5358774020240077,-32.9679,-32.98,40,82,2olo_A_model_1_relaxed_repeat040_inv.csv,2olo_A_model_1_relaxed_repeat082_inv.csv,2olo_A_model_1_relaxed_repeat040,2olo_A_model_1_relaxed_repeat082,True,False,1.0658141036401503e-14,279
tau(CN),217,A,100,172.15,174.6,2.4499999999999886,2.4499999999999886,2.4499999999999886,0.5610129637134474,0.5582008509488322,172.9809,172.85,27,23,2olo_A_model_1_relaxed_repeat027_inv.csv,2olo_A_model_1_relaxed_repeat023_inv.csv,2olo_A_model_1_relaxed_repeat027,2olo_A_model_1_relaxed_repeat023,True,False,0.0,140
tau(AC),134,G,100,21.33,23.77,2.4400000000000013,2.4399999999999977,2.4399999999999977,0.41091239942352686,0.4088526751777467,22.309300000000004,22.22,33,25,2olo_A_model_1_relaxed_repeat033_inv.csv,2olo_A_model_1_relaxed_repeat025_inv.csv,2olo_A_model_1_relaxed_repeat033,2olo_A_model_1_relaxed_repeat025,True,False,3.552713678800501e-15,280
tau(NA),159,L,100,-65.85,-63.41,2.4399999999999977,2.4399999999999977,2.4399999999999977,0.496792489655165,0.4943022860558096,-64.14150000000001,-64.005,44,29,2olo_A_model_1_relaxed_repeat044_inv.csv,2olo_A_model_1_relaxed_repeat029_inv.csv,2olo_A_model_1_relaxed_repeat044,2olo_A_model_1_relaxed_repeat029,True,False,0.0,285
tau(NA),116,V,100,-89.64,-87.21,2.430000000000007,2.430000000000007,2.430000000000007,0.49879955894126465,0.49629929478088136,-88.34489999999998,-88.36500000000001,24,56,2olo_A_model_1_relaxed_repeat024_inv.csv,2olo_A_model_1_relaxed_repeat056_inv.csv,2olo_A_model_1_relaxed_repeat024,2olo_A_model_1_relaxed_repeat056,True,False,0.0,286
tau(CN),1,M,100,174.51,176.93,2.420000000000016,2.420000000000016,2.420000000000016,0.44071337945231825,0.4385042759198594,175.69199999999998,175.695,86,26,2olo_A_model_1_relaxed_repeat086_inv.csv,2olo_A_model_1_relaxed_repeat026_inv.csv,2olo_A_model_1_relaxed_repeat086,2olo_A_model_1_relaxed_repeat026,True,False,0.0,141
tau(NA),188,V,100,-116.29,-113.88,2.410000000000011,2.410000000000025,2.410000000000025,0.3906572938166154,0.38869909956160204,-115.0951,-115.11,5,100,2olo_A_model_1_relaxed_repeat005_inv.csv,2olo_A_model_1_relaxed_repeat100_inv.csv,2olo_A_model_1_relaxed_repeat005,2olo_A_model_1_relaxed_repeat100,True,False,-1.4210854715202004e-14,287
tau(AC),287,A,100,-8.88,-6.47,2.410000000000001,2.4099999999999966,2.4099999999999966,0.4051666822482328,0.4031357587711614,-7.893400000000001,-7.85,15,84,2olo_A_model_1_relaxed_repeat015_inv.csv,2olo_A_model_1_relaxed_repeat084_inv.csv,2olo_A_model_1_relaxed_repeat015,2olo_A_model_1_relaxed_repeat084,True,False,4.440892098500626e-15,281
tau(CN),110,M,100,171.23,173.64,2.4099999999999966,2.4099999999999966,2.4099999999999966,0.2912397048078528,0.28977984747045393,172.50580000000002,172.5,20,24,2olo_A_model_1_relaxed_repeat020_inv.csv,2olo_A_model_1_relaxed_repeat024_inv.csv,2olo_A_model_1_relaxed_repeat020,2olo_A_model_1_relaxed_repeat024,True,False,0.0,142
tau(AC),363,F,100,-37.81,-35.41,2.4000000000000057,2.4000000000000057,2.4000000000000057,0.6151168074997522,0.6120334958153845,-36.681,-36.7,79,35,2olo_A_model_1_relaxed_repeat079_inv.csv,2olo_A_model_1_relaxed_repeat035_inv.csv,2olo_A_model_1_relaxed_repeat079,2olo_A_model_1_relaxed_repeat035,True,False,0.0,282
tau(CN),129,R,100,-168.58,-166.18,2.4000000000000057,2.4000000000000057,2.4000000000000057,0.4737068415351129,0.47133235619889374,-167.5841,-167.615,77,71,2olo_A_model_1_relaxed_repeat077_inv.csv,2olo_A_model_1_relaxed_repeat071_inv.csv,2olo_A_model_1_relaxed_repeat077,2olo_A_model_1_relaxed_repeat071,True,False,0.0,143
tau(CN),336,G,100,169.51,171.91,2.4000000000000057,2.4000000000000057,2.4000000000000057,0.46302539363572365,0.4607044497288925,170.96210000000008,170.975,42,81,2olo_A_model_1_relaxed_repeat042_inv.csv,2olo_A_model_1_relaxed_repeat081_inv.csv,2olo_A_model_1_relaxed_repeat042,2olo_A_model_1_relaxed_repeat081,True,False,0.0,143
tau(CN),115,S,100,173.7,176.09,2.390000000000015,2.390000000000015,2.390000000000015,0.409380648237695,0.40732860199107085,174.49790000000002,174.41,74,30,2olo_A_model_1_relaxed_repeat074_inv.csv,2olo_A_model_1_relaxed_repeat030_inv.csv,2olo_A_model_1_relaxed_repeat074,2olo_A_model_1_relaxed_repeat030,True,False,0.0,145
tau(CN),229,A,100,166.07,168.46,2.390000000000015,2.390000000000015,2.390000000000015,0.6336013707132403,0.6304254039932083,167.06589999999997,166.85,78,40,2olo_A_model_1_relaxed_repeat078_inv.csv,2olo_A_model_1_relaxed_repeat040_inv.csv,2olo_A_model_1_relaxed_repeat078,2olo_A_model_1_relaxed_repeat040,True,False,0.0,145
tau(CN),310,T,100,176.1,178.49,2.390000000000015,2.390000000000015,2.390000000000015,0.39536520644164747,0.39338341347850453,177.18930000000003,177.14499999999998,43,63,2olo_A_model_1_relaxed_repeat043_inv.csv,2olo_A_model_1_relaxed_repeat063_inv.csv,2olo_A_model_1_relaxed_repeat043,2olo_A_model_1_relaxed_repeat063,True,False,0.0,145
tau(CN),157,A,100,174.75,177.14,2.3899999999999864,2.3899999999999864,2.3899999999999864,0.5204040388355603,0.517795480860928,175.80280000000002,175.57999999999998,18,44,2olo_A_model_1_relaxed_repeat018_inv.csv,2olo_A_model_1_relaxed_repeat044_inv.csv,2olo_A_model_1_relaxed_repeat018,2olo_A_model_1_relaxed_repeat044,True,False,0.0,148
tau(CN),169,T,100,-176.91,-174.52,2.3899999999999864,2.3899999999999864,2.3899999999999864,0.6732176918397653,0.6698431458184824,-175.99960000000002,-176.185,80,50,2olo_A_model_1_relaxed_repeat080_inv.csv,2olo_A_model_1_relaxed_repeat050_inv.csv,2olo_A_model_1_relaxed_repeat080,2olo_A_model_1_relaxed_repeat050,True,False,0.0,148
tau(NA),157,A,100,-63.8,-61.42,2.3799999999999955,2.3799999999999955,2.3799999999999955,0.638311305894172,0.6351117303278219,-62.74029999999999,-62.99,23,50,2olo_A_model_1_relaxed_repeat023_inv.csv,2olo_A_model_1_relaxed_repeat050_inv.csv,2olo_A_model_1_relaxed_repeat023,2olo_A_model_1_relaxed_repeat050,True,False,0.0,288
tau(CN),156,L,100,177.36,179.71,2.3499999999999943,2.3499999999999943,2.3499999999999943,0.4134826709693161,0.41141006307575967,178.39239999999998,178.475,89,23,2olo_A_model_1_relaxed_repeat089_inv.csv,2olo_A_model_1_relaxed_repeat023_inv.csv,2olo_A_model_1_relaxed_repeat089,2olo_A_model_1_relaxed_repeat023,True,False,0.0,150
tau(NA),71,L,100,-74.14,-71.8,2.3400000000000034,2.3400000000000034,2.3400000000000034,0.4518747815289287,0.44960973076658256,-72.8497,-72.855,32,37,2olo_A_model_1_relaxed_repeat032_inv.csv,2olo_A_model_1_relaxed_repeat037_inv.csv,2olo_A_model_1_relaxed_repeat032,2olo_A_model_1_relaxed_repeat037,True,False,0.0,289
tau(NA),138,D,100,-86.36,-84.02,2.3400000000000034,2.3400000000000034,2.3400000000000034,0.49343646546900616,0.4909630841519556,-85.0035,-84.94,13,12,2olo_A_model_1_relaxed_repeat013_inv.csv,2olo_A_model_1_relaxed_repeat012_inv.csv,2olo_A_model_1_relaxed_repeat013,2olo_A_model_1_relaxed_repeat012,True,False,0.0,289
tau(AC),64,L,100,-36.8,-34.46,2.3399999999999963,2.3400000000000034,2.3400000000000034,0.46907900305930395,0.46672771505450517,-35.4818,-35.545,15,69,2olo_A_model_1_relaxed_repeat015_inv.csv,2olo_A_model_1_relaxed_repeat069_inv.csv,2olo_A_model_1_relaxed_repeat015,2olo_A_model_1_relaxed_repeat069,True,False,-7.105427357601002e-15,283
tau(CN),83,L,100,173.08,175.42,2.339999999999975,2.339999999999975,2.339999999999975,0.40550449934605975,0.40347188253953903,173.96619999999996,173.91,37,75,2olo_A_model_1_relaxed_repeat037_inv.csv,2olo_A_model_1_relaxed_repeat075_inv.csv,2olo_A_model_1_relaxed_repeat037,2olo_A_model_1_relaxed_repeat075,True,False,0.0,151
tau(NA),173,G,100,67.02,69.35,2.3299999999999983,2.329999999999984,2.329999999999984,0.4583105889673462,0.45601327831544536,68.3733,68.35,82,99,2olo_A_model_1_relaxed_repeat082_inv.csv,2olo_A_model_1_relaxed_repeat099_inv.csv,2olo_A_model_1_relaxed_repeat082,2olo_A_model_1_relaxed_repeat099,True,False,1.4210854715202004e-14,291
tau(NA),175,T,100,-95.61,-93.28,2.3299999999999983,2.329999999999984,2.329999999999984,0.5124576947308809,0.5098889683058457,-94.46820000000001,-94.47,68,37,2olo_A_model_1_relaxed_repeat068_inv.csv,2olo_A_model_1_relaxed_repeat037_inv.csv,2olo_A_model_1_relaxed_repeat068,2olo_A_model_1_relaxed_repeat037,True,False,1.4210854715202004e-14,291
tau(CN),194,T,100,175.95,178.26,2.3100000000000023,2.3100000000000023,2.3100000000000023,0.4325190484507331,0.43035101951778887,177.26800000000003,177.275,100,61,2olo_A_model_1_relaxed_repeat100_inv.csv,2olo_A_model_1_relaxed_repeat061_inv.csv,2olo_A_model_1_relaxed_repeat100,2olo_A_model_1_relaxed_repeat061,True,False,0.0,152
tau(CN),237,V,100,-179.02,-176.71,2.3100000000000023,2.3100000000000023,2.3100000000000023,0.4182741235412996,0.4161774981903754,-178.19729999999998,-178.19,47,91,2olo_A_model_1_relaxed_repeat047_inv.csv,2olo_A_model_1_relaxed_repeat091_inv.csv,2olo_A_model_1_relaxed_repeat047,2olo_A_model_1_relaxed_repeat091,True,False,0.0,152
tau(NA),286,S,100,-69.5,-67.19,2.3100000000000023,2.3100000000000023,2.3100000000000023,0.4743659670624265,0.4719881778180471,-68.62459999999999,-68.62,59,45,2olo_A_model_1_relaxed_repeat059_inv.csv,2olo_A_model_1_relaxed_repeat045_inv.csv,2olo_A_model_1_relaxed_repeat059,2olo_A_model_1_relaxed_repeat045,True,False,0.0,293
tau(AC),334,F,100,123.46,125.76,2.3000000000000114,2.3000000000000114,2.3000000000000114,0.49524404758327795,0.4927616056471947,124.49600000000001,124.47,99,95,2olo_A_model_1_relaxed_repeat099_inv.csv,2olo_A_model_1_relaxed_repeat095_inv.csv,2olo_A_model_1_relaxed_repeat099,2olo_A_model_1_relaxed_repeat095,True,False,0.0,284
tau(CN),335,L,100,175.17,177.47,2.3000000000000114,2.3000000000000114,2.3000000000000114,0.389401197904286,0.38744929990903326,176.64520000000002,176.57,61,57,2olo_A_model_1_relaxed_repeat061_inv.csv,2olo_A_model_1_relaxed_repeat057_inv.csv,2olo_A_model_1_relaxed_repeat061,2olo_A_model_1_relaxed_repeat057,True,False,0.0,154
tau(NA),180,V,100,-129.75,-127.45,2.299999999999997,2.3000000000000114,2.3000000000000114,0.36865028184314574,0.36680239911974466,-128.65200000000002,-128.66,95,92,2olo_A_model_1_relaxed_repeat095_inv.csv,2olo_A_model_1_relaxed_repeat092_inv.csv,2olo_A_model_1_relaxed_repeat095,2olo_A_model_1_relaxed_repeat092,True,False,-1.4210854715202004e-14,294
tau(CN),192,R,100,-178.13,-175.85,2.280000000000001,2.280000000000001,2.280000000000001,0.5106733127188389,0.508113530620865,-177.29919999999998,-177.415,76,10,2olo_A_model_1_relaxed_repeat076_inv.csv,2olo_A_model_1_relaxed_repeat010_inv.csv,2olo_A_model_1_relaxed_repeat076,2olo_A_model_1_relaxed_repeat010,True,False,0.0,155
tau(CN),224,Y,100,165.37,167.65,2.280000000000001,2.280000000000001,2.280000000000001,0.33460694565535914,0.3329297072956999,166.1309,166.1,15,100,2olo_A_model_1_relaxed_repeat015_inv.csv,2olo_A_model_1_relaxed_repeat100_inv.csv,2olo_A_model_1_relaxed_repeat015,2olo_A_model_1_relaxed_repeat100,True,False,0.0,155
tau(CN),231,Y,100,174.26,176.54,2.280000000000001,2.280000000000001,2.280000000000001,0.49283877749834293,0.4903683921298359,175.1922,175.085,83,56,2olo_A_model_1_relaxed_repeat083_inv.csv,2olo_A_model_1_relaxed_repeat056_inv.csv,2olo_A_model_1_relaxed_repeat083,2olo_A_model_1_relaxed_repeat056,True,False,0.0,155
tau(AC),286,S,100,-11.51,-9.23,2.2799999999999994,2.280000000000001,2.280000000000001,0.5122612180865886,0.5096934765130902,-10.2316,-10.3,19,29,2olo_A_model_1_relaxed_repeat019_inv.csv,2olo_A_model_1_relaxed_repeat029_inv.csv,2olo_A_model_1_relaxed_repeat019,2olo_A_model_1_relaxed_repeat029,True,False,-1.7763568394002505e-15,285
tau(AC),119,E,100,119.85,122.12,2.2700000000000102,2.2700000000000102,2.2700000000000102,0.43951868762053453,0.4373155725560207,121.0353,121.06,98,16,2olo_A_model_1_relaxed_repeat098_inv.csv,2olo_A_model_1_relaxed_repeat016_inv.csv,2olo_A_model_1_relaxed_repeat098,2olo_A_model_1_relaxed_repeat016,True,False,0.0,286
tau(AC),192,R,100,-20.34,-18.08,2.2600000000000016,2.259999999999991,2.259999999999991,0.5423423198674355,0.5396237948793584,-19.2004,-19.235,48,83,2olo_A_model_1_relaxed_repeat048_inv.csv,2olo_A_model_1_relaxed_repeat083_inv.csv,2olo_A_model_1_relaxed_repeat048,2olo_A_model_1_relaxed_repeat083,True,False,1.0658141036401503e-14,287
tau(CN),24,A,100,175.94,178.2,2.259999999999991,2.259999999999991,2.259999999999991,0.26981662309985643,0.26846415030688897,177.591,177.61,90,11,2olo_A_model_1_relaxed_repeat090_inv.csv,2olo_A_model_1_relaxed_repeat011_inv.csv,2olo_A_model_1_relaxed_repeat090,2olo_A_model_1_relaxed_repeat011,True,False,0.0,158
tau(AC),170,L,100,114.78,117.03,2.25,2.25,2.25,0.49233313842551696,0.4898652876046639,115.66,115.625,29,23,2olo_A_model_1_relaxed_repeat029_inv.csv,2olo_A_model_1_relaxed_repeat023_inv.csv,2olo_A_model_1_relaxed_repeat029,2olo_A_model_1_relaxed_repeat023,True,False,0.0,288
tau(CN),293,D,100,-176.72,-174.47,2.25,2.25,2.25,0.32921288129737847,0.3275626810245645,-175.01130000000003,-174.98,42,13,2olo_A_model_1_relaxed_repeat042_inv.csv,2olo_A_model_1_relaxed_repeat013_inv.csv,2olo_A_model_1_relaxed_repeat042,2olo_A_model_1_relaxed_repeat013,True,False,0.0,159
tau(NA),171,R,100,-120.81,-118.56,2.25,2.25,2.25,0.47429457453606244,0.47191714315121147,-119.3639,-119.36500000000001,23,82,2olo_A_model_1_relaxed_repeat023_inv.csv,2olo_A_model_1_relaxed_repeat082_inv.csv,2olo_A_model_1_relaxed_repeat023,2olo_A_model_1_relaxed_repeat082,True,False,0.0,295
tau(CN),291,V,100,176.89,179.13,2.240000000000009,2.240000000000009,2.240000000000009,0.2799618300101397,0.2785585037294681,177.37460000000002,177.35,70,96,2olo_A_model_1_relaxed_repeat070_inv.csv,2olo_A_model_1_relaxed_repeat096_inv.csv,2olo_A_model_1_relaxed_repeat070,2olo_A_model_1_relaxed_repeat096,True,False,0.0,160
tau(NA),161,T,100,-65.45,-63.21,2.240000000000002,2.240000000000009,2.240000000000009,0.47064987308008804,0.4682907109905128,-64.7191,-64.82499999999999,19,10,2olo_A_model_1_relaxed_repeat019_inv.csv,2olo_A_model_1_relaxed_repeat010_inv.csv,2olo_A_model_1_relaxed_repeat019,2olo_A_model_1_relaxed_repeat010,True,False,-7.105427357601002e-15,296
tau(NA),115,S,100,54.65,56.88,2.230000000000004,2.230000000000018,2.230000000000018,0.29831682703617174,0.2968214951784993,55.61299999999999,55.59,22,89,2olo_A_model_1_relaxed_repeat022_inv.csv,2olo_A_model_1_relaxed_repeat089_inv.csv,2olo_A_model_1_relaxed_repeat022,2olo_A_model_1_relaxed_repeat089,True,False,-1.4210854715202004e-14,297
tau(CN),323,A,100,-178.39,179.39,357.78,2.2200000000000273,2.2200000000000273,35.64350371896169,35.46483841482997,174.39609999999996,178.085,6,81,2olo_A_model_1_relaxed_repeat006_inv.csv,2olo_A_model_1_relaxed_repeat081_inv.csv,2olo_A_model_1_relaxed_repeat006,2olo_A_model_1_relaxed_repeat081,True,True,355.55999999999995,161
tau(CN),134,G,100,177.27,179.49,2.219999999999999,2.219999999999999,2.219999999999999,0.4895050478996027,0.48705137306037893,178.5036,178.625,44,100,2olo_A_model_1_relaxed_repeat044_inv.csv,2olo_A_model_1_relaxed_repeat100_inv.csv,2olo_A_model_1_relaxed_repeat044,2olo_A_model_1_relaxed_repeat100,True,False,0.0,162
tau(AC),174,E,100,110.63,112.84,2.210000000000008,2.210000000000008,2.210000000000008,0.46057385154530117,0.4582651961473841,111.80010000000001,111.82,52,30,2olo_A_model_1_relaxed_repeat052_inv.csv,2olo_A_model_1_relaxed_repeat030_inv.csv,2olo_A_model_1_relaxed_repeat052,2olo_A_model_1_relaxed_repeat030,True,False,0.0,289
tau(AC),23,V,100,-47.26,-45.05,2.210000000000001,2.210000000000008,2.210000000000008,0.33632842294520426,0.3346425555723601,-46.350599999999986,-46.39,43,90,2olo_A_model_1_relaxed_repeat043_inv.csv,2olo_A_model_1_relaxed_repeat090_inv.csv,2olo_A_model_1_relaxed_repeat043,2olo_A_model_1_relaxed_repeat090,True,False,-7.105427357601002e-15,289
tau(CN),288,A,100,-174.49,-172.29,2.200000000000017,2.200000000000017,2.200000000000017,0.33904762634369395,0.33734812879279497,-173.1332,-173.11,34,72,2olo_A_model_1_relaxed_repeat034_inv.csv,2olo_A_model_1_relaxed_repeat072_inv.csv,2olo_A_model_1_relaxed_repeat034,2olo_A_model_1_relaxed_repeat072,True,False,0.0,163
tau(AC),152,V,100,-47.58,-45.38,2.1999999999999957,2.1999999999999886,2.1999999999999886,0.4487114998537586,0.4464623052397587,-46.7321,-46.825,48,90,2olo_A_model_1_relaxed_repeat048_inv.csv,2olo_A_model_1_relaxed_repeat090_inv.csv,2olo_A_model_1_relaxed_repeat048,2olo_A_model_1_relaxed_repeat090,True,False,7.105427357601002e-15,291
tau(AC),186,V,100,127.22,129.41,2.1899999999999977,2.1899999999999977,2.1899999999999977,0.3305077208407589,0.3288510301032969,128.457,128.47,44,66,2olo_A_model_1_relaxed_repeat044_inv.csv,2olo_A_model_1_relaxed_repeat066_inv.csv,2olo_A_model_1_relaxed_repeat044,2olo_A_model_1_relaxed_repeat066,True,False,0.0,292
tau(AC),172,A,100,156.32,158.5,2.180000000000007,2.180000000000007,2.180000000000007,0.38392949689475336,0.3820050261449447,157.69039999999998,157.73,44,74,2olo_A_model_1_relaxed_repeat044_inv.csv,2olo_A_model_1_relaxed_repeat074_inv.csv,2olo_A_model_1_relaxed_repeat044,2olo_A_model_1_relaxed_repeat074,True,False,0.0,293
tau(NA),20,A,100,-61.88,-59.7,2.1799999999999997,2.180000000000007,2.180000000000007,0.3642964022425541,0.36247034361448127,-60.51250000000001,-60.565,16,72,2olo_A_model_1_relaxed_repeat016_inv.csv,2olo_A_model_1_relaxed_repeat072_inv.csv,2olo_A_model_1_relaxed_repeat016,2olo_A_model_1_relaxed_repeat072,True,False,-7.105427357601002e-15,298
tau(AC),315,P,100,128.55,130.73,2.1799999999999784,2.1799999999999784,2.1799999999999784,0.39386018900727704,0.3918859400386795,129.7071,129.695,35,45,2olo_A_model_1_relaxed_repeat035_inv.csv,2olo_A_model_1_relaxed_repeat045_inv.csv,2olo_A_model_1_relaxed_repeat035,2olo_A_model_1_relaxed_repeat045,True,False,0.0,294
tau(AC),190,T,100,172.48,174.64,2.1599999999999966,2.1599999999999966,2.1599999999999966,0.5439901588533486,0.5412633739687164,173.35860000000005,173.285,16,65,2olo_A_model_1_relaxed_repeat016_inv.csv,2olo_A_model_1_relaxed_repeat065_inv.csv,2olo_A_model_1_relaxed_repeat016,2olo_A_model_1_relaxed_repeat065,True,False,0.0,295
tau(NA),26,R,100,-81.62,-79.47,2.1500000000000057,2.1500000000000057,2.1500000000000057,0.44447534614794254,0.44224738552081916,-80.4585,-80.435,47,62,2olo_A_model_1_relaxed_repeat047_inv.csv,2olo_A_model_1_relaxed_repeat062_inv.csv,2olo_A_model_1_relaxed_repeat047,2olo_A_model_1_relaxed_repeat062,True,False,0.0,299
tau(CN),188,V,100,175.89,178.03,2.140000000000015,2.140000000000015,2.140000000000015,0.32962329279271996,0.3279710353064734,176.695,176.665,92,21,2olo_A_model_1_relaxed_repeat092_inv.csv,2olo_A_model_1_relaxed_repeat021_inv.csv,2olo_A_model_1_relaxed_repeat092,2olo_A_model_1_relaxed_repeat021,True,False,0.0,164
tau(AC),314,D,100,115.19,117.33,2.1400000000000006,2.1399999999999864,2.1399999999999864,0.3734723090893962,0.37160025565114974,116.51550000000002,116.535,54,48,2olo_A_model_1_relaxed_repeat054_inv.csv,2olo_A_model_1_relaxed_repeat048_inv.csv,2olo_A_model_1_relaxed_repeat054,2olo_A_model_1_relaxed_repeat048,True,False,1.4210854715202004e-14,296
tau(NA),211,L,100,-101.04,-98.9,2.1400000000000006,2.1399999999999864,2.1399999999999864,0.43150078712898,0.429337862294953,-100.11099999999996,-100.14,31,46,2olo_A_model_1_relaxed_repeat031_inv.csv,2olo_A_model_1_relaxed_repeat046_inv.csv,2olo_A_model_1_relaxed_repeat031,2olo_A_model_1_relaxed_repeat046,True,False,1.4210854715202004e-14,300
tau(NA),33,L,100,-109.82,-107.68,2.1399999999999864,2.1399999999999864,2.1399999999999864,0.30406769248994836,0.3025435340574975,-108.45790000000001,-108.41,22,2,2olo_A_model_1_relaxed_repeat022_inv.csv,2olo_A_model_1_relaxed_repeat002_inv.csv,2olo_A_model_1_relaxed_repeat022,2olo_A_model_1_relaxed_repeat002,True,False,0.0,300
tau(CN),104,I,100,-179.06,-176.93,2.1299999999999955,2.1299999999999955,2.1299999999999955,0.4022251743850582,0.40020899540115235,-177.95739999999998,-177.99,24,75,2olo_A_model_1_relaxed_repeat024_inv.csv,2olo_A_model_1_relaxed_repeat075_inv.csv,2olo_A_model_1_relaxed_repeat024,2olo_A_model_1_relaxed_repeat075,True,False,0.0,165
tau(NA),18,A,100,-64.28,-62.16,2.1200000000000045,2.1200000000000045,2.1200000000000045,0.48738842286976314,0.4849453577466231,-63.13999999999999,-62.94,52,92,2olo_A_model_1_relaxed_repeat052_inv.csv,2olo_A_model_1_relaxed_repeat092_inv.csv,2olo_A_model_1_relaxed_repeat052,2olo_A_model_1_relaxed_repeat092,True,False,0.0,302
tau(NA),287,A,100,-82.01,-79.89,2.1200000000000045,2.1200000000000045,2.1200000000000045,0.3586094918944112,0.3568119392621274,-80.6618,-80.63499999999999,84,2,2olo_A_model_1_relaxed_repeat084_inv.csv,2olo_A_model_1_relaxed_repeat002_inv.csv,2olo_A_model_1_relaxed_repeat084,2olo_A_model_1_relaxed_repeat002,True,False,0.0,302
tau(NA),361,P,100,-64.38,-62.26,2.1199999999999974,2.1200000000000045,2.1200000000000045,0.3349943464018643,0.33331516617159823,-63.575,-63.614999999999995,33,75,2olo_A_model_1_relaxed_repeat033_inv.csv,2olo_A_model_1_relaxed_repeat075_inv.csv,2olo_A_model_1_relaxed_repeat033,2olo_A_model_1_relaxed_repeat075,True,False,-7.105427357601002e-15,302
tau(AC),294,R,100,-40.47,-38.36,2.1099999999999994,2.1100000000000136,2.1100000000000136,0.4547162063120561,0.4524369127292777,-39.1078,-39.02,13,98,2olo_A_model_1_relaxed_repeat013_inv.csv,2olo_A_model_1_relaxed_repeat098_inv.csv,2olo_A_model_1_relaxed_repeat013,2olo_A_model_1_relaxed_repeat098,True,False,-1.4210854715202004e-14,297
tau(AC),21,W,100,-50.81,-48.71,2.1000000000000014,2.0999999999999943,2.0999999999999943,0.33934772547915915,0.3376467236624694,-49.5637,-49.52,5,90,2olo_A_model_1_relaxed_repeat005_inv.csv,2olo_A_model_1_relaxed_repeat090_inv.csv,2olo_A_model_1_relaxed_repeat005,2olo_A_model_1_relaxed_repeat090,True,False,7.105427357601002e-15,298
tau(NA),366,I,100,-59.63,-57.53,2.1000000000000014,2.0999999999999943,2.0999999999999943,0.5185224832700758,0.5159233567110529,-58.72469999999999,-58.82,80,32,2olo_A_model_1_relaxed_repeat080_inv.csv,2olo_A_model_1_relaxed_repeat032_inv.csv,2olo_A_model_1_relaxed_repeat080,2olo_A_model_1_relaxed_repeat032,True,False,7.105427357601002e-15,305
tau(CN),155,T,100,177.69,179.79,2.0999999999999943,2.0999999999999943,2.0999999999999943,0.29398472783806384,0.2925111109000823,178.87050000000002,178.88,44,51,2olo_A_model_1_relaxed_repeat044_inv.csv,2olo_A_model_1_relaxed_repeat051_inv.csv,2olo_A_model_1_relaxed_repeat044,2olo_A_model_1_relaxed_repeat051,True,False,0.0,166
tau(AC),179,L,100,133.44,135.53,2.0900000000000034,2.0900000000000034,2.0900000000000034,0.4335173968058649,0.431344363589001,134.2298,134.165,97,95,2olo_A_model_1_relaxed_repeat097_inv.csv,2olo_A_model_1_relaxed_repeat095_inv.csv,2olo_A_model_1_relaxed_repeat097,2olo_A_model_1_relaxed_repeat095,True,False,0.0,299
tau(AC),366,I,100,-46.44,-44.35,2.0899999999999963,2.0900000000000034,2.0900000000000034,0.42054361164203785,0.41843561033927296,-45.5258,-45.504999999999995,82,15,2olo_A_model_1_relaxed_repeat082_inv.csv,2olo_A_model_1_relaxed_repeat015_inv.csv,2olo_A_model_1_relaxed_repeat082,2olo_A_model_1_relaxed_repeat015,True,False,-7.105427357601002e-15,299
tau(NA),108,A,100,-62.97,-60.88,2.0899999999999963,2.0900000000000034,2.0900000000000034,0.3084384096140628,0.3068923426871382,-62.32469999999999,-62.335,24,5,2olo_A_model_1_relaxed_repeat024_inv.csv,2olo_A_model_1_relaxed_repeat005_inv.csv,2olo_A_model_1_relaxed_repeat024,2olo_A_model_1_relaxed_repeat005,True,False,-7.105427357601002e-15,306
tau(CN),273,C,100,175.95,178.03,2.0800000000000125,2.0800000000000125,2.0800000000000125,0.43938736045231447,0.43718490367349094,176.7856,176.72500000000002,53,5,2olo_A_model_1_relaxed_repeat053_inv.csv,2olo_A_model_1_relaxed_repeat005_inv.csv,2olo_A_model_1_relaxed_repeat053,2olo_A_model_1_relaxed_repeat005,True,False,0.0,167
tau(AC),161,T,100,-44.79,-42.71,2.0799999999999983,2.079999999999984,2.079999999999984,0.5766145010561936,0.5737241846044145,-44.008399999999995,-44.215,97,41,2olo_A_model_1_relaxed_repeat097_inv.csv,2olo_A_model_1_relaxed_repeat041_inv.csv,2olo_A_model_1_relaxed_repeat097,2olo_A_model_1_relaxed_repeat041,True,False,1.4210854715202004e-14,301
tau(CN),120,W,100,-171.86,-169.79,2.0700000000000216,2.0700000000000216,2.0700000000000216,0.3586010416475505,0.3568035313726606,-171.13820000000004,-171.16,86,40,2olo_A_model_1_relaxed_repeat086_inv.csv,2olo_A_model_1_relaxed_repeat040_inv.csv,2olo_A_model_1_relaxed_repeat086,2olo_A_model_1_relaxed_repeat040,True,False,0.0,168
tau(NA),312,D,100,-65.28,-63.21,2.0700000000000003,2.069999999999993,2.069999999999993,0.5238672339322997,0.5212413164744331,-64.13069999999999,-64.17,29,71,2olo_A_model_1_relaxed_repeat029_inv.csv,2olo_A_model_1_relaxed_repeat071_inv.csv,2olo_A_model_1_relaxed_repeat029,2olo_A_model_1_relaxed_repeat071,True,False,7.105427357601002e-15,307
tau(CN),106,G,100,177.04,179.1,2.0600000000000023,2.0600000000000023,2.0600000000000023,0.3046212418891707,0.3030943087555417,177.84720000000002,177.845,16,19,2olo_A_model_1_relaxed_repeat016_inv.csv,2olo_A_model_1_relaxed_repeat019_inv.csv,2olo_A_model_1_relaxed_repeat016,2olo_A_model_1_relaxed_repeat019,True,False,0.0,169
tau(CN),173,G,100,-178.21,-176.15,2.0600000000000023,2.0600000000000023,2.0600000000000023,0.49803714720892023,0.49554070468529593,-177.28209999999999,-177.375,15,33,2olo_A_model_1_relaxed_repeat015_inv.csv,2olo_A_model_1_relaxed_repeat033_inv.csv,2olo_A_model_1_relaxed_repeat015,2olo_A_model_1_relaxed_repeat033,True,False,0.0,169
tau(AC),200,V,100,133.39,135.43,2.0400000000000205,2.0400000000000205,2.0400000000000205,0.3501083670620706,0.3483534268526734,134.68669999999997,134.69,73,15,2olo_A_model_1_relaxed_repeat073_inv.csv,2olo_A_model_1_relaxed_repeat015_inv.csv,2olo_A_model_1_relaxed_repeat073,2olo_A_model_1_relaxed_repeat015,True,False,0.0,302
tau(NA),305,R,100,-61.63,-59.59,2.039999999999999,2.039999999999992,2.039999999999992,0.3731895150475348,0.37131887913220907,-60.43729999999999,-60.42,84,43,2olo_A_model_1_relaxed_repeat084_inv.csv,2olo_A_model_1_relaxed_repeat043_inv.csv,2olo_A_model_1_relaxed_repeat084,2olo_A_model_1_relaxed_repeat043,True,False,7.105427357601002e-15,308
tau(CN),168,A,100,168.05,170.09,2.039999999999992,2.039999999999992,2.039999999999992,0.47775675311973886,0.4753619673469891,168.92500000000004,168.79500000000002,30,96,2olo_A_model_1_relaxed_repeat030_inv.csv,2olo_A_model_1_relaxed_repeat096_inv.csv,2olo_A_model_1_relaxed_repeat030,2olo_A_model_1_relaxed_repeat096,True,False,0.0,171
tau(CN),2,T,100,173.45,175.48,2.030000000000001,2.030000000000001,2.030000000000001,0.4074198192171181,0.4053776017492828,174.50500000000002,174.49,42,19,2olo_A_model_1_relaxed_repeat042_inv.csv,2olo_A_model_1_relaxed_repeat019_inv.csv,2olo_A_model_1_relaxed_repeat042,2olo_A_model_1_relaxed_repeat019,True,False,0.0,172
tau(CN),72,W,100,175.93,177.96,2.030000000000001,2.030000000000001,2.030000000000001,0.3060596099593761,0.30452546691533133,176.8168,176.765,45,30,2olo_A_model_1_relaxed_repeat045_inv.csv,2olo_A_model_1_relaxed_repeat030_inv.csv,2olo_A_model_1_relaxed_repeat045,2olo_A_model_1_relaxed_repeat030,True,False,0.0,172
tau(CN),144,Q,100,-168.17,-166.14,2.030000000000001,2.030000000000001,2.030000000000001,0.5509028402485685,0.5481414051136808,-167.34499999999997,-167.555,68,39,2olo_A_model_1_relaxed_repeat068_inv.csv,2olo_A_model_1_relaxed_repeat039_inv.csv,2olo_A_model_1_relaxed_repeat068,2olo_A_model_1_relaxed_repeat039,True,False,0.0,172
tau(NA),191,D,100,-67.28,-65.25,2.030000000000001,2.030000000000001,2.030000000000001,0.4793908592783096,0.4769878824456656,-66.0384,-65.91,79,78,2olo_A_model_1_relaxed_repeat079_inv.csv,2olo_A_model_1_relaxed_repeat078_inv.csv,2olo_A_model_1_relaxed_repeat079,2olo_A_model_1_relaxed_repeat078,True,False,0.0,309
tau(AC),59,E,100,-42.73,-40.7,2.029999999999994,2.030000000000001,2.030000000000001,0.3787601250438496,0.3768615660955628,-41.84439999999999,-41.855000000000004,50,78,2olo_A_model_1_relaxed_repeat050_inv.csv,2olo_A_model_1_relaxed_repeat078_inv.csv,2olo_A_model_1_relaxed_repeat050,2olo_A_model_1_relaxed_repeat078,True,False,-7.105427357601002e-15,303
tau(AC),20,A,100,-42.61,-40.59,2.019999999999996,2.019999999999982,2.019999999999982,0.34563365904180404,0.3439011485877879,-41.746,-41.7,97,98,2olo_A_model_1_relaxed_repeat097_inv.csv,2olo_A_model_1_relaxed_repeat098_inv.csv,2olo_A_model_1_relaxed_repeat097,2olo_A_model_1_relaxed_repeat098,True,False,1.4210854715202004e-14,304
tau(CN),63,R,100,173.24,175.25,2.009999999999991,2.009999999999991,2.009999999999991,0.33025218402079387,0.3285967741777135,174.10039999999998,174.01,7,78,2olo_A_model_1_relaxed_repeat007_inv.csv,2olo_A_model_1_relaxed_repeat078_inv.csv,2olo_A_model_1_relaxed_repeat007,2olo_A_model_1_relaxed_repeat078,True,False,0.0,175
tau(CN),124,T,100,173.47,175.48,2.009999999999991,2.009999999999991,2.009999999999991,0.38144727053948,0.3795352421053927,174.783,174.86,59,13,2olo_A_model_1_relaxed_repeat059_inv.csv,2olo_A_model_1_relaxed_repeat013_inv.csv,2olo_A_model_1_relaxed_repeat059,2olo_A_model_1_relaxed_repeat013,True,False,0.0,175
tau(NA),314,D,100,-89.49,-87.48,2.009999999999991,2.009999999999991,2.009999999999991,0.45997693178873367,0.45767126848863865,-88.55989999999998,-88.56,80,89,2olo_A_model_1_relaxed_repeat080_inv.csv,2olo_A_model_1_relaxed_repeat089_inv.csv,2olo_A_model_1_relaxed_repeat080,2olo_A_model_1_relaxed_repeat089,True,False,0.0,310
tau(AC),31,L,100,128.47,130.47,2.0,2.0,2.0,0.42448442881103515,0.4223566739143594,129.70779999999996,129.73000000000002,33,39,2olo_A_model_1_relaxed_repeat033_inv.csv,2olo_A_model_1_relaxed_repeat039_inv.csv,2olo_A_model_1_relaxed_repeat033,2olo_A_model_1_relaxed_repeat039,True,False,0.0,305
tau(CN),281,P,100,174.13,176.13,2.0,2.0,2.0,0.4471261657304427,0.444884917703443,175.11790000000002,175.11,37,91,2olo_A_model_1_relaxed_repeat037_inv.csv,2olo_A_model_1_relaxed_repeat091_inv.csv,2olo_A_model_1_relaxed_repeat037,2olo_A_model_1_relaxed_repeat091,True,False,0.0,177
tau(NA),135,L,100,-68.02,-66.02,2.0,2.0,2.0,0.36524754301263634,0.36341671673163295,-67.12230000000001,-67.14,74,46,2olo_A_model_1_relaxed_repeat074_inv.csv,2olo_A_model_1_relaxed_repeat046_inv.csv,2olo_A_model_1_relaxed_repeat074,2olo_A_model_1_relaxed_repeat046,True,False,0.0,311
tau(NA),156,L,100,-61.44,-59.44,2.0,2.0,2.0,0.3666980014159121,0.36485990462093804,-60.4295,-60.42,27,44,2olo_A_model_1_relaxed_repeat027_inv.csv,2olo_A_model_1_relaxed_repeat044_inv.csv,2olo_A_model_1_relaxed_repeat027,2olo_A_model_1_relaxed_repeat044,True,False,0.0,311
tau(NA),307,H,100,-120.57,-118.57,2.0,2.0,2.0,0.40732713381187086,0.40528538093545863,-119.3424,-119.315,100,63,2olo_A_model_1_relaxed_repeat100_inv.csv,2olo_A_model_1_relaxed_repeat063_inv.csv,2olo_A_model_1_relaxed_repeat100,2olo_A_model_1_relaxed_repeat063,True,False,0.0,311
tau(AC),362,L,100,-51.08,-49.09,1.9899999999999949,1.990000000000009,1.990000000000009,0.414969683692482,0.4128896220541274,-49.9896,-50.005,72,53,2olo_A_model_1_relaxed_repeat072_inv.csv,2olo_A_model_1_relaxed_repeat053_inv.csv,2olo_A_model_1_relaxed_repeat072,2olo_A_model_1_relaxed_repeat053,True,False,-1.4210854715202004e-14,306
tau(AC),8,V,100,127.53,129.51,1.9799999999999898,1.9799999999999898,1.9799999999999898,0.32525450796183397,0.32362414928431993,128.27710000000002,128.26,76,15,2olo_A_model_1_relaxed_repeat076_inv.csv,2olo_A_model_1_relaxed_repeat015_inv.csv,2olo_A_model_1_relaxed_repeat076,2olo_A_model_1_relaxed_repeat015,True,False,0.0,307
tau(AC),194,T,100,138.05,140.03,1.9799999999999898,1.9799999999999898,1.9799999999999898,0.47903206278047566,0.47663088443784296,139.01100000000002,138.98,98,73,2olo_A_model_1_relaxed_repeat098_inv.csv,2olo_A_model_1_relaxed_repeat073_inv.csv,2olo_A_model_1_relaxed_repeat098,2olo_A_model_1_relaxed_repeat073,True,False,0.0,307
tau(NA),182,D,100,-141.44,-139.46,1.9799999999999898,1.9799999999999898,1.9799999999999898,0.3853307643827534,0.3833992696915306,-140.58700000000002,-140.615,5,66,2olo_A_model_1_relaxed_repeat005_inv.csv,2olo_A_model_1_relaxed_repeat066_inv.csv,2olo_A_model_1_relaxed_repeat005,2olo_A_model_1_relaxed_repeat066,True,False,0.0,314
tau(CN),185,G,100,-177.82,-175.85,1.9699999999999989,1.9699999999999989,1.9699999999999989,0.39972086219856906,0.3977172362370026,-176.863,-176.905,66,73,2olo_A_model_1_relaxed_repeat066_inv.csv,2olo_A_model_1_relaxed_repeat073_inv.csv,2olo_A_model_1_relaxed_repeat066,2olo_A_model_1_relaxed_repeat073,True,False,0.0,178
tau(NA),9,V,100,-104.48,-102.51,1.9699999999999989,1.9699999999999989,1.9699999999999989,0.3702561903123911,0.368400257871787,-103.4355,-103.465,96,64,2olo_A_model_1_relaxed_repeat096_inv.csv,2olo_A_model_1_relaxed_repeat064_inv.csv,2olo_A_model_1_relaxed_repeat096,2olo_A_model_1_relaxed_repeat064,True,False,0.0,315
tau(NA),153,R,100,-71.98,-70.01,1.9699999999999989,1.9699999999999989,1.9699999999999989,0.42883552685255655,0.4266859618032923,-70.8153,-70.755,23,71,2olo_A_model_1_relaxed_repeat023_inv.csv,2olo_A_model_1_relaxed_repeat071_inv.csv,2olo_A_model_1_relaxed_repeat023,2olo_A_model_1_relaxed_repeat071,True,False,0.0,315
tau(AC),92,F,100,159.57,161.53,1.960000000000008,1.960000000000008,1.960000000000008,0.37566313084835656,0.3737800957782551,160.55620000000002,160.515,86,50,2olo_A_model_1_relaxed_repeat086_inv.csv,2olo_A_model_1_relaxed_repeat050_inv.csv,2olo_A_model_1_relaxed_repeat086,2olo_A_model_1_relaxed_repeat050,True,False,0.0,309
tau(AC),372,V,100,-36.18,-34.22,1.9600000000000009,1.960000000000008,1.960000000000008,0.3622739629650801,0.3604580419410836,-35.248000000000005,-35.26,23,42,2olo_A_model_1_relaxed_repeat023_inv.csv,2olo_A_model_1_relaxed_repeat042_inv.csv,2olo_A_model_1_relaxed_repeat023,2olo_A_model_1_relaxed_repeat042,True,False,-7.105427357601002e-15,309
tau(NA),368,A,100,-68.19,-66.23,1.9599999999999937,1.9599999999999795,1.9599999999999795,0.4365777263112622,0.43438935300027814,-67.0983,-66.995,14,43,2olo_A_model_1_relaxed_repeat014_inv.csv,2olo_A_model_1_relaxed_repeat043_inv.csv,2olo_A_model_1_relaxed_repeat014,2olo_A_model_1_relaxed_repeat043,True,False,1.4210854715202004e-14,317
tau(CN),18,A,100,172.26,174.21,1.950000000000017,1.950000000000017,1.950000000000017,0.6194115487030135,0.6163067093582537,173.49979999999994,173.81,52,92,2olo_A_model_1_relaxed_repeat052_inv.csv,2olo_A_model_1_relaxed_repeat092_inv.csv,2olo_A_model_1_relaxed_repeat052,2olo_A_model_1_relaxed_repeat092,True,False,0.0,179
tau(AC),307,H,100,-17.05,-15.1,1.950000000000001,1.9499999999999886,1.9499999999999886,0.3791981971572027,0.37729744234489593,-16.220799999999997,-16.235,98,35,2olo_A_model_1_relaxed_repeat098_inv.csv,2olo_A_model_1_relaxed_repeat035_inv.csv,2olo_A_model_1_relaxed_repeat098,2olo_A_model_1_relaxed_repeat035,True,False,1.2434497875801753e-14,311
tau(CN),236,P,100,171.99,173.94,1.9499999999999886,1.9499999999999886,1.9499999999999886,0.30585629093917666,0.30432316704450807,173.3071,173.32,98,75,2olo_A_model_1_relaxed_repeat098_inv.csv,2olo_A_model_1_relaxed_repeat075_inv.csv,2olo_A_model_1_relaxed_repeat098,2olo_A_model_1_relaxed_repeat075,True,False,0.0,180
tau(AC),11,G,100,111.93,113.87,1.9399999999999977,1.9399999999999977,1.9399999999999977,0.4261769324796659,0.4240406938019038,112.8507,112.82,81,43,2olo_A_model_1_relaxed_repeat081_inv.csv,2olo_A_model_1_relaxed_repeat043_inv.csv,2olo_A_model_1_relaxed_repeat081,2olo_A_model_1_relaxed_repeat043,True,False,0.0,312
tau(AC),123,A,100,-46.11,-44.17,1.9399999999999977,1.9399999999999977,1.9399999999999977,0.3799713439487537,0.37806671368952843,-44.98660000000001,-44.99,69,63,2olo_A_model_1_relaxed_repeat069_inv.csv,2olo_A_model_1_relaxed_repeat063_inv.csv,2olo_A_model_1_relaxed_repeat069,2olo_A_model_1_relaxed_repeat063,True,False,0.0,312
tau(CN),150,I,100,170.85,172.79,1.9399999999999977,1.9399999999999977,1.9399999999999977,0.358466768672391,0.3566699314492339,171.80840000000003,171.83,79,74,2olo_A_model_1_relaxed_repeat079_inv.csv,2olo_A_model_1_relaxed_repeat074_inv.csv,2olo_A_model_1_relaxed_repeat079,2olo_A_model_1_relaxed_repeat074,True,False,0.0,181
tau(CN),297,M,100,174.24,176.18,1.9399999999999977,1.9399999999999977,1.9399999999999977,0.5258381957226093,0.5232023986948082,175.15149999999997,175.36,70,51,2olo_A_model_1_relaxed_repeat070_inv.csv,2olo_A_model_1_relaxed_repeat051_inv.csv,2olo_A_model_1_relaxed_repeat070,2olo_A_model_1_relaxed_repeat051,True,False,0.0,181
tau(AC),29,R,100,110.83,112.76,1.9300000000000068,1.9300000000000068,1.9300000000000068,0.4646943059472515,0.4623649965124953,111.8019,111.79,25,100,2olo_A_model_1_relaxed_repeat025_inv.csv,2olo_A_model_1_relaxed_repeat100_inv.csv,2olo_A_model_1_relaxed_repeat025,2olo_A_model_1_relaxed_repeat100,True,False,0.0,314
tau(AC),197,A,100,146.09,148.02,1.9300000000000068,1.9300000000000068,1.9300000000000068,0.38384091559505407,0.3819168888645813,147.01070000000004,147.015,76,64,2olo_A_model_1_relaxed_repeat076_inv.csv,2olo_A_model_1_relaxed_repeat064_inv.csv,2olo_A_model_1_relaxed_repeat076,2olo_A_model_1_relaxed_repeat064,True,False,0.0,314
tau(CN),81,R,100,166.01,167.94,1.9300000000000068,1.9300000000000068,1.9300000000000068,0.4005997902136158,0.3985917585700952,167.16189999999997,167.235,10,96,2olo_A_model_1_relaxed_repeat010_inv.csv,2olo_A_model_1_relaxed_repeat096_inv.csv,2olo_A_model_1_relaxed_repeat010,2olo_A_model_1_relaxed_repeat096,True,False,0.0,183
tau(AC),120,W,100,136.36,138.29,1.9299999999999784,1.9299999999999784,1.9299999999999784,0.42633579737246124,0.42419876237443244,137.27210000000002,137.19,86,50,2olo_A_model_1_relaxed_repeat086_inv.csv,2olo_A_model_1_relaxed_repeat050_inv.csv,2olo_A_model_1_relaxed_repeat086,2olo_A_model_1_relaxed_repeat050,True,False,0.0,316
tau(CN),215,L,100,177.44,179.36,1.920000000000016,1.920000000000016,1.920000000000016,0.3425917852388353,0.3408745223685703,178.4116,178.405,65,99,2olo_A_model_1_relaxed_repeat065_inv.csv,2olo_A_model_1_relaxed_repeat099_inv.csv,2olo_A_model_1_relaxed_repeat065,2olo_A_model_1_relaxed_repeat099,True,False,0.0,184
tau(NA),200,V,100,-119.29,-117.37,1.9200000000000017,1.920000000000016,1.920000000000016,0.36571534992630134,0.36388217873372125,-118.41760000000001,-118.41,15,46,2olo_A_model_1_relaxed_repeat015_inv.csv,2olo_A_model_1_relaxed_repeat046_inv.csv,2olo_A_model_1_relaxed_repeat015,2olo_A_model_1_relaxed_repeat046,True,False,-1.4210854715202004e-14,318
tau(AC),138,D,100,-7.13,-5.21,1.92,1.9199999999999875,1.9199999999999875,0.4147477753668092,0.4126688260578936,-6.1162,-6.04,2,35,2olo_A_model_1_relaxed_repeat002_inv.csv,2olo_A_model_1_relaxed_repeat035_inv.csv,2olo_A_model_1_relaxed_repeat002,2olo_A_model_1_relaxed_repeat035,True,False,1.2434497875801753e-14,317
tau(NA),76,E,100,-58.51,-56.59,1.9199999999999946,1.9199999999999875,1.9199999999999875,0.4020345228655835,0.40001929953440973,-57.458400000000005,-57.375,100,30,2olo_A_model_1_relaxed_repeat100_inv.csv,2olo_A_model_1_relaxed_repeat030_inv.csv,2olo_A_model_1_relaxed_repeat100,2olo_A_model_1_relaxed_repeat030,True,False,7.105427357601002e-15,319
tau(CN),35,R,100,176.15,178.07,1.9199999999999875,1.9199999999999875,1.9199999999999875,0.3748720859280946,0.37299301602040746,176.88389999999998,176.91,89,88,2olo_A_model_1_relaxed_repeat089_inv.csv,2olo_A_model_1_relaxed_repeat088_inv.csv,2olo_A_model_1_relaxed_repeat089,2olo_A_model_1_relaxed_repeat088,True,False,0.0,185
tau(AC),135,L,100,141.49,143.4,1.9099999999999966,1.9099999999999966,1.9099999999999966,0.400123958065725,0.3981183115607724,142.43909999999997,142.4,22,91,2olo_A_model_1_relaxed_repeat022_inv.csv,2olo_A_model_1_relaxed_repeat091_inv.csv,2olo_A_model_1_relaxed_repeat022,2olo_A_model_1_relaxed_repeat091,True,False,0.0,318
tau(AC),168,A,100,136.28,138.19,1.9099999999999966,1.9099999999999966,1.9099999999999966,0.4201555628213157,0.4180495066376704,137.12810000000002,137.165,90,96,2olo_A_model_1_relaxed_repeat090_inv.csv,2olo_A_model_1_relaxed_repeat096_inv.csv,2olo_A_model_1_relaxed_repeat090,2olo_A_model_1_relaxed_repeat096,True,False,0.0,318
tau(AC),195,Y,100,158.36,160.27,1.9099999999999966,1.9099999999999966,1.9099999999999966,0.3705074325513012,0.368650240743173,159.33900000000003,159.335,76,65,2olo_A_model_1_relaxed_repeat076_inv.csv,2olo_A_model_1_relaxed_repeat065_inv.csv,2olo_A_model_1_relaxed_repeat076,2olo_A_model_1_relaxed_repeat065,True,False,0.0,318
tau(CN),209,N,100,173.27,175.18,1.9099999999999966,1.9099999999999966,1.9099999999999966,0.4382711212908933,0.4360742597310705,174.0582,173.99,86,81,2olo_A_model_1_relaxed_repeat086_inv.csv,2olo_A_model_1_relaxed_repeat081_inv.csv,2olo_A_model_1_relaxed_repeat086,2olo_A_model_1_relaxed_repeat081,True,False,0.0,186
tau(CN),75,L,100,176.13,178.03,1.9000000000000057,1.9000000000000057,1.9000000000000057,0.34582029548260584,0.34408684950169205,176.81679999999997,176.775,23,81,2olo_A_model_1_relaxed_repeat023_inv.csv,2olo_A_model_1_relaxed_repeat081_inv.csv,2olo_A_model_1_relaxed_repeat023,2olo_A_model_1_relaxed_repeat081,True,False,0.0,187
tau(CN),230,A,100,177.31,179.21,1.9000000000000057,1.9000000000000057,1.9000000000000057,0.3697794046195759,0.36792586209724365,178.39159999999995,178.37,80,19,2olo_A_model_1_relaxed_repeat080_inv.csv,2olo_A_model_1_relaxed_repeat019_inv.csv,2olo_A_model_1_relaxed_repeat080,2olo_A_model_1_relaxed_repeat019,True,False,0.0,187
tau(AC),182,D,100,-175.39,-173.49,1.8999999999999773,1.8999999999999773,1.8999999999999773,0.2845527946256936,0.28312645584614526,-174.45210000000003,-174.42,66,44,2olo_A_model_1_relaxed_repeat066_inv.csv,2olo_A_model_1_relaxed_repeat044_inv.csv,2olo_A_model_1_relaxed_repeat066,2olo_A_model_1_relaxed_repeat044,True,False,0.0,321
tau(NA),127,E,100,-59.49,-57.61,1.8800000000000026,1.8799999999999955,1.8799999999999955,0.4200770011184694,0.41797133873030057,-58.678599999999996,-58.790000000000006,60,12,2olo_A_model_1_relaxed_repeat060_inv.csv,2olo_A_model_1_relaxed_repeat012_inv.csv,2olo_A_model_1_relaxed_repeat060,2olo_A_model_1_relaxed_repeat012,True,False,7.105427357601002e-15,320
tau(NA),27,G,100,85.83,87.7,1.8700000000000045,1.8700000000000045,1.8700000000000045,0.32874975899672393,0.32710188015356934,86.8694,86.89,90,72,2olo_A_model_1_relaxed_repeat090_inv.csv,2olo_A_model_1_relaxed_repeat072_inv.csv,2olo_A_model_1_relaxed_repeat090,2olo_A_model_1_relaxed_repeat072,True,False,0.0,321
tau(AC),159,L,100,-42.64,-40.77,1.8699999999999974,1.8700000000000045,1.8700000000000045,0.4398022512471031,0.4375977148020769,-41.913199999999996,-42.035,58,63,2olo_A_model_1_relaxed_repeat058_inv.csv,2olo_A_model_1_relaxed_repeat063_inv.csv,2olo_A_model_1_relaxed_repeat058,2olo_A_model_1_relaxed_repeat063,True,False,-7.105427357601002e-15,322
tau(NA),105,S,100,-64.3,-62.43,1.8699999999999974,1.8700000000000045,1.8700000000000045,0.35207787246975386,0.35031305999063184,-63.3174,-63.36,16,24,2olo_A_model_1_relaxed_repeat016_inv.csv,2olo_A_model_1_relaxed_repeat024_inv.csv,2olo_A_model_1_relaxed_repeat016,2olo_A_model_1_relaxed_repeat024,True,False,-7.105427357601002e-15,321
tau(AC),282,L,100,137.02,138.89,1.8699999999999761,1.8699999999999761,1.8699999999999761,0.4176791456212145,0.4155855026345349,137.8237,137.79500000000002,26,70,2olo_A_model_1_relaxed_repeat026_inv.csv,2olo_A_model_1_relaxed_repeat070_inv.csv,2olo_A_model_1_relaxed_repeat026,2olo_A_model_1_relaxed_repeat070,True,False,0.0,323
tau(AC),153,R,100,-42.92,-41.06,1.8599999999999994,1.8600000000000136,1.8600000000000136,0.31632771333258536,0.3147421007745867,-42.00290000000001,-42.04,8,6,2olo_A_model_1_relaxed_repeat008_inv.csv,2olo_A_model_1_relaxed_repeat006_inv.csv,2olo_A_model_1_relaxed_repeat008,2olo_A_model_1_relaxed_repeat006,True,False,-1.4210854715202004e-14,324
tau(NA),302,G,100,-62.86,-61.0,1.8599999999999994,1.8600000000000136,1.8600000000000136,0.40606685770854645,0.4040314220453652,-61.868100000000005,-61.89,39,32,2olo_A_model_1_relaxed_repeat039_inv.csv,2olo_A_model_1_relaxed_repeat032_inv.csv,2olo_A_model_1_relaxed_repeat039,2olo_A_model_1_relaxed_repeat032,True,False,-1.4210854715202004e-14,323
tau(AC),122,K,100,161.83,163.68,1.8499999999999943,1.8499999999999943,1.8499999999999943,0.2889377270295616,0.28748940850055565,162.74280000000002,162.77,34,31,2olo_A_model_1_relaxed_repeat034_inv.csv,2olo_A_model_1_relaxed_repeat031_inv.csv,2olo_A_model_1_relaxed_repeat034,2olo_A_model_1_relaxed_repeat031,True,False,0.0,325
tau(NA),23,V,100,-69.11,-67.27,1.8400000000000034,1.8400000000000034,1.8400000000000034,0.3851660929935544,0.38323542372802677,-67.99810000000001,-67.94,5,40,2olo_A_model_1_relaxed_repeat005_inv.csv,2olo_A_model_1_relaxed_repeat040_inv.csv,2olo_A_model_1_relaxed_repeat005,2olo_A_model_1_relaxed_repeat040,True,False,0.0,324
tau(CN),252,Q,100,-179.16,179.01,358.16999999999996,1.830000000000041,1.830000000000041,60.329767325638315,60.02736057257557,-162.7663,-173.0,49,13,2olo_A_model_1_relaxed_repeat049_inv.csv,2olo_A_model_1_relaxed_repeat013_inv.csv,2olo_A_model_1_relaxed_repeat049,2olo_A_model_1_relaxed_repeat013,True,True,356.3399999999999,189
tau(AC),365,R,100,-50.03,-48.2,1.8299999999999983,1.829999999999984,1.829999999999984,0.4206632089374292,0.4185546081456993,-49.25020000000001,-49.275000000000006,97,92,2olo_A_model_1_relaxed_repeat097_inv.csv,2olo_A_model_1_relaxed_repeat092_inv.csv,2olo_A_model_1_relaxed_repeat097,2olo_A_model_1_relaxed_repeat092,True,False,1.4210854715202004e-14,326
tau(NA),371,A,100,-74.88,-73.05,1.8299999999999983,1.829999999999984,1.829999999999984,0.3377292562172395,0.33603636707951606,-73.8866,-73.85,52,55,2olo_A_model_1_relaxed_repeat052_inv.csv,2olo_A_model_1_relaxed_repeat055_inv.csv,2olo_A_model_1_relaxed_repeat052,2olo_A_model_1_relaxed_repeat055,True,False,1.4210854715202004e-14,325
tau(CN),118,Y,100,170.39,172.21,1.8200000000000216,1.8200000000000216,1.8200000000000216,0.30382894908653824,0.30230598737041237,171.57029999999995,171.585,93,57,2olo_A_model_1_relaxed_repeat093_inv.csv,2olo_A_model_1_relaxed_repeat057_inv.csv,2olo_A_model_1_relaxed_repeat093,2olo_A_model_1_relaxed_repeat057,True,False,0.0,190
tau(AC),357,F,100,-36.51,-34.69,1.8200000000000003,1.8199999999999932,1.8199999999999932,0.33181015626104604,0.3301469369841253,-35.621,-35.63,46,22,2olo_A_model_1_relaxed_repeat046_inv.csv,2olo_A_model_1_relaxed_repeat022_inv.csv,2olo_A_model_1_relaxed_repeat046,2olo_A_model_1_relaxed_repeat022,True,False,7.105427357601002e-15,327
tau(CN),233,Q,100,-177.41,-175.59,1.8199999999999932,1.8199999999999932,1.8199999999999932,0.2934342801509007,0.2919634223665706,-176.34560000000002,-176.365,30,21,2olo_A_model_1_relaxed_repeat030_inv.csv,2olo_A_model_1_relaxed_repeat021_inv.csv,2olo_A_model_1_relaxed_repeat030,2olo_A_model_1_relaxed_repeat021,True,False,0.0,191
tau(CN),84,I,100,-178.67,179.52,358.19,1.8099999999999454,1.8099999999999454,102.11006049915657,101.5982273988577,145.21710000000002,176.995,32,56,2olo_A_model_1_relaxed_repeat032_inv.csv,2olo_A_model_1_relaxed_repeat056_inv.csv,2olo_A_model_1_relaxed_repeat032,2olo_A_model_1_relaxed_repeat056,True,True,356.38000000000005,192
tau(NA),112,D,100,-59.47,-57.67,1.7999999999999972,1.8000000000000114,1.8000000000000114,0.5204473114931077,0.517838536611558,-58.6555,-58.795,74,50,2olo_A_model_1_relaxed_repeat074_inv.csv,2olo_A_model_1_relaxed_repeat050_inv.csv,2olo_A_model_1_relaxed_repeat074,2olo_A_model_1_relaxed_repeat050,True,False,-1.4210854715202004e-14,326
tau(NA),348,L,100,-111.91,-110.11,1.7999999999999972,1.8000000000000114,1.8000000000000114,0.322202897365475,0.3205878350780013,-111.16120000000001,-111.21000000000001,22,33,2olo_A_model_1_relaxed_repeat022_inv.csv,2olo_A_model_1_relaxed_repeat033_inv.csv,2olo_A_model_1_relaxed_repeat022,2olo_A_model_1_relaxed_repeat033,True,False,-1.4210854715202004e-14,326
tau(NA),123,A,100,-45.3,-43.51,1.7899999999999991,1.789999999999992,1.789999999999992,0.2779450385318012,0.2765518215452576,-44.38470000000001,-44.36,31,34,2olo_A_model_1_relaxed_repeat031_inv.csv,2olo_A_model_1_relaxed_repeat034_inv.csv,2olo_A_model_1_relaxed_repeat031,2olo_A_model_1_relaxed_repeat034,True,False,7.105427357601002e-15,328
tau(CN),313,P,100,173.4,175.19,1.789999999999992,1.789999999999992,1.789999999999992,0.3291230312466309,0.32747328135284726,174.12849999999997,174.13,74,14,2olo_A_model_1_relaxed_repeat074_inv.csv,2olo_A_model_1_relaxed_repeat014_inv.csv,2olo_A_model_1_relaxed_repeat074,2olo_A_model_1_relaxed_repeat014,True,False,0.0,193
tau(NA),125,D,100,-78.35,-76.56,1.789999999999992,1.789999999999992,1.789999999999992,0.31444798513193767,0.3128717948297672,-77.5318,-77.55,20,70,2olo_A_model_1_relaxed_repeat020_inv.csv,2olo_A_model_1_relaxed_repeat070_inv.csv,2olo_A_model_1_relaxed_repeat020,2olo_A_model_1_relaxed_repeat070,True,False,0.0,328
tau(AC),75,L,100,-49.96,-48.18,1.7800000000000011,1.7800000000000011,1.7800000000000011,0.34850820606833605,0.3467612867665595,-49.14190000000001,-49.1,22,81,2olo_A_model_1_relaxed_repeat022_inv.csv,2olo_A_model_1_relaxed_repeat081_inv.csv,2olo_A_model_1_relaxed_repeat022,2olo_A_model_1_relaxed_repeat081,True,False,0.0,328
tau(AC),111,M,100,-44.47,-42.69,1.7800000000000011,1.7800000000000011,1.7800000000000011,0.3130792651432325,0.3115099356360888,-43.8434,-43.83,7,24,2olo_A_model_1_relaxed_repeat007_inv.csv,2olo_A_model_1_relaxed_repeat024_inv.csv,2olo_A_model_1_relaxed_repeat007,2olo_A_model_1_relaxed_repeat024,True,False,0.0,328
tau(CN),287,A,100,175.82,177.6,1.7800000000000011,1.7800000000000011,1.7800000000000011,0.30495402865999255,0.30342542741174466,176.8799,176.89499999999998,84,89,2olo_A_model_1_relaxed_repeat084_inv.csv,2olo_A_model_1_relaxed_repeat089_inv.csv,2olo_A_model_1_relaxed_repeat084,2olo_A_model_1_relaxed_repeat089,True,False,0.0,194
tau(CN),316,V,100,174.59,176.37,1.7800000000000011,1.7800000000000011,1.7800000000000011,0.3303762623849876,0.328720230591303,175.37509999999997,175.325,94,40,2olo_A_model_1_relaxed_repeat094_inv.csv,2olo_A_model_1_relaxed_repeat040_inv.csv,2olo_A_model_1_relaxed_repeat094,2olo_A_model_1_relaxed_repeat040,True,False,0.0,194
tau(NA),31,L,100,-115.75,-113.97,1.7800000000000011,1.7800000000000011,1.7800000000000011,0.34049275048275746,0.33878600915622265,-114.9898,-115.01,22,78,2olo_A_model_1_relaxed_repeat022_inv.csv,2olo_A_model_1_relaxed_repeat078_inv.csv,2olo_A_model_1_relaxed_repeat022,2olo_A_model_1_relaxed_repeat078,True,False,0.0,330
tau(NA),233,Q,100,-72.92,-71.14,1.7800000000000011,1.7800000000000011,1.7800000000000011,0.34254272018467297,0.3408257032560778,-71.89280000000001,-71.88499999999999,19,100,2olo_A_model_1_relaxed_repeat019_inv.csv,2olo_A_model_1_relaxed_repeat100_inv.csv,2olo_A_model_1_relaxed_repeat019,2olo_A_model_1_relaxed_repeat100,True,False,0.0,330
tau(CN),364,G,100,174.32,176.09,1.7700000000000102,1.7700000000000102,1.7700000000000102,0.5773612562356608,0.5744671966265786,175.0312,174.745,28,96,2olo_A_model_1_relaxed_repeat028_inv.csv,2olo_A_model_1_relaxed_repeat096_inv.csv,2olo_A_model_1_relaxed_repeat028,2olo_A_model_1_relaxed_repeat096,True,False,0.0,196
tau(NA),160,F,100,-60.35,-58.58,1.7700000000000031,1.7700000000000102,1.7700000000000102,0.4711229975153821,0.4687614638598185,-59.241299999999995,-59.035,48,22,2olo_A_model_1_relaxed_repeat048_inv.csv,2olo_A_model_1_relaxed_repeat022_inv.csv,2olo_A_model_1_relaxed_repeat048,2olo_A_model_1_relaxed_repeat022,True,False,-7.105427357601002e-15,332
tau(NA),25,E,100,-64.09,-62.33,1.7600000000000051,1.759999999999991,1.759999999999991,0.40333613823217057,0.4013143904721088,-63.36739999999999,-63.474999999999994,77,14,2olo_A_model_1_relaxed_repeat077_inv.csv,2olo_A_model_1_relaxed_repeat014_inv.csv,2olo_A_model_1_relaxed_repeat077,2olo_A_model_1_relaxed_repeat014,True,False,1.4210854715202004e-14,333
tau(NA),198,G,100,-67.81,-66.05,1.7600000000000051,1.759999999999991,1.759999999999991,0.3068490235153488,0.30531092348620587,-66.84819999999999,-66.83500000000001,44,5,2olo_A_model_1_relaxed_repeat044_inv.csv,2olo_A_model_1_relaxed_repeat005_inv.csv,2olo_A_model_1_relaxed_repeat044,2olo_A_model_1_relaxed_repeat005,True,False,1.4210854715202004e-14,333
tau(NA),363,F,100,-66.59,-64.83,1.7600000000000051,1.759999999999991,1.759999999999991,0.3198541965813604,0.3182509073042848,-65.58940000000001,-65.58,68,34,2olo_A_model_1_relaxed_repeat068_inv.csv,2olo_A_model_1_relaxed_repeat034_inv.csv,2olo_A_model_1_relaxed_repeat068,2olo_A_model_1_relaxed_repeat034,True,False,1.4210854715202004e-14,333
tau(AC),304,L,100,-41.04,-39.28,1.759999999999998,1.759999999999991,1.759999999999991,0.3486148637570166,0.3468674098268674,-40.345000000000006,-40.37,97,84,2olo_A_model_1_relaxed_repeat097_inv.csv,2olo_A_model_1_relaxed_repeat084_inv.csv,2olo_A_model_1_relaxed_repeat097,2olo_A_model_1_relaxed_repeat084,True,False,7.105427357601002e-15,330
tau(CN),122,K,100,174.13,175.89,1.759999999999991,1.759999999999991,1.759999999999991,0.36295102210139124,0.3611317072758915,174.8217,174.78,59,11,2olo_A_model_1_relaxed_repeat059_inv.csv,2olo_A_model_1_relaxed_repeat011_inv.csv,2olo_A_model_1_relaxed_repeat059,2olo_A_model_1_relaxed_repeat011,True,False,0.0,197
tau(AC),187,S,100,125.58,127.33,1.75,1.75,1.75,0.2953091001755018,0.2938288447378847,126.4831,126.44,62,5,2olo_A_model_1_relaxed_repeat062_inv.csv,2olo_A_model_1_relaxed_repeat005_inv.csv,2olo_A_model_1_relaxed_repeat062,2olo_A_model_1_relaxed_repeat005,True,False,0.0,331
tau(NA),283,D,100,-62.51,-60.76,1.75,1.75,1.75,0.3421027667679742,0.3403879551335504,-61.6302,-61.64,10,99,2olo_A_model_1_relaxed_repeat010_inv.csv,2olo_A_model_1_relaxed_repeat099_inv.csv,2olo_A_model_1_relaxed_repeat010,2olo_A_model_1_relaxed_repeat099,True,False,0.0,336
tau(AC),166,A,100,-8.13,-6.4,1.7300000000000004,1.7299999999999898,1.7299999999999898,0.2851535825771187,0.2837242323101783,-7.228400000000001,-7.2,23,43,2olo_A_model_1_relaxed_repeat023_inv.csv,2olo_A_model_1_relaxed_repeat043_inv.csv,2olo_A_model_1_relaxed_repeat023,2olo_A_model_1_relaxed_repeat043,True,False,1.0658141036401503e-14,332
tau(NA),347,K,100,-82.5,-80.78,1.7199999999999989,1.7199999999999989,1.7199999999999989,0.3544796157465173,0.3527027643781667,-81.59740000000001,-81.57,75,65,2olo_A_model_1_relaxed_repeat075_inv.csv,2olo_A_model_1_relaxed_repeat065_inv.csv,2olo_A_model_1_relaxed_repeat075,2olo_A_model_1_relaxed_repeat065,True,False,0.0,337
tau(CN),385,P,100,-178.51,179.78,358.28999999999996,1.7100000000000364,1.7100000000000364,83.64273088082443,83.22346643171024,152.46970000000002,173.22,65,15,2olo_A_model_1_relaxed_repeat065_inv.csv,2olo_A_model_1_relaxed_repeat015_inv.csv,2olo_A_model_1_relaxed_repeat065,2olo_A_model_1_relaxed_repeat015,True,True,356.5799999999999,198
tau(NA),375,S,100,-154.96,-153.25,1.710000000000008,1.710000000000008,1.710000000000008,0.39246946738349214,0.390502189494501,-154.1698,-154.19,68,28,2olo_A_model_1_relaxed_repeat068_inv.csv,2olo_A_model_1_relaxed_repeat028_inv.csv,2olo_A_model_1_relaxed_repeat068,2olo_A_model_1_relaxed_repeat028,True,False,0.0,338
tau(AC),22,Q,100,-40.96,-39.26,1.7000000000000028,1.6999999999999886,1.6999999999999886,0.3690475182236978,0.36719764432795565,-40.2567,-40.25,68,5,2olo_A_model_1_relaxed_repeat068_inv.csv,2olo_A_model_1_relaxed_repeat005_inv.csv,2olo_A_model_1_relaxed_repeat068,2olo_A_model_1_relaxed_repeat005,True,False,1.4210854715202004e-14,333
tau(AC),311,V,100,130.59,132.29,1.6999999999999886,1.6999999999999886,1.6999999999999886,0.40472925231167534,0.4027005214796724,131.53230000000002,131.515,12,74,2olo_A_model_1_relaxed_repeat012_inv.csv,2olo_A_model_1_relaxed_repeat074_inv.csv,2olo_A_model_1_relaxed_repeat012,2olo_A_model_1_relaxed_repeat074,True,False,0.0,333
tau(CN),186,V,100,163.92,165.61,1.6900000000000261,1.6900000000000261,1.6900000000000261,0.17140936881387864,0.1705501685721845,164.7892,164.78,21,66,2olo_A_model_1_relaxed_repeat021_inv.csv,2olo_A_model_1_relaxed_repeat066_inv.csv,2olo_A_model_1_relaxed_repeat021,2olo_A_model_1_relaxed_repeat066,True,False,0.0,199
tau(CN),9,V,100,175.46,177.15,1.6899999999999977,1.6899999999999977,1.6899999999999977,0.22567203789319765,0.22454084260998075,176.23210000000003,176.225,81,46,2olo_A_model_1_relaxed_repeat081_inv.csv,2olo_A_model_1_relaxed_repeat046_inv.csv,2olo_A_model_1_relaxed_repeat081,2olo_A_model_1_relaxed_repeat046,True,False,0.0,200
tau(CN),138,D,100,171.39,173.07,1.6800000000000068,1.6800000000000068,1.6800000000000068,0.4418131946760979,0.4395985782506588,172.34029999999996,172.45999999999998,50,70,2olo_A_model_1_relaxed_repeat050_inv.csv,2olo_A_model_1_relaxed_repeat070_inv.csv,2olo_A_model_1_relaxed_repeat050,2olo_A_model_1_relaxed_repeat070,True,False,0.0,201
tau(CN),235,T,100,175.01,176.69,1.6800000000000068,1.6800000000000068,1.6800000000000068,0.3359602399515201,0.33427621811908803,175.75710000000004,175.76,78,49,2olo_A_model_1_relaxed_repeat078_inv.csv,2olo_A_model_1_relaxed_repeat049_inv.csv,2olo_A_model_1_relaxed_repeat078,2olo_A_model_1_relaxed_repeat049,True,False,0.0,201
tau(AC),24,A,100,-40.64,-38.96,1.6799999999999997,1.6800000000000068,1.6800000000000068,0.1846127259585824,0.18368734305879666,-39.3236,-39.295,90,63,2olo_A_model_1_relaxed_repeat090_inv.csv,2olo_A_model_1_relaxed_repeat063_inv.csv,2olo_A_model_1_relaxed_repeat090,2olo_A_model_1_relaxed_repeat063,True,False,-7.105427357601002e-15,335
tau(AC),109,A,100,-36.57,-34.89,1.6799999999999997,1.6800000000000068,1.6800000000000068,0.38008073305070794,0.3781755544717293,-35.7345,-35.795,52,78,2olo_A_model_1_relaxed_repeat052_inv.csv,2olo_A_model_1_relaxed_repeat078_inv.csv,2olo_A_model_1_relaxed_repeat052,2olo_A_model_1_relaxed_repeat078,True,False,-7.105427357601002e-15,335
tau(NA),29,R,100,-75.15,-73.48,1.6700000000000017,1.670000000000016,1.670000000000016,0.3070994969225791,0.30556014137972926,-74.205,-74.16499999999999,23,37,2olo_A_model_1_relaxed_repeat023_inv.csv,2olo_A_model_1_relaxed_repeat037_inv.csv,2olo_A_model_1_relaxed_repeat023,2olo_A_model_1_relaxed_repeat037,True,False,-1.4210854715202004e-14,339
tau(CN),366,I,100,175.7,177.36,1.660000000000025,1.660000000000025,1.660000000000025,0.3507774338249375,0.3490191398763115,176.32580000000002,176.22,54,32,2olo_A_model_1_relaxed_repeat054_inv.csv,2olo_A_model_1_relaxed_repeat032_inv.csv,2olo_A_model_1_relaxed_repeat054,2olo_A_model_1_relaxed_repeat032,True,False,0.0,203
tau(CN),10,V,100,-174.67,-173.01,1.6599999999999966,1.6599999999999966,1.6599999999999966,0.297712134706524,0.29621983390718515,-174.17589999999996,-174.19,38,44,2olo_A_model_1_relaxed_repeat038_inv.csv,2olo_A_model_1_relaxed_repeat044_inv.csv,2olo_A_model_1_relaxed_repeat038,2olo_A_model_1_relaxed_repeat044,True,False,0.0,204
tau(CN),234,A,100,176.61,178.27,1.6599999999999966,1.6599999999999966,1.6599999999999966,0.3906019570981282,0.3886440402218965,177.49090000000004,177.515,62,91,2olo_A_model_1_relaxed_repeat062_inv.csv,2olo_A_model_1_relaxed_repeat091_inv.csv,2olo_A_model_1_relaxed_repeat062,2olo_A_model_1_relaxed_repeat091,True,False,0.0,204
tau(CN),74,A,100,174.44,176.09,1.6500000000000057,1.6500000000000057,1.6500000000000057,0.25570176757190105,0.2544200463799985,175.43379999999996,175.425,81,61,2olo_A_model_1_relaxed_repeat081_inv.csv,2olo_A_model_1_relaxed_repeat061_inv.csv,2olo_A_model_1_relaxed_repeat081,2olo_A_model_1_relaxed_repeat061,True,False,0.0,206
tau(AC),289,T,100,-21.9,-20.25,1.6499999999999986,1.6500000000000057,1.6500000000000057,0.28996697826623036,0.2885135005506675,-21.1514,-21.134999999999998,34,93,2olo_A_model_1_relaxed_repeat034_inv.csv,2olo_A_model_1_relaxed_repeat093_inv.csv,2olo_A_model_1_relaxed_repeat034,2olo_A_model_1_relaxed_repeat093,True,False,-7.105427357601002e-15,337
tau(AC),17,L,100,-39.64,-38.0,1.6400000000000006,1.6399999999999864,1.6399999999999864,0.3857002028320004,0.38376685630731555,-38.911,-39.004999999999995,50,97,2olo_A_model_1_relaxed_repeat050_inv.csv,2olo_A_model_1_relaxed_repeat097_inv.csv,2olo_A_model_1_relaxed_repeat050,2olo_A_model_1_relaxed_repeat097,True,False,1.4210854715202004e-14,338
tau(AC),360,V,100,-50.8,-49.16,1.6400000000000006,1.6399999999999864,1.6399999999999864,0.24738247898566088,0.24614245875102497,-50.1333,-50.12,97,87,2olo_A_model_1_relaxed_repeat097_inv.csv,2olo_A_model_1_relaxed_repeat087_inv.csv,2olo_A_model_1_relaxed_repeat097,2olo_A_model_1_relaxed_repeat087,True,False,1.4210854715202004e-14,338
tau(NA),17,L,100,-67.63,-65.99,1.6400000000000006,1.6399999999999864,1.6399999999999864,0.39517539898075166,0.3931945574394441,-66.7698,-66.66499999999999,72,48,2olo_A_model_1_relaxed_repeat072_inv.csv,2olo_A_model_1_relaxed_repeat048_inv.csv,2olo_A_model_1_relaxed_repeat072,2olo_A_model_1_relaxed_repeat048,True,False,1.4210854715202004e-14,340
tau(NA),167,G,100,100.32,101.96,1.6400000000000006,1.6399999999999864,1.6399999999999864,0.3639410541682414,0.3621167767447401,101.13879999999997,101.11,71,30,2olo_A_model_1_relaxed_repeat071_inv.csv,2olo_A_model_1_relaxed_repeat030_inv.csv,2olo_A_model_1_relaxed_repeat071,2olo_A_model_1_relaxed_repeat030,True,False,1.4210854715202004e-14,340
tau(CN),286,S,100,173.96,175.6,1.6399999999999864,1.6399999999999864,1.6399999999999864,0.31879221249502576,0.31719424647997463,174.72909999999993,174.765,51,38,2olo_A_model_1_relaxed_repeat051_inv.csv,2olo_A_model_1_relaxed_repeat038_inv.csv,2olo_A_model_1_relaxed_repeat051,2olo_A_model_1_relaxed_repeat038,True,False,0.0,207
tau(NA),199,K,100,-140.82,-139.18,1.6399999999999864,1.6399999999999864,1.6399999999999864,0.3549823725883927,0.3532030011197521,-140.0942,-140.04500000000002,49,44,2olo_A_model_1_relaxed_repeat049_inv.csv,2olo_A_model_1_relaxed_repeat044_inv.csv,2olo_A_model_1_relaxed_repeat049,2olo_A_model_1_relaxed_repeat044,True,False,0.0,340
tau(CN),228,I,100,-179.86,178.51,358.37,1.6299999999999955,1.6299999999999955,150.68988448549734,149.9345419621176,94.9719,176.61,77,63,2olo_A_model_1_relaxed_repeat077_inv.csv,2olo_A_model_1_relaxed_repeat063_inv.csv,2olo_A_model_1_relaxed_repeat077,2olo_A_model_1_relaxed_repeat063,True,True,356.74,208
tau(AC),361,P,100,-39.61,-37.98,1.6300000000000026,1.6299999999999955,1.6299999999999955,0.37496262440004574,0.37308310066257366,-38.817,-38.82,35,60,2olo_A_model_1_relaxed_repeat035_inv.csv,2olo_A_model_1_relaxed_repeat060_inv.csv,2olo_A_model_1_relaxed_repeat035,2olo_A_model_1_relaxed_repeat060,True,False,7.105427357601002e-15,340
tau(AC),108,A,100,-45.41,-43.78,1.6299999999999955,1.6299999999999955,1.6299999999999955,0.4139576297061317,0.4118826410520352,-44.4913,-44.45,17,61,2olo_A_model_1_relaxed_repeat017_inv.csv,2olo_A_model_1_relaxed_repeat061_inv.csv,2olo_A_model_1_relaxed_repeat017,2olo_A_model_1_relaxed_repeat061,True,False,0.0,340
tau(NA),306,D,100,-80.09,-78.47,1.6200000000000045,1.6200000000000045,1.6200000000000045,0.3302482078496098,0.3285928179373376,-79.3026,-79.31,12,13,2olo_A_model_1_relaxed_repeat012_inv.csv,2olo_A_model_1_relaxed_repeat013_inv.csv,2olo_A_model_1_relaxed_repeat012,2olo_A_model_1_relaxed_repeat013,True,False,0.0,343
tau(AC),70,P,100,-34.91,-33.3,1.6099999999999994,1.6100000000000136,1.6100000000000136,0.3238320271655996,0.32220879876254127,-34.14070000000001,-34.165,2,51,2olo_A_model_1_relaxed_repeat002_inv.csv,2olo_A_model_1_relaxed_repeat051_inv.csv,2olo_A_model_1_relaxed_repeat002,2olo_A_model_1_relaxed_repeat051,True,False,-1.4210854715202004e-14,342
tau(AC),105,S,100,-46.5,-44.89,1.6099999999999994,1.6100000000000136,1.6100000000000136,0.3601206307431839,0.35831550343238006,-45.66400000000001,-45.65,19,83,2olo_A_model_1_relaxed_repeat019_inv.csv,2olo_A_model_1_relaxed_repeat083_inv.csv,2olo_A_model_1_relaxed_repeat019,2olo_A_model_1_relaxed_repeat083,True,False,-1.4210854715202004e-14,342
tau(NA),357,F,100,-58.14,-56.53,1.6099999999999994,1.6100000000000136,1.6100000000000136,0.35421844541286557,0.3524429031772382,-57.402,-57.405,11,77,2olo_A_model_1_relaxed_repeat011_inv.csv,2olo_A_model_1_relaxed_repeat077_inv.csv,2olo_A_model_1_relaxed_repeat011,2olo_A_model_1_relaxed_repeat077,True,False,-1.4210854715202004e-14,344
tau(NA),213,E,100,-63.5,-61.91,1.5900000000000034,1.5900000000000034,1.5900000000000034,0.3599062167405348,0.3581021641934044,-62.7878,-62.8,58,86,2olo_A_model_1_relaxed_repeat058_inv.csv,2olo_A_model_1_relaxed_repeat086_inv.csv,2olo_A_model_1_relaxed_repeat058,2olo_A_model_1_relaxed_repeat086,True,False,0.0,345
tau(CN),25,E,100,171.86,173.45,1.589999999999975,1.589999999999975,1.589999999999975,0.3220079677789521,0.3203938825882906,172.5524,172.495,77,14,2olo_A_model_1_relaxed_repeat077_inv.csv,2olo_A_model_1_relaxed_repeat014_inv.csv,2olo_A_model_1_relaxed_repeat077,2olo_A_model_1_relaxed_repeat014,True,False,0.0,209
tau(CN),196,R,100,176.14,177.72,1.5800000000000125,1.5800000000000125,1.5800000000000125,0.2454330331014427,0.2442027845869087,177.003,176.985,4,6,2olo_A_model_1_relaxed_repeat004_inv.csv,2olo_A_model_1_relaxed_repeat006_inv.csv,2olo_A_model_1_relaxed_repeat004,2olo_A_model_1_relaxed_repeat006,True,False,0.0,210
tau(NA),126,I,100,-63.75,-62.17,1.5799999999999983,1.579999999999984,1.579999999999984,0.3050136608962514,0.3034847607376689,-62.89499999999999,-62.89,46,75,2olo_A_model_1_relaxed_repeat046_inv.csv,2olo_A_model_1_relaxed_repeat075_inv.csv,2olo_A_model_1_relaxed_repeat046,2olo_A_model_1_relaxed_repeat075,True,False,1.4210854715202004e-14,346
tau(NA),162,L,100,-66.94,-65.36,1.5799999999999983,1.579999999999984,1.579999999999984,0.308268215892091,0.3067230020719019,-66.09899999999999,-66.07,10,18,2olo_A_model_1_relaxed_repeat010_inv.csv,2olo_A_model_1_relaxed_repeat018_inv.csv,2olo_A_model_1_relaxed_repeat010,2olo_A_model_1_relaxed_repeat018,True,False,1.4210854715202004e-14,346
tau(NA),186,V,100,-138.51,-136.93,1.579999999999984,1.579999999999984,1.579999999999984,0.294550230663359,0.2930737791068993,-137.5476,-137.565,15,94,2olo_A_model_1_relaxed_repeat015_inv.csv,2olo_A_model_1_relaxed_repeat094_inv.csv,2olo_A_model_1_relaxed_repeat015,2olo_A_model_1_relaxed_repeat094,True,False,0.0,346
tau(AC),199,K,100,157.7,159.27,1.5700000000000216,1.5700000000000216,1.5700000000000216,0.26793823726728194,0.26659518000143834,158.40490000000003,158.44,86,15,2olo_A_model_1_relaxed_repeat086_inv.csv,2olo_A_model_1_relaxed_repeat015_inv.csv,2olo_A_model_1_relaxed_repeat086,2olo_A_model_1_relaxed_repeat015,True,False,0.0,344
tau(CN),315,P,100,175.04,176.61,1.5700000000000216,1.5700000000000216,1.5700000000000216,0.2836217961164552,0.2822001240254881,175.89970000000002,175.885,3,42,2olo_A_model_1_relaxed_repeat003_inv.csv,2olo_A_model_1_relaxed_repeat042_inv.csv,2olo_A_model_1_relaxed_repeat003,2olo_A_model_1_relaxed_repeat042,True,False,0.0,211
tau(AC),183,A,100,-31.66,-30.09,1.5700000000000003,1.5699999999999932,1.5699999999999932,0.360065594473052,0.3582607430350135,-30.958200000000005,-30.975,25,66,2olo_A_model_1_relaxed_repeat025_inv.csv,2olo_A_model_1_relaxed_repeat066_inv.csv,2olo_A_model_1_relaxed_repeat025,2olo_A_model_1_relaxed_repeat066,True,False,7.105427357601002e-15,345
tau(AC),180,V,100,94.35,95.91,1.5600000000000023,1.5600000000000023,1.5600000000000023,0.27975348094529695,0.2783511990274166,95.19809999999998,95.21000000000001,61,88,2olo_A_model_1_relaxed_repeat061_inv.csv,2olo_A_model_1_relaxed_repeat088_inv.csv,2olo_A_model_1_relaxed_repeat061,2olo_A_model_1_relaxed_repeat088,True,False,0.0,346
tau(CN),59,E,100,178.37,179.93,1.5600000000000023,1.5600000000000023,1.5600000000000023,0.27205696076187785,0.27069325813547707,179.27539999999996,179.275,44,73,2olo_A_model_1_relaxed_repeat044_inv.csv,2olo_A_model_1_relaxed_repeat073_inv.csv,2olo_A_model_1_relaxed_repeat044,2olo_A_model_1_relaxed_repeat073,True,False,0.0,212
tau(AC),212,L,100,-35.65,-34.09,1.5599999999999952,1.5600000000000023,1.5600000000000023,0.36425454525286793,0.3624286964355884,-34.9088,-34.93,23,48,2olo_A_model_1_relaxed_repeat023_inv.csv,2olo_A_model_1_relaxed_repeat048_inv.csv,2olo_A_model_1_relaxed_repeat023,2olo_A_model_1_relaxed_repeat048,True,False,-7.105427357601002e-15,346
tau(NA),281,P,100,-60.76,-59.21,1.5499999999999972,1.5500000000000114,1.5500000000000114,0.3192372696654239,0.31763707277331504,-60.146300000000004,-60.144999999999996,55,98,2olo_A_model_1_relaxed_repeat055_inv.csv,2olo_A_model_1_relaxed_repeat098_inv.csv,2olo_A_model_1_relaxed_repeat055,2olo_A_model_1_relaxed_repeat098,True,False,-1.4210854715202004e-14,349
tau(CN),374,D,100,-174.38,-172.83,1.549999999999983,1.549999999999983,1.549999999999983,0.26422126861378714,0.2628968428870919,-173.65249999999997,-173.68,66,14,2olo_A_model_1_relaxed_repeat066_inv.csv,2olo_A_model_1_relaxed_repeat014_inv.csv,2olo_A_model_1_relaxed_repeat066,2olo_A_model_1_relaxed_repeat014,True,False,0.0,213
tau(AC),30,V,100,137.2,138.74,1.5400000000000205,1.5400000000000205,1.5400000000000205,0.3281763968885451,0.32653139205901843,138.0365,138.09,77,74,2olo_A_model_1_relaxed_repeat077_inv.csv,2olo_A_model_1_relaxed_repeat074_inv.csv,2olo_A_model_1_relaxed_repeat077,2olo_A_model_1_relaxed_repeat074,True,False,0.0,348
tau(CN),298,D,100,172.98,174.52,1.5400000000000205,1.5400000000000205,1.5400000000000205,0.29580986249189684,0.29432709695167414,173.5366,173.465,5,56,2olo_A_model_1_relaxed_repeat005_inv.csv,2olo_A_model_1_relaxed_repeat056_inv.csv,2olo_A_model_1_relaxed_repeat005,2olo_A_model_1_relaxed_repeat056,True,False,0.0,214
tau(NA),128,R,100,-67.01,-65.47,1.5400000000000063,1.5400000000000205,1.5400000000000205,0.3291034653556407,0.3274538135371162,-66.348,-66.37,14,10,2olo_A_model_1_relaxed_repeat014_inv.csv,2olo_A_model_1_relaxed_repeat010_inv.csv,2olo_A_model_1_relaxed_repeat014,2olo_A_model_1_relaxed_repeat010,True,False,-1.4210854715202004e-14,350
tau(AC),27,G,100,10.46,12.0,1.5399999999999991,1.539999999999992,1.539999999999992,0.22812655977050816,0.22698306104200808,11.103699999999998,11.11,62,47,2olo_A_model_1_relaxed_repeat062_inv.csv,2olo_A_model_1_relaxed_repeat047_inv.csv,2olo_A_model_1_relaxed_repeat062,2olo_A_model_1_relaxed_repeat047,True,False,7.105427357601002e-15,349
tau(AC),71,L,100,-35.68,-34.14,1.5399999999999991,1.539999999999992,1.539999999999992,0.2954199031749879,0.293939092330367,-35.1709,-35.205,23,45,2olo_A_model_1_relaxed_repeat023_inv.csv,2olo_A_model_1_relaxed_repeat045_inv.csv,2olo_A_model_1_relaxed_repeat023,2olo_A_model_1_relaxed_repeat045,True,False,7.105427357601002e-15,349
tau(CN),111,M,100,172.78,174.32,1.539999999999992,1.539999999999992,1.539999999999992,0.3432614811545922,0.34154086139143003,173.69280000000003,173.78,78,11,2olo_A_model_1_relaxed_repeat078_inv.csv,2olo_A_model_1_relaxed_repeat011_inv.csv,2olo_A_model_1_relaxed_repeat078,2olo_A_model_1_relaxed_repeat011,True,False,0.0,215
tau(CN),16,G,100,173.69,175.22,1.5300000000000011,1.5300000000000011,1.5300000000000011,0.4460006228196945,0.4437650166473241,174.6819,174.905,97,68,2olo_A_model_1_relaxed_repeat097_inv.csv,2olo_A_model_1_relaxed_repeat068_inv.csv,2olo_A_model_1_relaxed_repeat097,2olo_A_model_1_relaxed_repeat068,True,False,0.0,216
tau(CN),174,E,100,-174.02,-172.49,1.5300000000000011,1.5300000000000011,1.5300000000000011,0.3290680289495895,0.3274185547582791,-173.24470000000005,-173.28,19,70,2olo_A_model_1_relaxed_repeat019_inv.csv,2olo_A_model_1_relaxed_repeat070_inv.csv,2olo_A_model_1_relaxed_repeat019,2olo_A_model_1_relaxed_repeat070,True,False,0.0,216
tau(NA),308,L,100,-137.97,-136.44,1.5300000000000011,1.5300000000000011,1.5300000000000011,0.35039723489522984,0.348640846717651,-137.09660000000002,-137.115,45,41,2olo_A_model_1_relaxed_repeat045_inv.csv,2olo_A_model_1_relaxed_repeat041_inv.csv,2olo_A_model_1_relaxed_repeat045,2olo_A_model_1_relaxed_repeat041,True,False,0.0,351
tau(CN),334,F,100,175.78,177.3,1.5200000000000102,1.5200000000000102,1.5200000000000102,0.33389545027923445,0.33222177833489636,176.59630000000004,176.615,98,19,2olo_A_model_1_relaxed_repeat098_inv.csv,2olo_A_model_1_relaxed_repeat019_inv.csv,2olo_A_model_1_relaxed_repeat098,2olo_A_model_1_relaxed_repeat019,True,False,0.0,218
tau(CN),283,D,100,177.05,178.57,1.5199999999999818,1.5199999999999818,1.5199999999999818,0.27428649403147803,0.27291161572934053,177.94350000000003,177.925,41,74,2olo_A_model_1_relaxed_repeat041_inv.csv,2olo_A_model_1_relaxed_repeat074_inv.csv,2olo_A_model_1_relaxed_repeat041,2olo_A_model_1_relaxed_repeat074,True,False,0.0,219
tau(CN),345,G,100,170.49,172.01,1.5199999999999818,1.5199999999999818,1.5199999999999818,0.24820682154732632,0.24696266924375437,170.92880000000002,170.885,100,65,2olo_A_model_1_relaxed_repeat100_inv.csv,2olo_A_model_1_relaxed_repeat065_inv.csv,2olo_A_model_1_relaxed_repeat100,2olo_A_model_1_relaxed_repeat065,True,False,0.0,219
tau(AC),283,D,100,-35.69,-34.18,1.509999999999998,1.509999999999991,1.509999999999991,0.3971744140192251,0.39518355228931235,-34.95139999999999,-34.9,73,35,2olo_A_model_1_relaxed_repeat073_inv.csv,2olo_A_model_1_relaxed_repeat035_inv.csv,2olo_A_model_1_relaxed_repeat073,2olo_A_model_1_relaxed_repeat035,True,False,7.105427357601002e-15,351
tau(CN),386,Q,100,-179.56,178.94,358.5,1.5,1.5,77.35019017762757,76.96246748454729,-159.93130000000002,-177.86,100,98,2olo_A_model_1_relaxed_repeat100_inv.csv,2olo_A_model_1_relaxed_repeat098_inv.csv,2olo_A_model_1_relaxed_repeat100,2olo_A_model_1_relaxed_repeat098,True,True,357.0,221
tau(NA),154,G,100,-60.04,-58.55,1.490000000000002,1.490000000000009,1.490000000000009,0.28274870164658267,0.2813314059965576,-59.330799999999996,-59.335,44,51,2olo_A_model_1_relaxed_repeat044_inv.csv,2olo_A_model_1_relaxed_repeat051_inv.csv,2olo_A_model_1_relaxed_repeat044,2olo_A_model_1_relaxed_repeat051,True,False,-7.105427357601002e-15,352
tau(AC),214,P,100,-22.25,-20.76,1.4899999999999984,1.490000000000009,1.490000000000009,0.2387352830093099,0.23753860738835683,-21.777900000000002,-21.77,48,55,2olo_A_model_1_relaxed_repeat048_inv.csv,2olo_A_model_1_relaxed_repeat055_inv.csv,2olo_A_model_1_relaxed_repeat048,2olo_A_model_1_relaxed_repeat055,True,False,-1.0658141036401503e-14,352
tau(NA),373,E,100,-118.19,-116.7,1.4899999999999949,1.490000000000009,1.490000000000009,0.29496851398483936,0.2934899657569235,-117.49420000000002,-117.47999999999999,42,38,2olo_A_model_1_relaxed_repeat042_inv.csv,2olo_A_model_1_relaxed_repeat038_inv.csv,2olo_A_model_1_relaxed_repeat042,2olo_A_model_1_relaxed_repeat038,True,False,-1.4210854715202004e-14,352
tau(NA),236,P,100,-59.04,-57.56,1.4799999999999969,1.4799999999999898,1.4799999999999898,0.248856455318192,0.24760904668448597,-58.347600000000014,-58.36,76,3,2olo_A_model_1_relaxed_repeat076_inv.csv,2olo_A_model_1_relaxed_repeat003_inv.csv,2olo_A_model_1_relaxed_repeat076,2olo_A_model_1_relaxed_repeat003,True,False,7.105427357601002e-15,354
tau(AC),210,D,100,-29.44,-27.97,1.4700000000000024,1.4699999999999989,1.4699999999999989,0.3171603010555651,0.3155705150992407,-28.777499999999996,-28.82,92,19,2olo_A_model_1_relaxed_repeat092_inv.csv,2olo_A_model_1_relaxed_repeat019_inv.csv,2olo_A_model_1_relaxed_repeat092,2olo_A_model_1_relaxed_repeat019,True,False,3.552713678800501e-15,353
tau(CN),128,R,100,-172.02,-170.55,1.4699999999999989,1.4699999999999989,1.4699999999999989,0.2471602555412019,0.24592134921555778,-171.30629999999996,-171.32,24,60,2olo_A_model_1_relaxed_repeat024_inv.csv,2olo_A_model_1_relaxed_repeat060_inv.csv,2olo_A_model_1_relaxed_repeat024,2olo_A_model_1_relaxed_repeat060,True,False,0.0,222
tau(NA),28,H,100,-88.72,-87.25,1.4699999999999989,1.4699999999999989,1.4699999999999989,0.34689880048477806,0.34515994842971004,-87.89810000000001,-87.89,47,10,2olo_A_model_1_relaxed_repeat047_inv.csv,2olo_A_model_1_relaxed_repeat010_inv.csv,2olo_A_model_1_relaxed_repeat047,2olo_A_model_1_relaxed_repeat010,True,False,0.0,355
tau(NA),249,P,100,-64.08,-62.61,1.4699999999999989,1.4699999999999989,1.4699999999999989,0.2932791100021213,0.29180903001792113,-63.23429999999999,-63.224999999999994,59,58,2olo_A_model_1_relaxed_repeat059_inv.csv,2olo_A_model_1_relaxed_repeat058_inv.csv,2olo_A_model_1_relaxed_repeat059,2olo_A_model_1_relaxed_repeat058,True,False,0.0,355
tau(CN),71,L,100,167.53,168.99,1.460000000000008,1.460000000000008,1.460000000000008,0.28095959305439805,0.27955126542371445,168.49970000000002,168.55,75,46,2olo_A_model_1_relaxed_repeat075_inv.csv,2olo_A_model_1_relaxed_repeat046_inv.csv,2olo_A_model_1_relaxed_repeat075,2olo_A_model_1_relaxed_repeat046,True,False,0.0,223
tau(NA),290,G,100,72.82,74.28,1.460000000000008,1.460000000000008,1.460000000000008,0.28292726695007386,0.28150907623023447,73.45079999999999,73.435,21,90,2olo_A_model_1_relaxed_repeat021_inv.csv,2olo_A_model_1_relaxed_repeat090_inv.csv,2olo_A_model_1_relaxed_repeat021,2olo_A_model_1_relaxed_repeat090,True,False,0.0,357
tau(CN),195,Y,100,166.51,167.96,1.450000000000017,1.450000000000017,1.450000000000017,0.2571595228686281,0.2558704945866175,167.36230000000003,167.385,76,2,2olo_A_model_1_relaxed_repeat076_inv.csv,2olo_A_model_1_relaxed_repeat002_inv.csv,2olo_A_model_1_relaxed_repeat076,2olo_A_model_1_relaxed_repeat002,True,False,0.0,224
tau(AC),181,P,100,141.86,143.31,1.4499999999999886,1.4499999999999886,1.4499999999999886,0.2796488418489788,0.27824708444114993,142.62160000000003,142.63,72,44,2olo_A_model_1_relaxed_repeat072_inv.csv,2olo_A_model_1_relaxed_repeat044_inv.csv,2olo_A_model_1_relaxed_repeat072,2olo_A_model_1_relaxed_repeat044,True,False,0.0,354
tau(CN),8,V,100,173.25,174.69,1.4399999999999977,1.4399999999999977,1.4399999999999977,0.20354187021173953,0.202521603785867,174.241,174.25,81,75,2olo_A_model_1_relaxed_repeat081_inv.csv,2olo_A_model_1_relaxed_repeat075_inv.csv,2olo_A_model_1_relaxed_repeat081,2olo_A_model_1_relaxed_repeat075,True,False,0.0,225
tau(CN),232,R,100,165.97,167.4,1.4300000000000068,1.4300000000000068,1.4300000000000068,0.2714692348214538,0.27010847820829353,166.7279,166.73,97,93,2olo_A_model_1_relaxed_repeat097_inv.csv,2olo_A_model_1_relaxed_repeat093_inv.csv,2olo_A_model_1_relaxed_repeat097,2olo_A_model_1_relaxed_repeat093,True,False,0.0,226
tau(CN),151,D,100,-175.59,-174.17,1.420000000000016,1.420000000000016,1.420000000000016,0.21403492587647874,0.21296206234914297,-174.8954,-174.91500000000002,72,20,2olo_A_model_1_relaxed_repeat072_inv.csv,2olo_A_model_1_relaxed_repeat020_inv.csv,2olo_A_model_1_relaxed_repeat072,2olo_A_model_1_relaxed_repeat020,True,False,0.0,227
tau(CN),197,A,100,164.98,166.4,1.420000000000016,1.420000000000016,1.420000000000016,0.21731276626981416,0.2162234723613523,165.74290000000002,165.73,9,33,2olo_A_model_1_relaxed_repeat009_inv.csv,2olo_A_model_1_relaxed_repeat033_inv.csv,2olo_A_model_1_relaxed_repeat009,2olo_A_model_1_relaxed_repeat033,True,False,0.0,227
tau(AC),9,V,100,121.91,123.33,1.4200000000000017,1.420000000000016,1.420000000000016,0.3113407143372686,0.30978009942538315,122.58229999999999,122.57499999999999,27,37,2olo_A_model_1_relaxed_repeat027_inv.csv,2olo_A_model_1_relaxed_repeat037_inv.csv,2olo_A_model_1_relaxed_repeat027,2olo_A_model_1_relaxed_repeat037,True,False,-1.4210854715202004e-14,355
tau(NA),106,G,100,-61.84,-60.43,1.4100000000000037,1.4099999999999966,1.4099999999999966,0.2483590387346757,0.24711412343287875,-61.29690000000001,-61.335,56,5,2olo_A_model_1_relaxed_repeat056_inv.csv,2olo_A_model_1_relaxed_repeat005_inv.csv,2olo_A_model_1_relaxed_repeat056,2olo_A_model_1_relaxed_repeat005,True,False,7.105427357601002e-15,358
tau(AC),136,P,100,137.33,138.74,1.4099999999999966,1.4099999999999966,1.4099999999999966,0.3127812512141843,0.3112134155206031,138.0339,138.01,11,99,2olo_A_model_1_relaxed_repeat011_inv.csv,2olo_A_model_1_relaxed_repeat099_inv.csv,2olo_A_model_1_relaxed_repeat011,2olo_A_model_1_relaxed_repeat099,True,False,0.0,356
tau(AC),198,G,100,-43.33,-41.92,1.4099999999999966,1.4099999999999966,1.4099999999999966,0.25440322325002085,0.25312801109320154,-42.71889999999999,-42.724999999999994,9,49,2olo_A_model_1_relaxed_repeat009_inv.csv,2olo_A_model_1_relaxed_repeat049_inv.csv,2olo_A_model_1_relaxed_repeat009,2olo_A_model_1_relaxed_repeat049,True,False,0.0,356
tau(CN),79,C,100,-179.6,-178.19,1.4099999999999966,1.4099999999999966,1.4099999999999966,0.3007487457676397,0.29924122376437423,-178.84629999999993,-178.85500000000002,77,33,2olo_A_model_1_relaxed_repeat077_inv.csv,2olo_A_model_1_relaxed_repeat033_inv.csv,2olo_A_model_1_relaxed_repeat077,2olo_A_model_1_relaxed_repeat033,True,False,0.0,229
tau(CN),305,R,100,-176.17,-174.76,1.4099999999999966,1.4099999999999966,1.4099999999999966,0.31532665442347085,0.3137460597362141,-175.24790000000002,-175.19,45,43,2olo_A_model_1_relaxed_repeat045_inv.csv,2olo_A_model_1_relaxed_repeat043_inv.csv,2olo_A_model_1_relaxed_repeat045,2olo_A_model_1_relaxed_repeat043,True,False,0.0,229
tau(CN),34,E,100,-177.75,-176.35,1.4000000000000057,1.4000000000000057,1.4000000000000057,0.20291173380850017,0.20189462598098026,-176.91159999999996,-176.905,2,69,2olo_A_model_1_relaxed_repeat002_inv.csv,2olo_A_model_1_relaxed_repeat069_inv.csv,2olo_A_model_1_relaxed_repeat002,2olo_A_model_1_relaxed_repeat069,True,False,0.0,231
tau(CN),348,L,100,165.6,167.0,1.4000000000000057,1.4000000000000057,1.4000000000000057,0.2910391517971216,0.28958029974430255,166.2725,166.32,44,81,2olo_A_model_1_relaxed_repeat044_inv.csv,2olo_A_model_1_relaxed_repeat081_inv.csv,2olo_A_model_1_relaxed_repeat044,2olo_A_model_1_relaxed_repeat081,True,False,0.0,231
tau(CN),365,R,100,177.69,179.09,1.4000000000000057,1.4000000000000057,1.4000000000000057,0.25527992162298585,0.25400031496043346,178.50279999999998,178.48,41,46,2olo_A_model_1_relaxed_repeat041_inv.csv,2olo_A_model_1_relaxed_repeat046_inv.csv,2olo_A_model_1_relaxed_repeat041,2olo_A_model_1_relaxed_repeat046,True,False,0.0,231
tau(NA),73,R,100,-62.88,-61.48,1.4000000000000057,1.4000000000000057,1.4000000000000057,0.22812531998040378,0.22698182746642956,-61.96549999999999,-61.93,81,71,2olo_A_model_1_relaxed_repeat081_inv.csv,2olo_A_model_1_relaxed_repeat071_inv.csv,2olo_A_model_1_relaxed_repeat081,2olo_A_model_1_relaxed_repeat071,True,False,0.0,359
tau(CN),125,D,100,177.65,179.04,1.3899999999999864,1.3899999999999864,1.3899999999999864,0.2542076420026047,0.2529334102090888,178.2813,178.26999999999998,84,59,2olo_A_model_1_relaxed_repeat084_inv.csv,2olo_A_model_1_relaxed_repeat059_inv.csv,2olo_A_model_1_relaxed_repeat084,2olo_A_model_1_relaxed_repeat059,True,False,0.0,234
tau(CN),363,F,100,169.93,171.32,1.3899999999999864,1.3899999999999864,1.3899999999999864,0.2662174246207728,0.26488299303654755,170.769,170.79500000000002,21,11,2olo_A_model_1_relaxed_repeat021_inv.csv,2olo_A_model_1_relaxed_repeat011_inv.csv,2olo_A_model_1_relaxed_repeat021,2olo_A_model_1_relaxed_repeat011,True,False,0.0,234
tau(CN),61,L,100,-179.69,178.93,358.62,1.3799999999999955,1.3799999999999955,50.04248915267864,49.79164802845955,168.86810000000003,175.99,20,78,2olo_A_model_1_relaxed_repeat020_inv.csv,2olo_A_model_1_relaxed_repeat078_inv.csv,2olo_A_model_1_relaxed_repeat020,2olo_A_model_1_relaxed_repeat078,True,True,357.24,236
tau(CN),149,T,100,-179.46,179.16,358.62,1.3799999999999955,1.3799999999999955,91.43441014727333,90.97608941579101,152.76690000000002,177.675,12,55,2olo_A_model_1_relaxed_repeat012_inv.csv,2olo_A_model_1_relaxed_repeat055_inv.csv,2olo_A_model_1_relaxed_repeat012,2olo_A_model_1_relaxed_repeat055,True,True,357.24,236
tau(AC),125,D,100,-40.93,-39.55,1.3800000000000026,1.3799999999999955,1.3799999999999955,0.2459475800271516,0.2447147523137909,-40.133700000000005,-40.12,33,95,2olo_A_model_1_relaxed_repeat033_inv.csv,2olo_A_model_1_relaxed_repeat095_inv.csv,2olo_A_model_1_relaxed_repeat033,2olo_A_model_1_relaxed_repeat095,True,False,7.105427357601002e-15,358
tau(NA),360,V,100,-50.02,-48.64,1.3800000000000026,1.3799999999999955,1.3799999999999955,0.29829915158844134,0.2968039083300623,-49.408800000000014,-49.415,87,63,2olo_A_model_1_relaxed_repeat087_inv.csv,2olo_A_model_1_relaxed_repeat063_inv.csv,2olo_A_model_1_relaxed_repeat087,2olo_A_model_1_relaxed_repeat063,True,False,7.105427357601002e-15,360
tau(CN),290,G,100,-173.16,-171.78,1.3799999999999955,1.3799999999999955,1.3799999999999955,0.29836226370645563,0.2968667040946158,-172.40959999999998,-172.405,26,49,2olo_A_model_1_relaxed_repeat026_inv.csv,2olo_A_model_1_relaxed_repeat049_inv.csv,2olo_A_model_1_relaxed_repeat026,2olo_A_model_1_relaxed_repeat049,True,False,0.0,236
tau(CN),152,V,100,-177.24,-175.87,1.3700000000000045,1.3700000000000045,1.3700000000000045,0.2734696445030902,0.27209886071058814,-176.6011,-176.62,12,24,2olo_A_model_1_relaxed_repeat012_inv.csv,2olo_A_model_1_relaxed_repeat024_inv.csv,2olo_A_model_1_relaxed_repeat012,2olo_A_model_1_relaxed_repeat024,True,False,0.0,239
tau(CN),159,L,100,174.87,176.24,1.3700000000000045,1.3700000000000045,1.3700000000000045,0.255494292173688,0.2542136109652678,175.49880000000005,175.44,23,92,2olo_A_model_1_relaxed_repeat023_inv.csv,2olo_A_model_1_relaxed_repeat092_inv.csv,2olo_A_model_1_relaxed_repeat023,2olo_A_model_1_relaxed_repeat092,True,False,0.0,239
tau(NA),22,Q,100,-63.9,-62.54,1.3599999999999994,1.3600000000000136,1.3600000000000136,0.3115405837985405,0.30997896702840994,-63.2448,-63.27,33,5,2olo_A_model_1_relaxed_repeat033_inv.csv,2olo_A_model_1_relaxed_repeat005_inv.csv,2olo_A_model_1_relaxed_repeat033,2olo_A_model_1_relaxed_repeat005,True,False,-1.4210854715202004e-14,361
tau(NA),166,A,100,-76.98,-75.62,1.3599999999999994,1.3600000000000136,1.3600000000000136,0.2845088626550901,0.28308274408730744,-76.33959999999999,-76.345,43,90,2olo_A_model_1_relaxed_repeat043_inv.csv,2olo_A_model_1_relaxed_repeat090_inv.csv,2olo_A_model_1_relaxed_repeat043,2olo_A_model_1_relaxed_repeat090,True,False,-1.4210854715202004e-14,361
tau(CN),154,G,100,177.4,178.76,1.3599999999999852,1.3599999999999852,1.3599999999999852,0.29179597133766016,0.2903333256792952,178.21839999999997,178.27,23,15,2olo_A_model_1_relaxed_repeat023_inv.csv,2olo_A_model_1_relaxed_repeat015_inv.csv,2olo_A_model_1_relaxed_repeat023,2olo_A_model_1_relaxed_repeat015,True,False,0.0,241
tau(CN),349,V,100,-175.69,-174.34,1.3499999999999943,1.3499999999999943,1.3499999999999943,0.28815301771135776,0.28670863258716234,-174.93039999999996,-174.885,52,7,2olo_A_model_1_relaxed_repeat052_inv.csv,2olo_A_model_1_relaxed_repeat007_inv.csv,2olo_A_model_1_relaxed_repeat052,2olo_A_model_1_relaxed_repeat007,True,False,0.0,242
tau(NA),6,D,100,-72.5,-71.15,1.3499999999999943,1.3499999999999943,1.3499999999999943,0.28135090782390054,0.27994061870332365,-71.7695,-71.755,61,96,2olo_A_model_1_relaxed_repeat061_inv.csv,2olo_A_model_1_relaxed_repeat096_inv.csv,2olo_A_model_1_relaxed_repeat061,2olo_A_model_1_relaxed_repeat096,True,False,0.0,363
tau(NA),362,L,100,-70.91,-69.57,1.3400000000000034,1.3400000000000034,1.3400000000000034,0.3033080076007673,0.30178765713660266,-70.30609999999999,-70.305,45,65,2olo_A_model_1_relaxed_repeat045_inv.csv,2olo_A_model_1_relaxed_repeat065_inv.csv,2olo_A_model_1_relaxed_repeat045,2olo_A_model_1_relaxed_repeat065,True,False,0.0,364
tau(AC),345,G,100,-16.86,-15.53,1.33,1.3300000000000125,1.3300000000000125,0.26280266822131476,0.2614853533183073,-16.157899999999998,-16.19,42,52,2olo_A_model_1_relaxed_repeat042_inv.csv,2olo_A_model_1_relaxed_repeat052_inv.csv,2olo_A_model_1_relaxed_repeat042,2olo_A_model_1_relaxed_repeat052,True,False,-1.2434497875801753e-14,359
tau(NA),8,V,100,-110.91,-109.58,1.3299999999999983,1.329999999999984,1.329999999999984,0.2240621080924394,0.22293898268360274,-110.42890000000001,-110.43,23,33,2olo_A_model_1_relaxed_repeat023_inv.csv,2olo_A_model_1_relaxed_repeat033_inv.csv,2olo_A_model_1_relaxed_repeat023,2olo_A_model_1_relaxed_repeat033,True,False,1.4210854715202004e-14,365
tau(CN),68,T,100,-175.73,-174.4,1.329999999999984,1.329999999999984,1.329999999999984,0.2837267144363535,0.2823045164357092,-174.93040000000002,-174.91,68,86,2olo_A_model_1_relaxed_repeat068_inv.csv,2olo_A_model_1_relaxed_repeat086_inv.csv,2olo_A_model_1_relaxed_repeat068,2olo_A_model_1_relaxed_repeat086,True,False,0.0,243
tau(CN),73,R,100,172.06,173.38,1.3199999999999932,1.3199999999999932,1.3199999999999932,0.28008979440403237,0.2786858266937883,172.7039,172.68,46,38,2olo_A_model_1_relaxed_repeat046_inv.csv,2olo_A_model_1_relaxed_repeat038_inv.csv,2olo_A_model_1_relaxed_repeat046,2olo_A_model_1_relaxed_repeat038,True,False,0.0,244
tau(CN),212,L,100,-176.79,-175.47,1.3199999999999932,1.3199999999999932,1.3199999999999932,0.263116980551513,0.2617980901381823,-176.26240000000004,-176.29,5,57,2olo_A_model_1_relaxed_repeat005_inv.csv,2olo_A_model_1_relaxed_repeat057_inv.csv,2olo_A_model_1_relaxed_repeat005,2olo_A_model_1_relaxed_repeat057,True,False,0.0,244
tau(CN),308,L,100,-174.23,-172.91,1.3199999999999932,1.3199999999999932,1.3199999999999932,0.2882083982261457,0.2867637355036368,-173.7084,-173.79500000000002,62,85,2olo_A_model_1_relaxed_repeat062_inv.csv,2olo_A_model_1_relaxed_repeat085_inv.csv,2olo_A_model_1_relaxed_repeat062,2olo_A_model_1_relaxed_repeat085,True,False,0.0,244
tau(CN),314,D,100,-176.88,-175.57,1.3100000000000023,1.3100000000000023,1.3100000000000023,0.23895519634145976,0.2377574183910982,-176.27710000000002,-176.255,70,72,2olo_A_model_1_relaxed_repeat070_inv.csv,2olo_A_model_1_relaxed_repeat072_inv.csv,2olo_A_model_1_relaxed_repeat070,2olo_A_model_1_relaxed_repeat072,True,False,0.0,247
tau(CN),359,F,100,-168.23,-166.92,1.3100000000000023,1.3100000000000023,1.3100000000000023,0.27018772000297053,0.2688333870634367,-167.59309999999996,-167.585,19,21,2olo_A_model_1_relaxed_repeat019_inv.csv,2olo_A_model_1_relaxed_repeat021_inv.csv,2olo_A_model_1_relaxed_repeat019,2olo_A_model_1_relaxed_repeat021,True,False,0.0,247
tau(NA),163,A,100,-61.76,-60.45,1.3099999999999952,1.3100000000000023,1.3100000000000023,0.20400782318134725,0.2029852211369092,-60.983000000000004,-61.004999999999995,52,38,2olo_A_model_1_relaxed_repeat052_inv.csv,2olo_A_model_1_relaxed_repeat038_inv.csv,2olo_A_model_1_relaxed_repeat052,2olo_A_model_1_relaxed_repeat038,True,False,-7.105427357601002e-15,366
tau(CN),33,L,100,174.51,175.81,1.3000000000000114,1.3000000000000114,1.3000000000000114,0.21905960629726204,0.21796155624329794,174.90740000000002,174.87,93,44,2olo_A_model_1_relaxed_repeat093_inv.csv,2olo_A_model_1_relaxed_repeat044_inv.csv,2olo_A_model_1_relaxed_repeat093,2olo_A_model_1_relaxed_repeat044,True,False,0.0,249
tau(CN),263,N,100,-179.22,179.48,358.7,1.2999999999999545,1.2999999999999545,60.95943183508657,60.65386884906848,-165.5558,-176.065,1,78,2olo_A_model_1_relaxed_repeat001_inv.csv,2olo_A_model_1_relaxed_repeat078_inv.csv,2olo_A_model_1_relaxed_repeat001,2olo_A_model_1_relaxed_repeat078,True,True,357.40000000000003,250
tau(AC),28,H,100,145.01,146.3,1.2900000000000205,1.2900000000000205,1.2900000000000205,0.24358789092658276,0.24236689130324748,145.77269999999996,145.78,37,56,2olo_A_model_1_relaxed_repeat037_inv.csv,2olo_A_model_1_relaxed_repeat056_inv.csv,2olo_A_model_1_relaxed_repeat037,2olo_A_model_1_relaxed_repeat056,True,False,0.0,360
tau(CN),31,L,100,167.65,168.94,1.289999999999992,1.289999999999992,1.289999999999992,0.25052452046363655,0.24926875054847872,168.34529999999998,168.35500000000002,98,44,2olo_A_model_1_relaxed_repeat098_inv.csv,2olo_A_model_1_relaxed_repeat044_inv.csv,2olo_A_model_1_relaxed_repeat098,2olo_A_model_1_relaxed_repeat044,True,False,0.0,251
tau(AC),26,R,100,-0.39,0.88,1.27,1.2700000000000102,1.2700000000000102,0.23115596641246536,0.22999728259264282,0.32250000000000006,0.34,15,14,2olo_A_model_1_relaxed_repeat015_inv.csv,2olo_A_model_1_relaxed_repeat014_inv.csv,2olo_A_model_1_relaxed_repeat015,2olo_A_model_1_relaxed_repeat014,True,False,-1.021405182655144e-14,361
tau(CN),379,D,100,176.04,177.3,1.2600000000000193,1.2600000000000193,1.2600000000000193,0.2430458866763711,0.24182760388342844,176.6471,176.635,91,23,2olo_A_model_1_relaxed_repeat091_inv.csv,2olo_A_model_1_relaxed_repeat023_inv.csv,2olo_A_model_1_relaxed_repeat091,2olo_A_model_1_relaxed_repeat023,True,False,0.0,252
tau(NA),111,M,100,-61.74,-60.48,1.2600000000000051,1.259999999999991,1.259999999999991,0.20534403258232709,0.2043147327042279,-60.975699999999996,-60.97,24,27,2olo_A_model_1_relaxed_repeat024_inv.csv,2olo_A_model_1_relaxed_repeat027_inv.csv,2olo_A_model_1_relaxed_repeat024,2olo_A_model_1_relaxed_repeat027,True,False,1.4210854715202004e-14,367
tau(CN),30,V,100,170.97,172.23,1.259999999999991,1.259999999999991,1.259999999999991,0.2699511927453677,0.2685980454135886,171.73969999999997,171.775,85,33,2olo_A_model_1_relaxed_repeat085_inv.csv,2olo_A_model_1_relaxed_repeat033_inv.csv,2olo_A_model_1_relaxed_repeat085,2olo_A_model_1_relaxed_repeat033,True,False,0.0,253
tau(AC),369,D,100,-50.87,-49.62,1.25,1.25,1.25,0.22444085405669137,0.2233158301598883,-50.200199999999995,-50.195,75,96,2olo_A_model_1_relaxed_repeat075_inv.csv,2olo_A_model_1_relaxed_repeat096_inv.csv,2olo_A_model_1_relaxed_repeat075,2olo_A_model_1_relaxed_repeat096,True,False,0.0,362
tau(CN),360,V,100,176.2,177.44,1.240000000000009,1.240000000000009,1.240000000000009,0.17610473811876512,0.1752220020431226,176.98049999999995,176.97,75,69,2olo_A_model_1_relaxed_repeat075_inv.csv,2olo_A_model_1_relaxed_repeat069_inv.csv,2olo_A_model_1_relaxed_repeat075,2olo_A_model_1_relaxed_repeat069,True,False,0.0,254
tau(NA),109,A,100,-60.53,-59.29,1.240000000000002,1.240000000000009,1.240000000000009,0.19951395485483764,0.19851387860802078,-59.993199999999995,-60.0,5,78,2olo_A_model_1_relaxed_repeat005_inv.csv,2olo_A_model_1_relaxed_repeat078_inv.csv,2olo_A_model_1_relaxed_repeat005,2olo_A_model_1_relaxed_repeat078,True,False,-7.105427357601002e-15,368
tau(NA),344,H,100,60.16,61.4,1.240000000000002,1.240000000000009,1.240000000000009,0.25395171735484395,0.2526787683997209,60.8112,60.84,61,63,2olo_A_model_1_relaxed_repeat061_inv.csv,2olo_A_model_1_relaxed_repeat063_inv.csv,2olo_A_model_1_relaxed_repeat061,2olo_A_model_1_relaxed_repeat063,True,False,-7.105427357601002e-15,368
tau(AC),156,L,100,-45.91,-44.67,1.2399999999999949,1.240000000000009,1.240000000000009,0.23877388822266457,0.23757701909065157,-45.3046,-45.33,54,8,2olo_A_model_1_relaxed_repeat054_inv.csv,2olo_A_model_1_relaxed_repeat008_inv.csv,2olo_A_model_1_relaxed_repeat054,2olo_A_model_1_relaxed_repeat008,True,False,-1.4210854715202004e-14,363
tau(CN),58,Q,100,-174.14,-172.9,1.2399999999999807,1.2399999999999807,1.2399999999999807,0.21760069072974075,0.216509953581815,-173.43880000000001,-173.45,56,36,2olo_A_model_1_relaxed_repeat056_inv.csv,2olo_A_model_1_relaxed_repeat036_inv.csv,2olo_A_model_1_relaxed_repeat056,2olo_A_model_1_relaxed_repeat036,True,False,0.0,255
tau(CN),347,K,100,177.93,179.17,1.2399999999999807,1.2399999999999807,1.2399999999999807,0.2680416069014344,0.26669803148879834,178.62039999999996,178.635,20,2,2olo_A_model_1_relaxed_repeat020_inv.csv,2olo_A_model_1_relaxed_repeat002_inv.csv,2olo_A_model_1_relaxed_repeat020,2olo_A_model_1_relaxed_repeat002,True,False,0.0,255
tau(CN),11,G,100,176.79,178.02,1.2300000000000182,1.2300000000000182,1.2300000000000182,0.2522962023839708,0.2510315518017603,177.5246,177.525,27,3,2olo_A_model_1_relaxed_repeat027_inv.csv,2olo_A_model_1_relaxed_repeat003_inv.csv,2olo_A_model_1_relaxed_repeat027,2olo_A_model_1_relaxed_repeat003,True,False,0.0,257
tau(CN),179,L,100,173.73,174.96,1.2300000000000182,1.2300000000000182,1.2300000000000182,0.19990401737237892,0.19890198591266053,174.40600000000003,174.4,65,66,2olo_A_model_1_relaxed_repeat065_inv.csv,2olo_A_model_1_relaxed_repeat066_inv.csv,2olo_A_model_1_relaxed_repeat065,2olo_A_model_1_relaxed_repeat066,True,False,0.0,257
tau(AC),32,V,100,125.14,126.36,1.2199999999999989,1.2199999999999989,1.2199999999999989,0.23498196793057366,0.23380410603751142,125.72419999999998,125.725,69,22,2olo_A_model_1_relaxed_repeat069_inv.csv,2olo_A_model_1_relaxed_repeat022_inv.csv,2olo_A_model_1_relaxed_repeat069,2olo_A_model_1_relaxed_repeat022,True,False,0.0,364
tau(AC),178,E,100,144.11,145.33,1.2199999999999989,1.2199999999999989,1.2199999999999989,0.2401577764215791,0.23895397046293163,144.637,144.64,67,95,2olo_A_model_1_relaxed_repeat067_inv.csv,2olo_A_model_1_relaxed_repeat095_inv.csv,2olo_A_model_1_relaxed_repeat067,2olo_A_model_1_relaxed_repeat095,True,False,0.0,364
tau(CN),69,L,100,173.1,174.32,1.2199999999999989,1.2199999999999989,1.2199999999999989,0.2169182688330689,0.21583095236782,173.731,173.735,77,93,2olo_A_model_1_relaxed_repeat077_inv.csv,2olo_A_model_1_relaxed_repeat093_inv.csv,2olo_A_model_1_relaxed_repeat077,2olo_A_model_1_relaxed_repeat093,True,False,0.0,259
tau(CN),116,V,100,-178.97,179.82,358.78999999999996,1.2100000000000364,1.2100000000000364,35.79333853646316,35.613922175885094,-174.52649999999997,-178.065,81,71,2olo_A_model_1_relaxed_repeat081_inv.csv,2olo_A_model_1_relaxed_repeat071_inv.csv,2olo_A_model_1_relaxed_repeat081,2olo_A_model_1_relaxed_repeat071,True,True,357.5799999999999,260
tau(AC),312,D,100,118.05,119.26,1.210000000000008,1.210000000000008,1.210000000000008,0.25285958494186034,0.2515921103691453,118.56790000000001,118.555,89,96,2olo_A_model_1_relaxed_repeat089_inv.csv,2olo_A_model_1_relaxed_repeat096_inv.csv,2olo_A_model_1_relaxed_repeat089,2olo_A_model_1_relaxed_repeat096,True,False,0.0,366
tau(NA),346,E,100,-64.18,-62.97,1.210000000000008,1.210000000000008,1.210000000000008,0.2578848697783689,0.25659220564935364,-63.45620000000001,-63.43,52,100,2olo_A_model_1_relaxed_repeat052_inv.csv,2olo_A_model_1_relaxed_repeat100_inv.csv,2olo_A_model_1_relaxed_repeat052,2olo_A_model_1_relaxed_repeat100,True,False,0.0,370
tau(AC),305,R,100,-43.2,-41.99,1.2100000000000009,1.210000000000008,1.210000000000008,0.24614217374714495,0.24490837062052412,-42.7617,-42.82,6,25,2olo_A_model_1_relaxed_repeat006_inv.csv,2olo_A_model_1_relaxed_repeat025_inv.csv,2olo_A_model_1_relaxed_repeat006,2olo_A_model_1_relaxed_repeat025,True,False,-7.105427357601002e-15,366
tau(AC),34,E,100,123.38,124.58,1.2000000000000028,1.1999999999999886,1.1999999999999886,0.26303826967407545,0.26171977380396827,124.0926,124.13,32,26,2olo_A_model_1_relaxed_repeat032_inv.csv,2olo_A_model_1_relaxed_repeat026_inv.csv,2olo_A_model_1_relaxed_repeat032,2olo_A_model_1_relaxed_repeat026,True,False,1.4210854715202004e-14,368
tau(AC),162,L,100,-42.98,-41.78,1.1999999999999957,1.1999999999999886,1.1999999999999886,0.22512566636562265,0.22399720980405086,-42.3665,-42.36,47,90,2olo_A_model_1_relaxed_repeat047_inv.csv,2olo_A_model_1_relaxed_repeat090_inv.csv,2olo_A_model_1_relaxed_repeat047,2olo_A_model_1_relaxed_repeat090,True,False,7.105427357601002e-15,368
tau(AC),165,A,100,-33.3,-32.1,1.1999999999999957,1.1999999999999886,1.1999999999999886,0.28150002242675326,0.28008898585985126,-32.519600000000004,-32.43,90,52,2olo_A_model_1_relaxed_repeat090_inv.csv,2olo_A_model_1_relaxed_repeat052_inv.csv,2olo_A_model_1_relaxed_repeat090,2olo_A_model_1_relaxed_repeat052,True,False,7.105427357601002e-15,368
tau(CN),127,E,100,-178.33,-177.14,1.1900000000000261,1.1900000000000261,1.1900000000000261,0.24699723958707812,0.2457591503891566,-177.72620000000003,-177.76,71,63,2olo_A_model_1_relaxed_repeat071_inv.csv,2olo_A_model_1_relaxed_repeat063_inv.csv,2olo_A_model_1_relaxed_repeat071,2olo_A_model_1_relaxed_repeat063,True,False,0.0,261
tau(NA),214,P,100,-60.34,-59.15,1.1900000000000048,1.1899999999999977,1.1899999999999977,0.288951063627939,0.2875026782483949,-59.79110000000001,-59.715,51,3,2olo_A_model_1_relaxed_repeat051_inv.csv,2olo_A_model_1_relaxed_repeat003_inv.csv,2olo_A_model_1_relaxed_repeat051,2olo_A_model_1_relaxed_repeat003,True,False,7.105427357601002e-15,371
tau(NA),70,P,100,-57.62,-56.43,1.1899999999999977,1.1899999999999977,1.1899999999999977,0.2449027017681377,0.24367511157276622,-57.033800000000014,-57.005,93,9,2olo_A_model_1_relaxed_repeat093_inv.csv,2olo_A_model_1_relaxed_repeat009_inv.csv,2olo_A_model_1_relaxed_repeat093,2olo_A_model_1_relaxed_repeat009,True,False,0.0,371
tau(NA),313,P,100,-74.2,-73.01,1.1899999999999977,1.1899999999999977,1.1899999999999977,0.2323154421179632,0.23115094635324354,-73.6518,-73.64,74,14,2olo_A_model_1_relaxed_repeat074_inv.csv,2olo_A_model_1_relaxed_repeat014_inv.csv,2olo_A_model_1_relaxed_repeat074,2olo_A_model_1_relaxed_repeat014,True,False,0.0,371
tau(CN),158,A,100,-179.68,-178.5,1.1800000000000068,1.1800000000000068,1.1800000000000068,0.2126527971158915,0.2115868615958949,-179.08700000000002,-179.065,92,23,2olo_A_model_1_relaxed_repeat092_inv.csv,2olo_A_model_1_relaxed_repeat023_inv.csv,2olo_A_model_1_relaxed_repeat092,2olo_A_model_1_relaxed_repeat023,True,False,0.0,262
tau(NA),315,P,100,-69.27,-68.09,1.1799999999999926,1.1800000000000068,1.1800000000000068,0.30257606106113705,0.3010593795250369,-68.76350000000001,-68.755,83,100,2olo_A_model_1_relaxed_repeat083_inv.csv,2olo_A_model_1_relaxed_repeat100_inv.csv,2olo_A_model_1_relaxed_repeat083,2olo_A_model_1_relaxed_repeat100,True,False,-1.4210854715202004e-14,374
tau(AC),346,E,100,-18.78,-17.61,1.1700000000000017,1.170000000000016,1.170000000000016,0.23795023246744929,0.23675749196171178,-18.183300000000003,-18.19,44,72,2olo_A_model_1_relaxed_repeat044_inv.csv,2olo_A_model_1_relaxed_repeat072_inv.csv,2olo_A_model_1_relaxed_repeat044,2olo_A_model_1_relaxed_repeat072,True,False,-1.4210854715202004e-14,371
tau(CN),119,E,100,173.75,174.91,1.1599999999999966,1.1599999999999966,1.1599999999999966,0.20992966595139528,0.20887738029762765,174.32319999999996,174.3,81,55,2olo_A_model_1_relaxed_repeat081_inv.csv,2olo_A_model_1_relaxed_repeat055_inv.csv,2olo_A_model_1_relaxed_repeat081,2olo_A_model_1_relaxed_repeat055,True,False,0.0,263
tau(CN),302,G,100,178.49,179.65,1.1599999999999966,1.1599999999999966,1.1599999999999966,0.25576156825836793,0.25447954731176337,179.0196,179.0,62,18,2olo_A_model_1_relaxed_repeat062_inv.csv,2olo_A_model_1_relaxed_repeat018_inv.csv,2olo_A_model_1_relaxed_repeat062,2olo_A_model_1_relaxed_repeat018,True,False,0.0,263
tau(CN),369,D,100,176.25,177.41,1.1599999999999966,1.1599999999999966,1.1599999999999966,0.17668221772607984,0.17579658699758602,177.10659999999996,177.13,14,15,2olo_A_model_1_relaxed_repeat014_inv.csv,2olo_A_model_1_relaxed_repeat015_inv.csv,2olo_A_model_1_relaxed_repeat014,2olo_A_model_1_relaxed_repeat015,True,False,0.0,263
tau(NA),369,D,100,-58.94,-57.78,1.1599999999999966,1.1599999999999966,1.1599999999999966,0.22687465947326746,0.22573743597374354,-58.361900000000006,-58.37,82,90,2olo_A_model_1_relaxed_repeat082_inv.csv,2olo_A_model_1_relaxed_repeat090_inv.csv,2olo_A_model_1_relaxed_repeat082,2olo_A_model_1_relaxed_repeat090,True,False,0.0,375
tau(CN),326,P,100,-179.24,179.6,358.84000000000003,1.1599999999999682,1.1599999999999682,50.208596179269236,49.956922433132334,170.47009999999997,177.845,6,73,2olo_A_model_1_relaxed_repeat006_inv.csv,2olo_A_model_1_relaxed_repeat073_inv.csv,2olo_A_model_1_relaxed_repeat006,2olo_A_model_1_relaxed_repeat073,True,True,357.68000000000006,266
tau(CN),161,T,100,178.19,179.34,1.1500000000000057,1.1500000000000057,1.1500000000000057,0.21374118210885934,0.2126697909906333,178.6834,178.655,47,90,2olo_A_model_1_relaxed_repeat047_inv.csv,2olo_A_model_1_relaxed_repeat090_inv.csv,2olo_A_model_1_relaxed_repeat047,2olo_A_model_1_relaxed_repeat090,True,False,0.0,267
tau(CN),170,L,100,178.78,179.92,1.1399999999999864,1.1399999999999864,1.1399999999999864,0.22920316513759242,0.22805426985697846,179.3705,179.36,2,22,2olo_A_model_1_relaxed_repeat002_inv.csv,2olo_A_model_1_relaxed_repeat022_inv.csv,2olo_A_model_1_relaxed_repeat002,2olo_A_model_1_relaxed_repeat022,True,False,0.0,268
tau(CN),307,H,100,-177.76,-176.62,1.1399999999999864,1.1399999999999864,1.1399999999999864,0.20524188735059032,0.20421309948188945,-177.15509999999998,-177.14,54,87,2olo_A_model_1_relaxed_repeat054_inv.csv,2olo_A_model_1_relaxed_repeat087_inv.csv,2olo_A_model_1_relaxed_repeat054,2olo_A_model_1_relaxed_repeat087,True,False,0.0,268
tau(CN),17,L,100,173.11,174.24,1.1299999999999955,1.1299999999999955,1.1299999999999955,0.24913701556624065,0.24788820060664585,173.78119999999998,173.74,44,52,2olo_A_model_1_relaxed_repeat044_inv.csv,2olo_A_model_1_relaxed_repeat052_inv.csv,2olo_A_model_1_relaxed_repeat044,2olo_A_model_1_relaxed_repeat052,True,False,0.0,270
tau(CN),29,R,100,178.1,179.23,1.1299999999999955,1.1299999999999955,1.1299999999999955,0.24884224851593148,0.24759491109471526,178.64260000000002,178.64499999999998,61,84,2olo_A_model_1_relaxed_repeat061_inv.csv,2olo_A_model_1_relaxed_repeat084_inv.csv,2olo_A_model_1_relaxed_repeat061,2olo_A_model_1_relaxed_repeat084,True,False,0.0,270
tau(CN),352,G,100,-179.82,179.06,358.88,1.1200000000000045,1.1200000000000045,35.81033338481105,35.630831836486784,174.67079999999999,178.32,74,52,2olo_A_model_1_relaxed_repeat074_inv.csv,2olo_A_model_1_relaxed_repeat052_inv.csv,2olo_A_model_1_relaxed_repeat074,2olo_A_model_1_relaxed_repeat052,True,True,357.76,272
tau(CN),306,D,100,-168.56,-167.44,1.1200000000000045,1.1200000000000045,1.1200000000000045,0.21310015665803053,0.212031978720193,-168.01379999999997,-168.04,33,9,2olo_A_model_1_relaxed_repeat033_inv.csv,2olo_A_model_1_relaxed_repeat009_inv.csv,2olo_A_model_1_relaxed_repeat033,2olo_A_model_1_relaxed_repeat009,True,False,0.0,272
tau(CN),346,E,100,173.28,174.4,1.1200000000000045,1.1200000000000045,1.1200000000000045,0.23411494629947968,0.23294143040687323,173.8377,173.8,30,10,2olo_A_model_1_relaxed_repeat030_inv.csv,2olo_A_model_1_relaxed_repeat010_inv.csv,2olo_A_model_1_relaxed_repeat030,2olo_A_model_1_relaxed_repeat010,True,False,0.0,272
tau(NA),137,R,100,-67.29,-66.17,1.1200000000000045,1.1200000000000045,1.1200000000000045,0.2230385888612372,0.2219205939069195,-66.7655,-66.745,16,85,2olo_A_model_1_relaxed_repeat016_inv.csv,2olo_A_model_1_relaxed_repeat085_inv.csv,2olo_A_model_1_relaxed_repeat016,2olo_A_model_1_relaxed_repeat085,True,False,0.0,376
tau(CN),121,L,100,168.67,169.77,1.1000000000000227,1.1000000000000227,1.1000000000000227,0.1867911922306555,0.1858548896316699,169.21860000000004,169.21,79,62,2olo_A_model_1_relaxed_repeat079_inv.csv,2olo_A_model_1_relaxed_repeat062_inv.csv,2olo_A_model_1_relaxed_repeat079,2olo_A_model_1_relaxed_repeat062,True,False,0.0,275
tau(CN),372,V,100,-169.49,-168.39,1.1000000000000227,1.1000000000000227,1.1000000000000227,0.2200889627290581,0.2189857529612399,-168.9682,-168.97,72,3,2olo_A_model_1_relaxed_repeat072_inv.csv,2olo_A_model_1_relaxed_repeat003_inv.csv,2olo_A_model_1_relaxed_repeat072,2olo_A_model_1_relaxed_repeat003,True,False,0.0,275
tau(CN),213,E,100,172.59,173.69,1.0999999999999943,1.0999999999999943,1.0999999999999943,0.32204893285262515,0.32043464232195545,173.07579999999996,173.06,35,85,2olo_A_model_1_relaxed_repeat035_inv.csv,2olo_A_model_1_relaxed_repeat085_inv.csv,2olo_A_model_1_relaxed_repeat035,2olo_A_model_1_relaxed_repeat085,True,False,0.0,277
tau(CN),312,D,100,-174.75,-173.65,1.0999999999999943,1.0999999999999943,1.0999999999999943,0.26676306969581587,0.26542590303133445,-174.24470000000002,-174.25,3,89,2olo_A_model_1_relaxed_repeat003_inv.csv,2olo_A_model_1_relaxed_repeat089_inv.csv,2olo_A_model_1_relaxed_repeat003,2olo_A_model_1_relaxed_repeat089,True,False,0.0,277
tau(AC),306,D,100,-34.45,-33.36,1.0900000000000034,1.0900000000000034,1.0900000000000034,0.26581492764247755,0.26448251359967034,-33.879,-33.845,45,100,2olo_A_model_1_relaxed_repeat045_inv.csv,2olo_A_model_1_relaxed_repeat100_inv.csv,2olo_A_model_1_relaxed_repeat045,2olo_A_model_1_relaxed_repeat100,True,False,0.0,372
tau(CN),109,A,100,174.6,175.69,1.0900000000000034,1.0900000000000034,1.0900000000000034,0.17579404271631335,0.1749128640209163,174.9257,174.92,24,20,2olo_A_model_1_relaxed_repeat024_inv.csv,2olo_A_model_1_relaxed_repeat020_inv.csv,2olo_A_model_1_relaxed_repeat024,2olo_A_model_1_relaxed_repeat020,True,False,0.0,279
tau(AC),137,R,100,-24.28,-23.19,1.0899999999999999,1.0900000000000034,1.0900000000000034,0.2247625009163715,0.22363586474445482,-23.765,-23.795,69,59,2olo_A_model_1_relaxed_repeat069_inv.csv,2olo_A_model_1_relaxed_repeat059_inv.csv,2olo_A_model_1_relaxed_repeat069,2olo_A_model_1_relaxed_repeat059,True,False,-3.552713678800501e-15,372
tau(CN),376,T,100,-179.7,179.22,358.91999999999996,1.080000000000041,1.080000000000041,35.79957296892765,35.62012535786475,174.6943,178.29,99,50,2olo_A_model_1_relaxed_repeat099_inv.csv,2olo_A_model_1_relaxed_repeat050_inv.csv,2olo_A_model_1_relaxed_repeat099,2olo_A_model_1_relaxed_repeat050,True,True,357.8399999999999,280
tau(CN),112,D,100,178.17,179.25,1.0800000000000125,1.0800000000000125,1.0800000000000125,0.27314930981890784,0.2717801317241572,178.6166,178.63,44,60,2olo_A_model_1_relaxed_repeat044_inv.csv,2olo_A_model_1_relaxed_repeat060_inv.csv,2olo_A_model_1_relaxed_repeat044,2olo_A_model_1_relaxed_repeat060,True,False,0.0,281
tau(CN),371,A,100,-170.81,-169.73,1.0800000000000125,1.0800000000000125,1.0800000000000125,0.2294586514544023,0.22830847553255693,-170.20819999999995,-170.195,23,29,2olo_A_model_1_relaxed_repeat023_inv.csv,2olo_A_model_1_relaxed_repeat029_inv.csv,2olo_A_model_1_relaxed_repeat023,2olo_A_model_1_relaxed_repeat029,True,False,0.0,281
tau(CN),126,I,100,176.58,177.66,1.079999999999984,1.079999999999984,1.079999999999984,0.2576949884470145,0.256403276110115,177.19559999999998,177.245,44,31,2olo_A_model_1_relaxed_repeat044_inv.csv,2olo_A_model_1_relaxed_repeat031_inv.csv,2olo_A_model_1_relaxed_repeat044,2olo_A_model_1_relaxed_repeat031,True,False,0.0,283
tau(CN),123,A,100,178.79,179.86,1.0700000000000216,1.0700000000000216,1.0700000000000216,0.18990630331930564,0.1889543860300683,179.29319999999998,179.27,13,39,2olo_A_model_1_relaxed_repeat013_inv.csv,2olo_A_model_1_relaxed_repeat039_inv.csv,2olo_A_model_1_relaxed_repeat013,2olo_A_model_1_relaxed_repeat039,True,False,0.0,284
tau(CN),367,C,100,175.31,176.38,1.0699999999999932,1.0699999999999932,1.0699999999999932,0.22165536539885752,0.22054430393914062,175.9239,175.92000000000002,1,83,2olo_A_model_1_relaxed_repeat001_inv.csv,2olo_A_model_1_relaxed_repeat083_inv.csv,2olo_A_model_1_relaxed_repeat001,2olo_A_model_1_relaxed_repeat083,True,False,0.0,285
tau(CN),27,G,100,177.95,179.01,1.0600000000000023,1.0600000000000023,1.0600000000000023,0.18436525012741822,0.1834411077158008,178.4244,178.425,31,72,2olo_A_model_1_relaxed_repeat031_inv.csv,2olo_A_model_1_relaxed_repeat072_inv.csv,2olo_A_model_1_relaxed_repeat031,2olo_A_model_1_relaxed_repeat072,True,False,0.0,286
tau(CN),183,A,100,-172.81,-171.75,1.0600000000000023,1.0600000000000023,1.0600000000000023,0.16640813281407496,0.16557400158237448,-172.3945,-172.4,43,45,2olo_A_model_1_relaxed_repeat043_inv.csv,2olo_A_model_1_relaxed_repeat045_inv.csv,2olo_A_model_1_relaxed_repeat043,2olo_A_model_1_relaxed_repeat045,True,False,0.0,286
tau(NA),181,P,100,-77.93,-76.87,1.0600000000000023,1.0600000000000023,1.0600000000000023,0.2402720680117991,0.23906768915936746,-77.3908,-77.41499999999999,24,72,2olo_A_model_1_relaxed_repeat024_inv.csv,2olo_A_model_1_relaxed_repeat072_inv.csv,2olo_A_model_1_relaxed_repeat024,2olo_A_model_1_relaxed_repeat072,True,False,0.0,377
tau(NA),370,L,100,-65.7,-64.64,1.0600000000000023,1.0600000000000023,1.0600000000000023,0.1938273729509079,0.19285580105353287,-65.2492,-65.26,15,61,2olo_A_model_1_relaxed_repeat015_inv.csv,2olo_A_model_1_relaxed_repeat061_inv.csv,2olo_A_model_1_relaxed_repeat015,2olo_A_model_1_relaxed_repeat061,True,False,0.0,377
tau(CN),20,A,100,173.11,174.17,1.0599999999999739,1.0599999999999739,1.0599999999999739,0.13953877850644308,0.1388393316031141,173.8558,173.86,98,90,2olo_A_model_1_relaxed_repeat098_inv.csv,2olo_A_model_1_relaxed_repeat090_inv.csv,2olo_A_model_1_relaxed_repeat098,2olo_A_model_1_relaxed_repeat090,True,False,0.0,288
tau(CN),89,S,100,-179.77,179.17,358.94,1.0599999999999454,1.0599999999999454,50.0995286777967,49.84840163937054,169.18199999999996,176.2,85,75,2olo_A_model_1_relaxed_repeat085_inv.csv,2olo_A_model_1_relaxed_repeat075_inv.csv,2olo_A_model_1_relaxed_repeat085,2olo_A_model_1_relaxed_repeat075,True,True,357.88000000000005,289
tau(AC),347,K,100,-11.27,-10.22,1.049999999999999,1.0500000000000114,1.0500000000000114,0.2510188531693678,0.24976060538043224,-10.795799999999996,-10.795,27,35,2olo_A_model_1_relaxed_repeat027_inv.csv,2olo_A_model_1_relaxed_repeat035_inv.csv,2olo_A_model_1_relaxed_repeat027,2olo_A_model_1_relaxed_repeat035,True,False,-1.2434497875801753e-14,374
tau(CN),137,R,100,175.61,176.66,1.049999999999983,1.049999999999983,1.049999999999983,0.2181649825154343,0.21707141681944253,176.16800000000006,176.15,8,35,2olo_A_model_1_relaxed_repeat008_inv.csv,2olo_A_model_1_relaxed_repeat035_inv.csv,2olo_A_model_1_relaxed_repeat008,2olo_A_model_1_relaxed_repeat035,True,False,0.0,290
tau(CN),105,S,100,174.2,175.24,1.0400000000000205,1.0400000000000205,1.0400000000000205,0.21386071177381816,0.21278872150562886,174.75640000000004,174.785,54,16,2olo_A_model_1_relaxed_repeat054_inv.csv,2olo_A_model_1_relaxed_repeat016_inv.csv,2olo_A_model_1_relaxed_repeat054,2olo_A_model_1_relaxed_repeat016,True,False,0.0,291
tau(AC),69,L,100,-48.84,-47.8,1.0400000000000063,1.0400000000000205,1.0400000000000205,0.2034817143647267,0.20246174947382073,-48.18820000000001,-48.19,92,81,2olo_A_model_1_relaxed_repeat092_inv.csv,2olo_A_model_1_relaxed_repeat081_inv.csv,2olo_A_model_1_relaxed_repeat092,2olo_A_model_1_relaxed_repeat081,True,False,-1.4210854715202004e-14,375
tau(AC),213,E,100,-42.95,-41.91,1.0400000000000063,1.0400000000000205,1.0400000000000205,0.16659013394337852,0.1657550904195707,-42.31750000000001,-42.33,86,42,2olo_A_model_1_relaxed_repeat086_inv.csv,2olo_A_model_1_relaxed_repeat042_inv.csv,2olo_A_model_1_relaxed_repeat086,2olo_A_model_1_relaxed_repeat042,True,False,-1.4210854715202004e-14,375
tau(AC),6,D,100,-43.36,-42.32,1.0399999999999991,1.039999999999992,1.039999999999992,0.20640968871629983,0.20537504716980637,-42.809699999999985,-42.825,61,50,2olo_A_model_1_relaxed_repeat061_inv.csv,2olo_A_model_1_relaxed_repeat050_inv.csv,2olo_A_model_1_relaxed_repeat061,2olo_A_model_1_relaxed_repeat050,True,False,7.105427357601002e-15,377
tau(AC),164,Q,100,-44.76,-43.72,1.0399999999999991,1.039999999999992,1.039999999999992,0.23209147882991032,0.23092810569525782,-44.2539,-44.26,14,47,2olo_A_model_1_relaxed_repeat014_inv.csv,2olo_A_model_1_relaxed_repeat047_inv.csv,2olo_A_model_1_relaxed_repeat014,2olo_A_model_1_relaxed_repeat047,True,False,7.105427357601002e-15,377
tau(NA),183,A,100,-59.57,-58.53,1.0399999999999991,1.039999999999992,1.039999999999992,0.2578773296971198,0.2565847033632361,-59.06269999999999,-59.1,44,65,2olo_A_model_1_relaxed_repeat044_inv.csv,2olo_A_model_1_relaxed_repeat065_inv.csv,2olo_A_model_1_relaxed_repeat044,2olo_A_model_1_relaxed_repeat065,True,False,7.105427357601002e-15,379
tau(CN),216,G,100,-179.76,179.2,358.96,1.0399999999999636,1.0399999999999636,35.60814901398303,35.42966092753359,172.6316,176.005,98,54,2olo_A_model_1_relaxed_repeat098_inv.csv,2olo_A_model_1_relaxed_repeat054_inv.csv,2olo_A_model_1_relaxed_repeat098,2olo_A_model_1_relaxed_repeat054,True,True,357.92,292
tau(CN),50,R,100,-179.77,179.2,358.97,1.0299999999999727,1.0299999999999727,35.598350748314175,35.41991177628765,172.56239999999997,175.945,85,22,2olo_A_model_1_relaxed_repeat085_inv.csv,2olo_A_model_1_relaxed_repeat022_inv.csv,2olo_A_model_1_relaxed_repeat085,2olo_A_model_1_relaxed_repeat022,True,True,357.94000000000005,293
tau(CN),329,P,100,-179.84,179.13,358.97,1.0299999999999727,1.0299999999999727,77.73627300798333,77.34661505043384,157.8332,174.72,75,72,2olo_A_model_1_relaxed_repeat075_inv.csv,2olo_A_model_1_relaxed_repeat072_inv.csv,2olo_A_model_1_relaxed_repeat075,2olo_A_model_1_relaxed_repeat072,True,True,357.94000000000005,293
tau(CN),38,F,100,-179.4,179.58,358.98,1.0199999999999818,1.0199999999999818,35.838815675891205,35.659171358291545,-175.2098,-178.815,70,2,2olo_A_model_1_relaxed_repeat070_inv.csv,2olo_A_model_1_relaxed_repeat002_inv.csv,2olo_A_model_1_relaxed_repeat070,2olo_A_model_1_relaxed_repeat002,True,True,357.96000000000004,295
tau(CN),5,Y,100,171.08,172.1,1.0199999999999818,1.0199999999999818,1.0199999999999818,0.22143343847930333,0.2203234894422284,171.5934,171.6,94,76,2olo_A_model_1_relaxed_repeat094_inv.csv,2olo_A_model_1_relaxed_repeat076_inv.csv,2olo_A_model_1_relaxed_repeat094,2olo_A_model_1_relaxed_repeat076,True,False,0.0,295
tau(AC),7,V,100,135.51,136.52,1.0100000000000193,1.0100000000000193,1.0100000000000193,0.18728965305487194,0.18635085188965508,135.96560000000002,135.965,76,65,2olo_A_model_1_relaxed_repeat076_inv.csv,2olo_A_model_1_relaxed_repeat065_inv.csv,2olo_A_model_1_relaxed_repeat076,2olo_A_model_1_relaxed_repeat065,True,False,0.0,379
tau(CN),187,S,100,-177.63,-176.62,1.009999999999991,1.009999999999991,1.009999999999991,0.18046236911518782,0.17955779014010956,-177.18099999999998,-177.195,81,84,2olo_A_model_1_relaxed_repeat081_inv.csv,2olo_A_model_1_relaxed_repeat084_inv.csv,2olo_A_model_1_relaxed_repeat081,2olo_A_model_1_relaxed_repeat084,True,False,0.0,297
tau(CN),147,G,100,-179.12,179.88,359.0,1.0,1.0,50.05289520995753,49.80200192472186,169.59770000000003,176.745,6,41,2olo_A_model_1_relaxed_repeat006_inv.csv,2olo_A_model_1_relaxed_repeat041_inv.csv,2olo_A_model_1_relaxed_repeat006,2olo_A_model_1_relaxed_repeat041,True,True,358.0,298
tau(CN),6,D,100,178.63,179.63,1.0,1.0,1.0,0.19632492136118382,0.195340830345323,179.1814,179.19,65,52,2olo_A_model_1_relaxed_repeat065_inv.csv,2olo_A_model_1_relaxed_repeat052_inv.csv,2olo_A_model_1_relaxed_repeat065,2olo_A_model_1_relaxed_repeat052,True,False,0.0,298
tau(NA),21,W,100,-60.25,-59.25,1.0,1.0,1.0,0.18070219375614327,0.17979641264496887,-59.8275,-59.845,95,16,2olo_A_model_1_relaxed_repeat095_inv.csv,2olo_A_model_1_relaxed_repeat016_inv.csv,2olo_A_model_1_relaxed_repeat095,2olo_A_model_1_relaxed_repeat016,True,False,0.0,380
tau(AC),370,L,100,-31.46,-30.47,0.990000000000002,0.9900000000000091,0.9900000000000091,0.2115373978923602,0.2104770533811228,-31.037099999999995,-31.055,55,59,2olo_A_model_1_relaxed_repeat055_inv.csv,2olo_A_model_1_relaxed_repeat059_inv.csv,2olo_A_model_1_relaxed_repeat055,2olo_A_model_1_relaxed_repeat059,True,False,-7.105427357601002e-15,380
tau(AC),303,W,100,-42.62,-41.63,0.9899999999999949,0.9900000000000091,0.9900000000000091,0.2172829463807015,0.2161938019463093,-41.976800000000004,-41.945,72,81,2olo_A_model_1_relaxed_repeat072_inv.csv,2olo_A_model_1_relaxed_repeat081_inv.csv,2olo_A_model_1_relaxed_repeat072,2olo_A_model_1_relaxed_repeat081,True,False,-1.4210854715202004e-14,380
tau(CN),311,V,100,168.93,169.91,0.9799999999999898,0.9799999999999898,0.9799999999999898,0.20308976967207007,0.20207176942858673,169.37499999999997,169.38,16,68,2olo_A_model_1_relaxed_repeat016_inv.csv,2olo_A_model_1_relaxed_repeat068_inv.csv,2olo_A_model_1_relaxed_repeat016,2olo_A_model_1_relaxed_repeat068,True,False,0.0,300
tau(CN),153,R,100,172.07,173.04,0.9699999999999989,0.9699999999999989,0.9699999999999989,0.2123646568399449,0.2113001656412036,172.56320000000002,172.58,2,13,2olo_A_model_1_relaxed_repeat002_inv.csv,2olo_A_model_1_relaxed_repeat013_inv.csv,2olo_A_model_1_relaxed_repeat002,2olo_A_model_1_relaxed_repeat013,True,False,0.0,301
tau(NA),165,A,100,-65.28,-64.32,0.960000000000008,0.960000000000008,0.960000000000008,0.23240281992065168,0.23123788616920052,-64.7648,-64.75999999999999,92,74,2olo_A_model_1_relaxed_repeat092_inv.csv,2olo_A_model_1_relaxed_repeat074_inv.csv,2olo_A_model_1_relaxed_repeat092,2olo_A_model_1_relaxed_repeat074,True,False,0.0,381
tau(CN),7,V,100,162.96,163.92,0.9599999999999795,0.9599999999999795,0.9599999999999795,0.15179315404905894,0.1510322813176035,163.62250000000003,163.64,15,36,2olo_A_model_1_relaxed_repeat015_inv.csv,2olo_A_model_1_relaxed_repeat036_inv.csv,2olo_A_model_1_relaxed_repeat015,2olo_A_model_1_relaxed_repeat036,True,False,0.0,302
tau(CN),32,V,100,174.3,175.26,0.9599999999999795,0.9599999999999795,0.9599999999999795,0.1900479471665547,0.18909531987862457,174.61359999999996,174.6,82,44,2olo_A_model_1_relaxed_repeat082_inv.csv,2olo_A_model_1_relaxed_repeat044_inv.csv,2olo_A_model_1_relaxed_repeat082,2olo_A_model_1_relaxed_repeat044,True,False,0.0,302
tau(CN),43,G,100,-179.37,179.68,359.05,0.9500000000000455,0.9500000000000455,77.21254826023024,76.82551550591769,156.8575,173.89499999999998,21,89,2olo_A_model_1_relaxed_repeat021_inv.csv,2olo_A_model_1_relaxed_repeat089_inv.csv,2olo_A_model_1_relaxed_repeat021,2olo_A_model_1_relaxed_repeat089,True,True,358.09999999999997,304
tau(CN),140,E,100,-179.09,179.96,359.05,0.9500000000000455,0.9500000000000455,172.53704590436234,171.67219311032872,-27.708700000000007,-173.03500000000003,55,33,2olo_A_model_1_relaxed_repeat055_inv.csv,2olo_A_model_1_relaxed_repeat033_inv.csv,2olo_A_model_1_relaxed_repeat055,2olo_A_model_1_relaxed_repeat033,True,True,358.09999999999997,304
tau(CN),26,R,100,176.26,177.21,0.950000000000017,0.950000000000017,0.950000000000017,0.1510615300418532,0.1503043246217482,176.7931,176.81,46,97,2olo_A_model_1_relaxed_repeat046_inv.csv,2olo_A_model_1_relaxed_repeat097_inv.csv,2olo_A_model_1_relaxed_repeat046,2olo_A_model_1_relaxed_repeat097,True,False,0.0,306
tau(CN),130,F,100,172.11,173.06,0.9499999999999886,0.9499999999999886,0.9499999999999886,0.2034951914156509,0.20247515897017954,172.50910000000005,172.5,55,77,2olo_A_model_1_relaxed_repeat055_inv.csv,2olo_A_model_1_relaxed_repeat077_inv.csv,2olo_A_model_1_relaxed_repeat055,2olo_A_model_1_relaxed_repeat077,True,False,0.0,307
tau(CN),373,E,100,-179.2,-178.25,0.9499999999999886,0.9499999999999886,0.9499999999999886,0.16968714527838247,0.16883657779047645,-178.8489,-178.86,48,14,2olo_A_model_1_relaxed_repeat048_inv.csv,2olo_A_model_1_relaxed_repeat014_inv.csv,2olo_A_model_1_relaxed_repeat048,2olo_A_model_1_relaxed_repeat014,True,False,0.0,307
tau(CN),181,P,100,173.37,174.3,0.9300000000000068,0.9300000000000068,0.9300000000000068,0.17876147981784754,0.1778654266573469,173.72330000000002,173.69,100,74,2olo_A_model_1_relaxed_repeat100_inv.csv,2olo_A_model_1_relaxed_repeat074_inv.csv,2olo_A_model_1_relaxed_repeat100,2olo_A_model_1_relaxed_repeat074,True,False,0.0,309
tau(AC),163,A,100,-47.79,-46.86,0.9299999999999997,0.9300000000000068,0.9300000000000068,0.17570576300029295,0.17482502681252465,-47.35109999999999,-47.364999999999995,43,90,2olo_A_model_1_relaxed_repeat043_inv.csv,2olo_A_model_1_relaxed_repeat090_inv.csv,2olo_A_model_1_relaxed_repeat043,2olo_A_model_1_relaxed_repeat090,True,False,-7.105427357601002e-15,382
tau(NA),136,P,100,-50.6,-49.67,0.9299999999999997,0.9300000000000068,0.9300000000000068,0.16587262363852345,0.1650411766802454,-50.11290000000001,-50.12,16,8,2olo_A_model_1_relaxed_repeat016_inv.csv,2olo_A_model_1_relaxed_repeat008_inv.csv,2olo_A_model_1_relaxed_repeat016,2olo_A_model_1_relaxed_repeat008,True,False,-7.105427357601002e-15,382
tau(NA),303,W,100,-62.1,-61.17,0.9299999999999997,0.9300000000000068,0.9300000000000068,0.18162298613036035,0.18071258948949842,-61.5264,-61.54,56,84,2olo_A_model_1_relaxed_repeat056_inv.csv,2olo_A_model_1_relaxed_repeat084_inv.csv,2olo_A_model_1_relaxed_repeat056,2olo_A_model_1_relaxed_repeat084,True,False,-7.105427357601002e-15,382
tau(CN),166,A,100,175.59,176.51,0.9199999999999875,0.9199999999999875,0.9199999999999875,0.181486677586576,0.1805769642008627,176.10859999999997,176.09,90,76,2olo_A_model_1_relaxed_repeat090_inv.csv,2olo_A_model_1_relaxed_repeat076_inv.csv,2olo_A_model_1_relaxed_repeat090,2olo_A_model_1_relaxed_repeat076,True,False,0.0,310
tau(CN),214,P,100,175.56,176.48,0.9199999999999875,0.9199999999999875,0.9199999999999875,0.16057019610995052,0.15976532790314701,175.88479999999998,175.88,54,55,2olo_A_model_1_relaxed_repeat054_inv.csv,2olo_A_model_1_relaxed_repeat055_inv.csv,2olo_A_model_1_relaxed_repeat054,2olo_A_model_1_relaxed_repeat055,True,False,0.0,310
tau(NA),7,V,100,-133.36,-132.45,0.910000000000025,0.910000000000025,0.910000000000025,0.19579508975384735,0.1948136545522412,-132.93420000000003,-132.94,58,44,2olo_A_model_1_relaxed_repeat058_inv.csv,2olo_A_model_1_relaxed_repeat044_inv.csv,2olo_A_model_1_relaxed_repeat058,2olo_A_model_1_relaxed_repeat044,True,False,0.0,384
tau(CN),368,A,100,174.98,175.89,0.9099999999999966,0.9099999999999966,0.9099999999999966,0.1740977027447806,0.1732250270601794,175.4853,175.495,72,11,2olo_A_model_1_relaxed_repeat072_inv.csv,2olo_A_model_1_relaxed_repeat011_inv.csv,2olo_A_model_1_relaxed_repeat072,2olo_A_model_1_relaxed_repeat011,True,False,0.0,312
tau(AC),368,A,100,-43.38,-42.48,0.9000000000000057,0.9000000000000057,0.9000000000000057,0.15827083295938218,0.15747749045498563,-43.00779999999999,-43.0,70,72,2olo_A_model_1_relaxed_repeat070_inv.csv,2olo_A_model_1_relaxed_repeat072_inv.csv,2olo_A_model_1_relaxed_repeat070,2olo_A_model_1_relaxed_repeat072,True,False,0.0,383
tau(CN),135,L,100,168.64,169.54,0.9000000000000057,0.9000000000000057,0.9000000000000057,0.17836550262102951,0.17747143432113224,169.08829999999998,169.09,95,99,2olo_A_model_1_relaxed_repeat095_inv.csv,2olo_A_model_1_relaxed_repeat099_inv.csv,2olo_A_model_1_relaxed_repeat095,2olo_A_model_1_relaxed_repeat099,True,False,0.0,313
tau(NA),374,D,100,57.86,58.76,0.8999999999999986,0.9000000000000057,0.9000000000000057,0.19358069337742562,0.19261035797692716,58.28049999999999,58.27,14,54,2olo_A_model_1_relaxed_repeat014_inv.csv,2olo_A_model_1_relaxed_repeat054_inv.csv,2olo_A_model_1_relaxed_repeat014,2olo_A_model_1_relaxed_repeat054,True,False,-7.105427357601002e-15,385
tau(CN),162,L,100,174.19,175.08,0.8900000000000148,0.8900000000000148,0.8900000000000148,0.1444072174250464,0.14368336716544536,174.7303,174.745,90,86,2olo_A_model_1_relaxed_repeat090_inv.csv,2olo_A_model_1_relaxed_repeat086_inv.csv,2olo_A_model_1_relaxed_repeat090,2olo_A_model_1_relaxed_repeat086,True,False,0.0,314
tau(CN),167,G,100,173.02,173.91,0.8899999999999864,0.8899999999999864,0.8899999999999864,0.1941648523780497,0.19319158884382087,173.46509999999998,173.45,85,74,2olo_A_model_1_relaxed_repeat085_inv.csv,2olo_A_model_1_relaxed_repeat074_inv.csv,2olo_A_model_1_relaxed_repeat085,2olo_A_model_1_relaxed_repeat074,True,False,0.0,315
tau(CN),190,T,100,168.58,169.47,0.8899999999999864,0.8899999999999864,0.8899999999999864,0.16962227793458368,0.1687720355983182,168.986,168.985,81,92,2olo_A_model_1_relaxed_repeat081_inv.csv,2olo_A_model_1_relaxed_repeat092_inv.csv,2olo_A_model_1_relaxed_repeat081,2olo_A_model_1_relaxed_repeat092,True,False,0.0,315
tau(CN),289,T,100,-169.25,-168.36,0.8899999999999864,0.8899999999999864,0.8899999999999864,0.16839707763965403,0.16755297669692387,-168.764,-168.77,59,89,2olo_A_model_1_relaxed_repeat059_inv.csv,2olo_A_model_1_relaxed_repeat089_inv.csv,2olo_A_model_1_relaxed_repeat059,2olo_A_model_1_relaxed_repeat089,True,False,0.0,315
tau(NA),304,L,100,-63.68,-62.8,0.8800000000000026,0.8799999999999955,0.8799999999999955,0.19767834295321093,0.1966874678264988,-63.189799999999984,-63.195,81,78,2olo_A_model_1_relaxed_repeat081_inv.csv,2olo_A_model_1_relaxed_repeat078_inv.csv,2olo_A_model_1_relaxed_repeat081,2olo_A_model_1_relaxed_repeat078,True,False,7.105427357601002e-15,386
tau(CN),199,K,100,172.09,172.96,0.8700000000000045,0.8700000000000045,0.8700000000000045,0.1776750808172999,0.17678447330011682,172.61549999999997,172.625,67,97,2olo_A_model_1_relaxed_repeat067_inv.csv,2olo_A_model_1_relaxed_repeat097_inv.csv,2olo_A_model_1_relaxed_repeat067,2olo_A_model_1_relaxed_repeat097,True,False,0.0,318
tau(CN),282,L,100,170.97,171.84,0.8700000000000045,0.8700000000000045,0.8700000000000045,0.1753702000646265,0.17449114590717793,171.46779999999995,171.48,89,62,2olo_A_model_1_relaxed_repeat089_inv.csv,2olo_A_model_1_relaxed_repeat062_inv.csv,2olo_A_model_1_relaxed_repeat089,2olo_A_model_1_relaxed_repeat062,True,False,0.0,318
tau(CN),303,W,100,175.33,176.17,0.839999999999975,0.839999999999975,0.839999999999975,0.1561807745640741,0.15539790860883487,175.6407,175.64,70,5,2olo_A_model_1_relaxed_repeat070_inv.csv,2olo_A_model_1_relaxed_repeat005_inv.csv,2olo_A_model_1_relaxed_repeat070,2olo_A_model_1_relaxed_repeat005,True,False,0.0,320
tau(NA),164,Q,100,-62.69,-61.86,0.8299999999999983,0.8299999999999841,0.8299999999999841,0.19011137086806065,0.1891584256648378,-62.25529999999999,-62.24,38,44,2olo_A_model_1_relaxed_repeat038_inv.csv,2olo_A_model_1_relaxed_repeat044_inv.csv,2olo_A_model_1_relaxed_repeat038,2olo_A_model_1_relaxed_repeat044,True,False,1.4210854715202004e-14,387
tau(AC),126,I,100,-50.24,-49.42,0.8200000000000003,0.8199999999999932,0.8199999999999932,0.16608091006153808,0.16524841905446483,-49.796400000000006,-49.785,91,83,2olo_A_model_1_relaxed_repeat091_inv.csv,2olo_A_model_1_relaxed_repeat083_inv.csv,2olo_A_model_1_relaxed_repeat091,2olo_A_model_1_relaxed_repeat083,True,False,7.105427357601002e-15,384
tau(AC),373,E,100,2.77,3.59,0.8199999999999998,0.8199999999999932,0.8199999999999932,0.17891999227689354,0.17802314456272256,3.1676000000000006,3.16,45,97,2olo_A_model_1_relaxed_repeat045_inv.csv,2olo_A_model_1_relaxed_repeat097_inv.csv,2olo_A_model_1_relaxed_repeat045,2olo_A_model_1_relaxed_repeat097,True,False,6.661338147750939e-15,384
tau(CN),108,A,100,173.76,174.56,0.8000000000000114,0.8000000000000114,0.8000000000000114,0.1745313783255098,0.17365652881478488,174.09709999999998,174.08,44,35,2olo_A_model_1_relaxed_repeat044_inv.csv,2olo_A_model_1_relaxed_repeat035_inv.csv,2olo_A_model_1_relaxed_repeat044,2olo_A_model_1_relaxed_repeat035,True,False,0.0,321
tau(CN),180,V,100,175.2,175.96,0.7600000000000193,0.7600000000000193,0.7600000000000193,0.15865915439308012,0.15786386540307432,175.569,175.57999999999998,16,74,2olo_A_model_1_relaxed_repeat016_inv.csv,2olo_A_model_1_relaxed_repeat074_inv.csv,2olo_A_model_1_relaxed_repeat016,2olo_A_model_1_relaxed_repeat074,True,False,0.0,322
tau(CN),191,D,100,-179.3,-178.54,0.7600000000000193,0.7600000000000193,0.7600000000000193,0.17907424677654213,0.17817662585199004,-178.9547,-178.935,4,48,2olo_A_model_1_relaxed_repeat004_inv.csv,2olo_A_model_1_relaxed_repeat048_inv.csv,2olo_A_model_1_relaxed_repeat004,2olo_A_model_1_relaxed_repeat048,True,False,0.0,322
tau(CN),193,G,100,-179.42,179.82,359.24,0.7599999999999909,0.7599999999999909,155.65333934903245,154.8731171959808,89.35000000000002,178.70499999999998,100,10,2olo_A_model_1_relaxed_repeat100_inv.csv,2olo_A_model_1_relaxed_repeat010_inv.csv,2olo_A_model_1_relaxed_repeat100,2olo_A_model_1_relaxed_repeat010,True,True,358.48,324
tau(CN),284,H,100,-179.58,179.66,359.24,0.7599999999999909,0.7599999999999909,170.99407594428646,170.13695738422032,54.200199999999995,178.81,20,91,2olo_A_model_1_relaxed_repeat020_inv.csv,2olo_A_model_1_relaxed_repeat091_inv.csv,2olo_A_model_1_relaxed_repeat020,2olo_A_model_1_relaxed_repeat091,True,True,358.48,324
tau(CN),341,L,100,-179.91,179.33,359.24,0.7599999999999909,0.7599999999999909,35.55291058777926,35.3746993874153,-171.34249999999997,-175.74,54,43,2olo_A_model_1_relaxed_repeat054_inv.csv,2olo_A_model_1_relaxed_repeat043_inv.csv,2olo_A_model_1_relaxed_repeat054,2olo_A_model_1_relaxed_repeat043,True,True,358.48,324
tau(CN),28,H,100,173.99,174.75,0.7599999999999909,0.7599999999999909,0.7599999999999909,0.16360879678011864,0.16278869739634805,174.41279999999998,174.41,98,78,2olo_A_model_1_relaxed_repeat098_inv.csv,2olo_A_model_1_relaxed_repeat078_inv.csv,2olo_A_model_1_relaxed_repeat098,2olo_A_model_1_relaxed_repeat078,True,False,0.0,324
tau(CN),198,G,100,169.66,170.42,0.7599999999999909,0.7599999999999909,0.7599999999999909,0.15693693644327977,0.15615028017906346,170.04469999999998,170.025,54,49,2olo_A_model_1_relaxed_repeat054_inv.csv,2olo_A_model_1_relaxed_repeat049_inv.csv,2olo_A_model_1_relaxed_repeat054,2olo_A_model_1_relaxed_repeat049,True,False,0.0,324
tau(CN),370,L,100,-179.82,-179.06,0.7599999999999909,0.7599999999999909,0.7599999999999909,0.1438666610497927,0.14314552036302003,-179.50440000000003,-179.505,88,1,2olo_A_model_1_relaxed_repeat088_inv.csv,2olo_A_model_1_relaxed_repeat001_inv.csv,2olo_A_model_1_relaxed_repeat088,2olo_A_model_1_relaxed_repeat001,True,False,0.0,324
tau(CN),226,M,100,-179.56,179.71,359.27,0.7300000000000182,0.7300000000000182,35.820784561847084,35.64123062634061,175.00880000000004,178.715,9,5,2olo_A_model_1_relaxed_repeat009_inv.csv,2olo_A_model_1_relaxed_repeat005_inv.csv,2olo_A_model_1_relaxed_repeat009,2olo_A_model_1_relaxed_repeat005,True,True,358.53999999999996,330
tau(CN),22,Q,100,176.75,177.48,0.7299999999999898,0.7299999999999898,0.7299999999999898,0.14827557608941067,0.14753233543871036,177.0761,177.08,27,80,2olo_A_model_1_relaxed_repeat027_inv.csv,2olo_A_model_1_relaxed_repeat080_inv.csv,2olo_A_model_1_relaxed_repeat027,2olo_A_model_1_relaxed_repeat080,True,False,0.0,331
tau(CN),70,P,100,178.72,179.42,0.6999999999999886,0.6999999999999886,0.6999999999999886,0.15072682494358958,0.14997129725384034,179.0769,179.075,75,10,2olo_A_model_1_relaxed_repeat075_inv.csv,2olo_A_model_1_relaxed_repeat010_inv.csv,2olo_A_model_1_relaxed_repeat075,2olo_A_model_1_relaxed_repeat010,True,False,0.0,332
tau(NA),345,G,100,-62.25,-61.57,0.6799999999999997,0.6800000000000068,0.6800000000000068,0.15951302153869454,0.15871345248591875,-61.8698,-61.84,39,21,2olo_A_model_1_relaxed_repeat039_inv.csv,2olo_A_model_1_relaxed_repeat021_inv.csv,2olo_A_model_1_relaxed_repeat039,2olo_A_model_1_relaxed_repeat021,True,False,-7.105427357601002e-15,388
tau(CN),340,D,100,-179.88,179.46,359.34000000000003,0.6599999999999682,0.6599999999999682,70.28326787703277,69.93096857644687,-163.67860000000002,-177.805,15,43,2olo_A_model_1_relaxed_repeat015_inv.csv,2olo_A_model_1_relaxed_repeat043_inv.csv,2olo_A_model_1_relaxed_repeat015,2olo_A_model_1_relaxed_repeat043,True,True,358.68000000000006,333
tau(CN),163,A,100,177.39,178.04,0.6500000000000057,0.6500000000000057,0.6500000000000057,0.1180865544566115,0.11749463817553518,177.68490000000003,177.69,27,40,2olo_A_model_1_relaxed_repeat027_inv.csv,2olo_A_model_1_relaxed_repeat040_inv.csv,2olo_A_model_1_relaxed_repeat027,2olo_A_model_1_relaxed_repeat040,True,False,0.0,334
tau(CN),304,L,100,175.63,176.23,0.5999999999999943,0.5999999999999943,0.5999999999999943,0.12330155200674574,0.12268349522246057,175.94740000000002,175.95,99,25,2olo_A_model_1_relaxed_repeat099_inv.csv,2olo_A_model_1_relaxed_repeat025_inv.csv,2olo_A_model_1_relaxed_repeat099,2olo_A_model_1_relaxed_repeat025,True,False,0.0,335
tau(CN),136,P,100,-170.87,-170.28,0.5900000000000034,0.5900000000000034,0.5900000000000034,0.11720219083000821,0.11661470747723088,-170.53490000000002,-170.53,43,72,2olo_A_model_1_relaxed_repeat043_inv.csv,2olo_A_model_1_relaxed_repeat072_inv.csv,2olo_A_model_1_relaxed_repeat043,2olo_A_model_1_relaxed_repeat072,True,False,0.0,336
tau(CN),182,D,100,-178.76,-178.18,0.5799999999999841,0.5799999999999841,0.5799999999999841,0.11823529869960915,0.11764263682865977,-178.45610000000005,-178.465,98,84,2olo_A_model_1_relaxed_repeat098_inv.csv,2olo_A_model_1_relaxed_repeat084_inv.csv,2olo_A_model_1_relaxed_repeat098,2olo_A_model_1_relaxed_repeat084,True,False,0.0,337
tau(CN),245,A,100,-179.9,179.55,359.45000000000005,0.5499999999999545,0.5499999999999545,102.91827851374275,102.40239416981422,146.2223,178.35,93,95,2olo_A_model_1_relaxed_repeat093_inv.csv,2olo_A_model_1_relaxed_repeat095_inv.csv,2olo_A_model_1_relaxed_repeat093,2olo_A_model_1_relaxed_repeat095,True,True,358.9000000000001,338
tau(CN),164,Q,100,178.23,178.74,0.5100000000000193,0.5100000000000193,0.5100000000000193,0.12542819588606355,0.12479947916558147,178.4747,178.47,5,47,2olo_A_model_1_relaxed_repeat005_inv.csv,2olo_A_model_1_relaxed_repeat047_inv.csv,2olo_A_model_1_relaxed_repeat005,2olo_A_model_1_relaxed_repeat047,True,False,0.0,339
tau(CN),300,L,100,-179.55,179.96,359.51,0.4900000000000091,0.4900000000000091,175.14671674517956,174.26878281192532,39.424499999999995,178.115,64,33,2olo_A_model_1_relaxed_repeat064_inv.csv,2olo_A_model_1_relaxed_repeat033_inv.csv,2olo_A_model_1_relaxed_repeat064,2olo_A_model_1_relaxed_repeat033,True,True,359.02,340
tau(CN),165,A,100,173.64,174.13,0.4900000000000091,0.4900000000000091,0.4900000000000091,0.09446772737369875,0.0939942019488434,173.88530000000003,173.87,70,6,2olo_A_model_1_relaxed_repeat070_inv.csv,2olo_A_model_1_relaxed_repeat006_inv.csv,2olo_A_model_1_relaxed_repeat070,2olo_A_model_1_relaxed_repeat006,True,False,0.0,340
tau(CN),266,A,100,-179.92,179.64,359.55999999999995,0.44000000000005457,0.44000000000005457,174.6933188308915,173.81765758319835,-26.4827,-176.695,94,91,2olo_A_model_1_relaxed_repeat094_inv.csv,2olo_A_model_1_relaxed_repeat091_inv.csv,2olo_A_model_1_relaxed_repeat094,2olo_A_model_1_relaxed_repeat091,True,True,359.1199999999999,342
tau(CN),52,W,100,-179.97,179.6,359.57,0.43000000000006366,0.43000000000006366,126.73187447628449,126.09662298487616,-122.84590000000001,-175.945,21,8,2olo_A_model_1_relaxed_repeat021_inv.csv,2olo_A_model_1_relaxed_repeat008_inv.csv,2olo_A_model_1_relaxed_repeat021,2olo_A_model_1_relaxed_repeat008,True,True,359.13999999999993,343
tau(CN),80,E,100,-179.63,179.96,359.59000000000003,0.40999999999996817,0.40999999999996817,50.083350098923226,49.8323041566412,-169.52379999999997,-176.25,45,10,2olo_A_model_1_relaxed_repeat045_inv.csv,2olo_A_model_1_relaxed_repeat010_inv.csv,2olo_A_model_1_relaxed_repeat045,2olo_A_model_1_relaxed_repeat010,True,True,359.18000000000006,344
tau(AC),319,S,100,-179.9,179.76,359.65999999999997,0.34000000000003183,0.34000000000003183,145.04505006679403,144.31800263096076,101.68310000000001,175.25,71,44,2olo_A_model_1_relaxed_repeat071_inv.csv,2olo_A_model_1_relaxed_repeat044_inv.csv,2olo_A_model_1_relaxed_repeat071,2olo_A_model_1_relaxed_repeat044,True,True,359.31999999999994,386
tau(CN),210,D,100,-179.89,179.79,359.67999999999995,0.32000000000005,0.32000000000005,35.920340960761685,35.74028799254421,-175.8139,-179.405,82,81,2olo_A_model_1_relaxed_repeat082_inv.csv,2olo_A_model_1_relaxed_repeat081_inv.csv,2olo_A_model_1_relaxed_repeat082,2olo_A_model_1_relaxed_repeat081,True,True,359.3599999999999,345
tau(AC),43,G,100,-179.86,179.86,359.72,0.2799999999999727,0.2799999999999727,49.074634242244755,48.828644551635875,-156.38549999999998,-167.64499999999998,41,90,2olo_A_model_1_relaxed_repeat041_inv.csv,2olo_A_model_1_relaxed_repeat090_inv.csv,2olo_A_model_1_relaxed_repeat041,2olo_A_model_1_relaxed_repeat090,True,True,359.44000000000005,387
tau(CN),219,L,100,-179.8,179.93,359.73,0.2699999999999818,0.2699999999999818,61.222433126504306,60.91555182997195,166.58149999999998,177.48,2,36,2olo_A_model_1_relaxed_repeat002_inv.csv,2olo_A_model_1_relaxed_repeat036_inv.csv,2olo_A_model_1_relaxed_repeat002,2olo_A_model_1_relaxed_repeat036,True,True,359.46000000000004,346
tau(CN),14,P,100,-179.89,179.85,359.74,0.2599999999999909,0.2599999999999909,50.47362478512411,50.220622566431814,171.88519999999997,179.39,40,43,2olo_A_model_1_relaxed_repeat040_inv.csv,2olo_A_model_1_relaxed_repeat043_inv.csv,2olo_A_model_1_relaxed_repeat040,2olo_A_model_1_relaxed_repeat043,True,True,359.48,347
tau(CN),362,L,100,-179.92,179.82,359.74,0.2599999999999909,0.2599999999999909,35.91573905516615,35.73570915428991,175.6318,179.275,68,2,2olo_A_model_1_relaxed_repeat068_inv.csv,2olo_A_model_1_relaxed_repeat002_inv.csv,2olo_A_model_1_relaxed_repeat068,2olo_A_model_1_relaxed_repeat002,True,True,359.48,347
tau(CN),384,A,100,-179.99,179.76,359.75,0.25,0.25,133.92581487905983,133.25450330893136,117.24829999999999,177.035,43,35,2olo_A_model_1_relaxed_repeat043_inv.csv,2olo_A_model_1_relaxed_repeat035_inv.csv,2olo_A_model_1_relaxed_repeat043,2olo_A_model_1_relaxed_repeat035,True,True,359.5,349
tau(CN),21,W,100,-179.91,179.88,359.78999999999996,0.21000000000003638,0.21000000000003638,35.94933247733059,35.76913418731294,-176.01569999999995,-179.615,17,90,2olo_A_model_1_relaxed_repeat017_inv.csv,2olo_A_model_1_relaxed_repeat090_inv.csv,2olo_A_model_1_relaxed_repeat017,2olo_A_model_1_relaxed_repeat090,True,True,359.5799999999999,350
tau(CN),145,P,100,-179.98,179.82,359.79999999999995,0.20000000000004547,0.20000000000004547,78.5108000329132,78.11725970993862,160.87210000000002,178.81,11,57,2olo_A_model_1_relaxed_repeat011_inv.csv,2olo_A_model_1_relaxed_repeat057_inv.csv,2olo_A_model_1_relaxed_repeat011,2olo_A_model_1_relaxed_repeat057,True,True,359.5999999999999,351
tau(CN),242,F,100,-179.85,179.99,359.84000000000003,0.15999999999996817,0.15999999999996817,35.5893509601914,35.41095710016887,-172.11449999999996,-175.32999999999998,45,85,2olo_A_model_1_relaxed_repeat045_inv.csv,2olo_A_model_1_relaxed_repeat085_inv.csv,2olo_A_model_1_relaxed_repeat045,2olo_A_model_1_relaxed_repeat085,True,True,359.68000000000006,352
tau(CN),46,S,100,-179.95,179.9,359.85,0.14999999999997726,0.14999999999997726,178.71558280975475,177.81975971089378,-18.1694,-178.12,99,53,2olo_A_model_1_relaxed_repeat099_inv.csv,2olo_A_model_1_relaxed_repeat053_inv.csv,2olo_A_model_1_relaxed_repeat099,2olo_A_model_1_relaxed_repeat053,True,True,359.70000000000005,353
tau(CN),98,V,100,-179.86,179.99,359.85,0.14999999999997726,0.14999999999997726,107.81950495732403,107.27905290759234,142.58849999999998,178.125,42,24,2olo_A_model_1_relaxed_repeat042_inv.csv,2olo_A_model_1_relaxed_repeat024_inv.csv,2olo_A_model_1_relaxed_repeat042,2olo_A_model_1_relaxed_repeat024,True,True,359.70000000000005,353
tau(CN),267,P,100,-179.92,179.94,359.86,0.13999999999998636,0.13999999999998636,160.6652053086753,159.85986086228775,-65.19970000000002,-161.585,15,17,2olo_A_model_1_relaxed_repeat015_inv.csv,2olo_A_model_1_relaxed_repeat017_inv.csv,2olo_A_model_1_relaxed_repeat015,2olo_A_model_1_relaxed_repeat017,True,True,359.72,355
tau(CN),19,T,100,-180.0,179.87,359.87,0.12999999999999545,0.12999999999999545,169.78186936671585,168.93082706835955,-61.126,-179.56,40,89,2olo_A_model_1_relaxed_repeat040_inv.csv,2olo_A_model_1_relaxed_repeat089_inv.csv,2olo_A_model_1_relaxed_repeat040,2olo_A_model_1_relaxed_repeat089,True,True,359.74,356
tau(CN),44,G,100,-179.92,179.95,359.87,0.12999999999999545,0.12999999999999545,174.37284850789578,173.49879363785212,38.593900000000005,175.125,51,95,2olo_A_model_1_relaxed_repeat051_inv.csv,2olo_A_model_1_relaxed_repeat095_inv.csv,2olo_A_model_1_relaxed_repeat051,2olo_A_model_1_relaxed_repeat095,True,True,359.74,356
tau(CN),172,A,100,-179.92,179.95,359.87,0.12999999999999545,0.12999999999999545,103.33814828469248,102.82015931713002,-147.106,-179.435,41,42,2olo_A_model_1_relaxed_repeat041_inv.csv,2olo_A_model_1_relaxed_repeat042_inv.csv,2olo_A_model_1_relaxed_repeat041,2olo_A_model_1_relaxed_repeat042,True,True,359.74,356
tau(CN),141,G,100,-179.97,179.91,359.88,0.12000000000000455,0.12000000000000455,172.96381088980797,172.09681890944412,33.859500000000004,173.51,27,82,2olo_A_model_1_relaxed_repeat027_inv.csv,2olo_A_model_1_relaxed_repeat082_inv.csv,2olo_A_model_1_relaxed_repeat027,2olo_A_model_1_relaxed_repeat082,True,True,359.76,359
tau(CN),330,E,100,-179.94,179.94,359.88,0.12000000000000455,0.12000000000000455,140.70382550315475,139.998538728481,110.4467,178.35,10,5,2olo_A_model_1_relaxed_repeat010_inv.csv,2olo_A_model_1_relaxed_repeat005_inv.csv,2olo_A_model_1_relaxed_repeat010,2olo_A_model_1_relaxed_repeat005,True,True,359.76,359
tau(CN),91,W,100,-179.99,179.9,359.89,0.11000000000001364,0.11000000000001364,78.64723425242337,78.2530100443427,161.171,179.21499999999997,92,53,2olo_A_model_1_relaxed_repeat092_inv.csv,2olo_A_model_1_relaxed_repeat053_inv.csv,2olo_A_model_1_relaxed_repeat092,2olo_A_model_1_relaxed_repeat053,True,True,359.78,361
tau(AC),47,G,100,-179.9,180.0,359.9,0.10000000000002274,0.10000000000002274,148.7810620169751,148.03528758627115,99.43549999999999,177.85,77,2,2olo_A_model_1_relaxed_repeat077_inv.csv,2olo_A_model_1_relaxed_repeat002_inv.csv,2olo_A_model_1_relaxed_repeat077,2olo_A_model_1_relaxed_repeat002,True,True,359.79999999999995,388
tau(CN),86,E,100,-179.96,179.95,359.90999999999997,0.09000000000003183,0.09000000000003183,121.18015562047287,120.57273246899567,132.33360000000002,178.89999999999998,18,14,2olo_A_model_1_relaxed_repeat018_inv.csv,2olo_A_model_1_relaxed_repeat014_inv.csv,2olo_A_model_1_relaxed_repeat018,2olo_A_model_1_relaxed_repeat014,True,True,359.81999999999994,362
tau(CN),248,Q,100,-179.93,179.98,359.90999999999997,0.09000000000003183,0.09000000000003183,85.67041947321823,85.24099110750649,157.8449,179.375,1,95,2olo_A_model_1_relaxed_repeat001_inv.csv,2olo_A_model_1_relaxed_repeat095_inv.csv,2olo_A_model_1_relaxed_repeat001,2olo_A_model_1_relaxed_repeat095,True,True,359.81999999999994,362
tau(CN),92,F,100,-179.92,180.0,359.91999999999996,0.08000000000004093,0.08000000000004093,61.50283504149556,61.19454821272888,168.2352,178.87,91,94,2olo_A_model_1_relaxed_repeat091_inv.csv,2olo_A_model_1_relaxed_repeat094_inv.csv,2olo_A_model_1_relaxed_repeat091,2olo_A_model_1_relaxed_repeat094,True,True,359.8399999999999,364
tau(CN),3,E,100,-179.99,179.93,359.92,0.07999999999992724,0.07999999999992724,107.82409136546377,107.28361632607283,142.49,177.94,56,61,2olo_A_model_1_relaxed_repeat056_inv.csv,2olo_A_model_1_relaxed_repeat061_inv.csv,2olo_A_model_1_relaxed_repeat056,2olo_A_model_1_relaxed_repeat061,True,True,359.8400000000001,365
tau(CN),268,G,100,-179.96,179.96,359.92,0.07999999999992724,0.07999999999992724,177.65835003492325,176.7678263818391,6.983200000000004,170.335,37,25,2olo_A_model_1_relaxed_repeat037_inv.csv,2olo_A_model_1_relaxed_repeat025_inv.csv,2olo_A_model_1_relaxed_repeat037,2olo_A_model_1_relaxed_repeat025,True,True,359.8400000000001,365
tau(CN),77,S,100,-179.98,179.95,359.92999999999995,0.07000000000005002,0.07000000000005002,85.45349657254961,85.02515554652047,-156.96269999999996,-178.34,89,15,2olo_A_model_1_relaxed_repeat089_inv.csv,2olo_A_model_1_relaxed_repeat015_inv.csv,2olo_A_model_1_relaxed_repeat089,2olo_A_model_1_relaxed_repeat015,True,True,359.8599999999999,367
tau(CN),85,H,100,-179.95,179.98,359.92999999999995,0.07000000000005002,0.07000000000005002,128.32856638135934,127.68531137135547,124.698,178.27,29,65,2olo_A_model_1_relaxed_repeat029_inv.csv,2olo_A_model_1_relaxed_repeat065_inv.csv,2olo_A_model_1_relaxed_repeat029,2olo_A_model_1_relaxed_repeat065,True,True,359.8599999999999,367
tau(CN),328,D,100,-179.97,179.97,359.94,0.05999999999994543,0.05999999999994543,116.60648546181973,116.02198811966635,-135.00260000000003,-178.005,83,75,2olo_A_model_1_relaxed_repeat083_inv.csv,2olo_A_model_1_relaxed_repeat075_inv.csv,2olo_A_model_1_relaxed_repeat083,2olo_A_model_1_relaxed_repeat075,True,True,359.88000000000005,369
tau(CN),358,K,100,-179.99,179.96,359.95000000000005,0.049999999999954525,0.049999999999954525,166.84144214544455,166.00513892346825,68.077,179.17000000000002,90,51,2olo_A_model_1_relaxed_repeat090_inv.csv,2olo_A_model_1_relaxed_repeat051_inv.csv,2olo_A_model_1_relaxed_repeat090,2olo_A_model_1_relaxed_repeat051,True,True,359.9000000000001,370
tau(CN),160,F,100,-179.97,179.98,359.95,0.049999999999954525,0.049999999999954525,149.29401681012882,148.5456711612627,-99.90650000000001,-178.71,47,92,2olo_A_model_1_relaxed_repeat047_inv.csv,2olo_A_model_1_relaxed_repeat092_inv.csv,2olo_A_model_1_relaxed_repeat047,2olo_A_model_1_relaxed_repeat092,True,True,359.90000000000003,370
tau(CN),280,D,100,-179.97,179.98,359.95,0.049999999999954525,0.049999999999954525,91.94934751329784,91.48844562588218,-153.77359999999996,-178.73,25,32,2olo_A_model_1_relaxed_repeat025_inv.csv,2olo_A_model_1_relaxed_repeat032_inv.csv,2olo_A_model_1_relaxed_repeat025,2olo_A_model_1_relaxed_repeat032,True,True,359.90000000000003,370
tau(CN),331,R,100,-179.97,179.99,359.96000000000004,0.03999999999996362,0.03999999999996362,61.11438543444827,60.80804573376783,-166.6202,-177.365,62,43,2olo_A_model_1_relaxed_repeat062_inv.csv,2olo_A_model_1_relaxed_repeat043_inv.csv,2olo_A_model_1_relaxed_repeat062,2olo_A_model_1_relaxed_repeat043,True,True,359.9200000000001,373
tau(CN),361,P,100,-180.0,179.96,359.96000000000004,0.03999999999996362,0.03999999999996362,61.644633508554826,61.33563590605384,-168.834,-179.60500000000002,2,12,2olo_A_model_1_relaxed_repeat002_inv.csv,2olo_A_model_1_relaxed_repeat012_inv.csv,2olo_A_model_1_relaxed_repeat002,2olo_A_model_1_relaxed_repeat012,True,True,359.9200000000001,373
tau(CN),388,A,100,-179.96,180.0,359.96000000000004,0.03999999999996362,0.03999999999996362,165.29369256892625,164.4651475390455,66.1736,176.79,2,91,2olo_A_model_1_relaxed_repeat002_inv.csv,2olo_A_model_1_relaxed_repeat091_inv.csv,2olo_A_model_1_relaxed_repeat002,2olo_A_model_1_relaxed_repeat091,True,True,359.9200000000001,373
tau(CN),40,N,100,-179.98,179.98,359.96,0.03999999999996362,0.03999999999996362,174.100728635187,173.22803778311985,-46.649100000000004,-179.25,17,39,2olo_A_model_1_relaxed_repeat017_inv.csv,2olo_A_model_1_relaxed_repeat039_inv.csv,2olo_A_model_1_relaxed_repeat017,2olo_A_model_1_relaxed_repeat039,True,True,359.92,373
tau(CN),271,V,100,-179.98,179.98,359.96,0.03999999999996362,0.03999999999996362,91.74694389091788,91.28705656438925,153.0559,178.07,66,18,2olo_A_model_1_relaxed_repeat066_inv.csv,2olo_A_model_1_relaxed_repeat018_inv.csv,2olo_A_model_1_relaxed_repeat066,2olo_A_model_1_relaxed_repeat018,True,True,359.92,373
tau(CN),184,D,100,-179.97,180.0,359.97,0.029999999999972715,0.029999999999972715,121.32849004502636,120.72032335791684,132.59060000000002,179.23,49,51,2olo_A_model_1_relaxed_repeat049_inv.csv,2olo_A_model_1_relaxed_repeat051_inv.csv,2olo_A_model_1_relaxed_repeat049,2olo_A_model_1_relaxed_repeat051,True,True,359.94000000000005,378
tau(CN),299,R,100,-179.99,179.98,359.97,0.029999999999972715,0.029999999999972715,113.01015496387747,112.4436844545304,140.08729999999997,179.61,17,21,2olo_A_model_1_relaxed_repeat017_inv.csv,2olo_A_model_1_relaxed_repeat021_inv.csv,2olo_A_model_1_relaxed_repeat017,2olo_A_model_1_relaxed_repeat021,True,True,359.94000000000005,378
tau(CN),259,G,100,-179.99,179.99,359.98,0.01999999999998181,0.01999999999998181,179.31709067062113,178.4182524757767,-11.115699999999995,-178.115,76,37,2olo_A_model_1_relaxed_repeat076_inv.csv,2olo_A_model_1_relaxed_repeat037_inv.csv,2olo_A_model_1_relaxed_repeat076,2olo_A_model_1_relaxed_repeat037,True,True,359.96000000000004,380
tau(CN),344,H,100,-179.99,179.99,359.98,0.01999999999998181,0.01999999999998181,85.79623636179204,85.36617733101326,158.0267,179.58,27,16,2olo_A_model_1_relaxed_repeat027_inv.csv,2olo_A_model_1_relaxed_repeat016_inv.csv,2olo_A_model_1_relaxed_repeat027,2olo_A_model_1_relaxed_repeat016,True,True,359.96000000000004,380
tau(CN),23,V,100,-180.0,179.99,359.99,0.009999999999990905,0.009999999999990905,50.618281164720585,50.364553846827626,172.56090000000003,179.755,43,90,2olo_A_model_1_relaxed_repeat043_inv.csv,2olo_A_model_1_relaxed_repeat090_inv.csv,2olo_A_model_1_relaxed_repeat043,2olo_A_model_1_relaxed_repeat090,True,True,359.98,382
tau(CN),208,T,100,-180.0,179.99,359.99,0.009999999999990905,0.009999999999990905,156.28803004941636,155.50462646931118,89.84919999999998,179.49,76,78,2olo_A_model_1_relaxed_repeat076_inv.csv,2olo_A_model_1_relaxed_repeat078_inv.csv,2olo_A_model_1_relaxed_repeat076,2olo_A_model_1_relaxed_repeat078,True,True,359.98,382
tau(CN),211,L,100,-179.99,180.0,359.99,0.009999999999990905,0.009999999999990905,164.03367142572904,163.21144233107555,-75.5139,-179.775,50,37,2olo_A_model_1_relaxed_repeat050_inv.csv,2olo_A_model_1_relaxed_repeat037_inv.csv,2olo_A_model_1_relaxed_repeat050,2olo_A_model_1_relaxed_repeat037,True,True,359.98,382
tau(CN),239,E,100,-179.99,180.0,359.99,0.009999999999990905,0.009999999999990905,179.0577959733345,178.16025750946812,-21.5004,-179.05,2,67,2olo_A_model_1_relaxed_repeat002_inv.csv,2olo_A_model_1_relaxed_repeat067_inv.csv,2olo_A_model_1_relaxed_repeat002,2olo_A_model_1_relaxed_repeat067,True,True,359.98,382
tau(CN),254,T,100,-179.99,180.0,359.99,0.009999999999990905,0.009999999999990905,151.86429970632642,151.10307035278933,-96.63860000000001,-179.12,40,93,2olo_A_model_1_relaxed_repeat040_inv.csv,2olo_A_model_1_relaxed_repeat093_inv.csv,2olo_A_model_1_relaxed_repeat040,2olo_A_model_1_relaxed_repeat093,True,True,359.98,382
tau(CN),265,W,100,-180.0,179.99,359.99,0.009999999999990905,0.009999999999990905,165.0150387983049,164.18789053797482,71.3863,178.23,64,28,2olo_A_model_1_relaxed_repeat064_inv.csv,2olo_A_model_1_relaxed_repeat028_inv.csv,2olo_A_model_1_relaxed_repeat064,2olo_A_model_1_relaxed_repeat028,True,True,359.98,382
tau(CN),82,R,100,-180.0,180.0,360.0,0.0,0.0,179.74882088608925,178.84781861638683,-17.88960000000001,-179.325,73,26,2olo_A_model_1_relaxed_repeat073_inv.csv,2olo_A_model_1_relaxed_repeat026_inv.csv,2olo_A_model_1_relaxed_repeat073,2olo_A_model_1_relaxed_repeat026,True,True,360.0,388
