descriptor,residue_id,residue_label,number_of_values,valley_value,peak_value,raw_range,circular_difference_deg,ranking_difference,standard_deviation_sample,standard_deviation_population,mean,median,valley_repeat,peak_repeat,valley_invariant_file,peak_invariant_file,valley_structure_stem,peak_structure_stem,is_tau_descriptor,possible_wraparound,wraparound_reduction_deg,rank_within_descriptor
TP(AC)_x,43,G,100,-1.53,1.52,3.05,,3.05,0.5911941689957246,0.588230771041434,-1.3616,-1.495,1,43,2olo_A_model_1_relaxed_repeat001_inv.csv,2olo_A_model_1_relaxed_repeat043_inv.csv,2olo_A_model_1_relaxed_repeat001,2olo_A_model_1_relaxed_repeat043,False,False,,1
TP(AC)_x,268,G,100,-1.5,1.53,3.0300000000000002,,3.0300000000000002,1.4461675545937256,1.438918548771959,-0.3221,-1.475,32,96,2olo_A_model_1_relaxed_repeat032_inv.csv,2olo_A_model_1_relaxed_repeat096_inv.csv,2olo_A_model_1_relaxed_repeat032,2olo_A_model_1_relaxed_repeat096,False,False,,2
TP(AC)_x,38,F,100,-1.39,1.55,2.94,,2.94,0.40681462782714856,0.404775443919218,-1.3178000000000003,-1.38,1,2,2olo_A_model_1_relaxed_repeat001_inv.csv,2olo_A_model_1_relaxed_repeat002_inv.csv,2olo_A_model_1_relaxed_repeat001,2olo_A_model_1_relaxed_repeat002,False,False,,3
TP(AC)_x,386,Q,100,-1.36,1.53,2.89,,2.89,0.6727957950360435,0.6694233637990237,-0.9794000000000002,-1.15,74,15,2olo_A_model_1_relaxed_repeat074_inv.csv,2olo_A_model_1_relaxed_repeat015_inv.csv,2olo_A_model_1_relaxed_repeat074,2olo_A_model_1_relaxed_repeat015,False,False,,4
TP(AC)_x,387,S,100,-1.17,1.53,2.7,,2.7,0.4603440083900366,0.45803650509539084,-1.0484000000000002,-1.14,19,65,2olo_A_model_1_relaxed_repeat019_inv.csv,2olo_A_model_1_relaxed_repeat065_inv.csv,2olo_A_model_1_relaxed_repeat019,2olo_A_model_1_relaxed_repeat065,False,False,,5
TP(AC)_x,385,P,100,-1.15,1.41,2.5599999999999996,,2.5599999999999996,0.6565554743577201,0.6532644487495091,-0.8665999999999999,-1.08,2,52,2olo_A_model_1_relaxed_repeat002_inv.csv,2olo_A_model_1_relaxed_repeat052_inv.csv,2olo_A_model_1_relaxed_repeat002,2olo_A_model_1_relaxed_repeat052,False,False,,6
TP(AC)_x,331,R,100,-1.08,1.22,2.3,,2.3,1.0036466036661036,0.9986157619425001,-0.23160000000000008,-0.91,65,75,2olo_A_model_1_relaxed_repeat065_inv.csv,2olo_A_model_1_relaxed_repeat075_inv.csv,2olo_A_model_1_relaxed_repeat065,2olo_A_model_1_relaxed_repeat075,False,False,,7
TP(AC)_x,266,A,100,-1.48,0.7,2.1799999999999997,,2.1799999999999997,0.9934506489600738,0.9884709151006923,-0.20650000000000002,0.56,62,98,2olo_A_model_1_relaxed_repeat062_inv.csv,2olo_A_model_1_relaxed_repeat098_inv.csv,2olo_A_model_1_relaxed_repeat062,2olo_A_model_1_relaxed_repeat098,False,False,,8
TP(AC)_x,388,A,100,-0.45,1.54,1.99,,1.99,0.3342257599076686,0.33255043226554365,1.4660999999999993,1.54,52,100,2olo_A_model_1_relaxed_repeat052_inv.csv,2olo_A_model_1_relaxed_repeat100_inv.csv,2olo_A_model_1_relaxed_repeat052,2olo_A_model_1_relaxed_repeat100,False,False,,9
TP(AC)_x,45,T,100,-0.83,0.33,1.16,,1.16,0.22300101915788312,0.22188321252406634,-0.5728,-0.64,70,50,2olo_A_model_1_relaxed_repeat070_inv.csv,2olo_A_model_1_relaxed_repeat050_inv.csv,2olo_A_model_1_relaxed_repeat070,2olo_A_model_1_relaxed_repeat050,False,False,,10
TP(AC)_x,177,T,100,0.81,1.41,0.5999999999999999,,0.5999999999999999,0.05972487426575803,0.0594254995772017,1.3981000000000001,1.4,92,100,2olo_A_model_1_relaxed_repeat092_inv.csv,2olo_A_model_1_relaxed_repeat100_inv.csv,2olo_A_model_1_relaxed_repeat092,2olo_A_model_1_relaxed_repeat100,False,False,,11
TP(AC)_x,53,R,100,-1.06,-0.51,0.55,,0.55,0.10131838007693443,0.10081051532454341,-0.7482,-0.745,53,20,2olo_A_model_1_relaxed_repeat053_inv.csv,2olo_A_model_1_relaxed_repeat020_inv.csv,2olo_A_model_1_relaxed_repeat053,2olo_A_model_1_relaxed_repeat020,False,False,,12
TP(AC)_x,263,N,100,-1.1,-0.56,0.54,,0.54,0.1590681195798412,0.15827078062611558,-0.7706000000000002,-0.67,8,4,2olo_A_model_1_relaxed_repeat008_inv.csv,2olo_A_model_1_relaxed_repeat004_inv.csv,2olo_A_model_1_relaxed_repeat008,2olo_A_model_1_relaxed_repeat004,False,False,,13
TP(AC)_x,52,W,100,-0.42,0.1,0.52,,0.52,0.09326967526067798,0.0928021551473887,-0.12240000000000002,-0.11,24,72,2olo_A_model_1_relaxed_repeat024_inv.csv,2olo_A_model_1_relaxed_repeat072_inv.csv,2olo_A_model_1_relaxed_repeat024,2olo_A_model_1_relaxed_repeat072,False,False,,14
TP(AC)_x,86,E,100,-0.2,0.27,0.47000000000000003,,0.47000000000000003,0.09385697263992332,0.09338650866158345,0.0736,0.08,35,85,2olo_A_model_1_relaxed_repeat035_inv.csv,2olo_A_model_1_relaxed_repeat085_inv.csv,2olo_A_model_1_relaxed_repeat035,2olo_A_model_1_relaxed_repeat085,False,False,,15
TP(AC)_x,267,P,100,-1.21,-0.74,0.47,,0.47,0.07052730683998228,0.07017378427874615,-0.9257999999999998,-0.93,62,55,2olo_A_model_1_relaxed_repeat062_inv.csv,2olo_A_model_1_relaxed_repeat055_inv.csv,2olo_A_model_1_relaxed_repeat062,2olo_A_model_1_relaxed_repeat055,False,False,,16
TP(AC)_x,322,L,100,-1.06,-0.62,0.44000000000000006,,0.44000000000000006,0.05805117909172383,0.0577601939054917,-0.9424000000000002,-0.95,66,48,2olo_A_model_1_relaxed_repeat066_inv.csv,2olo_A_model_1_relaxed_repeat048_inv.csv,2olo_A_model_1_relaxed_repeat066,2olo_A_model_1_relaxed_repeat048,False,False,,17
TP(AC)_x,324,V,100,-0.61,-0.19,0.42,,0.42,0.04257981216539597,0.04236637817892862,-0.5547,-0.56,82,6,2olo_A_model_1_relaxed_repeat082_inv.csv,2olo_A_model_1_relaxed_repeat006_inv.csv,2olo_A_model_1_relaxed_repeat082,2olo_A_model_1_relaxed_repeat006,False,False,,18
TP(AC)_x,325,L,100,-1.08,-0.67,0.41000000000000003,,0.41000000000000003,0.04110530944593977,0.04089926649709015,-1.0454999999999999,-1.05,52,6,2olo_A_model_1_relaxed_repeat052_inv.csv,2olo_A_model_1_relaxed_repeat006_inv.csv,2olo_A_model_1_relaxed_repeat052,2olo_A_model_1_relaxed_repeat006,False,False,,19
TP(AC)_x,55,Q,100,-1.17,-0.8,0.3699999999999999,,0.3699999999999999,0.08970315805843494,0.08925351533693224,-1.0558999999999998,-1.09,74,5,2olo_A_model_1_relaxed_repeat074_inv.csv,2olo_A_model_1_relaxed_repeat005_inv.csv,2olo_A_model_1_relaxed_repeat074,2olo_A_model_1_relaxed_repeat005,False,False,,20
TP(AC)_x,148,G,100,-1.17,-0.8,0.3699999999999999,,0.3699999999999999,0.06302156116534383,0.06270566162636354,-1.0559999999999998,-1.065,11,79,2olo_A_model_1_relaxed_repeat011_inv.csv,2olo_A_model_1_relaxed_repeat079_inv.csv,2olo_A_model_1_relaxed_repeat011,2olo_A_model_1_relaxed_repeat079,False,False,,20
TP(AC)_y,331,R,100,-1.0,1.49,2.49,,2.49,1.0214926491772873,1.0163723530281608,0.4882,1.17,61,16,2olo_A_model_1_relaxed_repeat061_inv.csv,2olo_A_model_1_relaxed_repeat016_inv.csv,2olo_A_model_1_relaxed_repeat061,2olo_A_model_1_relaxed_repeat016,False,False,,1
TP(AC)_y,385,P,100,-0.76,1.46,2.2199999999999998,,2.2199999999999998,0.46566406367897906,0.4633298932726012,0.9728999999999999,1.08,15,74,2olo_A_model_1_relaxed_repeat015_inv.csv,2olo_A_model_1_relaxed_repeat074_inv.csv,2olo_A_model_1_relaxed_repeat015,2olo_A_model_1_relaxed_repeat074,False,False,,2
TP(AC)_y,388,A,100,-0.4,1.54,1.94,,1.94,0.3384029485030465,0.3367066824403697,0.0381,-0.04,98,31,2olo_A_model_1_relaxed_repeat098_inv.csv,2olo_A_model_1_relaxed_repeat031_inv.csv,2olo_A_model_1_relaxed_repeat098,2olo_A_model_1_relaxed_repeat031,False,False,,3
TP(AC)_y,268,G,100,-0.98,0.94,1.92,,1.92,0.34050609985784985,0.33879929161673283,0.1348,0.27,21,4,2olo_A_model_1_relaxed_repeat021_inv.csv,2olo_A_model_1_relaxed_repeat004_inv.csv,2olo_A_model_1_relaxed_repeat021,2olo_A_model_1_relaxed_repeat004,False,False,,4
TP(AC)_y,386,Q,100,-0.67,1.02,1.69,,1.69,0.3433211971965093,0.34160027810293125,0.8994999999999999,1.0,65,81,2olo_A_model_1_relaxed_repeat065_inv.csv,2olo_A_model_1_relaxed_repeat081_inv.csv,2olo_A_model_1_relaxed_repeat065,2olo_A_model_1_relaxed_repeat081,False,False,,5
TP(AC)_y,38,F,100,-0.45,0.73,1.18,,1.18,0.13058883736539056,0.1299342526049232,0.6702999999999997,0.69,44,53,2olo_A_model_1_relaxed_repeat044_inv.csv,2olo_A_model_1_relaxed_repeat053_inv.csv,2olo_A_model_1_relaxed_repeat044,2olo_A_model_1_relaxed_repeat053,False,False,,6
TP(AC)_y,387,S,100,0.22,1.4,1.18,,1.18,0.14288159963813224,0.14216539663363936,0.997,1.0,65,74,2olo_A_model_1_relaxed_repeat065_inv.csv,2olo_A_model_1_relaxed_repeat074_inv.csv,2olo_A_model_1_relaxed_repeat065,2olo_A_model_1_relaxed_repeat074,False,False,,6
TP(AC)_y,266,A,100,0.42,1.53,1.11,,1.11,0.3913519044687442,0.3893902284341506,1.0935000000000001,1.38,77,55,2olo_A_model_1_relaxed_repeat077_inv.csv,2olo_A_model_1_relaxed_repeat055_inv.csv,2olo_A_model_1_relaxed_repeat077,2olo_A_model_1_relaxed_repeat055,False,False,,8
TP(AC)_y,43,G,100,-0.68,0.3,0.98,,0.98,0.20789187166176148,0.2068498005800344,-0.31539999999999996,-0.29,69,34,2olo_A_model_1_relaxed_repeat069_inv.csv,2olo_A_model_1_relaxed_repeat034_inv.csv,2olo_A_model_1_relaxed_repeat069,2olo_A_model_1_relaxed_repeat034,False,False,,9
TP(AC)_y,269,E,100,-0.35,0.42,0.77,,0.77,0.14553280722846648,0.14480331487918363,-0.054000000000000006,-0.015,1,7,2olo_A_model_1_relaxed_repeat001_inv.csv,2olo_A_model_1_relaxed_repeat007_inv.csv,2olo_A_model_1_relaxed_repeat001,2olo_A_model_1_relaxed_repeat007,False,False,,10
TP(AC)_y,177,T,100,-1.28,-0.56,0.72,,0.72,0.07051498873547125,0.07016152791950872,-0.5956000000000001,-0.58,92,95,2olo_A_model_1_relaxed_repeat092_inv.csv,2olo_A_model_1_relaxed_repeat095_inv.csv,2olo_A_model_1_relaxed_repeat092,2olo_A_model_1_relaxed_repeat095,False,False,,11
TP(AC)_y,252,Q,100,-0.77,-0.11,0.66,,0.66,0.08880030939977038,0.08835519226395243,-0.5544,-0.57,32,70,2olo_A_model_1_relaxed_repeat032_inv.csv,2olo_A_model_1_relaxed_repeat070_inv.csv,2olo_A_model_1_relaxed_repeat032,2olo_A_model_1_relaxed_repeat070,False,False,,12
TP(AC)_y,329,P,100,-0.77,-0.11,0.66,,0.66,0.0730158416462697,0.07264984514780469,-0.602,-0.59,9,16,2olo_A_model_1_relaxed_repeat009_inv.csv,2olo_A_model_1_relaxed_repeat016_inv.csv,2olo_A_model_1_relaxed_repeat009,2olo_A_model_1_relaxed_repeat016,False,False,,12
TP(AC)_y,42,N,100,-0.26,0.36,0.62,,0.62,0.0910665757131628,0.09061009877491581,0.07410000000000001,0.07,34,48,2olo_A_model_1_relaxed_repeat034_inv.csv,2olo_A_model_1_relaxed_repeat048_inv.csv,2olo_A_model_1_relaxed_repeat034,2olo_A_model_1_relaxed_repeat048,False,False,,14
TP(AC)_y,330,E,100,-0.81,-0.22,0.5900000000000001,,0.5900000000000001,0.11423787869744838,0.11366525414567111,-0.41389999999999993,-0.38,63,40,2olo_A_model_1_relaxed_repeat063_inv.csv,2olo_A_model_1_relaxed_repeat040_inv.csv,2olo_A_model_1_relaxed_repeat063,2olo_A_model_1_relaxed_repeat040,False,False,,15
TP(AC)_y,44,G,100,-0.27,0.31,0.5800000000000001,,0.5800000000000001,0.1224837239238856,0.12186976655430172,0.0576,0.06,23,80,2olo_A_model_1_relaxed_repeat023_inv.csv,2olo_A_model_1_relaxed_repeat080_inv.csv,2olo_A_model_1_relaxed_repeat023,2olo_A_model_1_relaxed_repeat080,False,False,,16
TP(AC)_y,39,F,100,0.42,0.97,0.55,,0.55,0.07072181952958902,0.07036732196126268,0.5037999999999999,0.49,29,44,2olo_A_model_1_relaxed_repeat029_inv.csv,2olo_A_model_1_relaxed_repeat044_inv.csv,2olo_A_model_1_relaxed_repeat029,2olo_A_model_1_relaxed_repeat044,False,False,,17
TP(AC)_y,340,D,100,-0.33,0.22,0.55,,0.55,0.0571529049607677,0.05686642243011248,0.0761,0.08,52,23,2olo_A_model_1_relaxed_repeat052_inv.csv,2olo_A_model_1_relaxed_repeat023_inv.csv,2olo_A_model_1_relaxed_repeat052,2olo_A_model_1_relaxed_repeat023,False,False,,17
TP(AC)_y,141,G,100,-0.77,-0.25,0.52,,0.52,0.18338776051599165,0.18246851783252913,-0.46820000000000006,-0.35,16,100,2olo_A_model_1_relaxed_repeat016_inv.csv,2olo_A_model_1_relaxed_repeat100_inv.csv,2olo_A_model_1_relaxed_repeat016,2olo_A_model_1_relaxed_repeat100,False,False,,19
TP(AC)_y,332,Q,100,-1.09,-0.59,0.5000000000000001,,0.5000000000000001,0.11411052590016453,0.11353853971229329,-0.8829999999999998,-0.84,61,16,2olo_A_model_1_relaxed_repeat061_inv.csv,2olo_A_model_1_relaxed_repeat016_inv.csv,2olo_A_model_1_relaxed_repeat061,2olo_A_model_1_relaxed_repeat016,False,False,,20
TP(CN)_x,267,P,100,-1.35,-1.16,0.19000000000000017,,0.19000000000000017,0.041875717994749186,0.04166581332459506,-1.3214,-1.35,2,61,2olo_A_model_1_relaxed_repeat002_inv.csv,2olo_A_model_1_relaxed_repeat061_inv.csv,2olo_A_model_1_relaxed_repeat002,2olo_A_model_1_relaxed_repeat061,False,False,,1
TP(CN)_x,387,S,100,-1.34,-1.18,0.16000000000000014,,0.16000000000000014,0.024071442487610596,0.023950782868207066,-1.3206000000000002,-1.33,15,31,2olo_A_model_1_relaxed_repeat015_inv.csv,2olo_A_model_1_relaxed_repeat031_inv.csv,2olo_A_model_1_relaxed_repeat015,2olo_A_model_1_relaxed_repeat031,False,False,,2
TP(CN)_x,268,G,100,-1.33,-1.18,0.15000000000000013,,0.15000000000000013,0.021160999002596253,0.021054928164208987,-1.3187,-1.32,1,7,2olo_A_model_1_relaxed_repeat001_inv.csv,2olo_A_model_1_relaxed_repeat007_inv.csv,2olo_A_model_1_relaxed_repeat001,2olo_A_model_1_relaxed_repeat007,False,False,,3
TP(CN)_x,177,T,100,-1.33,-1.21,0.1200000000000001,,0.1200000000000001,0.01200000000000001,0.01193984924527945,-1.3288000000000004,-1.33,1,92,2olo_A_model_1_relaxed_repeat001_inv.csv,2olo_A_model_1_relaxed_repeat092_inv.csv,2olo_A_model_1_relaxed_repeat001,2olo_A_model_1_relaxed_repeat092,False,False,,4
TP(CN)_x,54,L,100,-1.31,-1.21,0.10000000000000009,,0.10000000000000009,0.017666952541998085,0.01757839583124696,-1.255,-1.26,5,82,2olo_A_model_1_relaxed_repeat005_inv.csv,2olo_A_model_1_relaxed_repeat082_inv.csv,2olo_A_model_1_relaxed_repeat005,2olo_A_model_1_relaxed_repeat082,False,False,,5
TP(CN)_x,388,A,100,-1.33,-1.23,0.10000000000000009,,0.10000000000000009,0.01887866627715107,0.018784035775093716,-1.3246,-1.33,1,43,2olo_A_model_1_relaxed_repeat001_inv.csv,2olo_A_model_1_relaxed_repeat043_inv.csv,2olo_A_model_1_relaxed_repeat001,2olo_A_model_1_relaxed_repeat043,False,False,,5
TP(CN)_x,37,T,100,-1.33,-1.25,0.08000000000000007,,0.08000000000000007,0.009557904339003165,0.009509994742375,-1.2765999999999997,-1.28,2,23,2olo_A_model_1_relaxed_repeat002_inv.csv,2olo_A_model_1_relaxed_repeat023_inv.csv,2olo_A_model_1_relaxed_repeat002,2olo_A_model_1_relaxed_repeat023,False,False,,7
TP(CN)_x,148,G,100,-1.33,-1.28,0.050000000000000044,,0.050000000000000044,0.007114503609961956,0.007078841713161843,-1.3133000000000004,-1.31,35,79,2olo_A_model_1_relaxed_repeat035_inv.csv,2olo_A_model_1_relaxed_repeat079_inv.csv,2olo_A_model_1_relaxed_repeat035,2olo_A_model_1_relaxed_repeat079,False,False,,8
TP(CN)_x,241,P,100,-1.27,-1.22,0.050000000000000044,,0.050000000000000044,0.008612886750783288,0.008569714114251429,-1.2516,-1.25,74,33,2olo_A_model_1_relaxed_repeat074_inv.csv,2olo_A_model_1_relaxed_repeat033_inv.csv,2olo_A_model_1_relaxed_repeat074,2olo_A_model_1_relaxed_repeat033,False,False,,8
TP(CN)_x,243,W,100,-1.33,-1.28,0.050000000000000044,,0.050000000000000044,0.008919392106839777,0.008874683092933525,-1.3182000000000003,-1.32,22,100,2olo_A_model_1_relaxed_repeat022_inv.csv,2olo_A_model_1_relaxed_repeat100_inv.csv,2olo_A_model_1_relaxed_repeat022,2olo_A_model_1_relaxed_repeat100,False,False,,8
TP(CN)_x,251,P,100,-1.34,-1.29,0.050000000000000044,,0.050000000000000044,0.006650738547884987,0.006617401302626287,-1.3389000000000002,-1.34,1,69,2olo_A_model_1_relaxed_repeat001_inv.csv,2olo_A_model_1_relaxed_repeat069_inv.csv,2olo_A_model_1_relaxed_repeat001,2olo_A_model_1_relaxed_repeat069,False,False,,8
TP(CN)_x,260,F,100,-1.29,-1.24,0.050000000000000044,,0.050000000000000044,0.014871843099351117,0.01479729705047514,-1.2551999999999999,-1.25,35,100,2olo_A_model_1_relaxed_repeat035_inv.csv,2olo_A_model_1_relaxed_repeat100_inv.csv,2olo_A_model_1_relaxed_repeat035,2olo_A_model_1_relaxed_repeat100,False,False,,8
TP(CN)_x,320,T,100,-1.3,-1.25,0.050000000000000044,,0.050000000000000044,0.011422112171776577,0.011364858116140306,-1.2722,-1.27,19,24,2olo_A_model_1_relaxed_repeat019_inv.csv,2olo_A_model_1_relaxed_repeat024_inv.csv,2olo_A_model_1_relaxed_repeat019,2olo_A_model_1_relaxed_repeat024,False,False,,8
TP(CN)_x,325,L,100,-1.32,-1.27,0.050000000000000044,,0.050000000000000044,0.006723244767373881,0.006689544080129832,-1.3145000000000004,-1.31,2,6,2olo_A_model_1_relaxed_repeat002_inv.csv,2olo_A_model_1_relaxed_repeat006_inv.csv,2olo_A_model_1_relaxed_repeat002,2olo_A_model_1_relaxed_repeat006,False,False,,8
TP(CN)_x,44,G,100,-1.34,-1.3,0.040000000000000036,,0.040000000000000036,0.006771150924952488,0.006737210105080596,-1.3369,-1.34,2,43,2olo_A_model_1_relaxed_repeat002_inv.csv,2olo_A_model_1_relaxed_repeat043_inv.csv,2olo_A_model_1_relaxed_repeat002,2olo_A_model_1_relaxed_repeat043,False,False,,15
TP(CN)_x,48,A,100,-1.34,-1.3,0.040000000000000036,,0.040000000000000036,0.007194273817250484,0.007158212067269318,-1.3274000000000004,-1.33,74,70,2olo_A_model_1_relaxed_repeat074_inv.csv,2olo_A_model_1_relaxed_repeat070_inv.csv,2olo_A_model_1_relaxed_repeat074,2olo_A_model_1_relaxed_repeat070,False,False,,15
TP(CN)_x,55,Q,100,-1.33,-1.29,0.040000000000000036,,0.040000000000000036,0.006276459144608485,0.006244997998398404,-1.3170000000000002,-1.32,3,5,2olo_A_model_1_relaxed_repeat003_inv.csv,2olo_A_model_1_relaxed_repeat005_inv.csv,2olo_A_model_1_relaxed_repeat003,2olo_A_model_1_relaxed_repeat005,False,False,,15
TP(CN)_x,204,C,100,-1.34,-1.3,0.040000000000000036,,0.040000000000000036,0.005388914922357198,0.005361902647381809,-1.3085000000000004,-1.31,81,97,2olo_A_model_1_relaxed_repeat081_inv.csv,2olo_A_model_1_relaxed_repeat097_inv.csv,2olo_A_model_1_relaxed_repeat081,2olo_A_model_1_relaxed_repeat097,False,False,,15
TP(CN)_x,321,C,100,-1.31,-1.27,0.040000000000000036,,0.040000000000000036,0.007713951678941904,0.0076752850109947125,-1.2903,-1.29,48,50,2olo_A_model_1_relaxed_repeat048_inv.csv,2olo_A_model_1_relaxed_repeat050_inv.csv,2olo_A_model_1_relaxed_repeat048,2olo_A_model_1_relaxed_repeat050,False,False,,15
TP(CN)_x,327,T,100,-1.31,-1.27,0.040000000000000036,,0.040000000000000036,0.008804842561071302,0.008760707733967624,-1.3045000000000004,-1.31,1,15,2olo_A_model_1_relaxed_repeat001_inv.csv,2olo_A_model_1_relaxed_repeat015_inv.csv,2olo_A_model_1_relaxed_repeat001,2olo_A_model_1_relaxed_repeat015,False,False,,15
TP(CN)_x,329,P,100,-1.35,-1.31,0.040000000000000036,,0.040000000000000036,0.005103969538555759,0.005078385570237852,-1.3411000000000004,-1.34,2,16,2olo_A_model_1_relaxed_repeat002_inv.csv,2olo_A_model_1_relaxed_repeat016_inv.csv,2olo_A_model_1_relaxed_repeat002,2olo_A_model_1_relaxed_repeat016,False,False,,15
TP(CN)_y,268,G,100,-0.56,0.61,1.17,,1.17,0.13550873094238675,0.1348294849059359,0.005099999999999996,0.0,62,7,2olo_A_model_1_relaxed_repeat062_inv.csv,2olo_A_model_1_relaxed_repeat007_inv.csv,2olo_A_model_1_relaxed_repeat062,2olo_A_model_1_relaxed_repeat007,False,False,,1
TP(CN)_y,267,P,100,-0.69,0.32,1.01,,1.01,0.22298652403001823,0.22186879005394156,-0.15680000000000002,-0.02,61,7,2olo_A_model_1_relaxed_repeat061_inv.csv,2olo_A_model_1_relaxed_repeat007_inv.csv,2olo_A_model_1_relaxed_repeat061,2olo_A_model_1_relaxed_repeat007,False,False,,2
TP(CN)_y,387,S,100,-0.11,0.62,0.73,,0.73,0.09660269565638843,0.09611846856874073,0.17820000000000003,0.17,23,31,2olo_A_model_1_relaxed_repeat023_inv.csv,2olo_A_model_1_relaxed_repeat031_inv.csv,2olo_A_model_1_relaxed_repeat023,2olo_A_model_1_relaxed_repeat031,False,False,,3
TP(CN)_y,388,A,100,-0.15,0.53,0.68,,0.68,0.11710010394288446,0.1165131323070494,0.051300000000000005,0.01,51,43,2olo_A_model_1_relaxed_repeat051_inv.csv,2olo_A_model_1_relaxed_repeat043_inv.csv,2olo_A_model_1_relaxed_repeat051,2olo_A_model_1_relaxed_repeat043,False,False,,4
TP(CN)_y,37,T,100,-0.09,0.46,0.55,,0.55,0.06675418497833085,0.06641957542773065,0.3738,0.38,2,23,2olo_A_model_1_relaxed_repeat002_inv.csv,2olo_A_model_1_relaxed_repeat023_inv.csv,2olo_A_model_1_relaxed_repeat002,2olo_A_model_1_relaxed_repeat023,False,False,,5
TP(CN)_y,177,T,100,-0.53,-0.0,0.53,,0.53,0.051096561389770506,0.05084043666216883,-0.03250000000000001,-0.03,92,89,2olo_A_model_1_relaxed_repeat092_inv.csv,2olo_A_model_1_relaxed_repeat089_inv.csv,2olo_A_model_1_relaxed_repeat092,2olo_A_model_1_relaxed_repeat089,False,False,,6
TP(CN)_y,52,W,100,-0.3,0.2,0.5,,0.5,0.08870897828451654,0.08826431895165791,-0.0729,-0.065,28,22,2olo_A_model_1_relaxed_repeat028_inv.csv,2olo_A_model_1_relaxed_repeat022_inv.csv,2olo_A_model_1_relaxed_repeat028,2olo_A_model_1_relaxed_repeat022,False,False,,7
TP(CN)_y,386,Q,100,-0.26,0.18,0.44,,0.44,0.05430655595968152,0.05403434093241075,-0.04770000000000001,-0.05,43,74,2olo_A_model_1_relaxed_repeat043_inv.csv,2olo_A_model_1_relaxed_repeat074_inv.csv,2olo_A_model_1_relaxed_repeat043,2olo_A_model_1_relaxed_repeat074,False,False,,8
TP(CN)_y,44,G,100,-0.12,0.3,0.42,,0.42,0.07438712552884702,0.07401425538367591,0.0233,0.01,87,43,2olo_A_model_1_relaxed_repeat087_inv.csv,2olo_A_model_1_relaxed_repeat043_inv.csv,2olo_A_model_1_relaxed_repeat087,2olo_A_model_1_relaxed_repeat043,False,False,,9
TP(CN)_y,385,P,100,-0.13,0.29,0.42,,0.42,0.0653457007465725,0.06501815131176833,0.13919999999999996,0.16,54,31,2olo_A_model_1_relaxed_repeat054_inv.csv,2olo_A_model_1_relaxed_repeat031_inv.csv,2olo_A_model_1_relaxed_repeat054,2olo_A_model_1_relaxed_repeat031,False,False,,9
TP(CN)_y,42,N,100,-0.16,0.23,0.39,,0.39,0.05215400659623768,0.051892581358032284,0.0846,0.08,97,63,2olo_A_model_1_relaxed_repeat097_inv.csv,2olo_A_model_1_relaxed_repeat063_inv.csv,2olo_A_model_1_relaxed_repeat097,2olo_A_model_1_relaxed_repeat063,False,False,,11
TP(CN)_y,140,E,100,-0.17,0.22,0.39,,0.39,0.14479871085982315,0.14407289821475794,-0.025,-0.13,56,16,2olo_A_model_1_relaxed_repeat056_inv.csv,2olo_A_model_1_relaxed_repeat016_inv.csv,2olo_A_model_1_relaxed_repeat056,2olo_A_model_1_relaxed_repeat016,False,False,,11
TP(CN)_y,330,E,100,-0.17,0.17,0.34,,0.34,0.04583005497917213,0.04560032894618196,0.026899999999999993,0.03,63,86,2olo_A_model_1_relaxed_repeat063_inv.csv,2olo_A_model_1_relaxed_repeat086_inv.csv,2olo_A_model_1_relaxed_repeat063,2olo_A_model_1_relaxed_repeat086,False,False,,13
TP(CN)_y,204,C,100,-0.04,0.3,0.33999999999999997,,0.33999999999999997,0.03483641424681589,0.03466179452942389,0.27160000000000006,0.27,81,97,2olo_A_model_1_relaxed_repeat081_inv.csv,2olo_A_model_1_relaxed_repeat097_inv.csv,2olo_A_model_1_relaxed_repeat081,2olo_A_model_1_relaxed_repeat097,False,False,,14
TP(CN)_y,266,A,100,-0.09,0.25,0.33999999999999997,,0.33999999999999997,0.10988497199666143,0.10933416666349086,0.030199999999999994,-0.025,37,7,2olo_A_model_1_relaxed_repeat037_inv.csv,2olo_A_model_1_relaxed_repeat007_inv.csv,2olo_A_model_1_relaxed_repeat037,2olo_A_model_1_relaxed_repeat007,False,False,,14
TP(CN)_y,329,P,100,-0.04,0.3,0.33999999999999997,,0.33999999999999997,0.054953699519769285,0.05467824064470253,0.09770000000000001,0.11,9,16,2olo_A_model_1_relaxed_repeat009_inv.csv,2olo_A_model_1_relaxed_repeat016_inv.csv,2olo_A_model_1_relaxed_repeat009,2olo_A_model_1_relaxed_repeat016,False,False,,14
TP(CN)_y,251,P,100,-0.39,-0.07,0.32,,0.32,0.0461140439617374,0.0458828944161111,-0.10260000000000001,-0.09,69,98,2olo_A_model_1_relaxed_repeat069_inv.csv,2olo_A_model_1_relaxed_repeat098_inv.csv,2olo_A_model_1_relaxed_repeat069,2olo_A_model_1_relaxed_repeat098,False,False,,17
TP(CN)_y,54,L,100,-0.55,-0.24,0.31000000000000005,,0.31000000000000005,0.05036944319804229,0.05011696319610757,-0.4327000000000001,-0.43,82,5,2olo_A_model_1_relaxed_repeat082_inv.csv,2olo_A_model_1_relaxed_repeat005_inv.csv,2olo_A_model_1_relaxed_repeat082,2olo_A_model_1_relaxed_repeat005,False,False,,18
TP(CN)_y,43,G,100,-0.08,0.22,0.3,,0.3,0.06521572593394102,0.06488882800605972,0.11879999999999998,0.135,34,44,2olo_A_model_1_relaxed_repeat034_inv.csv,2olo_A_model_1_relaxed_repeat044_inv.csv,2olo_A_model_1_relaxed_repeat034,2olo_A_model_1_relaxed_repeat044,False,False,,19
TP(CN)_y,148,G,100,-0.35,-0.05,0.3,,0.3,0.04855737000516174,0.04831397313407374,-0.16759999999999992,-0.17,79,35,2olo_A_model_1_relaxed_repeat079_inv.csv,2olo_A_model_1_relaxed_repeat035_inv.csv,2olo_A_model_1_relaxed_repeat079,2olo_A_model_1_relaxed_repeat035,False,False,,19
TP(CN)_y,252,Q,100,-0.26,0.04,0.3,,0.3,0.04769261849160579,0.04745355624186663,-0.15040000000000003,-0.16,7,70,2olo_A_model_1_relaxed_repeat007_inv.csv,2olo_A_model_1_relaxed_repeat070_inv.csv,2olo_A_model_1_relaxed_repeat007,2olo_A_model_1_relaxed_repeat070,False,False,,19
TP(NA)_x,268,G,100,-1.45,1.13,2.58,,2.58,0.9517076624402445,0.9469371679261511,-0.6320000000000001,-1.36,4,86,2olo_A_model_1_relaxed_repeat004_inv.csv,2olo_A_model_1_relaxed_repeat086_inv.csv,2olo_A_model_1_relaxed_repeat004,2olo_A_model_1_relaxed_repeat086,False,False,,1
TP(NA)_x,39,F,100,-1.11,0.68,1.79,,1.79,0.22294049575271124,0.22182299249626947,0.6284000000000001,0.66,2,90,2olo_A_model_1_relaxed_repeat002_inv.csv,2olo_A_model_1_relaxed_repeat090_inv.csv,2olo_A_model_1_relaxed_repeat002,2olo_A_model_1_relaxed_repeat090,False,False,,2
TP(NA)_x,388,A,100,-1.09,0.63,1.7200000000000002,,1.7200000000000002,0.2036087553434902,0.20258815365168817,-0.13979999999999998,-0.15,43,31,2olo_A_model_1_relaxed_repeat043_inv.csv,2olo_A_model_1_relaxed_repeat031_inv.csv,2olo_A_model_1_relaxed_repeat043,2olo_A_model_1_relaxed_repeat031,False,False,,3
TP(NA)_x,386,Q,100,-0.93,0.5,1.4300000000000002,,1.4300000000000002,0.30748604304369115,0.30594474991409804,-0.8058999999999998,-0.91,13,65,2olo_A_model_1_relaxed_repeat013_inv.csv,2olo_A_model_1_relaxed_repeat065_inv.csv,2olo_A_model_1_relaxed_repeat013,2olo_A_model_1_relaxed_repeat065,False,False,,4
TP(NA)_x,269,E,100,-0.77,0.61,1.38,,1.38,0.26124797616537637,0.2599384542540792,0.136,0.27,61,7,2olo_A_model_1_relaxed_repeat061_inv.csv,2olo_A_model_1_relaxed_repeat007_inv.csv,2olo_A_model_1_relaxed_repeat061,2olo_A_model_1_relaxed_repeat007,False,False,,5
TP(NA)_x,177,T,100,-0.59,0.66,1.25,,1.25,0.11969591100414044,0.11909592772215177,-0.5096,-0.52,5,92,2olo_A_model_1_relaxed_repeat005_inv.csv,2olo_A_model_1_relaxed_repeat092_inv.csv,2olo_A_model_1_relaxed_repeat005,2olo_A_model_1_relaxed_repeat092,False,False,,6
TP(NA)_x,332,Q,100,-0.41,0.79,1.2,,1.2,0.4553725414593545,0.4530899579553712,0.03569999999999998,-0.26,65,7,2olo_A_model_1_relaxed_repeat065_inv.csv,2olo_A_model_1_relaxed_repeat007_inv.csv,2olo_A_model_1_relaxed_repeat065,2olo_A_model_1_relaxed_repeat007,False,False,,7
TP(NA)_x,266,A,100,-1.24,-0.05,1.19,,1.19,0.3902462832829566,0.38829014924409294,-0.8674000000000001,-1.1549999999999998,48,61,2olo_A_model_1_relaxed_repeat048_inv.csv,2olo_A_model_1_relaxed_repeat061_inv.csv,2olo_A_model_1_relaxed_repeat048,2olo_A_model_1_relaxed_repeat061,False,False,,8
TP(NA)_x,43,G,100,-0.97,0.1,1.07,,1.07,0.21824978739272508,0.21715579660695222,-0.3444,-0.31,48,41,2olo_A_model_1_relaxed_repeat048_inv.csv,2olo_A_model_1_relaxed_repeat041_inv.csv,2olo_A_model_1_relaxed_repeat048,2olo_A_model_1_relaxed_repeat041,False,False,,9
TP(NA)_x,389,L,100,-0.0,1.05,1.05,,1.05,0.14188525026381088,0.14117404152322055,0.10670000000000002,0.07500000000000001,87,15,2olo_A_model_1_relaxed_repeat087_inv.csv,2olo_A_model_1_relaxed_repeat015_inv.csv,2olo_A_model_1_relaxed_repeat087,2olo_A_model_1_relaxed_repeat015,False,False,,10
TP(NA)_x,331,R,100,-0.49,0.55,1.04,,1.04,0.34694526975017287,0.34520618476498943,-0.11870000000000001,-0.34,40,63,2olo_A_model_1_relaxed_repeat040_inv.csv,2olo_A_model_1_relaxed_repeat063_inv.csv,2olo_A_model_1_relaxed_repeat040,2olo_A_model_1_relaxed_repeat063,False,False,,11
TP(NA)_x,325,L,100,-0.95,0.06,1.01,,1.01,0.09223728731764161,0.09177494211384717,-0.8256,-0.83,82,6,2olo_A_model_1_relaxed_repeat082_inv.csv,2olo_A_model_1_relaxed_repeat006_inv.csv,2olo_A_model_1_relaxed_repeat082,2olo_A_model_1_relaxed_repeat006,False,False,,12
TP(NA)_x,46,S,100,-1.33,-0.34,0.99,,0.99,0.18809904977232747,0.18715619145515866,-1.0784000000000002,-1.13,64,50,2olo_A_model_1_relaxed_repeat064_inv.csv,2olo_A_model_1_relaxed_repeat050_inv.csv,2olo_A_model_1_relaxed_repeat064,2olo_A_model_1_relaxed_repeat050,False,False,,13
TP(NA)_x,263,N,100,-0.42,0.56,0.98,,0.98,0.343988841726477,0.34226457602270205,0.21639999999999998,0.43,74,42,2olo_A_model_1_relaxed_repeat074_inv.csv,2olo_A_model_1_relaxed_repeat042_inv.csv,2olo_A_model_1_relaxed_repeat074,2olo_A_model_1_relaxed_repeat042,False,False,,14
TP(NA)_x,45,T,100,-1.23,-0.31,0.9199999999999999,,0.9199999999999999,0.21109612918662377,0.21003799656252675,-0.8297999999999999,-0.84,41,59,2olo_A_model_1_relaxed_repeat041_inv.csv,2olo_A_model_1_relaxed_repeat059_inv.csv,2olo_A_model_1_relaxed_repeat041,2olo_A_model_1_relaxed_repeat059,False,False,,15
TP(NA)_x,53,R,100,-1.12,-0.29,0.8300000000000001,,0.8300000000000001,0.14566059899990147,0.14493046608632706,-0.6746000000000002,-0.67,24,72,2olo_A_model_1_relaxed_repeat024_inv.csv,2olo_A_model_1_relaxed_repeat072_inv.csv,2olo_A_model_1_relaxed_repeat024,2olo_A_model_1_relaxed_repeat072,False,False,,16
TP(NA)_x,44,G,100,-0.21,0.6,0.8099999999999999,,0.8099999999999999,0.1486484225794325,0.14790331301225138,0.49310000000000015,0.54,43,33,2olo_A_model_1_relaxed_repeat043_inv.csv,2olo_A_model_1_relaxed_repeat033_inv.csv,2olo_A_model_1_relaxed_repeat043,2olo_A_model_1_relaxed_repeat033,False,False,,17
TP(NA)_x,47,G,100,-0.25,0.47,0.72,,0.72,0.13046068334555777,0.12980674096517483,0.1611,0.15,77,84,2olo_A_model_1_relaxed_repeat077_inv.csv,2olo_A_model_1_relaxed_repeat084_inv.csv,2olo_A_model_1_relaxed_repeat077,2olo_A_model_1_relaxed_repeat084,False,False,,18
TP(NA)_x,78,R,100,-0.14,0.56,0.7000000000000001,,0.7000000000000001,0.12998752853930862,0.1293359578771503,0.30610000000000004,0.29,77,6,2olo_A_model_1_relaxed_repeat077_inv.csv,2olo_A_model_1_relaxed_repeat006_inv.csv,2olo_A_model_1_relaxed_repeat077,2olo_A_model_1_relaxed_repeat006,False,False,,19
TP(NA)_x,385,P,100,0.31,0.95,0.6399999999999999,,0.6399999999999999,0.10592564573436605,0.10539468677310067,0.7414000000000001,0.77,31,54,2olo_A_model_1_relaxed_repeat031_inv.csv,2olo_A_model_1_relaxed_repeat054_inv.csv,2olo_A_model_1_relaxed_repeat031,2olo_A_model_1_relaxed_repeat054,False,False,,20
TP(NA)_y,44,G,100,-1.44,1.47,2.91,,2.91,0.5599539934204191,0.5571471888109999,-1.2651000000000001,-1.37,100,34,2olo_A_model_1_relaxed_repeat100_inv.csv,2olo_A_model_1_relaxed_repeat034_inv.csv,2olo_A_model_1_relaxed_repeat100,2olo_A_model_1_relaxed_repeat034,False,False,,1
TP(NA)_y,332,Q,100,-1.47,1.33,2.8,,2.8,1.297985011819894,1.2914787803134822,-0.5315999999999999,-1.43,16,70,2olo_A_model_1_relaxed_repeat016_inv.csv,2olo_A_model_1_relaxed_repeat070_inv.csv,2olo_A_model_1_relaxed_repeat016,2olo_A_model_1_relaxed_repeat070,False,False,,2
TP(NA)_y,39,F,100,-1.29,1.34,2.63,,2.63,0.34475127910487074,0.3430231916357844,1.2703000000000002,1.32,44,53,2olo_A_model_1_relaxed_repeat044_inv.csv,2olo_A_model_1_relaxed_repeat053_inv.csv,2olo_A_model_1_relaxed_repeat044,2olo_A_model_1_relaxed_repeat053,False,False,,3
TP(NA)_y,268,G,100,-1.45,0.32,1.77,,1.77,0.47582412292736476,0.4734390245850039,-0.7707,-0.49,1,7,2olo_A_model_1_relaxed_repeat001_inv.csv,2olo_A_model_1_relaxed_repeat007_inv.csv,2olo_A_model_1_relaxed_repeat001,2olo_A_model_1_relaxed_repeat007,False,False,,4
TP(NA)_y,46,S,100,-1.44,-0.62,0.82,,0.82,0.17760115910987664,0.1767109221299012,-0.9655,-0.935,50,64,2olo_A_model_1_relaxed_repeat050_inv.csv,2olo_A_model_1_relaxed_repeat064_inv.csv,2olo_A_model_1_relaxed_repeat050,2olo_A_model_1_relaxed_repeat064,False,False,,5
TP(NA)_y,266,A,100,-1.46,-0.77,0.69,,0.69,0.2654139324819923,0.26408352845264693,-1.0733000000000001,-0.885,61,48,2olo_A_model_1_relaxed_repeat061_inv.csv,2olo_A_model_1_relaxed_repeat048_inv.csv,2olo_A_model_1_relaxed_repeat061,2olo_A_model_1_relaxed_repeat048,False,False,,6
TP(NA)_y,45,T,100,-1.43,-0.79,0.6399999999999999,,0.6399999999999999,0.154101206413778,0.1533287644246832,-1.1773,-1.2,59,41,2olo_A_model_1_relaxed_repeat059_inv.csv,2olo_A_model_1_relaxed_repeat041_inv.csv,2olo_A_model_1_relaxed_repeat059,2olo_A_model_1_relaxed_repeat041,False,False,,7
TP(NA)_y,148,G,100,0.16,0.67,0.51,,0.51,0.0941814281806207,0.09370933784847697,0.3584000000000001,0.35,35,79,2olo_A_model_1_relaxed_repeat035_inv.csv,2olo_A_model_1_relaxed_repeat079_inv.csv,2olo_A_model_1_relaxed_repeat035,2olo_A_model_1_relaxed_repeat079,False,False,,8
TP(NA)_y,53,R,100,-1.43,-0.93,0.4999999999999999,,0.4999999999999999,0.08063034494067682,0.08022618026554675,-1.2823999999999998,-1.29,72,24,2olo_A_model_1_relaxed_repeat072_inv.csv,2olo_A_model_1_relaxed_repeat024_inv.csv,2olo_A_model_1_relaxed_repeat072,2olo_A_model_1_relaxed_repeat024,False,False,,9
TP(NA)_y,388,A,100,-1.46,-0.98,0.48,,0.48,0.06270695030187336,0.06239262776963317,-1.4353999999999996,-1.45,15,43,2olo_A_model_1_relaxed_repeat015_inv.csv,2olo_A_model_1_relaxed_repeat043_inv.csv,2olo_A_model_1_relaxed_repeat015,2olo_A_model_1_relaxed_repeat043,False,False,,10
TP(NA)_y,389,L,100,-1.47,-1.03,0.43999999999999995,,0.43999999999999995,0.05145116346811044,0.051193261275288955,-1.4595000000000002,-1.47,1,15,2olo_A_model_1_relaxed_repeat001_inv.csv,2olo_A_model_1_relaxed_repeat015_inv.csv,2olo_A_model_1_relaxed_repeat001,2olo_A_model_1_relaxed_repeat015,False,False,,11
TP(NA)_y,49,E,100,-1.14,-0.72,0.41999999999999993,,0.41999999999999993,0.09420689674296356,0.09373467874804929,-1.0109000000000001,-1.05,42,35,2olo_A_model_1_relaxed_repeat042_inv.csv,2olo_A_model_1_relaxed_repeat035_inv.csv,2olo_A_model_1_relaxed_repeat042,2olo_A_model_1_relaxed_repeat035,False,False,,12
TP(NA)_y,259,G,100,-0.84,-0.46,0.37999999999999995,,0.37999999999999995,0.06359944094792727,0.06328064475019197,-0.5766,-0.56,35,79,2olo_A_model_1_relaxed_repeat035_inv.csv,2olo_A_model_1_relaxed_repeat079_inv.csv,2olo_A_model_1_relaxed_repeat035,2olo_A_model_1_relaxed_repeat079,False,False,,13
TP(NA)_y,43,G,100,-1.46,-1.09,0.3699999999999999,,0.3699999999999999,0.0655064959381969,0.06517814050738174,-1.4041000000000003,-1.43,1,48,2olo_A_model_1_relaxed_repeat001_inv.csv,2olo_A_model_1_relaxed_repeat048_inv.csv,2olo_A_model_1_relaxed_repeat001,2olo_A_model_1_relaxed_repeat048,False,False,,14
TP(NA)_y,102,G,100,0.93,1.28,0.35,,0.35,0.06918070321245437,0.06883393058659369,1.0733000000000001,1.06,16,86,2olo_A_model_1_relaxed_repeat016_inv.csv,2olo_A_model_1_relaxed_repeat086_inv.csv,2olo_A_model_1_relaxed_repeat016,2olo_A_model_1_relaxed_repeat086,False,False,,15
TP(NA)_y,325,L,100,-1.47,-1.12,0.34999999999999987,,0.34999999999999987,0.031607440627648156,0.03144900634360329,-1.2035999999999998,-1.2,6,82,2olo_A_model_1_relaxed_repeat006_inv.csv,2olo_A_model_1_relaxed_repeat082_inv.csv,2olo_A_model_1_relaxed_repeat006,2olo_A_model_1_relaxed_repeat082,False,False,,16
TP(NA)_y,386,Q,100,-1.46,-1.13,0.33000000000000007,,0.33000000000000007,0.08191520622021904,0.08150460109711599,-1.179,-1.15,15,84,2olo_A_model_1_relaxed_repeat015_inv.csv,2olo_A_model_1_relaxed_repeat084_inv.csv,2olo_A_model_1_relaxed_repeat015,2olo_A_model_1_relaxed_repeat084,False,False,,17
TP(NA)_y,178,E,100,-0.65,-0.33,0.32,,0.32,0.030950596019130135,0.03079545420999665,-0.6158000000000001,-0.62,89,92,2olo_A_model_1_relaxed_repeat089_inv.csv,2olo_A_model_1_relaxed_repeat092_inv.csv,2olo_A_model_1_relaxed_repeat089,2olo_A_model_1_relaxed_repeat092,False,False,,18
TP(NA)_y,253,D,100,-0.43,-0.13,0.3,,0.3,0.04486781933770809,0.04464291657138901,-0.28990000000000005,-0.28,9,23,2olo_A_model_1_relaxed_repeat009_inv.csv,2olo_A_model_1_relaxed_repeat023_inv.csv,2olo_A_model_1_relaxed_repeat009,2olo_A_model_1_relaxed_repeat023,False,False,,19
TP(NA)_y,81,R,100,-1.15,-0.85,0.29999999999999993,,0.29999999999999993,0.05714371391854086,0.05685727745856286,-0.9395,-0.92,77,91,2olo_A_model_1_relaxed_repeat077_inv.csv,2olo_A_model_1_relaxed_repeat091_inv.csv,2olo_A_model_1_relaxed_repeat077,2olo_A_model_1_relaxed_repeat091,False,False,,20
angle(A),388,A,100,103.73,115.14,11.409999999999997,,11.409999999999997,1.7157849927698228,1.7071845125820462,113.08519999999999,113.4,52,23,2olo_A_model_1_relaxed_repeat052_inv.csv,2olo_A_model_1_relaxed_repeat023_inv.csv,2olo_A_model_1_relaxed_repeat052,2olo_A_model_1_relaxed_repeat023,False,False,,1
angle(A),268,G,100,108.34,119.17,10.829999999999998,,10.829999999999998,4.269839256075956,4.248436418260252,112.58599999999998,109.42,98,62,2olo_A_model_1_relaxed_repeat098_inv.csv,2olo_A_model_1_relaxed_repeat062_inv.csv,2olo_A_model_1_relaxed_repeat098,2olo_A_model_1_relaxed_repeat062,False,False,,2
angle(A),386,Q,100,107.58,115.91,8.329999999999998,,8.329999999999998,1.6114335922470469,1.6033561800174032,108.4664,108.0,2,52,2olo_A_model_1_relaxed_repeat002_inv.csv,2olo_A_model_1_relaxed_repeat052_inv.csv,2olo_A_model_1_relaxed_repeat002,2olo_A_model_1_relaxed_repeat052,False,False,,3
angle(A),385,P,100,108.08,116.3,8.219999999999999,,8.219999999999999,1.2795583360494105,1.2731444694142142,111.68540000000002,111.65,74,52,2olo_A_model_1_relaxed_repeat074_inv.csv,2olo_A_model_1_relaxed_repeat052_inv.csv,2olo_A_model_1_relaxed_repeat074,2olo_A_model_1_relaxed_repeat052,False,False,,4
angle(A),38,F,100,109.78,116.7,6.920000000000002,,6.920000000000002,0.8361817984146745,0.8319903845598213,110.522,110.4,23,2,2olo_A_model_1_relaxed_repeat023_inv.csv,2olo_A_model_1_relaxed_repeat002_inv.csv,2olo_A_model_1_relaxed_repeat023,2olo_A_model_1_relaxed_repeat002,False,False,,5
angle(A),387,S,100,107.48,114.19,6.709999999999994,,6.709999999999994,0.7726317284960462,0.7687588633635388,109.93089999999998,109.87,31,43,2olo_A_model_1_relaxed_repeat031_inv.csv,2olo_A_model_1_relaxed_repeat043_inv.csv,2olo_A_model_1_relaxed_repeat031,2olo_A_model_1_relaxed_repeat043,False,False,,6
angle(A),267,P,100,107.85,114.07,6.219999999999999,,6.219999999999999,0.943876484600511,0.9391452443578685,109.8161,109.56,4,62,2olo_A_model_1_relaxed_repeat004_inv.csv,2olo_A_model_1_relaxed_repeat062_inv.csv,2olo_A_model_1_relaxed_repeat004,2olo_A_model_1_relaxed_repeat062,False,False,,7
angle(A),332,Q,100,111.37,117.53,6.159999999999997,,6.159999999999997,1.814795021399654,1.8056982472162952,113.83720000000001,112.76,64,7,2olo_A_model_1_relaxed_repeat064_inv.csv,2olo_A_model_1_relaxed_repeat007_inv.csv,2olo_A_model_1_relaxed_repeat064,2olo_A_model_1_relaxed_repeat007,False,False,,8
angle(A),331,R,100,107.67,113.55,5.8799999999999955,,5.8799999999999955,1.1392005171091777,1.1334902028689968,111.53859999999997,111.25,16,15,2olo_A_model_1_relaxed_repeat016_inv.csv,2olo_A_model_1_relaxed_repeat015_inv.csv,2olo_A_model_1_relaxed_repeat016,2olo_A_model_1_relaxed_repeat015,False,False,,9
angle(A),389,L,100,107.82,113.61,5.790000000000006,,5.790000000000006,1.17423981426885,1.1683538633479162,112.63250000000002,112.99,54,98,2olo_A_model_1_relaxed_repeat054_inv.csv,2olo_A_model_1_relaxed_repeat098_inv.csv,2olo_A_model_1_relaxed_repeat054,2olo_A_model_1_relaxed_repeat098,False,False,,10
angle(A),43,G,100,110.81,115.73,4.920000000000002,,4.920000000000002,0.7816589713390019,0.7777408565839903,112.62539999999998,112.675,48,97,2olo_A_model_1_relaxed_repeat048_inv.csv,2olo_A_model_1_relaxed_repeat097_inv.csv,2olo_A_model_1_relaxed_repeat048,2olo_A_model_1_relaxed_repeat097,False,False,,11
angle(A),325,L,100,108.77,113.67,4.900000000000006,,4.900000000000006,0.4836548147160121,0.48123046453856205,109.3018,109.235,95,6,2olo_A_model_1_relaxed_repeat095_inv.csv,2olo_A_model_1_relaxed_repeat006_inv.csv,2olo_A_model_1_relaxed_repeat095,2olo_A_model_1_relaxed_repeat006,False,False,,12
angle(A),177,T,100,112.44,117.21,4.769999999999996,,4.769999999999996,0.4611844544323891,0.4588727383490976,112.6859,112.64,5,92,2olo_A_model_1_relaxed_repeat005_inv.csv,2olo_A_model_1_relaxed_repeat092_inv.csv,2olo_A_model_1_relaxed_repeat005,2olo_A_model_1_relaxed_repeat092,False,False,,13
angle(A),39,F,100,110.95,115.33,4.3799999999999955,,4.3799999999999955,0.5769576337228853,0.5740655972970337,115.06630000000001,115.15,2,29,2olo_A_model_1_relaxed_repeat002_inv.csv,2olo_A_model_1_relaxed_repeat029_inv.csv,2olo_A_model_1_relaxed_repeat002,2olo_A_model_1_relaxed_repeat029,False,False,,14
angle(A),55,Q,100,111.4,115.23,3.8299999999999983,,3.8299999999999983,0.7589446686689415,0.7551404107846429,113.56360000000001,113.795,64,96,2olo_A_model_1_relaxed_repeat064_inv.csv,2olo_A_model_1_relaxed_repeat096_inv.csv,2olo_A_model_1_relaxed_repeat064,2olo_A_model_1_relaxed_repeat096,False,False,,15
angle(A),178,E,100,107.45,111.14,3.6899999999999977,,3.6899999999999977,0.3649283311400838,0.3630991049286679,110.92479999999999,110.96000000000001,92,65,2olo_A_model_1_relaxed_repeat092_inv.csv,2olo_A_model_1_relaxed_repeat065_inv.csv,2olo_A_model_1_relaxed_repeat092,2olo_A_model_1_relaxed_repeat065,False,False,,16
angle(A),54,L,100,109.14,112.8,3.6599999999999966,,3.6599999999999966,0.6050986980182941,0.602065602737775,111.49010000000003,111.555,91,33,2olo_A_model_1_relaxed_repeat091_inv.csv,2olo_A_model_1_relaxed_repeat033_inv.csv,2olo_A_model_1_relaxed_repeat091,2olo_A_model_1_relaxed_repeat033,False,False,,17
angle(A),46,S,100,110.09,113.59,3.5,,3.5,0.7742606509151533,0.7703796207065717,111.20180000000002,110.91,7,34,2olo_A_model_1_relaxed_repeat007_inv.csv,2olo_A_model_1_relaxed_repeat034_inv.csv,2olo_A_model_1_relaxed_repeat007,2olo_A_model_1_relaxed_repeat034,False,False,,18
angle(A),266,A,100,108.19,111.64,3.450000000000003,,3.450000000000003,1.0236700216042822,1.018538811238923,109.78370000000001,109.28999999999999,55,1,2olo_A_model_1_relaxed_repeat055_inv.csv,2olo_A_model_1_relaxed_repeat001_inv.csv,2olo_A_model_1_relaxed_repeat055,2olo_A_model_1_relaxed_repeat001,False,False,,19
angle(A),269,E,100,111.79,115.22,3.4299999999999926,,3.4299999999999926,0.4202070076675653,0.41810069361339264,113.6609,113.64,4,62,2olo_A_model_1_relaxed_repeat004_inv.csv,2olo_A_model_1_relaxed_repeat062_inv.csv,2olo_A_model_1_relaxed_repeat004,2olo_A_model_1_relaxed_repeat062,False,False,,20
angle(C),268,G,100,113.01,121.19,8.179999999999993,,8.179999999999993,1.0686920685462846,1.06333518233904,116.7977,116.525,7,1,2olo_A_model_1_relaxed_repeat007_inv.csv,2olo_A_model_1_relaxed_repeat001_inv.csv,2olo_A_model_1_relaxed_repeat007,2olo_A_model_1_relaxed_repeat001,False,False,,1
angle(C),325,L,100,119.53,126.64,7.109999999999999,,7.109999999999999,0.6971090302097657,0.693614727352296,119.8069,119.72,76,6,2olo_A_model_1_relaxed_repeat076_inv.csv,2olo_A_model_1_relaxed_repeat006_inv.csv,2olo_A_model_1_relaxed_repeat076,2olo_A_model_1_relaxed_repeat006,False,False,,2
angle(C),177,T,100,111.44,118.39,6.950000000000003,,6.950000000000003,0.6844897753255724,0.6810587272768774,118.1799,118.25,92,71,2olo_A_model_1_relaxed_repeat092_inv.csv,2olo_A_model_1_relaxed_repeat071_inv.csv,2olo_A_model_1_relaxed_repeat092,2olo_A_model_1_relaxed_repeat071,False,False,,3
angle(C),176,V,100,112.41,116.73,4.320000000000007,,4.320000000000007,0.4280405319239024,0.425894951836718,116.49570000000001,116.56,92,71,2olo_A_model_1_relaxed_repeat092_inv.csv,2olo_A_model_1_relaxed_repeat071_inv.csv,2olo_A_model_1_relaxed_repeat092,2olo_A_model_1_relaxed_repeat071,False,False,,4
angle(C),330,E,100,116.46,120.58,4.1200000000000045,,4.1200000000000045,1.1551680799473705,1.1493777272942094,118.68780000000001,118.195,49,74,2olo_A_model_1_relaxed_repeat049_inv.csv,2olo_A_model_1_relaxed_repeat074_inv.csv,2olo_A_model_1_relaxed_repeat049,2olo_A_model_1_relaxed_repeat074,False,False,,5
angle(C),267,P,100,114.4,118.44,4.039999999999992,,4.039999999999992,0.9301088021507932,0.9254465732823259,115.62920000000003,115.285,16,7,2olo_A_model_1_relaxed_repeat016_inv.csv,2olo_A_model_1_relaxed_repeat007_inv.csv,2olo_A_model_1_relaxed_repeat016,2olo_A_model_1_relaxed_repeat007,False,False,,6
angle(C),386,Q,100,116.58,120.51,3.930000000000007,,3.930000000000007,0.6289326777416748,0.6257801131387928,117.36149999999999,117.24,98,52,2olo_A_model_1_relaxed_repeat098_inv.csv,2olo_A_model_1_relaxed_repeat052_inv.csv,2olo_A_model_1_relaxed_repeat098,2olo_A_model_1_relaxed_repeat052,False,False,,7
angle(C),332,Q,100,117.34,120.74,3.3999999999999915,,3.3999999999999915,0.8967092250799217,0.8922144136921344,119.16879999999998,118.68,16,36,2olo_A_model_1_relaxed_repeat016_inv.csv,2olo_A_model_1_relaxed_repeat036_inv.csv,2olo_A_model_1_relaxed_repeat016,2olo_A_model_1_relaxed_repeat036,False,False,,8
angle(C),329,P,100,117.32,120.66,3.3400000000000034,,3.3400000000000034,0.8506037012414516,0.846339996691637,118.8919,118.685,34,16,2olo_A_model_1_relaxed_repeat034_inv.csv,2olo_A_model_1_relaxed_repeat016_inv.csv,2olo_A_model_1_relaxed_repeat034,2olo_A_model_1_relaxed_repeat016,False,False,,9
angle(C),324,V,100,116.05,119.38,3.3299999999999983,,3.3299999999999983,0.3141510284669921,0.31257632667878127,118.80019999999999,118.83500000000001,6,100,2olo_A_model_1_relaxed_repeat006_inv.csv,2olo_A_model_1_relaxed_repeat100_inv.csv,2olo_A_model_1_relaxed_repeat006,2olo_A_model_1_relaxed_repeat100,False,False,,10
angle(C),387,S,100,115.43,118.56,3.1299999999999955,,3.1299999999999955,0.5876393022041233,0.5846937232432032,115.8695,115.655,70,43,2olo_A_model_1_relaxed_repeat070_inv.csv,2olo_A_model_1_relaxed_repeat043_inv.csv,2olo_A_model_1_relaxed_repeat070,2olo_A_model_1_relaxed_repeat043,False,False,,11
angle(C),53,R,100,115.19,118.31,3.1200000000000045,,3.1200000000000045,0.6869856864108115,0.6835421274508254,117.3304,117.525,75,87,2olo_A_model_1_relaxed_repeat075_inv.csv,2olo_A_model_1_relaxed_repeat087_inv.csv,2olo_A_model_1_relaxed_repeat075,2olo_A_model_1_relaxed_repeat087,False,False,,12
angle(C),54,L,100,114.97,117.91,2.9399999999999977,,2.9399999999999977,0.610683298370842,0.6076222099298214,115.9225,115.68,2,91,2olo_A_model_1_relaxed_repeat002_inv.csv,2olo_A_model_1_relaxed_repeat091_inv.csv,2olo_A_model_1_relaxed_repeat002,2olo_A_model_1_relaxed_repeat091,False,False,,13
angle(C),331,R,100,115.76,118.58,2.819999999999993,,2.819999999999993,0.47351745245320964,0.4711439164416748,116.7121,116.64500000000001,23,16,2olo_A_model_1_relaxed_repeat023_inv.csv,2olo_A_model_1_relaxed_repeat016_inv.csv,2olo_A_model_1_relaxed_repeat023,2olo_A_model_1_relaxed_repeat016,False,False,,14
angle(C),220,A,100,116.18,118.92,2.739999999999995,,2.739999999999995,0.4525672113709525,0.450298689760474,117.66470000000001,117.71,31,2,2olo_A_model_1_relaxed_repeat031_inv.csv,2olo_A_model_1_relaxed_repeat002_inv.csv,2olo_A_model_1_relaxed_repeat031,2olo_A_model_1_relaxed_repeat002,False,False,,15
angle(C),64,L,100,118.19,120.83,2.6400000000000006,,2.6400000000000006,0.8257514178252459,0.8216122869090992,118.9285,118.5,18,69,2olo_A_model_1_relaxed_repeat018_inv.csv,2olo_A_model_1_relaxed_repeat069_inv.csv,2olo_A_model_1_relaxed_repeat018,2olo_A_model_1_relaxed_repeat069,False,False,,16
angle(C),43,G,100,116.26,118.72,2.4599999999999937,,2.4599999999999937,0.43952481227578083,0.43732166651104737,116.81759999999998,116.705,11,34,2olo_A_model_1_relaxed_repeat011_inv.csv,2olo_A_model_1_relaxed_repeat034_inv.csv,2olo_A_model_1_relaxed_repeat011,2olo_A_model_1_relaxed_repeat034,False,False,,17
angle(C),252,Q,100,117.61,120.06,2.450000000000003,,2.450000000000003,0.33873637733986167,0.33703843994416993,119.15469999999999,119.16,23,49,2olo_A_model_1_relaxed_repeat023_inv.csv,2olo_A_model_1_relaxed_repeat049_inv.csv,2olo_A_model_1_relaxed_repeat023,2olo_A_model_1_relaxed_repeat049,False,False,,18
angle(C),251,P,100,116.79,119.19,2.3999999999999915,,2.3999999999999915,0.33739134427533696,0.3357001489424748,118.7721,118.805,32,61,2olo_A_model_1_relaxed_repeat032_inv.csv,2olo_A_model_1_relaxed_repeat061_inv.csv,2olo_A_model_1_relaxed_repeat032,2olo_A_model_1_relaxed_repeat061,False,False,,19
angle(C),242,F,100,116.6,118.95,2.3500000000000085,,2.3500000000000085,0.43968243820358194,0.43747850232897184,117.0184,116.875,82,85,2olo_A_model_1_relaxed_repeat082_inv.csv,2olo_A_model_1_relaxed_repeat085_inv.csv,2olo_A_model_1_relaxed_repeat082,2olo_A_model_1_relaxed_repeat085,False,False,,20
angle(N),268,G,100,118.57,129.42,10.849999999999994,,10.849999999999994,1.8022529419220454,1.793219035700882,123.7543,124.31,7,62,2olo_A_model_1_relaxed_repeat007_inv.csv,2olo_A_model_1_relaxed_repeat062_inv.csv,2olo_A_model_1_relaxed_repeat007,2olo_A_model_1_relaxed_repeat062,False,False,,1
angle(N),177,T,100,123.82,132.43,8.610000000000014,,8.610000000000014,0.8512228814707669,0.8469560732411104,124.1471,124.015,46,92,2olo_A_model_1_relaxed_repeat046_inv.csv,2olo_A_model_1_relaxed_repeat092_inv.csv,2olo_A_model_1_relaxed_repeat046,2olo_A_model_1_relaxed_repeat092,False,False,,2
angle(N),332,Q,100,120.34,128.59,8.25,,8.25,2.686606277988886,2.6731394950507172,123.93180000000004,122.215,16,36,2olo_A_model_1_relaxed_repeat016_inv.csv,2olo_A_model_1_relaxed_repeat036_inv.csv,2olo_A_model_1_relaxed_repeat016,2olo_A_model_1_relaxed_repeat036,False,False,,3
angle(N),388,A,100,119.7,126.83,7.1299999999999955,,7.1299999999999955,1.0222458143961786,1.0171217429590231,124.95559999999999,125.23,52,65,2olo_A_model_1_relaxed_repeat052_inv.csv,2olo_A_model_1_relaxed_repeat065_inv.csv,2olo_A_model_1_relaxed_repeat052,2olo_A_model_1_relaxed_repeat065,False,False,,4
angle(N),325,L,100,122.57,129.25,6.680000000000007,,6.680000000000007,0.6414503767701645,0.6382350664136217,122.95799999999997,122.89,86,6,2olo_A_model_1_relaxed_repeat086_inv.csv,2olo_A_model_1_relaxed_repeat006_inv.csv,2olo_A_model_1_relaxed_repeat086,2olo_A_model_1_relaxed_repeat006,False,False,,5
angle(N),389,L,100,119.53,125.74,6.209999999999994,,6.209999999999994,1.036060916269995,1.0308675957658187,124.696,124.94,54,100,2olo_A_model_1_relaxed_repeat054_inv.csv,2olo_A_model_1_relaxed_repeat100_inv.csv,2olo_A_model_1_relaxed_repeat054,2olo_A_model_1_relaxed_repeat100,False,False,,6
angle(N),55,Q,100,121.74,127.14,5.400000000000006,,5.400000000000006,0.9032933905962941,0.8987655756647557,123.40620000000001,123.33,77,44,2olo_A_model_1_relaxed_repeat077_inv.csv,2olo_A_model_1_relaxed_repeat044_inv.csv,2olo_A_model_1_relaxed_repeat077,2olo_A_model_1_relaxed_repeat044,False,False,,7
angle(N),269,E,100,121.06,126.07,5.009999999999991,,5.009999999999991,0.6634465488886976,0.6601209813359971,123.3373,123.215,1,7,2olo_A_model_1_relaxed_repeat001_inv.csv,2olo_A_model_1_relaxed_repeat007_inv.csv,2olo_A_model_1_relaxed_repeat001,2olo_A_model_1_relaxed_repeat007,False,False,,8
angle(N),386,Q,100,122.24,127.08,4.840000000000003,,4.840000000000003,0.4971614273538174,0.49466937443104386,124.72389999999997,124.7,31,54,2olo_A_model_1_relaxed_repeat031_inv.csv,2olo_A_model_1_relaxed_repeat054_inv.csv,2olo_A_model_1_relaxed_repeat031,2olo_A_model_1_relaxed_repeat054,False,False,,9
angle(N),252,Q,100,123.27,127.85,4.579999999999998,,4.579999999999998,0.6266654658273472,0.6235242657667783,124.7257,124.7,25,23,2olo_A_model_1_relaxed_repeat025_inv.csv,2olo_A_model_1_relaxed_repeat023_inv.csv,2olo_A_model_1_relaxed_repeat025,2olo_A_model_1_relaxed_repeat023,False,False,,10
angle(N),44,G,100,121.21,125.43,4.220000000000013,,4.220000000000013,0.6568602621870226,0.6535677088106481,123.0255,123.04,59,97,2olo_A_model_1_relaxed_repeat059_inv.csv,2olo_A_model_1_relaxed_repeat097_inv.csv,2olo_A_model_1_relaxed_repeat059,2olo_A_model_1_relaxed_repeat097,False,False,,11
angle(N),38,F,100,119.69,123.77,4.079999999999998,,4.079999999999998,0.448578664430017,0.4463301356619331,120.20210000000002,120.155,23,2,2olo_A_model_1_relaxed_repeat023_inv.csv,2olo_A_model_1_relaxed_repeat002_inv.csv,2olo_A_model_1_relaxed_repeat023,2olo_A_model_1_relaxed_repeat002,False,False,,12
angle(N),331,R,100,121.87,125.55,3.6799999999999926,,3.6799999999999926,0.9065730789488219,0.9020288243731457,124.40199999999997,124.795,36,100,2olo_A_model_1_relaxed_repeat036_inv.csv,2olo_A_model_1_relaxed_repeat100_inv.csv,2olo_A_model_1_relaxed_repeat036,2olo_A_model_1_relaxed_repeat100,False,False,,13
angle(N),387,S,100,118.61,122.18,3.5700000000000074,,3.5700000000000074,0.4440865667726046,0.4418605549265517,121.47449999999999,121.545,52,15,2olo_A_model_1_relaxed_repeat052_inv.csv,2olo_A_model_1_relaxed_repeat015_inv.csv,2olo_A_model_1_relaxed_repeat052,2olo_A_model_1_relaxed_repeat015,False,False,,14
angle(N),100,N,100,121.88,125.19,3.3100000000000023,,3.3100000000000023,0.4982695712729862,0.49577196370912285,122.36039999999997,122.285,5,82,2olo_A_model_1_relaxed_repeat005_inv.csv,2olo_A_model_1_relaxed_repeat082_inv.csv,2olo_A_model_1_relaxed_repeat005,2olo_A_model_1_relaxed_repeat082,False,False,,15
angle(N),46,S,100,123.59,126.84,3.25,,3.25,0.5660520285184916,0.5632146571246173,125.59850000000002,125.63,50,41,2olo_A_model_1_relaxed_repeat050_inv.csv,2olo_A_model_1_relaxed_repeat041_inv.csv,2olo_A_model_1_relaxed_repeat050,2olo_A_model_1_relaxed_repeat041,False,False,,16
angle(N),54,L,100,120.5,123.75,3.25,,3.25,0.46828130844438315,0.4659340189340114,122.1143,122.08,20,24,2olo_A_model_1_relaxed_repeat020_inv.csv,2olo_A_model_1_relaxed_repeat024_inv.csv,2olo_A_model_1_relaxed_repeat020,2olo_A_model_1_relaxed_repeat024,False,False,,16
angle(N),49,E,100,122.2,125.26,3.0600000000000023,,3.0600000000000023,0.7363114391027313,0.7326206317051137,123.3399,123.445,74,92,2olo_A_model_1_relaxed_repeat074_inv.csv,2olo_A_model_1_relaxed_repeat092_inv.csv,2olo_A_model_1_relaxed_repeat074,2olo_A_model_1_relaxed_repeat092,False,False,,18
angle(N),47,G,100,122.26,125.3,3.039999999999992,,3.039999999999992,0.43051544159826044,0.42835745587067786,122.8517,122.805,89,11,2olo_A_model_1_relaxed_repeat089_inv.csv,2olo_A_model_1_relaxed_repeat011_inv.csv,2olo_A_model_1_relaxed_repeat089,2olo_A_model_1_relaxed_repeat011,False,False,,19
angle(N),53,R,100,121.81,124.76,2.950000000000003,,2.950000000000003,0.4621875521185458,0.45987080794501417,123.69220000000001,123.725,75,7,2olo_A_model_1_relaxed_repeat075_inv.csv,2olo_A_model_1_relaxed_repeat007_inv.csv,2olo_A_model_1_relaxed_repeat075,2olo_A_model_1_relaxed_repeat007,False,False,,20
angle(N),385,P,100,121.45,124.4,2.950000000000003,,2.950000000000003,0.4226296226955679,0.4205111651312009,122.80939999999998,122.85499999999999,62,54,2olo_A_model_1_relaxed_repeat062_inv.csv,2olo_A_model_1_relaxed_repeat054_inv.csv,2olo_A_model_1_relaxed_repeat062,2olo_A_model_1_relaxed_repeat054,False,False,,20
length(A),268,G,100,1.444,1.475,0.03100000000000014,,0.03100000000000014,0.008940679928045614,0.008895864207596705,1.4539399999999998,1.449,12,77,2olo_A_model_1_relaxed_repeat012_inv.csv,2olo_A_model_1_relaxed_repeat077_inv.csv,2olo_A_model_1_relaxed_repeat012,2olo_A_model_1_relaxed_repeat077,False,False,,1
length(A),385,P,100,1.443,1.468,0.02499999999999991,,0.02499999999999991,0.0036604768690829,0.003642128498556859,1.4540700000000004,1.454,62,54,2olo_A_model_1_relaxed_repeat062_inv.csv,2olo_A_model_1_relaxed_repeat054_inv.csv,2olo_A_model_1_relaxed_repeat062,2olo_A_model_1_relaxed_repeat054,False,False,,2
length(A),269,E,100,1.456,1.477,0.02100000000000013,,0.02100000000000013,0.0025806388685162772,0.0025677032538827384,1.4628700000000001,1.463,86,1,2olo_A_model_1_relaxed_repeat086_inv.csv,2olo_A_model_1_relaxed_repeat001_inv.csv,2olo_A_model_1_relaxed_repeat086,2olo_A_model_1_relaxed_repeat001,False,False,,3
length(A),387,S,100,1.454,1.474,0.020000000000000018,,0.020000000000000018,0.002125625279366719,0.002114970448966135,1.4641300000000002,1.464,31,61,2olo_A_model_1_relaxed_repeat031_inv.csv,2olo_A_model_1_relaxed_repeat061_inv.csv,2olo_A_model_1_relaxed_repeat031,2olo_A_model_1_relaxed_repeat061,False,False,,4
length(A),388,A,100,1.45,1.469,0.019000000000000128,,0.019000000000000128,0.002445362545676614,0.0024331050121192944,1.4576000000000002,1.457,31,43,2olo_A_model_1_relaxed_repeat031_inv.csv,2olo_A_model_1_relaxed_repeat043_inv.csv,2olo_A_model_1_relaxed_repeat031,2olo_A_model_1_relaxed_repeat043,False,False,,5
length(A),38,F,100,1.465,1.484,0.018999999999999906,,0.018999999999999906,0.0023701851779508185,0.0023583044756773828,1.4672800000000004,1.467,53,2,2olo_A_model_1_relaxed_repeat053_inv.csv,2olo_A_model_1_relaxed_repeat002_inv.csv,2olo_A_model_1_relaxed_repeat053,2olo_A_model_1_relaxed_repeat002,False,False,,6
length(A),55,Q,100,1.441,1.46,0.018999999999999906,,0.018999999999999906,0.004325353958774575,0.004303672850020087,1.4487199999999998,1.447,2,91,2olo_A_model_1_relaxed_repeat002_inv.csv,2olo_A_model_1_relaxed_repeat091_inv.csv,2olo_A_model_1_relaxed_repeat002,2olo_A_model_1_relaxed_repeat091,False,False,,6
length(A),330,E,100,1.457,1.476,0.018999999999999906,,0.018999999999999906,0.006198533550914955,0.006167463011644268,1.4663199999999998,1.468,19,54,2olo_A_model_1_relaxed_repeat019_inv.csv,2olo_A_model_1_relaxed_repeat054_inv.csv,2olo_A_model_1_relaxed_repeat019,2olo_A_model_1_relaxed_repeat054,False,False,,6
length(A),43,G,100,1.459,1.477,0.018000000000000016,,0.018000000000000016,0.002562570521325745,0.002549725475418878,1.4638300000000002,1.464,26,97,2olo_A_model_1_relaxed_repeat026_inv.csv,2olo_A_model_1_relaxed_repeat097_inv.csv,2olo_A_model_1_relaxed_repeat026,2olo_A_model_1_relaxed_repeat097,False,False,,9
length(A),252,Q,100,1.448,1.466,0.018000000000000016,,0.018000000000000016,0.003430463643311327,0.003413268228545775,1.4626400000000006,1.463,23,87,2olo_A_model_1_relaxed_repeat023_inv.csv,2olo_A_model_1_relaxed_repeat087_inv.csv,2olo_A_model_1_relaxed_repeat023,2olo_A_model_1_relaxed_repeat087,False,False,,9
length(A),333,F,100,1.46,1.478,0.018000000000000016,,0.018000000000000016,0.0037645207080870464,0.0037456508112743286,1.46849,1.467,16,72,2olo_A_model_1_relaxed_repeat016_inv.csv,2olo_A_model_1_relaxed_repeat072_inv.csv,2olo_A_model_1_relaxed_repeat016,2olo_A_model_1_relaxed_repeat072,False,False,,9
length(A),65,T,100,1.466,1.483,0.017000000000000126,,0.017000000000000126,0.005645378909364997,0.005617081092524843,1.4712200000000002,1.468,10,19,2olo_A_model_1_relaxed_repeat010_inv.csv,2olo_A_model_1_relaxed_repeat019_inv.csv,2olo_A_model_1_relaxed_repeat010,2olo_A_model_1_relaxed_repeat019,False,False,,12
length(A),332,Q,100,1.459,1.475,0.016000000000000014,,0.016000000000000014,0.0036536407745002713,0.003635326670328271,1.4686199999999996,1.468,64,75,2olo_A_model_1_relaxed_repeat064_inv.csv,2olo_A_model_1_relaxed_repeat075_inv.csv,2olo_A_model_1_relaxed_repeat064,2olo_A_model_1_relaxed_repeat075,False,False,,13
length(A),340,D,100,1.456,1.472,0.016000000000000014,,0.016000000000000014,0.001649334117243387,0.0016410667262485071,1.4671300000000003,1.467,52,65,2olo_A_model_1_relaxed_repeat052_inv.csv,2olo_A_model_1_relaxed_repeat065_inv.csv,2olo_A_model_1_relaxed_repeat052,2olo_A_model_1_relaxed_repeat065,False,False,,13
length(A),46,S,100,1.462,1.477,0.015000000000000124,,0.015000000000000124,0.0020201010075756357,0.0020099751242241824,1.4700000000000002,1.47,11,50,2olo_A_model_1_relaxed_repeat011_inv.csv,2olo_A_model_1_relaxed_repeat050_inv.csv,2olo_A_model_1_relaxed_repeat011,2olo_A_model_1_relaxed_repeat050,False,False,,15
length(A),331,R,100,1.454,1.469,0.015000000000000124,,0.015000000000000124,0.003218381549471698,0.0032022492095400775,1.4641599999999995,1.465,86,75,2olo_A_model_1_relaxed_repeat086_inv.csv,2olo_A_model_1_relaxed_repeat075_inv.csv,2olo_A_model_1_relaxed_repeat086,2olo_A_model_1_relaxed_repeat075,False,False,,15
length(A),389,L,100,1.457,1.472,0.014999999999999902,,0.014999999999999902,0.0025120919689784523,0.002499499949989993,1.4699500000000005,1.47,74,88,2olo_A_model_1_relaxed_repeat074_inv.csv,2olo_A_model_1_relaxed_repeat088_inv.csv,2olo_A_model_1_relaxed_repeat074,2olo_A_model_1_relaxed_repeat088,False,False,,17
length(A),62,F,100,1.449,1.463,0.014000000000000012,,0.014000000000000012,0.0021759706994462173,0.002165063509461091,1.4582499999999996,1.458,91,15,2olo_A_model_1_relaxed_repeat091_inv.csv,2olo_A_model_1_relaxed_repeat015_inv.csv,2olo_A_model_1_relaxed_repeat091,2olo_A_model_1_relaxed_repeat015,False,False,,18
length(A),178,E,100,1.45,1.464,0.014000000000000012,,0.014000000000000012,0.00156991925418045,0.0015620499351813423,1.4620000000000002,1.462,92,97,2olo_A_model_1_relaxed_repeat092_inv.csv,2olo_A_model_1_relaxed_repeat097_inv.csv,2olo_A_model_1_relaxed_repeat092,2olo_A_model_1_relaxed_repeat097,False,False,,18
length(A),267,P,100,1.449,1.463,0.014000000000000012,,0.014000000000000012,0.004632602950934832,0.004609381737283214,1.4545599999999996,1.452,10,78,2olo_A_model_1_relaxed_repeat010_inv.csv,2olo_A_model_1_relaxed_repeat078_inv.csv,2olo_A_model_1_relaxed_repeat010,2olo_A_model_1_relaxed_repeat078,False,False,,18
length(A),326,P,100,1.452,1.466,0.014000000000000012,,0.014000000000000012,0.001602365675361201,0.0015943337166352597,1.4564100000000002,1.456,13,6,2olo_A_model_1_relaxed_repeat013_inv.csv,2olo_A_model_1_relaxed_repeat006_inv.csv,2olo_A_model_1_relaxed_repeat013,2olo_A_model_1_relaxed_repeat006,False,False,,18
length(A),341,L,100,1.46,1.474,0.014000000000000012,,0.014000000000000012,0.0019251393757755818,0.0019154894935759844,1.4630300000000003,1.463,48,52,2olo_A_model_1_relaxed_repeat048_inv.csv,2olo_A_model_1_relaxed_repeat052_inv.csv,2olo_A_model_1_relaxed_repeat048,2olo_A_model_1_relaxed_repeat052,False,False,,18
length(A),386,Q,100,1.452,1.466,0.014000000000000012,,0.014000000000000012,0.0019399833384684975,0.0019302590499723148,1.4627100000000004,1.463,54,70,2olo_A_model_1_relaxed_repeat054_inv.csv,2olo_A_model_1_relaxed_repeat070_inv.csv,2olo_A_model_1_relaxed_repeat054,2olo_A_model_1_relaxed_repeat070,False,False,,18
length(C),332,Q,100,1.523,1.547,0.02400000000000002,,0.02400000000000002,0.007708391072674828,0.007669752277616277,1.5345699999999995,1.53,16,75,2olo_A_model_1_relaxed_repeat016_inv.csv,2olo_A_model_1_relaxed_repeat075_inv.csv,2olo_A_model_1_relaxed_repeat016,2olo_A_model_1_relaxed_repeat075,False,False,,1
length(C),387,S,100,1.52,1.543,0.02299999999999991,,0.02299999999999991,0.003997271796886199,0.003977235220602372,1.5239600000000002,1.523,59,65,2olo_A_model_1_relaxed_repeat059_inv.csv,2olo_A_model_1_relaxed_repeat065_inv.csv,2olo_A_model_1_relaxed_repeat059,2olo_A_model_1_relaxed_repeat065,False,False,,2
length(C),268,G,100,1.51,1.532,0.02200000000000002,,0.02200000000000002,0.005759489315183868,0.005730619512757759,1.5188,1.516,7,22,2olo_A_model_1_relaxed_repeat007_inv.csv,2olo_A_model_1_relaxed_repeat022_inv.csv,2olo_A_model_1_relaxed_repeat007,2olo_A_model_1_relaxed_repeat022,False,False,,3
length(C),386,Q,100,1.519,1.54,0.02100000000000013,,0.02100000000000013,0.0023089417751888364,0.0022973680593235497,1.5278900000000004,1.528,52,61,2olo_A_model_1_relaxed_repeat052_inv.csv,2olo_A_model_1_relaxed_repeat061_inv.csv,2olo_A_model_1_relaxed_repeat052,2olo_A_model_1_relaxed_repeat061,False,False,,4
length(C),267,P,100,1.524,1.542,0.018000000000000016,,0.018000000000000016,0.004078324076471526,0.004057881220538627,1.5284399999999996,1.527,10,62,2olo_A_model_1_relaxed_repeat010_inv.csv,2olo_A_model_1_relaxed_repeat062_inv.csv,2olo_A_model_1_relaxed_repeat010,2olo_A_model_1_relaxed_repeat062,False,False,,5
length(C),269,E,100,1.525,1.543,0.018000000000000016,,0.018000000000000016,0.0022602404448834336,0.002248910847499294,1.5326799999999998,1.533,62,7,2olo_A_model_1_relaxed_repeat062_inv.csv,2olo_A_model_1_relaxed_repeat007_inv.csv,2olo_A_model_1_relaxed_repeat062,2olo_A_model_1_relaxed_repeat007,False,False,,5
length(C),263,N,100,1.525,1.542,0.017000000000000126,,0.017000000000000126,0.0020517299918839144,0.002041445566259362,1.53945,1.54,35,85,2olo_A_model_1_relaxed_repeat035_inv.csv,2olo_A_model_1_relaxed_repeat085_inv.csv,2olo_A_model_1_relaxed_repeat035,2olo_A_model_1_relaxed_repeat085,False,False,,7
length(C),330,E,100,1.523,1.54,0.017000000000000126,,0.017000000000000126,0.004613670945782716,0.00459054462999762,1.53213,1.534,19,91,2olo_A_model_1_relaxed_repeat019_inv.csv,2olo_A_model_1_relaxed_repeat091_inv.csv,2olo_A_model_1_relaxed_repeat019,2olo_A_model_1_relaxed_repeat091,False,False,,7
length(C),388,A,100,1.528,1.545,0.016999999999999904,,0.016999999999999904,0.002331254485196213,0.0023195689254686927,1.54114,1.541,54,98,2olo_A_model_1_relaxed_repeat054_inv.csv,2olo_A_model_1_relaxed_repeat098_inv.csv,2olo_A_model_1_relaxed_repeat054,2olo_A_model_1_relaxed_repeat098,False,False,,9
length(C),44,G,100,1.527,1.543,0.016000000000000014,,0.016000000000000014,0.0025650329314443436,0.0025521755425518882,1.5400800000000003,1.541,48,73,2olo_A_model_1_relaxed_repeat048_inv.csv,2olo_A_model_1_relaxed_repeat073_inv.csv,2olo_A_model_1_relaxed_repeat048,2olo_A_model_1_relaxed_repeat073,False,False,,10
length(C),55,Q,100,1.531,1.547,0.016000000000000014,,0.016000000000000014,0.0026407069760451185,0.002627470266244705,1.5374200000000002,1.537,16,91,2olo_A_model_1_relaxed_repeat016_inv.csv,2olo_A_model_1_relaxed_repeat091_inv.csv,2olo_A_model_1_relaxed_repeat016,2olo_A_model_1_relaxed_repeat091,False,False,,10
length(C),149,T,100,1.516,1.532,0.016000000000000014,,0.016000000000000014,0.003145286677367945,0.0031295207300799277,1.52069,1.52,9,75,2olo_A_model_1_relaxed_repeat009_inv.csv,2olo_A_model_1_relaxed_repeat075_inv.csv,2olo_A_model_1_relaxed_repeat009,2olo_A_model_1_relaxed_repeat075,False,False,,10
length(C),324,V,100,1.505,1.52,0.015000000000000124,,0.015000000000000124,0.0017584141156224403,0.0017495999542752755,1.5086700000000002,1.509,21,6,2olo_A_model_1_relaxed_repeat021_inv.csv,2olo_A_model_1_relaxed_repeat006_inv.csv,2olo_A_model_1_relaxed_repeat021,2olo_A_model_1_relaxed_repeat006,False,False,,13
length(C),54,L,100,1.526,1.541,0.014999999999999902,,0.014999999999999902,0.00324231803847591,0.0032260657153877093,1.5308499999999998,1.53,22,5,2olo_A_model_1_relaxed_repeat022_inv.csv,2olo_A_model_1_relaxed_repeat005_inv.csv,2olo_A_model_1_relaxed_repeat022,2olo_A_model_1_relaxed_repeat005,False,False,,14
length(C),100,N,100,1.532,1.546,0.014000000000000012,,0.014000000000000012,0.004337713404059519,0.004315970342808213,1.5388199999999994,1.537,84,79,2olo_A_model_1_relaxed_repeat084_inv.csv,2olo_A_model_1_relaxed_repeat079_inv.csv,2olo_A_model_1_relaxed_repeat084,2olo_A_model_1_relaxed_repeat079,False,False,,15
length(C),256,L,100,1.52,1.534,0.014000000000000012,,0.014000000000000012,0.0020658600576461635,0.0020555048041782905,1.5269299999999992,1.527,55,100,2olo_A_model_1_relaxed_repeat055_inv.csv,2olo_A_model_1_relaxed_repeat100_inv.csv,2olo_A_model_1_relaxed_repeat055,2olo_A_model_1_relaxed_repeat100,False,False,,15
length(C),329,P,100,1.526,1.54,0.014000000000000012,,0.014000000000000012,0.0026597637929604624,0.002646431559666713,1.5355799999999997,1.5354999999999999,83,91,2olo_A_model_1_relaxed_repeat083_inv.csv,2olo_A_model_1_relaxed_repeat091_inv.csv,2olo_A_model_1_relaxed_repeat083,2olo_A_model_1_relaxed_repeat091,False,False,,15
length(C),53,R,100,1.51,1.523,0.0129999999999999,,0.0129999999999999,0.002324637475809798,0.002312985084257993,1.51601,1.516,20,60,2olo_A_model_1_relaxed_repeat020_inv.csv,2olo_A_model_1_relaxed_repeat060_inv.csv,2olo_A_model_1_relaxed_repeat020,2olo_A_model_1_relaxed_repeat060,False,False,,18
length(C),61,L,100,1.522,1.535,0.0129999999999999,,0.0129999999999999,0.0025448700627661983,0.0025321137415211027,1.5277799999999997,1.528,20,7,2olo_A_model_1_relaxed_repeat020_inv.csv,2olo_A_model_1_relaxed_repeat007_inv.csv,2olo_A_model_1_relaxed_repeat020,2olo_A_model_1_relaxed_repeat007,False,False,,18
length(C),150,I,100,1.527,1.539,0.01200000000000001,,0.01200000000000001,0.0015732614261944877,0.001565375354347959,1.5303599999999997,1.53,5,79,2olo_A_model_1_relaxed_repeat005_inv.csv,2olo_A_model_1_relaxed_repeat079_inv.csv,2olo_A_model_1_relaxed_repeat005,2olo_A_model_1_relaxed_repeat079,False,False,,20
length(C),252,Q,100,1.527,1.539,0.01200000000000001,,0.01200000000000001,0.001927446628327361,0.001917785180879237,1.5313900000000005,1.531,69,70,2olo_A_model_1_relaxed_repeat069_inv.csv,2olo_A_model_1_relaxed_repeat070_inv.csv,2olo_A_model_1_relaxed_repeat069,2olo_A_model_1_relaxed_repeat070,False,False,,20
length(C),266,A,100,1.534,1.546,0.01200000000000001,,0.01200000000000001,0.0032454319100588555,0.003229163978493503,1.5387499999999996,1.537,16,73,2olo_A_model_1_relaxed_repeat016_inv.csv,2olo_A_model_1_relaxed_repeat073_inv.csv,2olo_A_model_1_relaxed_repeat016,2olo_A_model_1_relaxed_repeat073,False,False,,20
length(N),268,G,100,1.318,1.339,0.020999999999999908,,0.020999999999999908,0.006645147086256244,0.0066118378685506235,1.32606,1.322,80,86,2olo_A_model_1_relaxed_repeat080_inv.csv,2olo_A_model_1_relaxed_repeat086_inv.csv,2olo_A_model_1_relaxed_repeat080,2olo_A_model_1_relaxed_repeat086,False,False,,1
length(N),269,E,100,1.317,1.332,0.015000000000000124,,0.015000000000000124,0.0033135625797164284,0.003296953138884449,1.3230100000000002,1.3215,4,1,2olo_A_model_1_relaxed_repeat004_inv.csv,2olo_A_model_1_relaxed_repeat001_inv.csv,2olo_A_model_1_relaxed_repeat004,2olo_A_model_1_relaxed_repeat001,False,False,,2
length(N),387,S,100,1.33,1.345,0.014999999999999902,,0.014999999999999902,0.0015846167047617894,0.0015766737138672702,1.3357100000000002,1.336,31,61,2olo_A_model_1_relaxed_repeat031_inv.csv,2olo_A_model_1_relaxed_repeat061_inv.csv,2olo_A_model_1_relaxed_repeat031,2olo_A_model_1_relaxed_repeat061,False,False,,3
length(N),389,L,100,1.332,1.347,0.014999999999999902,,0.014999999999999902,0.0018497884126886456,0.0018405162319305981,1.34125,1.342,54,15,2olo_A_model_1_relaxed_repeat054_inv.csv,2olo_A_model_1_relaxed_repeat015_inv.csv,2olo_A_model_1_relaxed_repeat054,2olo_A_model_1_relaxed_repeat015,False,False,,3
length(N),252,Q,100,1.327,1.341,0.014000000000000012,,0.014000000000000012,0.0019792866789770025,0.001969365380014601,1.3389600000000004,1.339,69,89,2olo_A_model_1_relaxed_repeat069_inv.csv,2olo_A_model_1_relaxed_repeat089_inv.csv,2olo_A_model_1_relaxed_repeat069,2olo_A_model_1_relaxed_repeat089,False,False,,5
length(N),388,A,100,1.327,1.341,0.014000000000000012,,0.014000000000000012,0.0022130010703507843,0.0022019082633025337,1.3294600000000003,1.329,37,43,2olo_A_model_1_relaxed_repeat037_inv.csv,2olo_A_model_1_relaxed_repeat043_inv.csv,2olo_A_model_1_relaxed_repeat037,2olo_A_model_1_relaxed_repeat043,False,False,,5
length(N),65,T,100,1.331,1.344,0.013000000000000123,,0.013000000000000123,0.003935066387590868,0.003915341619833443,1.3354899999999998,1.334,21,39,2olo_A_model_1_relaxed_repeat021_inv.csv,2olo_A_model_1_relaxed_repeat039_inv.csv,2olo_A_model_1_relaxed_repeat021,2olo_A_model_1_relaxed_repeat039,False,False,,7
length(N),332,Q,100,1.324,1.336,0.01200000000000001,,0.01200000000000001,0.002576114057328138,0.00256320112359526,1.3313000000000001,1.3315000000000001,64,9,2olo_A_model_1_relaxed_repeat064_inv.csv,2olo_A_model_1_relaxed_repeat009_inv.csv,2olo_A_model_1_relaxed_repeat064,2olo_A_model_1_relaxed_repeat009,False,False,,8
length(N),54,L,100,1.323,1.333,0.010000000000000009,,0.010000000000000009,0.002401409518755116,0.0023893723025095945,1.3285299999999998,1.329,1,98,2olo_A_model_1_relaxed_repeat001_inv.csv,2olo_A_model_1_relaxed_repeat098_inv.csv,2olo_A_model_1_relaxed_repeat001,2olo_A_model_1_relaxed_repeat098,False,False,,9
length(N),55,Q,100,1.324,1.334,0.010000000000000009,,0.010000000000000009,0.0023263097755280063,0.0023146490014686874,1.3283200000000002,1.327,2,24,2olo_A_model_1_relaxed_repeat002_inv.csv,2olo_A_model_1_relaxed_repeat024_inv.csv,2olo_A_model_1_relaxed_repeat002,2olo_A_model_1_relaxed_repeat024,False,False,,9
length(N),178,E,100,1.326,1.336,0.010000000000000009,,0.010000000000000009,0.0011126454053200512,0.0011070682002478542,1.3351200000000005,1.335,92,100,2olo_A_model_1_relaxed_repeat092_inv.csv,2olo_A_model_1_relaxed_repeat100_inv.csv,2olo_A_model_1_relaxed_repeat092,2olo_A_model_1_relaxed_repeat100,False,False,,9
length(N),326,P,100,1.343,1.353,0.010000000000000009,,0.010000000000000009,0.001129002420124264,0.0011233432244866128,1.34659,1.347,16,6,2olo_A_model_1_relaxed_repeat016_inv.csv,2olo_A_model_1_relaxed_repeat006_inv.csv,2olo_A_model_1_relaxed_repeat016,2olo_A_model_1_relaxed_repeat006,False,False,,9
length(N),341,L,100,1.335,1.345,0.010000000000000009,,0.010000000000000009,0.0012034881961963048,0.0011974556359214304,1.3376900000000003,1.338,48,52,2olo_A_model_1_relaxed_repeat048_inv.csv,2olo_A_model_1_relaxed_repeat052_inv.csv,2olo_A_model_1_relaxed_repeat048,2olo_A_model_1_relaxed_repeat052,False,False,,9
length(N),38,F,100,1.331,1.34,0.009000000000000119,,0.009000000000000119,0.0010550025132815338,0.001049714246831036,1.33341,1.333,88,2,2olo_A_model_1_relaxed_repeat088_inv.csv,2olo_A_model_1_relaxed_repeat002_inv.csv,2olo_A_model_1_relaxed_repeat088,2olo_A_model_1_relaxed_repeat002,False,False,,14
length(N),56,Y,100,1.332,1.341,0.008999999999999897,,0.008999999999999897,0.001844976800379727,0.0018357287381309967,1.3350100000000003,1.335,47,20,2olo_A_model_1_relaxed_repeat047_inv.csv,2olo_A_model_1_relaxed_repeat020_inv.csv,2olo_A_model_1_relaxed_repeat047,2olo_A_model_1_relaxed_repeat020,False,False,,15
length(N),243,W,100,1.322,1.331,0.008999999999999897,,0.008999999999999897,0.002141721199635874,0.002130985687422614,1.3238300000000003,1.323,2,22,2olo_A_model_1_relaxed_repeat002_inv.csv,2olo_A_model_1_relaxed_repeat022_inv.csv,2olo_A_model_1_relaxed_repeat002,2olo_A_model_1_relaxed_repeat022,False,False,,15
length(N),267,P,100,1.342,1.351,0.008999999999999897,,0.008999999999999897,0.0012822013898137815,0.0012757742747053606,1.34918,1.349,7,95,2olo_A_model_1_relaxed_repeat007_inv.csv,2olo_A_model_1_relaxed_repeat095_inv.csv,2olo_A_model_1_relaxed_repeat007,2olo_A_model_1_relaxed_repeat095,False,False,,15
length(N),25,E,100,1.335,1.343,0.008000000000000007,,0.008000000000000007,0.0010833449882822796,0.0010779146533932867,1.3384100000000003,1.338,43,90,2olo_A_model_1_relaxed_repeat043_inv.csv,2olo_A_model_1_relaxed_repeat090_inv.csv,2olo_A_model_1_relaxed_repeat043,2olo_A_model_1_relaxed_repeat090,False,False,,18
length(N),43,G,100,1.332,1.34,0.008000000000000007,,0.008000000000000007,0.001282161999881209,0.0012757350822173027,1.3347500000000003,1.335,26,97,2olo_A_model_1_relaxed_repeat026_inv.csv,2olo_A_model_1_relaxed_repeat097_inv.csv,2olo_A_model_1_relaxed_repeat026,2olo_A_model_1_relaxed_repeat097,False,False,,18
length(N),46,S,100,1.328,1.336,0.008000000000000007,,0.008000000000000007,0.0014062989609883057,0.0013992497989994569,1.32989,1.33,4,50,2olo_A_model_1_relaxed_repeat004_inv.csv,2olo_A_model_1_relaxed_repeat050_inv.csv,2olo_A_model_1_relaxed_repeat004,2olo_A_model_1_relaxed_repeat050,False,False,,18
length(N),49,E,100,1.329,1.337,0.008000000000000007,,0.008000000000000007,0.0018203118835890023,0.0018111874557869454,1.3338600000000003,1.334,48,56,2olo_A_model_1_relaxed_repeat048_inv.csv,2olo_A_model_1_relaxed_repeat056_inv.csv,2olo_A_model_1_relaxed_repeat048,2olo_A_model_1_relaxed_repeat056,False,False,,18
length(N),52,W,100,1.327,1.335,0.008000000000000007,,0.008000000000000007,0.0013818447631680434,0.0013749181793837758,1.3316400000000002,1.332,74,26,2olo_A_model_1_relaxed_repeat074_inv.csv,2olo_A_model_1_relaxed_repeat026_inv.csv,2olo_A_model_1_relaxed_repeat074,2olo_A_model_1_relaxed_repeat026,False,False,,18
length(N),89,S,100,1.328,1.336,0.008000000000000007,,0.008000000000000007,0.0015200677815827971,0.0015124483462254127,1.3318500000000002,1.332,53,56,2olo_A_model_1_relaxed_repeat053_inv.csv,2olo_A_model_1_relaxed_repeat056_inv.csv,2olo_A_model_1_relaxed_repeat053,2olo_A_model_1_relaxed_repeat056,False,False,,18
length(N),149,T,100,1.324,1.332,0.008000000000000007,,0.008000000000000007,0.0017468875641025669,0.0017381311803198393,1.3273299999999995,1.327,12,99,2olo_A_model_1_relaxed_repeat012_inv.csv,2olo_A_model_1_relaxed_repeat099_inv.csv,2olo_A_model_1_relaxed_repeat012,2olo_A_model_1_relaxed_repeat099,False,False,,18
length(N),266,A,100,1.33,1.338,0.008000000000000007,,0.008000000000000007,0.0025754081759455684,0.002562498780487516,1.33344,1.332,12,62,2olo_A_model_1_relaxed_repeat012_inv.csv,2olo_A_model_1_relaxed_repeat062_inv.csv,2olo_A_model_1_relaxed_repeat012,2olo_A_model_1_relaxed_repeat062,False,False,,18
length(N),331,R,100,1.333,1.341,0.008000000000000007,,0.008000000000000007,0.0014416600980757719,0.0014344336861632906,1.3373200000000003,1.338,16,75,2olo_A_model_1_relaxed_repeat016_inv.csv,2olo_A_model_1_relaxed_repeat075_inv.csv,2olo_A_model_1_relaxed_repeat016,2olo_A_model_1_relaxed_repeat075,False,False,,18
length(N),340,D,100,1.323,1.331,0.008000000000000007,,0.008000000000000007,0.0009729160583347525,0.0009680392554023702,1.3287300000000002,1.329,52,65,2olo_A_model_1_relaxed_repeat052_inv.csv,2olo_A_model_1_relaxed_repeat065_inv.csv,2olo_A_model_1_relaxed_repeat052,2olo_A_model_1_relaxed_repeat065,False,False,,18
length(N),383,L,100,1.328,1.336,0.008000000000000007,,0.008000000000000007,0.0017844445702353505,0.0017754999295972955,1.3307400000000005,1.33,13,93,2olo_A_model_1_relaxed_repeat013_inv.csv,2olo_A_model_1_relaxed_repeat093_inv.csv,2olo_A_model_1_relaxed_repeat013,2olo_A_model_1_relaxed_repeat093,False,False,,18
length(N),385,P,100,1.344,1.352,0.008000000000000007,,0.008000000000000007,0.0013048472181164544,0.0012983065893693937,1.3481200000000002,1.348,62,54,2olo_A_model_1_relaxed_repeat062_inv.csv,2olo_A_model_1_relaxed_repeat054_inv.csv,2olo_A_model_1_relaxed_repeat062,2olo_A_model_1_relaxed_repeat054,False,False,,18
tau(AC),386,Q,100,-26.19,153.21,179.4,179.39999999999998,179.39999999999998,38.84290292598085,38.64820043210292,129.1044,138.935,65,74,2olo_A_model_1_relaxed_repeat065_inv.csv,2olo_A_model_1_relaxed_repeat074_inv.csv,2olo_A_model_1_relaxed_repeat065,2olo_A_model_1_relaxed_repeat074,True,False,2.842170943040401e-14,1
tau(AC),331,R,100,-40.83,135.1,175.93,175.93,175.93,78.84359607046873,78.44838758642526,72.74470000000001,126.63,61,65,2olo_A_model_1_relaxed_repeat061_inv.csv,2olo_A_model_1_relaxed_repeat065_inv.csv,2olo_A_model_1_relaxed_repeat061,2olo_A_model_1_relaxed_repeat065,True,False,0.0,2
tau(AC),38,F,100,-17.01,155.01,172.01999999999998,172.01999999999998,172.01999999999998,22.69651958278443,22.582751850914892,150.20780000000002,153.42000000000002,44,90,2olo_A_model_1_relaxed_repeat044_inv.csv,2olo_A_model_1_relaxed_repeat090_inv.csv,2olo_A_model_1_relaxed_repeat044,2olo_A_model_1_relaxed_repeat090,True,False,0.0,3
tau(AC),385,P,100,-29.67,138.99,168.66000000000003,168.66000000000003,168.66000000000003,42.10722650843111,41.8961613872918,121.83490000000002,134.70999999999998,65,40,2olo_A_model_1_relaxed_repeat065_inv.csv,2olo_A_model_1_relaxed_repeat040_inv.csv,2olo_A_model_1_relaxed_repeat065,2olo_A_model_1_relaxed_repeat040,True,False,0.0,4
tau(AC),268,G,100,-39.88,170.97,210.85,149.14999999999998,149.14999999999998,85.83923024609682,85.40895570576893,99.56449999999997,167.125,21,38,2olo_A_model_1_relaxed_repeat021_inv.csv,2olo_A_model_1_relaxed_repeat038_inv.csv,2olo_A_model_1_relaxed_repeat021,2olo_A_model_1_relaxed_repeat038,True,True,61.70000000000002,5
tau(AC),387,S,100,8.19,140.46,132.27,132.26999999999998,132.26999999999998,22.194409643744603,22.083158769523894,134.0574,138.745,65,84,2olo_A_model_1_relaxed_repeat065_inv.csv,2olo_A_model_1_relaxed_repeat084_inv.csv,2olo_A_model_1_relaxed_repeat065,2olo_A_model_1_relaxed_repeat084,True,False,2.842170943040401e-14,6
tau(AC),388,A,100,-14.91,107.13,122.03999999999999,122.03999999999996,122.03999999999996,19.880624062669966,19.78097118419619,3.0201,-1.4,98,52,2olo_A_model_1_relaxed_repeat098_inv.csv,2olo_A_model_1_relaxed_repeat052_inv.csv,2olo_A_model_1_relaxed_repeat098,2olo_A_model_1_relaxed_repeat052,True,False,2.842170943040401e-14,7
tau(AC),266,A,100,62.96,164.15,101.19,101.19,101.19,44.116438838119926,43.8953024138119,102.728,68.575,98,77,2olo_A_model_1_relaxed_repeat098_inv.csv,2olo_A_model_1_relaxed_repeat077_inv.csv,2olo_A_model_1_relaxed_repeat098,2olo_A_model_1_relaxed_repeat077,True,False,0.0,8
tau(AC),45,T,100,77.68,123.01,45.33,45.329999999999984,45.329999999999984,8.795672404108968,8.751583542993805,112.2593,114.685,50,70,2olo_A_model_1_relaxed_repeat050_inv.csv,2olo_A_model_1_relaxed_repeat070_inv.csv,2olo_A_model_1_relaxed_repeat050,2olo_A_model_1_relaxed_repeat070,True,False,1.4210854715202004e-14,9
tau(AC),177,T,100,-57.62,-21.77,35.849999999999994,35.849999999999994,35.849999999999994,3.5261487504217697,3.508473708038867,-23.113200000000006,-22.6,92,71,2olo_A_model_1_relaxed_repeat092_inv.csv,2olo_A_model_1_relaxed_repeat071_inv.csv,2olo_A_model_1_relaxed_repeat092,2olo_A_model_1_relaxed_repeat071,True,False,0.0,10
tau(AC),269,E,100,-13.24,15.8,29.04,29.039999999999992,29.039999999999992,5.450517509485876,5.423196447668109,-2.017699999999999,-0.515,1,7,2olo_A_model_1_relaxed_repeat001_inv.csv,2olo_A_model_1_relaxed_repeat007_inv.csv,2olo_A_model_1_relaxed_repeat001,2olo_A_model_1_relaxed_repeat007,True,False,7.105427357601002e-15,11
tau(AC),329,P,100,-30.34,-3.99,26.35,26.349999999999994,26.349999999999994,2.93280287731237,2.9181020184359556,-23.098099999999995,-22.79,9,16,2olo_A_model_1_relaxed_repeat009_inv.csv,2olo_A_model_1_relaxed_repeat016_inv.csv,2olo_A_model_1_relaxed_repeat009,2olo_A_model_1_relaxed_repeat016,True,False,7.105427357601002e-15,12
tau(AC),252,Q,100,-30.12,-4.05,26.07,26.069999999999993,26.069999999999993,3.5046123649103946,3.487045275014364,-21.2595,-21.689999999999998,32,70,2olo_A_model_1_relaxed_repeat032_inv.csv,2olo_A_model_1_relaxed_repeat070_inv.csv,2olo_A_model_1_relaxed_repeat032,2olo_A_model_1_relaxed_repeat070,True,False,7.105427357601002e-15,13
tau(AC),53,R,100,109.56,134.52,24.960000000000008,24.960000000000008,24.960000000000008,4.531497991890214,4.5087835732046395,119.69629999999998,119.37,20,53,2olo_A_model_1_relaxed_repeat020_inv.csv,2olo_A_model_1_relaxed_repeat053_inv.csv,2olo_A_model_1_relaxed_repeat020,2olo_A_model_1_relaxed_repeat053,True,False,0.0,14
tau(AC),263,N,100,111.32,135.9,24.580000000000013,24.580000000000013,24.580000000000013,7.172604914013128,7.1366517807722705,120.31439999999999,115.74000000000001,4,8,2olo_A_model_1_relaxed_repeat004_inv.csv,2olo_A_model_1_relaxed_repeat008_inv.csv,2olo_A_model_1_relaxed_repeat004,2olo_A_model_1_relaxed_repeat008,True,False,0.0,15
tau(AC),330,E,100,-31.69,-8.08,23.61,23.610000000000014,23.610000000000014,4.4681233389105515,4.445726589658883,-15.720299999999998,-14.375,63,40,2olo_A_model_1_relaxed_repeat063_inv.csv,2olo_A_model_1_relaxed_repeat040_inv.csv,2olo_A_model_1_relaxed_repeat063,2olo_A_model_1_relaxed_repeat040,True,False,-1.4210854715202004e-14,16
tau(AC),42,N,100,-9.7,13.61,23.31,23.310000000000002,23.310000000000002,3.3954174867151323,3.3783977430136907,2.7462999999999997,2.58,34,48,2olo_A_model_1_relaxed_repeat034_inv.csv,2olo_A_model_1_relaxed_repeat048_inv.csv,2olo_A_model_1_relaxed_repeat034,2olo_A_model_1_relaxed_repeat048,True,False,-3.552713678800501e-15,17
tau(AC),39,F,100,16.0,39.3,23.299999999999997,23.30000000000001,23.30000000000001,2.9733987219335316,2.958494373832744,19.135199999999998,18.740000000000002,29,44,2olo_A_model_1_relaxed_repeat029_inv.csv,2olo_A_model_1_relaxed_repeat044_inv.csv,2olo_A_model_1_relaxed_repeat029,2olo_A_model_1_relaxed_repeat044,True,False,-1.4210854715202004e-14,18
tau(AC),267,P,100,119.14,141.56,22.42,22.420000000000016,22.420000000000016,3.3521541152102787,3.3353512318794847,127.35959999999999,127.42,55,62,2olo_A_model_1_relaxed_repeat055_inv.csv,2olo_A_model_1_relaxed_repeat062_inv.csv,2olo_A_model_1_relaxed_repeat055,2olo_A_model_1_relaxed_repeat062,True,False,-1.4210854715202004e-14,19
tau(AC),332,Q,100,-44.98,-22.95,22.029999999999998,22.03,22.03,5.071048801726813,5.045629850672758,-35.2829,-33.175,61,16,2olo_A_model_1_relaxed_repeat061_inv.csv,2olo_A_model_1_relaxed_repeat016_inv.csv,2olo_A_model_1_relaxed_repeat061,2olo_A_model_1_relaxed_repeat016,True,False,-3.552713678800501e-15,20
tau(CN),177,T,100,-179.96,-156.19,23.77000000000001,23.77000000000001,23.77000000000001,2.29447486344695,2.2829736638866427,-178.58149999999998,-178.675,21,92,2olo_A_model_1_relaxed_repeat021_inv.csv,2olo_A_model_1_relaxed_repeat092_inv.csv,2olo_A_model_1_relaxed_repeat021,2olo_A_model_1_relaxed_repeat092,True,False,0.0,1
tau(CN),37,T,100,-177.0,164.91,341.90999999999997,18.090000000000032,18.090000000000032,47.82266161221861,47.58294751315854,156.4986,163.39499999999998,44,53,2olo_A_model_1_relaxed_repeat044_inv.csv,2olo_A_model_1_relaxed_repeat053_inv.csv,2olo_A_model_1_relaxed_repeat044,2olo_A_model_1_relaxed_repeat053,True,True,323.81999999999994,2
tau(CN),54,L,100,-169.73,-155.41,14.319999999999993,14.319999999999993,14.319999999999993,2.2971896290727045,2.2856748215789575,-160.9581,-161.04,5,82,2olo_A_model_1_relaxed_repeat005_inv.csv,2olo_A_model_1_relaxed_repeat082_inv.csv,2olo_A_model_1_relaxed_repeat005,2olo_A_model_1_relaxed_repeat082,True,False,0.0,3
tau(CN),251,P,100,-176.87,-162.96,13.909999999999997,13.909999999999997,13.909999999999997,1.9816625914273671,1.971729383054379,-175.6218,-176.195,66,69,2olo_A_model_1_relaxed_repeat066_inv.csv,2olo_A_model_1_relaxed_repeat069_inv.csv,2olo_A_model_1_relaxed_repeat066,2olo_A_model_1_relaxed_repeat069,True,False,0.0,4
tau(CN),148,G,100,-177.96,-164.57,13.390000000000015,13.390000000000015,13.390000000000015,2.1332729252810982,2.1225797605743817,-172.73459999999994,-172.78,35,79,2olo_A_model_1_relaxed_repeat035_inv.csv,2olo_A_model_1_relaxed_repeat079_inv.csv,2olo_A_model_1_relaxed_repeat035,2olo_A_model_1_relaxed_repeat079,True,False,0.0,5
tau(CN),325,L,100,163.31,175.94,12.629999999999995,12.629999999999995,12.629999999999995,1.2308848545873516,1.2247149668392237,173.04050000000004,173.14499999999998,6,86,2olo_A_model_1_relaxed_repeat006_inv.csv,2olo_A_model_1_relaxed_repeat086_inv.csv,2olo_A_model_1_relaxed_repeat006,2olo_A_model_1_relaxed_repeat086,True,False,0.0,6
tau(CN),48,A,100,-178.49,-166.74,11.75,11.75,11.75,2.5679521456254237,2.555080123988286,-174.42660000000004,-174.81,74,70,2olo_A_model_1_relaxed_repeat074_inv.csv,2olo_A_model_1_relaxed_repeat070_inv.csv,2olo_A_model_1_relaxed_repeat074,2olo_A_model_1_relaxed_repeat070,True,False,0.0,7
tau(CN),204,C,100,-178.34,170.12,348.46000000000004,11.539999999999964,11.539999999999964,34.65488846111794,34.481178653143516,164.68630000000002,168.29500000000002,81,88,2olo_A_model_1_relaxed_repeat081_inv.csv,2olo_A_model_1_relaxed_repeat088_inv.csv,2olo_A_model_1_relaxed_repeat081,2olo_A_model_1_relaxed_repeat088,True,True,336.9200000000001,8
tau(CN),45,T,100,167.06,178.53,11.469999999999999,11.469999999999999,11.469999999999999,2.46008473821369,2.447753408740349,172.9325,172.99,22,89,2olo_A_model_1_relaxed_repeat022_inv.csv,2olo_A_model_1_relaxed_repeat089_inv.csv,2olo_A_model_1_relaxed_repeat022,2olo_A_model_1_relaxed_repeat089,True,False,0.0,9
tau(CN),53,R,100,168.38,179.59,11.210000000000008,11.210000000000008,11.210000000000008,1.998384792220401,1.988367762764222,174.62420000000003,174.72,91,82,2olo_A_model_1_relaxed_repeat091_inv.csv,2olo_A_model_1_relaxed_repeat082_inv.csv,2olo_A_model_1_relaxed_repeat091,2olo_A_model_1_relaxed_repeat082,True,False,0.0,10
tau(CN),243,W,100,165.65,176.65,11.0,11.0,11.0,2.458553362521065,2.446229709164697,174.98110000000005,175.60000000000002,5,78,2olo_A_model_1_relaxed_repeat005_inv.csv,2olo_A_model_1_relaxed_repeat078_inv.csv,2olo_A_model_1_relaxed_repeat005,2olo_A_model_1_relaxed_repeat078,True,False,0.0,11
tau(CN),99,T,100,166.16,176.87,10.710000000000008,10.710000000000008,10.710000000000008,1.4599435820011213,1.452625522975554,172.14469999999997,171.93,82,46,2olo_A_model_1_relaxed_repeat082_inv.csv,2olo_A_model_1_relaxed_repeat046_inv.csv,2olo_A_model_1_relaxed_repeat082,2olo_A_model_1_relaxed_repeat046,True,False,0.0,12
tau(CN),55,Q,100,166.09,176.08,9.990000000000009,9.990000000000009,9.990000000000009,1.8599725858737868,1.8506493563071318,172.87640000000002,173.25,5,24,2olo_A_model_1_relaxed_repeat005_inv.csv,2olo_A_model_1_relaxed_repeat024_inv.csv,2olo_A_model_1_relaxed_repeat005,2olo_A_model_1_relaxed_repeat024,True,False,0.0,13
tau(CN),318,T,100,169.9,178.68,8.780000000000001,8.780000000000001,8.780000000000001,2.1304663950895963,2.1197872982919774,174.56089999999998,174.715,94,34,2olo_A_model_1_relaxed_repeat094_inv.csv,2olo_A_model_1_relaxed_repeat034_inv.csv,2olo_A_model_1_relaxed_repeat094,2olo_A_model_1_relaxed_repeat034,True,False,0.0,14
tau(CN),88,G,100,166.8,175.53,8.72999999999999,8.72999999999999,8.72999999999999,1.590777397146667,1.582803525394102,169.641,169.39499999999998,13,6,2olo_A_model_1_relaxed_repeat013_inv.csv,2olo_A_model_1_relaxed_repeat006_inv.csv,2olo_A_model_1_relaxed_repeat013,2olo_A_model_1_relaxed_repeat006,True,False,0.0,15
tau(CN),321,C,100,163.07,171.54,8.469999999999999,8.469999999999999,8.469999999999999,1.5142275291715606,1.5066373684467007,166.69280000000003,166.685,50,48,2olo_A_model_1_relaxed_repeat050_inv.csv,2olo_A_model_1_relaxed_repeat048_inv.csv,2olo_A_model_1_relaxed_repeat050,2olo_A_model_1_relaxed_repeat048,True,False,0.0,16
tau(CN),102,G,100,170.31,178.76,8.449999999999989,8.449999999999989,8.449999999999989,1.4613951097039644,1.4540697748044953,173.02470000000002,173.07,71,86,2olo_A_model_1_relaxed_repeat071_inv.csv,2olo_A_model_1_relaxed_repeat086_inv.csv,2olo_A_model_1_relaxed_repeat071,2olo_A_model_1_relaxed_repeat086,True,False,0.0,17
tau(CN),176,V,100,-178.05,173.56,351.61,8.389999999999986,8.389999999999986,35.071476625988716,34.89567864363724,-173.62600000000003,-177.2,81,92,2olo_A_model_1_relaxed_repeat081_inv.csv,2olo_A_model_1_relaxed_repeat092_inv.csv,2olo_A_model_1_relaxed_repeat081,2olo_A_model_1_relaxed_repeat092,True,True,343.22,18
tau(CN),260,F,100,159.07,166.91,7.840000000000003,7.840000000000003,7.840000000000003,2.027554358523508,2.0173911147816623,161.7653,160.86,70,35,2olo_A_model_1_relaxed_repeat070_inv.csv,2olo_A_model_1_relaxed_repeat035_inv.csv,2olo_A_model_1_relaxed_repeat070,2olo_A_model_1_relaxed_repeat035,True,False,0.0,19
tau(CN),327,T,100,163.29,171.08,7.7900000000000205,7.7900000000000205,7.7900000000000205,1.703606086209397,1.6950666535567274,168.9348,169.7,15,40,2olo_A_model_1_relaxed_repeat015_inv.csv,2olo_A_model_1_relaxed_repeat040_inv.csv,2olo_A_model_1_relaxed_repeat015,2olo_A_model_1_relaxed_repeat040,True,False,0.0,20
tau(NA),44,G,100,-77.16,98.25,175.41,175.40999999999997,175.40999999999997,32.769562346078644,32.60530285383039,-62.67090000000001,-68.33,100,43,2olo_A_model_1_relaxed_repeat100_inv.csv,2olo_A_model_1_relaxed_repeat043_inv.csv,2olo_A_model_1_relaxed_repeat100,2olo_A_model_1_relaxed_repeat043,True,False,2.842170943040401e-14,1
tau(NA),332,Q,100,-106.45,64.52,170.97,170.97000000000003,170.97000000000003,77.39620826564432,77.00825490400364,-46.97079999999999,-100.28,65,46,2olo_A_model_1_relaxed_repeat065_inv.csv,2olo_A_model_1_relaxed_repeat046_inv.csv,2olo_A_model_1_relaxed_repeat065,2olo_A_model_1_relaxed_repeat046,True,False,-2.842170943040401e-14,2
tau(NA),39,F,100,-139.14,65.28,204.42,155.58000000000004,155.58000000000004,27.114321325815915,26.97840908485895,59.5725,63.4,2,53,2olo_A_model_1_relaxed_repeat002_inv.csv,2olo_A_model_1_relaxed_repeat053_inv.csv,2olo_A_model_1_relaxed_repeat002,2olo_A_model_1_relaxed_repeat053,True,True,48.83999999999995,3
tau(NA),388,A,100,-137.91,-64.26,73.64999999999999,73.64999999999998,73.64999999999998,8.492686643474045,8.450116517539861,-95.57780000000002,-95.97,43,31,2olo_A_model_1_relaxed_repeat043_inv.csv,2olo_A_model_1_relaxed_repeat031_inv.csv,2olo_A_model_1_relaxed_repeat043,2olo_A_model_1_relaxed_repeat031,True,False,1.4210854715202004e-14,4
tau(NA),386,Q,100,-129.53,-69.84,59.69,59.69,59.69,12.876127272019819,12.811584874245654,-124.01510000000002,-128.29500000000002,47,65,2olo_A_model_1_relaxed_repeat047_inv.csv,2olo_A_model_1_relaxed_repeat065_inv.csv,2olo_A_model_1_relaxed_repeat047,2olo_A_model_1_relaxed_repeat065,True,False,0.0,5
tau(NA),269,E,100,-121.8,-65.29,56.50999999999999,56.50999999999999,56.50999999999999,10.377566470930738,10.325548266314966,-84.647,-79.36,61,7,2olo_A_model_1_relaxed_repeat061_inv.csv,2olo_A_model_1_relaxed_repeat007_inv.csv,2olo_A_model_1_relaxed_repeat061,2olo_A_model_1_relaxed_repeat007,True,False,0.0,6
tau(NA),266,A,100,-148.08,-92.14,55.94000000000001,55.94,55.94,18.915559319077385,18.82074388832705,-128.7857,-142.60000000000002,48,61,2olo_A_model_1_relaxed_repeat048_inv.csv,2olo_A_model_1_relaxed_repeat061_inv.csv,2olo_A_model_1_relaxed_repeat048,2olo_A_model_1_relaxed_repeat061,True,False,1.4210854715202004e-14,7
tau(NA),46,S,100,-155.25,-103.31,51.94,51.94,51.94,10.184762472746362,10.133710710297585,-138.1318,-140.5,64,50,2olo_A_model_1_relaxed_repeat064_inv.csv,2olo_A_model_1_relaxed_repeat050_inv.csv,2olo_A_model_1_relaxed_repeat064,2olo_A_model_1_relaxed_repeat050,True,False,0.0,8
tau(NA),177,T,100,-113.74,-63.32,50.419999999999995,50.41999999999999,50.41999999999999,4.812083169932065,4.787962300394605,-110.3301,-110.655,5,92,2olo_A_model_1_relaxed_repeat005_inv.csv,2olo_A_model_1_relaxed_repeat092_inv.csv,2olo_A_model_1_relaxed_repeat005,2olo_A_model_1_relaxed_repeat092,True,False,7.105427357601002e-15,9
tau(NA),43,G,100,-131.74,-86.25,45.49000000000001,45.49000000000001,45.49000000000001,8.984997428373521,8.939959563666942,-103.78699999999999,-102.25,48,41,2olo_A_model_1_relaxed_repeat048_inv.csv,2olo_A_model_1_relaxed_repeat041_inv.csv,2olo_A_model_1_relaxed_repeat048,2olo_A_model_1_relaxed_repeat041,True,False,0.0,10
tau(NA),389,L,100,-90.03,-44.56,45.47,45.47,45.47,5.971208415337212,5.941277357605854,-85.76439999999998,-87.07,87,15,2olo_A_model_1_relaxed_repeat087_inv.csv,2olo_A_model_1_relaxed_repeat015_inv.csv,2olo_A_model_1_relaxed_repeat087,2olo_A_model_1_relaxed_repeat015,True,False,0.0,11
tau(NA),45,T,100,-147.23,-102.35,44.879999999999995,44.879999999999995,44.879999999999995,10.300345301165022,10.2487141725194,-125.1891,-125.03,41,59,2olo_A_model_1_relaxed_repeat041_inv.csv,2olo_A_model_1_relaxed_repeat059_inv.csv,2olo_A_model_1_relaxed_repeat041,2olo_A_model_1_relaxed_repeat059,True,False,0.0,12
tau(NA),325,L,100,-130.28,-87.66,42.620000000000005,42.620000000000005,42.620000000000005,3.8675900882731993,3.8482035497099165,-124.41119999999997,-124.66499999999999,82,6,2olo_A_model_1_relaxed_repeat082_inv.csv,2olo_A_model_1_relaxed_repeat006_inv.csv,2olo_A_model_1_relaxed_repeat082,2olo_A_model_1_relaxed_repeat006,True,False,0.0,13
tau(NA),331,R,100,-109.55,-68.14,41.41,41.41,41.41,13.73933878108456,13.670469481330919,-94.69959999999999,-103.275,40,63,2olo_A_model_1_relaxed_repeat040_inv.csv,2olo_A_model_1_relaxed_repeat063_inv.csv,2olo_A_model_1_relaxed_repeat040,2olo_A_model_1_relaxed_repeat063,True,False,0.0,14
tau(NA),263,N,100,-106.65,-67.36,39.290000000000006,39.29000000000002,39.29000000000002,13.702405755003296,13.633721584365729,-81.3024,-72.995,74,42,2olo_A_model_1_relaxed_repeat074_inv.csv,2olo_A_model_1_relaxed_repeat042_inv.csv,2olo_A_model_1_relaxed_repeat074,2olo_A_model_1_relaxed_repeat042,True,False,-1.4210854715202004e-14,15
tau(NA),53,R,100,-140.12,-101.5,38.620000000000005,38.620000000000005,38.620000000000005,6.561661759067138,6.528771016814727,-117.74510000000002,-117.37,24,72,2olo_A_model_1_relaxed_repeat024_inv.csv,2olo_A_model_1_relaxed_repeat072_inv.csv,2olo_A_model_1_relaxed_repeat024,2olo_A_model_1_relaxed_repeat072,True,False,0.0,16
tau(NA),47,G,100,71.18,99.7,28.519999999999996,28.519999999999982,28.519999999999982,5.139126265988975,5.113366072363683,83.67710000000001,84.125,84,77,2olo_A_model_1_relaxed_repeat084_inv.csv,2olo_A_model_1_relaxed_repeat077_inv.csv,2olo_A_model_1_relaxed_repeat084,2olo_A_model_1_relaxed_repeat077,True,False,1.4210854715202004e-14,17
tau(NA),385,P,100,-77.7,-49.78,27.92,27.920000000000016,27.920000000000016,4.611772081019695,4.58865528341365,-59.26870000000001,-58.205,31,54,2olo_A_model_1_relaxed_repeat031_inv.csv,2olo_A_model_1_relaxed_repeat054_inv.csv,2olo_A_model_1_relaxed_repeat031,2olo_A_model_1_relaxed_repeat054,True,False,-1.4210854715202004e-14,18
tau(NA),78,R,100,-95.65,-67.75,27.900000000000006,27.900000000000006,27.900000000000006,5.166183363514554,5.1402875444862035,-77.9714,-78.66,77,6,2olo_A_model_1_relaxed_repeat077_inv.csv,2olo_A_model_1_relaxed_repeat006_inv.csv,2olo_A_model_1_relaxed_repeat077,2olo_A_model_1_relaxed_repeat006,True,False,0.0,19
tau(NA),55,Q,100,-87.31,-62.34,24.97,24.97,24.97,4.727483421975217,4.703786613995154,-81.27069999999999,-82.765,67,20,2olo_A_model_1_relaxed_repeat067_inv.csv,2olo_A_model_1_relaxed_repeat020_inv.csv,2olo_A_model_1_relaxed_repeat067,2olo_A_model_1_relaxed_repeat020,True,False,0.0,20
x(A),269,E,100,-1.137,-0.497,0.64,,0.64,0.08049009663657797,0.08008663496489288,-0.62297,-0.632,7,56,2olo_A_model_1_relaxed_repeat007_inv.csv,2olo_A_model_1_relaxed_repeat056_inv.csv,2olo_A_model_1_relaxed_repeat007,2olo_A_model_1_relaxed_repeat056,False,False,,1
x(A),268,G,100,-0.731,-0.125,0.606,,0.606,0.17428068154444418,0.1734070886671015,-0.49704,-0.6054999999999999,77,61,2olo_A_model_1_relaxed_repeat077_inv.csv,2olo_A_model_1_relaxed_repeat061_inv.csv,2olo_A_model_1_relaxed_repeat077,2olo_A_model_1_relaxed_repeat061,False,False,,2
x(A),388,A,100,-0.952,-0.355,0.597,,0.597,0.07664346091487584,0.07625928074667371,-0.7458900000000002,-0.753,74,65,2olo_A_model_1_relaxed_repeat074_inv.csv,2olo_A_model_1_relaxed_repeat065_inv.csv,2olo_A_model_1_relaxed_repeat074,2olo_A_model_1_relaxed_repeat065,False,False,,3
x(A),389,L,100,-0.796,-0.383,0.41300000000000003,,0.41300000000000003,0.06692934311418998,0.0665938555724175,-0.4317200000000001,-0.415,54,100,2olo_A_model_1_relaxed_repeat054_inv.csv,2olo_A_model_1_relaxed_repeat100_inv.csv,2olo_A_model_1_relaxed_repeat054,2olo_A_model_1_relaxed_repeat100,False,False,,4
x(A),53,R,100,-0.62,-0.214,0.406,,0.406,0.0699450657460712,0.06959446170493742,-0.38047000000000003,-0.386,22,82,2olo_A_model_1_relaxed_repeat022_inv.csv,2olo_A_model_1_relaxed_repeat082_inv.csv,2olo_A_model_1_relaxed_repeat022,2olo_A_model_1_relaxed_repeat082,False,False,,5
x(A),386,Q,100,-0.777,-0.425,0.35200000000000004,,0.35200000000000004,0.08196807644171941,0.0815572063033059,-0.7331099999999999,-0.764,67,15,2olo_A_model_1_relaxed_repeat067_inv.csv,2olo_A_model_1_relaxed_repeat015_inv.csv,2olo_A_model_1_relaxed_repeat067,2olo_A_model_1_relaxed_repeat015,False,False,,6
x(A),267,P,100,-0.696,-0.355,0.34099999999999997,,0.34099999999999997,0.12314019726238132,0.12252294927890041,-0.48712999999999995,-0.428,4,2,2olo_A_model_1_relaxed_repeat004_inv.csv,2olo_A_model_1_relaxed_repeat002_inv.csv,2olo_A_model_1_relaxed_repeat004,2olo_A_model_1_relaxed_repeat002,False,False,,7
x(A),178,E,100,-0.781,-0.444,0.337,,0.337,0.03234379087368715,0.03218166558772246,-0.4649800000000001,-0.463,92,94,2olo_A_model_1_relaxed_repeat092_inv.csv,2olo_A_model_1_relaxed_repeat094_inv.csv,2olo_A_model_1_relaxed_repeat092,2olo_A_model_1_relaxed_repeat094,False,False,,8
x(A),332,Q,100,-0.636,-0.324,0.312,,0.312,0.08206891905433793,0.08165754343598634,-0.5108399999999998,-0.5505,43,16,2olo_A_model_1_relaxed_repeat043_inv.csv,2olo_A_model_1_relaxed_repeat016_inv.csv,2olo_A_model_1_relaxed_repeat043,2olo_A_model_1_relaxed_repeat016,False,False,,9
x(A),44,G,100,-0.747,-0.461,0.286,,0.286,0.05198640459414616,0.051725819471517304,-0.6761399999999999,-0.6845000000000001,41,97,2olo_A_model_1_relaxed_repeat041_inv.csv,2olo_A_model_1_relaxed_repeat097_inv.csv,2olo_A_model_1_relaxed_repeat041,2olo_A_model_1_relaxed_repeat097,False,False,,10
x(A),177,T,100,-0.782,-0.511,0.271,,0.271,0.026450279256130225,0.026317695567811408,-0.52367,-0.5215000000000001,92,22,2olo_A_model_1_relaxed_repeat092_inv.csv,2olo_A_model_1_relaxed_repeat022_inv.csv,2olo_A_model_1_relaxed_repeat092,2olo_A_model_1_relaxed_repeat022,False,False,,11
x(A),331,R,100,-0.562,-0.3,0.26200000000000007,,0.26200000000000007,0.04025757849477073,0.04005578485063051,-0.41979,-0.428,63,86,2olo_A_model_1_relaxed_repeat063_inv.csv,2olo_A_model_1_relaxed_repeat086_inv.csv,2olo_A_model_1_relaxed_repeat063,2olo_A_model_1_relaxed_repeat086,False,False,,12
x(A),55,Q,100,-0.611,-0.368,0.243,,0.243,0.04263197453233021,0.04241827907871793,-0.53464,-0.543,55,44,2olo_A_model_1_relaxed_repeat055_inv.csv,2olo_A_model_1_relaxed_repeat044_inv.csv,2olo_A_model_1_relaxed_repeat055,2olo_A_model_1_relaxed_repeat044,False,False,,13
x(A),326,P,100,-0.803,-0.561,0.242,,0.242,0.02272951180889522,0.022615578701417307,-0.6063400000000001,-0.606,6,86,2olo_A_model_1_relaxed_repeat006_inv.csv,2olo_A_model_1_relaxed_repeat086_inv.csv,2olo_A_model_1_relaxed_repeat006,2olo_A_model_1_relaxed_repeat086,False,False,,14
x(A),54,L,100,-0.766,-0.53,0.236,,0.236,0.042848875850086926,0.04263409316497773,-0.6332099999999999,-0.6205,75,82,2olo_A_model_1_relaxed_repeat075_inv.csv,2olo_A_model_1_relaxed_repeat082_inv.csv,2olo_A_model_1_relaxed_repeat075,2olo_A_model_1_relaxed_repeat082,False,False,,15
x(A),46,S,100,-0.778,-0.552,0.22599999999999998,,0.22599999999999998,0.039148641887250195,0.03895240685759994,-0.6879000000000001,-0.681,1,43,2olo_A_model_1_relaxed_repeat001_inv.csv,2olo_A_model_1_relaxed_repeat043_inv.csv,2olo_A_model_1_relaxed_repeat001,2olo_A_model_1_relaxed_repeat043,False,False,,16
x(A),264,P,100,-0.607,-0.382,0.22499999999999998,,0.22499999999999998,0.045952979921179915,0.04572263771918677,-0.47102,-0.451,35,4,2olo_A_model_1_relaxed_repeat035_inv.csv,2olo_A_model_1_relaxed_repeat004_inv.csv,2olo_A_model_1_relaxed_repeat035,2olo_A_model_1_relaxed_repeat004,False,False,,17
x(A),387,S,100,-0.68,-0.477,0.20300000000000007,,0.20300000000000007,0.03659231442184923,0.03640889314439537,-0.5138499999999999,-0.504,52,91,2olo_A_model_1_relaxed_repeat052_inv.csv,2olo_A_model_1_relaxed_repeat091_inv.csv,2olo_A_model_1_relaxed_repeat052,2olo_A_model_1_relaxed_repeat091,False,False,,18
x(A),333,F,100,-0.643,-0.446,0.197,,0.197,0.05936835534324339,0.059070767728208844,-0.53462,-0.5035000000000001,54,64,2olo_A_model_1_relaxed_repeat054_inv.csv,2olo_A_model_1_relaxed_repeat064_inv.csv,2olo_A_model_1_relaxed_repeat054,2olo_A_model_1_relaxed_repeat064,False,False,,19
x(A),252,Q,100,-0.517,-0.325,0.192,,0.192,0.027465394204123098,0.027327722188283457,-0.47866,-0.481,25,23,2olo_A_model_1_relaxed_repeat025_inv.csv,2olo_A_model_1_relaxed_repeat023_inv.csv,2olo_A_model_1_relaxed_repeat025,2olo_A_model_1_relaxed_repeat023,False,False,,20
x(AC),388,A,100,-0.655,-0.363,0.29200000000000004,,0.29200000000000004,0.0440594398786939,0.04383858916525485,-0.60409,-0.612,23,52,2olo_A_model_1_relaxed_repeat023_inv.csv,2olo_A_model_1_relaxed_repeat052_inv.csv,2olo_A_model_1_relaxed_repeat023,2olo_A_model_1_relaxed_repeat052,False,False,,1
x(AC),268,G,100,-0.744,-0.476,0.268,,0.268,0.10574101150996955,0.10521097803936622,-0.58199,-0.5035000000000001,62,98,2olo_A_model_1_relaxed_repeat062_inv.csv,2olo_A_model_1_relaxed_repeat098_inv.csv,2olo_A_model_1_relaxed_repeat062,2olo_A_model_1_relaxed_repeat098,False,False,,2
x(AC),385,P,100,-0.68,-0.475,0.20500000000000007,,0.20500000000000007,0.03196916917559445,0.03180892170445267,-0.5651499999999999,-0.564,52,74,2olo_A_model_1_relaxed_repeat052_inv.csv,2olo_A_model_1_relaxed_repeat074_inv.csv,2olo_A_model_1_relaxed_repeat052,2olo_A_model_1_relaxed_repeat074,False,False,,3
x(AC),386,Q,100,-0.664,-0.461,0.203,,0.203,0.04002249872309828,0.03982188343109853,-0.48376000000000013,-0.472,52,2,2olo_A_model_1_relaxed_repeat052_inv.csv,2olo_A_model_1_relaxed_repeat002_inv.csv,2olo_A_model_1_relaxed_repeat052,2olo_A_model_1_relaxed_repeat002,False,False,,4
x(AC),387,S,100,-0.632,-0.458,0.174,,0.174,0.02029554113343593,0.020193808457049402,-0.51951,-0.518,43,31,2olo_A_model_1_relaxed_repeat043_inv.csv,2olo_A_model_1_relaxed_repeat031_inv.csv,2olo_A_model_1_relaxed_repeat043,2olo_A_model_1_relaxed_repeat031,False,False,,5
x(AC),38,F,100,-0.695,-0.521,0.17399999999999993,,0.17399999999999993,0.021031143333137877,0.020925723404460833,-0.5392100000000001,-0.536,2,23,2olo_A_model_1_relaxed_repeat002_inv.csv,2olo_A_model_1_relaxed_repeat023_inv.csv,2olo_A_model_1_relaxed_repeat002,2olo_A_model_1_relaxed_repeat023,False,False,,6
x(AC),267,P,100,-0.629,-0.469,0.16000000000000003,,0.16000000000000003,0.024740275101971125,0.02461626291702297,-0.51814,-0.511,62,4,2olo_A_model_1_relaxed_repeat062_inv.csv,2olo_A_model_1_relaxed_repeat004_inv.csv,2olo_A_model_1_relaxed_repeat062,2olo_A_model_1_relaxed_repeat004,False,False,,7
x(AC),332,Q,100,-0.713,-0.556,0.15699999999999992,,0.15699999999999992,0.047341373623561646,0.04710407201081454,-0.6200799999999999,-0.592,7,64,2olo_A_model_1_relaxed_repeat007_inv.csv,2olo_A_model_1_relaxed_repeat064_inv.csv,2olo_A_model_1_relaxed_repeat007,2olo_A_model_1_relaxed_repeat064,False,False,,8
x(AC),331,R,100,-0.609,-0.462,0.14699999999999996,,0.14699999999999996,0.0286917860346578,0.02854796665263568,-0.5595600000000001,-0.5525,15,16,2olo_A_model_1_relaxed_repeat015_inv.csv,2olo_A_model_1_relaxed_repeat016_inv.csv,2olo_A_model_1_relaxed_repeat015,2olo_A_model_1_relaxed_repeat016,False,False,,9
x(AC),389,L,100,-0.612,-0.467,0.14499999999999996,,0.14499999999999996,0.02922047676931816,0.0290740072917374,-0.5876099999999999,-0.5965,98,54,2olo_A_model_1_relaxed_repeat098_inv.csv,2olo_A_model_1_relaxed_repeat054_inv.csv,2olo_A_model_1_relaxed_repeat098,2olo_A_model_1_relaxed_repeat054,False,False,,10
x(AC),43,G,100,-0.667,-0.543,0.124,,0.124,0.019668351237560326,0.019569762389972965,-0.5886199999999999,-0.5894999999999999,97,48,2olo_A_model_1_relaxed_repeat097_inv.csv,2olo_A_model_1_relaxed_repeat048_inv.csv,2olo_A_model_1_relaxed_repeat097,2olo_A_model_1_relaxed_repeat048,False,False,,11
x(AC),325,L,100,-0.615,-0.492,0.123,,0.123,0.01227082851005719,0.012209320210396647,-0.50485,-0.503,6,95,2olo_A_model_1_relaxed_repeat006_inv.csv,2olo_A_model_1_relaxed_repeat095_inv.csv,2olo_A_model_1_relaxed_repeat006,2olo_A_model_1_relaxed_repeat095,False,False,,12
x(AC),177,T,100,-0.692,-0.581,0.11099999999999999,,0.11099999999999999,0.010726423523997249,0.01067265665146218,-0.5868800000000001,-0.586,92,5,2olo_A_model_1_relaxed_repeat092_inv.csv,2olo_A_model_1_relaxed_repeat005_inv.csv,2olo_A_model_1_relaxed_repeat092,2olo_A_model_1_relaxed_repeat005,False,False,,13
x(AC),39,F,100,-0.658,-0.549,0.10899999999999999,,0.10899999999999999,0.014438567180375695,0.014366192954293769,-0.65185,-0.654,29,2,2olo_A_model_1_relaxed_repeat029_inv.csv,2olo_A_model_1_relaxed_repeat002_inv.csv,2olo_A_model_1_relaxed_repeat029,2olo_A_model_1_relaxed_repeat002,False,False,,14
x(AC),55,Q,100,-0.657,-0.56,0.09699999999999998,,0.09699999999999998,0.018888024638576563,0.018793347227143983,-0.6145100000000001,-0.62,96,64,2olo_A_model_1_relaxed_repeat096_inv.csv,2olo_A_model_1_relaxed_repeat064_inv.csv,2olo_A_model_1_relaxed_repeat096,2olo_A_model_1_relaxed_repeat064,False,False,,15
x(AC),178,E,100,-0.553,-0.458,0.09500000000000003,,0.09500000000000003,0.009367745004249771,0.009320788593246821,-0.54727,-0.548,18,92,2olo_A_model_1_relaxed_repeat018_inv.csv,2olo_A_model_1_relaxed_repeat092_inv.csv,2olo_A_model_1_relaxed_repeat018,2olo_A_model_1_relaxed_repeat092,False,False,,16
x(AC),54,L,100,-0.593,-0.503,0.08999999999999997,,0.08999999999999997,0.014886493098365244,0.01481187361544782,-0.5607800000000001,-0.5615000000000001,33,91,2olo_A_model_1_relaxed_repeat033_inv.csv,2olo_A_model_1_relaxed_repeat091_inv.csv,2olo_A_model_1_relaxed_repeat033,2olo_A_model_1_relaxed_repeat091,False,False,,17
x(AC),266,A,100,-0.569,-0.479,0.08999999999999997,,0.08999999999999997,0.026915880934211447,0.026780963388197982,-0.5208,-0.5075000000000001,1,55,2olo_A_model_1_relaxed_repeat001_inv.csv,2olo_A_model_1_relaxed_repeat055_inv.csv,2olo_A_model_1_relaxed_repeat001,2olo_A_model_1_relaxed_repeat055,False,False,,17
x(AC),46,S,100,-0.613,-0.526,0.08699999999999997,,0.08699999999999997,0.01962954637553018,0.019531152039754314,-0.5542100000000001,-0.547,34,7,2olo_A_model_1_relaxed_repeat034_inv.csv,2olo_A_model_1_relaxed_repeat007_inv.csv,2olo_A_model_1_relaxed_repeat034,2olo_A_model_1_relaxed_repeat007,False,False,,19
x(AC),269,E,100,-0.65,-0.57,0.08000000000000007,,0.08000000000000007,0.009852262212663184,0.00980287712868014,-0.6150599999999999,-0.6145,62,4,2olo_A_model_1_relaxed_repeat062_inv.csv,2olo_A_model_1_relaxed_repeat004_inv.csv,2olo_A_model_1_relaxed_repeat062,2olo_A_model_1_relaxed_repeat004,False,False,,20
x(AN),268,G,100,1.444,1.475,0.03100000000000014,,0.03100000000000014,0.00890635342399635,0.008861709767307898,1.45401,1.449,83,77,2olo_A_model_1_relaxed_repeat083_inv.csv,2olo_A_model_1_relaxed_repeat077_inv.csv,2olo_A_model_1_relaxed_repeat083,2olo_A_model_1_relaxed_repeat077,False,False,,1
x(AN),385,P,100,1.444,1.468,0.02400000000000002,,0.02400000000000002,0.003588350961968837,0.0035703641270884473,1.4540500000000003,1.454,62,54,2olo_A_model_1_relaxed_repeat062_inv.csv,2olo_A_model_1_relaxed_repeat054_inv.csv,2olo_A_model_1_relaxed_repeat062,2olo_A_model_1_relaxed_repeat054,False,False,,2
x(AN),269,E,100,1.456,1.477,0.02100000000000013,,0.02100000000000013,0.0026273426295269015,0.0026141729093539395,1.4628100000000002,1.463,56,1,2olo_A_model_1_relaxed_repeat056_inv.csv,2olo_A_model_1_relaxed_repeat001_inv.csv,2olo_A_model_1_relaxed_repeat056,2olo_A_model_1_relaxed_repeat001,False,False,,3
x(AN),388,A,100,1.449,1.47,0.020999999999999908,,0.020999999999999908,0.002509195210831669,0.0024966177120256073,1.4576300000000004,1.457,52,43,2olo_A_model_1_relaxed_repeat052_inv.csv,2olo_A_model_1_relaxed_repeat043_inv.csv,2olo_A_model_1_relaxed_repeat052,2olo_A_model_1_relaxed_repeat043,False,False,,4
x(AN),38,F,100,1.464,1.484,0.020000000000000018,,0.020000000000000018,0.0023660904121321777,0.0023542302351299417,1.46724,1.467,53,2,2olo_A_model_1_relaxed_repeat053_inv.csv,2olo_A_model_1_relaxed_repeat002_inv.csv,2olo_A_model_1_relaxed_repeat053,2olo_A_model_1_relaxed_repeat002,False,False,,5
x(AN),43,G,100,1.459,1.478,0.018999999999999906,,0.018999999999999906,0.0026279576891878598,0.0026147848859896642,1.4637300000000002,1.463,26,97,2olo_A_model_1_relaxed_repeat026_inv.csv,2olo_A_model_1_relaxed_repeat097_inv.csv,2olo_A_model_1_relaxed_repeat026,2olo_A_model_1_relaxed_repeat097,False,False,,6
x(AN),55,Q,100,1.441,1.46,0.018999999999999906,,0.018999999999999906,0.004386618771038151,0.0043646305685590405,1.4487,1.447,2,91,2olo_A_model_1_relaxed_repeat002_inv.csv,2olo_A_model_1_relaxed_repeat091_inv.csv,2olo_A_model_1_relaxed_repeat002,2olo_A_model_1_relaxed_repeat091,False,False,,6
x(AN),252,Q,100,1.447,1.466,0.018999999999999906,,0.018999999999999906,0.0034348187431041846,0.0034176014981270146,1.4626000000000008,1.463,23,87,2olo_A_model_1_relaxed_repeat023_inv.csv,2olo_A_model_1_relaxed_repeat087_inv.csv,2olo_A_model_1_relaxed_repeat023,2olo_A_model_1_relaxed_repeat087,False,False,,6
x(AN),330,E,100,1.457,1.476,0.018999999999999906,,0.018999999999999906,0.006296343335138221,0.006264782518172527,1.4664499999999998,1.468,19,54,2olo_A_model_1_relaxed_repeat019_inv.csv,2olo_A_model_1_relaxed_repeat054_inv.csv,2olo_A_model_1_relaxed_repeat019,2olo_A_model_1_relaxed_repeat054,False,False,,6
x(AN),387,S,100,1.455,1.474,0.018999999999999906,,0.018999999999999906,0.002036931738937488,0.002026721490486542,1.4641800000000003,1.464,31,61,2olo_A_model_1_relaxed_repeat031_inv.csv,2olo_A_model_1_relaxed_repeat061_inv.csv,2olo_A_model_1_relaxed_repeat031,2olo_A_model_1_relaxed_repeat061,False,False,,6
x(AN),333,F,100,1.459,1.477,0.018000000000000016,,0.018000000000000016,0.003698907837716318,0.0036803668295429487,1.46843,1.467,16,72,2olo_A_model_1_relaxed_repeat016_inv.csv,2olo_A_model_1_relaxed_repeat072_inv.csv,2olo_A_model_1_relaxed_repeat016,2olo_A_model_1_relaxed_repeat072,False,False,,11
x(AN),65,T,100,1.466,1.483,0.017000000000000126,,0.017000000000000126,0.005576601550091686,0.005548648484090531,1.4711499999999997,1.468,54,19,2olo_A_model_1_relaxed_repeat054_inv.csv,2olo_A_model_1_relaxed_repeat019_inv.csv,2olo_A_model_1_relaxed_repeat054,2olo_A_model_1_relaxed_repeat019,False,False,,12
x(AN),340,D,100,1.455,1.472,0.016999999999999904,,0.016999999999999904,0.0016653327995728934,0.0016569852141766256,1.4671200000000002,1.467,52,65,2olo_A_model_1_relaxed_repeat052_inv.csv,2olo_A_model_1_relaxed_repeat065_inv.csv,2olo_A_model_1_relaxed_repeat052,2olo_A_model_1_relaxed_repeat065,False,False,,13
x(AN),331,R,100,1.454,1.47,0.016000000000000014,,0.016000000000000014,0.003291786534066049,0.003275286247032461,1.4641499999999996,1.465,86,63,2olo_A_model_1_relaxed_repeat086_inv.csv,2olo_A_model_1_relaxed_repeat063_inv.csv,2olo_A_model_1_relaxed_repeat086,2olo_A_model_1_relaxed_repeat063,False,False,,14
x(AN),332,Q,100,1.459,1.475,0.016000000000000014,,0.016000000000000014,0.003633110918963943,0.0036148997219840103,1.4686499999999996,1.468,64,75,2olo_A_model_1_relaxed_repeat064_inv.csv,2olo_A_model_1_relaxed_repeat075_inv.csv,2olo_A_model_1_relaxed_repeat064,2olo_A_model_1_relaxed_repeat075,False,False,,14
x(AN),46,S,100,1.462,1.477,0.015000000000000124,,0.015000000000000124,0.001971796084279457,0.0019619123323940855,1.4700300000000002,1.47,11,50,2olo_A_model_1_relaxed_repeat011_inv.csv,2olo_A_model_1_relaxed_repeat050_inv.csv,2olo_A_model_1_relaxed_repeat011,2olo_A_model_1_relaxed_repeat050,False,False,,16
x(AN),389,L,100,1.458,1.473,0.015000000000000124,,0.015000000000000124,0.0024232876907877197,0.0024111408088288927,1.4699200000000006,1.47,74,20,2olo_A_model_1_relaxed_repeat074_inv.csv,2olo_A_model_1_relaxed_repeat020_inv.csv,2olo_A_model_1_relaxed_repeat074,2olo_A_model_1_relaxed_repeat020,False,False,,16
x(AN),89,S,100,1.457,1.471,0.014000000000000012,,0.014000000000000012,0.003354041734921611,0.003337229389778295,1.4627299999999999,1.4615,41,94,2olo_A_model_1_relaxed_repeat041_inv.csv,2olo_A_model_1_relaxed_repeat094_inv.csv,2olo_A_model_1_relaxed_repeat041,2olo_A_model_1_relaxed_repeat094,False,False,,18
x(AN),178,E,100,1.45,1.464,0.014000000000000012,,0.014000000000000012,0.0015434449203720405,0.0015357083056362077,1.46204,1.462,92,97,2olo_A_model_1_relaxed_repeat092_inv.csv,2olo_A_model_1_relaxed_repeat097_inv.csv,2olo_A_model_1_relaxed_repeat092,2olo_A_model_1_relaxed_repeat097,False,False,,18
x(AN),326,P,100,1.453,1.467,0.014000000000000012,,0.014000000000000012,0.0015978204852330328,0.001589811309558471,1.45645,1.457,13,6,2olo_A_model_1_relaxed_repeat013_inv.csv,2olo_A_model_1_relaxed_repeat006_inv.csv,2olo_A_model_1_relaxed_repeat013,2olo_A_model_1_relaxed_repeat006,False,False,,18
x(AN),341,L,100,1.46,1.474,0.014000000000000012,,0.014000000000000012,0.001890860527736912,0.0018813824704190208,1.4630200000000002,1.463,26,52,2olo_A_model_1_relaxed_repeat026_inv.csv,2olo_A_model_1_relaxed_repeat052_inv.csv,2olo_A_model_1_relaxed_repeat026,2olo_A_model_1_relaxed_repeat052,False,False,,18
x(C),386,Q,100,-1.515,0.814,2.3289999999999997,,2.3289999999999997,0.47687135211149606,0.47448100446698604,-1.35758,-1.485,51,61,2olo_A_model_1_relaxed_repeat051_inv.csv,2olo_A_model_1_relaxed_repeat061_inv.csv,2olo_A_model_1_relaxed_repeat051,2olo_A_model_1_relaxed_repeat061,False,False,,1
x(C),388,A,100,-1.321,0.67,1.991,,1.991,0.30525789990522023,0.30372777548324426,-1.20372,-1.2645,10,43,2olo_A_model_1_relaxed_repeat010_inv.csv,2olo_A_model_1_relaxed_repeat043_inv.csv,2olo_A_model_1_relaxed_repeat010,2olo_A_model_1_relaxed_repeat043,False,False,,2
x(C),267,P,100,-1.521,0.142,1.6629999999999998,,1.6629999999999998,0.7045927038962568,0.7010608886537603,-0.9354799999999999,-1.5005,28,77,2olo_A_model_1_relaxed_repeat028_inv.csv,2olo_A_model_1_relaxed_repeat077_inv.csv,2olo_A_model_1_relaxed_repeat028,2olo_A_model_1_relaxed_repeat077,False,False,,3
x(C),389,L,100,-1.494,0.116,1.61,,1.61,0.3065921128084733,0.3050553005604066,-0.25094,-0.193,74,23,2olo_A_model_1_relaxed_repeat074_inv.csv,2olo_A_model_1_relaxed_repeat023_inv.csv,2olo_A_model_1_relaxed_repeat074,2olo_A_model_1_relaxed_repeat023,False,False,,4
x(C),269,E,100,-1.046,0.409,1.455,,1.455,0.2139921217751209,0.21291947280603526,-0.17809000000000005,-0.2105,4,21,2olo_A_model_1_relaxed_repeat004_inv.csv,2olo_A_model_1_relaxed_repeat021_inv.csv,2olo_A_model_1_relaxed_repeat004,2olo_A_model_1_relaxed_repeat021,False,False,,5
x(C),387,S,100,-1.266,-0.092,1.174,,1.174,0.14549897809353377,0.1447696553149174,-0.6881299999999999,-0.717,61,65,2olo_A_model_1_relaxed_repeat061_inv.csv,2olo_A_model_1_relaxed_repeat065_inv.csv,2olo_A_model_1_relaxed_repeat061,2olo_A_model_1_relaxed_repeat065,False,False,,6
x(C),266,A,100,0.059,1.157,1.098,,1.098,0.3911877911947125,0.38922693778822653,0.78403,1.0895000000000001,61,48,2olo_A_model_1_relaxed_repeat061_inv.csv,2olo_A_model_1_relaxed_repeat048_inv.csv,2olo_A_model_1_relaxed_repeat061,2olo_A_model_1_relaxed_repeat048,False,False,,7
x(C),268,G,100,-1.308,-0.251,1.057,,1.057,0.2748436784351381,0.273466007211134,-1.02023,-1.202,48,21,2olo_A_model_1_relaxed_repeat048_inv.csv,2olo_A_model_1_relaxed_repeat021_inv.csv,2olo_A_model_1_relaxed_repeat048,2olo_A_model_1_relaxed_repeat021,False,False,,8
x(C),270,F,100,-0.31,0.501,0.8109999999999999,,0.8109999999999999,0.2232832316031625,0.22216401036171451,0.05435,-0.0785,7,1,2olo_A_model_1_relaxed_repeat007_inv.csv,2olo_A_model_1_relaxed_repeat001_inv.csv,2olo_A_model_1_relaxed_repeat007,2olo_A_model_1_relaxed_repeat001,False,False,,9
x(C),43,G,100,-0.2,0.569,0.7689999999999999,,0.7689999999999999,0.1753104536287416,0.17443169895406052,0.15068,0.14150000000000001,41,48,2olo_A_model_1_relaxed_repeat041_inv.csv,2olo_A_model_1_relaxed_repeat048_inv.csv,2olo_A_model_1_relaxed_repeat041,2olo_A_model_1_relaxed_repeat048,False,False,,10
x(C),331,R,100,-0.156,0.583,0.739,,0.739,0.2520488446730318,0.25078543398690445,0.3168099999999999,0.457,63,73,2olo_A_model_1_relaxed_repeat063_inv.csv,2olo_A_model_1_relaxed_repeat073_inv.csv,2olo_A_model_1_relaxed_repeat063,2olo_A_model_1_relaxed_repeat073,False,False,,11
x(C),385,P,100,-0.996,-0.329,0.667,,0.667,0.08499082778794902,0.08456480591830148,-0.72344,-0.722,31,61,2olo_A_model_1_relaxed_repeat031_inv.csv,2olo_A_model_1_relaxed_repeat061_inv.csv,2olo_A_model_1_relaxed_repeat031,2olo_A_model_1_relaxed_repeat061,False,False,,12
x(C),263,N,100,-1.471,-0.828,0.6430000000000001,,0.6430000000000001,0.2654222547815713,0.2640918090361759,-1.09342,-0.9115,24,75,2olo_A_model_1_relaxed_repeat024_inv.csv,2olo_A_model_1_relaxed_repeat075_inv.csv,2olo_A_model_1_relaxed_repeat024,2olo_A_model_1_relaxed_repeat075,False,False,,13
x(C),45,T,100,0.31,0.91,0.6000000000000001,,0.6000000000000001,0.14797819215524752,0.14723644216022067,0.60549,0.6154999999999999,63,41,2olo_A_model_1_relaxed_repeat063_inv.csv,2olo_A_model_1_relaxed_repeat041_inv.csv,2olo_A_model_1_relaxed_repeat063,2olo_A_model_1_relaxed_repeat041,False,False,,14
x(C),47,G,100,0.019,0.552,0.533,,0.533,0.12444927529404148,0.12382546547459453,0.33678999999999987,0.346,77,84,2olo_A_model_1_relaxed_repeat077_inv.csv,2olo_A_model_1_relaxed_repeat084_inv.csv,2olo_A_model_1_relaxed_repeat077,2olo_A_model_1_relaxed_repeat084,False,False,,15
x(C),328,D,100,0.373,0.887,0.514,,0.514,0.16415971651185476,0.16333685560827965,0.5524600000000001,0.4595,55,15,2olo_A_model_1_relaxed_repeat055_inv.csv,2olo_A_model_1_relaxed_repeat015_inv.csv,2olo_A_model_1_relaxed_repeat055,2olo_A_model_1_relaxed_repeat015,False,False,,16
x(C),55,Q,100,-0.34,0.143,0.483,,0.483,0.13152293036623391,0.1308636634058515,-0.05296,-0.0035,20,98,2olo_A_model_1_relaxed_repeat020_inv.csv,2olo_A_model_1_relaxed_repeat098_inv.csv,2olo_A_model_1_relaxed_repeat020,2olo_A_model_1_relaxed_repeat098,False,False,,17
x(C),44,G,100,0.136,0.596,0.45999999999999996,,0.45999999999999996,0.110372143224638,0.10981889591504734,0.37400999999999995,0.3765,90,27,2olo_A_model_1_relaxed_repeat090_inv.csv,2olo_A_model_1_relaxed_repeat027_inv.csv,2olo_A_model_1_relaxed_repeat090,2olo_A_model_1_relaxed_repeat027,False,False,,18
x(C),264,P,100,-1.079,-0.677,0.4019999999999999,,0.4019999999999999,0.11325168672233779,0.1126840055198607,-0.9494300000000001,-1.0145,16,81,2olo_A_model_1_relaxed_repeat016_inv.csv,2olo_A_model_1_relaxed_repeat081_inv.csv,2olo_A_model_1_relaxed_repeat016,2olo_A_model_1_relaxed_repeat081,False,False,,19
x(C),326,P,100,-0.883,-0.496,0.387,,0.387,0.03950344697912224,0.03930543346663408,-0.54973,-0.542,6,62,2olo_A_model_1_relaxed_repeat006_inv.csv,2olo_A_model_1_relaxed_repeat062_inv.csv,2olo_A_model_1_relaxed_repeat006,2olo_A_model_1_relaxed_repeat062,False,False,,20
x(N),44,G,100,-1.336,0.779,2.115,,2.115,0.40833503710219693,0.4062882320471515,-1.2158499999999999,-1.3094999999999999,41,43,2olo_A_model_1_relaxed_repeat041_inv.csv,2olo_A_model_1_relaxed_repeat043_inv.csv,2olo_A_model_1_relaxed_repeat041,2olo_A_model_1_relaxed_repeat043,False,False,,1
x(N),269,E,100,-1.298,0.768,2.066,,2.066,0.9787483787929863,0.9738423409874927,-0.50107,-1.283,38,56,2olo_A_model_1_relaxed_repeat038_inv.csv,2olo_A_model_1_relaxed_repeat056_inv.csv,2olo_A_model_1_relaxed_repeat038,2olo_A_model_1_relaxed_repeat056,False,False,,2
x(N),387,S,100,-1.196,0.795,1.991,,1.991,0.46049799832859906,0.45818972314970136,-0.9232399999999998,-1.041,74,15,2olo_A_model_1_relaxed_repeat074_inv.csv,2olo_A_model_1_relaxed_repeat015_inv.csv,2olo_A_model_1_relaxed_repeat074,2olo_A_model_1_relaxed_repeat015,False,False,,3
x(N),39,F,100,-1.224,0.753,1.9769999999999999,,1.9769999999999999,0.27492364412871095,0.27354557207163854,-1.171,-1.21,90,2,2olo_A_model_1_relaxed_repeat090_inv.csv,2olo_A_model_1_relaxed_repeat002_inv.csv,2olo_A_model_1_relaxed_repeat090,2olo_A_model_1_relaxed_repeat002,False,False,,4
x(N),388,A,100,-1.064,0.835,1.899,,1.899,0.3206641315341104,0.3190567824071446,-0.9743599999999999,-1.043,30,65,2olo_A_model_1_relaxed_repeat030_inv.csv,2olo_A_model_1_relaxed_repeat065_inv.csv,2olo_A_model_1_relaxed_repeat030,2olo_A_model_1_relaxed_repeat065,False,False,,5
x(N),386,Q,100,-1.047,0.722,1.769,,1.769,0.4602657076256731,0.45795859681853335,-0.84906,-0.9964999999999999,40,43,2olo_A_model_1_relaxed_repeat040_inv.csv,2olo_A_model_1_relaxed_repeat043_inv.csv,2olo_A_model_1_relaxed_repeat040,2olo_A_model_1_relaxed_repeat043,False,False,,6
x(N),332,Q,100,-1.004,0.635,1.639,,1.639,0.7130721483748182,0.7094978293835719,-0.39401,-0.8705,65,46,2olo_A_model_1_relaxed_repeat065_inv.csv,2olo_A_model_1_relaxed_repeat046_inv.csv,2olo_A_model_1_relaxed_repeat065,2olo_A_model_1_relaxed_repeat046,False,False,,7
x(N),267,P,100,-1.295,0.308,1.603,,1.603,0.7290785724100488,0.7254240202116277,-0.35702999999999996,0.199,77,98,2olo_A_model_1_relaxed_repeat077_inv.csv,2olo_A_model_1_relaxed_repeat098_inv.csv,2olo_A_model_1_relaxed_repeat077,2olo_A_model_1_relaxed_repeat098,False,False,,8
x(N),389,L,100,-0.485,0.845,1.33,,1.33,0.21865762984837525,0.21756159472664285,0.7881499999999998,0.837,52,33,2olo_A_model_1_relaxed_repeat052_inv.csv,2olo_A_model_1_relaxed_repeat033_inv.csv,2olo_A_model_1_relaxed_repeat052,2olo_A_model_1_relaxed_repeat033,False,False,,9
x(N),46,S,100,-0.808,0.022,0.8300000000000001,,0.8300000000000001,0.1600203506628536,0.1592182385909353,-0.61765,-0.6635,70,50,2olo_A_model_1_relaxed_repeat070_inv.csv,2olo_A_model_1_relaxed_repeat050_inv.csv,2olo_A_model_1_relaxed_repeat070,2olo_A_model_1_relaxed_repeat050,False,False,,10
x(N),54,L,100,-0.979,-0.569,0.41000000000000003,,0.41000000000000003,0.07369377740544197,0.07332438271134645,-0.75193,-0.748,53,20,2olo_A_model_1_relaxed_repeat053_inv.csv,2olo_A_model_1_relaxed_repeat020_inv.csv,2olo_A_model_1_relaxed_repeat053,2olo_A_model_1_relaxed_repeat020,False,False,,11
x(N),178,E,100,0.366,0.763,0.397,,0.397,0.039317053641781285,0.039119974437619456,0.75374,0.759,92,88,2olo_A_model_1_relaxed_repeat092_inv.csv,2olo_A_model_1_relaxed_repeat088_inv.csv,2olo_A_model_1_relaxed_repeat092,2olo_A_model_1_relaxed_repeat088,False,False,,12
x(N),53,R,100,-0.487,-0.094,0.393,,0.393,0.07109492587272656,0.07073855808538933,-0.26258000000000004,-0.2555,24,72,2olo_A_model_1_relaxed_repeat024_inv.csv,2olo_A_model_1_relaxed_repeat072_inv.csv,2olo_A_model_1_relaxed_repeat024,2olo_A_model_1_relaxed_repeat072,False,False,,13
x(N),264,P,100,-1.022,-0.632,0.39,,0.39,0.11420006191510643,0.11362762692232906,-0.78368,-0.712,8,4,2olo_A_model_1_relaxed_repeat008_inv.csv,2olo_A_model_1_relaxed_repeat004_inv.csv,2olo_A_model_1_relaxed_repeat008,2olo_A_model_1_relaxed_repeat004,False,False,,14
x(N),268,G,100,-1.098,-0.734,0.3640000000000001,,0.3640000000000001,0.05515144530465109,0.05487499521640071,-0.8755700000000001,-0.8785000000000001,62,39,2olo_A_model_1_relaxed_repeat062_inv.csv,2olo_A_model_1_relaxed_repeat039_inv.csv,2olo_A_model_1_relaxed_repeat062,2olo_A_model_1_relaxed_repeat039,False,False,,15
x(N),87,I,100,-0.349,0.005,0.354,,0.354,0.06933579468241799,0.0689882446508099,-0.14388999999999996,-0.1415,35,85,2olo_A_model_1_relaxed_repeat035_inv.csv,2olo_A_model_1_relaxed_repeat085_inv.csv,2olo_A_model_1_relaxed_repeat035,2olo_A_model_1_relaxed_repeat085,False,False,,16
x(N),325,L,100,-0.623,-0.312,0.311,,0.311,0.03148514320158386,0.031327321941078845,-0.5826699999999999,-0.583,82,6,2olo_A_model_1_relaxed_repeat082_inv.csv,2olo_A_model_1_relaxed_repeat006_inv.csv,2olo_A_model_1_relaxed_repeat082,2olo_A_model_1_relaxed_repeat006,False,False,,17
x(N),333,F,100,0.437,0.745,0.308,,0.308,0.09942058147185633,0.09892222955433223,0.6058499999999999,0.659,61,16,2olo_A_model_1_relaxed_repeat061_inv.csv,2olo_A_model_1_relaxed_repeat016_inv.csv,2olo_A_model_1_relaxed_repeat061,2olo_A_model_1_relaxed_repeat016,False,False,,18
x(N),323,A,100,-0.97,-0.664,0.30599999999999994,,0.30599999999999994,0.040933797253318166,0.04072861402012104,-0.8872000000000001,-0.892,66,48,2olo_A_model_1_relaxed_repeat066_inv.csv,2olo_A_model_1_relaxed_repeat048_inv.csv,2olo_A_model_1_relaxed_repeat066,2olo_A_model_1_relaxed_repeat048,False,False,,19
x(N),149,T,100,-1.078,-0.804,0.274,,0.274,0.04676951761326791,0.046535082464738364,-0.9933100000000001,-1.0005,11,79,2olo_A_model_1_relaxed_repeat011_inv.csv,2olo_A_model_1_relaxed_repeat079_inv.csv,2olo_A_model_1_relaxed_repeat011,2olo_A_model_1_relaxed_repeat079,False,False,,20
y(A),269,E,100,0.891,1.373,0.482,,0.482,0.05874708245495854,0.058452609009350474,1.3143500000000001,1.319,7,27,2olo_A_model_1_relaxed_repeat007_inv.csv,2olo_A_model_1_relaxed_repeat027_inv.csv,2olo_A_model_1_relaxed_repeat007,2olo_A_model_1_relaxed_repeat027,False,False,,1
y(A),388,A,100,1.086,1.418,0.33199999999999985,,0.33199999999999985,0.042384750449979886,0.04217229422262914,1.2477600000000002,1.247,31,65,2olo_A_model_1_relaxed_repeat031_inv.csv,2olo_A_model_1_relaxed_repeat065_inv.csv,2olo_A_model_1_relaxed_repeat031,2olo_A_model_1_relaxed_repeat065,False,False,,2
y(A),178,E,100,1.077,1.39,0.31299999999999994,,0.31299999999999994,0.03086892458526058,0.030714192159325953,1.3822799999999995,1.385,92,89,2olo_A_model_1_relaxed_repeat092_inv.csv,2olo_A_model_1_relaxed_repeat089_inv.csv,2olo_A_model_1_relaxed_repeat092,2olo_A_model_1_relaxed_repeat089,False,False,,3
y(A),389,L,100,1.223,1.419,0.19599999999999995,,0.19599999999999995,0.036710805389193406,0.036526790168313436,1.39956,1.41,54,100,2olo_A_model_1_relaxed_repeat054_inv.csv,2olo_A_model_1_relaxed_repeat100_inv.csv,2olo_A_model_1_relaxed_repeat054,2olo_A_model_1_relaxed_repeat100,False,False,,4
y(A),177,T,100,1.171,1.363,0.19199999999999995,,0.19199999999999995,0.018889415025352168,0.01879473064451843,1.3570899999999997,1.359,92,19,2olo_A_model_1_relaxed_repeat092_inv.csv,2olo_A_model_1_relaxed_repeat019_inv.csv,2olo_A_model_1_relaxed_repeat092,2olo_A_model_1_relaxed_repeat019,False,False,,5
y(A),268,G,100,1.221,1.406,0.18499999999999983,,0.18499999999999983,0.045653746236804536,0.045424903962474145,1.32541,1.2995,62,56,2olo_A_model_1_relaxed_repeat062_inv.csv,2olo_A_model_1_relaxed_repeat056_inv.csv,2olo_A_model_1_relaxed_repeat062,2olo_A_model_1_relaxed_repeat056,False,False,,6
y(A),38,F,100,1.223,1.382,0.1589999999999998,,0.1589999999999998,0.01730642141582777,0.017219671890021597,1.2582700000000002,1.257,23,44,2olo_A_model_1_relaxed_repeat023_inv.csv,2olo_A_model_1_relaxed_repeat044_inv.csv,2olo_A_model_1_relaxed_repeat023,2olo_A_model_1_relaxed_repeat044,False,False,,7
y(A),326,P,100,1.187,1.342,0.15500000000000003,,0.15500000000000003,0.014665051563964492,0.014591542070665459,1.32137,1.322,6,86,2olo_A_model_1_relaxed_repeat006_inv.csv,2olo_A_model_1_relaxed_repeat086_inv.csv,2olo_A_model_1_relaxed_repeat006,2olo_A_model_1_relaxed_repeat086,False,False,,8
y(A),386,Q,100,1.239,1.393,0.15399999999999991,,0.15399999999999991,0.035009682643347084,0.034834194407220034,1.26017,1.247,67,15,2olo_A_model_1_relaxed_repeat067_inv.csv,2olo_A_model_1_relaxed_repeat015_inv.csv,2olo_A_model_1_relaxed_repeat067,2olo_A_model_1_relaxed_repeat015,False,False,,9
y(A),55,Q,100,1.217,1.369,0.1519999999999999,,0.1519999999999999,0.02588437967406424,0.025754632592991863,1.26783,1.265,55,5,2olo_A_model_1_relaxed_repeat055_inv.csv,2olo_A_model_1_relaxed_repeat005_inv.csv,2olo_A_model_1_relaxed_repeat055,2olo_A_model_1_relaxed_repeat005,False,False,,10
y(A),44,G,100,1.259,1.401,0.14200000000000013,,0.14200000000000013,0.02755828350784915,0.027420145878532455,1.30066,1.297,41,97,2olo_A_model_1_relaxed_repeat041_inv.csv,2olo_A_model_1_relaxed_repeat097_inv.csv,2olo_A_model_1_relaxed_repeat041,2olo_A_model_1_relaxed_repeat097,False,False,,11
y(A),267,P,100,1.277,1.405,0.1280000000000001,,0.1280000000000001,0.04277424883778046,0.04255984022526399,1.3616,1.3855,4,89,2olo_A_model_1_relaxed_repeat004_inv.csv,2olo_A_model_1_relaxed_repeat089_inv.csv,2olo_A_model_1_relaxed_repeat004,2olo_A_model_1_relaxed_repeat089,False,False,,12
y(A),332,Q,100,1.314,1.437,0.123,,0.123,0.02861959489792284,0.028476137378513944,1.3633600000000001,1.3495,23,16,2olo_A_model_1_relaxed_repeat023_inv.csv,2olo_A_model_1_relaxed_repeat016_inv.csv,2olo_A_model_1_relaxed_repeat023,2olo_A_model_1_relaxed_repeat016,False,False,,13
y(A),46,S,100,1.239,1.357,0.11799999999999988,,0.11799999999999988,0.020739098389761356,0.02063514235473068,1.28803,1.2905,1,43,2olo_A_model_1_relaxed_repeat001_inv.csv,2olo_A_model_1_relaxed_repeat043_inv.csv,2olo_A_model_1_relaxed_repeat001,2olo_A_model_1_relaxed_repeat043,False,False,,14
y(A),54,L,100,1.239,1.356,0.11699999999999999,,0.11699999999999999,0.021714864805827228,0.021606017680266775,1.3154,1.323,75,82,2olo_A_model_1_relaxed_repeat075_inv.csv,2olo_A_model_1_relaxed_repeat082_inv.csv,2olo_A_model_1_relaxed_repeat075,2olo_A_model_1_relaxed_repeat082,False,False,,15
y(A),244,F,100,1.129,1.245,0.1160000000000001,,0.1160000000000001,0.02526685655961267,0.0251402048519896,1.22999,1.237,35,94,2olo_A_model_1_relaxed_repeat035_inv.csv,2olo_A_model_1_relaxed_repeat094_inv.csv,2olo_A_model_1_relaxed_repeat035,2olo_A_model_1_relaxed_repeat094,False,False,,16
y(A),56,Y,100,1.117,1.226,0.10899999999999999,,0.10899999999999999,0.019973527935290225,0.0198734093703119,1.1702599999999999,1.168,20,64,2olo_A_model_1_relaxed_repeat020_inv.csv,2olo_A_model_1_relaxed_repeat064_inv.csv,2olo_A_model_1_relaxed_repeat020,2olo_A_model_1_relaxed_repeat064,False,False,,17
y(A),387,S,100,1.275,1.384,0.10899999999999999,,0.10899999999999999,0.017633656982766192,0.017545267168099787,1.36594,1.371,52,61,2olo_A_model_1_relaxed_repeat052_inv.csv,2olo_A_model_1_relaxed_repeat061_inv.csv,2olo_A_model_1_relaxed_repeat052,2olo_A_model_1_relaxed_repeat061,False,False,,17
y(A),53,R,100,1.323,1.423,0.10000000000000009,,0.10000000000000009,0.016314447956373265,0.01623267075992117,1.39002,1.3904999999999998,22,82,2olo_A_model_1_relaxed_repeat022_inv.csv,2olo_A_model_1_relaxed_repeat082_inv.csv,2olo_A_model_1_relaxed_repeat022,2olo_A_model_1_relaxed_repeat082,False,False,,19
y(A),100,N,100,1.224,1.321,0.09699999999999998,,0.09699999999999998,0.013689470996412387,0.013620851662065767,1.30382,1.306,82,46,2olo_A_model_1_relaxed_repeat082_inv.csv,2olo_A_model_1_relaxed_repeat046_inv.csv,2olo_A_model_1_relaxed_repeat082,2olo_A_model_1_relaxed_repeat046,False,False,,20
y(AC),268,G,100,1.327,1.437,0.1100000000000001,,0.1100000000000001,0.040675513195746804,0.04047162462763261,1.3982600000000003,1.428,78,80,2olo_A_model_1_relaxed_repeat078_inv.csv,2olo_A_model_1_relaxed_repeat080_inv.csv,2olo_A_model_1_relaxed_repeat078,2olo_A_model_1_relaxed_repeat080,False,False,,1
y(AC),386,Q,100,1.367,1.457,0.09000000000000008,,0.09000000000000008,0.015695653390462458,0.015616977940690072,1.4487000000000003,1.453,52,81,2olo_A_model_1_relaxed_repeat052_inv.csv,2olo_A_model_1_relaxed_repeat081_inv.csv,2olo_A_model_1_relaxed_repeat052,2olo_A_model_1_relaxed_repeat081,False,False,,2
y(AC),388,A,100,1.396,1.486,0.09000000000000008,,0.09000000000000008,0.01333706008523513,0.0132702072327451,1.4170399999999999,1.415,23,52,2olo_A_model_1_relaxed_repeat023_inv.csv,2olo_A_model_1_relaxed_repeat052_inv.csv,2olo_A_model_1_relaxed_repeat023,2olo_A_model_1_relaxed_repeat052,False,False,,2
y(AC),385,P,100,1.376,1.455,0.07900000000000018,,0.07900000000000018,0.012176027946980769,0.012114994841104974,1.42113,1.421,52,74,2olo_A_model_1_relaxed_repeat052_inv.csv,2olo_A_model_1_relaxed_repeat074_inv.csv,2olo_A_model_1_relaxed_repeat052,2olo_A_model_1_relaxed_repeat074,False,False,,4
y(AC),38,F,100,1.382,1.449,0.06700000000000017,,0.06700000000000017,0.008043216603656363,0.008002899474565459,1.4405599999999998,1.442,2,23,2olo_A_model_1_relaxed_repeat002_inv.csv,2olo_A_model_1_relaxed_repeat023_inv.csv,2olo_A_model_1_relaxed_repeat002,2olo_A_model_1_relaxed_repeat023,False,False,,5
y(AC),177,T,100,1.346,1.408,0.06199999999999983,,0.06199999999999983,0.005932916226401216,0.005903177110675225,1.40395,1.405,92,89,2olo_A_model_1_relaxed_repeat092_inv.csv,2olo_A_model_1_relaxed_repeat089_inv.csv,2olo_A_model_1_relaxed_repeat092,2olo_A_model_1_relaxed_repeat089,False,False,,6
y(AC),389,L,100,1.4,1.453,0.05300000000000016,,0.05300000000000016,0.011231737140439124,0.01117543735162076,1.4093600000000002,1.406,98,54,2olo_A_model_1_relaxed_repeat098_inv.csv,2olo_A_model_1_relaxed_repeat054_inv.csv,2olo_A_model_1_relaxed_repeat098,2olo_A_model_1_relaxed_repeat054,False,False,,7
y(AC),331,R,100,1.397,1.45,0.052999999999999936,,0.052999999999999936,0.009956120902959326,0.009906215220759147,1.4176299999999997,1.421,15,16,2olo_A_model_1_relaxed_repeat015_inv.csv,2olo_A_model_1_relaxed_repeat016_inv.csv,2olo_A_model_1_relaxed_repeat015,2olo_A_model_1_relaxed_repeat016,False,False,,8
y(AC),332,Q,100,1.368,1.421,0.052999999999999936,,0.052999999999999936,0.013561424048462702,0.013493446557495986,1.4028699999999998,1.4104999999999999,7,64,2olo_A_model_1_relaxed_repeat007_inv.csv,2olo_A_model_1_relaxed_repeat064_inv.csv,2olo_A_model_1_relaxed_repeat007,2olo_A_model_1_relaxed_repeat064,False,False,,8
y(AC),387,S,100,1.407,1.456,0.04899999999999993,,0.04899999999999993,0.005362646715753316,0.005335766111815625,1.43264,1.432,43,74,2olo_A_model_1_relaxed_repeat043_inv.csv,2olo_A_model_1_relaxed_repeat074_inv.csv,2olo_A_model_1_relaxed_repeat043,2olo_A_model_1_relaxed_repeat074,False,False,,10
y(AC),267,P,100,1.408,1.456,0.04800000000000004,,0.04800000000000004,0.006387456141500791,0.006355438615862811,1.4377799999999998,1.439,62,4,2olo_A_model_1_relaxed_repeat062_inv.csv,2olo_A_model_1_relaxed_repeat004_inv.csv,2olo_A_model_1_relaxed_repeat062,2olo_A_model_1_relaxed_repeat004,False,False,,11
y(AC),269,E,100,1.38,1.426,0.04600000000000004,,0.04600000000000004,0.005854903841217122,0.005825555767478329,1.4037699999999997,1.404,62,4,2olo_A_model_1_relaxed_repeat062_inv.csv,2olo_A_model_1_relaxed_repeat004_inv.csv,2olo_A_model_1_relaxed_repeat062,2olo_A_model_1_relaxed_repeat004,False,False,,12
y(AC),43,G,100,1.384,1.429,0.04500000000000015,,0.04500000000000015,0.007187664798286395,0.007151636176428451,1.41229,1.412,50,48,2olo_A_model_1_relaxed_repeat050_inv.csv,2olo_A_model_1_relaxed_repeat048_inv.csv,2olo_A_model_1_relaxed_repeat050,2olo_A_model_1_relaxed_repeat048,False,False,,13
y(AC),325,L,100,1.403,1.448,0.04499999999999993,,0.04499999999999993,0.004171706043470856,0.004150795104555265,1.4414699999999998,1.442,6,95,2olo_A_model_1_relaxed_repeat006_inv.csv,2olo_A_model_1_relaxed_repeat095_inv.csv,2olo_A_model_1_relaxed_repeat006,2olo_A_model_1_relaxed_repeat095,False,False,,14
y(AC),39,F,100,1.39,1.434,0.04400000000000004,,0.04400000000000004,0.005671646653096058,0.005643217167538386,1.3937099999999998,1.393,29,2,2olo_A_model_1_relaxed_repeat029_inv.csv,2olo_A_model_1_relaxed_repeat002_inv.csv,2olo_A_model_1_relaxed_repeat029,2olo_A_model_1_relaxed_repeat002,False,False,,15
y(AC),54,L,100,1.411,1.449,0.038000000000000034,,0.038000000000000034,0.00708769740786489,0.007052169878838721,1.4243700000000004,1.422,33,91,2olo_A_model_1_relaxed_repeat033_inv.csv,2olo_A_model_1_relaxed_repeat091_inv.csv,2olo_A_model_1_relaxed_repeat033,2olo_A_model_1_relaxed_repeat091,False,False,,16
y(AC),55,Q,100,1.394,1.429,0.03500000000000014,,0.03500000000000014,0.008070372301877354,0.008029919053141201,1.40898,1.406,96,64,2olo_A_model_1_relaxed_repeat096_inv.csv,2olo_A_model_1_relaxed_repeat064_inv.csv,2olo_A_model_1_relaxed_repeat096,2olo_A_model_1_relaxed_repeat064,False,False,,17
y(AC),46,S,100,1.404,1.438,0.03400000000000003,,0.03400000000000003,0.006970435402252128,0.006935495656404096,1.4286699999999999,1.431,34,7,2olo_A_model_1_relaxed_repeat034_inv.csv,2olo_A_model_1_relaxed_repeat007_inv.csv,2olo_A_model_1_relaxed_repeat034,2olo_A_model_1_relaxed_repeat007,False,False,,18
y(AC),49,E,100,1.391,1.424,0.03299999999999992,,0.03299999999999992,0.005068928920791884,0.005043520595774342,1.4072300000000002,1.407,79,35,2olo_A_model_1_relaxed_repeat079_inv.csv,2olo_A_model_1_relaxed_repeat035_inv.csv,2olo_A_model_1_relaxed_repeat079,2olo_A_model_1_relaxed_repeat035,False,False,,19
y(AC),256,L,100,1.409,1.441,0.03200000000000003,,0.03200000000000003,0.005057996968497853,0.005032643440578731,1.4238499999999998,1.4235,55,72,2olo_A_model_1_relaxed_repeat055_inv.csv,2olo_A_model_1_relaxed_repeat072_inv.csv,2olo_A_model_1_relaxed_repeat055,2olo_A_model_1_relaxed_repeat072,False,False,,20
y(C),269,E,100,-0.268,1.304,1.572,,1.572,0.20172485912221824,0.20071370057870988,0.61248,0.602,7,62,2olo_A_model_1_relaxed_repeat007_inv.csv,2olo_A_model_1_relaxed_repeat062_inv.csv,2olo_A_model_1_relaxed_repeat007,2olo_A_model_1_relaxed_repeat062,False,False,,1
y(C),386,Q,100,-0.373,1.028,1.401,,1.401,0.32313657180889327,0.32151682941954995,-0.25222,-0.351,68,61,2olo_A_model_1_relaxed_repeat068_inv.csv,2olo_A_model_1_relaxed_repeat061_inv.csv,2olo_A_model_1_relaxed_repeat068,2olo_A_model_1_relaxed_repeat061,False,False,,2
y(C),388,A,100,-0.544,0.815,1.359,,1.359,0.181245410948523,0.18033690692700705,-0.008400000000000008,-0.0125,74,23,2olo_A_model_1_relaxed_repeat074_inv.csv,2olo_A_model_1_relaxed_repeat023_inv.csv,2olo_A_model_1_relaxed_repeat074,2olo_A_model_1_relaxed_repeat023,False,False,,3
y(C),268,G,100,-0.203,1.114,1.3170000000000002,,1.3170000000000002,0.5069054440346041,0.5043645486153839,0.26061,-0.133,48,61,2olo_A_model_1_relaxed_repeat048_inv.csv,2olo_A_model_1_relaxed_repeat061_inv.csv,2olo_A_model_1_relaxed_repeat048,2olo_A_model_1_relaxed_repeat061,False,False,,4
y(C),389,L,100,-0.388,0.77,1.158,,1.158,0.20702198194902155,0.2059842712441899,0.4946,0.5625,54,98,2olo_A_model_1_relaxed_repeat054_inv.csv,2olo_A_model_1_relaxed_repeat098_inv.csv,2olo_A_model_1_relaxed_repeat054,2olo_A_model_1_relaxed_repeat098,False,False,,5
y(C),267,P,100,-0.116,0.738,0.854,,0.854,0.18069799432067626,0.17979223425943625,0.24414999999999998,0.133,4,62,2olo_A_model_1_relaxed_repeat004_inv.csv,2olo_A_model_1_relaxed_repeat062_inv.csv,2olo_A_model_1_relaxed_repeat004,2olo_A_model_1_relaxed_repeat062,False,False,,6
y(C),385,P,100,0.097,0.8,0.7030000000000001,,0.7030000000000001,0.09116839785625701,0.09071141052811382,0.3487999999999999,0.3325,74,61,2olo_A_model_1_relaxed_repeat074_inv.csv,2olo_A_model_1_relaxed_repeat061_inv.csv,2olo_A_model_1_relaxed_repeat074,2olo_A_model_1_relaxed_repeat061,False,False,,7
y(C),38,F,100,0.059,0.749,0.69,,0.69,0.08326861668871727,0.08285122751052032,0.16820999999999997,0.16,23,2,2olo_A_model_1_relaxed_repeat023_inv.csv,2olo_A_model_1_relaxed_repeat002_inv.csv,2olo_A_model_1_relaxed_repeat023,2olo_A_model_1_relaxed_repeat002,False,False,,8
y(C),387,S,100,0.19,0.796,0.6060000000000001,,0.6060000000000001,0.07593959321843789,0.07555894123133278,0.39608,0.3885,61,23,2olo_A_model_1_relaxed_repeat061_inv.csv,2olo_A_model_1_relaxed_repeat023_inv.csv,2olo_A_model_1_relaxed_repeat061,2olo_A_model_1_relaxed_repeat023,False,False,,9
y(C),326,P,100,-0.255,0.332,0.587,,0.587,0.058112482360166015,0.057821189887445244,0.2641,0.2715,6,82,2olo_A_model_1_relaxed_repeat006_inv.csv,2olo_A_model_1_relaxed_repeat082_inv.csv,2olo_A_model_1_relaxed_repeat006,2olo_A_model_1_relaxed_repeat082,False,False,,10
y(C),142,F,100,-0.084,0.347,0.431,,0.431,0.15593589591996976,0.15515425743433534,0.07942,-0.0305,2,16,2olo_A_model_1_relaxed_repeat002_inv.csv,2olo_A_model_1_relaxed_repeat016_inv.csv,2olo_A_model_1_relaxed_repeat002,2olo_A_model_1_relaxed_repeat016,False,False,,11
y(C),43,G,100,0.481,0.906,0.42500000000000004,,0.42500000000000004,0.07087113002278904,0.0705158840262249,0.5790099999999999,0.566,90,97,2olo_A_model_1_relaxed_repeat090_inv.csv,2olo_A_model_1_relaxed_repeat097_inv.csv,2olo_A_model_1_relaxed_repeat090,2olo_A_model_1_relaxed_repeat097,False,False,,12
y(C),45,T,100,0.392,0.774,0.382,,0.382,0.06675123348461189,0.06641663872855957,0.7000099999999999,0.7135,43,94,2olo_A_model_1_relaxed_repeat043_inv.csv,2olo_A_model_1_relaxed_repeat094_inv.csv,2olo_A_model_1_relaxed_repeat043,2olo_A_model_1_relaxed_repeat094,False,False,,13
y(C),205,G,100,0.272,0.641,0.369,,0.369,0.03769722546926774,0.0375082657556971,0.5864999999999999,0.584,81,97,2olo_A_model_1_relaxed_repeat081_inv.csv,2olo_A_model_1_relaxed_repeat097_inv.csv,2olo_A_model_1_relaxed_repeat081,2olo_A_model_1_relaxed_repeat097,False,False,,14
y(C),330,E,100,0.347,0.714,0.367,,0.367,0.051164116015785584,0.05090765266637227,0.5790299999999999,0.573,16,75,2olo_A_model_1_relaxed_repeat016_inv.csv,2olo_A_model_1_relaxed_repeat075_inv.csv,2olo_A_model_1_relaxed_repeat016,2olo_A_model_1_relaxed_repeat075,False,False,,15
y(C),53,R,100,-0.154,0.192,0.346,,0.346,0.06649610302244574,0.06616278712388106,0.05416000000000001,0.047,22,82,2olo_A_model_1_relaxed_repeat022_inv.csv,2olo_A_model_1_relaxed_repeat082_inv.csv,2olo_A_model_1_relaxed_repeat022,2olo_A_model_1_relaxed_repeat082,False,False,,16
y(C),263,N,100,-0.163,0.179,0.34199999999999997,,0.34199999999999997,0.11689744231676766,0.11631148653507958,0.04691000000000001,0.117,22,75,2olo_A_model_1_relaxed_repeat022_inv.csv,2olo_A_model_1_relaxed_repeat075_inv.csv,2olo_A_model_1_relaxed_repeat022,2olo_A_model_1_relaxed_repeat075,False,False,,17
y(C),54,L,100,-0.157,0.181,0.33799999999999997,,0.33799999999999997,0.05833064928889997,0.05803826324072767,0.0452,0.049,91,82,2olo_A_model_1_relaxed_repeat091_inv.csv,2olo_A_model_1_relaxed_repeat082_inv.csv,2olo_A_model_1_relaxed_repeat091,2olo_A_model_1_relaxed_repeat082,False,False,,18
y(C),44,G,100,0.634,0.967,0.33299999999999996,,0.33299999999999996,0.08693135803667748,0.0864956091371117,0.7906399999999999,0.776,41,82,2olo_A_model_1_relaxed_repeat041_inv.csv,2olo_A_model_1_relaxed_repeat082_inv.csv,2olo_A_model_1_relaxed_repeat041,2olo_A_model_1_relaxed_repeat082,False,False,,19
y(C),266,A,100,0.575,0.901,0.32600000000000007,,0.32600000000000007,0.10493548330553235,0.10440948759571614,0.7993300000000001,0.87,35,70,2olo_A_model_1_relaxed_repeat035_inv.csv,2olo_A_model_1_relaxed_repeat070_inv.csv,2olo_A_model_1_relaxed_repeat035,2olo_A_model_1_relaxed_repeat070,False,False,,20
y(N),269,E,100,0.043,1.114,1.0710000000000002,,1.0710000000000002,0.444591699645798,0.4423631557894487,0.52372,0.184,7,22,2olo_A_model_1_relaxed_repeat007_inv.csv,2olo_A_model_1_relaxed_repeat022_inv.csv,2olo_A_model_1_relaxed_repeat007,2olo_A_model_1_relaxed_repeat022,False,False,,1
y(N),44,G,100,0.077,1.078,1.0010000000000001,,1.0010000000000001,0.19155564637088004,0.19059546164586397,0.1519,0.1075,11,50,2olo_A_model_1_relaxed_repeat011_inv.csv,2olo_A_model_1_relaxed_repeat050_inv.csv,2olo_A_model_1_relaxed_repeat011,2olo_A_model_1_relaxed_repeat050,False,False,,2
y(N),39,F,100,0.183,1.099,0.9159999999999999,,0.9159999999999999,0.12464372499976957,0.12401894048894306,0.21067999999999998,0.193,19,2,2olo_A_model_1_relaxed_repeat019_inv.csv,2olo_A_model_1_relaxed_repeat002_inv.csv,2olo_A_model_1_relaxed_repeat019,2olo_A_model_1_relaxed_repeat002,False,False,,3
y(N),387,S,100,0.232,1.113,0.881,,0.881,0.1945005567232561,0.19352561044988334,0.35341,0.305,51,52,2olo_A_model_1_relaxed_repeat051_inv.csv,2olo_A_model_1_relaxed_repeat052_inv.csv,2olo_A_model_1_relaxed_repeat051,2olo_A_model_1_relaxed_repeat052,False,False,,4
y(N),388,A,100,0.224,1.059,0.835,,0.835,0.1410937001507233,0.1403864591048581,0.26761,0.2345,58,43,2olo_A_model_1_relaxed_repeat058_inv.csv,2olo_A_model_1_relaxed_repeat043_inv.csv,2olo_A_model_1_relaxed_repeat058,2olo_A_model_1_relaxed_repeat043,False,False,,5
y(N),386,Q,100,0.226,1.034,0.808,,0.808,0.20140282866419576,0.20039328431861184,0.30754,0.242,40,52,2olo_A_model_1_relaxed_repeat040_inv.csv,2olo_A_model_1_relaxed_repeat052_inv.csv,2olo_A_model_1_relaxed_repeat040,2olo_A_model_1_relaxed_repeat052,False,False,,6
y(N),332,Q,100,0.229,0.946,0.717,,0.717,0.29793421753769406,0.2964408035341964,0.5015,0.302,65,75,2olo_A_model_1_relaxed_repeat065_inv.csv,2olo_A_model_1_relaxed_repeat075_inv.csv,2olo_A_model_1_relaxed_repeat065,2olo_A_model_1_relaxed_repeat075,False,False,,7
y(N),267,P,100,0.189,0.773,0.5840000000000001,,0.5840000000000001,0.25581240344747896,0.2545301276862918,0.5422100000000001,0.744,77,98,2olo_A_model_1_relaxed_repeat077_inv.csv,2olo_A_model_1_relaxed_repeat098_inv.csv,2olo_A_model_1_relaxed_repeat077,2olo_A_model_1_relaxed_repeat098,False,False,,8
y(N),389,L,100,0.518,1.08,0.562,,0.562,0.0967748709974116,0.09628978087003834,1.0259099999999999,1.047,52,23,2olo_A_model_1_relaxed_repeat052_inv.csv,2olo_A_model_1_relaxed_repeat023_inv.csv,2olo_A_model_1_relaxed_repeat052,2olo_A_model_1_relaxed_repeat023,False,False,,9
y(N),46,S,100,0.348,0.676,0.32800000000000007,,0.32800000000000007,0.06255176119249424,0.06223821655542518,0.41562,0.397,30,50,2olo_A_model_1_relaxed_repeat030_inv.csv,2olo_A_model_1_relaxed_repeat050_inv.csv,2olo_A_model_1_relaxed_repeat030,2olo_A_model_1_relaxed_repeat050,False,False,,10
y(N),268,G,100,0.126,0.404,0.278,,0.278,0.03746225575243175,0.0372744738393448,0.29344000000000003,0.2865,62,7,2olo_A_model_1_relaxed_repeat062_inv.csv,2olo_A_model_1_relaxed_repeat007_inv.csv,2olo_A_model_1_relaxed_repeat062,2olo_A_model_1_relaxed_repeat007,False,False,,11
y(N),178,E,100,0.733,1.007,0.2739999999999999,,0.2739999999999999,0.02693200566784673,0.02679700729559178,0.9980199999999999,1.001,92,71,2olo_A_model_1_relaxed_repeat092_inv.csv,2olo_A_model_1_relaxed_repeat071_inv.csv,2olo_A_model_1_relaxed_repeat092,2olo_A_model_1_relaxed_repeat071,False,False,,12
y(N),54,L,100,0.235,0.436,0.201,,0.201,0.035087532678929556,0.03491165421460289,0.38258000000000003,0.391,75,82,2olo_A_model_1_relaxed_repeat075_inv.csv,2olo_A_model_1_relaxed_repeat082_inv.csv,2olo_A_model_1_relaxed_repeat075,2olo_A_model_1_relaxed_repeat082,False,False,,13
y(N),264,P,100,0.307,0.502,0.195,,0.195,0.04932521943922067,0.04907797367455181,0.43105,0.461,35,4,2olo_A_model_1_relaxed_repeat035_inv.csv,2olo_A_model_1_relaxed_repeat004_inv.csv,2olo_A_model_1_relaxed_repeat035,2olo_A_model_1_relaxed_repeat004,False,False,,14
y(N),326,P,100,0.354,0.548,0.19400000000000006,,0.19400000000000006,0.01986439889436234,0.01976482734556516,0.36746,0.3645,42,6,2olo_A_model_1_relaxed_repeat042_inv.csv,2olo_A_model_1_relaxed_repeat006_inv.csv,2olo_A_model_1_relaxed_repeat042,2olo_A_model_1_relaxed_repeat006,False,False,,15
y(N),56,Y,100,0.106,0.278,0.17200000000000004,,0.17200000000000004,0.046895327242399296,0.04666026146519113,0.17700000000000002,0.167,96,64,2olo_A_model_1_relaxed_repeat096_inv.csv,2olo_A_model_1_relaxed_repeat064_inv.csv,2olo_A_model_1_relaxed_repeat096,2olo_A_model_1_relaxed_repeat064,False,False,,16
y(N),40,N,100,0.882,1.052,0.17000000000000004,,0.17000000000000004,0.022336677723358313,0.02222471372144082,1.0371099999999998,1.041,44,29,2olo_A_model_1_relaxed_repeat044_inv.csv,2olo_A_model_1_relaxed_repeat029_inv.csv,2olo_A_model_1_relaxed_repeat044,2olo_A_model_1_relaxed_repeat029,False,False,,17
y(N),149,T,100,0.178,0.31,0.132,,0.132,0.024884937231387606,0.02476019991841746,0.22285000000000005,0.2205,11,79,2olo_A_model_1_relaxed_repeat011_inv.csv,2olo_A_model_1_relaxed_repeat079_inv.csv,2olo_A_model_1_relaxed_repeat011,2olo_A_model_1_relaxed_repeat079,False,False,,18
y(N),142,F,100,0.05,0.177,0.127,,0.127,0.04354908875410749,0.04333079620777813,0.09139,0.059,79,16,2olo_A_model_1_relaxed_repeat079_inv.csv,2olo_A_model_1_relaxed_repeat016_inv.csv,2olo_A_model_1_relaxed_repeat079,2olo_A_model_1_relaxed_repeat016,False,False,,19
y(N),78,R,100,0.898,1.022,0.124,,0.124,0.03296053808279029,0.03279532131265066,0.9526300000000001,0.964,73,45,2olo_A_model_1_relaxed_repeat073_inv.csv,2olo_A_model_1_relaxed_repeat045_inv.csv,2olo_A_model_1_relaxed_repeat073,2olo_A_model_1_relaxed_repeat045,False,False,,20
y(N),221,Y,100,0.624,0.748,0.124,,0.124,0.02255654846796997,0.022443482350116697,0.67149,0.671,74,2,2olo_A_model_1_relaxed_repeat074_inv.csv,2olo_A_model_1_relaxed_repeat002_inv.csv,2olo_A_model_1_relaxed_repeat074,2olo_A_model_1_relaxed_repeat002,False,False,,20
z(A),268,G,100,-0.578,0.148,0.726,,0.726,0.10872547023944241,0.1081804769817549,-0.25762,-0.199,61,7,2olo_A_model_1_relaxed_repeat061_inv.csv,2olo_A_model_1_relaxed_repeat007_inv.csv,2olo_A_model_1_relaxed_repeat061,2olo_A_model_1_relaxed_repeat007,False,False,,1
z(A),389,L,100,-0.51,0.182,0.692,,0.692,0.09423001945057938,0.09375768555163892,-0.03142,-0.002,43,98,2olo_A_model_1_relaxed_repeat043_inv.csv,2olo_A_model_1_relaxed_repeat098_inv.csv,2olo_A_model_1_relaxed_repeat043,2olo_A_model_1_relaxed_repeat098,False,False,,2
z(A),269,E,100,-0.123,0.514,0.637,,0.637,0.12070249384417052,0.1200974650023888,-0.00732999999999999,-0.04,6,62,2olo_A_model_1_relaxed_repeat006_inv.csv,2olo_A_model_1_relaxed_repeat062_inv.csv,2olo_A_model_1_relaxed_repeat006,2olo_A_model_1_relaxed_repeat062,False,False,,3
z(A),178,E,100,0.055,0.576,0.5209999999999999,,0.5209999999999999,0.05077993320359545,0.05052539559469079,0.07761999999999998,0.074,21,92,2olo_A_model_1_relaxed_repeat021_inv.csv,2olo_A_model_1_relaxed_repeat092_inv.csv,2olo_A_model_1_relaxed_repeat021,2olo_A_model_1_relaxed_repeat092,False,False,,4
z(A),38,F,100,-0.12,0.376,0.496,,0.496,0.05800795051742755,0.05771718201714286,0.29137,0.297,2,23,2olo_A_model_1_relaxed_repeat002_inv.csv,2olo_A_model_1_relaxed_repeat023_inv.csv,2olo_A_model_1_relaxed_repeat002,2olo_A_model_1_relaxed_repeat023,False,False,,5
z(A),332,Q,100,-0.216,0.256,0.472,,0.472,0.1712404331914515,0.1703820797501897,-0.02487000000000001,-0.136,64,54,2olo_A_model_1_relaxed_repeat064_inv.csv,2olo_A_model_1_relaxed_repeat054_inv.csv,2olo_A_model_1_relaxed_repeat064,2olo_A_model_1_relaxed_repeat054,False,False,,6
z(A),386,Q,100,-0.236,0.23,0.46599999999999997,,0.46599999999999997,0.06442662101142273,0.06410367852159501,-0.046720000000000005,-0.051,31,54,2olo_A_model_1_relaxed_repeat031_inv.csv,2olo_A_model_1_relaxed_repeat054_inv.csv,2olo_A_model_1_relaxed_repeat031,2olo_A_model_1_relaxed_repeat054,False,False,,7
z(A),45,T,100,-0.289,0.098,0.387,,0.387,0.06981496178391054,0.06946500989706976,-0.02718,-0.0085,43,87,2olo_A_model_1_relaxed_repeat043_inv.csv,2olo_A_model_1_relaxed_repeat087_inv.csv,2olo_A_model_1_relaxed_repeat043,2olo_A_model_1_relaxed_repeat087,False,False,,8
z(A),387,S,100,-0.14,0.247,0.387,,0.387,0.0761177841946747,0.07573623901409417,-0.08161,-0.104,33,43,2olo_A_model_1_relaxed_repeat033_inv.csv,2olo_A_model_1_relaxed_repeat043_inv.csv,2olo_A_model_1_relaxed_repeat033,2olo_A_model_1_relaxed_repeat043,False,False,,8
z(A),43,G,100,-0.213,0.155,0.368,,0.368,0.050624340374802304,0.05037058268473773,-0.08438000000000001,-0.0845,19,97,2olo_A_model_1_relaxed_repeat019_inv.csv,2olo_A_model_1_relaxed_repeat097_inv.csv,2olo_A_model_1_relaxed_repeat019,2olo_A_model_1_relaxed_repeat097,False,False,,10
z(A),141,G,100,-0.173,0.186,0.359,,0.359,0.13339700714465644,0.13272834625655516,-0.03419,-0.129,56,16,2olo_A_model_1_relaxed_repeat056_inv.csv,2olo_A_model_1_relaxed_repeat016_inv.csv,2olo_A_model_1_relaxed_repeat056,2olo_A_model_1_relaxed_repeat016,False,False,,11
z(A),330,E,100,-0.272,0.08,0.35200000000000004,,0.35200000000000004,0.04823752259246515,0.047995728976649575,-0.04850000000000001,-0.0615,16,9,2olo_A_model_1_relaxed_repeat016_inv.csv,2olo_A_model_1_relaxed_repeat009_inv.csv,2olo_A_model_1_relaxed_repeat016,2olo_A_model_1_relaxed_repeat009,False,False,,12
z(A),388,A,100,-0.168,0.184,0.352,,0.352,0.048264920234602326,0.04802298928638241,-0.038050000000000014,-0.0485,15,52,2olo_A_model_1_relaxed_repeat015_inv.csv,2olo_A_model_1_relaxed_repeat052_inv.csv,2olo_A_model_1_relaxed_repeat015,2olo_A_model_1_relaxed_repeat052,False,False,,13
z(A),205,G,100,-0.312,0.039,0.351,,0.351,0.03535858874417639,0.03518135159427505,-0.27915,-0.278,97,81,2olo_A_model_1_relaxed_repeat097_inv.csv,2olo_A_model_1_relaxed_repeat081_inv.csv,2olo_A_model_1_relaxed_repeat097,2olo_A_model_1_relaxed_repeat081,False,False,,14
z(A),253,D,100,-0.027,0.28,0.30700000000000005,,0.30700000000000005,0.04837645307503654,0.04813396306143927,0.17604,0.187,70,32,2olo_A_model_1_relaxed_repeat070_inv.csv,2olo_A_model_1_relaxed_repeat032_inv.csv,2olo_A_model_1_relaxed_repeat070,2olo_A_model_1_relaxed_repeat032,False,False,,15
z(A),326,P,100,0.033,0.309,0.276,,0.276,0.02683795555898136,0.02670342861881223,0.07737,0.075,86,6,2olo_A_model_1_relaxed_repeat086_inv.csv,2olo_A_model_1_relaxed_repeat006_inv.csv,2olo_A_model_1_relaxed_repeat086,2olo_A_model_1_relaxed_repeat006,False,False,,16
z(A),267,P,100,-0.102,0.169,0.271,,0.271,0.08778454512974573,0.08734451957621613,6.99999999999984e-05,-0.063,91,81,2olo_A_model_1_relaxed_repeat091_inv.csv,2olo_A_model_1_relaxed_repeat081_inv.csv,2olo_A_model_1_relaxed_repeat091,2olo_A_model_1_relaxed_repeat081,False,False,,17
z(A),49,E,100,0.067,0.335,0.268,,0.268,0.06191535114227091,0.061604996550604564,0.15938,0.155,56,48,2olo_A_model_1_relaxed_repeat056_inv.csv,2olo_A_model_1_relaxed_repeat048_inv.csv,2olo_A_model_1_relaxed_repeat056,2olo_A_model_1_relaxed_repeat048,False,False,,18
z(A),331,R,100,-0.091,0.17,0.261,,0.261,0.03616902519889614,0.035987725685294424,0.01506,0.016,52,63,2olo_A_model_1_relaxed_repeat052_inv.csv,2olo_A_model_1_relaxed_repeat063_inv.csv,2olo_A_model_1_relaxed_repeat052,2olo_A_model_1_relaxed_repeat063,False,False,,19
z(A),55,Q,100,0.308,0.548,0.24000000000000005,,0.24000000000000005,0.03904601144932745,0.03885029086120206,0.44893000000000005,0.4475,5,82,2olo_A_model_1_relaxed_repeat005_inv.csv,2olo_A_model_1_relaxed_repeat082_inv.csv,2olo_A_model_1_relaxed_repeat005,2olo_A_model_1_relaxed_repeat082,False,False,,20
z(C),269,E,100,-1.451,1.423,2.874,,2.874,1.3294632119085439,1.3227991939444173,0.32685000000000003,1.3755,56,16,2olo_A_model_1_relaxed_repeat056_inv.csv,2olo_A_model_1_relaxed_repeat016_inv.csv,2olo_A_model_1_relaxed_repeat056,2olo_A_model_1_relaxed_repeat016,False,False,,1
z(C),387,S,100,-1.363,1.485,2.848,,2.848,0.6441866674538154,0.6409576412681263,1.12011,1.2845,65,74,2olo_A_model_1_relaxed_repeat065_inv.csv,2olo_A_model_1_relaxed_repeat074_inv.csv,2olo_A_model_1_relaxed_repeat065,2olo_A_model_1_relaxed_repeat074,False,False,,2
z(C),388,A,100,-1.268,1.203,2.471,,2.471,0.3643295073130776,0.3625032827437567,0.8185000000000001,0.8785000000000001,23,98,2olo_A_model_1_relaxed_repeat023_inv.csv,2olo_A_model_1_relaxed_repeat098_inv.csv,2olo_A_model_1_relaxed_repeat023,2olo_A_model_1_relaxed_repeat098,False,False,,3
z(C),268,G,100,-1.25,1.173,2.423,,2.423,0.9235409447700014,0.91891163769973,-0.15589000000000003,-0.8345,7,76,2olo_A_model_1_relaxed_repeat007_inv.csv,2olo_A_model_1_relaxed_repeat076_inv.csv,2olo_A_model_1_relaxed_repeat007,2olo_A_model_1_relaxed_repeat076,False,False,,4
z(C),389,L,100,-1.527,0.658,2.185,,2.185,0.3546229323399914,0.35284536258820237,-1.32849,-1.404,65,52,2olo_A_model_1_relaxed_repeat065_inv.csv,2olo_A_model_1_relaxed_repeat052_inv.csv,2olo_A_model_1_relaxed_repeat065,2olo_A_model_1_relaxed_repeat052,False,False,,5
z(C),386,Q,100,-1.317,0.24,1.557,,1.557,0.3162609284253824,0.3146756506309314,-0.015570000000000006,0.0645,65,40,2olo_A_model_1_relaxed_repeat065_inv.csv,2olo_A_model_1_relaxed_repeat040_inv.csv,2olo_A_model_1_relaxed_repeat065,2olo_A_model_1_relaxed_repeat040,False,False,,6
z(C),267,P,100,0.063,1.491,1.4280000000000002,,1.4280000000000002,0.6317014321607475,0.6285349890022035,0.69474,0.2535,48,81,2olo_A_model_1_relaxed_repeat048_inv.csv,2olo_A_model_1_relaxed_repeat081_inv.csv,2olo_A_model_1_relaxed_repeat048,2olo_A_model_1_relaxed_repeat081,False,False,,7
z(C),178,E,100,-0.067,0.949,1.016,,1.016,0.09995689727643267,0.09945585704220741,-0.03705,-0.047,95,92,2olo_A_model_1_relaxed_repeat095_inv.csv,2olo_A_model_1_relaxed_repeat092_inv.csv,2olo_A_model_1_relaxed_repeat095,2olo_A_model_1_relaxed_repeat092,False,False,,8
z(C),266,A,100,-1.426,-0.464,0.962,,0.962,0.3650898735346898,0.363259837581861,-0.9054800000000001,-0.633,61,48,2olo_A_model_1_relaxed_repeat061_inv.csv,2olo_A_model_1_relaxed_repeat048_inv.csv,2olo_A_model_1_relaxed_repeat061,2olo_A_model_1_relaxed_repeat048,False,False,,9
z(C),263,N,100,0.432,1.287,0.855,,0.855,0.34171321944495253,0.34000036044098536,0.98657,1.2355,24,75,2olo_A_model_1_relaxed_repeat024_inv.csv,2olo_A_model_1_relaxed_repeat075_inv.csv,2olo_A_model_1_relaxed_repeat024,2olo_A_model_1_relaxed_repeat075,False,False,,10
z(C),253,D,100,-0.115,0.556,0.671,,0.671,0.08780661200109655,0.08736647583598643,0.22417000000000006,0.2375,70,32,2olo_A_model_1_relaxed_repeat070_inv.csv,2olo_A_model_1_relaxed_repeat032_inv.csv,2olo_A_model_1_relaxed_repeat070,2olo_A_model_1_relaxed_repeat032,False,False,,11
z(C),56,Y,100,-0.693,-0.125,0.568,,0.568,0.13373339828996278,0.13306305122008888,-0.30662,-0.26,5,27,2olo_A_model_1_relaxed_repeat005_inv.csv,2olo_A_model_1_relaxed_repeat027_inv.csv,2olo_A_model_1_relaxed_repeat005,2olo_A_model_1_relaxed_repeat027,False,False,,12
z(C),46,S,100,-1.01,-0.449,0.5609999999999999,,0.5609999999999999,0.12064509224509833,0.12004035113244213,-0.74779,-0.768,59,81,2olo_A_model_1_relaxed_repeat059_inv.csv,2olo_A_model_1_relaxed_repeat081_inv.csv,2olo_A_model_1_relaxed_repeat059,2olo_A_model_1_relaxed_repeat081,False,False,,13
z(C),177,T,100,0.304,0.862,0.558,,0.558,0.05402417247974477,0.05375337291742723,0.3310700000000001,0.3265,22,92,2olo_A_model_1_relaxed_repeat022_inv.csv,2olo_A_model_1_relaxed_repeat092_inv.csv,2olo_A_model_1_relaxed_repeat022,2olo_A_model_1_relaxed_repeat092,False,False,,14
z(C),325,L,100,-0.356,0.138,0.494,,0.494,0.04763567439165183,0.04739689757779511,-0.28579,-0.293,82,6,2olo_A_model_1_relaxed_repeat082_inv.csv,2olo_A_model_1_relaxed_repeat006_inv.csv,2olo_A_model_1_relaxed_repeat082,2olo_A_model_1_relaxed_repeat006,False,False,,15
z(C),333,F,100,-0.216,0.245,0.46099999999999997,,0.46099999999999997,0.10214035253591804,0.10162836759487974,0.03857,0.003,16,75,2olo_A_model_1_relaxed_repeat016_inv.csv,2olo_A_model_1_relaxed_repeat075_inv.csv,2olo_A_model_1_relaxed_repeat016,2olo_A_model_1_relaxed_repeat075,False,False,,16
z(C),45,T,100,-1.414,-0.966,0.44799999999999995,,0.44799999999999995,0.0936105730884038,0.09314134420331283,-1.1976999999999998,-1.1995,50,41,2olo_A_model_1_relaxed_repeat050_inv.csv,2olo_A_model_1_relaxed_repeat041_inv.csv,2olo_A_model_1_relaxed_repeat050,2olo_A_model_1_relaxed_repeat041,False,False,,17
z(C),204,C,100,-1.215,-0.803,0.41200000000000003,,0.41200000000000003,0.0405914294083633,0.040387962315521685,-1.18295,-1.189,54,81,2olo_A_model_1_relaxed_repeat054_inv.csv,2olo_A_model_1_relaxed_repeat081_inv.csv,2olo_A_model_1_relaxed_repeat054,2olo_A_model_1_relaxed_repeat081,False,False,,18
z(C),259,G,100,-0.032,0.348,0.38,,0.38,0.0622825104753422,0.06197031547442695,0.09340000000000001,0.0875,79,74,2olo_A_model_1_relaxed_repeat079_inv.csv,2olo_A_model_1_relaxed_repeat074_inv.csv,2olo_A_model_1_relaxed_repeat079,2olo_A_model_1_relaxed_repeat074,False,False,,19
z(C),332,Q,100,0.409,0.762,0.35300000000000004,,0.35300000000000004,0.06437218170745634,0.06404951209806363,0.6337999999999999,0.6325000000000001,16,46,2olo_A_model_1_relaxed_repeat016_inv.csv,2olo_A_model_1_relaxed_repeat046_inv.csv,2olo_A_model_1_relaxed_repeat016,2olo_A_model_1_relaxed_repeat046,False,False,,20
z(N),332,Q,100,-1.144,0.776,1.92,,1.92,0.7964239838303477,0.7924318585216018,-0.38263999999999987,-0.9105000000000001,16,61,2olo_A_model_1_relaxed_repeat016_inv.csv,2olo_A_model_1_relaxed_repeat061_inv.csv,2olo_A_model_1_relaxed_repeat016,2olo_A_model_1_relaxed_repeat061,False,False,,1
z(N),386,Q,100,-1.131,0.589,1.72,,1.72,0.36169795368092655,0.359884919939694,-0.75762,-0.844,74,65,2olo_A_model_1_relaxed_repeat074_inv.csv,2olo_A_model_1_relaxed_repeat065_inv.csv,2olo_A_model_1_relaxed_repeat074,2olo_A_model_1_relaxed_repeat065,False,False,,2
z(N),269,E,100,-0.738,0.762,1.5,,1.5,0.26581876563105206,0.26448633235008573,-0.10580000000000003,-0.207,7,21,2olo_A_model_1_relaxed_repeat007_inv.csv,2olo_A_model_1_relaxed_repeat021_inv.csv,2olo_A_model_1_relaxed_repeat007,2olo_A_model_1_relaxed_repeat021,False,False,,3
z(N),389,L,100,-1.192,0.306,1.498,,1.498,0.26178616051728903,0.2604739409230796,-0.029690000000000005,0.029,74,98,2olo_A_model_1_relaxed_repeat074_inv.csv,2olo_A_model_1_relaxed_repeat098_inv.csv,2olo_A_model_1_relaxed_repeat074,2olo_A_model_1_relaxed_repeat098,False,False,,4
z(N),387,S,100,-0.796,0.519,1.315,,1.315,0.2656672225384854,0.26433554887680166,-0.6997600000000002,-0.778,20,65,2olo_A_model_1_relaxed_repeat020_inv.csv,2olo_A_model_1_relaxed_repeat065_inv.csv,2olo_A_model_1_relaxed_repeat020,2olo_A_model_1_relaxed_repeat065,False,False,,5
z(N),388,A,100,-1.083,-0.169,0.9139999999999999,,0.9139999999999999,0.11162489992303815,0.11106537309170667,-0.7827699999999999,-0.788,74,65,2olo_A_model_1_relaxed_repeat074_inv.csv,2olo_A_model_1_relaxed_repeat065_inv.csv,2olo_A_model_1_relaxed_repeat074,2olo_A_model_1_relaxed_repeat065,False,False,,6
z(N),39,F,100,-0.567,0.343,0.9099999999999999,,0.9099999999999999,0.10071352461513818,0.10020869173879081,-0.51991,-0.533,53,44,2olo_A_model_1_relaxed_repeat053_inv.csv,2olo_A_model_1_relaxed_repeat044_inv.csv,2olo_A_model_1_relaxed_repeat053,2olo_A_model_1_relaxed_repeat044,False,False,,7
z(N),267,P,100,-1.181,-0.322,0.859,,0.859,0.3071618571122503,0.30562218898502774,-0.84524,-1.073,55,77,2olo_A_model_1_relaxed_repeat055_inv.csv,2olo_A_model_1_relaxed_repeat077_inv.csv,2olo_A_model_1_relaxed_repeat055,2olo_A_model_1_relaxed_repeat077,False,False,,8
z(N),44,G,100,-0.227,0.531,0.758,,0.758,0.1612075755795689,0.160399512468087,0.24642,0.2285,34,69,2olo_A_model_1_relaxed_repeat034_inv.csv,2olo_A_model_1_relaxed_repeat069_inv.csv,2olo_A_model_1_relaxed_repeat034,2olo_A_model_1_relaxed_repeat069,False,False,,9
z(N),178,E,100,0.436,1.042,0.6060000000000001,,0.6060000000000001,0.0595645681406134,0.059265996996591554,0.46096,0.452,71,92,2olo_A_model_1_relaxed_repeat071_inv.csv,2olo_A_model_1_relaxed_repeat092_inv.csv,2olo_A_model_1_relaxed_repeat071,2olo_A_model_1_relaxed_repeat092,False,False,,10
z(N),270,F,100,-0.316,0.27,0.5860000000000001,,0.5860000000000001,0.11077861214643785,0.11022332738581248,0.04109,0.010499999999999999,7,1,2olo_A_model_1_relaxed_repeat007_inv.csv,2olo_A_model_1_relaxed_repeat001_inv.csv,2olo_A_model_1_relaxed_repeat007,2olo_A_model_1_relaxed_repeat001,False,False,,11
z(N),253,D,100,0.082,0.592,0.51,,0.51,0.06871953245922255,0.06837507148076703,0.42263999999999996,0.4315,70,32,2olo_A_model_1_relaxed_repeat070_inv.csv,2olo_A_model_1_relaxed_repeat032_inv.csv,2olo_A_model_1_relaxed_repeat070,2olo_A_model_1_relaxed_repeat032,False,False,,12
z(N),330,E,100,0.08,0.59,0.51,,0.51,0.056472748411347154,0.05618967520817325,0.45898000000000005,0.4555,16,9,2olo_A_model_1_relaxed_repeat016_inv.csv,2olo_A_model_1_relaxed_repeat009_inv.csv,2olo_A_model_1_relaxed_repeat016,2olo_A_model_1_relaxed_repeat009,False,False,,12
z(N),43,G,100,-0.278,0.198,0.47600000000000003,,0.47600000000000003,0.0696807286083745,0.06933144957376847,-0.05649,-0.053,48,34,2olo_A_model_1_relaxed_repeat048_inv.csv,2olo_A_model_1_relaxed_repeat034_inv.csv,2olo_A_model_1_relaxed_repeat048,2olo_A_model_1_relaxed_repeat034,False,False,,14
z(N),45,T,100,-0.233,0.211,0.444,,0.444,0.09393659800335778,0.0934657348978758,-0.043579999999999994,-0.0465,80,23,2olo_A_model_1_relaxed_repeat080_inv.csv,2olo_A_model_1_relaxed_repeat023_inv.csv,2olo_A_model_1_relaxed_repeat080,2olo_A_model_1_relaxed_repeat023,False,False,,15
z(N),331,R,100,0.167,0.61,0.44299999999999995,,0.44299999999999995,0.08750622257816291,0.08706759213392777,0.31688000000000005,0.2905,40,63,2olo_A_model_1_relaxed_repeat040_inv.csv,2olo_A_model_1_relaxed_repeat063_inv.csv,2olo_A_model_1_relaxed_repeat040,2olo_A_model_1_relaxed_repeat063,False,False,,16
z(N),40,N,100,-0.759,-0.325,0.434,,0.434,0.05592280393542513,0.05564248736352465,-0.38644000000000006,-0.379,44,29,2olo_A_model_1_relaxed_repeat044_inv.csv,2olo_A_model_1_relaxed_repeat029_inv.csv,2olo_A_model_1_relaxed_repeat044,2olo_A_model_1_relaxed_repeat029,False,False,,17
z(N),341,L,100,-0.168,0.256,0.42400000000000004,,0.42400000000000004,0.04395913965941508,0.043738791707133386,-0.05841000000000001,-0.0615,23,52,2olo_A_model_1_relaxed_repeat023_inv.csv,2olo_A_model_1_relaxed_repeat052_inv.csv,2olo_A_model_1_relaxed_repeat023,2olo_A_model_1_relaxed_repeat052,False,False,,18
z(N),142,F,100,0.199,0.605,0.40599999999999997,,0.40599999999999997,0.14306434908738788,0.14234723003978686,0.36930999999999997,0.2775,100,16,2olo_A_model_1_relaxed_repeat100_inv.csv,2olo_A_model_1_relaxed_repeat016_inv.csv,2olo_A_model_1_relaxed_repeat100,2olo_A_model_1_relaxed_repeat016,False,False,,19
z(N),102,G,100,0.1,0.477,0.377,,0.377,0.06560710958640707,0.06527824982335233,0.36450999999999995,0.3735,82,71,2olo_A_model_1_relaxed_repeat082_inv.csv,2olo_A_model_1_relaxed_repeat071_inv.csv,2olo_A_model_1_relaxed_repeat082,2olo_A_model_1_relaxed_repeat071,False,False,,20
|A-C-N|,268,G,100,2.36,2.49,0.13000000000000034,,0.13000000000000034,0.020315441706179358,0.02021360927692034,2.4229000000000003,2.41,7,1,2olo_A_model_1_relaxed_repeat007_inv.csv,2olo_A_model_1_relaxed_repeat001_inv.csv,2olo_A_model_1_relaxed_repeat007,2olo_A_model_1_relaxed_repeat001,False,False,,1
|A-C-N|,177,T,100,2.35,2.46,0.10999999999999988,,0.10999999999999988,0.010766108438479085,0.010712142642814258,2.4505,2.45,92,96,2olo_A_model_1_relaxed_repeat092_inv.csv,2olo_A_model_1_relaxed_repeat096_inv.csv,2olo_A_model_1_relaxed_repeat092,2olo_A_model_1_relaxed_repeat096,False,False,,2
|A-C-N|,325,L,100,2.48,2.58,0.10000000000000009,,0.10000000000000009,0.009637888196533986,0.009589577675789494,2.489800000000001,2.49,2,6,2olo_A_model_1_relaxed_repeat002_inv.csv,2olo_A_model_1_relaxed_repeat006_inv.csv,2olo_A_model_1_relaxed_repeat002,2olo_A_model_1_relaxed_repeat006,False,False,,3
|A-C-N|,267,P,100,2.39,2.46,0.06999999999999984,,0.06999999999999984,0.020000000000000046,0.019899748742132444,2.418,2.41,16,7,2olo_A_model_1_relaxed_repeat016_inv.csv,2olo_A_model_1_relaxed_repeat007_inv.csv,2olo_A_model_1_relaxed_repeat016,2olo_A_model_1_relaxed_repeat007,False,False,,4
|A-C-N|,332,Q,100,2.44,2.51,0.06999999999999984,,0.06999999999999984,0.01910523752823025,0.019009471323527028,2.4791999999999996,2.47,16,78,2olo_A_model_1_relaxed_repeat016_inv.csv,2olo_A_model_1_relaxed_repeat078_inv.csv,2olo_A_model_1_relaxed_repeat016,2olo_A_model_1_relaxed_repeat078,False,False,,4
|A-C-N|,387,S,100,2.41,2.48,0.06999999999999984,,0.06999999999999984,0.012878217456173218,0.012813664581219525,2.4209,2.42,2,43,2olo_A_model_1_relaxed_repeat002_inv.csv,2olo_A_model_1_relaxed_repeat043_inv.csv,2olo_A_model_1_relaxed_repeat002,2olo_A_model_1_relaxed_repeat043,False,False,,4
|A-C-N|,176,V,100,2.37,2.43,0.06000000000000005,,0.06000000000000005,0.0073711147958320615,0.007334166619323629,2.4261,2.43,92,99,2olo_A_model_1_relaxed_repeat092_inv.csv,2olo_A_model_1_relaxed_repeat099_inv.csv,2olo_A_model_1_relaxed_repeat092,2olo_A_model_1_relaxed_repeat099,False,False,,7
|A-C-N|,386,Q,100,2.43,2.49,0.06000000000000005,,0.06000000000000005,0.009265445744727308,0.009219002115196663,2.4498999999999995,2.45,31,61,2olo_A_model_1_relaxed_repeat031_inv.csv,2olo_A_model_1_relaxed_repeat061_inv.csv,2olo_A_model_1_relaxed_repeat031,2olo_A_model_1_relaxed_repeat061,False,False,,7
|A-C-N|,53,R,100,2.4,2.45,0.050000000000000266,,0.050000000000000266,0.011638928063384802,0.011580587204455562,2.4317,2.43,24,87,2olo_A_model_1_relaxed_repeat024_inv.csv,2olo_A_model_1_relaxed_repeat087_inv.csv,2olo_A_model_1_relaxed_repeat024,2olo_A_model_1_relaxed_repeat087,False,False,,9
|A-C-N|,37,T,100,2.45,2.5,0.04999999999999982,,0.04999999999999982,0.00555595958126832,0.005528109984434135,2.4612000000000007,2.46,88,44,2olo_A_model_1_relaxed_repeat088_inv.csv,2olo_A_model_1_relaxed_repeat044_inv.csv,2olo_A_model_1_relaxed_repeat088,2olo_A_model_1_relaxed_repeat044,False,False,,10
|A-C-N|,64,L,100,2.46,2.51,0.04999999999999982,,0.04999999999999982,0.01644427381838853,0.016361845861637893,2.4772999999999996,2.47,6,78,2olo_A_model_1_relaxed_repeat006_inv.csv,2olo_A_model_1_relaxed_repeat078_inv.csv,2olo_A_model_1_relaxed_repeat006,2olo_A_model_1_relaxed_repeat078,False,False,,10
|A-C-N|,329,P,100,2.45,2.5,0.04999999999999982,,0.04999999999999982,0.01233988360045294,0.012278029157808682,2.4765,2.47,2,61,2olo_A_model_1_relaxed_repeat002_inv.csv,2olo_A_model_1_relaxed_repeat061_inv.csv,2olo_A_model_1_relaxed_repeat002,2olo_A_model_1_relaxed_repeat061,False,False,,10
|A-C-N|,331,R,100,2.41,2.46,0.04999999999999982,,0.04999999999999982,0.008804842561071285,0.008760707733967605,2.4325,2.43,52,75,2olo_A_model_1_relaxed_repeat052_inv.csv,2olo_A_model_1_relaxed_repeat075_inv.csv,2olo_A_model_1_relaxed_repeat052,2olo_A_model_1_relaxed_repeat075,False,False,,10
|A-C-N|,39,F,100,2.43,2.47,0.040000000000000036,,0.040000000000000036,0.006243380332784396,0.006212084996199022,2.4628999999999994,2.46,2,98,2olo_A_model_1_relaxed_repeat002_inv.csv,2olo_A_model_1_relaxed_repeat098_inv.csv,2olo_A_model_1_relaxed_repeat002,2olo_A_model_1_relaxed_repeat098,False,False,,14
|A-C-N|,42,N,100,2.45,2.49,0.040000000000000036,,0.040000000000000036,0.004857567250791271,0.004833218389437856,2.4691999999999994,2.47,19,97,2olo_A_model_1_relaxed_repeat019_inv.csv,2olo_A_model_1_relaxed_repeat097_inv.csv,2olo_A_model_1_relaxed_repeat019,2olo_A_model_1_relaxed_repeat097,False,False,,14
|A-C-N|,44,G,100,2.43,2.47,0.040000000000000036,,0.040000000000000036,0.008017657281452513,0.007977468270071666,2.4594,2.46,59,92,2olo_A_model_1_relaxed_repeat059_inv.csv,2olo_A_model_1_relaxed_repeat092_inv.csv,2olo_A_model_1_relaxed_repeat059,2olo_A_model_1_relaxed_repeat092,False,False,,14
|A-C-N|,45,T,100,2.42,2.46,0.040000000000000036,,0.040000000000000036,0.006912877750103687,0.006878226515607044,2.4313,2.43,11,50,2olo_A_model_1_relaxed_repeat011_inv.csv,2olo_A_model_1_relaxed_repeat050_inv.csv,2olo_A_model_1_relaxed_repeat011,2olo_A_model_1_relaxed_repeat050,False,False,,14
|A-C-N|,54,L,100,2.41,2.45,0.040000000000000036,,0.040000000000000036,0.012187093686570758,0.012126005112979305,2.4263999999999997,2.42,2,91,2olo_A_model_1_relaxed_repeat002_inv.csv,2olo_A_model_1_relaxed_repeat091_inv.csv,2olo_A_model_1_relaxed_repeat002,2olo_A_model_1_relaxed_repeat091,False,False,,14
|A-C-N|,55,Q,100,2.4,2.44,0.040000000000000036,,0.040000000000000036,0.010866964115653839,0.01081249277456402,2.4203,2.42,62,91,2olo_A_model_1_relaxed_repeat062_inv.csv,2olo_A_model_1_relaxed_repeat091_inv.csv,2olo_A_model_1_relaxed_repeat062,2olo_A_model_1_relaxed_repeat091,False,False,,14
|A-C-N|,149,T,100,2.4,2.44,0.040000000000000036,,0.040000000000000036,0.006699917080747222,0.0066663333249995455,2.4134,2.41,55,79,2olo_A_model_1_relaxed_repeat055_inv.csv,2olo_A_model_1_relaxed_repeat079_inv.csv,2olo_A_model_1_relaxed_repeat055,2olo_A_model_1_relaxed_repeat079,False,False,,14
|A-C-N|,220,A,100,2.44,2.48,0.040000000000000036,,0.040000000000000036,0.007343656645656419,0.007306846104852677,2.4630999999999994,2.46,31,76,2olo_A_model_1_relaxed_repeat031_inv.csv,2olo_A_model_1_relaxed_repeat076_inv.csv,2olo_A_model_1_relaxed_repeat031,2olo_A_model_1_relaxed_repeat076,False,False,,14
|A-C-N|,242,F,100,2.43,2.47,0.040000000000000036,,0.040000000000000036,0.009339824582524145,0.009293008124391107,2.4342000000000006,2.43,1,85,2olo_A_model_1_relaxed_repeat001_inv.csv,2olo_A_model_1_relaxed_repeat085_inv.csv,2olo_A_model_1_relaxed_repeat001,2olo_A_model_1_relaxed_repeat085,False,False,,14
|A-C-N|,251,P,100,2.45,2.49,0.040000000000000036,,0.040000000000000036,0.005846521887568555,0.005817215828899594,2.4796000000000005,2.48,23,83,2olo_A_model_1_relaxed_repeat023_inv.csv,2olo_A_model_1_relaxed_repeat083_inv.csv,2olo_A_model_1_relaxed_repeat023,2olo_A_model_1_relaxed_repeat083,False,False,,14
|A-C-N|,252,Q,100,2.45,2.49,0.040000000000000036,,0.040000000000000036,0.007447459060958011,0.0074101282040190865,2.4747000000000003,2.47,23,70,2olo_A_model_1_relaxed_repeat023_inv.csv,2olo_A_model_1_relaxed_repeat070_inv.csv,2olo_A_model_1_relaxed_repeat023,2olo_A_model_1_relaxed_repeat070,False,False,,14
|A-C-N|,256,L,100,2.41,2.45,0.040000000000000036,,0.040000000000000036,0.0053143601912576804,0.005287721626560926,2.4297999999999997,2.43,55,100,2olo_A_model_1_relaxed_repeat055_inv.csv,2olo_A_model_1_relaxed_repeat100_inv.csv,2olo_A_model_1_relaxed_repeat055,2olo_A_model_1_relaxed_repeat100,False,False,,14
|A-C-N|,269,E,100,2.46,2.5,0.040000000000000036,,0.040000000000000036,0.005328596381218872,0.005301886456724575,2.4717,2.47,42,7,2olo_A_model_1_relaxed_repeat042_inv.csv,2olo_A_model_1_relaxed_repeat007_inv.csv,2olo_A_model_1_relaxed_repeat042,2olo_A_model_1_relaxed_repeat007,False,False,,14
|A-C-N|,326,P,100,2.42,2.46,0.040000000000000036,,0.040000000000000036,0.007769403861535145,0.007730459236035129,2.4467999999999996,2.45,9,37,2olo_A_model_1_relaxed_repeat009_inv.csv,2olo_A_model_1_relaxed_repeat037_inv.csv,2olo_A_model_1_relaxed_repeat009,2olo_A_model_1_relaxed_repeat037,False,False,,14
|A-C-N|,330,E,100,2.45,2.49,0.040000000000000036,,0.040000000000000036,0.011457431093955039,0.011400000000000021,2.4702,2.47,8,87,2olo_A_model_1_relaxed_repeat008_inv.csv,2olo_A_model_1_relaxed_repeat087_inv.csv,2olo_A_model_1_relaxed_repeat008,2olo_A_model_1_relaxed_repeat087,False,False,,14
|A-C-N|,388,A,100,2.44,2.48,0.040000000000000036,,0.040000000000000036,0.006343691688790052,0.006311893535223779,2.4703999999999997,2.47,54,88,2olo_A_model_1_relaxed_repeat054_inv.csv,2olo_A_model_1_relaxed_repeat088_inv.csv,2olo_A_model_1_relaxed_repeat054,2olo_A_model_1_relaxed_repeat088,False,False,,14
|C-N-A|,268,G,100,2.39,2.54,0.1499999999999999,,0.1499999999999999,0.022441618984072015,0.02232912895748508,2.4520999999999997,2.45,7,77,2olo_A_model_1_relaxed_repeat007_inv.csv,2olo_A_model_1_relaxed_repeat077_inv.csv,2olo_A_model_1_relaxed_repeat007,2olo_A_model_1_relaxed_repeat077,False,False,,1
|C-N-A|,388,A,100,2.4,2.51,0.10999999999999988,,0.10999999999999988,0.014445648745444652,0.014373239022572435,2.4729,2.47,52,65,2olo_A_model_1_relaxed_repeat052_inv.csv,2olo_A_model_1_relaxed_repeat065_inv.csv,2olo_A_model_1_relaxed_repeat052,2olo_A_model_1_relaxed_repeat065,False,False,,2
|C-N-A|,332,Q,100,2.43,2.53,0.09999999999999964,,0.09999999999999964,0.03491331256038863,0.034738307385363446,2.4715,2.45,16,36,2olo_A_model_1_relaxed_repeat016_inv.csv,2olo_A_model_1_relaxed_repeat036_inv.csv,2olo_A_model_1_relaxed_repeat016,2olo_A_model_1_relaxed_repeat036,False,False,,3
|C-N-A|,325,L,100,2.44,2.53,0.08999999999999986,,0.08999999999999986,0.008142667272032536,0.008101851640211606,2.4505999999999992,2.45,82,6,2olo_A_model_1_relaxed_repeat082_inv.csv,2olo_A_model_1_relaxed_repeat006_inv.csv,2olo_A_model_1_relaxed_repeat082,2olo_A_model_1_relaxed_repeat006,False,False,,4
|C-N-A|,389,L,100,2.41,2.5,0.08999999999999986,,0.08999999999999986,0.01573100907331268,0.01565215640095637,2.4899,2.49,54,100,2olo_A_model_1_relaxed_repeat054_inv.csv,2olo_A_model_1_relaxed_repeat100_inv.csv,2olo_A_model_1_relaxed_repeat054,2olo_A_model_1_relaxed_repeat100,False,False,,4
|C-N-A|,177,T,100,2.47,2.55,0.07999999999999963,,0.07999999999999963,0.008245598764789504,0.00820426718238742,2.4713,2.47,1,92,2olo_A_model_1_relaxed_repeat001_inv.csv,2olo_A_model_1_relaxed_repeat092_inv.csv,2olo_A_model_1_relaxed_repeat001,2olo_A_model_1_relaxed_repeat092,False,False,,6
|C-N-A|,38,F,100,2.42,2.49,0.07000000000000028,,0.07000000000000028,0.007571210756756984,0.007533259586659705,2.4305000000000003,2.43,23,2,2olo_A_model_1_relaxed_repeat023_inv.csv,2olo_A_model_1_relaxed_repeat002_inv.csv,2olo_A_model_1_relaxed_repeat023,2olo_A_model_1_relaxed_repeat002,False,False,,7
|C-N-A|,385,P,100,2.43,2.5,0.06999999999999984,,0.06999999999999984,0.008528028654224432,0.008485281374238584,2.46,2.46,62,54,2olo_A_model_1_relaxed_repeat062_inv.csv,2olo_A_model_1_relaxed_repeat054_inv.csv,2olo_A_model_1_relaxed_repeat062,2olo_A_model_1_relaxed_repeat054,False,False,,8
|C-N-A|,55,Q,100,2.43,2.49,0.06000000000000005,,0.06000000000000005,0.011997895438346489,0.01193775523287358,2.4457,2.44,4,44,2olo_A_model_1_relaxed_repeat004_inv.csv,2olo_A_model_1_relaxed_repeat044_inv.csv,2olo_A_model_1_relaxed_repeat004,2olo_A_model_1_relaxed_repeat044,False,False,,9
|C-N-A|,100,N,100,2.44,2.49,0.050000000000000266,,0.050000000000000266,0.006143075267109597,0.006112282715974443,2.4507999999999996,2.45,5,55,2olo_A_model_1_relaxed_repeat005_inv.csv,2olo_A_model_1_relaxed_repeat055_inv.csv,2olo_A_model_1_relaxed_repeat005,2olo_A_model_1_relaxed_repeat055,False,False,,10
|C-N-A|,386,Q,100,2.44,2.49,0.050000000000000266,,0.050000000000000266,0.007545150292028137,0.007507329751649341,2.4742000000000006,2.47,31,65,2olo_A_model_1_relaxed_repeat031_inv.csv,2olo_A_model_1_relaxed_repeat065_inv.csv,2olo_A_model_1_relaxed_repeat031,2olo_A_model_1_relaxed_repeat065,False,False,,10
|C-N-A|,44,G,100,2.45,2.5,0.04999999999999982,,0.04999999999999982,0.008542230210530292,0.008499411744350278,2.4724000000000004,2.47,48,97,2olo_A_model_1_relaxed_repeat048_inv.csv,2olo_A_model_1_relaxed_repeat097_inv.csv,2olo_A_model_1_relaxed_repeat048,2olo_A_model_1_relaxed_repeat097,False,False,,12
|C-N-A|,54,L,100,2.41,2.46,0.04999999999999982,,0.04999999999999982,0.007052472881009516,0.007017121917139599,2.4425999999999997,2.44,20,5,2olo_A_model_1_relaxed_repeat020_inv.csv,2olo_A_model_1_relaxed_repeat005_inv.csv,2olo_A_model_1_relaxed_repeat020,2olo_A_model_1_relaxed_repeat005,False,False,,12
|C-N-A|,269,E,100,2.43,2.48,0.04999999999999982,,0.04999999999999982,0.0071774056256526855,0.007141428428542802,2.4529999999999994,2.45,62,27,2olo_A_model_1_relaxed_repeat062_inv.csv,2olo_A_model_1_relaxed_repeat027_inv.csv,2olo_A_model_1_relaxed_repeat062,2olo_A_model_1_relaxed_repeat027,False,False,,12
|C-N-A|,387,S,100,2.41,2.46,0.04999999999999982,,0.04999999999999982,0.007453559924999369,0.007416198487095733,2.4429999999999996,2.44,52,61,2olo_A_model_1_relaxed_repeat052_inv.csv,2olo_A_model_1_relaxed_repeat061_inv.csv,2olo_A_model_1_relaxed_repeat052,2olo_A_model_1_relaxed_repeat061,False,False,,12
|C-N-A|,37,T,100,2.44,2.48,0.040000000000000036,,0.040000000000000036,0.005388914922357217,0.005361902647381827,2.449499999999999,2.45,1,44,2olo_A_model_1_relaxed_repeat001_inv.csv,2olo_A_model_1_relaxed_repeat044_inv.csv,2olo_A_model_1_relaxed_repeat001,2olo_A_model_1_relaxed_repeat044,False,False,,16
|C-N-A|,43,G,100,2.46,2.5,0.040000000000000036,,0.040000000000000036,0.006854181058288226,0.006819824044650942,2.474300000000001,2.47,41,97,2olo_A_model_1_relaxed_repeat041_inv.csv,2olo_A_model_1_relaxed_repeat097_inv.csv,2olo_A_model_1_relaxed_repeat041,2olo_A_model_1_relaxed_repeat097,False,False,,16
|C-N-A|,51,H,100,2.43,2.47,0.040000000000000036,,0.040000000000000036,0.00709175079179528,0.007056202944927229,2.4511000000000003,2.45,35,75,2olo_A_model_1_relaxed_repeat035_inv.csv,2olo_A_model_1_relaxed_repeat075_inv.csv,2olo_A_model_1_relaxed_repeat035,2olo_A_model_1_relaxed_repeat075,False,False,,16
|C-N-A|,89,S,100,2.48,2.52,0.040000000000000036,,0.040000000000000036,0.008980337668844181,0.008935323161475309,2.4995999999999996,2.5,68,94,2olo_A_model_1_relaxed_repeat068_inv.csv,2olo_A_model_1_relaxed_repeat094_inv.csv,2olo_A_model_1_relaxed_repeat068,2olo_A_model_1_relaxed_repeat094,False,False,,16
|C-N-A|,90,L,100,2.44,2.48,0.040000000000000036,,0.040000000000000036,0.007255092255537704,0.007218725649309547,2.4532999999999996,2.45,4,75,2olo_A_model_1_relaxed_repeat004_inv.csv,2olo_A_model_1_relaxed_repeat075_inv.csv,2olo_A_model_1_relaxed_repeat004,2olo_A_model_1_relaxed_repeat075,False,False,,16
|C-N-A|,148,G,100,2.41,2.45,0.040000000000000036,,0.040000000000000036,0.00769297199928734,0.007654410493303901,2.4271,2.43,12,75,2olo_A_model_1_relaxed_repeat012_inv.csv,2olo_A_model_1_relaxed_repeat075_inv.csv,2olo_A_model_1_relaxed_repeat012,2olo_A_model_1_relaxed_repeat075,False,False,,16
|C-N-A|,244,F,100,2.46,2.5,0.040000000000000036,,0.040000000000000036,0.0067539737648410585,0.0067201190465645535,2.4722000000000004,2.47,57,74,2olo_A_model_1_relaxed_repeat057_inv.csv,2olo_A_model_1_relaxed_repeat074_inv.csv,2olo_A_model_1_relaxed_repeat057,2olo_A_model_1_relaxed_repeat074,False,False,,16
|C-N-A|,252,Q,100,2.46,2.5,0.040000000000000036,,0.040000000000000036,0.007057484028184674,0.007022107945624374,2.4813000000000005,2.48,13,32,2olo_A_model_1_relaxed_repeat013_inv.csv,2olo_A_model_1_relaxed_repeat032_inv.csv,2olo_A_model_1_relaxed_repeat013,2olo_A_model_1_relaxed_repeat032,False,False,,16
|C-N-A|,267,P,100,2.43,2.47,0.040000000000000036,,0.040000000000000036,0.004902071300001943,0.004877499359302849,2.4511000000000003,2.45,7,78,2olo_A_model_1_relaxed_repeat007_inv.csv,2olo_A_model_1_relaxed_repeat078_inv.csv,2olo_A_model_1_relaxed_repeat007,2olo_A_model_1_relaxed_repeat078,False,False,,16
|C-N-A|,329,P,100,2.45,2.49,0.040000000000000036,,0.040000000000000036,0.007800543881581928,0.007761443164772928,2.4676,2.47,15,97,2olo_A_model_1_relaxed_repeat015_inv.csv,2olo_A_model_1_relaxed_repeat097_inv.csv,2olo_A_model_1_relaxed_repeat015,2olo_A_model_1_relaxed_repeat097,False,False,,16
|C-N-A|,330,E,100,2.43,2.47,0.040000000000000036,,0.040000000000000036,0.011211465992321023,0.011155267813907521,2.4566,2.46,28,100,2olo_A_model_1_relaxed_repeat028_inv.csv,2olo_A_model_1_relaxed_repeat100_inv.csv,2olo_A_model_1_relaxed_repeat028,2olo_A_model_1_relaxed_repeat100,False,False,,16
|C-N-A|,331,R,100,2.45,2.49,0.040000000000000036,,0.040000000000000036,0.010118489926063002,0.010067770358922578,2.479200000000001,2.48,36,100,2olo_A_model_1_relaxed_repeat036_inv.csv,2olo_A_model_1_relaxed_repeat100_inv.csv,2olo_A_model_1_relaxed_repeat036,2olo_A_model_1_relaxed_repeat100,False,False,,16
|C-N-A|,340,D,100,2.43,2.47,0.040000000000000036,,0.040000000000000036,0.0038599209705627133,0.0038405728739342913,2.4595000000000007,2.46,52,15,2olo_A_model_1_relaxed_repeat052_inv.csv,2olo_A_model_1_relaxed_repeat015_inv.csv,2olo_A_model_1_relaxed_repeat052,2olo_A_model_1_relaxed_repeat015,False,False,,16
|N-A-C|,388,A,100,2.34,2.54,0.20000000000000018,,0.20000000000000018,0.029165324644449958,0.029019131620363806,2.503299999999999,2.51,52,23,2olo_A_model_1_relaxed_repeat052_inv.csv,2olo_A_model_1_relaxed_repeat023_inv.csv,2olo_A_model_1_relaxed_repeat052,2olo_A_model_1_relaxed_repeat023,False,False,,1
|N-A-C|,268,G,100,2.4,2.59,0.18999999999999995,,0.18999999999999995,0.07166166296838174,0.07130245437570852,2.4714,2.42,28,62,2olo_A_model_1_relaxed_repeat028_inv.csv,2olo_A_model_1_relaxed_repeat062_inv.csv,2olo_A_model_1_relaxed_repeat028,2olo_A_model_1_relaxed_repeat062,False,False,,2
|N-A-C|,385,P,100,2.41,2.55,0.13999999999999968,,0.13999999999999968,0.022873388887349376,0.0227587345869668,2.4701999999999997,2.47,62,61,2olo_A_model_1_relaxed_repeat062_inv.csv,2olo_A_model_1_relaxed_repeat061_inv.csv,2olo_A_model_1_relaxed_repeat062,2olo_A_model_1_relaxed_repeat061,False,False,,3
|N-A-C|,387,S,100,2.4,2.53,0.1299999999999999,,0.1299999999999999,0.015444916786614771,0.015367498169838845,2.4471999999999996,2.45,31,43,2olo_A_model_1_relaxed_repeat031_inv.csv,2olo_A_model_1_relaxed_repeat043_inv.csv,2olo_A_model_1_relaxed_repeat031,2olo_A_model_1_relaxed_repeat043,False,False,,4
|N-A-C|,38,F,100,2.46,2.58,0.1200000000000001,,0.1200000000000001,0.014514360704718156,0.014441606558828552,2.4711999999999996,2.47,6,2,2olo_A_model_1_relaxed_repeat006_inv.csv,2olo_A_model_1_relaxed_repeat002_inv.csv,2olo_A_model_1_relaxed_repeat006,2olo_A_model_1_relaxed_repeat002,False,False,,5
|N-A-C|,267,P,100,2.41,2.52,0.10999999999999988,,0.10999999999999988,0.020045151054758365,0.019944673474389087,2.4411,2.43,4,62,2olo_A_model_1_relaxed_repeat004_inv.csv,2olo_A_model_1_relaxed_repeat062_inv.csv,2olo_A_model_1_relaxed_repeat004,2olo_A_model_1_relaxed_repeat062,False,False,,6
|N-A-C|,332,Q,100,2.47,2.58,0.10999999999999988,,0.10999999999999988,0.034530618823931186,0.0343575319253289,2.5165999999999995,2.5,64,7,2olo_A_model_1_relaxed_repeat064_inv.csv,2olo_A_model_1_relaxed_repeat007_inv.csv,2olo_A_model_1_relaxed_repeat064,2olo_A_model_1_relaxed_repeat007,False,False,,6
|N-A-C|,386,Q,100,2.41,2.52,0.10999999999999988,,0.10999999999999988,0.023115869750961873,0.022999999999999996,2.4270000000000005,2.42,2,52,2olo_A_model_1_relaxed_repeat002_inv.csv,2olo_A_model_1_relaxed_repeat052_inv.csv,2olo_A_model_1_relaxed_repeat002,2olo_A_model_1_relaxed_repeat052,False,False,,6
|N-A-C|,331,R,100,2.41,2.51,0.09999999999999964,,0.09999999999999964,0.01959282490808277,0.01949461464097202,2.4714,2.47,16,63,2olo_A_model_1_relaxed_repeat016_inv.csv,2olo_A_model_1_relaxed_repeat063_inv.csv,2olo_A_model_1_relaxed_repeat016,2olo_A_model_1_relaxed_repeat063,False,False,,9
|N-A-C|,389,L,100,2.41,2.51,0.09999999999999964,,0.09999999999999964,0.01925480393947115,0.01915828802372485,2.4936,2.5,54,98,2olo_A_model_1_relaxed_repeat054_inv.csv,2olo_A_model_1_relaxed_repeat098_inv.csv,2olo_A_model_1_relaxed_repeat054,2olo_A_model_1_relaxed_repeat098,False,False,,9
|N-A-C|,43,G,100,2.46,2.55,0.08999999999999986,,0.08999999999999986,0.014520970554979598,0.014448183276799843,2.4915000000000007,2.49,48,97,2olo_A_model_1_relaxed_repeat048_inv.csv,2olo_A_model_1_relaxed_repeat097_inv.csv,2olo_A_model_1_relaxed_repeat048,2olo_A_model_1_relaxed_repeat097,False,False,,11
|N-A-C|,325,L,100,2.43,2.51,0.07999999999999963,,0.07999999999999963,0.008698658900466559,0.00865505632563991,2.4397,2.44,15,6,2olo_A_model_1_relaxed_repeat015_inv.csv,2olo_A_model_1_relaxed_repeat006_inv.csv,2olo_A_model_1_relaxed_repeat015,2olo_A_model_1_relaxed_repeat006,False,False,,12
|N-A-C|,178,E,100,2.4,2.47,0.07000000000000028,,0.07000000000000028,0.007338152686370424,0.007301369734508767,2.4686999999999997,2.47,92,100,2olo_A_model_1_relaxed_repeat092_inv.csv,2olo_A_model_1_relaxed_repeat100_inv.csv,2olo_A_model_1_relaxed_repeat092,2olo_A_model_1_relaxed_repeat100,False,False,,13
|N-A-C|,266,A,100,2.42,2.49,0.07000000000000028,,0.07000000000000028,0.019480889366377808,0.019383240183209863,2.4527,2.44,55,77,2olo_A_model_1_relaxed_repeat055_inv.csv,2olo_A_model_1_relaxed_repeat077_inv.csv,2olo_A_model_1_relaxed_repeat055,2olo_A_model_1_relaxed_repeat077,False,False,,13
|N-A-C|,39,F,100,2.48,2.55,0.06999999999999984,,0.06999999999999984,0.009369518599580145,0.009322553298319054,2.5403000000000002,2.54,2,98,2olo_A_model_1_relaxed_repeat002_inv.csv,2olo_A_model_1_relaxed_repeat098_inv.csv,2olo_A_model_1_relaxed_repeat002,2olo_A_model_1_relaxed_repeat098,False,False,,15
|N-A-C|,54,L,100,2.43,2.5,0.06999999999999984,,0.06999999999999984,0.0105619863451699,0.010509043724335714,2.4734000000000007,2.47,91,33,2olo_A_model_1_relaxed_repeat091_inv.csv,2olo_A_model_1_relaxed_repeat033_inv.csv,2olo_A_model_1_relaxed_repeat091,2olo_A_model_1_relaxed_repeat033,False,False,,15
|N-A-C|,55,Q,100,2.47,2.54,0.06999999999999984,,0.06999999999999984,0.011375589672805466,0.011318568814121244,2.4983,2.5,12,20,2olo_A_model_1_relaxed_repeat012_inv.csv,2olo_A_model_1_relaxed_repeat020_inv.csv,2olo_A_model_1_relaxed_repeat012,2olo_A_model_1_relaxed_repeat020,False,False,,15
|N-A-C|,46,S,100,2.46,2.52,0.06000000000000005,,0.06000000000000005,0.013148721948877316,0.013082813153141002,2.4778000000000002,2.47,5,50,2olo_A_model_1_relaxed_repeat005_inv.csv,2olo_A_model_1_relaxed_repeat050_inv.csv,2olo_A_model_1_relaxed_repeat005,2olo_A_model_1_relaxed_repeat050,False,False,,18
|N-A-C|,333,F,100,2.45,2.51,0.05999999999999961,,0.05999999999999961,0.013723091208733908,0.013654303350958538,2.4865999999999997,2.48,16,92,2olo_A_model_1_relaxed_repeat016_inv.csv,2olo_A_model_1_relaxed_repeat092_inv.csv,2olo_A_model_1_relaxed_repeat016,2olo_A_model_1_relaxed_repeat092,False,False,,19
|N-A-C|,53,R,100,2.41,2.46,0.04999999999999982,,0.04999999999999982,0.009481507786158838,0.009433981132056643,2.427,2.42,7,5,2olo_A_model_1_relaxed_repeat007_inv.csv,2olo_A_model_1_relaxed_repeat005_inv.csv,2olo_A_model_1_relaxed_repeat007,2olo_A_model_1_relaxed_repeat005,False,False,,20
|N-A-C|,177,T,100,2.49,2.54,0.04999999999999982,,0.04999999999999982,0.004999999999999982,0.004974937185533082,2.490500000000001,2.49,1,92,2olo_A_model_1_relaxed_repeat001_inv.csv,2olo_A_model_1_relaxed_repeat092_inv.csv,2olo_A_model_1_relaxed_repeat001,2olo_A_model_1_relaxed_repeat092,False,False,,20
|N-A-C|,269,E,100,2.48,2.53,0.04999999999999982,,0.04999999999999982,0.006572055933413717,0.006539113089708669,2.5081999999999995,2.51,4,62,2olo_A_model_1_relaxed_repeat004_inv.csv,2olo_A_model_1_relaxed_repeat062_inv.csv,2olo_A_model_1_relaxed_repeat004,2olo_A_model_1_relaxed_repeat062,False,False,,20
|N-A-C|,330,E,100,2.47,2.52,0.04999999999999982,,0.04999999999999982,0.01505008473414842,0.014974645237867802,2.4923999999999995,2.5,2,75,2olo_A_model_1_relaxed_repeat002_inv.csv,2olo_A_model_1_relaxed_repeat075_inv.csv,2olo_A_model_1_relaxed_repeat002,2olo_A_model_1_relaxed_repeat075,False,False,,20
