"BRI_Linf_dist, Angstrom","BRI_RMS_dist, Angstrom","BTI_Linf_dist, Angstrom","BTI_RMS_dist, Angstrom",prediction_id1,prediction_id2
2.407,0.19956862563445482,2.59,0.28256276601526503,lo_A_model_1_unrelaxed_repeat041,lo_A_model_1_unrelaxed_repeat076
2.425,0.19362195958410883,3.0300000000000002,0.2750615485811646,lo_A_model_1_unrelaxed_repeat041,lo_A_model_1_unrelaxed_repeat020
2.428,0.21158210019186946,2.77,0.2880177927264887,lo_A_model_1_unrelaxed_repeat041,lo_A_model_1_unrelaxed_repeat090
2.443,0.21746464234994417,2.83,0.274998764465946,lo_A_model_1_unrelaxed_repeat041,lo_A_model_1_unrelaxed_repeat006
2.4539999999999997,0.23696732177239718,2.8499999999999996,0.29939514609460044,lo_A_model_1_unrelaxed_repeat041,lo_A_model_1_unrelaxed_repeat038
2.46,0.21304712046042934,2.85,0.2757651340469586,lo_A_model_1_unrelaxed_repeat041,lo_A_model_1_unrelaxed_repeat075
2.465,0.2001839533142473,2.9,0.27497535329792044,lo_A_model_1_unrelaxed_repeat041,lo_A_model_1_unrelaxed_repeat028
2.4669999999999996,0.2100266336404516,2.88,0.29136431088847103,lo_A_model_1_unrelaxed_repeat041,lo_A_model_1_unrelaxed_repeat086
2.4699999999999998,0.20619673509110603,2.79,0.26456934532093457,lo_A_model_1_unrelaxed_repeat041,lo_A_model_1_unrelaxed_repeat026
2.473,0.22260795551776608,2.76,0.29758729378939,lo_A_model_1_unrelaxed_repeat041,lo_A_model_1_unrelaxed_repeat060
2.474,0.2582361330820777,2.92,0.36246572528014454,lo_A_model_1_unrelaxed_repeat041,lo_A_model_1_unrelaxed_repeat087
2.4779999999999998,0.23492353609453182,2.81,0.3069124939945539,lo_A_model_1_unrelaxed_repeat041,lo_A_model_1_unrelaxed_repeat046
2.495,0.20091785309172286,2.86,0.2825762839007831,lo_A_model_1_unrelaxed_repeat041,lo_A_model_1_unrelaxed_repeat001
2.507,0.2422790508557187,2.8,0.3242123502716538,lo_A_model_1_unrelaxed_repeat041,lo_A_model_1_unrelaxed_repeat013
2.508,0.2410141804814253,2.9299999999999997,0.31291737221060034,lo_A_model_1_unrelaxed_repeat041,lo_A_model_1_unrelaxed_repeat030
2.5220000000000002,0.1936439316014468,2.79,0.26687247065537745,lo_A_model_1_unrelaxed_repeat041,lo_A_model_1_unrelaxed_repeat077
2.5389999999999997,0.227192442045198,2.71,0.30282730669872465,lo_A_model_1_unrelaxed_repeat041,lo_A_model_1_unrelaxed_repeat089
2.5629999999999997,0.2155114899233548,2.9299999999999997,0.29877139935090863,lo_A_model_1_unrelaxed_repeat041,lo_A_model_1_unrelaxed_repeat074
2.5629999999999997,0.198010378190752,2.84,0.2644992028838277,lo_A_model_1_unrelaxed_repeat041,lo_A_model_1_unrelaxed_repeat010
2.577,0.22135164768153517,2.98,0.31870005990447936,lo_A_model_1_unrelaxed_repeat041,lo_A_model_1_unrelaxed_repeat012
2.581,0.18788007619996366,2.8200000000000003,0.24400579275001874,lo_A_model_1_unrelaxed_repeat041,lo_A_model_1_unrelaxed_repeat037
2.596,0.20513160854445212,2.81,0.27266118200373485,lo_A_model_1_unrelaxed_repeat041,lo_A_model_1_unrelaxed_repeat091
2.6020000000000003,0.2325000955281543,2.98,0.2908745630764597,lo_A_model_1_unrelaxed_repeat041,lo_A_model_1_unrelaxed_repeat033
2.604,0.21977356079781543,2.8,0.3025181393017299,lo_A_model_1_unrelaxed_repeat041,lo_A_model_1_unrelaxed_repeat048
2.613,0.19749384083404214,2.81,0.2893491784457645,lo_A_model_1_unrelaxed_repeat041,lo_A_model_1_unrelaxed_repeat065
2.617,0.20695978751455235,2.71,0.28921891753544055,lo_A_model_1_unrelaxed_repeat041,lo_A_model_1_unrelaxed_repeat088
2.617,0.25188491081755565,2.7699999999999996,0.32168271806482496,lo_A_model_1_unrelaxed_repeat041,lo_A_model_1_unrelaxed_repeat043
2.659,0.2582511187649487,2.79,0.33297076132446785,lo_A_model_1_unrelaxed_repeat041,lo_A_model_1_unrelaxed_repeat064
2.681,0.2205184351874254,2.77,0.27532454512849847,lo_A_model_1_unrelaxed_repeat041,lo_A_model_1_unrelaxed_repeat070
2.689,0.2164003965259656,2.8899999999999997,0.2921152691526121,lo_A_model_1_unrelaxed_repeat041,lo_A_model_1_unrelaxed_repeat052
2.6959999999999997,0.23081297571149553,2.8,0.30892151685588026,lo_A_model_1_unrelaxed_repeat041,lo_A_model_1_unrelaxed_repeat015
2.707,0.21734663940239238,2.85,0.29484721195512603,lo_A_model_1_unrelaxed_repeat041,lo_A_model_1_unrelaxed_repeat022
2.709,0.2352111491669086,2.77,0.29254519233190157,lo_A_model_1_unrelaxed_repeat041,lo_A_model_1_unrelaxed_repeat036
2.713,0.24103063340057446,2.8200000000000003,0.3128076282690216,lo_A_model_1_unrelaxed_repeat041,lo_A_model_1_unrelaxed_repeat058
2.713,0.23932126485366653,2.7199999999999998,0.31974668084932967,lo_A_model_1_unrelaxed_repeat041,lo_A_model_1_unrelaxed_repeat031
2.716,0.1968458326487696,2.76,0.2729384425455129,lo_A_model_1_unrelaxed_repeat041,lo_A_model_1_unrelaxed_repeat061
2.718,0.21077881945208282,3.03,0.2977055318447864,lo_A_model_1_unrelaxed_repeat041,lo_A_model_1_unrelaxed_repeat040
2.7270000000000003,0.24392129585049524,2.95,0.3199930703827662,lo_A_model_1_unrelaxed_repeat041,lo_A_model_1_unrelaxed_repeat071
2.734,0.20837559697202496,2.76,0.279976240561534,lo_A_model_1_unrelaxed_repeat041,lo_A_model_1_unrelaxed_repeat027
2.737,0.1893940673106604,2.8200000000000003,0.27378552218886393,lo_A_model_1_unrelaxed_repeat041,lo_A_model_1_unrelaxed_repeat079
2.737,0.20102809218702444,2.84,0.27613570920809377,lo_A_model_1_unrelaxed_repeat041,lo_A_model_1_unrelaxed_repeat062
2.747,0.2080244895894607,2.65,0.2992448292137373,lo_A_model_1_unrelaxed_repeat041,lo_A_model_1_unrelaxed_repeat084
2.748,0.2127875867656407,2.83,0.292125602554958,lo_A_model_1_unrelaxed_repeat041,lo_A_model_1_unrelaxed_repeat063
2.749,0.24854289762522438,2.91,0.3201329301867986,lo_A_model_1_unrelaxed_repeat041,lo_A_model_1_unrelaxed_repeat021
2.7520000000000002,0.2341346561190681,2.82,0.3091771811237221,lo_A_model_1_unrelaxed_repeat041,lo_A_model_1_unrelaxed_repeat059
2.753,0.2221573460616505,2.92,0.2980714357830297,lo_A_model_1_unrelaxed_repeat041,lo_A_model_1_unrelaxed_repeat032
2.758,0.2406731950972947,2.8899999999999997,0.31472334968721416,lo_A_model_1_unrelaxed_repeat041,lo_A_model_1_unrelaxed_repeat023
2.758,0.21217303382004174,2.83,0.28858968401947543,lo_A_model_1_unrelaxed_repeat041,lo_A_model_1_unrelaxed_repeat005
2.7590000000000003,0.19972275347253127,2.96,0.2564231793816179,lo_A_model_1_unrelaxed_repeat041,lo_A_model_1_unrelaxed_repeat044
2.7590000000000003,0.23237688358115538,2.76,0.2983377410340869,lo_A_model_1_unrelaxed_repeat041,lo_A_model_1_unrelaxed_repeat024
2.76,0.2120234695622337,2.83,0.29570981019488274,lo_A_model_1_unrelaxed_repeat041,lo_A_model_1_unrelaxed_repeat069
2.761,0.21568519023696003,2.85,0.289040739959306,lo_A_model_1_unrelaxed_repeat041,lo_A_model_1_unrelaxed_repeat025
2.761,0.21105924694848283,2.8499999999999996,0.2841819824366613,lo_A_model_1_unrelaxed_repeat041,lo_A_model_1_unrelaxed_repeat056
2.765,0.2117840803969579,2.63,0.2991980219958639,lo_A_model_1_unrelaxed_repeat041,lo_A_model_1_unrelaxed_repeat082
2.765,0.24093867935701074,2.9000000000000004,0.3230418726761996,lo_A_model_1_unrelaxed_repeat041,lo_A_model_1_unrelaxed_repeat054
2.768,0.2283808667877748,2.98,0.34299159346880764,lo_A_model_1_unrelaxed_repeat041,lo_A_model_1_unrelaxed_repeat093
2.769,0.19074114165208583,2.88,0.28917484105319435,lo_A_model_1_unrelaxed_repeat041,lo_A_model_1_unrelaxed_repeat068
2.7720000000000002,0.22871730337709817,2.99,0.31113935255699354,lo_A_model_1_unrelaxed_repeat041,lo_A_model_1_unrelaxed_repeat096
2.774,0.23525310936297936,2.85,0.30612455972333924,lo_A_model_1_unrelaxed_repeat041,lo_A_model_1_unrelaxed_repeat080
2.778,0.2162684603084264,2.88,0.2999442485153758,lo_A_model_1_unrelaxed_repeat041,lo_A_model_1_unrelaxed_repeat049
2.779,0.19238321541568193,2.95,0.26104045148299043,lo_A_model_1_unrelaxed_repeat041,lo_A_model_1_unrelaxed_repeat092
2.7800000000000002,0.2374964642459496,2.88,0.3439804449310932,lo_A_model_1_unrelaxed_repeat041,lo_A_model_1_unrelaxed_repeat066
2.782,0.22074163977545838,3.06,0.293022334811086,lo_A_model_1_unrelaxed_repeat041,lo_A_model_1_unrelaxed_repeat097
2.782,0.2163682840315649,2.8200000000000003,0.2894534833564483,lo_A_model_1_unrelaxed_repeat041,lo_A_model_1_unrelaxed_repeat018
2.787,0.22982282906858334,2.67,0.2920507138432746,lo_A_model_1_unrelaxed_repeat041,lo_A_model_1_unrelaxed_repeat029
2.793,0.2047487507407551,2.8899999999999997,0.2818378271296181,lo_A_model_1_unrelaxed_repeat041,lo_A_model_1_unrelaxed_repeat099
2.794,0.21481807321072527,2.84,0.2925698380854863,lo_A_model_1_unrelaxed_repeat041,lo_A_model_1_unrelaxed_repeat011
2.798,0.23299320294383213,2.9,0.31100262431674547,lo_A_model_1_unrelaxed_repeat041,lo_A_model_1_unrelaxed_repeat051
2.799,0.22628954321326492,2.91,0.30615072914440516,lo_A_model_1_unrelaxed_repeat041,lo_A_model_1_unrelaxed_repeat055
2.8,0.22041329951643027,2.9699999999999998,0.33029362235304494,lo_A_model_1_unrelaxed_repeat041,lo_A_model_1_unrelaxed_repeat073
2.8,0.22455191051296233,2.75,0.29474132107991124,lo_A_model_1_unrelaxed_repeat041,lo_A_model_1_unrelaxed_repeat053
2.803,0.20035536454760647,2.79,0.27795523563803937,lo_A_model_1_unrelaxed_repeat041,lo_A_model_1_unrelaxed_repeat095
2.808,0.18123626799147916,2.86,0.2458393115346917,lo_A_model_1_unrelaxed_repeat041,lo_A_model_1_unrelaxed_repeat045
2.811,0.19972865856689861,2.8899999999999997,0.2791735196562403,lo_A_model_1_unrelaxed_repeat041,lo_A_model_1_unrelaxed_repeat098
2.8120000000000003,0.21016014467342742,2.75,0.29085892238759836,lo_A_model_1_unrelaxed_repeat041,lo_A_model_1_unrelaxed_repeat002
2.814,0.19331464711629992,2.91,0.27244261513348556,lo_A_model_1_unrelaxed_repeat041,lo_A_model_1_unrelaxed_repeat078
2.816,0.20002658263970285,2.83,0.28086831436512405,lo_A_model_1_unrelaxed_repeat041,lo_A_model_1_unrelaxed_repeat008
2.8200000000000003,0.2152154903721787,2.78,0.28359071033291,lo_A_model_1_unrelaxed_repeat041,lo_A_model_1_unrelaxed_repeat081
2.822,0.22854293023086966,2.8,0.29807009189998357,lo_A_model_1_unrelaxed_repeat041,lo_A_model_1_unrelaxed_repeat094
2.826,0.20687976576291195,2.8099999999999996,0.28901059576340676,lo_A_model_1_unrelaxed_repeat041,lo_A_model_1_unrelaxed_repeat007
2.8369999999999997,0.2242683574143688,2.92,0.3193270373698758,lo_A_model_1_unrelaxed_repeat041,lo_A_model_1_unrelaxed_repeat004
2.839,0.24663098879742004,2.87,0.3178889144742808,lo_A_model_1_unrelaxed_repeat041,lo_A_model_1_unrelaxed_repeat017
2.841,0.22686204867126794,2.86,0.30247131835320074,lo_A_model_1_unrelaxed_repeat041,lo_A_model_1_unrelaxed_repeat034
2.847,0.2574736288008871,2.9299999999999997,0.3393210000260155,lo_A_model_1_unrelaxed_repeat041,lo_A_model_1_unrelaxed_repeat039
2.848,0.2238106892143019,3.0,0.30357139803560756,lo_A_model_1_unrelaxed_repeat041,lo_A_model_1_unrelaxed_repeat057
2.85,0.23415727935200653,2.92,0.30706967982683614,lo_A_model_1_unrelaxed_repeat041,lo_A_model_1_unrelaxed_repeat035
2.851,0.20966061819324366,2.78,0.28604200497882004,lo_A_model_1_unrelaxed_repeat041,lo_A_model_1_unrelaxed_repeat016
2.867,0.23602975613190227,2.79,0.30182127180576457,lo_A_model_1_unrelaxed_repeat041,lo_A_model_1_unrelaxed_repeat019
2.9170000000000003,0.22512854125107484,2.8899999999999997,0.29518961680798433,lo_A_model_1_unrelaxed_repeat041,lo_A_model_1_unrelaxed_repeat047
2.926,0.230452513736057,2.87,0.2933624806691846,lo_A_model_1_unrelaxed_repeat041,lo_A_model_1_unrelaxed_repeat042
2.9320000000000004,0.2576953064347742,2.86,0.3337353941444045,lo_A_model_1_unrelaxed_repeat041,lo_A_model_1_unrelaxed_repeat100
2.946,0.26193858391873176,3.04,0.32408908328664726,lo_A_model_1_unrelaxed_repeat041,lo_A_model_1_unrelaxed_repeat003
2.9960000000000004,0.2181318451299574,2.7,0.26843002460899934,lo_A_model_1_unrelaxed_repeat041,lo_A_model_1_unrelaxed_repeat067
3.0020000000000002,0.20725161530318573,2.8899999999999997,0.3047736090768024,lo_A_model_1_unrelaxed_repeat041,lo_A_model_1_unrelaxed_repeat072
3.197,0.22895544730939826,2.99,0.32423330938189016,lo_A_model_1_unrelaxed_repeat041,lo_A_model_1_unrelaxed_repeat085
3.331,0.24106846925085992,2.96,0.3405022378234892,lo_A_model_1_unrelaxed_repeat041,lo_A_model_1_unrelaxed_repeat050
3.364,0.22394415434039175,2.8,0.30000557934725974,lo_A_model_1_unrelaxed_repeat041,lo_A_model_1_unrelaxed_repeat014
3.481,0.2270458374498207,2.71,0.32787572229487544,lo_A_model_1_unrelaxed_repeat041,lo_A_model_1_unrelaxed_repeat083
3.507,0.24386325526311878,2.86,0.298274340600012,lo_A_model_1_unrelaxed_repeat041,lo_A_model_1_unrelaxed_repeat009
2.107,0.18327732217607923,2.8200000000000003,0.2439582975221377,lo_A_model_1_unrelaxed_repeat042,lo_A_model_1_unrelaxed_repeat018
2.206,0.1876489927820867,2.8499999999999996,0.24533070145381847,lo_A_model_1_unrelaxed_repeat042,lo_A_model_1_unrelaxed_repeat081
2.214,0.19850425378230804,2.9,0.24883930845148877,lo_A_model_1_unrelaxed_repeat042,lo_A_model_1_unrelaxed_repeat021
2.238,0.18409227175724657,2.73,0.23149708699582733,lo_A_model_1_unrelaxed_repeat042,lo_A_model_1_unrelaxed_repeat055
2.266,0.18948035633367807,3.02,0.2469370593934005,lo_A_model_1_unrelaxed_repeat042,lo_A_model_1_unrelaxed_repeat003
2.277,0.2108944620085258,2.8200000000000003,0.2794774400286694,lo_A_model_1_unrelaxed_repeat042,lo_A_model_1_unrelaxed_repeat077
2.302,0.2463211350527532,2.83,0.3280358157632518,lo_A_model_1_unrelaxed_repeat042,lo_A_model_1_unrelaxed_repeat067
2.302,0.18468543724293407,2.8899999999999997,0.2466503493810325,lo_A_model_1_unrelaxed_repeat042,lo_A_model_1_unrelaxed_repeat034
2.307,0.21748853389275763,3.0300000000000002,0.3011093936641461,lo_A_model_1_unrelaxed_repeat042,lo_A_model_1_unrelaxed_repeat045
2.31,0.23836876613668975,2.9699999999999998,0.3034645913875904,lo_A_model_1_unrelaxed_repeat042,lo_A_model_1_unrelaxed_repeat026
2.311,0.2116742895679387,2.8899999999999997,0.2818019881317757,lo_A_model_1_unrelaxed_repeat042,lo_A_model_1_unrelaxed_repeat008
2.3129999999999997,0.1926515374410433,2.84,0.2575156980922687,lo_A_model_1_unrelaxed_repeat042,lo_A_model_1_unrelaxed_repeat001
2.314,0.24412915740149152,2.86,0.33848598359055804,lo_A_model_1_unrelaxed_repeat042,lo_A_model_1_unrelaxed_repeat072
2.318,0.20945896925105376,3.02,0.27903625271466337,lo_A_model_1_unrelaxed_repeat042,lo_A_model_1_unrelaxed_repeat020
2.318,0.23113578121144113,2.83,0.2982319382364391,lo_A_model_1_unrelaxed_repeat042,lo_A_model_1_unrelaxed_repeat079
2.326,0.23610966027212807,3.0,0.34163638862315815,lo_A_model_1_unrelaxed_repeat042,lo_A_model_1_unrelaxed_repeat091
2.327,0.2238822396363914,2.86,0.30173774247854956,lo_A_model_1_unrelaxed_repeat042,lo_A_model_1_unrelaxed_repeat082
2.328,0.23293886050308343,2.88,0.3015237886733126,lo_A_model_1_unrelaxed_repeat042,lo_A_model_1_unrelaxed_repeat098
2.339,0.19977612362546093,2.85,0.24536574551086004,lo_A_model_1_unrelaxed_repeat042,lo_A_model_1_unrelaxed_repeat011
2.343,0.2117493794887649,3.0300000000000002,0.27389235900341913,lo_A_model_1_unrelaxed_repeat042,lo_A_model_1_unrelaxed_repeat097
2.3449999999999998,0.19914885914130123,2.8499999999999996,0.24868478073994357,lo_A_model_1_unrelaxed_repeat042,lo_A_model_1_unrelaxed_repeat007
2.346,0.22285962979479856,2.74,0.276910194973234,lo_A_model_1_unrelaxed_repeat042,lo_A_model_1_unrelaxed_repeat063
2.347,0.21712185617570737,2.9,0.29190058471864083,lo_A_model_1_unrelaxed_repeat042,lo_A_model_1_unrelaxed_repeat088
2.35,0.21664160127931129,2.84,0.28730940687518386,lo_A_model_1_unrelaxed_repeat042,lo_A_model_1_unrelaxed_repeat084
2.35,0.23366331683990055,2.88,0.2951360589221668,lo_A_model_1_unrelaxed_repeat042,lo_A_model_1_unrelaxed_repeat036
2.351,0.21986685202191295,3.0,0.3014323460205752,lo_A_model_1_unrelaxed_repeat042,lo_A_model_1_unrelaxed_repeat027
2.352,0.2543356719940027,2.94,0.33140300876774603,lo_A_model_1_unrelaxed_repeat042,lo_A_model_1_unrelaxed_repeat068
2.355,0.20577554754067656,2.83,0.2649230190236094,lo_A_model_1_unrelaxed_repeat042,lo_A_model_1_unrelaxed_repeat078
2.355,0.19729404792030159,2.91,0.23952223547627818,lo_A_model_1_unrelaxed_repeat042,lo_A_model_1_unrelaxed_repeat035
2.356,0.19521127617586254,2.86,0.24997459098344185,lo_A_model_1_unrelaxed_repeat042,lo_A_model_1_unrelaxed_repeat069
2.357,0.184385282696218,2.8899999999999997,0.24349065014818358,lo_A_model_1_unrelaxed_repeat042,lo_A_model_1_unrelaxed_repeat016
2.358,0.22224268205766218,2.83,0.28892395700730855,lo_A_model_1_unrelaxed_repeat042,lo_A_model_1_unrelaxed_repeat062
2.358,0.21363599528999774,2.87,0.2609562584277093,lo_A_model_1_unrelaxed_repeat042,lo_A_model_1_unrelaxed_repeat061
2.358,0.18825117683403506,2.84,0.2431117418537856,lo_A_model_1_unrelaxed_repeat042,lo_A_model_1_unrelaxed_repeat094
2.367,0.24331399731119796,2.88,0.31238905899118213,lo_A_model_1_unrelaxed_repeat042,lo_A_model_1_unrelaxed_repeat099
2.37,0.22142510012244462,2.95,0.28409276326615623,lo_A_model_1_unrelaxed_repeat042,lo_A_model_1_unrelaxed_repeat070
2.372,0.2604689772811613,3.0,0.35495995059105634,lo_A_model_1_unrelaxed_repeat042,lo_A_model_1_unrelaxed_repeat085
2.375,0.19876945905766624,2.99,0.23857115199382842,lo_A_model_1_unrelaxed_repeat042,lo_A_model_1_unrelaxed_repeat010
2.38,0.18553707063001862,2.84,0.23856047781155343,lo_A_model_1_unrelaxed_repeat042,lo_A_model_1_unrelaxed_repeat002
2.382,0.2321926380682739,3.04,0.29906707588738074,lo_A_model_1_unrelaxed_repeat042,lo_A_model_1_unrelaxed_repeat075
2.385,0.20044353680007074,2.8499999999999996,0.2391986502418844,lo_A_model_1_unrelaxed_repeat042,lo_A_model_1_unrelaxed_repeat005
2.388,0.23771872813325684,2.94,0.30448295723182145,lo_A_model_1_unrelaxed_repeat042,lo_A_model_1_unrelaxed_repeat092
2.3970000000000002,0.21679078870147664,2.8200000000000003,0.28275413322697596,lo_A_model_1_unrelaxed_repeat042,lo_A_model_1_unrelaxed_repeat029
2.399,0.2121189755767123,2.82,0.2795378876202017,lo_A_model_1_unrelaxed_repeat042,lo_A_model_1_unrelaxed_repeat013
2.399,0.21459864391120106,2.95,0.2652811826449855,lo_A_model_1_unrelaxed_repeat042,lo_A_model_1_unrelaxed_repeat022
2.4050000000000002,0.20097649098456574,2.82,0.2559165412956473,lo_A_model_1_unrelaxed_repeat042,lo_A_model_1_unrelaxed_repeat058
2.4090000000000003,0.23902516074215108,2.8499999999999996,0.2810285115792663,lo_A_model_1_unrelaxed_repeat042,lo_A_model_1_unrelaxed_repeat006
2.41,0.24569291520858103,2.9699999999999998,0.31400386354839493,lo_A_model_1_unrelaxed_repeat042,lo_A_model_1_unrelaxed_repeat033
2.416,0.2492650168814621,2.9699999999999998,0.3352593000697547,lo_A_model_1_unrelaxed_repeat042,lo_A_model_1_unrelaxed_repeat004
2.423,0.2832417844185943,2.9699999999999998,0.3608680125207249,lo_A_model_1_unrelaxed_repeat042,lo_A_model_1_unrelaxed_repeat087
2.426,0.23817736505513404,2.8899999999999997,0.30225698452214095,lo_A_model_1_unrelaxed_repeat042,lo_A_model_1_unrelaxed_repeat089
2.43,0.20627311991628963,2.96,0.2661291435187866,lo_A_model_1_unrelaxed_repeat042,lo_A_model_1_unrelaxed_repeat024
2.436,0.23962047304346443,2.98,0.3215550556143227,lo_A_model_1_unrelaxed_repeat042,lo_A_model_1_unrelaxed_repeat096
2.439,0.208225109286414,2.88,0.2747109288335665,lo_A_model_1_unrelaxed_repeat042,lo_A_model_1_unrelaxed_repeat047
2.439,0.21276350959630452,2.8499999999999996,0.28145915526078463,lo_A_model_1_unrelaxed_repeat042,lo_A_model_1_unrelaxed_repeat015
2.4429999999999996,0.22736430026669838,2.92,0.28423106117618296,lo_A_model_1_unrelaxed_repeat042,lo_A_model_1_unrelaxed_repeat060
2.443,0.23741550895270774,2.88,0.2850170288314213,lo_A_model_1_unrelaxed_repeat042,lo_A_model_1_unrelaxed_repeat051
2.4450000000000003,0.2222065768693756,2.81,0.28254980443906713,lo_A_model_1_unrelaxed_repeat042,lo_A_model_1_unrelaxed_repeat048
2.45,0.2611123377643444,2.9,0.3609128864254958,lo_A_model_1_unrelaxed_repeat042,lo_A_model_1_unrelaxed_repeat028
2.453,0.2536048969890448,2.82,0.3078385582874999,lo_A_model_1_unrelaxed_repeat042,lo_A_model_1_unrelaxed_repeat046
2.453,0.2670220214566121,2.9299999999999997,0.3761474005663069,lo_A_model_1_unrelaxed_repeat042,lo_A_model_1_unrelaxed_repeat066
2.46,0.24096049397495092,2.84,0.3253681089085203,lo_A_model_1_unrelaxed_repeat042,lo_A_model_1_unrelaxed_repeat064
2.466,0.1931618281273336,2.6500000000000004,0.25308138212830156,lo_A_model_1_unrelaxed_repeat042,lo_A_model_1_unrelaxed_repeat014
2.4690000000000003,0.2358816244910404,2.82,0.290050955022215,lo_A_model_1_unrelaxed_repeat042,lo_A_model_1_unrelaxed_repeat017
2.471,0.2267055769009601,3.01,0.26855289624760276,lo_A_model_1_unrelaxed_repeat042,lo_A_model_1_unrelaxed_repeat037
2.476,0.25308948922566754,2.88,0.31827759812885414,lo_A_model_1_unrelaxed_repeat042,lo_A_model_1_unrelaxed_repeat054
2.518,0.22878308285047955,2.95,0.320995188907653,lo_A_model_1_unrelaxed_repeat042,lo_A_model_1_unrelaxed_repeat044
2.5300000000000002,0.24266820928937904,2.84,0.3000287063042149,lo_A_model_1_unrelaxed_repeat042,lo_A_model_1_unrelaxed_repeat056
2.5410000000000004,0.24280040196246183,2.8499999999999996,0.29917086184648484,lo_A_model_1_unrelaxed_repeat042,lo_A_model_1_unrelaxed_repeat032
2.5460000000000003,0.27326819768934585,3.0300000000000002,0.3620460059764376,lo_A_model_1_unrelaxed_repeat042,lo_A_model_1_unrelaxed_repeat093
2.549,0.21135474386427713,2.84,0.25872898309868375,lo_A_model_1_unrelaxed_repeat042,lo_A_model_1_unrelaxed_repeat043
2.5599999999999996,0.2472282369481531,3.02,0.34173754455169714,lo_A_model_1_unrelaxed_repeat042,lo_A_model_1_unrelaxed_repeat073
2.569,0.2796837724813748,3.0300000000000002,0.3483762867877122,lo_A_model_1_unrelaxed_repeat042,lo_A_model_1_unrelaxed_repeat012
2.575,0.22118548848135433,2.87,0.27159882685089254,lo_A_model_1_unrelaxed_repeat042,lo_A_model_1_unrelaxed_repeat086
2.576,0.21139249610756422,3.02,0.2595231679024275,lo_A_model_1_unrelaxed_repeat042,lo_A_model_1_unrelaxed_repeat100
2.5789999999999997,0.22192407741689285,2.8499999999999996,0.28852473655676425,lo_A_model_1_unrelaxed_repeat042,lo_A_model_1_unrelaxed_repeat038
2.598,0.21805115424028873,2.8499999999999996,0.2866902542114045,lo_A_model_1_unrelaxed_repeat042,lo_A_model_1_unrelaxed_repeat090
2.6020000000000003,0.23631063853049353,2.8,0.2831901346454622,lo_A_model_1_unrelaxed_repeat042,lo_A_model_1_unrelaxed_repeat076
2.606,0.22720734135512707,2.8499999999999996,0.2735166522981851,lo_A_model_1_unrelaxed_repeat042,lo_A_model_1_unrelaxed_repeat053
2.607,0.24476308535851626,2.86,0.30218948285459174,lo_A_model_1_unrelaxed_repeat042,lo_A_model_1_unrelaxed_repeat095
2.621,0.26894200596988804,2.84,0.3592527214687309,lo_A_model_1_unrelaxed_repeat042,lo_A_model_1_unrelaxed_repeat083
2.622,0.21443824139021783,2.94,0.2678383771613033,lo_A_model_1_unrelaxed_repeat042,lo_A_model_1_unrelaxed_repeat071
2.6310000000000002,0.2222149348113643,3.0,0.29074921718920815,lo_A_model_1_unrelaxed_repeat042,lo_A_model_1_unrelaxed_repeat065
2.635,0.22655693464379573,2.92,0.2759692504278115,lo_A_model_1_unrelaxed_repeat042,lo_A_model_1_unrelaxed_repeat039
2.635,0.21870864072527402,2.88,0.2711182797272972,lo_A_model_1_unrelaxed_repeat042,lo_A_model_1_unrelaxed_repeat023
2.6399999999999997,0.20964519928947,2.83,0.2653399579334193,lo_A_model_1_unrelaxed_repeat042,lo_A_model_1_unrelaxed_repeat019
2.641,0.2017718488044283,2.8499999999999996,0.253481847891127,lo_A_model_1_unrelaxed_repeat042,lo_A_model_1_unrelaxed_repeat059
2.644,0.22510361308461535,3.04,0.28231781318132404,lo_A_model_1_unrelaxed_repeat042,lo_A_model_1_unrelaxed_repeat030
2.668,0.2471503009195724,3.01,0.31883335259017564,lo_A_model_1_unrelaxed_repeat042,lo_A_model_1_unrelaxed_repeat080
2.682,0.22363829242084163,2.84,0.27554399309659533,lo_A_model_1_unrelaxed_repeat042,lo_A_model_1_unrelaxed_repeat025
2.692,0.25956653588669215,2.91,0.3443258014014192,lo_A_model_1_unrelaxed_repeat042,lo_A_model_1_unrelaxed_repeat052
2.697,0.17842486787551462,2.92,0.2425032188627571,lo_A_model_1_unrelaxed_repeat042,lo_A_model_1_unrelaxed_repeat057
2.716,0.23995986669686836,2.84,0.281087149641972,lo_A_model_1_unrelaxed_repeat042,lo_A_model_1_unrelaxed_repeat031
2.7779999999999996,0.261594531667941,3.01,0.36833352429775146,lo_A_model_1_unrelaxed_repeat042,lo_A_model_1_unrelaxed_repeat050
2.804,0.21037521014009192,2.89,0.2574951421128776,lo_A_model_1_unrelaxed_repeat042,lo_A_model_1_unrelaxed_repeat009
2.816,0.22315049419957925,3.02,0.270066912706936,lo_A_model_1_unrelaxed_repeat042,lo_A_model_1_unrelaxed_repeat049
2.842,0.2566898174350147,3.02,0.34382041091859955,lo_A_model_1_unrelaxed_repeat042,lo_A_model_1_unrelaxed_repeat074
2.958,0.2639678162417625,2.91,0.3401909755665757,lo_A_model_1_unrelaxed_repeat042,lo_A_model_1_unrelaxed_repeat040
1.655,0.15266475469062807,2.3899999999999997,0.24668677179016263,lo_A_model_1_unrelaxed_repeat082,lo_A_model_1_unrelaxed_repeat008
1.6800000000000002,0.1904125511305388,2.8899999999999997,0.283840159335324,lo_A_model_1_unrelaxed_repeat082,lo_A_model_1_unrelaxed_repeat057
1.714,0.18274251372715386,2.91,0.2847629840438273,lo_A_model_1_unrelaxed_repeat082,lo_A_model_1_unrelaxed_repeat018
1.737,0.1868938067268333,2.85,0.27156047759198265,lo_A_model_1_unrelaxed_repeat082,lo_A_model_1_unrelaxed_repeat025
1.751,0.1833339073992833,2.83,0.28190908547786153,lo_A_model_1_unrelaxed_repeat082,lo_A_model_1_unrelaxed_repeat027
1.761,0.17545299636709458,2.87,0.27594903222045347,lo_A_model_1_unrelaxed_repeat082,lo_A_model_1_unrelaxed_repeat014
1.7999999999999998,0.18225372510523713,2.8899999999999997,0.28917033903659756,lo_A_model_1_unrelaxed_repeat082,lo_A_model_1_unrelaxed_repeat094
1.802,0.17746721956470896,2.9299999999999997,0.26474664651009366,lo_A_model_1_unrelaxed_repeat082,lo_A_model_1_unrelaxed_repeat010
1.8130000000000002,0.19365096545966945,2.83,0.29015969161490085,lo_A_model_1_unrelaxed_repeat082,lo_A_model_1_unrelaxed_repeat079
1.833,0.1789369291302967,2.84,0.2750404314146058,lo_A_model_1_unrelaxed_repeat082,lo_A_model_1_unrelaxed_repeat002
1.94,0.1806857997354446,2.87,0.2773469238443999,lo_A_model_1_unrelaxed_repeat082,lo_A_model_1_unrelaxed_repeat007
1.9489999999999998,0.1908692329621497,2.73,0.27446850707028403,lo_A_model_1_unrelaxed_repeat082,lo_A_model_1_unrelaxed_repeat070
1.96,0.17813839036836754,2.88,0.2748195922738551,lo_A_model_1_unrelaxed_repeat082,lo_A_model_1_unrelaxed_repeat081
1.968,0.19306473893274825,2.88,0.29267886085897166,lo_A_model_1_unrelaxed_repeat082,lo_A_model_1_unrelaxed_repeat069
1.9849999999999999,0.1984228653063826,2.88,0.284721282783381,lo_A_model_1_unrelaxed_repeat082,lo_A_model_1_unrelaxed_repeat080
2.0220000000000002,0.18779551628580735,2.86,0.28621495168733735,lo_A_model_1_unrelaxed_repeat082,lo_A_model_1_unrelaxed_repeat016
2.031,0.21947229466585103,2.87,0.330754805042429,lo_A_model_1_unrelaxed_repeat082,lo_A_model_1_unrelaxed_repeat085
2.045,0.20132318234175547,2.79,0.2921846085843028,lo_A_model_1_unrelaxed_repeat082,lo_A_model_1_unrelaxed_repeat011
2.0460000000000003,0.1773482716071969,2.77,0.2663554156370748,lo_A_model_1_unrelaxed_repeat082,lo_A_model_1_unrelaxed_repeat061
2.0540000000000003,0.17287835742619878,2.8499999999999996,0.26682856315865144,lo_A_model_1_unrelaxed_repeat082,lo_A_model_1_unrelaxed_repeat056
2.106,0.21275002693960818,2.94,0.30339438773062,lo_A_model_1_unrelaxed_repeat082,lo_A_model_1_unrelaxed_repeat021
2.111,0.20161000752916122,2.9299999999999997,0.29222769259681364,lo_A_model_1_unrelaxed_repeat082,lo_A_model_1_unrelaxed_repeat055
2.19,0.18606437730951228,2.83,0.27250257575136827,lo_A_model_1_unrelaxed_repeat082,lo_A_model_1_unrelaxed_repeat097
2.237,0.16591946354603748,2.87,0.24817185655562576,lo_A_model_1_unrelaxed_repeat082,lo_A_model_1_unrelaxed_repeat062
2.243,0.18085788886765553,2.92,0.26815178372149345,lo_A_model_1_unrelaxed_repeat082,lo_A_model_1_unrelaxed_repeat098
2.257,0.19114457223898215,2.86,0.2894302033864674,lo_A_model_1_unrelaxed_repeat082,lo_A_model_1_unrelaxed_repeat001
2.261,0.1841655526607469,2.83,0.2831369343712512,lo_A_model_1_unrelaxed_repeat082,lo_A_model_1_unrelaxed_repeat063
2.265,0.2050161764788958,2.9,0.305751776419986,lo_A_model_1_unrelaxed_repeat082,lo_A_model_1_unrelaxed_repeat084
2.268,0.19150449592618649,2.88,0.29240745084632075,lo_A_model_1_unrelaxed_repeat082,lo_A_model_1_unrelaxed_repeat005
2.274,0.17759010366942232,2.84,0.26080649649175397,lo_A_model_1_unrelaxed_repeat082,lo_A_model_1_unrelaxed_repeat088
2.284,0.18204341949334438,2.91,0.26307948504329215,lo_A_model_1_unrelaxed_repeat082,lo_A_model_1_unrelaxed_repeat026
2.294,0.2117267842938408,2.9,0.3086154414493893,lo_A_model_1_unrelaxed_repeat082,lo_A_model_1_unrelaxed_repeat034
2.306,0.23245100088224785,2.87,0.33299997637122014,lo_A_model_1_unrelaxed_repeat082,lo_A_model_1_unrelaxed_repeat066
2.3289999999999997,0.19856255541268894,2.95,0.30099277792085816,lo_A_model_1_unrelaxed_repeat082,lo_A_model_1_unrelaxed_repeat035
2.33,0.21202000202561397,2.9699999999999998,0.313141496078887,lo_A_model_1_unrelaxed_repeat082,lo_A_model_1_unrelaxed_repeat022
2.3409999999999997,0.18876566302291498,2.92,0.2807370740052515,lo_A_model_1_unrelaxed_repeat082,lo_A_model_1_unrelaxed_repeat099
2.348,0.1974780486162061,2.8899999999999997,0.2819228884313213,lo_A_model_1_unrelaxed_repeat082,lo_A_model_1_unrelaxed_repeat009
2.3600000000000003,0.18828969476829327,2.8899999999999997,0.291726055674447,lo_A_model_1_unrelaxed_repeat082,lo_A_model_1_unrelaxed_repeat048
2.374,0.20688654808088425,2.85,0.3053092430726253,lo_A_model_1_unrelaxed_repeat082,lo_A_model_1_unrelaxed_repeat040
2.387,0.21309430099343302,2.88,0.31190026284503836,lo_A_model_1_unrelaxed_repeat082,lo_A_model_1_unrelaxed_repeat049
2.388,0.18162530011632796,2.98,0.2554766086512701,lo_A_model_1_unrelaxed_repeat082,lo_A_model_1_unrelaxed_repeat075
2.394,0.20446128525317933,2.6799999999999997,0.2756116880233988,lo_A_model_1_unrelaxed_repeat082,lo_A_model_1_unrelaxed_repeat029
2.41,0.18576373075058228,2.82,0.27676456891994333,lo_A_model_1_unrelaxed_repeat082,lo_A_model_1_unrelaxed_repeat078
2.415,0.21876324566478514,2.9,0.330717086238655,lo_A_model_1_unrelaxed_repeat082,lo_A_model_1_unrelaxed_repeat004
2.418,0.21253172312229845,2.98,0.30377708113262797,lo_A_model_1_unrelaxed_repeat082,lo_A_model_1_unrelaxed_repeat030
2.423,0.1889566837298439,2.92,0.286583545855942,lo_A_model_1_unrelaxed_repeat082,lo_A_model_1_unrelaxed_repeat047
2.426,0.19095084642669943,2.88,0.2916654853848958,lo_A_model_1_unrelaxed_repeat082,lo_A_model_1_unrelaxed_repeat032
2.429,0.19736529750207604,2.8499999999999996,0.3139838618817447,lo_A_model_1_unrelaxed_repeat082,lo_A_model_1_unrelaxed_repeat024
2.4290000000000003,0.19617756328802022,2.81,0.2728877522386969,lo_A_model_1_unrelaxed_repeat082,lo_A_model_1_unrelaxed_repeat006
2.431,0.19384213449205234,2.88,0.27959566145700365,lo_A_model_1_unrelaxed_repeat082,lo_A_model_1_unrelaxed_repeat020
2.431,0.2226881240036075,2.99,0.33456422236114874,lo_A_model_1_unrelaxed_repeat082,lo_A_model_1_unrelaxed_repeat093
2.431,0.21527231714581327,2.84,0.3014354309419875,lo_A_model_1_unrelaxed_repeat082,lo_A_model_1_unrelaxed_repeat053
2.432,0.2117868857567455,2.83,0.3144827485596482,lo_A_model_1_unrelaxed_repeat082,lo_A_model_1_unrelaxed_repeat058
2.433,0.21031305162843475,3.02,0.3076568885743785,lo_A_model_1_unrelaxed_repeat082,lo_A_model_1_unrelaxed_repeat096
2.435,0.23924339968292854,2.87,0.30556488649211394,lo_A_model_1_unrelaxed_repeat082,lo_A_model_1_unrelaxed_repeat017
2.44,0.21339210988413124,2.9,0.28919091911176875,lo_A_model_1_unrelaxed_repeat082,lo_A_model_1_unrelaxed_repeat051
2.441,0.21076493628945664,3.01,0.2917045264616681,lo_A_model_1_unrelaxed_repeat082,lo_A_model_1_unrelaxed_repeat033
2.4459999999999997,0.22546219004886586,2.92,0.3321622920636171,lo_A_model_1_unrelaxed_repeat082,lo_A_model_1_unrelaxed_repeat073
2.4539999999999997,0.1956971083742353,2.81,0.2850027733720442,lo_A_model_1_unrelaxed_repeat082,lo_A_model_1_unrelaxed_repeat064
2.4619999999999997,0.2109107982225352,2.84,0.31039114185847183,lo_A_model_1_unrelaxed_repeat082,lo_A_model_1_unrelaxed_repeat046
2.471,0.20166411613563484,2.8899999999999997,0.29184544285954284,lo_A_model_1_unrelaxed_repeat082,lo_A_model_1_unrelaxed_repeat015
2.497,0.22530083465096307,3.04,0.32279741140936896,lo_A_model_1_unrelaxed_repeat082,lo_A_model_1_unrelaxed_repeat003
2.519,0.21537406857244396,2.98,0.3148863591365037,lo_A_model_1_unrelaxed_repeat082,lo_A_model_1_unrelaxed_repeat060
2.5309999999999997,0.20642856652077637,3.04,0.28787187183237384,lo_A_model_1_unrelaxed_repeat082,lo_A_model_1_unrelaxed_repeat074
2.532,0.2305416518091343,2.8899999999999997,0.33431119800293463,lo_A_model_1_unrelaxed_repeat082,lo_A_model_1_unrelaxed_repeat013
2.5460000000000003,0.18660119662218075,2.94,0.2761194408885831,lo_A_model_1_unrelaxed_repeat082,lo_A_model_1_unrelaxed_repeat065
2.549,0.2096841790303272,2.77,0.3049622505309912,lo_A_model_1_unrelaxed_repeat082,lo_A_model_1_unrelaxed_repeat028
2.55,0.21837538652984703,2.73,0.31539910452616765,lo_A_model_1_unrelaxed_repeat082,lo_A_model_1_unrelaxed_repeat089
2.551,0.19711336070164256,2.98,0.28080672666378215,lo_A_model_1_unrelaxed_repeat082,lo_A_model_1_unrelaxed_repeat092
2.556,0.2734997636999343,2.91,0.371810826113063,lo_A_model_1_unrelaxed_repeat082,lo_A_model_1_unrelaxed_repeat087
2.5629999999999997,0.24180359733731147,2.96,0.3195876277146363,lo_A_model_1_unrelaxed_repeat082,lo_A_model_1_unrelaxed_repeat100
2.59,0.21942877199668093,2.99,0.3164616157139989,lo_A_model_1_unrelaxed_repeat082,lo_A_model_1_unrelaxed_repeat044
2.604,0.18747068821910476,2.95,0.2548677460060812,lo_A_model_1_unrelaxed_repeat082,lo_A_model_1_unrelaxed_repeat037
2.6390000000000002,0.20410400445653468,2.87,0.31398190265225967,lo_A_model_1_unrelaxed_repeat082,lo_A_model_1_unrelaxed_repeat054
2.6390000000000002,0.20515959731867273,2.83,0.268589704167061,lo_A_model_1_unrelaxed_repeat082,lo_A_model_1_unrelaxed_repeat036
2.65,0.20738530622021295,2.8499999999999996,0.27176285631324004,lo_A_model_1_unrelaxed_repeat082,lo_A_model_1_unrelaxed_repeat077
2.6630000000000003,0.1730051484840924,2.76,0.25003696436312295,lo_A_model_1_unrelaxed_repeat082,lo_A_model_1_unrelaxed_repeat076
2.668,0.20677466189343532,2.7,0.2905048144356655,lo_A_model_1_unrelaxed_repeat082,lo_A_model_1_unrelaxed_repeat045
2.6740000000000004,0.23328610026739385,2.8499999999999996,0.34292130505296325,lo_A_model_1_unrelaxed_repeat082,lo_A_model_1_unrelaxed_repeat072
2.682,0.21878293408322735,2.74,0.29643726161117256,lo_A_model_1_unrelaxed_repeat082,lo_A_model_1_unrelaxed_repeat043
2.6959999999999997,0.22546676366252316,2.79,0.3116741447925844,lo_A_model_1_unrelaxed_repeat082,lo_A_model_1_unrelaxed_repeat067
2.697,0.19911816607971022,2.87,0.2961312298513551,lo_A_model_1_unrelaxed_repeat082,lo_A_model_1_unrelaxed_repeat068
2.702,0.24033514213205226,2.99,0.3259540415395923,lo_A_model_1_unrelaxed_repeat082,lo_A_model_1_unrelaxed_repeat012
2.708,0.1904850085532925,2.91,0.27891384469238395,lo_A_model_1_unrelaxed_repeat082,lo_A_model_1_unrelaxed_repeat086
2.7119999999999997,0.20173586819160705,3.02,0.2779801456460345,lo_A_model_1_unrelaxed_repeat082,lo_A_model_1_unrelaxed_repeat038
2.7190000000000003,0.2292127448538442,2.7800000000000002,0.31594267059321646,lo_A_model_1_unrelaxed_repeat082,lo_A_model_1_unrelaxed_repeat031
2.731,0.1855970106377088,2.76,0.2953040187998011,lo_A_model_1_unrelaxed_repeat082,lo_A_model_1_unrelaxed_repeat090
2.74,0.2111283244494577,2.7800000000000002,0.2955317701731713,lo_A_model_1_unrelaxed_repeat082,lo_A_model_1_unrelaxed_repeat095
2.755,0.22080750813984995,2.98,0.3150751210468992,lo_A_model_1_unrelaxed_repeat082,lo_A_model_1_unrelaxed_repeat071
2.7569999999999997,0.23685112640668282,2.99,0.3371288347442605,lo_A_model_1_unrelaxed_repeat082,lo_A_model_1_unrelaxed_repeat050
2.766,0.23940069964986932,2.88,0.33641002130145553,lo_A_model_1_unrelaxed_repeat082,lo_A_model_1_unrelaxed_repeat052
2.768,0.23293101387450874,2.96,0.316338313312254,lo_A_model_1_unrelaxed_repeat082,lo_A_model_1_unrelaxed_repeat039
2.768,0.2191324564650222,2.92,0.3004307827466176,lo_A_model_1_unrelaxed_repeat082,lo_A_model_1_unrelaxed_repeat023
2.7729999999999997,0.22809570187349357,2.7,0.3096181135718456,lo_A_model_1_unrelaxed_repeat082,lo_A_model_1_unrelaxed_repeat019
2.774,0.19544199787929425,2.8200000000000003,0.2956325871913346,lo_A_model_1_unrelaxed_repeat082,lo_A_model_1_unrelaxed_repeat059
2.808,0.21510250808454845,2.8099999999999996,0.3276721118367208,lo_A_model_1_unrelaxed_repeat082,lo_A_model_1_unrelaxed_repeat083
2.8120000000000003,0.22199668507236486,3.02,0.3157429642230627,lo_A_model_1_unrelaxed_repeat082,lo_A_model_1_unrelaxed_repeat091
1.867,0.1779322844625934,2.69,0.24170975394099137,lo_A_model_1_unrelaxed_repeat006,lo_A_model_1_unrelaxed_repeat030
1.9300000000000002,0.15871394536106267,2.83,0.21992325361843235,lo_A_model_1_unrelaxed_repeat006,lo_A_model_1_unrelaxed_repeat089
2.021,0.14008729140490103,1.8399999999999999,0.1888584788559025,lo_A_model_1_unrelaxed_repeat006,lo_A_model_1_unrelaxed_repeat075
2.23,0.1867036622852632,2.7800000000000002,0.25564499481947967,lo_A_model_1_unrelaxed_repeat006,lo_A_model_1_unrelaxed_repeat058
2.241,0.17592044469370333,2.41,0.2404561116522125,lo_A_model_1_unrelaxed_repeat006,lo_A_model_1_unrelaxed_repeat024
2.242,0.18229924698320554,2.7199999999999998,0.23197873712438705,lo_A_model_1_unrelaxed_repeat006,lo_A_model_1_unrelaxed_repeat029
2.243,0.19048080269298442,2.54,0.26627601930128,lo_A_model_1_unrelaxed_repeat006,lo_A_model_1_unrelaxed_repeat071
2.2439999999999998,0.19722139872348846,2.74,0.2549726345101962,lo_A_model_1_unrelaxed_repeat006,lo_A_model_1_unrelaxed_repeat019
2.2640000000000002,0.20881497515349515,2.81,0.3036855632330354,lo_A_model_1_unrelaxed_repeat006,lo_A_model_1_unrelaxed_repeat004
2.282,0.22416305696685784,2.98,0.281775842078108,lo_A_model_1_unrelaxed_repeat006,lo_A_model_1_unrelaxed_repeat017
2.337,0.19739625224550808,2.7800000000000002,0.2642133030865346,lo_A_model_1_unrelaxed_repeat006,lo_A_model_1_unrelaxed_repeat039
2.346,0.1850717426525974,2.43,0.23371552594391093,lo_A_model_1_unrelaxed_repeat006,lo_A_model_1_unrelaxed_repeat016
2.354,0.18372573170933792,2.65,0.2410464192884604,lo_A_model_1_unrelaxed_repeat006,lo_A_model_1_unrelaxed_repeat048
2.3579999999999997,0.20979421963503828,2.92,0.2617737996334527,lo_A_model_1_unrelaxed_repeat006,lo_A_model_1_unrelaxed_repeat034
2.3609999999999998,0.15650410645153873,2.74,0.19784330731396257,lo_A_model_1_unrelaxed_repeat006,lo_A_model_1_unrelaxed_repeat061
2.363,0.20624758931265555,2.8200000000000003,0.2548452923498964,lo_A_model_1_unrelaxed_repeat006,lo_A_model_1_unrelaxed_repeat001
2.377,0.1724057529021654,2.5700000000000003,0.22936342834107615,lo_A_model_1_unrelaxed_repeat006,lo_A_model_1_unrelaxed_repeat090
2.38,0.22013437761060536,2.8200000000000003,0.26999592006666806,lo_A_model_1_unrelaxed_repeat006,lo_A_model_1_unrelaxed_repeat035
2.382,0.2077452749996794,2.6799999999999997,0.2597042446836861,lo_A_model_1_unrelaxed_repeat006,lo_A_model_1_unrelaxed_repeat057
2.3850000000000002,0.19530325123452347,2.8600000000000003,0.25547705663401665,lo_A_model_1_unrelaxed_repeat006,lo_A_model_1_unrelaxed_repeat049
2.3899999999999997,0.21050609361879238,2.79,0.2829953213947723,lo_A_model_1_unrelaxed_repeat006,lo_A_model_1_unrelaxed_repeat013
2.3920000000000003,0.20188183203514257,2.73,0.25429652748567616,lo_A_model_1_unrelaxed_repeat006,lo_A_model_1_unrelaxed_repeat015
2.394,0.20659462355915248,2.88,0.2609703473089137,lo_A_model_1_unrelaxed_repeat006,lo_A_model_1_unrelaxed_repeat033
2.3979999999999997,0.21110898405172945,2.42,0.27063439485686624,lo_A_model_1_unrelaxed_repeat006,lo_A_model_1_unrelaxed_repeat043
2.402,0.20677961701847247,2.88,0.2778277685107285,lo_A_model_1_unrelaxed_repeat006,lo_A_model_1_unrelaxed_repeat095
2.403,0.18355111476382907,2.39,0.23231551974697595,lo_A_model_1_unrelaxed_repeat006,lo_A_model_1_unrelaxed_repeat007
2.407,0.1896347124800633,2.78,0.25718577088151645,lo_A_model_1_unrelaxed_repeat006,lo_A_model_1_unrelaxed_repeat038
2.407,0.2077776040892937,2.8,0.24785211798394485,lo_A_model_1_unrelaxed_repeat006,lo_A_model_1_unrelaxed_repeat025
2.411,0.19753906985751368,2.34,0.23829875095502262,lo_A_model_1_unrelaxed_repeat006,lo_A_model_1_unrelaxed_repeat077
2.4160000000000004,0.1912767501185349,2.74,0.27064274685175305,lo_A_model_1_unrelaxed_repeat006,lo_A_model_1_unrelaxed_repeat099
2.4160000000000004,0.22570028868996897,2.83,0.3081284591746792,lo_A_model_1_unrelaxed_repeat006,lo_A_model_1_unrelaxed_repeat067
2.419,0.19136862539830907,2.9,0.2483364969889984,lo_A_model_1_unrelaxed_repeat006,lo_A_model_1_unrelaxed_repeat069
2.419,0.18166792087871445,2.8,0.248809181067924,lo_A_model_1_unrelaxed_repeat006,lo_A_model_1_unrelaxed_repeat011
2.419,0.21344238785386818,2.88,0.28259921726106485,lo_A_model_1_unrelaxed_repeat006,lo_A_model_1_unrelaxed_repeat045
2.42,0.2180365458729214,2.86,0.27728156155374345,lo_A_model_1_unrelaxed_repeat006,lo_A_model_1_unrelaxed_repeat003
2.4219999999999997,0.21541663460926258,2.76,0.28591058758213095,lo_A_model_1_unrelaxed_repeat006,lo_A_model_1_unrelaxed_repeat046
2.423,0.24181495425842525,2.9299999999999997,0.34423625317089823,lo_A_model_1_unrelaxed_repeat006,lo_A_model_1_unrelaxed_repeat028
2.424,0.20728986774655983,2.8899999999999997,0.25289313083260606,lo_A_model_1_unrelaxed_repeat006,lo_A_model_1_unrelaxed_repeat055
2.425,0.20827987251118651,2.81,0.26439387317347923,lo_A_model_1_unrelaxed_repeat006,lo_A_model_1_unrelaxed_repeat092
2.427,0.24789752197632567,2.99,0.33951404301991,lo_A_model_1_unrelaxed_repeat006,lo_A_model_1_unrelaxed_repeat072
2.427,0.19189984050013462,2.92,0.25051591972806037,lo_A_model_1_unrelaxed_repeat006,lo_A_model_1_unrelaxed_repeat022
2.4290000000000003,0.23289155132402634,2.81,0.32928912899168566,lo_A_model_1_unrelaxed_repeat006,lo_A_model_1_unrelaxed_repeat050
2.433,0.19748167296941324,2.67,0.24478433473024291,lo_A_model_1_unrelaxed_repeat006,lo_A_model_1_unrelaxed_repeat081
2.434,0.24022053053478773,2.7,0.31383273749636686,lo_A_model_1_unrelaxed_repeat006,lo_A_model_1_unrelaxed_repeat064
2.436,0.1957632865929728,2.88,0.26310112722554685,lo_A_model_1_unrelaxed_repeat006,lo_A_model_1_unrelaxed_repeat084
2.4370000000000003,0.19925007615286922,2.54,0.26897043144179567,lo_A_model_1_unrelaxed_repeat006,lo_A_model_1_unrelaxed_repeat059
2.4379999999999997,0.2633197542722264,2.8899999999999997,0.35129289101684075,lo_A_model_1_unrelaxed_repeat006,lo_A_model_1_unrelaxed_repeat087
2.4379999999999997,0.18373777654398568,2.88,0.24260596404690918,lo_A_model_1_unrelaxed_repeat006,lo_A_model_1_unrelaxed_repeat078
2.439,0.2154225677350368,2.91,0.29537260966577883,lo_A_model_1_unrelaxed_repeat006,lo_A_model_1_unrelaxed_repeat044
2.439,0.22110415790055962,2.88,0.2727592281968176,lo_A_model_1_unrelaxed_repeat006,lo_A_model_1_unrelaxed_repeat021
2.442,0.2014984431793943,2.91,0.271350725119521,lo_A_model_1_unrelaxed_repeat006,lo_A_model_1_unrelaxed_repeat018
2.442,0.2150383350725792,2.96,0.25603295791065783,lo_A_model_1_unrelaxed_repeat006,lo_A_model_1_unrelaxed_repeat009
2.4450000000000003,0.1850724932396335,2.99,0.24431990801714257,lo_A_model_1_unrelaxed_repeat006,lo_A_model_1_unrelaxed_repeat063
2.4459999999999997,0.20192511324519397,2.54,0.2521596560348554,lo_A_model_1_unrelaxed_repeat006,lo_A_model_1_unrelaxed_repeat002
2.448,0.16368560009830493,2.98,0.22425690356883834,lo_A_model_1_unrelaxed_repeat006,lo_A_model_1_unrelaxed_repeat051
2.449,0.18183474158558485,2.8899999999999997,0.252220127759313,lo_A_model_1_unrelaxed_repeat006,lo_A_model_1_unrelaxed_repeat053
2.449,0.20163917191590006,2.83,0.2530539646258788,lo_A_model_1_unrelaxed_repeat006,lo_A_model_1_unrelaxed_repeat014
2.45,0.17741976525865125,2.84,0.2591169112132224,lo_A_model_1_unrelaxed_repeat006,lo_A_model_1_unrelaxed_repeat098
2.45,0.18383474338529288,3.04,0.24476043000714356,lo_A_model_1_unrelaxed_repeat006,lo_A_model_1_unrelaxed_repeat020
2.455,0.16173240319492127,2.38,0.22129518605367204,lo_A_model_1_unrelaxed_repeat006,lo_A_model_1_unrelaxed_repeat037
2.455,0.17978410594277333,3.01,0.2532714140125905,lo_A_model_1_unrelaxed_repeat006,lo_A_model_1_unrelaxed_repeat088
2.458,0.1763504728385673,2.67,0.2384574294011905,lo_A_model_1_unrelaxed_repeat006,lo_A_model_1_unrelaxed_repeat026
2.458,0.1880763238064215,2.7199999999999998,0.24492934954001414,lo_A_model_1_unrelaxed_repeat006,lo_A_model_1_unrelaxed_repeat005
2.458,0.16357294881832266,2.59,0.19265170155383515,lo_A_model_1_unrelaxed_repeat006,lo_A_model_1_unrelaxed_repeat010
2.459,0.1739355676338968,2.86,0.23566428195874356,lo_A_model_1_unrelaxed_repeat006,lo_A_model_1_unrelaxed_repeat008
2.4610000000000003,0.2413912305371873,3.08,0.33588931346693296,lo_A_model_1_unrelaxed_repeat006,lo_A_model_1_unrelaxed_repeat083
2.466,0.1843830077914767,2.7800000000000002,0.25108223550116654,lo_A_model_1_unrelaxed_repeat006,lo_A_model_1_unrelaxed_repeat062
2.471,0.17618166589955278,2.43,0.22784886942036237,lo_A_model_1_unrelaxed_repeat006,lo_A_model_1_unrelaxed_repeat065
2.473,0.1902400757179095,2.84,0.2446589989170089,lo_A_model_1_unrelaxed_repeat006,lo_A_model_1_unrelaxed_repeat070
2.4770000000000003,0.1983425974922467,2.5700000000000003,0.2767896377694402,lo_A_model_1_unrelaxed_repeat006,lo_A_model_1_unrelaxed_repeat096
2.478,0.18986628680983042,2.74,0.23604278121489414,lo_A_model_1_unrelaxed_repeat006,lo_A_model_1_unrelaxed_repeat036
2.482,0.24196264328180886,2.9,0.34091163652754003,lo_A_model_1_unrelaxed_repeat006,lo_A_model_1_unrelaxed_repeat093
2.4859999999999998,0.18677869594507118,2.67,0.25066172795183495,lo_A_model_1_unrelaxed_repeat006,lo_A_model_1_unrelaxed_repeat097
2.487,0.2437141181542356,2.91,0.3460255847380019,lo_A_model_1_unrelaxed_repeat006,lo_A_model_1_unrelaxed_repeat085
2.492,0.20043000483545492,2.76,0.26129352489421775,lo_A_model_1_unrelaxed_repeat006,lo_A_model_1_unrelaxed_repeat047
2.4939999999999998,0.2059792717046061,2.96,0.29659942013242346,lo_A_model_1_unrelaxed_repeat006,lo_A_model_1_unrelaxed_repeat012
2.4939999999999998,0.18780789731719677,2.81,0.23919518131423237,lo_A_model_1_unrelaxed_repeat006,lo_A_model_1_unrelaxed_repeat056
2.509,0.18922673836474652,2.77,0.2560165856572902,lo_A_model_1_unrelaxed_repeat006,lo_A_model_1_unrelaxed_repeat079
2.511,0.21995254983154044,2.8,0.27406373328088657,lo_A_model_1_unrelaxed_repeat006,lo_A_model_1_unrelaxed_repeat023
2.519,0.20188526749203134,2.83,0.26400665444424704,lo_A_model_1_unrelaxed_repeat006,lo_A_model_1_unrelaxed_repeat032
2.52,0.21067681586714732,3.04,0.2571079943212966,lo_A_model_1_unrelaxed_repeat006,lo_A_model_1_unrelaxed_repeat100
2.526,0.19500074611940454,2.92,0.260278545631725,lo_A_model_1_unrelaxed_repeat006,lo_A_model_1_unrelaxed_repeat060
2.529,0.2166703336324446,3.0300000000000002,0.2978049404333229,lo_A_model_1_unrelaxed_repeat006,lo_A_model_1_unrelaxed_repeat068
2.5380000000000003,0.19837903634226536,2.74,0.2565327298569127,lo_A_model_1_unrelaxed_repeat006,lo_A_model_1_unrelaxed_repeat094
2.5410000000000004,0.23518113312745353,2.84,0.3111770537785254,lo_A_model_1_unrelaxed_repeat006,lo_A_model_1_unrelaxed_repeat040
2.542,0.17052965961048228,2.64,0.23378309402108513,lo_A_model_1_unrelaxed_repeat006,lo_A_model_1_unrelaxed_repeat086
2.553,0.24264643028232533,2.92,0.3346697815174597,lo_A_model_1_unrelaxed_repeat006,lo_A_model_1_unrelaxed_repeat066
2.56,0.21525817416549917,2.91,0.2973750203331961,lo_A_model_1_unrelaxed_repeat006,lo_A_model_1_unrelaxed_repeat091
2.569,0.19328372630800522,2.72,0.2696626409315222,lo_A_model_1_unrelaxed_repeat006,lo_A_model_1_unrelaxed_repeat054
2.585,0.16099928291365911,2.83,0.22487624954821858,lo_A_model_1_unrelaxed_repeat006,lo_A_model_1_unrelaxed_repeat076
2.596,0.17969669566256855,2.58,0.22753081509299186,lo_A_model_1_unrelaxed_repeat006,lo_A_model_1_unrelaxed_repeat027
2.599,0.23008707439266357,2.94,0.31596268409359357,lo_A_model_1_unrelaxed_repeat006,lo_A_model_1_unrelaxed_repeat073
2.685,0.24207945940084516,2.85,0.3043055369192514,lo_A_model_1_unrelaxed_repeat006,lo_A_model_1_unrelaxed_repeat080
2.689,0.20402925468375785,2.8899999999999997,0.29922231102695035,lo_A_model_1_unrelaxed_repeat006,lo_A_model_1_unrelaxed_repeat074
2.7119999999999997,0.21284035068190832,2.88,0.2743063041525916,lo_A_model_1_unrelaxed_repeat006,lo_A_model_1_unrelaxed_repeat031
2.804,0.24046392214649842,2.86,0.32488157851319394,lo_A_model_1_unrelaxed_repeat006,lo_A_model_1_unrelaxed_repeat052
2.2600000000000002,0.17409598424732362,2.8,0.25473832965444343,lo_A_model_1_unrelaxed_repeat039,lo_A_model_1_unrelaxed_repeat030
2.265,0.1822603861369567,2.67,0.24762517246272844,lo_A_model_1_unrelaxed_repeat039,lo_A_model_1_unrelaxed_repeat024
2.2880000000000003,0.19766676630307714,2.75,0.25364129312751726,lo_A_model_1_unrelaxed_repeat039,lo_A_model_1_unrelaxed_repeat017
2.301,0.14792643359722907,2.46,0.23598756059454662,lo_A_model_1_unrelaxed_repeat039,lo_A_model_1_unrelaxed_repeat071
2.33,0.19257954601946795,2.81,0.27065141573840273,lo_A_model_1_unrelaxed_repeat039,lo_A_model_1_unrelaxed_repeat058
2.374,0.23843865156039595,2.9299999999999997,0.30117784991899915,lo_A_model_1_unrelaxed_repeat039,lo_A_model_1_unrelaxed_repeat049
2.394,0.24478967936672397,3.02,0.32499908660595755,lo_A_model_1_unrelaxed_repeat039,lo_A_model_1_unrelaxed_repeat033
2.399,0.18390055781459919,3.0,0.2550335611452804,lo_A_model_1_unrelaxed_repeat039,lo_A_model_1_unrelaxed_repeat023
2.4,0.1894963854917798,2.58,0.24322981708640398,lo_A_model_1_unrelaxed_repeat039,lo_A_model_1_unrelaxed_repeat034
2.407,0.23661389264306193,2.98,0.31003396371239994,lo_A_model_1_unrelaxed_repeat039,lo_A_model_1_unrelaxed_repeat015
2.415,0.21120781892579976,2.91,0.2680005978683571,lo_A_model_1_unrelaxed_repeat039,lo_A_model_1_unrelaxed_repeat011
2.419,0.2044936668939013,2.8,0.2802244144621558,lo_A_model_1_unrelaxed_repeat039,lo_A_model_1_unrelaxed_repeat090
2.419,0.23143805828163422,2.77,0.3038739856283043,lo_A_model_1_unrelaxed_repeat039,lo_A_model_1_unrelaxed_repeat046
2.4219999999999997,0.22015565309113194,2.91,0.29121908433116783,lo_A_model_1_unrelaxed_repeat039,lo_A_model_1_unrelaxed_repeat022
2.432,0.1671990435728441,2.75,0.24519911035645994,lo_A_model_1_unrelaxed_repeat039,lo_A_model_1_unrelaxed_repeat013
2.44,0.18162843345624907,2.87,0.23730080872121462,lo_A_model_1_unrelaxed_repeat039,lo_A_model_1_unrelaxed_repeat043
2.441,0.226595337384019,2.96,0.3038612268905646,lo_A_model_1_unrelaxed_repeat039,lo_A_model_1_unrelaxed_repeat095
2.4450000000000003,0.24330420328509444,3.0,0.3093352510916824,lo_A_model_1_unrelaxed_repeat039,lo_A_model_1_unrelaxed_repeat001
2.447,0.18372076061972298,2.75,0.27158449919000555,lo_A_model_1_unrelaxed_repeat039,lo_A_model_1_unrelaxed_repeat089
2.449,0.22248316070080906,2.86,0.30459804889016723,lo_A_model_1_unrelaxed_repeat039,lo_A_model_1_unrelaxed_repeat038
2.4530000000000003,0.2078537851333902,2.94,0.2687275691807006,lo_A_model_1_unrelaxed_repeat039,lo_A_model_1_unrelaxed_repeat010
2.463,0.22794919244157008,3.01,0.2966241630994984,lo_A_model_1_unrelaxed_repeat039,lo_A_model_1_unrelaxed_repeat029
2.463,0.22117061559284212,2.84,0.305394699932368,lo_A_model_1_unrelaxed_repeat039,lo_A_model_1_unrelaxed_repeat088
2.479,0.18793071882660334,2.99,0.2618609531760763,lo_A_model_1_unrelaxed_repeat039,lo_A_model_1_unrelaxed_repeat059
2.479,0.22323752306104824,3.02,0.30383189388622334,lo_A_model_1_unrelaxed_repeat039,lo_A_model_1_unrelaxed_repeat026
2.48,0.27294571454801914,2.75,0.3599245271387482,lo_A_model_1_unrelaxed_repeat039,lo_A_model_1_unrelaxed_repeat087
2.483,0.20424693531740498,2.74,0.2673325020768456,lo_A_model_1_unrelaxed_repeat039,lo_A_model_1_unrelaxed_repeat009
2.484,0.22686664640347123,3.0,0.29068849257216384,lo_A_model_1_unrelaxed_repeat039,lo_A_model_1_unrelaxed_repeat048
2.484,0.2095848782071465,2.8200000000000003,0.2711232397984324,lo_A_model_1_unrelaxed_repeat039,lo_A_model_1_unrelaxed_repeat003
2.489,0.25040059692689387,2.96,0.34554901269092614,lo_A_model_1_unrelaxed_repeat039,lo_A_model_1_unrelaxed_repeat091
2.49,0.18710877773830892,2.9299999999999997,0.2798676879291018,lo_A_model_1_unrelaxed_repeat039,lo_A_model_1_unrelaxed_repeat075
2.497,0.22677202634216254,3.02,0.3014412210169391,lo_A_model_1_unrelaxed_repeat039,lo_A_model_1_unrelaxed_repeat037
2.504,0.2401976886103068,2.9299999999999997,0.2918879397728441,lo_A_model_1_unrelaxed_repeat039,lo_A_model_1_unrelaxed_repeat036
2.5149999999999997,0.2215197456458808,2.98,0.2834285794634203,lo_A_model_1_unrelaxed_repeat039,lo_A_model_1_unrelaxed_repeat070
2.52,0.23040260899512327,3.01,0.29349758049564123,lo_A_model_1_unrelaxed_repeat039,lo_A_model_1_unrelaxed_repeat077
2.545,0.1700175821926941,2.8899999999999997,0.23781829059581816,lo_A_model_1_unrelaxed_repeat039,lo_A_model_1_unrelaxed_repeat100
2.551,0.23445056947658927,2.91,0.32115096125368064,lo_A_model_1_unrelaxed_repeat039,lo_A_model_1_unrelaxed_repeat079
2.5540000000000003,0.28177907112011735,2.9699999999999998,0.37010735789259513,lo_A_model_1_unrelaxed_repeat039,lo_A_model_1_unrelaxed_repeat072
2.558,0.24931007633685834,2.99,0.31716136346046786,lo_A_model_1_unrelaxed_repeat039,lo_A_model_1_unrelaxed_repeat045
2.568,0.19333161782081368,2.95,0.26552078553975406,lo_A_model_1_unrelaxed_repeat039,lo_A_model_1_unrelaxed_repeat060
2.582,0.21866514205302612,2.8899999999999997,0.26945284463010605,lo_A_model_1_unrelaxed_repeat039,lo_A_model_1_unrelaxed_repeat061
2.584,0.18289754474597483,2.58,0.24886253394423294,lo_A_model_1_unrelaxed_repeat039,lo_A_model_1_unrelaxed_repeat086
2.592,0.21353867620991313,2.92,0.2629220634426128,lo_A_model_1_unrelaxed_repeat039,lo_A_model_1_unrelaxed_repeat078
2.5940000000000003,0.1981550136687439,2.88,0.2531381862635076,lo_A_model_1_unrelaxed_repeat039,lo_A_model_1_unrelaxed_repeat016
2.606,0.21960542780151304,2.87,0.3010205340930027,lo_A_model_1_unrelaxed_repeat039,lo_A_model_1_unrelaxed_repeat012
2.608,0.16754915662440914,2.95,0.2264528361081,lo_A_model_1_unrelaxed_repeat039,lo_A_model_1_unrelaxed_repeat019
2.623,0.21202918051664008,2.88,0.2939595993768673,lo_A_model_1_unrelaxed_repeat039,lo_A_model_1_unrelaxed_repeat008
2.641,0.21615401108769414,3.01,0.28550179202151504,lo_A_model_1_unrelaxed_repeat039,lo_A_model_1_unrelaxed_repeat076
2.657,0.2487575621958905,3.0,0.3351192643166996,lo_A_model_1_unrelaxed_repeat039,lo_A_model_1_unrelaxed_repeat064
2.665,0.1876640950992316,2.76,0.24089948277475504,lo_A_model_1_unrelaxed_repeat039,lo_A_model_1_unrelaxed_repeat007
2.665,0.27883855887775694,2.9,0.37240724090143923,lo_A_model_1_unrelaxed_repeat039,lo_A_model_1_unrelaxed_repeat066
2.667,0.20352267363572554,2.76,0.2634528621718736,lo_A_model_1_unrelaxed_repeat039,lo_A_model_1_unrelaxed_repeat035
2.67,0.2379791090962345,3.01,0.28882178891328986,lo_A_model_1_unrelaxed_repeat039,lo_A_model_1_unrelaxed_repeat065
2.676,0.2811276501003234,3.04,0.37034882833552923,lo_A_model_1_unrelaxed_repeat039,lo_A_model_1_unrelaxed_repeat052
2.677,0.25230987714686387,2.83,0.3113495475707845,lo_A_model_1_unrelaxed_repeat039,lo_A_model_1_unrelaxed_repeat056
2.685,0.2335567105714001,2.96,0.30087126701183137,lo_A_model_1_unrelaxed_repeat039,lo_A_model_1_unrelaxed_repeat084
2.6879999999999997,0.27320975974205586,2.96,0.3542100764442614,lo_A_model_1_unrelaxed_repeat039,lo_A_model_1_unrelaxed_repeat067
2.691,0.23964137070259267,2.91,0.3294889613925514,lo_A_model_1_unrelaxed_repeat039,lo_A_model_1_unrelaxed_repeat004
2.7,0.2166985234641223,2.88,0.2602354496804505,lo_A_model_1_unrelaxed_repeat039,lo_A_model_1_unrelaxed_repeat031
2.708,0.2276496825574911,3.01,0.2925204955953474,lo_A_model_1_unrelaxed_repeat039,lo_A_model_1_unrelaxed_repeat027
2.7110000000000003,0.20281752441968875,2.5700000000000003,0.2695635745866267,lo_A_model_1_unrelaxed_repeat039,lo_A_model_1_unrelaxed_repeat005
2.7110000000000003,0.2721365516026262,3.02,0.37042140484505204,lo_A_model_1_unrelaxed_repeat039,lo_A_model_1_unrelaxed_repeat085
2.714,0.24541328197544052,3.02,0.3369578196838082,lo_A_model_1_unrelaxed_repeat039,lo_A_model_1_unrelaxed_repeat044
2.721,0.20540426240888177,3.01,0.26381578738005523,lo_A_model_1_unrelaxed_repeat039,lo_A_model_1_unrelaxed_repeat057
2.737,0.17853092846266055,2.58,0.23334716901551142,lo_A_model_1_unrelaxed_repeat039,lo_A_model_1_unrelaxed_repeat081
2.7430000000000003,0.27309734832017973,3.02,0.38878082427971017,lo_A_model_1_unrelaxed_repeat039,lo_A_model_1_unrelaxed_repeat028
2.7430000000000003,0.22186864097558895,2.84,0.29513615586829633,lo_A_model_1_unrelaxed_repeat039,lo_A_model_1_unrelaxed_repeat014
2.746,0.22250407785882362,2.8200000000000003,0.27758528571245084,lo_A_model_1_unrelaxed_repeat039,lo_A_model_1_unrelaxed_repeat025
2.747,0.2368664195602821,2.96,0.3343396968715333,lo_A_model_1_unrelaxed_repeat039,lo_A_model_1_unrelaxed_repeat054
2.7510000000000003,0.19974959431544423,2.75,0.26464195587031725,lo_A_model_1_unrelaxed_repeat039,lo_A_model_1_unrelaxed_repeat047
2.7510000000000003,0.2553027673259572,2.9,0.3260358423997699,lo_A_model_1_unrelaxed_repeat039,lo_A_model_1_unrelaxed_repeat032
2.753,0.1901283942358603,2.83,0.2515047703310708,lo_A_model_1_unrelaxed_repeat039,lo_A_model_1_unrelaxed_repeat055
2.753,0.21980042645047612,2.86,0.2964629349798744,lo_A_model_1_unrelaxed_repeat039,lo_A_model_1_unrelaxed_repeat062
2.755,0.23706459886354767,2.86,0.3198370919376191,lo_A_model_1_unrelaxed_repeat039,lo_A_model_1_unrelaxed_repeat099
2.758,0.1917558063537745,2.62,0.24450510583854046,lo_A_model_1_unrelaxed_repeat039,lo_A_model_1_unrelaxed_repeat069
2.7640000000000002,0.26264389910985564,2.9699999999999998,0.33623906611980947,lo_A_model_1_unrelaxed_repeat039,lo_A_model_1_unrelaxed_repeat073
2.7640000000000002,0.2325058831381442,2.99,0.31872438885579835,lo_A_model_1_unrelaxed_repeat039,lo_A_model_1_unrelaxed_repeat092
2.7649999999999997,0.2700822891610165,3.02,0.36385348180713617,lo_A_model_1_unrelaxed_repeat039,lo_A_model_1_unrelaxed_repeat093
2.768,0.26252726488284406,2.95,0.34097029770917814,lo_A_model_1_unrelaxed_repeat039,lo_A_model_1_unrelaxed_repeat068
2.774,0.23358422032070708,2.84,0.3113777588826031,lo_A_model_1_unrelaxed_repeat039,lo_A_model_1_unrelaxed_repeat020
2.776,0.20109983641467383,3.01,0.2660742525468847,lo_A_model_1_unrelaxed_repeat039,lo_A_model_1_unrelaxed_repeat094
2.778,0.20124821505530693,2.5999999999999996,0.25558387809300226,lo_A_model_1_unrelaxed_repeat039,lo_A_model_1_unrelaxed_repeat021
2.7809999999999997,0.20156775521589604,3.01,0.2725113429671867,lo_A_model_1_unrelaxed_repeat039,lo_A_model_1_unrelaxed_repeat018
2.784,0.24266837730692942,2.96,0.312430226831615,lo_A_model_1_unrelaxed_repeat039,lo_A_model_1_unrelaxed_repeat063
2.785,0.19605743954113997,2.8200000000000003,0.25805395849233204,lo_A_model_1_unrelaxed_repeat039,lo_A_model_1_unrelaxed_repeat002
2.787,0.22421726830211824,2.98,0.2778869275301226,lo_A_model_1_unrelaxed_repeat039,lo_A_model_1_unrelaxed_repeat051
2.7880000000000003,0.20693514012234243,2.86,0.27866784059003474,lo_A_model_1_unrelaxed_repeat039,lo_A_model_1_unrelaxed_repeat053
2.7889999999999997,0.2257006702710498,3.01,0.30776461101626257,lo_A_model_1_unrelaxed_repeat039,lo_A_model_1_unrelaxed_repeat098
2.79,0.2408680154324544,2.86,0.3102856222611261,lo_A_model_1_unrelaxed_repeat039,lo_A_model_1_unrelaxed_repeat097
2.8,0.26675118152863764,2.9699999999999998,0.36456653077978357,lo_A_model_1_unrelaxed_repeat039,lo_A_model_1_unrelaxed_repeat083
2.809,0.27340962838331767,2.8899999999999997,0.3365425485453541,lo_A_model_1_unrelaxed_repeat039,lo_A_model_1_unrelaxed_repeat080
2.816,0.2183765087430776,2.83,0.3098744034649309,lo_A_model_1_unrelaxed_repeat039,lo_A_model_1_unrelaxed_repeat096
2.833,0.266418059722863,3.02,0.35793254693378534,lo_A_model_1_unrelaxed_repeat039,lo_A_model_1_unrelaxed_repeat050
2.983,0.2608611007355583,3.02,0.353513248118279,lo_A_model_1_unrelaxed_repeat039,lo_A_model_1_unrelaxed_repeat074
3.042,0.2617133340924263,2.96,0.34917790227790596,lo_A_model_1_unrelaxed_repeat039,lo_A_model_1_unrelaxed_repeat040
1.8679999999999999,0.18460841672317047,2.9,0.27350676656910045,lo_A_model_1_unrelaxed_repeat044,lo_A_model_1_unrelaxed_repeat033
2.067,0.1582893278204813,2.9,0.25421280216381137,lo_A_model_1_unrelaxed_repeat044,lo_A_model_1_unrelaxed_repeat045
2.082,0.1936792113518414,2.8099999999999996,0.28395863004412797,lo_A_model_1_unrelaxed_repeat044,lo_A_model_1_unrelaxed_repeat070
2.137,0.1887135349763281,2.82,0.2628930057551251,lo_A_model_1_unrelaxed_repeat044,lo_A_model_1_unrelaxed_repeat098
2.153,0.18908427623499874,2.9,0.24932406476388566,lo_A_model_1_unrelaxed_repeat044,lo_A_model_1_unrelaxed_repeat026
2.2,0.21315454373198534,2.92,0.30042302078287714,lo_A_model_1_unrelaxed_repeat044,lo_A_model_1_unrelaxed_repeat055
2.207,0.21403249790012654,2.82,0.29599109718661115,lo_A_model_1_unrelaxed_repeat044,lo_A_model_1_unrelaxed_repeat046
2.231,0.1901961031509088,2.91,0.2790313820347613,lo_A_model_1_unrelaxed_repeat044,lo_A_model_1_unrelaxed_repeat008
2.234,0.18865561117560237,2.9,0.2863413331749475,lo_A_model_1_unrelaxed_repeat044,lo_A_model_1_unrelaxed_repeat005
2.237,0.1970172450568361,3.0,0.2890913691940478,lo_A_model_1_unrelaxed_repeat044,lo_A_model_1_unrelaxed_repeat027
2.238,0.17525537712235945,2.9,0.256057654004982,lo_A_model_1_unrelaxed_repeat044,lo_A_model_1_unrelaxed_repeat092
2.24,0.19491348508162964,2.9699999999999998,0.2985471736231943,lo_A_model_1_unrelaxed_repeat044,lo_A_model_1_unrelaxed_repeat015
2.24,0.20473981534756514,2.92,0.2879903729912205,lo_A_model_1_unrelaxed_repeat044,lo_A_model_1_unrelaxed_repeat018
2.2430000000000003,0.20340179128547567,2.92,0.291502054508277,lo_A_model_1_unrelaxed_repeat044,lo_A_model_1_unrelaxed_repeat032
2.254,0.20067089477910074,2.94,0.2880635361484843,lo_A_model_1_unrelaxed_repeat044,lo_A_model_1_unrelaxed_repeat079
2.26,0.2088458939965037,3.01,0.28625808457950047,lo_A_model_1_unrelaxed_repeat044,lo_A_model_1_unrelaxed_repeat081
2.265,0.19207560653713798,2.91,0.2750864605922009,lo_A_model_1_unrelaxed_repeat044,lo_A_model_1_unrelaxed_repeat099
2.27,0.18809089438182866,2.91,0.283503121726397,lo_A_model_1_unrelaxed_repeat044,lo_A_model_1_unrelaxed_repeat061
2.2750000000000004,0.18524403345676338,3.05,0.2843362373163435,lo_A_model_1_unrelaxed_repeat044,lo_A_model_1_unrelaxed_repeat062
2.276,0.19937703479303034,3.01,0.2879833189414885,lo_A_model_1_unrelaxed_repeat044,lo_A_model_1_unrelaxed_repeat007
2.294,0.18146605400284874,2.8499999999999996,0.26084944325372766,lo_A_model_1_unrelaxed_repeat044,lo_A_model_1_unrelaxed_repeat036
2.307,0.20568518522740395,2.8,0.2805971559878999,lo_A_model_1_unrelaxed_repeat044,lo_A_model_1_unrelaxed_repeat035
2.308,0.23037510868364539,2.8899999999999997,0.31846107062717594,lo_A_model_1_unrelaxed_repeat044,lo_A_model_1_unrelaxed_repeat084
2.329,0.20574360893603902,2.8,0.29810906204866783,lo_A_model_1_unrelaxed_repeat044,lo_A_model_1_unrelaxed_repeat022
2.333,0.1997536193430033,2.91,0.2904167495376552,lo_A_model_1_unrelaxed_repeat044,lo_A_model_1_unrelaxed_repeat056
2.3369999999999997,0.18987222945789967,2.91,0.277808663995798,lo_A_model_1_unrelaxed_repeat044,lo_A_model_1_unrelaxed_repeat077
2.338,0.20493762266736032,2.91,0.30855443103263197,lo_A_model_1_unrelaxed_repeat044,lo_A_model_1_unrelaxed_repeat069
2.347,0.21026570424237906,3.0300000000000002,0.2869857657738366,lo_A_model_1_unrelaxed_repeat044,lo_A_model_1_unrelaxed_repeat020
2.351,0.2175654907732231,2.87,0.30120435413032665,lo_A_model_1_unrelaxed_repeat044,lo_A_model_1_unrelaxed_repeat057
2.357,0.20341231867243614,2.8499999999999996,0.302611144882592,lo_A_model_1_unrelaxed_repeat044,lo_A_model_1_unrelaxed_repeat094
2.3600000000000003,0.209635793583441,2.91,0.29555239133339767,lo_A_model_1_unrelaxed_repeat044,lo_A_model_1_unrelaxed_repeat065
2.367,0.20543622173734782,2.94,0.3014322036388248,lo_A_model_1_unrelaxed_repeat044,lo_A_model_1_unrelaxed_repeat011
2.368,0.2003569668444053,2.8499999999999996,0.3011710572456468,lo_A_model_1_unrelaxed_repeat044,lo_A_model_1_unrelaxed_repeat048
2.3689999999999998,0.2198250409778549,3.01,0.3175467928750597,lo_A_model_1_unrelaxed_repeat044,lo_A_model_1_unrelaxed_repeat003
2.382,0.2135581382146581,2.98,0.3013596751244768,lo_A_model_1_unrelaxed_repeat044,lo_A_model_1_unrelaxed_repeat080
2.398,0.2078808134918318,2.86,0.30271243973960577,lo_A_model_1_unrelaxed_repeat044,lo_A_model_1_unrelaxed_repeat047
2.398,0.21772659746717943,2.9299999999999997,0.319494683283835,lo_A_model_1_unrelaxed_repeat044,lo_A_model_1_unrelaxed_repeat064
2.398,0.21749687186345062,2.91,0.33057902121941474,lo_A_model_1_unrelaxed_repeat044,lo_A_model_1_unrelaxed_repeat066
2.399,0.19886845710969417,2.95,0.28985226368608624,lo_A_model_1_unrelaxed_repeat044,lo_A_model_1_unrelaxed_repeat078
2.4139999999999997,0.2272058452974726,2.99,0.31519365257982185,lo_A_model_1_unrelaxed_repeat044,lo_A_model_1_unrelaxed_repeat049
2.417,0.17804412418658377,2.99,0.2530047752691891,lo_A_model_1_unrelaxed_repeat044,lo_A_model_1_unrelaxed_repeat067
2.4210000000000003,0.18319257908016612,2.99,0.2671591125458928,lo_A_model_1_unrelaxed_repeat044,lo_A_model_1_unrelaxed_repeat091
2.424,0.22795978110749077,2.91,0.3322015693664865,lo_A_model_1_unrelaxed_repeat044,lo_A_model_1_unrelaxed_repeat083
2.426,0.19582366304921964,2.87,0.2895054734719936,lo_A_model_1_unrelaxed_repeat044,lo_A_model_1_unrelaxed_repeat088
2.427,0.18733837860214825,3.05,0.28503675440034815,lo_A_model_1_unrelaxed_repeat044,lo_A_model_1_unrelaxed_repeat097
2.428,0.21857091115831945,3.04,0.29345526793284754,lo_A_model_1_unrelaxed_repeat044,lo_A_model_1_unrelaxed_repeat075
2.4290000000000003,0.2046788684717001,2.9699999999999998,0.28462569853924935,lo_A_model_1_unrelaxed_repeat044,lo_A_model_1_unrelaxed_repeat010
2.433,0.2295660227435307,2.96,0.3161465497448829,lo_A_model_1_unrelaxed_repeat044,lo_A_model_1_unrelaxed_repeat001
2.433,0.21384152542745005,2.91,0.3069358928933025,lo_A_model_1_unrelaxed_repeat044,lo_A_model_1_unrelaxed_repeat014
2.4379999999999997,0.2043983039720894,2.9,0.30525797621975365,lo_A_model_1_unrelaxed_repeat044,lo_A_model_1_unrelaxed_repeat029
2.448,0.20751674217581048,3.0300000000000002,0.29636032470640505,lo_A_model_1_unrelaxed_repeat044,lo_A_model_1_unrelaxed_repeat034
2.451,0.22109370614190962,2.92,0.29703633877392416,lo_A_model_1_unrelaxed_repeat044,lo_A_model_1_unrelaxed_repeat030
2.454,0.20724588659543913,2.7199999999999998,0.30132440135140964,lo_A_model_1_unrelaxed_repeat044,lo_A_model_1_unrelaxed_repeat028
2.458,0.21460086383382998,3.04,0.29729404335057075,lo_A_model_1_unrelaxed_repeat044,lo_A_model_1_unrelaxed_repeat002
2.46,0.19274557418067342,2.99,0.2959313515105606,lo_A_model_1_unrelaxed_repeat044,lo_A_model_1_unrelaxed_repeat063
2.461,0.20800721691562596,3.01,0.30495840378657746,lo_A_model_1_unrelaxed_repeat044,lo_A_model_1_unrelaxed_repeat060
2.464,0.21719653356281365,2.91,0.30808968837030953,lo_A_model_1_unrelaxed_repeat044,lo_A_model_1_unrelaxed_repeat053
2.466,0.21469774608629466,2.85,0.29288999531602844,lo_A_model_1_unrelaxed_repeat044,lo_A_model_1_unrelaxed_repeat025
2.468,0.25336126191959146,2.9,0.31803469277469965,lo_A_model_1_unrelaxed_repeat044,lo_A_model_1_unrelaxed_repeat017
2.473,0.22626454758437572,2.98,0.31615935570124265,lo_A_model_1_unrelaxed_repeat044,lo_A_model_1_unrelaxed_repeat051
2.473,0.22253161804571261,2.89,0.3189482896096502,lo_A_model_1_unrelaxed_repeat044,lo_A_model_1_unrelaxed_repeat054
2.496,0.23684232575180694,2.9299999999999997,0.3187764519586085,lo_A_model_1_unrelaxed_repeat044,lo_A_model_1_unrelaxed_repeat089
2.508,0.22763961239873698,3.0300000000000002,0.3098861298086485,lo_A_model_1_unrelaxed_repeat044,lo_A_model_1_unrelaxed_repeat013
2.538,0.22575836716132502,2.82,0.30208910186392013,lo_A_model_1_unrelaxed_repeat044,lo_A_model_1_unrelaxed_repeat024
2.55,0.20506036097990132,2.9,0.2804535464251291,lo_A_model_1_unrelaxed_repeat044,lo_A_model_1_unrelaxed_repeat037
2.565,0.26282104204774304,3.0300000000000002,0.33553224645630886,lo_A_model_1_unrelaxed_repeat044,lo_A_model_1_unrelaxed_repeat100
2.588,0.22841881381890977,2.94,0.3334179434819988,lo_A_model_1_unrelaxed_repeat044,lo_A_model_1_unrelaxed_repeat004
2.609,0.2126699680434035,2.9699999999999998,0.30663758647964223,lo_A_model_1_unrelaxed_repeat044,lo_A_model_1_unrelaxed_repeat076
2.625,0.2239924489070602,3.0300000000000002,0.30573352774220536,lo_A_model_1_unrelaxed_repeat044,lo_A_model_1_unrelaxed_repeat058
2.628,0.23186454471490722,2.92,0.3156517883715312,lo_A_model_1_unrelaxed_repeat044,lo_A_model_1_unrelaxed_repeat043
2.6479999999999997,0.232649034793953,2.95,0.3362449376317444,lo_A_model_1_unrelaxed_repeat044,lo_A_model_1_unrelaxed_repeat012
2.654,0.1954979658449143,3.0300000000000002,0.28981440462358793,lo_A_model_1_unrelaxed_repeat044,lo_A_model_1_unrelaxed_repeat086
2.658,0.20766163534115012,2.9,0.3019650000088239,lo_A_model_1_unrelaxed_repeat044,lo_A_model_1_unrelaxed_repeat038
2.661,0.2599180898817598,2.96,0.36321234089437066,lo_A_model_1_unrelaxed_repeat044,lo_A_model_1_unrelaxed_repeat087
2.668,0.23936543912558167,3.0,0.34535416500267146,lo_A_model_1_unrelaxed_repeat044,lo_A_model_1_unrelaxed_repeat072
2.673,0.20138892258562854,3.04,0.290991988936429,lo_A_model_1_unrelaxed_repeat044,lo_A_model_1_unrelaxed_repeat016
2.677,0.20633364996358722,2.92,0.2951395974352627,lo_A_model_1_unrelaxed_repeat044,lo_A_model_1_unrelaxed_repeat090
2.6799999999999997,0.21096001153389365,2.84,0.3072511380004558,lo_A_model_1_unrelaxed_repeat044,lo_A_model_1_unrelaxed_repeat021
2.686,0.1997060823142468,2.98,0.2827031787361526,lo_A_model_1_unrelaxed_repeat044,lo_A_model_1_unrelaxed_repeat095
2.7009999999999996,0.23804016744273632,3.04,0.3260704172787229,lo_A_model_1_unrelaxed_repeat044,lo_A_model_1_unrelaxed_repeat071
2.7119999999999997,0.23813049163084737,2.89,0.3268513681801852,lo_A_model_1_unrelaxed_repeat044,lo_A_model_1_unrelaxed_repeat031
2.714,0.22187853718794842,2.92,0.3073946543673449,lo_A_model_1_unrelaxed_repeat044,lo_A_model_1_unrelaxed_repeat023
2.719,0.2508623969492984,2.98,0.321185572020008,lo_A_model_1_unrelaxed_repeat044,lo_A_model_1_unrelaxed_repeat019
2.9,0.22829755387308667,3.0,0.3142917646148576,lo_A_model_1_unrelaxed_repeat044,lo_A_model_1_unrelaxed_repeat096
2.9539999999999997,0.22863190487245652,2.92,0.317744420017212,lo_A_model_1_unrelaxed_repeat044,lo_A_model_1_unrelaxed_repeat059
2.964,0.21740867485617535,2.92,0.2949814377904406,lo_A_model_1_unrelaxed_repeat044,lo_A_model_1_unrelaxed_repeat009
3.129,0.22383634298439892,2.7800000000000002,0.31670364967385234,lo_A_model_1_unrelaxed_repeat044,lo_A_model_1_unrelaxed_repeat085
3.142,0.21583865112399858,3.02,0.2998432590060809,lo_A_model_1_unrelaxed_repeat044,lo_A_model_1_unrelaxed_repeat068
3.154,0.19656501070504992,2.9299999999999997,0.30539961859607256,lo_A_model_1_unrelaxed_repeat044,lo_A_model_1_unrelaxed_repeat073
3.268,0.2281213992993903,2.89,0.3298826686979722,lo_A_model_1_unrelaxed_repeat044,lo_A_model_1_unrelaxed_repeat093
3.281,0.2104997595817561,2.92,0.31077608331852696,lo_A_model_1_unrelaxed_repeat044,lo_A_model_1_unrelaxed_repeat074
3.396,0.22181024704428864,3.0500000000000003,0.3134803478198303,lo_A_model_1_unrelaxed_repeat044,lo_A_model_1_unrelaxed_repeat052
3.463,0.23398442044904513,2.91,0.33925193309083074,lo_A_model_1_unrelaxed_repeat044,lo_A_model_1_unrelaxed_repeat050
3.921,0.2190597223262109,2.91,0.31027806072011377,lo_A_model_1_unrelaxed_repeat044,lo_A_model_1_unrelaxed_repeat040
2.069,0.18944501884325368,2.9,0.2757146002164778,lo_A_model_1_unrelaxed_repeat054,lo_A_model_1_unrelaxed_repeat053
2.355,0.2268356321342008,2.92,0.319880431881979,lo_A_model_1_unrelaxed_repeat054,lo_A_model_1_unrelaxed_repeat045
2.3680000000000003,0.20217211820405162,2.84,0.2864919785807801,lo_A_model_1_unrelaxed_repeat054,lo_A_model_1_unrelaxed_repeat061
2.388,0.19175967687885004,2.8899999999999997,0.28216782919753386,lo_A_model_1_unrelaxed_repeat054,lo_A_model_1_unrelaxed_repeat048
2.419,0.20362600714751133,2.9000000000000004,0.28787251788285984,lo_A_model_1_unrelaxed_repeat054,lo_A_model_1_unrelaxed_repeat049
2.4210000000000003,0.21011524394190634,3.01,0.3082929602767847,lo_A_model_1_unrelaxed_repeat054,lo_A_model_1_unrelaxed_repeat004
2.428,0.19185648322995932,2.73,0.2596395652874595,lo_A_model_1_unrelaxed_repeat054,lo_A_model_1_unrelaxed_repeat033
2.429,0.20862742801367087,2.8600000000000003,0.281081194771837,lo_A_model_1_unrelaxed_repeat054,lo_A_model_1_unrelaxed_repeat025
2.4370000000000003,0.21814402127958632,2.9,0.2859448609772753,lo_A_model_1_unrelaxed_repeat054,lo_A_model_1_unrelaxed_repeat064
2.439,0.20121544834420768,2.91,0.29772235051661605,lo_A_model_1_unrelaxed_repeat054,lo_A_model_1_unrelaxed_repeat030
2.439,0.1788547008208687,2.9299999999999997,0.25452331388390237,lo_A_model_1_unrelaxed_repeat054,lo_A_model_1_unrelaxed_repeat063
2.441,0.23962724450490364,2.89,0.3686007257085191,lo_A_model_1_unrelaxed_repeat054,lo_A_model_1_unrelaxed_repeat028
2.4459999999999997,0.20218165106807368,2.89,0.29686319060165023,lo_A_model_1_unrelaxed_repeat054,lo_A_model_1_unrelaxed_repeat092
2.45,0.24133949932448215,2.89,0.3193604571227889,lo_A_model_1_unrelaxed_repeat054,lo_A_model_1_unrelaxed_repeat067
2.453,0.20838302743513665,2.85,0.29512301937755314,lo_A_model_1_unrelaxed_repeat054,lo_A_model_1_unrelaxed_repeat011
2.467,0.2209856551899102,2.9000000000000004,0.30740596338281895,lo_A_model_1_unrelaxed_repeat054,lo_A_model_1_unrelaxed_repeat057
2.471,0.23136040912985192,2.9,0.31236675557058535,lo_A_model_1_unrelaxed_repeat054,lo_A_model_1_unrelaxed_repeat084
2.474,0.22561656611829284,2.9,0.3056053819867783,lo_A_model_1_unrelaxed_repeat054,lo_A_model_1_unrelaxed_repeat034
2.48,0.23470336375018347,2.95,0.3150146804944789,lo_A_model_1_unrelaxed_repeat054,lo_A_model_1_unrelaxed_repeat009
2.482,0.21781907285142427,2.9,0.30390430313661226,lo_A_model_1_unrelaxed_repeat054,lo_A_model_1_unrelaxed_repeat016
2.483,0.2364405710400872,2.94,0.3380651417363592,lo_A_model_1_unrelaxed_repeat054,lo_A_model_1_unrelaxed_repeat093
2.488,0.19399217644210273,2.89,0.2823956882631928,lo_A_model_1_unrelaxed_repeat054,lo_A_model_1_unrelaxed_repeat058
2.489,0.18068209975840005,2.95,0.26693068117973756,lo_A_model_1_unrelaxed_repeat054,lo_A_model_1_unrelaxed_repeat088
2.491,0.2085376373915985,2.88,0.2820424688239605,lo_A_model_1_unrelaxed_repeat054,lo_A_model_1_unrelaxed_repeat014
2.492,0.2031522428193149,2.88,0.2796743968266372,lo_A_model_1_unrelaxed_repeat054,lo_A_model_1_unrelaxed_repeat026
2.493,0.18496841086682342,2.74,0.2602114799661069,lo_A_model_1_unrelaxed_repeat054,lo_A_model_1_unrelaxed_repeat008
2.4930000000000003,0.21550546564405426,2.95,0.30378197889440617,lo_A_model_1_unrelaxed_repeat054,lo_A_model_1_unrelaxed_repeat069
2.495,0.23479624076656677,2.91,0.31452737211752935,lo_A_model_1_unrelaxed_repeat054,lo_A_model_1_unrelaxed_repeat003
2.498,0.21209453718533786,2.89,0.3018101801389066,lo_A_model_1_unrelaxed_repeat054,lo_A_model_1_unrelaxed_repeat022
2.5,0.20888247306475494,2.74,0.2881501853679967,lo_A_model_1_unrelaxed_repeat054,lo_A_model_1_unrelaxed_repeat007
2.503,0.21833359652268206,2.8099999999999996,0.2984655080802317,lo_A_model_1_unrelaxed_repeat054,lo_A_model_1_unrelaxed_repeat099
2.505,0.21650368933674885,2.85,0.29822627773634397,lo_A_model_1_unrelaxed_repeat054,lo_A_model_1_unrelaxed_repeat065
2.511,0.2235615215867697,2.87,0.30414786329478155,lo_A_model_1_unrelaxed_repeat054,lo_A_model_1_unrelaxed_repeat035
2.512,0.222549109527864,2.84,0.29697545454272545,lo_A_model_1_unrelaxed_repeat054,lo_A_model_1_unrelaxed_repeat036
2.513,0.24023502560000648,2.9299999999999997,0.306220814789894,lo_A_model_1_unrelaxed_repeat054,lo_A_model_1_unrelaxed_repeat100
2.5199999999999996,0.1838139648576271,2.89,0.24463104682378348,lo_A_model_1_unrelaxed_repeat054,lo_A_model_1_unrelaxed_repeat097
2.521,0.24122266054403507,2.89,0.348627761611079,lo_A_model_1_unrelaxed_repeat054,lo_A_model_1_unrelaxed_repeat085
2.523,0.23941922576358826,2.73,0.3254948032654127,lo_A_model_1_unrelaxed_repeat054,lo_A_model_1_unrelaxed_repeat074
2.524,0.18018080412334453,2.82,0.262157822487282,lo_A_model_1_unrelaxed_repeat054,lo_A_model_1_unrelaxed_repeat046
2.526,0.21075325224853195,2.96,0.2970814158914981,lo_A_model_1_unrelaxed_repeat054,lo_A_model_1_unrelaxed_repeat018
2.527,0.19464019407669783,2.81,0.2805772202761858,lo_A_model_1_unrelaxed_repeat054,lo_A_model_1_unrelaxed_repeat078
2.5279999999999996,0.17667223841997978,2.85,0.26109525007884365,lo_A_model_1_unrelaxed_repeat054,lo_A_model_1_unrelaxed_repeat056
2.5309999999999997,0.19964234831045422,2.84,0.27794092681410426,lo_A_model_1_unrelaxed_repeat054,lo_A_model_1_unrelaxed_repeat098
2.5330000000000004,0.20644632469128812,2.76,0.2807237223634083,lo_A_model_1_unrelaxed_repeat054,lo_A_model_1_unrelaxed_repeat060
2.534,0.2146269492043104,2.83,0.2848224605761296,lo_A_model_1_unrelaxed_repeat054,lo_A_model_1_unrelaxed_repeat005
2.535,0.2794658598285812,2.96,0.38603067917545597,lo_A_model_1_unrelaxed_repeat054,lo_A_model_1_unrelaxed_repeat087
2.537,0.18971695354042054,2.83,0.26306512844270163,lo_A_model_1_unrelaxed_repeat054,lo_A_model_1_unrelaxed_repeat029
2.5389999999999997,0.23324740252967094,2.9299999999999997,0.3125118595746747,lo_A_model_1_unrelaxed_repeat054,lo_A_model_1_unrelaxed_repeat055
2.539,0.20561115292918772,2.76,0.26934286587756806,lo_A_model_1_unrelaxed_repeat054,lo_A_model_1_unrelaxed_repeat010
2.5410000000000004,0.19682873829157546,2.75,0.2780390149751556,lo_A_model_1_unrelaxed_repeat054,lo_A_model_1_unrelaxed_repeat062
2.545,0.20787804213185251,2.8899999999999997,0.27817595115270816,lo_A_model_1_unrelaxed_repeat054,lo_A_model_1_unrelaxed_repeat094
2.549,0.20289835788828484,2.9,0.2741373777138019,lo_A_model_1_unrelaxed_repeat054,lo_A_model_1_unrelaxed_repeat079
2.55,0.25174140795802086,2.8899999999999997,0.3424630970167616,lo_A_model_1_unrelaxed_repeat054,lo_A_model_1_unrelaxed_repeat013
2.551,0.2127686311815687,2.83,0.28082190834407594,lo_A_model_1_unrelaxed_repeat054,lo_A_model_1_unrelaxed_repeat002
2.553,0.17026738124455848,2.94,0.2536516710830122,lo_A_model_1_unrelaxed_repeat054,lo_A_model_1_unrelaxed_repeat032
2.553,0.21170487258403525,2.99,0.301318229203541,lo_A_model_1_unrelaxed_repeat054,lo_A_model_1_unrelaxed_repeat070
2.56,0.20403374359763723,2.87,0.2803631917946875,lo_A_model_1_unrelaxed_repeat054,lo_A_model_1_unrelaxed_repeat024
2.5629999999999997,0.24999572528534206,2.84,0.3396622491397903,lo_A_model_1_unrelaxed_repeat054,lo_A_model_1_unrelaxed_repeat091
2.564,0.2252596505310431,2.9,0.31267844690480073,lo_A_model_1_unrelaxed_repeat054,lo_A_model_1_unrelaxed_repeat047
2.568,0.20531815571054032,3.37,0.27415590314174854,lo_A_model_1_unrelaxed_repeat054,lo_A_model_1_unrelaxed_repeat020
2.569,0.22048465473968828,2.8600000000000003,0.30503819034336377,lo_A_model_1_unrelaxed_repeat054,lo_A_model_1_unrelaxed_repeat081
2.575,0.23257712551604193,2.82,0.33227584762171997,lo_A_model_1_unrelaxed_repeat054,lo_A_model_1_unrelaxed_repeat040
2.583,0.20435379710685228,2.95,0.27522548955382575,lo_A_model_1_unrelaxed_repeat054,lo_A_model_1_unrelaxed_repeat037
2.588,0.22128164589438543,2.8899999999999997,0.30128508735525056,lo_A_model_1_unrelaxed_repeat054,lo_A_model_1_unrelaxed_repeat089
2.5940000000000003,0.2394255368516683,2.99,0.31233382420037065,lo_A_model_1_unrelaxed_repeat054,lo_A_model_1_unrelaxed_repeat017
2.598,0.1904103880565037,2.77,0.2605838058774006,lo_A_model_1_unrelaxed_repeat054,lo_A_model_1_unrelaxed_repeat075
2.6029999999999998,0.20756632392297064,2.7,0.28091303212310237,lo_A_model_1_unrelaxed_repeat054,lo_A_model_1_unrelaxed_repeat027
2.6029999999999998,0.22951354852306852,2.85,0.2885615749653702,lo_A_model_1_unrelaxed_repeat054,lo_A_model_1_unrelaxed_repeat077
2.604,0.21497987196596038,2.91,0.3166722083695506,lo_A_model_1_unrelaxed_repeat054,lo_A_model_1_unrelaxed_repeat096
2.606,0.2093193157968591,2.72,0.2762952330279902,lo_A_model_1_unrelaxed_repeat054,lo_A_model_1_unrelaxed_repeat015
2.622,0.20095180740273605,3.04,0.2753846055479832,lo_A_model_1_unrelaxed_repeat054,lo_A_model_1_unrelaxed_repeat051
2.633,0.2138778674925186,2.8600000000000003,0.26091480968182285,lo_A_model_1_unrelaxed_repeat054,lo_A_model_1_unrelaxed_repeat001
2.6420000000000003,0.20374601499565445,2.87,0.26456377570693423,lo_A_model_1_unrelaxed_repeat054,lo_A_model_1_unrelaxed_repeat076
2.661,0.24814529121219858,2.8899999999999997,0.3229699446103341,lo_A_model_1_unrelaxed_repeat054,lo_A_model_1_unrelaxed_repeat043
2.6870000000000003,0.21605690317072798,2.96,0.29548708605580565,lo_A_model_1_unrelaxed_repeat054,lo_A_model_1_unrelaxed_repeat086
2.6879999999999997,0.2194480480197654,2.8899999999999997,0.3061174562087372,lo_A_model_1_unrelaxed_repeat054,lo_A_model_1_unrelaxed_repeat080
2.691,0.20578149793580536,2.8899999999999997,0.28224042349096723,lo_A_model_1_unrelaxed_repeat054,lo_A_model_1_unrelaxed_repeat038
2.695,0.2511012711134545,2.91,0.3649437607328752,lo_A_model_1_unrelaxed_repeat054,lo_A_model_1_unrelaxed_repeat066
2.6950000000000003,0.25598427336797674,3.02,0.3435429308696378,lo_A_model_1_unrelaxed_repeat054,lo_A_model_1_unrelaxed_repeat052
2.71,0.1982406313690713,2.96,0.27609172036546725,lo_A_model_1_unrelaxed_repeat054,lo_A_model_1_unrelaxed_repeat090
2.7190000000000003,0.2504560281396188,2.74,0.32257485185623436,lo_A_model_1_unrelaxed_repeat054,lo_A_model_1_unrelaxed_repeat031
2.7190000000000003,0.22021521077299358,2.96,0.3113908068984808,lo_A_model_1_unrelaxed_repeat054,lo_A_model_1_unrelaxed_repeat095
2.734,0.22250593793815845,2.9,0.3099623402294463,lo_A_model_1_unrelaxed_repeat054,lo_A_model_1_unrelaxed_repeat071
2.7359999999999998,0.2686544440362548,2.92,0.3757083533935973,lo_A_model_1_unrelaxed_repeat054,lo_A_model_1_unrelaxed_repeat050
2.747,0.22176131725616036,2.92,0.3057032980485625,lo_A_model_1_unrelaxed_repeat054,lo_A_model_1_unrelaxed_repeat023
2.752,0.2322660540964839,2.88,0.31614469442196685,lo_A_model_1_unrelaxed_repeat054,lo_A_model_1_unrelaxed_repeat019
2.753,0.2234210092031677,2.96,0.30066921067666214,lo_A_model_1_unrelaxed_repeat054,lo_A_model_1_unrelaxed_repeat059
2.758,0.2392208645404358,2.88,0.3270890382032582,lo_A_model_1_unrelaxed_repeat054,lo_A_model_1_unrelaxed_repeat021
2.859,0.23700347811986977,2.9699999999999998,0.32321046881726434,lo_A_model_1_unrelaxed_repeat054,lo_A_model_1_unrelaxed_repeat012
2.87,0.24813413062518402,2.95,0.34639632630615136,lo_A_model_1_unrelaxed_repeat054,lo_A_model_1_unrelaxed_repeat073
2.873,0.26503017670382817,2.98,0.353618167374879,lo_A_model_1_unrelaxed_repeat054,lo_A_model_1_unrelaxed_repeat072
3.144,0.2372502249562136,3.04,0.3388224158326488,lo_A_model_1_unrelaxed_repeat054,lo_A_model_1_unrelaxed_repeat068
3.255,0.2421747096327233,2.9000000000000004,0.3461160753637121,lo_A_model_1_unrelaxed_repeat054,lo_A_model_1_unrelaxed_repeat083
1.984,0.2195717883590799,2.9699999999999998,0.3225066345482072,lo_A_model_1_unrelaxed_repeat072,lo_A_model_1_unrelaxed_repeat001
2.4139999999999997,0.2578770204066099,2.8099999999999996,0.3502042731094936,lo_A_model_1_unrelaxed_repeat072,lo_A_model_1_unrelaxed_repeat059
2.416,0.24632139176299167,2.8899999999999997,0.34967816799609386,lo_A_model_1_unrelaxed_repeat072,lo_A_model_1_unrelaxed_repeat076
2.431,0.22429280436228477,3.04,0.341473957307601,lo_A_model_1_unrelaxed_repeat072,lo_A_model_1_unrelaxed_repeat077
2.441,0.2646739322541576,2.99,0.3509812934949737,lo_A_model_1_unrelaxed_repeat072,lo_A_model_1_unrelaxed_repeat071
2.443,0.25931999112458076,2.9,0.36487005545490864,lo_A_model_1_unrelaxed_repeat072,lo_A_model_1_unrelaxed_repeat087
2.448,0.2636456361467557,2.95,0.3602363315828578,lo_A_model_1_unrelaxed_repeat072,lo_A_model_1_unrelaxed_repeat089
2.464,0.24774062073975828,2.95,0.3435892763810637,lo_A_model_1_unrelaxed_repeat072,lo_A_model_1_unrelaxed_repeat086
2.467,0.2679591245278646,2.8499999999999996,0.3529378438228026,lo_A_model_1_unrelaxed_repeat072,lo_A_model_1_unrelaxed_repeat043
2.472,0.23676751483283015,2.99,0.3389621878718435,lo_A_model_1_unrelaxed_repeat072,lo_A_model_1_unrelaxed_repeat010
2.484,0.25744555044692713,2.91,0.3439389771872509,lo_A_model_1_unrelaxed_repeat072,lo_A_model_1_unrelaxed_repeat060
2.4859999999999998,0.23140792994821602,3.0,0.3170044429992409,lo_A_model_1_unrelaxed_repeat072,lo_A_model_1_unrelaxed_repeat012
2.505,0.21186116597448593,3.0,0.30155476943659354,lo_A_model_1_unrelaxed_repeat072,lo_A_model_1_unrelaxed_repeat091
2.5060000000000002,0.26667919409057983,3.02,0.3627290455905364,lo_A_model_1_unrelaxed_repeat072,lo_A_model_1_unrelaxed_repeat003
2.513,0.25551624480467855,3.0,0.3519719230576311,lo_A_model_1_unrelaxed_repeat072,lo_A_model_1_unrelaxed_repeat048
2.5220000000000002,0.23656742060590594,3.0,0.35388891995666844,lo_A_model_1_unrelaxed_repeat072,lo_A_model_1_unrelaxed_repeat065
2.526,0.2100132484410065,2.83,0.320676145467381,lo_A_model_1_unrelaxed_repeat072,lo_A_model_1_unrelaxed_repeat050
2.526,0.23693662614055042,2.94,0.34974014469687265,lo_A_model_1_unrelaxed_repeat072,lo_A_model_1_unrelaxed_repeat088
2.5300000000000002,0.2566216076235294,3.0,0.35009322281901634,lo_A_model_1_unrelaxed_repeat072,lo_A_model_1_unrelaxed_repeat026
2.583,0.260275397780037,2.87,0.35934832130245137,lo_A_model_1_unrelaxed_repeat072,lo_A_model_1_unrelaxed_repeat024
2.585,0.26565581872044247,2.9699999999999998,0.36374856508032727,lo_A_model_1_unrelaxed_repeat072,lo_A_model_1_unrelaxed_repeat023
2.59,0.25855721343258975,2.99,0.3584421467017918,lo_A_model_1_unrelaxed_repeat072,lo_A_model_1_unrelaxed_repeat070
2.601,0.26660585751592664,2.86,0.34739484159334494,lo_A_model_1_unrelaxed_repeat072,lo_A_model_1_unrelaxed_repeat019
2.605,0.2429931046903155,2.95,0.3368305950851373,lo_A_model_1_unrelaxed_repeat072,lo_A_model_1_unrelaxed_repeat015
2.606,0.27293496686452445,2.86,0.37310210241553926,lo_A_model_1_unrelaxed_repeat072,lo_A_model_1_unrelaxed_repeat013
2.607,0.26128931120270493,3.04,0.3682784447609397,lo_A_model_1_unrelaxed_repeat072,lo_A_model_1_unrelaxed_repeat030
2.6100000000000003,0.242213441739067,2.96,0.34076418370836203,lo_A_model_1_unrelaxed_repeat072,lo_A_model_1_unrelaxed_repeat090
2.616,0.2616465175443035,2.91,0.3618938818053241,lo_A_model_1_unrelaxed_repeat072,lo_A_model_1_unrelaxed_repeat022
2.617,0.2589330352392244,2.95,0.3450075572973361,lo_A_model_1_unrelaxed_repeat072,lo_A_model_1_unrelaxed_repeat058
2.6180000000000003,0.25910212137108907,2.99,0.36612872491048554,lo_A_model_1_unrelaxed_repeat072,lo_A_model_1_unrelaxed_repeat036
2.625,0.24683906302063324,3.0300000000000002,0.34151145153677964,lo_A_model_1_unrelaxed_repeat072,lo_A_model_1_unrelaxed_repeat061
2.643,0.24772189688726529,2.99,0.35720421300064165,lo_A_model_1_unrelaxed_repeat072,lo_A_model_1_unrelaxed_repeat027
2.646,0.23151618006286578,2.98,0.3443120070895542,lo_A_model_1_unrelaxed_repeat072,lo_A_model_1_unrelaxed_repeat062
2.646,0.26143007829419684,2.95,0.3543625117017471,lo_A_model_1_unrelaxed_repeat072,lo_A_model_1_unrelaxed_repeat021
2.651,0.24405941254671296,2.99,0.3554266009593653,lo_A_model_1_unrelaxed_repeat072,lo_A_model_1_unrelaxed_repeat074
2.656,0.2507415999160675,2.9699999999999998,0.35244549289918564,lo_A_model_1_unrelaxed_repeat072,lo_A_model_1_unrelaxed_repeat084
2.657,0.24248611304868414,2.99,0.3423832152638628,lo_A_model_1_unrelaxed_repeat072,lo_A_model_1_unrelaxed_repeat063
2.657,0.2501990040565735,2.9299999999999997,0.3446083800813869,lo_A_model_1_unrelaxed_repeat072,lo_A_model_1_unrelaxed_repeat005
2.669,0.24961443056942412,2.9299999999999997,0.3492500446747191,lo_A_model_1_unrelaxed_repeat072,lo_A_model_1_unrelaxed_repeat069
2.67,0.24075473483653206,3.04,0.3406650904666648,lo_A_model_1_unrelaxed_repeat072,lo_A_model_1_unrelaxed_repeat056
2.67,0.24911027945565015,2.96,0.3487173718591284,lo_A_model_1_unrelaxed_repeat072,lo_A_model_1_unrelaxed_repeat025
2.677,0.24301715676788735,2.98,0.3482130142461865,lo_A_model_1_unrelaxed_repeat072,lo_A_model_1_unrelaxed_repeat093
2.678,0.2048127055362291,2.9,0.3062578135408019,lo_A_model_1_unrelaxed_repeat072,lo_A_model_1_unrelaxed_repeat068
2.681,0.2659750873056327,3.04,0.3824890995856742,lo_A_model_1_unrelaxed_repeat072,lo_A_model_1_unrelaxed_repeat096
2.683,0.24354509471894423,2.96,0.3439255001338897,lo_A_model_1_unrelaxed_repeat072,lo_A_model_1_unrelaxed_repeat080
2.686,0.24679660499006237,2.7,0.3473547699320735,lo_A_model_1_unrelaxed_repeat072,lo_A_model_1_unrelaxed_repeat085
2.6870000000000003,0.25915987299561166,2.99,0.3612032031062179,lo_A_model_1_unrelaxed_repeat072,lo_A_model_1_unrelaxed_repeat049
2.6870000000000003,0.2835453997251468,3.02,0.37630284884470505,lo_A_model_1_unrelaxed_repeat072,lo_A_model_1_unrelaxed_repeat100
2.6879999999999997,0.23336704252724141,2.99,0.3422403676391404,lo_A_model_1_unrelaxed_repeat072,lo_A_model_1_unrelaxed_repeat092
2.689,0.21619319500843273,2.84,0.3504544362311681,lo_A_model_1_unrelaxed_repeat072,lo_A_model_1_unrelaxed_repeat066
2.691,0.23322639446032126,2.88,0.3443840887326911,lo_A_model_1_unrelaxed_repeat072,lo_A_model_1_unrelaxed_repeat014
2.691,0.23620186560687018,2.98,0.33979447629858983,lo_A_model_1_unrelaxed_repeat072,lo_A_model_1_unrelaxed_repeat097
2.691,0.24529574337264434,2.88,0.3432302163300936,lo_A_model_1_unrelaxed_repeat072,lo_A_model_1_unrelaxed_repeat018
2.694,0.24460447709433342,2.99,0.36074715821504244,lo_A_model_1_unrelaxed_repeat072,lo_A_model_1_unrelaxed_repeat052
2.6959999999999997,0.24816438896122436,2.98,0.34610561785739097,lo_A_model_1_unrelaxed_repeat072,lo_A_model_1_unrelaxed_repeat029
2.698,0.24913811315764986,2.86,0.34778633698660977,lo_A_model_1_unrelaxed_repeat072,lo_A_model_1_unrelaxed_repeat081
2.701,0.2546815184158515,2.9699999999999998,0.35176709032669595,lo_A_model_1_unrelaxed_repeat072,lo_A_model_1_unrelaxed_repeat047
2.701,0.2434748405834549,2.96,0.33157995214398206,lo_A_model_1_unrelaxed_repeat072,lo_A_model_1_unrelaxed_repeat094
2.702,0.2579869034393197,2.9299999999999997,0.36173532638094846,lo_A_model_1_unrelaxed_repeat072,lo_A_model_1_unrelaxed_repeat099
2.7030000000000003,0.24412822916385174,2.98,0.34142862359086573,lo_A_model_1_unrelaxed_repeat072,lo_A_model_1_unrelaxed_repeat011
2.707,0.27323280383766146,2.99,0.36849626766724847,lo_A_model_1_unrelaxed_repeat072,lo_A_model_1_unrelaxed_repeat051
2.708,0.25834936255591423,2.9,0.3614653059174203,lo_A_model_1_unrelaxed_repeat072,lo_A_model_1_unrelaxed_repeat055
2.709,0.21356606694399854,3.0,0.3380371685551008,lo_A_model_1_unrelaxed_repeat072,lo_A_model_1_unrelaxed_repeat073
2.709,0.26960730304292063,2.99,0.3578857403520757,lo_A_model_1_unrelaxed_repeat072,lo_A_model_1_unrelaxed_repeat053
2.7119999999999997,0.24163683659811575,3.0,0.3478959853104602,lo_A_model_1_unrelaxed_repeat072,lo_A_model_1_unrelaxed_repeat095
2.714,0.28343430330827196,3.0,0.3724841404771619,lo_A_model_1_unrelaxed_repeat072,lo_A_model_1_unrelaxed_repeat017
2.717,0.22126958162823507,3.0,0.3351142268904405,lo_A_model_1_unrelaxed_repeat072,lo_A_model_1_unrelaxed_repeat045
2.718,0.2784782076935804,2.9,0.3638267049635516,lo_A_model_1_unrelaxed_repeat072,lo_A_model_1_unrelaxed_repeat031
2.7199999999999998,0.24228671932934387,2.9699999999999998,0.34326943583633995,lo_A_model_1_unrelaxed_repeat072,lo_A_model_1_unrelaxed_repeat098
2.721,0.2461249354170533,2.95,0.3342249163463488,lo_A_model_1_unrelaxed_repeat072,lo_A_model_1_unrelaxed_repeat002
2.723,0.23166398388747259,2.88,0.33520066375014945,lo_A_model_1_unrelaxed_repeat072,lo_A_model_1_unrelaxed_repeat078
2.725,0.2333273624823623,2.99,0.3473703378891287,lo_A_model_1_unrelaxed_repeat072,lo_A_model_1_unrelaxed_repeat008
2.7279999999999998,0.2691430240262122,2.96,0.36187190171039313,lo_A_model_1_unrelaxed_repeat072,lo_A_model_1_unrelaxed_repeat035
2.731,0.24235028031570072,3.01,0.3349767356814239,lo_A_model_1_unrelaxed_repeat072,lo_A_model_1_unrelaxed_repeat037
2.733,0.21898561171958375,2.9,0.31898941820542986,lo_A_model_1_unrelaxed_repeat072,lo_A_model_1_unrelaxed_repeat083
2.7350000000000003,0.24696889635210975,2.95,0.34670342052332725,lo_A_model_1_unrelaxed_repeat072,lo_A_model_1_unrelaxed_repeat007
2.746,0.2335363067722656,2.96,0.36443948378167784,lo_A_model_1_unrelaxed_repeat072,lo_A_model_1_unrelaxed_repeat004
2.75,0.2530633072614782,2.9,0.3502211849641752,lo_A_model_1_unrelaxed_repeat072,lo_A_model_1_unrelaxed_repeat034
2.7510000000000003,0.2712177666877593,3.0,0.35732970873399245,lo_A_model_1_unrelaxed_repeat072,lo_A_model_1_unrelaxed_repeat046
2.757,0.23879698370740354,2.8499999999999996,0.3517798196142578,lo_A_model_1_unrelaxed_repeat072,lo_A_model_1_unrelaxed_repeat057
2.76,0.23525615661968935,3.01,0.3376130552974753,lo_A_model_1_unrelaxed_repeat072,lo_A_model_1_unrelaxed_repeat016
2.761,0.23936625673659928,2.9299999999999997,0.3465796083047932,lo_A_model_1_unrelaxed_repeat072,lo_A_model_1_unrelaxed_repeat020
2.763,0.2540175238680311,2.9299999999999997,0.3599444799025307,lo_A_model_1_unrelaxed_repeat072,lo_A_model_1_unrelaxed_repeat079
2.768,0.2641812958586301,2.99,0.37636773938577367,lo_A_model_1_unrelaxed_repeat072,lo_A_model_1_unrelaxed_repeat064
2.787,0.25012429356573834,3.04,0.34166105232834426,lo_A_model_1_unrelaxed_repeat072,lo_A_model_1_unrelaxed_repeat075
2.7990000000000004,0.2448920903345811,2.95,0.34357516102484403,lo_A_model_1_unrelaxed_repeat072,lo_A_model_1_unrelaxed_repeat038
2.893,0.254387453578024,3.02,0.3515707243911629,lo_A_model_1_unrelaxed_repeat072,lo_A_model_1_unrelaxed_repeat033
2.96,0.23438631464343565,2.8499999999999996,0.3217006845999912,lo_A_model_1_unrelaxed_repeat072,lo_A_model_1_unrelaxed_repeat040
3.034,0.2692798327505799,2.9299999999999997,0.34256918727268737,lo_A_model_1_unrelaxed_repeat072,lo_A_model_1_unrelaxed_repeat009
3.0580000000000003,0.2306045243226038,2.95,0.32678850899891493,lo_A_model_1_unrelaxed_repeat072,lo_A_model_1_unrelaxed_repeat067
3.0890000000000004,0.2506939216379385,2.92,0.3589128793114317,lo_A_model_1_unrelaxed_repeat072,lo_A_model_1_unrelaxed_repeat032
3.4370000000000003,0.24767102239905772,2.99,0.35839648443759126,lo_A_model_1_unrelaxed_repeat072,lo_A_model_1_unrelaxed_repeat028
2.048,0.22374332703982433,2.9699999999999998,0.32449185542108894,lo_A_model_1_unrelaxed_repeat028,lo_A_model_1_unrelaxed_repeat080
2.099,0.2304069187583807,3.0,0.3425179422636604,lo_A_model_1_unrelaxed_repeat028,lo_A_model_1_unrelaxed_repeat027
2.185,0.2308606916331682,2.87,0.34298179149773905,lo_A_model_1_unrelaxed_repeat028,lo_A_model_1_unrelaxed_repeat025
2.213,0.22786252223980982,3.0300000000000002,0.3389222588853589,lo_A_model_1_unrelaxed_repeat028,lo_A_model_1_unrelaxed_repeat020
2.2169999999999996,0.20981608405297422,2.8600000000000003,0.3227613778165137,lo_A_model_1_unrelaxed_repeat028,lo_A_model_1_unrelaxed_repeat063
2.237,0.22795959848353073,2.91,0.3414471013684318,lo_A_model_1_unrelaxed_repeat028,lo_A_model_1_unrelaxed_repeat046
2.278,0.21346442949808805,2.84,0.33332250340060676,lo_A_model_1_unrelaxed_repeat028,lo_A_model_1_unrelaxed_repeat008
2.298,0.22740146131144545,3.05,0.3422388627827873,lo_A_model_1_unrelaxed_repeat028,lo_A_model_1_unrelaxed_repeat097
2.306,0.22616026639182357,2.98,0.35069458974864437,lo_A_model_1_unrelaxed_repeat028,lo_A_model_1_unrelaxed_repeat093
2.311,0.20964200154689758,2.87,0.33936956615472424,lo_A_model_1_unrelaxed_repeat028,lo_A_model_1_unrelaxed_repeat048
2.312,0.24247588438118495,2.87,0.34344101537869504,lo_A_model_1_unrelaxed_repeat028,lo_A_model_1_unrelaxed_repeat036
2.319,0.2448285184235619,3.04,0.3559585579710747,lo_A_model_1_unrelaxed_repeat028,lo_A_model_1_unrelaxed_repeat016
2.327,0.2262324389915699,2.91,0.32076080873988033,lo_A_model_1_unrelaxed_repeat028,lo_A_model_1_unrelaxed_repeat033
2.33,0.23068644655407958,2.98,0.3426018848490853,lo_A_model_1_unrelaxed_repeat028,lo_A_model_1_unrelaxed_repeat074
2.346,0.22145028215789467,3.1100000000000003,0.3357589144623201,lo_A_model_1_unrelaxed_repeat028,lo_A_model_1_unrelaxed_repeat088
2.348,0.21857744851981098,2.96,0.3103886068584429,lo_A_model_1_unrelaxed_repeat028,lo_A_model_1_unrelaxed_repeat026
2.3499999999999996,0.2571533573826359,3.0300000000000002,0.37004770987301133,lo_A_model_1_unrelaxed_repeat028,lo_A_model_1_unrelaxed_repeat034
2.359,0.2324919559578817,2.98,0.3583656671042643,lo_A_model_1_unrelaxed_repeat028,lo_A_model_1_unrelaxed_repeat049
2.363,0.23649738873483936,2.62,0.3462916977262999,lo_A_model_1_unrelaxed_repeat028,lo_A_model_1_unrelaxed_repeat084
2.367,0.20933813814046032,2.75,0.3265296784387103,lo_A_model_1_unrelaxed_repeat028,lo_A_model_1_unrelaxed_repeat061
2.3819999999999997,0.2528991096398964,2.88,0.35487489987834075,lo_A_model_1_unrelaxed_repeat028,lo_A_model_1_unrelaxed_repeat021
2.383,0.23039445369158848,2.87,0.3571907157796782,lo_A_model_1_unrelaxed_repeat028,lo_A_model_1_unrelaxed_repeat011
2.395,0.23435550804020797,2.9699999999999998,0.3444839394650442,lo_A_model_1_unrelaxed_repeat028,lo_A_model_1_unrelaxed_repeat015
2.395,0.23905671147629345,2.73,0.3444252952050853,lo_A_model_1_unrelaxed_repeat028,lo_A_model_1_unrelaxed_repeat029
2.396,0.2321088898918129,3.01,0.34156050201671634,lo_A_model_1_unrelaxed_repeat028,lo_A_model_1_unrelaxed_repeat081
2.403,0.23861686267545262,3.04,0.3545251312241882,lo_A_model_1_unrelaxed_repeat028,lo_A_model_1_unrelaxed_repeat002
2.4050000000000002,0.2568592050443645,3.01,0.35458964979605545,lo_A_model_1_unrelaxed_repeat028,lo_A_model_1_unrelaxed_repeat003
2.4050000000000002,0.22196518821259933,2.99,0.33387391073421063,lo_A_model_1_unrelaxed_repeat028,lo_A_model_1_unrelaxed_repeat065
2.406,0.22606727890668893,2.83,0.3330513542653273,lo_A_model_1_unrelaxed_repeat028,lo_A_model_1_unrelaxed_repeat079
2.4130000000000003,0.21081361225741235,2.8499999999999996,0.2984201606371093,lo_A_model_1_unrelaxed_repeat028,lo_A_model_1_unrelaxed_repeat099
2.4210000000000003,0.23424102439737068,2.8,0.3494097209234778,lo_A_model_1_unrelaxed_repeat028,lo_A_model_1_unrelaxed_repeat035
2.4219999999999997,0.2588522377203224,2.9699999999999998,0.375224682332812,lo_A_model_1_unrelaxed_repeat028,lo_A_model_1_unrelaxed_repeat066
2.426,0.24948806640593044,3.0300000000000002,0.368650983893449,lo_A_model_1_unrelaxed_repeat028,lo_A_model_1_unrelaxed_repeat058
2.428,0.24796667481111503,2.7199999999999998,0.3654451887492451,lo_A_model_1_unrelaxed_repeat028,lo_A_model_1_unrelaxed_repeat024
2.436,0.28249042015990083,2.87,0.37867153526056735,lo_A_model_1_unrelaxed_repeat028,lo_A_model_1_unrelaxed_repeat017
2.441,0.2448714403878014,2.91,0.3501002513280609,lo_A_model_1_unrelaxed_repeat028,lo_A_model_1_unrelaxed_repeat051
2.445,0.22751374999715565,2.89,0.33260991600247874,lo_A_model_1_unrelaxed_repeat028,lo_A_model_1_unrelaxed_repeat070
2.458,0.20718876619034937,2.9,0.3121889123981191,lo_A_model_1_unrelaxed_repeat028,lo_A_model_1_unrelaxed_repeat045
2.4619999999999997,0.23725959114616224,2.98,0.3617257950255115,lo_A_model_1_unrelaxed_repeat028,lo_A_model_1_unrelaxed_repeat022
2.464,0.2316918566805368,3.01,0.3495459961628461,lo_A_model_1_unrelaxed_repeat028,lo_A_model_1_unrelaxed_repeat007
2.4699999999999998,0.23191262414118705,2.98,0.33298734547436754,lo_A_model_1_unrelaxed_repeat028,lo_A_model_1_unrelaxed_repeat010
2.473,0.2364463632402844,2.86,0.345517132278763,lo_A_model_1_unrelaxed_repeat028,lo_A_model_1_unrelaxed_repeat053
2.4859999999999998,0.2117016228330746,2.86,0.3237288556183133,lo_A_model_1_unrelaxed_repeat028,lo_A_model_1_unrelaxed_repeat092
2.49,0.2389373116797217,2.9,0.34791432520435756,lo_A_model_1_unrelaxed_repeat028,lo_A_model_1_unrelaxed_repeat055
2.49,0.24183766176817723,3.01,0.35960950845241124,lo_A_model_1_unrelaxed_repeat028,lo_A_model_1_unrelaxed_repeat060
2.501,0.2287401315522628,2.95,0.3454880233075049,lo_A_model_1_unrelaxed_repeat028,lo_A_model_1_unrelaxed_repeat014
2.508,0.24690068665376397,3.04,0.3436266230665407,lo_A_model_1_unrelaxed_repeat028,lo_A_model_1_unrelaxed_repeat075
2.51,0.2376530561707468,2.9299999999999997,0.3601882753578929,lo_A_model_1_unrelaxed_repeat028,lo_A_model_1_unrelaxed_repeat073
2.513,0.22270319425745774,2.87,0.3448158057777559,lo_A_model_1_unrelaxed_repeat028,lo_A_model_1_unrelaxed_repeat078
2.513,0.23380517426607744,2.8,0.3245464316027746,lo_A_model_1_unrelaxed_repeat028,lo_A_model_1_unrelaxed_repeat077
2.5140000000000002,0.24646181572292705,2.79,0.34475813088684276,lo_A_model_1_unrelaxed_repeat028,lo_A_model_1_unrelaxed_repeat096
2.521,0.23012144271603854,2.91,0.34765175873350723,lo_A_model_1_unrelaxed_repeat028,lo_A_model_1_unrelaxed_repeat057
2.5250000000000004,0.25320136405285426,2.9299999999999997,0.3494171726103648,lo_A_model_1_unrelaxed_repeat028,lo_A_model_1_unrelaxed_repeat089
2.531,0.2573907162850999,2.92,0.3767947039530129,lo_A_model_1_unrelaxed_repeat028,lo_A_model_1_unrelaxed_repeat087
2.536,0.19567388492533683,2.7800000000000002,0.31242880734121237,lo_A_model_1_unrelaxed_repeat028,lo_A_model_1_unrelaxed_repeat056
2.5380000000000003,0.2161774809974778,3.05,0.31692387716908543,lo_A_model_1_unrelaxed_repeat028,lo_A_model_1_unrelaxed_repeat062
2.543,0.22831842959620258,2.96,0.342149102853845,lo_A_model_1_unrelaxed_repeat028,lo_A_model_1_unrelaxed_repeat001
2.545,0.22695228365406236,2.87,0.3439542006308639,lo_A_model_1_unrelaxed_repeat028,lo_A_model_1_unrelaxed_repeat094
2.5460000000000003,0.23788646081764164,2.94,0.3402260882563034,lo_A_model_1_unrelaxed_repeat028,lo_A_model_1_unrelaxed_repeat047
2.5570000000000004,0.2853140984317959,3.0300000000000002,0.386821647693693,lo_A_model_1_unrelaxed_repeat028,lo_A_model_1_unrelaxed_repeat100
2.565,0.218996652073625,2.91,0.3417961476974686,lo_A_model_1_unrelaxed_repeat028,lo_A_model_1_unrelaxed_repeat032
2.568,0.2613303206302068,3.0300000000000002,0.373550876736663,lo_A_model_1_unrelaxed_repeat028,lo_A_model_1_unrelaxed_repeat013
2.576,0.22884864462330284,2.95,0.336885253194233,lo_A_model_1_unrelaxed_repeat028,lo_A_model_1_unrelaxed_repeat005
2.6100000000000003,0.24782134584487722,3.0300000000000002,0.3614283775563345,lo_A_model_1_unrelaxed_repeat028,lo_A_model_1_unrelaxed_repeat030
2.612,0.23655896499580303,2.99,0.33411343622930767,lo_A_model_1_unrelaxed_repeat028,lo_A_model_1_unrelaxed_repeat091
2.638,0.2234446608269582,2.92,0.3362989677476791,lo_A_model_1_unrelaxed_repeat028,lo_A_model_1_unrelaxed_repeat076
2.643,0.2257384074815433,3.0,0.3145446103084678,lo_A_model_1_unrelaxed_repeat028,lo_A_model_1_unrelaxed_repeat037
2.644,0.24928085177469297,2.96,0.34847844209732803,lo_A_model_1_unrelaxed_repeat028,lo_A_model_1_unrelaxed_repeat009
2.657,0.24838993872440485,2.88,0.3529094280090607,lo_A_model_1_unrelaxed_repeat028,lo_A_model_1_unrelaxed_repeat043
2.67,0.20959119074739932,2.95,0.3138898050720716,lo_A_model_1_unrelaxed_repeat028,lo_A_model_1_unrelaxed_repeat098
2.677,0.24286724209294094,2.95,0.35290496882917427,lo_A_model_1_unrelaxed_repeat028,lo_A_model_1_unrelaxed_repeat012
2.68,0.23636287782624865,2.95,0.34233628857868026,lo_A_model_1_unrelaxed_repeat028,lo_A_model_1_unrelaxed_repeat004
2.683,0.21936270093993274,2.9,0.3276058293119059,lo_A_model_1_unrelaxed_repeat028,lo_A_model_1_unrelaxed_repeat018
2.683,0.23685995029025514,3.1999999999999997,0.3572875880867657,lo_A_model_1_unrelaxed_repeat028,lo_A_model_1_unrelaxed_repeat086
2.685,0.23238432844907325,2.91,0.33577855636227344,lo_A_model_1_unrelaxed_repeat028,lo_A_model_1_unrelaxed_repeat052
2.6870000000000003,0.24579595850803593,2.91,0.343964224443051,lo_A_model_1_unrelaxed_repeat028,lo_A_model_1_unrelaxed_repeat038
2.7060000000000004,0.23016087674613459,2.73,0.3511659304796149,lo_A_model_1_unrelaxed_repeat028,lo_A_model_1_unrelaxed_repeat090
2.709,0.25716025909052875,2.89,0.3653582324984116,lo_A_model_1_unrelaxed_repeat028,lo_A_model_1_unrelaxed_repeat031
2.715,0.2323872982033172,2.98,0.3332075012852089,lo_A_model_1_unrelaxed_repeat028,lo_A_model_1_unrelaxed_repeat095
2.73,0.2658588371977993,3.04,0.3652866865576294,lo_A_model_1_unrelaxed_repeat028,lo_A_model_1_unrelaxed_repeat071
2.7430000000000003,0.2455587823591437,2.95,0.3426828010652457,lo_A_model_1_unrelaxed_repeat028,lo_A_model_1_unrelaxed_repeat023
2.748,0.26792655186822056,2.9299999999999997,0.36734744967670196,lo_A_model_1_unrelaxed_repeat028,lo_A_model_1_unrelaxed_repeat019
2.749,0.24860407532076867,2.7800000000000002,0.36409234157047554,lo_A_model_1_unrelaxed_repeat028,lo_A_model_1_unrelaxed_repeat059
2.7889999999999997,0.248876672838701,2.94,0.3498288974780808,lo_A_model_1_unrelaxed_repeat028,lo_A_model_1_unrelaxed_repeat064
2.891,0.22556276783139467,2.83,0.33238768580782435,lo_A_model_1_unrelaxed_repeat028,lo_A_model_1_unrelaxed_repeat085
2.9080000000000004,0.23625654928815215,2.85,0.3506956911784899,lo_A_model_1_unrelaxed_repeat028,lo_A_model_1_unrelaxed_repeat069
2.922,0.20983934586478625,3.42,0.3153683497028158,lo_A_model_1_unrelaxed_repeat028,lo_A_model_1_unrelaxed_repeat040
3.011,0.2138956753718396,3.02,0.3171574391398012,lo_A_model_1_unrelaxed_repeat028,lo_A_model_1_unrelaxed_repeat068
3.0309999999999997,0.23857515708765478,2.98,0.3611178004589327,lo_A_model_1_unrelaxed_repeat028,lo_A_model_1_unrelaxed_repeat083
3.717,0.2728859786937909,2.88,0.3760583539170309,lo_A_model_1_unrelaxed_repeat028,lo_A_model_1_unrelaxed_repeat050
3.853,0.2182729742163411,2.86,0.3003606320725114,lo_A_model_1_unrelaxed_repeat028,lo_A_model_1_unrelaxed_repeat067
1.6360000000000001,0.15298251276914515,2.58,0.20349246804084967,lo_A_model_1_unrelaxed_repeat063,lo_A_model_1_unrelaxed_repeat061
1.718,0.12989526318977776,2.66,0.20891038252228636,lo_A_model_1_unrelaxed_repeat063,lo_A_model_1_unrelaxed_repeat048
1.737,0.1849036086509174,2.86,0.2542690159554723,lo_A_model_1_unrelaxed_repeat063,lo_A_model_1_unrelaxed_repeat079
1.7449999999999999,0.16786520667152163,2.81,0.24509587625065968,lo_A_model_1_unrelaxed_repeat063,lo_A_model_1_unrelaxed_repeat078
1.778,0.13406385961524314,2.77,0.1976022217849875,lo_A_model_1_unrelaxed_repeat063,lo_A_model_1_unrelaxed_repeat056
1.795,0.19004535562858219,2.81,0.24470133031648036,lo_A_model_1_unrelaxed_repeat063,lo_A_model_1_unrelaxed_repeat077
1.832,0.1528634845910434,2.9,0.2434116126269647,lo_A_model_1_unrelaxed_repeat063,lo_A_model_1_unrelaxed_repeat088
1.851,0.14219017972525538,2.8099999999999996,0.21648426348726868,lo_A_model_1_unrelaxed_repeat063,lo_A_model_1_unrelaxed_repeat097
1.878,0.16219511466670428,2.54,0.2334477544917775,lo_A_model_1_unrelaxed_repeat063,lo_A_model_1_unrelaxed_repeat049
1.9240000000000002,0.1719030926059692,2.8899999999999997,0.23018055984108513,lo_A_model_1_unrelaxed_repeat063,lo_A_model_1_unrelaxed_repeat010
1.9789999999999999,0.17774801649432856,3.04,0.2547366448433307,lo_A_model_1_unrelaxed_repeat063,lo_A_model_1_unrelaxed_repeat020
2.019,0.17663480102392362,2.75,0.24984573208808736,lo_A_model_1_unrelaxed_repeat063,lo_A_model_1_unrelaxed_repeat065
2.032,0.16429403837129655,2.65,0.237632577257334,lo_A_model_1_unrelaxed_repeat063,lo_A_model_1_unrelaxed_repeat008
2.055,0.17966419638338824,2.54,0.22100194523966046,lo_A_model_1_unrelaxed_repeat063,lo_A_model_1_unrelaxed_repeat015
2.081,0.18921232935355756,2.7800000000000002,0.2413472557417574,lo_A_model_1_unrelaxed_repeat063,lo_A_model_1_unrelaxed_repeat002
2.1420000000000003,0.19910142705327225,2.94,0.3058432373568359,lo_A_model_1_unrelaxed_repeat063,lo_A_model_1_unrelaxed_repeat074
2.182,0.19485329942694823,2.9699999999999998,0.27376759877713847,lo_A_model_1_unrelaxed_repeat063,lo_A_model_1_unrelaxed_repeat070
2.186,0.18753893939960892,2.69,0.24408551703868064,lo_A_model_1_unrelaxed_repeat063,lo_A_model_1_unrelaxed_repeat007
2.214,0.19397730203632918,2.8600000000000003,0.26438564844101065,lo_A_model_1_unrelaxed_repeat063,lo_A_model_1_unrelaxed_repeat069
2.232,0.20026271800606316,2.8499999999999996,0.27738039864198555,lo_A_model_1_unrelaxed_repeat063,lo_A_model_1_unrelaxed_repeat084
2.251,0.1651460280677444,2.58,0.23790934905778446,lo_A_model_1_unrelaxed_repeat063,lo_A_model_1_unrelaxed_repeat011
2.263,0.18909768955374273,2.88,0.26478657694541863,lo_A_model_1_unrelaxed_repeat063,lo_A_model_1_unrelaxed_repeat018
2.292,0.1746573403903124,2.83,0.23611253106252034,lo_A_model_1_unrelaxed_repeat063,lo_A_model_1_unrelaxed_repeat014
2.308,0.18336462575963608,2.75,0.25185537553520665,lo_A_model_1_unrelaxed_repeat063,lo_A_model_1_unrelaxed_repeat027
2.3369999999999997,0.16663076723526615,2.92,0.2282944789054533,lo_A_model_1_unrelaxed_repeat063,lo_A_model_1_unrelaxed_repeat098
2.3499999999999996,0.1896183109898961,2.8499999999999996,0.2311913537744996,lo_A_model_1_unrelaxed_repeat063,lo_A_model_1_unrelaxed_repeat001
2.378,0.19408698402434948,2.8200000000000003,0.2502999059497525,lo_A_model_1_unrelaxed_repeat063,lo_A_model_1_unrelaxed_repeat075
2.382,0.18665324778050343,2.7199999999999998,0.26183347152289027,lo_A_model_1_unrelaxed_repeat063,lo_A_model_1_unrelaxed_repeat016
2.386,0.1798324534166728,2.6799999999999997,0.24609516983887705,lo_A_model_1_unrelaxed_repeat063,lo_A_model_1_unrelaxed_repeat057
2.391,0.19568327303998034,2.7,0.26319403787638634,lo_A_model_1_unrelaxed_repeat063,lo_A_model_1_unrelaxed_repeat081
2.391,0.1984895495676124,2.8,0.26904823506148406,lo_A_model_1_unrelaxed_repeat063,lo_A_model_1_unrelaxed_repeat058
2.391,0.17915212483821852,2.94,0.24156126654238716,lo_A_model_1_unrelaxed_repeat063,lo_A_model_1_unrelaxed_repeat094
2.3920000000000003,0.20087488614944074,2.94,0.261049055623766,lo_A_model_1_unrelaxed_repeat063,lo_A_model_1_unrelaxed_repeat080
2.3930000000000002,0.18714352818909213,2.66,0.25709230263543864,lo_A_model_1_unrelaxed_repeat063,lo_A_model_1_unrelaxed_repeat029
2.394,0.20225544550407415,2.77,0.2710431288234465,lo_A_model_1_unrelaxed_repeat063,lo_A_model_1_unrelaxed_repeat003
2.395,0.21066834650097177,2.8899999999999997,0.2631800680365651,lo_A_model_1_unrelaxed_repeat063,lo_A_model_1_unrelaxed_repeat034
2.396,0.21047629411947108,2.94,0.2843617454739372,lo_A_model_1_unrelaxed_repeat063,lo_A_model_1_unrelaxed_repeat021
2.4,0.2055775944828666,2.95,0.27388050191207636,lo_A_model_1_unrelaxed_repeat063,lo_A_model_1_unrelaxed_repeat055
2.41,0.20052494555822772,2.92,0.2606908396491275,lo_A_model_1_unrelaxed_repeat063,lo_A_model_1_unrelaxed_repeat047
2.412,0.20875207656613237,2.99,0.2908090436299024,lo_A_model_1_unrelaxed_repeat063,lo_A_model_1_unrelaxed_repeat004
2.415,0.223383129630954,2.81,0.31762684037748307,lo_A_model_1_unrelaxed_repeat063,lo_A_model_1_unrelaxed_repeat091
2.419,0.21859463466917856,2.96,0.28310540356534525,lo_A_model_1_unrelaxed_repeat063,lo_A_model_1_unrelaxed_repeat009
2.426,0.20853251411245224,2.67,0.27977990532207897,lo_A_model_1_unrelaxed_repeat063,lo_A_model_1_unrelaxed_repeat024
2.43,0.1901791949195745,2.83,0.24733041038804382,lo_A_model_1_unrelaxed_repeat063,lo_A_model_1_unrelaxed_repeat053
2.432,0.21884267969236626,3.02,0.29250044324581553,lo_A_model_1_unrelaxed_repeat063,lo_A_model_1_unrelaxed_repeat096
2.439,0.19492979257757076,3.02,0.23247865131884085,lo_A_model_1_unrelaxed_repeat063,lo_A_model_1_unrelaxed_repeat051
2.44,0.2244158980085189,2.94,0.33237524685365794,lo_A_model_1_unrelaxed_repeat063,lo_A_model_1_unrelaxed_repeat085
2.465,0.2561858996208042,2.94,0.3086331489015047,lo_A_model_1_unrelaxed_repeat063,lo_A_model_1_unrelaxed_repeat017
2.4749999999999996,0.1940130572424022,3.0300000000000002,0.2916728427713153,lo_A_model_1_unrelaxed_repeat063,lo_A_model_1_unrelaxed_repeat045
2.4779999999999998,0.1977486801129382,2.88,0.2746493147011445,lo_A_model_1_unrelaxed_repeat063,lo_A_model_1_unrelaxed_repeat022
2.483,0.17703924865716356,2.6399999999999997,0.23933019313237153,lo_A_model_1_unrelaxed_repeat063,lo_A_model_1_unrelaxed_repeat062
2.495,0.187139328264047,2.84,0.26552509587214407,lo_A_model_1_unrelaxed_repeat063,lo_A_model_1_unrelaxed_repeat046
2.513,0.2125772225250878,3.01,0.2996267110111498,lo_A_model_1_unrelaxed_repeat063,lo_A_model_1_unrelaxed_repeat068
2.513,0.23496566942491312,2.87,0.3173617099393408,lo_A_model_1_unrelaxed_repeat063,lo_A_model_1_unrelaxed_repeat040
2.5140000000000002,0.18799041387303372,2.81,0.2377515684439704,lo_A_model_1_unrelaxed_repeat063,lo_A_model_1_unrelaxed_repeat005
2.5300000000000002,0.19313610061805028,2.83,0.26792008716114385,lo_A_model_1_unrelaxed_repeat063,lo_A_model_1_unrelaxed_repeat026
2.5309999999999997,0.19906585994372794,2.74,0.2605645900336405,lo_A_model_1_unrelaxed_repeat063,lo_A_model_1_unrelaxed_repeat060
2.537,0.16418488305140555,2.86,0.23080037389357377,lo_A_model_1_unrelaxed_repeat063,lo_A_model_1_unrelaxed_repeat032
2.542,0.23086056025935178,2.9299999999999997,0.3334931519588273,lo_A_model_1_unrelaxed_repeat063,lo_A_model_1_unrelaxed_repeat093
2.545,0.2487965420043147,2.8600000000000003,0.30127578039267616,lo_A_model_1_unrelaxed_repeat063,lo_A_model_1_unrelaxed_repeat100
2.566,0.21676523629977498,2.88,0.2856524795197724,lo_A_model_1_unrelaxed_repeat063,lo_A_model_1_unrelaxed_repeat089
2.5700000000000003,0.19533925589267473,2.81,0.26575936494736097,lo_A_model_1_unrelaxed_repeat063,lo_A_model_1_unrelaxed_repeat036
2.572,0.2575703884516873,2.9299999999999997,0.35391685290428165,lo_A_model_1_unrelaxed_repeat063,lo_A_model_1_unrelaxed_repeat087
2.575,0.21096164789188326,2.95,0.27027866719353594,lo_A_model_1_unrelaxed_repeat063,lo_A_model_1_unrelaxed_repeat035
2.583,0.19146572959151578,2.98,0.2630758959665948,lo_A_model_1_unrelaxed_repeat063,lo_A_model_1_unrelaxed_repeat092
2.5869999999999997,0.19879236045458915,2.99,0.2774115487537861,lo_A_model_1_unrelaxed_repeat063,lo_A_model_1_unrelaxed_repeat099
2.606,0.22779881694475634,2.76,0.3074624091612019,lo_A_model_1_unrelaxed_repeat063,lo_A_model_1_unrelaxed_repeat013
2.607,0.20554643666378367,2.98,0.28492631379331307,lo_A_model_1_unrelaxed_repeat063,lo_A_model_1_unrelaxed_repeat030
2.609,0.2395399614532974,3.04,0.35690483136996304,lo_A_model_1_unrelaxed_repeat063,lo_A_model_1_unrelaxed_repeat066
2.6109999999999998,0.2154601291165322,2.81,0.2857904731856231,lo_A_model_1_unrelaxed_repeat063,lo_A_model_1_unrelaxed_repeat064
2.62,0.18635079676879904,3.01,0.2559520363687622,lo_A_model_1_unrelaxed_repeat063,lo_A_model_1_unrelaxed_repeat037
2.6239999999999997,0.23097752648175113,2.9299999999999997,0.3340207646908126,lo_A_model_1_unrelaxed_repeat063,lo_A_model_1_unrelaxed_repeat083
2.63,0.17997522321924844,3.01,0.2448794044969505,lo_A_model_1_unrelaxed_repeat063,lo_A_model_1_unrelaxed_repeat033
2.6550000000000002,0.22346954486488155,2.92,0.32137481849517086,lo_A_model_1_unrelaxed_repeat063,lo_A_model_1_unrelaxed_repeat073
2.676,0.19045872866516156,2.85,0.24605540392882067,lo_A_model_1_unrelaxed_repeat063,lo_A_model_1_unrelaxed_repeat025
2.6790000000000003,0.1668365531868124,2.77,0.2359529426181966,lo_A_model_1_unrelaxed_repeat063,lo_A_model_1_unrelaxed_repeat076
2.693,0.23146264170798225,3.0300000000000002,0.3300002601117456,lo_A_model_1_unrelaxed_repeat063,lo_A_model_1_unrelaxed_repeat052
2.698,0.23084925377511287,2.79,0.29314412222463165,lo_A_model_1_unrelaxed_repeat063,lo_A_model_1_unrelaxed_repeat043
2.711,0.20675775462775864,2.92,0.29605725773393643,lo_A_model_1_unrelaxed_repeat063,lo_A_model_1_unrelaxed_repeat067
2.717,0.21881871240464404,2.75,0.2887804260642079,lo_A_model_1_unrelaxed_repeat063,lo_A_model_1_unrelaxed_repeat031
2.718,0.24680496606277497,2.99,0.3207716465231328,lo_A_model_1_unrelaxed_repeat063,lo_A_model_1_unrelaxed_repeat012
2.724,0.19692494884918996,2.91,0.2558509602815027,lo_A_model_1_unrelaxed_repeat063,lo_A_model_1_unrelaxed_repeat086
2.7279999999999998,0.17977675235328755,2.8499999999999996,0.2581990005621115,lo_A_model_1_unrelaxed_repeat063,lo_A_model_1_unrelaxed_repeat038
2.747,0.1906682143258816,2.9,0.2690340906224048,lo_A_model_1_unrelaxed_repeat063,lo_A_model_1_unrelaxed_repeat090
2.7560000000000002,0.2222695253898391,2.8899999999999997,0.28649262774297174,lo_A_model_1_unrelaxed_repeat063,lo_A_model_1_unrelaxed_repeat095
2.771,0.23539083014946638,2.98,0.29709417686731804,lo_A_model_1_unrelaxed_repeat063,lo_A_model_1_unrelaxed_repeat071
2.7729999999999997,0.24931687669941854,2.9299999999999997,0.3533926314049721,lo_A_model_1_unrelaxed_repeat063,lo_A_model_1_unrelaxed_repeat050
2.784,0.20965772297042742,2.92,0.27268610345182015,lo_A_model_1_unrelaxed_repeat063,lo_A_model_1_unrelaxed_repeat023
2.7889999999999997,0.2347865880262847,2.8,0.3035016904544796,lo_A_model_1_unrelaxed_repeat063,lo_A_model_1_unrelaxed_repeat019
2.79,0.21135130867714588,2.8600000000000003,0.2890759784488603,lo_A_model_1_unrelaxed_repeat063,lo_A_model_1_unrelaxed_repeat059
1.592,0.1790890268615114,2.9699999999999998,0.26510154072650177,lo_A_model_1_unrelaxed_repeat095,lo_A_model_1_unrelaxed_repeat060
1.639,0.18192795426661007,2.98,0.2671219468292066,lo_A_model_1_unrelaxed_repeat095,lo_A_model_1_unrelaxed_repeat026
1.7930000000000001,0.1922888102626293,2.9,0.27611700573917775,lo_A_model_1_unrelaxed_repeat095,lo_A_model_1_unrelaxed_repeat038
1.8,0.20404942176738738,2.98,0.2842870257655069,lo_A_model_1_unrelaxed_repeat095,lo_A_model_1_unrelaxed_repeat033
2.061,0.175824495502999,2.96,0.2545086432702919,lo_A_model_1_unrelaxed_repeat095,lo_A_model_1_unrelaxed_repeat086
2.064,0.2031195501304772,2.51,0.2725058306787842,lo_A_model_1_unrelaxed_repeat095,lo_A_model_1_unrelaxed_repeat034
2.2119999999999997,0.20553598865486283,2.95,0.298646781092545,lo_A_model_1_unrelaxed_repeat095,lo_A_model_1_unrelaxed_repeat059
2.226,0.21952181090941722,2.8200000000000003,0.29941258656861464,lo_A_model_1_unrelaxed_repeat095,lo_A_model_1_unrelaxed_repeat015
2.2359999999999998,0.19598793793721403,2.8899999999999997,0.28701572387427304,lo_A_model_1_unrelaxed_repeat095,lo_A_model_1_unrelaxed_repeat079
2.2439999999999998,0.22420437998781928,2.71,0.3021900036123991,lo_A_model_1_unrelaxed_repeat095,lo_A_model_1_unrelaxed_repeat013
2.251,0.23028130213195333,3.04,0.3120508102128665,lo_A_model_1_unrelaxed_repeat095,lo_A_model_1_unrelaxed_repeat003
2.257,0.1774393430381122,2.87,0.28155439179043307,lo_A_model_1_unrelaxed_repeat095,lo_A_model_1_unrelaxed_repeat090
2.276,0.20338820925111373,2.91,0.2849366066584285,lo_A_model_1_unrelaxed_repeat095,lo_A_model_1_unrelaxed_repeat011
2.284,0.2534608513111115,2.76,0.3722954354719481,lo_A_model_1_unrelaxed_repeat095,lo_A_model_1_unrelaxed_repeat087
2.288,0.20462847593054959,2.9699999999999998,0.2939207118177949,lo_A_model_1_unrelaxed_repeat095,lo_A_model_1_unrelaxed_repeat065
2.296,0.19428620688556347,2.86,0.27064486123995357,lo_A_model_1_unrelaxed_repeat095,lo_A_model_1_unrelaxed_repeat076
2.306,0.20254357026101139,2.67,0.2740896233028332,lo_A_model_1_unrelaxed_repeat095,lo_A_model_1_unrelaxed_repeat046
2.31,0.2051384681871881,2.99,0.29052495528327027,lo_A_model_1_unrelaxed_repeat095,lo_A_model_1_unrelaxed_repeat070
2.323,0.22117546617638334,2.8899999999999997,0.3010973255074743,lo_A_model_1_unrelaxed_repeat095,lo_A_model_1_unrelaxed_repeat049
2.332,0.2202313064170947,2.96,0.306164934464826,lo_A_model_1_unrelaxed_repeat095,lo_A_model_1_unrelaxed_repeat048
2.335,0.19180820848233193,2.82,0.2885824958975917,lo_A_model_1_unrelaxed_repeat095,lo_A_model_1_unrelaxed_repeat088
2.338,0.1975761948962971,2.8,0.2683167474592219,lo_A_model_1_unrelaxed_repeat095,lo_A_model_1_unrelaxed_repeat010
2.358,0.1786573666253348,2.8499999999999996,0.2540960583459586,lo_A_model_1_unrelaxed_repeat095,lo_A_model_1_unrelaxed_repeat037
2.3890000000000002,0.20954911402201293,2.98,0.30493133446902215,lo_A_model_1_unrelaxed_repeat095,lo_A_model_1_unrelaxed_repeat022
2.395,0.21886154911816608,2.83,0.3004834445176382,lo_A_model_1_unrelaxed_repeat095,lo_A_model_1_unrelaxed_repeat043
2.395,0.20719181398536599,2.7800000000000002,0.28246204500242644,lo_A_model_1_unrelaxed_repeat095,lo_A_model_1_unrelaxed_repeat023
2.414,0.20467927596262325,2.8899999999999997,0.2856015913044795,lo_A_model_1_unrelaxed_repeat095,lo_A_model_1_unrelaxed_repeat030
2.4160000000000004,0.22849633687581347,2.82,0.30468943357113626,lo_A_model_1_unrelaxed_repeat095,lo_A_model_1_unrelaxed_repeat019
2.417,0.204246734292722,2.69,0.27186833049718157,lo_A_model_1_unrelaxed_repeat095,lo_A_model_1_unrelaxed_repeat075
2.417,0.21782009350160333,2.88,0.28745516537888877,lo_A_model_1_unrelaxed_repeat095,lo_A_model_1_unrelaxed_repeat001
2.419,0.2200021023439671,2.86,0.29626284583076307,lo_A_model_1_unrelaxed_repeat095,lo_A_model_1_unrelaxed_repeat089
2.426,0.20792792577620875,2.91,0.2989070218735617,lo_A_model_1_unrelaxed_repeat095,lo_A_model_1_unrelaxed_repeat012
2.431,0.22956452460803292,2.99,0.28855156014346955,lo_A_model_1_unrelaxed_repeat095,lo_A_model_1_unrelaxed_repeat017
2.435,0.22692107052027102,2.9699999999999998,0.30317839429891924,lo_A_model_1_unrelaxed_repeat095,lo_A_model_1_unrelaxed_repeat029
2.4400000000000004,0.21586598661529863,2.73,0.29628404381756196,lo_A_model_1_unrelaxed_repeat095,lo_A_model_1_unrelaxed_repeat071
2.444,0.19911973809781658,2.7,0.27533322248661546,lo_A_model_1_unrelaxed_repeat095,lo_A_model_1_unrelaxed_repeat004
2.455,0.2281487567832561,2.87,0.2917683738466357,lo_A_model_1_unrelaxed_repeat095,lo_A_model_1_unrelaxed_repeat009
2.458,0.22598178107784045,2.71,0.3048178235920583,lo_A_model_1_unrelaxed_repeat095,lo_A_model_1_unrelaxed_repeat024
2.4610000000000003,0.2410195487711373,2.81,0.31129031387691913,lo_A_model_1_unrelaxed_repeat095,lo_A_model_1_unrelaxed_repeat058
2.466,0.21851020214312525,2.83,0.29199697217549475,lo_A_model_1_unrelaxed_repeat095,lo_A_model_1_unrelaxed_repeat036
2.4770000000000003,0.20841545872002012,3.01,0.3030542192409039,lo_A_model_1_unrelaxed_repeat095,lo_A_model_1_unrelaxed_repeat091
2.492,0.20249941238721503,3.04,0.27321657368713753,lo_A_model_1_unrelaxed_repeat095,lo_A_model_1_unrelaxed_repeat077
2.528,0.24731037012273305,2.94,0.2987975424726527,lo_A_model_1_unrelaxed_repeat095,lo_A_model_1_unrelaxed_repeat100
2.5300000000000002,0.19273962585895976,2.8899999999999997,0.26140130790955124,lo_A_model_1_unrelaxed_repeat095,lo_A_model_1_unrelaxed_repeat045
2.5540000000000003,0.2036091967646675,2.96,0.27903748318876526,lo_A_model_1_unrelaxed_repeat095,lo_A_model_1_unrelaxed_repeat061
2.564,0.19694594583133498,2.8200000000000003,0.2748370827080537,lo_A_model_1_unrelaxed_repeat095,lo_A_model_1_unrelaxed_repeat078
2.566,0.21015805823727077,2.8499999999999996,0.2882840555937583,lo_A_model_1_unrelaxed_repeat095,lo_A_model_1_unrelaxed_repeat016
2.5949999999999998,0.18432406152386172,3.04,0.26722700428078233,lo_A_model_1_unrelaxed_repeat095,lo_A_model_1_unrelaxed_repeat008
2.629,0.22805590510051701,2.95,0.3074429125742397,lo_A_model_1_unrelaxed_repeat095,lo_A_model_1_unrelaxed_repeat064
2.636,0.23596399727806977,2.9699999999999998,0.34944931130724016,lo_A_model_1_unrelaxed_repeat095,lo_A_model_1_unrelaxed_repeat066
2.637,0.2095020815517952,2.96,0.2863264941117553,lo_A_model_1_unrelaxed_repeat095,lo_A_model_1_unrelaxed_repeat007
2.6390000000000002,0.22575051303259053,2.81,0.2922553021923017,lo_A_model_1_unrelaxed_repeat095,lo_A_model_1_unrelaxed_repeat035
2.649,0.2211353400671395,3.0300000000000002,0.2925323796318063,lo_A_model_1_unrelaxed_repeat095,lo_A_model_1_unrelaxed_repeat056
2.657,0.2326908741623851,2.75,0.3180478725178989,lo_A_model_1_unrelaxed_repeat095,lo_A_model_1_unrelaxed_repeat084
2.66,0.23960335607070143,2.8,0.32449423615682077,lo_A_model_1_unrelaxed_repeat095,lo_A_model_1_unrelaxed_repeat067
2.6799999999999997,0.20885628328407768,2.92,0.26749743624511807,lo_A_model_1_unrelaxed_repeat095,lo_A_model_1_unrelaxed_repeat027
2.683,0.20189734144036345,2.28,0.2741198426343743,lo_A_model_1_unrelaxed_repeat095,lo_A_model_1_unrelaxed_repeat005
2.693,0.21564836993672415,3.04,0.2924319614446957,lo_A_model_1_unrelaxed_repeat095,lo_A_model_1_unrelaxed_repeat057
2.701,0.24079663981324678,2.88,0.3128652943644271,lo_A_model_1_unrelaxed_repeat095,lo_A_model_1_unrelaxed_repeat031
2.705,0.22933575039482162,3.04,0.2875549832352151,lo_A_model_1_unrelaxed_repeat095,lo_A_model_1_unrelaxed_repeat080
2.709,0.2174611786839685,2.74,0.28785785714957784,lo_A_model_1_unrelaxed_repeat095,lo_A_model_1_unrelaxed_repeat081
2.715,0.2212349801728343,2.87,0.30320297785425077,lo_A_model_1_unrelaxed_repeat095,lo_A_model_1_unrelaxed_repeat014
2.718,0.21899201584599345,3.02,0.29468666223367884,lo_A_model_1_unrelaxed_repeat095,lo_A_model_1_unrelaxed_repeat025
2.72,0.22440369113527503,3.26,0.33788168688871545,lo_A_model_1_unrelaxed_repeat095,lo_A_model_1_unrelaxed_repeat074
2.723,0.2045439870353854,2.95,0.30085124818358233,lo_A_model_1_unrelaxed_repeat095,lo_A_model_1_unrelaxed_repeat032
2.723,0.21531491990880752,2.88,0.28543353567935015,lo_A_model_1_unrelaxed_repeat095,lo_A_model_1_unrelaxed_repeat047
2.725,0.22212345675979034,3.0300000000000002,0.28780889979985974,lo_A_model_1_unrelaxed_repeat095,lo_A_model_1_unrelaxed_repeat055
2.725,0.18013974705556177,2.8499999999999996,0.2525044794854715,lo_A_model_1_unrelaxed_repeat095,lo_A_model_1_unrelaxed_repeat062
2.7270000000000003,0.1922970631991593,2.9,0.2541928795788983,lo_A_model_1_unrelaxed_repeat095,lo_A_model_1_unrelaxed_repeat099
2.73,0.2153456508876443,2.9299999999999997,0.29026060019039757,lo_A_model_1_unrelaxed_repeat095,lo_A_model_1_unrelaxed_repeat069
2.7359999999999998,0.21932276305023277,3.04,0.3333938285591324,lo_A_model_1_unrelaxed_repeat095,lo_A_model_1_unrelaxed_repeat073
2.7359999999999998,0.1580318180236764,2.95,0.22579410018763157,lo_A_model_1_unrelaxed_repeat095,lo_A_model_1_unrelaxed_repeat092
2.74,0.22166126124186922,2.98,0.3243655191072162,lo_A_model_1_unrelaxed_repeat095,lo_A_model_1_unrelaxed_repeat068
2.746,0.19912791196085097,3.04,0.28223454364265693,lo_A_model_1_unrelaxed_repeat095,lo_A_model_1_unrelaxed_repeat020
2.748,0.22581193892187512,2.8,0.2946954976541467,lo_A_model_1_unrelaxed_repeat095,lo_A_model_1_unrelaxed_repeat094
2.75,0.23981626073461423,2.79,0.3001372123027563,lo_A_model_1_unrelaxed_repeat095,lo_A_model_1_unrelaxed_repeat021
2.753,0.21330664420856496,2.9699999999999998,0.2863815496650493,lo_A_model_1_unrelaxed_repeat095,lo_A_model_1_unrelaxed_repeat018
2.7569999999999997,0.2240588780427073,3.02,0.29600786827882747,lo_A_model_1_unrelaxed_repeat095,lo_A_model_1_unrelaxed_repeat002
2.759,0.23140870210643885,2.84,0.2921233987794357,lo_A_model_1_unrelaxed_repeat095,lo_A_model_1_unrelaxed_repeat051
2.76,0.24549267680192877,2.8499999999999996,0.32597076323429364,lo_A_model_1_unrelaxed_repeat095,lo_A_model_1_unrelaxed_repeat053
2.761,0.19424915419527417,2.84,0.24974298662931324,lo_A_model_1_unrelaxed_repeat095,lo_A_model_1_unrelaxed_repeat098
2.762,0.2147004467419372,3.04,0.30122202230894624,lo_A_model_1_unrelaxed_repeat095,lo_A_model_1_unrelaxed_repeat097
2.77,0.2472690384910339,2.98,0.3528122456586439,lo_A_model_1_unrelaxed_repeat095,lo_A_model_1_unrelaxed_repeat085
2.7720000000000002,0.22282092799232098,3.04,0.3548677240517608,lo_A_model_1_unrelaxed_repeat095,lo_A_model_1_unrelaxed_repeat083
2.7880000000000003,0.21904166352010246,3.0,0.32039223993503113,lo_A_model_1_unrelaxed_repeat095,lo_A_model_1_unrelaxed_repeat096
2.794,0.21460642353927914,3.1999999999999997,0.3266540390540565,lo_A_model_1_unrelaxed_repeat095,lo_A_model_1_unrelaxed_repeat040
2.835,0.24509544781731982,2.8200000000000003,0.3401808826259183,lo_A_model_1_unrelaxed_repeat095,lo_A_model_1_unrelaxed_repeat052
2.87,0.23359097751894153,3.02,0.34626100123002346,lo_A_model_1_unrelaxed_repeat095,lo_A_model_1_unrelaxed_repeat093
3.0519999999999996,0.22554520370145864,2.99,0.3426770398612499,lo_A_model_1_unrelaxed_repeat095,lo_A_model_1_unrelaxed_repeat050
2.0549999999999997,0.22569375670780364,2.85,0.28929172053623564,lo_A_model_1_unrelaxed_repeat067,lo_A_model_1_unrelaxed_repeat025
2.093,0.21782443088312317,3.0,0.31850688855088105,lo_A_model_1_unrelaxed_repeat067,lo_A_model_1_unrelaxed_repeat027
2.127,0.21476753310523622,2.83,0.2895156529528603,lo_A_model_1_unrelaxed_repeat067,lo_A_model_1_unrelaxed_repeat010
2.139,0.2209686588901943,2.6900000000000004,0.299270166124027,lo_A_model_1_unrelaxed_repeat067,lo_A_model_1_unrelaxed_repeat078
2.165,0.21023889606628512,3.12,0.28599078588957005,lo_A_model_1_unrelaxed_repeat067,lo_A_model_1_unrelaxed_repeat088
2.172,0.20933827071986344,3.33,0.2928808123506977,lo_A_model_1_unrelaxed_repeat067,lo_A_model_1_unrelaxed_repeat077
2.18,0.22664787812393694,2.74,0.3101858780956301,lo_A_model_1_unrelaxed_repeat067,lo_A_model_1_unrelaxed_repeat007
2.238,0.2368118380445842,2.71,0.3185885808280778,lo_A_model_1_unrelaxed_repeat067,lo_A_model_1_unrelaxed_repeat081
2.251,0.2320505402253658,2.81,0.3050536199026931,lo_A_model_1_unrelaxed_repeat067,lo_A_model_1_unrelaxed_repeat002
2.268,0.24639706083470808,2.95,0.32419792079144116,lo_A_model_1_unrelaxed_repeat067,lo_A_model_1_unrelaxed_repeat035
2.284,0.24962834463155562,2.8899999999999997,0.33566708079185353,lo_A_model_1_unrelaxed_repeat067,lo_A_model_1_unrelaxed_repeat034
2.307,0.22622732436419846,2.8200000000000003,0.3029075601329453,lo_A_model_1_unrelaxed_repeat067,lo_A_model_1_unrelaxed_repeat070
2.308,0.22131729628888872,2.74,0.30545236042979207,lo_A_model_1_unrelaxed_repeat067,lo_A_model_1_unrelaxed_repeat016
2.311,0.23075197158231894,2.8200000000000003,0.31110348617946826,lo_A_model_1_unrelaxed_repeat067,lo_A_model_1_unrelaxed_repeat005
2.315,0.24829566170659848,2.94,0.3465795670266794,lo_A_model_1_unrelaxed_repeat067,lo_A_model_1_unrelaxed_repeat021
2.317,0.21419099414832765,2.8200000000000003,0.29528299270307673,lo_A_model_1_unrelaxed_repeat067,lo_A_model_1_unrelaxed_repeat036
2.342,0.244071859654591,2.88,0.3274145915125595,lo_A_model_1_unrelaxed_repeat067,lo_A_model_1_unrelaxed_repeat022
2.342,0.23385277945891103,2.7800000000000002,0.3139611249547189,lo_A_model_1_unrelaxed_repeat067,lo_A_model_1_unrelaxed_repeat057
2.347,0.24095745176738517,2.91,0.3257811126098831,lo_A_model_1_unrelaxed_repeat067,lo_A_model_1_unrelaxed_repeat055
2.361,0.19825613048808535,2.51,0.28602279889519255,lo_A_model_1_unrelaxed_repeat067,lo_A_model_1_unrelaxed_repeat091
2.362,0.24605818077475144,3.0300000000000002,0.3352500828124448,lo_A_model_1_unrelaxed_repeat067,lo_A_model_1_unrelaxed_repeat003
2.365,0.21094049903818335,2.98,0.2998346707050327,lo_A_model_1_unrelaxed_repeat067,lo_A_model_1_unrelaxed_repeat073
2.377,0.23735056981179903,3.0300000000000002,0.32923234074389235,lo_A_model_1_unrelaxed_repeat067,lo_A_model_1_unrelaxed_repeat049
2.377,0.235054359524197,3.01,0.3169165642984798,lo_A_model_1_unrelaxed_repeat067,lo_A_model_1_unrelaxed_repeat018
2.393,0.22268453022156703,2.81,0.2901363203845646,lo_A_model_1_unrelaxed_repeat067,lo_A_model_1_unrelaxed_repeat075
2.399,0.24032053047475593,2.92,0.3266283297699352,lo_A_model_1_unrelaxed_repeat067,lo_A_model_1_unrelaxed_repeat047
2.404,0.22498745983175386,2.71,0.3158457547166531,lo_A_model_1_unrelaxed_repeat067,lo_A_model_1_unrelaxed_repeat029
2.4050000000000002,0.2312913069475978,3.0,0.3224677291414215,lo_A_model_1_unrelaxed_repeat067,lo_A_model_1_unrelaxed_repeat069
2.428,0.24866333423150708,2.95,0.32665233100423563,lo_A_model_1_unrelaxed_repeat067,lo_A_model_1_unrelaxed_repeat030
2.4370000000000003,0.24649235769782696,2.76,0.33195695810070547,lo_A_model_1_unrelaxed_repeat067,lo_A_model_1_unrelaxed_repeat024
2.4370000000000003,0.24367351336548632,2.77,0.32848418500700133,lo_A_model_1_unrelaxed_repeat067,lo_A_model_1_unrelaxed_repeat058
2.4379999999999997,0.20828718000929194,3.02,0.2852647290942854,lo_A_model_1_unrelaxed_repeat067,lo_A_model_1_unrelaxed_repeat056
2.441,0.24599665664127193,2.9,0.31422548240257375,lo_A_model_1_unrelaxed_repeat067,lo_A_model_1_unrelaxed_repeat053
2.442,0.24855181927910483,2.8,0.3247231020269203,lo_A_model_1_unrelaxed_repeat067,lo_A_model_1_unrelaxed_repeat060
2.4450000000000003,0.27967705011408256,2.75,0.3400168303500816,lo_A_model_1_unrelaxed_repeat067,lo_A_model_1_unrelaxed_repeat017
2.45,0.25067851956574544,3.0300000000000002,0.33190355735920746,lo_A_model_1_unrelaxed_repeat067,lo_A_model_1_unrelaxed_repeat051
2.452,0.26444211689946784,2.76,0.35621090504055886,lo_A_model_1_unrelaxed_repeat067,lo_A_model_1_unrelaxed_repeat013
2.452,0.23653980661708762,2.8499999999999996,0.3083938733436185,lo_A_model_1_unrelaxed_repeat067,lo_A_model_1_unrelaxed_repeat046
2.4530000000000003,0.2219246176259872,2.96,0.3109271750016496,lo_A_model_1_unrelaxed_repeat067,lo_A_model_1_unrelaxed_repeat011
2.4779999999999998,0.20635523768533637,2.7300000000000004,0.28502792072655847,lo_A_model_1_unrelaxed_repeat067,lo_A_model_1_unrelaxed_repeat008
2.4779999999999998,0.22443279770723193,2.95,0.3148847235534375,lo_A_model_1_unrelaxed_repeat067,lo_A_model_1_unrelaxed_repeat065
2.4890000000000003,0.24710741989486243,2.8200000000000003,0.32288422122292587,lo_A_model_1_unrelaxed_repeat067,lo_A_model_1_unrelaxed_repeat084
2.492,0.21388111227029838,2.98,0.2927871101081698,lo_A_model_1_unrelaxed_repeat067,lo_A_model_1_unrelaxed_repeat092
2.495,0.222427204982781,2.73,0.30755452428427277,lo_A_model_1_unrelaxed_repeat067,lo_A_model_1_unrelaxed_repeat094
2.502,0.22528927263906173,2.92,0.3068126324262236,lo_A_model_1_unrelaxed_repeat067,lo_A_model_1_unrelaxed_repeat099
2.524,0.21055945711019672,2.81,0.2895308720916208,lo_A_model_1_unrelaxed_repeat067,lo_A_model_1_unrelaxed_repeat037
2.5250000000000004,0.2048610841654323,3.05,0.28630440896408615,lo_A_model_1_unrelaxed_repeat067,lo_A_model_1_unrelaxed_repeat097
2.527,0.2809013323431561,2.92,0.3600018280036247,lo_A_model_1_unrelaxed_repeat067,lo_A_model_1_unrelaxed_repeat100
2.576,0.23020754025005966,2.92,0.30811443724332077,lo_A_model_1_unrelaxed_repeat067,lo_A_model_1_unrelaxed_repeat098
2.583,0.22067837665423132,2.81,0.30112478698880935,lo_A_model_1_unrelaxed_repeat067,lo_A_model_1_unrelaxed_repeat076
2.584,0.22627834214942916,3.01,0.3010953774525923,lo_A_model_1_unrelaxed_repeat067,lo_A_model_1_unrelaxed_repeat020
2.602,0.2581631250617154,2.75,0.3327486001492531,lo_A_model_1_unrelaxed_repeat067,lo_A_model_1_unrelaxed_repeat043
2.628,0.22534210710839528,2.91,0.302931835087673,lo_A_model_1_unrelaxed_repeat067,lo_A_model_1_unrelaxed_repeat086
2.6319999999999997,0.22769481243733392,2.92,0.3144575455059205,lo_A_model_1_unrelaxed_repeat067,lo_A_model_1_unrelaxed_repeat038
2.6340000000000003,0.23004911586040602,2.91,0.3058801882379918,lo_A_model_1_unrelaxed_repeat067,lo_A_model_1_unrelaxed_repeat001
2.635,0.21448694215451103,2.75,0.2964090762551126,lo_A_model_1_unrelaxed_repeat067,lo_A_model_1_unrelaxed_repeat062
2.651,0.2219757426590606,2.8,0.30964809968191914,lo_A_model_1_unrelaxed_repeat067,lo_A_model_1_unrelaxed_repeat090
2.67,0.22526554096998025,2.83,0.3080449217561336,lo_A_model_1_unrelaxed_repeat067,lo_A_model_1_unrelaxed_repeat014
2.6740000000000004,0.2190274562913108,3.02,0.31035555778182194,lo_A_model_1_unrelaxed_repeat067,lo_A_model_1_unrelaxed_repeat080
2.675,0.2678682528004562,2.98,0.35050848001676416,lo_A_model_1_unrelaxed_repeat067,lo_A_model_1_unrelaxed_repeat071
2.6769999999999996,0.22470882828836436,2.99,0.3224287303002524,lo_A_model_1_unrelaxed_repeat067,lo_A_model_1_unrelaxed_repeat050
2.6879999999999997,0.24540204785818312,2.95,0.3255327316423486,lo_A_model_1_unrelaxed_repeat067,lo_A_model_1_unrelaxed_repeat023
2.692,0.22229295779310307,2.84,0.30050967672988094,lo_A_model_1_unrelaxed_repeat067,lo_A_model_1_unrelaxed_repeat032
2.6929999999999996,0.2692342540389792,2.83,0.34125825410424515,lo_A_model_1_unrelaxed_repeat067,lo_A_model_1_unrelaxed_repeat019
2.694,0.2458249362548324,2.8,0.3383255071436044,lo_A_model_1_unrelaxed_repeat067,lo_A_model_1_unrelaxed_repeat059
2.745,0.2578555522708593,2.79,0.339518930893267,lo_A_model_1_unrelaxed_repeat067,lo_A_model_1_unrelaxed_repeat031
2.749,0.25370342987244277,2.9299999999999997,0.3372024518923784,lo_A_model_1_unrelaxed_repeat067,lo_A_model_1_unrelaxed_repeat089
2.757,0.22819442241343427,2.96,0.3175255726242947,lo_A_model_1_unrelaxed_repeat067,lo_A_model_1_unrelaxed_repeat093
2.7590000000000003,0.21484932871349846,2.7199999999999998,0.3034837778753197,lo_A_model_1_unrelaxed_repeat067,lo_A_model_1_unrelaxed_repeat015
2.768,0.21416168333631033,2.9,0.28458417824334115,lo_A_model_1_unrelaxed_repeat067,lo_A_model_1_unrelaxed_repeat026
2.818,0.21898217995058056,2.8499999999999996,0.3019184723538754,lo_A_model_1_unrelaxed_repeat067,lo_A_model_1_unrelaxed_repeat079
2.843,0.2132553809654744,3.01,0.29743341785072397,lo_A_model_1_unrelaxed_repeat067,lo_A_model_1_unrelaxed_repeat061
2.85,0.19033256415690084,2.8200000000000003,0.279506667380507,lo_A_model_1_unrelaxed_repeat067,lo_A_model_1_unrelaxed_repeat045
2.863,0.2207931858126232,3.01,0.2985899624321555,lo_A_model_1_unrelaxed_repeat067,lo_A_model_1_unrelaxed_repeat033
2.865,0.2086453507831734,2.9699999999999998,0.2946121817324919,lo_A_model_1_unrelaxed_repeat067,lo_A_model_1_unrelaxed_repeat048
3.058,0.24367331257608532,2.92,0.3352834941646061,lo_A_model_1_unrelaxed_repeat067,lo_A_model_1_unrelaxed_repeat064
3.1020000000000003,0.22407876578584757,3.02,0.31093932173749766,lo_A_model_1_unrelaxed_repeat067,lo_A_model_1_unrelaxed_repeat004
3.122,0.25719483549415234,3.02,0.33121487046157577,lo_A_model_1_unrelaxed_repeat067,lo_A_model_1_unrelaxed_repeat096
3.173,0.2553414511049088,2.84,0.32172825505407987,lo_A_model_1_unrelaxed_repeat067,lo_A_model_1_unrelaxed_repeat009
3.1950000000000003,0.22602508374856967,2.83,0.2917195823652163,lo_A_model_1_unrelaxed_repeat067,lo_A_model_1_unrelaxed_repeat040
3.212,0.2506626548243778,2.99,0.3344334777993396,lo_A_model_1_unrelaxed_repeat067,lo_A_model_1_unrelaxed_repeat012
3.251,0.22137569035555954,2.84,0.3034059401540186,lo_A_model_1_unrelaxed_repeat067,lo_A_model_1_unrelaxed_repeat085
3.503,0.2148651831362573,2.92,0.3055117894697472,lo_A_model_1_unrelaxed_repeat067,lo_A_model_1_unrelaxed_repeat074
3.5490000000000004,0.2072731750582126,3.0300000000000002,0.2848646994552118,lo_A_model_1_unrelaxed_repeat067,lo_A_model_1_unrelaxed_repeat068
3.618,0.23333154587502564,3.14,0.3145945911731828,lo_A_model_1_unrelaxed_repeat067,lo_A_model_1_unrelaxed_repeat052
3.6590000000000003,0.22006819790929438,2.92,0.32141550306108674,lo_A_model_1_unrelaxed_repeat067,lo_A_model_1_unrelaxed_repeat066
3.6660000000000004,0.25433012971018143,2.99,0.3371628236786472,lo_A_model_1_unrelaxed_repeat067,lo_A_model_1_unrelaxed_repeat087
3.7880000000000003,0.23817776568913718,2.6799999999999997,0.3077567086229512,lo_A_model_1_unrelaxed_repeat067,lo_A_model_1_unrelaxed_repeat083
1.168,0.1390872082621041,2.55,0.2085616660042453,lo_A_model_1_unrelaxed_repeat011,lo_A_model_1_unrelaxed_repeat078
1.3639999999999999,0.14469301824171404,2.84,0.23330848018059136,lo_A_model_1_unrelaxed_repeat011,lo_A_model_1_unrelaxed_repeat048
1.617,0.13602568553204766,2.66,0.24511163553974155,lo_A_model_1_unrelaxed_repeat011,lo_A_model_1_unrelaxed_repeat088
1.7389999999999999,0.16591220423341632,2.8499999999999996,0.24740189310024513,lo_A_model_1_unrelaxed_repeat011,lo_A_model_1_unrelaxed_repeat097
1.7570000000000001,0.17654150828851548,2.83,0.2767859163517916,lo_A_model_1_unrelaxed_repeat011,lo_A_model_1_unrelaxed_repeat079
1.763,0.16243140513272228,2.69,0.25176458790966194,lo_A_model_1_unrelaxed_repeat011,lo_A_model_1_unrelaxed_repeat008
1.7750000000000001,0.1515317310736419,2.56,0.21905382436407372,lo_A_model_1_unrelaxed_repeat011,lo_A_model_1_unrelaxed_repeat010
1.812,0.18007068553284558,2.71,0.24511904789200892,lo_A_model_1_unrelaxed_repeat011,lo_A_model_1_unrelaxed_repeat002
1.829,0.1648391855158993,3.0,0.25452786666102006,lo_A_model_1_unrelaxed_repeat011,lo_A_model_1_unrelaxed_repeat020
1.8479999999999999,0.1773421892116819,2.8200000000000003,0.2562377740549715,lo_A_model_1_unrelaxed_repeat011,lo_A_model_1_unrelaxed_repeat090
1.88,0.16972672051463306,2.75,0.23117514061123384,lo_A_model_1_unrelaxed_repeat011,lo_A_model_1_unrelaxed_repeat007
1.888,0.17982665234248194,2.54,0.2520438343237161,lo_A_model_1_unrelaxed_repeat011,lo_A_model_1_unrelaxed_repeat076
1.8980000000000001,0.1790558620004891,2.81,0.24112747802372708,lo_A_model_1_unrelaxed_repeat011,lo_A_model_1_unrelaxed_repeat069
1.954,0.1759092276324283,2.98,0.24572959305738654,lo_A_model_1_unrelaxed_repeat011,lo_A_model_1_unrelaxed_repeat070
1.994,0.17065774129469027,2.7199999999999998,0.2495932026512905,lo_A_model_1_unrelaxed_repeat011,lo_A_model_1_unrelaxed_repeat018
2.018,0.18096472834270436,2.86,0.24131643014176685,lo_A_model_1_unrelaxed_repeat011,lo_A_model_1_unrelaxed_repeat086
2.0229999999999997,0.18092342375895887,2.8499999999999996,0.2523500985655956,lo_A_model_1_unrelaxed_repeat011,lo_A_model_1_unrelaxed_repeat014
2.027,0.184199732982709,2.83,0.24970637979180016,lo_A_model_1_unrelaxed_repeat011,lo_A_model_1_unrelaxed_repeat022
2.094,0.1679111318874691,3.02,0.2523698831871865,lo_A_model_1_unrelaxed_repeat011,lo_A_model_1_unrelaxed_repeat037
2.096,0.18278962633700924,2.76,0.2421324552680505,lo_A_model_1_unrelaxed_repeat011,lo_A_model_1_unrelaxed_repeat005
2.113,0.16815370719010023,2.7699999999999996,0.23261989847685427,lo_A_model_1_unrelaxed_repeat011,lo_A_model_1_unrelaxed_repeat016
2.117,0.1613096241697482,2.94,0.23331577698104547,lo_A_model_1_unrelaxed_repeat011,lo_A_model_1_unrelaxed_repeat057
2.122,0.17954148643280393,2.71,0.23833140749744647,lo_A_model_1_unrelaxed_repeat011,lo_A_model_1_unrelaxed_repeat081
2.122,0.17591738453108466,2.8499999999999996,0.25419529963721554,lo_A_model_1_unrelaxed_repeat011,lo_A_model_1_unrelaxed_repeat094
2.125,0.19210607540108818,2.84,0.25925070858120514,lo_A_model_1_unrelaxed_repeat011,lo_A_model_1_unrelaxed_repeat003
2.127,0.19796165218740422,2.7699999999999996,0.2656195284717963,lo_A_model_1_unrelaxed_repeat011,lo_A_model_1_unrelaxed_repeat043
2.127,0.20261022292087283,2.8899999999999997,0.2678499676128683,lo_A_model_1_unrelaxed_repeat011,lo_A_model_1_unrelaxed_repeat021
2.128,0.18942902536551756,2.8099999999999996,0.267313236180856,lo_A_model_1_unrelaxed_repeat011,lo_A_model_1_unrelaxed_repeat056
2.1310000000000002,0.18587513152851814,2.74,0.2393404145743901,lo_A_model_1_unrelaxed_repeat011,lo_A_model_1_unrelaxed_repeat055
2.149,0.186307198588959,2.8499999999999996,0.27107759316559543,lo_A_model_1_unrelaxed_repeat011,lo_A_model_1_unrelaxed_repeat062
2.1550000000000002,0.1781548144488435,2.8,0.2507800705335734,lo_A_model_1_unrelaxed_repeat011,lo_A_model_1_unrelaxed_repeat059
2.157,0.19797483836020227,2.9,0.26088125111185767,lo_A_model_1_unrelaxed_repeat011,lo_A_model_1_unrelaxed_repeat035
2.158,0.1986927203970233,2.95,0.2672928984508039,lo_A_model_1_unrelaxed_repeat011,lo_A_model_1_unrelaxed_repeat023
2.162,0.18831511730305694,2.8,0.26574902915155274,lo_A_model_1_unrelaxed_repeat011,lo_A_model_1_unrelaxed_repeat038
2.169,0.2009767280245133,2.87,0.30391847223925095,lo_A_model_1_unrelaxed_repeat011,lo_A_model_1_unrelaxed_repeat099
2.188,0.2072897849283035,2.7199999999999998,0.28305380471959296,lo_A_model_1_unrelaxed_repeat011,lo_A_model_1_unrelaxed_repeat013
2.204,0.18767750167559544,2.87,0.2721161705970984,lo_A_model_1_unrelaxed_repeat011,lo_A_model_1_unrelaxed_repeat026
2.21,0.18588793291967667,2.46,0.24577942354022514,lo_A_model_1_unrelaxed_repeat011,lo_A_model_1_unrelaxed_repeat015
2.234,0.1802046920708478,2.84,0.24591064592588355,lo_A_model_1_unrelaxed_repeat011,lo_A_model_1_unrelaxed_repeat034
2.245,0.1449211980631842,2.84,0.20480878412402964,lo_A_model_1_unrelaxed_repeat011,lo_A_model_1_unrelaxed_repeat061
2.254,0.18736613151504392,2.79,0.26037114480527657,lo_A_model_1_unrelaxed_repeat011,lo_A_model_1_unrelaxed_repeat027
2.263,0.1889801096178839,2.86,0.2673145741351645,lo_A_model_1_unrelaxed_repeat011,lo_A_model_1_unrelaxed_repeat032
2.271,0.17470393185454167,2.85,0.23951721828310643,lo_A_model_1_unrelaxed_repeat011,lo_A_model_1_unrelaxed_repeat025
2.2809999999999997,0.18696385779120966,2.9299999999999997,0.26638146408167124,lo_A_model_1_unrelaxed_repeat011,lo_A_model_1_unrelaxed_repeat092
2.291,0.19980757624533604,2.73,0.2719316795455918,lo_A_model_1_unrelaxed_repeat011,lo_A_model_1_unrelaxed_repeat036
2.325,0.1942164728865356,2.8099999999999996,0.2679890139315096,lo_A_model_1_unrelaxed_repeat011,lo_A_model_1_unrelaxed_repeat084
2.332,0.2343227528507988,2.9299999999999997,0.342459170211286,lo_A_model_1_unrelaxed_repeat011,lo_A_model_1_unrelaxed_repeat085
2.3529999999999998,0.20053217395146236,2.95,0.2540338931798672,lo_A_model_1_unrelaxed_repeat011,lo_A_model_1_unrelaxed_repeat009
2.378,0.20820880970945846,2.96,0.2926176566613602,lo_A_model_1_unrelaxed_repeat011,lo_A_model_1_unrelaxed_repeat033
2.392,0.1937360629534371,2.58,0.26092774941519425,lo_A_model_1_unrelaxed_repeat011,lo_A_model_1_unrelaxed_repeat075
2.392,0.17567338418582895,2.74,0.24659303699442625,lo_A_model_1_unrelaxed_repeat011,lo_A_model_1_unrelaxed_repeat060
2.402,0.21148382108527772,2.8499999999999996,0.28940054466147375,lo_A_model_1_unrelaxed_repeat011,lo_A_model_1_unrelaxed_repeat046
2.4050000000000002,0.2334379424201931,2.7699999999999996,0.3115292935107509,lo_A_model_1_unrelaxed_repeat011,lo_A_model_1_unrelaxed_repeat064
2.407,0.1825084598348851,2.7699999999999996,0.2529358940988905,lo_A_model_1_unrelaxed_repeat011,lo_A_model_1_unrelaxed_repeat029
2.4080000000000004,0.1890541414077059,2.87,0.25364467729009527,lo_A_model_1_unrelaxed_repeat011,lo_A_model_1_unrelaxed_repeat047
2.426,0.20611705287282406,2.9299999999999997,0.2693010079894778,lo_A_model_1_unrelaxed_repeat011,lo_A_model_1_unrelaxed_repeat071
2.426,0.2047511102958467,2.98,0.30502693424542776,lo_A_model_1_unrelaxed_repeat011,lo_A_model_1_unrelaxed_repeat004
2.431,0.1897899705046312,2.9,0.256512875910486,lo_A_model_1_unrelaxed_repeat011,lo_A_model_1_unrelaxed_repeat030
2.433,0.2019578122775006,2.8499999999999996,0.2661537090717442,lo_A_model_1_unrelaxed_repeat011,lo_A_model_1_unrelaxed_repeat019
2.435,0.19360039445330415,2.87,0.25308861759232193,lo_A_model_1_unrelaxed_repeat011,lo_A_model_1_unrelaxed_repeat058
2.4379999999999997,0.17408696131572596,2.99,0.23892858128066158,lo_A_model_1_unrelaxed_repeat011,lo_A_model_1_unrelaxed_repeat049
2.44,0.17589869385733173,2.75,0.23692450038803536,lo_A_model_1_unrelaxed_repeat011,lo_A_model_1_unrelaxed_repeat024
2.444,0.1865082661260174,2.84,0.24970970269958995,lo_A_model_1_unrelaxed_repeat011,lo_A_model_1_unrelaxed_repeat053
2.4459999999999997,0.21908268178755588,2.9699999999999998,0.2975599385406585,lo_A_model_1_unrelaxed_repeat011,lo_A_model_1_unrelaxed_repeat096
2.448,0.19573132807422414,2.8899999999999997,0.26094227843576895,lo_A_model_1_unrelaxed_repeat011,lo_A_model_1_unrelaxed_repeat001
2.453,0.19843051777956458,3.0300000000000002,0.26834527115147044,lo_A_model_1_unrelaxed_repeat011,lo_A_model_1_unrelaxed_repeat051
2.454,0.17590691305371098,2.75,0.24878244283441897,lo_A_model_1_unrelaxed_repeat011,lo_A_model_1_unrelaxed_repeat065
2.479,0.23530307367454148,2.7199999999999998,0.27939614017976944,lo_A_model_1_unrelaxed_repeat011,lo_A_model_1_unrelaxed_repeat017
2.481,0.26504536497279524,2.99,0.36491522130634485,lo_A_model_1_unrelaxed_repeat011,lo_A_model_1_unrelaxed_repeat087
2.513,0.2106097503744537,2.8,0.31534861604634673,lo_A_model_1_unrelaxed_repeat011,lo_A_model_1_unrelaxed_repeat091
2.5650000000000004,0.22077575544362302,2.99,0.2766312782234853,lo_A_model_1_unrelaxed_repeat011,lo_A_model_1_unrelaxed_repeat100
2.573,0.19233952752451794,2.99,0.27964728448457965,lo_A_model_1_unrelaxed_repeat011,lo_A_model_1_unrelaxed_repeat045
2.586,0.21826493856060364,3.0300000000000002,0.3126230801969312,lo_A_model_1_unrelaxed_repeat011,lo_A_model_1_unrelaxed_repeat068
2.59,0.18563686073338737,2.69,0.2568625490388049,lo_A_model_1_unrelaxed_repeat011,lo_A_model_1_unrelaxed_repeat077
2.602,0.21490888377677703,2.92,0.2909563432979135,lo_A_model_1_unrelaxed_repeat011,lo_A_model_1_unrelaxed_repeat089
2.6029999999999998,0.23895837385391416,3.02,0.3490019286606735,lo_A_model_1_unrelaxed_repeat011,lo_A_model_1_unrelaxed_repeat050
2.636,0.23355286382377355,3.04,0.3464114004606354,lo_A_model_1_unrelaxed_repeat011,lo_A_model_1_unrelaxed_repeat093
2.6479999999999997,0.24338923946717944,3.04,0.3294794524475261,lo_A_model_1_unrelaxed_repeat011,lo_A_model_1_unrelaxed_repeat012
2.675,0.17229715655624636,2.87,0.25995173977108577,lo_A_model_1_unrelaxed_repeat011,lo_A_model_1_unrelaxed_repeat098
2.691,0.24188476133944517,3.04,0.3340509157391305,lo_A_model_1_unrelaxed_repeat011,lo_A_model_1_unrelaxed_repeat052
2.697,0.23284609418355703,2.81,0.3313011155799952,lo_A_model_1_unrelaxed_repeat011,lo_A_model_1_unrelaxed_repeat083
2.707,0.2426060477824097,2.94,0.3554900303236556,lo_A_model_1_unrelaxed_repeat011,lo_A_model_1_unrelaxed_repeat066
2.715,0.20199467124233855,2.71,0.25715795650198087,lo_A_model_1_unrelaxed_repeat011,lo_A_model_1_unrelaxed_repeat031
2.753,0.225099438207973,3.0300000000000002,0.3236502289082909,lo_A_model_1_unrelaxed_repeat011,lo_A_model_1_unrelaxed_repeat073
2.754,0.2210777159943964,2.98,0.2885495273896588,lo_A_model_1_unrelaxed_repeat011,lo_A_model_1_unrelaxed_repeat080
2.908,0.2327472211555939,2.92,0.3204309508732565,lo_A_model_1_unrelaxed_repeat011,lo_A_model_1_unrelaxed_repeat040
2.928,0.20833909577152235,2.98,0.3048068879023774,lo_A_model_1_unrelaxed_repeat011,lo_A_model_1_unrelaxed_repeat074
1.714,0.16683927485386202,2.5,0.25030836490085967,lo_A_model_1_unrelaxed_repeat043,lo_A_model_1_unrelaxed_repeat090
1.999,0.15682869562392457,2.88,0.2377711237642985,lo_A_model_1_unrelaxed_repeat043,lo_A_model_1_unrelaxed_repeat086
2.031,0.20868028746103734,2.88,0.2831238474918671,lo_A_model_1_unrelaxed_repeat043,lo_A_model_1_unrelaxed_repeat026
2.051,0.21081189806611364,3.0300000000000002,0.278720662024183,lo_A_model_1_unrelaxed_repeat043,lo_A_model_1_unrelaxed_repeat037
2.129,0.22149506109324008,2.9,0.30378461611804125,lo_A_model_1_unrelaxed_repeat043,lo_A_model_1_unrelaxed_repeat079
2.139,0.22411723505806402,2.82,0.29184421736656085,lo_A_model_1_unrelaxed_repeat043,lo_A_model_1_unrelaxed_repeat033
2.152,0.20372565706763468,2.73,0.2878393189500341,lo_A_model_1_unrelaxed_repeat043,lo_A_model_1_unrelaxed_repeat088
2.162,0.17459215503812983,2.88,0.26232917324595917,lo_A_model_1_unrelaxed_repeat043,lo_A_model_1_unrelaxed_repeat013
2.222,0.15100139176423288,2.51,0.22549192766496118,lo_A_model_1_unrelaxed_repeat043,lo_A_model_1_unrelaxed_repeat059
2.245,0.1865299946730618,2.6799999999999997,0.2482931720460561,lo_A_model_1_unrelaxed_repeat043,lo_A_model_1_unrelaxed_repeat010
2.252,0.20754851269426694,2.99,0.27113854157377276,lo_A_model_1_unrelaxed_repeat043,lo_A_model_1_unrelaxed_repeat070
2.255,0.20140031382586257,2.98,0.2744024070098845,lo_A_model_1_unrelaxed_repeat043,lo_A_model_1_unrelaxed_repeat038
2.319,0.17610887271818967,2.88,0.23699169685388222,lo_A_model_1_unrelaxed_repeat043,lo_A_model_1_unrelaxed_repeat034
2.323,0.22261232043047213,2.71,0.2908263103218026,lo_A_model_1_unrelaxed_repeat043,lo_A_model_1_unrelaxed_repeat046
2.331,0.21334663741598925,2.91,0.28121034134632117,lo_A_model_1_unrelaxed_repeat043,lo_A_model_1_unrelaxed_repeat022
2.359,0.22489680227566541,2.92,0.2906837187054992,lo_A_model_1_unrelaxed_repeat043,lo_A_model_1_unrelaxed_repeat001
2.362,0.1841446250056051,2.8600000000000003,0.25471423579577235,lo_A_model_1_unrelaxed_repeat043,lo_A_model_1_unrelaxed_repeat060
2.387,0.1996582108116071,2.9,0.2704228131169359,lo_A_model_1_unrelaxed_repeat043,lo_A_model_1_unrelaxed_repeat030
2.3890000000000002,0.18844633271766084,2.75,0.24368205556833394,lo_A_model_1_unrelaxed_repeat043,lo_A_model_1_unrelaxed_repeat019
2.391,0.23245023587905628,2.61,0.2830433422984126,lo_A_model_1_unrelaxed_repeat043,lo_A_model_1_unrelaxed_repeat029
2.3970000000000002,0.1876734356666804,2.76,0.2435780610335858,lo_A_model_1_unrelaxed_repeat043,lo_A_model_1_unrelaxed_repeat009
2.407,0.21636529739545646,3.01,0.28465912149559475,lo_A_model_1_unrelaxed_repeat043,lo_A_model_1_unrelaxed_repeat049
2.408,0.22883031177705201,2.83,0.2862237487259992,lo_A_model_1_unrelaxed_repeat043,lo_A_model_1_unrelaxed_repeat036
2.412,0.16969450207456563,2.59,0.22424573941372317,lo_A_model_1_unrelaxed_repeat043,lo_A_model_1_unrelaxed_repeat023
2.414,0.23975327625789572,2.98,0.33922646163688075,lo_A_model_1_unrelaxed_repeat043,lo_A_model_1_unrelaxed_repeat091
2.416,0.21468576230833591,2.89,0.28708769029170217,lo_A_model_1_unrelaxed_repeat043,lo_A_model_1_unrelaxed_repeat075
2.429,0.20470958737812145,2.7800000000000002,0.284626703798188,lo_A_model_1_unrelaxed_repeat043,lo_A_model_1_unrelaxed_repeat089
2.434,0.22427174784457124,2.9699999999999998,0.280724537749055,lo_A_model_1_unrelaxed_repeat043,lo_A_model_1_unrelaxed_repeat077
2.439,0.17137366247134128,2.89,0.2396151540104956,lo_A_model_1_unrelaxed_repeat043,lo_A_model_1_unrelaxed_repeat071
2.457,0.19540523170572616,2.59,0.26013999752416794,lo_A_model_1_unrelaxed_repeat043,lo_A_model_1_unrelaxed_repeat024
2.46,0.19332328324724252,2.88,0.2474339263836065,lo_A_model_1_unrelaxed_repeat043,lo_A_model_1_unrelaxed_repeat058
2.466,0.24871148057990017,2.98,0.3361937073620118,lo_A_model_1_unrelaxed_repeat043,lo_A_model_1_unrelaxed_repeat087
2.474,0.2389317912257996,3.0,0.2991819079089319,lo_A_model_1_unrelaxed_repeat043,lo_A_model_1_unrelaxed_repeat045
2.495,0.20958679560674584,2.63,0.27633494428069566,lo_A_model_1_unrelaxed_repeat043,lo_A_model_1_unrelaxed_repeat048
2.496,0.19214682928875632,2.8,0.24679647050571296,lo_A_model_1_unrelaxed_repeat043,lo_A_model_1_unrelaxed_repeat061
2.499,0.22974322358663185,2.76,0.2870342155834278,lo_A_model_1_unrelaxed_repeat043,lo_A_model_1_unrelaxed_repeat017
2.5060000000000002,0.19454375149213915,2.83,0.24701635886123896,lo_A_model_1_unrelaxed_repeat043,lo_A_model_1_unrelaxed_repeat078
2.508,0.1894823571269231,2.89,0.24691851968778458,lo_A_model_1_unrelaxed_repeat043,lo_A_model_1_unrelaxed_repeat016
2.517,0.19029034663610722,2.8600000000000003,0.25603988646710635,lo_A_model_1_unrelaxed_repeat043,lo_A_model_1_unrelaxed_repeat003
2.537,0.1916834523967752,2.9699999999999998,0.27715584931021564,lo_A_model_1_unrelaxed_repeat043,lo_A_model_1_unrelaxed_repeat008
2.539,0.2539907853194318,2.98,0.3527471180996535,lo_A_model_1_unrelaxed_repeat043,lo_A_model_1_unrelaxed_repeat004
2.547,0.21154972156071902,2.8200000000000003,0.2741325765535665,lo_A_model_1_unrelaxed_repeat043,lo_A_model_1_unrelaxed_repeat015
2.549,0.23983417256313058,3.04,0.32279785460195104,lo_A_model_1_unrelaxed_repeat043,lo_A_model_1_unrelaxed_repeat012
2.55,0.2065155299040713,2.9299999999999997,0.24468642161206283,lo_A_model_1_unrelaxed_repeat043,lo_A_model_1_unrelaxed_repeat100
2.5709999999999997,0.24524339957635022,2.88,0.3346005668583319,lo_A_model_1_unrelaxed_repeat043,lo_A_model_1_unrelaxed_repeat064
2.5789999999999997,0.16826052420494375,2.8899999999999997,0.23637794958513267,lo_A_model_1_unrelaxed_repeat043,lo_A_model_1_unrelaxed_repeat007
2.581,0.17749466694924113,2.86,0.23550414677315845,lo_A_model_1_unrelaxed_repeat043,lo_A_model_1_unrelaxed_repeat035
2.591,0.22763525715589222,2.96,0.27925821422939784,lo_A_model_1_unrelaxed_repeat043,lo_A_model_1_unrelaxed_repeat056
2.599,0.24255049118179947,2.82,0.3108843815833249,lo_A_model_1_unrelaxed_repeat043,lo_A_model_1_unrelaxed_repeat084
2.608,0.2674276600539773,3.04,0.35080145312354516,lo_A_model_1_unrelaxed_repeat043,lo_A_model_1_unrelaxed_repeat066
2.622,0.22606702767416265,2.85,0.2942153309129319,lo_A_model_1_unrelaxed_repeat043,lo_A_model_1_unrelaxed_repeat027
2.625,0.17736928734016882,2.62,0.24781448135123574,lo_A_model_1_unrelaxed_repeat043,lo_A_model_1_unrelaxed_repeat005
2.625,0.2556185020650836,2.96,0.3562593371514384,lo_A_model_1_unrelaxed_repeat043,lo_A_model_1_unrelaxed_repeat085
2.635,0.18366066161976397,2.9699999999999998,0.24011275367590423,lo_A_model_1_unrelaxed_repeat043,lo_A_model_1_unrelaxed_repeat057
2.651,0.1758208722336987,2.8600000000000003,0.23150116565488568,lo_A_model_1_unrelaxed_repeat043,lo_A_model_1_unrelaxed_repeat081
2.652,0.20769023787123464,2.79,0.29084318248056296,lo_A_model_1_unrelaxed_repeat043,lo_A_model_1_unrelaxed_repeat076
2.657,0.18734256108298789,2.8,0.26206154198636045,lo_A_model_1_unrelaxed_repeat043,lo_A_model_1_unrelaxed_repeat014
2.66,0.21379866386282187,2.95,0.25922333652166596,lo_A_model_1_unrelaxed_repeat043,lo_A_model_1_unrelaxed_repeat025
2.665,0.23023901495125115,2.88,0.3069929843135501,lo_A_model_1_unrelaxed_repeat043,lo_A_model_1_unrelaxed_repeat032
2.665,0.1862803592600836,2.78,0.26407270208894196,lo_A_model_1_unrelaxed_repeat043,lo_A_model_1_unrelaxed_repeat047
2.667,0.18245347693216263,2.96,0.23148960926757706,lo_A_model_1_unrelaxed_repeat043,lo_A_model_1_unrelaxed_repeat055
2.667,0.1954287989285197,2.9000000000000004,0.27872538415275633,lo_A_model_1_unrelaxed_repeat043,lo_A_model_1_unrelaxed_repeat062
2.669,0.2197735022123416,2.83,0.30868116714025046,lo_A_model_1_unrelaxed_repeat043,lo_A_model_1_unrelaxed_repeat099
2.6719999999999997,0.17472452874226335,2.8200000000000003,0.23020647571088756,lo_A_model_1_unrelaxed_repeat043,lo_A_model_1_unrelaxed_repeat069
2.678,0.23124949027512165,2.88,0.31128581000082284,lo_A_model_1_unrelaxed_repeat043,lo_A_model_1_unrelaxed_repeat092
2.678,0.25143779851805326,3.0300000000000002,0.33314871854702954,lo_A_model_1_unrelaxed_repeat043,lo_A_model_1_unrelaxed_repeat073
2.679,0.2596299297638555,3.04,0.3485899247286381,lo_A_model_1_unrelaxed_repeat043,lo_A_model_1_unrelaxed_repeat093
2.681,0.22110985753401508,2.9,0.27824675908506963,lo_A_model_1_unrelaxed_repeat043,lo_A_model_1_unrelaxed_repeat065
2.682,0.24571953317606485,2.9299999999999997,0.31917651553438187,lo_A_model_1_unrelaxed_repeat043,lo_A_model_1_unrelaxed_repeat068
2.6879999999999997,0.22627207153701887,2.73,0.2924994161372454,lo_A_model_1_unrelaxed_repeat043,lo_A_model_1_unrelaxed_repeat020
2.69,0.1594756178080222,2.5300000000000002,0.22021409792980698,lo_A_model_1_unrelaxed_repeat043,lo_A_model_1_unrelaxed_repeat094
2.692,0.1887070297087961,2.7199999999999998,0.24503271218945125,lo_A_model_1_unrelaxed_repeat043,lo_A_model_1_unrelaxed_repeat021
2.695,0.1593921563741166,2.83,0.2275637595571963,lo_A_model_1_unrelaxed_repeat043,lo_A_model_1_unrelaxed_repeat018
2.697,0.20920963536787263,2.82,0.2604422342241521,lo_A_model_1_unrelaxed_repeat043,lo_A_model_1_unrelaxed_repeat031
2.699,0.18355876451047579,2.95,0.2289991909825718,lo_A_model_1_unrelaxed_repeat043,lo_A_model_1_unrelaxed_repeat002
2.7009999999999996,0.23810595854875927,3.0,0.2935662035722578,lo_A_model_1_unrelaxed_repeat043,lo_A_model_1_unrelaxed_repeat051
2.702,0.2104278297439724,2.83,0.2631432101919032,lo_A_model_1_unrelaxed_repeat043,lo_A_model_1_unrelaxed_repeat053
2.703,0.2121015419358364,2.7800000000000002,0.2948722475008607,lo_A_model_1_unrelaxed_repeat043,lo_A_model_1_unrelaxed_repeat098
2.7039999999999997,0.2144842628226355,2.9699999999999998,0.2866249761746102,lo_A_model_1_unrelaxed_repeat043,lo_A_model_1_unrelaxed_repeat097
2.714,0.2525222017463438,2.92,0.3427440391820838,lo_A_model_1_unrelaxed_repeat043,lo_A_model_1_unrelaxed_repeat083
2.73,0.2368603060412794,2.9299999999999997,0.3120030354571536,lo_A_model_1_unrelaxed_repeat043,lo_A_model_1_unrelaxed_repeat096
2.75,0.2596982721559794,3.0,0.32999566477405573,lo_A_model_1_unrelaxed_repeat043,lo_A_model_1_unrelaxed_repeat080
2.753,0.2521273890610366,2.92,0.32822874015771714,lo_A_model_1_unrelaxed_repeat043,lo_A_model_1_unrelaxed_repeat040
2.802,0.2536700644019248,3.02,0.34353714244655315,lo_A_model_1_unrelaxed_repeat043,lo_A_model_1_unrelaxed_repeat050
2.811,0.2522482348004496,3.05,0.3393550223400423,lo_A_model_1_unrelaxed_repeat043,lo_A_model_1_unrelaxed_repeat052
2.9240000000000004,0.24384710787123842,2.77,0.3302384364254165,lo_A_model_1_unrelaxed_repeat043,lo_A_model_1_unrelaxed_repeat074
2.032,0.1803234115723393,2.54,0.2700759179020135,lo_A_model_1_unrelaxed_repeat084,lo_A_model_1_unrelaxed_repeat022
2.042,0.1819354410801536,2.75,0.27972436872867923,lo_A_model_1_unrelaxed_repeat084,lo_A_model_1_unrelaxed_repeat098
2.062,0.17590391202612415,2.8499999999999996,0.24844575519841092,lo_A_model_1_unrelaxed_repeat084,lo_A_model_1_unrelaxed_repeat065
2.065,0.2186492301310706,2.82,0.29854209414126,lo_A_model_1_unrelaxed_repeat084,lo_A_model_1_unrelaxed_repeat069
2.07,0.20764459567151747,2.8899999999999997,0.27778173006248863,lo_A_model_1_unrelaxed_repeat084,lo_A_model_1_unrelaxed_repeat010
2.104,0.19668875000284688,2.91,0.2873144857710895,lo_A_model_1_unrelaxed_repeat084,lo_A_model_1_unrelaxed_repeat027
2.105,0.2109230310700218,2.91,0.29497978883747905,lo_A_model_1_unrelaxed_repeat084,lo_A_model_1_unrelaxed_repeat092
2.106,0.18742891680716683,3.02,0.2809656860511572,lo_A_model_1_unrelaxed_repeat084,lo_A_model_1_unrelaxed_repeat020
2.112,0.20289416326705845,2.99,0.2880843442699512,lo_A_model_1_unrelaxed_repeat084,lo_A_model_1_unrelaxed_repeat008
2.113,0.2087130358422111,2.84,0.2899000370361025,lo_A_model_1_unrelaxed_repeat084,lo_A_model_1_unrelaxed_repeat026
2.131,0.20273590508417702,2.46,0.28007734472317053,lo_A_model_1_unrelaxed_repeat084,lo_A_model_1_unrelaxed_repeat079
2.177,0.21543118156714527,3.04,0.30639983415318406,lo_A_model_1_unrelaxed_repeat084,lo_A_model_1_unrelaxed_repeat045
2.181,0.2038045151623787,2.9699999999999998,0.28175639596407864,lo_A_model_1_unrelaxed_repeat084,lo_A_model_1_unrelaxed_repeat097
2.183,0.23596000000485037,2.8499999999999996,0.3215174589269606,lo_A_model_1_unrelaxed_repeat084,lo_A_model_1_unrelaxed_repeat091
2.186,0.20917749614311731,2.86,0.2877491953555282,lo_A_model_1_unrelaxed_repeat084,lo_A_model_1_unrelaxed_repeat062
2.199,0.1895893582183408,2.8,0.27674642489287393,lo_A_model_1_unrelaxed_repeat084,lo_A_model_1_unrelaxed_repeat078
2.21,0.23315079084842819,2.9,0.3001318737336994,lo_A_model_1_unrelaxed_repeat084,lo_A_model_1_unrelaxed_repeat033
2.213,0.22065256838988512,2.91,0.31054048595822453,lo_A_model_1_unrelaxed_repeat084,lo_A_model_1_unrelaxed_repeat074
2.223,0.21321835174809542,2.6,0.29383819864238553,lo_A_model_1_unrelaxed_repeat084,lo_A_model_1_unrelaxed_repeat070
2.237,0.206027741649132,2.81,0.28715540398396827,lo_A_model_1_unrelaxed_repeat084,lo_A_model_1_unrelaxed_repeat048
2.239,0.19727360215159434,2.92,0.269216581870843,lo_A_model_1_unrelaxed_repeat084,lo_A_model_1_unrelaxed_repeat001
2.255,0.18269954775434544,2.66,0.24661392159267698,lo_A_model_1_unrelaxed_repeat084,lo_A_model_1_unrelaxed_repeat061
2.258,0.21505481085951028,2.8899999999999997,0.30861349449475345,lo_A_model_1_unrelaxed_repeat084,lo_A_model_1_unrelaxed_repeat099
2.258,0.2056300517162134,2.86,0.2792162031936795,lo_A_model_1_unrelaxed_repeat084,lo_A_model_1_unrelaxed_repeat007
2.268,0.21683940643508215,2.58,0.2879753208310138,lo_A_model_1_unrelaxed_repeat084,lo_A_model_1_unrelaxed_repeat025
2.28,0.21793727359436554,2.81,0.29149891354023244,lo_A_model_1_unrelaxed_repeat084,lo_A_model_1_unrelaxed_repeat005
2.304,0.2189684222829437,2.84,0.28961890998102663,lo_A_model_1_unrelaxed_repeat084,lo_A_model_1_unrelaxed_repeat036
2.317,0.22511364925007063,2.99,0.3128152658645993,lo_A_model_1_unrelaxed_repeat084,lo_A_model_1_unrelaxed_repeat068
2.324,0.2404637543734647,2.86,0.32972564135866783,lo_A_model_1_unrelaxed_repeat084,lo_A_model_1_unrelaxed_repeat046
2.341,0.25061029827660514,2.9,0.36243268824018504,lo_A_model_1_unrelaxed_repeat084,lo_A_model_1_unrelaxed_repeat066
2.347,0.23207593165678206,2.94,0.30180378091491006,lo_A_model_1_unrelaxed_repeat084,lo_A_model_1_unrelaxed_repeat009
2.349,0.24967938296451178,3.01,0.3184595881725004,lo_A_model_1_unrelaxed_repeat084,lo_A_model_1_unrelaxed_repeat080
2.358,0.24887810473349553,2.77,0.3194036825810747,lo_A_model_1_unrelaxed_repeat084,lo_A_model_1_unrelaxed_repeat064
2.367,0.2007935066975591,3.11,0.27823997217745416,lo_A_model_1_unrelaxed_repeat084,lo_A_model_1_unrelaxed_repeat077
2.372,0.238027209586586,2.91,0.31484087767418245,lo_A_model_1_unrelaxed_repeat084,lo_A_model_1_unrelaxed_repeat040
2.373,0.21864571194826105,2.87,0.3085061612061353,lo_A_model_1_unrelaxed_repeat084,lo_A_model_1_unrelaxed_repeat047
2.379,0.22284938491006107,2.91,0.3049276280842697,lo_A_model_1_unrelaxed_repeat084,lo_A_model_1_unrelaxed_repeat014
2.386,0.20848553844928733,2.92,0.2922624489321097,lo_A_model_1_unrelaxed_repeat084,lo_A_model_1_unrelaxed_repeat016
2.395,0.2246295338280591,2.86,0.29987035825445746,lo_A_model_1_unrelaxed_repeat084,lo_A_model_1_unrelaxed_repeat035
2.395,0.21140826465248763,2.92,0.297062393796821,lo_A_model_1_unrelaxed_repeat084,lo_A_model_1_unrelaxed_repeat094
2.398,0.23729806142714596,2.92,0.3138534781111413,lo_A_model_1_unrelaxed_repeat084,lo_A_model_1_unrelaxed_repeat003
2.399,0.22348800443400565,2.8600000000000003,0.30828126614472373,lo_A_model_1_unrelaxed_repeat084,lo_A_model_1_unrelaxed_repeat034
2.4,0.2312504380384824,2.92,0.3084646551725189,lo_A_model_1_unrelaxed_repeat084,lo_A_model_1_unrelaxed_repeat021
2.404,0.21459146800420628,2.87,0.2832474160737329,lo_A_model_1_unrelaxed_repeat084,lo_A_model_1_unrelaxed_repeat055
2.4219999999999997,0.19308211763077382,2.73,0.28597667902156987,lo_A_model_1_unrelaxed_repeat084,lo_A_model_1_unrelaxed_repeat051
2.422,0.22512730653739893,2.92,0.28243048950494504,lo_A_model_1_unrelaxed_repeat084,lo_A_model_1_unrelaxed_repeat015
2.4290000000000003,0.22413039072330126,2.54,0.29089984216017134,lo_A_model_1_unrelaxed_repeat084,lo_A_model_1_unrelaxed_repeat029
2.432,0.21883609011030136,2.7800000000000002,0.3100943139561343,lo_A_model_1_unrelaxed_repeat084,lo_A_model_1_unrelaxed_repeat018
2.433,0.2557668309552301,2.84,0.33453475904179686,lo_A_model_1_unrelaxed_repeat084,lo_A_model_1_unrelaxed_repeat017
2.437,0.20283808775136963,2.91,0.2972363404095903,lo_A_model_1_unrelaxed_repeat084,lo_A_model_1_unrelaxed_repeat088
2.44,0.20952765872576723,2.8,0.28409090003901666,lo_A_model_1_unrelaxed_repeat084,lo_A_model_1_unrelaxed_repeat002
2.44,0.21430487221397815,2.8899999999999997,0.28680575193311064,lo_A_model_1_unrelaxed_repeat084,lo_A_model_1_unrelaxed_repeat096
2.442,0.24318070898943975,3.04,0.34453298199090054,lo_A_model_1_unrelaxed_repeat084,lo_A_model_1_unrelaxed_repeat085
2.443,0.19489756525982055,2.98,0.28115116925132594,lo_A_model_1_unrelaxed_repeat084,lo_A_model_1_unrelaxed_repeat056
2.449,0.2326451472108196,2.91,0.3135418598115366,lo_A_model_1_unrelaxed_repeat084,lo_A_model_1_unrelaxed_repeat013
2.4539999999999997,0.2110898113141169,2.92,0.2884483674040867,lo_A_model_1_unrelaxed_repeat084,lo_A_model_1_unrelaxed_repeat075
2.4610000000000003,0.2229500729985786,3.0,0.30276446838925336,lo_A_model_1_unrelaxed_repeat084,lo_A_model_1_unrelaxed_repeat032
2.467,0.22726269737785032,2.76,0.30768106780394944,lo_A_model_1_unrelaxed_repeat084,lo_A_model_1_unrelaxed_repeat089
2.473,0.2669674759034737,2.92,0.3629080604946106,lo_A_model_1_unrelaxed_repeat084,lo_A_model_1_unrelaxed_repeat087
2.481,0.24413687206829374,2.88,0.3299233448057026,lo_A_model_1_unrelaxed_repeat084,lo_A_model_1_unrelaxed_repeat004
2.49,0.22815168698626384,2.67,0.30776953828821363,lo_A_model_1_unrelaxed_repeat084,lo_A_model_1_unrelaxed_repeat060
2.495,0.2232683412789496,2.87,0.30337467686618536,lo_A_model_1_unrelaxed_repeat084,lo_A_model_1_unrelaxed_repeat024
2.498,0.23166819484680354,2.94,0.3199515789545919,lo_A_model_1_unrelaxed_repeat084,lo_A_model_1_unrelaxed_repeat058
2.505,0.23998684930589656,2.9,0.33079550365150295,lo_A_model_1_unrelaxed_repeat084,lo_A_model_1_unrelaxed_repeat073
2.519,0.20888872944118755,2.8899999999999997,0.28157598577538373,lo_A_model_1_unrelaxed_repeat084,lo_A_model_1_unrelaxed_repeat053
2.521,0.19898619875794737,2.71,0.2744068385055263,lo_A_model_1_unrelaxed_repeat084,lo_A_model_1_unrelaxed_repeat037
2.5300000000000002,0.24099648398529822,2.9,0.3065165864021522,lo_A_model_1_unrelaxed_repeat084,lo_A_model_1_unrelaxed_repeat100
2.541,0.24745849553008745,2.9699999999999998,0.35247922249259495,lo_A_model_1_unrelaxed_repeat084,lo_A_model_1_unrelaxed_repeat083
2.5570000000000004,0.24399142436676077,2.9,0.3212844839070629,lo_A_model_1_unrelaxed_repeat084,lo_A_model_1_unrelaxed_repeat030
2.58,0.19753000605076407,2.66,0.27120111157304455,lo_A_model_1_unrelaxed_repeat084,lo_A_model_1_unrelaxed_repeat076
2.6100000000000003,0.2153251020452921,2.9699999999999998,0.301083973951669,lo_A_model_1_unrelaxed_repeat084,lo_A_model_1_unrelaxed_repeat057
2.6159999999999997,0.20928286366618853,2.83,0.2861244164487293,lo_A_model_1_unrelaxed_repeat084,lo_A_model_1_unrelaxed_repeat081
2.6189999999999998,0.25423937387326107,2.92,0.3477997878345236,lo_A_model_1_unrelaxed_repeat084,lo_A_model_1_unrelaxed_repeat012
2.625,0.22470816680507727,2.88,0.3016104603856107,lo_A_model_1_unrelaxed_repeat084,lo_A_model_1_unrelaxed_repeat086
2.629,0.22877369605293887,2.8899999999999997,0.29740042033310266,lo_A_model_1_unrelaxed_repeat084,lo_A_model_1_unrelaxed_repeat038
2.629,0.24737138476966414,2.9699999999999998,0.3410978236838934,lo_A_model_1_unrelaxed_repeat084,lo_A_model_1_unrelaxed_repeat093
2.648,0.2159905226289389,2.82,0.2888411555884298,lo_A_model_1_unrelaxed_repeat084,lo_A_model_1_unrelaxed_repeat090
2.6719999999999997,0.24052469885279149,2.86,0.31826060708172577,lo_A_model_1_unrelaxed_repeat084,lo_A_model_1_unrelaxed_repeat071
2.674,0.25593071867418976,2.9299999999999997,0.3563878149966853,lo_A_model_1_unrelaxed_repeat084,lo_A_model_1_unrelaxed_repeat050
2.685,0.2393122358110212,2.88,0.30057469989104585,lo_A_model_1_unrelaxed_repeat084,lo_A_model_1_unrelaxed_repeat023
2.69,0.24323398720612388,2.8499999999999996,0.3080596898852377,lo_A_model_1_unrelaxed_repeat084,lo_A_model_1_unrelaxed_repeat019
2.691,0.2321996138198403,2.88,0.30719372199414824,lo_A_model_1_unrelaxed_repeat084,lo_A_model_1_unrelaxed_repeat059
2.692,0.24961880351295435,2.92,0.3376420805158179,lo_A_model_1_unrelaxed_repeat084,lo_A_model_1_unrelaxed_repeat052
2.716,0.23119861838793962,2.6399999999999997,0.3007538454225992,lo_A_model_1_unrelaxed_repeat084,lo_A_model_1_unrelaxed_repeat031
2.729,0.21372362188634522,3.02,0.2889560411296038,lo_A_model_1_unrelaxed_repeat084,lo_A_model_1_unrelaxed_repeat049
2.471,0.19712570733451185,3.02,0.26298256277970267,lo_A_model_1_unrelaxed_repeat100,lo_A_model_1_unrelaxed_repeat059
2.4939999999999998,0.20651155977440536,3.02,0.2754454838843336,lo_A_model_1_unrelaxed_repeat100,lo_A_model_1_unrelaxed_repeat018
2.496,0.2167942267838554,2.9699999999999998,0.2676450043523932,lo_A_model_1_unrelaxed_repeat100,lo_A_model_1_unrelaxed_repeat035
2.497,0.2058580118189305,2.86,0.271854753780536,lo_A_model_1_unrelaxed_repeat100,lo_A_model_1_unrelaxed_repeat030
2.497,0.175810462547195,2.83,0.23176797632499926,lo_A_model_1_unrelaxed_repeat100,lo_A_model_1_unrelaxed_repeat058
2.5,0.20743745528249535,2.95,0.26106061870388336,lo_A_model_1_unrelaxed_repeat100,lo_A_model_1_unrelaxed_repeat094
2.501,0.22200884579419955,3.0300000000000002,0.2619580173639095,lo_A_model_1_unrelaxed_repeat100,lo_A_model_1_unrelaxed_repeat061
2.5010000000000003,0.21570967812328565,2.8899999999999997,0.29126334263677695,lo_A_model_1_unrelaxed_repeat100,lo_A_model_1_unrelaxed_repeat090
2.508,0.21216403214944635,2.65,0.26499726022283326,lo_A_model_1_unrelaxed_repeat100,lo_A_model_1_unrelaxed_repeat086
2.511,0.23800598867208536,2.95,0.28061851774887653,lo_A_model_1_unrelaxed_repeat100,lo_A_model_1_unrelaxed_repeat051
2.512,0.22594661972296604,2.84,0.2835771903553645,lo_A_model_1_unrelaxed_repeat100,lo_A_model_1_unrelaxed_repeat003
2.512,0.2173741551312556,2.9299999999999997,0.27110081322249824,lo_A_model_1_unrelaxed_repeat100,lo_A_model_1_unrelaxed_repeat005
2.512,0.22760629361400325,2.88,0.3097955392008199,lo_A_model_1_unrelaxed_repeat100,lo_A_model_1_unrelaxed_repeat088
2.5140000000000002,0.19006640884464981,2.9,0.2643180011320846,lo_A_model_1_unrelaxed_repeat100,lo_A_model_1_unrelaxed_repeat013
2.5149999999999997,0.25793693432445486,3.01,0.3118668234899399,lo_A_model_1_unrelaxed_repeat100,lo_A_model_1_unrelaxed_repeat045
2.52,0.23398237158938334,3.02,0.2898519675457263,lo_A_model_1_unrelaxed_repeat100,lo_A_model_1_unrelaxed_repeat015
2.521,0.23961779712312734,2.94,0.30478642349766477,lo_A_model_1_unrelaxed_repeat100,lo_A_model_1_unrelaxed_repeat038
2.5220000000000002,0.19470459411620744,2.9,0.24637248048763663,lo_A_model_1_unrelaxed_repeat100,lo_A_model_1_unrelaxed_repeat007
2.525,0.25061502260740337,2.85,0.3155414086037422,lo_A_model_1_unrelaxed_repeat100,lo_A_model_1_unrelaxed_repeat099
2.526,0.23661299054814666,3.01,0.2923691397479684,lo_A_model_1_unrelaxed_repeat100,lo_A_model_1_unrelaxed_repeat048
2.527,0.24206628988386675,2.87,0.3045026433378106,lo_A_model_1_unrelaxed_repeat100,lo_A_model_1_unrelaxed_repeat098
2.527,0.23877425904212515,3.0300000000000002,0.30366572993421675,lo_A_model_1_unrelaxed_repeat100,lo_A_model_1_unrelaxed_repeat026
2.528,0.1964817660911432,2.87,0.24437839745872,lo_A_model_1_unrelaxed_repeat100,lo_A_model_1_unrelaxed_repeat055
2.528,0.19172542733028017,2.94,0.2624418186084421,lo_A_model_1_unrelaxed_repeat100,lo_A_model_1_unrelaxed_repeat024
2.529,0.2806146962033918,3.0300000000000002,0.374263148264405,lo_A_model_1_unrelaxed_repeat100,lo_A_model_1_unrelaxed_repeat085
2.5300000000000002,0.2583391949125027,3.02,0.3045308782274655,lo_A_model_1_unrelaxed_repeat100,lo_A_model_1_unrelaxed_repeat036
2.533,0.26752225530139556,3.04,0.321249393936292,lo_A_model_1_unrelaxed_repeat100,lo_A_model_1_unrelaxed_repeat033
2.533,0.23653890907812267,2.85,0.2888725060465989,lo_A_model_1_unrelaxed_repeat100,lo_A_model_1_unrelaxed_repeat027
2.534,0.2278575980267956,2.94,0.2812066275569874,lo_A_model_1_unrelaxed_repeat100,lo_A_model_1_unrelaxed_repeat037
2.535,0.25036149715177874,3.04,0.3102412186249686,lo_A_model_1_unrelaxed_repeat100,lo_A_model_1_unrelaxed_repeat092
2.536,0.2284396847233626,3.0300000000000002,0.2840192320555006,lo_A_model_1_unrelaxed_repeat100,lo_A_model_1_unrelaxed_repeat029
2.536,0.2118412975229206,2.98,0.2714409701686962,lo_A_model_1_unrelaxed_repeat100,lo_A_model_1_unrelaxed_repeat053
2.537,0.19752560689468346,2.92,0.27191805337993685,lo_A_model_1_unrelaxed_repeat100,lo_A_model_1_unrelaxed_repeat075
2.537,0.2594928750803257,2.9299999999999997,0.30710480612591623,lo_A_model_1_unrelaxed_repeat100,lo_A_model_1_unrelaxed_repeat056
2.537,0.21496036032091823,2.96,0.26134230372038314,lo_A_model_1_unrelaxed_repeat100,lo_A_model_1_unrelaxed_repeat023
2.5380000000000003,0.23709960964266447,2.8899999999999997,0.29893387099401736,lo_A_model_1_unrelaxed_repeat100,lo_A_model_1_unrelaxed_repeat022
2.5380000000000003,0.19918734540473407,2.85,0.24930685024563434,lo_A_model_1_unrelaxed_repeat100,lo_A_model_1_unrelaxed_repeat069
2.5380000000000003,0.230080380928331,2.96,0.30969910174144255,lo_A_model_1_unrelaxed_repeat100,lo_A_model_1_unrelaxed_repeat096
2.5380000000000003,0.22276764648498174,2.95,0.2829139199880997,lo_A_model_1_unrelaxed_repeat100,lo_A_model_1_unrelaxed_repeat047
2.5389999999999997,0.23379487175745717,2.99,0.2882277254973062,lo_A_model_1_unrelaxed_repeat100,lo_A_model_1_unrelaxed_repeat062
2.5389999999999997,0.19521413868563772,2.91,0.2542870197474051,lo_A_model_1_unrelaxed_repeat100,lo_A_model_1_unrelaxed_repeat081
2.539,0.2976918974515389,3.0300000000000002,0.38187239178179694,lo_A_model_1_unrelaxed_repeat100,lo_A_model_1_unrelaxed_repeat087
2.54,0.23521393117579206,3.02,0.2861839099758082,lo_A_model_1_unrelaxed_repeat100,lo_A_model_1_unrelaxed_repeat077
2.54,0.18594948781098425,2.85,0.22872014373199395,lo_A_model_1_unrelaxed_repeat100,lo_A_model_1_unrelaxed_repeat034
2.544,0.22076321315019984,2.87,0.27338444687653946,lo_A_model_1_unrelaxed_repeat100,lo_A_model_1_unrelaxed_repeat009
2.545,0.19286761973192562,2.92,0.25030539286953213,lo_A_model_1_unrelaxed_repeat100,lo_A_model_1_unrelaxed_repeat016
2.545,0.2788899239835868,2.96,0.37200954500345373,lo_A_model_1_unrelaxed_repeat100,lo_A_model_1_unrelaxed_repeat083
2.5469999999999997,0.24085528158349917,2.92,0.2975126738984173,lo_A_model_1_unrelaxed_repeat100,lo_A_model_1_unrelaxed_repeat070
2.5469999999999997,0.2587767421716725,2.91,0.3147599853138778,lo_A_model_1_unrelaxed_repeat100,lo_A_model_1_unrelaxed_repeat032
2.5469999999999997,0.2255194893068548,2.8899999999999997,0.29164650247077106,lo_A_model_1_unrelaxed_repeat100,lo_A_model_1_unrelaxed_repeat008
2.547,0.23845826092452185,2.9,0.3075405692209374,lo_A_model_1_unrelaxed_repeat100,lo_A_model_1_unrelaxed_repeat079
2.55,0.23559673725185498,3.0,0.2963391321761966,lo_A_model_1_unrelaxed_repeat100,lo_A_model_1_unrelaxed_repeat020
2.55,0.24669014117121293,3.0300000000000002,0.30787150581299233,lo_A_model_1_unrelaxed_repeat100,lo_A_model_1_unrelaxed_repeat097
2.55,0.17209792684242914,2.98,0.2539064746202374,lo_A_model_1_unrelaxed_repeat100,lo_A_model_1_unrelaxed_repeat071
2.551,0.1964972248418011,3.04,0.26017805062255167,lo_A_model_1_unrelaxed_repeat100,lo_A_model_1_unrelaxed_repeat002
2.552,0.2080558030129945,3.04,0.2561203333958999,lo_A_model_1_unrelaxed_repeat100,lo_A_model_1_unrelaxed_repeat057
2.553,0.2569678013485344,2.9699999999999998,0.349610860721162,lo_A_model_1_unrelaxed_repeat100,lo_A_model_1_unrelaxed_repeat091
2.553,0.2904740686349751,2.95,0.3718741922725987,lo_A_model_1_unrelaxed_repeat100,lo_A_model_1_unrelaxed_repeat066
2.5540000000000003,0.22908673695177184,3.04,0.28369758627418185,lo_A_model_1_unrelaxed_repeat100,lo_A_model_1_unrelaxed_repeat021
2.5540000000000003,0.23780464686698355,2.84,0.28812238100808524,lo_A_model_1_unrelaxed_repeat100,lo_A_model_1_unrelaxed_repeat025
2.5549999999999997,0.17719017369422924,3.04,0.2540239250669861,lo_A_model_1_unrelaxed_repeat100,lo_A_model_1_unrelaxed_repeat019
2.555,0.245581649344964,2.88,0.333378079972287,lo_A_model_1_unrelaxed_repeat100,lo_A_model_1_unrelaxed_repeat004
2.556,0.216688868676491,3.04,0.2660270942562011,lo_A_model_1_unrelaxed_repeat100,lo_A_model_1_unrelaxed_repeat078
2.558,0.23933763570040742,3.04,0.2937080777013292,lo_A_model_1_unrelaxed_repeat100,lo_A_model_1_unrelaxed_repeat001
2.564,0.24172139698942227,3.04,0.2953739658217438,lo_A_model_1_unrelaxed_repeat100,lo_A_model_1_unrelaxed_repeat049
2.564,0.2224766731595541,2.9699999999999998,0.2873027842584062,lo_A_model_1_unrelaxed_repeat100,lo_A_model_1_unrelaxed_repeat014
2.5759999999999996,0.20721738566374243,3.0300000000000002,0.2538291022748564,lo_A_model_1_unrelaxed_repeat100,lo_A_model_1_unrelaxed_repeat010
2.583,0.20797941050289823,2.88,0.2835575650619512,lo_A_model_1_unrelaxed_repeat100,lo_A_model_1_unrelaxed_repeat089
2.583,0.21620424958668577,2.8899999999999997,0.27103658379782497,lo_A_model_1_unrelaxed_repeat100,lo_A_model_1_unrelaxed_repeat017
2.585,0.26719423100348755,2.96,0.3436727907828368,lo_A_model_1_unrelaxed_repeat100,lo_A_model_1_unrelaxed_repeat068
2.59,0.2277316312048373,2.94,0.28234720252801054,lo_A_model_1_unrelaxed_repeat100,lo_A_model_1_unrelaxed_repeat060
2.591,0.25207397976238544,2.9699999999999998,0.3225746301068252,lo_A_model_1_unrelaxed_repeat100,lo_A_model_1_unrelaxed_repeat012
2.5919999999999996,0.26668520232433157,2.8899999999999997,0.33129256548932373,lo_A_model_1_unrelaxed_repeat100,lo_A_model_1_unrelaxed_repeat064
2.599,0.2778449619659184,2.9,0.34998679721674814,lo_A_model_1_unrelaxed_repeat100,lo_A_model_1_unrelaxed_repeat073
2.5999999999999996,0.2677655295718543,2.9699999999999998,0.3231914353176163,lo_A_model_1_unrelaxed_repeat100,lo_A_model_1_unrelaxed_repeat046
2.615,0.2785877341305813,2.96,0.36640065783249604,lo_A_model_1_unrelaxed_repeat100,lo_A_model_1_unrelaxed_repeat050
2.64,0.28575531065573256,3.04,0.33793405829234524,lo_A_model_1_unrelaxed_repeat100,lo_A_model_1_unrelaxed_repeat080
2.656,0.23693297978515201,2.99,0.29520560958648884,lo_A_model_1_unrelaxed_repeat100,lo_A_model_1_unrelaxed_repeat076
2.668,0.28401813700171114,3.0300000000000002,0.36876874361324935,lo_A_model_1_unrelaxed_repeat100,lo_A_model_1_unrelaxed_repeat093
2.685,0.23406066794829192,3.02,0.2823359538635895,lo_A_model_1_unrelaxed_repeat100,lo_A_model_1_unrelaxed_repeat065
2.689,0.2893086619162995,2.98,0.3642771272876598,lo_A_model_1_unrelaxed_repeat100,lo_A_model_1_unrelaxed_repeat052
2.713,0.23748857061573392,2.88,0.28202258455206186,lo_A_model_1_unrelaxed_repeat100,lo_A_model_1_unrelaxed_repeat031
2.713,0.2680117788285509,3.0300000000000002,0.341615952829296,lo_A_model_1_unrelaxed_repeat100,lo_A_model_1_unrelaxed_repeat074
3.117,0.26836946379704313,3.04,0.34914717271049334,lo_A_model_1_unrelaxed_repeat100,lo_A_model_1_unrelaxed_repeat040
2.069,0.20620542558172886,2.88,0.28445168497878076,lo_A_model_1_unrelaxed_repeat080,lo_A_model_1_unrelaxed_repeat033
2.094,0.20007750930122836,3.0300000000000002,0.28185533886336034,lo_A_model_1_unrelaxed_repeat080,lo_A_model_1_unrelaxed_repeat045
2.2,0.1910049396780146,2.79,0.2713916343040868,lo_A_model_1_unrelaxed_repeat080,lo_A_model_1_unrelaxed_repeat064
2.224,0.21334095099954573,2.8200000000000003,0.30759094401689024,lo_A_model_1_unrelaxed_repeat080,lo_A_model_1_unrelaxed_repeat074
2.277,0.2511207650247375,3.01,0.36662197672772223,lo_A_model_1_unrelaxed_repeat080,lo_A_model_1_unrelaxed_repeat066
2.297,0.21231188088269695,2.96,0.28519912477518616,lo_A_model_1_unrelaxed_repeat080,lo_A_model_1_unrelaxed_repeat036
2.371,0.2338809994172507,2.74,0.3219861467265852,lo_A_model_1_unrelaxed_repeat080,lo_A_model_1_unrelaxed_repeat091
2.41,0.2040143519314056,2.66,0.293823299989288,lo_A_model_1_unrelaxed_repeat080,lo_A_model_1_unrelaxed_repeat027
2.4299999999999997,0.2336191758253263,2.94,0.30707629543164494,lo_A_model_1_unrelaxed_repeat080,lo_A_model_1_unrelaxed_repeat040
2.433,0.20875126446294498,2.82,0.29985552076514005,lo_A_model_1_unrelaxed_repeat080,lo_A_model_1_unrelaxed_repeat029
2.439,0.1946761038436031,3.02,0.27111843802884167,lo_A_model_1_unrelaxed_repeat080,lo_A_model_1_unrelaxed_repeat097
2.441,0.24110307841377898,3.02,0.3268223476511014,lo_A_model_1_unrelaxed_repeat080,lo_A_model_1_unrelaxed_repeat022
2.452,0.23837693669585122,3.0,0.33966658734403055,lo_A_model_1_unrelaxed_repeat080,lo_A_model_1_unrelaxed_repeat073
2.452,0.22348890573611135,2.9699999999999998,0.3048087653018923,lo_A_model_1_unrelaxed_repeat080,lo_A_model_1_unrelaxed_repeat004
2.469,0.21679570626432965,3.04,0.2944286676656124,lo_A_model_1_unrelaxed_repeat080,lo_A_model_1_unrelaxed_repeat077
2.484,0.21400380780910283,2.85,0.2820887247674313,lo_A_model_1_unrelaxed_repeat080,lo_A_model_1_unrelaxed_repeat015
2.487,0.24393546251261755,2.88,0.3246467872637687,lo_A_model_1_unrelaxed_repeat080,lo_A_model_1_unrelaxed_repeat024
2.495,0.2445348063788839,3.01,0.31411287074090577,lo_A_model_1_unrelaxed_repeat080,lo_A_model_1_unrelaxed_repeat003
2.504,0.2189545383010645,2.82,0.2985601115358281,lo_A_model_1_unrelaxed_repeat080,lo_A_model_1_unrelaxed_repeat046
2.5140000000000002,0.21169025270457956,3.01,0.28050067641749526,lo_A_model_1_unrelaxed_repeat080,lo_A_model_1_unrelaxed_repeat026
2.521,0.28250614942602453,2.96,0.3793300698070214,lo_A_model_1_unrelaxed_repeat080,lo_A_model_1_unrelaxed_repeat087
2.528,0.23865512256190052,2.91,0.32975713957634595,lo_A_model_1_unrelaxed_repeat080,lo_A_model_1_unrelaxed_repeat068
2.549,0.24388282441734122,2.95,0.3134670216732232,lo_A_model_1_unrelaxed_repeat080,lo_A_model_1_unrelaxed_repeat058
2.5570000000000004,0.25048663538487986,2.98,0.3475948013459735,lo_A_model_1_unrelaxed_repeat080,lo_A_model_1_unrelaxed_repeat093
2.564,0.22342505728582898,2.7,0.2894886716041311,lo_A_model_1_unrelaxed_repeat080,lo_A_model_1_unrelaxed_repeat098
2.572,0.24409765570806807,2.96,0.3185121886304379,lo_A_model_1_unrelaxed_repeat080,lo_A_model_1_unrelaxed_repeat055
2.58,0.24446516320917758,3.02,0.3098387600423914,lo_A_model_1_unrelaxed_repeat080,lo_A_model_1_unrelaxed_repeat009
2.6029999999999998,0.24847740000224186,3.01,0.32532528016018347,lo_A_model_1_unrelaxed_repeat080,lo_A_model_1_unrelaxed_repeat021
2.6159999999999997,0.23547755938266882,2.98,0.30425273734696084,lo_A_model_1_unrelaxed_repeat080,lo_A_model_1_unrelaxed_repeat020
2.628,0.22052858466049363,2.95,0.28220808280923,lo_A_model_1_unrelaxed_repeat080,lo_A_model_1_unrelaxed_repeat076
2.636,0.24134344484385464,3.0300000000000002,0.32410360589379744,lo_A_model_1_unrelaxed_repeat080,lo_A_model_1_unrelaxed_repeat030
2.6399999999999997,0.2593400152130423,3.04,0.33996987159282815,lo_A_model_1_unrelaxed_repeat080,lo_A_model_1_unrelaxed_repeat096
2.642,0.23030158308236442,2.82,0.30515054095747246,lo_A_model_1_unrelaxed_repeat080,lo_A_model_1_unrelaxed_repeat049
2.651,0.24327182204098696,3.0300000000000002,0.3050636557321126,lo_A_model_1_unrelaxed_repeat080,lo_A_model_1_unrelaxed_repeat051
2.652,0.22203414718885628,2.81,0.29890381513289765,lo_A_model_1_unrelaxed_repeat080,lo_A_model_1_unrelaxed_repeat079
2.652,0.2074111409784992,2.84,0.2995816348460849,lo_A_model_1_unrelaxed_repeat080,lo_A_model_1_unrelaxed_repeat070
2.654,0.1958876521020807,3.04,0.27468322241311055,lo_A_model_1_unrelaxed_repeat080,lo_A_model_1_unrelaxed_repeat056
2.658,0.2017011940317155,2.81,0.2712931993250107,lo_A_model_1_unrelaxed_repeat080,lo_A_model_1_unrelaxed_repeat008
2.659,0.20510106793644328,3.02,0.28846101434235794,lo_A_model_1_unrelaxed_repeat080,lo_A_model_1_unrelaxed_repeat032
2.661,0.25476638742233815,2.92,0.32876158138730327,lo_A_model_1_unrelaxed_repeat080,lo_A_model_1_unrelaxed_repeat034
2.661,0.23750750850264904,2.87,0.3035139458205871,lo_A_model_1_unrelaxed_repeat080,lo_A_model_1_unrelaxed_repeat005
2.665,0.19735559795906396,3.02,0.2623143392752547,lo_A_model_1_unrelaxed_repeat080,lo_A_model_1_unrelaxed_repeat092
2.667,0.25770323174327847,2.92,0.33491147165833957,lo_A_model_1_unrelaxed_repeat080,lo_A_model_1_unrelaxed_repeat012
2.6710000000000003,0.22292334434398076,2.88,0.2836206235148912,lo_A_model_1_unrelaxed_repeat080,lo_A_model_1_unrelaxed_repeat037
2.6710000000000003,0.23615597704390678,2.9,0.3154320333575797,lo_A_model_1_unrelaxed_repeat080,lo_A_model_1_unrelaxed_repeat016
2.673,0.22766363449638374,2.74,0.29306593026992844,lo_A_model_1_unrelaxed_repeat080,lo_A_model_1_unrelaxed_repeat086
2.677,0.22731448786834899,2.99,0.2967579708720706,lo_A_model_1_unrelaxed_repeat080,lo_A_model_1_unrelaxed_repeat038
2.684,0.2296157928002567,2.9699999999999998,0.3046276368597729,lo_A_model_1_unrelaxed_repeat080,lo_A_model_1_unrelaxed_repeat065
2.684,0.21573745502180353,3.0300000000000002,0.2815176019876882,lo_A_model_1_unrelaxed_repeat080,lo_A_model_1_unrelaxed_repeat061
2.685,0.2365473520997598,2.8499999999999996,0.30033657800180935,lo_A_model_1_unrelaxed_repeat080,lo_A_model_1_unrelaxed_repeat047
2.692,0.21677410629883706,2.83,0.28870154778072654,lo_A_model_1_unrelaxed_repeat080,lo_A_model_1_unrelaxed_repeat099
2.692,0.2072594208354249,2.88,0.2697625194152422,lo_A_model_1_unrelaxed_repeat080,lo_A_model_1_unrelaxed_repeat062
2.694,0.2445147142680011,3.0300000000000002,0.34459077759818596,lo_A_model_1_unrelaxed_repeat080,lo_A_model_1_unrelaxed_repeat052
2.697,0.21383041092228472,2.8899999999999997,0.2848518426236099,lo_A_model_1_unrelaxed_repeat080,lo_A_model_1_unrelaxed_repeat025
2.703,0.2275632000440892,2.6399999999999997,0.29391151238112023,lo_A_model_1_unrelaxed_repeat080,lo_A_model_1_unrelaxed_repeat007
2.706,0.23409026907851857,2.6799999999999997,0.29390620675497603,lo_A_model_1_unrelaxed_repeat080,lo_A_model_1_unrelaxed_repeat075
2.711,0.23251594988901234,3.04,0.32593881132315694,lo_A_model_1_unrelaxed_repeat080,lo_A_model_1_unrelaxed_repeat090
2.715,0.23172144863347335,2.99,0.28422743718983595,lo_A_model_1_unrelaxed_repeat080,lo_A_model_1_unrelaxed_repeat001
2.7199999999999998,0.2602294233742594,2.8200000000000003,0.3181442075015821,lo_A_model_1_unrelaxed_repeat080,lo_A_model_1_unrelaxed_repeat071
2.723,0.21254522231929426,2.9,0.27920303501922844,lo_A_model_1_unrelaxed_repeat080,lo_A_model_1_unrelaxed_repeat078
2.724,0.23649223477771392,2.8200000000000003,0.3108806541357629,lo_A_model_1_unrelaxed_repeat080,lo_A_model_1_unrelaxed_repeat035
2.732,0.21912485515322708,3.01,0.2979065729054287,lo_A_model_1_unrelaxed_repeat080,lo_A_model_1_unrelaxed_repeat014
2.739,0.24662084560685413,3.04,0.32234645788767785,lo_A_model_1_unrelaxed_repeat080,lo_A_model_1_unrelaxed_repeat059
2.745,0.20065424749709787,2.99,0.2833341243782612,lo_A_model_1_unrelaxed_repeat080,lo_A_model_1_unrelaxed_repeat048
2.753,0.2247374796600436,2.8600000000000003,0.29543503482104805,lo_A_model_1_unrelaxed_repeat080,lo_A_model_1_unrelaxed_repeat010
2.755,0.2677178029781986,2.87,0.3370978131378452,lo_A_model_1_unrelaxed_repeat080,lo_A_model_1_unrelaxed_repeat089
2.7560000000000002,0.254472036682825,3.0300000000000002,0.3502151801237738,lo_A_model_1_unrelaxed_repeat080,lo_A_model_1_unrelaxed_repeat083
2.758,0.23769487058442368,2.9,0.31461432665257005,lo_A_model_1_unrelaxed_repeat080,lo_A_model_1_unrelaxed_repeat069
2.76,0.2193506243972469,3.0,0.2994144500112453,lo_A_model_1_unrelaxed_repeat080,lo_A_model_1_unrelaxed_repeat094
2.766,0.2404118622683026,2.92,0.3154778377230651,lo_A_model_1_unrelaxed_repeat080,lo_A_model_1_unrelaxed_repeat053
2.7729999999999997,0.26559339183309466,2.81,0.3357238885268829,lo_A_model_1_unrelaxed_repeat080,lo_A_model_1_unrelaxed_repeat031
2.778,0.227795252920729,3.0,0.3051191751033303,lo_A_model_1_unrelaxed_repeat080,lo_A_model_1_unrelaxed_repeat057
2.784,0.26622243327171013,2.85,0.34627884932210307,lo_A_model_1_unrelaxed_repeat080,lo_A_model_1_unrelaxed_repeat013
2.792,0.27054649350936816,2.96,0.33929873822712325,lo_A_model_1_unrelaxed_repeat080,lo_A_model_1_unrelaxed_repeat019
2.847,0.28319226598477376,2.71,0.3290101337303789,lo_A_model_1_unrelaxed_repeat080,lo_A_model_1_unrelaxed_repeat017
2.8609999999999998,0.22549441910435455,2.8899999999999997,0.3044729022618122,lo_A_model_1_unrelaxed_repeat080,lo_A_model_1_unrelaxed_repeat018
2.8659999999999997,0.20361618427992237,2.95,0.29584640100901294,lo_A_model_1_unrelaxed_repeat080,lo_A_model_1_unrelaxed_repeat088
2.8689999999999998,0.23563752807053703,2.88,0.3062212819737052,lo_A_model_1_unrelaxed_repeat080,lo_A_model_1_unrelaxed_repeat002
2.919,0.24207161592989943,2.84,0.3101044173215632,lo_A_model_1_unrelaxed_repeat080,lo_A_model_1_unrelaxed_repeat060
2.943,0.23335064456527047,2.92,0.309216370764062,lo_A_model_1_unrelaxed_repeat080,lo_A_model_1_unrelaxed_repeat023
2.987,0.24670795289173109,2.8600000000000003,0.3413381057427456,lo_A_model_1_unrelaxed_repeat080,lo_A_model_1_unrelaxed_repeat085
3.045,0.2329088028467166,2.8,0.2981114135325881,lo_A_model_1_unrelaxed_repeat080,lo_A_model_1_unrelaxed_repeat081
3.282,0.25765427202216784,3.0,0.36437525658429754,lo_A_model_1_unrelaxed_repeat080,lo_A_model_1_unrelaxed_repeat050
2.043,0.2138843008134955,2.98,0.3144904819437152,lo_A_model_1_unrelaxed_repeat096,lo_A_model_1_unrelaxed_repeat017
2.067,0.20045268582905074,2.92,0.2782671188147241,lo_A_model_1_unrelaxed_repeat096,lo_A_model_1_unrelaxed_repeat053
2.254,0.18568653420284206,2.84,0.2637538519540537,lo_A_model_1_unrelaxed_repeat096,lo_A_model_1_unrelaxed_repeat051
2.351,0.22065220466161553,2.9299999999999997,0.2969257360079497,lo_A_model_1_unrelaxed_repeat096,lo_A_model_1_unrelaxed_repeat029
2.362,0.1987484466967671,3.02,0.30051391366006736,lo_A_model_1_unrelaxed_repeat096,lo_A_model_1_unrelaxed_repeat034
2.363,0.20962317031668865,2.8899999999999997,0.30658775497750385,lo_A_model_1_unrelaxed_repeat096,lo_A_model_1_unrelaxed_repeat058
2.364,0.20926032072800474,2.62,0.29650501133260887,lo_A_model_1_unrelaxed_repeat096,lo_A_model_1_unrelaxed_repeat057
2.365,0.194702556610813,2.76,0.257681696941175,lo_A_model_1_unrelaxed_repeat096,lo_A_model_1_unrelaxed_repeat061
2.366,0.2067501730317073,2.94,0.3079937851220699,lo_A_model_1_unrelaxed_repeat096,lo_A_model_1_unrelaxed_repeat016
2.3810000000000002,0.22890074189994714,2.7800000000000002,0.3057529461698764,lo_A_model_1_unrelaxed_repeat096,lo_A_model_1_unrelaxed_repeat048
2.3890000000000002,0.24535223460808683,3.0300000000000002,0.33369003804105357,lo_A_model_1_unrelaxed_repeat096,lo_A_model_1_unrelaxed_repeat064
2.39,0.2109356986279253,2.95,0.30031523733231186,lo_A_model_1_unrelaxed_repeat096,lo_A_model_1_unrelaxed_repeat001
2.391,0.18993873569924377,2.87,0.27960528074161617,lo_A_model_1_unrelaxed_repeat096,lo_A_model_1_unrelaxed_repeat024
2.41,0.2376017243185361,2.84,0.31865620025790176,lo_A_model_1_unrelaxed_repeat096,lo_A_model_1_unrelaxed_repeat021
2.412,0.22186415890619435,2.99,0.3077167751909304,lo_A_model_1_unrelaxed_repeat096,lo_A_model_1_unrelaxed_repeat049
2.415,0.18754339583650612,3.69,0.25368900565058555,lo_A_model_1_unrelaxed_repeat096,lo_A_model_1_unrelaxed_repeat077
2.415,0.2205943428367087,2.8600000000000003,0.3009543713247182,lo_A_model_1_unrelaxed_repeat096,lo_A_model_1_unrelaxed_repeat035
2.419,0.21985962227068243,2.87,0.2984799353673229,lo_A_model_1_unrelaxed_repeat096,lo_A_model_1_unrelaxed_repeat015
2.4210000000000003,0.23768660916718948,2.8899999999999997,0.31120831474194377,lo_A_model_1_unrelaxed_repeat096,lo_A_model_1_unrelaxed_repeat033
2.422,0.22778015465687057,2.79,0.3032788392937698,lo_A_model_1_unrelaxed_repeat096,lo_A_model_1_unrelaxed_repeat025
2.422,0.19089134720507434,2.91,0.28753856493228697,lo_A_model_1_unrelaxed_repeat096,lo_A_model_1_unrelaxed_repeat099
2.423,0.20975650301704574,2.79,0.292024113688715,lo_A_model_1_unrelaxed_repeat096,lo_A_model_1_unrelaxed_repeat069
2.43,0.19546678220881222,2.63,0.2801237208780602,lo_A_model_1_unrelaxed_repeat096,lo_A_model_1_unrelaxed_repeat007
2.439,0.18204518375128365,2.98,0.2847355020921087,lo_A_model_1_unrelaxed_repeat096,lo_A_model_1_unrelaxed_repeat098
2.442,0.21756328334618405,2.98,0.3150198122615631,lo_A_model_1_unrelaxed_repeat096,lo_A_model_1_unrelaxed_repeat078
2.442,0.24278789968740389,3.04,0.3413615756377516,lo_A_model_1_unrelaxed_repeat096,lo_A_model_1_unrelaxed_repeat046
2.447,0.23552931530724305,2.9,0.3211041394678755,lo_A_model_1_unrelaxed_repeat096,lo_A_model_1_unrelaxed_repeat003
2.4539999999999997,0.20184235197319597,3.01,0.29556371783738916,lo_A_model_1_unrelaxed_repeat096,lo_A_model_1_unrelaxed_repeat022
2.4539999999999997,0.23713255741337527,3.04,0.3225152401274229,lo_A_model_1_unrelaxed_repeat096,lo_A_model_1_unrelaxed_repeat074
2.46,0.2028269592372256,2.7800000000000002,0.28605685879975074,lo_A_model_1_unrelaxed_repeat096,lo_A_model_1_unrelaxed_repeat081
2.4619999999999997,0.17970357487032113,2.74,0.26938052179430966,lo_A_model_1_unrelaxed_repeat096,lo_A_model_1_unrelaxed_repeat005
2.469,0.21397152084107907,2.88,0.29446073501151104,lo_A_model_1_unrelaxed_repeat096,lo_A_model_1_unrelaxed_repeat009
2.472,0.2664254973470515,2.91,0.375565648734411,lo_A_model_1_unrelaxed_repeat096,lo_A_model_1_unrelaxed_repeat066
2.476,0.2138783156506975,2.6399999999999997,0.29863993084912127,lo_A_model_1_unrelaxed_repeat096,lo_A_model_1_unrelaxed_repeat014
2.477,0.2091671624796773,3.18,0.2952855604863869,lo_A_model_1_unrelaxed_repeat096,lo_A_model_1_unrelaxed_repeat070
2.48,0.2538338957626707,2.98,0.3646736052149736,lo_A_model_1_unrelaxed_repeat096,lo_A_model_1_unrelaxed_repeat093
2.482,0.22604723005290792,3.48,0.3168975139296046,lo_A_model_1_unrelaxed_repeat096,lo_A_model_1_unrelaxed_repeat088
2.485,0.20369659265633216,2.9299999999999997,0.28921055786591865,lo_A_model_1_unrelaxed_repeat096,lo_A_model_1_unrelaxed_repeat026
2.485,0.20131333096595114,3.0,0.27942209931414086,lo_A_model_1_unrelaxed_repeat096,lo_A_model_1_unrelaxed_repeat010
2.4859999999999998,0.1983272032329482,2.8200000000000003,0.29064075037696496,lo_A_model_1_unrelaxed_repeat096,lo_A_model_1_unrelaxed_repeat008
2.493,0.18546352247494005,2.73,0.27321657368713753,lo_A_model_1_unrelaxed_repeat096,lo_A_model_1_unrelaxed_repeat062
2.496,0.20791361348499796,2.73,0.30774234434135855,lo_A_model_1_unrelaxed_repeat096,lo_A_model_1_unrelaxed_repeat047
2.496,0.19499020921093935,2.99,0.27672502271645927,lo_A_model_1_unrelaxed_repeat096,lo_A_model_1_unrelaxed_repeat075
2.498,0.18506995004364143,2.6100000000000003,0.24461455476028454,lo_A_model_1_unrelaxed_repeat096,lo_A_model_1_unrelaxed_repeat065
2.498,0.21323519626702958,2.9299999999999997,0.28973077138189995,lo_A_model_1_unrelaxed_repeat096,lo_A_model_1_unrelaxed_repeat055
2.503,0.2082178325895685,2.89,0.2880713331624403,lo_A_model_1_unrelaxed_repeat096,lo_A_model_1_unrelaxed_repeat045
2.504,0.21618446992271526,2.77,0.3056253234607473,lo_A_model_1_unrelaxed_repeat096,lo_A_model_1_unrelaxed_repeat002
2.505,0.22809501320737272,2.85,0.29326166376373913,lo_A_model_1_unrelaxed_repeat096,lo_A_model_1_unrelaxed_repeat036
2.513,0.21415948023769468,2.9699999999999998,0.2946030038880407,lo_A_model_1_unrelaxed_repeat096,lo_A_model_1_unrelaxed_repeat079
2.513,0.23843754337079162,3.01,0.31790061519992713,lo_A_model_1_unrelaxed_repeat096,lo_A_model_1_unrelaxed_repeat097
2.5140000000000002,0.2441425537513226,3.0300000000000002,0.3481781728615747,lo_A_model_1_unrelaxed_repeat096,lo_A_model_1_unrelaxed_repeat085
2.5149999999999997,0.2435042402535513,3.04,0.3382295907813425,lo_A_model_1_unrelaxed_repeat096,lo_A_model_1_unrelaxed_repeat091
2.516,0.2008608326823961,2.9299999999999997,0.29742682826001526,lo_A_model_1_unrelaxed_repeat096,lo_A_model_1_unrelaxed_repeat092
2.521,0.21970573439986293,3.0,0.28127667255498656,lo_A_model_1_unrelaxed_repeat096,lo_A_model_1_unrelaxed_repeat056
2.532,0.2172321042674483,2.98,0.3201856578734725,lo_A_model_1_unrelaxed_repeat096,lo_A_model_1_unrelaxed_repeat004
2.542,0.22599314433750783,2.8899999999999997,0.31956922901245766,lo_A_model_1_unrelaxed_repeat096,lo_A_model_1_unrelaxed_repeat094
2.5460000000000003,0.23033374305618318,2.8600000000000003,0.3046318165158763,lo_A_model_1_unrelaxed_repeat096,lo_A_model_1_unrelaxed_repeat032
2.556,0.23888113959772517,3.04,0.33032376712883676,lo_A_model_1_unrelaxed_repeat096,lo_A_model_1_unrelaxed_repeat068
2.5629999999999997,0.22665885326935525,2.9,0.3237632791781767,lo_A_model_1_unrelaxed_repeat096,lo_A_model_1_unrelaxed_repeat060
2.568,0.24592689517057775,2.8099999999999996,0.3457858293381925,lo_A_model_1_unrelaxed_repeat096,lo_A_model_1_unrelaxed_repeat040
2.58,0.22852429615730513,2.81,0.3291479875542546,lo_A_model_1_unrelaxed_repeat096,lo_A_model_1_unrelaxed_repeat013
2.588,0.2533929759999733,2.91,0.3794502084043215,lo_A_model_1_unrelaxed_repeat096,lo_A_model_1_unrelaxed_repeat083
2.596,0.1949742486940035,3.01,0.2919400843932475,lo_A_model_1_unrelaxed_repeat096,lo_A_model_1_unrelaxed_repeat030
2.598,0.19945577815445423,2.98,0.2820584969614539,lo_A_model_1_unrelaxed_repeat096,lo_A_model_1_unrelaxed_repeat089
2.5999999999999996,0.2079433798252824,3.36,0.29402626569970947,lo_A_model_1_unrelaxed_repeat096,lo_A_model_1_unrelaxed_repeat027
2.604,0.2910508713750624,2.94,0.3786493956245896,lo_A_model_1_unrelaxed_repeat096,lo_A_model_1_unrelaxed_repeat087
2.652,0.2039564436375756,2.9299999999999997,0.27728125198769327,lo_A_model_1_unrelaxed_repeat096,lo_A_model_1_unrelaxed_repeat037
2.676,0.2002360631175571,2.91,0.29831783992824895,lo_A_model_1_unrelaxed_repeat096,lo_A_model_1_unrelaxed_repeat020
2.694,0.2708641910890145,3.0,0.3538253248638676,lo_A_model_1_unrelaxed_repeat096,lo_A_model_1_unrelaxed_repeat052
2.7110000000000003,0.22556903215857366,3.0,0.30015804134723384,lo_A_model_1_unrelaxed_repeat096,lo_A_model_1_unrelaxed_repeat076
2.718,0.25522894936730023,2.8899999999999997,0.3262312212651988,lo_A_model_1_unrelaxed_repeat096,lo_A_model_1_unrelaxed_repeat031
2.727,0.20901390593818506,2.9,0.2996587472557191,lo_A_model_1_unrelaxed_repeat096,lo_A_model_1_unrelaxed_repeat018
2.75,0.228254283069624,2.99,0.324103473471748,lo_A_model_1_unrelaxed_repeat096,lo_A_model_1_unrelaxed_repeat012
2.7560000000000002,0.20950734295604911,2.92,0.3088927570147843,lo_A_model_1_unrelaxed_repeat096,lo_A_model_1_unrelaxed_repeat086
2.76,0.22981853013937328,3.04,0.3137411889112686,lo_A_model_1_unrelaxed_repeat096,lo_A_model_1_unrelaxed_repeat038
2.779,0.2141092670919442,3.04,0.3030860820038342,lo_A_model_1_unrelaxed_repeat096,lo_A_model_1_unrelaxed_repeat090
2.803,0.21403887176540956,2.5700000000000003,0.3008436397285025,lo_A_model_1_unrelaxed_repeat096,lo_A_model_1_unrelaxed_repeat071
2.8049999999999997,0.27022715660338686,2.96,0.3635723249633504,lo_A_model_1_unrelaxed_repeat096,lo_A_model_1_unrelaxed_repeat050
2.816,0.23050266958691668,2.88,0.3027862979118232,lo_A_model_1_unrelaxed_repeat096,lo_A_model_1_unrelaxed_repeat023
2.8209999999999997,0.22140468389047446,3.01,0.312562028178772,lo_A_model_1_unrelaxed_repeat096,lo_A_model_1_unrelaxed_repeat019
2.822,0.23844852964015872,3.0,0.3275276091628742,lo_A_model_1_unrelaxed_repeat096,lo_A_model_1_unrelaxed_repeat059
2.843,0.23623268033038974,2.95,0.32739925445376516,lo_A_model_1_unrelaxed_repeat096,lo_A_model_1_unrelaxed_repeat073
1.239,0.12640771512645382,2.69,0.2206541192530691,lo_A_model_1_unrelaxed_repeat078,lo_A_model_1_unrelaxed_repeat088
1.5350000000000001,0.15926445916845453,2.7199999999999998,0.24137523249337395,lo_A_model_1_unrelaxed_repeat078,lo_A_model_1_unrelaxed_repeat097
1.754,0.15995707042104268,2.9,0.26855300279010524,lo_A_model_1_unrelaxed_repeat078,lo_A_model_1_unrelaxed_repeat079
1.782,0.14687628244958023,2.56,0.2083050338433124,lo_A_model_1_unrelaxed_repeat078,lo_A_model_1_unrelaxed_repeat061
1.804,0.15589281835751975,2.9,0.23763715262772542,lo_A_model_1_unrelaxed_repeat078,lo_A_model_1_unrelaxed_repeat048
1.919,0.15668808394683337,2.98,0.23477325986561076,lo_A_model_1_unrelaxed_repeat078,lo_A_model_1_unrelaxed_repeat070
2.074,0.16363339813211494,2.88,0.2559125722491826,lo_A_model_1_unrelaxed_repeat078,lo_A_model_1_unrelaxed_repeat098
2.1390000000000002,0.14891180575808782,2.83,0.2444544888906106,lo_A_model_1_unrelaxed_repeat078,lo_A_model_1_unrelaxed_repeat008
2.1479999999999997,0.1786226094976451,2.88,0.25061309657995984,lo_A_model_1_unrelaxed_repeat078,lo_A_model_1_unrelaxed_repeat056
2.17,0.1705271881208742,2.2,0.2476388066131246,lo_A_model_1_unrelaxed_repeat078,lo_A_model_1_unrelaxed_repeat027
2.182,0.16762213278425267,2.86,0.2470289841844104,lo_A_model_1_unrelaxed_repeat078,lo_A_model_1_unrelaxed_repeat022
2.197,0.18048470187490315,2.81,0.24495569071748138,lo_A_model_1_unrelaxed_repeat078,lo_A_model_1_unrelaxed_repeat015
2.2,0.16262691709274368,2.71,0.22307289492915627,lo_A_model_1_unrelaxed_repeat078,lo_A_model_1_unrelaxed_repeat016
2.209,0.16628854130684137,2.71,0.22494170282755155,lo_A_model_1_unrelaxed_repeat078,lo_A_model_1_unrelaxed_repeat094
2.215,0.16159993431208738,2.8200000000000003,0.22818027408634012,lo_A_model_1_unrelaxed_repeat078,lo_A_model_1_unrelaxed_repeat069
2.229,0.1810148738346002,2.91,0.25716858195005693,lo_A_model_1_unrelaxed_repeat078,lo_A_model_1_unrelaxed_repeat049
2.2319999999999998,0.22552350670028168,2.9299999999999997,0.33604235375814356,lo_A_model_1_unrelaxed_repeat078,lo_A_model_1_unrelaxed_repeat085
2.237,0.18113136263311114,2.77,0.24980381429558624,lo_A_model_1_unrelaxed_repeat078,lo_A_model_1_unrelaxed_repeat055
2.238,0.15526604607697614,2.9,0.22653747475376157,lo_A_model_1_unrelaxed_repeat078,lo_A_model_1_unrelaxed_repeat057
2.24,0.16223091862685166,2.68,0.2296251221220908,lo_A_model_1_unrelaxed_repeat078,lo_A_model_1_unrelaxed_repeat002
2.24,0.15050441179090554,2.74,0.2193971451412651,lo_A_model_1_unrelaxed_repeat078,lo_A_model_1_unrelaxed_repeat007
2.24,0.19490418026553083,2.87,0.2996479097441196,lo_A_model_1_unrelaxed_repeat078,lo_A_model_1_unrelaxed_repeat068
2.243,0.20322549404692108,2.9,0.26604166743686863,lo_A_model_1_unrelaxed_repeat078,lo_A_model_1_unrelaxed_repeat021
2.248,0.1659046358958394,2.71,0.22750126161042442,lo_A_model_1_unrelaxed_repeat078,lo_A_model_1_unrelaxed_repeat081
2.251,0.17316602963555666,2.77,0.2492735654727366,lo_A_model_1_unrelaxed_repeat078,lo_A_model_1_unrelaxed_repeat005
2.262,0.1620090585432541,2.92,0.23939755097031915,lo_A_model_1_unrelaxed_repeat078,lo_A_model_1_unrelaxed_repeat014
2.266,0.17250868983523562,2.92,0.2381066230672676,lo_A_model_1_unrelaxed_repeat078,lo_A_model_1_unrelaxed_repeat034
2.266,0.18130328924086433,2.8200000000000003,0.2567797718201784,lo_A_model_1_unrelaxed_repeat078,lo_A_model_1_unrelaxed_repeat065
2.267,0.18176178817200545,2.9,0.26190705905389483,lo_A_model_1_unrelaxed_repeat078,lo_A_model_1_unrelaxed_repeat026
2.273,0.17028589441556768,2.96,0.2639247085595984,lo_A_model_1_unrelaxed_repeat078,lo_A_model_1_unrelaxed_repeat020
2.277,0.15371898817241036,2.79,0.23212053501444765,lo_A_model_1_unrelaxed_repeat078,lo_A_model_1_unrelaxed_repeat018
2.283,0.15975838874811368,2.81,0.22254047549421266,lo_A_model_1_unrelaxed_repeat078,lo_A_model_1_unrelaxed_repeat025
2.307,0.20032257462797196,2.74,0.26094710298821083,lo_A_model_1_unrelaxed_repeat078,lo_A_model_1_unrelaxed_repeat036
2.31,0.15093840182171045,2.77,0.2185829640210529,lo_A_model_1_unrelaxed_repeat078,lo_A_model_1_unrelaxed_repeat010
2.312,0.18761199573642942,2.92,0.24905882925362144,lo_A_model_1_unrelaxed_repeat078,lo_A_model_1_unrelaxed_repeat035
2.3120000000000003,0.1695855699114006,2.74,0.24755889748769258,lo_A_model_1_unrelaxed_repeat078,lo_A_model_1_unrelaxed_repeat062
2.32,0.18149677556971403,2.94,0.2654740139343058,lo_A_model_1_unrelaxed_repeat078,lo_A_model_1_unrelaxed_repeat092
2.323,0.194518951050011,2.99,0.26339790229920645,lo_A_model_1_unrelaxed_repeat078,lo_A_model_1_unrelaxed_repeat045
2.324,0.19749940040835443,2.88,0.29022890674754315,lo_A_model_1_unrelaxed_repeat078,lo_A_model_1_unrelaxed_repeat099
2.339,0.20287318815482494,2.94,0.2571003711750901,lo_A_model_1_unrelaxed_repeat078,lo_A_model_1_unrelaxed_repeat003
2.354,0.18239077904433812,2.91,0.2638561297840294,lo_A_model_1_unrelaxed_repeat078,lo_A_model_1_unrelaxed_repeat032
2.356,0.20088822150475102,2.79,0.2782588928406805,lo_A_model_1_unrelaxed_repeat078,lo_A_model_1_unrelaxed_repeat013
2.359,0.22924258318566518,3.04,0.34029483135373334,lo_A_model_1_unrelaxed_repeat078,lo_A_model_1_unrelaxed_repeat093
2.367,0.20678897968051982,2.9699999999999998,0.28000403634940685,lo_A_model_1_unrelaxed_repeat078,lo_A_model_1_unrelaxed_repeat033
2.371,0.16374205787289983,2.88,0.22263296327728557,lo_A_model_1_unrelaxed_repeat078,lo_A_model_1_unrelaxed_repeat047
2.3739999999999997,0.18119490766481924,2.7199999999999998,0.24813178924813173,lo_A_model_1_unrelaxed_repeat078,lo_A_model_1_unrelaxed_repeat077
2.38,0.2594814373110587,3.02,0.3558347095020512,lo_A_model_1_unrelaxed_repeat078,lo_A_model_1_unrelaxed_repeat087
2.4,0.19530175544408762,2.9,0.25151307499922365,lo_A_model_1_unrelaxed_repeat078,lo_A_model_1_unrelaxed_repeat009
2.404,0.19296684246000467,2.91,0.2610214336816073,lo_A_model_1_unrelaxed_repeat078,lo_A_model_1_unrelaxed_repeat001
2.4139999999999997,0.19891917611585225,2.98,0.26297151942484626,lo_A_model_1_unrelaxed_repeat078,lo_A_model_1_unrelaxed_repeat051
2.416,0.190957852123325,2.91,0.26358831211429273,lo_A_model_1_unrelaxed_repeat078,lo_A_model_1_unrelaxed_repeat030
2.424,0.16204733320059572,2.96,0.23433832211817524,lo_A_model_1_unrelaxed_repeat078,lo_A_model_1_unrelaxed_repeat060
2.428,0.17098349023865347,3.02,0.25671864661397953,lo_A_model_1_unrelaxed_repeat078,lo_A_model_1_unrelaxed_repeat037
2.431,0.1766022907515994,2.84,0.24897793939654905,lo_A_model_1_unrelaxed_repeat078,lo_A_model_1_unrelaxed_repeat029
2.433,0.17820799761761086,2.91,0.25265372662875796,lo_A_model_1_unrelaxed_repeat078,lo_A_model_1_unrelaxed_repeat053
2.434,0.21958670764537422,2.71,0.3223897267414714,lo_A_model_1_unrelaxed_repeat078,lo_A_model_1_unrelaxed_repeat083
2.434,0.20210364060319244,2.88,0.27076429735293767,lo_A_model_1_unrelaxed_repeat078,lo_A_model_1_unrelaxed_repeat046
2.435,0.2244934453609154,2.71,0.27661534936106835,lo_A_model_1_unrelaxed_repeat078,lo_A_model_1_unrelaxed_repeat017
2.4379999999999997,0.20585580741815993,2.83,0.27127922467381843,lo_A_model_1_unrelaxed_repeat078,lo_A_model_1_unrelaxed_repeat089
2.456,0.18742473472679796,2.77,0.2499269707354559,lo_A_model_1_unrelaxed_repeat078,lo_A_model_1_unrelaxed_repeat075
2.462,0.20339384966850813,2.88,0.3149367854457392,lo_A_model_1_unrelaxed_repeat078,lo_A_model_1_unrelaxed_repeat074
2.472,0.21666829338004945,2.77,0.3020046992026555,lo_A_model_1_unrelaxed_repeat078,lo_A_model_1_unrelaxed_repeat064
2.483,0.21425091984017364,2.98,0.31882366045571425,lo_A_model_1_unrelaxed_repeat078,lo_A_model_1_unrelaxed_repeat004
2.487,0.1767797422026033,2.73,0.2532707361861958,lo_A_model_1_unrelaxed_repeat078,lo_A_model_1_unrelaxed_repeat076
2.488,0.23182391571405161,2.94,0.33607283426136847,lo_A_model_1_unrelaxed_repeat078,lo_A_model_1_unrelaxed_repeat066
2.497,0.172600773160392,2.8200000000000003,0.2373985138188027,lo_A_model_1_unrelaxed_repeat078,lo_A_model_1_unrelaxed_repeat024
2.5,0.18923071354055407,2.75,0.24066883437572698,lo_A_model_1_unrelaxed_repeat078,lo_A_model_1_unrelaxed_repeat058
2.526,0.22933239615372272,3.04,0.3154412854684189,lo_A_model_1_unrelaxed_repeat078,lo_A_model_1_unrelaxed_repeat012
2.532,0.16410166603487616,2.87,0.2276290056970352,lo_A_model_1_unrelaxed_repeat078,lo_A_model_1_unrelaxed_repeat086
2.536,0.20202247711317012,2.83,0.2636795861977113,lo_A_model_1_unrelaxed_repeat078,lo_A_model_1_unrelaxed_repeat038
2.555,0.17810468622717401,2.87,0.2562084049775024,lo_A_model_1_unrelaxed_repeat078,lo_A_model_1_unrelaxed_repeat090
2.5789999999999997,0.19986182566018748,2.94,0.26763254975455786,lo_A_model_1_unrelaxed_repeat078,lo_A_model_1_unrelaxed_repeat071
2.581,0.2315711566068755,3.02,0.33598845269346334,lo_A_model_1_unrelaxed_repeat078,lo_A_model_1_unrelaxed_repeat050
2.592,0.20147494901025248,2.98,0.2683789092174206,lo_A_model_1_unrelaxed_repeat078,lo_A_model_1_unrelaxed_repeat023
2.597,0.19595493628110713,2.92,0.25801038006866306,lo_A_model_1_unrelaxed_repeat078,lo_A_model_1_unrelaxed_repeat019
2.598,0.20914482185628933,2.87,0.308303865119295,lo_A_model_1_unrelaxed_repeat078,lo_A_model_1_unrelaxed_repeat091
2.598,0.17742392272405816,2.87,0.2496334365557588,lo_A_model_1_unrelaxed_repeat078,lo_A_model_1_unrelaxed_repeat059
2.639,0.21412743053915118,3.0300000000000002,0.317207504416855,lo_A_model_1_unrelaxed_repeat078,lo_A_model_1_unrelaxed_repeat073
2.692,0.23057623592262508,3.04,0.31628128043688036,lo_A_model_1_unrelaxed_repeat078,lo_A_model_1_unrelaxed_repeat052
2.716,0.19129817186251394,2.7800000000000002,0.2545924398788988,lo_A_model_1_unrelaxed_repeat078,lo_A_model_1_unrelaxed_repeat031
2.817,0.21173444984985057,3.0300000000000002,0.3021997558201191,lo_A_model_1_unrelaxed_repeat078,lo_A_model_1_unrelaxed_repeat040
1.3199999999999998,0.1364192886566873,2.13,0.2056405603406697,lo_A_model_1_unrelaxed_repeat007,lo_A_model_1_unrelaxed_repeat005
1.3290000000000002,0.12302218067683383,3.0,0.20290437644361292,lo_A_model_1_unrelaxed_repeat007,lo_A_model_1_unrelaxed_repeat018
1.5550000000000002,0.14933654707353286,2.74,0.2362376170956784,lo_A_model_1_unrelaxed_repeat007,lo_A_model_1_unrelaxed_repeat062
1.574,0.1529627190500033,2.8099999999999996,0.2253608138596018,lo_A_model_1_unrelaxed_repeat007,lo_A_model_1_unrelaxed_repeat035
1.6079999999999999,0.13542763087560075,2.8200000000000003,0.222162605260124,lo_A_model_1_unrelaxed_repeat007,lo_A_model_1_unrelaxed_repeat008
1.7029999999999998,0.12230374252792768,2.23,0.19607850753175327,lo_A_model_1_unrelaxed_repeat007,lo_A_model_1_unrelaxed_repeat069
1.7409999999999999,0.1684944449188948,2.5700000000000003,0.2354259525052805,lo_A_model_1_unrelaxed_repeat007,lo_A_model_1_unrelaxed_repeat021
1.766,0.15790408073398976,2.83,0.24678221011140128,lo_A_model_1_unrelaxed_repeat007,lo_A_model_1_unrelaxed_repeat014
1.774,0.15273069888055785,3.0,0.2346947611287639,lo_A_model_1_unrelaxed_repeat007,lo_A_model_1_unrelaxed_repeat057
1.8409999999999997,0.18136175958501038,2.75,0.2569138397012565,lo_A_model_1_unrelaxed_repeat007,lo_A_model_1_unrelaxed_repeat097
1.8809999999999998,0.1732948490897235,2.75,0.26505944484020666,lo_A_model_1_unrelaxed_repeat007,lo_A_model_1_unrelaxed_repeat079
1.914,0.15924459911158328,2.94,0.2259766278570091,lo_A_model_1_unrelaxed_repeat007,lo_A_model_1_unrelaxed_repeat070
1.915,0.14284475801618995,2.35,0.2189142802301808,lo_A_model_1_unrelaxed_repeat007,lo_A_model_1_unrelaxed_repeat094
1.934,0.14152494232112786,2.05,0.18701242757814124,lo_A_model_1_unrelaxed_repeat007,lo_A_model_1_unrelaxed_repeat061
1.952,0.14592446063539533,2.45,0.21056800355270425,lo_A_model_1_unrelaxed_repeat007,lo_A_model_1_unrelaxed_repeat055
1.955,0.17956809492587367,2.76,0.2687961292213976,lo_A_model_1_unrelaxed_repeat007,lo_A_model_1_unrelaxed_repeat099
1.964,0.16956215600670552,3.0,0.2239434580181509,lo_A_model_1_unrelaxed_repeat007,lo_A_model_1_unrelaxed_repeat077
1.9789999999999999,0.1295118677622759,2.3899999999999997,0.18813572247590504,lo_A_model_1_unrelaxed_repeat007,lo_A_model_1_unrelaxed_repeat002
1.9849999999999999,0.12449768140511838,2.12,0.186996056203775,lo_A_model_1_unrelaxed_repeat007,lo_A_model_1_unrelaxed_repeat081
2.0,0.13100368678536908,2.61,0.19741498233507418,lo_A_model_1_unrelaxed_repeat007,lo_A_model_1_unrelaxed_repeat016
2.023,0.20629099410523727,3.01,0.2792822908763439,lo_A_model_1_unrelaxed_repeat007,lo_A_model_1_unrelaxed_repeat033
2.029,0.12878331381442365,2.67,0.18847547397962816,lo_A_model_1_unrelaxed_repeat007,lo_A_model_1_unrelaxed_repeat010
2.043,0.17389403808264012,2.56,0.24045944339926756,lo_A_model_1_unrelaxed_repeat007,lo_A_model_1_unrelaxed_repeat015
2.1029999999999998,0.16920264323533915,3.01,0.24610336639873437,lo_A_model_1_unrelaxed_repeat007,lo_A_model_1_unrelaxed_repeat026
2.104,0.16733925603229524,2.77,0.2593321454419285,lo_A_model_1_unrelaxed_repeat007,lo_A_model_1_unrelaxed_repeat088
2.106,0.22119921497117176,3.01,0.3327643785272022,lo_A_model_1_unrelaxed_repeat007,lo_A_model_1_unrelaxed_repeat085
2.121,0.19402870088419838,2.79,0.25052859710724934,lo_A_model_1_unrelaxed_repeat007,lo_A_model_1_unrelaxed_repeat056
2.131,0.16265908862716094,2.7800000000000002,0.25132888586434715,lo_A_model_1_unrelaxed_repeat007,lo_A_model_1_unrelaxed_repeat098
2.16,0.17163425447865438,2.84,0.234498887381409,lo_A_model_1_unrelaxed_repeat007,lo_A_model_1_unrelaxed_repeat022
2.197,0.20029514345617971,2.95,0.28041105123334764,lo_A_model_1_unrelaxed_repeat007,lo_A_model_1_unrelaxed_repeat045
2.219,0.16925134655852553,2.51,0.23396990623650826,lo_A_model_1_unrelaxed_repeat007,lo_A_model_1_unrelaxed_repeat027
2.221,0.17131907752296308,2.79,0.22706329432129724,lo_A_model_1_unrelaxed_repeat007,lo_A_model_1_unrelaxed_repeat025
2.23,0.14566160737360048,2.82,0.206066922474014,lo_A_model_1_unrelaxed_repeat007,lo_A_model_1_unrelaxed_repeat034
2.248,0.1731060141405162,2.99,0.23375029166935357,lo_A_model_1_unrelaxed_repeat007,lo_A_model_1_unrelaxed_repeat048
2.277,0.19024773097630074,2.77,0.24442803517125936,lo_A_model_1_unrelaxed_repeat007,lo_A_model_1_unrelaxed_repeat036
2.318,0.1947280499768396,2.8499999999999996,0.26374153906382275,lo_A_model_1_unrelaxed_repeat007,lo_A_model_1_unrelaxed_repeat001
2.3200000000000003,0.1607288851919594,2.71,0.21933388557618186,lo_A_model_1_unrelaxed_repeat007,lo_A_model_1_unrelaxed_repeat009
2.335,0.14688314139004033,2.79,0.228753667387755,lo_A_model_1_unrelaxed_repeat007,lo_A_model_1_unrelaxed_repeat047
2.3529999999999998,0.20526477893363093,2.8099999999999996,0.2651654813035894,lo_A_model_1_unrelaxed_repeat007,lo_A_model_1_unrelaxed_repeat046
2.362,0.23743075370306543,2.91,0.35446104487221547,lo_A_model_1_unrelaxed_repeat007,lo_A_model_1_unrelaxed_repeat066
2.365,0.18929943958043022,2.66,0.24821364649461086,lo_A_model_1_unrelaxed_repeat007,lo_A_model_1_unrelaxed_repeat049
2.3810000000000002,0.1906709559628381,2.98,0.2755645006008871,lo_A_model_1_unrelaxed_repeat007,lo_A_model_1_unrelaxed_repeat092
2.384,0.17210336914470475,2.74,0.24499691977859933,lo_A_model_1_unrelaxed_repeat007,lo_A_model_1_unrelaxed_repeat075
2.391,0.19906429396817305,3.0,0.26534049709597973,lo_A_model_1_unrelaxed_repeat007,lo_A_model_1_unrelaxed_repeat029
2.3970000000000002,0.2057383653192438,3.0300000000000002,0.3089287874383909,lo_A_model_1_unrelaxed_repeat007,lo_A_model_1_unrelaxed_repeat068
2.409,0.17906705851418156,2.88,0.26465417281314607,lo_A_model_1_unrelaxed_repeat007,lo_A_model_1_unrelaxed_repeat020
2.411,0.23071667034319154,2.95,0.32810087774946806,lo_A_model_1_unrelaxed_repeat007,lo_A_model_1_unrelaxed_repeat004
2.412,0.18142130324299366,2.76,0.2591848120737945,lo_A_model_1_unrelaxed_repeat007,lo_A_model_1_unrelaxed_repeat060
2.415,0.18027269361427722,2.8499999999999996,0.24655985004994702,lo_A_model_1_unrelaxed_repeat007,lo_A_model_1_unrelaxed_repeat030
2.425,0.15429441971186228,2.66,0.2291869063763534,lo_A_model_1_unrelaxed_repeat007,lo_A_model_1_unrelaxed_repeat024
2.428,0.16950246473366348,2.72,0.23999845016190094,lo_A_model_1_unrelaxed_repeat007,lo_A_model_1_unrelaxed_repeat058
2.428,0.17591055976195796,2.87,0.23883497633878248,lo_A_model_1_unrelaxed_repeat007,lo_A_model_1_unrelaxed_repeat053
2.4290000000000003,0.16514725557177704,2.77,0.24186512989402836,lo_A_model_1_unrelaxed_repeat007,lo_A_model_1_unrelaxed_repeat013
2.432,0.19527419334503016,2.74,0.2520740858919351,lo_A_model_1_unrelaxed_repeat007,lo_A_model_1_unrelaxed_repeat017
2.434,0.17910289399687085,3.0,0.23269399432053875,lo_A_model_1_unrelaxed_repeat007,lo_A_model_1_unrelaxed_repeat065
2.437,0.18954803106367116,2.73,0.2476923538301551,lo_A_model_1_unrelaxed_repeat007,lo_A_model_1_unrelaxed_repeat051
2.447,0.18231580313947549,2.76,0.2533868439833897,lo_A_model_1_unrelaxed_repeat007,lo_A_model_1_unrelaxed_repeat089
2.452,0.21244843252113368,2.82,0.2932118522021524,lo_A_model_1_unrelaxed_repeat007,lo_A_model_1_unrelaxed_repeat064
2.4530000000000003,0.26871956386858487,2.95,0.3631709419091928,lo_A_model_1_unrelaxed_repeat007,lo_A_model_1_unrelaxed_repeat087
2.4749999999999996,0.18681341054017989,2.7699999999999996,0.2520863444055734,lo_A_model_1_unrelaxed_repeat007,lo_A_model_1_unrelaxed_repeat003
2.482,0.19598353555559153,2.8,0.2693094544578262,lo_A_model_1_unrelaxed_repeat007,lo_A_model_1_unrelaxed_repeat032
2.487,0.22601770032094634,3.01,0.3419353317537889,lo_A_model_1_unrelaxed_repeat007,lo_A_model_1_unrelaxed_repeat093
2.5010000000000003,0.1806750440175904,2.98,0.24484201206630216,lo_A_model_1_unrelaxed_repeat007,lo_A_model_1_unrelaxed_repeat037
2.513,0.2206581130646012,3.0,0.3198564592226297,lo_A_model_1_unrelaxed_repeat007,lo_A_model_1_unrelaxed_repeat073
2.56,0.18793373562046606,2.87,0.24972494167582232,lo_A_model_1_unrelaxed_repeat007,lo_A_model_1_unrelaxed_repeat076
2.562,0.22480776782612344,2.91,0.34180640221496134,lo_A_model_1_unrelaxed_repeat007,lo_A_model_1_unrelaxed_repeat083
2.578,0.21804408801996397,2.87,0.31536721561807163,lo_A_model_1_unrelaxed_repeat007,lo_A_model_1_unrelaxed_repeat091
2.591,0.2141990557384791,2.95,0.31502553431035557,lo_A_model_1_unrelaxed_repeat007,lo_A_model_1_unrelaxed_repeat040
2.599,0.2255293134930251,3.01,0.3103684183010311,lo_A_model_1_unrelaxed_repeat007,lo_A_model_1_unrelaxed_repeat012
2.605,0.1357492966123885,2.58,0.19263469545783926,lo_A_model_1_unrelaxed_repeat007,lo_A_model_1_unrelaxed_repeat086
2.609,0.20395929072900335,2.88,0.2741673308800456,lo_A_model_1_unrelaxed_repeat007,lo_A_model_1_unrelaxed_repeat038
2.628,0.16621555372596508,2.96,0.24008462980930784,lo_A_model_1_unrelaxed_repeat007,lo_A_model_1_unrelaxed_repeat090
2.652,0.17643702569000294,2.5700000000000003,0.24875357381635577,lo_A_model_1_unrelaxed_repeat007,lo_A_model_1_unrelaxed_repeat071
2.665,0.17319522091950523,2.91,0.2518536714381612,lo_A_model_1_unrelaxed_repeat007,lo_A_model_1_unrelaxed_repeat023
2.67,0.18332647379546013,2.88,0.25569792845301764,lo_A_model_1_unrelaxed_repeat007,lo_A_model_1_unrelaxed_repeat019
2.6710000000000003,0.16086914861364668,2.98,0.24208654265464205,lo_A_model_1_unrelaxed_repeat007,lo_A_model_1_unrelaxed_repeat059
2.6950000000000003,0.22119603291772838,3.01,0.3173014795087258,lo_A_model_1_unrelaxed_repeat007,lo_A_model_1_unrelaxed_repeat074
2.716,0.18790927786989423,2.86,0.2386555691508063,lo_A_model_1_unrelaxed_repeat007,lo_A_model_1_unrelaxed_repeat031
2.734,0.24710850830839012,2.99,0.36178321665220464,lo_A_model_1_unrelaxed_repeat007,lo_A_model_1_unrelaxed_repeat050
2.778,0.24334171972927526,3.0,0.33258191414106375,lo_A_model_1_unrelaxed_repeat007,lo_A_model_1_unrelaxed_repeat052
1.807,0.17827163613931485,2.8600000000000003,0.25485079367862795,lo_A_model_1_unrelaxed_repeat032,lo_A_model_1_unrelaxed_repeat026
1.827,0.18325978105782498,3.01,0.27984136115053926,lo_A_model_1_unrelaxed_repeat032,lo_A_model_1_unrelaxed_repeat098
1.8419999999999999,0.18849957973260983,2.98,0.2665937847471473,lo_A_model_1_unrelaxed_repeat032,lo_A_model_1_unrelaxed_repeat092
1.943,0.19128779073458968,3.01,0.27620087649643016,lo_A_model_1_unrelaxed_repeat032,lo_A_model_1_unrelaxed_repeat099
1.971,0.15615861218718902,2.92,0.23668399461036865,lo_A_model_1_unrelaxed_repeat032,lo_A_model_1_unrelaxed_repeat088
2.017,0.20036284682112623,2.92,0.27716426287005924,lo_A_model_1_unrelaxed_repeat032,lo_A_model_1_unrelaxed_repeat015
2.094,0.18117670695106172,2.99,0.25715901350339093,lo_A_model_1_unrelaxed_repeat032,lo_A_model_1_unrelaxed_repeat033
2.149,0.225371776778372,2.9299999999999997,0.28965842446100254,lo_A_model_1_unrelaxed_repeat032,lo_A_model_1_unrelaxed_repeat003
2.15,0.2159169772358237,2.7,0.2869328205184987,lo_A_model_1_unrelaxed_repeat032,lo_A_model_1_unrelaxed_repeat034
2.173,0.20334557645075219,2.75,0.2866357570586869,lo_A_model_1_unrelaxed_repeat032,lo_A_model_1_unrelaxed_repeat022
2.178,0.21389679366574527,2.84,0.2775649275111379,lo_A_model_1_unrelaxed_repeat032,lo_A_model_1_unrelaxed_repeat035
2.2030000000000003,0.22057089212979944,2.8099999999999996,0.29172566335676436,lo_A_model_1_unrelaxed_repeat032,lo_A_model_1_unrelaxed_repeat021
2.2350000000000003,0.2085845457661592,2.57,0.2774328464029326,lo_A_model_1_unrelaxed_repeat032,lo_A_model_1_unrelaxed_repeat016
2.242,0.19564703920197168,3.0300000000000002,0.2787500713703662,lo_A_model_1_unrelaxed_repeat032,lo_A_model_1_unrelaxed_repeat049
2.2430000000000003,0.2126305210536529,3.01,0.27862604861038137,lo_A_model_1_unrelaxed_repeat032,lo_A_model_1_unrelaxed_repeat077
2.255,0.1648023535534818,2.92,0.24285067855452244,lo_A_model_1_unrelaxed_repeat032,lo_A_model_1_unrelaxed_repeat008
2.266,0.1885311698443025,2.83,0.2816692019762136,lo_A_model_1_unrelaxed_repeat032,lo_A_model_1_unrelaxed_repeat046
2.277,0.17820763315588212,2.86,0.2621732655575401,lo_A_model_1_unrelaxed_repeat032,lo_A_model_1_unrelaxed_repeat062
2.292,0.18896687267867107,2.76,0.25649698049183856,lo_A_model_1_unrelaxed_repeat032,lo_A_model_1_unrelaxed_repeat027
2.3070000000000004,0.18962339454734126,2.9299999999999997,0.27579719280545717,lo_A_model_1_unrelaxed_repeat032,lo_A_model_1_unrelaxed_repeat094
2.316,0.15036591039864824,3.02,0.2375285240005439,lo_A_model_1_unrelaxed_repeat032,lo_A_model_1_unrelaxed_repeat097
2.316,0.19455631560752631,2.87,0.26162888020727404,lo_A_model_1_unrelaxed_repeat032,lo_A_model_1_unrelaxed_repeat025
2.3209999999999997,0.21027513892193941,3.01,0.2932719079918283,lo_A_model_1_unrelaxed_repeat032,lo_A_model_1_unrelaxed_repeat045
2.3230000000000004,0.21329328844472603,2.9299999999999997,0.2843027260812401,lo_A_model_1_unrelaxed_repeat032,lo_A_model_1_unrelaxed_repeat081
2.347,0.15867594405499955,2.88,0.24781500091421338,lo_A_model_1_unrelaxed_repeat032,lo_A_model_1_unrelaxed_repeat056
2.354,0.20450782958242703,2.65,0.28060408981649815,lo_A_model_1_unrelaxed_repeat032,lo_A_model_1_unrelaxed_repeat069
2.359,0.18914147878921053,3.01,0.2581420908255645,lo_A_model_1_unrelaxed_repeat032,lo_A_model_1_unrelaxed_repeat036
2.364,0.18620790524870354,2.8899999999999997,0.250878399603666,lo_A_model_1_unrelaxed_repeat032,lo_A_model_1_unrelaxed_repeat010
2.386,0.19334413935564732,2.9299999999999997,0.28273146543153693,lo_A_model_1_unrelaxed_repeat032,lo_A_model_1_unrelaxed_repeat018
2.402,0.18017640140239674,3.0300000000000002,0.2569933450483526,lo_A_model_1_unrelaxed_repeat032,lo_A_model_1_unrelaxed_repeat020
2.412,0.1703453825503444,2.7800000000000002,0.2387711745997462,lo_A_model_1_unrelaxed_repeat032,lo_A_model_1_unrelaxed_repeat079
2.417,0.215591262055488,2.84,0.2911026346838612,lo_A_model_1_unrelaxed_repeat032,lo_A_model_1_unrelaxed_repeat047
2.422,0.19508650735122793,2.84,0.25907185496922663,lo_A_model_1_unrelaxed_repeat032,lo_A_model_1_unrelaxed_repeat057
2.426,0.1997554957516205,2.98,0.27524243443011426,lo_A_model_1_unrelaxed_repeat032,lo_A_model_1_unrelaxed_repeat070
2.438,0.21107627935927456,2.91,0.27808773741316034,lo_A_model_1_unrelaxed_repeat032,lo_A_model_1_unrelaxed_repeat055
2.464,0.19367720442424513,2.79,0.261264176566711,lo_A_model_1_unrelaxed_repeat032,lo_A_model_1_unrelaxed_repeat065
2.4930000000000003,0.2002149731644866,2.99,0.2614485345045247,lo_A_model_1_unrelaxed_repeat032,lo_A_model_1_unrelaxed_repeat001
2.498,0.19764601237786159,2.75,0.27381880541231074,lo_A_model_1_unrelaxed_repeat032,lo_A_model_1_unrelaxed_repeat060
2.504,0.2014149454670897,2.8499999999999996,0.2611854783046968,lo_A_model_1_unrelaxed_repeat032,lo_A_model_1_unrelaxed_repeat005
2.507,0.1932075573803945,2.84,0.260349165786822,lo_A_model_1_unrelaxed_repeat032,lo_A_model_1_unrelaxed_repeat029
2.508,0.17269273448420971,2.74,0.25114598573667307,lo_A_model_1_unrelaxed_repeat032,lo_A_model_1_unrelaxed_repeat048
2.515,0.2388428242730434,2.9299999999999997,0.3192772596450715,lo_A_model_1_unrelaxed_repeat032,lo_A_model_1_unrelaxed_repeat013
2.516,0.1770064586650892,2.91,0.24689418421142464,lo_A_model_1_unrelaxed_repeat032,lo_A_model_1_unrelaxed_repeat061
2.52,0.2024931062603754,2.92,0.2630168323078453,lo_A_model_1_unrelaxed_repeat032,lo_A_model_1_unrelaxed_repeat075
2.531,0.2089741583438198,2.76,0.27890112389495897,lo_A_model_1_unrelaxed_repeat032,lo_A_model_1_unrelaxed_repeat030
2.536,0.23609346188910255,2.92,0.29924874940428503,lo_A_model_1_unrelaxed_repeat032,lo_A_model_1_unrelaxed_repeat089
2.54,0.2415521737568057,2.86,0.32805583285573875,lo_A_model_1_unrelaxed_repeat032,lo_A_model_1_unrelaxed_repeat091
2.544,0.2130802914080798,2.75,0.2749271720446512,lo_A_model_1_unrelaxed_repeat032,lo_A_model_1_unrelaxed_repeat053
2.547,0.18659415845997884,2.86,0.24830118081646288,lo_A_model_1_unrelaxed_repeat032,lo_A_model_1_unrelaxed_repeat014
2.547,0.225844208016736,2.84,0.31514689900778065,lo_A_model_1_unrelaxed_repeat032,lo_A_model_1_unrelaxed_repeat004
2.548,0.25208006482942336,2.88,0.31421610343305506,lo_A_model_1_unrelaxed_repeat032,lo_A_model_1_unrelaxed_repeat017
2.553,0.21784322564292002,2.99,0.2792724043341979,lo_A_model_1_unrelaxed_repeat032,lo_A_model_1_unrelaxed_repeat051
2.56,0.20660391705089362,2.7800000000000002,0.2818136642265209,lo_A_model_1_unrelaxed_repeat032,lo_A_model_1_unrelaxed_repeat002
2.561,0.2147224964942316,2.92,0.2705088195590441,lo_A_model_1_unrelaxed_repeat032,lo_A_model_1_unrelaxed_repeat024
2.564,0.21311857439581275,2.8499999999999996,0.2808406041179163,lo_A_model_1_unrelaxed_repeat032,lo_A_model_1_unrelaxed_repeat058
2.5789999999999997,0.22014081980321995,2.94,0.29753998541112914,lo_A_model_1_unrelaxed_repeat032,lo_A_model_1_unrelaxed_repeat009
2.587,0.183197487191568,3.02,0.261755381660676,lo_A_model_1_unrelaxed_repeat032,lo_A_model_1_unrelaxed_repeat037
2.6020000000000003,0.27330157584449527,2.9299999999999997,0.3746192344440561,lo_A_model_1_unrelaxed_repeat032,lo_A_model_1_unrelaxed_repeat087
2.6180000000000003,0.21383814825252453,2.88,0.2835469194117058,lo_A_model_1_unrelaxed_repeat032,lo_A_model_1_unrelaxed_repeat064
2.644,0.2195451097650443,2.98,0.3126666422638484,lo_A_model_1_unrelaxed_repeat032,lo_A_model_1_unrelaxed_repeat074
2.646,0.17440656134708807,2.9299999999999997,0.2456243686446909,lo_A_model_1_unrelaxed_repeat032,lo_A_model_1_unrelaxed_repeat076
2.683,0.2470986655178763,3.04,0.3411774612805437,lo_A_model_1_unrelaxed_repeat032,lo_A_model_1_unrelaxed_repeat052
2.691,0.19709529078105512,2.88,0.27587903467636465,lo_A_model_1_unrelaxed_repeat032,lo_A_model_1_unrelaxed_repeat086
2.6950000000000003,0.19404601315601758,2.91,0.2751369538023555,lo_A_model_1_unrelaxed_repeat032,lo_A_model_1_unrelaxed_repeat038
2.707,0.23548029207180016,2.9,0.3072404286105888,lo_A_model_1_unrelaxed_repeat032,lo_A_model_1_unrelaxed_repeat031
2.7140000000000004,0.1701149438893533,2.95,0.2653924672245118,lo_A_model_1_unrelaxed_repeat032,lo_A_model_1_unrelaxed_repeat090
2.738,0.2418877345148504,2.8499999999999996,0.31272813132203453,lo_A_model_1_unrelaxed_repeat032,lo_A_model_1_unrelaxed_repeat071
2.7510000000000003,0.22448400410114266,2.8899999999999997,0.2980415329527193,lo_A_model_1_unrelaxed_repeat032,lo_A_model_1_unrelaxed_repeat023
2.7560000000000002,0.24152584402778376,2.91,0.30914353977257675,lo_A_model_1_unrelaxed_repeat032,lo_A_model_1_unrelaxed_repeat019
2.757,0.20356168513905648,2.95,0.2835792587519009,lo_A_model_1_unrelaxed_repeat032,lo_A_model_1_unrelaxed_repeat059
2.806,0.2651025676746582,2.91,0.36835655582255283,lo_A_model_1_unrelaxed_repeat032,lo_A_model_1_unrelaxed_repeat050
2.911,0.24299301755571034,2.9,0.35799421355447014,lo_A_model_1_unrelaxed_repeat032,lo_A_model_1_unrelaxed_repeat066
3.075,0.258706589179117,2.9299999999999997,0.33904367736992347,lo_A_model_1_unrelaxed_repeat032,lo_A_model_1_unrelaxed_repeat012
3.0789999999999997,0.22110143323104903,2.91,0.3160401904866867,lo_A_model_1_unrelaxed_repeat032,lo_A_model_1_unrelaxed_repeat040
3.0860000000000003,0.2420053393279437,2.91,0.3277022358251571,lo_A_model_1_unrelaxed_repeat032,lo_A_model_1_unrelaxed_repeat073
3.169,0.22193387704378362,2.98,0.3299770226534812,lo_A_model_1_unrelaxed_repeat032,lo_A_model_1_unrelaxed_repeat093
3.3600000000000003,0.22189391258128166,3.0,0.32607800746568255,lo_A_model_1_unrelaxed_repeat032,lo_A_model_1_unrelaxed_repeat068
3.471,0.23198190756250286,2.87,0.3353961635919789,lo_A_model_1_unrelaxed_repeat032,lo_A_model_1_unrelaxed_repeat083
3.6630000000000003,0.23349293642224897,2.9,0.3351822684388639,lo_A_model_1_unrelaxed_repeat032,lo_A_model_1_unrelaxed_repeat085
1.9980000000000002,0.19831499776992767,3.0300000000000002,0.3086280500011242,lo_A_model_1_unrelaxed_repeat064,lo_A_model_1_unrelaxed_repeat070
2.005,0.2207126485897363,2.92,0.30380491255525127,lo_A_model_1_unrelaxed_repeat064,lo_A_model_1_unrelaxed_repeat077
2.1900000000000004,0.22359009411416236,2.84,0.32150896013162883,lo_A_model_1_unrelaxed_repeat064,lo_A_model_1_unrelaxed_repeat022
2.248,0.21439667285975622,2.92,0.30339250157890546,lo_A_model_1_unrelaxed_repeat064,lo_A_model_1_unrelaxed_repeat018
2.264,0.20194704471671285,2.56,0.2931206961121483,lo_A_model_1_unrelaxed_repeat064,lo_A_model_1_unrelaxed_repeat027
2.267,0.19202256960813938,2.4299999999999997,0.26843583377158614,lo_A_model_1_unrelaxed_repeat064,lo_A_model_1_unrelaxed_repeat015
2.2670000000000003,0.20739083309970846,2.9299999999999997,0.2774490892736353,lo_A_model_1_unrelaxed_repeat064,lo_A_model_1_unrelaxed_repeat026
2.268,0.21051144885764067,2.79,0.29132684475019294,lo_A_model_1_unrelaxed_repeat064,lo_A_model_1_unrelaxed_repeat036
2.287,0.21641888858460245,2.74,0.31550790172593485,lo_A_model_1_unrelaxed_repeat064,lo_A_model_1_unrelaxed_repeat081
2.313,0.20842923068996005,2.58,0.277344963715634,lo_A_model_1_unrelaxed_repeat064,lo_A_model_1_unrelaxed_repeat098
2.315,0.21809212461978794,2.9,0.30250830277447993,lo_A_model_1_unrelaxed_repeat064,lo_A_model_1_unrelaxed_repeat046
2.316,0.22899866933661406,2.9699999999999998,0.318066359223691,lo_A_model_1_unrelaxed_repeat064,lo_A_model_1_unrelaxed_repeat055
2.361,0.2233824059425729,2.9299999999999997,0.3172235146171185,lo_A_model_1_unrelaxed_repeat064,lo_A_model_1_unrelaxed_repeat030
2.37,0.21478838506226028,2.82,0.28748885653592193,lo_A_model_1_unrelaxed_repeat064,lo_A_model_1_unrelaxed_repeat061
2.37,0.23117387197606545,2.8499999999999996,0.3075773161927544,lo_A_model_1_unrelaxed_repeat064,lo_A_model_1_unrelaxed_repeat024
2.374,0.23667662817295462,2.9299999999999997,0.321629123799616,lo_A_model_1_unrelaxed_repeat064,lo_A_model_1_unrelaxed_repeat074
2.378,0.2575050975230542,3.0300000000000002,0.32906939491035425,lo_A_model_1_unrelaxed_repeat064,lo_A_model_1_unrelaxed_repeat017
2.3920000000000003,0.2355314655086135,2.87,0.33255851292779126,lo_A_model_1_unrelaxed_repeat064,lo_A_model_1_unrelaxed_repeat040
2.396,0.22598120941798303,2.76,0.2815216165782982,lo_A_model_1_unrelaxed_repeat064,lo_A_model_1_unrelaxed_repeat079
2.3970000000000002,0.22083754864117341,2.8899999999999997,0.308399115281078,lo_A_model_1_unrelaxed_repeat064,lo_A_model_1_unrelaxed_repeat009
2.4000000000000004,0.23819412503610732,2.96,0.31292098396104306,lo_A_model_1_unrelaxed_repeat064,lo_A_model_1_unrelaxed_repeat051
2.403,0.21593705899586235,2.7,0.2973247912191878,lo_A_model_1_unrelaxed_repeat064,lo_A_model_1_unrelaxed_repeat056
2.407,0.1960648735008058,2.8899999999999997,0.26988976714421004,lo_A_model_1_unrelaxed_repeat064,lo_A_model_1_unrelaxed_repeat008
2.41,0.223229443733026,2.9,0.30474919916545895,lo_A_model_1_unrelaxed_repeat064,lo_A_model_1_unrelaxed_repeat034
2.41,0.2167300325520538,2.8,0.2983103586872958,lo_A_model_1_unrelaxed_repeat064,lo_A_model_1_unrelaxed_repeat005
2.4210000000000003,0.24314990636867587,2.96,0.33829582165180117,lo_A_model_1_unrelaxed_repeat064,lo_A_model_1_unrelaxed_repeat013
2.4299999999999997,0.20671720919644915,2.9,0.29218230732764705,lo_A_model_1_unrelaxed_repeat064,lo_A_model_1_unrelaxed_repeat092
2.433,0.23431640201186998,2.92,0.3026992066857512,lo_A_model_1_unrelaxed_repeat064,lo_A_model_1_unrelaxed_repeat065
2.434,0.21379057111474292,3.0,0.30546163380723135,lo_A_model_1_unrelaxed_repeat064,lo_A_model_1_unrelaxed_repeat047
2.436,0.20107700003425402,2.8499999999999996,0.28204201231303316,lo_A_model_1_unrelaxed_repeat064,lo_A_model_1_unrelaxed_repeat062
2.44,0.22655048545668155,2.84,0.3181368327450786,lo_A_model_1_unrelaxed_repeat064,lo_A_model_1_unrelaxed_repeat021
2.441,0.2466257049467602,2.84,0.3199339613545896,lo_A_model_1_unrelaxed_repeat064,lo_A_model_1_unrelaxed_repeat049
2.441,0.23950611378579156,2.9699999999999998,0.30922974129948877,lo_A_model_1_unrelaxed_repeat064,lo_A_model_1_unrelaxed_repeat020
2.441,0.22040343098311177,2.47,0.2818368119232807,lo_A_model_1_unrelaxed_repeat064,lo_A_model_1_unrelaxed_repeat099
2.441,0.22636836109980124,3.04,0.33102381607631826,lo_A_model_1_unrelaxed_repeat064,lo_A_model_1_unrelaxed_repeat045
2.453,0.21051876723723328,2.91,0.29736501367693613,lo_A_model_1_unrelaxed_repeat064,lo_A_model_1_unrelaxed_repeat088
2.4539999999999997,0.20792056849673562,2.92,0.27800114243134516,lo_A_model_1_unrelaxed_repeat064,lo_A_model_1_unrelaxed_repeat097
2.455,0.22157513379024074,2.7800000000000002,0.2824918751284554,lo_A_model_1_unrelaxed_repeat064,lo_A_model_1_unrelaxed_repeat075
2.46,0.24658158858342644,2.9299999999999997,0.3367835318915726,lo_A_model_1_unrelaxed_repeat064,lo_A_model_1_unrelaxed_repeat085
2.464,0.23053414246931614,2.92,0.2897010940456961,lo_A_model_1_unrelaxed_repeat064,lo_A_model_1_unrelaxed_repeat001
2.465,0.21207731537509988,2.92,0.29924157828506226,lo_A_model_1_unrelaxed_repeat064,lo_A_model_1_unrelaxed_repeat029
2.477,0.23581069612359554,2.87,0.31605684825751224,lo_A_model_1_unrelaxed_repeat064,lo_A_model_1_unrelaxed_repeat058
2.48,0.22543167999686484,2.9699999999999998,0.32527501294849087,lo_A_model_1_unrelaxed_repeat064,lo_A_model_1_unrelaxed_repeat016
2.481,0.21943640450553686,2.85,0.30756773449414326,lo_A_model_1_unrelaxed_repeat064,lo_A_model_1_unrelaxed_repeat014
2.484,0.24165501900794664,2.81,0.34538473499059097,lo_A_model_1_unrelaxed_repeat064,lo_A_model_1_unrelaxed_repeat091
2.485,0.21883817617902493,2.77,0.3091793558856502,lo_A_model_1_unrelaxed_repeat064,lo_A_model_1_unrelaxed_repeat002
2.493,0.2256083475104158,2.87,0.3040244135969134,lo_A_model_1_unrelaxed_repeat064,lo_A_model_1_unrelaxed_repeat025
2.4930000000000003,0.23755827114382105,3.02,0.2952738841595488,lo_A_model_1_unrelaxed_repeat064,lo_A_model_1_unrelaxed_repeat037
2.4930000000000003,0.2232628851372935,2.75,0.30713531709051606,lo_A_model_1_unrelaxed_repeat064,lo_A_model_1_unrelaxed_repeat060
2.502,0.2157144372890596,2.83,0.29454545374264024,lo_A_model_1_unrelaxed_repeat064,lo_A_model_1_unrelaxed_repeat035
2.502,0.21948715162437896,2.8,0.29440651000452966,lo_A_model_1_unrelaxed_repeat064,lo_A_model_1_unrelaxed_repeat010
2.504,0.2565689643670778,2.81,0.3362703796654462,lo_A_model_1_unrelaxed_repeat064,lo_A_model_1_unrelaxed_repeat089
2.5069999999999997,0.21786551744364485,2.91,0.3087788028186199,lo_A_model_1_unrelaxed_repeat064,lo_A_model_1_unrelaxed_repeat003
2.507,0.2105856402371868,2.9299999999999997,0.28353117724377647,lo_A_model_1_unrelaxed_repeat064,lo_A_model_1_unrelaxed_repeat033
2.507,0.2181256334972006,2.85,0.3143833803992263,lo_A_model_1_unrelaxed_repeat064,lo_A_model_1_unrelaxed_repeat069
2.508,0.24563334330240477,2.95,0.3322876444946969,lo_A_model_1_unrelaxed_repeat064,lo_A_model_1_unrelaxed_repeat093
2.5090000000000003,0.208970397859812,2.8899999999999997,0.29414749154313025,lo_A_model_1_unrelaxed_repeat064,lo_A_model_1_unrelaxed_repeat094
2.515,0.24608648641947664,2.87,0.3259764686031427,lo_A_model_1_unrelaxed_repeat064,lo_A_model_1_unrelaxed_repeat053
2.527,0.2240322484705998,2.96,0.31730950488192444,lo_A_model_1_unrelaxed_repeat064,lo_A_model_1_unrelaxed_repeat057
2.552,0.22246842922729787,2.86,0.2685795838237228,lo_A_model_1_unrelaxed_repeat064,lo_A_model_1_unrelaxed_repeat076
2.59,0.2535170140145426,2.9,0.36278587464792916,lo_A_model_1_unrelaxed_repeat064,lo_A_model_1_unrelaxed_repeat066
2.5949999999999998,0.24334016177927545,2.76,0.324879332721792,lo_A_model_1_unrelaxed_repeat064,lo_A_model_1_unrelaxed_repeat004
2.597,0.21048434165746316,3.0,0.2957823698269205,lo_A_model_1_unrelaxed_repeat064,lo_A_model_1_unrelaxed_repeat086
2.601,0.2067659385922779,2.91,0.2938526583774243,lo_A_model_1_unrelaxed_repeat064,lo_A_model_1_unrelaxed_repeat038
2.62,0.21736098545309082,2.91,0.2878834508250541,lo_A_model_1_unrelaxed_repeat064,lo_A_model_1_unrelaxed_repeat048
2.62,0.22685503870024792,2.95,0.31854250518709853,lo_A_model_1_unrelaxed_repeat064,lo_A_model_1_unrelaxed_repeat090
2.644,0.23970351978283588,2.87,0.32077967427465526,lo_A_model_1_unrelaxed_repeat064,lo_A_model_1_unrelaxed_repeat071
2.646,0.260736291555099,2.95,0.36520490260534755,lo_A_model_1_unrelaxed_repeat064,lo_A_model_1_unrelaxed_repeat050
2.657,0.22336554782289125,2.96,0.30370176810235705,lo_A_model_1_unrelaxed_repeat064,lo_A_model_1_unrelaxed_repeat023
2.662,0.26454227211148235,2.9,0.3460821803220742,lo_A_model_1_unrelaxed_repeat064,lo_A_model_1_unrelaxed_repeat019
2.6630000000000003,0.2275641204109873,2.95,0.30841330981486276,lo_A_model_1_unrelaxed_repeat064,lo_A_model_1_unrelaxed_repeat059
2.6959999999999997,0.26241246023139303,3.04,0.3570376448336032,lo_A_model_1_unrelaxed_repeat064,lo_A_model_1_unrelaxed_repeat052
2.7199999999999998,0.2554535135165579,2.88,0.33917142158337,lo_A_model_1_unrelaxed_repeat064,lo_A_model_1_unrelaxed_repeat031
2.754,0.26273897249570205,2.94,0.33998560938997796,lo_A_model_1_unrelaxed_repeat064,lo_A_model_1_unrelaxed_repeat012
2.765,0.23353902358381284,2.95,0.3380234138727379,lo_A_model_1_unrelaxed_repeat064,lo_A_model_1_unrelaxed_repeat073
2.837,0.29352416555605626,3.0,0.39882222887297114,lo_A_model_1_unrelaxed_repeat064,lo_A_model_1_unrelaxed_repeat087
3.039,0.25033210616349594,2.96,0.3434923725707838,lo_A_model_1_unrelaxed_repeat064,lo_A_model_1_unrelaxed_repeat068
3.15,0.2488596360499943,2.94,0.35257012614280697,lo_A_model_1_unrelaxed_repeat064,lo_A_model_1_unrelaxed_repeat083
1.627,0.16780125259353681,2.7800000000000002,0.26237737785871934,lo_A_model_1_unrelaxed_repeat071,lo_A_model_1_unrelaxed_repeat030
1.9889999999999999,0.1975866185167438,2.74,0.276166896108925,lo_A_model_1_unrelaxed_repeat071,lo_A_model_1_unrelaxed_repeat017
2.153,0.1643292178691713,2.9699999999999998,0.23984478767431042,lo_A_model_1_unrelaxed_repeat071,lo_A_model_1_unrelaxed_repeat019
2.162,0.17259147312406806,2.48,0.26473065103339755,lo_A_model_1_unrelaxed_repeat071,lo_A_model_1_unrelaxed_repeat089
2.1710000000000003,0.16400061411657932,2.69,0.23247428211630972,lo_A_model_1_unrelaxed_repeat071,lo_A_model_1_unrelaxed_repeat024
2.178,0.17651918966633004,2.95,0.2645960562090323,lo_A_model_1_unrelaxed_repeat071,lo_A_model_1_unrelaxed_repeat075
2.279,0.16373650453840444,2.83,0.25261561610336897,lo_A_model_1_unrelaxed_repeat071,lo_A_model_1_unrelaxed_repeat058
2.379,0.22485330013328633,2.98,0.3266456739043096,lo_A_model_1_unrelaxed_repeat071,lo_A_model_1_unrelaxed_repeat004
2.399,0.16493989801464515,2.86,0.23283302176214146,lo_A_model_1_unrelaxed_repeat071,lo_A_model_1_unrelaxed_repeat034
2.399,0.22111273544045987,2.67,0.2936660390465169,lo_A_model_1_unrelaxed_repeat071,lo_A_model_1_unrelaxed_repeat015
2.418,0.19886596660879496,2.79,0.2881923336473482,lo_A_model_1_unrelaxed_repeat071,lo_A_model_1_unrelaxed_repeat090
2.422,0.22986119030782076,2.7,0.2934554629356088,lo_A_model_1_unrelaxed_repeat071,lo_A_model_1_unrelaxed_repeat046
2.423,0.21574143109980054,3.04,0.3024048106890778,lo_A_model_1_unrelaxed_repeat071,lo_A_model_1_unrelaxed_repeat012
2.431,0.1817891199169292,2.73,0.26976495889423874,lo_A_model_1_unrelaxed_repeat071,lo_A_model_1_unrelaxed_repeat013
2.432,0.23128198669085342,2.91,0.30376257575949966,lo_A_model_1_unrelaxed_repeat071,lo_A_model_1_unrelaxed_repeat001
2.434,0.21375750101873375,2.9,0.28992036793314346,lo_A_model_1_unrelaxed_repeat071,lo_A_model_1_unrelaxed_repeat022
2.444,0.23515463575734333,2.95,0.303328035294643,lo_A_model_1_unrelaxed_repeat071,lo_A_model_1_unrelaxed_repeat049
2.4480000000000004,0.21122114061619063,2.8499999999999996,0.2913854233655631,lo_A_model_1_unrelaxed_repeat071,lo_A_model_1_unrelaxed_repeat038
2.45,0.2267143362732425,3.0300000000000002,0.2858645496953622,lo_A_model_1_unrelaxed_repeat071,lo_A_model_1_unrelaxed_repeat029
2.462,0.20635362858116235,2.86,0.29481761292823716,lo_A_model_1_unrelaxed_repeat071,lo_A_model_1_unrelaxed_repeat088
2.465,0.17022519545408657,2.84,0.23666785548473307,lo_A_model_1_unrelaxed_repeat071,lo_A_model_1_unrelaxed_repeat023
2.465,0.19335864591830149,2.96,0.26613425033027127,lo_A_model_1_unrelaxed_repeat071,lo_A_model_1_unrelaxed_repeat010
2.478,0.21467704926064193,3.04,0.288144376464518,lo_A_model_1_unrelaxed_repeat071,lo_A_model_1_unrelaxed_repeat026
2.478,0.16632696482371043,3.01,0.2522784301019545,lo_A_model_1_unrelaxed_repeat071,lo_A_model_1_unrelaxed_repeat059
2.479,0.28095052487029226,2.98,0.3890362620137865,lo_A_model_1_unrelaxed_repeat071,lo_A_model_1_unrelaxed_repeat087
2.479,0.1977492870875487,2.5700000000000003,0.26296972415584974,lo_A_model_1_unrelaxed_repeat071,lo_A_model_1_unrelaxed_repeat009
2.488,0.24007009765539097,2.98,0.3356241170202285,lo_A_model_1_unrelaxed_repeat071,lo_A_model_1_unrelaxed_repeat091
2.496,0.2153293707586168,2.8899999999999997,0.28876992341573227,lo_A_model_1_unrelaxed_repeat071,lo_A_model_1_unrelaxed_repeat037
2.497,0.21614741300506926,3.02,0.2845373224021255,lo_A_model_1_unrelaxed_repeat071,lo_A_model_1_unrelaxed_repeat048
2.503,0.23930244240572385,2.88,0.3030695609893598,lo_A_model_1_unrelaxed_repeat071,lo_A_model_1_unrelaxed_repeat036
2.5069999999999997,0.23084413732379433,3.0300000000000002,0.29716774644617305,lo_A_model_1_unrelaxed_repeat071,lo_A_model_1_unrelaxed_repeat077
2.55,0.2315669426473447,2.9299999999999997,0.3141052646971131,lo_A_model_1_unrelaxed_repeat071,lo_A_model_1_unrelaxed_repeat079
2.553,0.2422712380570578,3.04,0.3037969071619138,lo_A_model_1_unrelaxed_repeat071,lo_A_model_1_unrelaxed_repeat033
2.554,0.1907154979137567,2.7,0.25503389771609425,lo_A_model_1_unrelaxed_repeat071,lo_A_model_1_unrelaxed_repeat003
2.567,0.1832334392956393,2.7199999999999998,0.25272149593265264,lo_A_model_1_unrelaxed_repeat071,lo_A_model_1_unrelaxed_repeat060
2.569,0.2103272047244728,2.77,0.273719623055746,lo_A_model_1_unrelaxed_repeat071,lo_A_model_1_unrelaxed_repeat061
2.581,0.18571677099061812,2.9,0.2640081175324594,lo_A_model_1_unrelaxed_repeat071,lo_A_model_1_unrelaxed_repeat016
2.583,0.17840484012885413,2.6100000000000003,0.2515321291945969,lo_A_model_1_unrelaxed_repeat071,lo_A_model_1_unrelaxed_repeat086
2.61,0.20094535232467303,2.9699999999999998,0.2865826473007491,lo_A_model_1_unrelaxed_repeat071,lo_A_model_1_unrelaxed_repeat008
2.617,0.26297374173327975,3.02,0.3674742309924476,lo_A_model_1_unrelaxed_repeat071,lo_A_model_1_unrelaxed_repeat050
2.654,0.21305273615564024,3.0,0.29118430171963977,lo_A_model_1_unrelaxed_repeat071,lo_A_model_1_unrelaxed_repeat076
2.6639999999999997,0.24083549078044203,2.81,0.29906339249810393,lo_A_model_1_unrelaxed_repeat071,lo_A_model_1_unrelaxed_repeat056
2.683,0.2283882245560831,3.0300000000000002,0.3056439062453114,lo_A_model_1_unrelaxed_repeat071,lo_A_model_1_unrelaxed_repeat065
2.683,0.18097673401476086,2.7800000000000002,0.2446776513615876,lo_A_model_1_unrelaxed_repeat071,lo_A_model_1_unrelaxed_repeat035
2.695,0.2275261974571887,2.75,0.29712701580185086,lo_A_model_1_unrelaxed_repeat071,lo_A_model_1_unrelaxed_repeat027
2.698,0.19726658795622556,2.65,0.2577194468889009,lo_A_model_1_unrelaxed_repeat071,lo_A_model_1_unrelaxed_repeat005
2.698,0.2622974280707536,3.04,0.36533677410323784,lo_A_model_1_unrelaxed_repeat071,lo_A_model_1_unrelaxed_repeat085
2.708,0.18819577287239644,3.0300000000000002,0.266679202137412,lo_A_model_1_unrelaxed_repeat071,lo_A_model_1_unrelaxed_repeat057
2.715,0.21479544982299745,2.87,0.2822523855628807,lo_A_model_1_unrelaxed_repeat071,lo_A_model_1_unrelaxed_repeat031
2.718,0.24657177291582974,2.9299999999999997,0.3261734181573452,lo_A_model_1_unrelaxed_repeat071,lo_A_model_1_unrelaxed_repeat045
2.724,0.17644945374861074,2.6100000000000003,0.25157375901149936,lo_A_model_1_unrelaxed_repeat071,lo_A_model_1_unrelaxed_repeat081
2.738,0.18996763898796273,2.6100000000000003,0.25419558103785017,lo_A_model_1_unrelaxed_repeat071,lo_A_model_1_unrelaxed_repeat047
2.74,0.2143224343495617,2.87,0.2932452234688019,lo_A_model_1_unrelaxed_repeat071,lo_A_model_1_unrelaxed_repeat062
2.74,0.1943459777932291,2.6,0.26730124781142545,lo_A_model_1_unrelaxed_repeat071,lo_A_model_1_unrelaxed_repeat055
2.742,0.2369581607733347,2.66,0.32576069224555515,lo_A_model_1_unrelaxed_repeat071,lo_A_model_1_unrelaxed_repeat099
2.745,0.18287174926973498,2.6,0.2563176565487739,lo_A_model_1_unrelaxed_repeat071,lo_A_model_1_unrelaxed_repeat069
2.751,0.2277720116045566,3.01,0.3117467517007904,lo_A_model_1_unrelaxed_repeat071,lo_A_model_1_unrelaxed_repeat092
2.751,0.2568705824677848,3.0300000000000002,0.33874150660580105,lo_A_model_1_unrelaxed_repeat071,lo_A_model_1_unrelaxed_repeat073
2.752,0.25602033683974496,3.04,0.352372299538595,lo_A_model_1_unrelaxed_repeat071,lo_A_model_1_unrelaxed_repeat093
2.755,0.256091332397892,2.9699999999999998,0.33574468295360477,lo_A_model_1_unrelaxed_repeat071,lo_A_model_1_unrelaxed_repeat068
2.761,0.22920901556944018,2.88,0.30946231463200213,lo_A_model_1_unrelaxed_repeat071,lo_A_model_1_unrelaxed_repeat020
2.763,0.18597795799064226,2.6100000000000003,0.249790355589143,lo_A_model_1_unrelaxed_repeat071,lo_A_model_1_unrelaxed_repeat094
2.7649999999999997,0.1948802699080329,2.6100000000000003,0.26086107002402115,lo_A_model_1_unrelaxed_repeat071,lo_A_model_1_unrelaxed_repeat021
2.768,0.1786350624899458,3.0300000000000002,0.25189149967966895,lo_A_model_1_unrelaxed_repeat071,lo_A_model_1_unrelaxed_repeat018
2.772,0.18345895994934086,2.71,0.24977408963144282,lo_A_model_1_unrelaxed_repeat071,lo_A_model_1_unrelaxed_repeat002
2.774,0.22088014862640917,2.96,0.28705315464360265,lo_A_model_1_unrelaxed_repeat071,lo_A_model_1_unrelaxed_repeat051
2.776,0.2167077176913873,2.7800000000000002,0.29509412673545793,lo_A_model_1_unrelaxed_repeat071,lo_A_model_1_unrelaxed_repeat098
2.777,0.22815356184496988,2.88,0.2913284161660313,lo_A_model_1_unrelaxed_repeat071,lo_A_model_1_unrelaxed_repeat097
2.787,0.2556107147247887,2.8899999999999997,0.3480023103536023,lo_A_model_1_unrelaxed_repeat071,lo_A_model_1_unrelaxed_repeat083
2.811,0.274811196470037,2.96,0.36803219520795344,lo_A_model_1_unrelaxed_repeat071,lo_A_model_1_unrelaxed_repeat052
2.827,0.25665334357781305,3.04,0.34753874023720754,lo_A_model_1_unrelaxed_repeat071,lo_A_model_1_unrelaxed_repeat074
2.8280000000000003,0.2130152707657344,2.84,0.27954034414681983,lo_A_model_1_unrelaxed_repeat071,lo_A_model_1_unrelaxed_repeat070
2.8449999999999998,0.19590033596423792,2.8600000000000003,0.26337025510343326,lo_A_model_1_unrelaxed_repeat071,lo_A_model_1_unrelaxed_repeat014
2.875,0.21313315469654479,2.88,0.28633199015075317,lo_A_model_1_unrelaxed_repeat071,lo_A_model_1_unrelaxed_repeat053
3.039,0.2498794708023635,2.98,0.3360743667276451,lo_A_model_1_unrelaxed_repeat071,lo_A_model_1_unrelaxed_repeat040
3.057,0.2712176163563707,2.94,0.3730109480725388,lo_A_model_1_unrelaxed_repeat071,lo_A_model_1_unrelaxed_repeat066
3.286,0.21617514292290785,2.74,0.2628117468952856,lo_A_model_1_unrelaxed_repeat071,lo_A_model_1_unrelaxed_repeat025
1.336,0.14843011100877496,2.67,0.25001092966094196,lo_A_model_1_unrelaxed_repeat008,lo_A_model_1_unrelaxed_repeat018
1.371,0.1563229636222744,3.0,0.25389266992130965,lo_A_model_1_unrelaxed_repeat008,lo_A_model_1_unrelaxed_repeat057
1.4889999999999999,0.1328303305332977,2.36,0.19757202920426586,lo_A_model_1_unrelaxed_repeat008,lo_A_model_1_unrelaxed_repeat010
1.664,0.14964660803418614,2.8,0.21731374706586198,lo_A_model_1_unrelaxed_repeat008,lo_A_model_1_unrelaxed_repeat097
1.7120000000000002,0.15933073905023695,2.66,0.25410906380728115,lo_A_model_1_unrelaxed_repeat008,lo_A_model_1_unrelaxed_repeat069
1.749,0.16734765967546575,2.8600000000000003,0.23148392356047706,lo_A_model_1_unrelaxed_repeat008,lo_A_model_1_unrelaxed_repeat025
1.7690000000000001,0.1557647597242712,2.8,0.26091075217564025,lo_A_model_1_unrelaxed_repeat008,lo_A_model_1_unrelaxed_repeat094
1.798,0.15996770507407634,2.42,0.2231216300643555,lo_A_model_1_unrelaxed_repeat008,lo_A_model_1_unrelaxed_repeat079
1.8679999999999999,0.19024403047188096,2.74,0.2832782240438779,lo_A_model_1_unrelaxed_repeat008,lo_A_model_1_unrelaxed_repeat021
1.876,0.15118278641105282,2.9299999999999997,0.24844938287549845,lo_A_model_1_unrelaxed_repeat008,lo_A_model_1_unrelaxed_repeat014
1.885,0.16822694069779048,2.81,0.24527605538992078,lo_A_model_1_unrelaxed_repeat008,lo_A_model_1_unrelaxed_repeat056
1.905,0.13124529339609328,2.8600000000000003,0.22357576575493185,lo_A_model_1_unrelaxed_repeat008,lo_A_model_1_unrelaxed_repeat062
1.908,0.15050110860384758,2.74,0.22762975987831727,lo_A_model_1_unrelaxed_repeat008,lo_A_model_1_unrelaxed_repeat061
1.924,0.16136102636559052,2.84,0.23740496178434925,lo_A_model_1_unrelaxed_repeat008,lo_A_model_1_unrelaxed_repeat070
1.936,0.15350014655643468,2.7800000000000002,0.239905739715618,lo_A_model_1_unrelaxed_repeat008,lo_A_model_1_unrelaxed_repeat005
1.9380000000000002,0.16326685371554917,2.85,0.2432679866006233,lo_A_model_1_unrelaxed_repeat008,lo_A_model_1_unrelaxed_repeat002
1.952,0.15321315343751035,2.96,0.22520122936008424,lo_A_model_1_unrelaxed_repeat008,lo_A_model_1_unrelaxed_repeat026
1.967,0.17136297511940543,2.7800000000000002,0.2528701623900726,lo_A_model_1_unrelaxed_repeat008,lo_A_model_1_unrelaxed_repeat015
1.9940000000000002,0.1559565087388973,2.8200000000000003,0.2505304815277675,lo_A_model_1_unrelaxed_repeat008,lo_A_model_1_unrelaxed_repeat081
1.9969999999999999,0.17711054798873446,2.59,0.2642661445132699,lo_A_model_1_unrelaxed_repeat008,lo_A_model_1_unrelaxed_repeat035
2.003,0.1854772793985949,2.84,0.27409030183906863,lo_A_model_1_unrelaxed_repeat008,lo_A_model_1_unrelaxed_repeat034
2.003,0.142814277586975,2.79,0.2223797677111556,lo_A_model_1_unrelaxed_repeat008,lo_A_model_1_unrelaxed_repeat088
2.009,0.17128225916098377,2.51,0.25619706962326466,lo_A_model_1_unrelaxed_repeat008,lo_A_model_1_unrelaxed_repeat099
2.0090000000000003,0.16209714937934558,2.98,0.2560717330651008,lo_A_model_1_unrelaxed_repeat008,lo_A_model_1_unrelaxed_repeat016
2.014,0.15785874872605643,2.8200000000000003,0.2374067695937229,lo_A_model_1_unrelaxed_repeat008,lo_A_model_1_unrelaxed_repeat098
2.052,0.1847069921832235,2.99,0.2526120482561697,lo_A_model_1_unrelaxed_repeat008,lo_A_model_1_unrelaxed_repeat033
2.059,0.17945422663277183,2.87,0.2726595030032303,lo_A_model_1_unrelaxed_repeat008,lo_A_model_1_unrelaxed_repeat022
2.0709999999999997,0.17230893837292532,2.75,0.23150264878581794,lo_A_model_1_unrelaxed_repeat008,lo_A_model_1_unrelaxed_repeat077
2.114,0.1718826786553705,2.8,0.2575860204667834,lo_A_model_1_unrelaxed_repeat008,lo_A_model_1_unrelaxed_repeat055
2.117,0.18957667395431924,2.91,0.2721235308143892,lo_A_model_1_unrelaxed_repeat008,lo_A_model_1_unrelaxed_repeat046
2.1310000000000002,0.15977012635692794,2.7,0.22672981532197534,lo_A_model_1_unrelaxed_repeat008,lo_A_model_1_unrelaxed_repeat048
2.145,0.1866526254171296,2.8200000000000003,0.2636140370219717,lo_A_model_1_unrelaxed_repeat008,lo_A_model_1_unrelaxed_repeat049
2.1660000000000004,0.2027070375234083,2.86,0.3037597499568505,lo_A_model_1_unrelaxed_repeat008,lo_A_model_1_unrelaxed_repeat040
2.189,0.1597145370131765,3.04,0.22307667869584333,lo_A_model_1_unrelaxed_repeat008,lo_A_model_1_unrelaxed_repeat020
2.213,0.21074953165544635,2.83,0.3270126631052495,lo_A_model_1_unrelaxed_repeat008,lo_A_model_1_unrelaxed_repeat085
2.229,0.16777339612212638,2.81,0.23376559184647017,lo_A_model_1_unrelaxed_repeat008,lo_A_model_1_unrelaxed_repeat027
2.255,0.19253014553176742,2.8,0.27565554587453467,lo_A_model_1_unrelaxed_repeat008,lo_A_model_1_unrelaxed_repeat003
2.2800000000000002,0.16995282354747643,2.81,0.2524541630373859,lo_A_model_1_unrelaxed_repeat008,lo_A_model_1_unrelaxed_repeat092
2.293,0.21462545943986028,2.91,0.32206993260445743,lo_A_model_1_unrelaxed_repeat008,lo_A_model_1_unrelaxed_repeat093
2.304,0.1789685228995345,2.71,0.22170015451541802,lo_A_model_1_unrelaxed_repeat008,lo_A_model_1_unrelaxed_repeat036
2.3040000000000003,0.17391883147829446,2.91,0.258645586356924,lo_A_model_1_unrelaxed_repeat008,lo_A_model_1_unrelaxed_repeat045
2.308,0.18253580517715917,2.86,0.25537708100964573,lo_A_model_1_unrelaxed_repeat008,lo_A_model_1_unrelaxed_repeat001
2.317,0.1660031249167235,2.6799999999999997,0.23992965111073142,lo_A_model_1_unrelaxed_repeat008,lo_A_model_1_unrelaxed_repeat065
2.347,0.185863578503213,2.83,0.26521673054897976,lo_A_model_1_unrelaxed_repeat008,lo_A_model_1_unrelaxed_repeat009
2.37,0.18337130573069252,2.87,0.26764944082879316,lo_A_model_1_unrelaxed_repeat008,lo_A_model_1_unrelaxed_repeat060
2.387,0.20125319251237597,2.9,0.30792326673608944,lo_A_model_1_unrelaxed_repeat008,lo_A_model_1_unrelaxed_repeat013
2.411,0.2527505530361622,3.05,0.3550306763025976,lo_A_model_1_unrelaxed_repeat008,lo_A_model_1_unrelaxed_repeat087
2.432,0.1576262071265576,2.85,0.22170086433637654,lo_A_model_1_unrelaxed_repeat008,lo_A_model_1_unrelaxed_repeat075
2.4450000000000003,0.16057195072329541,2.87,0.25459878953711174,lo_A_model_1_unrelaxed_repeat008,lo_A_model_1_unrelaxed_repeat047
2.447,0.1828570624648556,2.9699999999999998,0.24551210675578175,lo_A_model_1_unrelaxed_repeat008,lo_A_model_1_unrelaxed_repeat029
2.455,0.19099101462659776,2.88,0.27719471472458607,lo_A_model_1_unrelaxed_repeat008,lo_A_model_1_unrelaxed_repeat074
2.459,0.16183708670243635,2.42,0.22474471290771536,lo_A_model_1_unrelaxed_repeat008,lo_A_model_1_unrelaxed_repeat037
2.466,0.1960141041902032,2.83,0.2952065303564489,lo_A_model_1_unrelaxed_repeat008,lo_A_model_1_unrelaxed_repeat004
2.4690000000000003,0.22133831263682208,2.88,0.3370440384193861,lo_A_model_1_unrelaxed_repeat008,lo_A_model_1_unrelaxed_repeat066
2.4699999999999998,0.1916987592712891,2.86,0.28481452439214017,lo_A_model_1_unrelaxed_repeat008,lo_A_model_1_unrelaxed_repeat058
2.471,0.1818695086286115,2.9299999999999997,0.27971454895737247,lo_A_model_1_unrelaxed_repeat008,lo_A_model_1_unrelaxed_repeat030
2.476,0.19294638970190287,2.8600000000000003,0.2735897642171693,lo_A_model_1_unrelaxed_repeat008,lo_A_model_1_unrelaxed_repeat089
2.48,0.17026461942949472,2.6900000000000004,0.2634924457278632,lo_A_model_1_unrelaxed_repeat008,lo_A_model_1_unrelaxed_repeat024
2.484,0.19552031239950785,2.8899999999999997,0.2681585058565795,lo_A_model_1_unrelaxed_repeat008,lo_A_model_1_unrelaxed_repeat053
2.488,0.22064424657789203,2.7199999999999998,0.2821760933167177,lo_A_model_1_unrelaxed_repeat008,lo_A_model_1_unrelaxed_repeat017
2.493,0.18878321468266915,2.75,0.2486939274045448,lo_A_model_1_unrelaxed_repeat008,lo_A_model_1_unrelaxed_repeat051
2.518,0.16108450940498034,2.95,0.21958948563887878,lo_A_model_1_unrelaxed_repeat008,lo_A_model_1_unrelaxed_repeat076
2.533,0.21297782498230114,2.95,0.3079766447864279,lo_A_model_1_unrelaxed_repeat008,lo_A_model_1_unrelaxed_repeat091
2.5629999999999997,0.1429831777774041,2.84,0.2334538213336397,lo_A_model_1_unrelaxed_repeat008,lo_A_model_1_unrelaxed_repeat086
2.567,0.1809519953097529,2.99,0.25833703906151934,lo_A_model_1_unrelaxed_repeat008,lo_A_model_1_unrelaxed_repeat038
2.576,0.2200112430473473,2.96,0.3060108837022076,lo_A_model_1_unrelaxed_repeat008,lo_A_model_1_unrelaxed_repeat012
2.5860000000000003,0.1534556083960822,3.04,0.2514500436737272,lo_A_model_1_unrelaxed_repeat008,lo_A_model_1_unrelaxed_repeat090
2.612,0.22890871605538096,3.0,0.33320045992614244,lo_A_model_1_unrelaxed_repeat008,lo_A_model_1_unrelaxed_repeat050
2.62,0.20950055056418176,2.94,0.3088018286617414,lo_A_model_1_unrelaxed_repeat008,lo_A_model_1_unrelaxed_repeat073
2.623,0.19203763862716935,3.01,0.27347464855972314,lo_A_model_1_unrelaxed_repeat008,lo_A_model_1_unrelaxed_repeat023
2.628,0.20769221271329685,2.99,0.2930690544434692,lo_A_model_1_unrelaxed_repeat008,lo_A_model_1_unrelaxed_repeat019
2.629,0.17694158812447527,3.04,0.26548274382250353,lo_A_model_1_unrelaxed_repeat008,lo_A_model_1_unrelaxed_repeat059
2.691,0.22638829367613258,2.87,0.32172741018816,lo_A_model_1_unrelaxed_repeat008,lo_A_model_1_unrelaxed_repeat052
2.715,0.21164822016429158,2.88,0.28364604471741545,lo_A_model_1_unrelaxed_repeat008,lo_A_model_1_unrelaxed_repeat031
2.861,0.18944546363264314,3.0300000000000002,0.2963474838553731,lo_A_model_1_unrelaxed_repeat008,lo_A_model_1_unrelaxed_repeat068
2.972,0.21111114647491105,2.92,0.3218396245335331,lo_A_model_1_unrelaxed_repeat008,lo_A_model_1_unrelaxed_repeat083
2.279,0.17102412382438875,2.74,0.23577219188526144,lo_A_model_1_unrelaxed_repeat009,lo_A_model_1_unrelaxed_repeat094
2.284,0.2128495576497692,2.9299999999999997,0.32155683523019973,lo_A_model_1_unrelaxed_repeat009,lo_A_model_1_unrelaxed_repeat085
2.31,0.18104010494757164,2.81,0.24915508152453822,lo_A_model_1_unrelaxed_repeat009,lo_A_model_1_unrelaxed_repeat057
2.3120000000000003,0.20405384924219866,2.8499999999999996,0.2672837459674065,lo_A_model_1_unrelaxed_repeat009,lo_A_model_1_unrelaxed_repeat025
2.315,0.18926050580032272,2.75,0.25454984250161417,lo_A_model_1_unrelaxed_repeat009,lo_A_model_1_unrelaxed_repeat021
2.319,0.1725641221453297,2.71,0.23872928982373004,lo_A_model_1_unrelaxed_repeat009,lo_A_model_1_unrelaxed_repeat002
2.3209999999999997,0.16525956174085998,2.7,0.23627128511876727,lo_A_model_1_unrelaxed_repeat009,lo_A_model_1_unrelaxed_repeat069
2.326,0.1845635171031739,2.75,0.25520425772635436,lo_A_model_1_unrelaxed_repeat009,lo_A_model_1_unrelaxed_repeat014
2.3280000000000003,0.16487879191360497,2.54,0.24248841100281965,lo_A_model_1_unrelaxed_repeat009,lo_A_model_1_unrelaxed_repeat018
2.332,0.17498277372808352,2.95,0.23020541924566315,lo_A_model_1_unrelaxed_repeat009,lo_A_model_1_unrelaxed_repeat061
2.333,0.21525319489220565,2.94,0.272237904037718,lo_A_model_1_unrelaxed_repeat009,lo_A_model_1_unrelaxed_repeat056
2.334,0.1911857585636005,2.96,0.2693805749018994,lo_A_model_1_unrelaxed_repeat009,lo_A_model_1_unrelaxed_repeat027
2.3360000000000003,0.18978960039406698,2.88,0.24603086678420363,lo_A_model_1_unrelaxed_repeat009,lo_A_model_1_unrelaxed_repeat022
2.338,0.20277787236820127,2.91,0.28305163139822387,lo_A_model_1_unrelaxed_repeat009,lo_A_model_1_unrelaxed_repeat088
2.339,0.19653853127959245,2.94,0.2698415261096069,lo_A_model_1_unrelaxed_repeat009,lo_A_model_1_unrelaxed_repeat098
2.339,0.20604504764617274,2.65,0.28074828481711855,lo_A_model_1_unrelaxed_repeat009,lo_A_model_1_unrelaxed_repeat099
2.343,0.17030819744601386,2.31,0.2219842884540656,lo_A_model_1_unrelaxed_repeat009,lo_A_model_1_unrelaxed_repeat055
2.3440000000000003,0.16788853939299606,2.67,0.23379882038200528,lo_A_model_1_unrelaxed_repeat009,lo_A_model_1_unrelaxed_repeat035
2.348,0.1703998587854634,2.75,0.22381290725403888,lo_A_model_1_unrelaxed_repeat009,lo_A_model_1_unrelaxed_repeat016
2.354,0.15500793924934633,2.6399999999999997,0.21454766603585,lo_A_model_1_unrelaxed_repeat009,lo_A_model_1_unrelaxed_repeat005
2.354,0.18770488586447687,2.88,0.23922352935216917,lo_A_model_1_unrelaxed_repeat009,lo_A_model_1_unrelaxed_repeat010
2.357,0.16917371099592163,2.79,0.23501133811262778,lo_A_model_1_unrelaxed_repeat009,lo_A_model_1_unrelaxed_repeat034
2.358,0.1954137622675228,2.79,0.2732801336971526,lo_A_model_1_unrelaxed_repeat009,lo_A_model_1_unrelaxed_repeat013
2.36,0.20418407359155274,2.88,0.2800018393563129,lo_A_model_1_unrelaxed_repeat009,lo_A_model_1_unrelaxed_repeat060
2.363,0.18363478870387712,2.94,0.2665657713276232,lo_A_model_1_unrelaxed_repeat009,lo_A_model_1_unrelaxed_repeat062
2.366,0.17649107423519306,2.9,0.24138767873468878,lo_A_model_1_unrelaxed_repeat009,lo_A_model_1_unrelaxed_repeat070
2.3689999999999998,0.1489296268796705,2.6399999999999997,0.2159529567804135,lo_A_model_1_unrelaxed_repeat009,lo_A_model_1_unrelaxed_repeat081
2.392,0.21009696378506384,2.8499999999999996,0.27322961150076386,lo_A_model_1_unrelaxed_repeat009,lo_A_model_1_unrelaxed_repeat092
2.3920000000000003,0.22975623021343383,3.0300000000000002,0.2707474949257771,lo_A_model_1_unrelaxed_repeat009,lo_A_model_1_unrelaxed_repeat049
2.4,0.23023627970441934,2.91,0.2992992292210311,lo_A_model_1_unrelaxed_repeat009,lo_A_model_1_unrelaxed_repeat001
2.404,0.22696381956915332,2.9699999999999998,0.2889010305214185,lo_A_model_1_unrelaxed_repeat009,lo_A_model_1_unrelaxed_repeat046
2.411,0.17416288809038172,2.83,0.25946406743320793,lo_A_model_1_unrelaxed_repeat009,lo_A_model_1_unrelaxed_repeat047
2.423,0.17803665935529114,2.65,0.23110662434660165,lo_A_model_1_unrelaxed_repeat009,lo_A_model_1_unrelaxed_repeat086
2.436,0.21868339484672383,2.9,0.28251567619538803,lo_A_model_1_unrelaxed_repeat009,lo_A_model_1_unrelaxed_repeat020
2.446,0.2000112757908681,2.9299999999999997,0.2588544147034099,lo_A_model_1_unrelaxed_repeat009,lo_A_model_1_unrelaxed_repeat090
2.447,0.21931259104167605,2.81,0.2845560757195292,lo_A_model_1_unrelaxed_repeat009,lo_A_model_1_unrelaxed_repeat076
2.454,0.19761935420382554,2.67,0.2632296385902087,lo_A_model_1_unrelaxed_repeat009,lo_A_model_1_unrelaxed_repeat030
2.456,0.21275742902458242,2.96,0.2780665413720521,lo_A_model_1_unrelaxed_repeat009,lo_A_model_1_unrelaxed_repeat075
2.459,0.22492993981563447,2.84,0.28821918816967157,lo_A_model_1_unrelaxed_repeat009,lo_A_model_1_unrelaxed_repeat089
2.467,0.2100936020022718,2.96,0.2646442803763354,lo_A_model_1_unrelaxed_repeat009,lo_A_model_1_unrelaxed_repeat053
2.471,0.2210163161786192,2.62,0.26638844570612,lo_A_model_1_unrelaxed_repeat009,lo_A_model_1_unrelaxed_repeat017
2.476,0.2146367713924213,2.9,0.27224021623594585,lo_A_model_1_unrelaxed_repeat009,lo_A_model_1_unrelaxed_repeat065
2.476,0.22469857985369857,3.04,0.2771641080215716,lo_A_model_1_unrelaxed_repeat009,lo_A_model_1_unrelaxed_repeat051
2.483,0.2033773457842703,2.76,0.26644536597060625,lo_A_model_1_unrelaxed_repeat009,lo_A_model_1_unrelaxed_repeat023
2.487,0.1998898781235603,2.9699999999999998,0.2568117494938882,lo_A_model_1_unrelaxed_repeat009,lo_A_model_1_unrelaxed_repeat048
2.488,0.2081653938276259,2.8200000000000003,0.2540688629573949,lo_A_model_1_unrelaxed_repeat009,lo_A_model_1_unrelaxed_repeat019
2.489,0.19644144180193904,2.83,0.2713199864552398,lo_A_model_1_unrelaxed_repeat009,lo_A_model_1_unrelaxed_repeat059
2.497,0.18727601137066918,2.61,0.2537441515002875,lo_A_model_1_unrelaxed_repeat009,lo_A_model_1_unrelaxed_repeat024
2.5,0.18485211504039387,2.81,0.24859237480781549,lo_A_model_1_unrelaxed_repeat009,lo_A_model_1_unrelaxed_repeat058
2.5229999999999997,0.23583541034486782,3.01,0.3024078383827172,lo_A_model_1_unrelaxed_repeat009,lo_A_model_1_unrelaxed_repeat068
2.533,0.21515996311624316,2.95,0.2792323935608723,lo_A_model_1_unrelaxed_repeat009,lo_A_model_1_unrelaxed_repeat097
2.548,0.24366934665795636,3.01,0.3416041849425197,lo_A_model_1_unrelaxed_repeat009,lo_A_model_1_unrelaxed_repeat083
2.558,0.21683271704631688,2.8899999999999997,0.2664781701463006,lo_A_model_1_unrelaxed_repeat009,lo_A_model_1_unrelaxed_repeat037
2.561,0.22477094046949708,2.95,0.27007883128319427,lo_A_model_1_unrelaxed_repeat009,lo_A_model_1_unrelaxed_repeat029
2.5999999999999996,0.25263466415680064,3.04,0.31976730631191796,lo_A_model_1_unrelaxed_repeat009,lo_A_model_1_unrelaxed_repeat012
2.602,0.2003246906602526,3.04,0.26142888971512385,lo_A_model_1_unrelaxed_repeat009,lo_A_model_1_unrelaxed_repeat003
2.627,0.23859084640563033,2.95,0.3146886646368596,lo_A_model_1_unrelaxed_repeat009,lo_A_model_1_unrelaxed_repeat040
2.63,0.24896375740974133,3.04,0.3362187277712959,lo_A_model_1_unrelaxed_repeat009,lo_A_model_1_unrelaxed_repeat093
2.6799999999999997,0.267088369531078,3.02,0.34872668442375404,lo_A_model_1_unrelaxed_repeat009,lo_A_model_1_unrelaxed_repeat050
2.6799999999999997,0.2138880036645066,2.87,0.28128679381008975,lo_A_model_1_unrelaxed_repeat009,lo_A_model_1_unrelaxed_repeat079
2.6839999999999997,0.2912286502947531,2.98,0.3807100135919899,lo_A_model_1_unrelaxed_repeat009,lo_A_model_1_unrelaxed_repeat087
2.696,0.21525143497201296,2.87,0.26409252941262723,lo_A_model_1_unrelaxed_repeat009,lo_A_model_1_unrelaxed_repeat031
2.702,0.23046456037934349,2.94,0.28363222474312133,lo_A_model_1_unrelaxed_repeat009,lo_A_model_1_unrelaxed_repeat033
2.713,0.22729353000905483,2.79,0.28745984355995463,lo_A_model_1_unrelaxed_repeat009,lo_A_model_1_unrelaxed_repeat045
2.7359999999999998,0.25059501380555443,2.98,0.3423257991879951,lo_A_model_1_unrelaxed_repeat009,lo_A_model_1_unrelaxed_repeat004
2.771,0.21793032315644595,2.8899999999999997,0.28482376650926877,lo_A_model_1_unrelaxed_repeat009,lo_A_model_1_unrelaxed_repeat038
2.7809999999999997,0.2650859622499355,2.94,0.36253186925176106,lo_A_model_1_unrelaxed_repeat009,lo_A_model_1_unrelaxed_repeat066
2.8009999999999997,0.2630540254676505,2.92,0.33399712162415246,lo_A_model_1_unrelaxed_repeat009,lo_A_model_1_unrelaxed_repeat052
2.87,0.19759328975070597,2.92,0.2543817999446138,lo_A_model_1_unrelaxed_repeat009,lo_A_model_1_unrelaxed_repeat026
2.923,0.24122551318575539,3.0300000000000002,0.32341781708232265,lo_A_model_1_unrelaxed_repeat009,lo_A_model_1_unrelaxed_repeat073
2.948,0.21353224989530387,2.67,0.27235186153336033,lo_A_model_1_unrelaxed_repeat009,lo_A_model_1_unrelaxed_repeat015
3.008,0.25053140488864717,2.83,0.33223627767901653,lo_A_model_1_unrelaxed_repeat009,lo_A_model_1_unrelaxed_repeat074
3.1159999999999997,0.18546413185845015,2.96,0.24678139851946246,lo_A_model_1_unrelaxed_repeat009,lo_A_model_1_unrelaxed_repeat036
3.127,0.21589294226047012,2.9299999999999997,0.253976106476464,lo_A_model_1_unrelaxed_repeat009,lo_A_model_1_unrelaxed_repeat077
3.2889999999999997,0.23641424871548702,2.88,0.31498257099181265,lo_A_model_1_unrelaxed_repeat009,lo_A_model_1_unrelaxed_repeat091
1.2309999999999999,0.13239097385049156,2.32,0.20866946845966447,lo_A_model_1_unrelaxed_repeat081,lo_A_model_1_unrelaxed_repeat069
1.384,0.12480473446688832,2.1399999999999997,0.20466896402600776,lo_A_model_1_unrelaxed_repeat081,lo_A_model_1_unrelaxed_repeat002
1.421,0.13616570209242604,2.38,0.21253682673402463,lo_A_model_1_unrelaxed_repeat081,lo_A_model_1_unrelaxed_repeat016
1.531,0.14062274229629396,2.62,0.20523380714128286,lo_A_model_1_unrelaxed_repeat081,lo_A_model_1_unrelaxed_repeat005
1.8090000000000002,0.15462167498388177,2.8499999999999996,0.22271237312841902,lo_A_model_1_unrelaxed_repeat081,lo_A_model_1_unrelaxed_repeat010
1.832,0.14507042441537568,2.66,0.20892866584216382,lo_A_model_1_unrelaxed_repeat081,lo_A_model_1_unrelaxed_repeat055
1.884,0.16336888229535038,2.73,0.23848628504487723,lo_A_model_1_unrelaxed_repeat081,lo_A_model_1_unrelaxed_repeat062
1.9689999999999999,0.159701256329584,3.0,0.23178809818594673,lo_A_model_1_unrelaxed_repeat081,lo_A_model_1_unrelaxed_repeat057
1.97,0.17483652695817967,2.7199999999999998,0.25085382094952935,lo_A_model_1_unrelaxed_repeat081,lo_A_model_1_unrelaxed_repeat027
1.9929999999999999,0.18896438113849867,2.81,0.2779796309990314,lo_A_model_1_unrelaxed_repeat081,lo_A_model_1_unrelaxed_repeat079
2.004,0.13539069413081758,3.0,0.21664095808740794,lo_A_model_1_unrelaxed_repeat081,lo_A_model_1_unrelaxed_repeat018
2.012,0.15066820172157863,2.7199999999999998,0.2192770016063618,lo_A_model_1_unrelaxed_repeat081,lo_A_model_1_unrelaxed_repeat094
2.051,0.16645931507890424,2.56,0.23365920428738032,lo_A_model_1_unrelaxed_repeat081,lo_A_model_1_unrelaxed_repeat021
2.0949999999999998,0.15788749639047442,2.75,0.22183033638391364,lo_A_model_1_unrelaxed_repeat081,lo_A_model_1_unrelaxed_repeat035
2.112,0.1847330711655614,2.76,0.2689125560549483,lo_A_model_1_unrelaxed_repeat081,lo_A_model_1_unrelaxed_repeat088
2.127,0.15400304049169516,2.6900000000000004,0.22941394514291671,lo_A_model_1_unrelaxed_repeat081,lo_A_model_1_unrelaxed_repeat034
2.166,0.22621631247240395,3.01,0.345231775103006,lo_A_model_1_unrelaxed_repeat081,lo_A_model_1_unrelaxed_repeat085
2.176,0.15741243858921608,2.43,0.21739187534912882,lo_A_model_1_unrelaxed_repeat081,lo_A_model_1_unrelaxed_repeat061
2.1830000000000003,0.1938567506461964,3.01,0.25418179204039004,lo_A_model_1_unrelaxed_repeat081,lo_A_model_1_unrelaxed_repeat026
2.19,0.20497331066013372,2.7800000000000002,0.2619628232095537,lo_A_model_1_unrelaxed_repeat081,lo_A_model_1_unrelaxed_repeat056
2.197,0.187172947955499,2.46,0.26917146228515154,lo_A_model_1_unrelaxed_repeat081,lo_A_model_1_unrelaxed_repeat099
2.23,0.17951655551868545,2.81,0.2467507879604124,lo_A_model_1_unrelaxed_repeat081,lo_A_model_1_unrelaxed_repeat022
2.24,0.17134614882794658,2.81,0.2298937989556988,lo_A_model_1_unrelaxed_repeat081,lo_A_model_1_unrelaxed_repeat070
2.2569999999999997,0.16178987503046913,2.83,0.24476592420880633,lo_A_model_1_unrelaxed_repeat081,lo_A_model_1_unrelaxed_repeat014
2.274,0.1922569394280114,3.0,0.23703370760457793,lo_A_model_1_unrelaxed_repeat081,lo_A_model_1_unrelaxed_repeat077
2.275,0.19919532617139005,3.02,0.27519242844825936,lo_A_model_1_unrelaxed_repeat081,lo_A_model_1_unrelaxed_repeat097
2.2809999999999997,0.20808195947702846,2.7199999999999998,0.28109081411473635,lo_A_model_1_unrelaxed_repeat081,lo_A_model_1_unrelaxed_repeat001
2.2880000000000003,0.2082806946947952,2.75,0.2684560316245357,lo_A_model_1_unrelaxed_repeat081,lo_A_model_1_unrelaxed_repeat049
2.304,0.22781646102545594,3.01,0.29118071514063915,lo_A_model_1_unrelaxed_repeat081,lo_A_model_1_unrelaxed_repeat033
2.309,0.19583162456259945,2.7800000000000002,0.27084924460799414,lo_A_model_1_unrelaxed_repeat081,lo_A_model_1_unrelaxed_repeat015
2.326,0.20831350589483494,2.75,0.2529379302645683,lo_A_model_1_unrelaxed_repeat081,lo_A_model_1_unrelaxed_repeat036
2.3280000000000003,0.2340440924184891,3.01,0.3518585438880375,lo_A_model_1_unrelaxed_repeat081,lo_A_model_1_unrelaxed_repeat093
2.332,0.18868312636411091,3.02,0.2557323909753933,lo_A_model_1_unrelaxed_repeat081,lo_A_model_1_unrelaxed_repeat020
2.336,0.2130035865824698,2.9,0.2834817250053646,lo_A_model_1_unrelaxed_repeat081,lo_A_model_1_unrelaxed_repeat045
2.3729999999999998,0.17657223513427794,2.75,0.26060082444146415,lo_A_model_1_unrelaxed_repeat081,lo_A_model_1_unrelaxed_repeat098
2.385,0.14233985504686994,2.87,0.20604588569057697,lo_A_model_1_unrelaxed_repeat081,lo_A_model_1_unrelaxed_repeat047
2.387,0.22363512268264535,2.86,0.31586613669244895,lo_A_model_1_unrelaxed_repeat081,lo_A_model_1_unrelaxed_repeat091
2.3890000000000002,0.20368618742336764,2.98,0.2830602740425768,lo_A_model_1_unrelaxed_repeat081,lo_A_model_1_unrelaxed_repeat092
2.3979999999999997,0.18887249220538735,2.88,0.24541256029315686,lo_A_model_1_unrelaxed_repeat081,lo_A_model_1_unrelaxed_repeat003
2.4059999999999997,0.1814073956722216,2.9,0.2558759534941451,lo_A_model_1_unrelaxed_repeat081,lo_A_model_1_unrelaxed_repeat075
2.4210000000000003,0.17206038797514486,2.75,0.24606912505666298,lo_A_model_1_unrelaxed_repeat081,lo_A_model_1_unrelaxed_repeat058
2.4210000000000003,0.21052172333105568,3.0,0.27769251528842165,lo_A_model_1_unrelaxed_repeat081,lo_A_model_1_unrelaxed_repeat029
2.4219999999999997,0.2159588095892336,2.84,0.28343756393011504,lo_A_model_1_unrelaxed_repeat081,lo_A_model_1_unrelaxed_repeat046
2.44,0.23336193039555514,2.83,0.33264995757934396,lo_A_model_1_unrelaxed_repeat081,lo_A_model_1_unrelaxed_repeat004
2.4450000000000003,0.18520514319094294,2.9,0.24121847344540276,lo_A_model_1_unrelaxed_repeat081,lo_A_model_1_unrelaxed_repeat030
2.4539999999999997,0.16039106714714776,2.66,0.23034669398051694,lo_A_model_1_unrelaxed_repeat081,lo_A_model_1_unrelaxed_repeat024
2.458,0.18839457041828495,2.84,0.25050506920932925,lo_A_model_1_unrelaxed_repeat081,lo_A_model_1_unrelaxed_repeat053
2.4619999999999997,0.19880612693960606,2.75,0.26018750804355895,lo_A_model_1_unrelaxed_repeat081,lo_A_model_1_unrelaxed_repeat017
2.4669999999999996,0.20054997201008903,2.81,0.24726799070536365,lo_A_model_1_unrelaxed_repeat081,lo_A_model_1_unrelaxed_repeat051
2.469,0.2525522487337747,2.86,0.35363710050772085,lo_A_model_1_unrelaxed_repeat081,lo_A_model_1_unrelaxed_repeat066
2.479,0.21233663921893592,2.94,0.30405810377640485,lo_A_model_1_unrelaxed_repeat081,lo_A_model_1_unrelaxed_repeat068
2.484,0.18260566267248457,2.9299999999999997,0.2621036827028746,lo_A_model_1_unrelaxed_repeat081,lo_A_model_1_unrelaxed_repeat060
2.49,0.18428238268082928,2.99,0.2527907184873724,lo_A_model_1_unrelaxed_repeat081,lo_A_model_1_unrelaxed_repeat048
2.5010000000000003,0.16639561077351894,2.7800000000000002,0.23985796941849197,lo_A_model_1_unrelaxed_repeat081,lo_A_model_1_unrelaxed_repeat013
2.519,0.18895648006640156,2.79,0.26029289104261905,lo_A_model_1_unrelaxed_repeat081,lo_A_model_1_unrelaxed_repeat089
2.5250000000000004,0.27235978529628424,2.98,0.3636159208716003,lo_A_model_1_unrelaxed_repeat081,lo_A_model_1_unrelaxed_repeat087
2.573,0.22578974102707994,2.88,0.3159484664884367,lo_A_model_1_unrelaxed_repeat081,lo_A_model_1_unrelaxed_repeat073
2.5730000000000004,0.2006925413096836,2.87,0.2704871882865835,lo_A_model_1_unrelaxed_repeat081,lo_A_model_1_unrelaxed_repeat037
2.59,0.23446052710354243,3.0,0.34692815053105924,lo_A_model_1_unrelaxed_repeat081,lo_A_model_1_unrelaxed_repeat083
2.6470000000000002,0.1936088988720835,2.6500000000000004,0.2662666169497404,lo_A_model_1_unrelaxed_repeat081,lo_A_model_1_unrelaxed_repeat076
2.6710000000000003,0.23640203141639213,2.89,0.3192726892039636,lo_A_model_1_unrelaxed_repeat081,lo_A_model_1_unrelaxed_repeat012
2.676,0.19459086899108788,3.0,0.2510129977426774,lo_A_model_1_unrelaxed_repeat081,lo_A_model_1_unrelaxed_repeat065
2.677,0.16280763814583948,2.3899999999999997,0.22638605031411285,lo_A_model_1_unrelaxed_repeat081,lo_A_model_1_unrelaxed_repeat086
2.681,0.20519145740430433,2.88,0.27279683207101735,lo_A_model_1_unrelaxed_repeat081,lo_A_model_1_unrelaxed_repeat038
2.698,0.18236901937409164,2.76,0.2419067082738062,lo_A_model_1_unrelaxed_repeat081,lo_A_model_1_unrelaxed_repeat025
2.699,0.2537836923797167,2.91,0.33920221137293033,lo_A_model_1_unrelaxed_repeat081,lo_A_model_1_unrelaxed_repeat052
2.7,0.17871359428979405,2.8,0.24712556393273055,lo_A_model_1_unrelaxed_repeat081,lo_A_model_1_unrelaxed_repeat090
2.714,0.1851158327392831,2.83,0.24607592719653953,lo_A_model_1_unrelaxed_repeat081,lo_A_model_1_unrelaxed_repeat031
2.726,0.2521812397511033,3.02,0.3525975143886806,lo_A_model_1_unrelaxed_repeat081,lo_A_model_1_unrelaxed_repeat050
2.737,0.18768815566471966,2.94,0.25221201654075415,lo_A_model_1_unrelaxed_repeat081,lo_A_model_1_unrelaxed_repeat023
2.742,0.18505710752956855,2.84,0.25029664803422236,lo_A_model_1_unrelaxed_repeat081,lo_A_model_1_unrelaxed_repeat019
2.7430000000000003,0.1687377018249549,2.98,0.24536277191667102,lo_A_model_1_unrelaxed_repeat081,lo_A_model_1_unrelaxed_repeat059
2.805,0.2222392181864917,2.95,0.3234373238079455,lo_A_model_1_unrelaxed_repeat081,lo_A_model_1_unrelaxed_repeat040
3.2190000000000003,0.24065579394396114,3.01,0.3293361337361317,lo_A_model_1_unrelaxed_repeat081,lo_A_model_1_unrelaxed_repeat074
1.6139999999999999,0.179161980242798,2.9,0.2675948617113306,lo_A_model_1_unrelaxed_repeat075,lo_A_model_1_unrelaxed_repeat058
1.729,0.15733430960391562,2.9699999999999998,0.24552976212988797,lo_A_model_1_unrelaxed_repeat075,lo_A_model_1_unrelaxed_repeat089
1.8279999999999998,0.1919795291900677,2.98,0.29697275685132146,lo_A_model_1_unrelaxed_repeat075,lo_A_model_1_unrelaxed_repeat004
1.88,0.16947860293454936,2.8499999999999996,0.26592344569435217,lo_A_model_1_unrelaxed_repeat075,lo_A_model_1_unrelaxed_repeat024
2.11,0.19372946566158222,2.9,0.270720439770068,lo_A_model_1_unrelaxed_repeat075,lo_A_model_1_unrelaxed_repeat053
2.185,0.1917361138102465,2.87,0.2790377908064429,lo_A_model_1_unrelaxed_repeat075,lo_A_model_1_unrelaxed_repeat019
2.2110000000000003,0.18823172794421267,2.8899999999999997,0.2542019968878005,lo_A_model_1_unrelaxed_repeat075,lo_A_model_1_unrelaxed_repeat051
2.263,0.18723090102979578,3.0300000000000002,0.24672086942653748,lo_A_model_1_unrelaxed_repeat075,lo_A_model_1_unrelaxed_repeat029
2.2889999999999997,0.18041778014768714,2.77,0.24811529923956363,lo_A_model_1_unrelaxed_repeat075,lo_A_model_1_unrelaxed_repeat002
2.301,0.207397693896235,2.9299999999999997,0.27757935879525436,lo_A_model_1_unrelaxed_repeat075,lo_A_model_1_unrelaxed_repeat045
2.31,0.20414078636588762,3.0300000000000002,0.28497852741437824,lo_A_model_1_unrelaxed_repeat075,lo_A_model_1_unrelaxed_repeat057
2.358,0.21469531460091995,2.87,0.2815046939286495,lo_A_model_1_unrelaxed_repeat075,lo_A_model_1_unrelaxed_repeat049
2.359,0.1962610856331575,3.02,0.2690940132794348,lo_A_model_1_unrelaxed_repeat075,lo_A_model_1_unrelaxed_repeat048
2.364,0.1777475207024836,2.86,0.25872638426922046,lo_A_model_1_unrelaxed_repeat075,lo_A_model_1_unrelaxed_repeat016
2.365,0.202211523977207,2.6399999999999997,0.25674065782246686,lo_A_model_1_unrelaxed_repeat075,lo_A_model_1_unrelaxed_repeat015
2.3739999999999997,0.20946030930251305,2.96,0.2630451692908796,lo_A_model_1_unrelaxed_repeat075,lo_A_model_1_unrelaxed_repeat001
2.376,0.1980100870250361,2.9,0.26859806647882994,lo_A_model_1_unrelaxed_repeat075,lo_A_model_1_unrelaxed_repeat034
2.379,0.20626661289143547,2.99,0.2830614870241758,lo_A_model_1_unrelaxed_repeat075,lo_A_model_1_unrelaxed_repeat023
2.379,0.18054035567875762,2.45,0.23189497400753875,lo_A_model_1_unrelaxed_repeat075,lo_A_model_1_unrelaxed_repeat061
2.395,0.21288036563180449,2.99,0.26903978039218734,lo_A_model_1_unrelaxed_repeat075,lo_A_model_1_unrelaxed_repeat046
2.395,0.17394099603067434,2.8200000000000003,0.2636229913058882,lo_A_model_1_unrelaxed_repeat075,lo_A_model_1_unrelaxed_repeat090
2.4,0.20116121478745336,2.87,0.2812771811694615,lo_A_model_1_unrelaxed_repeat075,lo_A_model_1_unrelaxed_repeat022
2.4059999999999997,0.21251144276184525,2.91,0.2838402601395876,lo_A_model_1_unrelaxed_repeat075,lo_A_model_1_unrelaxed_repeat017
2.4059999999999997,0.18343733244795704,3.04,0.27010219016706843,lo_A_model_1_unrelaxed_repeat075,lo_A_model_1_unrelaxed_repeat069
2.4059999999999997,0.20682380453669472,2.81,0.256921357016086,lo_A_model_1_unrelaxed_repeat075,lo_A_model_1_unrelaxed_repeat025
2.407,0.19808861111653353,3.05,0.28592499791887205,lo_A_model_1_unrelaxed_repeat075,lo_A_model_1_unrelaxed_repeat018
2.416,0.21555364719988643,2.91,0.298904628786771,lo_A_model_1_unrelaxed_repeat075,lo_A_model_1_unrelaxed_repeat021
2.4219999999999997,0.20243590341845719,2.8600000000000003,0.27478512869656846,lo_A_model_1_unrelaxed_repeat075,lo_A_model_1_unrelaxed_repeat014
2.423,0.18032045627934093,3.0,0.23254362582384805,lo_A_model_1_unrelaxed_repeat075,lo_A_model_1_unrelaxed_repeat020
2.425,0.19486154873644435,2.87,0.2633162016121939,lo_A_model_1_unrelaxed_repeat075,lo_A_model_1_unrelaxed_repeat038
2.4290000000000003,0.19163348123484575,3.0300000000000002,0.24141813968468193,lo_A_model_1_unrelaxed_repeat075,lo_A_model_1_unrelaxed_repeat077
2.431,0.15398550644318335,2.4699999999999998,0.21704228473259685,lo_A_model_1_unrelaxed_repeat075,lo_A_model_1_unrelaxed_repeat010
2.4379999999999997,0.20339512206427715,2.87,0.2825680821148116,lo_A_model_1_unrelaxed_repeat075,lo_A_model_1_unrelaxed_repeat055
2.439,0.18023940048679635,3.01,0.23693597283178708,lo_A_model_1_unrelaxed_repeat075,lo_A_model_1_unrelaxed_repeat062
2.439,0.1816894873514151,2.8,0.2533135486589529,lo_A_model_1_unrelaxed_repeat075,lo_A_model_1_unrelaxed_repeat088
2.444,0.21819367307499335,2.99,0.28981386162844,lo_A_model_1_unrelaxed_repeat075,lo_A_model_1_unrelaxed_repeat003
2.444,0.1926289249260578,3.0300000000000002,0.26237208887112595,lo_A_model_1_unrelaxed_repeat075,lo_A_model_1_unrelaxed_repeat065
2.4530000000000003,0.1939373857334413,2.8899999999999997,0.25414886426549144,lo_A_model_1_unrelaxed_repeat075,lo_A_model_1_unrelaxed_repeat098
2.455,0.19425817224023628,3.01,0.2867966734512766,lo_A_model_1_unrelaxed_repeat075,lo_A_model_1_unrelaxed_repeat059
2.456,0.2644438410407353,3.0300000000000002,0.3638272947830943,lo_A_model_1_unrelaxed_repeat075,lo_A_model_1_unrelaxed_repeat087
2.46,0.2427729795496767,3.04,0.3425737392295682,lo_A_model_1_unrelaxed_repeat075,lo_A_model_1_unrelaxed_repeat085
2.466,0.18246923192927175,3.04,0.2454250349547627,lo_A_model_1_unrelaxed_repeat075,lo_A_model_1_unrelaxed_repeat026
2.4669999999999996,0.200936716989755,2.8200000000000003,0.2514371282660387,lo_A_model_1_unrelaxed_repeat075,lo_A_model_1_unrelaxed_repeat056
2.473,0.17140235774441187,2.49,0.23075840626093305,lo_A_model_1_unrelaxed_repeat075,lo_A_model_1_unrelaxed_repeat037
2.476,0.1971740094071575,2.95,0.2659700844773898,lo_A_model_1_unrelaxed_repeat075,lo_A_model_1_unrelaxed_repeat005
2.484,0.19403713123412217,2.45,0.2417240176633418,lo_A_model_1_unrelaxed_repeat075,lo_A_model_1_unrelaxed_repeat097
2.4909999999999997,0.19935347288942776,2.8499999999999996,0.2655552662399184,lo_A_model_1_unrelaxed_repeat075,lo_A_model_1_unrelaxed_repeat070
2.4939999999999998,0.24349351675940503,3.04,0.34202372563672584,lo_A_model_1_unrelaxed_repeat075,lo_A_model_1_unrelaxed_repeat093
2.504,0.23102104456716524,2.98,0.3255013080982574,lo_A_model_1_unrelaxed_repeat075,lo_A_model_1_unrelaxed_repeat050
2.5060000000000002,0.204541723709852,2.85,0.24689319915353877,lo_A_model_1_unrelaxed_repeat075,lo_A_model_1_unrelaxed_repeat036
2.51,0.200266069798272,2.9699999999999998,0.2638466954195827,lo_A_model_1_unrelaxed_repeat075,lo_A_model_1_unrelaxed_repeat047
2.511,0.21285965004003113,2.92,0.2885174972317447,lo_A_model_1_unrelaxed_repeat075,lo_A_model_1_unrelaxed_repeat035
2.519,0.20216840810584502,3.01,0.27276095903287223,lo_A_model_1_unrelaxed_repeat075,lo_A_model_1_unrelaxed_repeat092
2.5229999999999997,0.1990350836429194,2.8899999999999997,0.2666619813608427,lo_A_model_1_unrelaxed_repeat075,lo_A_model_1_unrelaxed_repeat099
2.527,0.1785589646661879,2.7800000000000002,0.24812048852127133,lo_A_model_1_unrelaxed_repeat075,lo_A_model_1_unrelaxed_repeat079
2.542,0.2063781825201364,2.8899999999999997,0.2937087596229572,lo_A_model_1_unrelaxed_repeat075,lo_A_model_1_unrelaxed_repeat013
2.543,0.17459178384770707,2.92,0.26166972379140485,lo_A_model_1_unrelaxed_repeat075,lo_A_model_1_unrelaxed_repeat030
2.544,0.19920551784648538,2.75,0.26273955619964906,lo_A_model_1_unrelaxed_repeat075,lo_A_model_1_unrelaxed_repeat060
2.5549999999999997,0.22579553843870984,2.98,0.3145719438671914,lo_A_model_1_unrelaxed_repeat075,lo_A_model_1_unrelaxed_repeat040
2.556,0.19809159743113364,2.9699999999999998,0.2712286462392432,lo_A_model_1_unrelaxed_repeat075,lo_A_model_1_unrelaxed_repeat094
2.56,0.16709177572954353,2.88,0.23035470564952304,lo_A_model_1_unrelaxed_repeat075,lo_A_model_1_unrelaxed_repeat086
2.566,0.21620324248282177,3.04,0.2658583959465621,lo_A_model_1_unrelaxed_repeat075,lo_A_model_1_unrelaxed_repeat033
2.581,0.2156620820159547,2.88,0.2982378864428047,lo_A_model_1_unrelaxed_repeat075,lo_A_model_1_unrelaxed_repeat091
2.6029999999999998,0.16556261387468668,2.6799999999999997,0.2262272522729269,lo_A_model_1_unrelaxed_repeat075,lo_A_model_1_unrelaxed_repeat076
2.609,0.24472672505691231,2.92,0.3347159451661929,lo_A_model_1_unrelaxed_repeat075,lo_A_model_1_unrelaxed_repeat066
2.614,0.1843844866379286,2.45,0.23697527683534292,lo_A_model_1_unrelaxed_repeat075,lo_A_model_1_unrelaxed_repeat027
2.7199999999999998,0.21037642603074772,2.8899999999999997,0.2870647666599137,lo_A_model_1_unrelaxed_repeat075,lo_A_model_1_unrelaxed_repeat031
2.773,0.20700174092002196,2.96,0.29010786805479116,lo_A_model_1_unrelaxed_repeat075,lo_A_model_1_unrelaxed_repeat012
2.7840000000000003,0.23475422998926787,2.9,0.3127320654781896,lo_A_model_1_unrelaxed_repeat075,lo_A_model_1_unrelaxed_repeat073
2.8770000000000002,0.206704316336134,3.04,0.28654465580621385,lo_A_model_1_unrelaxed_repeat075,lo_A_model_1_unrelaxed_repeat074
2.992,0.2508619806454006,2.9,0.33187954793081775,lo_A_model_1_unrelaxed_repeat075,lo_A_model_1_unrelaxed_repeat052
3.0580000000000003,0.2133519280612181,2.99,0.29515593221288605,lo_A_model_1_unrelaxed_repeat075,lo_A_model_1_unrelaxed_repeat068
3.169,0.23945305165835298,2.98,0.33626170065957867,lo_A_model_1_unrelaxed_repeat075,lo_A_model_1_unrelaxed_repeat083
1.442,0.14389140317767643,2.65,0.24629419351010984,lo_A_model_1_unrelaxed_repeat014,lo_A_model_1_unrelaxed_repeat018
1.6400000000000001,0.1320014089316579,2.3899999999999997,0.20375509156596747,lo_A_model_1_unrelaxed_repeat014,lo_A_model_1_unrelaxed_repeat057
1.684,0.15773205036985022,2.75,0.22350203949743636,lo_A_model_1_unrelaxed_repeat014,lo_A_model_1_unrelaxed_repeat010
1.9060000000000001,0.18206579090387492,2.79,0.27136453793071774,lo_A_model_1_unrelaxed_repeat014,lo_A_model_1_unrelaxed_repeat015
1.939,0.1624371519270769,2.34,0.2368533588337815,lo_A_model_1_unrelaxed_repeat014,lo_A_model_1_unrelaxed_repeat055
1.9929999999999999,0.1774306102656119,2.99,0.24374351537539138,lo_A_model_1_unrelaxed_repeat014,lo_A_model_1_unrelaxed_repeat070
2.036,0.15063659004495542,2.65,0.23543470280460446,lo_A_model_1_unrelaxed_repeat014,lo_A_model_1_unrelaxed_repeat094
2.043,0.1647163956232787,2.67,0.2403948230692836,lo_A_model_1_unrelaxed_repeat014,lo_A_model_1_unrelaxed_repeat069
2.063,0.1729410370299203,2.87,0.27051114653664876,lo_A_model_1_unrelaxed_repeat014,lo_A_model_1_unrelaxed_repeat062
2.077,0.16955967800834815,2.8200000000000003,0.23797578650828033,lo_A_model_1_unrelaxed_repeat014,lo_A_model_1_unrelaxed_repeat061
2.085,0.17824626355720058,2.81,0.240019193319325,lo_A_model_1_unrelaxed_repeat014,lo_A_model_1_unrelaxed_repeat056
2.094,0.15912726751730843,2.71,0.22617469541689267,lo_A_model_1_unrelaxed_repeat014,lo_A_model_1_unrelaxed_repeat005
2.126,0.1600322106347015,2.87,0.24029190640993933,lo_A_model_1_unrelaxed_repeat014,lo_A_model_1_unrelaxed_repeat088
2.13,0.16441159488366033,2.8600000000000003,0.23335955299241196,lo_A_model_1_unrelaxed_repeat014,lo_A_model_1_unrelaxed_repeat002
2.134,0.17940596621993257,2.81,0.23437671887781716,lo_A_model_1_unrelaxed_repeat014,lo_A_model_1_unrelaxed_repeat025
2.141,0.22284504261615962,2.91,0.33422958194597696,lo_A_model_1_unrelaxed_repeat014,lo_A_model_1_unrelaxed_repeat085
2.151,0.2060249016158894,2.8,0.26544890043294334,lo_A_model_1_unrelaxed_repeat014,lo_A_model_1_unrelaxed_repeat077
2.155,0.16742492862143102,2.57,0.22889990065691143,lo_A_model_1_unrelaxed_repeat014,lo_A_model_1_unrelaxed_repeat035
2.174,0.20696123499269029,3.02,0.28027086836960485,lo_A_model_1_unrelaxed_repeat014,lo_A_model_1_unrelaxed_repeat049
2.1790000000000003,0.20193810082924818,2.83,0.27446824645462015,lo_A_model_1_unrelaxed_repeat014,lo_A_model_1_unrelaxed_repeat027
2.182,0.1987631080065788,3.01,0.26558053128570464,lo_A_model_1_unrelaxed_repeat014,lo_A_model_1_unrelaxed_repeat022
2.2,0.2095597019217385,2.54,0.29656194001124486,lo_A_model_1_unrelaxed_repeat014,lo_A_model_1_unrelaxed_repeat099
2.232,0.17117513724508204,2.8200000000000003,0.25194062247525484,lo_A_model_1_unrelaxed_repeat014,lo_A_model_1_unrelaxed_repeat097
2.242,0.2104742271303616,3.0,0.29142258742849586,lo_A_model_1_unrelaxed_repeat014,lo_A_model_1_unrelaxed_repeat045
2.2720000000000002,0.20009274101564273,3.01,0.2800883776322974,lo_A_model_1_unrelaxed_repeat014,lo_A_model_1_unrelaxed_repeat020
2.274,0.1972504555207601,2.7800000000000002,0.2766172112234963,lo_A_model_1_unrelaxed_repeat014,lo_A_model_1_unrelaxed_repeat001
2.274,0.18790503034560982,2.87,0.28358521161383893,lo_A_model_1_unrelaxed_repeat014,lo_A_model_1_unrelaxed_repeat098
2.3,0.17953997167933153,2.85,0.24569192242302124,lo_A_model_1_unrelaxed_repeat014,lo_A_model_1_unrelaxed_repeat034
2.319,0.1654107714721964,2.8600000000000003,0.23459818629494036,lo_A_model_1_unrelaxed_repeat014,lo_A_model_1_unrelaxed_repeat016
2.3200000000000003,0.2142250037167779,2.83,0.278782967154368,lo_A_model_1_unrelaxed_repeat014,lo_A_model_1_unrelaxed_repeat036
2.358,0.21375081222812492,2.8499999999999996,0.28026816302351926,lo_A_model_1_unrelaxed_repeat014,lo_A_model_1_unrelaxed_repeat033
2.363,0.21900364052604782,3.3,0.3249541400460182,lo_A_model_1_unrelaxed_repeat014,lo_A_model_1_unrelaxed_repeat074
2.391,0.16170746915154893,2.84,0.22265905086647858,lo_A_model_1_unrelaxed_repeat014,lo_A_model_1_unrelaxed_repeat048
2.402,0.18387332440502058,2.76,0.25165216587467204,lo_A_model_1_unrelaxed_repeat014,lo_A_model_1_unrelaxed_repeat003
2.403,0.20589675941228577,2.88,0.2838721628904313,lo_A_model_1_unrelaxed_repeat014,lo_A_model_1_unrelaxed_repeat092
2.427,0.2436593966455566,2.91,0.3509179460559,lo_A_model_1_unrelaxed_repeat014,lo_A_model_1_unrelaxed_repeat066
2.4370000000000003,0.20178855347797936,2.8200000000000003,0.25686282751739087,lo_A_model_1_unrelaxed_repeat014,lo_A_model_1_unrelaxed_repeat029
2.4459999999999997,0.1835759731318395,2.5599999999999996,0.25216618041778516,lo_A_model_1_unrelaxed_repeat014,lo_A_model_1_unrelaxed_repeat021
2.456,0.21776832264176732,2.92,0.31169167847737894,lo_A_model_1_unrelaxed_repeat014,lo_A_model_1_unrelaxed_repeat004
2.4610000000000003,0.1814596547299336,2.58,0.2532107978631765,lo_A_model_1_unrelaxed_repeat014,lo_A_model_1_unrelaxed_repeat030
2.465,0.18141053356441542,2.85,0.2586563719320648,lo_A_model_1_unrelaxed_repeat014,lo_A_model_1_unrelaxed_repeat058
2.468,0.21870516601659462,2.84,0.2933722824967264,lo_A_model_1_unrelaxed_repeat014,lo_A_model_1_unrelaxed_repeat046
2.4699999999999998,0.17060885750854776,2.6399999999999997,0.2469713541798071,lo_A_model_1_unrelaxed_repeat014,lo_A_model_1_unrelaxed_repeat024
2.471,0.15998796449726185,2.7,0.24649090904198345,lo_A_model_1_unrelaxed_repeat014,lo_A_model_1_unrelaxed_repeat047
2.474,0.19942490851064174,2.86,0.25758018877248434,lo_A_model_1_unrelaxed_repeat014,lo_A_model_1_unrelaxed_repeat053
2.4779999999999998,0.22841420849801972,2.74,0.3061013324882349,lo_A_model_1_unrelaxed_repeat014,lo_A_model_1_unrelaxed_repeat017
2.4829999999999997,0.21698875256809663,3.04,0.2700421733607904,lo_A_model_1_unrelaxed_repeat014,lo_A_model_1_unrelaxed_repeat051
2.49,0.2022397371978608,2.83,0.279135903542769,lo_A_model_1_unrelaxed_repeat014,lo_A_model_1_unrelaxed_repeat060
2.507,0.20086622072068125,2.85,0.2939530292493413,lo_A_model_1_unrelaxed_repeat014,lo_A_model_1_unrelaxed_repeat013
2.5250000000000004,0.20769174362973591,2.95,0.2797828199216654,lo_A_model_1_unrelaxed_repeat014,lo_A_model_1_unrelaxed_repeat089
2.531,0.2698579438727803,2.92,0.36233478302924066,lo_A_model_1_unrelaxed_repeat014,lo_A_model_1_unrelaxed_repeat087
2.537,0.19396418706947471,2.76,0.26553139960727107,lo_A_model_1_unrelaxed_repeat014,lo_A_model_1_unrelaxed_repeat079
2.5389999999999997,0.2306835466877652,2.96,0.32596163443642184,lo_A_model_1_unrelaxed_repeat014,lo_A_model_1_unrelaxed_repeat040
2.548,0.23033980682774324,2.9699999999999998,0.3230912032352652,lo_A_model_1_unrelaxed_repeat014,lo_A_model_1_unrelaxed_repeat073
2.552,0.23364106459960954,2.98,0.3268907584411348,lo_A_model_1_unrelaxed_repeat014,lo_A_model_1_unrelaxed_repeat093
2.577,0.1923737324396475,2.77,0.25549850288903997,lo_A_model_1_unrelaxed_repeat014,lo_A_model_1_unrelaxed_repeat065
2.579,0.19890701632796198,3.0300000000000002,0.26986898744810617,lo_A_model_1_unrelaxed_repeat014,lo_A_model_1_unrelaxed_repeat037
2.597,0.21266436511282563,2.96,0.3081286448913426,lo_A_model_1_unrelaxed_repeat014,lo_A_model_1_unrelaxed_repeat068
2.607,0.22894481721063456,2.87,0.3177844439076582,lo_A_model_1_unrelaxed_repeat014,lo_A_model_1_unrelaxed_repeat091
2.638,0.1963423545027252,2.7800000000000002,0.2714997819825923,lo_A_model_1_unrelaxed_repeat014,lo_A_model_1_unrelaxed_repeat076
2.677,0.2476854291573916,2.98,0.3323173500934076,lo_A_model_1_unrelaxed_repeat014,lo_A_model_1_unrelaxed_repeat012
2.683,0.17718218035616726,2.85,0.26242224817576953,lo_A_model_1_unrelaxed_repeat014,lo_A_model_1_unrelaxed_repeat086
2.6870000000000003,0.19988209614799177,2.86,0.2705543506439335,lo_A_model_1_unrelaxed_repeat014,lo_A_model_1_unrelaxed_repeat038
2.6950000000000003,0.241128195325287,3.06,0.34430760276515593,lo_A_model_1_unrelaxed_repeat014,lo_A_model_1_unrelaxed_repeat052
2.7060000000000004,0.1792176999548598,2.87,0.26663300932088957,lo_A_model_1_unrelaxed_repeat014,lo_A_model_1_unrelaxed_repeat090
2.708,0.2204239276221695,3.27,0.3296207991687345,lo_A_model_1_unrelaxed_repeat014,lo_A_model_1_unrelaxed_repeat083
2.7190000000000003,0.21961569242773846,2.8499999999999996,0.2858918730746447,lo_A_model_1_unrelaxed_repeat014,lo_A_model_1_unrelaxed_repeat031
2.7270000000000003,0.19410285019049667,2.79,0.2592979406618447,lo_A_model_1_unrelaxed_repeat014,lo_A_model_1_unrelaxed_repeat026
2.732,0.2503640165289976,2.96,0.35546974703714973,lo_A_model_1_unrelaxed_repeat014,lo_A_model_1_unrelaxed_repeat050
2.7430000000000003,0.18680029807011658,2.88,0.2546714902658331,lo_A_model_1_unrelaxed_repeat014,lo_A_model_1_unrelaxed_repeat023
2.748,0.19651559581657033,2.79,0.27092788159272285,lo_A_model_1_unrelaxed_repeat014,lo_A_model_1_unrelaxed_repeat019
2.749,0.17235055851797879,2.87,0.25718104264922054,lo_A_model_1_unrelaxed_repeat014,lo_A_model_1_unrelaxed_repeat059
2.165,0.17412347336620113,2.5999999999999996,0.24658845374869956,lo_A_model_1_unrelaxed_repeat019,lo_A_model_1_unrelaxed_repeat024
2.21,0.1817483647719611,2.94,0.257247285605425,lo_A_model_1_unrelaxed_repeat019,lo_A_model_1_unrelaxed_repeat030
2.221,0.19728712001882406,2.76,0.26915482618336395,lo_A_model_1_unrelaxed_repeat019,lo_A_model_1_unrelaxed_repeat017
2.2969999999999997,0.1670434627722247,2.8600000000000003,0.2396678077735424,lo_A_model_1_unrelaxed_repeat019,lo_A_model_1_unrelaxed_repeat058
2.343,0.1856887376663898,2.92,0.24791566012466834,lo_A_model_1_unrelaxed_repeat019,lo_A_model_1_unrelaxed_repeat034
2.3449999999999998,0.23738082681312647,2.83,0.3310057937246055,lo_A_model_1_unrelaxed_repeat019,lo_A_model_1_unrelaxed_repeat004
2.378,0.1854242346111098,2.8600000000000003,0.2631985493783159,lo_A_model_1_unrelaxed_repeat019,lo_A_model_1_unrelaxed_repeat013
2.387,0.1884892493983932,2.71,0.2697916856540777,lo_A_model_1_unrelaxed_repeat019,lo_A_model_1_unrelaxed_repeat090
2.406,0.2245182303631024,2.8899999999999997,0.3053029640487273,lo_A_model_1_unrelaxed_repeat019,lo_A_model_1_unrelaxed_repeat015
2.407,0.22504350048414498,2.63,0.3000630834962095,lo_A_model_1_unrelaxed_repeat019,lo_A_model_1_unrelaxed_repeat038
2.407,0.17852042276663546,2.7,0.2621311906036127,lo_A_model_1_unrelaxed_repeat019,lo_A_model_1_unrelaxed_repeat059
2.4080000000000004,0.2547146306389102,3.0,0.3155042742455939,lo_A_model_1_unrelaxed_repeat019,lo_A_model_1_unrelaxed_repeat033
2.4160000000000004,0.2219519403056354,2.9299999999999997,0.2791884314535807,lo_A_model_1_unrelaxed_repeat019,lo_A_model_1_unrelaxed_repeat049
2.4170000000000003,0.285850098275012,2.8899999999999997,0.37463481503351115,lo_A_model_1_unrelaxed_repeat019,lo_A_model_1_unrelaxed_repeat087
2.4400000000000004,0.23441500071625354,2.87,0.3160200913552812,lo_A_model_1_unrelaxed_repeat019,lo_A_model_1_unrelaxed_repeat091
2.441,0.23182465007717548,2.9299999999999997,0.3012957235318782,lo_A_model_1_unrelaxed_repeat019,lo_A_model_1_unrelaxed_repeat022
2.4429999999999996,0.22486910578231104,2.84,0.29686372070283007,lo_A_model_1_unrelaxed_repeat019,lo_A_model_1_unrelaxed_repeat070
2.445,0.19178229640183597,2.76,0.2847064095310115,lo_A_model_1_unrelaxed_repeat019,lo_A_model_1_unrelaxed_repeat089
2.45,0.23052206036458928,2.91,0.3021980989138159,lo_A_model_1_unrelaxed_repeat019,lo_A_model_1_unrelaxed_repeat001
2.459,0.20403944890531617,2.77,0.27507127441552975,lo_A_model_1_unrelaxed_repeat019,lo_A_model_1_unrelaxed_repeat037
2.468,0.2036691417797618,2.73,0.2706502528550996,lo_A_model_1_unrelaxed_repeat019,lo_A_model_1_unrelaxed_repeat029
2.4690000000000003,0.2031695557493909,2.74,0.28471459996543275,lo_A_model_1_unrelaxed_repeat019,lo_A_model_1_unrelaxed_repeat088
2.472,0.2205723287664468,2.77,0.2877246836165291,lo_A_model_1_unrelaxed_repeat019,lo_A_model_1_unrelaxed_repeat026
2.472,0.18498705673316249,2.66,0.24828233962904775,lo_A_model_1_unrelaxed_repeat019,lo_A_model_1_unrelaxed_repeat010
2.479,0.21620619099443117,2.8,0.2919841844150088,lo_A_model_1_unrelaxed_repeat019,lo_A_model_1_unrelaxed_repeat079
2.484,0.2405609622069036,2.83,0.3009432477070825,lo_A_model_1_unrelaxed_repeat019,lo_A_model_1_unrelaxed_repeat046
2.493,0.19343121640328914,2.91,0.25936739371269507,lo_A_model_1_unrelaxed_repeat019,lo_A_model_1_unrelaxed_repeat023
2.496,0.21025221518789355,2.84,0.2841559043351492,lo_A_model_1_unrelaxed_repeat019,lo_A_model_1_unrelaxed_repeat060
2.498,0.21084426311952356,2.83,0.27670899584835484,lo_A_model_1_unrelaxed_repeat019,lo_A_model_1_unrelaxed_repeat048
2.4989999999999997,0.2540037877225383,2.83,0.3043383498466971,lo_A_model_1_unrelaxed_repeat019,lo_A_model_1_unrelaxed_repeat036
2.512,0.18909622108798682,2.9,0.2621018814896234,lo_A_model_1_unrelaxed_repeat019,lo_A_model_1_unrelaxed_repeat086
2.525,0.22523360055989228,2.96,0.2781319763716509,lo_A_model_1_unrelaxed_repeat019,lo_A_model_1_unrelaxed_repeat077
2.526,0.2264555115523717,3.01,0.28717692552191143,lo_A_model_1_unrelaxed_repeat019,lo_A_model_1_unrelaxed_repeat003
2.5629999999999997,0.2437797124695389,2.83,0.3081351913322123,lo_A_model_1_unrelaxed_repeat019,lo_A_model_1_unrelaxed_repeat045
2.575,0.22911601536744236,2.98,0.3073685443103662,lo_A_model_1_unrelaxed_repeat019,lo_A_model_1_unrelaxed_repeat012
2.5869999999999997,0.20752900136885913,2.83,0.2692535115927128,lo_A_model_1_unrelaxed_repeat019,lo_A_model_1_unrelaxed_repeat061
2.599,0.18095977943720756,2.87,0.2345548244339392,lo_A_model_1_unrelaxed_repeat019,lo_A_model_1_unrelaxed_repeat016
2.6550000000000002,0.21624997126365303,3.0300000000000002,0.29272182325255075,lo_A_model_1_unrelaxed_repeat019,lo_A_model_1_unrelaxed_repeat076
2.6689999999999996,0.28272537618771754,3.02,0.37012765071724235,lo_A_model_1_unrelaxed_repeat019,lo_A_model_1_unrelaxed_repeat066
2.6719999999999997,0.2070690194763465,2.94,0.26602752447223205,lo_A_model_1_unrelaxed_repeat019,lo_A_model_1_unrelaxed_repeat035
2.682,0.2379051517523928,2.95,0.3014256540056003,lo_A_model_1_unrelaxed_repeat019,lo_A_model_1_unrelaxed_repeat056
2.684,0.2305348492922435,2.91,0.29096893039452787,lo_A_model_1_unrelaxed_repeat019,lo_A_model_1_unrelaxed_repeat065
2.694,0.26027464640139375,2.9299999999999997,0.3470257439337746,lo_A_model_1_unrelaxed_repeat019,lo_A_model_1_unrelaxed_repeat050
2.707,0.22789586382741206,2.9,0.28300108433344484,lo_A_model_1_unrelaxed_repeat019,lo_A_model_1_unrelaxed_repeat031
2.713,0.22872777142089729,2.84,0.29655779134116544,lo_A_model_1_unrelaxed_repeat019,lo_A_model_1_unrelaxed_repeat027
2.716,0.1991255935405121,2.8,0.2624487960142466,lo_A_model_1_unrelaxed_repeat019,lo_A_model_1_unrelaxed_repeat005
2.716,0.26832272009151675,3.01,0.3555435903446905,lo_A_model_1_unrelaxed_repeat019,lo_A_model_1_unrelaxed_repeat085
2.726,0.18048506253109328,2.99,0.24636109906027367,lo_A_model_1_unrelaxed_repeat019,lo_A_model_1_unrelaxed_repeat057
2.751,0.20089802536395399,2.94,0.2564967016160523,lo_A_model_1_unrelaxed_repeat019,lo_A_model_1_unrelaxed_repeat025
2.7560000000000002,0.20940455264073576,2.91,0.29004548012964065,lo_A_model_1_unrelaxed_repeat019,lo_A_model_1_unrelaxed_repeat047
2.758,0.16807503603934773,2.95,0.23948209498779338,lo_A_model_1_unrelaxed_repeat019,lo_A_model_1_unrelaxed_repeat055
2.758,0.22352515516792942,2.88,0.30677294917611114,lo_A_model_1_unrelaxed_repeat019,lo_A_model_1_unrelaxed_repeat062
2.76,0.2462174202321011,2.91,0.31740227788814573,lo_A_model_1_unrelaxed_repeat019,lo_A_model_1_unrelaxed_repeat099
2.763,0.1890055725045382,2.85,0.2604715653149594,lo_A_model_1_unrelaxed_repeat019,lo_A_model_1_unrelaxed_repeat069
2.769,0.26842397175420696,2.98,0.3425833440777368,lo_A_model_1_unrelaxed_repeat019,lo_A_model_1_unrelaxed_repeat073
2.769,0.2423309616884457,2.9699999999999998,0.3143038723550766,lo_A_model_1_unrelaxed_repeat019,lo_A_model_1_unrelaxed_repeat092
2.7699999999999996,0.27154917300913595,2.98,0.3513997760032116,lo_A_model_1_unrelaxed_repeat019,lo_A_model_1_unrelaxed_repeat093
2.7729999999999997,0.24637137720901833,2.94,0.31556312496378575,lo_A_model_1_unrelaxed_repeat019,lo_A_model_1_unrelaxed_repeat068
2.779,0.2225644270259654,2.8,0.28939041056708,lo_A_model_1_unrelaxed_repeat019,lo_A_model_1_unrelaxed_repeat020
2.7809999999999997,0.19533247618301539,2.62,0.26287199950906553,lo_A_model_1_unrelaxed_repeat019,lo_A_model_1_unrelaxed_repeat094
2.783,0.20732091190958393,2.9299999999999997,0.2722829883615077,lo_A_model_1_unrelaxed_repeat019,lo_A_model_1_unrelaxed_repeat021
2.7859999999999996,0.18309323125247448,2.84,0.25277260812103236,lo_A_model_1_unrelaxed_repeat019,lo_A_model_1_unrelaxed_repeat018
2.79,0.1787168026937954,2.94,0.2407737883727836,lo_A_model_1_unrelaxed_repeat019,lo_A_model_1_unrelaxed_repeat002
2.792,0.22971611577848602,2.88,0.2957314832028671,lo_A_model_1_unrelaxed_repeat019,lo_A_model_1_unrelaxed_repeat051
2.793,0.1919179933355686,2.84,0.2492762628525736,lo_A_model_1_unrelaxed_repeat019,lo_A_model_1_unrelaxed_repeat053
2.7939999999999996,0.2322008429647352,2.91,0.3116533050466415,lo_A_model_1_unrelaxed_repeat019,lo_A_model_1_unrelaxed_repeat098
2.795,0.22704617518301437,2.96,0.30231893456650194,lo_A_model_1_unrelaxed_repeat019,lo_A_model_1_unrelaxed_repeat097
2.8049999999999997,0.2607976539561138,2.92,0.34530747634374226,lo_A_model_1_unrelaxed_repeat019,lo_A_model_1_unrelaxed_repeat083
2.917,0.27545422962449817,2.88,0.3539627293005657,lo_A_model_1_unrelaxed_repeat019,lo_A_model_1_unrelaxed_repeat052
2.966,0.25365247310081046,2.83,0.34327143628615103,lo_A_model_1_unrelaxed_repeat019,lo_A_model_1_unrelaxed_repeat074
3.007,0.25556783476958245,2.81,0.3296792128795264,lo_A_model_1_unrelaxed_repeat019,lo_A_model_1_unrelaxed_repeat040
1.9289999999999998,0.21150153900487492,2.99,0.31946759178850576,lo_A_model_1_unrelaxed_repeat029,lo_A_model_1_unrelaxed_repeat004
2.106,0.1985319532989254,3.02,0.27390593918225525,lo_A_model_1_unrelaxed_repeat029,lo_A_model_1_unrelaxed_repeat058
2.115,0.17729377268022534,2.6399999999999997,0.2438727241398659,lo_A_model_1_unrelaxed_repeat029,lo_A_model_1_unrelaxed_repeat024
2.3040000000000003,0.19582534479795013,3.0300000000000002,0.24685964689406775,lo_A_model_1_unrelaxed_repeat029,lo_A_model_1_unrelaxed_repeat002
2.312,0.21778201488778565,2.92,0.2857269422906892,lo_A_model_1_unrelaxed_repeat029,lo_A_model_1_unrelaxed_repeat089
2.323,0.18516370980230965,2.6399999999999997,0.260174916401377,lo_A_model_1_unrelaxed_repeat029,lo_A_model_1_unrelaxed_repeat053
2.335,0.19878809934357103,2.6799999999999997,0.2621304811106956,lo_A_model_1_unrelaxed_repeat029,lo_A_model_1_unrelaxed_repeat057
2.3369999999999997,0.1984069422559004,2.8,0.2645285167889535,lo_A_model_1_unrelaxed_repeat029,lo_A_model_1_unrelaxed_repeat051
2.338,0.1987702493261187,3.0300000000000002,0.2855827062644208,lo_A_model_1_unrelaxed_repeat029,lo_A_model_1_unrelaxed_repeat045
2.339,0.19674187209290472,3.0300000000000002,0.2618738461585269,lo_A_model_1_unrelaxed_repeat029,lo_A_model_1_unrelaxed_repeat016
2.342,0.19086124434330473,2.71,0.2617557642430233,lo_A_model_1_unrelaxed_repeat029,lo_A_model_1_unrelaxed_repeat048
2.351,0.22240856860223868,3.02,0.28101323924233657,lo_A_model_1_unrelaxed_repeat029,lo_A_model_1_unrelaxed_repeat034
2.351,0.22182087851670487,2.95,0.27106292128606846,lo_A_model_1_unrelaxed_repeat029,lo_A_model_1_unrelaxed_repeat001
2.354,0.17893184498633719,2.75,0.23537702990918594,lo_A_model_1_unrelaxed_repeat029,lo_A_model_1_unrelaxed_repeat061
2.355,0.1918925217775906,2.86,0.26078910734952143,lo_A_model_1_unrelaxed_repeat029,lo_A_model_1_unrelaxed_repeat030
2.3680000000000003,0.22066005159316607,2.86,0.27135014517695333,lo_A_model_1_unrelaxed_repeat029,lo_A_model_1_unrelaxed_repeat035
2.373,0.20617003968730233,2.95,0.27602663096417096,lo_A_model_1_unrelaxed_repeat029,lo_A_model_1_unrelaxed_repeat049
2.375,0.23424952153736922,2.67,0.2908909406322531,lo_A_model_1_unrelaxed_repeat029,lo_A_model_1_unrelaxed_repeat017
2.38,0.19606652326459093,2.96,0.2733561873274768,lo_A_model_1_unrelaxed_repeat029,lo_A_model_1_unrelaxed_repeat015
2.382,0.20362565937508234,2.92,0.26709789881923085,lo_A_model_1_unrelaxed_repeat029,lo_A_model_1_unrelaxed_repeat033
2.383,0.1938279770632138,2.84,0.2503198526132182,lo_A_model_1_unrelaxed_repeat029,lo_A_model_1_unrelaxed_repeat025
2.383,0.2376992491515493,3.02,0.31275873409238786,lo_A_model_1_unrelaxed_repeat029,lo_A_model_1_unrelaxed_repeat013
2.3840000000000003,0.20735326507656276,2.84,0.2735559301572119,lo_A_model_1_unrelaxed_repeat029,lo_A_model_1_unrelaxed_repeat069
2.387,0.21783312640301558,2.83,0.30735178802520247,lo_A_model_1_unrelaxed_repeat029,lo_A_model_1_unrelaxed_repeat099
2.391,0.22780489229964077,2.8499999999999996,0.2902006606851347,lo_A_model_1_unrelaxed_repeat029,lo_A_model_1_unrelaxed_repeat021
2.404,0.2072110456841165,2.8899999999999997,0.2607414869806954,lo_A_model_1_unrelaxed_repeat029,lo_A_model_1_unrelaxed_repeat092
2.404,0.19848102218084068,2.76,0.27145351354201724,lo_A_model_1_unrelaxed_repeat029,lo_A_model_1_unrelaxed_repeat077
2.407,0.2096392070648276,2.84,0.27134808900695306,lo_A_model_1_unrelaxed_repeat029,lo_A_model_1_unrelaxed_repeat038
2.408,0.23047691985652757,2.9299999999999997,0.2965827789644143,lo_A_model_1_unrelaxed_repeat029,lo_A_model_1_unrelaxed_repeat003
2.4130000000000003,0.20458210450114475,2.8200000000000003,0.26675601149919476,lo_A_model_1_unrelaxed_repeat029,lo_A_model_1_unrelaxed_repeat055
2.415,0.21045467095426126,2.87,0.2705333047069269,lo_A_model_1_unrelaxed_repeat029,lo_A_model_1_unrelaxed_repeat022
2.422,0.19850606272475294,2.63,0.2810022426457838,lo_A_model_1_unrelaxed_repeat029,lo_A_model_1_unrelaxed_repeat018
2.426,0.19430292780587274,2.7800000000000002,0.25848325060642313,lo_A_model_1_unrelaxed_repeat029,lo_A_model_1_unrelaxed_repeat090
2.428,0.19276185133597387,2.83,0.2743515700285131,lo_A_model_1_unrelaxed_repeat029,lo_A_model_1_unrelaxed_repeat098
2.431,0.27828813610227615,2.99,0.37051246264942395,lo_A_model_1_unrelaxed_repeat029,lo_A_model_1_unrelaxed_repeat087
2.438,0.1926581694172468,3.04,0.25644175717143475,lo_A_model_1_unrelaxed_repeat029,lo_A_model_1_unrelaxed_repeat020
2.44,0.21344130940565642,2.66,0.31752651878033017,lo_A_model_1_unrelaxed_repeat029,lo_A_model_1_unrelaxed_repeat091
2.443,0.1675199114849333,2.9,0.2398581483512122,lo_A_model_1_unrelaxed_repeat029,lo_A_model_1_unrelaxed_repeat088
2.446,0.1850376739275875,2.46,0.23436530428204605,lo_A_model_1_unrelaxed_repeat029,lo_A_model_1_unrelaxed_repeat010
2.446,0.20040211221648777,2.69,0.2653220571143988,lo_A_model_1_unrelaxed_repeat029,lo_A_model_1_unrelaxed_repeat026
2.448,0.20297867284742327,2.8600000000000003,0.249303694121684,lo_A_model_1_unrelaxed_repeat029,lo_A_model_1_unrelaxed_repeat037
2.451,0.2011878146578707,2.76,0.2647675580574665,lo_A_model_1_unrelaxed_repeat029,lo_A_model_1_unrelaxed_repeat005
2.452,0.23999929303663164,3.0300000000000002,0.35237518209381735,lo_A_model_1_unrelaxed_repeat029,lo_A_model_1_unrelaxed_repeat050
2.454,0.1953381946789444,3.04,0.2772977101034415,lo_A_model_1_unrelaxed_repeat029,lo_A_model_1_unrelaxed_repeat062
2.459,0.21030574173605693,2.69,0.2706528429065369,lo_A_model_1_unrelaxed_repeat029,lo_A_model_1_unrelaxed_repeat065
2.466,0.1908884993137177,2.8200000000000003,0.26099775540448666,lo_A_model_1_unrelaxed_repeat029,lo_A_model_1_unrelaxed_repeat070
2.466,0.19163902867225008,2.9299999999999997,0.24902666029833415,lo_A_model_1_unrelaxed_repeat029,lo_A_model_1_unrelaxed_repeat036
2.4690000000000003,0.21531928383546214,2.8099999999999996,0.27182544049470986,lo_A_model_1_unrelaxed_repeat029,lo_A_model_1_unrelaxed_repeat059
2.4690000000000003,0.25349467040868534,3.05,0.3495897861751644,lo_A_model_1_unrelaxed_repeat029,lo_A_model_1_unrelaxed_repeat093
2.473,0.2296482014374641,2.8499999999999996,0.29814769121977996,lo_A_model_1_unrelaxed_repeat029,lo_A_model_1_unrelaxed_repeat046
2.474,0.1746888900232867,2.74,0.23689503177592064,lo_A_model_1_unrelaxed_repeat029,lo_A_model_1_unrelaxed_repeat097
2.475,0.24773727604039358,2.96,0.34095569629842015,lo_A_model_1_unrelaxed_repeat029,lo_A_model_1_unrelaxed_repeat085
2.479,0.23429095724470045,3.05,0.321042650445177,lo_A_model_1_unrelaxed_repeat029,lo_A_model_1_unrelaxed_repeat012
2.479,0.23140541686138139,2.83,0.27554908117672805,lo_A_model_1_unrelaxed_repeat029,lo_A_model_1_unrelaxed_repeat023
2.482,0.20029658695739458,2.76,0.2633591193618952,lo_A_model_1_unrelaxed_repeat029,lo_A_model_1_unrelaxed_repeat056
2.4850000000000003,0.2144978552336991,3.02,0.29538321657669236,lo_A_model_1_unrelaxed_repeat029,lo_A_model_1_unrelaxed_repeat047
2.502,0.18137266625086335,2.6,0.2520838473492909,lo_A_model_1_unrelaxed_repeat029,lo_A_model_1_unrelaxed_repeat079
2.503,0.2471345969565482,2.95,0.3522966544846648,lo_A_model_1_unrelaxed_repeat029,lo_A_model_1_unrelaxed_repeat066
2.511,0.20772516920861273,2.9899999999999998,0.2866401990642614,lo_A_model_1_unrelaxed_repeat029,lo_A_model_1_unrelaxed_repeat074
2.5170000000000003,0.22049556618382124,3.0300000000000002,0.3102374373363662,lo_A_model_1_unrelaxed_repeat029,lo_A_model_1_unrelaxed_repeat068
2.519,0.212965569765583,3.0,0.27457752696073673,lo_A_model_1_unrelaxed_repeat029,lo_A_model_1_unrelaxed_repeat060
2.531,0.2068826756590309,2.67,0.27761842257868746,lo_A_model_1_unrelaxed_repeat029,lo_A_model_1_unrelaxed_repeat094
2.535,0.20235398663836754,3.02,0.26957084528834097,lo_A_model_1_unrelaxed_repeat029,lo_A_model_1_unrelaxed_repeat086
2.57,0.24524814679219728,2.86,0.32754979745684476,lo_A_model_1_unrelaxed_repeat029,lo_A_model_1_unrelaxed_repeat083
2.5780000000000003,0.19615388181349028,2.9699999999999998,0.24376435066519003,lo_A_model_1_unrelaxed_repeat029,lo_A_model_1_unrelaxed_repeat076
2.589,0.17455957003470476,2.99,0.2461467861731037,lo_A_model_1_unrelaxed_repeat029,lo_A_model_1_unrelaxed_repeat027
2.654,0.22889578877146352,3.04,0.3284817025321598,lo_A_model_1_unrelaxed_repeat029,lo_A_model_1_unrelaxed_repeat073
2.691,0.2392474712584786,3.35,0.3355178774161048,lo_A_model_1_unrelaxed_repeat029,lo_A_model_1_unrelaxed_repeat052
2.701,0.2363394620980133,2.9299999999999997,0.3139968471634903,lo_A_model_1_unrelaxed_repeat029,lo_A_model_1_unrelaxed_repeat040
2.715,0.23648063130891553,2.88,0.29007334675042595,lo_A_model_1_unrelaxed_repeat029,lo_A_model_1_unrelaxed_repeat031
1.683,0.14219421524726455,3.04,0.23430810084807763,lo_A_model_1_unrelaxed_repeat027,lo_A_model_1_unrelaxed_repeat070
1.95,0.17063521566205006,2.85,0.247672137794648,lo_A_model_1_unrelaxed_repeat027,lo_A_model_1_unrelaxed_repeat022
1.97,0.18271474597774262,2.54,0.2497676745963086,lo_A_model_1_unrelaxed_repeat027,lo_A_model_1_unrelaxed_repeat002
1.985,0.18977889928852607,2.99,0.26407936553593087,lo_A_model_1_unrelaxed_repeat027,lo_A_model_1_unrelaxed_repeat018
2.048,0.20372845893134514,2.8600000000000003,0.26589127253933964,lo_A_model_1_unrelaxed_repeat027,lo_A_model_1_unrelaxed_repeat035
2.068,0.1519123966363123,2.84,0.20730679855410555,lo_A_model_1_unrelaxed_repeat027,lo_A_model_1_unrelaxed_repeat061
2.108,0.19852900027073592,2.67,0.25210995171538586,lo_A_model_1_unrelaxed_repeat027,lo_A_model_1_unrelaxed_repeat034
2.1109999999999998,0.18303795817938373,2.64,0.23781871168610777,lo_A_model_1_unrelaxed_repeat027,lo_A_model_1_unrelaxed_repeat025
2.129,0.1789206424099818,2.99,0.2467190138941084,lo_A_model_1_unrelaxed_repeat027,lo_A_model_1_unrelaxed_repeat077
2.1310000000000002,0.18045040770900522,2.99,0.2615227773830202,lo_A_model_1_unrelaxed_repeat027,lo_A_model_1_unrelaxed_repeat065
2.153,0.18544635477872115,2.85,0.24944676984704464,lo_A_model_1_unrelaxed_repeat027,lo_A_model_1_unrelaxed_repeat056
2.159,0.20592082037334933,3.0,0.2844751209167523,lo_A_model_1_unrelaxed_repeat027,lo_A_model_1_unrelaxed_repeat033
2.164,0.19787342668985566,2.67,0.2749861226827588,lo_A_model_1_unrelaxed_repeat027,lo_A_model_1_unrelaxed_repeat015
2.192,0.19095956773437409,2.98,0.2661349491494837,lo_A_model_1_unrelaxed_repeat027,lo_A_model_1_unrelaxed_repeat048
2.205,0.16681768379893078,2.8600000000000003,0.23646435972291943,lo_A_model_1_unrelaxed_repeat027,lo_A_model_1_unrelaxed_repeat069
2.206,0.2056364508750072,2.87,0.3063304432902632,lo_A_model_1_unrelaxed_repeat027,lo_A_model_1_unrelaxed_repeat091
2.207,0.193567433622199,2.66,0.2655477778434543,lo_A_model_1_unrelaxed_repeat027,lo_A_model_1_unrelaxed_repeat094
2.207,0.16983086343340262,2.8899999999999997,0.2395823738862421,lo_A_model_1_unrelaxed_repeat027,lo_A_model_1_unrelaxed_repeat088
2.215,0.17712562808891924,2.54,0.24447116730855492,lo_A_model_1_unrelaxed_repeat027,lo_A_model_1_unrelaxed_repeat097
2.225,0.20642210112787981,2.99,0.27988097817757573,lo_A_model_1_unrelaxed_repeat027,lo_A_model_1_unrelaxed_repeat057
2.226,0.21119009465435268,2.74,0.2732618630172993,lo_A_model_1_unrelaxed_repeat027,lo_A_model_1_unrelaxed_repeat001
2.2510000000000003,0.21448403270668667,2.94,0.30924477667814887,lo_A_model_1_unrelaxed_repeat027,lo_A_model_1_unrelaxed_repeat040
2.291,0.17324214779886216,2.98,0.22300034963437373,lo_A_model_1_unrelaxed_repeat027,lo_A_model_1_unrelaxed_repeat036
2.295,0.19175708808217962,3.02,0.27782730507443165,lo_A_model_1_unrelaxed_repeat027,lo_A_model_1_unrelaxed_repeat045
2.3019999999999996,0.17300150007205628,2.6100000000000003,0.23070068054889317,lo_A_model_1_unrelaxed_repeat027,lo_A_model_1_unrelaxed_repeat010
2.327,0.18878599960820366,2.76,0.25901961083725544,lo_A_model_1_unrelaxed_repeat027,lo_A_model_1_unrelaxed_repeat047
2.332,0.1798607623923428,3.0,0.24987413140432202,lo_A_model_1_unrelaxed_repeat027,lo_A_model_1_unrelaxed_repeat026
2.3659999999999997,0.20342373585452825,2.75,0.2729627621634442,lo_A_model_1_unrelaxed_repeat027,lo_A_model_1_unrelaxed_repeat049
2.3659999999999997,0.21762742703002338,2.6799999999999997,0.2841027338415662,lo_A_model_1_unrelaxed_repeat027,lo_A_model_1_unrelaxed_repeat021
2.367,0.2047487206959043,3.04,0.3054225713126633,lo_A_model_1_unrelaxed_repeat027,lo_A_model_1_unrelaxed_repeat068
2.372,0.1855523348159514,2.76,0.2566459683607413,lo_A_model_1_unrelaxed_repeat027,lo_A_model_1_unrelaxed_repeat099
2.373,0.16471406446598344,2.75,0.2285353627278881,lo_A_model_1_unrelaxed_repeat027,lo_A_model_1_unrelaxed_repeat098
2.377,0.22920377199931166,2.9,0.3001971693510936,lo_A_model_1_unrelaxed_repeat027,lo_A_model_1_unrelaxed_repeat003
2.385,0.2104185725632179,2.83,0.2789459005804598,lo_A_model_1_unrelaxed_repeat027,lo_A_model_1_unrelaxed_repeat046
2.3899999999999997,0.19118493469957332,2.98,0.26095828683491,lo_A_model_1_unrelaxed_repeat027,lo_A_model_1_unrelaxed_repeat055
2.394,0.18873824097185554,2.9699999999999998,0.2583226404174002,lo_A_model_1_unrelaxed_repeat027,lo_A_model_1_unrelaxed_repeat092
2.401,0.17591491229067954,2.5700000000000003,0.24038756260986285,lo_A_model_1_unrelaxed_repeat027,lo_A_model_1_unrelaxed_repeat005
2.4139999999999997,0.16929186773347,2.96,0.23381833917972902,lo_A_model_1_unrelaxed_repeat027,lo_A_model_1_unrelaxed_repeat020
2.427,0.23995525632035106,3.01,0.34589751804542584,lo_A_model_1_unrelaxed_repeat027,lo_A_model_1_unrelaxed_repeat093
2.455,0.18946898765188772,2.7800000000000002,0.2557466557578622,lo_A_model_1_unrelaxed_repeat027,lo_A_model_1_unrelaxed_repeat060
2.457,0.2097029747647344,3.0999999999999996,0.3124362710411336,lo_A_model_1_unrelaxed_repeat027,lo_A_model_1_unrelaxed_repeat074
2.458,0.23442838464024737,3.0,0.341109776799678,lo_A_model_1_unrelaxed_repeat027,lo_A_model_1_unrelaxed_repeat085
2.46,0.24247497990479003,2.91,0.34658976257142005,lo_A_model_1_unrelaxed_repeat027,lo_A_model_1_unrelaxed_repeat066
2.465,0.1723119812552806,2.63,0.24057376574932213,lo_A_model_1_unrelaxed_repeat027,lo_A_model_1_unrelaxed_repeat016
2.4699999999999998,0.16370710350124337,2.81,0.24411265252842493,lo_A_model_1_unrelaxed_repeat027,lo_A_model_1_unrelaxed_repeat079
2.472,0.2174841385037431,2.78,0.2859401079780532,lo_A_model_1_unrelaxed_repeat027,lo_A_model_1_unrelaxed_repeat013
2.4779999999999998,0.23802346393756116,2.83,0.3419467535455951,lo_A_model_1_unrelaxed_repeat027,lo_A_model_1_unrelaxed_repeat083
2.496,0.27069559473170796,2.9699999999999998,0.3723720123662697,lo_A_model_1_unrelaxed_repeat027,lo_A_model_1_unrelaxed_repeat087
2.51,0.1721546598136835,2.5999999999999996,0.24284514102176863,lo_A_model_1_unrelaxed_repeat027,lo_A_model_1_unrelaxed_repeat062
2.544,0.1765689116000712,2.5,0.24209511130639325,lo_A_model_1_unrelaxed_repeat027,lo_A_model_1_unrelaxed_repeat037
2.546,0.19772648844962804,2.79,0.2567672359312662,lo_A_model_1_unrelaxed_repeat027,lo_A_model_1_unrelaxed_repeat051
2.574,0.21415808809213574,2.94,0.28508613762426643,lo_A_model_1_unrelaxed_repeat027,lo_A_model_1_unrelaxed_repeat030
2.591,0.20014306685543826,2.73,0.2786484342831828,lo_A_model_1_unrelaxed_repeat027,lo_A_model_1_unrelaxed_repeat053
2.593,0.22613524824917347,3.04,0.28358102444432476,lo_A_model_1_unrelaxed_repeat027,lo_A_model_1_unrelaxed_repeat017
2.596,0.2116644123656329,2.7800000000000002,0.2715437244304117,lo_A_model_1_unrelaxed_repeat027,lo_A_model_1_unrelaxed_repeat089
2.6029999999999998,0.17663832255687936,2.83,0.22934770973337137,lo_A_model_1_unrelaxed_repeat027,lo_A_model_1_unrelaxed_repeat076
2.6109999999999998,0.21890313246274679,3.0,0.32520859378354744,lo_A_model_1_unrelaxed_repeat027,lo_A_model_1_unrelaxed_repeat073
2.641,0.2347404459548798,2.95,0.33039638914916125,lo_A_model_1_unrelaxed_repeat027,lo_A_model_1_unrelaxed_repeat004
2.642,0.23811991665277368,3.01,0.31366744734676527,lo_A_model_1_unrelaxed_repeat027,lo_A_model_1_unrelaxed_repeat012
2.6479999999999997,0.17720853036236792,3.01,0.23454793214813094,lo_A_model_1_unrelaxed_repeat027,lo_A_model_1_unrelaxed_repeat086
2.652,0.20383127051152009,2.87,0.2726963861645066,lo_A_model_1_unrelaxed_repeat027,lo_A_model_1_unrelaxed_repeat038
2.655,0.1998708109220934,2.76,0.2621781765906548,lo_A_model_1_unrelaxed_repeat027,lo_A_model_1_unrelaxed_repeat024
2.658,0.2083494505925844,2.7800000000000002,0.2818639166779525,lo_A_model_1_unrelaxed_repeat027,lo_A_model_1_unrelaxed_repeat058
2.6710000000000003,0.1832186354697711,2.92,0.2551535765759222,lo_A_model_1_unrelaxed_repeat027,lo_A_model_1_unrelaxed_repeat090
2.692,0.23944178406080321,3.88,0.3386792913285682,lo_A_model_1_unrelaxed_repeat027,lo_A_model_1_unrelaxed_repeat052
2.697,0.23486168151075665,3.2399999999999998,0.3563786223395815,lo_A_model_1_unrelaxed_repeat027,lo_A_model_1_unrelaxed_repeat050
2.708,0.22038129332866063,2.9299999999999997,0.284337444854692,lo_A_model_1_unrelaxed_repeat027,lo_A_model_1_unrelaxed_repeat023
2.714,0.2105968927026771,2.9699999999999998,0.286724484304806,lo_A_model_1_unrelaxed_repeat027,lo_A_model_1_unrelaxed_repeat059
2.716,0.2022373999817024,2.76,0.2675733691315027,lo_A_model_1_unrelaxed_repeat027,lo_A_model_1_unrelaxed_repeat031
1.8539999999999999,0.1597532826012029,2.7,0.24528567911250423,lo_A_model_1_unrelaxed_repeat047,lo_A_model_1_unrelaxed_repeat021
2.2190000000000003,0.2326534357646679,2.9,0.3439702552266499,lo_A_model_1_unrelaxed_repeat047,lo_A_model_1_unrelaxed_repeat085
2.232,0.1647561340010961,2.75,0.24552690705643268,lo_A_model_1_unrelaxed_repeat047,lo_A_model_1_unrelaxed_repeat002
2.237,0.21633255608246557,2.87,0.2985763550100737,lo_A_model_1_unrelaxed_repeat047,lo_A_model_1_unrelaxed_repeat033
2.254,0.18952892886944123,2.74,0.24921077140382794,lo_A_model_1_unrelaxed_repeat047,lo_A_model_1_unrelaxed_repeat025
2.257,0.1654539781453446,2.55,0.23258004298488247,lo_A_model_1_unrelaxed_repeat047,lo_A_model_1_unrelaxed_repeat094
2.269,0.15112677791937418,2.59,0.24301032905745448,lo_A_model_1_unrelaxed_repeat047,lo_A_model_1_unrelaxed_repeat018
2.289,0.18827822075858155,2.9,0.27183928181171396,lo_A_model_1_unrelaxed_repeat047,lo_A_model_1_unrelaxed_repeat026
2.293,0.16137912602810986,2.84,0.23966816592279297,lo_A_model_1_unrelaxed_repeat047,lo_A_model_1_unrelaxed_repeat016
2.3289999999999997,0.17187740748736574,2.7199999999999998,0.26095423000474177,lo_A_model_1_unrelaxed_repeat047,lo_A_model_1_unrelaxed_repeat055
2.335,0.16239693859563994,2.8200000000000003,0.24909512922749832,lo_A_model_1_unrelaxed_repeat047,lo_A_model_1_unrelaxed_repeat057
2.3520000000000003,0.21559333439814385,2.8899999999999997,0.28556376987752957,lo_A_model_1_unrelaxed_repeat047,lo_A_model_1_unrelaxed_repeat049
2.3529999999999998,0.1865808657294907,2.83,0.2736174245051783,lo_A_model_1_unrelaxed_repeat047,lo_A_model_1_unrelaxed_repeat088
2.362,0.16867923864775664,2.92,0.24593141395917673,lo_A_model_1_unrelaxed_repeat047,lo_A_model_1_unrelaxed_repeat010
2.364,0.16438571916016742,2.88,0.2428720027672665,lo_A_model_1_unrelaxed_repeat047,lo_A_model_1_unrelaxed_repeat062
2.3680000000000003,0.17169922965741558,2.79,0.2531004313038211,lo_A_model_1_unrelaxed_repeat047,lo_A_model_1_unrelaxed_repeat098
2.3689999999999998,0.1996353965592538,2.79,0.28493941830326724,lo_A_model_1_unrelaxed_repeat047,lo_A_model_1_unrelaxed_repeat015
2.37,0.19450264441347334,2.8,0.29051894764600944,lo_A_model_1_unrelaxed_repeat047,lo_A_model_1_unrelaxed_repeat092
2.3810000000000002,0.20445451204711396,3.01,0.28373363962464776,lo_A_model_1_unrelaxed_repeat047,lo_A_model_1_unrelaxed_repeat020
2.386,0.21409688753743916,3.01,0.2896685491788932,lo_A_model_1_unrelaxed_repeat047,lo_A_model_1_unrelaxed_repeat001
2.39,0.1701035618244089,2.82,0.23508218512366666,lo_A_model_1_unrelaxed_repeat047,lo_A_model_1_unrelaxed_repeat034
2.399,0.1959182977650164,2.62,0.2866193360135077,lo_A_model_1_unrelaxed_repeat047,lo_A_model_1_unrelaxed_repeat099
2.4000000000000004,0.20469698950089524,2.79,0.2692453290408218,lo_A_model_1_unrelaxed_repeat047,lo_A_model_1_unrelaxed_repeat077
2.404,0.20662440128062795,3.0300000000000002,0.2741783928944547,lo_A_model_1_unrelaxed_repeat047,lo_A_model_1_unrelaxed_repeat036
2.406,0.16386890587257275,2.83,0.23280543184967237,lo_A_model_1_unrelaxed_repeat047,lo_A_model_1_unrelaxed_repeat070
2.406,0.16621036277085055,2.75,0.23122717959550299,lo_A_model_1_unrelaxed_repeat047,lo_A_model_1_unrelaxed_repeat061
2.407,0.16120655140984036,2.67,0.24673298802951796,lo_A_model_1_unrelaxed_repeat047,lo_A_model_1_unrelaxed_repeat069
2.411,0.1906103208658987,2.95,0.2540545039693736,lo_A_model_1_unrelaxed_repeat047,lo_A_model_1_unrelaxed_repeat003
2.4130000000000003,0.18789603097174676,2.8499999999999996,0.2748713315845045,lo_A_model_1_unrelaxed_repeat047,lo_A_model_1_unrelaxed_repeat022
2.415,0.2077228289733244,2.8,0.27541629305076604,lo_A_model_1_unrelaxed_repeat047,lo_A_model_1_unrelaxed_repeat056
2.416,0.20428892482674374,2.76,0.2551201013139118,lo_A_model_1_unrelaxed_repeat047,lo_A_model_1_unrelaxed_repeat051
2.417,0.20341375411905377,2.8899999999999997,0.27690802509746126,lo_A_model_1_unrelaxed_repeat047,lo_A_model_1_unrelaxed_repeat046
2.4210000000000003,0.14685848686582859,2.6799999999999997,0.2303817196888888,lo_A_model_1_unrelaxed_repeat047,lo_A_model_1_unrelaxed_repeat005
2.4269999999999996,0.21783523718154488,2.71,0.29976438052918936,lo_A_model_1_unrelaxed_repeat047,lo_A_model_1_unrelaxed_repeat045
2.442,0.20399215811458551,2.96,0.28040278611429326,lo_A_model_1_unrelaxed_repeat047,lo_A_model_1_unrelaxed_repeat097
2.456,0.22685607608367053,2.8899999999999997,0.33375386920219996,lo_A_model_1_unrelaxed_repeat047,lo_A_model_1_unrelaxed_repeat040
2.456,0.20363415539092147,2.88,0.29679475140830797,lo_A_model_1_unrelaxed_repeat047,lo_A_model_1_unrelaxed_repeat079
2.459,0.17478550599072828,2.73,0.26024501495928565,lo_A_model_1_unrelaxed_repeat047,lo_A_model_1_unrelaxed_repeat035
2.4699999999999998,0.18897921709048224,3.01,0.26627392394883,lo_A_model_1_unrelaxed_repeat047,lo_A_model_1_unrelaxed_repeat030
2.487,0.20797311782927153,2.88,0.28336709383985403,lo_A_model_1_unrelaxed_repeat047,lo_A_model_1_unrelaxed_repeat053
2.489,0.21078363225838967,2.81,0.2703775773520503,lo_A_model_1_unrelaxed_repeat047,lo_A_model_1_unrelaxed_repeat017
2.49,0.19456598485001966,3.02,0.2612037721522264,lo_A_model_1_unrelaxed_repeat047,lo_A_model_1_unrelaxed_repeat048
2.49,0.2424542940275914,3.01,0.3507896671196857,lo_A_model_1_unrelaxed_repeat047,lo_A_model_1_unrelaxed_repeat093
2.498,0.18420341511546492,2.94,0.2550788820179008,lo_A_model_1_unrelaxed_repeat047,lo_A_model_1_unrelaxed_repeat060
2.515,0.18706129831584853,2.8899999999999997,0.26738713474721665,lo_A_model_1_unrelaxed_repeat047,lo_A_model_1_unrelaxed_repeat013
2.532,0.2318107177630362,2.92,0.3444644201754511,lo_A_model_1_unrelaxed_repeat047,lo_A_model_1_unrelaxed_repeat074
2.5330000000000004,0.19977560086507418,2.68,0.26323806248212267,lo_A_model_1_unrelaxed_repeat047,lo_A_model_1_unrelaxed_repeat089
2.547,0.23680190558623126,2.95,0.3314986130771937,lo_A_model_1_unrelaxed_repeat047,lo_A_model_1_unrelaxed_repeat004
2.551,0.1688936523623596,2.9699999999999998,0.2482041939379994,lo_A_model_1_unrelaxed_repeat047,lo_A_model_1_unrelaxed_repeat024
2.5540000000000003,0.20335319141286387,2.77,0.2808092739828807,lo_A_model_1_unrelaxed_repeat047,lo_A_model_1_unrelaxed_repeat058
2.56,0.2339864344404306,2.9299999999999997,0.32711064395790906,lo_A_model_1_unrelaxed_repeat047,lo_A_model_1_unrelaxed_repeat091
2.561,0.24470259780678782,2.91,0.3520250836426161,lo_A_model_1_unrelaxed_repeat047,lo_A_model_1_unrelaxed_repeat066
2.581,0.2016603165270812,2.9299999999999997,0.27759987054372726,lo_A_model_1_unrelaxed_repeat047,lo_A_model_1_unrelaxed_repeat065
2.587,0.2088171894217455,2.94,0.2889066261382896,lo_A_model_1_unrelaxed_repeat047,lo_A_model_1_unrelaxed_repeat037
2.593,0.21754812928425443,2.89,0.31137219952663464,lo_A_model_1_unrelaxed_repeat047,lo_A_model_1_unrelaxed_repeat068
2.607,0.2251336509745811,3.0,0.32387284458003923,lo_A_model_1_unrelaxed_repeat047,lo_A_model_1_unrelaxed_repeat073
2.628,0.2746678816451592,2.95,0.3724874819069713,lo_A_model_1_unrelaxed_repeat047,lo_A_model_1_unrelaxed_repeat087
2.646,0.2034639321202157,2.9,0.2781491556516028,lo_A_model_1_unrelaxed_repeat047,lo_A_model_1_unrelaxed_repeat076
2.685,0.23650382376448326,3.01,0.32029488380149534,lo_A_model_1_unrelaxed_repeat047,lo_A_model_1_unrelaxed_repeat012
2.69,0.25125458536445994,2.9,0.35020880752747213,lo_A_model_1_unrelaxed_repeat047,lo_A_model_1_unrelaxed_repeat052
2.691,0.16158632783988333,2.75,0.23702489562173026,lo_A_model_1_unrelaxed_repeat047,lo_A_model_1_unrelaxed_repeat086
2.6950000000000003,0.2105789899675102,2.95,0.28438946476284466,lo_A_model_1_unrelaxed_repeat047,lo_A_model_1_unrelaxed_repeat038
2.7039999999999997,0.2340114006246653,3.0300000000000002,0.3464792466849997,lo_A_model_1_unrelaxed_repeat047,lo_A_model_1_unrelaxed_repeat083
2.714,0.20162680578878744,2.87,0.2727013699928812,lo_A_model_1_unrelaxed_repeat047,lo_A_model_1_unrelaxed_repeat031
2.7140000000000004,0.19108697957348608,2.7800000000000002,0.275937626424308,lo_A_model_1_unrelaxed_repeat047,lo_A_model_1_unrelaxed_repeat090
2.748,0.25162525898349747,2.99,0.35207620452272853,lo_A_model_1_unrelaxed_repeat047,lo_A_model_1_unrelaxed_repeat050
2.7510000000000003,0.19581561354099875,2.83,0.27758100803709507,lo_A_model_1_unrelaxed_repeat047,lo_A_model_1_unrelaxed_repeat023
2.757,0.1804348435338565,2.8899999999999997,0.26599192174208186,lo_A_model_1_unrelaxed_repeat047,lo_A_model_1_unrelaxed_repeat059
1.2650000000000001,0.15047185298510993,2.29,0.2249605274547792,lo_A_model_1_unrelaxed_repeat018,lo_A_model_1_unrelaxed_repeat035
1.409,0.1478899292967935,2.76,0.23701040945853505,lo_A_model_1_unrelaxed_repeat018,lo_A_model_1_unrelaxed_repeat005
1.444,0.132215556429437,3.01,0.2251166602666576,lo_A_model_1_unrelaxed_repeat018,lo_A_model_1_unrelaxed_repeat057
1.596,0.1629096162340224,3.04,0.2655281669412849,lo_A_model_1_unrelaxed_repeat018,lo_A_model_1_unrelaxed_repeat062
1.6469999999999998,0.14749369570194137,2.81,0.2183161598155843,lo_A_model_1_unrelaxed_repeat018,lo_A_model_1_unrelaxed_repeat010
1.677,0.1445412663650192,1.96,0.2217837041915418,lo_A_model_1_unrelaxed_repeat018,lo_A_model_1_unrelaxed_repeat094
1.722,0.14014324880628382,2.84,0.21502856050112834,lo_A_model_1_unrelaxed_repeat018,lo_A_model_1_unrelaxed_repeat069
1.815,0.1880026557508825,2.84,0.28445359613615817,lo_A_model_1_unrelaxed_repeat018,lo_A_model_1_unrelaxed_repeat079
1.8159999999999998,0.17121207473496158,2.74,0.25643082265930545,lo_A_model_1_unrelaxed_repeat018,lo_A_model_1_unrelaxed_repeat070
1.825,0.17625704990009614,2.85,0.23552206643290144,lo_A_model_1_unrelaxed_repeat018,lo_A_model_1_unrelaxed_repeat025
1.8900000000000001,0.1676914480388028,2.71,0.23406606797525412,lo_A_model_1_unrelaxed_repeat018,lo_A_model_1_unrelaxed_repeat021
1.895,0.18556107856166146,3.0,0.2812060170663757,lo_A_model_1_unrelaxed_repeat018,lo_A_model_1_unrelaxed_repeat097
1.904,0.18910593347976476,3.0300000000000002,0.27282687997660393,lo_A_model_1_unrelaxed_repeat018,lo_A_model_1_unrelaxed_repeat020
1.948,0.13935914430554486,3.0300000000000002,0.2248221042085776,lo_A_model_1_unrelaxed_repeat018,lo_A_model_1_unrelaxed_repeat002
1.956,0.18413865522771175,2.73,0.25635197995174297,lo_A_model_1_unrelaxed_repeat018,lo_A_model_1_unrelaxed_repeat026
2.019,0.15724712060474605,3.0300000000000002,0.2458209800247219,lo_A_model_1_unrelaxed_repeat018,lo_A_model_1_unrelaxed_repeat016
2.024,0.14723216899843197,2.79,0.22945241776274092,lo_A_model_1_unrelaxed_repeat018,lo_A_model_1_unrelaxed_repeat055
2.043,0.1746845290585796,2.9299999999999997,0.24704317242435145,lo_A_model_1_unrelaxed_repeat018,lo_A_model_1_unrelaxed_repeat003
2.048,0.159467046030429,2.64,0.2353543579790748,lo_A_model_1_unrelaxed_repeat018,lo_A_model_1_unrelaxed_repeat061
2.068,0.21407726266931892,2.94,0.28797725828188875,lo_A_model_1_unrelaxed_repeat018,lo_A_model_1_unrelaxed_repeat033
2.069,0.19006882120806146,2.58,0.28010170848434895,lo_A_model_1_unrelaxed_repeat018,lo_A_model_1_unrelaxed_repeat099
2.125,0.19597932506061966,2.95,0.27615808953365534,lo_A_model_1_unrelaxed_repeat018,lo_A_model_1_unrelaxed_repeat049
2.131,0.2176477683620059,3.01,0.3318163478464257,lo_A_model_1_unrelaxed_repeat018,lo_A_model_1_unrelaxed_repeat085
2.134,0.16145670391443254,3.02,0.2358553665579643,lo_A_model_1_unrelaxed_repeat018,lo_A_model_1_unrelaxed_repeat034
2.141,0.16871371999130577,2.7800000000000002,0.2617470740203719,lo_A_model_1_unrelaxed_repeat018,lo_A_model_1_unrelaxed_repeat088
2.1470000000000002,0.19318602300626858,2.71,0.2636305343757087,lo_A_model_1_unrelaxed_repeat018,lo_A_model_1_unrelaxed_repeat056
2.189,0.1861989329516469,2.96,0.264708385450123,lo_A_model_1_unrelaxed_repeat018,lo_A_model_1_unrelaxed_repeat015
2.197,0.18404037468335813,2.76,0.26684223476550617,lo_A_model_1_unrelaxed_repeat018,lo_A_model_1_unrelaxed_repeat022
2.274,0.19990600008457482,2.95,0.2898344453691808,lo_A_model_1_unrelaxed_repeat018,lo_A_model_1_unrelaxed_repeat001
2.295,0.20834710500976816,2.6799999999999997,0.27983210784985163,lo_A_model_1_unrelaxed_repeat018,lo_A_model_1_unrelaxed_repeat045
2.3200000000000003,0.2125645094374626,2.85,0.27711511994037935,lo_A_model_1_unrelaxed_repeat018,lo_A_model_1_unrelaxed_repeat036
2.331,0.19608503527463594,2.66,0.25036511249874516,lo_A_model_1_unrelaxed_repeat018,lo_A_model_1_unrelaxed_repeat077
2.344,0.17251832437763187,2.74,0.2577251089041513,lo_A_model_1_unrelaxed_repeat018,lo_A_model_1_unrelaxed_repeat098
2.362,0.17525841374377105,2.8,0.24253265491092166,lo_A_model_1_unrelaxed_repeat018,lo_A_model_1_unrelaxed_repeat048
2.379,0.21153679252620497,2.83,0.27800484758178223,lo_A_model_1_unrelaxed_repeat018,lo_A_model_1_unrelaxed_repeat046
2.391,0.22521835661088205,3.01,0.337494852395439,lo_A_model_1_unrelaxed_repeat018,lo_A_model_1_unrelaxed_repeat093
2.418,0.2040443996396874,2.71,0.2847587639530497,lo_A_model_1_unrelaxed_repeat018,lo_A_model_1_unrelaxed_repeat092
2.44,0.17387668578564439,3.02,0.24488495444921418,lo_A_model_1_unrelaxed_repeat018,lo_A_model_1_unrelaxed_repeat058
2.441,0.22648743629235432,2.95,0.32300874523654105,lo_A_model_1_unrelaxed_repeat018,lo_A_model_1_unrelaxed_repeat004
2.446,0.17212890003145082,3.05,0.25188843273658873,lo_A_model_1_unrelaxed_repeat018,lo_A_model_1_unrelaxed_repeat030
2.455,0.15095923428157154,2.56,0.2219920219216282,lo_A_model_1_unrelaxed_repeat018,lo_A_model_1_unrelaxed_repeat024
2.459,0.18791561281421487,2.79,0.2609256659421479,lo_A_model_1_unrelaxed_repeat018,lo_A_model_1_unrelaxed_repeat053
2.463,0.20932000404060613,2.67,0.2849037183951182,lo_A_model_1_unrelaxed_repeat018,lo_A_model_1_unrelaxed_repeat017
2.468,0.20593995610899438,2.96,0.2737239088107751,lo_A_model_1_unrelaxed_repeat018,lo_A_model_1_unrelaxed_repeat051
2.489,0.25128774949688715,2.98,0.35412234091045813,lo_A_model_1_unrelaxed_repeat018,lo_A_model_1_unrelaxed_repeat066
2.4930000000000003,0.23018332433954838,2.88,0.32423176507263646,lo_A_model_1_unrelaxed_repeat018,lo_A_model_1_unrelaxed_repeat091
2.5279999999999996,0.18476986652735858,3.0,0.27275891349817305,lo_A_model_1_unrelaxed_repeat018,lo_A_model_1_unrelaxed_repeat060
2.538,0.22640496021196993,3.0,0.32027348828171426,lo_A_model_1_unrelaxed_repeat018,lo_A_model_1_unrelaxed_repeat073
2.545,0.1754207572098748,3.02,0.26002558474317494,lo_A_model_1_unrelaxed_repeat018,lo_A_model_1_unrelaxed_repeat013
2.548,0.19941351275703495,2.75,0.2762314345550441,lo_A_model_1_unrelaxed_repeat018,lo_A_model_1_unrelaxed_repeat065
2.5629999999999997,0.1975337786437886,2.92,0.27260325051040973,lo_A_model_1_unrelaxed_repeat018,lo_A_model_1_unrelaxed_repeat089
2.569,0.213612977482137,2.94,0.305928591815827,lo_A_model_1_unrelaxed_repeat018,lo_A_model_1_unrelaxed_repeat068
2.569,0.26596447319412914,2.9699999999999998,0.3628619745707911,lo_A_model_1_unrelaxed_repeat018,lo_A_model_1_unrelaxed_repeat087
2.617,0.19483932707811272,2.91,0.2698404657702322,lo_A_model_1_unrelaxed_repeat018,lo_A_model_1_unrelaxed_repeat037
2.676,0.20074688794249837,2.91,0.28106292220334245,lo_A_model_1_unrelaxed_repeat018,lo_A_model_1_unrelaxed_repeat076
2.6799999999999997,0.23153734639447138,3.0500000000000003,0.3393424171964459,lo_A_model_1_unrelaxed_repeat018,lo_A_model_1_unrelaxed_repeat083
2.715,0.23926833931263222,3.01,0.32859230689227037,lo_A_model_1_unrelaxed_repeat018,lo_A_model_1_unrelaxed_repeat012
2.721,0.2031450161041472,2.88,0.27300777918664415,lo_A_model_1_unrelaxed_repeat018,lo_A_model_1_unrelaxed_repeat031
2.721,0.1585900501472979,3.02,0.2454794730192725,lo_A_model_1_unrelaxed_repeat018,lo_A_model_1_unrelaxed_repeat086
2.7249999999999996,0.20162444940531674,2.9,0.2758826646152185,lo_A_model_1_unrelaxed_repeat018,lo_A_model_1_unrelaxed_repeat038
2.7439999999999998,0.16968009705382234,2.71,0.2647912233978972,lo_A_model_1_unrelaxed_repeat018,lo_A_model_1_unrelaxed_repeat090
2.775,0.2586978728429126,3.0,0.3628205356076958,lo_A_model_1_unrelaxed_repeat018,lo_A_model_1_unrelaxed_repeat050
2.7809999999999997,0.18107216686651184,2.9299999999999997,0.24700761341964245,lo_A_model_1_unrelaxed_repeat018,lo_A_model_1_unrelaxed_repeat023
2.787,0.1590805007612833,2.55,0.24112777467475502,lo_A_model_1_unrelaxed_repeat018,lo_A_model_1_unrelaxed_repeat059
3.108,0.23769037216218497,2.87,0.34305569562452853,lo_A_model_1_unrelaxed_repeat018,lo_A_model_1_unrelaxed_repeat074
3.156,0.22227754692812182,2.8899999999999997,0.3196449210240649,lo_A_model_1_unrelaxed_repeat018,lo_A_model_1_unrelaxed_repeat040
3.223,0.24635700103699665,2.92,0.3287494404005311,lo_A_model_1_unrelaxed_repeat018,lo_A_model_1_unrelaxed_repeat052
1.813,0.1684335615719309,2.73,0.22963876589984916,lo_A_model_1_unrelaxed_repeat021,lo_A_model_1_unrelaxed_repeat069
1.855,0.16152458101421244,2.62,0.23466934092636696,lo_A_model_1_unrelaxed_repeat021,lo_A_model_1_unrelaxed_repeat094
1.8980000000000001,0.16469064075737827,2.5,0.22319708439750713,lo_A_model_1_unrelaxed_repeat021,lo_A_model_1_unrelaxed_repeat035
1.919,0.175828634547256,2.53,0.2451750126712355,lo_A_model_1_unrelaxed_repeat021,lo_A_model_1_unrelaxed_repeat005
1.94,0.17619898200313572,2.71,0.2416424485916607,lo_A_model_1_unrelaxed_repeat021,lo_A_model_1_unrelaxed_repeat057
1.943,0.20026588120787242,2.84,0.2932062411630054,lo_A_model_1_unrelaxed_repeat021,lo_A_model_1_unrelaxed_repeat062
1.951,0.1643140403698386,2.86,0.2324684974119811,lo_A_model_1_unrelaxed_repeat021,lo_A_model_1_unrelaxed_repeat016
1.951,0.17197925982018172,2.92,0.2339146855467805,lo_A_model_1_unrelaxed_repeat021,lo_A_model_1_unrelaxed_repeat034
1.967,0.19895703880590623,2.7199999999999998,0.26226394113787943,lo_A_model_1_unrelaxed_repeat021,lo_A_model_1_unrelaxed_repeat025
2.026,0.2245597180101313,2.91,0.2999957081238061,lo_A_model_1_unrelaxed_repeat021,lo_A_model_1_unrelaxed_repeat033
2.028,0.20240760445320827,2.94,0.2862226990935465,lo_A_model_1_unrelaxed_repeat021,lo_A_model_1_unrelaxed_repeat097
2.0549999999999997,0.22078820955022677,2.91,0.30285309970347013,lo_A_model_1_unrelaxed_repeat021,lo_A_model_1_unrelaxed_repeat079
2.1069999999999998,0.19953960026619275,2.91,0.2845173610790119,lo_A_model_1_unrelaxed_repeat021,lo_A_model_1_unrelaxed_repeat088
2.108,0.15490588586749973,2.75,0.21597176999862186,lo_A_model_1_unrelaxed_repeat021,lo_A_model_1_unrelaxed_repeat055
2.112,0.2151031306034899,2.7800000000000002,0.2931029300619028,lo_A_model_1_unrelaxed_repeat021,lo_A_model_1_unrelaxed_repeat026
2.145,0.17701501758911414,2.6399999999999997,0.24237994978385607,lo_A_model_1_unrelaxed_repeat021,lo_A_model_1_unrelaxed_repeat002
2.163,0.19299738558867308,2.8499999999999996,0.2539642771675836,lo_A_model_1_unrelaxed_repeat021,lo_A_model_1_unrelaxed_repeat022
2.176,0.2151747494905289,2.76,0.2712759550288673,lo_A_model_1_unrelaxed_repeat021,lo_A_model_1_unrelaxed_repeat046
2.181,0.19839525655989093,2.66,0.25664379438434565,lo_A_model_1_unrelaxed_repeat021,lo_A_model_1_unrelaxed_repeat061
2.189,0.22757736347501148,3.04,0.2910659704287516,lo_A_model_1_unrelaxed_repeat021,lo_A_model_1_unrelaxed_repeat056
2.1950000000000003,0.18499797006194046,2.92,0.24593007601548914,lo_A_model_1_unrelaxed_repeat021,lo_A_model_1_unrelaxed_repeat010
2.217,0.21801539760036232,3.02,0.30012210199971406,lo_A_model_1_unrelaxed_repeat021,lo_A_model_1_unrelaxed_repeat020
2.229,0.22546086261754184,2.91,0.3000477310622323,lo_A_model_1_unrelaxed_repeat021,lo_A_model_1_unrelaxed_repeat001
2.258,0.2318134233239962,3.02,0.2941005540770718,lo_A_model_1_unrelaxed_repeat021,lo_A_model_1_unrelaxed_repeat049
2.2640000000000002,0.22507324384073285,3.04,0.308380049045815,lo_A_model_1_unrelaxed_repeat021,lo_A_model_1_unrelaxed_repeat045
2.272,0.21950393871869042,2.88,0.2876019443566247,lo_A_model_1_unrelaxed_repeat021,lo_A_model_1_unrelaxed_repeat036
2.283,0.16556037326605144,2.7199999999999998,0.23014152515851846,lo_A_model_1_unrelaxed_repeat021,lo_A_model_1_unrelaxed_repeat003
2.3129999999999997,0.22207183619086987,2.9299999999999997,0.3064814393650134,lo_A_model_1_unrelaxed_repeat021,lo_A_model_1_unrelaxed_repeat099
2.3609999999999998,0.2248543365720358,2.9299999999999997,0.2960112030513418,lo_A_model_1_unrelaxed_repeat021,lo_A_model_1_unrelaxed_repeat077
2.374,0.2429703573764964,2.88,0.33143594465254567,lo_A_model_1_unrelaxed_repeat021,lo_A_model_1_unrelaxed_repeat068
2.379,0.25078216527616326,2.94,0.34435322218748193,lo_A_model_1_unrelaxed_repeat021,lo_A_model_1_unrelaxed_repeat091
2.383,0.2086327745606787,2.99,0.27641098549831333,lo_A_model_1_unrelaxed_repeat021,lo_A_model_1_unrelaxed_repeat070
2.384,0.21574667163902908,2.9,0.2970713030307813,lo_A_model_1_unrelaxed_repeat021,lo_A_model_1_unrelaxed_repeat092
2.408,0.2227019306797075,2.88,0.2882702594602336,lo_A_model_1_unrelaxed_repeat021,lo_A_model_1_unrelaxed_repeat053
2.412,0.23768786832057945,2.55,0.2962759317830832,lo_A_model_1_unrelaxed_repeat021,lo_A_model_1_unrelaxed_repeat017
2.4130000000000003,0.20819876122925488,2.86,0.2876987774604151,lo_A_model_1_unrelaxed_repeat021,lo_A_model_1_unrelaxed_repeat015
2.417,0.23046725256842407,2.8899999999999997,0.28718355104106347,lo_A_model_1_unrelaxed_repeat021,lo_A_model_1_unrelaxed_repeat051
2.419,0.20124562604653357,2.67,0.26138439619668824,lo_A_model_1_unrelaxed_repeat021,lo_A_model_1_unrelaxed_repeat030
2.4290000000000003,0.24445859130173833,2.83,0.34770167108369204,lo_A_model_1_unrelaxed_repeat021,lo_A_model_1_unrelaxed_repeat066
2.433,0.25336948089372324,2.96,0.36786438534952487,lo_A_model_1_unrelaxed_repeat021,lo_A_model_1_unrelaxed_repeat085
2.4459999999999997,0.20604338196204616,2.9299999999999997,0.2861736119815446,lo_A_model_1_unrelaxed_repeat021,lo_A_model_1_unrelaxed_repeat098
2.4459999999999997,0.24630341501096936,2.76,0.35637942520118066,lo_A_model_1_unrelaxed_repeat021,lo_A_model_1_unrelaxed_repeat083
2.457,0.18691768249315605,2.63,0.23723195098760377,lo_A_model_1_unrelaxed_repeat021,lo_A_model_1_unrelaxed_repeat024
2.46,0.1901754878157313,2.8200000000000003,0.2600777368106493,lo_A_model_1_unrelaxed_repeat021,lo_A_model_1_unrelaxed_repeat058
2.489,0.24912861298593858,2.8899999999999997,0.3313900579820216,lo_A_model_1_unrelaxed_repeat021,lo_A_model_1_unrelaxed_repeat004
2.495,0.20578139365416137,2.74,0.2789085102350681,lo_A_model_1_unrelaxed_repeat021,lo_A_model_1_unrelaxed_repeat048
2.525,0.2016928875468379,2.98,0.2632444753287905,lo_A_model_1_unrelaxed_repeat021,lo_A_model_1_unrelaxed_repeat060
2.542,0.17797185243040747,2.79,0.2577080669721972,lo_A_model_1_unrelaxed_repeat021,lo_A_model_1_unrelaxed_repeat013
2.56,0.2210326356835026,2.68,0.29266395206994955,lo_A_model_1_unrelaxed_repeat021,lo_A_model_1_unrelaxed_repeat089
2.566,0.2808459456845322,2.87,0.3668849655798483,lo_A_model_1_unrelaxed_repeat021,lo_A_model_1_unrelaxed_repeat087
2.574,0.2485480549558125,2.99,0.3493015716867484,lo_A_model_1_unrelaxed_repeat021,lo_A_model_1_unrelaxed_repeat093
2.58,0.23792387729628295,2.94,0.3370473067410597,lo_A_model_1_unrelaxed_repeat021,lo_A_model_1_unrelaxed_repeat073
2.614,0.2388123199866294,3.0300000000000002,0.29637717144532943,lo_A_model_1_unrelaxed_repeat021,lo_A_model_1_unrelaxed_repeat037
2.673,0.22379796158784082,2.92,0.29538132770262376,lo_A_model_1_unrelaxed_repeat021,lo_A_model_1_unrelaxed_repeat076
2.681,0.23046174524829463,2.86,0.29281784266718314,lo_A_model_1_unrelaxed_repeat021,lo_A_model_1_unrelaxed_repeat065
2.691,0.26331465046634717,3.05,0.3560251072144995,lo_A_model_1_unrelaxed_repeat021,lo_A_model_1_unrelaxed_repeat052
2.7119999999999997,0.26161957714848744,2.9299999999999997,0.349324056053028,lo_A_model_1_unrelaxed_repeat021,lo_A_model_1_unrelaxed_repeat012
2.715,0.21683472078368596,2.87,0.27215591340574746,lo_A_model_1_unrelaxed_repeat021,lo_A_model_1_unrelaxed_repeat031
2.718,0.19381014263370405,2.56,0.26749770365225095,lo_A_model_1_unrelaxed_repeat021,lo_A_model_1_unrelaxed_repeat086
2.722,0.2151809758331694,2.8099999999999996,0.2975876783795307,lo_A_model_1_unrelaxed_repeat021,lo_A_model_1_unrelaxed_repeat038
2.741,0.20906261049574631,2.79,0.2832324654249092,lo_A_model_1_unrelaxed_repeat021,lo_A_model_1_unrelaxed_repeat090
2.767,0.2711406953612328,2.91,0.3762405327493941,lo_A_model_1_unrelaxed_repeat021,lo_A_model_1_unrelaxed_repeat050
2.777,0.2521993228109927,2.9,0.3493828198302842,lo_A_model_1_unrelaxed_repeat021,lo_A_model_1_unrelaxed_repeat074
2.778,0.19618311495201282,2.83,0.2560326226531708,lo_A_model_1_unrelaxed_repeat021,lo_A_model_1_unrelaxed_repeat023
2.784,0.1772476545524625,2.79,0.2482394086476248,lo_A_model_1_unrelaxed_repeat021,lo_A_model_1_unrelaxed_repeat059
2.931,0.2420022907469111,2.8200000000000003,0.33865588900652277,lo_A_model_1_unrelaxed_repeat021,lo_A_model_1_unrelaxed_repeat040
1.673,0.16035937198404943,2.9299999999999997,0.23908008008284118,lo_A_model_1_unrelaxed_repeat045,lo_A_model_1_unrelaxed_repeat077
2.012,0.17034521626351196,2.79,0.2394871129167891,lo_A_model_1_unrelaxed_repeat045,lo_A_model_1_unrelaxed_repeat092
2.016,0.19700925157829313,2.86,0.2910109653848956,lo_A_model_1_unrelaxed_repeat045,lo_A_model_1_unrelaxed_repeat015
2.069,0.18629795692751117,2.94,0.2505530363702159,lo_A_model_1_unrelaxed_repeat045,lo_A_model_1_unrelaxed_repeat010
2.118,0.19036299636816525,2.84,0.27457132670361367,lo_A_model_1_unrelaxed_repeat045,lo_A_model_1_unrelaxed_repeat099
2.192,0.1889454311849462,3.0,0.29058024925817194,lo_A_model_1_unrelaxed_repeat045,lo_A_model_1_unrelaxed_repeat074
2.24,0.17821925622786916,2.94,0.25716969453702926,lo_A_model_1_unrelaxed_repeat045,lo_A_model_1_unrelaxed_repeat062
2.241,0.22707771258678838,2.92,0.30770008436304386,lo_A_model_1_unrelaxed_repeat045,lo_A_model_1_unrelaxed_repeat003
2.262,0.20661138561029357,2.99,0.2736127187934632,lo_A_model_1_unrelaxed_repeat045,lo_A_model_1_unrelaxed_repeat069
2.27,0.23052219131071802,2.9,0.3092853454218351,lo_A_model_1_unrelaxed_repeat045,lo_A_model_1_unrelaxed_repeat046
2.279,0.20197666900207337,2.8,0.2783508556759039,lo_A_model_1_unrelaxed_repeat045,lo_A_model_1_unrelaxed_repeat070
2.2800000000000002,0.21710546608702438,3.02,0.3010863972317533,lo_A_model_1_unrelaxed_repeat045,lo_A_model_1_unrelaxed_repeat034
2.289,0.19774396315497123,2.73,0.27096494766155704,lo_A_model_1_unrelaxed_repeat045,lo_A_model_1_unrelaxed_repeat036
2.289,0.19731576111684945,2.62,0.2729260198355782,lo_A_model_1_unrelaxed_repeat045,lo_A_model_1_unrelaxed_repeat026
2.29,0.20704295131925435,2.99,0.2851029982294605,lo_A_model_1_unrelaxed_repeat045,lo_A_model_1_unrelaxed_repeat094
2.3,0.2093524610143408,2.94,0.29783035180272616,lo_A_model_1_unrelaxed_repeat045,lo_A_model_1_unrelaxed_repeat001
2.3019999999999996,0.20303392459155703,2.96,0.29801133908970173,lo_A_model_1_unrelaxed_repeat045,lo_A_model_1_unrelaxed_repeat033
2.3049999999999997,0.21646176929877067,3.0300000000000002,0.28831239018599936,lo_A_model_1_unrelaxed_repeat045,lo_A_model_1_unrelaxed_repeat060
2.305,0.18545992321453456,2.86,0.2697784816929426,lo_A_model_1_unrelaxed_repeat045,lo_A_model_1_unrelaxed_repeat079
2.314,0.2084204455357258,2.99,0.26925329906204304,lo_A_model_1_unrelaxed_repeat045,lo_A_model_1_unrelaxed_repeat025
2.3179999999999996,0.19772317030229913,2.9299999999999997,0.2734611515930831,lo_A_model_1_unrelaxed_repeat045,lo_A_model_1_unrelaxed_repeat016
2.32,0.21767163520434213,3.0,0.28472942254524214,lo_A_model_1_unrelaxed_repeat045,lo_A_model_1_unrelaxed_repeat035
2.322,0.2385759102464632,3.0,0.3156969264282172,lo_A_model_1_unrelaxed_repeat045,lo_A_model_1_unrelaxed_repeat013
2.3280000000000003,0.18739626601141618,2.96,0.2957756467160064,lo_A_model_1_unrelaxed_repeat045,lo_A_model_1_unrelaxed_repeat004
2.333,0.22514468404864638,2.8899999999999997,0.2944572855101155,lo_A_model_1_unrelaxed_repeat045,lo_A_model_1_unrelaxed_repeat030
2.339,0.18821329330529243,3.02,0.28405000667964564,lo_A_model_1_unrelaxed_repeat045,lo_A_model_1_unrelaxed_repeat097
2.34,0.23415145191103506,2.83,0.3049186668919603,lo_A_model_1_unrelaxed_repeat045,lo_A_model_1_unrelaxed_repeat089
2.3449999999999998,0.2249152929088265,2.95,0.28735302270317664,lo_A_model_1_unrelaxed_repeat045,lo_A_model_1_unrelaxed_repeat058
2.351,0.20977354572588308,2.9,0.31164683250713626,lo_A_model_1_unrelaxed_repeat045,lo_A_model_1_unrelaxed_repeat040
2.3579999999999997,0.20232957292525097,3.0,0.30848932758857556,lo_A_model_1_unrelaxed_repeat045,lo_A_model_1_unrelaxed_repeat068
2.358,0.1915880595166521,2.7800000000000002,0.2755327782208605,lo_A_model_1_unrelaxed_repeat045,lo_A_model_1_unrelaxed_repeat088
2.3689999999999998,0.21692339450692333,2.96,0.2876197020198472,lo_A_model_1_unrelaxed_repeat045,lo_A_model_1_unrelaxed_repeat002
2.394,0.19044580783640436,3.04,0.2489368524531854,lo_A_model_1_unrelaxed_repeat045,lo_A_model_1_unrelaxed_repeat037
2.396,0.24485406006356877,3.02,0.3418384194428021,lo_A_model_1_unrelaxed_repeat045,lo_A_model_1_unrelaxed_repeat087
2.4000000000000004,0.20993803840987868,2.92,0.32850748451439316,lo_A_model_1_unrelaxed_repeat045,lo_A_model_1_unrelaxed_repeat066
2.407,0.21064253225512122,3.04,0.2885845284191764,lo_A_model_1_unrelaxed_repeat045,lo_A_model_1_unrelaxed_repeat022
2.411,0.20025707655307745,2.89,0.271486924573896,lo_A_model_1_unrelaxed_repeat045,lo_A_model_1_unrelaxed_repeat056
2.429,0.25779339300376736,2.7800000000000002,0.3188753932997565,lo_A_model_1_unrelaxed_repeat045,lo_A_model_1_unrelaxed_repeat017
2.4299999999999997,0.18855881320478232,3.01,0.27376644913050957,lo_A_model_1_unrelaxed_repeat045,lo_A_model_1_unrelaxed_repeat065
2.431,0.19828414605083106,3.04,0.28154885330155766,lo_A_model_1_unrelaxed_repeat045,lo_A_model_1_unrelaxed_repeat005
2.452,0.22913029447345795,3.04,0.34783935581458436,lo_A_model_1_unrelaxed_repeat045,lo_A_model_1_unrelaxed_repeat083
2.4530000000000003,0.20592032780180508,2.87,0.29160411755218846,lo_A_model_1_unrelaxed_repeat045,lo_A_model_1_unrelaxed_repeat076
2.456,0.21837708000177158,3.01,0.2944658363127458,lo_A_model_1_unrelaxed_repeat045,lo_A_model_1_unrelaxed_repeat024
2.4619999999999997,0.20802338649202612,2.9699999999999998,0.27860576645940927,lo_A_model_1_unrelaxed_repeat045,lo_A_model_1_unrelaxed_repeat057
2.4669999999999996,0.21428824596910354,3.04,0.2834617902861291,lo_A_model_1_unrelaxed_repeat045,lo_A_model_1_unrelaxed_repeat055
2.471,0.1951731017021558,2.99,0.27230741905446315,lo_A_model_1_unrelaxed_repeat045,lo_A_model_1_unrelaxed_repeat020
2.492,0.22552693027751822,3.02,0.31301332089192946,lo_A_model_1_unrelaxed_repeat045,lo_A_model_1_unrelaxed_repeat012
2.495,0.224609322882217,2.99,0.2962661294450755,lo_A_model_1_unrelaxed_repeat045,lo_A_model_1_unrelaxed_repeat051
2.497,0.21577157688295728,3.04,0.3025808396457778,lo_A_model_1_unrelaxed_repeat045,lo_A_model_1_unrelaxed_repeat049
2.498,0.20051237229887164,2.92,0.2822126958916992,lo_A_model_1_unrelaxed_repeat045,lo_A_model_1_unrelaxed_repeat086
2.502,0.21458103104449883,2.9,0.29288789498233225,lo_A_model_1_unrelaxed_repeat045,lo_A_model_1_unrelaxed_repeat038
2.521,0.20350752570506575,3.04,0.2965692724024748,lo_A_model_1_unrelaxed_repeat045,lo_A_model_1_unrelaxed_repeat090
2.5460000000000003,0.18893806768137078,3.02,0.31419661613525385,lo_A_model_1_unrelaxed_repeat045,lo_A_model_1_unrelaxed_repeat073
2.5469999999999997,0.21918997841610907,3.0,0.2882815743234739,lo_A_model_1_unrelaxed_repeat045,lo_A_model_1_unrelaxed_repeat053
2.558,0.23057578113076607,2.98,0.31044418774603155,lo_A_model_1_unrelaxed_repeat045,lo_A_model_1_unrelaxed_repeat023
2.5629999999999997,0.20412113083045114,2.99,0.29607305868672756,lo_A_model_1_unrelaxed_repeat045,lo_A_model_1_unrelaxed_repeat048
2.564,0.23377149805894007,3.04,0.3171840965006937,lo_A_model_1_unrelaxed_repeat045,lo_A_model_1_unrelaxed_repeat059
2.584,0.1816340438743092,2.86,0.28507012916258434,lo_A_model_1_unrelaxed_repeat045,lo_A_model_1_unrelaxed_repeat091
2.5869999999999997,0.18934395812337254,3.02,0.2668507590599522,lo_A_model_1_unrelaxed_repeat045,lo_A_model_1_unrelaxed_repeat061
2.634,0.22974712602560304,3.02,0.34387379159999415,lo_A_model_1_unrelaxed_repeat045,lo_A_model_1_unrelaxed_repeat093
2.683,0.198088915166584,2.86,0.2881041577667019,lo_A_model_1_unrelaxed_repeat045,lo_A_model_1_unrelaxed_repeat098
2.692,0.2046078904666233,2.84,0.29235132802600605,lo_A_model_1_unrelaxed_repeat045,lo_A_model_1_unrelaxed_repeat052
2.716,0.2515423416491669,2.9299999999999997,0.3173180710675602,lo_A_model_1_unrelaxed_repeat045,lo_A_model_1_unrelaxed_repeat031
2.891,0.2176930652831852,2.91,0.336931070836444,lo_A_model_1_unrelaxed_repeat045,lo_A_model_1_unrelaxed_repeat085
3.4749999999999996,0.21774807272617974,3.0,0.32575384125592444,lo_A_model_1_unrelaxed_repeat045,lo_A_model_1_unrelaxed_repeat050
2.018,0.1905112142284047,2.6799999999999997,0.29239311535256673,lo_A_model_1_unrelaxed_repeat091,lo_A_model_1_unrelaxed_repeat077
2.165,0.21441573472144565,2.8499999999999996,0.3275928157526674,lo_A_model_1_unrelaxed_repeat091,lo_A_model_1_unrelaxed_repeat015
2.302,0.21826745350358892,2.8899999999999997,0.31018357202597396,lo_A_model_1_unrelaxed_repeat091,lo_A_model_1_unrelaxed_repeat038
2.394,0.21298769165240988,2.7800000000000002,0.27969449918712463,lo_A_model_1_unrelaxed_repeat091,lo_A_model_1_unrelaxed_repeat026
2.3979999999999997,0.22293079945305505,2.88,0.30666394537574704,lo_A_model_1_unrelaxed_repeat091,lo_A_model_1_unrelaxed_repeat002
2.407,0.2347018197756647,2.9299999999999997,0.33018293797861337,lo_A_model_1_unrelaxed_repeat091,lo_A_model_1_unrelaxed_repeat055
2.434,0.2154586756563627,2.7800000000000002,0.30706026865045727,lo_A_model_1_unrelaxed_repeat091,lo_A_model_1_unrelaxed_repeat036
2.436,0.2231596924957385,2.79,0.31612872009372583,lo_A_model_1_unrelaxed_repeat091,lo_A_model_1_unrelaxed_repeat097
2.4370000000000003,0.236319857926408,2.88,0.3275224112940318,lo_A_model_1_unrelaxed_repeat091,lo_A_model_1_unrelaxed_repeat022
2.439,0.24296529833407005,2.95,0.3326786847637482,lo_A_model_1_unrelaxed_repeat091,lo_A_model_1_unrelaxed_repeat035
2.456,0.24705669276921055,2.95,0.32200151946966415,lo_A_model_1_unrelaxed_repeat091,lo_A_model_1_unrelaxed_repeat046
2.466,0.229729681291688,2.8,0.30927757439838904,lo_A_model_1_unrelaxed_repeat091,lo_A_model_1_unrelaxed_repeat025
2.467,0.2227707900347437,2.99,0.3242715176628715,lo_A_model_1_unrelaxed_repeat091,lo_A_model_1_unrelaxed_repeat012
2.468,0.2668469258417406,3.01,0.3319663529841403,lo_A_model_1_unrelaxed_repeat091,lo_A_model_1_unrelaxed_repeat017
2.4699999999999998,0.24150773008536833,2.88,0.3406313669982827,lo_A_model_1_unrelaxed_repeat091,lo_A_model_1_unrelaxed_repeat013
2.477,0.25135750861824213,3.04,0.3530715417459245,lo_A_model_1_unrelaxed_repeat091,lo_A_model_1_unrelaxed_repeat003
2.483,0.21634887181301396,2.58,0.2966377636175234,lo_A_model_1_unrelaxed_repeat091,lo_A_model_1_unrelaxed_repeat079
2.4850000000000003,0.24049375175915305,2.95,0.3352079191637634,lo_A_model_1_unrelaxed_repeat091,lo_A_model_1_unrelaxed_repeat030
2.489,0.21087202283448164,2.91,0.3100275035101903,lo_A_model_1_unrelaxed_repeat091,lo_A_model_1_unrelaxed_repeat086
2.492,0.2170349872574658,3.0300000000000002,0.31098808794560434,lo_A_model_1_unrelaxed_repeat091,lo_A_model_1_unrelaxed_repeat004
2.4939999999999998,0.22993800433358091,3.01,0.3167246991474955,lo_A_model_1_unrelaxed_repeat091,lo_A_model_1_unrelaxed_repeat033
2.497,0.21593831114537027,2.76,0.31072590260906385,lo_A_model_1_unrelaxed_repeat091,lo_A_model_1_unrelaxed_repeat076
2.498,0.22685002009388305,2.92,0.3179409793979751,lo_A_model_1_unrelaxed_repeat091,lo_A_model_1_unrelaxed_repeat020
2.506,0.2361347794134547,2.83,0.32928004874379396,lo_A_model_1_unrelaxed_repeat091,lo_A_model_1_unrelaxed_repeat024
2.509,0.23643400661702313,2.8899999999999997,0.32934668933202105,lo_A_model_1_unrelaxed_repeat091,lo_A_model_1_unrelaxed_repeat058
2.5149999999999997,0.21017014702616887,2.81,0.3075127967608402,lo_A_model_1_unrelaxed_repeat091,lo_A_model_1_unrelaxed_repeat088
2.517,0.23566806753220382,2.86,0.32876906592994165,lo_A_model_1_unrelaxed_repeat091,lo_A_model_1_unrelaxed_repeat049
2.523,0.21186271704260579,2.9699999999999998,0.3032636496544166,lo_A_model_1_unrelaxed_repeat091,lo_A_model_1_unrelaxed_repeat062
2.526,0.25016337151220186,2.8899999999999997,0.345793648721927,lo_A_model_1_unrelaxed_repeat091,lo_A_model_1_unrelaxed_repeat051
2.527,0.2084975320884672,2.87,0.30175030653907126,lo_A_model_1_unrelaxed_repeat091,lo_A_model_1_unrelaxed_repeat061
2.529,0.22495978213124654,2.8499999999999996,0.310402572146917,lo_A_model_1_unrelaxed_repeat091,lo_A_model_1_unrelaxed_repeat056
2.536,0.22218720792342406,2.91,0.3112599803916642,lo_A_model_1_unrelaxed_repeat091,lo_A_model_1_unrelaxed_repeat005
2.536,0.2239959137681656,2.8899999999999997,0.31633388130821416,lo_A_model_1_unrelaxed_repeat091,lo_A_model_1_unrelaxed_repeat034
2.5460000000000003,0.2019356531458596,2.61,0.28854670134227467,lo_A_model_1_unrelaxed_repeat091,lo_A_model_1_unrelaxed_repeat037
2.5460000000000003,0.2093077738785843,2.88,0.2962575823142487,lo_A_model_1_unrelaxed_repeat091,lo_A_model_1_unrelaxed_repeat016
2.558,0.2301806338017955,2.82,0.33818035330143653,lo_A_model_1_unrelaxed_repeat091,lo_A_model_1_unrelaxed_repeat059
2.559,0.21275759645612047,2.8200000000000003,0.30859949460209674,lo_A_model_1_unrelaxed_repeat091,lo_A_model_1_unrelaxed_repeat065
2.567,0.22707986658507964,2.94,0.30519624775273074,lo_A_model_1_unrelaxed_repeat091,lo_A_model_1_unrelaxed_repeat099
2.581,0.2138401961060464,2.98,0.2876223879574804,lo_A_model_1_unrelaxed_repeat091,lo_A_model_1_unrelaxed_repeat092
2.586,0.20787716674054033,2.9,0.30424784716342124,lo_A_model_1_unrelaxed_repeat091,lo_A_model_1_unrelaxed_repeat090
2.587,0.21494519446535254,2.82,0.3036513605831153,lo_A_model_1_unrelaxed_repeat091,lo_A_model_1_unrelaxed_repeat070
2.59,0.2347550472063193,2.92,0.32311962909536135,lo_A_model_1_unrelaxed_repeat091,lo_A_model_1_unrelaxed_repeat001
2.6189999999999998,0.23382991813530732,2.85,0.3178979600730366,lo_A_model_1_unrelaxed_repeat091,lo_A_model_1_unrelaxed_repeat060
2.619,0.23899393567108276,3.01,0.3394655397041621,lo_A_model_1_unrelaxed_repeat091,lo_A_model_1_unrelaxed_repeat093
2.62,0.21916361954397584,2.79,0.31601968392723684,lo_A_model_1_unrelaxed_repeat091,lo_A_model_1_unrelaxed_repeat048
2.623,0.21799244517103158,2.9299999999999997,0.30576160217997955,lo_A_model_1_unrelaxed_repeat091,lo_A_model_1_unrelaxed_repeat098
2.628,0.20559326069013478,2.86,0.2983486740886778,lo_A_model_1_unrelaxed_repeat091,lo_A_model_1_unrelaxed_repeat010
2.633,0.23036120234953977,2.87,0.33044786879539156,lo_A_model_1_unrelaxed_repeat091,lo_A_model_1_unrelaxed_repeat069
2.635,0.22986256078936962,2.9299999999999997,0.32315128423631023,lo_A_model_1_unrelaxed_repeat091,lo_A_model_1_unrelaxed_repeat094
2.641,0.24092504488578784,2.8499999999999996,0.3308157429657655,lo_A_model_1_unrelaxed_repeat091,lo_A_model_1_unrelaxed_repeat053
2.6430000000000002,0.20573594059672431,2.94,0.2899885548528366,lo_A_model_1_unrelaxed_repeat091,lo_A_model_1_unrelaxed_repeat068
2.644,0.23463601129590625,3.0,0.3315005119354234,lo_A_model_1_unrelaxed_repeat091,lo_A_model_1_unrelaxed_repeat023
2.653,0.22744722666058978,2.9,0.33014095052007775,lo_A_model_1_unrelaxed_repeat091,lo_A_model_1_unrelaxed_repeat057
2.6550000000000002,0.21008908730960024,2.95,0.33000429181758495,lo_A_model_1_unrelaxed_repeat091,lo_A_model_1_unrelaxed_repeat073
2.7,0.23683256189726357,2.85,0.33162240450585245,lo_A_model_1_unrelaxed_repeat091,lo_A_model_1_unrelaxed_repeat089
2.7110000000000003,0.2509656737182108,2.82,0.34043214983446496,lo_A_model_1_unrelaxed_repeat091,lo_A_model_1_unrelaxed_repeat031
2.7960000000000003,0.26085173793660904,3.04,0.3798114508508464,lo_A_model_1_unrelaxed_repeat091,lo_A_model_1_unrelaxed_repeat087
2.8,0.22728701863767256,2.9,0.3442271100457006,lo_A_model_1_unrelaxed_repeat091,lo_A_model_1_unrelaxed_repeat066
2.8680000000000003,0.22609210651738967,2.9699999999999998,0.32420974683493925,lo_A_model_1_unrelaxed_repeat091,lo_A_model_1_unrelaxed_repeat083
2.907,0.21873169851910568,2.77,0.3257338583798019,lo_A_model_1_unrelaxed_repeat091,lo_A_model_1_unrelaxed_repeat074
2.958,0.22547476980114928,2.92,0.32810754892622457,lo_A_model_1_unrelaxed_repeat091,lo_A_model_1_unrelaxed_repeat052
3.015,0.22920311162927878,3.02,0.32548693576010196,lo_A_model_1_unrelaxed_repeat091,lo_A_model_1_unrelaxed_repeat085
3.422,0.22123436456153703,2.92,0.29971498144094005,lo_A_model_1_unrelaxed_repeat091,lo_A_model_1_unrelaxed_repeat040
3.875,0.20316162829210743,2.99,0.32025579904825197,lo_A_model_1_unrelaxed_repeat091,lo_A_model_1_unrelaxed_repeat050
2.0780000000000003,0.1622414218686371,2.37,0.21964342282497742,lo_A_model_1_unrelaxed_repeat013,lo_A_model_1_unrelaxed_repeat034
2.115,0.20578533685394487,3.0300000000000002,0.29197903975568584,lo_A_model_1_unrelaxed_repeat013,lo_A_model_1_unrelaxed_repeat026
2.181,0.19784727784455544,2.8099999999999996,0.28252306931013216,lo_A_model_1_unrelaxed_repeat013,lo_A_model_1_unrelaxed_repeat022
2.199,0.21578027755825774,2.83,0.31500623333297173,lo_A_model_1_unrelaxed_repeat013,lo_A_model_1_unrelaxed_repeat088
2.212,0.21508876365767754,3.0300000000000002,0.30528562577481605,lo_A_model_1_unrelaxed_repeat013,lo_A_model_1_unrelaxed_repeat037
2.226,0.16686152757551836,2.55,0.241763430876754,lo_A_model_1_unrelaxed_repeat013,lo_A_model_1_unrelaxed_repeat086
2.2409999999999997,0.19367347268025276,2.8200000000000003,0.28515603238228315,lo_A_model_1_unrelaxed_repeat013,lo_A_model_1_unrelaxed_repeat090
2.2640000000000002,0.17723681045821718,3.0,0.2773964898649827,lo_A_model_1_unrelaxed_repeat013,lo_A_model_1_unrelaxed_repeat059
2.268,0.22467211588591132,2.88,0.30530094911070454,lo_A_model_1_unrelaxed_repeat013,lo_A_model_1_unrelaxed_repeat049
2.283,0.20973711865414948,2.99,0.28748019773813877,lo_A_model_1_unrelaxed_repeat013,lo_A_model_1_unrelaxed_repeat070
2.284,0.22101130804386865,3.02,0.2926645875420265,lo_A_model_1_unrelaxed_repeat013,lo_A_model_1_unrelaxed_repeat077
2.292,0.272712799403534,2.86,0.36921910403054153,lo_A_model_1_unrelaxed_repeat013,lo_A_model_1_unrelaxed_repeat087
2.298,0.23831697073597705,2.9699999999999998,0.32146494968653594,lo_A_model_1_unrelaxed_repeat013,lo_A_model_1_unrelaxed_repeat001
2.301,0.21616152824845294,2.9,0.3105309496207892,lo_A_model_1_unrelaxed_repeat013,lo_A_model_1_unrelaxed_repeat079
2.315,0.22993308723752837,2.87,0.29936580558037496,lo_A_model_1_unrelaxed_repeat013,lo_A_model_1_unrelaxed_repeat036
2.3209999999999997,0.2346630080024324,3.0300000000000002,0.30539863486966917,lo_A_model_1_unrelaxed_repeat013,lo_A_model_1_unrelaxed_repeat033
2.322,0.21799009309300107,2.88,0.30349320568034877,lo_A_model_1_unrelaxed_repeat013,lo_A_model_1_unrelaxed_repeat038
2.33,0.18889261204218702,2.77,0.27033550923555727,lo_A_model_1_unrelaxed_repeat013,lo_A_model_1_unrelaxed_repeat003
2.342,0.22333602671704536,2.95,0.3064505365152297,lo_A_model_1_unrelaxed_repeat013,lo_A_model_1_unrelaxed_repeat015
2.346,0.19773010607842553,2.83,0.27122041778129324,lo_A_model_1_unrelaxed_repeat013,lo_A_model_1_unrelaxed_repeat061
2.346,0.1877960769654285,2.86,0.26888169827657904,lo_A_model_1_unrelaxed_repeat013,lo_A_model_1_unrelaxed_repeat060
2.358,0.17136771446871712,2.86,0.23863596640808213,lo_A_model_1_unrelaxed_repeat013,lo_A_model_1_unrelaxed_repeat016
2.3760000000000003,0.186405706869849,2.94,0.2612411774389703,lo_A_model_1_unrelaxed_repeat013,lo_A_model_1_unrelaxed_repeat030
2.388,0.24034963683269425,2.8499999999999996,0.32968602569184013,lo_A_model_1_unrelaxed_repeat013,lo_A_model_1_unrelaxed_repeat012
2.3899999999999997,0.19121045263267977,2.77,0.28436873843504956,lo_A_model_1_unrelaxed_repeat013,lo_A_model_1_unrelaxed_repeat089
2.393,0.23333371081105783,2.75,0.29458008230819654,lo_A_model_1_unrelaxed_repeat013,lo_A_model_1_unrelaxed_repeat017
2.403,0.2304699813496118,2.7,0.29913920377173947,lo_A_model_1_unrelaxed_repeat013,lo_A_model_1_unrelaxed_repeat046
2.428,0.27486785119820323,2.9,0.36910590654066294,lo_A_model_1_unrelaxed_repeat013,lo_A_model_1_unrelaxed_repeat066
2.431,0.18544056114221127,2.77,0.2548972134281734,lo_A_model_1_unrelaxed_repeat013,lo_A_model_1_unrelaxed_repeat035
2.441,0.23836423781944438,2.84,0.3087481299138861,lo_A_model_1_unrelaxed_repeat013,lo_A_model_1_unrelaxed_repeat056
2.449,0.1942601488631614,2.6799999999999997,0.27764568151426255,lo_A_model_1_unrelaxed_repeat013,lo_A_model_1_unrelaxed_repeat024
2.449,0.17547484810535258,2.81,0.25503659026661485,lo_A_model_1_unrelaxed_repeat013,lo_A_model_1_unrelaxed_repeat010
2.452,0.19314340925310214,2.8200000000000003,0.27639509570004783,lo_A_model_1_unrelaxed_repeat013,lo_A_model_1_unrelaxed_repeat058
2.454,0.21662388969160717,3.01,0.2968584678402643,lo_A_model_1_unrelaxed_repeat013,lo_A_model_1_unrelaxed_repeat048
2.475,0.16689998804249115,2.7,0.25285539586099975,lo_A_model_1_unrelaxed_repeat013,lo_A_model_1_unrelaxed_repeat005
2.475,0.25880777108661396,3.0300000000000002,0.362886969716053,lo_A_model_1_unrelaxed_repeat013,lo_A_model_1_unrelaxed_repeat085
2.4850000000000003,0.18823203423553164,3.02,0.27796913199218076,lo_A_model_1_unrelaxed_repeat013,lo_A_model_1_unrelaxed_repeat057
2.491,0.262930955867977,2.88,0.369846776455282,lo_A_model_1_unrelaxed_repeat013,lo_A_model_1_unrelaxed_repeat050
2.492,0.19048481103014558,2.9699999999999998,0.2701199330938935,lo_A_model_1_unrelaxed_repeat013,lo_A_model_1_unrelaxed_repeat023
2.5170000000000003,0.1562110811043817,2.84,0.24368798503135297,lo_A_model_1_unrelaxed_repeat013,lo_A_model_1_unrelaxed_repeat055
2.5170000000000003,0.19920110254735066,2.8899999999999997,0.2909993633509743,lo_A_model_1_unrelaxed_repeat013,lo_A_model_1_unrelaxed_repeat062
2.519,0.21565839503167847,2.83,0.3005399052054269,lo_A_model_1_unrelaxed_repeat013,lo_A_model_1_unrelaxed_repeat099
2.5220000000000002,0.15735253695756354,2.5999999999999996,0.24298795721879293,lo_A_model_1_unrelaxed_repeat013,lo_A_model_1_unrelaxed_repeat069
2.528,0.22542757973525174,3.0,0.309581423995329,lo_A_model_1_unrelaxed_repeat013,lo_A_model_1_unrelaxed_repeat092
2.528,0.24793763695107135,2.9299999999999997,0.33432129697901974,lo_A_model_1_unrelaxed_repeat013,lo_A_model_1_unrelaxed_repeat073
2.5380000000000003,0.22404329938652484,3.02,0.3098842370036715,lo_A_model_1_unrelaxed_repeat013,lo_A_model_1_unrelaxed_repeat020
2.54,0.19475476821502796,2.81,0.27443426005170846,lo_A_model_1_unrelaxed_repeat013,lo_A_model_1_unrelaxed_repeat094
2.5469999999999997,0.26764886302199586,3.0300000000000002,0.3699628794741997,lo_A_model_1_unrelaxed_repeat013,lo_A_model_1_unrelaxed_repeat093
2.549,0.1765332400299707,2.83,0.25977474560652664,lo_A_model_1_unrelaxed_repeat013,lo_A_model_1_unrelaxed_repeat002
2.551,0.23196235696783118,2.81,0.3040139670008873,lo_A_model_1_unrelaxed_repeat013,lo_A_model_1_unrelaxed_repeat051
2.552,0.21649573074454645,2.84,0.2986101328570772,lo_A_model_1_unrelaxed_repeat013,lo_A_model_1_unrelaxed_repeat053
2.553,0.21060758687884418,2.7699999999999996,0.3014864462180993,lo_A_model_1_unrelaxed_repeat013,lo_A_model_1_unrelaxed_repeat098
2.5540000000000003,0.23188525910578694,2.98,0.31930790679517634,lo_A_model_1_unrelaxed_repeat013,lo_A_model_1_unrelaxed_repeat097
2.564,0.2585389138158539,2.92,0.36336033026973913,lo_A_model_1_unrelaxed_repeat013,lo_A_model_1_unrelaxed_repeat083
2.611,0.21472929226272539,2.83,0.3017321477474073,lo_A_model_1_unrelaxed_repeat013,lo_A_model_1_unrelaxed_repeat076
2.614,0.2153220517735501,2.83,0.29515903426435786,lo_A_model_1_unrelaxed_repeat013,lo_A_model_1_unrelaxed_repeat025
2.628,0.24635943767631238,2.96,0.33884867761778126,lo_A_model_1_unrelaxed_repeat013,lo_A_model_1_unrelaxed_repeat068
2.64,0.22823162694175558,3.02,0.3009744308266815,lo_A_model_1_unrelaxed_repeat013,lo_A_model_1_unrelaxed_repeat065
2.6790000000000003,0.27151037624056784,3.05,0.3664563319204322,lo_A_model_1_unrelaxed_repeat013,lo_A_model_1_unrelaxed_repeat052
2.7030000000000003,0.20543087556449038,2.8899999999999997,0.2756766159225762,lo_A_model_1_unrelaxed_repeat013,lo_A_model_1_unrelaxed_repeat031
2.7430000000000003,0.26024662453026964,2.71,0.35490767301685305,lo_A_model_1_unrelaxed_repeat013,lo_A_model_1_unrelaxed_repeat004
2.752,0.2513004687779381,2.9699999999999998,0.34472460032833563,lo_A_model_1_unrelaxed_repeat013,lo_A_model_1_unrelaxed_repeat040
2.958,0.2518393082820755,3.0300000000000002,0.3557764886431432,lo_A_model_1_unrelaxed_repeat013,lo_A_model_1_unrelaxed_repeat074
1.931,0.18514862606540072,2.9699999999999998,0.27630004838616556,lo_A_model_1_unrelaxed_repeat089,lo_A_model_1_unrelaxed_repeat030
1.932,0.17682612152399568,2.83,0.2627698286193033,lo_A_model_1_unrelaxed_repeat089,lo_A_model_1_unrelaxed_repeat024
2.074,0.19817796585807715,2.8600000000000003,0.27599998963322325,lo_A_model_1_unrelaxed_repeat089,lo_A_model_1_unrelaxed_repeat058
2.352,0.23009801544034472,2.98,0.33258337666222254,lo_A_model_1_unrelaxed_repeat089,lo_A_model_1_unrelaxed_repeat004
2.3579999999999997,0.20691568365655977,2.79,0.26920382798435577,lo_A_model_1_unrelaxed_repeat089,lo_A_model_1_unrelaxed_repeat034
2.364,0.2019939537898798,2.9699999999999998,0.2529938618513853,lo_A_model_1_unrelaxed_repeat089,lo_A_model_1_unrelaxed_repeat061
2.371,0.22118289417414347,2.9299999999999997,0.2840475387885723,lo_A_model_1_unrelaxed_repeat089,lo_A_model_1_unrelaxed_repeat048
2.3760000000000003,0.18337345275684172,2.76,0.2613588349940952,lo_A_model_1_unrelaxed_repeat089,lo_A_model_1_unrelaxed_repeat016
2.38,0.21946137015426131,2.91,0.2897003039253162,lo_A_model_1_unrelaxed_repeat089,lo_A_model_1_unrelaxed_repeat001
2.39,0.1797788651186441,2.8,0.25828403701511254,lo_A_model_1_unrelaxed_repeat089,lo_A_model_1_unrelaxed_repeat090
2.402,0.21295468363440892,2.86,0.29735308222358886,lo_A_model_1_unrelaxed_repeat089,lo_A_model_1_unrelaxed_repeat049
2.409,0.22031715921320522,2.85,0.28612581643853463,lo_A_model_1_unrelaxed_repeat089,lo_A_model_1_unrelaxed_repeat015
2.41,0.21203579137502784,2.87,0.2913609229299402,lo_A_model_1_unrelaxed_repeat089,lo_A_model_1_unrelaxed_repeat038
2.411,0.21032327661648692,2.98,0.2717875443094734,lo_A_model_1_unrelaxed_repeat089,lo_A_model_1_unrelaxed_repeat077
2.411,0.23388223134774536,2.9299999999999997,0.2995019232039441,lo_A_model_1_unrelaxed_repeat089,lo_A_model_1_unrelaxed_repeat033
2.4240000000000004,0.20674845282802268,3.04,0.29677696427385525,lo_A_model_1_unrelaxed_repeat089,lo_A_model_1_unrelaxed_repeat012
2.437,0.21548555743935585,2.9,0.29694866923464885,lo_A_model_1_unrelaxed_repeat089,lo_A_model_1_unrelaxed_repeat003
2.4370000000000003,0.19667198533095664,2.9,0.297260404715682,lo_A_model_1_unrelaxed_repeat089,lo_A_model_1_unrelaxed_repeat059
2.4379999999999997,0.2666217877113636,2.98,0.3662517095323054,lo_A_model_1_unrelaxed_repeat089,lo_A_model_1_unrelaxed_repeat087
2.441,0.23185620821438802,2.73,0.2994694880099257,lo_A_model_1_unrelaxed_repeat089,lo_A_model_1_unrelaxed_repeat046
2.444,0.1993712391171918,2.86,0.2527514965874222,lo_A_model_1_unrelaxed_repeat089,lo_A_model_1_unrelaxed_repeat022
2.4450000000000003,0.21929734714852467,2.85,0.29679706510354387,lo_A_model_1_unrelaxed_repeat089,lo_A_model_1_unrelaxed_repeat017
2.4619999999999997,0.20475459612715202,2.8200000000000003,0.2856721612110413,lo_A_model_1_unrelaxed_repeat089,lo_A_model_1_unrelaxed_repeat037
2.4619999999999997,0.26436928912043267,2.94,0.36933815452661717,lo_A_model_1_unrelaxed_repeat089,lo_A_model_1_unrelaxed_repeat066
2.472,0.21650925238021004,2.85,0.29646708497734486,lo_A_model_1_unrelaxed_repeat089,lo_A_model_1_unrelaxed_repeat088
2.473,0.21448026210497323,2.83,0.27566218882213217,lo_A_model_1_unrelaxed_repeat089,lo_A_model_1_unrelaxed_repeat070
2.475,0.21092130895048236,2.9299999999999997,0.2733433649019278,lo_A_model_1_unrelaxed_repeat089,lo_A_model_1_unrelaxed_repeat026
2.475,0.17514224752170102,2.8600000000000003,0.24289939161968513,lo_A_model_1_unrelaxed_repeat089,lo_A_model_1_unrelaxed_repeat010
2.485,0.22238866465899873,2.95,0.29250797526512895,lo_A_model_1_unrelaxed_repeat089,lo_A_model_1_unrelaxed_repeat035
2.488,0.21024708605827164,2.92,0.2727353625192862,lo_A_model_1_unrelaxed_repeat089,lo_A_model_1_unrelaxed_repeat065
2.4930000000000003,0.18322406367813593,2.77,0.24655764516462944,lo_A_model_1_unrelaxed_repeat089,lo_A_model_1_unrelaxed_repeat005
2.495,0.23144317211148036,2.84,0.2877014129341249,lo_A_model_1_unrelaxed_repeat089,lo_A_model_1_unrelaxed_repeat036
2.503,0.20693146356986056,2.92,0.2803565071504025,lo_A_model_1_unrelaxed_repeat089,lo_A_model_1_unrelaxed_repeat057
2.504,0.25868330514456284,2.9299999999999997,0.36069448986844704,lo_A_model_1_unrelaxed_repeat089,lo_A_model_1_unrelaxed_repeat085
2.509,0.20497841751074047,2.9,0.2881854831098374,lo_A_model_1_unrelaxed_repeat089,lo_A_model_1_unrelaxed_repeat079
2.511,0.22836842080795144,2.98,0.2835966125090521,lo_A_model_1_unrelaxed_repeat089,lo_A_model_1_unrelaxed_repeat056
2.526,0.20212837674778691,2.8899999999999997,0.26189258355648104,lo_A_model_1_unrelaxed_repeat089,lo_A_model_1_unrelaxed_repeat060
2.528,0.2263478010465898,2.92,0.28457010219191414,lo_A_model_1_unrelaxed_repeat089,lo_A_model_1_unrelaxed_repeat025
2.5300000000000002,0.20870316244443005,2.8,0.29515423576469746,lo_A_model_1_unrelaxed_repeat089,lo_A_model_1_unrelaxed_repeat023
2.535,0.19943872386767952,2.71,0.2602300072097,lo_A_model_1_unrelaxed_repeat089,lo_A_model_1_unrelaxed_repeat062
2.537,0.2185714707819186,2.84,0.29201397266038215,lo_A_model_1_unrelaxed_repeat089,lo_A_model_1_unrelaxed_repeat099
2.54,0.1803887290332513,2.79,0.23157568123043284,lo_A_model_1_unrelaxed_repeat089,lo_A_model_1_unrelaxed_repeat069
2.542,0.17943307318868,2.8499999999999996,0.2663869419870845,lo_A_model_1_unrelaxed_repeat089,lo_A_model_1_unrelaxed_repeat086
2.5460000000000003,0.23421316299999165,2.9,0.3090365757482674,lo_A_model_1_unrelaxed_repeat089,lo_A_model_1_unrelaxed_repeat092
2.5469999999999997,0.26261739550810814,3.04,0.36778846473558796,lo_A_model_1_unrelaxed_repeat089,lo_A_model_1_unrelaxed_repeat093
2.55,0.23844713651011043,3.0300000000000002,0.33015269368050315,lo_A_model_1_unrelaxed_repeat089,lo_A_model_1_unrelaxed_repeat068
2.556,0.20133044460689,3.02,0.2883433516001664,lo_A_model_1_unrelaxed_repeat089,lo_A_model_1_unrelaxed_repeat020
2.558,0.20741529529190958,2.7199999999999998,0.2806041917832874,lo_A_model_1_unrelaxed_repeat089,lo_A_model_1_unrelaxed_repeat094
2.558,0.2548194687607554,2.9299999999999997,0.3433226104968878,lo_A_model_1_unrelaxed_repeat089,lo_A_model_1_unrelaxed_repeat040
2.567,0.19652079796890395,2.9299999999999997,0.2758032098916766,lo_A_model_1_unrelaxed_repeat089,lo_A_model_1_unrelaxed_repeat002
2.569,0.19651324657669889,2.8499999999999996,0.2562539646924528,lo_A_model_1_unrelaxed_repeat089,lo_A_model_1_unrelaxed_repeat051
2.5700000000000003,0.20320697215799327,2.95,0.28807207808903496,lo_A_model_1_unrelaxed_repeat089,lo_A_model_1_unrelaxed_repeat053
2.5709999999999997,0.20751768664819123,2.73,0.2832272628181007,lo_A_model_1_unrelaxed_repeat089,lo_A_model_1_unrelaxed_repeat098
2.572,0.22663746298447673,2.7699999999999996,0.29088646517553474,lo_A_model_1_unrelaxed_repeat089,lo_A_model_1_unrelaxed_repeat097
2.585,0.1923626663935377,2.95,0.2651236114109999,lo_A_model_1_unrelaxed_repeat089,lo_A_model_1_unrelaxed_repeat076
2.597,0.259959309020102,2.99,0.36504986235151665,lo_A_model_1_unrelaxed_repeat089,lo_A_model_1_unrelaxed_repeat083
2.599,0.25026299014161263,3.0300000000000002,0.3390408502528866,lo_A_model_1_unrelaxed_repeat089,lo_A_model_1_unrelaxed_repeat073
2.668,0.20508751752028287,2.9299999999999997,0.2798369134696141,lo_A_model_1_unrelaxed_repeat089,lo_A_model_1_unrelaxed_repeat055
2.702,0.21623238439916226,2.82,0.28046252417713696,lo_A_model_1_unrelaxed_repeat089,lo_A_model_1_unrelaxed_repeat031
2.712,0.2431593694883195,2.9299999999999997,0.340599194301452,lo_A_model_1_unrelaxed_repeat089,lo_A_model_1_unrelaxed_repeat074
2.827,0.25219411591669677,2.8899999999999997,0.3508661671334424,lo_A_model_1_unrelaxed_repeat089,lo_A_model_1_unrelaxed_repeat052
3.0389999999999997,0.2492013555214042,3.02,0.35490114281741114,lo_A_model_1_unrelaxed_repeat089,lo_A_model_1_unrelaxed_repeat050
1.808,0.14524423217946386,2.7800000000000002,0.24048978397130233,lo_A_model_1_unrelaxed_repeat086,lo_A_model_1_unrelaxed_repeat090
1.888,0.16613558504434187,3.0,0.2640717269362547,lo_A_model_1_unrelaxed_repeat086,lo_A_model_1_unrelaxed_repeat059
1.955,0.18282204031878463,2.88,0.2690961398366098,lo_A_model_1_unrelaxed_repeat086,lo_A_model_1_unrelaxed_repeat038
1.9609999999999999,0.18413348162622134,3.01,0.26258672523369425,lo_A_model_1_unrelaxed_repeat086,lo_A_model_1_unrelaxed_repeat048
2.032,0.1663061932955873,2.31,0.22234264500601084,lo_A_model_1_unrelaxed_repeat086,lo_A_model_1_unrelaxed_repeat034
2.065,0.16581317200827236,2.82,0.24396451347285866,lo_A_model_1_unrelaxed_repeat086,lo_A_model_1_unrelaxed_repeat037
2.067,0.18895363632640896,3.0300000000000002,0.26479338451080436,lo_A_model_1_unrelaxed_repeat086,lo_A_model_1_unrelaxed_repeat033
2.1079999999999997,0.15095762984554206,3.0300000000000002,0.24169282577576343,lo_A_model_1_unrelaxed_repeat086,lo_A_model_1_unrelaxed_repeat026
2.148,0.1689805755316569,2.79,0.25701783753776586,lo_A_model_1_unrelaxed_repeat086,lo_A_model_1_unrelaxed_repeat088
2.155,0.18174040818063888,2.86,0.2737183164097672,lo_A_model_1_unrelaxed_repeat086,lo_A_model_1_unrelaxed_repeat079
2.199,0.18672946700602663,2.86,0.2560146857375661,lo_A_model_1_unrelaxed_repeat086,lo_A_model_1_unrelaxed_repeat015
2.23,0.19684850423474487,3.02,0.26993450167241134,lo_A_model_1_unrelaxed_repeat086,lo_A_model_1_unrelaxed_repeat065
2.278,0.16512597956507252,2.84,0.23709471858183417,lo_A_model_1_unrelaxed_repeat086,lo_A_model_1_unrelaxed_repeat070
2.279,0.13832047546980056,2.8899999999999997,0.20609149738229404,lo_A_model_1_unrelaxed_repeat086,lo_A_model_1_unrelaxed_repeat010
2.293,0.24969183181008392,3.14,0.36218041015395175,lo_A_model_1_unrelaxed_repeat086,lo_A_model_1_unrelaxed_repeat087
2.2969999999999997,0.16354156502461692,2.8899999999999997,0.23490295686012747,lo_A_model_1_unrelaxed_repeat086,lo_A_model_1_unrelaxed_repeat076
2.357,0.1814681518304393,2.86,0.25108702160354607,lo_A_model_1_unrelaxed_repeat086,lo_A_model_1_unrelaxed_repeat022
2.385,0.20442955070565685,2.83,0.26210619346432945,lo_A_model_1_unrelaxed_repeat086,lo_A_model_1_unrelaxed_repeat001
2.386,0.19692416643152166,2.8899999999999997,0.25439175403448894,lo_A_model_1_unrelaxed_repeat086,lo_A_model_1_unrelaxed_repeat049
2.393,0.15549488029145092,2.84,0.23476460678913758,lo_A_model_1_unrelaxed_repeat086,lo_A_model_1_unrelaxed_repeat060
2.416,0.18689044781630373,2.79,0.25345808614170345,lo_A_model_1_unrelaxed_repeat086,lo_A_model_1_unrelaxed_repeat046
2.434,0.18427959490598098,2.8600000000000003,0.2486794306481093,lo_A_model_1_unrelaxed_repeat086,lo_A_model_1_unrelaxed_repeat036
2.455,0.21514432657855828,2.9699999999999998,0.31202009215962656,lo_A_model_1_unrelaxed_repeat086,lo_A_model_1_unrelaxed_repeat040
2.46,0.1806367651271294,3.02,0.2454151252286361,lo_A_model_1_unrelaxed_repeat086,lo_A_model_1_unrelaxed_repeat077
2.496,0.18886996609191037,3.0,0.27008974294070104,lo_A_model_1_unrelaxed_repeat086,lo_A_model_1_unrelaxed_repeat003
2.505,0.16913095720977658,2.83,0.25502497843944627,lo_A_model_1_unrelaxed_repeat086,lo_A_model_1_unrelaxed_repeat023
2.511,0.20427552363538148,3.0300000000000002,0.2910177494107585,lo_A_model_1_unrelaxed_repeat086,lo_A_model_1_unrelaxed_repeat012
2.5180000000000002,0.20278547125808086,3.04,0.309435824247308,lo_A_model_1_unrelaxed_repeat086,lo_A_model_1_unrelaxed_repeat074
2.52,0.16431679859475473,2.7,0.23784938911571368,lo_A_model_1_unrelaxed_repeat086,lo_A_model_1_unrelaxed_repeat030
2.5220000000000002,0.16033807184144128,2.6799999999999997,0.22341311324594,lo_A_model_1_unrelaxed_repeat086,lo_A_model_1_unrelaxed_repeat061
2.534,0.16528787043957344,2.83,0.2279339311447417,lo_A_model_1_unrelaxed_repeat086,lo_A_model_1_unrelaxed_repeat016
2.539,0.2096236889932158,2.76,0.25260253375060315,lo_A_model_1_unrelaxed_repeat086,lo_A_model_1_unrelaxed_repeat017
2.587,0.22956524376414678,2.9699999999999998,0.3305570362589711,lo_A_model_1_unrelaxed_repeat086,lo_A_model_1_unrelaxed_repeat004
2.601,0.18359823260515545,2.6799999999999997,0.25943644216847367,lo_A_model_1_unrelaxed_repeat086,lo_A_model_1_unrelaxed_repeat024
2.604,0.2410556991061003,2.9299999999999997,0.35823286677570565,lo_A_model_1_unrelaxed_repeat086,lo_A_model_1_unrelaxed_repeat066
2.604,0.1952815721406903,2.76,0.2657136583085842,lo_A_model_1_unrelaxed_repeat086,lo_A_model_1_unrelaxed_repeat058
2.607,0.18207975268443546,2.77,0.25853333436626846,lo_A_model_1_unrelaxed_repeat086,lo_A_model_1_unrelaxed_repeat035
2.617,0.19855620494863704,2.81,0.27010097195321514,lo_A_model_1_unrelaxed_repeat086,lo_A_model_1_unrelaxed_repeat056
2.651,0.14410806229859718,2.62,0.21402632437397923,lo_A_model_1_unrelaxed_repeat086,lo_A_model_1_unrelaxed_repeat005
2.651,0.2294999103917342,3.0300000000000002,0.3413204603482781,lo_A_model_1_unrelaxed_repeat086,lo_A_model_1_unrelaxed_repeat085
2.661,0.18214861796670787,3.02,0.2619942228720165,lo_A_model_1_unrelaxed_repeat086,lo_A_model_1_unrelaxed_repeat057
2.666,0.22551457102668668,3.01,0.3386414412783423,lo_A_model_1_unrelaxed_repeat086,lo_A_model_1_unrelaxed_repeat050
2.681,0.23995225383432364,2.8899999999999997,0.3394892233357154,lo_A_model_1_unrelaxed_repeat086,lo_A_model_1_unrelaxed_repeat052
2.686,0.19064336522381958,2.7199999999999998,0.24976360783691823,lo_A_model_1_unrelaxed_repeat086,lo_A_model_1_unrelaxed_repeat025
2.693,0.1752932845899055,2.65,0.23967771637205218,lo_A_model_1_unrelaxed_repeat086,lo_A_model_1_unrelaxed_repeat055
2.693,0.14153140054085453,2.68,0.24081704035258258,lo_A_model_1_unrelaxed_repeat086,lo_A_model_1_unrelaxed_repeat062
2.6950000000000003,0.17801000920243723,2.7800000000000002,0.2639466066438405,lo_A_model_1_unrelaxed_repeat086,lo_A_model_1_unrelaxed_repeat099
2.698,0.1502013193604676,2.92,0.21986443996231583,lo_A_model_1_unrelaxed_repeat086,lo_A_model_1_unrelaxed_repeat069
2.7039999999999997,0.21677049234600942,3.02,0.31291691502402763,lo_A_model_1_unrelaxed_repeat086,lo_A_model_1_unrelaxed_repeat073
2.7039999999999997,0.18548453270854115,3.0,0.2639619450614605,lo_A_model_1_unrelaxed_repeat086,lo_A_model_1_unrelaxed_repeat092
2.705,0.19150569268050882,2.88,0.2488837454336033,lo_A_model_1_unrelaxed_repeat086,lo_A_model_1_unrelaxed_repeat031
2.705,0.23301474223778856,3.0300000000000002,0.34534190310896024,lo_A_model_1_unrelaxed_repeat086,lo_A_model_1_unrelaxed_repeat093
2.708,0.20873061679175411,3.0300000000000002,0.305249540263679,lo_A_model_1_unrelaxed_repeat086,lo_A_model_1_unrelaxed_repeat068
2.714,0.19430868175518134,2.95,0.26438846219406925,lo_A_model_1_unrelaxed_repeat086,lo_A_model_1_unrelaxed_repeat020
2.716,0.16980643612970905,3.01,0.2444247575199741,lo_A_model_1_unrelaxed_repeat086,lo_A_model_1_unrelaxed_repeat094
2.7249999999999996,0.16786514786692147,2.6399999999999997,0.2277989475722429,lo_A_model_1_unrelaxed_repeat086,lo_A_model_1_unrelaxed_repeat002
2.727,0.20500174324950554,2.9,0.2721512875571732,lo_A_model_1_unrelaxed_repeat086,lo_A_model_1_unrelaxed_repeat051
2.7279999999999998,0.199999805436243,2.8899999999999997,0.26788559042342924,lo_A_model_1_unrelaxed_repeat086,lo_A_model_1_unrelaxed_repeat053
2.729,0.16715203088989125,3.01,0.24227817162582338,lo_A_model_1_unrelaxed_repeat086,lo_A_model_1_unrelaxed_repeat098
2.73,0.18262842033528925,2.8099999999999996,0.25000452070304635,lo_A_model_1_unrelaxed_repeat086,lo_A_model_1_unrelaxed_repeat097
2.74,0.2282185121114987,3.56,0.33814633972178215,lo_A_model_1_unrelaxed_repeat086,lo_A_model_1_unrelaxed_repeat083
1.96,0.1682470882052837,2.8499999999999996,0.22299053400234167,lo_A_model_1_unrelaxed_repeat034,lo_A_model_1_unrelaxed_repeat035
2.036,0.20342070193136422,2.84,0.28833347804870385,lo_A_model_1_unrelaxed_repeat034,lo_A_model_1_unrelaxed_repeat038
2.101,0.19700569115182656,3.0300000000000002,0.26641905528433585,lo_A_model_1_unrelaxed_repeat034,lo_A_model_1_unrelaxed_repeat026
2.102,0.14236571917824448,2.77,0.2000222448287273,lo_A_model_1_unrelaxed_repeat034,lo_A_model_1_unrelaxed_repeat069
2.131,0.18535418209015914,2.84,0.2528199187205387,lo_A_model_1_unrelaxed_repeat034,lo_A_model_1_unrelaxed_repeat022
2.16,0.20671010157808112,2.9,0.28386374655711505,lo_A_model_1_unrelaxed_repeat034,lo_A_model_1_unrelaxed_repeat079
2.17,0.16903175328752987,3.0,0.24910724718654487,lo_A_model_1_unrelaxed_repeat034,lo_A_model_1_unrelaxed_repeat059
2.17,0.1566414839895159,3.02,0.22146869621882026,lo_A_model_1_unrelaxed_repeat034,lo_A_model_1_unrelaxed_repeat057
2.174,0.19038695105018616,2.91,0.2551881686728739,lo_A_model_1_unrelaxed_repeat034,lo_A_model_1_unrelaxed_repeat070
2.175,0.188850865005066,2.9,0.27718888267925323,lo_A_model_1_unrelaxed_repeat034,lo_A_model_1_unrelaxed_repeat062
2.186,0.1635655188906179,2.86,0.22426940676277757,lo_A_model_1_unrelaxed_repeat034,lo_A_model_1_unrelaxed_repeat055
2.1879999999999997,0.2196698107411962,2.8,0.2712259034476638,lo_A_model_1_unrelaxed_repeat034,lo_A_model_1_unrelaxed_repeat056
2.189,0.25103888407210134,3.0300000000000002,0.3519088352488188,lo_A_model_1_unrelaxed_repeat034,lo_A_model_1_unrelaxed_repeat085
2.191,0.18857206285619998,2.9,0.2679671258636659,lo_A_model_1_unrelaxed_repeat034,lo_A_model_1_unrelaxed_repeat015
2.201,0.20639232471783453,2.59,0.28726409118261836,lo_A_model_1_unrelaxed_repeat034,lo_A_model_1_unrelaxed_repeat099
2.209,0.19550888735749425,3.02,0.26057930400682433,lo_A_model_1_unrelaxed_repeat034,lo_A_model_1_unrelaxed_repeat077
2.215,0.18866349679113664,2.75,0.263281699361889,lo_A_model_1_unrelaxed_repeat034,lo_A_model_1_unrelaxed_repeat090
2.224,0.16881242267274324,2.8499999999999996,0.2258877257927164,lo_A_model_1_unrelaxed_repeat034,lo_A_model_1_unrelaxed_repeat094
2.252,0.15642389310704405,2.8099999999999996,0.2226525613823671,lo_A_model_1_unrelaxed_repeat034,lo_A_model_1_unrelaxed_repeat005
2.264,0.17249934751384965,2.91,0.229792031372725,lo_A_model_1_unrelaxed_repeat034,lo_A_model_1_unrelaxed_repeat061
2.277,0.28297780032938286,2.98,0.37355007248340955,lo_A_model_1_unrelaxed_repeat034,lo_A_model_1_unrelaxed_repeat087
2.293,0.1892897968240447,2.8899999999999997,0.27748791361633635,lo_A_model_1_unrelaxed_repeat034,lo_A_model_1_unrelaxed_repeat088
2.294,0.20855871368258092,2.91,0.280391153311776,lo_A_model_1_unrelaxed_repeat034,lo_A_model_1_unrelaxed_repeat097
2.2960000000000003,0.16954240526100875,2.91,0.23173951880930566,lo_A_model_1_unrelaxed_repeat034,lo_A_model_1_unrelaxed_repeat010
2.314,0.21147971016425854,2.9,0.2745466284914511,lo_A_model_1_unrelaxed_repeat034,lo_A_model_1_unrelaxed_repeat036
2.316,0.20301511110307668,2.95,0.2744790357361655,lo_A_model_1_unrelaxed_repeat034,lo_A_model_1_unrelaxed_repeat037
2.32,0.17733348150412775,2.8899999999999997,0.2392714263146433,lo_A_model_1_unrelaxed_repeat034,lo_A_model_1_unrelaxed_repeat060
2.3200000000000003,0.1336768400582323,2.8099999999999996,0.1940325032134833,lo_A_model_1_unrelaxed_repeat034,lo_A_model_1_unrelaxed_repeat016
2.323,0.22813474483860433,3.0300000000000002,0.29118656173303326,lo_A_model_1_unrelaxed_repeat034,lo_A_model_1_unrelaxed_repeat033
2.325,0.15826772015997195,2.92,0.2200763945914378,lo_A_model_1_unrelaxed_repeat034,lo_A_model_1_unrelaxed_repeat002
2.327,0.22409296686164126,2.84,0.2815897034468191,lo_A_model_1_unrelaxed_repeat034,lo_A_model_1_unrelaxed_repeat046
2.333,0.2055524973931218,2.92,0.28100595913627907,lo_A_model_1_unrelaxed_repeat034,lo_A_model_1_unrelaxed_repeat001
2.341,0.18591301671859267,2.69,0.24919670657812643,lo_A_model_1_unrelaxed_repeat034,lo_A_model_1_unrelaxed_repeat030
2.352,0.1980492915625098,3.0,0.2769737337964769,lo_A_model_1_unrelaxed_repeat034,lo_A_model_1_unrelaxed_repeat092
2.354,0.20332328219253462,2.87,0.2685491672333864,lo_A_model_1_unrelaxed_repeat034,lo_A_model_1_unrelaxed_repeat053
2.363,0.22783956971495753,2.8200000000000003,0.27931005328402014,lo_A_model_1_unrelaxed_repeat034,lo_A_model_1_unrelaxed_repeat051
2.377,0.19057209255465,2.7800000000000002,0.2667526864122543,lo_A_model_1_unrelaxed_repeat034,lo_A_model_1_unrelaxed_repeat098
2.383,0.23486644913022087,2.96,0.3172238754010541,lo_A_model_1_unrelaxed_repeat034,lo_A_model_1_unrelaxed_repeat068
2.416,0.17662327860872415,2.94,0.23800217596774007,lo_A_model_1_unrelaxed_repeat034,lo_A_model_1_unrelaxed_repeat023
2.417,0.1811086830571186,2.7199999999999998,0.2387280313691155,lo_A_model_1_unrelaxed_repeat034,lo_A_model_1_unrelaxed_repeat024
2.42,0.16224694878217996,2.87,0.23356783638100181,lo_A_model_1_unrelaxed_repeat034,lo_A_model_1_unrelaxed_repeat058
2.4210000000000003,0.24746113118007307,2.9299999999999997,0.3222526665768335,lo_A_model_1_unrelaxed_repeat034,lo_A_model_1_unrelaxed_repeat012
2.424,0.19237014868701827,2.73,0.24219489899399707,lo_A_model_1_unrelaxed_repeat034,lo_A_model_1_unrelaxed_repeat017
2.436,0.21532411873435534,2.92,0.28033017524532716,lo_A_model_1_unrelaxed_repeat034,lo_A_model_1_unrelaxed_repeat049
2.4450000000000003,0.25135935096794626,2.89,0.35372766615374474,lo_A_model_1_unrelaxed_repeat034,lo_A_model_1_unrelaxed_repeat066
2.451,0.24034167917109406,2.84,0.3283521958518687,lo_A_model_1_unrelaxed_repeat034,lo_A_model_1_unrelaxed_repeat004
2.458,0.22658990326851106,2.8600000000000003,0.33271428926822755,lo_A_model_1_unrelaxed_repeat034,lo_A_model_1_unrelaxed_repeat083
2.48,0.2058749610098699,2.9299999999999997,0.28596107061203174,lo_A_model_1_unrelaxed_repeat034,lo_A_model_1_unrelaxed_repeat020
2.4939999999999998,0.19555693622979026,3.01,0.2570420494092761,lo_A_model_1_unrelaxed_repeat034,lo_A_model_1_unrelaxed_repeat048
2.515,0.2481684969153626,3.0300000000000002,0.3513534835265848,lo_A_model_1_unrelaxed_repeat034,lo_A_model_1_unrelaxed_repeat093
2.537,0.25541390907687167,2.9299999999999997,0.3523541104772913,lo_A_model_1_unrelaxed_repeat034,lo_A_model_1_unrelaxed_repeat050
2.546,0.18313458937476818,2.9,0.2506723434051147,lo_A_model_1_unrelaxed_repeat034,lo_A_model_1_unrelaxed_repeat003
2.5629999999999997,0.20637412171003414,2.87,0.25880328751950055,lo_A_model_1_unrelaxed_repeat034,lo_A_model_1_unrelaxed_repeat025
2.596,0.22884552267303904,2.94,0.323310486929379,lo_A_model_1_unrelaxed_repeat034,lo_A_model_1_unrelaxed_repeat073
2.651,0.21747492973760835,2.87,0.281813714991094,lo_A_model_1_unrelaxed_repeat034,lo_A_model_1_unrelaxed_repeat076
2.6799999999999997,0.1990267801766079,3.02,0.259277857043512,lo_A_model_1_unrelaxed_repeat034,lo_A_model_1_unrelaxed_repeat065
2.689,0.26633108731176974,2.9699999999999998,0.3586063071781164,lo_A_model_1_unrelaxed_repeat034,lo_A_model_1_unrelaxed_repeat052
2.713,0.20336634174722945,2.86,0.24629378691041393,lo_A_model_1_unrelaxed_repeat034,lo_A_model_1_unrelaxed_repeat031
2.748,0.24146385471338602,3.0300000000000002,0.3351965665060203,lo_A_model_1_unrelaxed_repeat034,lo_A_model_1_unrelaxed_repeat074
3.162,0.2316132024226613,2.9699999999999998,0.3254633760593303,lo_A_model_1_unrelaxed_repeat034,lo_A_model_1_unrelaxed_repeat040
1.5819999999999999,0.13914409940982853,2.75,0.21086408507572163,lo_A_model_1_unrelaxed_repeat061,lo_A_model_1_unrelaxed_repeat048
1.667,0.1465032081071737,2.8899999999999997,0.2367340370370207,lo_A_model_1_unrelaxed_repeat061,lo_A_model_1_unrelaxed_repeat088
1.7719999999999998,0.1597696186524493,2.9,0.23840252804681628,lo_A_model_1_unrelaxed_repeat061,lo_A_model_1_unrelaxed_repeat079
1.787,0.14158645983289309,2.71,0.21880518310704258,lo_A_model_1_unrelaxed_repeat061,lo_A_model_1_unrelaxed_repeat070
1.79,0.12839229383370263,2.5,0.22411076864744411,lo_A_model_1_unrelaxed_repeat061,lo_A_model_1_unrelaxed_repeat098
1.866,0.15820731676722108,2.76,0.20926549113431306,lo_A_model_1_unrelaxed_repeat061,lo_A_model_1_unrelaxed_repeat002
1.932,0.1652987870017903,2.74,0.261148448512008,lo_A_model_1_unrelaxed_repeat061,lo_A_model_1_unrelaxed_repeat099
1.956,0.1564745478350127,2.73,0.220676097287774,lo_A_model_1_unrelaxed_repeat061,lo_A_model_1_unrelaxed_repeat056
1.963,0.1464594891915472,2.6399999999999997,0.19550967836596722,lo_A_model_1_unrelaxed_repeat061,lo_A_model_1_unrelaxed_repeat010
1.963,0.16978270889682304,2.43,0.21794035224980637,lo_A_model_1_unrelaxed_repeat061,lo_A_model_1_unrelaxed_repeat077
1.97,0.14637949777092452,2.67,0.19510028234647386,lo_A_model_1_unrelaxed_repeat061,lo_A_model_1_unrelaxed_repeat065
1.976,0.16763580406346884,2.8600000000000003,0.23115298490836275,lo_A_model_1_unrelaxed_repeat061,lo_A_model_1_unrelaxed_repeat022
1.98,0.16244452778281215,2.9,0.23681252431790795,lo_A_model_1_unrelaxed_repeat061,lo_A_model_1_unrelaxed_repeat097
2.0220000000000002,0.15732932937850322,2.62,0.2155967199115602,lo_A_model_1_unrelaxed_repeat061,lo_A_model_1_unrelaxed_repeat069
2.061,0.1491187858832361,2.19,0.20785944959716973,lo_A_model_1_unrelaxed_repeat061,lo_A_model_1_unrelaxed_repeat005
2.076,0.15984161241258554,2.92,0.2355033570618699,lo_A_model_1_unrelaxed_repeat061,lo_A_model_1_unrelaxed_repeat026
2.121,0.19180541373537252,2.91,0.2638019589268045,lo_A_model_1_unrelaxed_repeat061,lo_A_model_1_unrelaxed_repeat033
2.143,0.17104915757217762,2.73,0.22478869429209528,lo_A_model_1_unrelaxed_repeat061,lo_A_model_1_unrelaxed_repeat025
2.1550000000000002,0.15490668195545734,2.66,0.2273765287731121,lo_A_model_1_unrelaxed_repeat061,lo_A_model_1_unrelaxed_repeat062
2.167,0.15603602624983684,2.6399999999999997,0.21063294491156248,lo_A_model_1_unrelaxed_repeat061,lo_A_model_1_unrelaxed_repeat016
2.1710000000000003,0.17334026425011712,2.75,0.235818727210127,lo_A_model_1_unrelaxed_repeat061,lo_A_model_1_unrelaxed_repeat057
2.176,0.1863059669058429,2.77,0.2459724213113732,lo_A_model_1_unrelaxed_repeat061,lo_A_model_1_unrelaxed_repeat035
2.176,0.16565300962985174,2.69,0.23537958264388187,lo_A_model_1_unrelaxed_repeat061,lo_A_model_1_unrelaxed_repeat094
2.2,0.1995220921002271,2.87,0.2847666514528786,lo_A_model_1_unrelaxed_repeat061,lo_A_model_1_unrelaxed_repeat046
2.248,0.18344721186816426,2.75,0.26120766079900076,lo_A_model_1_unrelaxed_repeat061,lo_A_model_1_unrelaxed_repeat092
2.279,0.17116075486431598,2.79,0.21683033325429873,lo_A_model_1_unrelaxed_repeat061,lo_A_model_1_unrelaxed_repeat015
2.281,0.16839605624733808,2.98,0.22625488557707749,lo_A_model_1_unrelaxed_repeat061,lo_A_model_1_unrelaxed_repeat049
2.289,0.17388975015060318,2.66,0.2267981399403456,lo_A_model_1_unrelaxed_repeat061,lo_A_model_1_unrelaxed_repeat036
2.311,0.17185011185392346,2.7,0.227564891152534,lo_A_model_1_unrelaxed_repeat061,lo_A_model_1_unrelaxed_repeat055
2.325,0.17042487426499792,3.0300000000000002,0.24999107280198365,lo_A_model_1_unrelaxed_repeat061,lo_A_model_1_unrelaxed_repeat020
2.3289999999999997,0.18302093816128345,2.94,0.25702329236532606,lo_A_model_1_unrelaxed_repeat061,lo_A_model_1_unrelaxed_repeat060
2.339,0.19283423986145995,2.79,0.2600966586038376,lo_A_model_1_unrelaxed_repeat061,lo_A_model_1_unrelaxed_repeat030
2.346,0.2148239582709766,2.9,0.3260881420641508,lo_A_model_1_unrelaxed_repeat061,lo_A_model_1_unrelaxed_repeat085
2.347,0.17238404906475524,2.66,0.22170763978569144,lo_A_model_1_unrelaxed_repeat061,lo_A_model_1_unrelaxed_repeat051
2.356,0.1581488741045716,2.76,0.2222491352324863,lo_A_model_1_unrelaxed_repeat061,lo_A_model_1_unrelaxed_repeat053
2.391,0.20978990239607187,2.7199999999999998,0.26483611689607106,lo_A_model_1_unrelaxed_repeat061,lo_A_model_1_unrelaxed_repeat003
2.418,0.15585665711786012,2.74,0.22102518321810105,lo_A_model_1_unrelaxed_repeat061,lo_A_model_1_unrelaxed_repeat037
2.42,0.17903560758680692,2.67,0.24119925693306848,lo_A_model_1_unrelaxed_repeat061,lo_A_model_1_unrelaxed_repeat024
2.423,0.1837099115905158,2.81,0.24785956381840865,lo_A_model_1_unrelaxed_repeat061,lo_A_model_1_unrelaxed_repeat058
2.432,0.22159883200551592,2.9699999999999998,0.3139921087369396,lo_A_model_1_unrelaxed_repeat061,lo_A_model_1_unrelaxed_repeat004
2.444,0.22348310674091093,2.77,0.27577244875204815,lo_A_model_1_unrelaxed_repeat061,lo_A_model_1_unrelaxed_repeat017
2.4619999999999997,0.1971541041229733,2.94,0.24972413964762552,lo_A_model_1_unrelaxed_repeat061,lo_A_model_1_unrelaxed_repeat001
2.4770000000000003,0.16574228922567782,2.7800000000000002,0.2192311966773126,lo_A_model_1_unrelaxed_repeat061,lo_A_model_1_unrelaxed_repeat076
2.495,0.26480025295079307,3.0,0.34695404617523584,lo_A_model_1_unrelaxed_repeat061,lo_A_model_1_unrelaxed_repeat087
2.526,0.18865073662507803,2.86,0.24346456178861878,lo_A_model_1_unrelaxed_repeat061,lo_A_model_1_unrelaxed_repeat038
2.545,0.1631336059509442,2.87,0.21855665172743233,lo_A_model_1_unrelaxed_repeat061,lo_A_model_1_unrelaxed_repeat090
2.582,0.20335257372793186,2.96,0.25791532473921785,lo_A_model_1_unrelaxed_repeat061,lo_A_model_1_unrelaxed_repeat023
2.585,0.19762022725499212,3.04,0.29026000874259333,lo_A_model_1_unrelaxed_repeat061,lo_A_model_1_unrelaxed_repeat068
2.588,0.18975888623990714,2.87,0.24755265620987896,lo_A_model_1_unrelaxed_repeat061,lo_A_model_1_unrelaxed_repeat059
2.601,0.22512606863958665,3.02,0.32821274373524045,lo_A_model_1_unrelaxed_repeat061,lo_A_model_1_unrelaxed_repeat083
2.645,0.21523944280644297,2.92,0.30070651189275355,lo_A_model_1_unrelaxed_repeat061,lo_A_model_1_unrelaxed_repeat040
2.6500000000000004,0.2228059909094044,2.98,0.33376411363105773,lo_A_model_1_unrelaxed_repeat061,lo_A_model_1_unrelaxed_repeat093
2.662,0.2310536926123753,2.98,0.31850302572547157,lo_A_model_1_unrelaxed_repeat061,lo_A_model_1_unrelaxed_repeat012
2.689,0.2350418183350305,2.9,0.31904229003788515,lo_A_model_1_unrelaxed_repeat061,lo_A_model_1_unrelaxed_repeat052
2.701,0.23665210154862765,2.95,0.3330862746805152,lo_A_model_1_unrelaxed_repeat061,lo_A_model_1_unrelaxed_repeat050
2.713,0.1925042771202373,2.63,0.2499612559391403,lo_A_model_1_unrelaxed_repeat061,lo_A_model_1_unrelaxed_repeat031
2.721,0.24574848849876527,2.9,0.346613578525585,lo_A_model_1_unrelaxed_repeat061,lo_A_model_1_unrelaxed_repeat066
2.7670000000000003,0.21581982497594293,2.95,0.31059180208923054,lo_A_model_1_unrelaxed_repeat061,lo_A_model_1_unrelaxed_repeat073
2.858,0.1948690393296749,3.0300000000000002,0.28776366276514387,lo_A_model_1_unrelaxed_repeat061,lo_A_model_1_unrelaxed_repeat074
1.242,0.13052877493973322,2.59,0.1989891478770094,lo_A_model_1_unrelaxed_repeat005,lo_A_model_1_unrelaxed_repeat069
1.38,0.13647039851542353,2.8,0.22508176864221432,lo_A_model_1_unrelaxed_repeat005,lo_A_model_1_unrelaxed_repeat062
1.6179999999999999,0.15889978576771058,2.59,0.22884720743122494,lo_A_model_1_unrelaxed_repeat005,lo_A_model_1_unrelaxed_repeat094
1.626,0.14003326193877355,2.73,0.20968318632310373,lo_A_model_1_unrelaxed_repeat005,lo_A_model_1_unrelaxed_repeat016
1.655,0.16427684508532361,2.51,0.22586410134122267,lo_A_model_1_unrelaxed_repeat005,lo_A_model_1_unrelaxed_repeat035
1.8479999999999999,0.14041272700713206,2.27,0.19752944765162614,lo_A_model_1_unrelaxed_repeat005,lo_A_model_1_unrelaxed_repeat055
1.984,0.18149998522091712,2.9299999999999997,0.25033396863233726,lo_A_model_1_unrelaxed_repeat005,lo_A_model_1_unrelaxed_repeat003
2.014,0.2031046489530048,2.8499999999999996,0.27328248942656697,lo_A_model_1_unrelaxed_repeat005,lo_A_model_1_unrelaxed_repeat033
2.0780000000000003,0.1906900525390327,2.62,0.25735431730435987,lo_A_model_1_unrelaxed_repeat005,lo_A_model_1_unrelaxed_repeat015
2.082,0.16961310345634137,2.5599999999999996,0.25158860076389544,lo_A_model_1_unrelaxed_repeat005,lo_A_model_1_unrelaxed_repeat099
2.09,0.18151608779597295,2.76,0.24275369456133095,lo_A_model_1_unrelaxed_repeat005,lo_A_model_1_unrelaxed_repeat077
2.0949999999999998,0.18372767681399504,2.91,0.26802445813277503,lo_A_model_1_unrelaxed_repeat005,lo_A_model_1_unrelaxed_repeat088
2.096,0.16566498503765073,2.87,0.24032119660850126,lo_A_model_1_unrelaxed_repeat005,lo_A_model_1_unrelaxed_repeat070
2.102,0.16272752443978378,2.76,0.22712244842998186,lo_A_model_1_unrelaxed_repeat005,lo_A_model_1_unrelaxed_repeat057
2.121,0.1733120813427094,2.88,0.25007998720409436,lo_A_model_1_unrelaxed_repeat005,lo_A_model_1_unrelaxed_repeat026
2.1319999999999997,0.19439555415063797,2.67,0.25402972576782556,lo_A_model_1_unrelaxed_repeat005,lo_A_model_1_unrelaxed_repeat025
2.138,0.1952336877870317,2.82,0.2461688709374075,lo_A_model_1_unrelaxed_repeat005,lo_A_model_1_unrelaxed_repeat049
2.151,0.16707164988280823,2.79,0.23856821364297706,lo_A_model_1_unrelaxed_repeat005,lo_A_model_1_unrelaxed_repeat022
2.169,0.1932496439652706,2.9699999999999998,0.2528862857760766,lo_A_model_1_unrelaxed_repeat005,lo_A_model_1_unrelaxed_repeat097
2.176,0.19912832075296102,2.74,0.2594308175026632,lo_A_model_1_unrelaxed_repeat005,lo_A_model_1_unrelaxed_repeat056
2.19,0.22480399601374573,2.91,0.33233698016231183,lo_A_model_1_unrelaxed_repeat005,lo_A_model_1_unrelaxed_repeat085
2.209,0.17729745783591677,2.76,0.2459312394451955,lo_A_model_1_unrelaxed_repeat005,lo_A_model_1_unrelaxed_repeat079
2.258,0.16184497430613812,2.7300000000000004,0.24849371687177452,lo_A_model_1_unrelaxed_repeat005,lo_A_model_1_unrelaxed_repeat098
2.268,0.1830119159327899,3.0300000000000002,0.2590822914877006,lo_A_model_1_unrelaxed_repeat005,lo_A_model_1_unrelaxed_repeat020
2.306,0.20201726367113554,2.63,0.25286144967644825,lo_A_model_1_unrelaxed_repeat005,lo_A_model_1_unrelaxed_repeat001
2.307,0.16445942314078482,2.51,0.22782770891603257,lo_A_model_1_unrelaxed_repeat005,lo_A_model_1_unrelaxed_repeat002
2.311,0.19086055924633197,2.76,0.26004869137992603,lo_A_model_1_unrelaxed_repeat005,lo_A_model_1_unrelaxed_repeat036
2.357,0.1529130004082333,2.9,0.21655661340565932,lo_A_model_1_unrelaxed_repeat005,lo_A_model_1_unrelaxed_repeat010
2.372,0.18570767327755494,2.81,0.278147921247707,lo_A_model_1_unrelaxed_repeat005,lo_A_model_1_unrelaxed_repeat092
2.375,0.18604780639957683,2.75,0.2497915010391993,lo_A_model_1_unrelaxed_repeat005,lo_A_model_1_unrelaxed_repeat048
2.381,0.19006611529443837,2.83,0.24210190691800287,lo_A_model_1_unrelaxed_repeat005,lo_A_model_1_unrelaxed_repeat051
2.387,0.21363919820579347,2.82,0.2822334284851928,lo_A_model_1_unrelaxed_repeat005,lo_A_model_1_unrelaxed_repeat046
2.417,0.2274038657736772,2.88,0.32656529623317704,lo_A_model_1_unrelaxed_repeat005,lo_A_model_1_unrelaxed_repeat040
2.436,0.18058591494147697,2.95,0.255712922458851,lo_A_model_1_unrelaxed_repeat005,lo_A_model_1_unrelaxed_repeat030
2.4530000000000003,0.1922059413526888,2.8200000000000003,0.2469857194993746,lo_A_model_1_unrelaxed_repeat005,lo_A_model_1_unrelaxed_repeat053
2.455,0.21086983014329908,2.75,0.2692610031916451,lo_A_model_1_unrelaxed_repeat005,lo_A_model_1_unrelaxed_repeat017
2.458,0.18448749642624887,2.67,0.250070834028028,lo_A_model_1_unrelaxed_repeat005,lo_A_model_1_unrelaxed_repeat060
2.4610000000000003,0.22962513458253167,2.91,0.3306391694460291,lo_A_model_1_unrelaxed_repeat005,lo_A_model_1_unrelaxed_repeat074
2.499,0.27025025968762795,2.96,0.36419107060503364,lo_A_model_1_unrelaxed_repeat005,lo_A_model_1_unrelaxed_repeat087
2.509,0.23913438198351583,3.0,0.34228396379922016,lo_A_model_1_unrelaxed_repeat005,lo_A_model_1_unrelaxed_repeat093
2.517,0.17061639074162707,2.83,0.24210373874588417,lo_A_model_1_unrelaxed_repeat005,lo_A_model_1_unrelaxed_repeat024
2.52,0.18103387000420154,2.74,0.24521439628019703,lo_A_model_1_unrelaxed_repeat005,lo_A_model_1_unrelaxed_repeat058
2.536,0.21214484888837445,3.01,0.30526594329754353,lo_A_model_1_unrelaxed_repeat005,lo_A_model_1_unrelaxed_repeat068
2.547,0.19060828012464304,2.92,0.2609671677835053,lo_A_model_1_unrelaxed_repeat005,lo_A_model_1_unrelaxed_repeat037
2.561,0.19001156278346934,2.91,0.25804608609024665,lo_A_model_1_unrelaxed_repeat005,lo_A_model_1_unrelaxed_repeat065
2.565,0.2519665077545881,2.9,0.37083970755319634,lo_A_model_1_unrelaxed_repeat005,lo_A_model_1_unrelaxed_repeat066
2.5839999999999996,0.22970391964657771,3.1500000000000004,0.34195081174606257,lo_A_model_1_unrelaxed_repeat005,lo_A_model_1_unrelaxed_repeat083
2.606,0.19334045741893816,2.79,0.2529774625663788,lo_A_model_1_unrelaxed_repeat005,lo_A_model_1_unrelaxed_repeat076
2.6109999999999998,0.22007821278465814,2.99,0.3122914067770375,lo_A_model_1_unrelaxed_repeat005,lo_A_model_1_unrelaxed_repeat073
2.645,0.23143598687950379,3.0,0.3057469570032353,lo_A_model_1_unrelaxed_repeat005,lo_A_model_1_unrelaxed_repeat012
2.651,0.2329522371179437,2.94,0.3192359888783467,lo_A_model_1_unrelaxed_repeat005,lo_A_model_1_unrelaxed_repeat004
2.6550000000000002,0.19749747286552544,2.88,0.27656078088220415,lo_A_model_1_unrelaxed_repeat005,lo_A_model_1_unrelaxed_repeat038
2.6740000000000004,0.1680964681476669,2.83,0.24540404917882253,lo_A_model_1_unrelaxed_repeat005,lo_A_model_1_unrelaxed_repeat090
2.69,0.24448930920920972,2.9299999999999997,0.3399420972322674,lo_A_model_1_unrelaxed_repeat005,lo_A_model_1_unrelaxed_repeat052
2.7,0.2483257885960119,2.99,0.3519713946628962,lo_A_model_1_unrelaxed_repeat005,lo_A_model_1_unrelaxed_repeat050
2.7110000000000003,0.1910964627693974,2.92,0.25945408738751585,lo_A_model_1_unrelaxed_repeat005,lo_A_model_1_unrelaxed_repeat023
2.714,0.20267537911398753,2.81,0.2546841854822634,lo_A_model_1_unrelaxed_repeat005,lo_A_model_1_unrelaxed_repeat031
2.717,0.1863188285319607,2.8099999999999996,0.26800961911292087,lo_A_model_1_unrelaxed_repeat005,lo_A_model_1_unrelaxed_repeat059
1.5830000000000002,0.1561864234032775,2.62,0.2217593844836805,lo_A_model_1_unrelaxed_repeat076,lo_A_model_1_unrelaxed_repeat037
1.669,0.16504016505116095,2.62,0.23941948150869874,lo_A_model_1_unrelaxed_repeat076,lo_A_model_1_unrelaxed_repeat088
1.7750000000000001,0.18422199008506362,2.92,0.27838400419408116,lo_A_model_1_unrelaxed_repeat076,lo_A_model_1_unrelaxed_repeat074
1.87,0.17339412051751615,2.9,0.25981510978626227,lo_A_model_1_unrelaxed_repeat076,lo_A_model_1_unrelaxed_repeat048
1.937,0.16599126526134295,2.2,0.22380606769489728,lo_A_model_1_unrelaxed_repeat076,lo_A_model_1_unrelaxed_repeat010
2.11,0.1669494153812386,2.84,0.22980666129091357,lo_A_model_1_unrelaxed_repeat076,lo_A_model_1_unrelaxed_repeat079
2.164,0.18216036026711913,2.9299999999999997,0.2448222618843374,lo_A_model_1_unrelaxed_repeat076,lo_A_model_1_unrelaxed_repeat049
2.185,0.179412774444192,2.91,0.25016475258012744,lo_A_model_1_unrelaxed_repeat076,lo_A_model_1_unrelaxed_repeat065
2.233,0.19675205633949483,2.7800000000000002,0.2655907120426447,lo_A_model_1_unrelaxed_repeat076,lo_A_model_1_unrelaxed_repeat070
2.248,0.1528452516714607,2.7800000000000002,0.23755424047442716,lo_A_model_1_unrelaxed_repeat076,lo_A_model_1_unrelaxed_repeat090
2.298,0.17688480607696913,2.7199999999999998,0.25798930897989863,lo_A_model_1_unrelaxed_repeat076,lo_A_model_1_unrelaxed_repeat060
2.308,0.18943280220758352,2.8200000000000003,0.2682628373973355,lo_A_model_1_unrelaxed_repeat076,lo_A_model_1_unrelaxed_repeat046
2.311,0.24440863142086164,2.9,0.3544470799357278,lo_A_model_1_unrelaxed_repeat076,lo_A_model_1_unrelaxed_repeat087
2.311,0.2016857837449305,2.71,0.2586498453300724,lo_A_model_1_unrelaxed_repeat076,lo_A_model_1_unrelaxed_repeat015
2.3120000000000003,0.20129646674752083,2.8899999999999997,0.27525532431223154,lo_A_model_1_unrelaxed_repeat076,lo_A_model_1_unrelaxed_repeat022
2.347,0.2273283477316532,2.9,0.34450599077868505,lo_A_model_1_unrelaxed_repeat076,lo_A_model_1_unrelaxed_repeat050
2.388,0.19974675382903237,2.83,0.23781065068537016,lo_A_model_1_unrelaxed_repeat076,lo_A_model_1_unrelaxed_repeat001
2.391,0.17653738109583872,2.92,0.23806522230584365,lo_A_model_1_unrelaxed_repeat076,lo_A_model_1_unrelaxed_repeat026
2.41,0.22289443603135073,2.87,0.31418987725570835,lo_A_model_1_unrelaxed_repeat076,lo_A_model_1_unrelaxed_repeat040
2.415,0.1962736943406547,2.95,0.25796856891198,lo_A_model_1_unrelaxed_repeat076,lo_A_model_1_unrelaxed_repeat077
2.431,0.1925891696564364,2.76,0.24072167367604497,lo_A_model_1_unrelaxed_repeat076,lo_A_model_1_unrelaxed_repeat036
2.491,0.188017078334258,2.99,0.2522236444303511,lo_A_model_1_unrelaxed_repeat076,lo_A_model_1_unrelaxed_repeat033
2.5140000000000002,0.17407506972526807,2.84,0.23625978039871415,lo_A_model_1_unrelaxed_repeat076,lo_A_model_1_unrelaxed_repeat038
2.5540000000000003,0.21815543932745407,2.98,0.30262277447965236,lo_A_model_1_unrelaxed_repeat076,lo_A_model_1_unrelaxed_repeat012
2.559,0.24431389141704962,2.91,0.35419072963782294,lo_A_model_1_unrelaxed_repeat076,lo_A_model_1_unrelaxed_repeat066
2.5629999999999997,0.20806962147794245,2.99,0.291042573664515,lo_A_model_1_unrelaxed_repeat076,lo_A_model_1_unrelaxed_repeat030
2.572,0.17320795592084542,2.94,0.2528473050215334,lo_A_model_1_unrelaxed_repeat076,lo_A_model_1_unrelaxed_repeat056
2.582,0.2342014203485455,3.0,0.29442337135881214,lo_A_model_1_unrelaxed_repeat076,lo_A_model_1_unrelaxed_repeat017
2.63,0.22340729371289597,2.8600000000000003,0.3100997578195021,lo_A_model_1_unrelaxed_repeat076,lo_A_model_1_unrelaxed_repeat004
2.638,0.19535044552425163,2.7800000000000002,0.26787651159620157,lo_A_model_1_unrelaxed_repeat076,lo_A_model_1_unrelaxed_repeat016
2.641,0.2014107590183672,2.9299999999999997,0.25934185436387375,lo_A_model_1_unrelaxed_repeat076,lo_A_model_1_unrelaxed_repeat025
2.6420000000000003,0.2063008491096138,3.01,0.28019265801946247,lo_A_model_1_unrelaxed_repeat076,lo_A_model_1_unrelaxed_repeat057
2.6470000000000002,0.21087187561552162,2.9299999999999997,0.2805423931151297,lo_A_model_1_unrelaxed_repeat076,lo_A_model_1_unrelaxed_repeat035
2.6470000000000002,0.21167544325242058,2.9699999999999998,0.2900224943177691,lo_A_model_1_unrelaxed_repeat076,lo_A_model_1_unrelaxed_repeat058
2.648,0.17625833881794425,2.88,0.2340926537278084,lo_A_model_1_unrelaxed_repeat076,lo_A_model_1_unrelaxed_repeat062
2.6500000000000004,0.18766390299258182,2.9,0.2604241066176137,lo_A_model_1_unrelaxed_repeat076,lo_A_model_1_unrelaxed_repeat099
2.6500000000000004,0.22229334651023222,2.83,0.29655364261304773,lo_A_model_1_unrelaxed_repeat076,lo_A_model_1_unrelaxed_repeat003
2.652,0.20514463720637457,2.7800000000000002,0.27923526264194887,lo_A_model_1_unrelaxed_repeat076,lo_A_model_1_unrelaxed_repeat024
2.653,0.1937822871708689,2.84,0.26423165801756693,lo_A_model_1_unrelaxed_repeat076,lo_A_model_1_unrelaxed_repeat069
2.656,0.21289191075575428,2.94,0.2779526106931363,lo_A_model_1_unrelaxed_repeat076,lo_A_model_1_unrelaxed_repeat055
2.659,0.19872785108857605,2.96,0.2646801724823627,lo_A_model_1_unrelaxed_repeat076,lo_A_model_1_unrelaxed_repeat092
2.659,0.23563058913275686,2.95,0.32741397979177694,lo_A_model_1_unrelaxed_repeat076,lo_A_model_1_unrelaxed_repeat073
2.66,0.23336788237987333,2.9299999999999997,0.3479281411675535,lo_A_model_1_unrelaxed_repeat076,lo_A_model_1_unrelaxed_repeat093
2.669,0.17488338808404286,3.0300000000000002,0.2364388272411739,lo_A_model_1_unrelaxed_repeat076,lo_A_model_1_unrelaxed_repeat020
2.6710000000000003,0.19168447189798585,2.81,0.2740406076651766,lo_A_model_1_unrelaxed_repeat076,lo_A_model_1_unrelaxed_repeat094
2.6799999999999997,0.20073245491184433,2.9299999999999997,0.26245926177515505,lo_A_model_1_unrelaxed_repeat076,lo_A_model_1_unrelaxed_repeat002
2.68,0.1781039062755648,2.8899999999999997,0.2646953062489295,lo_A_model_1_unrelaxed_repeat076,lo_A_model_1_unrelaxed_repeat059
2.682,0.19855325228113568,2.9299999999999997,0.2504479534679419,lo_A_model_1_unrelaxed_repeat076,lo_A_model_1_unrelaxed_repeat051
2.683,0.1972495170081356,2.9,0.27675903796080437,lo_A_model_1_unrelaxed_repeat076,lo_A_model_1_unrelaxed_repeat023
2.683,0.2069580738919603,2.76,0.277789146166986,lo_A_model_1_unrelaxed_repeat076,lo_A_model_1_unrelaxed_repeat053
2.684,0.16548985593606524,2.9,0.24029285899288744,lo_A_model_1_unrelaxed_repeat076,lo_A_model_1_unrelaxed_repeat098
2.685,0.17383792214578977,2.95,0.22731246888844492,lo_A_model_1_unrelaxed_repeat076,lo_A_model_1_unrelaxed_repeat097
2.687,0.207204699296581,2.9699999999999998,0.3084272717744799,lo_A_model_1_unrelaxed_repeat076,lo_A_model_1_unrelaxed_repeat068
2.6870000000000003,0.22207503146330465,2.83,0.3089888442412156,lo_A_model_1_unrelaxed_repeat076,lo_A_model_1_unrelaxed_repeat052
2.7110000000000003,0.1915622625393231,2.73,0.25868767520838915,lo_A_model_1_unrelaxed_repeat076,lo_A_model_1_unrelaxed_repeat031
2.798,0.2353931451021615,2.88,0.3330543610871938,lo_A_model_1_unrelaxed_repeat076,lo_A_model_1_unrelaxed_repeat083
2.851,0.2351897520224175,2.92,0.3398854894265814,lo_A_model_1_unrelaxed_repeat076,lo_A_model_1_unrelaxed_repeat085
2.531,0.22217793201934985,2.8099999999999996,0.29019154051415763,lo_A_model_1_unrelaxed_repeat031,lo_A_model_1_unrelaxed_repeat049
2.563,0.22505318780025266,2.87,0.2839363103341668,lo_A_model_1_unrelaxed_repeat031,lo_A_model_1_unrelaxed_repeat017
2.629,0.23409578209171786,2.9,0.31361695379123444,lo_A_model_1_unrelaxed_repeat031,lo_A_model_1_unrelaxed_repeat033
2.6790000000000003,0.21661145967727402,2.82,0.2918666185655772,lo_A_model_1_unrelaxed_repeat031,lo_A_model_1_unrelaxed_repeat090
2.68,0.22510700110311238,2.73,0.2817538064324932,lo_A_model_1_unrelaxed_repeat031,lo_A_model_1_unrelaxed_repeat036
2.694,0.20252403661720086,2.87,0.2663390870657151,lo_A_model_1_unrelaxed_repeat031,lo_A_model_1_unrelaxed_repeat059
2.694,0.28529978510677895,2.88,0.37703875933011977,lo_A_model_1_unrelaxed_repeat031,lo_A_model_1_unrelaxed_repeat087
2.6950000000000003,0.2278546282536195,2.8899999999999997,0.29228844005338495,lo_A_model_1_unrelaxed_repeat031,lo_A_model_1_unrelaxed_repeat046
2.697,0.2412430179410241,2.8899999999999997,0.32286020573361457,lo_A_model_1_unrelaxed_repeat031,lo_A_model_1_unrelaxed_repeat038
2.697,0.26667462506007183,2.83,0.37094022747676614,lo_A_model_1_unrelaxed_repeat031,lo_A_model_1_unrelaxed_repeat050
2.701,0.20881334321180345,2.84,0.2730771506112878,lo_A_model_1_unrelaxed_repeat031,lo_A_model_1_unrelaxed_repeat023
2.7039999999999997,0.21387532233758796,2.88,0.2682404916737787,lo_A_model_1_unrelaxed_repeat031,lo_A_model_1_unrelaxed_repeat057
2.705,0.21446052889736059,2.81,0.29717458248471423,lo_A_model_1_unrelaxed_repeat031,lo_A_model_1_unrelaxed_repeat079
2.706,0.22599093756755145,2.89,0.30364193768865166,lo_A_model_1_unrelaxed_repeat031,lo_A_model_1_unrelaxed_repeat026
2.707,0.22347879660538011,2.96,0.3032102911952285,lo_A_model_1_unrelaxed_repeat031,lo_A_model_1_unrelaxed_repeat037
2.708,0.20165630614562385,2.8,0.25548596012815206,lo_A_model_1_unrelaxed_repeat031,lo_A_model_1_unrelaxed_repeat002
2.709,0.2385847177105771,2.8499999999999996,0.2993358408821499,lo_A_model_1_unrelaxed_repeat031,lo_A_model_1_unrelaxed_repeat015
2.7110000000000003,0.228095006308157,2.88,0.2945768770298964,lo_A_model_1_unrelaxed_repeat031,lo_A_model_1_unrelaxed_repeat077
2.7119999999999997,0.2130465040209214,2.8,0.2804380387219818,lo_A_model_1_unrelaxed_repeat031,lo_A_model_1_unrelaxed_repeat094
2.713,0.20038055354121095,2.76,0.2865334221393051,lo_A_model_1_unrelaxed_repeat031,lo_A_model_1_unrelaxed_repeat098
2.713,0.22214083096985368,2.8899999999999997,0.30963784281849865,lo_A_model_1_unrelaxed_repeat031,lo_A_model_1_unrelaxed_repeat099
2.714,0.18720913232924247,2.67,0.2559929474171598,lo_A_model_1_unrelaxed_repeat031,lo_A_model_1_unrelaxed_repeat060
2.715,0.2201537309155843,2.61,0.2774001515193297,lo_A_model_1_unrelaxed_repeat031,lo_A_model_1_unrelaxed_repeat025
2.716,0.21127393550223775,2.83,0.26280744649684434,lo_A_model_1_unrelaxed_repeat031,lo_A_model_1_unrelaxed_repeat035
2.716,0.20928183829413172,2.87,0.28374518581308655,lo_A_model_1_unrelaxed_repeat031,lo_A_model_1_unrelaxed_repeat048
2.716,0.24354414134603425,2.8200000000000003,0.3243352616439301,lo_A_model_1_unrelaxed_repeat031,lo_A_model_1_unrelaxed_repeat068
2.716,0.23840543423538266,2.8600000000000003,0.310611515547708,lo_A_model_1_unrelaxed_repeat031,lo_A_model_1_unrelaxed_repeat092
2.716,0.27330878165319783,2.94,0.3529927232407833,lo_A_model_1_unrelaxed_repeat031,lo_A_model_1_unrelaxed_repeat004
2.716,0.22506912497216663,2.66,0.28421359515001615,lo_A_model_1_unrelaxed_repeat031,lo_A_model_1_unrelaxed_repeat056
2.716,0.21821910148240523,2.86,0.299363463949637,lo_A_model_1_unrelaxed_repeat031,lo_A_model_1_unrelaxed_repeat062
2.716,0.20486827618387435,2.83,0.2590283373343603,lo_A_model_1_unrelaxed_repeat031,lo_A_model_1_unrelaxed_repeat016
2.717,0.2488518096698629,2.8899999999999997,0.3020179626866715,lo_A_model_1_unrelaxed_repeat031,lo_A_model_1_unrelaxed_repeat001
2.717,0.22318387628216313,2.86,0.28825512265485725,lo_A_model_1_unrelaxed_repeat031,lo_A_model_1_unrelaxed_repeat030
2.717,0.1855159383348282,2.82,0.22318823890539988,lo_A_model_1_unrelaxed_repeat031,lo_A_model_1_unrelaxed_repeat069
2.717,0.23125666831046052,2.88,0.28676744078257904,lo_A_model_1_unrelaxed_repeat031,lo_A_model_1_unrelaxed_repeat065
2.717,0.22655934870039665,2.7,0.28727778623899997,lo_A_model_1_unrelaxed_repeat031,lo_A_model_1_unrelaxed_repeat051
2.717,0.203417354295577,2.92,0.264176968474523,lo_A_model_1_unrelaxed_repeat031,lo_A_model_1_unrelaxed_repeat070
2.718,0.22265797208316807,2.81,0.27093062740135443,lo_A_model_1_unrelaxed_repeat031,lo_A_model_1_unrelaxed_repeat024
2.718,0.2091853002546602,2.7800000000000002,0.2554676488313692,lo_A_model_1_unrelaxed_repeat031,lo_A_model_1_unrelaxed_repeat055
2.718,0.25931377582913706,2.9699999999999998,0.3559608890123152,lo_A_model_1_unrelaxed_repeat031,lo_A_model_1_unrelaxed_repeat083
2.718,0.2124465133393413,2.71,0.288388993775845,lo_A_model_1_unrelaxed_repeat031,lo_A_model_1_unrelaxed_repeat088
2.7190000000000003,0.2608320569746683,2.95,0.3569536903478276,lo_A_model_1_unrelaxed_repeat031,lo_A_model_1_unrelaxed_repeat085
2.7190000000000003,0.2312851988445823,2.8499999999999996,0.28594070836126184,lo_A_model_1_unrelaxed_repeat031,lo_A_model_1_unrelaxed_repeat003
2.7190000000000003,0.2244445134727959,2.6799999999999997,0.2941448651884615,lo_A_model_1_unrelaxed_repeat031,lo_A_model_1_unrelaxed_repeat097
2.7190000000000003,0.20596813509679202,2.8899999999999997,0.2578317203027539,lo_A_model_1_unrelaxed_repeat031,lo_A_model_1_unrelaxed_repeat010
2.7190000000000003,0.23184439123116715,2.84,0.2990676499179873,lo_A_model_1_unrelaxed_repeat031,lo_A_model_1_unrelaxed_repeat058
2.7190000000000003,0.2474517533645793,2.89,0.3296271357775564,lo_A_model_1_unrelaxed_repeat031,lo_A_model_1_unrelaxed_repeat074
2.7190000000000003,0.21421547185813836,2.77,0.26648069337716646,lo_A_model_1_unrelaxed_repeat031,lo_A_model_1_unrelaxed_repeat022
2.7199999999999998,0.21505678659188476,2.8600000000000003,0.2919760999096586,lo_A_model_1_unrelaxed_repeat031,lo_A_model_1_unrelaxed_repeat020
2.7199999999999998,0.21438444469866597,2.65,0.2735638791841451,lo_A_model_1_unrelaxed_repeat031,lo_A_model_1_unrelaxed_repeat053
2.753,0.26078991045721156,2.9699999999999998,0.3615385577713182,lo_A_model_1_unrelaxed_repeat031,lo_A_model_1_unrelaxed_repeat093
2.7649999999999997,0.24932098173104178,2.8499999999999996,0.31949674303909487,lo_A_model_1_unrelaxed_repeat031,lo_A_model_1_unrelaxed_repeat012
2.824,0.2769154491019941,2.91,0.3817553388882347,lo_A_model_1_unrelaxed_repeat031,lo_A_model_1_unrelaxed_repeat066
2.834,0.24433519800524695,2.98,0.3283019999137278,lo_A_model_1_unrelaxed_repeat031,lo_A_model_1_unrelaxed_repeat052
2.87,0.25054926728329213,2.84,0.3322944468807054,lo_A_model_1_unrelaxed_repeat031,lo_A_model_1_unrelaxed_repeat073
2.934,0.253829957275142,2.91,0.3282551521626373,lo_A_model_1_unrelaxed_repeat031,lo_A_model_1_unrelaxed_repeat040
1.368,0.13689385004541843,2.27,0.1999367568104756,lo_A_model_1_unrelaxed_repeat016,lo_A_model_1_unrelaxed_repeat002
1.44,0.12930713899303342,2.7800000000000002,0.2030514004990736,lo_A_model_1_unrelaxed_repeat016,lo_A_model_1_unrelaxed_repeat069
1.824,0.13974798080902737,2.27,0.1974837419287478,lo_A_model_1_unrelaxed_repeat016,lo_A_model_1_unrelaxed_repeat010
1.899,0.1717278638645104,2.86,0.26176948218341856,lo_A_model_1_unrelaxed_repeat016,lo_A_model_1_unrelaxed_repeat062
1.925,0.15102975291674955,2.79,0.21073486790124749,lo_A_model_1_unrelaxed_repeat016,lo_A_model_1_unrelaxed_repeat055
1.9340000000000002,0.17748825345483912,2.81,0.2604531101824657,lo_A_model_1_unrelaxed_repeat016,lo_A_model_1_unrelaxed_repeat079
1.984,0.15330623695396173,3.0300000000000002,0.2195306477311906,lo_A_model_1_unrelaxed_repeat016,lo_A_model_1_unrelaxed_repeat057
2.0140000000000002,0.18218262779761588,3.0,0.2584916077977384,lo_A_model_1_unrelaxed_repeat016,lo_A_model_1_unrelaxed_repeat097
2.027,0.1516682519686363,2.5700000000000003,0.22225917670796247,lo_A_model_1_unrelaxed_repeat016,lo_A_model_1_unrelaxed_repeat094
2.044,0.16953787900566536,2.74,0.25561175181923323,lo_A_model_1_unrelaxed_repeat016,lo_A_model_1_unrelaxed_repeat088
2.0999999999999996,0.17558113930797548,2.8200000000000003,0.234162068033799,lo_A_model_1_unrelaxed_repeat016,lo_A_model_1_unrelaxed_repeat022
2.115,0.18809422348884414,3.04,0.2516057160273295,lo_A_model_1_unrelaxed_repeat016,lo_A_model_1_unrelaxed_repeat026
2.138,0.17521508139895478,2.96,0.25946925028891876,lo_A_model_1_unrelaxed_repeat016,lo_A_model_1_unrelaxed_repeat015
2.157,0.17941898758056493,2.87,0.23906278618130178,lo_A_model_1_unrelaxed_repeat016,lo_A_model_1_unrelaxed_repeat035
2.175,0.20553495155085638,2.81,0.2692616407649084,lo_A_model_1_unrelaxed_repeat016,lo_A_model_1_unrelaxed_repeat056
2.196,0.18125623860804008,3.0300000000000002,0.25200716432807074,lo_A_model_1_unrelaxed_repeat016,lo_A_model_1_unrelaxed_repeat077
2.2199999999999998,0.19976837803839617,2.84,0.284844057931802,lo_A_model_1_unrelaxed_repeat016,lo_A_model_1_unrelaxed_repeat099
2.235,0.24151832791357433,3.04,0.344278848621305,lo_A_model_1_unrelaxed_repeat016,lo_A_model_1_unrelaxed_repeat085
2.2590000000000003,0.22039295573049136,3.04,0.2916459138335286,lo_A_model_1_unrelaxed_repeat016,lo_A_model_1_unrelaxed_repeat033
2.285,0.19567202859732769,2.83,0.2624096002116954,lo_A_model_1_unrelaxed_repeat016,lo_A_model_1_unrelaxed_repeat049
2.302,0.18614291508268385,2.84,0.24124106868210504,lo_A_model_1_unrelaxed_repeat016,lo_A_model_1_unrelaxed_repeat070
2.305,0.19886244086369378,2.75,0.254177852189434,lo_A_model_1_unrelaxed_repeat016,lo_A_model_1_unrelaxed_repeat036
2.327,0.1934472857408835,2.87,0.2477024034737961,lo_A_model_1_unrelaxed_repeat016,lo_A_model_1_unrelaxed_repeat030
2.329,0.17857943816903113,2.9,0.2635642673673807,lo_A_model_1_unrelaxed_repeat016,lo_A_model_1_unrelaxed_repeat020
2.343,0.1920443685323226,2.98,0.2715427761073384,lo_A_model_1_unrelaxed_repeat016,lo_A_model_1_unrelaxed_repeat001
2.344,0.2049090129216817,2.7,0.2531014487268682,lo_A_model_1_unrelaxed_repeat016,lo_A_model_1_unrelaxed_repeat017
2.3489999999999998,0.20952560286191638,2.8099999999999996,0.27011553719376524,lo_A_model_1_unrelaxed_repeat016,lo_A_model_1_unrelaxed_repeat051
2.349,0.19603245184033954,2.84,0.2611220424055444,lo_A_model_1_unrelaxed_repeat016,lo_A_model_1_unrelaxed_repeat053
2.364,0.18310160879039514,2.84,0.2810742727129537,lo_A_model_1_unrelaxed_repeat016,lo_A_model_1_unrelaxed_repeat098
2.367,0.1961567816204159,3.01,0.27462264394350955,lo_A_model_1_unrelaxed_repeat016,lo_A_model_1_unrelaxed_repeat092
2.382,0.2709596847998579,2.95,0.35382617395182986,lo_A_model_1_unrelaxed_repeat016,lo_A_model_1_unrelaxed_repeat087
2.391,0.22942112199190137,2.8899999999999997,0.32889997435853835,lo_A_model_1_unrelaxed_repeat016,lo_A_model_1_unrelaxed_repeat004
2.395,0.18508791631765084,2.8099999999999996,0.24971382762705494,lo_A_model_1_unrelaxed_repeat016,lo_A_model_1_unrelaxed_repeat003
2.405,0.16633040957748704,2.69,0.2349333451874655,lo_A_model_1_unrelaxed_repeat016,lo_A_model_1_unrelaxed_repeat024
2.408,0.15064232050374327,2.75,0.2177081166018731,lo_A_model_1_unrelaxed_repeat016,lo_A_model_1_unrelaxed_repeat058
2.43,0.18443280099531015,2.86,0.2543906855350278,lo_A_model_1_unrelaxed_repeat016,lo_A_model_1_unrelaxed_repeat037
2.465,0.22674809906410362,3.04,0.32965560561269713,lo_A_model_1_unrelaxed_repeat016,lo_A_model_1_unrelaxed_repeat074
2.4779999999999998,0.1913482238626568,2.96,0.2628687885618983,lo_A_model_1_unrelaxed_repeat016,lo_A_model_1_unrelaxed_repeat060
2.481,0.1806134982922902,3.02,0.24448053013222526,lo_A_model_1_unrelaxed_repeat016,lo_A_model_1_unrelaxed_repeat048
2.488,0.22171953052131488,2.86,0.2879044210340124,lo_A_model_1_unrelaxed_repeat016,lo_A_model_1_unrelaxed_repeat046
2.528,0.24206542879329393,2.96,0.32213468957260283,lo_A_model_1_unrelaxed_repeat016,lo_A_model_1_unrelaxed_repeat012
2.5309999999999997,0.2414860904953289,2.88,0.33885969682816786,lo_A_model_1_unrelaxed_repeat016,lo_A_model_1_unrelaxed_repeat066
2.5380000000000003,0.19020887622594249,2.8,0.25675832114900593,lo_A_model_1_unrelaxed_repeat016,lo_A_model_1_unrelaxed_repeat038
2.553,0.2259335951412445,3.0300000000000002,0.32317873093942395,lo_A_model_1_unrelaxed_repeat016,lo_A_model_1_unrelaxed_repeat073
2.556,0.2113973578795509,3.0300000000000002,0.3021763689303221,lo_A_model_1_unrelaxed_repeat016,lo_A_model_1_unrelaxed_repeat068
2.5570000000000004,0.1669436293885429,2.6799999999999997,0.2280416722703232,lo_A_model_1_unrelaxed_repeat016,lo_A_model_1_unrelaxed_repeat090
2.567,0.24655171856725974,3.04,0.3413927964791287,lo_A_model_1_unrelaxed_repeat016,lo_A_model_1_unrelaxed_repeat093
2.583,0.2367035051625201,2.9,0.34023517070946196,lo_A_model_1_unrelaxed_repeat016,lo_A_model_1_unrelaxed_repeat050
2.5940000000000003,0.19312456341881568,2.98,0.2587555228412688,lo_A_model_1_unrelaxed_repeat016,lo_A_model_1_unrelaxed_repeat023
2.6,0.1679722190737017,3.01,0.24781950374772407,lo_A_model_1_unrelaxed_repeat016,lo_A_model_1_unrelaxed_repeat059
2.667,0.22513506866241628,3.05,0.3205288012743191,lo_A_model_1_unrelaxed_repeat016,lo_A_model_1_unrelaxed_repeat083
2.667,0.18722393697149758,3.0300000000000002,0.2575960728870099,lo_A_model_1_unrelaxed_repeat016,lo_A_model_1_unrelaxed_repeat065
2.692,0.24498722806918796,2.95,0.3370554986288416,lo_A_model_1_unrelaxed_repeat016,lo_A_model_1_unrelaxed_repeat052
2.76,0.18470323411466769,2.68,0.23551192225060397,lo_A_model_1_unrelaxed_repeat016,lo_A_model_1_unrelaxed_repeat025
2.955,0.2244475213555105,2.98,0.315806798837046,lo_A_model_1_unrelaxed_repeat016,lo_A_model_1_unrelaxed_repeat040
1.987,0.14650828976531355,2.9299999999999997,0.22380133741023409,lo_A_model_1_unrelaxed_repeat030,lo_A_model_1_unrelaxed_repeat024
2.008,0.20459825878150442,2.9699999999999998,0.2621586410474059,lo_A_model_1_unrelaxed_repeat030,lo_A_model_1_unrelaxed_repeat017
2.129,0.18346532769540008,2.9,0.2628221437704215,lo_A_model_1_unrelaxed_repeat030,lo_A_model_1_unrelaxed_repeat058
2.354,0.21696007623088537,3.01,0.32432260207175245,lo_A_model_1_unrelaxed_repeat030,lo_A_model_1_unrelaxed_repeat012
2.362,0.16149187695769415,2.64,0.2197249548731127,lo_A_model_1_unrelaxed_repeat030,lo_A_model_1_unrelaxed_repeat057
2.366,0.19182640802415774,2.71,0.2635199172379877,lo_A_model_1_unrelaxed_repeat030,lo_A_model_1_unrelaxed_repeat048
2.375,0.2244246683403067,2.96,0.2962841886733021,lo_A_model_1_unrelaxed_repeat030,lo_A_model_1_unrelaxed_repeat001
2.3850000000000002,0.1890851849116578,2.75,0.26769914571777353,lo_A_model_1_unrelaxed_repeat030,lo_A_model_1_unrelaxed_repeat090
2.3890000000000002,0.2266268220049745,2.87,0.28705888595499435,lo_A_model_1_unrelaxed_repeat030,lo_A_model_1_unrelaxed_repeat077
2.39,0.18782988376733747,2.84,0.2566590675723261,lo_A_model_1_unrelaxed_repeat030,lo_A_model_1_unrelaxed_repeat023
2.3920000000000003,0.1867482649162052,2.74,0.2487532862594838,lo_A_model_1_unrelaxed_repeat030,lo_A_model_1_unrelaxed_repeat035
2.3970000000000002,0.2177323132401308,3.04,0.2911011111941752,lo_A_model_1_unrelaxed_repeat030,lo_A_model_1_unrelaxed_repeat049
2.404,0.21291825387368277,2.9299999999999997,0.2929204240423892,lo_A_model_1_unrelaxed_repeat030,lo_A_model_1_unrelaxed_repeat015
2.4050000000000002,0.20611808565977782,2.9,0.28409664075372953,lo_A_model_1_unrelaxed_repeat030,lo_A_model_1_unrelaxed_repeat038
2.406,0.22379995346345183,2.82,0.2926614590507843,lo_A_model_1_unrelaxed_repeat030,lo_A_model_1_unrelaxed_repeat033
2.407,0.21960022723056066,2.73,0.30481566464577864,lo_A_model_1_unrelaxed_repeat030,lo_A_model_1_unrelaxed_repeat099
2.407,0.21077320968934068,2.9,0.2708190829309157,lo_A_model_1_unrelaxed_repeat030,lo_A_model_1_unrelaxed_repeat025
2.4080000000000004,0.18143470431902073,3.04,0.24744583661901817,lo_A_model_1_unrelaxed_repeat030,lo_A_model_1_unrelaxed_repeat069
2.415,0.1892305003438187,2.8,0.2682234244735862,lo_A_model_1_unrelaxed_repeat030,lo_A_model_1_unrelaxed_repeat059
2.423,0.2795590969690312,2.95,0.37331645935706553,lo_A_model_1_unrelaxed_repeat030,lo_A_model_1_unrelaxed_repeat087
2.4240000000000004,0.2021939330252455,2.8,0.2778555732740082,lo_A_model_1_unrelaxed_repeat030,lo_A_model_1_unrelaxed_repeat092
2.426,0.18700014612159876,2.73,0.2541779647574517,lo_A_model_1_unrelaxed_repeat030,lo_A_model_1_unrelaxed_repeat002
2.427,0.21658614372528803,2.99,0.29591854038991033,lo_A_model_1_unrelaxed_repeat030,lo_A_model_1_unrelaxed_repeat046
2.428,0.20150323838262213,2.99,0.27894297723613015,lo_A_model_1_unrelaxed_repeat030,lo_A_model_1_unrelaxed_repeat051
2.4290000000000003,0.19968377432376203,2.9,0.26832223917210957,lo_A_model_1_unrelaxed_repeat030,lo_A_model_1_unrelaxed_repeat053
2.4299999999999997,0.20126590927795526,2.94,0.28937468965985397,lo_A_model_1_unrelaxed_repeat030,lo_A_model_1_unrelaxed_repeat098
2.436,0.18463140560872338,2.8899999999999997,0.241433013187796,lo_A_model_1_unrelaxed_repeat030,lo_A_model_1_unrelaxed_repeat055
2.439,0.19341097400119664,2.8899999999999997,0.26046964296633496,lo_A_model_1_unrelaxed_repeat030,lo_A_model_1_unrelaxed_repeat022
2.4509999999999996,0.19747589990768258,2.88,0.2685786783007323,lo_A_model_1_unrelaxed_repeat030,lo_A_model_1_unrelaxed_repeat070
2.4539999999999997,0.24972854160494273,3.01,0.3612894567113164,lo_A_model_1_unrelaxed_repeat030,lo_A_model_1_unrelaxed_repeat093
2.457,0.20940614035074315,2.92,0.28313536801987177,lo_A_model_1_unrelaxed_repeat030,lo_A_model_1_unrelaxed_repeat037
2.457,0.26242295033798313,2.91,0.3610437103747198,lo_A_model_1_unrelaxed_repeat030,lo_A_model_1_unrelaxed_repeat066
2.462,0.21181933754890428,2.94,0.28315845819320307,lo_A_model_1_unrelaxed_repeat030,lo_A_model_1_unrelaxed_repeat020
2.467,0.1859668975420142,3.0,0.26532922837063,lo_A_model_1_unrelaxed_repeat030,lo_A_model_1_unrelaxed_repeat088
2.47,0.19250351983850736,2.7199999999999998,0.26345009272931447,lo_A_model_1_unrelaxed_repeat030,lo_A_model_1_unrelaxed_repeat026
2.47,0.16966654327957717,2.9299999999999997,0.22927708745667985,lo_A_model_1_unrelaxed_repeat030,lo_A_model_1_unrelaxed_repeat010
2.478,0.19469105198354816,3.01,0.2876529760334264,lo_A_model_1_unrelaxed_repeat030,lo_A_model_1_unrelaxed_repeat062
2.483,0.22382983841866036,2.59,0.2828047750172054,lo_A_model_1_unrelaxed_repeat030,lo_A_model_1_unrelaxed_repeat065
2.487,0.21955699968055392,2.9,0.3052150910231487,lo_A_model_1_unrelaxed_repeat030,lo_A_model_1_unrelaxed_repeat079
2.49,0.22219338456187554,2.87,0.28186371365577123,lo_A_model_1_unrelaxed_repeat030,lo_A_model_1_unrelaxed_repeat036
2.491,0.23970140282835786,3.0,0.3313571175362271,lo_A_model_1_unrelaxed_repeat030,lo_A_model_1_unrelaxed_repeat073
2.498,0.2153248057236852,3.04,0.29534747121884214,lo_A_model_1_unrelaxed_repeat030,lo_A_model_1_unrelaxed_repeat097
2.499,0.24632973121547203,2.9,0.361146085390451,lo_A_model_1_unrelaxed_repeat030,lo_A_model_1_unrelaxed_repeat085
2.504,0.18815154379774934,2.76,0.27597640420793623,lo_A_model_1_unrelaxed_repeat030,lo_A_model_1_unrelaxed_repeat060
2.5060000000000002,0.21678847109963376,2.74,0.28288357806889153,lo_A_model_1_unrelaxed_repeat030,lo_A_model_1_unrelaxed_repeat056
2.516,0.2004844440431487,2.9699999999999998,0.27276190312063636,lo_A_model_1_unrelaxed_repeat030,lo_A_model_1_unrelaxed_repeat094
2.545,0.24181514830828751,2.9699999999999998,0.35520511312356884,lo_A_model_1_unrelaxed_repeat030,lo_A_model_1_unrelaxed_repeat083
2.58,0.18190344323553692,2.94,0.26364019353127366,lo_A_model_1_unrelaxed_repeat030,lo_A_model_1_unrelaxed_repeat003
2.629,0.2382078605661015,2.91,0.33610692998420144,lo_A_model_1_unrelaxed_repeat030,lo_A_model_1_unrelaxed_repeat068
2.727,0.2410138735996852,2.92,0.34746611901401403,lo_A_model_1_unrelaxed_repeat030,lo_A_model_1_unrelaxed_repeat040
2.7439999999999998,0.20670555243564534,2.95,0.31401375000648146,lo_A_model_1_unrelaxed_repeat030,lo_A_model_1_unrelaxed_repeat004
2.9770000000000003,0.24108322902895418,2.91,0.33281854383243287,lo_A_model_1_unrelaxed_repeat030,lo_A_model_1_unrelaxed_repeat074
3.082,0.26244963329047755,3.01,0.3650403783493888,lo_A_model_1_unrelaxed_repeat030,lo_A_model_1_unrelaxed_repeat050
3.092,0.270776938114368,2.94,0.357305245730607,lo_A_model_1_unrelaxed_repeat030,lo_A_model_1_unrelaxed_repeat052
1.459,0.16030273487912858,2.86,0.27225671635320176,lo_A_model_1_unrelaxed_repeat073,lo_A_model_1_unrelaxed_repeat066
2.12,0.1685734923337491,3.0,0.245174954320455,lo_A_model_1_unrelaxed_repeat073,lo_A_model_1_unrelaxed_repeat068
2.129,0.18657982677571724,2.4699999999999998,0.2858940748449914,lo_A_model_1_unrelaxed_repeat073,lo_A_model_1_unrelaxed_repeat083
2.321,0.2136590923066975,2.91,0.30010737229699974,lo_A_model_1_unrelaxed_repeat073,lo_A_model_1_unrelaxed_repeat040
2.329,0.20931596271203445,2.98,0.3004115917595713,lo_A_model_1_unrelaxed_repeat073,lo_A_model_1_unrelaxed_repeat099
2.386,0.2198982076901731,2.9699999999999998,0.3066790132490027,lo_A_model_1_unrelaxed_repeat073,lo_A_model_1_unrelaxed_repeat036
2.4400000000000004,0.2013028466055613,2.8899999999999997,0.3035560345215041,lo_A_model_1_unrelaxed_repeat073,lo_A_model_1_unrelaxed_repeat077
2.4770000000000003,0.22109169700273215,2.9699999999999998,0.3113571290376617,lo_A_model_1_unrelaxed_repeat073,lo_A_model_1_unrelaxed_repeat010
2.481,0.22269751420394893,3.04,0.31467620799772633,lo_A_model_1_unrelaxed_repeat073,lo_A_model_1_unrelaxed_repeat056
2.484,0.23040379805326056,2.94,0.34177898638810533,lo_A_model_1_unrelaxed_repeat073,lo_A_model_1_unrelaxed_repeat004
2.489,0.2237126951182734,2.99,0.3216040359464616,lo_A_model_1_unrelaxed_repeat073,lo_A_model_1_unrelaxed_repeat069
2.492,0.23431676162463208,3.01,0.321943179127237,lo_A_model_1_unrelaxed_repeat073,lo_A_model_1_unrelaxed_repeat002
2.501,0.23924467695362372,2.92,0.3275173880650897,lo_A_model_1_unrelaxed_repeat073,lo_A_model_1_unrelaxed_repeat001
2.518,0.221885763697486,2.94,0.3203407967106219,lo_A_model_1_unrelaxed_repeat073,lo_A_model_1_unrelaxed_repeat015
2.521,0.20066051302595578,3.02,0.3165532362164134,lo_A_model_1_unrelaxed_repeat073,lo_A_model_1_unrelaxed_repeat092
2.537,0.2401474547023141,3.02,0.3253042154937832,lo_A_model_1_unrelaxed_repeat073,lo_A_model_1_unrelaxed_repeat024
2.552,0.24072303403085174,2.98,0.3539692363959548,lo_A_model_1_unrelaxed_repeat073,lo_A_model_1_unrelaxed_repeat087
2.556,0.2086525776025791,3.0,0.31314633874703435,lo_A_model_1_unrelaxed_repeat073,lo_A_model_1_unrelaxed_repeat062
2.557,0.24371258547817712,3.01,0.3372856390197843,lo_A_model_1_unrelaxed_repeat073,lo_A_model_1_unrelaxed_repeat003
2.5599999999999996,0.23756827495409358,3.0300000000000002,0.31421282528059774,lo_A_model_1_unrelaxed_repeat073,lo_A_model_1_unrelaxed_repeat035
2.565,0.25827589134780304,3.02,0.3462430282632229,lo_A_model_1_unrelaxed_repeat073,lo_A_model_1_unrelaxed_repeat058
2.5730000000000004,0.2272679473343102,2.82,0.32505731859467485,lo_A_model_1_unrelaxed_repeat073,lo_A_model_1_unrelaxed_repeat065
2.574,0.23633032700457363,3.0,0.33165087560628403,lo_A_model_1_unrelaxed_repeat073,lo_A_model_1_unrelaxed_repeat094
2.585,0.22278534226190133,2.9,0.31506631225169063,lo_A_model_1_unrelaxed_repeat073,lo_A_model_1_unrelaxed_repeat060
2.5949999999999998,0.21718025055315004,3.04,0.31526281699056113,lo_A_model_1_unrelaxed_repeat073,lo_A_model_1_unrelaxed_repeat070
2.605,0.22594424407498226,3.02,0.311485985741421,lo_A_model_1_unrelaxed_repeat073,lo_A_model_1_unrelaxed_repeat026
2.609,0.2685731018097992,3.02,0.3503967095696722,lo_A_model_1_unrelaxed_repeat073,lo_A_model_1_unrelaxed_repeat017
2.63,0.23363226855439137,2.96,0.3182873967859703,lo_A_model_1_unrelaxed_repeat073,lo_A_model_1_unrelaxed_repeat025
2.641,0.2175593431943542,2.75,0.3032224639780902,lo_A_model_1_unrelaxed_repeat073,lo_A_model_1_unrelaxed_repeat085
2.6420000000000003,0.23459613303851315,2.91,0.3209228021211895,lo_A_model_1_unrelaxed_repeat073,lo_A_model_1_unrelaxed_repeat057
2.6470000000000002,0.23602758561893658,2.8899999999999997,0.3221084863320056,lo_A_model_1_unrelaxed_repeat073,lo_A_model_1_unrelaxed_repeat055
2.65,0.2260337884777837,2.91,0.32851088131389333,lo_A_model_1_unrelaxed_repeat073,lo_A_model_1_unrelaxed_repeat097
2.66,0.22978230974390662,3.0,0.33898978930525164,lo_A_model_1_unrelaxed_repeat073,lo_A_model_1_unrelaxed_repeat022
2.674,0.22657868800882336,2.99,0.33101603676428715,lo_A_model_1_unrelaxed_repeat073,lo_A_model_1_unrelaxed_repeat088
2.675,0.2393344598903115,3.01,0.3259408742471664,lo_A_model_1_unrelaxed_repeat073,lo_A_model_1_unrelaxed_repeat051
2.677,0.2487291895379051,2.96,0.34725286083230933,lo_A_model_1_unrelaxed_repeat073,lo_A_model_1_unrelaxed_repeat049
2.692,0.20238950888008259,2.9,0.2826680567893045,lo_A_model_1_unrelaxed_repeat073,lo_A_model_1_unrelaxed_repeat093
2.698,0.19822425415579778,2.95,0.29200843658810033,lo_A_model_1_unrelaxed_repeat073,lo_A_model_1_unrelaxed_repeat012
2.7270000000000003,0.23728291607355967,3.04,0.3449718945239523,lo_A_model_1_unrelaxed_repeat073,lo_A_model_1_unrelaxed_repeat090
2.7270000000000003,0.23976554415918763,2.94,0.3288223666114839,lo_A_model_1_unrelaxed_repeat073,lo_A_model_1_unrelaxed_repeat053
2.728,0.23152411789569996,2.8899999999999997,0.32239318799890493,lo_A_model_1_unrelaxed_repeat073,lo_A_model_1_unrelaxed_repeat037
2.7430000000000003,0.2341226278344141,2.94,0.32366127934649785,lo_A_model_1_unrelaxed_repeat073,lo_A_model_1_unrelaxed_repeat048
2.748,0.2403915112557722,2.95,0.33293243417014906,lo_A_model_1_unrelaxed_repeat073,lo_A_model_1_unrelaxed_repeat046
2.753,0.19799398771236262,3.0,0.28782137601667396,lo_A_model_1_unrelaxed_repeat073,lo_A_model_1_unrelaxed_repeat050
2.758,0.23434815997962713,3.02,0.3208986844242837,lo_A_model_1_unrelaxed_repeat073,lo_A_model_1_unrelaxed_repeat020
2.7600000000000002,0.2319468508751548,2.92,0.3261038478758381,lo_A_model_1_unrelaxed_repeat073,lo_A_model_1_unrelaxed_repeat079
2.7640000000000002,0.2488318856098176,2.94,0.3385758273179923,lo_A_model_1_unrelaxed_repeat073,lo_A_model_1_unrelaxed_repeat023
2.77,0.245170159005848,3.04,0.3465072815069534,lo_A_model_1_unrelaxed_repeat073,lo_A_model_1_unrelaxed_repeat059
2.7960000000000003,0.23942429759224387,2.9699999999999998,0.3452856005146273,lo_A_model_1_unrelaxed_repeat073,lo_A_model_1_unrelaxed_repeat038
2.863,0.20932767162003577,2.94,0.3066315679360747,lo_A_model_1_unrelaxed_repeat073,lo_A_model_1_unrelaxed_repeat098
2.89,0.2263760718232704,2.95,0.3278817872046931,lo_A_model_1_unrelaxed_repeat073,lo_A_model_1_unrelaxed_repeat033
3.224,0.21429387186598062,3.0,0.3304813327585384,lo_A_model_1_unrelaxed_repeat073,lo_A_model_1_unrelaxed_repeat074
3.339,0.2267256520911693,2.9,0.3471316761291687,lo_A_model_1_unrelaxed_repeat073,lo_A_model_1_unrelaxed_repeat052
1.882,0.171512569141129,2.96,0.251978721539591,lo_A_model_1_unrelaxed_repeat049,lo_A_model_1_unrelaxed_repeat020
2.033,0.19307177907220377,2.8899999999999997,0.27069512595542405,lo_A_model_1_unrelaxed_repeat049,lo_A_model_1_unrelaxed_repeat079
2.0389999999999997,0.18320106452452303,2.8899999999999997,0.2649223170075351,lo_A_model_1_unrelaxed_repeat049,lo_A_model_1_unrelaxed_repeat098
2.06,0.181714913728193,3.0,0.25392675771423107,lo_A_model_1_unrelaxed_repeat049,lo_A_model_1_unrelaxed_repeat090
2.089,0.1725857618908327,2.94,0.25798015915547207,lo_A_model_1_unrelaxed_repeat049,lo_A_model_1_unrelaxed_repeat048
2.12,0.20558826235818126,3.0,0.2788440270407616,lo_A_model_1_unrelaxed_repeat049,lo_A_model_1_unrelaxed_repeat038
2.201,0.1893856516100557,2.95,0.26445333254279474,lo_A_model_1_unrelaxed_repeat049,lo_A_model_1_unrelaxed_repeat065
2.208,0.18140241310207558,2.88,0.25749030844158927,lo_A_model_1_unrelaxed_repeat049,lo_A_model_1_unrelaxed_repeat037
2.217,0.20978595195251695,2.76,0.2855877657742761,lo_A_model_1_unrelaxed_repeat049,lo_A_model_1_unrelaxed_repeat070
2.2199999999999998,0.2116397579011645,2.8899999999999997,0.3006183898383678,lo_A_model_1_unrelaxed_repeat049,lo_A_model_1_unrelaxed_repeat099
2.226,0.19600446332251267,2.8899999999999997,0.2674766846363143,lo_A_model_1_unrelaxed_repeat049,lo_A_model_1_unrelaxed_repeat062
2.245,0.1760087590485274,2.87,0.22891889974605462,lo_A_model_1_unrelaxed_repeat049,lo_A_model_1_unrelaxed_repeat010
2.248,0.1934169889554564,2.9699999999999998,0.2700225709847266,lo_A_model_1_unrelaxed_repeat049,lo_A_model_1_unrelaxed_repeat057
2.253,0.2190275908436808,2.92,0.2904900403100136,lo_A_model_1_unrelaxed_repeat049,lo_A_model_1_unrelaxed_repeat035
2.262,0.20959365277768416,2.9699999999999998,0.2666491052872684,lo_A_model_1_unrelaxed_repeat049,lo_A_model_1_unrelaxed_repeat055
2.27,0.20082296134300756,2.83,0.2727671479931564,lo_A_model_1_unrelaxed_repeat049,lo_A_model_1_unrelaxed_repeat069
2.286,0.20879693470636823,2.9299999999999997,0.2873759731231358,lo_A_model_1_unrelaxed_repeat049,lo_A_model_1_unrelaxed_repeat059
2.3120000000000003,0.18183553149761864,2.98,0.269468028897673,lo_A_model_1_unrelaxed_repeat049,lo_A_model_1_unrelaxed_repeat033
2.319,0.19928841724369337,2.8600000000000003,0.26076771217671285,lo_A_model_1_unrelaxed_repeat049,lo_A_model_1_unrelaxed_repeat015
2.322,0.20712338108684622,3.02,0.2828105418387145,lo_A_model_1_unrelaxed_repeat049,lo_A_model_1_unrelaxed_repeat026
2.328,0.21380863785043008,3.0300000000000002,0.2949382224783418,lo_A_model_1_unrelaxed_repeat049,lo_A_model_1_unrelaxed_repeat092
2.3289999999999997,0.2031472802020864,2.95,0.271386415563155,lo_A_model_1_unrelaxed_repeat049,lo_A_model_1_unrelaxed_repeat077
2.331,0.17505239272939438,2.96,0.26880725261010724,lo_A_model_1_unrelaxed_repeat049,lo_A_model_1_unrelaxed_repeat088
2.337,0.2000158677539408,3.0300000000000002,0.27395816436566317,lo_A_model_1_unrelaxed_repeat049,lo_A_model_1_unrelaxed_repeat022
2.3529999999999998,0.1852441068239921,2.84,0.27730173419628834,lo_A_model_1_unrelaxed_repeat049,lo_A_model_1_unrelaxed_repeat056
2.372,0.19642620516940507,3.0,0.26239493435216443,lo_A_model_1_unrelaxed_repeat049,lo_A_model_1_unrelaxed_repeat001
2.374,0.2177675632135852,2.9699999999999998,0.2839521811885176,lo_A_model_1_unrelaxed_repeat049,lo_A_model_1_unrelaxed_repeat036
2.3810000000000002,0.20910439514431428,2.92,0.26976851200896435,lo_A_model_1_unrelaxed_repeat049,lo_A_model_1_unrelaxed_repeat058
2.393,0.20431940828237138,2.88,0.2685789978974305,lo_A_model_1_unrelaxed_repeat049,lo_A_model_1_unrelaxed_repeat025
2.399,0.1816001266755717,3.06,0.2533065455304771,lo_A_model_1_unrelaxed_repeat049,lo_A_model_1_unrelaxed_repeat097
2.403,0.24303170401397642,2.96,0.3509565102730028,lo_A_model_1_unrelaxed_repeat049,lo_A_model_1_unrelaxed_repeat085
2.4050000000000002,0.27024000989318225,3.01,0.3707068220651031,lo_A_model_1_unrelaxed_repeat049,lo_A_model_1_unrelaxed_repeat087
2.406,0.2144629803884147,2.8200000000000003,0.28540301049167477,lo_A_model_1_unrelaxed_repeat049,lo_A_model_1_unrelaxed_repeat024
2.407,0.2523338587106143,2.95,0.3408014621795925,lo_A_model_1_unrelaxed_repeat049,lo_A_model_1_unrelaxed_repeat040
2.411,0.1817584367439676,2.6799999999999997,0.2469482404804595,lo_A_model_1_unrelaxed_repeat049,lo_A_model_1_unrelaxed_repeat053
2.4130000000000003,0.19669613100978958,3.01,0.2669239281234714,lo_A_model_1_unrelaxed_repeat049,lo_A_model_1_unrelaxed_repeat094
2.415,0.23864704305479734,3.02,0.33785539228258676,lo_A_model_1_unrelaxed_repeat049,lo_A_model_1_unrelaxed_repeat004
2.419,0.19966793678139907,2.86,0.2641786472328737,lo_A_model_1_unrelaxed_repeat049,lo_A_model_1_unrelaxed_repeat051
2.4210000000000003,0.23310188480177546,2.7199999999999998,0.29384043824387646,lo_A_model_1_unrelaxed_repeat049,lo_A_model_1_unrelaxed_repeat017
2.4219999999999997,0.20178492920382118,2.8600000000000003,0.26509927419520957,lo_A_model_1_unrelaxed_repeat049,lo_A_model_1_unrelaxed_repeat002
2.4290000000000003,0.20731752236288142,2.9699999999999998,0.2858362727527301,lo_A_model_1_unrelaxed_repeat049,lo_A_model_1_unrelaxed_repeat023
2.439,0.19980908412818238,2.8,0.27412067766359177,lo_A_model_1_unrelaxed_repeat049,lo_A_model_1_unrelaxed_repeat060
2.449,0.19977087590845252,2.87,0.282586459859876,lo_A_model_1_unrelaxed_repeat049,lo_A_model_1_unrelaxed_repeat046
2.495,0.23137327167169278,3.04,0.3227949738392908,lo_A_model_1_unrelaxed_repeat049,lo_A_model_1_unrelaxed_repeat068
2.507,0.23649118824453152,3.04,0.3295890274851798,lo_A_model_1_unrelaxed_repeat049,lo_A_model_1_unrelaxed_repeat052
2.516,0.2537789661543581,3.04,0.35718382679375743,lo_A_model_1_unrelaxed_repeat049,lo_A_model_1_unrelaxed_repeat083
2.528,0.2561101783648762,3.02,0.3581522282465895,lo_A_model_1_unrelaxed_repeat049,lo_A_model_1_unrelaxed_repeat050
2.56,0.24785521293858187,2.9699999999999998,0.3533589485141035,lo_A_model_1_unrelaxed_repeat049,lo_A_model_1_unrelaxed_repeat093
2.572,0.2535357212418728,2.9699999999999998,0.33572278059095917,lo_A_model_1_unrelaxed_repeat049,lo_A_model_1_unrelaxed_repeat012
2.607,0.22380215307185813,2.96,0.32671941999082577,lo_A_model_1_unrelaxed_repeat049,lo_A_model_1_unrelaxed_repeat074
2.6310000000000002,0.2655612611147644,3.02,0.3801820962687736,lo_A_model_1_unrelaxed_repeat049,lo_A_model_1_unrelaxed_repeat066
2.752,0.22112530190285984,3.02,0.29290064328768634,lo_A_model_1_unrelaxed_repeat049,lo_A_model_1_unrelaxed_repeat003
1.726,0.1800679699995046,2.8899999999999997,0.265549771178245,lo_A_model_1_unrelaxed_repeat002,lo_A_model_1_unrelaxed_repeat079
1.7530000000000001,0.14736714052279606,2.27,0.2047856620517517,lo_A_model_1_unrelaxed_repeat002,lo_A_model_1_unrelaxed_repeat010
1.866,0.1869779327978624,2.7800000000000002,0.24345404339348153,lo_A_model_1_unrelaxed_repeat002,lo_A_model_1_unrelaxed_repeat097
1.9129999999999998,0.16289374965504652,3.0300000000000002,0.23929211292389527,lo_A_model_1_unrelaxed_repeat002,lo_A_model_1_unrelaxed_repeat057
1.956,0.15742040612078598,2.24,0.219646484079592,lo_A_model_1_unrelaxed_repeat002,lo_A_model_1_unrelaxed_repeat094
2.0069999999999997,0.13848517787883155,2.7,0.21643925558706859,lo_A_model_1_unrelaxed_repeat002,lo_A_model_1_unrelaxed_repeat069
2.062,0.15647279149368257,2.58,0.23288493600739882,lo_A_model_1_unrelaxed_repeat002,lo_A_model_1_unrelaxed_repeat055
2.078,0.2314036066800804,3.04,0.34180849493583454,lo_A_model_1_unrelaxed_repeat002,lo_A_model_1_unrelaxed_repeat085
2.1020000000000003,0.1918039764423903,2.71,0.2530173844870084,lo_A_model_1_unrelaxed_repeat002,lo_A_model_1_unrelaxed_repeat015
2.104,0.1739668476795489,2.79,0.2518728134656262,lo_A_model_1_unrelaxed_repeat002,lo_A_model_1_unrelaxed_repeat088
2.113,0.18586484467593425,2.95,0.257627449465636,lo_A_model_1_unrelaxed_repeat002,lo_A_model_1_unrelaxed_repeat070
2.13,0.18684872278781892,2.72,0.26694659842214874,lo_A_model_1_unrelaxed_repeat002,lo_A_model_1_unrelaxed_repeat098
2.1719999999999997,0.19896055496516332,2.81,0.25285556559611805,lo_A_model_1_unrelaxed_repeat002,lo_A_model_1_unrelaxed_repeat056
2.18,0.17964944165906002,3.02,0.24542608419645562,lo_A_model_1_unrelaxed_repeat002,lo_A_model_1_unrelaxed_repeat048
2.205,0.19953448613910899,3.0300000000000002,0.2485435112150302,lo_A_model_1_unrelaxed_repeat002,lo_A_model_1_unrelaxed_repeat077
2.238,0.18648002574002398,2.99,0.25804015391028373,lo_A_model_1_unrelaxed_repeat002,lo_A_model_1_unrelaxed_repeat022
2.276,0.1760417064318381,2.77,0.25575101894418156,lo_A_model_1_unrelaxed_repeat002,lo_A_model_1_unrelaxed_repeat062
2.3040000000000003,0.2076952813615585,3.0300000000000002,0.30046582813519257,lo_A_model_1_unrelaxed_repeat002,lo_A_model_1_unrelaxed_repeat068
2.3040000000000003,0.2017969850517239,2.8499999999999996,0.2626231164378978,lo_A_model_1_unrelaxed_repeat002,lo_A_model_1_unrelaxed_repeat001
2.31,0.17274022024701463,2.7,0.2506753681562792,lo_A_model_1_unrelaxed_repeat002,lo_A_model_1_unrelaxed_repeat058
2.323,0.23435442693683578,2.96,0.3269462031320891,lo_A_model_1_unrelaxed_repeat002,lo_A_model_1_unrelaxed_repeat004
2.323,0.18787511147230124,3.04,0.25652330500089787,lo_A_model_1_unrelaxed_repeat002,lo_A_model_1_unrelaxed_repeat026
2.3369999999999997,0.1689448471347693,2.69,0.24214840741995988,lo_A_model_1_unrelaxed_repeat002,lo_A_model_1_unrelaxed_repeat024
2.341,0.18363510188353646,2.81,0.2365430574456817,lo_A_model_1_unrelaxed_repeat002,lo_A_model_1_unrelaxed_repeat053
2.3600000000000003,0.21179265037414205,2.7800000000000002,0.2672703110527677,lo_A_model_1_unrelaxed_repeat002,lo_A_model_1_unrelaxed_repeat051
2.363,0.21248556493932066,2.8200000000000003,0.25509565094330006,lo_A_model_1_unrelaxed_repeat002,lo_A_model_1_unrelaxed_repeat036
2.366,0.20013568716275648,3.0300000000000002,0.26680920725458973,lo_A_model_1_unrelaxed_repeat002,lo_A_model_1_unrelaxed_repeat065
2.368,0.1705159300576737,2.7800000000000002,0.23097268973812485,lo_A_model_1_unrelaxed_repeat002,lo_A_model_1_unrelaxed_repeat035
2.38,0.2053056983057105,2.62,0.2905955603330248,lo_A_model_1_unrelaxed_repeat002,lo_A_model_1_unrelaxed_repeat099
2.3810000000000002,0.20935631235330482,3.01,0.2847572065227967,lo_A_model_1_unrelaxed_repeat002,lo_A_model_1_unrelaxed_repeat092
2.423,0.22690866930553488,3.04,0.2848811212047652,lo_A_model_1_unrelaxed_repeat002,lo_A_model_1_unrelaxed_repeat033
2.44,0.2527122051963889,2.92,0.3439826907845372,lo_A_model_1_unrelaxed_repeat002,lo_A_model_1_unrelaxed_repeat066
2.466,0.19318432272442554,2.83,0.2590199974604399,lo_A_model_1_unrelaxed_repeat002,lo_A_model_1_unrelaxed_repeat020
2.488,0.20916132550219915,2.71,0.27010753964982087,lo_A_model_1_unrelaxed_repeat002,lo_A_model_1_unrelaxed_repeat017
2.493,0.21514636332922554,2.73,0.2744528696924181,lo_A_model_1_unrelaxed_repeat002,lo_A_model_1_unrelaxed_repeat046
2.532,0.18691876931790188,2.8200000000000003,0.2558091317254055,lo_A_model_1_unrelaxed_repeat002,lo_A_model_1_unrelaxed_repeat060
2.532,0.19778827497285628,2.7800000000000002,0.2628490866375778,lo_A_model_1_unrelaxed_repeat002,lo_A_model_1_unrelaxed_repeat003
2.565,0.2365235336583845,3.04,0.3395591267691771,lo_A_model_1_unrelaxed_repeat002,lo_A_model_1_unrelaxed_repeat093
2.5709999999999997,0.17008345002200448,2.84,0.21289986362449947,lo_A_model_1_unrelaxed_repeat002,lo_A_model_1_unrelaxed_repeat025
2.573,0.2755668679512222,2.96,0.3576156935359985,lo_A_model_1_unrelaxed_repeat002,lo_A_model_1_unrelaxed_repeat087
2.621,0.19363026430824318,2.99,0.2543389422954224,lo_A_model_1_unrelaxed_repeat002,lo_A_model_1_unrelaxed_repeat037
2.6399999999999997,0.23278668481996703,2.87,0.3226998942444055,lo_A_model_1_unrelaxed_repeat002,lo_A_model_1_unrelaxed_repeat083
2.719,0.24272436724592697,3.02,0.3250732502463884,lo_A_model_1_unrelaxed_repeat002,lo_A_model_1_unrelaxed_repeat012
2.729,0.20674663296703186,2.9,0.2681754704958668,lo_A_model_1_unrelaxed_repeat002,lo_A_model_1_unrelaxed_repeat038
2.748,0.1772566247442864,3.02,0.24422877944579982,lo_A_model_1_unrelaxed_repeat002,lo_A_model_1_unrelaxed_repeat090
2.774,0.2540370693777303,3.0,0.35019549006082495,lo_A_model_1_unrelaxed_repeat002,lo_A_model_1_unrelaxed_repeat050
2.785,0.19847657562785934,2.84,0.2573090080195628,lo_A_model_1_unrelaxed_repeat002,lo_A_model_1_unrelaxed_repeat023
2.791,0.17356985211214465,3.02,0.24519409263176886,lo_A_model_1_unrelaxed_repeat002,lo_A_model_1_unrelaxed_repeat059
2.838,0.22109868005783984,2.98,0.3115805386184761,lo_A_model_1_unrelaxed_repeat002,lo_A_model_1_unrelaxed_repeat040
3.0,0.2600580528344834,3.01,0.3413229332732488,lo_A_model_1_unrelaxed_repeat002,lo_A_model_1_unrelaxed_repeat052
3.043,0.2385573918044657,3.04,0.31254271238862524,lo_A_model_1_unrelaxed_repeat002,lo_A_model_1_unrelaxed_repeat074
1.909,0.2207560516379199,2.9699999999999998,0.32816819373036715,lo_A_model_1_unrelaxed_repeat004,lo_A_model_1_unrelaxed_repeat058
2.114,0.20495147127893262,2.9699999999999998,0.3066846110318821,lo_A_model_1_unrelaxed_repeat004,lo_A_model_1_unrelaxed_repeat024
2.344,0.21860241017405455,2.83,0.31702818006099975,lo_A_model_1_unrelaxed_repeat004,lo_A_model_1_unrelaxed_repeat057
2.388,0.22656147605461477,2.96,0.3100233504519699,lo_A_model_1_unrelaxed_repeat004,lo_A_model_1_unrelaxed_repeat051
2.392,0.23304149151344214,2.8600000000000003,0.32048635251118374,lo_A_model_1_unrelaxed_repeat004,lo_A_model_1_unrelaxed_repeat053
2.399,0.22661420582845593,2.69,0.3213788693775672,lo_A_model_1_unrelaxed_repeat004,lo_A_model_1_unrelaxed_repeat015
2.401,0.2223819639973122,2.9,0.31199757894955893,lo_A_model_1_unrelaxed_repeat004,lo_A_model_1_unrelaxed_repeat001
2.408,0.2088188254439712,2.9299999999999997,0.30494578424774477,lo_A_model_1_unrelaxed_repeat004,lo_A_model_1_unrelaxed_repeat048
2.422,0.22248862053169016,3.0,0.33515490834748857,lo_A_model_1_unrelaxed_repeat004,lo_A_model_1_unrelaxed_repeat090
2.433,0.2244818143604082,2.91,0.31353816395697465,lo_A_model_1_unrelaxed_repeat004,lo_A_model_1_unrelaxed_repeat025
2.433,0.23972983363162628,2.94,0.33319526468167987,lo_A_model_1_unrelaxed_repeat004,lo_A_model_1_unrelaxed_repeat069
2.439,0.2310852173601839,2.79,0.31214528366065053,lo_A_model_1_unrelaxed_repeat004,lo_A_model_1_unrelaxed_repeat003
2.452,0.22109735684018642,2.9,0.32408082850558145,lo_A_model_1_unrelaxed_repeat004,lo_A_model_1_unrelaxed_repeat038
2.452,0.24112375739554082,2.96,0.36541234278211066,lo_A_model_1_unrelaxed_repeat004,lo_A_model_1_unrelaxed_repeat066
2.4539999999999997,0.21968724941072038,2.96,0.3246890445942736,lo_A_model_1_unrelaxed_repeat004,lo_A_model_1_unrelaxed_repeat012
2.4560000000000004,0.21218210253269038,2.98,0.30716964412489867,lo_A_model_1_unrelaxed_repeat004,lo_A_model_1_unrelaxed_repeat077
2.457,0.21985977258113354,2.9299999999999997,0.323032483960744,lo_A_model_1_unrelaxed_repeat004,lo_A_model_1_unrelaxed_repeat020
2.463,0.23108400456842956,2.92,0.34723819400557276,lo_A_model_1_unrelaxed_repeat004,lo_A_model_1_unrelaxed_repeat074
2.465,0.2414624286196654,2.71,0.32456463631664084,lo_A_model_1_unrelaxed_repeat004,lo_A_model_1_unrelaxed_repeat055
2.465,0.21191250185071545,2.92,0.2998078068197073,lo_A_model_1_unrelaxed_repeat004,lo_A_model_1_unrelaxed_repeat010
2.466,0.2011101542301577,3.01,0.307897108577967,lo_A_model_1_unrelaxed_repeat004,lo_A_model_1_unrelaxed_repeat088
2.4779999999999998,0.21138761662765235,2.91,0.3021580937040146,lo_A_model_1_unrelaxed_repeat004,lo_A_model_1_unrelaxed_repeat065
2.48,0.23562619519624922,2.99,0.3255500462571396,lo_A_model_1_unrelaxed_repeat004,lo_A_model_1_unrelaxed_repeat023
2.482,0.23749898576697828,2.8099999999999996,0.33966018531444003,lo_A_model_1_unrelaxed_repeat004,lo_A_model_1_unrelaxed_repeat059
2.483,0.2667709862117811,3.0300000000000002,0.38643874936400247,lo_A_model_1_unrelaxed_repeat004,lo_A_model_1_unrelaxed_repeat087
2.5,0.2163127306121688,2.8600000000000003,0.30370770339046793,lo_A_model_1_unrelaxed_repeat004,lo_A_model_1_unrelaxed_repeat037
2.501,0.21736512730745206,2.98,0.3020400829874147,lo_A_model_1_unrelaxed_repeat004,lo_A_model_1_unrelaxed_repeat056
2.504,0.254675481462918,2.98,0.3361102074182785,lo_A_model_1_unrelaxed_repeat004,lo_A_model_1_unrelaxed_repeat017
2.511,0.21672709644796134,3.01,0.31749651074423474,lo_A_model_1_unrelaxed_repeat004,lo_A_model_1_unrelaxed_repeat097
2.518,0.23072230675125027,2.99,0.318943669599637,lo_A_model_1_unrelaxed_repeat004,lo_A_model_1_unrelaxed_repeat070
2.521,0.23962859375931586,2.92,0.34781048232707873,lo_A_model_1_unrelaxed_repeat004,lo_A_model_1_unrelaxed_repeat093
2.5279999999999996,0.22292855274289128,2.87,0.31473225899132967,lo_A_model_1_unrelaxed_repeat004,lo_A_model_1_unrelaxed_repeat098
2.536,0.2199278858267742,3.0300000000000002,0.33145981356937515,lo_A_model_1_unrelaxed_repeat004,lo_A_model_1_unrelaxed_repeat068
2.5540000000000003,0.2177937947989629,2.98,0.29866412156589817,lo_A_model_1_unrelaxed_repeat004,lo_A_model_1_unrelaxed_repeat079
2.571,0.23952313019801852,2.82,0.3173053569615699,lo_A_model_1_unrelaxed_repeat004,lo_A_model_1_unrelaxed_repeat060
2.577,0.24248683282099953,3.0,0.3295936718978061,lo_A_model_1_unrelaxed_repeat004,lo_A_model_1_unrelaxed_repeat046
2.582,0.2385399130727505,2.95,0.3428550914510467,lo_A_model_1_unrelaxed_repeat004,lo_A_model_1_unrelaxed_repeat022
2.582,0.23580482703302405,2.8499999999999996,0.3357244424934736,lo_A_model_1_unrelaxed_repeat004,lo_A_model_1_unrelaxed_repeat040
2.583,0.22717910097516794,2.95,0.3257878312886115,lo_A_model_1_unrelaxed_repeat004,lo_A_model_1_unrelaxed_repeat094
2.62,0.21087483693567294,2.9299999999999997,0.3029976604866314,lo_A_model_1_unrelaxed_repeat004,lo_A_model_1_unrelaxed_repeat062
2.667,0.21719626021330057,2.96,0.3088816876988796,lo_A_model_1_unrelaxed_repeat004,lo_A_model_1_unrelaxed_repeat026
2.692,0.2569769337744764,2.9699999999999998,0.3614199068536488,lo_A_model_1_unrelaxed_repeat004,lo_A_model_1_unrelaxed_repeat052
2.701,0.2429844581947113,2.99,0.35769385332133213,lo_A_model_1_unrelaxed_repeat004,lo_A_model_1_unrelaxed_repeat085
2.707,0.24315023820775172,2.92,0.33450631955983273,lo_A_model_1_unrelaxed_repeat004,lo_A_model_1_unrelaxed_repeat036
2.7119999999999997,0.23814233910978738,2.98,0.32456794214786544,lo_A_model_1_unrelaxed_repeat004,lo_A_model_1_unrelaxed_repeat035
2.7199999999999998,0.18977018252226838,2.9699999999999998,0.27843924295466577,lo_A_model_1_unrelaxed_repeat004,lo_A_model_1_unrelaxed_repeat092
2.724,0.22530877049082187,2.87,0.2968469015766874,lo_A_model_1_unrelaxed_repeat004,lo_A_model_1_unrelaxed_repeat099
2.7670000000000003,0.2344746052057859,2.96,0.3161555999444764,lo_A_model_1_unrelaxed_repeat004,lo_A_model_1_unrelaxed_repeat033
2.936,0.24344993639505894,2.96,0.3630231905951344,lo_A_model_1_unrelaxed_repeat004,lo_A_model_1_unrelaxed_repeat083
3.5269999999999997,0.24095861664531176,2.98,0.3560010769783263,lo_A_model_1_unrelaxed_repeat004,lo_A_model_1_unrelaxed_repeat050
1.932,0.1842582648200792,2.6900000000000004,0.2754318237904061,lo_A_model_1_unrelaxed_repeat092,lo_A_model_1_unrelaxed_repeat022
1.9629999999999999,0.18319259782260774,2.84,0.24572423684334857,lo_A_model_1_unrelaxed_repeat092,lo_A_model_1_unrelaxed_repeat033
2.089,0.18523033489981022,2.74,0.2615872645900564,lo_A_model_1_unrelaxed_repeat092,lo_A_model_1_unrelaxed_repeat070
2.114,0.20819577077826792,2.76,0.298264891726505,lo_A_model_1_unrelaxed_repeat092,lo_A_model_1_unrelaxed_repeat074
2.231,0.2064571285345865,3.09,0.2960597704800664,lo_A_model_1_unrelaxed_repeat092,lo_A_model_1_unrelaxed_repeat040
2.2439999999999998,0.22153482240799507,2.9299999999999997,0.3376072499543594,lo_A_model_1_unrelaxed_repeat092,lo_A_model_1_unrelaxed_repeat066
2.245,0.19547184467356377,2.7800000000000002,0.2561316721461734,lo_A_model_1_unrelaxed_repeat092,lo_A_model_1_unrelaxed_repeat056
2.27,0.19542648640341165,2.76,0.27900671970822893,lo_A_model_1_unrelaxed_repeat092,lo_A_model_1_unrelaxed_repeat046
2.278,0.18155617487486658,2.9299999999999997,0.2646295761803912,lo_A_model_1_unrelaxed_repeat092,lo_A_model_1_unrelaxed_repeat079
2.282,0.19803219633897498,2.87,0.2758749898310939,lo_A_model_1_unrelaxed_repeat092,lo_A_model_1_unrelaxed_repeat048
2.315,0.19193534766270498,2.64,0.23869063426142254,lo_A_model_1_unrelaxed_repeat092,lo_A_model_1_unrelaxed_repeat036
2.3280000000000003,0.20370561524514594,2.87,0.2932395642816396,lo_A_model_1_unrelaxed_repeat092,lo_A_model_1_unrelaxed_repeat094
2.331,0.16507517254091678,2.77,0.23505930216964546,lo_A_model_1_unrelaxed_repeat092,lo_A_model_1_unrelaxed_repeat026
2.3369999999999997,0.17934356140825908,3.0300000000000002,0.25457968389218294,lo_A_model_1_unrelaxed_repeat092,lo_A_model_1_unrelaxed_repeat020
2.338,0.21073828666132297,2.94,0.2924194862471599,lo_A_model_1_unrelaxed_repeat092,lo_A_model_1_unrelaxed_repeat015
2.34,0.17516720399727562,2.86,0.26589390894763015,lo_A_model_1_unrelaxed_repeat092,lo_A_model_1_unrelaxed_repeat088
2.341,0.18797059323172216,2.88,0.2687126625093186,lo_A_model_1_unrelaxed_repeat092,lo_A_model_1_unrelaxed_repeat097
2.344,0.17449094651264402,2.71,0.24656002411900077,lo_A_model_1_unrelaxed_repeat092,lo_A_model_1_unrelaxed_repeat098
2.356,0.20249563410401572,2.83,0.2876230345683498,lo_A_model_1_unrelaxed_repeat092,lo_A_model_1_unrelaxed_repeat069
2.364,0.22051397822422658,3.0300000000000002,0.3330447391616655,lo_A_model_1_unrelaxed_repeat092,lo_A_model_1_unrelaxed_repeat093
2.378,0.20729046955822875,2.8499999999999996,0.2833580566508665,lo_A_model_1_unrelaxed_repeat092,lo_A_model_1_unrelaxed_repeat055
2.379,0.19910428680548406,2.85,0.27917090616642953,lo_A_model_1_unrelaxed_repeat092,lo_A_model_1_unrelaxed_repeat057
2.38,0.19153666151382784,2.87,0.26048480167318433,lo_A_model_1_unrelaxed_repeat092,lo_A_model_1_unrelaxed_repeat025
2.407,0.18867724938345642,2.7800000000000002,0.2640912834771032,lo_A_model_1_unrelaxed_repeat092,lo_A_model_1_unrelaxed_repeat065
2.407,0.22135662484960072,2.91,0.3129615789972776,lo_A_model_1_unrelaxed_repeat092,lo_A_model_1_unrelaxed_repeat003
2.415,0.17360792737185687,2.8200000000000003,0.25527885955820756,lo_A_model_1_unrelaxed_repeat092,lo_A_model_1_unrelaxed_repeat099
2.423,0.20127191480926276,2.8,0.2697725953815252,lo_A_model_1_unrelaxed_repeat092,lo_A_model_1_unrelaxed_repeat035
2.4370000000000003,0.22195335253381832,2.88,0.29535415563898687,lo_A_model_1_unrelaxed_repeat092,lo_A_model_1_unrelaxed_repeat053
2.441,0.2365618496857693,2.6500000000000004,0.2830638624314171,lo_A_model_1_unrelaxed_repeat092,lo_A_model_1_unrelaxed_repeat017
2.4459999999999997,0.21086771341483537,2.83,0.27791009342701517,lo_A_model_1_unrelaxed_repeat092,lo_A_model_1_unrelaxed_repeat051
2.451,0.19403231814934635,2.96,0.2564887256402192,lo_A_model_1_unrelaxed_repeat092,lo_A_model_1_unrelaxed_repeat010
2.4530000000000003,0.16540783429211398,3.02,0.26189739060284273,lo_A_model_1_unrelaxed_repeat092,lo_A_model_1_unrelaxed_repeat062
2.4699999999999998,0.21267478917671243,2.85,0.28356548597366227,lo_A_model_1_unrelaxed_repeat092,lo_A_model_1_unrelaxed_repeat024
2.473,0.22576596564724982,3.0,0.30689258954307136,lo_A_model_1_unrelaxed_repeat092,lo_A_model_1_unrelaxed_repeat058
2.491,0.2111218640686932,2.83,0.3271102503435628,lo_A_model_1_unrelaxed_repeat092,lo_A_model_1_unrelaxed_repeat083
2.511,0.1948412273176828,2.98,0.27936439200319235,lo_A_model_1_unrelaxed_repeat092,lo_A_model_1_unrelaxed_repeat060
2.5149999999999997,0.18532575503490084,3.0,0.25398207725170885,lo_A_model_1_unrelaxed_repeat092,lo_A_model_1_unrelaxed_repeat077
2.545,0.20196898159840534,2.9299999999999997,0.2895399142530035,lo_A_model_1_unrelaxed_repeat092,lo_A_model_1_unrelaxed_repeat001
2.552,0.2610467632233992,2.9699999999999998,0.3795222129959822,lo_A_model_1_unrelaxed_repeat092,lo_A_model_1_unrelaxed_repeat087
2.6,0.19135764103143588,2.8899999999999997,0.23962375133351732,lo_A_model_1_unrelaxed_repeat092,lo_A_model_1_unrelaxed_repeat037
2.605,0.20021092668613455,2.92,0.3051295838608037,lo_A_model_1_unrelaxed_repeat092,lo_A_model_1_unrelaxed_repeat068
2.692,0.24220571187928824,2.96,0.32148550941074666,lo_A_model_1_unrelaxed_repeat092,lo_A_model_1_unrelaxed_repeat052
2.698,0.21096738826826403,3.0300000000000002,0.30866536273389217,lo_A_model_1_unrelaxed_repeat092,lo_A_model_1_unrelaxed_repeat012
2.708,0.20786390259701473,2.8200000000000003,0.2773388769116909,lo_A_model_1_unrelaxed_repeat092,lo_A_model_1_unrelaxed_repeat038
2.7270000000000003,0.20140289090159386,2.81,0.2883749546150171,lo_A_model_1_unrelaxed_repeat092,lo_A_model_1_unrelaxed_repeat090
2.7640000000000002,0.21029390904902298,2.86,0.2858562921163172,lo_A_model_1_unrelaxed_repeat092,lo_A_model_1_unrelaxed_repeat023
2.77,0.22165798190953107,2.86,0.3000470158675876,lo_A_model_1_unrelaxed_repeat092,lo_A_model_1_unrelaxed_repeat059
2.78,0.22974447770461293,3.01,0.3411595140400288,lo_A_model_1_unrelaxed_repeat092,lo_A_model_1_unrelaxed_repeat050
2.815,0.2263170127759221,2.92,0.335321253945585,lo_A_model_1_unrelaxed_repeat092,lo_A_model_1_unrelaxed_repeat085
2.087,0.18776098631726618,2.8200000000000003,0.2611318491343633,lo_A_model_1_unrelaxed_repeat053,lo_A_model_1_unrelaxed_repeat024
2.285,0.2274449421656551,2.73,0.2929761936941819,lo_A_model_1_unrelaxed_repeat053,lo_A_model_1_unrelaxed_repeat017
2.3049999999999997,0.17521606608419224,2.79,0.26298288917722384,lo_A_model_1_unrelaxed_repeat053,lo_A_model_1_unrelaxed_repeat051
2.36,0.17791940195168165,2.83,0.24725647692045,lo_A_model_1_unrelaxed_repeat053,lo_A_model_1_unrelaxed_repeat058
2.362,0.20309205507015293,2.84,0.2635167684750347,lo_A_model_1_unrelaxed_repeat053,lo_A_model_1_unrelaxed_repeat057
2.379,0.18174551766211958,2.8200000000000003,0.2593422405066628,lo_A_model_1_unrelaxed_repeat053,lo_A_model_1_unrelaxed_repeat048
2.4050000000000002,0.20455521236822594,2.86,0.2618501356925976,lo_A_model_1_unrelaxed_repeat053,lo_A_model_1_unrelaxed_repeat035
2.406,0.2004492044083129,2.8499999999999996,0.2574886416373469,lo_A_model_1_unrelaxed_repeat053,lo_A_model_1_unrelaxed_repeat077
2.417,0.2118945610608094,2.86,0.2633147346794036,lo_A_model_1_unrelaxed_repeat053,lo_A_model_1_unrelaxed_repeat015
2.419,0.2169824745861733,2.91,0.28163176680621804,lo_A_model_1_unrelaxed_repeat053,lo_A_model_1_unrelaxed_repeat033
2.42,0.20710978891352635,2.9,0.29449911406168733,lo_A_model_1_unrelaxed_repeat053,lo_A_model_1_unrelaxed_repeat099
2.42,0.1938879652312553,2.74,0.2431661683041564,lo_A_model_1_unrelaxed_repeat053,lo_A_model_1_unrelaxed_repeat025
2.4210000000000003,0.1810603129066976,2.83,0.23964279569370947,lo_A_model_1_unrelaxed_repeat053,lo_A_model_1_unrelaxed_repeat069
2.4219999999999997,0.22529374689308918,2.9,0.2808306196088155,lo_A_model_1_unrelaxed_repeat053,lo_A_model_1_unrelaxed_repeat001
2.43,0.18611549477751818,2.86,0.27827241415685944,lo_A_model_1_unrelaxed_repeat053,lo_A_model_1_unrelaxed_repeat098
2.44,0.22043190923603156,2.84,0.30081011268119506,lo_A_model_1_unrelaxed_repeat053,lo_A_model_1_unrelaxed_repeat046
2.449,0.19666132191277644,2.79,0.255242205935827,lo_A_model_1_unrelaxed_repeat053,lo_A_model_1_unrelaxed_repeat055
2.452,0.19720394880654066,3.01,0.2683962863446608,lo_A_model_1_unrelaxed_repeat053,lo_A_model_1_unrelaxed_repeat022
2.468,0.19477976485102869,2.92,0.26581889561252753,lo_A_model_1_unrelaxed_repeat053,lo_A_model_1_unrelaxed_repeat070
2.475,0.20374567023669554,3.0,0.2778723062811354,lo_A_model_1_unrelaxed_repeat053,lo_A_model_1_unrelaxed_repeat020
2.48,0.19175003399342772,2.87,0.28155886315150913,lo_A_model_1_unrelaxed_repeat053,lo_A_model_1_unrelaxed_repeat088
2.483,0.1926607431357946,2.9,0.2511385234087239,lo_A_model_1_unrelaxed_repeat053,lo_A_model_1_unrelaxed_repeat010
2.483,0.2148621676167337,2.88,0.2898720056943489,lo_A_model_1_unrelaxed_repeat053,lo_A_model_1_unrelaxed_repeat026
2.491,0.20074746518512918,2.87,0.2814524966462074,lo_A_model_1_unrelaxed_repeat053,lo_A_model_1_unrelaxed_repeat062
2.496,0.19511012627075652,2.86,0.2512256080729932,lo_A_model_1_unrelaxed_repeat053,lo_A_model_1_unrelaxed_repeat065
2.503,0.21972025978685064,2.8600000000000003,0.2857358044216182,lo_A_model_1_unrelaxed_repeat053,lo_A_model_1_unrelaxed_repeat036
2.504,0.20018496025394641,2.86,0.2744284214729958,lo_A_model_1_unrelaxed_repeat053,lo_A_model_1_unrelaxed_repeat079
2.511,0.19801689065396222,2.8499999999999996,0.2722248712804063,lo_A_model_1_unrelaxed_repeat053,lo_A_model_1_unrelaxed_repeat097
2.512,0.24407494803340782,2.92,0.34073114183434533,lo_A_model_1_unrelaxed_repeat053,lo_A_model_1_unrelaxed_repeat085
2.519,0.18721913900182238,2.85,0.24972230643064605,lo_A_model_1_unrelaxed_repeat053,lo_A_model_1_unrelaxed_repeat056
2.5330000000000004,0.19162337808102042,2.81,0.2506452902339321,lo_A_model_1_unrelaxed_repeat053,lo_A_model_1_unrelaxed_repeat094
2.535,0.2077338763328018,2.74,0.2777955835971739,lo_A_model_1_unrelaxed_repeat053,lo_A_model_1_unrelaxed_repeat060
2.542,0.2423891543487925,2.86,0.30470328445779926,lo_A_model_1_unrelaxed_repeat053,lo_A_model_1_unrelaxed_repeat003
2.5540000000000003,0.22917056264083283,2.92,0.3131693175571762,lo_A_model_1_unrelaxed_repeat053,lo_A_model_1_unrelaxed_repeat068
2.561,0.25053040843535707,2.8899999999999997,0.3495940011859987,lo_A_model_1_unrelaxed_repeat053,lo_A_model_1_unrelaxed_repeat083
2.576,0.27466903585238744,2.88,0.36492168991593465,lo_A_model_1_unrelaxed_repeat053,lo_A_model_1_unrelaxed_repeat087
2.5869999999999997,0.24794738296870578,2.74,0.32315110715323775,lo_A_model_1_unrelaxed_repeat053,lo_A_model_1_unrelaxed_repeat040
2.6100000000000003,0.25039320951361543,2.8899999999999997,0.34106435273106844,lo_A_model_1_unrelaxed_repeat053,lo_A_model_1_unrelaxed_repeat093
2.624,0.1993268241672907,2.96,0.2625021016333881,lo_A_model_1_unrelaxed_repeat053,lo_A_model_1_unrelaxed_repeat037
2.681,0.26444876454636757,3.01,0.36740847059265413,lo_A_model_1_unrelaxed_repeat053,lo_A_model_1_unrelaxed_repeat066
2.6959999999999997,0.25308407679755207,2.98,0.3277600748515088,lo_A_model_1_unrelaxed_repeat053,lo_A_model_1_unrelaxed_repeat052
2.718,0.2285101062743788,2.92,0.30734876248746323,lo_A_model_1_unrelaxed_repeat053,lo_A_model_1_unrelaxed_repeat074
2.722,0.23169546326311524,2.8899999999999997,0.319792761935839,lo_A_model_1_unrelaxed_repeat053,lo_A_model_1_unrelaxed_repeat012
2.732,0.23336108132578437,2.9,0.29707072514262794,lo_A_model_1_unrelaxed_repeat053,lo_A_model_1_unrelaxed_repeat038
2.7510000000000003,0.20044146484636555,2.83,0.2693045672254172,lo_A_model_1_unrelaxed_repeat053,lo_A_model_1_unrelaxed_repeat090
2.7880000000000003,0.21438202767753223,2.8499999999999996,0.2788465409847686,lo_A_model_1_unrelaxed_repeat053,lo_A_model_1_unrelaxed_repeat023
2.794,0.21372283402904738,2.88,0.2734698880777638,lo_A_model_1_unrelaxed_repeat053,lo_A_model_1_unrelaxed_repeat059
2.891,0.266816064016332,2.99,0.364290872478438,lo_A_model_1_unrelaxed_repeat053,lo_A_model_1_unrelaxed_repeat050
1.6059999999999999,0.17861134507475565,2.75,0.2483042920676714,lo_A_model_1_unrelaxed_repeat055,lo_A_model_1_unrelaxed_repeat025
1.965,0.1539573729161756,2.69,0.21355556647249374,lo_A_model_1_unrelaxed_repeat055,lo_A_model_1_unrelaxed_repeat057
1.9789999999999999,0.13640834199336604,2.7800000000000002,0.1979695934803509,lo_A_model_1_unrelaxed_repeat055,lo_A_model_1_unrelaxed_repeat069
2.036,0.1802540751733373,2.83,0.2749418978808076,lo_A_model_1_unrelaxed_repeat055,lo_A_model_1_unrelaxed_repeat062
2.04,0.19306357184977546,3.02,0.2671535969233244,lo_A_model_1_unrelaxed_repeat055,lo_A_model_1_unrelaxed_repeat020
2.0620000000000003,0.16320176739624773,2.98,0.24004345100231064,lo_A_model_1_unrelaxed_repeat055,lo_A_model_1_unrelaxed_repeat094
2.08,0.189683878272986,2.8899999999999997,0.2696277834921714,lo_A_model_1_unrelaxed_repeat055,lo_A_model_1_unrelaxed_repeat079
2.085,0.18679629031983805,2.75,0.2504877645149036,lo_A_model_1_unrelaxed_repeat055,lo_A_model_1_unrelaxed_repeat070
2.101,0.18140782625827898,2.9699999999999998,0.2636739435322612,lo_A_model_1_unrelaxed_repeat055,lo_A_model_1_unrelaxed_repeat088
2.1029999999999998,0.16592268568576998,2.8499999999999996,0.21521051343507822,lo_A_model_1_unrelaxed_repeat055,lo_A_model_1_unrelaxed_repeat035
2.113,0.16093002593517602,2.69,0.20953105212014544,lo_A_model_1_unrelaxed_repeat055,lo_A_model_1_unrelaxed_repeat010
2.157,0.1830831733251108,2.8099999999999996,0.24129556134667707,lo_A_model_1_unrelaxed_repeat055,lo_A_model_1_unrelaxed_repeat022
2.193,0.2130757829280143,2.8,0.27251417781494847,lo_A_model_1_unrelaxed_repeat055,lo_A_model_1_unrelaxed_repeat056
2.206,0.2005864834405743,2.8,0.28051653765330076,lo_A_model_1_unrelaxed_repeat055,lo_A_model_1_unrelaxed_repeat099
2.226,0.2398444166663226,2.92,0.3449572966045025,lo_A_model_1_unrelaxed_repeat055,lo_A_model_1_unrelaxed_repeat085
2.257,0.18821615203151612,2.79,0.24282363770271972,lo_A_model_1_unrelaxed_repeat055,lo_A_model_1_unrelaxed_repeat003
2.27,0.2002591654165505,2.91,0.2737710999439509,lo_A_model_1_unrelaxed_repeat055,lo_A_model_1_unrelaxed_repeat026
2.3,0.21382013954347703,2.94,0.26933447357369933,lo_A_model_1_unrelaxed_repeat055,lo_A_model_1_unrelaxed_repeat036
2.332,0.19696628179957948,3.05,0.2815414854181261,lo_A_model_1_unrelaxed_repeat055,lo_A_model_1_unrelaxed_repeat097
2.3419999999999996,0.2163584736665628,2.9,0.2830633570272906,lo_A_model_1_unrelaxed_repeat055,lo_A_model_1_unrelaxed_repeat001
2.3609999999999998,0.23293899377556584,2.9299999999999997,0.30066540416992404,lo_A_model_1_unrelaxed_repeat055,lo_A_model_1_unrelaxed_repeat033
2.366,0.20220145551479912,2.84,0.27520370917751885,lo_A_model_1_unrelaxed_repeat055,lo_A_model_1_unrelaxed_repeat015
2.392,0.2319307059457954,2.87,0.29930821526533796,lo_A_model_1_unrelaxed_repeat055,lo_A_model_1_unrelaxed_repeat046
2.453,0.2164246924369386,2.94,0.2711372752527279,lo_A_model_1_unrelaxed_repeat055,lo_A_model_1_unrelaxed_repeat017
2.4579999999999997,0.21433472078081245,2.9299999999999997,0.27126277057679965,lo_A_model_1_unrelaxed_repeat055,lo_A_model_1_unrelaxed_repeat051
2.465,0.22265518161465936,2.98,0.31584856297810854,lo_A_model_1_unrelaxed_repeat055,lo_A_model_1_unrelaxed_repeat068
2.479,0.1717648998770028,2.87,0.23654680718317692,lo_A_model_1_unrelaxed_repeat055,lo_A_model_1_unrelaxed_repeat024
2.482,0.17958178963982738,2.69,0.2434723768382397,lo_A_model_1_unrelaxed_repeat055,lo_A_model_1_unrelaxed_repeat058
2.499,0.19121712037488567,2.7,0.2530369473211079,lo_A_model_1_unrelaxed_repeat055,lo_A_model_1_unrelaxed_repeat048
2.5,0.20020451131763073,2.83,0.275273202826871,lo_A_model_1_unrelaxed_repeat055,lo_A_model_1_unrelaxed_repeat060
2.518,0.23714310825138943,2.94,0.3471914290589806,lo_A_model_1_unrelaxed_repeat055,lo_A_model_1_unrelaxed_repeat083
2.5300000000000002,0.24128785129319735,2.94,0.34295893304708575,lo_A_model_1_unrelaxed_repeat055,lo_A_model_1_unrelaxed_repeat093
2.5410000000000004,0.27500362437460757,2.9699999999999998,0.3573546504648705,lo_A_model_1_unrelaxed_repeat055,lo_A_model_1_unrelaxed_repeat087
2.5890000000000004,0.2089792851717636,2.8899999999999997,0.26309378648384907,lo_A_model_1_unrelaxed_repeat055,lo_A_model_1_unrelaxed_repeat037
2.601,0.2586153954171737,2.9299999999999997,0.3636847665796027,lo_A_model_1_unrelaxed_repeat055,lo_A_model_1_unrelaxed_repeat066
2.656,0.20106689041361547,2.84,0.25563016472216227,lo_A_model_1_unrelaxed_repeat055,lo_A_model_1_unrelaxed_repeat077
2.685,0.20924482993734364,2.9,0.2670267597355711,lo_A_model_1_unrelaxed_repeat055,lo_A_model_1_unrelaxed_repeat065
2.6870000000000003,0.24552228468038928,2.91,0.3264643471454142,lo_A_model_1_unrelaxed_repeat055,lo_A_model_1_unrelaxed_repeat012
2.697,0.21688519869610232,2.91,0.2886787027460984,lo_A_model_1_unrelaxed_repeat055,lo_A_model_1_unrelaxed_repeat038
2.716,0.1880837552755936,3.0300000000000002,0.2636248906603463,lo_A_model_1_unrelaxed_repeat055,lo_A_model_1_unrelaxed_repeat090
2.741,0.19133668204015267,2.98,0.27687676666684324,lo_A_model_1_unrelaxed_repeat055,lo_A_model_1_unrelaxed_repeat098
2.753,0.24281844834259994,2.92,0.3235866594596531,lo_A_model_1_unrelaxed_repeat055,lo_A_model_1_unrelaxed_repeat074
2.753,0.1913173351967383,2.9299999999999997,0.24377362326376006,lo_A_model_1_unrelaxed_repeat055,lo_A_model_1_unrelaxed_repeat023
2.754,0.2614960020428731,3.0,0.35930253530152817,lo_A_model_1_unrelaxed_repeat055,lo_A_model_1_unrelaxed_repeat050
2.7590000000000003,0.1804514518267463,3.0300000000000002,0.2510075832857501,lo_A_model_1_unrelaxed_repeat055,lo_A_model_1_unrelaxed_repeat059
2.868,0.26065867869901416,2.92,0.34317990377050245,lo_A_model_1_unrelaxed_repeat055,lo_A_model_1_unrelaxed_repeat052
2.903,0.2339221414068009,2.91,0.33148721969939404,lo_A_model_1_unrelaxed_repeat055,lo_A_model_1_unrelaxed_repeat040
2.216,0.21676706708674764,3.02,0.311169467924217,lo_A_model_1_unrelaxed_repeat068,lo_A_model_1_unrelaxed_repeat070
2.261,0.21923035683094433,3.01,0.30952374695404106,lo_A_model_1_unrelaxed_repeat068,lo_A_model_1_unrelaxed_repeat001
2.307,0.182171801822107,3.0300000000000002,0.28081268735424514,lo_A_model_1_unrelaxed_repeat068,lo_A_model_1_unrelaxed_repeat066
2.338,0.17560165693131805,2.96,0.2635293090143582,lo_A_model_1_unrelaxed_repeat068,lo_A_model_1_unrelaxed_repeat040
2.338,0.20652196604879125,2.99,0.31448115636873336,lo_A_model_1_unrelaxed_repeat068,lo_A_model_1_unrelaxed_repeat088
2.429,0.25886977686356233,2.98,0.3452728804085786,lo_A_model_1_unrelaxed_repeat068,lo_A_model_1_unrelaxed_repeat003
2.46,0.21870473952369837,2.9299999999999997,0.3112071654974199,lo_A_model_1_unrelaxed_repeat068,lo_A_model_1_unrelaxed_repeat057
2.465,0.21581121339802106,2.9699999999999998,0.3120906933222603,lo_A_model_1_unrelaxed_repeat068,lo_A_model_1_unrelaxed_repeat065
2.467,0.2210698101148278,2.89,0.3291988801897248,lo_A_model_1_unrelaxed_repeat068,lo_A_model_1_unrelaxed_repeat022
2.505,0.20014850352198163,2.98,0.29959448033406433,lo_A_model_1_unrelaxed_repeat068,lo_A_model_1_unrelaxed_repeat062
2.5069999999999997,0.1750844570367433,3.02,0.276135087506491,lo_A_model_1_unrelaxed_repeat068,lo_A_model_1_unrelaxed_repeat083
2.5149999999999997,0.22653772799060945,2.99,0.31974681507572983,lo_A_model_1_unrelaxed_repeat068,lo_A_model_1_unrelaxed_repeat060
2.515,0.2124293719200887,3.04,0.2989821550552605,lo_A_model_1_unrelaxed_repeat068,lo_A_model_1_unrelaxed_repeat025
2.5389999999999997,0.2390427542103847,3.0300000000000002,0.32791564392065375,lo_A_model_1_unrelaxed_repeat068,lo_A_model_1_unrelaxed_repeat058
2.55,0.22323075623517388,2.95,0.322695416612505,lo_A_model_1_unrelaxed_repeat068,lo_A_model_1_unrelaxed_repeat024
2.556,0.23337689068207867,2.9,0.3394473333694295,lo_A_model_1_unrelaxed_repeat068,lo_A_model_1_unrelaxed_repeat087
2.558,0.2581616864800768,2.98,0.33075848153061005,lo_A_model_1_unrelaxed_repeat068,lo_A_model_1_unrelaxed_repeat017
2.5629999999999997,0.23623775698534086,3.02,0.32186136042742775,lo_A_model_1_unrelaxed_repeat068,lo_A_model_1_unrelaxed_repeat051
2.582,0.20011327264430018,3.04,0.29547081800381825,lo_A_model_1_unrelaxed_repeat068,lo_A_model_1_unrelaxed_repeat010
2.592,0.23059169334884516,2.88,0.30683976889709724,lo_A_model_1_unrelaxed_repeat068,lo_A_model_1_unrelaxed_repeat036
2.597,0.23099338749058962,2.8899999999999997,0.3210040578407298,lo_A_model_1_unrelaxed_repeat068,lo_A_model_1_unrelaxed_repeat035
2.604,0.2125700672164236,3.01,0.31559984442736205,lo_A_model_1_unrelaxed_repeat068,lo_A_model_1_unrelaxed_repeat069
2.609,0.21430113050343452,2.86,0.3031447951222785,lo_A_model_1_unrelaxed_repeat068,lo_A_model_1_unrelaxed_repeat099
2.629,0.20319370942016293,2.71,0.2971187823336833,lo_A_model_1_unrelaxed_repeat068,lo_A_model_1_unrelaxed_repeat085
2.6310000000000002,0.21660138226309467,3.0300000000000002,0.3037869236699416,lo_A_model_1_unrelaxed_repeat068,lo_A_model_1_unrelaxed_repeat048
2.661,0.22479444942465018,3.0300000000000002,0.30769585339653976,lo_A_model_1_unrelaxed_repeat068,lo_A_model_1_unrelaxed_repeat015
2.674,0.21776754087742212,3.04,0.304563713849814,lo_A_model_1_unrelaxed_repeat068,lo_A_model_1_unrelaxed_repeat077
2.68,0.19379863596491023,3.02,0.29178435802486535,lo_A_model_1_unrelaxed_repeat068,lo_A_model_1_unrelaxed_repeat093
2.681,0.19890743060871074,3.0300000000000002,0.28552910001047127,lo_A_model_1_unrelaxed_repeat068,lo_A_model_1_unrelaxed_repeat098
2.692,0.2189494718985072,2.9,0.31240897959138053,lo_A_model_1_unrelaxed_repeat068,lo_A_model_1_unrelaxed_repeat052
2.702,0.19177430329651596,2.9299999999999997,0.2636144711760866,lo_A_model_1_unrelaxed_repeat068,lo_A_model_1_unrelaxed_repeat012
2.722,0.21252862131580705,2.89,0.2971204194157018,lo_A_model_1_unrelaxed_repeat068,lo_A_model_1_unrelaxed_repeat026
2.755,0.20814834866044823,3.04,0.30468976224353667,lo_A_model_1_unrelaxed_repeat068,lo_A_model_1_unrelaxed_repeat056
2.7569999999999997,0.19453684110341413,2.8899999999999997,0.28086688816913613,lo_A_model_1_unrelaxed_repeat068,lo_A_model_1_unrelaxed_repeat050
2.768,0.24733588567643727,2.86,0.32561837286867323,lo_A_model_1_unrelaxed_repeat068,lo_A_model_1_unrelaxed_repeat023
2.774,0.22834897432932172,2.88,0.32842124630032576,lo_A_model_1_unrelaxed_repeat068,lo_A_model_1_unrelaxed_repeat059
2.848,0.2178223495550106,3.04,0.30956215329478437,lo_A_model_1_unrelaxed_repeat068,lo_A_model_1_unrelaxed_repeat094
2.8810000000000002,0.2114114641004026,2.9699999999999998,0.32033231135739465,lo_A_model_1_unrelaxed_repeat068,lo_A_model_1_unrelaxed_repeat090
2.922,0.21784165870869523,3.02,0.3198831599998695,lo_A_model_1_unrelaxed_repeat068,lo_A_model_1_unrelaxed_repeat074
2.924,0.21817502128832963,3.0,0.3193201827523882,lo_A_model_1_unrelaxed_repeat068,lo_A_model_1_unrelaxed_repeat097
3.0020000000000002,0.21368014013703815,2.95,0.30265662068244675,lo_A_model_1_unrelaxed_repeat068,lo_A_model_1_unrelaxed_repeat037
3.0220000000000002,0.23766809667558722,3.04,0.3271764583630828,lo_A_model_1_unrelaxed_repeat068,lo_A_model_1_unrelaxed_repeat046
3.032,0.2109699190024286,3.01,0.30410642102326985,lo_A_model_1_unrelaxed_repeat068,lo_A_model_1_unrelaxed_repeat020
3.0340000000000003,0.20567592464839288,3.01,0.3001331130528367,lo_A_model_1_unrelaxed_repeat068,lo_A_model_1_unrelaxed_repeat079
3.0700000000000003,0.23989718649003974,2.95,0.32908843622270884,lo_A_model_1_unrelaxed_repeat068,lo_A_model_1_unrelaxed_repeat038
3.164,0.2380393272469193,3.04,0.319254854896243,lo_A_model_1_unrelaxed_repeat068,lo_A_model_1_unrelaxed_repeat033
1.712,0.14852844508231203,2.84,0.22008504013836075,lo_A_model_1_unrelaxed_repeat035,lo_A_model_1_unrelaxed_repeat094
1.805,0.19401655387096656,2.8499999999999996,0.2843894647628447,lo_A_model_1_unrelaxed_repeat035,lo_A_model_1_unrelaxed_repeat062
1.8399999999999999,0.1920169349052705,2.91,0.2674031318197489,lo_A_model_1_unrelaxed_repeat035,lo_A_model_1_unrelaxed_repeat070
1.881,0.16042159494872918,2.76,0.22595288607117034,lo_A_model_1_unrelaxed_repeat035,lo_A_model_1_unrelaxed_repeat069
1.964,0.19081545211750994,2.86,0.24286240121259361,lo_A_model_1_unrelaxed_repeat035,lo_A_model_1_unrelaxed_repeat025
2.125,0.2196084785113012,2.8,0.2876485994024609,lo_A_model_1_unrelaxed_repeat035,lo_A_model_1_unrelaxed_repeat046
2.146,0.1938949791693102,2.87,0.27834700094084197,lo_A_model_1_unrelaxed_repeat035,lo_A_model_1_unrelaxed_repeat088
2.151,0.2192100742492473,2.8600000000000003,0.28331099802564846,lo_A_model_1_unrelaxed_repeat035,lo_A_model_1_unrelaxed_repeat033
2.161,0.22578316030930223,2.9299999999999997,0.3350543696404578,lo_A_model_1_unrelaxed_repeat035,lo_A_model_1_unrelaxed_repeat085
2.163,0.1640100035331423,2.81,0.21638028834565629,lo_A_model_1_unrelaxed_repeat035,lo_A_model_1_unrelaxed_repeat057
2.197,0.21208564145954037,2.6,0.2885986069561891,lo_A_model_1_unrelaxed_repeat035,lo_A_model_1_unrelaxed_repeat099
2.202,0.19011573615313174,3.01,0.25177538414814715,lo_A_model_1_unrelaxed_repeat035,lo_A_model_1_unrelaxed_repeat022
2.213,0.19700835766531757,2.84,0.26502608719815696,lo_A_model_1_unrelaxed_repeat035,lo_A_model_1_unrelaxed_repeat026
2.23,0.20434022654171335,3.01,0.2775336915195509,lo_A_model_1_unrelaxed_repeat035,lo_A_model_1_unrelaxed_repeat097
2.237,0.2043897718255382,2.76,0.2548741449358789,lo_A_model_1_unrelaxed_repeat035,lo_A_model_1_unrelaxed_repeat056
2.27,0.20619280808472815,2.9,0.27908762039355756,lo_A_model_1_unrelaxed_repeat035,lo_A_model_1_unrelaxed_repeat079
2.301,0.21461552607939335,2.87,0.2613309720777387,lo_A_model_1_unrelaxed_repeat035,lo_A_model_1_unrelaxed_repeat036
2.311,0.21483437743569606,2.91,0.29221736280458,lo_A_model_1_unrelaxed_repeat035,lo_A_model_1_unrelaxed_repeat001
2.3289999999999997,0.20840823122915023,3.01,0.27952867545311383,lo_A_model_1_unrelaxed_repeat035,lo_A_model_1_unrelaxed_repeat020
2.344,0.17496068227846975,2.84,0.22747535199528565,lo_A_model_1_unrelaxed_repeat035,lo_A_model_1_unrelaxed_repeat003
2.374,0.2398079322063182,2.8200000000000003,0.34205764642293096,lo_A_model_1_unrelaxed_repeat035,lo_A_model_1_unrelaxed_repeat083
2.383,0.2312451027977765,3.04,0.3362366409001762,lo_A_model_1_unrelaxed_repeat035,lo_A_model_1_unrelaxed_repeat093
2.409,0.2145390827465967,2.54,0.28430780836947994,lo_A_model_1_unrelaxed_repeat035,lo_A_model_1_unrelaxed_repeat017
2.413,0.16626938601784907,2.58,0.21586469825847002,lo_A_model_1_unrelaxed_repeat035,lo_A_model_1_unrelaxed_repeat024
2.4139999999999997,0.22095980447387492,3.0300000000000002,0.2747164489519141,lo_A_model_1_unrelaxed_repeat035,lo_A_model_1_unrelaxed_repeat051
2.4139999999999997,0.2021219358879581,2.91,0.27279085355892657,lo_A_model_1_unrelaxed_repeat035,lo_A_model_1_unrelaxed_repeat060
2.416,0.17368966537171543,2.86,0.2374659376221319,lo_A_model_1_unrelaxed_repeat035,lo_A_model_1_unrelaxed_repeat058
2.418,0.17893454977850115,2.9299999999999997,0.23426273109841464,lo_A_model_1_unrelaxed_repeat035,lo_A_model_1_unrelaxed_repeat010
2.4539999999999997,0.2509531666377086,2.94,0.348434430298519,lo_A_model_1_unrelaxed_repeat035,lo_A_model_1_unrelaxed_repeat066
2.455,0.26964421745278067,2.98,0.35611703401694267,lo_A_model_1_unrelaxed_repeat035,lo_A_model_1_unrelaxed_repeat087
2.473,0.220543386030056,2.77,0.2738416885469889,lo_A_model_1_unrelaxed_repeat035,lo_A_model_1_unrelaxed_repeat077
2.49,0.1856392805665611,2.71,0.24806311209500773,lo_A_model_1_unrelaxed_repeat035,lo_A_model_1_unrelaxed_repeat048
2.49,0.20426887873871805,2.87,0.27515572388945014,lo_A_model_1_unrelaxed_repeat035,lo_A_model_1_unrelaxed_repeat015
2.503,0.224529723124854,2.95,0.2844756741022632,lo_A_model_1_unrelaxed_repeat035,lo_A_model_1_unrelaxed_repeat037
2.558,0.19782920626081835,2.87,0.2792173816381599,lo_A_model_1_unrelaxed_repeat035,lo_A_model_1_unrelaxed_repeat098
2.601,0.246769500854983,3.04,0.3263301820192389,lo_A_model_1_unrelaxed_repeat035,lo_A_model_1_unrelaxed_repeat012
2.6109999999999998,0.22070333599173958,2.7699999999999996,0.2875521971650027,lo_A_model_1_unrelaxed_repeat035,lo_A_model_1_unrelaxed_repeat038
2.63,0.19806435494086308,2.8600000000000003,0.2784353894432613,lo_A_model_1_unrelaxed_repeat035,lo_A_model_1_unrelaxed_repeat090
2.6559999999999997,0.2686057510540023,3.02,0.3562084149862409,lo_A_model_1_unrelaxed_repeat035,lo_A_model_1_unrelaxed_repeat050
2.667,0.1614088970465373,2.88,0.2306650830612075,lo_A_model_1_unrelaxed_repeat035,lo_A_model_1_unrelaxed_repeat023
2.673,0.17193221956891655,2.81,0.23858794187591226,lo_A_model_1_unrelaxed_repeat035,lo_A_model_1_unrelaxed_repeat059
2.676,0.2088955348783971,2.84,0.2672446704369745,lo_A_model_1_unrelaxed_repeat035,lo_A_model_1_unrelaxed_repeat065
2.898,0.2478348450954601,2.88,0.331013054646201,lo_A_model_1_unrelaxed_repeat035,lo_A_model_1_unrelaxed_repeat074
2.911,0.2628609063366298,2.9699999999999998,0.34367641233411667,lo_A_model_1_unrelaxed_repeat035,lo_A_model_1_unrelaxed_repeat052
2.957,0.2322060398036971,2.92,0.3263875628784233,lo_A_model_1_unrelaxed_repeat035,lo_A_model_1_unrelaxed_repeat040
2.26,0.24432637533103838,2.96,0.3425478883221898,lo_A_model_1_unrelaxed_repeat093,lo_A_model_1_unrelaxed_repeat001
2.263,0.23971303420897028,3.01,0.35902566447809015,lo_A_model_1_unrelaxed_repeat093,lo_A_model_1_unrelaxed_repeat022
2.282,0.22475758806002066,3.05,0.3350211489491441,lo_A_model_1_unrelaxed_repeat093,lo_A_model_1_unrelaxed_repeat062
2.305,0.2449018156010535,2.98,0.34689235527991275,lo_A_model_1_unrelaxed_repeat093,lo_A_model_1_unrelaxed_repeat036
2.3120000000000003,0.22896037915269393,3.01,0.34055391217228914,lo_A_model_1_unrelaxed_repeat093,lo_A_model_1_unrelaxed_repeat094
2.3160000000000003,0.23879237544231777,2.92,0.34332265216658947,lo_A_model_1_unrelaxed_repeat093,lo_A_model_1_unrelaxed_repeat046
2.351,0.23748229058286938,3.0,0.3374165079792903,lo_A_model_1_unrelaxed_repeat093,lo_A_model_1_unrelaxed_repeat077
2.352,0.22200554581996634,3.02,0.33111836332243433,lo_A_model_1_unrelaxed_repeat093,lo_A_model_1_unrelaxed_repeat056
2.359,0.23380777169689104,3.0,0.34942269985787366,lo_A_model_1_unrelaxed_repeat093,lo_A_model_1_unrelaxed_repeat069
2.3689999999999998,0.234819664164038,2.98,0.3352785445447498,lo_A_model_1_unrelaxed_repeat093,lo_A_model_1_unrelaxed_repeat010
2.374,0.20146110215012278,2.84,0.31843959682180595,lo_A_model_1_unrelaxed_repeat093,lo_A_model_1_unrelaxed_repeat066
2.379,0.1813024993771475,2.9299999999999997,0.24955422345352266,lo_A_model_1_unrelaxed_repeat093,lo_A_model_1_unrelaxed_repeat085
2.386,0.2304001985722797,2.9699999999999998,0.3350769988165533,lo_A_model_1_unrelaxed_repeat093,lo_A_model_1_unrelaxed_repeat015
2.404,0.22672213871415103,2.9699999999999998,0.32822045872842387,lo_A_model_1_unrelaxed_repeat093,lo_A_model_1_unrelaxed_repeat025
2.423,0.23133225274223712,2.9,0.3322328759079219,lo_A_model_1_unrelaxed_repeat093,lo_A_model_1_unrelaxed_repeat097
2.469,0.23065733460825322,2.96,0.33614919366342716,lo_A_model_1_unrelaxed_repeat093,lo_A_model_1_unrelaxed_repeat065
2.469,0.22439168315205257,3.0,0.3339369356137411,lo_A_model_1_unrelaxed_repeat093,lo_A_model_1_unrelaxed_repeat088
2.492,0.2686693933414354,2.92,0.3588850960408204,lo_A_model_1_unrelaxed_repeat093,lo_A_model_1_unrelaxed_repeat017
2.509,0.2583578032621383,2.96,0.36075639817873717,lo_A_model_1_unrelaxed_repeat093,lo_A_model_1_unrelaxed_repeat003
2.5119999999999996,0.23439957020472593,3.01,0.329397247248657,lo_A_model_1_unrelaxed_repeat093,lo_A_model_1_unrelaxed_repeat060
2.518,0.2243393939155021,2.94,0.3199965128565362,lo_A_model_1_unrelaxed_repeat093,lo_A_model_1_unrelaxed_repeat026
2.5250000000000004,0.2455486980012901,3.0,0.35039658708432553,lo_A_model_1_unrelaxed_repeat093,lo_A_model_1_unrelaxed_repeat057
2.534,0.24227527941524857,2.9699999999999998,0.34506203957954906,lo_A_model_1_unrelaxed_repeat093,lo_A_model_1_unrelaxed_repeat020
2.535,0.24765823686884364,3.0300000000000002,0.35093604649102733,lo_A_model_1_unrelaxed_repeat093,lo_A_model_1_unrelaxed_repeat024
2.553,0.25715617182868683,2.91,0.37142878444868044,lo_A_model_1_unrelaxed_repeat093,lo_A_model_1_unrelaxed_repeat087
2.558,0.24611712612311556,3.02,0.3479334864823114,lo_A_model_1_unrelaxed_repeat093,lo_A_model_1_unrelaxed_repeat051
2.624,0.23925007956580926,3.05,0.336538595167324,lo_A_model_1_unrelaxed_repeat093,lo_A_model_1_unrelaxed_repeat070
2.6260000000000003,0.22438053144121625,2.92,0.3264665820333673,lo_A_model_1_unrelaxed_repeat093,lo_A_model_1_unrelaxed_repeat048
2.699,0.21919632696921593,2.9299999999999997,0.3280852239328832,lo_A_model_1_unrelaxed_repeat093,lo_A_model_1_unrelaxed_repeat012
2.707,0.24150727099952213,2.8499999999999996,0.3350074839554359,lo_A_model_1_unrelaxed_repeat093,lo_A_model_1_unrelaxed_repeat037
2.7089999999999996,0.2435090119743671,2.98,0.34907308284567284,lo_A_model_1_unrelaxed_repeat093,lo_A_model_1_unrelaxed_repeat038
2.726,0.23446625594918108,2.83,0.3250976743289273,lo_A_model_1_unrelaxed_repeat093,lo_A_model_1_unrelaxed_repeat079
2.7279999999999998,0.23471748519033953,3.02,0.344048437884657,lo_A_model_1_unrelaxed_repeat093,lo_A_model_1_unrelaxed_repeat090
2.746,0.21773093211182296,2.8,0.3215249341214497,lo_A_model_1_unrelaxed_repeat093,lo_A_model_1_unrelaxed_repeat098
2.7539999999999996,0.2507879188826901,2.99,0.3319645429814043,lo_A_model_1_unrelaxed_repeat093,lo_A_model_1_unrelaxed_repeat050
2.7649999999999997,0.25084942277021244,2.99,0.34686497024384055,lo_A_model_1_unrelaxed_repeat093,lo_A_model_1_unrelaxed_repeat023
2.777,0.25573117199884476,3.0300000000000002,0.35374214479922106,lo_A_model_1_unrelaxed_repeat093,lo_A_model_1_unrelaxed_repeat058
2.802,0.24188434851052967,2.86,0.33228488905820475,lo_A_model_1_unrelaxed_repeat093,lo_A_model_1_unrelaxed_repeat033
2.8209999999999997,0.22523007089524982,2.98,0.331770341306346,lo_A_model_1_unrelaxed_repeat093,lo_A_model_1_unrelaxed_repeat099
2.8369999999999997,0.20350681358609513,2.5700000000000003,0.30244303309707044,lo_A_model_1_unrelaxed_repeat093,lo_A_model_1_unrelaxed_repeat083
2.841,0.25543673279996226,3.04,0.3743158948366002,lo_A_model_1_unrelaxed_repeat093,lo_A_model_1_unrelaxed_repeat074
2.848,0.23955218294724964,3.02,0.3562237164964787,lo_A_model_1_unrelaxed_repeat093,lo_A_model_1_unrelaxed_repeat059
2.956,0.250556181895644,2.98,0.38239614240756026,lo_A_model_1_unrelaxed_repeat093,lo_A_model_1_unrelaxed_repeat052
3.459,0.20043137670237593,3.06,0.2965072790398326,lo_A_model_1_unrelaxed_repeat093,lo_A_model_1_unrelaxed_repeat040
1.542,0.143944048102946,2.58,0.24846216569640234,lo_A_model_1_unrelaxed_repeat059,lo_A_model_1_unrelaxed_repeat090
1.92,0.17744989983877058,2.76,0.2686880114490102,lo_A_model_1_unrelaxed_repeat059,lo_A_model_1_unrelaxed_repeat038
2.015,0.15831861990216226,2.45,0.24377027812646496,lo_A_model_1_unrelaxed_repeat059,lo_A_model_1_unrelaxed_repeat010
2.079,0.19763999076947733,2.8899999999999997,0.27305294596810303,lo_A_model_1_unrelaxed_repeat059,lo_A_model_1_unrelaxed_repeat037
2.109,0.22879802739327934,2.87,0.3039374888669867,lo_A_model_1_unrelaxed_repeat059,lo_A_model_1_unrelaxed_repeat033
2.115,0.20736800307217168,2.74,0.28830787470196595,lo_A_model_1_unrelaxed_repeat059,lo_A_model_1_unrelaxed_repeat026
2.133,0.17762000638066272,2.91,0.27312193926027484,lo_A_model_1_unrelaxed_repeat059,lo_A_model_1_unrelaxed_repeat088
2.221,0.20639382123033648,2.88,0.29180985244794916,lo_A_model_1_unrelaxed_repeat059,lo_A_model_1_unrelaxed_repeat079
2.26,0.18781905577181388,2.94,0.2799284089961041,lo_A_model_1_unrelaxed_repeat059,lo_A_model_1_unrelaxed_repeat015
2.266,0.16274741745543003,2.83,0.2350715959484373,lo_A_model_1_unrelaxed_repeat059,lo_A_model_1_unrelaxed_repeat023
2.311,0.2573454534345487,2.77,0.3627385505844595,lo_A_model_1_unrelaxed_repeat059,lo_A_model_1_unrelaxed_repeat087
2.338,0.2181329259661593,2.84,0.3126596416267151,lo_A_model_1_unrelaxed_repeat059,lo_A_model_1_unrelaxed_repeat046
2.344,0.20343544704863956,2.87,0.27152770786300806,lo_A_model_1_unrelaxed_repeat059,lo_A_model_1_unrelaxed_repeat070
2.351,0.17927750725225075,2.91,0.25333438746862985,lo_A_model_1_unrelaxed_repeat059,lo_A_model_1_unrelaxed_repeat003
2.378,0.17342244105511967,2.98,0.26549449099678574,lo_A_model_1_unrelaxed_repeat059,lo_A_model_1_unrelaxed_repeat060
2.406,0.24175745125238954,2.82,0.35896385621888277,lo_A_model_1_unrelaxed_repeat059,lo_A_model_1_unrelaxed_repeat050
2.423,0.21274646230808772,2.98,0.2863388850323076,lo_A_model_1_unrelaxed_repeat059,lo_A_model_1_unrelaxed_repeat022
2.434,0.2139024171507818,2.76,0.28663865185664933,lo_A_model_1_unrelaxed_repeat059,lo_A_model_1_unrelaxed_repeat017
2.451,0.2043033271860365,2.9299999999999997,0.28302484257826566,lo_A_model_1_unrelaxed_repeat059,lo_A_model_1_unrelaxed_repeat001
2.496,0.16238762505970764,2.59,0.22786940013813461,lo_A_model_1_unrelaxed_repeat059,lo_A_model_1_unrelaxed_repeat024
2.499,0.17722415669636632,3.0,0.2559135225898566,lo_A_model_1_unrelaxed_repeat059,lo_A_model_1_unrelaxed_repeat058
2.5,0.22769353697704264,2.84,0.2826944745681441,lo_A_model_1_unrelaxed_repeat059,lo_A_model_1_unrelaxed_repeat036
2.523,0.18964420417559902,2.87,0.25954290181526746,lo_A_model_1_unrelaxed_repeat059,lo_A_model_1_unrelaxed_repeat048
2.526,0.2262161423539807,3.04,0.29730626588884196,lo_A_model_1_unrelaxed_repeat059,lo_A_model_1_unrelaxed_repeat077
2.6,0.23838420318087408,2.8499999999999996,0.34300635846240024,lo_A_model_1_unrelaxed_repeat059,lo_A_model_1_unrelaxed_repeat012
2.662,0.23079930465055934,2.86,0.3236158375302871,lo_A_model_1_unrelaxed_repeat059,lo_A_model_1_unrelaxed_repeat074
2.67,0.24527137929094928,2.8,0.3578017449624026,lo_A_model_1_unrelaxed_repeat059,lo_A_model_1_unrelaxed_repeat066
2.683,0.21717703003499514,3.0300000000000002,0.29651634969529717,lo_A_model_1_unrelaxed_repeat059,lo_A_model_1_unrelaxed_repeat056
2.709,0.21529105827019748,2.55,0.2745069191130081,lo_A_model_1_unrelaxed_repeat059,lo_A_model_1_unrelaxed_repeat065
2.717,0.2464806794089314,3.04,0.3626198583358523,lo_A_model_1_unrelaxed_repeat059,lo_A_model_1_unrelaxed_repeat085
2.7270000000000003,0.16283168504253442,3.04,0.23592529309060006,lo_A_model_1_unrelaxed_repeat059,lo_A_model_1_unrelaxed_repeat057
2.752,0.20089728548017946,3.02,0.2609648105241446,lo_A_model_1_unrelaxed_repeat059,lo_A_model_1_unrelaxed_repeat025
2.7590000000000003,0.20231069322983378,3.02,0.3000381949934635,lo_A_model_1_unrelaxed_repeat059,lo_A_model_1_unrelaxed_repeat062
2.761,0.2262790236997756,2.9,0.3216435350856206,lo_A_model_1_unrelaxed_repeat059,lo_A_model_1_unrelaxed_repeat099
2.7640000000000002,0.17122779212330583,2.8200000000000003,0.25526697853236224,lo_A_model_1_unrelaxed_repeat059,lo_A_model_1_unrelaxed_repeat069
2.7800000000000002,0.2111039699366947,2.95,0.2973810337867567,lo_A_model_1_unrelaxed_repeat059,lo_A_model_1_unrelaxed_repeat020
2.782,0.15346349703208306,2.3200000000000003,0.24109045311009258,lo_A_model_1_unrelaxed_repeat059,lo_A_model_1_unrelaxed_repeat094
2.793,0.23569078091009116,2.98,0.30705006511849237,lo_A_model_1_unrelaxed_repeat059,lo_A_model_1_unrelaxed_repeat051
2.795,0.20653092616382832,2.8899999999999997,0.30391414155372504,lo_A_model_1_unrelaxed_repeat059,lo_A_model_1_unrelaxed_repeat098
2.7960000000000003,0.20397291118639768,3.04,0.2929735568394409,lo_A_model_1_unrelaxed_repeat059,lo_A_model_1_unrelaxed_repeat097
2.806,0.22983429684388373,2.9699999999999998,0.3384726698150547,lo_A_model_1_unrelaxed_repeat059,lo_A_model_1_unrelaxed_repeat083
2.896,0.2411840783647469,2.92,0.32693535124130163,lo_A_model_1_unrelaxed_repeat059,lo_A_model_1_unrelaxed_repeat052
3.052,0.22771023677325197,2.89,0.32547999110019166,lo_A_model_1_unrelaxed_repeat059,lo_A_model_1_unrelaxed_repeat040
1.615,0.15951837203199123,2.74,0.24867948817659066,lo_A_model_1_unrelaxed_repeat069,lo_A_model_1_unrelaxed_repeat062
1.73,0.14415394330551393,2.8600000000000003,0.22167976232466613,lo_A_model_1_unrelaxed_repeat069,lo_A_model_1_unrelaxed_repeat094
1.834,0.16687268325804444,2.84,0.22535783022830033,lo_A_model_1_unrelaxed_repeat069,lo_A_model_1_unrelaxed_repeat057
1.8689999999999998,0.18574462370699052,2.76,0.2671779076472528,lo_A_model_1_unrelaxed_repeat069,lo_A_model_1_unrelaxed_repeat097
1.9089999999999998,0.1786450072815063,2.88,0.2690525952273447,lo_A_model_1_unrelaxed_repeat069,lo_A_model_1_unrelaxed_repeat079
1.9509999999999998,0.19021696895642606,2.71,0.2777831720983138,lo_A_model_1_unrelaxed_repeat069,lo_A_model_1_unrelaxed_repeat099
1.981,0.19000013929668863,2.85,0.26639011052800826,lo_A_model_1_unrelaxed_repeat069,lo_A_model_1_unrelaxed_repeat026
2.021,0.23145030396302782,3.0,0.35452969108355326,lo_A_model_1_unrelaxed_repeat069,lo_A_model_1_unrelaxed_repeat085
2.026,0.17257466630604787,2.94,0.24321005362850437,lo_A_model_1_unrelaxed_repeat069,lo_A_model_1_unrelaxed_repeat070
2.031,0.2200778039037594,2.9299999999999997,0.2938987592466074,lo_A_model_1_unrelaxed_repeat069,lo_A_model_1_unrelaxed_repeat033
2.057,0.13946097643605487,2.84,0.21370175626201734,lo_A_model_1_unrelaxed_repeat069,lo_A_model_1_unrelaxed_repeat010
2.0789999999999997,0.1787828751644698,2.86,0.27329091753662693,lo_A_model_1_unrelaxed_repeat069,lo_A_model_1_unrelaxed_repeat088
2.114,0.20278461691747995,2.75,0.26538125461386525,lo_A_model_1_unrelaxed_repeat069,lo_A_model_1_unrelaxed_repeat056
2.122,0.18952345629607212,2.8,0.25497903080772194,lo_A_model_1_unrelaxed_repeat069,lo_A_model_1_unrelaxed_repeat015
2.125,0.18231687423914414,2.83,0.25138898834692164,lo_A_model_1_unrelaxed_repeat069,lo_A_model_1_unrelaxed_repeat048
2.135,0.1734492286146295,2.8,0.23373792839469423,lo_A_model_1_unrelaxed_repeat069,lo_A_model_1_unrelaxed_repeat022
2.252,0.20155875687988414,2.73,0.2697382294862038,lo_A_model_1_unrelaxed_repeat069,lo_A_model_1_unrelaxed_repeat001
2.297,0.2018845503594065,2.84,0.26472027507226337,lo_A_model_1_unrelaxed_repeat069,lo_A_model_1_unrelaxed_repeat036
2.311,0.19374026091171706,2.84,0.2530520424627386,lo_A_model_1_unrelaxed_repeat069,lo_A_model_1_unrelaxed_repeat065
2.314,0.18635891885835343,3.02,0.27048100004935044,lo_A_model_1_unrelaxed_repeat069,lo_A_model_1_unrelaxed_repeat020
2.346,0.21834809197789265,2.84,0.2940756474262293,lo_A_model_1_unrelaxed_repeat069,lo_A_model_1_unrelaxed_repeat046
2.367,0.1898048074995164,2.84,0.2539397718462429,lo_A_model_1_unrelaxed_repeat069,lo_A_model_1_unrelaxed_repeat077
2.38,0.1891168875028607,2.84,0.25823296310345484,lo_A_model_1_unrelaxed_repeat069,lo_A_model_1_unrelaxed_repeat003
2.425,0.20841602845173332,2.75,0.27577161872435013,lo_A_model_1_unrelaxed_repeat069,lo_A_model_1_unrelaxed_repeat017
2.4299999999999997,0.20303894916591178,2.79,0.2618738461585269,lo_A_model_1_unrelaxed_repeat069,lo_A_model_1_unrelaxed_repeat051
2.447,0.16698880913049585,2.59,0.23815882943963515,lo_A_model_1_unrelaxed_repeat069,lo_A_model_1_unrelaxed_repeat024
2.45,0.1644053558435458,2.74,0.23831916181843757,lo_A_model_1_unrelaxed_repeat069,lo_A_model_1_unrelaxed_repeat058
2.452,0.18180849158076384,2.8600000000000003,0.2723475016582924,lo_A_model_1_unrelaxed_repeat069,lo_A_model_1_unrelaxed_repeat098
2.484,0.17715703290062082,2.69,0.23518172439775376,lo_A_model_1_unrelaxed_repeat069,lo_A_model_1_unrelaxed_repeat025
2.505,0.17309114090997393,2.95,0.2451073747948578,lo_A_model_1_unrelaxed_repeat069,lo_A_model_1_unrelaxed_repeat060
2.5940000000000003,0.1908001516091569,2.98,0.26511951039589826,lo_A_model_1_unrelaxed_repeat069,lo_A_model_1_unrelaxed_repeat037
2.673,0.22433401547851656,2.88,0.32606137902217525,lo_A_model_1_unrelaxed_repeat069,lo_A_model_1_unrelaxed_repeat040
2.692,0.23378110153191684,3.0,0.31654455894368594,lo_A_model_1_unrelaxed_repeat069,lo_A_model_1_unrelaxed_repeat012
2.702,0.2098429128387936,2.9,0.28694309126580975,lo_A_model_1_unrelaxed_repeat069,lo_A_model_1_unrelaxed_repeat038
2.7140000000000004,0.246143765636966,2.9699999999999998,0.356241266238348,lo_A_model_1_unrelaxed_repeat069,lo_A_model_1_unrelaxed_repeat066
2.721,0.2642704401218088,2.98,0.3560433498224474,lo_A_model_1_unrelaxed_repeat069,lo_A_model_1_unrelaxed_repeat087
2.721,0.1720561674269259,2.71,0.25254226689115544,lo_A_model_1_unrelaxed_repeat069,lo_A_model_1_unrelaxed_repeat090
2.747,0.2495320903041518,2.98,0.35594959537722914,lo_A_model_1_unrelaxed_repeat069,lo_A_model_1_unrelaxed_repeat050
2.758,0.19109321291686382,2.94,0.25341778202420173,lo_A_model_1_unrelaxed_repeat069,lo_A_model_1_unrelaxed_repeat023
2.7830000000000004,0.23418905645458785,2.91,0.321370767561713,lo_A_model_1_unrelaxed_repeat069,lo_A_model_1_unrelaxed_repeat074
2.843,0.226048880606523,3.04,0.34879789475812023,lo_A_model_1_unrelaxed_repeat069,lo_A_model_1_unrelaxed_repeat083
2.898,0.24808911823486376,3.0,0.33843644524166006,lo_A_model_1_unrelaxed_repeat069,lo_A_model_1_unrelaxed_repeat052
1.5870000000000002,0.15726310112572353,2.9699999999999998,0.2220071014085419,lo_A_model_1_unrelaxed_repeat010,lo_A_model_1_unrelaxed_repeat057
1.637,0.14397760416368688,2.7800000000000002,0.2207822612144209,lo_A_model_1_unrelaxed_repeat010,lo_A_model_1_unrelaxed_repeat090
1.651,0.17019191052795649,2.8200000000000003,0.20978959416458787,lo_A_model_1_unrelaxed_repeat010,lo_A_model_1_unrelaxed_repeat025
1.673,0.1603899852028235,2.92,0.23609338372116628,lo_A_model_1_unrelaxed_repeat010,lo_A_model_1_unrelaxed_repeat094
1.742,0.1600447201451892,2.82,0.22755583823226957,lo_A_model_1_unrelaxed_repeat010,lo_A_model_1_unrelaxed_repeat020
1.751,0.17570406173575923,2.62,0.22389509346016603,lo_A_model_1_unrelaxed_repeat010,lo_A_model_1_unrelaxed_repeat077
1.7970000000000002,0.16021107500756207,2.81,0.2345118815832571,lo_A_model_1_unrelaxed_repeat010,lo_A_model_1_unrelaxed_repeat079
1.802,0.1709576125631032,2.92,0.24039012164927287,lo_A_model_1_unrelaxed_repeat010,lo_A_model_1_unrelaxed_repeat097
1.836,0.15644884257592842,2.31,0.20573869839475356,lo_A_model_1_unrelaxed_repeat010,lo_A_model_1_unrelaxed_repeat037
1.963,0.16469959908850468,2.6100000000000003,0.22242691812273846,lo_A_model_1_unrelaxed_repeat010,lo_A_model_1_unrelaxed_repeat048
1.99,0.17773255615236078,2.55,0.23152755160687857,lo_A_model_1_unrelaxed_repeat010,lo_A_model_1_unrelaxed_repeat065
2.025,0.17052486257248475,2.8499999999999996,0.22515294436181058,lo_A_model_1_unrelaxed_repeat010,lo_A_model_1_unrelaxed_repeat070
2.044,0.17808974686913948,2.8,0.2384090688714917,lo_A_model_1_unrelaxed_repeat010,lo_A_model_1_unrelaxed_repeat003
2.048,0.17942575145759604,2.9,0.24344258428938342,lo_A_model_1_unrelaxed_repeat010,lo_A_model_1_unrelaxed_repeat038
2.0629999999999997,0.22537629509775103,2.94,0.3302226673235896,lo_A_model_1_unrelaxed_repeat010,lo_A_model_1_unrelaxed_repeat085
2.074,0.18755294684004142,2.91,0.25203168726907477,lo_A_model_1_unrelaxed_repeat010,lo_A_model_1_unrelaxed_repeat001
2.125,0.16885676435059627,2.8,0.24203571545052616,lo_A_model_1_unrelaxed_repeat010,lo_A_model_1_unrelaxed_repeat015
2.1550000000000002,0.18949577397607725,2.8200000000000003,0.24197086571928134,lo_A_model_1_unrelaxed_repeat010,lo_A_model_1_unrelaxed_repeat056
2.174,0.14853800060987365,2.91,0.2266860843319607,lo_A_model_1_unrelaxed_repeat010,lo_A_model_1_unrelaxed_repeat088
2.1799999999999997,0.17144993054485044,2.9,0.2537219367203089,lo_A_model_1_unrelaxed_repeat010,lo_A_model_1_unrelaxed_repeat098
2.276,0.23335363328821898,3.0300000000000002,0.3352603668655812,lo_A_model_1_unrelaxed_repeat010,lo_A_model_1_unrelaxed_repeat066
2.2880000000000003,0.17447463261142782,2.87,0.23941033904886128,lo_A_model_1_unrelaxed_repeat010,lo_A_model_1_unrelaxed_repeat022
2.3,0.2545302396935479,3.05,0.3398143901345104,lo_A_model_1_unrelaxed_repeat010,lo_A_model_1_unrelaxed_repeat087
2.319,0.2125561045182053,2.86,0.3064892346068616,lo_A_model_1_unrelaxed_repeat010,lo_A_model_1_unrelaxed_repeat040
2.326,0.15885857252854912,2.96,0.23790670320054863,lo_A_model_1_unrelaxed_repeat010,lo_A_model_1_unrelaxed_repeat062
2.373,0.16928232760027917,2.76,0.22769184556744956,lo_A_model_1_unrelaxed_repeat010,lo_A_model_1_unrelaxed_repeat026
2.38,0.22768347504126635,3.01,0.32990521897206654,lo_A_model_1_unrelaxed_repeat010,lo_A_model_1_unrelaxed_repeat050
2.4130000000000003,0.19726208719454702,2.76,0.24403915115435337,lo_A_model_1_unrelaxed_repeat010,lo_A_model_1_unrelaxed_repeat036
2.4299999999999997,0.19179567245218984,2.9,0.266342256175945,lo_A_model_1_unrelaxed_repeat010,lo_A_model_1_unrelaxed_repeat099
2.4539999999999997,0.17661086845239132,2.88,0.2479989731853772,lo_A_model_1_unrelaxed_repeat010,lo_A_model_1_unrelaxed_repeat060
2.464,0.2089913182444995,2.94,0.26018761801154877,lo_A_model_1_unrelaxed_repeat010,lo_A_model_1_unrelaxed_repeat046
2.473,0.20934566428057647,2.99,0.26107097571996823,lo_A_model_1_unrelaxed_repeat010,lo_A_model_1_unrelaxed_repeat033
2.473,0.17451850212014877,2.74,0.2402500485679657,lo_A_model_1_unrelaxed_repeat010,lo_A_model_1_unrelaxed_repeat058
2.476,0.19027251144688054,3.01,0.25358900207668494,lo_A_model_1_unrelaxed_repeat010,lo_A_model_1_unrelaxed_repeat023
2.479,0.1496951207773632,2.59,0.2198302765788082,lo_A_model_1_unrelaxed_repeat010,lo_A_model_1_unrelaxed_repeat024
2.4819999999999998,0.22732736473690543,2.98,0.3092356167498606,lo_A_model_1_unrelaxed_repeat010,lo_A_model_1_unrelaxed_repeat012
2.487,0.22221733423331883,2.88,0.27409860072327064,lo_A_model_1_unrelaxed_repeat010,lo_A_model_1_unrelaxed_repeat017
2.492,0.19266798515471256,2.87,0.2373694656715355,lo_A_model_1_unrelaxed_repeat010,lo_A_model_1_unrelaxed_repeat051
2.6929999999999996,0.2235665385042441,3.1,0.3322176751634192,lo_A_model_1_unrelaxed_repeat010,lo_A_model_1_unrelaxed_repeat083
2.709,0.20222327919777014,2.8200000000000003,0.29608059645884893,lo_A_model_1_unrelaxed_repeat010,lo_A_model_1_unrelaxed_repeat074
2.824,0.23125349597171851,2.91,0.31243599630687396,lo_A_model_1_unrelaxed_repeat010,lo_A_model_1_unrelaxed_repeat052
1.916,0.1561917936219755,2.69,0.22192640778443426,lo_A_model_1_unrelaxed_repeat090,lo_A_model_1_unrelaxed_repeat038
2.033,0.1601214176286385,2.92,0.26708632929473825,lo_A_model_1_unrelaxed_repeat090,lo_A_model_1_unrelaxed_repeat088
2.044,0.15124965292763357,2.56,0.23166888462416418,lo_A_model_1_unrelaxed_repeat090,lo_A_model_1_unrelaxed_repeat037
2.091,0.18227295948564795,2.83,0.2617070624805862,lo_A_model_1_unrelaxed_repeat090,lo_A_model_1_unrelaxed_repeat048
2.154,0.19045773039506408,2.82,0.26074302325737553,lo_A_model_1_unrelaxed_repeat090,lo_A_model_1_unrelaxed_repeat033
2.17,0.2063918201016312,2.92,0.28746019193209454,lo_A_model_1_unrelaxed_repeat090,lo_A_model_1_unrelaxed_repeat003
2.178,0.17134834383682357,2.88,0.2575465289851034,lo_A_model_1_unrelaxed_repeat090,lo_A_model_1_unrelaxed_repeat079
2.19,0.18228955491521562,2.8,0.26664813955668526,lo_A_model_1_unrelaxed_repeat090,lo_A_model_1_unrelaxed_repeat023
2.207,0.1684091048887858,2.77,0.2391716750134835,lo_A_model_1_unrelaxed_repeat090,lo_A_model_1_unrelaxed_repeat026
2.277,0.18534318321722273,2.84,0.24918005739109744,lo_A_model_1_unrelaxed_repeat090,lo_A_model_1_unrelaxed_repeat065
2.29,0.18014456601242634,2.8,0.26468384790522637,lo_A_model_1_unrelaxed_repeat090,lo_A_model_1_unrelaxed_repeat015
2.294,0.2392249209509865,2.86,0.34192022762639507,lo_A_model_1_unrelaxed_repeat090,lo_A_model_1_unrelaxed_repeat087
2.301,0.1950964722294969,2.87,0.2593040647524423,lo_A_model_1_unrelaxed_repeat090,lo_A_model_1_unrelaxed_repeat070
2.327,0.22296760800689128,2.79,0.33318251237455043,lo_A_model_1_unrelaxed_repeat090,lo_A_model_1_unrelaxed_repeat050
2.373,0.17247082314258044,2.94,0.26313211921053825,lo_A_model_1_unrelaxed_repeat090,lo_A_model_1_unrelaxed_repeat060
2.38,0.19925729263825678,2.98,0.2601647436689968,lo_A_model_1_unrelaxed_repeat090,lo_A_model_1_unrelaxed_repeat022
2.383,0.19450550264180166,2.8200000000000003,0.2863812998906155,lo_A_model_1_unrelaxed_repeat090,lo_A_model_1_unrelaxed_repeat046
2.402,0.22188863347462404,2.8899999999999997,0.2899722250030984,lo_A_model_1_unrelaxed_repeat090,lo_A_model_1_unrelaxed_repeat017
2.4080000000000004,0.18620065168939798,2.9,0.2616861797121898,lo_A_model_1_unrelaxed_repeat090,lo_A_model_1_unrelaxed_repeat001
2.436,0.18522790354530352,2.75,0.26370942520927465,lo_A_model_1_unrelaxed_repeat090,lo_A_model_1_unrelaxed_repeat024
2.439,0.1887683474109556,2.7800000000000002,0.27321023781813325,lo_A_model_1_unrelaxed_repeat090,lo_A_model_1_unrelaxed_repeat058
2.457,0.19812770119287054,2.85,0.26396644343893894,lo_A_model_1_unrelaxed_repeat090,lo_A_model_1_unrelaxed_repeat036
2.4779999999999998,0.22425707325970795,2.89,0.3275095254651172,lo_A_model_1_unrelaxed_repeat090,lo_A_model_1_unrelaxed_repeat040
2.483,0.1965170940156183,3.04,0.2626627161057423,lo_A_model_1_unrelaxed_repeat090,lo_A_model_1_unrelaxed_repeat077
2.596,0.2230240490762836,2.95,0.33064237127507334,lo_A_model_1_unrelaxed_repeat090,lo_A_model_1_unrelaxed_repeat012
2.627,0.23936458146774833,2.88,0.3512700032233335,lo_A_model_1_unrelaxed_repeat090,lo_A_model_1_unrelaxed_repeat066
2.64,0.1902661271525515,3.0300000000000002,0.26515857538488746,lo_A_model_1_unrelaxed_repeat090,lo_A_model_1_unrelaxed_repeat056
2.6550000000000002,0.22749668990973376,2.8499999999999996,0.3338997905062881,lo_A_model_1_unrelaxed_repeat090,lo_A_model_1_unrelaxed_repeat052
2.6740000000000004,0.23390298601546922,2.88,0.3588201138535374,lo_A_model_1_unrelaxed_repeat090,lo_A_model_1_unrelaxed_repeat085
2.684,0.18324122253637076,3.04,0.272563677903275,lo_A_model_1_unrelaxed_repeat090,lo_A_model_1_unrelaxed_repeat057
2.709,0.19147885206162676,3.02,0.2554144434273478,lo_A_model_1_unrelaxed_repeat090,lo_A_model_1_unrelaxed_repeat025
2.716,0.16199082437498774,2.66,0.25143280401654494,lo_A_model_1_unrelaxed_repeat090,lo_A_model_1_unrelaxed_repeat062
2.718,0.19432019724103305,2.9,0.2871563007469194,lo_A_model_1_unrelaxed_repeat090,lo_A_model_1_unrelaxed_repeat099
2.737,0.17793770349006705,3.04,0.26634741261369255,lo_A_model_1_unrelaxed_repeat090,lo_A_model_1_unrelaxed_repeat020
2.739,0.1646624448498196,2.6799999999999997,0.24756525418298067,lo_A_model_1_unrelaxed_repeat090,lo_A_model_1_unrelaxed_repeat094
2.75,0.21254495375724192,2.8,0.2800089412020192,lo_A_model_1_unrelaxed_repeat090,lo_A_model_1_unrelaxed_repeat051
2.75,0.20967507733243687,2.91,0.3123564963783478,lo_A_model_1_unrelaxed_repeat090,lo_A_model_1_unrelaxed_repeat074
2.752,0.18449571915431018,2.88,0.27900348934599173,lo_A_model_1_unrelaxed_repeat090,lo_A_model_1_unrelaxed_repeat098
2.753,0.17500519264726122,3.04,0.25524803499837045,lo_A_model_1_unrelaxed_repeat090,lo_A_model_1_unrelaxed_repeat097
2.992,0.2281224735686233,3.06,0.34626149702278164,lo_A_model_1_unrelaxed_repeat090,lo_A_model_1_unrelaxed_repeat083
1.524,0.15483847876557613,2.36,0.22863011841039024,lo_A_model_1_unrelaxed_repeat099,lo_A_model_1_unrelaxed_repeat026
1.619,0.1588009902564772,2.84,0.23672321958260983,lo_A_model_1_unrelaxed_repeat099,lo_A_model_1_unrelaxed_repeat098
1.7879999999999998,0.1735729396510672,2.79,0.2426203519763605,lo_A_model_1_unrelaxed_repeat099,lo_A_model_1_unrelaxed_repeat077
2.057,0.1933756726861948,2.8899999999999997,0.26632431529170164,lo_A_model_1_unrelaxed_repeat099,lo_A_model_1_unrelaxed_repeat033
2.067,0.18515954764196116,2.8499999999999996,0.28463102637116783,lo_A_model_1_unrelaxed_repeat099,lo_A_model_1_unrelaxed_repeat070
2.104,0.20905545738686945,2.9699999999999998,0.3175941841537681,lo_A_model_1_unrelaxed_repeat099,lo_A_model_1_unrelaxed_repeat074
2.127,0.1750137824125139,2.5300000000000002,0.27142568544293816,lo_A_model_1_unrelaxed_repeat099,lo_A_model_1_unrelaxed_repeat065
2.135,0.20656990420167312,2.6799999999999997,0.3009662550773408,lo_A_model_1_unrelaxed_repeat099,lo_A_model_1_unrelaxed_repeat048
2.184,0.14746355918515477,2.65,0.22776214282732166,lo_A_model_1_unrelaxed_repeat099,lo_A_model_1_unrelaxed_repeat062
2.191,0.21782394946693392,2.82,0.2840373144399826,lo_A_model_1_unrelaxed_repeat099,lo_A_model_1_unrelaxed_repeat015
2.192,0.21701607701367065,2.8,0.3033608596355144,lo_A_model_1_unrelaxed_repeat099,lo_A_model_1_unrelaxed_repeat057
2.1929999999999996,0.20110642596312622,3.01,0.29392947291837124,lo_A_model_1_unrelaxed_repeat099,lo_A_model_1_unrelaxed_repeat088
2.194,0.20018807180139223,2.9,0.3033462400373182,lo_A_model_1_unrelaxed_repeat099,lo_A_model_1_unrelaxed_repeat022
2.197,0.21012438104101197,2.79,0.2979781175055649,lo_A_model_1_unrelaxed_repeat099,lo_A_model_1_unrelaxed_repeat094
2.2329999999999997,0.21018947647988906,2.81,0.28837991552731645,lo_A_model_1_unrelaxed_repeat099,lo_A_model_1_unrelaxed_repeat025
2.242,0.198116388965017,2.82,0.27792445531336446,lo_A_model_1_unrelaxed_repeat099,lo_A_model_1_unrelaxed_repeat097
2.2489999999999997,0.194213732683361,2.8200000000000003,0.2811168712101249,lo_A_model_1_unrelaxed_repeat099,lo_A_model_1_unrelaxed_repeat056
2.252,0.24557965180184008,2.91,0.3516249220930022,lo_A_model_1_unrelaxed_repeat099,lo_A_model_1_unrelaxed_repeat066
2.282,0.16843884029063763,2.87,0.2370672022214349,lo_A_model_1_unrelaxed_repeat099,lo_A_model_1_unrelaxed_repeat079
2.285,0.22383038297636812,2.81,0.2885228027822444,lo_A_model_1_unrelaxed_repeat099,lo_A_model_1_unrelaxed_repeat001
2.296,0.17881035501758966,2.79,0.24928515826008446,lo_A_model_1_unrelaxed_repeat099,lo_A_model_1_unrelaxed_repeat036
2.31,0.205891190341821,2.8899999999999997,0.28007525046448994,lo_A_model_1_unrelaxed_repeat099,lo_A_model_1_unrelaxed_repeat046
2.33,0.2342391616179482,3.0300000000000002,0.32178690111342806,lo_A_model_1_unrelaxed_repeat099,lo_A_model_1_unrelaxed_repeat003
2.3409999999999997,0.1910807901998651,3.0300000000000002,0.2690949702322432,lo_A_model_1_unrelaxed_repeat099,lo_A_model_1_unrelaxed_repeat020
2.424,0.24337077219971848,2.98,0.3168634280660671,lo_A_model_1_unrelaxed_repeat099,lo_A_model_1_unrelaxed_repeat017
2.429,0.1889239577252581,2.87,0.2723291158751887,lo_A_model_1_unrelaxed_repeat099,lo_A_model_1_unrelaxed_repeat051
2.453,0.2269658240014646,2.88,0.3146873462567799,lo_A_model_1_unrelaxed_repeat099,lo_A_model_1_unrelaxed_repeat024
2.456,0.2336525078414543,2.95,0.3111254663218545,lo_A_model_1_unrelaxed_repeat099,lo_A_model_1_unrelaxed_repeat058
2.502,0.20352375965454225,2.87,0.2981669799384365,lo_A_model_1_unrelaxed_repeat099,lo_A_model_1_unrelaxed_repeat060
2.543,0.2738327706212213,3.0300000000000002,0.373755407231664,lo_A_model_1_unrelaxed_repeat099,lo_A_model_1_unrelaxed_repeat087
2.589,0.24299426746330582,2.8499999999999996,0.3470661833459399,lo_A_model_1_unrelaxed_repeat099,lo_A_model_1_unrelaxed_repeat083
2.591,0.17204618603373736,2.83,0.2490735911154175,lo_A_model_1_unrelaxed_repeat099,lo_A_model_1_unrelaxed_repeat037
2.689,0.24283191582227617,2.9,0.3244028298185414,lo_A_model_1_unrelaxed_repeat099,lo_A_model_1_unrelaxed_repeat052
2.689,0.22470240564260474,2.79,0.2965011031156275,lo_A_model_1_unrelaxed_repeat099,lo_A_model_1_unrelaxed_repeat012
2.699,0.21615446776366132,2.91,0.2910503400258872,lo_A_model_1_unrelaxed_repeat099,lo_A_model_1_unrelaxed_repeat038
2.731,0.22887164847034597,2.9699999999999998,0.31318032668786916,lo_A_model_1_unrelaxed_repeat099,lo_A_model_1_unrelaxed_repeat040
2.7439999999999998,0.253247057441946,2.98,0.3468336645195546,lo_A_model_1_unrelaxed_repeat099,lo_A_model_1_unrelaxed_repeat050
2.755,0.22297747276786872,2.99,0.30604080253834104,lo_A_model_1_unrelaxed_repeat099,lo_A_model_1_unrelaxed_repeat023
3.315,0.22748810090090898,2.91,0.32272352269861626,lo_A_model_1_unrelaxed_repeat099,lo_A_model_1_unrelaxed_repeat085
1.795,0.15583324237066346,2.6799999999999997,0.23380402147481735,lo_A_model_1_unrelaxed_repeat024,lo_A_model_1_unrelaxed_repeat058
2.259,0.19010054263208423,2.94,0.2599594443994581,lo_A_model_1_unrelaxed_repeat024,lo_A_model_1_unrelaxed_repeat051
2.284,0.19724920803777835,2.7199999999999998,0.2663962863892867,lo_A_model_1_unrelaxed_repeat024,lo_A_model_1_unrelaxed_repeat017
2.287,0.22589364228587494,3.0300000000000002,0.31720403167522276,lo_A_model_1_unrelaxed_repeat024,lo_A_model_1_unrelaxed_repeat012
2.358,0.14964576101958313,3.0,0.22263868224685937,lo_A_model_1_unrelaxed_repeat024,lo_A_model_1_unrelaxed_repeat057
2.4130000000000003,0.19852792728304464,2.75,0.28783454753122245,lo_A_model_1_unrelaxed_repeat024,lo_A_model_1_unrelaxed_repeat015
2.415,0.24052361454945967,2.8600000000000003,0.3041204395859686,lo_A_model_1_unrelaxed_repeat024,lo_A_model_1_unrelaxed_repeat033
2.415,0.2066226987241239,2.8600000000000003,0.280855121775897,lo_A_model_1_unrelaxed_repeat024,lo_A_model_1_unrelaxed_repeat001
2.436,0.24266873102770778,2.88,0.3044160431461352,lo_A_model_1_unrelaxed_repeat024,lo_A_model_1_unrelaxed_repeat046
2.447,0.19384075363101627,2.79,0.2430545368191744,lo_A_model_1_unrelaxed_repeat024,lo_A_model_1_unrelaxed_repeat025
2.448,0.1919304766533533,2.81,0.25017069994909197,lo_A_model_1_unrelaxed_repeat024,lo_A_model_1_unrelaxed_repeat022
2.45,0.25702669155493135,3.01,0.3614908725402342,lo_A_model_1_unrelaxed_repeat024,lo_A_model_1_unrelaxed_repeat050
2.453,0.17767276667280044,2.59,0.22932032434740338,lo_A_model_1_unrelaxed_repeat024,lo_A_model_1_unrelaxed_repeat003
2.466,0.211498857026711,2.83,0.28984125693267815,lo_A_model_1_unrelaxed_repeat024,lo_A_model_1_unrelaxed_repeat038
2.466,0.25303377044233294,2.9299999999999997,0.35534810352401147,lo_A_model_1_unrelaxed_repeat024,lo_A_model_1_unrelaxed_repeat066
2.4699999999999998,0.21822712112578901,2.88,0.28119141577098405,lo_A_model_1_unrelaxed_repeat024,lo_A_model_1_unrelaxed_repeat077
2.471,0.1939062403403213,2.9299999999999997,0.28485410265557676,lo_A_model_1_unrelaxed_repeat024,lo_A_model_1_unrelaxed_repeat020
2.48,0.18334391723903765,2.88,0.2644901159953382,lo_A_model_1_unrelaxed_repeat024,lo_A_model_1_unrelaxed_repeat088
2.487,0.19463311731987903,2.8499999999999996,0.2918848519703073,lo_A_model_1_unrelaxed_repeat024,lo_A_model_1_unrelaxed_repeat062
2.4939999999999998,0.19570951949992071,2.88,0.28840764545532,lo_A_model_1_unrelaxed_repeat024,lo_A_model_1_unrelaxed_repeat098
2.495,0.18651759477770324,2.7,0.2466634574279884,lo_A_model_1_unrelaxed_repeat024,lo_A_model_1_unrelaxed_repeat048
2.496,0.2044867758263105,2.7300000000000004,0.27023880712350784,lo_A_model_1_unrelaxed_repeat024,lo_A_model_1_unrelaxed_repeat026
2.497,0.2815844557543272,3.02,0.3729779245328619,lo_A_model_1_unrelaxed_repeat024,lo_A_model_1_unrelaxed_repeat087
2.502,0.19908596499810696,2.98,0.25851761851836386,lo_A_model_1_unrelaxed_repeat024,lo_A_model_1_unrelaxed_repeat023
2.508,0.23867581463594426,3.02,0.34869747413659563,lo_A_model_1_unrelaxed_repeat024,lo_A_model_1_unrelaxed_repeat085
2.514,0.21205079627364318,2.88,0.2827440138999947,lo_A_model_1_unrelaxed_repeat024,lo_A_model_1_unrelaxed_repeat037
2.5149999999999997,0.2137686373840688,2.8499999999999996,0.28123170740067066,lo_A_model_1_unrelaxed_repeat024,lo_A_model_1_unrelaxed_repeat056
2.521,0.22601750346843907,2.94,0.27752152605679564,lo_A_model_1_unrelaxed_repeat024,lo_A_model_1_unrelaxed_repeat036
2.525,0.20957935867413174,3.0300000000000002,0.28875506052455735,lo_A_model_1_unrelaxed_repeat024,lo_A_model_1_unrelaxed_repeat097
2.532,0.18884036600803505,2.77,0.2541309069804174,lo_A_model_1_unrelaxed_repeat024,lo_A_model_1_unrelaxed_repeat070
2.5679999999999996,0.2038001875663376,2.9,0.28118729471070325,lo_A_model_1_unrelaxed_repeat024,lo_A_model_1_unrelaxed_repeat079
2.573,0.23845114368693646,2.77,0.3431905754847788,lo_A_model_1_unrelaxed_repeat024,lo_A_model_1_unrelaxed_repeat083
2.585,0.20485186105705938,2.9,0.25850843205214813,lo_A_model_1_unrelaxed_repeat024,lo_A_model_1_unrelaxed_repeat060
2.597,0.16649486710566244,2.6399999999999997,0.23891858173474118,lo_A_model_1_unrelaxed_repeat024,lo_A_model_1_unrelaxed_repeat094
2.681,0.20571909121938978,2.9,0.26687584785591334,lo_A_model_1_unrelaxed_repeat024,lo_A_model_1_unrelaxed_repeat065
2.7720000000000002,0.2378282684305291,2.9,0.33321162298732676,lo_A_model_1_unrelaxed_repeat024,lo_A_model_1_unrelaxed_repeat074
2.882,0.2337941870287027,2.91,0.3302828371314146,lo_A_model_1_unrelaxed_repeat024,lo_A_model_1_unrelaxed_repeat040
2.887,0.26109497611447346,2.92,0.3499217570422024,lo_A_model_1_unrelaxed_repeat024,lo_A_model_1_unrelaxed_repeat052
1.8290000000000002,0.16787197502859136,2.77,0.23243058557375226,lo_A_model_1_unrelaxed_repeat022,lo_A_model_1_unrelaxed_repeat070
1.87,0.16830757150707581,2.8899999999999997,0.2702123363651099,lo_A_model_1_unrelaxed_repeat022,lo_A_model_1_unrelaxed_repeat098
1.887,0.17441527082018643,2.91,0.2599562525096946,lo_A_model_1_unrelaxed_repeat022,lo_A_model_1_unrelaxed_repeat088
2.1,0.19042317455531857,3.0,0.26060170278880274,lo_A_model_1_unrelaxed_repeat022,lo_A_model_1_unrelaxed_repeat097
2.107,0.19349492309790406,2.85,0.26504524946362124,lo_A_model_1_unrelaxed_repeat022,lo_A_model_1_unrelaxed_repeat094
2.11,0.18189200367644154,2.82,0.2658023726146056,lo_A_model_1_unrelaxed_repeat022,lo_A_model_1_unrelaxed_repeat026
2.117,0.21192017891592968,2.83,0.2852628233712045,lo_A_model_1_unrelaxed_repeat022,lo_A_model_1_unrelaxed_repeat015
2.125,0.20417128633353449,2.94,0.26996449721545873,lo_A_model_1_unrelaxed_repeat022,lo_A_model_1_unrelaxed_repeat056
2.14,0.1825423399256243,2.83,0.27929811886021627,lo_A_model_1_unrelaxed_repeat022,lo_A_model_1_unrelaxed_repeat079
2.1639999999999997,0.1835547989964329,2.91,0.26077363716954277,lo_A_model_1_unrelaxed_repeat022,lo_A_model_1_unrelaxed_repeat060
2.18,0.21520246912656185,2.8200000000000003,0.28362813914731017,lo_A_model_1_unrelaxed_repeat022,lo_A_model_1_unrelaxed_repeat033
2.186,0.19851585739336733,2.83,0.26842735981345767,lo_A_model_1_unrelaxed_repeat022,lo_A_model_1_unrelaxed_repeat065
2.186,0.18334503929334,2.8899999999999997,0.25976488764389744,lo_A_model_1_unrelaxed_repeat022,lo_A_model_1_unrelaxed_repeat003
2.199,0.17417607226247805,3.04,0.27869987344160424,lo_A_model_1_unrelaxed_repeat022,lo_A_model_1_unrelaxed_repeat020
2.218,0.19417708243229173,2.81,0.264522459569306,lo_A_model_1_unrelaxed_repeat022,lo_A_model_1_unrelaxed_repeat057
2.232,0.1819729145529666,2.84,0.2850859368967698,lo_A_model_1_unrelaxed_repeat022,lo_A_model_1_unrelaxed_repeat062
2.253,0.24053593118638728,2.98,0.35208997907061435,lo_A_model_1_unrelaxed_repeat022,lo_A_model_1_unrelaxed_repeat085
2.253,0.20296241926465725,2.8,0.27343687630217034,lo_A_model_1_unrelaxed_repeat022,lo_A_model_1_unrelaxed_repeat037
2.287,0.19482566801013082,2.98,0.2622651412060808,lo_A_model_1_unrelaxed_repeat022,lo_A_model_1_unrelaxed_repeat025
2.293,0.20056375980059432,2.81,0.26290840564119555,lo_A_model_1_unrelaxed_repeat022,lo_A_model_1_unrelaxed_repeat036
2.2939999999999996,0.20317835248484256,2.87,0.27940909444770373,lo_A_model_1_unrelaxed_repeat022,lo_A_model_1_unrelaxed_repeat077
2.306,0.2222600025347622,2.8899999999999997,0.32526538081114675,lo_A_model_1_unrelaxed_repeat022,lo_A_model_1_unrelaxed_repeat040
2.319,0.23745366658955602,2.8499999999999996,0.3557504711325281,lo_A_model_1_unrelaxed_repeat022,lo_A_model_1_unrelaxed_repeat083
2.324,0.20899835718187124,2.8899999999999997,0.2753122300849251,lo_A_model_1_unrelaxed_repeat022,lo_A_model_1_unrelaxed_repeat001
2.327,0.269898619232862,3.04,0.3653634794324746,lo_A_model_1_unrelaxed_repeat022,lo_A_model_1_unrelaxed_repeat087
2.351,0.20763746054471777,2.9,0.2831019167702154,lo_A_model_1_unrelaxed_repeat022,lo_A_model_1_unrelaxed_repeat046
2.3609999999999998,0.21238553022224124,2.87,0.2865976727700279,lo_A_model_1_unrelaxed_repeat022,lo_A_model_1_unrelaxed_repeat038
2.44,0.2185990666295958,3.0,0.28263429714517446,lo_A_model_1_unrelaxed_repeat022,lo_A_model_1_unrelaxed_repeat023
2.442,0.20549694886853562,2.87,0.27021101275911946,lo_A_model_1_unrelaxed_repeat022,lo_A_model_1_unrelaxed_repeat058
2.456,0.2350249784308237,2.9699999999999998,0.2949622317667341,lo_A_model_1_unrelaxed_repeat022,lo_A_model_1_unrelaxed_repeat017
2.461,0.18016334584873414,2.8499999999999996,0.27661617685702794,lo_A_model_1_unrelaxed_repeat022,lo_A_model_1_unrelaxed_repeat051
2.479,0.25790896243471023,2.99,0.37350411227777935,lo_A_model_1_unrelaxed_repeat022,lo_A_model_1_unrelaxed_repeat050
2.4850000000000003,0.23958224072650033,3.01,0.34209737672849927,lo_A_model_1_unrelaxed_repeat022,lo_A_model_1_unrelaxed_repeat012
2.497,0.19526797184832126,2.8200000000000003,0.2676682015003288,lo_A_model_1_unrelaxed_repeat022,lo_A_model_1_unrelaxed_repeat048
2.5090000000000003,0.24463466908058218,2.91,0.363665687788887,lo_A_model_1_unrelaxed_repeat022,lo_A_model_1_unrelaxed_repeat066
2.588,0.2322088276272891,3.0199999999999996,0.31948039896351765,lo_A_model_1_unrelaxed_repeat022,lo_A_model_1_unrelaxed_repeat074
2.6950000000000003,0.2538429470636575,2.9,0.34057840223459496,lo_A_model_1_unrelaxed_repeat022,lo_A_model_1_unrelaxed_repeat052
1.689,0.1391812920107429,2.85,0.2417999977517214,lo_A_model_1_unrelaxed_repeat048,lo_A_model_1_unrelaxed_repeat088
1.723,0.17169749990472669,2.98,0.25243370494729733,lo_A_model_1_unrelaxed_repeat048,lo_A_model_1_unrelaxed_repeat070
1.79,0.18309735756206005,2.82,0.2512387051817494,lo_A_model_1_unrelaxed_repeat048,lo_A_model_1_unrelaxed_repeat079
1.82,0.14112880002828937,2.74,0.22438496452144563,lo_A_model_1_unrelaxed_repeat048,lo_A_model_1_unrelaxed_repeat056
1.869,0.1796714574383637,3.02,0.2653523583951451,lo_A_model_1_unrelaxed_repeat048,lo_A_model_1_unrelaxed_repeat037
1.8690000000000002,0.19950262761759133,2.6799999999999997,0.2513290566303942,lo_A_model_1_unrelaxed_repeat048,lo_A_model_1_unrelaxed_repeat077
1.953,0.1735407238449178,2.87,0.23687655163672824,lo_A_model_1_unrelaxed_repeat048,lo_A_model_1_unrelaxed_repeat065
1.9929999999999999,0.17028921035849787,2.8499999999999996,0.26879336160819745,lo_A_model_1_unrelaxed_repeat048,lo_A_model_1_unrelaxed_repeat098
2.002,0.15726969718859107,3.02,0.25961835090357943,lo_A_model_1_unrelaxed_repeat048,lo_A_model_1_unrelaxed_repeat097
2.0309999999999997,0.17495575488091655,2.73,0.2274977400884468,lo_A_model_1_unrelaxed_repeat048,lo_A_model_1_unrelaxed_repeat025
2.068,0.19373444577373453,2.98,0.27756832923855057,lo_A_model_1_unrelaxed_repeat048,lo_A_model_1_unrelaxed_repeat020
2.069,0.19277285439230787,3.0300000000000002,0.28102362452175067,lo_A_model_1_unrelaxed_repeat048,lo_A_model_1_unrelaxed_repeat062
2.098,0.1802664940298502,2.88,0.2451409334509822,lo_A_model_1_unrelaxed_repeat048,lo_A_model_1_unrelaxed_repeat026
2.154,0.17613483910079908,2.95,0.24240692209552994,lo_A_model_1_unrelaxed_repeat048,lo_A_model_1_unrelaxed_repeat015
2.174,0.1911739771948821,2.81,0.2642452474252628,lo_A_model_1_unrelaxed_repeat048,lo_A_model_1_unrelaxed_repeat033
2.301,0.19809909371296947,2.8600000000000003,0.2572974987465489,lo_A_model_1_unrelaxed_repeat048,lo_A_model_1_unrelaxed_repeat036
2.322,0.219478443416349,2.81,0.3282274761636002,lo_A_model_1_unrelaxed_repeat048,lo_A_model_1_unrelaxed_repeat085
2.357,0.19030979036563747,2.85,0.26400936386046725,lo_A_model_1_unrelaxed_repeat048,lo_A_model_1_unrelaxed_repeat038
2.393,0.2003992252961191,2.99,0.28665572058816957,lo_A_model_1_unrelaxed_repeat048,lo_A_model_1_unrelaxed_repeat060
2.4029999999999996,0.19084991519189984,2.9,0.27507730738060776,lo_A_model_1_unrelaxed_repeat048,lo_A_model_1_unrelaxed_repeat046
2.406,0.205041121525542,3.04,0.2637789098937233,lo_A_model_1_unrelaxed_repeat048,lo_A_model_1_unrelaxed_repeat051
2.436,0.24576917826339256,2.8899999999999997,0.3050574185498581,lo_A_model_1_unrelaxed_repeat048,lo_A_model_1_unrelaxed_repeat017
2.4379999999999997,0.19893953330422254,2.94,0.26809335806937773,lo_A_model_1_unrelaxed_repeat048,lo_A_model_1_unrelaxed_repeat001
2.471,0.26517019826639815,3.04,0.3555778709616173,lo_A_model_1_unrelaxed_repeat048,lo_A_model_1_unrelaxed_repeat087
2.484,0.18352146206541242,3.01,0.25359312031754555,lo_A_model_1_unrelaxed_repeat048,lo_A_model_1_unrelaxed_repeat058
2.4850000000000003,0.16246839419720563,2.69,0.22564376192604427,lo_A_model_1_unrelaxed_repeat048,lo_A_model_1_unrelaxed_repeat057
2.49,0.1624145070583422,2.58,0.23022393775724556,lo_A_model_1_unrelaxed_repeat048,lo_A_model_1_unrelaxed_repeat094
2.4930000000000003,0.19414159987273333,2.92,0.2532918044418826,lo_A_model_1_unrelaxed_repeat048,lo_A_model_1_unrelaxed_repeat003
2.526,0.1868339381852153,3.0,0.24881694324268835,lo_A_model_1_unrelaxed_repeat048,lo_A_model_1_unrelaxed_repeat023
2.638,0.244536348527316,2.96,0.33003121194573265,lo_A_model_1_unrelaxed_repeat048,lo_A_model_1_unrelaxed_repeat012
2.6660000000000004,0.20403356269673845,2.99,0.31738875581468945,lo_A_model_1_unrelaxed_repeat048,lo_A_model_1_unrelaxed_repeat074
2.667,0.23164330282244133,2.87,0.32177316315452165,lo_A_model_1_unrelaxed_repeat048,lo_A_model_1_unrelaxed_repeat040
2.692,0.24203447182330629,3.04,0.33446932323177075,lo_A_model_1_unrelaxed_repeat048,lo_A_model_1_unrelaxed_repeat052
2.697,0.24997769228084005,2.9,0.35128482751596096,lo_A_model_1_unrelaxed_repeat048,lo_A_model_1_unrelaxed_repeat066
2.723,0.2525344996898829,2.99,0.34658951490991985,lo_A_model_1_unrelaxed_repeat048,lo_A_model_1_unrelaxed_repeat050
2.742,0.22754685096664262,2.8400000000000003,0.32557381939293867,lo_A_model_1_unrelaxed_repeat048,lo_A_model_1_unrelaxed_repeat083
1.931,0.17177557055080436,2.7800000000000002,0.247368756838449,lo_A_model_1_unrelaxed_repeat065,lo_A_model_1_unrelaxed_repeat056
2.018,0.16631107502713394,2.8200000000000003,0.2709425607848187,lo_A_model_1_unrelaxed_repeat065,lo_A_model_1_unrelaxed_repeat098
2.0220000000000002,0.18218313115134652,2.86,0.24672376866802087,lo_A_model_1_unrelaxed_repeat065,lo_A_model_1_unrelaxed_repeat026
2.0260000000000002,0.18133246207608583,2.84,0.25174020943665376,lo_A_model_1_unrelaxed_repeat065,lo_A_model_1_unrelaxed_repeat079
2.0309999999999997,0.18746808903462667,2.81,0.2500752962432119,lo_A_model_1_unrelaxed_repeat065,lo_A_model_1_unrelaxed_repeat070
2.035,0.19842038651662716,2.71,0.2589052002532371,lo_A_model_1_unrelaxed_repeat065,lo_A_model_1_unrelaxed_repeat025
2.045,0.1516597105732396,2.8,0.21470517430678251,lo_A_model_1_unrelaxed_repeat065,lo_A_model_1_unrelaxed_repeat077
2.053,0.19869200830202038,2.9699999999999998,0.2899685740952009,lo_A_model_1_unrelaxed_repeat065,lo_A_model_1_unrelaxed_repeat074
2.075,0.18763698934672124,3.01,0.2753433024275376,lo_A_model_1_unrelaxed_repeat065,lo_A_model_1_unrelaxed_repeat097
2.091,0.1786631295958041,3.04,0.2588633125652893,lo_A_model_1_unrelaxed_repeat065,lo_A_model_1_unrelaxed_repeat062
2.1260000000000003,0.15959617225179584,2.85,0.22835036954918092,lo_A_model_1_unrelaxed_repeat065,lo_A_model_1_unrelaxed_repeat037
2.13,0.1813327176944022,2.88,0.2714121392941428,lo_A_model_1_unrelaxed_repeat065,lo_A_model_1_unrelaxed_repeat088
2.203,0.2080964464962078,2.8499999999999996,0.27644022655089084,lo_A_model_1_unrelaxed_repeat065,lo_A_model_1_unrelaxed_repeat033
2.245,0.17031615556641766,3.01,0.26062519748142493,lo_A_model_1_unrelaxed_repeat065,lo_A_model_1_unrelaxed_repeat020
2.287,0.1933396516159616,2.7800000000000002,0.24784369064563036,lo_A_model_1_unrelaxed_repeat065,lo_A_model_1_unrelaxed_repeat036
2.301,0.2649037242447548,3.0,0.3517673750122841,lo_A_model_1_unrelaxed_repeat065,lo_A_model_1_unrelaxed_repeat087
2.34,0.19405090109930823,2.96,0.25564286829232447,lo_A_model_1_unrelaxed_repeat065,lo_A_model_1_unrelaxed_repeat015
2.375,0.236477980355747,2.8,0.31888737186827093,lo_A_model_1_unrelaxed_repeat065,lo_A_model_1_unrelaxed_repeat040
2.385,0.21749604044872328,3.0,0.2969166296766497,lo_A_model_1_unrelaxed_repeat065,lo_A_model_1_unrelaxed_repeat060
2.395,0.2265188234921778,2.95,0.3115719524364547,lo_A_model_1_unrelaxed_repeat065,lo_A_model_1_unrelaxed_repeat046
2.41,0.237984422014556,2.95,0.33465024553754696,lo_A_model_1_unrelaxed_repeat065,lo_A_model_1_unrelaxed_repeat050
2.417,0.18304649846653273,2.95,0.2613129608712766,lo_A_model_1_unrelaxed_repeat065,lo_A_model_1_unrelaxed_repeat001
2.495,0.23580544707409543,2.92,0.3302023050067332,lo_A_model_1_unrelaxed_repeat065,lo_A_model_1_unrelaxed_repeat012
2.505,0.18842857277660044,2.9699999999999998,0.2515969595263791,lo_A_model_1_unrelaxed_repeat065,lo_A_model_1_unrelaxed_repeat051
2.527,0.24195535182069874,2.91,0.3437969424313992,lo_A_model_1_unrelaxed_repeat065,lo_A_model_1_unrelaxed_repeat066
2.543,0.20590657214395655,2.81,0.265429713410325,lo_A_model_1_unrelaxed_repeat065,lo_A_model_1_unrelaxed_repeat038
2.5759999999999996,0.23836690980710204,2.98,0.3477792617140903,lo_A_model_1_unrelaxed_repeat065,lo_A_model_1_unrelaxed_repeat083
2.606,0.23953247559976662,2.87,0.3002394847646309,lo_A_model_1_unrelaxed_repeat065,lo_A_model_1_unrelaxed_repeat017
2.669,0.22105979162555459,2.87,0.3261278438424533,lo_A_model_1_unrelaxed_repeat065,lo_A_model_1_unrelaxed_repeat085
2.67,0.21533241561168084,3.02,0.29179646815356686,lo_A_model_1_unrelaxed_repeat065,lo_A_model_1_unrelaxed_repeat058
2.6710000000000003,0.1960706355742181,2.62,0.257241501845672,lo_A_model_1_unrelaxed_repeat065,lo_A_model_1_unrelaxed_repeat057
2.676,0.19301817981637903,2.9299999999999997,0.2763359796998591,lo_A_model_1_unrelaxed_repeat065,lo_A_model_1_unrelaxed_repeat094
2.6790000000000003,0.23482206090170282,2.9299999999999997,0.2934156796888461,lo_A_model_1_unrelaxed_repeat065,lo_A_model_1_unrelaxed_repeat003
2.693,0.23881791628512647,2.87,0.3294051950812175,lo_A_model_1_unrelaxed_repeat065,lo_A_model_1_unrelaxed_repeat052
2.7119999999999997,0.22037346568423888,2.96,0.27489771800581914,lo_A_model_1_unrelaxed_repeat065,lo_A_model_1_unrelaxed_repeat023
1.6880000000000002,0.1674181849170382,2.9,0.23426077688760197,lo_A_model_1_unrelaxed_repeat079,lo_A_model_1_unrelaxed_repeat097
1.7930000000000001,0.15561017284912476,2.8200000000000003,0.24439742253768046,lo_A_model_1_unrelaxed_repeat079,lo_A_model_1_unrelaxed_repeat088
1.9409999999999998,0.1999592276036859,2.8600000000000003,0.278540956373892,lo_A_model_1_unrelaxed_repeat079,lo_A_model_1_unrelaxed_repeat057
1.9949999999999999,0.19654764299188437,2.8200000000000003,0.2830634581081881,lo_A_model_1_unrelaxed_repeat079,lo_A_model_1_unrelaxed_repeat094
2.016,0.15277788490914004,3.04,0.23789533770637886,lo_A_model_1_unrelaxed_repeat079,lo_A_model_1_unrelaxed_repeat020
2.032,0.17351276230823498,2.87,0.2610261471563427,lo_A_model_1_unrelaxed_repeat079,lo_A_model_1_unrelaxed_repeat098
2.051,0.15448499146976527,2.76,0.22719600733963824,lo_A_model_1_unrelaxed_repeat079,lo_A_model_1_unrelaxed_repeat037
2.072,0.1772119371610985,2.8,0.2478832273886252,lo_A_model_1_unrelaxed_repeat079,lo_A_model_1_unrelaxed_repeat077
2.1189999999999998,0.229379647941666,2.91,0.3036260123322883,lo_A_model_1_unrelaxed_repeat079,lo_A_model_1_unrelaxed_repeat003
2.123,0.17081494810171868,2.83,0.25078337921484123,lo_A_model_1_unrelaxed_repeat079,lo_A_model_1_unrelaxed_repeat025
2.151,0.20326198307238344,2.8899999999999997,0.2738880236506969,lo_A_model_1_unrelaxed_repeat079,lo_A_model_1_unrelaxed_repeat015
2.159,0.20425004522109244,2.91,0.27589402082976305,lo_A_model_1_unrelaxed_repeat079,lo_A_model_1_unrelaxed_repeat038
2.165,0.17494995074210168,2.84,0.2626824320083795,lo_A_model_1_unrelaxed_repeat079,lo_A_model_1_unrelaxed_repeat070
2.17,0.18837210154615677,2.9,0.26831317511962655,lo_A_model_1_unrelaxed_repeat079,lo_A_model_1_unrelaxed_repeat056
2.178,0.1683757285952206,2.8899999999999997,0.247695183943459,lo_A_model_1_unrelaxed_repeat079,lo_A_model_1_unrelaxed_repeat062
2.225,0.1590553983443796,2.73,0.22454958891676813,lo_A_model_1_unrelaxed_repeat079,lo_A_model_1_unrelaxed_repeat026
2.229,0.21472168032129405,2.91,0.27541457890209237,lo_A_model_1_unrelaxed_repeat079,lo_A_model_1_unrelaxed_repeat001
2.267,0.19566407594437082,2.83,0.2540467891975289,lo_A_model_1_unrelaxed_repeat079,lo_A_model_1_unrelaxed_repeat036
2.2760000000000002,0.26800158541584734,2.9699999999999998,0.3684180309018035,lo_A_model_1_unrelaxed_repeat079,lo_A_model_1_unrelaxed_repeat087
2.279,0.19309071229856103,2.9,0.27925186174667527,lo_A_model_1_unrelaxed_repeat079,lo_A_model_1_unrelaxed_repeat060
2.325,0.196524129865664,2.96,0.2536619358169519,lo_A_model_1_unrelaxed_repeat079,lo_A_model_1_unrelaxed_repeat033
2.402,0.20607069220532057,2.84,0.2898337049721983,lo_A_model_1_unrelaxed_repeat079,lo_A_model_1_unrelaxed_repeat046
2.471,0.20539479553161402,2.8200000000000003,0.2959953504641981,lo_A_model_1_unrelaxed_repeat079,lo_A_model_1_unrelaxed_repeat074
2.4779999999999998,0.20371644224559224,2.87,0.281705007083184,lo_A_model_1_unrelaxed_repeat079,lo_A_model_1_unrelaxed_repeat051
2.4909999999999997,0.21963777306985335,2.9299999999999997,0.29061431653106545,lo_A_model_1_unrelaxed_repeat079,lo_A_model_1_unrelaxed_repeat023
2.5060000000000002,0.23540160794761036,2.8499999999999996,0.3138924029495946,lo_A_model_1_unrelaxed_repeat079,lo_A_model_1_unrelaxed_repeat017
2.5709999999999997,0.21103889694293287,2.81,0.2919659082142477,lo_A_model_1_unrelaxed_repeat079,lo_A_model_1_unrelaxed_repeat058
2.585,0.25084492755964477,2.91,0.36068425672215065,lo_A_model_1_unrelaxed_repeat079,lo_A_model_1_unrelaxed_repeat066
2.636,0.22304554536592353,2.91,0.31250847198816495,lo_A_model_1_unrelaxed_repeat079,lo_A_model_1_unrelaxed_repeat040
2.681,0.2448702748439384,3.06,0.33034113377508023,lo_A_model_1_unrelaxed_repeat079,lo_A_model_1_unrelaxed_repeat052
2.6839999999999997,0.2405259651558706,2.92,0.3391935652074072,lo_A_model_1_unrelaxed_repeat079,lo_A_model_1_unrelaxed_repeat050
2.749,0.24180236967401994,2.94,0.3302554610114676,lo_A_model_1_unrelaxed_repeat079,lo_A_model_1_unrelaxed_repeat012
3.145,0.2457986370122535,2.8,0.3396515086870099,lo_A_model_1_unrelaxed_repeat079,lo_A_model_1_unrelaxed_repeat083
3.2199999999999998,0.23634354980328837,2.86,0.32712284576772677,lo_A_model_1_unrelaxed_repeat079,lo_A_model_1_unrelaxed_repeat085
2.387,0.24770403217075024,2.94,0.3125176275428888,lo_A_model_1_unrelaxed_repeat012,lo_A_model_1_unrelaxed_repeat001
2.39,0.24311308353870367,3.0300000000000002,0.3168857310192511,lo_A_model_1_unrelaxed_repeat012,lo_A_model_1_unrelaxed_repeat058
2.416,0.24834201115888097,2.96,0.317156627205325,lo_A_model_1_unrelaxed_repeat012,lo_A_model_1_unrelaxed_repeat015
2.427,0.23324078135844542,2.88,0.3441421504879768,lo_A_model_1_unrelaxed_repeat012,lo_A_model_1_unrelaxed_repeat087
2.4429999999999996,0.23776407681392067,3.05,0.32327853760424075,lo_A_model_1_unrelaxed_repeat012,lo_A_model_1_unrelaxed_repeat070
2.4539999999999997,0.22824289824846328,2.99,0.3131386635401633,lo_A_model_1_unrelaxed_repeat012,lo_A_model_1_unrelaxed_repeat077
2.467,0.21276943333020523,2.95,0.3131564806961575,lo_A_model_1_unrelaxed_repeat012,lo_A_model_1_unrelaxed_repeat050
2.473,0.25830218964055346,3.04,0.3405067753974352,lo_A_model_1_unrelaxed_repeat012,lo_A_model_1_unrelaxed_repeat003
2.4819999999999998,0.23014561851675702,2.94,0.3248662099439956,lo_A_model_1_unrelaxed_repeat012,lo_A_model_1_unrelaxed_repeat026
2.499,0.23664698602407244,3.0,0.3319257979371211,lo_A_model_1_unrelaxed_repeat012,lo_A_model_1_unrelaxed_repeat088
2.501,0.2201737888165419,2.92,0.30275931790445115,lo_A_model_1_unrelaxed_repeat012,lo_A_model_1_unrelaxed_repeat060
2.502,0.2513428848797699,2.98,0.32700456962415475,lo_A_model_1_unrelaxed_repeat012,lo_A_model_1_unrelaxed_repeat036
2.5039999999999996,0.24758125788532565,2.94,0.32050099372919577,lo_A_model_1_unrelaxed_repeat012,lo_A_model_1_unrelaxed_repeat017
2.544,0.23398453845205433,2.76,0.3227635940207303,lo_A_model_1_unrelaxed_repeat012,lo_A_model_1_unrelaxed_repeat023
2.565,0.22755160838329722,2.9799999999999995,0.3118759061385743,lo_A_model_1_unrelaxed_repeat012,lo_A_model_1_unrelaxed_repeat040
2.598,0.21671359698630138,2.81,0.3292640164986164,lo_A_model_1_unrelaxed_repeat012,lo_A_model_1_unrelaxed_repeat066
2.6109999999999998,0.2426304354014944,2.99,0.3154503559018861,lo_A_model_1_unrelaxed_repeat012,lo_A_model_1_unrelaxed_repeat056
2.637,0.2269659361987249,3.0,0.32519297671229663,lo_A_model_1_unrelaxed_repeat012,lo_A_model_1_unrelaxed_repeat074
2.645,0.2306559291537747,2.83,0.3316403502115085,lo_A_model_1_unrelaxed_repeat012,lo_A_model_1_unrelaxed_repeat085
2.6550000000000002,0.24908115953306215,2.92,0.3265092610753242,lo_A_model_1_unrelaxed_repeat012,lo_A_model_1_unrelaxed_repeat057
2.6799999999999997,0.24452191361406062,2.9699999999999998,0.3261689004874736,lo_A_model_1_unrelaxed_repeat012,lo_A_model_1_unrelaxed_repeat025
2.6870000000000003,0.21994855296491286,2.7800000000000002,0.3044208366385016,lo_A_model_1_unrelaxed_repeat012,lo_A_model_1_unrelaxed_repeat062
2.694,0.2405949694858914,2.9699999999999998,0.329764644906095,lo_A_model_1_unrelaxed_repeat012,lo_A_model_1_unrelaxed_repeat052
2.71,0.24890420562244006,3.01,0.32413450289295836,lo_A_model_1_unrelaxed_repeat012,lo_A_model_1_unrelaxed_repeat094
2.717,0.2262381637210912,2.91,0.3158251449370918,lo_A_model_1_unrelaxed_repeat012,lo_A_model_1_unrelaxed_repeat037
2.721,0.21910265164972967,3.02,0.29592492184763575,lo_A_model_1_unrelaxed_repeat012,lo_A_model_1_unrelaxed_repeat051
2.724,0.2538112784983953,2.9299999999999997,0.33618774984724437,lo_A_model_1_unrelaxed_repeat012,lo_A_model_1_unrelaxed_repeat097
2.734,0.21712043228888073,2.87,0.31949280262613095,lo_A_model_1_unrelaxed_repeat012,lo_A_model_1_unrelaxed_repeat083
2.737,0.23882130982337207,2.9699999999999998,0.31729548288951215,lo_A_model_1_unrelaxed_repeat012,lo_A_model_1_unrelaxed_repeat046
2.747,0.24484909661758855,2.94,0.32610218081439246,lo_A_model_1_unrelaxed_repeat012,lo_A_model_1_unrelaxed_repeat020
2.758,0.2209784322621458,2.96,0.2991186864023689,lo_A_model_1_unrelaxed_repeat012,lo_A_model_1_unrelaxed_repeat098
2.785,0.24401797349313575,2.96,0.3331804084116535,lo_A_model_1_unrelaxed_repeat012,lo_A_model_1_unrelaxed_repeat038
2.879,0.2413900387067336,2.9699999999999998,0.3252500303772038,lo_A_model_1_unrelaxed_repeat012,lo_A_model_1_unrelaxed_repeat033
1.833,0.1988641048274957,3.01,0.26636787624179126,lo_A_model_1_unrelaxed_repeat033,lo_A_model_1_unrelaxed_repeat060
1.943,0.18154950218976226,2.6500000000000004,0.2438369961402397,lo_A_model_1_unrelaxed_repeat033,lo_A_model_1_unrelaxed_repeat098
2.035,0.17167096234746493,2.91,0.25339068321563524,lo_A_model_1_unrelaxed_repeat033,lo_A_model_1_unrelaxed_repeat046
2.08,0.20821135885700748,2.98,0.2603580125648602,lo_A_model_1_unrelaxed_repeat033,lo_A_model_1_unrelaxed_repeat023
2.095,0.17670921127802228,3.05,0.2520648916154759,lo_A_model_1_unrelaxed_repeat033,lo_A_model_1_unrelaxed_repeat062
2.1020000000000003,0.20293987354553594,2.9699999999999998,0.26205952211863476,lo_A_model_1_unrelaxed_repeat033,lo_A_model_1_unrelaxed_repeat015
2.146,0.19114120195396464,2.91,0.25591872144990696,lo_A_model_1_unrelaxed_repeat033,lo_A_model_1_unrelaxed_repeat038
2.157,0.2031848154803256,2.9299999999999997,0.2720072686902222,lo_A_model_1_unrelaxed_repeat033,lo_A_model_1_unrelaxed_repeat077
2.1630000000000003,0.20636547159925617,2.8,0.28264558455136096,lo_A_model_1_unrelaxed_repeat033,lo_A_model_1_unrelaxed_repeat094
2.218,0.22629589868691363,2.8899999999999997,0.2982181705617867,lo_A_model_1_unrelaxed_repeat033,lo_A_model_1_unrelaxed_repeat057
2.235,0.17412001271219676,2.9,0.22489870554081495,lo_A_model_1_unrelaxed_repeat033,lo_A_model_1_unrelaxed_repeat026
2.239,0.22067723827051353,2.96,0.2714247367074519,lo_A_model_1_unrelaxed_repeat033,lo_A_model_1_unrelaxed_repeat001
2.255,0.19267440940627592,2.99,0.2526613706927582,lo_A_model_1_unrelaxed_repeat033,lo_A_model_1_unrelaxed_repeat037
2.271,0.19094651446857233,2.8899999999999997,0.27187617100532185,lo_A_model_1_unrelaxed_repeat033,lo_A_model_1_unrelaxed_repeat088
2.2720000000000002,0.2134510045197073,2.84,0.2805227085027055,lo_A_model_1_unrelaxed_repeat033,lo_A_model_1_unrelaxed_repeat025
2.285,0.17044238912736737,2.91,0.2443380008415018,lo_A_model_1_unrelaxed_repeat033,lo_A_model_1_unrelaxed_repeat097
2.292,0.17743521254108297,2.75,0.24317505189785027,lo_A_model_1_unrelaxed_repeat033,lo_A_model_1_unrelaxed_repeat056
2.294,0.17953165106438915,2.8899999999999997,0.25856249469398074,lo_A_model_1_unrelaxed_repeat033,lo_A_model_1_unrelaxed_repeat036
2.3729999999999998,0.19851075580852998,2.95,0.27801297815549875,lo_A_model_1_unrelaxed_repeat033,lo_A_model_1_unrelaxed_repeat070
2.384,0.20041799881479466,3.2199999999999998,0.2641149552469939,lo_A_model_1_unrelaxed_repeat033,lo_A_model_1_unrelaxed_repeat020
2.406,0.26541239593162014,3.02,0.36777481136438084,lo_A_model_1_unrelaxed_repeat033,lo_A_model_1_unrelaxed_repeat087
2.4139999999999997,0.2364430675181581,3.0300000000000002,0.3089104485705388,lo_A_model_1_unrelaxed_repeat033,lo_A_model_1_unrelaxed_repeat058
2.4160000000000004,0.20619315707789887,2.94,0.29816889914566813,lo_A_model_1_unrelaxed_repeat033,lo_A_model_1_unrelaxed_repeat074
2.4219999999999997,0.22423702460695016,2.94,0.3059565548370921,lo_A_model_1_unrelaxed_repeat033,lo_A_model_1_unrelaxed_repeat003
2.423,0.25070337390654696,2.7199999999999998,0.30834520721056813,lo_A_model_1_unrelaxed_repeat033,lo_A_model_1_unrelaxed_repeat017
2.428,0.2208509981327949,2.96,0.2901399198739031,lo_A_model_1_unrelaxed_repeat033,lo_A_model_1_unrelaxed_repeat051
2.605,0.23088717494405808,3.01,0.3271967029226204,lo_A_model_1_unrelaxed_repeat033,lo_A_model_1_unrelaxed_repeat052
2.7119999999999997,0.24863265788987746,2.7199999999999998,0.3220145368545287,lo_A_model_1_unrelaxed_repeat033,lo_A_model_1_unrelaxed_repeat040
2.715,0.24297550404329443,3.02,0.35596993170024643,lo_A_model_1_unrelaxed_repeat033,lo_A_model_1_unrelaxed_repeat066
2.7289999999999996,0.24631512493659863,2.9699999999999998,0.3447461797746884,lo_A_model_1_unrelaxed_repeat033,lo_A_model_1_unrelaxed_repeat050
3.275,0.25320509874699115,2.8499999999999996,0.33843027357423383,lo_A_model_1_unrelaxed_repeat033,lo_A_model_1_unrelaxed_repeat083
3.296,0.2465625869814773,2.91,0.3368875888132768,lo_A_model_1_unrelaxed_repeat033,lo_A_model_1_unrelaxed_repeat085
1.867,0.18889164336402256,3.0,0.2710261325421295,lo_A_model_1_unrelaxed_repeat015,lo_A_model_1_unrelaxed_repeat057
2.015,0.18827426346492981,2.84,0.2629948568065997,lo_A_model_1_unrelaxed_repeat015,lo_A_model_1_unrelaxed_repeat062
2.061,0.17334945314061068,2.76,0.2668754726135198,lo_A_model_1_unrelaxed_repeat015,lo_A_model_1_unrelaxed_repeat088
2.064,0.18325133034041186,2.96,0.244417441175516,lo_A_model_1_unrelaxed_repeat015,lo_A_model_1_unrelaxed_repeat077
2.096,0.1856669753916214,2.77,0.24416345752674848,lo_A_model_1_unrelaxed_repeat015,lo_A_model_1_unrelaxed_repeat098
2.121,0.20433855116130437,2.74,0.262930986881845,lo_A_model_1_unrelaxed_repeat015,lo_A_model_1_unrelaxed_repeat025
2.149,0.19935711625049624,2.8200000000000003,0.26178926535739816,lo_A_model_1_unrelaxed_repeat015,lo_A_model_1_unrelaxed_repeat037
2.15,0.20432233573757652,2.9699999999999998,0.27641569532815646,lo_A_model_1_unrelaxed_repeat015,lo_A_model_1_unrelaxed_repeat026
2.157,0.17361909617878993,2.5,0.24008319969417566,lo_A_model_1_unrelaxed_repeat015,lo_A_model_1_unrelaxed_repeat097
2.22,0.18027967146291174,2.92,0.23214685056855375,lo_A_model_1_unrelaxed_repeat015,lo_A_model_1_unrelaxed_repeat001
2.2270000000000003,0.19014392786707923,2.84,0.24957411506951693,lo_A_model_1_unrelaxed_repeat015,lo_A_model_1_unrelaxed_repeat056
2.269,0.17537575110959103,2.8899999999999997,0.2466905413184009,lo_A_model_1_unrelaxed_repeat015,lo_A_model_1_unrelaxed_repeat038
2.278,0.2014148765696728,2.83,0.2810613951939743,lo_A_model_1_unrelaxed_repeat015,lo_A_model_1_unrelaxed_repeat036
2.306,0.21126124150025463,2.71,0.27961689507510973,lo_A_model_1_unrelaxed_repeat015,lo_A_model_1_unrelaxed_repeat060
2.363,0.2127034197615418,2.96,0.279937301379903,lo_A_model_1_unrelaxed_repeat015,lo_A_model_1_unrelaxed_repeat020
2.378,0.19859555380575947,2.8099999999999996,0.28729880065598795,lo_A_model_1_unrelaxed_repeat015,lo_A_model_1_unrelaxed_repeat070
2.391,0.2694454555285859,3.04,0.35750990662264637,lo_A_model_1_unrelaxed_repeat015,lo_A_model_1_unrelaxed_repeat087
2.401,0.18780762689792457,2.74,0.2514079950426949,lo_A_model_1_unrelaxed_repeat015,lo_A_model_1_unrelaxed_repeat058
2.4210000000000003,0.23875947576488984,2.58,0.3067989233995805,lo_A_model_1_unrelaxed_repeat015,lo_A_model_1_unrelaxed_repeat017
2.426,0.2168350546281521,2.98,0.27208283683492984,lo_A_model_1_unrelaxed_repeat015,lo_A_model_1_unrelaxed_repeat051
2.429,0.19710257309446214,2.8499999999999996,0.27656285002564274,lo_A_model_1_unrelaxed_repeat015,lo_A_model_1_unrelaxed_repeat003
2.455,0.23259046942293346,2.88,0.35021330103691944,lo_A_model_1_unrelaxed_repeat015,lo_A_model_1_unrelaxed_repeat066
2.459,0.22556999808116052,2.9,0.28631000536174633,lo_A_model_1_unrelaxed_repeat015,lo_A_model_1_unrelaxed_repeat046
2.4939999999999998,0.16873425110635795,2.87,0.23188016736488565,lo_A_model_1_unrelaxed_repeat015,lo_A_model_1_unrelaxed_repeat094
2.531,0.20724985163186635,2.9699999999999998,0.2950928662537896,lo_A_model_1_unrelaxed_repeat015,lo_A_model_1_unrelaxed_repeat074
2.548,0.20459244598872883,3.0,0.2748135536511732,lo_A_model_1_unrelaxed_repeat015,lo_A_model_1_unrelaxed_repeat023
2.549,0.23695242757304913,2.9699999999999998,0.34379981366211626,lo_A_model_1_unrelaxed_repeat015,lo_A_model_1_unrelaxed_repeat085
2.609,0.22925666782558207,2.91,0.3115170779309416,lo_A_model_1_unrelaxed_repeat015,lo_A_model_1_unrelaxed_repeat040
2.685,0.22518785291110274,2.92,0.32325092234715014,lo_A_model_1_unrelaxed_repeat015,lo_A_model_1_unrelaxed_repeat052
2.701,0.24416956689210964,2.99,0.3544888520234025,lo_A_model_1_unrelaxed_repeat015,lo_A_model_1_unrelaxed_repeat050
2.772,0.22913912723068505,2.9299999999999997,0.32985729779689765,lo_A_model_1_unrelaxed_repeat015,lo_A_model_1_unrelaxed_repeat083
1.8519999999999999,0.16746386965397933,2.91,0.25255495584616955,lo_A_model_1_unrelaxed_repeat037,lo_A_model_1_unrelaxed_repeat088
2.12,0.18701518762007605,2.3699999999999997,0.2668210032635109,lo_A_model_1_unrelaxed_repeat037,lo_A_model_1_unrelaxed_repeat074
2.136,0.15076643296982087,2.87,0.21935051743564385,lo_A_model_1_unrelaxed_repeat037,lo_A_model_1_unrelaxed_repeat026
2.174,0.18318194946402896,2.6399999999999997,0.2394098610021408,lo_A_model_1_unrelaxed_repeat037,lo_A_model_1_unrelaxed_repeat070
2.1959999999999997,0.1798054989523541,2.91,0.23681101403067698,lo_A_model_1_unrelaxed_repeat037,lo_A_model_1_unrelaxed_repeat038
2.279,0.25488540104936824,2.98,0.34888254066617913,lo_A_model_1_unrelaxed_repeat037,lo_A_model_1_unrelaxed_repeat087
2.281,0.19554511826202342,2.9699999999999998,0.2511187557126556,lo_A_model_1_unrelaxed_repeat037,lo_A_model_1_unrelaxed_repeat001
2.3179999999999996,0.2331666040325061,2.95,0.30055375692402264,lo_A_model_1_unrelaxed_repeat037,lo_A_model_1_unrelaxed_repeat003
2.337,0.19358100927796565,2.77,0.24047622042400252,lo_A_model_1_unrelaxed_repeat037,lo_A_model_1_unrelaxed_repeat036
2.356,0.17522182548385384,2.6799999999999997,0.21398039833750016,lo_A_model_1_unrelaxed_repeat037,lo_A_model_1_unrelaxed_repeat077
2.396,0.20961770639098698,2.98,0.27444181874143353,lo_A_model_1_unrelaxed_repeat037,lo_A_model_1_unrelaxed_repeat023
2.448,0.22180338507538896,2.88,0.33198458174722917,lo_A_model_1_unrelaxed_repeat037,lo_A_model_1_unrelaxed_repeat050
2.474,0.23725794562266458,2.88,0.287148827636753,lo_A_model_1_unrelaxed_repeat037,lo_A_model_1_unrelaxed_repeat017
2.474,0.18786709072326646,2.73,0.27880723877770786,lo_A_model_1_unrelaxed_repeat037,lo_A_model_1_unrelaxed_repeat060
2.484,0.19553765210454468,2.96,0.2761416671108063,lo_A_model_1_unrelaxed_repeat037,lo_A_model_1_unrelaxed_repeat046
2.513,0.18238890204171643,2.8899999999999997,0.25226975366124116,lo_A_model_1_unrelaxed_repeat037,lo_A_model_1_unrelaxed_repeat056
2.517,0.21032882015884902,2.95,0.2877177224985821,lo_A_model_1_unrelaxed_repeat037,lo_A_model_1_unrelaxed_repeat058
2.553,0.25026358522305664,2.91,0.3413247355632113,lo_A_model_1_unrelaxed_repeat037,lo_A_model_1_unrelaxed_repeat066
2.5570000000000004,0.2031154206500962,3.0,0.27412119955556097,lo_A_model_1_unrelaxed_repeat037,lo_A_model_1_unrelaxed_repeat057
2.582,0.18539427729669375,3.02,0.24030857606636585,lo_A_model_1_unrelaxed_repeat037,lo_A_model_1_unrelaxed_repeat025
2.5890000000000004,0.173442577272343,2.98,0.24527465554427044,lo_A_model_1_unrelaxed_repeat037,lo_A_model_1_unrelaxed_repeat062
2.6100000000000003,0.16096830386689612,3.0,0.22774323568879684,lo_A_model_1_unrelaxed_repeat037,lo_A_model_1_unrelaxed_repeat020
2.612,0.20125540396515773,3.02,0.2749679653600559,lo_A_model_1_unrelaxed_repeat037,lo_A_model_1_unrelaxed_repeat094
2.617,0.23047286652260685,2.9399999999999995,0.3064675754809521,lo_A_model_1_unrelaxed_repeat037,lo_A_model_1_unrelaxed_repeat040
2.623,0.2031335783266194,2.88,0.27142911140458514,lo_A_model_1_unrelaxed_repeat037,lo_A_model_1_unrelaxed_repeat051
2.625,0.17974913690322272,2.84,0.25652692998649784,lo_A_model_1_unrelaxed_repeat037,lo_A_model_1_unrelaxed_repeat098
2.6260000000000003,0.17611591806289376,2.85,0.2443910419839542,lo_A_model_1_unrelaxed_repeat037,lo_A_model_1_unrelaxed_repeat097
2.683,0.2371227958563565,3.15,0.3114238839255205,lo_A_model_1_unrelaxed_repeat037,lo_A_model_1_unrelaxed_repeat052
3.113,0.24462095989515825,3.0500000000000003,0.33748781570757924,lo_A_model_1_unrelaxed_repeat037,lo_A_model_1_unrelaxed_repeat083
3.201,0.23454733684031484,2.8499999999999996,0.32657651087226863,lo_A_model_1_unrelaxed_repeat037,lo_A_model_1_unrelaxed_repeat085
2.289,0.26090042718276407,2.8899999999999997,0.36929128273240613,lo_A_model_1_unrelaxed_repeat087,lo_A_model_1_unrelaxed_repeat046
2.313,0.27848532219510524,3.02,0.3697957523097356,lo_A_model_1_unrelaxed_repeat087,lo_A_model_1_unrelaxed_repeat070
2.32,0.2574753796027373,2.86,0.3633117028381693,lo_A_model_1_unrelaxed_repeat087,lo_A_model_1_unrelaxed_repeat060
2.3230000000000004,0.26431309251089935,2.98,0.35987038677691996,lo_A_model_1_unrelaxed_repeat087,lo_A_model_1_unrelaxed_repeat077
2.326,0.2614953657779025,2.91,0.3409763394893543,lo_A_model_1_unrelaxed_repeat087,lo_A_model_1_unrelaxed_repeat001
2.333,0.25444398974997534,2.9,0.3434876661890996,lo_A_model_1_unrelaxed_repeat087,lo_A_model_1_unrelaxed_repeat038
2.351,0.2814865133973679,2.92,0.3724387785620934,lo_A_model_1_unrelaxed_repeat087,lo_A_model_1_unrelaxed_repeat036
2.36,0.2629465923785488,3.05,0.37699409724321037,lo_A_model_1_unrelaxed_repeat087,lo_A_model_1_unrelaxed_repeat074
2.362,0.26063825972417365,3.04,0.3658833745564617,lo_A_model_1_unrelaxed_repeat087,lo_A_model_1_unrelaxed_repeat040
2.372,0.2579834653294758,2.86,0.35046753975719647,lo_A_model_1_unrelaxed_repeat087,lo_A_model_1_unrelaxed_repeat023
2.383,0.27172342403672745,3.04,0.35773540625297545,lo_A_model_1_unrelaxed_repeat087,lo_A_model_1_unrelaxed_repeat003
2.391,0.25825355895961544,3.04,0.35183390378304363,lo_A_model_1_unrelaxed_repeat087,lo_A_model_1_unrelaxed_repeat088
2.435,0.30728543254266505,3.04,0.3923788642427557,lo_A_model_1_unrelaxed_repeat087,lo_A_model_1_unrelaxed_repeat017
2.452,0.24125327041598663,3.0300000000000002,0.32707736000486787,lo_A_model_1_unrelaxed_repeat087,lo_A_model_1_unrelaxed_repeat066
2.465,0.25696160933012524,3.0300000000000002,0.3526673752125959,lo_A_model_1_unrelaxed_repeat087,lo_A_model_1_unrelaxed_repeat056
2.5,0.2798416612386491,3.05,0.3686800878174407,lo_A_model_1_unrelaxed_repeat087,lo_A_model_1_unrelaxed_repeat058
2.5090000000000003,0.27668098485796644,3.0,0.3591389320753026,lo_A_model_1_unrelaxed_repeat087,lo_A_model_1_unrelaxed_repeat057
2.534,0.2703048572997317,3.0300000000000002,0.3578084621205779,lo_A_model_1_unrelaxed_repeat087,lo_A_model_1_unrelaxed_repeat025
2.5410000000000004,0.2619514872798509,2.9,0.36149862923854187,lo_A_model_1_unrelaxed_repeat087,lo_A_model_1_unrelaxed_repeat062
2.547,0.27197537336972155,3.04,0.3710859060141549,lo_A_model_1_unrelaxed_repeat087,lo_A_model_1_unrelaxed_repeat026
2.5620000000000003,0.27144191568518683,3.0,0.366922124562641,lo_A_model_1_unrelaxed_repeat087,lo_A_model_1_unrelaxed_repeat020
2.564,0.25856613369419096,2.96,0.35336283516537037,lo_A_model_1_unrelaxed_repeat087,lo_A_model_1_unrelaxed_repeat094
2.575,0.28944240459787357,2.99,0.37122039002259355,lo_A_model_1_unrelaxed_repeat087,lo_A_model_1_unrelaxed_repeat051
2.5780000000000003,0.25519315806974135,2.9,0.3559755983342708,lo_A_model_1_unrelaxed_repeat087,lo_A_model_1_unrelaxed_repeat097
2.588,0.2486547853731841,2.9,0.35692767848416757,lo_A_model_1_unrelaxed_repeat087,lo_A_model_1_unrelaxed_repeat083
2.591,0.269452039733861,2.92,0.37943162070729003,lo_A_model_1_unrelaxed_repeat087,lo_A_model_1_unrelaxed_repeat098
2.67,0.24999927038520142,3.0,0.35778271232938846,lo_A_model_1_unrelaxed_repeat087,lo_A_model_1_unrelaxed_repeat052
2.69,0.25813496819023785,2.92,0.3633020947051742,lo_A_model_1_unrelaxed_repeat087,lo_A_model_1_unrelaxed_repeat085
3.516,0.2431015883542762,2.8499999999999996,0.3512425929246143,lo_A_model_1_unrelaxed_repeat087,lo_A_model_1_unrelaxed_repeat050
1.847,0.1717911472784957,2.77,0.2422549644716467,lo_A_model_1_unrelaxed_repeat077,lo_A_model_1_unrelaxed_repeat098
2.0140000000000002,0.1961676693709689,2.95,0.26849967298301974,lo_A_model_1_unrelaxed_repeat077,lo_A_model_1_unrelaxed_repeat001
2.035,0.16865367244839063,3.04,0.23204428317936035,lo_A_model_1_unrelaxed_repeat077,lo_A_model_1_unrelaxed_repeat062
2.076,0.19156366057136764,2.91,0.2615721697734681,lo_A_model_1_unrelaxed_repeat077,lo_A_model_1_unrelaxed_repeat097
2.089,0.1876552747617896,2.9299999999999997,0.24294026300244412,lo_A_model_1_unrelaxed_repeat077,lo_A_model_1_unrelaxed_repeat026
2.106,0.2028854155564011,2.85,0.24326481093726512,lo_A_model_1_unrelaxed_repeat077,lo_A_model_1_unrelaxed_repeat025
2.172,0.1950163802224795,3.4299999999999997,0.3033907568781297,lo_A_model_1_unrelaxed_repeat077,lo_A_model_1_unrelaxed_repeat074
2.2,0.20472491400627915,2.94,0.26470103523477834,lo_A_model_1_unrelaxed_repeat077,lo_A_model_1_unrelaxed_repeat057
2.205,0.20191306079640234,2.6799999999999997,0.2504414985700425,lo_A_model_1_unrelaxed_repeat077,lo_A_model_1_unrelaxed_repeat094
2.2119999999999997,0.19925503244390172,2.77,0.22979296522511908,lo_A_model_1_unrelaxed_repeat077,lo_A_model_1_unrelaxed_repeat056
2.225,0.2337703793721884,2.92,0.34651050185671967,lo_A_model_1_unrelaxed_repeat077,lo_A_model_1_unrelaxed_repeat066
2.238,0.1924094949161958,2.75,0.25678066323786053,lo_A_model_1_unrelaxed_repeat077,lo_A_model_1_unrelaxed_repeat088
2.266,0.18325634695185922,2.75,0.23907726766500215,lo_A_model_1_unrelaxed_repeat077,lo_A_model_1_unrelaxed_repeat036
2.336,0.20108639557053065,2.99,0.2456449279247681,lo_A_model_1_unrelaxed_repeat077,lo_A_model_1_unrelaxed_repeat051
2.343,0.19051106929791708,2.8,0.25317401435586623,lo_A_model_1_unrelaxed_repeat077,lo_A_model_1_unrelaxed_repeat070
2.373,0.17795732156213173,2.94,0.2352279508077255,lo_A_model_1_unrelaxed_repeat077,lo_A_model_1_unrelaxed_repeat020
2.4080000000000004,0.23394420975118985,2.7800000000000002,0.2897643460672625,lo_A_model_1_unrelaxed_repeat077,lo_A_model_1_unrelaxed_repeat017
2.439,0.2322840190847716,2.9699999999999998,0.29305143171617726,lo_A_model_1_unrelaxed_repeat077,lo_A_model_1_unrelaxed_repeat003
2.444,0.22892277624150315,2.88,0.28079612956831085,lo_A_model_1_unrelaxed_repeat077,lo_A_model_1_unrelaxed_repeat046
2.454,0.23131594555210988,2.94,0.31671227741700614,lo_A_model_1_unrelaxed_repeat077,lo_A_model_1_unrelaxed_repeat040
2.464,0.20722349969753806,2.88,0.25626713976664545,lo_A_model_1_unrelaxed_repeat077,lo_A_model_1_unrelaxed_repeat038
2.473,0.22057264787363298,3.02,0.2752175885186899,lo_A_model_1_unrelaxed_repeat077,lo_A_model_1_unrelaxed_repeat058
2.4829999999999997,0.2127009479906207,3.0,0.28922500164003234,lo_A_model_1_unrelaxed_repeat077,lo_A_model_1_unrelaxed_repeat060
2.533,0.21587345614989384,2.94,0.2828120594037779,lo_A_model_1_unrelaxed_repeat077,lo_A_model_1_unrelaxed_repeat023
2.6369999999999996,0.22794610398802392,3.57,0.34129241864046617,lo_A_model_1_unrelaxed_repeat077,lo_A_model_1_unrelaxed_repeat050
2.6870000000000003,0.23311150665518435,4.21,0.32245193495721775,lo_A_model_1_unrelaxed_repeat077,lo_A_model_1_unrelaxed_repeat052
2.695,0.23152706531688455,2.88,0.328865653460119,lo_A_model_1_unrelaxed_repeat077,lo_A_model_1_unrelaxed_repeat085
2.785,0.23905414654119841,3.0,0.3401712519991883,lo_A_model_1_unrelaxed_repeat077,lo_A_model_1_unrelaxed_repeat083
2.161,0.2269264115972413,2.91,0.349846604439795,lo_A_model_1_unrelaxed_repeat085,lo_A_model_1_unrelaxed_repeat094
2.188,0.22374521390170535,2.94,0.32325433012666144,lo_A_model_1_unrelaxed_repeat085,lo_A_model_1_unrelaxed_repeat070
2.221,0.23228091128060974,3.04,0.34606254448064405,lo_A_model_1_unrelaxed_repeat085,lo_A_model_1_unrelaxed_repeat057
2.223,0.2298129288364168,2.86,0.3349569186314201,lo_A_model_1_unrelaxed_repeat085,lo_A_model_1_unrelaxed_repeat025
2.267,0.22470873724698803,2.8899999999999997,0.32919722880158603,lo_A_model_1_unrelaxed_repeat085,lo_A_model_1_unrelaxed_repeat088
2.269,0.23778745573697854,3.02,0.3415298410562432,lo_A_model_1_unrelaxed_repeat085,lo_A_model_1_unrelaxed_repeat001
2.3569999999999998,0.24601958236492075,2.91,0.3412148623087394,lo_A_model_1_unrelaxed_repeat085,lo_A_model_1_unrelaxed_repeat046
2.44,0.25389071184710904,2.96,0.36192530785956617,lo_A_model_1_unrelaxed_repeat085,lo_A_model_1_unrelaxed_repeat003
2.442,0.22148392760193678,2.88,0.31240472081119647,lo_A_model_1_unrelaxed_repeat085,lo_A_model_1_unrelaxed_repeat098
2.458,0.24757261214290607,3.01,0.34414239991071865,lo_A_model_1_unrelaxed_repeat085,lo_A_model_1_unrelaxed_repeat060
2.4850000000000003,0.24822610199375839,3.0300000000000002,0.35676579318568447,lo_A_model_1_unrelaxed_repeat085,lo_A_model_1_unrelaxed_repeat058
2.513,0.21975254128028107,2.91,0.33046384360672576,lo_A_model_1_unrelaxed_repeat085,lo_A_model_1_unrelaxed_repeat056
2.5149999999999997,0.23547088305522984,3.05,0.3395485937188129,lo_A_model_1_unrelaxed_repeat085,lo_A_model_1_unrelaxed_repeat097
2.516,0.2775322162278626,2.94,0.36083094373554153,lo_A_model_1_unrelaxed_repeat085,lo_A_model_1_unrelaxed_repeat017
2.521,0.24501898849074952,3.04,0.34873509423537963,lo_A_model_1_unrelaxed_repeat085,lo_A_model_1_unrelaxed_repeat051
2.537,0.23086112975191178,2.8899999999999997,0.34447679636397904,lo_A_model_1_unrelaxed_repeat085,lo_A_model_1_unrelaxed_repeat066
2.543,0.21496080555675262,3.05,0.32863070489576307,lo_A_model_1_unrelaxed_repeat085,lo_A_model_1_unrelaxed_repeat062
2.6550000000000002,0.2531468741939412,2.98,0.3539042813294968,lo_A_model_1_unrelaxed_repeat085,lo_A_model_1_unrelaxed_repeat038
2.684,0.22463912181557233,2.9299999999999997,0.3260347454210139,lo_A_model_1_unrelaxed_repeat085,lo_A_model_1_unrelaxed_repeat036
2.7,0.2389712680486709,3.0,0.3482612440890858,lo_A_model_1_unrelaxed_repeat085,lo_A_model_1_unrelaxed_repeat050
2.709,0.24127851340316842,2.91,0.35722147428188844,lo_A_model_1_unrelaxed_repeat085,lo_A_model_1_unrelaxed_repeat052
2.7110000000000003,0.2518448872030172,2.98,0.35786747173325156,lo_A_model_1_unrelaxed_repeat085,lo_A_model_1_unrelaxed_repeat023
2.769,0.2437860080882987,3.0300000000000002,0.3413764949463565,lo_A_model_1_unrelaxed_repeat085,lo_A_model_1_unrelaxed_repeat020
2.778,0.22943160094806214,2.83,0.3192760946368845,lo_A_model_1_unrelaxed_repeat085,lo_A_model_1_unrelaxed_repeat026
3.12,0.24334622185476215,3.05,0.3605283834978631,lo_A_model_1_unrelaxed_repeat085,lo_A_model_1_unrelaxed_repeat074
3.1470000000000002,0.23263966992516524,3.02,0.3211157675894531,lo_A_model_1_unrelaxed_repeat085,lo_A_model_1_unrelaxed_repeat083
3.408,0.22276862712314102,3.09,0.31403607312177584,lo_A_model_1_unrelaxed_repeat085,lo_A_model_1_unrelaxed_repeat040
1.905,0.19675350256738047,2.86,0.26712017945452354,lo_A_model_1_unrelaxed_repeat038,lo_A_model_1_unrelaxed_repeat023
1.9819999999999998,0.19169160676201838,3.0,0.28441733224984755,lo_A_model_1_unrelaxed_repeat038,lo_A_model_1_unrelaxed_repeat003
2.055,0.19872482106278966,2.74,0.2861021156874908,lo_A_model_1_unrelaxed_repeat038,lo_A_model_1_unrelaxed_repeat046
2.091,0.18719877892929224,2.9,0.24553081092404389,lo_A_model_1_unrelaxed_repeat038,lo_A_model_1_unrelaxed_repeat026
2.227,0.17751968518057212,2.85,0.2567726403673135,lo_A_model_1_unrelaxed_repeat038,lo_A_model_1_unrelaxed_repeat088
2.247,0.21161863219849578,2.92,0.3078937631470236,lo_A_model_1_unrelaxed_repeat038,lo_A_model_1_unrelaxed_repeat074
2.345,0.21345489249531382,2.8499999999999996,0.28433387253888937,lo_A_model_1_unrelaxed_repeat038,lo_A_model_1_unrelaxed_repeat070
2.3890000000000002,0.20322376653504978,2.91,0.26467417278538535,lo_A_model_1_unrelaxed_repeat038,lo_A_model_1_unrelaxed_repeat001
2.422,0.2434342470114379,2.85,0.30434102925615886,lo_A_model_1_unrelaxed_repeat038,lo_A_model_1_unrelaxed_repeat017
2.4379999999999997,0.20498304336863946,2.8499999999999996,0.2697568448896281,lo_A_model_1_unrelaxed_repeat038,lo_A_model_1_unrelaxed_repeat036
2.4589999999999996,0.23777907419681432,2.89,0.3238428944947462,lo_A_model_1_unrelaxed_repeat038,lo_A_model_1_unrelaxed_repeat040
2.4690000000000003,0.20436429785430263,2.8600000000000003,0.2739619764141439,lo_A_model_1_unrelaxed_repeat038,lo_A_model_1_unrelaxed_repeat058
2.472,0.18838483729901775,2.9699999999999998,0.287255276200966,lo_A_model_1_unrelaxed_repeat038,lo_A_model_1_unrelaxed_repeat060
2.516,0.2309584415360006,2.94,0.33588530980794357,lo_A_model_1_unrelaxed_repeat038,lo_A_model_1_unrelaxed_repeat050
2.621,0.2058318820357401,2.85,0.26871825260799165,lo_A_model_1_unrelaxed_repeat038,lo_A_model_1_unrelaxed_repeat056
2.621,0.24324833269538437,2.88,0.34327072779484297,lo_A_model_1_unrelaxed_repeat038,lo_A_model_1_unrelaxed_repeat066
2.665,0.2078513038706852,2.8600000000000003,0.2795894701466442,lo_A_model_1_unrelaxed_repeat038,lo_A_model_1_unrelaxed_repeat057
2.673,0.23316271710253775,2.8600000000000003,0.3221656421802775,lo_A_model_1_unrelaxed_repeat038,lo_A_model_1_unrelaxed_repeat052
2.69,0.21243923173860363,2.8899999999999997,0.27500745210347727,lo_A_model_1_unrelaxed_repeat038,lo_A_model_1_unrelaxed_repeat025
2.697,0.18791076170186807,2.74,0.24639065484015582,lo_A_model_1_unrelaxed_repeat038,lo_A_model_1_unrelaxed_repeat062
2.718,0.2056962571720552,3.01,0.2750938453477499,lo_A_model_1_unrelaxed_repeat038,lo_A_model_1_unrelaxed_repeat020
2.7199999999999998,0.19163108035627247,2.83,0.26158048296862696,lo_A_model_1_unrelaxed_repeat038,lo_A_model_1_unrelaxed_repeat094
2.731,0.22851825244919066,2.9699999999999998,0.2783121517130185,lo_A_model_1_unrelaxed_repeat038,lo_A_model_1_unrelaxed_repeat051
2.7329999999999997,0.1926509002959381,2.81,0.2663967697115197,lo_A_model_1_unrelaxed_repeat038,lo_A_model_1_unrelaxed_repeat098
2.734,0.18258067454735952,2.9299999999999997,0.24901689390035878,lo_A_model_1_unrelaxed_repeat038,lo_A_model_1_unrelaxed_repeat097
3.181,0.23796291352168944,2.99,0.3275570913118346,lo_A_model_1_unrelaxed_repeat038,lo_A_model_1_unrelaxed_repeat083
2.209,0.21515759270723125,3.0,0.2752669142956805,lo_A_model_1_unrelaxed_repeat051,lo_A_model_1_unrelaxed_repeat058
2.308,0.22975411936417348,2.88,0.28731209571361177,lo_A_model_1_unrelaxed_repeat051,lo_A_model_1_unrelaxed_repeat017
2.371,0.21711117317275974,2.81,0.26939597566116696,lo_A_model_1_unrelaxed_repeat051,lo_A_model_1_unrelaxed_repeat057
2.397,0.21729727532926446,2.98,0.27355493651260415,lo_A_model_1_unrelaxed_repeat051,lo_A_model_1_unrelaxed_repeat001
2.426,0.16993459904981184,2.99,0.245151204399648,lo_A_model_1_unrelaxed_repeat051,lo_A_model_1_unrelaxed_repeat098
2.429,0.21261969581878234,2.83,0.26660263895140124,lo_A_model_1_unrelaxed_repeat051,lo_A_model_1_unrelaxed_repeat025
2.453,0.19736136366671012,2.7800000000000002,0.27327976724852976,lo_A_model_1_unrelaxed_repeat051,lo_A_model_1_unrelaxed_repeat070
2.4539999999999997,0.22205087251729916,3.04,0.2713313227315987,lo_A_model_1_unrelaxed_repeat051,lo_A_model_1_unrelaxed_repeat003
2.461,0.23190685010250023,2.91,0.3296441485356678,lo_A_model_1_unrelaxed_repeat051,lo_A_model_1_unrelaxed_repeat074
2.4749999999999996,0.2147114295912977,2.95,0.2699751485410403,lo_A_model_1_unrelaxed_repeat051,lo_A_model_1_unrelaxed_repeat094
2.475,0.22535248054194823,2.9699999999999998,0.2979269816736241,lo_A_model_1_unrelaxed_repeat051,lo_A_model_1_unrelaxed_repeat046
2.484,0.18562415377956754,2.99,0.2651440615789046,lo_A_model_1_unrelaxed_repeat051,lo_A_model_1_unrelaxed_repeat020
2.489,0.2032044637237411,2.83,0.27184301832021,lo_A_model_1_unrelaxed_repeat051,lo_A_model_1_unrelaxed_repeat088
2.492,0.20262127366995245,2.81,0.27294352678272005,lo_A_model_1_unrelaxed_repeat051,lo_A_model_1_unrelaxed_repeat026
2.5,0.18541097065723275,2.69,0.23806011431096785,lo_A_model_1_unrelaxed_repeat051,lo_A_model_1_unrelaxed_repeat062
2.512,0.2092472933081702,2.95,0.2647471868809438,lo_A_model_1_unrelaxed_repeat051,lo_A_model_1_unrelaxed_repeat036
2.5199999999999996,0.20422212023184108,2.98,0.267152847218262,lo_A_model_1_unrelaxed_repeat051,lo_A_model_1_unrelaxed_repeat097
2.5279999999999996,0.20582100297264078,3.04,0.257100649396079,lo_A_model_1_unrelaxed_repeat051,lo_A_model_1_unrelaxed_repeat056
2.534,0.21706824411626774,2.96,0.2825729424611614,lo_A_model_1_unrelaxed_repeat051,lo_A_model_1_unrelaxed_repeat060
2.5519999999999996,0.25599219799895784,3.17,0.36124494640321236,lo_A_model_1_unrelaxed_repeat051,lo_A_model_1_unrelaxed_repeat083
2.575,0.25202751399630713,2.9,0.34259545415466214,lo_A_model_1_unrelaxed_repeat051,lo_A_model_1_unrelaxed_repeat040
2.629,0.26180312416509416,2.92,0.3657251405054225,lo_A_model_1_unrelaxed_repeat051,lo_A_model_1_unrelaxed_repeat066
2.693,0.26614568815735046,2.98,0.351280592067618,lo_A_model_1_unrelaxed_repeat051,lo_A_model_1_unrelaxed_repeat052
2.776,0.27199512271567644,3.0,0.3647303666317731,lo_A_model_1_unrelaxed_repeat051,lo_A_model_1_unrelaxed_repeat050
2.787,0.2438847290981285,2.9699999999999998,0.30519043516587835,lo_A_model_1_unrelaxed_repeat051,lo_A_model_1_unrelaxed_repeat023
2.194,0.2137767497003506,2.82,0.3116177732796193,lo_A_model_1_unrelaxed_repeat040,lo_A_model_1_unrelaxed_repeat026
2.258,0.22163656275840207,2.82,0.30533482641712517,lo_A_model_1_unrelaxed_repeat040,lo_A_model_1_unrelaxed_repeat056
2.269,0.21642847345063373,3.08,0.32399584059217496,lo_A_model_1_unrelaxed_repeat040,lo_A_model_1_unrelaxed_repeat062
2.298,0.23936625793193494,2.86,0.31917185400521664,lo_A_model_1_unrelaxed_repeat040,lo_A_model_1_unrelaxed_repeat036
2.347,0.23923519174046248,2.9399999999999995,0.3225825686407188,lo_A_model_1_unrelaxed_repeat040,lo_A_model_1_unrelaxed_repeat001
2.451,0.19917484069877392,2.3899999999999997,0.2909837785350402,lo_A_model_1_unrelaxed_repeat040,lo_A_model_1_unrelaxed_repeat083
2.455,0.22968810537568757,2.82,0.30835068195403176,lo_A_model_1_unrelaxed_repeat040,lo_A_model_1_unrelaxed_repeat097
2.477,0.21575089156316465,2.81,0.32221808163356785,lo_A_model_1_unrelaxed_repeat040,lo_A_model_1_unrelaxed_repeat066
2.477,0.23484206180200407,2.8600000000000003,0.32890880412450985,lo_A_model_1_unrelaxed_repeat040,lo_A_model_1_unrelaxed_repeat020
2.556,0.20883324832988506,2.8099999999999996,0.3049239685715802,lo_A_model_1_unrelaxed_repeat040,lo_A_model_1_unrelaxed_repeat098
2.601,0.2546897369127742,2.7800000000000002,0.33082071611202013,lo_A_model_1_unrelaxed_repeat040,lo_A_model_1_unrelaxed_repeat017
2.604,0.23687369795732308,2.95,0.3149584072274652,lo_A_model_1_unrelaxed_repeat040,lo_A_model_1_unrelaxed_repeat074
2.69,0.2357183741911743,2.91,0.32611288495535645,lo_A_model_1_unrelaxed_repeat040,lo_A_model_1_unrelaxed_repeat052
2.71,0.23166241471587176,2.9,0.3188214168640746,lo_A_model_1_unrelaxed_repeat040,lo_A_model_1_unrelaxed_repeat046
2.723,0.22152880047989265,2.95,0.30624319209390216,lo_A_model_1_unrelaxed_repeat040,lo_A_model_1_unrelaxed_repeat060
2.795,0.22375887926851562,2.9299999999999997,0.3100622947238862,lo_A_model_1_unrelaxed_repeat040,lo_A_model_1_unrelaxed_repeat070
2.83,0.2235533566968183,2.8499999999999996,0.31012835959930196,lo_A_model_1_unrelaxed_repeat040,lo_A_model_1_unrelaxed_repeat025
2.8369999999999997,0.2561215287361008,2.9,0.3510384349791601,lo_A_model_1_unrelaxed_repeat040,lo_A_model_1_unrelaxed_repeat003
2.918,0.24821813921466965,3.0,0.33230129217921667,lo_A_model_1_unrelaxed_repeat040,lo_A_model_1_unrelaxed_repeat023
2.94,0.24252071575012765,2.9699999999999998,0.33185101022896657,lo_A_model_1_unrelaxed_repeat040,lo_A_model_1_unrelaxed_repeat058
2.959,0.22916972363678334,2.8899999999999997,0.32952842709428454,lo_A_model_1_unrelaxed_repeat040,lo_A_model_1_unrelaxed_repeat094
2.983,0.21422375357353796,2.88,0.3122336346909665,lo_A_model_1_unrelaxed_repeat040,lo_A_model_1_unrelaxed_repeat088
3.005,0.23437297775951615,2.99,0.32660384494178607,lo_A_model_1_unrelaxed_repeat040,lo_A_model_1_unrelaxed_repeat057
3.394,0.23864078331686872,2.99,0.33314111768415117,lo_A_model_1_unrelaxed_repeat040,lo_A_model_1_unrelaxed_repeat050
1.899,0.18210554093727413,2.9,0.29191367019045705,lo_A_model_1_unrelaxed_repeat083,lo_A_model_1_unrelaxed_repeat066
2.3659999999999997,0.23601227690479454,2.95,0.3405288741987823,lo_A_model_1_unrelaxed_repeat083,lo_A_model_1_unrelaxed_repeat001
2.449,0.21853374828989433,3.0,0.317527509988391,lo_A_model_1_unrelaxed_repeat083,lo_A_model_1_unrelaxed_repeat088
2.5060000000000002,0.23878602665065046,3.0300000000000002,0.34636481300932853,lo_A_model_1_unrelaxed_repeat083,lo_A_model_1_unrelaxed_repeat070
2.512,0.2616251684287366,3.04,0.35011189709349944,lo_A_model_1_unrelaxed_repeat083,lo_A_model_1_unrelaxed_repeat017
2.5199999999999996,0.22775890422755293,2.91,0.335655232205622,lo_A_model_1_unrelaxed_repeat083,lo_A_model_1_unrelaxed_repeat057
2.538,0.25498187823066404,3.04,0.35842490429261104,lo_A_model_1_unrelaxed_repeat083,lo_A_model_1_unrelaxed_repeat003
2.5469999999999997,0.2299501936493434,2.84,0.33103293492600167,lo_A_model_1_unrelaxed_repeat083,lo_A_model_1_unrelaxed_repeat060
2.626,0.23486834835425402,2.9000000000000004,0.333403054224948,lo_A_model_1_unrelaxed_repeat083,lo_A_model_1_unrelaxed_repeat025
2.639,0.24864616832825004,2.8600000000000003,0.34296656660423563,lo_A_model_1_unrelaxed_repeat083,lo_A_model_1_unrelaxed_repeat058
2.694,0.2376094949765356,2.9299999999999997,0.3393959963614905,lo_A_model_1_unrelaxed_repeat083,lo_A_model_1_unrelaxed_repeat052
2.697,0.2201932666502579,2.79,0.32863344743862183,lo_A_model_1_unrelaxed_repeat083,lo_A_model_1_unrelaxed_repeat098
2.698,0.2446414157856281,2.8600000000000003,0.33187476307953684,lo_A_model_1_unrelaxed_repeat083,lo_A_model_1_unrelaxed_repeat036
2.794,0.22288292441804233,3.02,0.3434592182790949,lo_A_model_1_unrelaxed_repeat083,lo_A_model_1_unrelaxed_repeat062
2.8,0.24811130111227914,2.95,0.34679835454114594,lo_A_model_1_unrelaxed_repeat083,lo_A_model_1_unrelaxed_repeat023
2.8440000000000003,0.23703252343799147,3.04,0.326288663372624,lo_A_model_1_unrelaxed_repeat083,lo_A_model_1_unrelaxed_repeat026
2.8659999999999997,0.2257143687313421,2.8200000000000003,0.3300111846199291,lo_A_model_1_unrelaxed_repeat083,lo_A_model_1_unrelaxed_repeat056
2.9589999999999996,0.22740630795654354,2.81,0.3325018528028234,lo_A_model_1_unrelaxed_repeat083,lo_A_model_1_unrelaxed_repeat094
3.033,0.2427743260531433,3.01,0.3398536670707839,lo_A_model_1_unrelaxed_repeat083,lo_A_model_1_unrelaxed_repeat074
3.0349999999999997,0.23278163184816394,2.8200000000000003,0.3220884993765148,lo_A_model_1_unrelaxed_repeat083,lo_A_model_1_unrelaxed_repeat097
3.133,0.2459329392061019,2.9,0.3432377604939445,lo_A_model_1_unrelaxed_repeat083,lo_A_model_1_unrelaxed_repeat046
3.143,0.24492018144483307,3.06,0.34380106201581834,lo_A_model_1_unrelaxed_repeat083,lo_A_model_1_unrelaxed_repeat020
3.973,0.2413949778603411,2.9299999999999997,0.33156899302976095,lo_A_model_1_unrelaxed_repeat083,lo_A_model_1_unrelaxed_repeat050
2.34,0.23952878813067052,2.9,0.33919833116980896,lo_A_model_1_unrelaxed_repeat066,lo_A_model_1_unrelaxed_repeat036
2.35,0.24306222673588815,2.92,0.34920207430389094,lo_A_model_1_unrelaxed_repeat066,lo_A_model_1_unrelaxed_repeat001
2.391,0.24261787188840123,2.9,0.34491739800265414,lo_A_model_1_unrelaxed_repeat066,lo_A_model_1_unrelaxed_repeat056
2.399,0.23935531498115553,2.91,0.3464926244087614,lo_A_model_1_unrelaxed_repeat066,lo_A_model_1_unrelaxed_repeat094
2.4050000000000002,0.2309635356340061,2.85,0.3453428144809022,lo_A_model_1_unrelaxed_repeat066,lo_A_model_1_unrelaxed_repeat062
2.434,0.23968191307724127,2.94,0.3416840394759726,lo_A_model_1_unrelaxed_repeat066,lo_A_model_1_unrelaxed_repeat060
2.444,0.2469676810419859,2.95,0.3519782230875896,lo_A_model_1_unrelaxed_repeat066,lo_A_model_1_unrelaxed_repeat070
2.454,0.24301946794974083,2.86,0.34180225858983165,lo_A_model_1_unrelaxed_repeat066,lo_A_model_1_unrelaxed_repeat026
2.4749999999999996,0.22725431104472366,2.87,0.3503474261746212,lo_A_model_1_unrelaxed_repeat066,lo_A_model_1_unrelaxed_repeat097
2.479,0.23854659586276014,3.0300000000000002,0.33432480587387425,lo_A_model_1_unrelaxed_repeat066,lo_A_model_1_unrelaxed_repeat025
2.495,0.25423472026846705,3.02,0.3669633342694338,lo_A_model_1_unrelaxed_repeat066,lo_A_model_1_unrelaxed_repeat003
2.523,0.23104274790411491,2.9,0.34247897087786605,lo_A_model_1_unrelaxed_repeat066,lo_A_model_1_unrelaxed_repeat088
2.542,0.2685672721782471,2.9299999999999997,0.3628087851641339,lo_A_model_1_unrelaxed_repeat066,lo_A_model_1_unrelaxed_repeat058
2.5629999999999997,0.2847162772167412,2.8899999999999997,0.37069026591953613,lo_A_model_1_unrelaxed_repeat066,lo_A_model_1_unrelaxed_repeat017
2.573,0.25255877940181126,2.91,0.34578541560926,lo_A_model_1_unrelaxed_repeat066,lo_A_model_1_unrelaxed_repeat046
2.596,0.25251831701717115,2.87,0.35754956037715124,lo_A_model_1_unrelaxed_repeat066,lo_A_model_1_unrelaxed_repeat057
2.605,0.24369740612298885,2.8899999999999997,0.34841435217445405,lo_A_model_1_unrelaxed_repeat066,lo_A_model_1_unrelaxed_repeat020
2.6639999999999997,0.2673392234071909,2.88,0.35809781993320705,lo_A_model_1_unrelaxed_repeat066,lo_A_model_1_unrelaxed_repeat023
2.761,0.2276983258850901,2.92,0.35266847048117406,lo_A_model_1_unrelaxed_repeat066,lo_A_model_1_unrelaxed_repeat074
2.779,0.20598111223604249,2.96,0.30585427631551343,lo_A_model_1_unrelaxed_repeat066,lo_A_model_1_unrelaxed_repeat050
2.817,0.24402653412328582,2.88,0.3507658084256717,lo_A_model_1_unrelaxed_repeat066,lo_A_model_1_unrelaxed_repeat098
2.876,0.22529547408631365,3.01,0.34461311267114125,lo_A_model_1_unrelaxed_repeat066,lo_A_model_1_unrelaxed_repeat052
2.269,0.21574823389586426,2.85,0.2526998139973149,lo_A_model_1_unrelaxed_repeat036,lo_A_model_1_unrelaxed_repeat025
2.272,0.22467079333797044,2.91,0.28420820915597284,lo_A_model_1_unrelaxed_repeat036,lo_A_model_1_unrelaxed_repeat001
2.273,0.1694329860647263,2.83,0.21384135683757358,lo_A_model_1_unrelaxed_repeat036,lo_A_model_1_unrelaxed_repeat026
2.29,0.19762599972012568,2.8200000000000003,0.2538788644717495,lo_A_model_1_unrelaxed_repeat036,lo_A_model_1_unrelaxed_repeat056
2.295,0.19111735378676353,2.73,0.24817283653821184,lo_A_model_1_unrelaxed_repeat036,lo_A_model_1_unrelaxed_repeat088
2.296,0.18150609538234302,2.75,0.24988976110249625,lo_A_model_1_unrelaxed_repeat036,lo_A_model_1_unrelaxed_repeat098
2.299,0.20621179439785683,2.7199999999999998,0.2800533875119858,lo_A_model_1_unrelaxed_repeat036,lo_A_model_1_unrelaxed_repeat094
2.301,0.17593866387972415,2.75,0.24411757527457933,lo_A_model_1_unrelaxed_repeat036,lo_A_model_1_unrelaxed_repeat097
2.313,0.21505141282346335,2.7800000000000002,0.2900524347051714,lo_A_model_1_unrelaxed_repeat036,lo_A_model_1_unrelaxed_repeat060
2.317,0.22046229552513447,2.8600000000000003,0.2777978495371035,lo_A_model_1_unrelaxed_repeat036,lo_A_model_1_unrelaxed_repeat057
2.32,0.17134092544536744,2.7,0.24206237151286453,lo_A_model_1_unrelaxed_repeat036,lo_A_model_1_unrelaxed_repeat062
2.323,0.18575658538225645,2.9299999999999997,0.25008307632540366,lo_A_model_1_unrelaxed_repeat036,lo_A_model_1_unrelaxed_repeat070
2.3609999999999998,0.21287405250936445,2.7800000000000002,0.28165645324364774,lo_A_model_1_unrelaxed_repeat036,lo_A_model_1_unrelaxed_repeat046
2.418,0.19765659516882783,2.95,0.24655242298917118,lo_A_model_1_unrelaxed_repeat036,lo_A_model_1_unrelaxed_repeat020
2.4829999999999997,0.24795378970926701,2.96,0.34533722193335403,lo_A_model_1_unrelaxed_repeat036,lo_A_model_1_unrelaxed_repeat050
2.484,0.2260403486080649,2.91,0.29495665402552657,lo_A_model_1_unrelaxed_repeat036,lo_A_model_1_unrelaxed_repeat003
2.4939999999999998,0.22384107444667534,2.81,0.2812194984255301,lo_A_model_1_unrelaxed_repeat036,lo_A_model_1_unrelaxed_repeat023
2.507,0.24860264530040233,2.9299999999999997,0.2901733486143512,lo_A_model_1_unrelaxed_repeat036,lo_A_model_1_unrelaxed_repeat017
2.524,0.23074270952110007,2.91,0.29384082773804543,lo_A_model_1_unrelaxed_repeat036,lo_A_model_1_unrelaxed_repeat058
2.6530000000000005,0.21202554911235308,2.66,0.3027371556445051,lo_A_model_1_unrelaxed_repeat036,lo_A_model_1_unrelaxed_repeat074
2.768,0.2410245774276503,2.8200000000000003,0.32274577530814574,lo_A_model_1_unrelaxed_repeat036,lo_A_model_1_unrelaxed_repeat052
2.145,0.17688949857672132,2.88,0.2520602943514807,lo_A_model_1_unrelaxed_repeat060,lo_A_model_1_unrelaxed_repeat070
2.299,0.19421065138183685,3.01,0.2831658345256933,lo_A_model_1_unrelaxed_repeat060,lo_A_model_1_unrelaxed_repeat026
2.3579999999999997,0.17248110924739063,2.8499999999999996,0.24142424326494533,lo_A_model_1_unrelaxed_repeat060,lo_A_model_1_unrelaxed_repeat046
2.375,0.20146933227043157,2.8499999999999996,0.27378970240769124,lo_A_model_1_unrelaxed_repeat060,lo_A_model_1_unrelaxed_repeat003
2.424,0.21313701826543105,2.9699999999999998,0.2794853230130077,lo_A_model_1_unrelaxed_repeat060,lo_A_model_1_unrelaxed_repeat056
2.447,0.19532352604928618,2.98,0.278031708445795,lo_A_model_1_unrelaxed_repeat060,lo_A_model_1_unrelaxed_repeat023
2.4509999999999996,0.16667304222426566,2.9,0.25950012473086825,lo_A_model_1_unrelaxed_repeat060,lo_A_model_1_unrelaxed_repeat088
2.468,0.20648062118314492,3.0,0.2779687717251047,lo_A_model_1_unrelaxed_repeat060,lo_A_model_1_unrelaxed_repeat057
2.489,0.23678428458175324,2.88,0.34190537388642744,lo_A_model_1_unrelaxed_repeat060,lo_A_model_1_unrelaxed_repeat050
2.493,0.19034266893315102,2.8899999999999997,0.2547287260818325,lo_A_model_1_unrelaxed_repeat060,lo_A_model_1_unrelaxed_repeat025
2.5,0.18581880509297294,2.99,0.26271222091051794,lo_A_model_1_unrelaxed_repeat060,lo_A_model_1_unrelaxed_repeat062
2.513,0.22622933026299802,2.87,0.27664503423021103,lo_A_model_1_unrelaxed_repeat060,lo_A_model_1_unrelaxed_repeat001
2.521,0.19855585117844296,3.0,0.2835487357594578,lo_A_model_1_unrelaxed_repeat060,lo_A_model_1_unrelaxed_repeat020
2.5229999999999997,0.19362003998953928,2.94,0.26096064415319914,lo_A_model_1_unrelaxed_repeat060,lo_A_model_1_unrelaxed_repeat094
2.523,0.21581251798367707,2.94,0.2805142426746771,lo_A_model_1_unrelaxed_repeat060,lo_A_model_1_unrelaxed_repeat017
2.5359999999999996,0.18249845669286896,2.88,0.26258585352623814,lo_A_model_1_unrelaxed_repeat060,lo_A_model_1_unrelaxed_repeat098
2.537,0.19325731695834938,2.84,0.25180021373995093,lo_A_model_1_unrelaxed_repeat060,lo_A_model_1_unrelaxed_repeat097
2.588,0.21356896143296114,2.75,0.2813009832982778,lo_A_model_1_unrelaxed_repeat060,lo_A_model_1_unrelaxed_repeat058
2.69,0.24546164967103817,2.94,0.3432309249050249,lo_A_model_1_unrelaxed_repeat060,lo_A_model_1_unrelaxed_repeat052
3.093,0.2291649461243775,3.01,0.31700295373269055,lo_A_model_1_unrelaxed_repeat060,lo_A_model_1_unrelaxed_repeat074
2.0940000000000003,0.20606581722848388,2.94,0.2752269449829271,lo_A_model_1_unrelaxed_repeat001,lo_A_model_1_unrelaxed_repeat003
2.095,0.21538244854590843,2.96,0.28331796642666884,lo_A_model_1_unrelaxed_repeat001,lo_A_model_1_unrelaxed_repeat026
2.137,0.23089400115876024,2.96,0.3023501650695706,lo_A_model_1_unrelaxed_repeat001,lo_A_model_1_unrelaxed_repeat074
2.173,0.2276123715935319,2.9299999999999997,0.30089066641065354,lo_A_model_1_unrelaxed_repeat001,lo_A_model_1_unrelaxed_repeat070
2.229,0.1921005682609509,2.69,0.2562144912415661,lo_A_model_1_unrelaxed_repeat001,lo_A_model_1_unrelaxed_repeat062
2.253,0.21572197242013963,2.92,0.27631133567104105,lo_A_model_1_unrelaxed_repeat001,lo_A_model_1_unrelaxed_repeat025
2.253,0.1932201965351192,2.95,0.2712996326960312,lo_A_model_1_unrelaxed_repeat001,lo_A_model_1_unrelaxed_repeat056
2.268,0.19070705650815037,2.84,0.26648831661039596,lo_A_model_1_unrelaxed_repeat001,lo_A_model_1_unrelaxed_repeat088
2.274,0.1833849356432719,2.66,0.2339765709753417,lo_A_model_1_unrelaxed_repeat001,lo_A_model_1_unrelaxed_repeat097
2.284,0.17453516765867658,2.82,0.2560207766068281,lo_A_model_1_unrelaxed_repeat001,lo_A_model_1_unrelaxed_repeat094
2.34,0.18827531890334034,3.0,0.2690641333741519,lo_A_model_1_unrelaxed_repeat001,lo_A_model_1_unrelaxed_repeat057
2.346,0.19022499666506287,3.04,0.2575933515523033,lo_A_model_1_unrelaxed_repeat001,lo_A_model_1_unrelaxed_repeat020
2.392,0.23879175776508263,2.8099999999999996,0.31107078899404733,lo_A_model_1_unrelaxed_repeat001,lo_A_model_1_unrelaxed_repeat017
2.418,0.20458374781796487,2.9299999999999997,0.282323285912162,lo_A_model_1_unrelaxed_repeat001,lo_A_model_1_unrelaxed_repeat058
2.434,0.24746263428001986,2.91,0.34858922704690926,lo_A_model_1_unrelaxed_repeat001,lo_A_model_1_unrelaxed_repeat050
2.4450000000000003,0.21692785335735879,2.88,0.276463565419192,lo_A_model_1_unrelaxed_repeat001,lo_A_model_1_unrelaxed_repeat023
2.468,0.22989216044993277,2.91,0.2964358620591229,lo_A_model_1_unrelaxed_repeat001,lo_A_model_1_unrelaxed_repeat046
2.558,0.2017125286292564,2.81,0.26567445954576746,lo_A_model_1_unrelaxed_repeat001,lo_A_model_1_unrelaxed_repeat098
2.693,0.24158156046696486,2.99,0.332405418044948,lo_A_model_1_unrelaxed_repeat001,lo_A_model_1_unrelaxed_repeat052
2.083,0.19841310065658524,2.91,0.2830108911698345,lo_A_model_1_unrelaxed_repeat023,lo_A_model_1_unrelaxed_repeat046
2.161,0.19832835160428156,3.0,0.2881959077761885,lo_A_model_1_unrelaxed_repeat023,lo_A_model_1_unrelaxed_repeat088
2.177,0.2020520011254486,3.0,0.273481972216314,lo_A_model_1_unrelaxed_repeat023,lo_A_model_1_unrelaxed_repeat026
2.384,0.19633189251155142,3.01,0.27269292366169773,lo_A_model_1_unrelaxed_repeat023,lo_A_model_1_unrelaxed_repeat058
2.495,0.210989611172896,2.98,0.28258235914432245,lo_A_model_1_unrelaxed_repeat023,lo_A_model_1_unrelaxed_repeat070
2.536,0.21514980109187004,3.0,0.2773066868457824,lo_A_model_1_unrelaxed_repeat023,lo_A_model_1_unrelaxed_repeat017
2.5389999999999997,0.1854185174394458,3.0,0.2611981855442656,lo_A_model_1_unrelaxed_repeat023,lo_A_model_1_unrelaxed_repeat003
2.677,0.26063697532036545,3.0,0.34894457668312673,lo_A_model_1_unrelaxed_repeat023,lo_A_model_1_unrelaxed_repeat052
2.677,0.20548524098638615,2.99,0.2671847613723229,lo_A_model_1_unrelaxed_repeat023,lo_A_model_1_unrelaxed_repeat056
2.721,0.17896993937210656,2.96,0.24193089496778655,lo_A_model_1_unrelaxed_repeat023,lo_A_model_1_unrelaxed_repeat057
2.746,0.21388949856541936,2.99,0.27034291793222315,lo_A_model_1_unrelaxed_repeat023,lo_A_model_1_unrelaxed_repeat025
2.753,0.20840986428371913,2.86,0.2894254087652166,lo_A_model_1_unrelaxed_repeat023,lo_A_model_1_unrelaxed_repeat062
2.774,0.2205341441290951,2.9,0.28777981966527955,lo_A_model_1_unrelaxed_repeat023,lo_A_model_1_unrelaxed_repeat020
2.776,0.17585036638882617,2.86,0.25113049118964076,lo_A_model_1_unrelaxed_repeat023,lo_A_model_1_unrelaxed_repeat094
2.7889999999999997,0.20896157863295886,2.88,0.2835773417019641,lo_A_model_1_unrelaxed_repeat023,lo_A_model_1_unrelaxed_repeat098
2.79,0.21747574347170168,2.87,0.2922034586214356,lo_A_model_1_unrelaxed_repeat023,lo_A_model_1_unrelaxed_repeat097
3.117,0.23901235504785556,3.01,0.3270816026944547,lo_A_model_1_unrelaxed_repeat023,lo_A_model_1_unrelaxed_repeat074
3.1639999999999997,0.25280078276259177,3.0,0.34664787557743115,lo_A_model_1_unrelaxed_repeat023,lo_A_model_1_unrelaxed_repeat050
1.8330000000000002,0.18775754158115954,2.95,0.2468101504348105,lo_A_model_1_unrelaxed_repeat025,lo_A_model_1_unrelaxed_repeat057
1.879,0.15438858690129628,2.83,0.22681706278714503,lo_A_model_1_unrelaxed_repeat025,lo_A_model_1_unrelaxed_repeat088
1.893,0.19214748448520322,2.81,0.24079262295079773,lo_A_model_1_unrelaxed_repeat025,lo_A_model_1_unrelaxed_repeat056
2.08,0.17477929675767465,2.84,0.2462438862228785,lo_A_model_1_unrelaxed_repeat025,lo_A_model_1_unrelaxed_repeat097
2.096,0.19081504051113127,2.85,0.25976648476938297,lo_A_model_1_unrelaxed_repeat025,lo_A_model_1_unrelaxed_repeat062
2.128,0.18362531359807507,2.88,0.24612574568613604,lo_A_model_1_unrelaxed_repeat025,lo_A_model_1_unrelaxed_repeat026
2.1310000000000002,0.19023065887637017,2.76,0.27011002897696,lo_A_model_1_unrelaxed_repeat025,lo_A_model_1_unrelaxed_repeat098
2.136,0.17865877435432925,2.85,0.2275107568712557,lo_A_model_1_unrelaxed_repeat025,lo_A_model_1_unrelaxed_repeat094
2.1790000000000003,0.17279916729386605,2.98,0.23114568172530828,lo_A_model_1_unrelaxed_repeat025,lo_A_model_1_unrelaxed_repeat070
2.424,0.2345313495765368,2.6799999999999997,0.28932722513544756,lo_A_model_1_unrelaxed_repeat025,lo_A_model_1_unrelaxed_repeat017
2.4370000000000003,0.1792371276427069,2.83,0.2449052253114161,lo_A_model_1_unrelaxed_repeat025,lo_A_model_1_unrelaxed_repeat020
2.501,0.20682931806136232,2.8899999999999997,0.26640815438163684,lo_A_model_1_unrelaxed_repeat025,lo_A_model_1_unrelaxed_repeat046
2.503,0.2248320237704862,2.7199999999999998,0.274285389629551,lo_A_model_1_unrelaxed_repeat025,lo_A_model_1_unrelaxed_repeat003
2.691,0.25573583193750304,3.14,0.3295886368306665,lo_A_model_1_unrelaxed_repeat025,lo_A_model_1_unrelaxed_repeat052
2.735,0.25069684398145176,2.98,0.3531325987952723,lo_A_model_1_unrelaxed_repeat025,lo_A_model_1_unrelaxed_repeat050
2.771,0.20835647551007722,2.81,0.26550327409483804,lo_A_model_1_unrelaxed_repeat025,lo_A_model_1_unrelaxed_repeat058
2.871,0.2244145816004544,2.9299999999999997,0.30953825965735227,lo_A_model_1_unrelaxed_repeat025,lo_A_model_1_unrelaxed_repeat074
2.128,0.20166696437628032,2.8899999999999997,0.3046338358797394,lo_A_model_1_unrelaxed_repeat074,lo_A_model_1_unrelaxed_repeat026
2.228,0.2021399513771966,3.05,0.31080701637932046,lo_A_model_1_unrelaxed_repeat074,lo_A_model_1_unrelaxed_repeat062
2.3070000000000004,0.19821681457282866,3.04,0.29605880404177104,lo_A_model_1_unrelaxed_repeat074,lo_A_model_1_unrelaxed_repeat056
2.361,0.2006182775225346,2.96,0.29961019023795005,lo_A_model_1_unrelaxed_repeat074,lo_A_model_1_unrelaxed_repeat098
2.566,0.23316524990340623,3.1799999999999997,0.33869842596063493,lo_A_model_1_unrelaxed_repeat074,lo_A_model_1_unrelaxed_repeat046
2.579,0.24567481618509915,3.0300000000000002,0.3386154591635611,lo_A_model_1_unrelaxed_repeat074,lo_A_model_1_unrelaxed_repeat058
2.613,0.19420139687060697,2.5300000000000002,0.2768030758055145,lo_A_model_1_unrelaxed_repeat074,lo_A_model_1_unrelaxed_repeat097
2.632,0.21424973061182345,3.0,0.33984343782359494,lo_A_model_1_unrelaxed_repeat074,lo_A_model_1_unrelaxed_repeat050
2.6620000000000004,0.2463424097321004,2.94,0.3427495488237499,lo_A_model_1_unrelaxed_repeat074,lo_A_model_1_unrelaxed_repeat003
2.668,0.22995912555876954,2.9299999999999997,0.3177362255281502,lo_A_model_1_unrelaxed_repeat074,lo_A_model_1_unrelaxed_repeat057
2.683,0.21163793481000465,2.88,0.3105922626983304,lo_A_model_1_unrelaxed_repeat074,lo_A_model_1_unrelaxed_repeat052
2.717,0.22903896064548107,2.92,0.33411035330129885,lo_A_model_1_unrelaxed_repeat074,lo_A_model_1_unrelaxed_repeat094
2.826,0.21131506557385715,2.92,0.30532821993456816,lo_A_model_1_unrelaxed_repeat074,lo_A_model_1_unrelaxed_repeat070
3.021,0.27612482819174355,3.04,0.35124059714324746,lo_A_model_1_unrelaxed_repeat074,lo_A_model_1_unrelaxed_repeat017
3.04,0.19892727192014384,3.2199999999999998,0.2998031781629804,lo_A_model_1_unrelaxed_repeat074,lo_A_model_1_unrelaxed_repeat088
3.0570000000000004,0.2175270098171719,2.85,0.3026895178330571,lo_A_model_1_unrelaxed_repeat074,lo_A_model_1_unrelaxed_repeat020
1.7879999999999998,0.1515829579241915,2.87,0.2324361250267555,lo_A_model_1_unrelaxed_repeat098,lo_A_model_1_unrelaxed_repeat062
1.873,0.16651903103462254,2.8499999999999996,0.2453245201191145,lo_A_model_1_unrelaxed_repeat098,lo_A_model_1_unrelaxed_repeat026
2.051,0.16788456419684655,2.8,0.2632058871982046,lo_A_model_1_unrelaxed_repeat098,lo_A_model_1_unrelaxed_repeat088
2.052,0.17908029225171979,2.82,0.2527877190475984,lo_A_model_1_unrelaxed_repeat098,lo_A_model_1_unrelaxed_repeat097
2.068,0.15691792866854054,3.04,0.2595814833438488,lo_A_model_1_unrelaxed_repeat098,lo_A_model_1_unrelaxed_repeat070
2.0909999999999997,0.168580696451352,3.0,0.25446530100083936,lo_A_model_1_unrelaxed_repeat098,lo_A_model_1_unrelaxed_repeat020
2.152,0.16651809286187988,2.83,0.2464997888898625,lo_A_model_1_unrelaxed_repeat098,lo_A_model_1_unrelaxed_repeat056
2.368,0.19189759578359764,2.92,0.2866867611149308,lo_A_model_1_unrelaxed_repeat098,lo_A_model_1_unrelaxed_repeat057
2.3729999999999998,0.190311714032148,2.79,0.2688706843843638,lo_A_model_1_unrelaxed_repeat098,lo_A_model_1_unrelaxed_repeat094
2.384,0.19296181658800843,2.78,0.262277850682272,lo_A_model_1_unrelaxed_repeat098,lo_A_model_1_unrelaxed_repeat046
2.4320000000000004,0.22345733879282634,3.04,0.28240875822801825,lo_A_model_1_unrelaxed_repeat098,lo_A_model_1_unrelaxed_repeat017
2.471,0.21744178968799482,3.01,0.30727195039922844,lo_A_model_1_unrelaxed_repeat098,lo_A_model_1_unrelaxed_repeat003
2.497,0.2128808669639273,2.95,0.294660105831323,lo_A_model_1_unrelaxed_repeat098,lo_A_model_1_unrelaxed_repeat058
2.689,0.23635882435050903,2.9,0.31729868410635165,lo_A_model_1_unrelaxed_repeat098,lo_A_model_1_unrelaxed_repeat052
2.7779999999999996,0.24296366731213645,2.91,0.3358439500694977,lo_A_model_1_unrelaxed_repeat098,lo_A_model_1_unrelaxed_repeat050
1.959,0.147835040303816,3.05,0.227730923219834,lo_A_model_1_unrelaxed_repeat026,lo_A_model_1_unrelaxed_repeat062
2.027,0.17010190247203757,2.8,0.24225283851430998,lo_A_model_1_unrelaxed_repeat026,lo_A_model_1_unrelaxed_repeat070
2.088,0.17267316120595685,2.8,0.2508364262472159,lo_A_model_1_unrelaxed_repeat026,lo_A_model_1_unrelaxed_repeat088
2.1310000000000002,0.19943279225495852,2.7,0.2750123420302363,lo_A_model_1_unrelaxed_repeat026,lo_A_model_1_unrelaxed_repeat057
2.185,0.1959860677948077,2.9,0.2782185820522088,lo_A_model_1_unrelaxed_repeat026,lo_A_model_1_unrelaxed_repeat094
2.185,0.1805323727899759,3.02,0.24875593177016717,lo_A_model_1_unrelaxed_repeat026,lo_A_model_1_unrelaxed_repeat097
2.192,0.18608849710652406,2.9299999999999997,0.25626323197631584,lo_A_model_1_unrelaxed_repeat026,lo_A_model_1_unrelaxed_repeat056
2.2510000000000003,0.1881078541870779,2.92,0.265446852446085,lo_A_model_1_unrelaxed_repeat026,lo_A_model_1_unrelaxed_repeat046
2.366,0.183594683270845,3.01,0.25119582384471345,lo_A_model_1_unrelaxed_repeat026,lo_A_model_1_unrelaxed_repeat020
2.432,0.21580603607739798,2.98,0.2925466104970364,lo_A_model_1_unrelaxed_repeat026,lo_A_model_1_unrelaxed_repeat003
2.487,0.2330906925608832,2.84,0.2889023180180858,lo_A_model_1_unrelaxed_repeat026,lo_A_model_1_unrelaxed_repeat017
2.499,0.21510679185631998,3.0300000000000002,0.2854590460167442,lo_A_model_1_unrelaxed_repeat026,lo_A_model_1_unrelaxed_repeat058
2.694,0.24372997559067414,2.99,0.33815387038628525,lo_A_model_1_unrelaxed_repeat026,lo_A_model_1_unrelaxed_repeat050
2.787,0.2523324379216192,2.88,0.3350284936529586,lo_A_model_1_unrelaxed_repeat026,lo_A_model_1_unrelaxed_repeat052
1.835,0.190547128058769,2.96,0.263901399196469,lo_A_model_1_unrelaxed_repeat070,lo_A_model_1_unrelaxed_repeat057
1.8399999999999999,0.18810390091473891,3.04,0.26948804321590525,lo_A_model_1_unrelaxed_repeat070,lo_A_model_1_unrelaxed_repeat094
1.9629999999999999,0.16027872450171604,2.74,0.24053748826701124,lo_A_model_1_unrelaxed_repeat070,lo_A_model_1_unrelaxed_repeat088
2.174,0.18516486332304535,2.8499999999999996,0.24842997706598763,lo_A_model_1_unrelaxed_repeat070,lo_A_model_1_unrelaxed_repeat056
2.205,0.17160337708559725,2.85,0.258949456792449,lo_A_model_1_unrelaxed_repeat070,lo_A_model_1_unrelaxed_repeat062
2.261,0.18944888598398313,2.95,0.2664863302959851,lo_A_model_1_unrelaxed_repeat070,lo_A_model_1_unrelaxed_repeat020
2.327,0.20847778431338304,2.91,0.2751148024124434,lo_A_model_1_unrelaxed_repeat070,lo_A_model_1_unrelaxed_repeat003
2.344,0.18254431880006636,2.8200000000000003,0.26454117160384244,lo_A_model_1_unrelaxed_repeat070,lo_A_model_1_unrelaxed_repeat097
2.4059999999999997,0.20079757634659506,2.88,0.27969444803791366,lo_A_model_1_unrelaxed_repeat070,lo_A_model_1_unrelaxed_repeat046
2.4699999999999998,0.22900520388162382,2.81,0.27661198763327677,lo_A_model_1_unrelaxed_repeat070,lo_A_model_1_unrelaxed_repeat017
2.535,0.21547008595142425,2.83,0.29122203181916245,lo_A_model_1_unrelaxed_repeat070,lo_A_model_1_unrelaxed_repeat058
2.55,0.24019035905650124,3.06,0.3553221351710153,lo_A_model_1_unrelaxed_repeat070,lo_A_model_1_unrelaxed_repeat050
2.693,0.250520347746831,3.7,0.3336191621452531,lo_A_model_1_unrelaxed_repeat070,lo_A_model_1_unrelaxed_repeat052
1.6760000000000002,0.18556104155522926,2.98,0.27101520579842525,lo_A_model_1_unrelaxed_repeat057,lo_A_model_1_unrelaxed_repeat020
2.018,0.18703727719766572,3.06,0.2699342366792634,lo_A_model_1_unrelaxed_repeat057,lo_A_model_1_unrelaxed_repeat097
2.085,0.18765151017347625,3.04,0.26619203110704254,lo_A_model_1_unrelaxed_repeat057,lo_A_model_1_unrelaxed_repeat062
2.102,0.22522771182635376,2.86,0.3057397979235526,lo_A_model_1_unrelaxed_repeat057,lo_A_model_1_unrelaxed_repeat046
2.102,0.16681175087174893,2.81,0.25281177015753437,lo_A_model_1_unrelaxed_repeat057,lo_A_model_1_unrelaxed_repeat088
2.1790000000000003,0.19303062088916972,2.76,0.25496741635915776,lo_A_model_1_unrelaxed_repeat057,lo_A_model_1_unrelaxed_repeat056
2.267,0.1534057510770679,3.01,0.23394960512817292,lo_A_model_1_unrelaxed_repeat057,lo_A_model_1_unrelaxed_repeat094
2.351,0.1745855201975838,3.02,0.23530013099275454,lo_A_model_1_unrelaxed_repeat057,lo_A_model_1_unrelaxed_repeat058
2.366,0.2184545928927498,2.92,0.28687039039779166,lo_A_model_1_unrelaxed_repeat057,lo_A_model_1_unrelaxed_repeat017
2.633,0.17245825685554692,3.01,0.24216754861518705,lo_A_model_1_unrelaxed_repeat057,lo_A_model_1_unrelaxed_repeat003
2.6799999999999997,0.25375011814905246,3.02,0.3436367813289452,lo_A_model_1_unrelaxed_repeat057,lo_A_model_1_unrelaxed_repeat052
2.769,0.2543432767580967,3.0,0.3493987887655652,lo_A_model_1_unrelaxed_repeat057,lo_A_model_1_unrelaxed_repeat050
1.843,0.174228815396447,2.8899999999999997,0.26070390024921036,lo_A_model_1_unrelaxed_repeat094,lo_A_model_1_unrelaxed_repeat062
2.0229999999999997,0.15676695386931822,2.9,0.2496069585618916,lo_A_model_1_unrelaxed_repeat094,lo_A_model_1_unrelaxed_repeat097
2.051,0.1656465625691856,2.96,0.25980916293405076,lo_A_model_1_unrelaxed_repeat094,lo_A_model_1_unrelaxed_repeat088
2.184,0.18057509385500514,2.7300000000000004,0.23967843264040545,lo_A_model_1_unrelaxed_repeat094,lo_A_model_1_unrelaxed_repeat056
2.392,0.21197745918983452,2.81,0.2732417062655671,lo_A_model_1_unrelaxed_repeat094,lo_A_model_1_unrelaxed_repeat046
2.457,0.19565290205610467,2.9,0.2761202180594045,lo_A_model_1_unrelaxed_repeat094,lo_A_model_1_unrelaxed_repeat020
2.5229999999999997,0.1666989164792765,3.04,0.2219049404026582,lo_A_model_1_unrelaxed_repeat094,lo_A_model_1_unrelaxed_repeat003
2.535,0.21983515543491444,3.04,0.2854967810977339,lo_A_model_1_unrelaxed_repeat094,lo_A_model_1_unrelaxed_repeat017
2.6,0.14705207781886,2.8200000000000003,0.20593809923204492,lo_A_model_1_unrelaxed_repeat094,lo_A_model_1_unrelaxed_repeat058
2.7649999999999997,0.253850529393278,2.99,0.35245133796968875,lo_A_model_1_unrelaxed_repeat094,lo_A_model_1_unrelaxed_repeat050
2.832,0.24013374671006338,3.04,0.33053950783148767,lo_A_model_1_unrelaxed_repeat094,lo_A_model_1_unrelaxed_repeat052
1.955,0.21773542961687126,2.92,0.3005152466145146,lo_A_model_1_unrelaxed_repeat003,lo_A_model_1_unrelaxed_repeat020
2.328,0.19618817059971225,2.8899999999999997,0.2623737791777219,lo_A_model_1_unrelaxed_repeat003,lo_A_model_1_unrelaxed_repeat088
2.336,0.20862104516661104,2.99,0.29794983783436124,lo_A_model_1_unrelaxed_repeat003,lo_A_model_1_unrelaxed_repeat062
2.4189999999999996,0.23065707162889618,3.04,0.29995087819109795,lo_A_model_1_unrelaxed_repeat003,lo_A_model_1_unrelaxed_repeat046
2.466,0.2259800293757857,2.7800000000000002,0.28380543013574466,lo_A_model_1_unrelaxed_repeat003,lo_A_model_1_unrelaxed_repeat056
2.4909999999999997,0.19241397312288097,3.0300000000000002,0.25409831042154607,lo_A_model_1_unrelaxed_repeat003,lo_A_model_1_unrelaxed_repeat058
2.509,0.1989056289127124,2.9699999999999998,0.274111753157146,lo_A_model_1_unrelaxed_repeat003,lo_A_model_1_unrelaxed_repeat097
2.518,0.2639856007908248,3.01,0.3728786828986459,lo_A_model_1_unrelaxed_repeat003,lo_A_model_1_unrelaxed_repeat050
2.5309999999999997,0.24719911929043864,2.9,0.3160271986266639,lo_A_model_1_unrelaxed_repeat003,lo_A_model_1_unrelaxed_repeat017
2.777,0.264348287619538,2.9699999999999998,0.3613622691379238,lo_A_model_1_unrelaxed_repeat003,lo_A_model_1_unrelaxed_repeat052
2.222,0.2093914453751165,2.83,0.2840680367434617,lo_A_model_1_unrelaxed_repeat058,lo_A_model_1_unrelaxed_repeat017
2.452,0.2068509806191857,2.83,0.28482552448673143,lo_A_model_1_unrelaxed_repeat058,lo_A_model_1_unrelaxed_repeat062
2.464,0.21682698877565137,2.95,0.29608238423562033,lo_A_model_1_unrelaxed_repeat058,lo_A_model_1_unrelaxed_repeat020
2.483,0.19092719852317647,2.86,0.2831593676144428,lo_A_model_1_unrelaxed_repeat058,lo_A_model_1_unrelaxed_repeat088
2.485,0.2361548769221895,2.91,0.29991214736542277,lo_A_model_1_unrelaxed_repeat058,lo_A_model_1_unrelaxed_repeat046
2.5,0.20602637927132275,2.82,0.2670612602722406,lo_A_model_1_unrelaxed_repeat058,lo_A_model_1_unrelaxed_repeat056
2.528,0.19406867433373629,3.05,0.27037360894143714,lo_A_model_1_unrelaxed_repeat058,lo_A_model_1_unrelaxed_repeat097
2.6950000000000003,0.26166488303885327,2.92,0.33579930480040443,lo_A_model_1_unrelaxed_repeat058,lo_A_model_1_unrelaxed_repeat052
2.804,0.2702687429562846,3.01,0.36329110804498005,lo_A_model_1_unrelaxed_repeat058,lo_A_model_1_unrelaxed_repeat050
2.138,0.17012540943557586,2.75,0.23952755119724015,lo_A_model_1_unrelaxed_repeat062,lo_A_model_1_unrelaxed_repeat097
2.145,0.1843816041953894,2.8200000000000003,0.253567789256072,lo_A_model_1_unrelaxed_repeat062,lo_A_model_1_unrelaxed_repeat056
2.176,0.17307869074577556,2.87,0.2674086422953621,lo_A_model_1_unrelaxed_repeat062,lo_A_model_1_unrelaxed_repeat088
2.2439999999999998,0.19518459257540516,2.86,0.2816589420853745,lo_A_model_1_unrelaxed_repeat062,lo_A_model_1_unrelaxed_repeat046
2.27,0.17717103994806938,3.02,0.24522723105272262,lo_A_model_1_unrelaxed_repeat062,lo_A_model_1_unrelaxed_repeat020
2.495,0.22350698030085006,2.87,0.2952096803372255,lo_A_model_1_unrelaxed_repeat062,lo_A_model_1_unrelaxed_repeat017
2.692,0.23193903421741088,2.8899999999999997,0.32715183964064376,lo_A_model_1_unrelaxed_repeat062,lo_A_model_1_unrelaxed_repeat052
2.742,0.23365707787892592,2.9000000000000004,0.33049012027506625,lo_A_model_1_unrelaxed_repeat062,lo_A_model_1_unrelaxed_repeat050
2.557,0.28765931258078403,3.0300000000000002,0.3661790098284072,lo_A_model_1_unrelaxed_repeat052,lo_A_model_1_unrelaxed_repeat017
2.6710000000000003,0.2571229133329061,2.9699999999999998,0.3419707673507498,lo_A_model_1_unrelaxed_repeat052,lo_A_model_1_unrelaxed_repeat046
2.692,0.23542471467626455,2.91,0.3273569099545523,lo_A_model_1_unrelaxed_repeat052,lo_A_model_1_unrelaxed_repeat056
2.694,0.2357019886802213,4.0,0.330493063824419,lo_A_model_1_unrelaxed_repeat052,lo_A_model_1_unrelaxed_repeat088
2.6950000000000003,0.23170958155842405,2.97,0.3321512660209401,lo_A_model_1_unrelaxed_repeat052,lo_A_model_1_unrelaxed_repeat097
2.901,0.23599078386990194,2.8200000000000003,0.3498734289839868,lo_A_model_1_unrelaxed_repeat052,lo_A_model_1_unrelaxed_repeat050
3.172,0.2528570734047506,3.08,0.3334593038080319,lo_A_model_1_unrelaxed_repeat052,lo_A_model_1_unrelaxed_repeat020
2.2239999999999998,0.18817712260174557,2.8899999999999997,0.26143972462832404,lo_A_model_1_unrelaxed_repeat046,lo_A_model_1_unrelaxed_repeat056
2.4210000000000003,0.21158519897067962,3.1399999999999997,0.28639029163299323,lo_A_model_1_unrelaxed_repeat046,lo_A_model_1_unrelaxed_repeat020
2.447,0.249774044955875,2.9,0.30360551545200154,lo_A_model_1_unrelaxed_repeat046,lo_A_model_1_unrelaxed_repeat017
2.461,0.18887852747255388,2.9,0.26840119011566965,lo_A_model_1_unrelaxed_repeat046,lo_A_model_1_unrelaxed_repeat088
2.4619999999999997,0.19181671330242817,2.81,0.2601039189264852,lo_A_model_1_unrelaxed_repeat046,lo_A_model_1_unrelaxed_repeat097
2.468,0.2527498290973245,2.9,0.36781433084404,lo_A_model_1_unrelaxed_repeat046,lo_A_model_1_unrelaxed_repeat050
1.384,0.1273644585167939,2.8899999999999997,0.21455326712708667,lo_A_model_1_unrelaxed_repeat088,lo_A_model_1_unrelaxed_repeat097
1.937,0.1607914064707744,3.0300000000000002,0.2459179760202573,lo_A_model_1_unrelaxed_repeat088,lo_A_model_1_unrelaxed_repeat056
2.262,0.16622214138352037,3.04,0.24879635857475332,lo_A_model_1_unrelaxed_repeat088,lo_A_model_1_unrelaxed_repeat020
2.484,0.23438101233108619,2.84,0.2993225541390241,lo_A_model_1_unrelaxed_repeat088,lo_A_model_1_unrelaxed_repeat017
2.6,0.2337322422929013,3.36,0.35311813567080924,lo_A_model_1_unrelaxed_repeat088,lo_A_model_1_unrelaxed_repeat050
2.479,0.23074920831666937,3.01,0.2983935050131766,lo_A_model_1_unrelaxed_repeat017,lo_A_model_1_unrelaxed_repeat020
2.5149999999999997,0.2474903954726648,2.88,0.30653945548369516,lo_A_model_1_unrelaxed_repeat017,lo_A_model_1_unrelaxed_repeat097
2.5229999999999997,0.2578989909955238,2.83,0.31548994529049434,lo_A_model_1_unrelaxed_repeat017,lo_A_model_1_unrelaxed_repeat056
2.5919999999999996,0.28560757113987323,3.04,0.36971419189826504,lo_A_model_1_unrelaxed_repeat017,lo_A_model_1_unrelaxed_repeat050
2.3970000000000002,0.19078182942242755,2.89,0.26247168932421944,lo_A_model_1_unrelaxed_repeat020,lo_A_model_1_unrelaxed_repeat056
2.443,0.17000096271712592,2.98,0.23755917868239018,lo_A_model_1_unrelaxed_repeat020,lo_A_model_1_unrelaxed_repeat097
2.763,0.2414434513510071,2.95,0.34496451269871115,lo_A_model_1_unrelaxed_repeat020,lo_A_model_1_unrelaxed_repeat050
2.666,0.25042586103297293,2.99,0.34785350377110896,lo_A_model_1_unrelaxed_repeat050,lo_A_model_1_unrelaxed_repeat056
2.779,0.2414127932956531,3.05,0.3535131267127517,lo_A_model_1_unrelaxed_repeat050,lo_A_model_1_unrelaxed_repeat097
1.8880000000000001,0.15400011147646597,2.91,0.23901664304171352,lo_A_model_1_unrelaxed_repeat097,lo_A_model_1_unrelaxed_repeat056
