,lo_A_model_1_unrelaxed_repeat001,lo_A_model_1_unrelaxed_repeat002,lo_A_model_1_unrelaxed_repeat003,lo_A_model_1_unrelaxed_repeat004,lo_A_model_1_unrelaxed_repeat005,lo_A_model_1_unrelaxed_repeat006,lo_A_model_1_unrelaxed_repeat007,lo_A_model_1_unrelaxed_repeat008,lo_A_model_1_unrelaxed_repeat009,lo_A_model_1_unrelaxed_repeat010,lo_A_model_1_unrelaxed_repeat011,lo_A_model_1_unrelaxed_repeat012,lo_A_model_1_unrelaxed_repeat013,lo_A_model_1_unrelaxed_repeat014,lo_A_model_1_unrelaxed_repeat015,lo_A_model_1_unrelaxed_repeat016,lo_A_model_1_unrelaxed_repeat017,lo_A_model_1_unrelaxed_repeat018,lo_A_model_1_unrelaxed_repeat019,lo_A_model_1_unrelaxed_repeat020,lo_A_model_1_unrelaxed_repeat021,lo_A_model_1_unrelaxed_repeat022,lo_A_model_1_unrelaxed_repeat023,lo_A_model_1_unrelaxed_repeat024,lo_A_model_1_unrelaxed_repeat025,lo_A_model_1_unrelaxed_repeat026,lo_A_model_1_unrelaxed_repeat027,lo_A_model_1_unrelaxed_repeat028,lo_A_model_1_unrelaxed_repeat029,lo_A_model_1_unrelaxed_repeat030,lo_A_model_1_unrelaxed_repeat031,lo_A_model_1_unrelaxed_repeat032,lo_A_model_1_unrelaxed_repeat033,lo_A_model_1_unrelaxed_repeat034,lo_A_model_1_unrelaxed_repeat035,lo_A_model_1_unrelaxed_repeat036,lo_A_model_1_unrelaxed_repeat037,lo_A_model_1_unrelaxed_repeat038,lo_A_model_1_unrelaxed_repeat039,lo_A_model_1_unrelaxed_repeat040,lo_A_model_1_unrelaxed_repeat041,lo_A_model_1_unrelaxed_repeat042,lo_A_model_1_unrelaxed_repeat043,lo_A_model_1_unrelaxed_repeat044,lo_A_model_1_unrelaxed_repeat045,lo_A_model_1_unrelaxed_repeat046,lo_A_model_1_unrelaxed_repeat047,lo_A_model_1_unrelaxed_repeat048,lo_A_model_1_unrelaxed_repeat049,lo_A_model_1_unrelaxed_repeat050,lo_A_model_1_unrelaxed_repeat051,lo_A_model_1_unrelaxed_repeat052,lo_A_model_1_unrelaxed_repeat053,lo_A_model_1_unrelaxed_repeat054,lo_A_model_1_unrelaxed_repeat055,lo_A_model_1_unrelaxed_repeat056,lo_A_model_1_unrelaxed_repeat057,lo_A_model_1_unrelaxed_repeat058,lo_A_model_1_unrelaxed_repeat059,lo_A_model_1_unrelaxed_repeat060,lo_A_model_1_unrelaxed_repeat061,lo_A_model_1_unrelaxed_repeat062,lo_A_model_1_unrelaxed_repeat063,lo_A_model_1_unrelaxed_repeat064,lo_A_model_1_unrelaxed_repeat065,lo_A_model_1_unrelaxed_repeat066,lo_A_model_1_unrelaxed_repeat067,lo_A_model_1_unrelaxed_repeat068,lo_A_model_1_unrelaxed_repeat069,lo_A_model_1_unrelaxed_repeat070,lo_A_model_1_unrelaxed_repeat071,lo_A_model_1_unrelaxed_repeat072,lo_A_model_1_unrelaxed_repeat073,lo_A_model_1_unrelaxed_repeat074,lo_A_model_1_unrelaxed_repeat075,lo_A_model_1_unrelaxed_repeat076,lo_A_model_1_unrelaxed_repeat077,lo_A_model_1_unrelaxed_repeat078,lo_A_model_1_unrelaxed_repeat079,lo_A_model_1_unrelaxed_repeat080,lo_A_model_1_unrelaxed_repeat081,lo_A_model_1_unrelaxed_repeat082,lo_A_model_1_unrelaxed_repeat083,lo_A_model_1_unrelaxed_repeat084,lo_A_model_1_unrelaxed_repeat085,lo_A_model_1_unrelaxed_repeat086,lo_A_model_1_unrelaxed_repeat087,lo_A_model_1_unrelaxed_repeat088,lo_A_model_1_unrelaxed_repeat089,lo_A_model_1_unrelaxed_repeat090,lo_A_model_1_unrelaxed_repeat091,lo_A_model_1_unrelaxed_repeat092,lo_A_model_1_unrelaxed_repeat093,lo_A_model_1_unrelaxed_repeat094,lo_A_model_1_unrelaxed_repeat095,lo_A_model_1_unrelaxed_repeat096,lo_A_model_1_unrelaxed_repeat097,lo_A_model_1_unrelaxed_repeat098,lo_A_model_1_unrelaxed_repeat099,lo_A_model_1_unrelaxed_repeat100
lo_A_model_1_unrelaxed_repeat001,0.0,0.2017969850517239,0.20606581722848388,0.2223819639973122,0.20201726367113554,0.20624758931265555,0.1947280499768396,0.18253580517715917,0.23023627970441934,0.18755294684004142,0.19573132807422414,0.24770403217075024,0.23831697073597705,0.1972504555207601,0.18027967146291174,0.1920443685323226,0.23879175776508263,0.19990600008457482,0.23052206036458928,0.19022499666506287,0.22546086261754184,0.20899835718187124,0.21692785335735879,0.2066226987241239,0.21572197242013963,0.21538244854590843,0.21119009465435268,0.22831842959620258,0.22182087851670487,0.2244246683403067,0.2488518096698629,0.2002149731644866,0.22067723827051353,0.2055524973931218,0.21483437743569606,0.22467079333797044,0.19554511826202342,0.20322376653504978,0.24330420328509444,0.23923519174046248,0.20091785309172286,0.1926515374410433,0.22489680227566541,0.2295660227435307,0.2093524610143408,0.22989216044993277,0.21409688753743916,0.19893953330422254,0.19642620516940507,0.24746263428001986,0.21729727532926446,0.24158156046696486,0.22529374689308918,0.2138778674925186,0.2163584736665628,0.1932201965351192,0.18827531890334034,0.20458374781796487,0.2043033271860365,0.22622933026299802,0.1971541041229733,0.1921005682609509,0.1896183109898961,0.23053414246931614,0.18304649846653273,0.24306222673588815,0.23004911586040602,0.21923035683094433,0.20155875687988414,0.2276123715935319,0.23128198669085342,0.2195717883590799,0.23924467695362372,0.23089400115876024,0.20946030930251305,0.19974675382903237,0.1961676693709689,0.19296684246000467,0.21472168032129405,0.23172144863347335,0.20808195947702846,0.19114457223898215,0.23601227690479454,0.19727360215159434,0.23778745573697854,0.20442955070565685,0.2614953657779025,0.19070705650815037,0.21946137015426131,0.18620065168939798,0.2347550472063193,0.20196898159840534,0.24432637533103838,0.17453516765867658,0.21782009350160333,0.2109356986279253,0.1833849356432719,0.2017125286292564,0.22383038297636812,0.23933763570040742
lo_A_model_1_unrelaxed_repeat002,0.2017969850517239,0.0,0.19778827497285628,0.23435442693683578,0.16445942314078482,0.20192511324519397,0.1295118677622759,0.16326685371554917,0.1725641221453297,0.14736714052279606,0.18007068553284558,0.24272436724592697,0.1765332400299707,0.16441159488366033,0.1918039764423903,0.13689385004541843,0.20916132550219915,0.13935914430554486,0.1787168026937954,0.19318432272442554,0.17701501758911414,0.18648002574002398,0.19847657562785934,0.1689448471347693,0.17008345002200448,0.18787511147230124,0.18271474597774262,0.23861686267545262,0.19582534479795013,0.18700014612159876,0.20165630614562385,0.20660391705089362,0.22690866930553488,0.15826772015997195,0.1705159300576737,0.21248556493932066,0.19363026430824318,0.20674663296703186,0.19605743954113997,0.22109868005783984,0.21016014467342742,0.18553707063001862,0.18355876451047579,0.21460086383382998,0.21692339450692333,0.21514636332922554,0.1647561340010961,0.17964944165906002,0.20178492920382118,0.2540370693777303,0.21179265037414205,0.2600580528344834,0.18363510188353646,0.2127686311815687,0.15647279149368257,0.19896055496516332,0.16289374965504652,0.17274022024701463,0.17356985211214465,0.18691876931790188,0.15820731676722108,0.1760417064318381,0.18921232935355756,0.21883817617902493,0.20013568716275648,0.2527122051963889,0.2320505402253658,0.2076952813615585,0.13848517787883155,0.18586484467593425,0.18345895994934086,0.2461249354170533,0.23431676162463208,0.2385573918044657,0.18041778014768714,0.20073245491184433,0.19953448613910899,0.16223091862685166,0.1800679699995046,0.23563752807053703,0.12480473446688832,0.1789369291302967,0.23278668481996703,0.20952765872576723,0.2314036066800804,0.16786514786692147,0.2755668679512222,0.1739668476795489,0.19652079796890395,0.1772566247442864,0.22293079945305505,0.20935631235330482,0.2365235336583845,0.15742040612078598,0.2240588780427073,0.21618446992271526,0.1869779327978624,0.18684872278781892,0.2053056983057105,0.1964972248418011
lo_A_model_1_unrelaxed_repeat003,0.20606581722848388,0.19778827497285628,0.0,0.2310852173601839,0.18149998522091712,0.2180365458729214,0.18681341054017989,0.19253014553176742,0.2003246906602526,0.17808974686913948,0.19210607540108818,0.25830218964055346,0.18889261204218702,0.18387332440502058,0.19710257309446214,0.18508791631765084,0.24719911929043864,0.1746845290585796,0.2264555115523717,0.21773542961687126,0.16556037326605144,0.18334503929334,0.1854185174394458,0.17767276667280044,0.2248320237704862,0.21580603607739798,0.22920377199931166,0.2568592050443645,0.23047691985652757,0.18190344323553692,0.2312851988445823,0.225371776778372,0.22423702460695016,0.18313458937476818,0.17496068227846975,0.2260403486080649,0.2331666040325061,0.19169160676201838,0.2095848782071465,0.2561215287361008,0.26193858391873176,0.18948035633367807,0.19029034663610722,0.2198250409778549,0.22707771258678838,0.23065707162889618,0.1906103208658987,0.19414159987273333,0.22112530190285984,0.2639856007908248,0.22205087251729916,0.264348287619538,0.2423891543487925,0.23479624076656677,0.18821615203151612,0.2259800293757857,0.17245825685554692,0.19241397312288097,0.17927750725225075,0.20146933227043157,0.20978990239607187,0.20862104516661104,0.20225544550407415,0.21786551744364485,0.23482206090170282,0.25423472026846705,0.24605818077475144,0.25886977686356233,0.1891168875028607,0.20847778431338304,0.1907154979137567,0.26667919409057983,0.24371258547817712,0.2463424097321004,0.21819367307499335,0.22229334651023222,0.2322840190847716,0.20287318815482494,0.229379647941666,0.2445348063788839,0.18887249220538735,0.22530083465096307,0.25498187823066404,0.23729806142714596,0.25389071184710904,0.18886996609191037,0.27172342403672745,0.19618817059971225,0.21548555743935585,0.2063918201016312,0.25135750861824213,0.22135662484960072,0.2583578032621383,0.1666989164792765,0.23028130213195333,0.23552931530724305,0.1989056289127124,0.21744178968799482,0.2342391616179482,0.22594661972296604
lo_A_model_1_unrelaxed_repeat004,0.2223819639973122,0.23435442693683578,0.2310852173601839,0.0,0.2329522371179437,0.20881497515349515,0.23071667034319154,0.1960141041902032,0.25059501380555443,0.21191250185071545,0.2047511102958467,0.21968724941072038,0.26024662453026964,0.21776832264176732,0.22661420582845593,0.22942112199190137,0.254675481462918,0.22648743629235432,0.23738082681312647,0.21985977258113354,0.24912861298593858,0.2385399130727505,0.23562619519624922,0.20495147127893262,0.2244818143604082,0.21719626021330057,0.2347404459548798,0.23636287782624865,0.21150153900487492,0.20670555243564534,0.27330878165319783,0.225844208016736,0.2344746052057859,0.24034167917109406,0.23814233910978738,0.24315023820775172,0.2163127306121688,0.22109735684018642,0.23964137070259267,0.23580482703302405,0.2242683574143688,0.2492650168814621,0.2539907853194318,0.22841881381890977,0.18739626601141618,0.24248683282099953,0.23680190558623126,0.2088188254439712,0.23864704305479734,0.24095861664531176,0.22656147605461477,0.2569769337744764,0.23304149151344214,0.21011524394190634,0.2414624286196654,0.21736512730745206,0.21860241017405455,0.2207560516379199,0.23749898576697828,0.23952313019801852,0.22159883200551592,0.21087483693567294,0.20875207656613237,0.24334016177927545,0.21138761662765235,0.24112375739554082,0.22407876578584757,0.2199278858267742,0.23972983363162628,0.23072230675125027,0.22485330013328633,0.2335363067722656,0.23040379805326056,0.23108400456842956,0.1919795291900677,0.22340729371289597,0.21218210253269038,0.21425091984017364,0.2177937947989629,0.22348890573611135,0.23336193039555514,0.21876324566478514,0.24344993639505894,0.24413687206829374,0.2429844581947113,0.22956524376414678,0.2667709862117811,0.2011101542301577,0.23009801544034472,0.22248862053169016,0.2170349872574658,0.18977018252226838,0.23962859375931586,0.22717910097516794,0.19911973809781658,0.2172321042674483,0.21672709644796134,0.22292855274289128,0.22530877049082187,0.245581649344964
lo_A_model_1_unrelaxed_repeat005,0.20201726367113554,0.16445942314078482,0.18149998522091712,0.2329522371179437,0.0,0.1880763238064215,0.1364192886566873,0.15350014655643468,0.15500793924934633,0.1529130004082333,0.18278962633700924,0.23143598687950379,0.16689998804249115,0.15912726751730843,0.1906900525390327,0.14003326193877355,0.21086983014329908,0.1478899292967935,0.1991255935405121,0.1830119159327899,0.175828634547256,0.16707164988280823,0.1910964627693974,0.17061639074162707,0.19439555415063797,0.1733120813427094,0.17591491229067954,0.22884864462330284,0.2011878146578707,0.18058591494147697,0.20267537911398753,0.2014149454670897,0.2031046489530048,0.15642389310704405,0.16427684508532361,0.19086055924633197,0.19060828012464304,0.19749747286552544,0.20281752441968875,0.2274038657736772,0.21217303382004174,0.20044353680007074,0.17736928734016882,0.18865561117560237,0.19828414605083106,0.21363919820579347,0.14685848686582859,0.18604780639957683,0.1952336877870317,0.2483257885960119,0.19006611529443837,0.24448930920920972,0.1922059413526888,0.2146269492043104,0.14041272700713206,0.19912832075296102,0.16272752443978378,0.18103387000420154,0.1863188285319607,0.18448749642624887,0.1491187858832361,0.13647039851542353,0.18799041387303372,0.2167300325520538,0.19001156278346934,0.2519665077545881,0.23075197158231894,0.21214484888837445,0.13052877493973322,0.16566498503765073,0.19726658795622556,0.2501990040565735,0.22007821278465814,0.22962513458253167,0.1971740094071575,0.19334045741893816,0.18151608779597295,0.17316602963555666,0.17729745783591677,0.23750750850264904,0.14062274229629396,0.19150449592618649,0.22970391964657771,0.21793727359436554,0.22480399601374573,0.14410806229859718,0.27025025968762795,0.18372767681399504,0.18322406367813593,0.1680964681476669,0.22218720792342406,0.18570767327755494,0.23913438198351583,0.15889978576771058,0.20189734144036345,0.17970357487032113,0.1932496439652706,0.16184497430613812,0.16961310345634137,0.2173741551312556
lo_A_model_1_unrelaxed_repeat006,0.20624758931265555,0.20192511324519397,0.2180365458729214,0.20881497515349515,0.1880763238064215,0.0,0.18355111476382907,0.1739355676338968,0.2150383350725792,0.16357294881832266,0.18166792087871445,0.2059792717046061,0.21050609361879238,0.20163917191590006,0.20188183203514257,0.1850717426525974,0.22416305696685784,0.2014984431793943,0.19722139872348846,0.18383474338529288,0.22110415790055962,0.19189984050013462,0.21995254983154044,0.17592044469370333,0.2077776040892937,0.1763504728385673,0.17969669566256855,0.24181495425842525,0.18229924698320554,0.1779322844625934,0.21284035068190832,0.20188526749203134,0.20659462355915248,0.20979421963503828,0.22013437761060536,0.18986628680983042,0.16173240319492127,0.1896347124800633,0.19739625224550808,0.23518113312745353,0.21746464234994417,0.23902516074215108,0.21110898405172945,0.2154225677350368,0.21344238785386818,0.21541663460926258,0.20043000483545492,0.18372573170933792,0.19530325123452347,0.23289155132402634,0.16368560009830493,0.24046392214649842,0.18183474158558485,0.19328372630800522,0.20728986774655983,0.18780789731719677,0.2077452749996794,0.1867036622852632,0.19925007615286922,0.19500074611940454,0.15650410645153873,0.1843830077914767,0.1850724932396335,0.24022053053478773,0.17618166589955278,0.24264643028232533,0.22570028868996897,0.2166703336324446,0.19136862539830907,0.1902400757179095,0.19048080269298442,0.24789752197632567,0.23008707439266357,0.20402925468375785,0.14008729140490103,0.16099928291365911,0.19753906985751368,0.18373777654398568,0.18922673836474652,0.24207945940084516,0.19748167296941324,0.19617756328802022,0.2413912305371873,0.1957632865929728,0.2437141181542356,0.17052965961048228,0.2633197542722264,0.17978410594277333,0.15871394536106267,0.1724057529021654,0.21525817416549917,0.20827987251118651,0.24196264328180886,0.19837903634226536,0.20677961701847247,0.1983425974922467,0.18677869594507118,0.17741976525865125,0.1912767501185349,0.21067681586714732
lo_A_model_1_unrelaxed_repeat007,0.1947280499768396,0.1295118677622759,0.18681341054017989,0.23071667034319154,0.1364192886566873,0.18355111476382907,0.0,0.13542763087560075,0.1607288851919594,0.12878331381442365,0.16972672051463306,0.2255293134930251,0.16514725557177704,0.15790408073398976,0.17389403808264012,0.13100368678536908,0.19527419334503016,0.12302218067683383,0.18332647379546013,0.17906705851418156,0.1684944449188948,0.17163425447865438,0.17319522091950523,0.15429441971186228,0.17131907752296308,0.16920264323533915,0.16925134655852553,0.2316918566805368,0.19906429396817305,0.18027269361427722,0.18790927786989423,0.19598353555559153,0.20629099410523727,0.14566160737360048,0.1529627190500033,0.19024773097630074,0.1806750440175904,0.20395929072900335,0.1876640950992316,0.2141990557384791,0.20687976576291195,0.19914885914130123,0.16826052420494375,0.19937703479303034,0.20029514345617971,0.20526477893363093,0.14688314139004033,0.1731060141405162,0.18929943958043022,0.24710850830839012,0.18954803106367116,0.24334171972927526,0.17591055976195796,0.20888247306475494,0.14592446063539533,0.19402870088419838,0.15273069888055785,0.16950246473366348,0.16086914861364668,0.18142130324299366,0.14152494232112786,0.14933654707353286,0.18753893939960892,0.21244843252113368,0.17910289399687085,0.23743075370306543,0.22664787812393694,0.2057383653192438,0.12230374252792768,0.15924459911158328,0.17643702569000294,0.24696889635210975,0.2206581130646012,0.22119603291772838,0.17210336914470475,0.18793373562046606,0.16956215600670552,0.15050441179090554,0.1732948490897235,0.2275632000440892,0.12449768140511838,0.1806857997354446,0.22480776782612344,0.2056300517162134,0.22119921497117176,0.1357492966123885,0.26871956386858487,0.16733925603229524,0.18231580313947549,0.16621555372596508,0.21804408801996397,0.1906709559628381,0.22601770032094634,0.14284475801618995,0.2095020815517952,0.19546678220881222,0.18136175958501038,0.16265908862716094,0.17956809492587367,0.19470459411620744
lo_A_model_1_unrelaxed_repeat008,0.18253580517715917,0.16326685371554917,0.19253014553176742,0.1960141041902032,0.15350014655643468,0.1739355676338968,0.13542763087560075,0.0,0.185863578503213,0.1328303305332977,0.16243140513272228,0.2200112430473473,0.20125319251237597,0.15118278641105282,0.17136297511940543,0.16209714937934558,0.22064424657789203,0.14843011100877496,0.20769221271329685,0.1597145370131765,0.19024403047188096,0.17945422663277183,0.19203763862716935,0.17026461942949472,0.16734765967546575,0.15321315343751035,0.16777339612212638,0.21346442949808805,0.1828570624648556,0.1818695086286115,0.21164822016429158,0.1648023535534818,0.1847069921832235,0.1854772793985949,0.17711054798873446,0.1789685228995345,0.16183708670243635,0.1809519953097529,0.21202918051664008,0.2027070375234083,0.20002658263970285,0.2116742895679387,0.1916834523967752,0.1901961031509088,0.17391883147829446,0.18957667395431924,0.16057195072329541,0.15977012635692794,0.1866526254171296,0.22890871605538096,0.18878321468266915,0.22638829367613258,0.19552031239950785,0.18496841086682342,0.1718826786553705,0.16822694069779048,0.1563229636222744,0.1916987592712891,0.17694158812447527,0.18337130573069252,0.15050110860384758,0.13124529339609328,0.16429403837129655,0.1960648735008058,0.1660031249167235,0.22133831263682208,0.20635523768533637,0.18944546363264314,0.15933073905023695,0.16136102636559052,0.20094535232467303,0.2333273624823623,0.20950055056418176,0.19099101462659776,0.1576262071265576,0.16108450940498034,0.17230893837292532,0.14891180575808782,0.15996770507407634,0.2017011940317155,0.1559565087388973,0.15266475469062807,0.21111114647491105,0.20289416326705845,0.21074953165544635,0.1429831777774041,0.2527505530361622,0.142814277586975,0.19294638970190287,0.1534556083960822,0.21297782498230114,0.16995282354747643,0.21462545943986028,0.1557647597242712,0.18432406152386172,0.1983272032329482,0.14964660803418614,0.15785874872605643,0.17128225916098377,0.2255194893068548
lo_A_model_1_unrelaxed_repeat009,0.23023627970441934,0.1725641221453297,0.2003246906602526,0.25059501380555443,0.15500793924934633,0.2150383350725792,0.1607288851919594,0.185863578503213,0.0,0.18770488586447687,0.20053217395146236,0.25263466415680064,0.1954137622675228,0.1845635171031739,0.21353224989530387,0.1703998587854634,0.2210163161786192,0.16487879191360497,0.2081653938276259,0.21868339484672383,0.18926050580032272,0.18978960039406698,0.2033773457842703,0.18727601137066918,0.20405384924219866,0.19759328975070597,0.1911857585636005,0.24928085177469297,0.22477094046949708,0.19761935420382554,0.21525143497201296,0.22014081980321995,0.23046456037934349,0.16917371099592163,0.16788853939299606,0.18546413185845015,0.21683271704631688,0.21793032315644595,0.20424693531740498,0.23859084640563033,0.24386325526311878,0.21037521014009192,0.1876734356666804,0.21740867485617535,0.22729353000905483,0.22696381956915332,0.17416288809038172,0.1998898781235603,0.22975623021343383,0.267088369531078,0.22469857985369857,0.2630540254676505,0.2100936020022718,0.23470336375018347,0.17030819744601386,0.21525319489220565,0.18104010494757164,0.18485211504039387,0.19644144180193904,0.20418407359155274,0.17498277372808352,0.18363478870387712,0.21859463466917856,0.22083754864117341,0.2146367713924213,0.2650859622499355,0.2553414511049088,0.23583541034486782,0.16525956174085998,0.17649107423519306,0.1977492870875487,0.2692798327505799,0.24122551318575539,0.25053140488864717,0.21275742902458242,0.21931259104167605,0.21589294226047012,0.19530175544408762,0.2138880036645066,0.24446516320917758,0.1489296268796705,0.1974780486162061,0.24366934665795636,0.23207593165678206,0.2128495576497692,0.17803665935529114,0.2912286502947531,0.20277787236820127,0.22492993981563447,0.2000112757908681,0.23641424871548702,0.21009696378506384,0.24896375740974133,0.17102412382438875,0.2281487567832561,0.21397152084107907,0.21515996311624316,0.19653853127959245,0.20604504764617274,0.22076321315019984
lo_A_model_1_unrelaxed_repeat010,0.18755294684004142,0.14736714052279606,0.17808974686913948,0.21191250185071545,0.1529130004082333,0.16357294881832266,0.12878331381442365,0.1328303305332977,0.18770488586447687,0.0,0.1515317310736419,0.22732736473690543,0.17547484810535258,0.15773205036985022,0.16885676435059627,0.13974798080902737,0.22221733423331883,0.14749369570194137,0.18498705673316249,0.1600447201451892,0.18499797006194046,0.17447463261142782,0.19027251144688054,0.1496951207773632,0.17019191052795649,0.16928232760027917,0.17300150007205628,0.23191262414118705,0.1850376739275875,0.16966654327957717,0.20596813509679202,0.18620790524870354,0.20934566428057647,0.16954240526100875,0.17893454977850115,0.19726208719454702,0.15644884257592842,0.17942575145759604,0.2078537851333902,0.2125561045182053,0.198010378190752,0.19876945905766624,0.1865299946730618,0.2046788684717001,0.18629795692751117,0.2089913182444995,0.16867923864775664,0.16469959908850468,0.1760087590485274,0.22768347504126635,0.19266798515471256,0.23125349597171851,0.1926607431357946,0.20561115292918772,0.16093002593517602,0.18949577397607725,0.15726310112572353,0.17451850212014877,0.15831861990216226,0.17661086845239132,0.1464594891915472,0.15885857252854912,0.1719030926059692,0.21948715162437896,0.17773255615236078,0.23335363328821898,0.21476753310523622,0.20011327264430018,0.13946097643605487,0.17052486257248475,0.19335864591830149,0.23676751483283015,0.22109169700273215,0.20222327919777014,0.15398550644318335,0.16599126526134295,0.17570406173575923,0.15093840182171045,0.16021107500756207,0.2247374796600436,0.15462167498388177,0.17746721956470896,0.2235665385042441,0.20764459567151747,0.22537629509775103,0.13832047546980056,0.2545302396935479,0.14853800060987365,0.17514224752170102,0.14397760416368688,0.20559326069013478,0.19403231814934635,0.234819664164038,0.1603899852028235,0.1975761948962971,0.20131333096595114,0.1709576125631032,0.17144993054485044,0.19179567245218984,0.20721738566374243
lo_A_model_1_unrelaxed_repeat011,0.19573132807422414,0.18007068553284558,0.19210607540108818,0.2047511102958467,0.18278962633700924,0.18166792087871445,0.16972672051463306,0.16243140513272228,0.20053217395146236,0.1515317310736419,0.0,0.24338923946717944,0.2072897849283035,0.18092342375895887,0.18588793291967667,0.16815370719010023,0.23530307367454148,0.17065774129469027,0.2019578122775006,0.1648391855158993,0.20261022292087283,0.184199732982709,0.1986927203970233,0.17589869385733173,0.17470393185454167,0.18767750167559544,0.18736613151504392,0.23039445369158848,0.1825084598348851,0.1897899705046312,0.20199467124233855,0.1889801096178839,0.20820880970945846,0.1802046920708478,0.19797483836020227,0.19980757624533604,0.1679111318874691,0.18831511730305694,0.21120781892579976,0.2327472211555939,0.21481807321072527,0.19977612362546093,0.19796165218740422,0.20543622173734782,0.19233952752451794,0.21148382108527772,0.1890541414077059,0.14469301824171404,0.17408696131572596,0.23895837385391416,0.19843051777956458,0.24188476133944517,0.1865082661260174,0.20838302743513665,0.18587513152851814,0.18942902536551756,0.1613096241697482,0.19360039445330415,0.1781548144488435,0.17567338418582895,0.1449211980631842,0.186307198588959,0.1651460280677444,0.2334379424201931,0.17590691305371098,0.2426060477824097,0.2219246176259872,0.21826493856060364,0.1790558620004891,0.1759092276324283,0.20611705287282406,0.24412822916385174,0.225099438207973,0.20833909577152235,0.1937360629534371,0.17982665234248194,0.18563686073338737,0.1390872082621041,0.17654150828851548,0.2210777159943964,0.17954148643280393,0.20132318234175547,0.23284609418355703,0.1942164728865356,0.2343227528507988,0.18096472834270436,0.26504536497279524,0.13602568553204766,0.21490888377677703,0.1773421892116819,0.2106097503744537,0.18696385779120966,0.23355286382377355,0.17591738453108466,0.20338820925111373,0.21908268178755588,0.16591220423341632,0.17229715655624636,0.2009767280245133,0.22077575544362302
lo_A_model_1_unrelaxed_repeat012,0.24770403217075024,0.24272436724592697,0.25830218964055346,0.21968724941072038,0.23143598687950379,0.2059792717046061,0.2255293134930251,0.2200112430473473,0.25263466415680064,0.22732736473690543,0.24338923946717944,0.0,0.24034963683269425,0.2476854291573916,0.24834201115888097,0.24206542879329393,0.24758125788532565,0.23926833931263222,0.22911601536744236,0.24484909661758855,0.26161957714848744,0.23958224072650033,0.23398453845205433,0.22589364228587494,0.24452191361406062,0.23014561851675702,0.23811991665277368,0.24286724209294094,0.23429095724470045,0.21696007623088537,0.24932098173104178,0.258706589179117,0.2413900387067336,0.24746113118007307,0.246769500854983,0.2513428848797699,0.2262381637210912,0.24401797349313575,0.21960542780151304,0.22755160838329722,0.22135164768153517,0.2796837724813748,0.23983417256313058,0.232649034793953,0.22552693027751822,0.23882130982337207,0.23650382376448326,0.244536348527316,0.2535357212418728,0.21276943333020523,0.21910265164972967,0.2405949694858914,0.23169546326311524,0.23700347811986977,0.24552228468038928,0.2426304354014944,0.24908115953306215,0.24311308353870367,0.23838420318087408,0.2201737888165419,0.2310536926123753,0.21994855296491286,0.24680496606277497,0.26273897249570205,0.23580544707409543,0.21671359698630138,0.2506626548243778,0.19177430329651596,0.23378110153191684,0.23776407681392067,0.21574143109980054,0.23140792994821602,0.19822425415579778,0.2269659361987249,0.20700174092002196,0.21815543932745407,0.22824289824846328,0.22933239615372272,0.24180236967401994,0.25770323174327847,0.23640203141639213,0.24033514213205226,0.21712043228888073,0.25423937387326107,0.2306559291537747,0.20427552363538148,0.23324078135844542,0.23664698602407244,0.20674845282802268,0.2230240490762836,0.2227707900347437,0.21096738826826403,0.21919632696921593,0.24890420562244006,0.20792792577620875,0.228254283069624,0.2538112784983953,0.2209784322621458,0.22470240564260474,0.25207397976238544
lo_A_model_1_unrelaxed_repeat013,0.23831697073597705,0.1765332400299707,0.18889261204218702,0.26024662453026964,0.16689998804249115,0.21050609361879238,0.16514725557177704,0.20125319251237597,0.1954137622675228,0.17547484810535258,0.2072897849283035,0.24034963683269425,0.0,0.20086622072068125,0.22333602671704536,0.17136771446871712,0.23333371081105783,0.1754207572098748,0.1854242346111098,0.22404329938652484,0.17797185243040747,0.19784727784455544,0.19048481103014558,0.1942601488631614,0.2153220517735501,0.20578533685394487,0.2174841385037431,0.2613303206302068,0.2376992491515493,0.186405706869849,0.20543087556449038,0.2388428242730434,0.2346630080024324,0.1622414218686371,0.18544056114221127,0.22993308723752837,0.21508876365767754,0.21799009309300107,0.1671990435728441,0.2513004687779381,0.2422790508557187,0.2121189755767123,0.17459215503812983,0.22763961239873698,0.2385759102464632,0.2304699813496118,0.18706129831584853,0.21662388969160717,0.22467211588591132,0.262930955867977,0.23196235696783118,0.27151037624056784,0.21649573074454645,0.25174140795802086,0.1562110811043817,0.23836423781944438,0.18823203423553164,0.19314340925310214,0.17723681045821718,0.1877960769654285,0.19773010607842553,0.19920110254735066,0.22779881694475634,0.24314990636867587,0.22823162694175558,0.27486785119820323,0.26444211689946784,0.24635943767631238,0.15735253695756354,0.20973711865414948,0.1817891199169292,0.27293496686452445,0.24793763695107135,0.2518393082820755,0.2063781825201364,0.21472929226272539,0.22101130804386865,0.20088822150475102,0.21616152824845294,0.26622243327171013,0.16639561077351894,0.2305416518091343,0.2585389138158539,0.2326451472108196,0.25880777108661396,0.16686152757551836,0.272712799403534,0.21578027755825774,0.19121045263267977,0.19367347268025276,0.24150773008536833,0.22542757973525174,0.26764886302199586,0.19475476821502796,0.22420437998781928,0.22852429615730513,0.23188525910578694,0.21060758687884418,0.21565839503167847,0.19006640884464981
lo_A_model_1_unrelaxed_repeat014,0.1972504555207601,0.16441159488366033,0.18387332440502058,0.21776832264176732,0.15912726751730843,0.20163917191590006,0.15790408073398976,0.15118278641105282,0.1845635171031739,0.15773205036985022,0.18092342375895887,0.2476854291573916,0.20086622072068125,0.0,0.18206579090387492,0.1654107714721964,0.22841420849801972,0.14389140317767643,0.19651559581657033,0.20009274101564273,0.1835759731318395,0.1987631080065788,0.18680029807011658,0.17060885750854776,0.17940596621993257,0.19410285019049667,0.20193810082924818,0.2287401315522628,0.20178855347797936,0.1814596547299336,0.21961569242773846,0.18659415845997884,0.21375081222812492,0.17953997167933153,0.16742492862143102,0.2142250037167779,0.19890701632796198,0.19988209614799177,0.22186864097558895,0.2306835466877652,0.22394415434039175,0.1931618281273336,0.18734256108298789,0.21384152542745005,0.2104742271303616,0.21870516601659462,0.15998796449726185,0.16170746915154893,0.20696123499269029,0.2503640165289976,0.21698875256809663,0.241128195325287,0.19942490851064174,0.2085376373915985,0.1624371519270769,0.17824626355720058,0.1320014089316579,0.18141053356441542,0.17235055851797879,0.2022397371978608,0.16955967800834815,0.1729410370299203,0.1746573403903124,0.21943640450553686,0.1923737324396475,0.2436593966455566,0.22526554096998025,0.21266436511282563,0.1647163956232787,0.1774306102656119,0.19590033596423792,0.23322639446032126,0.23033980682774324,0.21900364052604782,0.20243590341845719,0.1963423545027252,0.2060249016158894,0.1620090585432541,0.19396418706947471,0.21912485515322708,0.16178987503046913,0.17545299636709458,0.2204239276221695,0.22284938491006107,0.22284504261615962,0.17718218035616726,0.2698579438727803,0.1600322106347015,0.20769174362973591,0.1792176999548598,0.22894481721063456,0.20589675941228577,0.23364106459960954,0.15063659004495542,0.2212349801728343,0.2138783156506975,0.17117513724508204,0.18790503034560982,0.2095597019217385,0.2224766731595541
lo_A_model_1_unrelaxed_repeat015,0.18027967146291174,0.1918039764423903,0.19710257309446214,0.22661420582845593,0.1906900525390327,0.20188183203514257,0.17389403808264012,0.17136297511940543,0.21353224989530387,0.16885676435059627,0.18588793291967667,0.24834201115888097,0.22333602671704536,0.18206579090387492,0.0,0.17521508139895478,0.23875947576488984,0.1861989329516469,0.2245182303631024,0.2127034197615418,0.20819876122925488,0.21192017891592968,0.20459244598872883,0.19852792728304464,0.20433855116130437,0.20432233573757652,0.19787342668985566,0.23435550804020797,0.19606652326459093,0.21291825387368277,0.2385847177105771,0.20036284682112623,0.20293987354553594,0.18857206285619998,0.20426887873871805,0.2014148765696728,0.19935711625049624,0.17537575110959103,0.23661389264306193,0.22925666782558207,0.23081297571149553,0.21276350959630452,0.21154972156071902,0.19491348508162964,0.19700925157829313,0.22556999808116052,0.1996353965592538,0.17613483910079908,0.19928841724369337,0.24416956689210964,0.2168350546281521,0.22518785291110274,0.2118945610608094,0.2093193157968591,0.20220145551479912,0.19014392786707923,0.18889164336402256,0.18780762689792457,0.18781905577181388,0.21126124150025463,0.17116075486431598,0.18827426346492981,0.17966419638338824,0.19202256960813938,0.19405090109930823,0.23259046942293346,0.21484932871349846,0.22479444942465018,0.18952345629607212,0.19859555380575947,0.22111273544045987,0.2429931046903155,0.221885763697486,0.20724985163186635,0.202211523977207,0.2016857837449305,0.18325133034041186,0.18048470187490315,0.20326198307238344,0.21400380780910283,0.19583162456259945,0.20166411613563484,0.22913912723068505,0.22512730653739893,0.23695242757304913,0.18672946700602663,0.2694454555285859,0.17334945314061068,0.22031715921320522,0.18014456601242634,0.21441573472144565,0.21073828666132297,0.2304001985722797,0.16873425110635795,0.21952181090941722,0.21985962227068243,0.17361909617878993,0.1856669753916214,0.21782394946693392,0.23398237158938334
lo_A_model_1_unrelaxed_repeat016,0.1920443685323226,0.13689385004541843,0.18508791631765084,0.22942112199190137,0.14003326193877355,0.1850717426525974,0.13100368678536908,0.16209714937934558,0.1703998587854634,0.13974798080902737,0.16815370719010023,0.24206542879329393,0.17136771446871712,0.1654107714721964,0.17521508139895478,0.0,0.2049090129216817,0.15724712060474605,0.18095977943720756,0.17857943816903113,0.1643140403698386,0.17558113930797548,0.19312456341881568,0.16633040957748704,0.18470323411466769,0.18809422348884414,0.1723119812552806,0.2448285184235619,0.19674187209290472,0.1934472857408835,0.20486827618387435,0.2085845457661592,0.22039295573049136,0.1336768400582323,0.17941898758056493,0.19886244086369378,0.18443280099531015,0.19020887622594249,0.1981550136687439,0.2244475213555105,0.20966061819324366,0.184385282696218,0.1894823571269231,0.20138892258562854,0.19772317030229913,0.22171953052131488,0.16137912602810986,0.1806134982922902,0.19567202859732769,0.2367035051625201,0.20952560286191638,0.24498722806918796,0.19603245184033954,0.21781907285142427,0.15102975291674955,0.20553495155085638,0.15330623695396173,0.15064232050374327,0.1679722190737017,0.1913482238626568,0.15603602624983684,0.1717278638645104,0.18665324778050343,0.22543167999686484,0.18722393697149758,0.2414860904953289,0.22131729628888872,0.2113973578795509,0.12930713899303342,0.18614291508268385,0.18571677099061812,0.23525615661968935,0.2259335951412445,0.22674809906410362,0.1777475207024836,0.19535044552425163,0.18125623860804008,0.16262691709274368,0.17748825345483912,0.23615597704390678,0.13616570209242604,0.18779551628580735,0.22513506866241628,0.20848553844928733,0.24151832791357433,0.16528787043957344,0.2709596847998579,0.16953787900566536,0.18337345275684172,0.1669436293885429,0.2093077738785843,0.1961567816204159,0.24655171856725974,0.1516682519686363,0.21015805823727077,0.2067501730317073,0.18218262779761588,0.18310160879039514,0.19976837803839617,0.19286761973192562
lo_A_model_1_unrelaxed_repeat017,0.23879175776508263,0.20916132550219915,0.24719911929043864,0.254675481462918,0.21086983014329908,0.22416305696685784,0.19527419334503016,0.22064424657789203,0.2210163161786192,0.22221733423331883,0.23530307367454148,0.24758125788532565,0.23333371081105783,0.22841420849801972,0.23875947576488984,0.2049090129216817,0.0,0.20932000404060613,0.19728712001882406,0.23074920831666937,0.23768786832057945,0.2350249784308237,0.21514980109187004,0.19724920803777835,0.2345313495765368,0.2330906925608832,0.22613524824917347,0.28249042015990083,0.23424952153736922,0.20459825878150442,0.22505318780025266,0.25208006482942336,0.25070337390654696,0.19237014868701827,0.2145390827465967,0.24860264530040233,0.23725794562266458,0.2434342470114379,0.19766676630307714,0.2546897369127742,0.24663098879742004,0.2358816244910404,0.22974322358663185,0.25336126191959146,0.25779339300376736,0.249774044955875,0.21078363225838967,0.24576917826339256,0.23310188480177546,0.28560757113987323,0.22975411936417348,0.28765931258078403,0.2274449421656551,0.2394255368516683,0.2164246924369386,0.2578989909955238,0.2184545928927498,0.2093914453751165,0.2139024171507818,0.21581251798367707,0.22348310674091093,0.22350698030085006,0.2561858996208042,0.2575050975230542,0.23953247559976662,0.2847162772167412,0.27967705011408256,0.2581616864800768,0.20841602845173332,0.22900520388162382,0.1975866185167438,0.28343430330827196,0.2685731018097992,0.27612482819174355,0.21251144276184525,0.2342014203485455,0.23394420975118985,0.2244934453609154,0.23540160794761036,0.28319226598477376,0.19880612693960606,0.23924339968292854,0.2616251684287366,0.2557668309552301,0.2775322162278626,0.2096236889932158,0.30728543254266505,0.23438101233108619,0.21929734714852467,0.22188863347462404,0.2668469258417406,0.2365618496857693,0.2686693933414354,0.21983515543491444,0.22956452460803292,0.2138843008134955,0.2474903954726648,0.22345733879282634,0.24337077219971848,0.21620424958668577
lo_A_model_1_unrelaxed_repeat018,0.19990600008457482,0.13935914430554486,0.1746845290585796,0.22648743629235432,0.1478899292967935,0.2014984431793943,0.12302218067683383,0.14843011100877496,0.16487879191360497,0.14749369570194137,0.17065774129469027,0.23926833931263222,0.1754207572098748,0.14389140317767643,0.1861989329516469,0.15724712060474605,0.20932000404060613,0.0,0.18309323125247448,0.18910593347976476,0.1676914480388028,0.18404037468335813,0.18107216686651184,0.15095923428157154,0.17625704990009614,0.18413865522771175,0.18977889928852607,0.21936270093993274,0.19850606272475294,0.17212890003145082,0.2031450161041472,0.19334413935564732,0.21407726266931892,0.16145670391443254,0.15047185298510993,0.2125645094374626,0.19483932707811272,0.20162444940531674,0.20156775521589604,0.22227754692812182,0.2163682840315649,0.18327732217607923,0.1593921563741166,0.20473981534756514,0.20834710500976816,0.21153679252620497,0.15112677791937418,0.17525841374377105,0.19597932506061966,0.2586978728429126,0.20593995610899438,0.24635700103699665,0.18791561281421487,0.21075325224853195,0.14723216899843197,0.19318602300626858,0.132215556429437,0.17387668578564439,0.1590805007612833,0.18476986652735858,0.159467046030429,0.1629096162340224,0.18909768955374273,0.21439667285975622,0.19941351275703495,0.25128774949688715,0.235054359524197,0.213612977482137,0.14014324880628382,0.17121207473496158,0.1786350624899458,0.24529574337264434,0.22640496021196993,0.23769037216218497,0.19808861111653353,0.20074688794249837,0.19608503527463594,0.15371898817241036,0.1880026557508825,0.22549441910435455,0.13539069413081758,0.18274251372715386,0.23153734639447138,0.21883609011030136,0.2176477683620059,0.1585900501472979,0.26596447319412914,0.16871371999130577,0.1975337786437886,0.16968009705382234,0.23018332433954838,0.2040443996396874,0.22521835661088205,0.1445412663650192,0.21330664420856496,0.20901390593818506,0.18556107856166146,0.17251832437763187,0.19006882120806146,0.20651155977440536
lo_A_model_1_unrelaxed_repeat019,0.23052206036458928,0.1787168026937954,0.2264555115523717,0.23738082681312647,0.1991255935405121,0.19722139872348846,0.18332647379546013,0.20769221271329685,0.2081653938276259,0.18498705673316249,0.2019578122775006,0.22911601536744236,0.1854242346111098,0.19651559581657033,0.2245182303631024,0.18095977943720756,0.19728712001882406,0.18309323125247448,0.0,0.2225644270259654,0.20732091190958393,0.23182465007717548,0.19343121640328914,0.17412347336620113,0.20089802536395399,0.2205723287664468,0.22872777142089729,0.26792655186822056,0.2036691417797618,0.1817483647719611,0.22789586382741206,0.24152584402778376,0.2547146306389102,0.1856887376663898,0.2070690194763465,0.2540037877225383,0.20403944890531617,0.22504350048414498,0.16754915662440914,0.25556783476958245,0.23602975613190227,0.20964519928947,0.18844633271766084,0.2508623969492984,0.2437797124695389,0.2405609622069036,0.20940455264073576,0.21084426311952356,0.2219519403056354,0.26027464640139375,0.22971611577848602,0.27545422962449817,0.1919179933355686,0.2322660540964839,0.16807503603934773,0.2379051517523928,0.18048506253109328,0.1670434627722247,0.17852042276663546,0.21025221518789355,0.20752900136885913,0.22352515516792942,0.2347865880262847,0.26454227211148235,0.2305348492922435,0.28272537618771754,0.2692342540389792,0.24637137720901833,0.1890055725045382,0.22486910578231104,0.1643292178691713,0.26660585751592664,0.26842397175420696,0.25365247310081046,0.1917361138102465,0.21624997126365303,0.22523360055989228,0.19595493628110713,0.21620619099443117,0.27054649350936816,0.18505710752956855,0.22809570187349357,0.2607976539561138,0.24323398720612388,0.26832272009151675,0.18909622108798682,0.285850098275012,0.2031695557493909,0.19178229640183597,0.1884892493983932,0.23441500071625354,0.2423309616884457,0.27154917300913595,0.19533247618301539,0.22849633687581347,0.22140468389047446,0.22704617518301437,0.2322008429647352,0.2462174202321011,0.17719017369422924
lo_A_model_1_unrelaxed_repeat020,0.19022499666506287,0.19318432272442554,0.21773542961687126,0.21985977258113354,0.1830119159327899,0.18383474338529288,0.17906705851418156,0.1597145370131765,0.21868339484672383,0.1600447201451892,0.1648391855158993,0.24484909661758855,0.22404329938652484,0.20009274101564273,0.2127034197615418,0.17857943816903113,0.23074920831666937,0.18910593347976476,0.2225644270259654,0.0,0.21801539760036232,0.17417607226247805,0.2205341441290951,0.1939062403403213,0.1792371276427069,0.183594683270845,0.16929186773347,0.22786252223980982,0.1926581694172468,0.21181933754890428,0.21505678659188476,0.18017640140239674,0.20041799881479466,0.2058749610098699,0.20840823122915023,0.19765659516882783,0.16096830386689612,0.2056962571720552,0.23358422032070708,0.23484206180200407,0.19362195958410883,0.20945896925105376,0.22627207153701887,0.21026570424237906,0.1951731017021558,0.21158519897067962,0.20445451204711396,0.19373444577373453,0.171512569141129,0.2414434513510071,0.18562415377956754,0.2528570734047506,0.20374567023669554,0.20531815571054032,0.19306357184977546,0.19078182942242755,0.18556104155522926,0.21682698877565137,0.2111039699366947,0.19855585117844296,0.17042487426499792,0.17717103994806938,0.17774801649432856,0.23950611378579156,0.17031615556641766,0.24369740612298885,0.22627834214942916,0.2109699190024286,0.18635891885835343,0.18944888598398313,0.22920901556944018,0.23936625673659928,0.23434815997962713,0.2175270098171719,0.18032045627934093,0.17488338808404286,0.17795732156213173,0.17028589441556768,0.15277788490914004,0.23547755938266882,0.18868312636411091,0.19384213449205234,0.24492018144483307,0.18742891680716683,0.2437860080882987,0.19430868175518134,0.27144191568518683,0.16622214138352037,0.20133044460689,0.17793770349006705,0.22685002009388305,0.17934356140825908,0.24227527941524857,0.19565290205610467,0.19912791196085097,0.2002360631175571,0.17000096271712592,0.168580696451352,0.1910807901998651,0.23559673725185498
lo_A_model_1_unrelaxed_repeat021,0.22546086261754184,0.17701501758911414,0.16556037326605144,0.24912861298593858,0.175828634547256,0.22110415790055962,0.1684944449188948,0.19024403047188096,0.18926050580032272,0.18499797006194046,0.20261022292087283,0.26161957714848744,0.17797185243040747,0.1835759731318395,0.20819876122925488,0.1643140403698386,0.23768786832057945,0.1676914480388028,0.20732091190958393,0.21801539760036232,0.0,0.19299738558867308,0.19618311495201282,0.18691768249315605,0.19895703880590623,0.2151031306034899,0.21762742703002338,0.2528991096398964,0.22780489229964077,0.20124562604653357,0.21683472078368596,0.22057089212979944,0.2245597180101313,0.17197925982018172,0.16469064075737827,0.21950393871869042,0.2388123199866294,0.2151809758331694,0.20124821505530693,0.2420022907469111,0.24854289762522438,0.19850425378230804,0.1887070297087961,0.21096001153389365,0.22507324384073285,0.2151747494905289,0.1597532826012029,0.20578139365416137,0.2318134233239962,0.2711406953612328,0.23046725256842407,0.26331465046634717,0.2227019306797075,0.2392208645404358,0.15490588586749973,0.22757736347501148,0.17619898200313572,0.1901754878157313,0.1772476545524625,0.2016928875468379,0.19839525655989093,0.20026588120787242,0.21047629411947108,0.22655048545668155,0.23046174524829463,0.24445859130173833,0.24829566170659848,0.2429703573764964,0.1684335615719309,0.2086327745606787,0.1948802699080329,0.26143007829419684,0.23792387729628295,0.2521993228109927,0.21555364719988643,0.22379796158784082,0.2248543365720358,0.20322549404692108,0.22078820955022677,0.24847740000224186,0.16645931507890424,0.21275002693960818,0.24630341501096936,0.2312504380384824,0.25336948089372324,0.19381014263370405,0.2808459456845322,0.19953960026619275,0.2210326356835026,0.20906261049574631,0.25078216527616326,0.21574667163902908,0.2485480549558125,0.16152458101421244,0.23981626073461423,0.2376017243185361,0.20240760445320827,0.20604338196204616,0.22207183619086987,0.22908673695177184
lo_A_model_1_unrelaxed_repeat022,0.20899835718187124,0.18648002574002398,0.18334503929334,0.2385399130727505,0.16707164988280823,0.19189984050013462,0.17163425447865438,0.17945422663277183,0.18978960039406698,0.17447463261142782,0.184199732982709,0.23958224072650033,0.19784727784455544,0.1987631080065788,0.21192017891592968,0.17558113930797548,0.2350249784308237,0.18404037468335813,0.23182465007717548,0.17417607226247805,0.19299738558867308,0.0,0.2185990666295958,0.1919304766533533,0.19482566801013082,0.18189200367644154,0.17063521566205006,0.23725959114616224,0.21045467095426126,0.19341097400119664,0.21421547185813836,0.20334557645075219,0.21520246912656185,0.18535418209015914,0.19011573615313174,0.20056375980059432,0.20296241926465725,0.21238553022224124,0.22015565309113194,0.2222600025347622,0.21734663940239238,0.21459864391120106,0.21334663741598925,0.20574360893603902,0.21064253225512122,0.20763746054471777,0.18789603097174676,0.19526797184832126,0.2000158677539408,0.25790896243471023,0.18016334584873414,0.2538429470636575,0.19720394880654066,0.21209453718533786,0.1830831733251108,0.20417128633353449,0.19417708243229173,0.20549694886853562,0.21274646230808772,0.1835547989964329,0.16763580406346884,0.1819729145529666,0.1977486801129382,0.22359009411416236,0.19851585739336733,0.24463466908058218,0.244071859654591,0.2210698101148278,0.1734492286146295,0.16787197502859136,0.21375750101873375,0.2616465175443035,0.22978230974390662,0.2322088276272891,0.20116121478745336,0.20129646674752083,0.20317835248484256,0.16762213278425267,0.1825423399256243,0.24110307841377898,0.17951655551868545,0.21202000202561397,0.23745366658955602,0.1803234115723393,0.24053593118638728,0.1814681518304393,0.269898619232862,0.17441527082018643,0.1993712391171918,0.19925729263825678,0.236319857926408,0.1842582648200792,0.23971303420897028,0.19349492309790406,0.20954911402201293,0.20184235197319597,0.19042317455531857,0.16830757150707581,0.20018807180139223,0.23709960964266447
lo_A_model_1_unrelaxed_repeat023,0.21692785335735879,0.19847657562785934,0.1854185174394458,0.23562619519624922,0.1910964627693974,0.21995254983154044,0.17319522091950523,0.19203763862716935,0.2033773457842703,0.19027251144688054,0.1986927203970233,0.23398453845205433,0.19048481103014558,0.18680029807011658,0.20459244598872883,0.19312456341881568,0.21514980109187004,0.18107216686651184,0.19343121640328914,0.2205341441290951,0.19618311495201282,0.2185990666295958,0.0,0.19908596499810696,0.21388949856541936,0.2020520011254486,0.22038129332866063,0.2455587823591437,0.23140541686138139,0.18782988376733747,0.20881334321180345,0.22448400410114266,0.20821135885700748,0.17662327860872415,0.1614088970465373,0.22384107444667534,0.20961770639098698,0.19675350256738047,0.18390055781459919,0.24821813921466965,0.2406731950972947,0.21870864072527402,0.16969450207456563,0.22187853718794842,0.23057578113076607,0.19841310065658524,0.19581561354099875,0.1868339381852153,0.20731752236288142,0.25280078276259177,0.2438847290981285,0.26063697532036545,0.21438202767753223,0.22176131725616036,0.1913173351967383,0.20548524098638615,0.17896993937210656,0.19633189251155142,0.16274741745543003,0.19532352604928618,0.20335257372793186,0.20840986428371913,0.20965772297042742,0.22336554782289125,0.22037346568423888,0.2673392234071909,0.24540204785818312,0.24733588567643727,0.19109321291686382,0.210989611172896,0.17022519545408657,0.26565581872044247,0.2488318856098176,0.23901235504785556,0.20626661289143547,0.1972495170081356,0.21587345614989384,0.20147494901025248,0.21963777306985335,0.23335064456527047,0.18768815566471966,0.2191324564650222,0.24811130111227914,0.2393122358110212,0.2518448872030172,0.16913095720977658,0.2579834653294758,0.19832835160428156,0.20870316244443005,0.18228955491521562,0.23463601129590625,0.21029390904902298,0.25084942277021244,0.17585036638882617,0.20719181398536599,0.23050266958691668,0.21747574347170168,0.20896157863295886,0.22297747276786872,0.21496036032091823
lo_A_model_1_unrelaxed_repeat024,0.2066226987241239,0.1689448471347693,0.17767276667280044,0.20495147127893262,0.17061639074162707,0.17592044469370333,0.15429441971186228,0.17026461942949472,0.18727601137066918,0.1496951207773632,0.17589869385733173,0.22589364228587494,0.1942601488631614,0.17060885750854776,0.19852792728304464,0.16633040957748704,0.19724920803777835,0.15095923428157154,0.17412347336620113,0.1939062403403213,0.18691768249315605,0.1919304766533533,0.19908596499810696,0.0,0.19384075363101627,0.2044867758263105,0.1998708109220934,0.24796667481111503,0.17729377268022534,0.14650828976531355,0.22265797208316807,0.2147224964942316,0.24052361454945967,0.1811086830571186,0.16626938601784907,0.22601750346843907,0.21205079627364318,0.211498857026711,0.1822603861369567,0.2337941870287027,0.23237688358115538,0.20627311991628963,0.19540523170572616,0.22575836716132502,0.21837708000177158,0.24266873102770778,0.1688936523623596,0.18651759477770324,0.2144629803884147,0.25702669155493135,0.19010054263208423,0.26109497611447346,0.18776098631726618,0.20403374359763723,0.1717648998770028,0.2137686373840688,0.14964576101958313,0.15583324237066346,0.16238762505970764,0.20485186105705938,0.17903560758680692,0.19463311731987903,0.20853251411245224,0.23117387197606545,0.20571909121938978,0.25303377044233294,0.24649235769782696,0.22323075623517388,0.16698880913049585,0.18884036600803505,0.16400061411657932,0.260275397780037,0.2401474547023141,0.2378282684305291,0.16947860293454936,0.20514463720637457,0.21822712112578901,0.172600773160392,0.2038001875663376,0.24393546251261755,0.16039106714714776,0.19736529750207604,0.23845114368693646,0.2232683412789496,0.23867581463594426,0.18359823260515545,0.2815844557543272,0.18334391723903765,0.17682612152399568,0.18522790354530352,0.2361347794134547,0.21267478917671243,0.24765823686884364,0.16649486710566244,0.22598178107784045,0.18993873569924377,0.20957935867413174,0.19570951949992071,0.2269658240014646,0.19172542733028017
lo_A_model_1_unrelaxed_repeat025,0.21572197242013963,0.17008345002200448,0.2248320237704862,0.2244818143604082,0.19439555415063797,0.2077776040892937,0.17131907752296308,0.16734765967546575,0.20405384924219866,0.17019191052795649,0.17470393185454167,0.24452191361406062,0.2153220517735501,0.17940596621993257,0.20433855116130437,0.18470323411466769,0.2345313495765368,0.17625704990009614,0.20089802536395399,0.1792371276427069,0.19895703880590623,0.19482566801013082,0.21388949856541936,0.19384075363101627,0.0,0.18362531359807507,0.18303795817938373,0.2308606916331682,0.1938279770632138,0.21077320968934068,0.2201537309155843,0.19455631560752631,0.2134510045197073,0.20637412171003414,0.19081545211750994,0.21574823389586426,0.18539427729669375,0.21243923173860363,0.22250407785882362,0.2235533566968183,0.21568519023696003,0.22363829242084163,0.21379866386282187,0.21469774608629466,0.2084204455357258,0.20682931806136232,0.18952892886944123,0.17495575488091655,0.20431940828237138,0.25069684398145176,0.21261969581878234,0.25573583193750304,0.1938879652312553,0.20862742801367087,0.17861134507475565,0.19214748448520322,0.18775754158115954,0.20835647551007722,0.20089728548017946,0.19034266893315102,0.17104915757217762,0.19081504051113127,0.19045872866516156,0.2256083475104158,0.19842038651662716,0.23854659586276014,0.22569375670780364,0.2124293719200887,0.17715703290062082,0.17279916729386605,0.21617514292290785,0.24911027945565015,0.23363226855439137,0.2244145816004544,0.20682380453669472,0.2014107590183672,0.2028854155564011,0.15975838874811368,0.17081494810171868,0.21383041092228472,0.18236901937409164,0.1868938067268333,0.23486834835425402,0.21683940643508215,0.2298129288364168,0.19064336522381958,0.2703048572997317,0.15438858690129628,0.2263478010465898,0.19147885206162676,0.229729681291688,0.19153666151382784,0.22672213871415103,0.17865877435432925,0.21899201584599345,0.22778015465687057,0.17477929675767465,0.19023065887637017,0.21018947647988906,0.23780464686698355
lo_A_model_1_unrelaxed_repeat026,0.21538244854590843,0.18787511147230124,0.21580603607739798,0.21719626021330057,0.1733120813427094,0.1763504728385673,0.16920264323533915,0.15321315343751035,0.19759328975070597,0.16928232760027917,0.18767750167559544,0.23014561851675702,0.20578533685394487,0.19410285019049667,0.20432233573757652,0.18809422348884414,0.2330906925608832,0.18413865522771175,0.2205723287664468,0.183594683270845,0.2151031306034899,0.18189200367644154,0.2020520011254486,0.2044867758263105,0.18362531359807507,0.0,0.1798607623923428,0.21857744851981098,0.20040211221648777,0.19250351983850736,0.22599093756755145,0.17827163613931485,0.17412001271219676,0.19700569115182656,0.19700835766531757,0.1694329860647263,0.15076643296982087,0.18719877892929224,0.22323752306104824,0.2137767497003506,0.20619673509110603,0.23836876613668975,0.20868028746103734,0.18908427623499874,0.19731576111684945,0.1881078541870779,0.18827822075858155,0.1802664940298502,0.20712338108684622,0.24372997559067414,0.20262127366995245,0.2523324379216192,0.2148621676167337,0.2031522428193149,0.2002591654165505,0.18608849710652406,0.19943279225495852,0.21510679185631998,0.20736800307217168,0.19421065138183685,0.15984161241258554,0.147835040303816,0.19313610061805028,0.20739083309970846,0.18218313115134652,0.24301946794974083,0.21416168333631033,0.21252862131580705,0.19000013929668863,0.17010190247203757,0.21467704926064193,0.2566216076235294,0.22594424407498226,0.20166696437628032,0.18246923192927175,0.17653738109583872,0.1876552747617896,0.18176178817200545,0.1590553983443796,0.21169025270457956,0.1938567506461964,0.18204341949334438,0.23703252343799147,0.2087130358422111,0.22943160094806214,0.15095762984554206,0.27197537336972155,0.17267316120595685,0.21092130895048236,0.1684091048887858,0.21298769165240988,0.16507517254091678,0.2243393939155021,0.1959860677948077,0.18192795426661007,0.20369659265633216,0.1805323727899759,0.16651903103462254,0.15483847876557613,0.23877425904212515
lo_A_model_1_unrelaxed_repeat027,0.21119009465435268,0.18271474597774262,0.22920377199931166,0.2347404459548798,0.17591491229067954,0.17969669566256855,0.16925134655852553,0.16777339612212638,0.1911857585636005,0.17300150007205628,0.18736613151504392,0.23811991665277368,0.2174841385037431,0.20193810082924818,0.19787342668985566,0.1723119812552806,0.22613524824917347,0.18977889928852607,0.22872777142089729,0.16929186773347,0.21762742703002338,0.17063521566205006,0.22038129332866063,0.1998708109220934,0.18303795817938373,0.1798607623923428,0.0,0.2304069187583807,0.17455957003470476,0.21415808809213574,0.2022373999817024,0.18896687267867107,0.20592082037334933,0.19852900027073592,0.20372845893134514,0.17324214779886216,0.1765689116000712,0.20383127051152009,0.2276496825574911,0.21448403270668667,0.20837559697202496,0.21986685202191295,0.22606702767416265,0.1970172450568361,0.19175708808217962,0.2104185725632179,0.18878599960820366,0.19095956773437409,0.20342373585452825,0.23486168151075665,0.19772648844962804,0.23944178406080321,0.20014306685543826,0.20756632392297064,0.19118493469957332,0.18544635477872115,0.20642210112787981,0.2083494505925844,0.2105968927026771,0.18946898765188772,0.1519123966363123,0.1721546598136835,0.18336462575963608,0.20194704471671285,0.18045040770900522,0.24247497990479003,0.21782443088312317,0.2047487206959043,0.16681768379893078,0.14219421524726455,0.2275261974571887,0.24772189688726529,0.21890313246274679,0.2097029747647344,0.1843844866379286,0.17663832255687936,0.1789206424099818,0.1705271881208742,0.16370710350124337,0.2040143519314056,0.17483652695817967,0.1833339073992833,0.23802346393756116,0.19668875000284688,0.23442838464024737,0.17720853036236792,0.27069559473170796,0.16983086343340262,0.2116644123656329,0.1832186354697711,0.2056364508750072,0.18873824097185554,0.23995525632035106,0.193567433622199,0.20885628328407768,0.2079433798252824,0.17712562808891924,0.16471406446598344,0.1855523348159514,0.23653890907812267
lo_A_model_1_unrelaxed_repeat028,0.22831842959620258,0.23861686267545262,0.2568592050443645,0.23636287782624865,0.22884864462330284,0.24181495425842525,0.2316918566805368,0.21346442949808805,0.24928085177469297,0.23191262414118705,0.23039445369158848,0.24286724209294094,0.2613303206302068,0.2287401315522628,0.23435550804020797,0.2448285184235619,0.28249042015990083,0.21936270093993274,0.26792655186822056,0.22786252223980982,0.2528991096398964,0.23725959114616224,0.2455587823591437,0.24796667481111503,0.2308606916331682,0.21857744851981098,0.2304069187583807,0.0,0.23905671147629345,0.24782134584487722,0.25716025909052875,0.218996652073625,0.2262324389915699,0.2571533573826359,0.23424102439737068,0.24247588438118495,0.2257384074815433,0.24579595850803593,0.27309734832017973,0.20983934586478625,0.2001839533142473,0.2611123377643444,0.24838993872440485,0.20724588659543913,0.20718876619034937,0.22795959848353073,0.23788646081764164,0.20964200154689758,0.2324919559578817,0.2728859786937909,0.2448714403878014,0.23238432844907325,0.2364463632402844,0.23962724450490364,0.2389373116797217,0.19567388492533683,0.23012144271603854,0.24948806640593044,0.24860407532076867,0.24183766176817723,0.20933813814046032,0.2161774809974778,0.20981608405297422,0.248876672838701,0.22196518821259933,0.2588522377203224,0.2182729742163411,0.2138956753718396,0.23625654928815215,0.22751374999715565,0.2658588371977993,0.24767102239905772,0.2376530561707468,0.23068644655407958,0.24690068665376397,0.2234446608269582,0.23380517426607744,0.22270319425745774,0.22606727890668893,0.22374332703982433,0.2321088898918129,0.2096841790303272,0.23857515708765478,0.23649738873483936,0.22556276783139467,0.23685995029025514,0.2573907162850999,0.22145028215789467,0.25320136405285426,0.23016087674613459,0.23655896499580303,0.2117016228330746,0.22616026639182357,0.22695228365406236,0.2323872982033172,0.24646181572292705,0.22740146131144545,0.20959119074739932,0.21081361225741235,0.2853140984317959
lo_A_model_1_unrelaxed_repeat029,0.22182087851670487,0.19582534479795013,0.23047691985652757,0.21150153900487492,0.2011878146578707,0.18229924698320554,0.19906429396817305,0.1828570624648556,0.22477094046949708,0.1850376739275875,0.1825084598348851,0.23429095724470045,0.2376992491515493,0.20178855347797936,0.19606652326459093,0.19674187209290472,0.23424952153736922,0.19850606272475294,0.2036691417797618,0.1926581694172468,0.22780489229964077,0.21045467095426126,0.23140541686138139,0.17729377268022534,0.1938279770632138,0.20040211221648777,0.17455957003470476,0.23905671147629345,0.0,0.1918925217775906,0.23648063130891553,0.1932075573803945,0.20362565937508234,0.22240856860223868,0.22066005159316607,0.19163902867225008,0.20297867284742327,0.2096392070648276,0.22794919244157008,0.2363394620980133,0.22982282906858334,0.21679078870147664,0.23245023587905628,0.2043983039720894,0.1987702493261187,0.2296482014374641,0.2144978552336991,0.19086124434330473,0.20617003968730233,0.23999929303663164,0.1984069422559004,0.2392474712584786,0.18516370980230965,0.18971695354042054,0.20458210450114475,0.20029658695739458,0.19878809934357103,0.1985319532989254,0.21531928383546214,0.212965569765583,0.17893184498633719,0.1953381946789444,0.18714352818909213,0.21207731537509988,0.21030574173605693,0.2471345969565482,0.22498745983175386,0.22049556618382124,0.20735326507656276,0.1908884993137177,0.2267143362732425,0.24816438896122436,0.22889578877146352,0.20772516920861273,0.18723090102979578,0.19615388181349028,0.19848102218084068,0.1766022907515994,0.18137266625086335,0.20875126446294498,0.21052172333105568,0.20446128525317933,0.24524814679219728,0.22413039072330126,0.24773727604039358,0.20235398663836754,0.27828813610227615,0.1675199114849333,0.21778201488778565,0.19430292780587274,0.21344130940565642,0.2072110456841165,0.25349467040868534,0.2068826756590309,0.22692107052027102,0.22065220466161553,0.1746888900232867,0.19276185133597387,0.21783312640301558,0.2284396847233626
lo_A_model_1_unrelaxed_repeat030,0.2244246683403067,0.18700014612159876,0.18190344323553692,0.20670555243564534,0.18058591494147697,0.1779322844625934,0.18027269361427722,0.1818695086286115,0.19761935420382554,0.16966654327957717,0.1897899705046312,0.21696007623088537,0.186405706869849,0.1814596547299336,0.21291825387368277,0.1934472857408835,0.20459825878150442,0.17212890003145082,0.1817483647719611,0.21181933754890428,0.20124562604653357,0.19341097400119664,0.18782988376733747,0.14650828976531355,0.21077320968934068,0.19250351983850736,0.21415808809213574,0.24782134584487722,0.1918925217775906,0.0,0.22318387628216313,0.2089741583438198,0.22379995346345183,0.18591301671859267,0.1867482649162052,0.22219338456187554,0.20940614035074315,0.20611808565977782,0.17409598424732362,0.2410138735996852,0.2410141804814253,0.22510361308461535,0.1996582108116071,0.22109370614190962,0.22514468404864638,0.21658614372528803,0.18897921709048224,0.19182640802415774,0.2177323132401308,0.26244963329047755,0.20150323838262213,0.270776938114368,0.19968377432376203,0.20121544834420768,0.18463140560872338,0.21678847109963376,0.16149187695769415,0.18346532769540008,0.1892305003438187,0.18815154379774934,0.19283423986145995,0.19469105198354816,0.20554643666378367,0.2233824059425729,0.22382983841866036,0.26242295033798313,0.24866333423150708,0.2382078605661015,0.18143470431902073,0.19747589990768258,0.16780125259353681,0.26128931120270493,0.23970140282835786,0.24108322902895418,0.17459178384770707,0.20806962147794245,0.2266268220049745,0.190957852123325,0.21955699968055392,0.24134344484385464,0.18520514319094294,0.21253172312229845,0.24181514830828751,0.24399142436676077,0.24632973121547203,0.16431679859475473,0.2795590969690312,0.1859668975420142,0.18514862606540072,0.1890851849116578,0.24049375175915305,0.2021939330252455,0.24972854160494273,0.2004844440431487,0.20467927596262325,0.1949742486940035,0.2153248057236852,0.20126590927795526,0.21960022723056066,0.2058580118189305
lo_A_model_1_unrelaxed_repeat031,0.2488518096698629,0.20165630614562385,0.2312851988445823,0.27330878165319783,0.20267537911398753,0.21284035068190832,0.18790927786989423,0.21164822016429158,0.21525143497201296,0.20596813509679202,0.20199467124233855,0.24932098173104178,0.20543087556449038,0.21961569242773846,0.2385847177105771,0.20486827618387435,0.22505318780025266,0.2031450161041472,0.22789586382741206,0.21505678659188476,0.21683472078368596,0.21421547185813836,0.20881334321180345,0.22265797208316807,0.2201537309155843,0.22599093756755145,0.2022373999817024,0.25716025909052875,0.23648063130891553,0.22318387628216313,0.0,0.23548029207180016,0.23409578209171786,0.20336634174722945,0.21127393550223775,0.22510700110311238,0.22347879660538011,0.2412430179410241,0.2166985234641223,0.253829957275142,0.23932126485366653,0.23995986669686836,0.20920963536787263,0.23813049163084737,0.2515423416491669,0.2278546282536195,0.20162680578878744,0.20928183829413172,0.22217793201934985,0.26667462506007183,0.22655934870039665,0.24433519800524695,0.21438444469866597,0.2504560281396188,0.2091853002546602,0.22506912497216663,0.21387532233758796,0.23184439123116715,0.20252403661720086,0.18720913232924247,0.1925042771202373,0.21821910148240523,0.21881871240464404,0.2554535135165579,0.23125666831046052,0.2769154491019941,0.2578555522708593,0.24354414134603425,0.1855159383348282,0.203417354295577,0.21479544982299745,0.2784782076935804,0.25054926728329213,0.2474517533645793,0.21037642603074772,0.1915622625393231,0.228095006308157,0.19129817186251394,0.21446052889736059,0.26559339183309466,0.1851158327392831,0.2292127448538442,0.25931377582913706,0.23119861838793962,0.2608320569746683,0.19150569268050882,0.28529978510677895,0.2124465133393413,0.21623238439916226,0.21661145967727402,0.2509656737182108,0.23840543423538266,0.26078991045721156,0.2130465040209214,0.24079663981324678,0.25522894936730023,0.2244445134727959,0.20038055354121095,0.22214083096985368,0.23748857061573392
lo_A_model_1_unrelaxed_repeat032,0.2002149731644866,0.20660391705089362,0.225371776778372,0.225844208016736,0.2014149454670897,0.20188526749203134,0.19598353555559153,0.1648023535534818,0.22014081980321995,0.18620790524870354,0.1889801096178839,0.258706589179117,0.2388428242730434,0.18659415845997884,0.20036284682112623,0.2085845457661592,0.25208006482942336,0.19334413935564732,0.24152584402778376,0.18017640140239674,0.22057089212979944,0.20334557645075219,0.22448400410114266,0.2147224964942316,0.19455631560752631,0.17827163613931485,0.18896687267867107,0.218996652073625,0.1932075573803945,0.2089741583438198,0.23548029207180016,0.0,0.18117670695106172,0.2159169772358237,0.21389679366574527,0.18914147878921053,0.183197487191568,0.19404601315601758,0.2553027673259572,0.22110143323104903,0.2221573460616505,0.24280040196246183,0.23023901495125115,0.20340179128547567,0.21027513892193941,0.1885311698443025,0.215591262055488,0.17269273448420971,0.19564703920197168,0.2651025676746582,0.21784322564292002,0.2470986655178763,0.2130802914080798,0.17026738124455848,0.21107627935927456,0.15867594405499955,0.19508650735122793,0.21311857439581275,0.20356168513905648,0.19764601237786159,0.1770064586650892,0.17820763315588212,0.16418488305140555,0.21383814825252453,0.19367720442424513,0.24299301755571034,0.22229295779310307,0.22189391258128166,0.20450782958242703,0.1997554957516205,0.2418877345148504,0.2506939216379385,0.2420053393279437,0.2195451097650443,0.2024931062603754,0.17440656134708807,0.2126305210536529,0.18239077904433812,0.1703453825503444,0.20510106793644328,0.21329328844472603,0.19095084642669943,0.23198190756250286,0.2229500729985786,0.23349293642224897,0.19709529078105512,0.27330157584449527,0.15615861218718902,0.23609346188910255,0.1701149438893533,0.2415521737568057,0.18849957973260983,0.22193387704378362,0.18962339454734126,0.2045439870353854,0.23033374305618318,0.15036591039864824,0.18325978105782498,0.19128779073458968,0.2587767421716725
lo_A_model_1_unrelaxed_repeat033,0.22067723827051353,0.22690866930553488,0.22423702460695016,0.2344746052057859,0.2031046489530048,0.20659462355915248,0.20629099410523727,0.1847069921832235,0.23046456037934349,0.20934566428057647,0.20820880970945846,0.2413900387067336,0.2346630080024324,0.21375081222812492,0.20293987354553594,0.22039295573049136,0.25070337390654696,0.21407726266931892,0.2547146306389102,0.20041799881479466,0.2245597180101313,0.21520246912656185,0.20821135885700748,0.24052361454945967,0.2134510045197073,0.17412001271219676,0.20592082037334933,0.2262324389915699,0.20362565937508234,0.22379995346345183,0.23409578209171786,0.18117670695106172,0.0,0.22813474483860433,0.2192100742492473,0.17953165106438915,0.19267440940627592,0.19114120195396464,0.24478967936672397,0.24863265788987746,0.2325000955281543,0.24569291520858103,0.22411723505806402,0.18460841672317047,0.20303392459155703,0.17167096234746493,0.21633255608246557,0.1911739771948821,0.18183553149761864,0.24631512493659863,0.2208509981327949,0.23088717494405808,0.2169824745861733,0.19185648322995932,0.23293899377556584,0.17743521254108297,0.22629589868691363,0.2364430675181581,0.22879802739327934,0.1988641048274957,0.19180541373537252,0.17670921127802228,0.17997522321924844,0.2105856402371868,0.2080964464962078,0.24297550404329443,0.2207931858126232,0.2380393272469193,0.2200778039037594,0.19851075580852998,0.2422712380570578,0.254387453578024,0.2263760718232704,0.20619315707789887,0.21620324248282177,0.188017078334258,0.2031848154803256,0.20678897968051982,0.196524129865664,0.20620542558172886,0.22781646102545594,0.21076493628945664,0.25320509874699115,0.23315079084842819,0.2465625869814773,0.18895363632640896,0.26541239593162014,0.19094651446857233,0.23388223134774536,0.19045773039506408,0.22993800433358091,0.18319259782260774,0.24188434851052967,0.20636547159925617,0.20404942176738738,0.23768660916718948,0.17044238912736737,0.18154950218976226,0.1933756726861948,0.26752225530139556
lo_A_model_1_unrelaxed_repeat034,0.2055524973931218,0.15826772015997195,0.18313458937476818,0.24034167917109406,0.15642389310704405,0.20979421963503828,0.14566160737360048,0.1854772793985949,0.16917371099592163,0.16954240526100875,0.1802046920708478,0.24746113118007307,0.1622414218686371,0.17953997167933153,0.18857206285619998,0.1336768400582323,0.19237014868701827,0.16145670391443254,0.1856887376663898,0.2058749610098699,0.17197925982018172,0.18535418209015914,0.17662327860872415,0.1811086830571186,0.20637412171003414,0.19700569115182656,0.19852900027073592,0.2571533573826359,0.22240856860223868,0.18591301671859267,0.20336634174722945,0.2159169772358237,0.22813474483860433,0.0,0.1682470882052837,0.21147971016425854,0.20301511110307668,0.20342070193136422,0.1894963854917798,0.2316132024226613,0.22686204867126794,0.18468543724293407,0.17610887271818967,0.20751674217581048,0.21710546608702438,0.22409296686164126,0.1701035618244089,0.19555693622979026,0.21532411873435534,0.25541390907687167,0.22783956971495753,0.26633108731176974,0.20332328219253462,0.22561656611829284,0.1635655188906179,0.2196698107411962,0.1566414839895159,0.16224694878217996,0.16903175328752987,0.17733348150412775,0.17249934751384965,0.188850865005066,0.21066834650097177,0.223229443733026,0.1990267801766079,0.25135935096794626,0.24962834463155562,0.23486644913022087,0.14236571917824448,0.19038695105018616,0.16493989801464515,0.2530633072614782,0.22884552267303904,0.24146385471338602,0.1980100870250361,0.21747492973760835,0.19550888735749425,0.17250868983523562,0.20671010157808112,0.25476638742233815,0.15400304049169516,0.2117267842938408,0.22658990326851106,0.22348800443400565,0.25103888407210134,0.1663061932955873,0.28297780032938286,0.1892897968240447,0.20691568365655977,0.18866349679113664,0.2239959137681656,0.1980492915625098,0.2481684969153626,0.16881242267274324,0.2031195501304772,0.1987484466967671,0.20855871368258092,0.19057209255465,0.20639232471783453,0.18594948781098425
lo_A_model_1_unrelaxed_repeat035,0.21483437743569606,0.1705159300576737,0.17496068227846975,0.23814233910978738,0.16427684508532361,0.22013437761060536,0.1529627190500033,0.17711054798873446,0.16788853939299606,0.17893454977850115,0.19797483836020227,0.246769500854983,0.18544056114221127,0.16742492862143102,0.20426887873871805,0.17941898758056493,0.2145390827465967,0.15047185298510993,0.2070690194763465,0.20840823122915023,0.16469064075737827,0.19011573615313174,0.1614088970465373,0.16626938601784907,0.19081545211750994,0.19700835766531757,0.20372845893134514,0.23424102439737068,0.22066005159316607,0.1867482649162052,0.21127393550223775,0.21389679366574527,0.2192100742492473,0.1682470882052837,0.0,0.21461552607939335,0.224529723124854,0.22070333599173958,0.20352267363572554,0.2322060398036971,0.23415727935200653,0.19729404792030159,0.17749466694924113,0.20568518522740395,0.21767163520434213,0.2196084785113012,0.17478550599072828,0.1856392805665611,0.2190275908436808,0.2686057510540023,0.22095980447387492,0.2628609063366298,0.20455521236822594,0.2235615215867697,0.16592268568576998,0.2043897718255382,0.1640100035331423,0.17368966537171543,0.17193221956891655,0.2021219358879581,0.1863059669058429,0.19401655387096656,0.21096164789188326,0.2157144372890596,0.2088955348783971,0.2509531666377086,0.24639706083470808,0.23099338749058962,0.16042159494872918,0.1920169349052705,0.18097673401476086,0.2691430240262122,0.23756827495409358,0.2478348450954601,0.21285965004003113,0.21087187561552162,0.220543386030056,0.18761199573642942,0.20619280808472815,0.23649223477771392,0.15788749639047442,0.19856255541268894,0.2398079322063182,0.2246295338280591,0.22578316030930223,0.18207975268443546,0.26964421745278067,0.1938949791693102,0.22238866465899873,0.19806435494086308,0.24296529833407005,0.20127191480926276,0.2312451027977765,0.14852844508231203,0.22575051303259053,0.2205943428367087,0.20434022654171335,0.19782920626081835,0.21208564145954037,0.2167942267838554
lo_A_model_1_unrelaxed_repeat036,0.22467079333797044,0.21248556493932066,0.2260403486080649,0.24315023820775172,0.19086055924633197,0.18986628680983042,0.19024773097630074,0.1789685228995345,0.18546413185845015,0.19726208719454702,0.19980757624533604,0.2513428848797699,0.22993308723752837,0.2142250037167779,0.2014148765696728,0.19886244086369378,0.24860264530040233,0.2125645094374626,0.2540037877225383,0.19765659516882783,0.21950393871869042,0.20056375980059432,0.22384107444667534,0.22601750346843907,0.21574823389586426,0.1694329860647263,0.17324214779886216,0.24247588438118495,0.19163902867225008,0.22219338456187554,0.22510700110311238,0.18914147878921053,0.17953165106438915,0.21147971016425854,0.21461552607939335,0.0,0.19358100927796565,0.20498304336863946,0.2401976886103068,0.23936625793193494,0.2352111491669086,0.23366331683990055,0.22883031177705201,0.18146605400284874,0.19774396315497123,0.21287405250936445,0.20662440128062795,0.19809909371296947,0.2177675632135852,0.24795378970926701,0.2092472933081702,0.2410245774276503,0.21972025978685064,0.222549109527864,0.21382013954347703,0.19762599972012568,0.22046229552513447,0.23074270952110007,0.22769353697704264,0.21505141282346335,0.17388975015060318,0.17134092544536744,0.19533925589267473,0.21051144885764067,0.1933396516159616,0.23952878813067052,0.21419099414832765,0.23059169334884516,0.2018845503594065,0.18575658538225645,0.23930244240572385,0.25910212137108907,0.2198982076901731,0.21202554911235308,0.204541723709852,0.1925891696564364,0.18325634695185922,0.20032257462797196,0.19566407594437082,0.21231188088269695,0.20831350589483494,0.20515959731867273,0.2446414157856281,0.2189684222829437,0.22463912181557233,0.18427959490598098,0.2814865133973679,0.19111735378676353,0.23144317211148036,0.19812770119287054,0.2154586756563627,0.19193534766270498,0.2449018156010535,0.20621179439785683,0.21851020214312525,0.22809501320737272,0.17593866387972415,0.18150609538234302,0.17881035501758966,0.2583391949125027
lo_A_model_1_unrelaxed_repeat037,0.19554511826202342,0.19363026430824318,0.2331666040325061,0.2163127306121688,0.19060828012464304,0.16173240319492127,0.1806750440175904,0.16183708670243635,0.21683271704631688,0.15644884257592842,0.1679111318874691,0.2262381637210912,0.21508876365767754,0.19890701632796198,0.19935711625049624,0.18443280099531015,0.23725794562266458,0.19483932707811272,0.20403944890531617,0.16096830386689612,0.2388123199866294,0.20296241926465725,0.20961770639098698,0.21205079627364318,0.18539427729669375,0.15076643296982087,0.1765689116000712,0.2257384074815433,0.20297867284742327,0.20940614035074315,0.22347879660538011,0.183197487191568,0.19267440940627592,0.20301511110307668,0.224529723124854,0.19358100927796565,0.0,0.1798054989523541,0.22677202634216254,0.23047286652260685,0.18788007619996366,0.2267055769009601,0.21081189806611364,0.20506036097990132,0.19044580783640436,0.19553765210454468,0.2088171894217455,0.1796714574383637,0.18140241310207558,0.22180338507538896,0.2031335783266194,0.2371227958563565,0.1993268241672907,0.20435379710685228,0.2089792851717636,0.18238890204171643,0.2031154206500962,0.21032882015884902,0.19763999076947733,0.18786709072326646,0.15585665711786012,0.173442577272343,0.18635079676879904,0.23755827114382105,0.15959617225179584,0.25026358522305664,0.21055945711019672,0.21368014013703815,0.1908001516091569,0.18318194946402896,0.2153293707586168,0.24235028031570072,0.23152411789569996,0.18701518762007605,0.17140235774441187,0.1561864234032775,0.17522182548385384,0.17098349023865347,0.15448499146976527,0.22292334434398076,0.2006925413096836,0.18747068821910476,0.24462095989515825,0.19898619875794737,0.23454733684031484,0.16581317200827236,0.25488540104936824,0.16746386965397933,0.20475459612715202,0.15124965292763357,0.2019356531458596,0.19135764103143588,0.24150727099952213,0.20125540396515773,0.1786573666253348,0.2039564436375756,0.17611591806289376,0.17974913690322272,0.17204618603373736,0.2278575980267956
lo_A_model_1_unrelaxed_repeat038,0.20322376653504978,0.20674663296703186,0.19169160676201838,0.22109735684018642,0.19749747286552544,0.1896347124800633,0.20395929072900335,0.1809519953097529,0.21793032315644595,0.17942575145759604,0.18831511730305694,0.24401797349313575,0.21799009309300107,0.19988209614799177,0.17537575110959103,0.19020887622594249,0.2434342470114379,0.20162444940531674,0.22504350048414498,0.2056962571720552,0.2151809758331694,0.21238553022224124,0.19675350256738047,0.211498857026711,0.21243923173860363,0.18719877892929224,0.20383127051152009,0.24579595850803593,0.2096392070648276,0.20611808565977782,0.2412430179410241,0.19404601315601758,0.19114120195396464,0.20342070193136422,0.22070333599173958,0.20498304336863946,0.1798054989523541,0.0,0.22248316070080906,0.23777907419681432,0.23696732177239718,0.22192407741689285,0.20140031382586257,0.20766163534115012,0.21458103104449883,0.19872482106278966,0.2105789899675102,0.19030979036563747,0.20558826235818126,0.2309584415360006,0.22851825244919066,0.23316271710253775,0.23336108132578437,0.20578149793580536,0.21688519869610232,0.2058318820357401,0.2078513038706852,0.20436429785430263,0.17744989983877058,0.18838483729901775,0.18865073662507803,0.18791076170186807,0.17977675235328755,0.2067659385922779,0.20590657214395655,0.24324833269538437,0.22769481243733392,0.23989718649003974,0.2098429128387936,0.21345489249531382,0.21122114061619063,0.2448920903345811,0.23942429759224387,0.21161863219849578,0.19486154873644435,0.17407506972526807,0.20722349969753806,0.20202247711317012,0.20425004522109244,0.22731448786834899,0.20519145740430433,0.20173586819160705,0.23796291352168944,0.22877369605293887,0.2531468741939412,0.18282204031878463,0.25444398974997534,0.17751968518057212,0.21203579137502784,0.1561917936219755,0.21826745350358892,0.20786390259701473,0.2435090119743671,0.19163108035627247,0.1922888102626293,0.22981853013937328,0.18258067454735952,0.1926509002959381,0.21615446776366132,0.23961779712312734
lo_A_model_1_unrelaxed_repeat039,0.24330420328509444,0.19605743954113997,0.2095848782071465,0.23964137070259267,0.20281752441968875,0.19739625224550808,0.1876640950992316,0.21202918051664008,0.20424693531740498,0.2078537851333902,0.21120781892579976,0.21960542780151304,0.1671990435728441,0.22186864097558895,0.23661389264306193,0.1981550136687439,0.19766676630307714,0.20156775521589604,0.16754915662440914,0.23358422032070708,0.20124821505530693,0.22015565309113194,0.18390055781459919,0.1822603861369567,0.22250407785882362,0.22323752306104824,0.2276496825574911,0.27309734832017973,0.22794919244157008,0.17409598424732362,0.2166985234641223,0.2553027673259572,0.24478967936672397,0.1894963854917798,0.20352267363572554,0.2401976886103068,0.22677202634216254,0.22248316070080906,0.0,0.2617133340924263,0.2574736288008871,0.22655693464379573,0.18162843345624907,0.24541328197544052,0.24931007633685834,0.23143805828163422,0.19974959431544423,0.22686664640347123,0.23843865156039595,0.266418059722863,0.22421726830211824,0.2811276501003234,0.20693514012234243,0.2368664195602821,0.1901283942358603,0.25230987714686387,0.20540426240888177,0.19257954601946795,0.18793071882660334,0.19333161782081368,0.21866514205302612,0.21980042645047612,0.24266837730692942,0.2487575621958905,0.2379791090962345,0.27883855887775694,0.27320975974205586,0.26252726488284406,0.1917558063537745,0.2215197456458808,0.14792643359722907,0.28177907112011735,0.26264389910985564,0.2608611007355583,0.18710877773830892,0.21615401108769414,0.23040260899512327,0.21353867620991313,0.23445056947658927,0.27340962838331767,0.17853092846266055,0.23293101387450874,0.26675118152863764,0.2335567105714001,0.2721365516026262,0.18289754474597483,0.27294571454801914,0.22117061559284212,0.18372076061972298,0.2044936668939013,0.25040059692689387,0.2325058831381442,0.2700822891610165,0.20109983641467383,0.226595337384019,0.2183765087430776,0.2408680154324544,0.2257006702710498,0.23706459886354767,0.1700175821926941
lo_A_model_1_unrelaxed_repeat040,0.23923519174046248,0.22109868005783984,0.2561215287361008,0.23580482703302405,0.2274038657736772,0.23518113312745353,0.2141990557384791,0.2027070375234083,0.23859084640563033,0.2125561045182053,0.2327472211555939,0.22755160838329722,0.2513004687779381,0.2306835466877652,0.22925666782558207,0.2244475213555105,0.2546897369127742,0.22227754692812182,0.25556783476958245,0.23484206180200407,0.2420022907469111,0.2222600025347622,0.24821813921466965,0.2337941870287027,0.2235533566968183,0.2137767497003506,0.21448403270668667,0.20983934586478625,0.2363394620980133,0.2410138735996852,0.253829957275142,0.22110143323104903,0.24863265788987746,0.2316132024226613,0.2322060398036971,0.23936625793193494,0.23047286652260685,0.23777907419681432,0.2617133340924263,0.0,0.21077881945208282,0.2639678162417625,0.2521273890610366,0.2190597223262109,0.20977354572588308,0.23166241471587176,0.22685607608367053,0.23164330282244133,0.2523338587106143,0.23864078331686872,0.25202751399630713,0.2357183741911743,0.24794738296870578,0.23257712551604193,0.2339221414068009,0.22163656275840207,0.23437297775951615,0.24252071575012765,0.22771023677325197,0.22152880047989265,0.21523944280644297,0.21642847345063373,0.23496566942491312,0.2355314655086135,0.236477980355747,0.21575089156316465,0.22602508374856967,0.17560165693131805,0.22433401547851656,0.22375887926851562,0.2498794708023635,0.23438631464343565,0.2136590923066975,0.23687369795732308,0.22579553843870984,0.22289443603135073,0.23131594555210988,0.21173444984985057,0.22304554536592353,0.2336191758253263,0.2222392181864917,0.20688654808088425,0.19917484069877392,0.238027209586586,0.22276862712314102,0.21514432657855828,0.26063825972417365,0.21422375357353796,0.2548194687607554,0.22425707325970795,0.22123436456153703,0.2064571285345865,0.20043137670237593,0.22916972363678334,0.21460642353927914,0.24592689517057775,0.22968810537568757,0.20883324832988506,0.22887164847034597,0.26836946379704313
lo_A_model_1_unrelaxed_repeat041,0.20091785309172286,0.21016014467342742,0.26193858391873176,0.2242683574143688,0.21217303382004174,0.21746464234994417,0.20687976576291195,0.20002658263970285,0.24386325526311878,0.198010378190752,0.21481807321072527,0.22135164768153517,0.2422790508557187,0.22394415434039175,0.23081297571149553,0.20966061819324366,0.24663098879742004,0.2163682840315649,0.23602975613190227,0.19362195958410883,0.24854289762522438,0.21734663940239238,0.2406731950972947,0.23237688358115538,0.21568519023696003,0.20619673509110603,0.20837559697202496,0.2001839533142473,0.22982282906858334,0.2410141804814253,0.23932126485366653,0.2221573460616505,0.2325000955281543,0.22686204867126794,0.23415727935200653,0.2352111491669086,0.18788007619996366,0.23696732177239718,0.2574736288008871,0.21077881945208282,0.0,0.230452513736057,0.25188491081755565,0.19972275347253127,0.18123626799147916,0.23492353609453182,0.22512854125107484,0.21977356079781543,0.2162684603084264,0.24106846925085992,0.23299320294383213,0.2164003965259656,0.22455191051296233,0.24093867935701074,0.22628954321326492,0.21105924694848283,0.2238106892143019,0.24103063340057446,0.2341346561190681,0.22260795551776608,0.1968458326487696,0.20102809218702444,0.2127875867656407,0.2582511187649487,0.19749384083404214,0.2374964642459496,0.2181318451299574,0.19074114165208583,0.2120234695622337,0.2205184351874254,0.24392129585049524,0.20725161530318573,0.22041329951643027,0.2155114899233548,0.21304712046042934,0.19956862563445482,0.1936439316014468,0.19331464711629992,0.1893940673106604,0.23525310936297936,0.2152154903721787,0.2117840803969579,0.2270458374498207,0.2080244895894607,0.22895544730939826,0.2100266336404516,0.2582361330820777,0.20695978751455235,0.227192442045198,0.21158210019186946,0.20513160854445212,0.19238321541568193,0.2283808667877748,0.22854293023086966,0.20035536454760647,0.22871730337709817,0.22074163977545838,0.19972865856689861,0.2047487507407551,0.2576953064347742
lo_A_model_1_unrelaxed_repeat042,0.1926515374410433,0.18553707063001862,0.18948035633367807,0.2492650168814621,0.20044353680007074,0.23902516074215108,0.19914885914130123,0.2116742895679387,0.21037521014009192,0.19876945905766624,0.19977612362546093,0.2796837724813748,0.2121189755767123,0.1931618281273336,0.21276350959630452,0.184385282696218,0.2358816244910404,0.18327732217607923,0.20964519928947,0.20945896925105376,0.19850425378230804,0.21459864391120106,0.21870864072527402,0.20627311991628963,0.22363829242084163,0.23836876613668975,0.21986685202191295,0.2611123377643444,0.21679078870147664,0.22510361308461535,0.23995986669686836,0.24280040196246183,0.24569291520858103,0.18468543724293407,0.19729404792030159,0.23366331683990055,0.2267055769009601,0.22192407741689285,0.22655693464379573,0.2639678162417625,0.230452513736057,0.0,0.21135474386427713,0.22878308285047955,0.21748853389275763,0.2536048969890448,0.208225109286414,0.2222065768693756,0.22315049419957925,0.261594531667941,0.23741550895270774,0.25956653588669215,0.22720734135512707,0.25308948922566754,0.18409227175724657,0.24266820928937904,0.17842486787551462,0.20097649098456574,0.2017718488044283,0.22736430026669838,0.21363599528999774,0.22224268205766218,0.22285962979479856,0.24096049397495092,0.2222149348113643,0.2670220214566121,0.2463211350527532,0.2543356719940027,0.19521127617586254,0.22142510012244462,0.21443824139021783,0.24412915740149152,0.2472282369481531,0.2566898174350147,0.2321926380682739,0.23631063853049353,0.2108944620085258,0.20577554754067656,0.23113578121144113,0.2471503009195724,0.1876489927820867,0.2238822396363914,0.26894200596988804,0.21664160127931129,0.2604689772811613,0.22118548848135433,0.2832417844185943,0.21712185617570737,0.23817736505513404,0.21805115424028873,0.23610966027212807,0.23771872813325684,0.27326819768934585,0.18825117683403506,0.24476308535851626,0.23962047304346443,0.2117493794887649,0.23293886050308343,0.24331399731119796,0.21139249610756422
lo_A_model_1_unrelaxed_repeat043,0.22489680227566541,0.18355876451047579,0.19029034663610722,0.2539907853194318,0.17736928734016882,0.21110898405172945,0.16826052420494375,0.1916834523967752,0.1876734356666804,0.1865299946730618,0.19796165218740422,0.23983417256313058,0.17459215503812983,0.18734256108298789,0.21154972156071902,0.1894823571269231,0.22974322358663185,0.1593921563741166,0.18844633271766084,0.22627207153701887,0.1887070297087961,0.21334663741598925,0.16969450207456563,0.19540523170572616,0.21379866386282187,0.20868028746103734,0.22606702767416265,0.24838993872440485,0.23245023587905628,0.1996582108116071,0.20920963536787263,0.23023901495125115,0.22411723505806402,0.17610887271818967,0.17749466694924113,0.22883031177705201,0.21081189806611364,0.20140031382586257,0.18162843345624907,0.2521273890610366,0.25188491081755565,0.21135474386427713,0.0,0.23186454471490722,0.2389317912257996,0.22261232043047213,0.1862803592600836,0.20958679560674584,0.21636529739545646,0.2536700644019248,0.23810595854875927,0.2522482348004496,0.2104278297439724,0.24814529121219858,0.18245347693216263,0.22763525715589222,0.18366066161976397,0.19332328324724252,0.15100139176423288,0.1841446250056051,0.19214682928875632,0.1954287989285197,0.23084925377511287,0.24524339957635022,0.22110985753401508,0.2674276600539773,0.2581631250617154,0.24571953317606485,0.17472452874226335,0.20754851269426694,0.17137366247134128,0.2679591245278646,0.25143779851805326,0.24384710787123842,0.21468576230833591,0.20769023787123464,0.22427174784457124,0.19454375149213915,0.22149506109324008,0.2596982721559794,0.1758208722336987,0.21878293408322735,0.2525222017463438,0.24255049118179947,0.2556185020650836,0.15682869562392457,0.24871148057990017,0.20372565706763468,0.20470958737812145,0.16683927485386202,0.23975327625789572,0.23124949027512165,0.2596299297638555,0.1594756178080222,0.21886154911816608,0.2368603060412794,0.2144842628226355,0.2121015419358364,0.2197735022123416,0.2065155299040713
lo_A_model_1_unrelaxed_repeat044,0.2295660227435307,0.21460086383382998,0.2198250409778549,0.22841881381890977,0.18865561117560237,0.2154225677350368,0.19937703479303034,0.1901961031509088,0.21740867485617535,0.2046788684717001,0.20543622173734782,0.232649034793953,0.22763961239873698,0.21384152542745005,0.19491348508162964,0.20138892258562854,0.25336126191959146,0.20473981534756514,0.2508623969492984,0.21026570424237906,0.21096001153389365,0.20574360893603902,0.22187853718794842,0.22575836716132502,0.21469774608629466,0.18908427623499874,0.1970172450568361,0.20724588659543913,0.2043983039720894,0.22109370614190962,0.23813049163084737,0.20340179128547567,0.18460841672317047,0.20751674217581048,0.20568518522740395,0.18146605400284874,0.20506036097990132,0.20766163534115012,0.24541328197544052,0.2190597223262109,0.19972275347253127,0.22878308285047955,0.23186454471490722,0.0,0.1582893278204813,0.21403249790012654,0.2078808134918318,0.2003569668444053,0.2272058452974726,0.23398442044904513,0.22626454758437572,0.22181024704428864,0.21719653356281365,0.22253161804571261,0.21315454373198534,0.1997536193430033,0.2175654907732231,0.2239924489070602,0.22863190487245652,0.20800721691562596,0.18809089438182866,0.18524403345676338,0.19274557418067342,0.21772659746717943,0.209635793583441,0.21749687186345062,0.17804412418658377,0.21583865112399858,0.20493762266736032,0.1936792113518414,0.23804016744273632,0.23936543912558167,0.19656501070504992,0.2104997595817561,0.21857091115831945,0.2126699680434035,0.18987222945789967,0.19886845710969417,0.20067089477910074,0.2135581382146581,0.2088458939965037,0.21942877199668093,0.22795978110749077,0.23037510868364539,0.22383634298439892,0.1954979658449143,0.2599180898817598,0.19582366304921964,0.23684232575180694,0.20633364996358722,0.18319257908016612,0.17525537712235945,0.2281213992993903,0.20341231867243614,0.1997060823142468,0.22829755387308667,0.18733837860214825,0.1887135349763281,0.19207560653713798,0.26282104204774304
lo_A_model_1_unrelaxed_repeat045,0.2093524610143408,0.21692339450692333,0.22707771258678838,0.18739626601141618,0.19828414605083106,0.21344238785386818,0.20029514345617971,0.17391883147829446,0.22729353000905483,0.18629795692751117,0.19233952752451794,0.22552693027751822,0.2385759102464632,0.2104742271303616,0.19700925157829313,0.19772317030229913,0.25779339300376736,0.20834710500976816,0.2437797124695389,0.1951731017021558,0.22507324384073285,0.21064253225512122,0.23057578113076607,0.21837708000177158,0.2084204455357258,0.19731576111684945,0.19175708808217962,0.20718876619034937,0.1987702493261187,0.22514468404864638,0.2515423416491669,0.21027513892193941,0.20303392459155703,0.21710546608702438,0.21767163520434213,0.19774396315497123,0.19044580783640436,0.21458103104449883,0.24931007633685834,0.20977354572588308,0.18123626799147916,0.21748853389275763,0.2389317912257996,0.1582893278204813,0.0,0.23052219131071802,0.21783523718154488,0.20412113083045114,0.21577157688295728,0.21774807272617974,0.224609322882217,0.2046078904666233,0.21918997841610907,0.2268356321342008,0.21428824596910354,0.20025707655307745,0.20802338649202612,0.2249152929088265,0.23377149805894007,0.21646176929877067,0.18934395812337254,0.17821925622786916,0.1940130572424022,0.22636836109980124,0.18855881320478232,0.20993803840987868,0.19033256415690084,0.20232957292525097,0.20661138561029357,0.20197666900207337,0.24657177291582974,0.22126958162823507,0.18893806768137078,0.1889454311849462,0.207397693896235,0.20592032780180508,0.16035937198404943,0.194518951050011,0.18545992321453456,0.20007750930122836,0.2130035865824698,0.20677466189343532,0.22913029447345795,0.21543118156714527,0.2176930652831852,0.20051237229887164,0.24485406006356877,0.1915880595166521,0.23415145191103506,0.20350752570506575,0.1816340438743092,0.17034521626351196,0.22974712602560304,0.20704295131925435,0.19273962585895976,0.2082178325895685,0.18821329330529243,0.198088915166584,0.19036299636816525,0.25793693432445486
lo_A_model_1_unrelaxed_repeat046,0.22989216044993277,0.21514636332922554,0.23065707162889618,0.24248683282099953,0.21363919820579347,0.21541663460926258,0.20526477893363093,0.18957667395431924,0.22696381956915332,0.2089913182444995,0.21148382108527772,0.23882130982337207,0.2304699813496118,0.21870516601659462,0.22556999808116052,0.22171953052131488,0.249774044955875,0.21153679252620497,0.2405609622069036,0.21158519897067962,0.2151747494905289,0.20763746054471777,0.19841310065658524,0.24266873102770778,0.20682931806136232,0.1881078541870779,0.2104185725632179,0.22795959848353073,0.2296482014374641,0.21658614372528803,0.2278546282536195,0.1885311698443025,0.17167096234746493,0.22409296686164126,0.2196084785113012,0.21287405250936445,0.19553765210454468,0.19872482106278966,0.23143805828163422,0.23166241471587176,0.23492353609453182,0.2536048969890448,0.22261232043047213,0.21403249790012654,0.23052219131071802,0.0,0.20341375411905377,0.19084991519189984,0.19977087590845252,0.2527498290973245,0.22535248054194823,0.2571229133329061,0.22043190923603156,0.18018080412334453,0.2319307059457954,0.18817712260174557,0.22522771182635376,0.2361548769221895,0.2181329259661593,0.17248110924739063,0.1995220921002271,0.19518459257540516,0.187139328264047,0.21809212461978794,0.2265188234921778,0.25255877940181126,0.23653980661708762,0.23766809667558722,0.21834809197789265,0.20079757634659506,0.22986119030782076,0.2712177666877593,0.2403915112557722,0.23316524990340623,0.21288036563180449,0.18943280220758352,0.22892277624150315,0.20210364060319244,0.20607069220532057,0.2189545383010645,0.2159588095892336,0.2109107982225352,0.2459329392061019,0.2404637543734647,0.24601958236492075,0.18689044781630373,0.26090042718276407,0.18887852747255388,0.23185620821438802,0.19450550264180166,0.24705669276921055,0.19542648640341165,0.23879237544231777,0.21197745918983452,0.20254357026101139,0.24278789968740389,0.19181671330242817,0.19296181658800843,0.205891190341821,0.2677655295718543
lo_A_model_1_unrelaxed_repeat047,0.21409688753743916,0.1647561340010961,0.1906103208658987,0.23680190558623126,0.14685848686582859,0.20043000483545492,0.14688314139004033,0.16057195072329541,0.17416288809038172,0.16867923864775664,0.1890541414077059,0.23650382376448326,0.18706129831584853,0.15998796449726185,0.1996353965592538,0.16137912602810986,0.21078363225838967,0.15112677791937418,0.20940455264073576,0.20445451204711396,0.1597532826012029,0.18789603097174676,0.19581561354099875,0.1688936523623596,0.18952892886944123,0.18827822075858155,0.18878599960820366,0.23788646081764164,0.2144978552336991,0.18897921709048224,0.20162680578878744,0.215591262055488,0.21633255608246557,0.1701035618244089,0.17478550599072828,0.20662440128062795,0.2088171894217455,0.2105789899675102,0.19974959431544423,0.22685607608367053,0.22512854125107484,0.208225109286414,0.1862803592600836,0.2078808134918318,0.21783523718154488,0.20341375411905377,0.0,0.19456598485001966,0.21559333439814385,0.25162525898349747,0.20428892482674374,0.25125458536445994,0.20797311782927153,0.2252596505310431,0.17187740748736574,0.2077228289733244,0.16239693859563994,0.20335319141286387,0.1804348435338565,0.18420341511546492,0.16621036277085055,0.16438571916016742,0.20052494555822772,0.21379057111474292,0.2016603165270812,0.24470259780678782,0.24032053047475593,0.21754812928425443,0.16120655140984036,0.16386890587257275,0.18996763898796273,0.2546815184158515,0.2251336509745811,0.2318107177630362,0.200266069798272,0.2034639321202157,0.20469698950089524,0.16374205787289983,0.20363415539092147,0.2365473520997598,0.14233985504686994,0.1889566837298439,0.2340114006246653,0.21864571194826105,0.2326534357646679,0.16158632783988333,0.2746678816451592,0.1865808657294907,0.19977560086507418,0.19108697957348608,0.2339864344404306,0.19450264441347334,0.2424542940275914,0.1654539781453446,0.21531491990880752,0.20791361348499796,0.20399215811458551,0.17169922965741558,0.1959182977650164,0.22276764648498174
lo_A_model_1_unrelaxed_repeat048,0.19893953330422254,0.17964944165906002,0.19414159987273333,0.2088188254439712,0.18604780639957683,0.18372573170933792,0.1731060141405162,0.15977012635692794,0.1998898781235603,0.16469959908850468,0.14469301824171404,0.244536348527316,0.21662388969160717,0.16170746915154893,0.17613483910079908,0.1806134982922902,0.24576917826339256,0.17525841374377105,0.21084426311952356,0.19373444577373453,0.20578139365416137,0.19526797184832126,0.1868339381852153,0.18651759477770324,0.17495575488091655,0.1802664940298502,0.19095956773437409,0.20964200154689758,0.19086124434330473,0.19182640802415774,0.20928183829413172,0.17269273448420971,0.1911739771948821,0.19555693622979026,0.1856392805665611,0.19809909371296947,0.1796714574383637,0.19030979036563747,0.22686664640347123,0.23164330282244133,0.21977356079781543,0.2222065768693756,0.20958679560674584,0.2003569668444053,0.20412113083045114,0.19084991519189984,0.19456598485001966,0.0,0.1725857618908327,0.2525344996898829,0.205041121525542,0.24203447182330629,0.18174551766211958,0.19175967687885004,0.19121712037488567,0.14112880002828937,0.16246839419720563,0.18352146206541242,0.18964420417559902,0.2003992252961191,0.13914409940982853,0.19277285439230787,0.12989526318977776,0.21736098545309082,0.1735407238449178,0.24997769228084005,0.2086453507831734,0.21660138226309467,0.18231687423914414,0.17169749990472669,0.21614741300506926,0.25551624480467855,0.2341226278344141,0.20403356269673845,0.1962610856331575,0.17339412051751615,0.19950262761759133,0.15589281835751975,0.18309735756206005,0.20065424749709787,0.18428238268082928,0.18828969476829327,0.22754685096664262,0.206027741649132,0.219478443416349,0.18413348162622134,0.26517019826639815,0.1391812920107429,0.22118289417414347,0.18227295948564795,0.21916361954397584,0.19803219633897498,0.22438053144121625,0.1624145070583422,0.2202313064170947,0.22890074189994714,0.15726969718859107,0.17028921035849787,0.20656990420167312,0.23661299054814666
lo_A_model_1_unrelaxed_repeat049,0.19642620516940507,0.20178492920382118,0.22112530190285984,0.23864704305479734,0.1952336877870317,0.19530325123452347,0.18929943958043022,0.1866526254171296,0.22975623021343383,0.1760087590485274,0.17408696131572596,0.2535357212418728,0.22467211588591132,0.20696123499269029,0.19928841724369337,0.19567202859732769,0.23310188480177546,0.19597932506061966,0.2219519403056354,0.171512569141129,0.2318134233239962,0.2000158677539408,0.20731752236288142,0.2144629803884147,0.20431940828237138,0.20712338108684622,0.20342373585452825,0.2324919559578817,0.20617003968730233,0.2177323132401308,0.22217793201934985,0.19564703920197168,0.18183553149761864,0.21532411873435534,0.2190275908436808,0.2177675632135852,0.18140241310207558,0.20558826235818126,0.23843865156039595,0.2523338587106143,0.2162684603084264,0.22315049419957925,0.21636529739545646,0.2272058452974726,0.21577157688295728,0.19977087590845252,0.21559333439814385,0.1725857618908327,0.0,0.2561101783648762,0.19966793678139907,0.23649118824453152,0.1817584367439676,0.20362600714751133,0.20959365277768416,0.1852441068239921,0.1934169889554564,0.20910439514431428,0.20879693470636823,0.19980908412818238,0.16839605624733808,0.19600446332251267,0.16219511466670428,0.2466257049467602,0.1893856516100557,0.2655612611147644,0.23735056981179903,0.23137327167169278,0.20082296134300756,0.20978595195251695,0.23515463575734333,0.25915987299561166,0.2487291895379051,0.22380215307185813,0.21469531460091995,0.18216036026711913,0.2031472802020864,0.1810148738346002,0.19307177907220377,0.23030158308236442,0.2082806946947952,0.21309430099343302,0.2537789661543581,0.21372362188634522,0.24303170401397642,0.19692416643152166,0.27024000989318225,0.17505239272939438,0.21295468363440892,0.181714913728193,0.23566806753220382,0.21380863785043008,0.24785521293858187,0.19669613100978958,0.22117546617638334,0.22186415890619435,0.1816001266755717,0.18320106452452303,0.2116397579011645,0.24172139698942227
lo_A_model_1_unrelaxed_repeat050,0.24746263428001986,0.2540370693777303,0.2639856007908248,0.24095861664531176,0.2483257885960119,0.23289155132402634,0.24710850830839012,0.22890871605538096,0.267088369531078,0.22768347504126635,0.23895837385391416,0.21276943333020523,0.262930955867977,0.2503640165289976,0.24416956689210964,0.2367035051625201,0.28560757113987323,0.2586978728429126,0.26027464640139375,0.2414434513510071,0.2711406953612328,0.25790896243471023,0.25280078276259177,0.25702669155493135,0.25069684398145176,0.24372997559067414,0.23486168151075665,0.2728859786937909,0.23999929303663164,0.26244963329047755,0.26667462506007183,0.2651025676746582,0.24631512493659863,0.25541390907687167,0.2686057510540023,0.24795378970926701,0.22180338507538896,0.2309584415360006,0.266418059722863,0.23864078331686872,0.24106846925085992,0.261594531667941,0.2536700644019248,0.23398442044904513,0.21774807272617974,0.2527498290973245,0.25162525898349747,0.2525344996898829,0.2561101783648762,0.0,0.27199512271567644,0.23599078386990194,0.266816064016332,0.2686544440362548,0.2614960020428731,0.25042586103297293,0.2543432767580967,0.2702687429562846,0.24175745125238954,0.23678428458175324,0.23665210154862765,0.23365707787892592,0.24931687669941854,0.260736291555099,0.237984422014556,0.20598111223604249,0.22470882828836436,0.19453684110341413,0.2495320903041518,0.24019035905650124,0.26297374173327975,0.2100132484410065,0.19799398771236262,0.21424973061182345,0.23102104456716524,0.2273283477316532,0.22794610398802392,0.2315711566068755,0.2405259651558706,0.25765427202216784,0.2521812397511033,0.23685112640668282,0.2413949778603411,0.25593071867418976,0.2389712680486709,0.22551457102668668,0.2431015883542762,0.2337322422929013,0.2492013555214042,0.22296760800689128,0.20316162829210743,0.22974447770461293,0.2507879188826901,0.253850529393278,0.22554520370145864,0.27022715660338686,0.2414127932956531,0.24296366731213645,0.253247057441946,0.2785877341305813
lo_A_model_1_unrelaxed_repeat051,0.21729727532926446,0.21179265037414205,0.22205087251729916,0.22656147605461477,0.19006611529443837,0.16368560009830493,0.18954803106367116,0.18878321468266915,0.22469857985369857,0.19266798515471256,0.19843051777956458,0.21910265164972967,0.23196235696783118,0.21698875256809663,0.2168350546281521,0.20952560286191638,0.22975411936417348,0.20593995610899438,0.22971611577848602,0.18562415377956754,0.23046725256842407,0.18016334584873414,0.2438847290981285,0.19010054263208423,0.21261969581878234,0.20262127366995245,0.19772648844962804,0.2448714403878014,0.1984069422559004,0.20150323838262213,0.22655934870039665,0.21784322564292002,0.2208509981327949,0.22783956971495753,0.22095980447387492,0.2092472933081702,0.2031335783266194,0.22851825244919066,0.22421726830211824,0.25202751399630713,0.23299320294383213,0.23741550895270774,0.23810595854875927,0.22626454758437572,0.224609322882217,0.22535248054194823,0.20428892482674374,0.205041121525542,0.19966793678139907,0.27199512271567644,0.0,0.26614568815735046,0.17521606608419224,0.20095180740273605,0.21433472078081245,0.20582100297264078,0.21711117317275974,0.21515759270723125,0.23569078091009116,0.21706824411626774,0.17238404906475524,0.18541097065723275,0.19492979257757076,0.23819412503610732,0.18842857277660044,0.26180312416509416,0.25067851956574544,0.23623775698534086,0.20303894916591178,0.19736136366671012,0.22088014862640917,0.27323280383766146,0.2393344598903115,0.23190685010250023,0.18823172794421267,0.19855325228113568,0.20108639557053065,0.19891917611585225,0.20371644224559224,0.24327182204098696,0.20054997201008903,0.21339210988413124,0.25599219799895784,0.19308211763077382,0.24501898849074952,0.20500174324950554,0.28944240459787357,0.2032044637237411,0.19651324657669889,0.21254495375724192,0.25016337151220186,0.21086771341483537,0.24611712612311556,0.2147114295912977,0.23140870210643885,0.18568653420284206,0.20422212023184108,0.16993459904981184,0.1889239577252581,0.23800598867208536
lo_A_model_1_unrelaxed_repeat052,0.24158156046696486,0.2600580528344834,0.264348287619538,0.2569769337744764,0.24448930920920972,0.24046392214649842,0.24334171972927526,0.22638829367613258,0.2630540254676505,0.23125349597171851,0.24188476133944517,0.2405949694858914,0.27151037624056784,0.241128195325287,0.22518785291110274,0.24498722806918796,0.28765931258078403,0.24635700103699665,0.27545422962449817,0.2528570734047506,0.26331465046634717,0.2538429470636575,0.26063697532036545,0.26109497611447346,0.25573583193750304,0.2523324379216192,0.23944178406080321,0.23238432844907325,0.2392474712584786,0.270776938114368,0.24433519800524695,0.2470986655178763,0.23088717494405808,0.26633108731176974,0.2628609063366298,0.2410245774276503,0.2371227958563565,0.23316271710253775,0.2811276501003234,0.2357183741911743,0.2164003965259656,0.25956653588669215,0.2522482348004496,0.22181024704428864,0.2046078904666233,0.2571229133329061,0.25125458536445994,0.24203447182330629,0.23649118824453152,0.23599078386990194,0.26614568815735046,0.0,0.25308407679755207,0.25598427336797674,0.26065867869901416,0.23542471467626455,0.25375011814905246,0.26166488303885327,0.2411840783647469,0.24546164967103817,0.2350418183350305,0.23193903421741088,0.23146264170798225,0.26241246023139303,0.23881791628512647,0.22529547408631365,0.23333154587502564,0.2189494718985072,0.24808911823486376,0.250520347746831,0.274811196470037,0.24460447709433342,0.2267256520911693,0.21163793481000465,0.2508619806454006,0.22207503146330465,0.23311150665518435,0.23057623592262508,0.2448702748439384,0.2445147142680011,0.2537836923797167,0.23940069964986932,0.2376094949765356,0.24961880351295435,0.24127851340316842,0.23995225383432364,0.24999927038520142,0.2357019886802213,0.25219411591669677,0.22749668990973376,0.22547476980114928,0.24220571187928824,0.250556181895644,0.24013374671006338,0.24509544781731982,0.2708641910890145,0.23170958155842405,0.23635882435050903,0.24283191582227617,0.2893086619162995
lo_A_model_1_unrelaxed_repeat053,0.22529374689308918,0.18363510188353646,0.2423891543487925,0.23304149151344214,0.1922059413526888,0.18183474158558485,0.17591055976195796,0.19552031239950785,0.2100936020022718,0.1926607431357946,0.1865082661260174,0.23169546326311524,0.21649573074454645,0.19942490851064174,0.2118945610608094,0.19603245184033954,0.2274449421656551,0.18791561281421487,0.1919179933355686,0.20374567023669554,0.2227019306797075,0.19720394880654066,0.21438202767753223,0.18776098631726618,0.1938879652312553,0.2148621676167337,0.20014306685543826,0.2364463632402844,0.18516370980230965,0.19968377432376203,0.21438444469866597,0.2130802914080798,0.2169824745861733,0.20332328219253462,0.20455521236822594,0.21972025978685064,0.1993268241672907,0.23336108132578437,0.20693514012234243,0.24794738296870578,0.22455191051296233,0.22720734135512707,0.2104278297439724,0.21719653356281365,0.21918997841610907,0.22043190923603156,0.20797311782927153,0.18174551766211958,0.1817584367439676,0.266816064016332,0.17521606608419224,0.25308407679755207,0.0,0.18944501884325368,0.19666132191277644,0.18721913900182238,0.20309205507015293,0.17791940195168165,0.21372283402904738,0.2077338763328018,0.1581488741045716,0.20074746518512918,0.1901791949195745,0.24608648641947664,0.19511012627075652,0.26444876454636757,0.24599665664127193,0.22917056264083283,0.1810603129066976,0.19477976485102869,0.21313315469654479,0.26960730304292063,0.23976554415918763,0.2285101062743788,0.19372946566158222,0.2069580738919603,0.2004492044083129,0.17820799761761086,0.20018496025394641,0.2404118622683026,0.18839457041828495,0.21527231714581327,0.25053040843535707,0.20888872944118755,0.24407494803340782,0.199999805436243,0.27466903585238744,0.19175003399342772,0.20320697215799327,0.20044146484636555,0.24092504488578784,0.22195335253381832,0.25039320951361543,0.19162337808102042,0.24549267680192877,0.20045268582905074,0.19801689065396222,0.18611549477751818,0.20710978891352635,0.2118412975229206
lo_A_model_1_unrelaxed_repeat054,0.2138778674925186,0.2127686311815687,0.23479624076656677,0.21011524394190634,0.2146269492043104,0.19328372630800522,0.20888247306475494,0.18496841086682342,0.23470336375018347,0.20561115292918772,0.20838302743513665,0.23700347811986977,0.25174140795802086,0.2085376373915985,0.2093193157968591,0.21781907285142427,0.2394255368516683,0.21075325224853195,0.2322660540964839,0.20531815571054032,0.2392208645404358,0.21209453718533786,0.22176131725616036,0.20403374359763723,0.20862742801367087,0.2031522428193149,0.20756632392297064,0.23962724450490364,0.18971695354042054,0.20121544834420768,0.2504560281396188,0.17026738124455848,0.19185648322995932,0.22561656611829284,0.2235615215867697,0.222549109527864,0.20435379710685228,0.20578149793580536,0.2368664195602821,0.23257712551604193,0.24093867935701074,0.25308948922566754,0.24814529121219858,0.22253161804571261,0.2268356321342008,0.18018080412334453,0.2252596505310431,0.19175967687885004,0.20362600714751133,0.2686544440362548,0.20095180740273605,0.25598427336797674,0.18944501884325368,0.0,0.23324740252967094,0.17667223841997978,0.2209856551899102,0.19399217644210273,0.2234210092031677,0.20644632469128812,0.20217211820405162,0.19682873829157546,0.1788547008208687,0.21814402127958632,0.21650368933674885,0.2511012711134545,0.24133949932448215,0.2372502249562136,0.21550546564405426,0.21170487258403525,0.22250593793815845,0.26503017670382817,0.24813413062518402,0.23941922576358826,0.1904103880565037,0.20374601499565445,0.22951354852306852,0.19464019407669783,0.20289835788828484,0.2194480480197654,0.22048465473968828,0.20410400445653468,0.2421747096327233,0.23136040912985192,0.24122266054403507,0.21605690317072798,0.2794658598285812,0.18068209975840005,0.22128164589438543,0.1982406313690713,0.24999572528534206,0.20218165106807368,0.2364405710400872,0.20787804213185251,0.22021521077299358,0.21497987196596038,0.1838139648576271,0.19964234831045422,0.21833359652268206,0.24023502560000648
lo_A_model_1_unrelaxed_repeat055,0.2163584736665628,0.15647279149368257,0.18821615203151612,0.2414624286196654,0.14041272700713206,0.20728986774655983,0.14592446063539533,0.1718826786553705,0.17030819744601386,0.16093002593517602,0.18587513152851814,0.24552228468038928,0.1562110811043817,0.1624371519270769,0.20220145551479912,0.15102975291674955,0.2164246924369386,0.14723216899843197,0.16807503603934773,0.19306357184977546,0.15490588586749973,0.1830831733251108,0.1913173351967383,0.1717648998770028,0.17861134507475565,0.2002591654165505,0.19118493469957332,0.2389373116797217,0.20458210450114475,0.18463140560872338,0.2091853002546602,0.21107627935927456,0.23293899377556584,0.1635655188906179,0.16592268568576998,0.21382013954347703,0.2089792851717636,0.21688519869610232,0.1901283942358603,0.2339221414068009,0.22628954321326492,0.18409227175724657,0.18245347693216263,0.21315454373198534,0.21428824596910354,0.2319307059457954,0.17187740748736574,0.19121712037488567,0.20959365277768416,0.2614960020428731,0.21433472078081245,0.26065867869901416,0.19666132191277644,0.23324740252967094,0.0,0.2130757829280143,0.1539573729161756,0.17958178963982738,0.1804514518267463,0.20020451131763073,0.17185011185392346,0.1802540751733373,0.2055775944828666,0.22899866933661406,0.20924482993734364,0.2586153954171737,0.24095745176738517,0.22265518161465936,0.13640834199336604,0.18679629031983805,0.1943459777932291,0.25834936255591423,0.23602758561893658,0.24281844834259994,0.20339512206427715,0.21289191075575428,0.20106689041361547,0.18113136263311114,0.189683878272986,0.24409765570806807,0.14507042441537568,0.20161000752916122,0.23714310825138943,0.21459146800420628,0.2398444166663226,0.1752932845899055,0.27500362437460757,0.18140782625827898,0.20508751752028287,0.1880837552755936,0.2347018197756647,0.20729046955822875,0.24128785129319735,0.16320176739624773,0.22212345675979034,0.21323519626702958,0.19696628179957948,0.19133668204015267,0.2005864834405743,0.1964817660911432
lo_A_model_1_unrelaxed_repeat056,0.1932201965351192,0.19896055496516332,0.2259800293757857,0.21736512730745206,0.19912832075296102,0.18780789731719677,0.19402870088419838,0.16822694069779048,0.21525319489220565,0.18949577397607725,0.18942902536551756,0.2426304354014944,0.23836423781944438,0.17824626355720058,0.19014392786707923,0.20553495155085638,0.2578989909955238,0.19318602300626858,0.2379051517523928,0.19078182942242755,0.22757736347501148,0.20417128633353449,0.20548524098638615,0.2137686373840688,0.19214748448520322,0.18608849710652406,0.18544635477872115,0.19567388492533683,0.20029658695739458,0.21678847109963376,0.22506912497216663,0.15867594405499955,0.17743521254108297,0.2196698107411962,0.2043897718255382,0.19762599972012568,0.18238890204171643,0.2058318820357401,0.25230987714686387,0.22163656275840207,0.21105924694848283,0.24266820928937904,0.22763525715589222,0.1997536193430033,0.20025707655307745,0.18817712260174557,0.2077228289733244,0.14112880002828937,0.1852441068239921,0.25042586103297293,0.20582100297264078,0.23542471467626455,0.18721913900182238,0.17667223841997978,0.2130757829280143,0.0,0.19303062088916972,0.20602637927132275,0.21717703003499514,0.21313701826543105,0.1564745478350127,0.1843816041953894,0.13406385961524314,0.21593705899586235,0.17177557055080436,0.24261787188840123,0.20828718000929194,0.20814834866044823,0.20278461691747995,0.18516486332304535,0.24083549078044203,0.24075473483653206,0.22269751420394893,0.19821681457282866,0.200936716989755,0.17320795592084542,0.19925503244390172,0.1786226094976451,0.18837210154615677,0.1958876521020807,0.20497331066013372,0.17287835742619878,0.2257143687313421,0.19489756525982055,0.21975254128028107,0.19855620494863704,0.25696160933012524,0.1607914064707744,0.22836842080795144,0.1902661271525515,0.22495978213124654,0.19547184467356377,0.22200554581996634,0.18057509385500514,0.2211353400671395,0.21970573439986293,0.15400011147646597,0.16651809286187988,0.194213732683361,0.2594928750803257
lo_A_model_1_unrelaxed_repeat057,0.18827531890334034,0.16289374965504652,0.17245825685554692,0.21860241017405455,0.16272752443978378,0.2077452749996794,0.15273069888055785,0.1563229636222744,0.18104010494757164,0.15726310112572353,0.1613096241697482,0.24908115953306215,0.18823203423553164,0.1320014089316579,0.18889164336402256,0.15330623695396173,0.2184545928927498,0.132215556429437,0.18048506253109328,0.18556104155522926,0.17619898200313572,0.19417708243229173,0.17896993937210656,0.14964576101958313,0.18775754158115954,0.19943279225495852,0.20642210112787981,0.23012144271603854,0.19878809934357103,0.16149187695769415,0.21387532233758796,0.19508650735122793,0.22629589868691363,0.1566414839895159,0.1640100035331423,0.22046229552513447,0.2031154206500962,0.2078513038706852,0.20540426240888177,0.23437297775951615,0.2238106892143019,0.17842486787551462,0.18366066161976397,0.2175654907732231,0.20802338649202612,0.22522771182635376,0.16239693859563994,0.16246839419720563,0.1934169889554564,0.2543432767580967,0.21711117317275974,0.25375011814905246,0.20309205507015293,0.2209856551899102,0.1539573729161756,0.19303062088916972,0.0,0.1745855201975838,0.16283168504253442,0.20648062118314492,0.17334026425011712,0.18765151017347625,0.1798324534166728,0.2240322484705998,0.1960706355742181,0.25251831701717115,0.23385277945891103,0.21870473952369837,0.16687268325804444,0.190547128058769,0.18819577287239644,0.23879698370740354,0.23459613303851315,0.22995912555876954,0.20414078636588762,0.2063008491096138,0.20472491400627915,0.15526604607697614,0.1999592276036859,0.227795252920729,0.159701256329584,0.1904125511305388,0.22775890422755293,0.2153251020452921,0.23228091128060974,0.18214861796670787,0.27668098485796644,0.16681175087174893,0.20693146356986056,0.18324122253637076,0.22744722666058978,0.19910428680548406,0.2455486980012901,0.1534057510770679,0.21564836993672415,0.20926032072800474,0.18703727719766572,0.19189759578359764,0.21701607701367065,0.2080558030129945
lo_A_model_1_unrelaxed_repeat058,0.20458374781796487,0.17274022024701463,0.19241397312288097,0.2207560516379199,0.18103387000420154,0.1867036622852632,0.16950246473366348,0.1916987592712891,0.18485211504039387,0.17451850212014877,0.19360039445330415,0.24311308353870367,0.19314340925310214,0.18141053356441542,0.18780762689792457,0.15064232050374327,0.2093914453751165,0.17387668578564439,0.1670434627722247,0.21682698877565137,0.1901754878157313,0.20549694886853562,0.19633189251155142,0.15583324237066346,0.20835647551007722,0.21510679185631998,0.2083494505925844,0.24948806640593044,0.1985319532989254,0.18346532769540008,0.23184439123116715,0.21311857439581275,0.2364430675181581,0.16224694878217996,0.17368966537171543,0.23074270952110007,0.21032882015884902,0.20436429785430263,0.19257954601946795,0.24252071575012765,0.24103063340057446,0.20097649098456574,0.19332328324724252,0.2239924489070602,0.2249152929088265,0.2361548769221895,0.20335319141286387,0.18352146206541242,0.20910439514431428,0.2702687429562846,0.21515759270723125,0.26166488303885327,0.17791940195168165,0.19399217644210273,0.17958178963982738,0.20602637927132275,0.1745855201975838,0.0,0.17722415669636632,0.21356896143296114,0.1837099115905158,0.2068509806191857,0.1984895495676124,0.23581069612359554,0.21533241561168084,0.2685672721782471,0.24367351336548632,0.2390427542103847,0.1644053558435458,0.21547008595142425,0.16373650453840444,0.2589330352392244,0.25827589134780304,0.24567481618509915,0.179161980242798,0.21167544325242058,0.22057264787363298,0.18923071354055407,0.21103889694293287,0.24388282441734122,0.17206038797514486,0.2117868857567455,0.24864616832825004,0.23166819484680354,0.24822610199375839,0.1952815721406903,0.2798416612386491,0.19092719852317647,0.19817796585807715,0.1887683474109556,0.23643400661702313,0.22576596564724982,0.25573117199884476,0.14705207781886,0.2410195487711373,0.20962317031668865,0.19406867433373629,0.2128808669639273,0.2336525078414543,0.175810462547195
lo_A_model_1_unrelaxed_repeat059,0.2043033271860365,0.17356985211214465,0.17927750725225075,0.23749898576697828,0.1863188285319607,0.19925007615286922,0.16086914861364668,0.17694158812447527,0.19644144180193904,0.15831861990216226,0.1781548144488435,0.23838420318087408,0.17723681045821718,0.17235055851797879,0.18781905577181388,0.1679722190737017,0.2139024171507818,0.1590805007612833,0.17852042276663546,0.2111039699366947,0.1772476545524625,0.21274646230808772,0.16274741745543003,0.16238762505970764,0.20089728548017946,0.20736800307217168,0.2105968927026771,0.24860407532076867,0.21531928383546214,0.1892305003438187,0.20252403661720086,0.20356168513905648,0.22879802739327934,0.16903175328752987,0.17193221956891655,0.22769353697704264,0.19763999076947733,0.17744989983877058,0.18793071882660334,0.22771023677325197,0.2341346561190681,0.2017718488044283,0.15100139176423288,0.22863190487245652,0.23377149805894007,0.2181329259661593,0.1804348435338565,0.18964420417559902,0.20879693470636823,0.24175745125238954,0.23569078091009116,0.2411840783647469,0.21372283402904738,0.2234210092031677,0.1804514518267463,0.21717703003499514,0.16283168504253442,0.17722415669636632,0.0,0.17342244105511967,0.18975888623990714,0.20231069322983378,0.21135130867714588,0.2275641204109873,0.21529105827019748,0.24527137929094928,0.2458249362548324,0.22834897432932172,0.17122779212330583,0.20343544704863956,0.16632696482371043,0.2578770204066099,0.245170159005848,0.23079930465055934,0.19425817224023628,0.1781039062755648,0.2262161423539807,0.17742392272405816,0.20639382123033648,0.24662084560685413,0.1687377018249549,0.19544199787929425,0.22983429684388373,0.2321996138198403,0.2464806794089314,0.16613558504434187,0.2573454534345487,0.17762000638066272,0.19667198533095664,0.143944048102946,0.2301806338017955,0.22165798190953107,0.23955218294724964,0.15346349703208306,0.20553598865486283,0.23844852964015872,0.20397291118639768,0.20653092616382832,0.2262790236997756,0.19712570733451185
lo_A_model_1_unrelaxed_repeat060,0.22622933026299802,0.18691876931790188,0.20146933227043157,0.23952313019801852,0.18448749642624887,0.19500074611940454,0.18142130324299366,0.18337130573069252,0.20418407359155274,0.17661086845239132,0.17567338418582895,0.2201737888165419,0.1877960769654285,0.2022397371978608,0.21126124150025463,0.1913482238626568,0.21581251798367707,0.18476986652735858,0.21025221518789355,0.19855585117844296,0.2016928875468379,0.1835547989964329,0.19532352604928618,0.20485186105705938,0.19034266893315102,0.19421065138183685,0.18946898765188772,0.24183766176817723,0.212965569765583,0.18815154379774934,0.18720913232924247,0.19764601237786159,0.1988641048274957,0.17733348150412775,0.2021219358879581,0.21505141282346335,0.18786709072326646,0.18838483729901775,0.19333161782081368,0.22152880047989265,0.22260795551776608,0.22736430026669838,0.1841446250056051,0.20800721691562596,0.21646176929877067,0.17248110924739063,0.18420341511546492,0.2003992252961191,0.19980908412818238,0.23678428458175324,0.21706824411626774,0.24546164967103817,0.2077338763328018,0.20644632469128812,0.20020451131763073,0.21313701826543105,0.20648062118314492,0.21356896143296114,0.17342244105511967,0.0,0.18302093816128345,0.18581880509297294,0.19906585994372794,0.2232628851372935,0.21749604044872328,0.23968191307724127,0.24855181927910483,0.22653772799060945,0.17309114090997393,0.17688949857672132,0.1832334392956393,0.25744555044692713,0.22278534226190133,0.2291649461243775,0.19920551784648538,0.17688480607696913,0.2127009479906207,0.16204733320059572,0.19309071229856103,0.24207161592989943,0.18260566267248457,0.21537406857244396,0.2299501936493434,0.22815168698626384,0.24757261214290607,0.15549488029145092,0.2574753796027373,0.16667304222426566,0.20212837674778691,0.17247082314258044,0.23382991813530732,0.1948412273176828,0.23439957020472593,0.19362003998953928,0.1790890268615114,0.22665885326935525,0.19325731695834938,0.18249845669286896,0.20352375965454225,0.2277316312048373
lo_A_model_1_unrelaxed_repeat061,0.1971541041229733,0.15820731676722108,0.20978990239607187,0.22159883200551592,0.1491187858832361,0.15650410645153873,0.14152494232112786,0.15050110860384758,0.17498277372808352,0.1464594891915472,0.1449211980631842,0.2310536926123753,0.19773010607842553,0.16955967800834815,0.17116075486431598,0.15603602624983684,0.22348310674091093,0.159467046030429,0.20752900136885913,0.17042487426499792,0.19839525655989093,0.16763580406346884,0.20335257372793186,0.17903560758680692,0.17104915757217762,0.15984161241258554,0.1519123966363123,0.20933813814046032,0.17893184498633719,0.19283423986145995,0.1925042771202373,0.1770064586650892,0.19180541373537252,0.17249934751384965,0.1863059669058429,0.17388975015060318,0.15585665711786012,0.18865073662507803,0.21866514205302612,0.21523944280644297,0.1968458326487696,0.21363599528999774,0.19214682928875632,0.18809089438182866,0.18934395812337254,0.1995220921002271,0.16621036277085055,0.13914409940982853,0.16839605624733808,0.23665210154862765,0.17238404906475524,0.2350418183350305,0.1581488741045716,0.20217211820405162,0.17185011185392346,0.1564745478350127,0.17334026425011712,0.1837099115905158,0.18975888623990714,0.18302093816128345,0.0,0.15490668195545734,0.15298251276914515,0.21478838506226028,0.14637949777092452,0.24574848849876527,0.2132553809654744,0.19762022725499212,0.15732932937850322,0.14158645983289309,0.2103272047244728,0.24683906302063324,0.21581982497594293,0.1948690393296749,0.18054035567875762,0.16574228922567782,0.16978270889682304,0.14687628244958023,0.1597696186524493,0.21573745502180353,0.15741243858921608,0.1773482716071969,0.22512606863958665,0.18269954775434544,0.2148239582709766,0.16033807184144128,0.26480025295079307,0.1465032081071737,0.2019939537898798,0.1631336059509442,0.2084975320884672,0.18344721186816426,0.2228059909094044,0.16565300962985174,0.2036091967646675,0.194702556610813,0.16244452778281215,0.12839229383370263,0.1652987870017903,0.22200884579419955
lo_A_model_1_unrelaxed_repeat062,0.1921005682609509,0.1760417064318381,0.20862104516661104,0.21087483693567294,0.13647039851542353,0.1843830077914767,0.14933654707353286,0.13124529339609328,0.18363478870387712,0.15885857252854912,0.186307198588959,0.21994855296491286,0.19920110254735066,0.1729410370299203,0.18827426346492981,0.1717278638645104,0.22350698030085006,0.1629096162340224,0.22352515516792942,0.17717103994806938,0.20026588120787242,0.1819729145529666,0.20840986428371913,0.19463311731987903,0.19081504051113127,0.147835040303816,0.1721546598136835,0.2161774809974778,0.1953381946789444,0.19469105198354816,0.21821910148240523,0.17820763315588212,0.17670921127802228,0.188850865005066,0.19401655387096656,0.17134092544536744,0.173442577272343,0.18791076170186807,0.21980042645047612,0.21642847345063373,0.20102809218702444,0.22224268205766218,0.1954287989285197,0.18524403345676338,0.17821925622786916,0.19518459257540516,0.16438571916016742,0.19277285439230787,0.19600446332251267,0.23365707787892592,0.18541097065723275,0.23193903421741088,0.20074746518512918,0.19682873829157546,0.1802540751733373,0.1843816041953894,0.18765151017347625,0.2068509806191857,0.20231069322983378,0.18581880509297294,0.15490668195545734,0.0,0.17703924865716356,0.20107700003425402,0.1786631295958041,0.2309635356340061,0.21448694215451103,0.20014850352198163,0.15951837203199123,0.17160337708559725,0.2143224343495617,0.23151618006286578,0.2086525776025791,0.2021399513771966,0.18023940048679635,0.17625833881794425,0.16865367244839063,0.1695855699114006,0.1683757285952206,0.2072594208354249,0.16336888229535038,0.16591946354603748,0.22288292441804233,0.20917749614311731,0.21496080555675262,0.14153140054085453,0.2619514872798509,0.17307869074577556,0.19943872386767952,0.16199082437498774,0.21186271704260579,0.16540783429211398,0.22475758806002066,0.174228815396447,0.18013974705556177,0.18546352247494005,0.17012540943557586,0.1515829579241915,0.14746355918515477,0.23379487175745717
lo_A_model_1_unrelaxed_repeat063,0.1896183109898961,0.18921232935355756,0.20225544550407415,0.20875207656613237,0.18799041387303372,0.1850724932396335,0.18753893939960892,0.16429403837129655,0.21859463466917856,0.1719030926059692,0.1651460280677444,0.24680496606277497,0.22779881694475634,0.1746573403903124,0.17966419638338824,0.18665324778050343,0.2561858996208042,0.18909768955374273,0.2347865880262847,0.17774801649432856,0.21047629411947108,0.1977486801129382,0.20965772297042742,0.20853251411245224,0.19045872866516156,0.19313610061805028,0.18336462575963608,0.20981608405297422,0.18714352818909213,0.20554643666378367,0.21881871240464404,0.16418488305140555,0.17997522321924844,0.21066834650097177,0.21096164789188326,0.19533925589267473,0.18635079676879904,0.17977675235328755,0.24266837730692942,0.23496566942491312,0.2127875867656407,0.22285962979479856,0.23084925377511287,0.19274557418067342,0.1940130572424022,0.187139328264047,0.20052494555822772,0.12989526318977776,0.16219511466670428,0.24931687669941854,0.19492979257757076,0.23146264170798225,0.1901791949195745,0.1788547008208687,0.2055775944828666,0.13406385961524314,0.1798324534166728,0.1984895495676124,0.21135130867714588,0.19906585994372794,0.15298251276914515,0.17703924865716356,0.0,0.2154601291165322,0.17663480102392362,0.2395399614532974,0.20675775462775864,0.2125772225250878,0.19397730203632918,0.19485329942694823,0.23539083014946638,0.24248611304868414,0.22346954486488155,0.19910142705327225,0.19408698402434948,0.1668365531868124,0.19004535562858219,0.16786520667152163,0.1849036086509174,0.20087488614944074,0.19568327303998034,0.1841655526607469,0.23097752648175113,0.20026271800606316,0.2244158980085189,0.19692494884918996,0.2575703884516873,0.1528634845910434,0.21676523629977498,0.1906682143258816,0.223383129630954,0.19146572959151578,0.23086056025935178,0.17915212483821852,0.2222695253898391,0.21884267969236626,0.14219017972525538,0.16663076723526615,0.19879236045458915,0.2487965420043147
lo_A_model_1_unrelaxed_repeat064,0.23053414246931614,0.21883817617902493,0.21786551744364485,0.24334016177927545,0.2167300325520538,0.24022053053478773,0.21244843252113368,0.1960648735008058,0.22083754864117341,0.21948715162437896,0.2334379424201931,0.26273897249570205,0.24314990636867587,0.21943640450553686,0.19202256960813938,0.22543167999686484,0.2575050975230542,0.21439667285975622,0.26454227211148235,0.23950611378579156,0.22655048545668155,0.22359009411416236,0.22336554782289125,0.23117387197606545,0.2256083475104158,0.20739083309970846,0.20194704471671285,0.248876672838701,0.21207731537509988,0.2233824059425729,0.2554535135165579,0.21383814825252453,0.2105856402371868,0.223229443733026,0.2157144372890596,0.21051144885764067,0.23755827114382105,0.2067659385922779,0.2487575621958905,0.2355314655086135,0.2582511187649487,0.24096049397495092,0.24524339957635022,0.21772659746717943,0.22636836109980124,0.21809212461978794,0.21379057111474292,0.21736098545309082,0.2466257049467602,0.260736291555099,0.23819412503610732,0.26241246023139303,0.24608648641947664,0.21814402127958632,0.22899866933661406,0.21593705899586235,0.2240322484705998,0.23581069612359554,0.2275641204109873,0.2232628851372935,0.21478838506226028,0.20107700003425402,0.2154601291165322,0.0,0.23431640201186998,0.2535170140145426,0.24367331257608532,0.25033210616349594,0.2181256334972006,0.19831499776992767,0.23970351978283588,0.2641812958586301,0.23353902358381284,0.23667662817295462,0.22157513379024074,0.22246842922729787,0.2207126485897363,0.21666829338004945,0.22598120941798303,0.1910049396780146,0.21641888858460245,0.1956971083742353,0.2488596360499943,0.24887810473349553,0.24658158858342644,0.21048434165746316,0.29352416555605626,0.21051876723723328,0.2565689643670778,0.22685503870024792,0.24165501900794664,0.20671720919644915,0.24563334330240477,0.208970397859812,0.22805590510051701,0.24535223460808683,0.20792056849673562,0.20842923068996005,0.22040343098311177,0.26668520232433157
lo_A_model_1_unrelaxed_repeat065,0.18304649846653273,0.20013568716275648,0.23482206090170282,0.21138761662765235,0.19001156278346934,0.17618166589955278,0.17910289399687085,0.1660031249167235,0.2146367713924213,0.17773255615236078,0.17590691305371098,0.23580544707409543,0.22823162694175558,0.1923737324396475,0.19405090109930823,0.18722393697149758,0.23953247559976662,0.19941351275703495,0.2305348492922435,0.17031615556641766,0.23046174524829463,0.19851585739336733,0.22037346568423888,0.20571909121938978,0.19842038651662716,0.18218313115134652,0.18045040770900522,0.22196518821259933,0.21030574173605693,0.22382983841866036,0.23125666831046052,0.19367720442424513,0.2080964464962078,0.1990267801766079,0.2088955348783971,0.1933396516159616,0.15959617225179584,0.20590657214395655,0.2379791090962345,0.236477980355747,0.19749384083404214,0.2222149348113643,0.22110985753401508,0.209635793583441,0.18855881320478232,0.2265188234921778,0.2016603165270812,0.1735407238449178,0.1893856516100557,0.237984422014556,0.18842857277660044,0.23881791628512647,0.19511012627075652,0.21650368933674885,0.20924482993734364,0.17177557055080436,0.1960706355742181,0.21533241561168084,0.21529105827019748,0.21749604044872328,0.14637949777092452,0.1786631295958041,0.17663480102392362,0.23431640201186998,0.0,0.24195535182069874,0.22443279770723193,0.21581121339802106,0.19374026091171706,0.18746808903462667,0.2283882245560831,0.23656742060590594,0.2272679473343102,0.19869200830202038,0.1926289249260578,0.179412774444192,0.1516597105732396,0.18130328924086433,0.18133246207608583,0.2296157928002567,0.19459086899108788,0.18660119662218075,0.23836690980710204,0.17590391202612415,0.22105979162555459,0.19684850423474487,0.2649037242447548,0.1813327176944022,0.21024708605827164,0.18534318321722273,0.21275759645612047,0.18867724938345642,0.23065733460825322,0.19301817981637903,0.20462847593054959,0.18506995004364143,0.18763698934672124,0.16631107502713394,0.1750137824125139,0.23406066794829192
lo_A_model_1_unrelaxed_repeat066,0.24306222673588815,0.2527122051963889,0.25423472026846705,0.24112375739554082,0.2519665077545881,0.24264643028232533,0.23743075370306543,0.22133831263682208,0.2650859622499355,0.23335363328821898,0.2426060477824097,0.21671359698630138,0.27486785119820323,0.2436593966455566,0.23259046942293346,0.2414860904953289,0.2847162772167412,0.25128774949688715,0.28272537618771754,0.24369740612298885,0.24445859130173833,0.24463466908058218,0.2673392234071909,0.25303377044233294,0.23854659586276014,0.24301946794974083,0.24247497990479003,0.2588522377203224,0.2471345969565482,0.26242295033798313,0.2769154491019941,0.24299301755571034,0.24297550404329443,0.25135935096794626,0.2509531666377086,0.23952878813067052,0.25026358522305664,0.24324833269538437,0.27883855887775694,0.21575089156316465,0.2374964642459496,0.2670220214566121,0.2674276600539773,0.21749687186345062,0.20993803840987868,0.25255877940181126,0.24470259780678782,0.24997769228084005,0.2655612611147644,0.20598111223604249,0.26180312416509416,0.22529547408631365,0.26444876454636757,0.2511012711134545,0.2586153954171737,0.24261787188840123,0.25251831701717115,0.2685672721782471,0.24527137929094928,0.23968191307724127,0.24574848849876527,0.2309635356340061,0.2395399614532974,0.2535170140145426,0.24195535182069874,0.0,0.22006819790929438,0.182171801822107,0.246143765636966,0.2469676810419859,0.2712176163563707,0.21619319500843273,0.16030273487912858,0.2276983258850901,0.24472672505691231,0.24431389141704962,0.2337703793721884,0.23182391571405161,0.25084492755964477,0.2511207650247375,0.2525522487337747,0.23245100088224785,0.18210554093727413,0.25061029827660514,0.23086112975191178,0.2410556991061003,0.24125327041598663,0.23104274790411491,0.26436928912043267,0.23936458146774833,0.22728701863767256,0.22153482240799507,0.20146110215012278,0.23935531498115553,0.23596399727806977,0.2664254973470515,0.22725431104472366,0.24402653412328582,0.24557965180184008,0.2904740686349751
lo_A_model_1_unrelaxed_repeat067,0.23004911586040602,0.2320505402253658,0.24605818077475144,0.22407876578584757,0.23075197158231894,0.22570028868996897,0.22664787812393694,0.20635523768533637,0.2553414511049088,0.21476753310523622,0.2219246176259872,0.2506626548243778,0.26444211689946784,0.22526554096998025,0.21484932871349846,0.22131729628888872,0.27967705011408256,0.235054359524197,0.2692342540389792,0.22627834214942916,0.24829566170659848,0.244071859654591,0.24540204785818312,0.24649235769782696,0.22569375670780364,0.21416168333631033,0.21782443088312317,0.2182729742163411,0.22498745983175386,0.24866333423150708,0.2578555522708593,0.22229295779310307,0.2207931858126232,0.24962834463155562,0.24639706083470808,0.21419099414832765,0.21055945711019672,0.22769481243733392,0.27320975974205586,0.22602508374856967,0.2181318451299574,0.2463211350527532,0.2581631250617154,0.17804412418658377,0.19033256415690084,0.23653980661708762,0.24032053047475593,0.2086453507831734,0.23735056981179903,0.22470882828836436,0.25067851956574544,0.23333154587502564,0.24599665664127193,0.24133949932448215,0.24095745176738517,0.20828718000929194,0.23385277945891103,0.24367351336548632,0.2458249362548324,0.24855181927910483,0.2132553809654744,0.21448694215451103,0.20675775462775864,0.24367331257608532,0.22443279770723193,0.22006819790929438,0.0,0.2072731750582126,0.2312913069475978,0.22622732436419846,0.2678682528004562,0.2306045243226038,0.21094049903818335,0.2148651831362573,0.22268453022156703,0.22067837665423132,0.20933827071986344,0.2209686588901943,0.21898217995058056,0.2190274562913108,0.2368118380445842,0.22546676366252316,0.23817776568913718,0.24710741989486243,0.22137569035555954,0.22534210710839528,0.25433012971018143,0.21023889606628512,0.25370342987244277,0.2219757426590606,0.19825613048808535,0.21388111227029838,0.22819442241343427,0.222427204982781,0.23960335607070143,0.25719483549415234,0.2048610841654323,0.23020754025005966,0.22528927263906173,0.2809013323431561
lo_A_model_1_unrelaxed_repeat068,0.21923035683094433,0.2076952813615585,0.25886977686356233,0.2199278858267742,0.21214484888837445,0.2166703336324446,0.2057383653192438,0.18944546363264314,0.23583541034486782,0.20011327264430018,0.21826493856060364,0.19177430329651596,0.24635943767631238,0.21266436511282563,0.22479444942465018,0.2113973578795509,0.2581616864800768,0.213612977482137,0.24637137720901833,0.2109699190024286,0.2429703573764964,0.2210698101148278,0.24733588567643727,0.22323075623517388,0.2124293719200887,0.21252862131580705,0.2047487206959043,0.2138956753718396,0.22049556618382124,0.2382078605661015,0.24354414134603425,0.22189391258128166,0.2380393272469193,0.23486644913022087,0.23099338749058962,0.23059169334884516,0.21368014013703815,0.23989718649003974,0.26252726488284406,0.17560165693131805,0.19074114165208583,0.2543356719940027,0.24571953317606485,0.21583865112399858,0.20232957292525097,0.23766809667558722,0.21754812928425443,0.21660138226309467,0.23137327167169278,0.19453684110341413,0.23623775698534086,0.2189494718985072,0.22917056264083283,0.2372502249562136,0.22265518161465936,0.20814834866044823,0.21870473952369837,0.2390427542103847,0.22834897432932172,0.22653772799060945,0.19762022725499212,0.20014850352198163,0.2125772225250878,0.25033210616349594,0.21581121339802106,0.182171801822107,0.2072731750582126,0.0,0.2125700672164236,0.21676706708674764,0.256091332397892,0.2048127055362291,0.1685734923337491,0.21784165870869523,0.2133519280612181,0.207204699296581,0.21776754087742212,0.19490418026553083,0.20567592464839288,0.23865512256190052,0.21233663921893592,0.19911816607971022,0.1750844570367433,0.22511364925007063,0.20319370942016293,0.20873061679175411,0.23337689068207867,0.20652196604879125,0.23844713651011043,0.2114114641004026,0.20573594059672431,0.20021092668613455,0.19379863596491023,0.2178223495550106,0.22166126124186922,0.23888113959772517,0.21817502128832963,0.19890743060871074,0.21430113050343452,0.26719423100348755
lo_A_model_1_unrelaxed_repeat069,0.20155875687988414,0.13848517787883155,0.1891168875028607,0.23972983363162628,0.13052877493973322,0.19136862539830907,0.12230374252792768,0.15933073905023695,0.16525956174085998,0.13946097643605487,0.1790558620004891,0.23378110153191684,0.15735253695756354,0.1647163956232787,0.18952345629607212,0.12930713899303342,0.20841602845173332,0.14014324880628382,0.1890055725045382,0.18635891885835343,0.1684335615719309,0.1734492286146295,0.19109321291686382,0.16698880913049585,0.17715703290062082,0.19000013929668863,0.16681768379893078,0.23625654928815215,0.20735326507656276,0.18143470431902073,0.1855159383348282,0.20450782958242703,0.2200778039037594,0.14236571917824448,0.16042159494872918,0.2018845503594065,0.1908001516091569,0.2098429128387936,0.1917558063537745,0.22433401547851656,0.2120234695622337,0.19521127617586254,0.17472452874226335,0.20493762266736032,0.20661138561029357,0.21834809197789265,0.16120655140984036,0.18231687423914414,0.20082296134300756,0.2495320903041518,0.20303894916591178,0.24808911823486376,0.1810603129066976,0.21550546564405426,0.13640834199336604,0.20278461691747995,0.16687268325804444,0.1644053558435458,0.17122779212330583,0.17309114090997393,0.15732932937850322,0.15951837203199123,0.19397730203632918,0.2181256334972006,0.19374026091171706,0.246143765636966,0.2312913069475978,0.2125700672164236,0.0,0.17257466630604787,0.18287174926973498,0.24961443056942412,0.2237126951182734,0.23418905645458785,0.18343733244795704,0.1937822871708689,0.1898048074995164,0.16159993431208738,0.1786450072815063,0.23769487058442368,0.13239097385049156,0.19306473893274825,0.226048880606523,0.2186492301310706,0.23145030396302782,0.1502013193604676,0.2642704401218088,0.1787828751644698,0.1803887290332513,0.1720561674269259,0.23036120234953977,0.20249563410401572,0.23380777169689104,0.14415394330551393,0.2153456508876443,0.20975650301704574,0.18574462370699052,0.18180849158076384,0.19021696895642606,0.19918734540473407
lo_A_model_1_unrelaxed_repeat070,0.2276123715935319,0.18586484467593425,0.20847778431338304,0.23072230675125027,0.16566498503765073,0.1902400757179095,0.15924459911158328,0.16136102636559052,0.17649107423519306,0.17052486257248475,0.1759092276324283,0.23776407681392067,0.20973711865414948,0.1774306102656119,0.19859555380575947,0.18614291508268385,0.22900520388162382,0.17121207473496158,0.22486910578231104,0.18944888598398313,0.2086327745606787,0.16787197502859136,0.210989611172896,0.18884036600803505,0.17279916729386605,0.17010190247203757,0.14219421524726455,0.22751374999715565,0.1908884993137177,0.19747589990768258,0.203417354295577,0.1997554957516205,0.19851075580852998,0.19038695105018616,0.1920169349052705,0.18575658538225645,0.18318194946402896,0.21345489249531382,0.2215197456458808,0.22375887926851562,0.2205184351874254,0.22142510012244462,0.20754851269426694,0.1936792113518414,0.20197666900207337,0.20079757634659506,0.16386890587257275,0.17169749990472669,0.20978595195251695,0.24019035905650124,0.19736136366671012,0.250520347746831,0.19477976485102869,0.21170487258403525,0.18679629031983805,0.18516486332304535,0.190547128058769,0.21547008595142425,0.20343544704863956,0.17688949857672132,0.14158645983289309,0.17160337708559725,0.19485329942694823,0.19831499776992767,0.18746808903462667,0.2469676810419859,0.22622732436419846,0.21676706708674764,0.17257466630604787,0.0,0.2130152707657344,0.25855721343258975,0.21718025055315004,0.21131506557385715,0.19935347288942776,0.19675205633949483,0.19051106929791708,0.15668808394683337,0.17494995074210168,0.2074111409784992,0.17134614882794658,0.1908692329621497,0.23878602665065046,0.21321835174809542,0.22374521390170535,0.16512597956507252,0.27848532219510524,0.16027872450171604,0.21448026210497323,0.1950964722294969,0.21494519446535254,0.18523033489981022,0.23925007956580926,0.18810390091473891,0.2051384681871881,0.2091671624796773,0.18254431880006636,0.15691792866854054,0.18515954764196116,0.24085528158349917
lo_A_model_1_unrelaxed_repeat071,0.23128198669085342,0.18345895994934086,0.1907154979137567,0.22485330013328633,0.19726658795622556,0.19048080269298442,0.17643702569000294,0.20094535232467303,0.1977492870875487,0.19335864591830149,0.20611705287282406,0.21574143109980054,0.1817891199169292,0.19590033596423792,0.22111273544045987,0.18571677099061812,0.1975866185167438,0.1786350624899458,0.1643292178691713,0.22920901556944018,0.1948802699080329,0.21375750101873375,0.17022519545408657,0.16400061411657932,0.21617514292290785,0.21467704926064193,0.2275261974571887,0.2658588371977993,0.2267143362732425,0.16780125259353681,0.21479544982299745,0.2418877345148504,0.2422712380570578,0.16493989801464515,0.18097673401476086,0.23930244240572385,0.2153293707586168,0.21122114061619063,0.14792643359722907,0.2498794708023635,0.24392129585049524,0.21443824139021783,0.17137366247134128,0.23804016744273632,0.24657177291582974,0.22986119030782076,0.18996763898796273,0.21614741300506926,0.23515463575734333,0.26297374173327975,0.22088014862640917,0.274811196470037,0.21313315469654479,0.22250593793815845,0.1943459777932291,0.24083549078044203,0.18819577287239644,0.16373650453840444,0.16632696482371043,0.1832334392956393,0.2103272047244728,0.2143224343495617,0.23539083014946638,0.23970351978283588,0.2283882245560831,0.2712176163563707,0.2678682528004562,0.256091332397892,0.18287174926973498,0.2130152707657344,0.0,0.2646739322541576,0.2568705824677848,0.25665334357781305,0.17651918966633004,0.21305273615564024,0.23084413732379433,0.19986182566018748,0.2315669426473447,0.2602294233742594,0.17644945374861074,0.22080750813984995,0.2556107147247887,0.24052469885279149,0.2622974280707536,0.17840484012885413,0.28095052487029226,0.20635362858116235,0.17259147312406806,0.19886596660879496,0.24007009765539097,0.2277720116045566,0.25602033683974496,0.18597795799064226,0.21586598661529863,0.21403887176540956,0.22815356184496988,0.2167077176913873,0.2369581607733347,0.17209792684242914
lo_A_model_1_unrelaxed_repeat072,0.2195717883590799,0.2461249354170533,0.26667919409057983,0.2335363067722656,0.2501990040565735,0.24789752197632567,0.24696889635210975,0.2333273624823623,0.2692798327505799,0.23676751483283015,0.24412822916385174,0.23140792994821602,0.27293496686452445,0.23322639446032126,0.2429931046903155,0.23525615661968935,0.28343430330827196,0.24529574337264434,0.26660585751592664,0.23936625673659928,0.26143007829419684,0.2616465175443035,0.26565581872044247,0.260275397780037,0.24911027945565015,0.2566216076235294,0.24772189688726529,0.24767102239905772,0.24816438896122436,0.26128931120270493,0.2784782076935804,0.2506939216379385,0.254387453578024,0.2530633072614782,0.2691430240262122,0.25910212137108907,0.24235028031570072,0.2448920903345811,0.28177907112011735,0.23438631464343565,0.20725161530318573,0.24412915740149152,0.2679591245278646,0.23936543912558167,0.22126958162823507,0.2712177666877593,0.2546815184158515,0.25551624480467855,0.25915987299561166,0.2100132484410065,0.27323280383766146,0.24460447709433342,0.26960730304292063,0.26503017670382817,0.25834936255591423,0.24075473483653206,0.23879698370740354,0.2589330352392244,0.2578770204066099,0.25744555044692713,0.24683906302063324,0.23151618006286578,0.24248611304868414,0.2641812958586301,0.23656742060590594,0.21619319500843273,0.2306045243226038,0.2048127055362291,0.24961443056942412,0.25855721343258975,0.2646739322541576,0.0,0.21356606694399854,0.24405941254671296,0.25012429356573834,0.24632139176299167,0.22429280436228477,0.23166398388747259,0.2540175238680311,0.24354509471894423,0.24913811315764986,0.23328610026739385,0.21898561171958375,0.2507415999160675,0.24679660499006237,0.24774062073975828,0.25931999112458076,0.23693662614055042,0.2636456361467557,0.242213441739067,0.21186116597448593,0.23336704252724141,0.24301715676788735,0.2434748405834549,0.24163683659811575,0.2659750873056327,0.23620186560687018,0.24228671932934387,0.2579869034393197,0.2835453997251468
lo_A_model_1_unrelaxed_repeat073,0.23924467695362372,0.23431676162463208,0.24371258547817712,0.23040379805326056,0.22007821278465814,0.23008707439266357,0.2206581130646012,0.20950055056418176,0.24122551318575539,0.22109169700273215,0.225099438207973,0.19822425415579778,0.24793763695107135,0.23033980682774324,0.221885763697486,0.2259335951412445,0.2685731018097992,0.22640496021196993,0.26842397175420696,0.23434815997962713,0.23792387729628295,0.22978230974390662,0.2488318856098176,0.2401474547023141,0.23363226855439137,0.22594424407498226,0.21890313246274679,0.2376530561707468,0.22889578877146352,0.23970140282835786,0.25054926728329213,0.2420053393279437,0.2263760718232704,0.22884552267303904,0.23756827495409358,0.2198982076901731,0.23152411789569996,0.23942429759224387,0.26264389910985564,0.2136590923066975,0.22041329951643027,0.2472282369481531,0.25143779851805326,0.19656501070504992,0.18893806768137078,0.2403915112557722,0.2251336509745811,0.2341226278344141,0.2487291895379051,0.19799398771236262,0.2393344598903115,0.2267256520911693,0.23976554415918763,0.24813413062518402,0.23602758561893658,0.22269751420394893,0.23459613303851315,0.25827589134780304,0.245170159005848,0.22278534226190133,0.21581982497594293,0.2086525776025791,0.22346954486488155,0.23353902358381284,0.2272679473343102,0.16030273487912858,0.21094049903818335,0.1685734923337491,0.2237126951182734,0.21718025055315004,0.2568705824677848,0.21356606694399854,0.0,0.21429387186598062,0.23475422998926787,0.23563058913275686,0.2013028466055613,0.21412743053915118,0.2319468508751548,0.23837693669585122,0.22578974102707994,0.22546219004886586,0.18657982677571724,0.23998684930589656,0.2175593431943542,0.21677049234600942,0.24072303403085174,0.22657868800882336,0.25026299014161263,0.23728291607355967,0.21008908730960024,0.20066051302595578,0.20238950888008259,0.23633032700457363,0.21932276305023277,0.23623268033038974,0.2260337884777837,0.20932767162003577,0.20931596271203445,0.2778449619659184
lo_A_model_1_unrelaxed_repeat074,0.23089400115876024,0.2385573918044657,0.2463424097321004,0.23108400456842956,0.22962513458253167,0.20402925468375785,0.22119603291772838,0.19099101462659776,0.25053140488864717,0.20222327919777014,0.20833909577152235,0.2269659361987249,0.2518393082820755,0.21900364052604782,0.20724985163186635,0.22674809906410362,0.27612482819174355,0.23769037216218497,0.25365247310081046,0.2175270098171719,0.2521993228109927,0.2322088276272891,0.23901235504785556,0.2378282684305291,0.2244145816004544,0.20166696437628032,0.2097029747647344,0.23068644655407958,0.20772516920861273,0.24108322902895418,0.2474517533645793,0.2195451097650443,0.20619315707789887,0.24146385471338602,0.2478348450954601,0.21202554911235308,0.18701518762007605,0.21161863219849578,0.2608611007355583,0.23687369795732308,0.2155114899233548,0.2566898174350147,0.24384710787123842,0.2104997595817561,0.1889454311849462,0.23316524990340623,0.2318107177630362,0.20403356269673845,0.22380215307185813,0.21424973061182345,0.23190685010250023,0.21163793481000465,0.2285101062743788,0.23941922576358826,0.24281844834259994,0.19821681457282866,0.22995912555876954,0.24567481618509915,0.23079930465055934,0.2291649461243775,0.1948690393296749,0.2021399513771966,0.19910142705327225,0.23667662817295462,0.19869200830202038,0.2276983258850901,0.2148651831362573,0.21784165870869523,0.23418905645458785,0.21131506557385715,0.25665334357781305,0.24405941254671296,0.21429387186598062,0.0,0.206704316336134,0.18422199008506362,0.1950163802224795,0.20339384966850813,0.20539479553161402,0.21334095099954573,0.24065579394396114,0.20642856652077637,0.2427743260531433,0.22065256838988512,0.24334622185476215,0.20278547125808086,0.2629465923785488,0.19892727192014384,0.2431593694883195,0.20967507733243687,0.21873169851910568,0.20819577077826792,0.25543673279996226,0.22903896064548107,0.22440369113527503,0.23713255741337527,0.19420139687060697,0.2006182775225346,0.20905545738686945,0.2680117788285509
lo_A_model_1_unrelaxed_repeat075,0.20946030930251305,0.18041778014768714,0.21819367307499335,0.1919795291900677,0.1971740094071575,0.14008729140490103,0.17210336914470475,0.1576262071265576,0.21275742902458242,0.15398550644318335,0.1937360629534371,0.20700174092002196,0.2063781825201364,0.20243590341845719,0.202211523977207,0.1777475207024836,0.21251144276184525,0.19808861111653353,0.1917361138102465,0.18032045627934093,0.21555364719988643,0.20116121478745336,0.20626661289143547,0.16947860293454936,0.20682380453669472,0.18246923192927175,0.1843844866379286,0.24690068665376397,0.18723090102979578,0.17459178384770707,0.21037642603074772,0.2024931062603754,0.21620324248282177,0.1980100870250361,0.21285965004003113,0.204541723709852,0.17140235774441187,0.19486154873644435,0.18710877773830892,0.22579553843870984,0.21304712046042934,0.2321926380682739,0.21468576230833591,0.21857091115831945,0.207397693896235,0.21288036563180449,0.200266069798272,0.1962610856331575,0.21469531460091995,0.23102104456716524,0.18823172794421267,0.2508619806454006,0.19372946566158222,0.1904103880565037,0.20339512206427715,0.200936716989755,0.20414078636588762,0.179161980242798,0.19425817224023628,0.19920551784648538,0.18054035567875762,0.18023940048679635,0.19408698402434948,0.22157513379024074,0.1926289249260578,0.24472672505691231,0.22268453022156703,0.2133519280612181,0.18343733244795704,0.19935347288942776,0.17651918966633004,0.25012429356573834,0.23475422998926787,0.206704316336134,0.0,0.16556261387468668,0.19163348123484575,0.18742473472679796,0.1785589646661879,0.23409026907851857,0.1814073956722216,0.18162530011632796,0.23945305165835298,0.2110898113141169,0.2427729795496767,0.16709177572954353,0.2644438410407353,0.1816894873514151,0.15733430960391562,0.17394099603067434,0.2156620820159547,0.20216840810584502,0.24349351675940503,0.19809159743113364,0.204246734292722,0.19499020921093935,0.19403713123412217,0.1939373857334413,0.1990350836429194,0.19752560689468346
lo_A_model_1_unrelaxed_repeat076,0.19974675382903237,0.20073245491184433,0.22229334651023222,0.22340729371289597,0.19334045741893816,0.16099928291365911,0.18793373562046606,0.16108450940498034,0.21931259104167605,0.16599126526134295,0.17982665234248194,0.21815543932745407,0.21472929226272539,0.1963423545027252,0.2016857837449305,0.19535044552425163,0.2342014203485455,0.20074688794249837,0.21624997126365303,0.17488338808404286,0.22379796158784082,0.20129646674752083,0.1972495170081356,0.20514463720637457,0.2014107590183672,0.17653738109583872,0.17663832255687936,0.2234446608269582,0.19615388181349028,0.20806962147794245,0.1915622625393231,0.17440656134708807,0.188017078334258,0.21747492973760835,0.21087187561552162,0.1925891696564364,0.1561864234032775,0.17407506972526807,0.21615401108769414,0.22289443603135073,0.19956862563445482,0.23631063853049353,0.20769023787123464,0.2126699680434035,0.20592032780180508,0.18943280220758352,0.2034639321202157,0.17339412051751615,0.18216036026711913,0.2273283477316532,0.19855325228113568,0.22207503146330465,0.2069580738919603,0.20374601499565445,0.21289191075575428,0.17320795592084542,0.2063008491096138,0.21167544325242058,0.1781039062755648,0.17688480607696913,0.16574228922567782,0.17625833881794425,0.1668365531868124,0.22246842922729787,0.179412774444192,0.24431389141704962,0.22067837665423132,0.207204699296581,0.1937822871708689,0.19675205633949483,0.21305273615564024,0.24632139176299167,0.23563058913275686,0.18422199008506362,0.16556261387468668,0.0,0.1962736943406547,0.1767797422026033,0.1669494153812386,0.22052858466049363,0.1936088988720835,0.1730051484840924,0.2353931451021615,0.19753000605076407,0.2351897520224175,0.16354156502461692,0.24440863142086164,0.16504016505116095,0.1923626663935377,0.1528452516714607,0.21593831114537027,0.19872785108857605,0.23336788237987333,0.19168447189798585,0.19428620688556347,0.22556903215857366,0.17383792214578977,0.16548985593606524,0.18766390299258182,0.23693297978515201
lo_A_model_1_unrelaxed_repeat077,0.1961676693709689,0.19953448613910899,0.2322840190847716,0.21218210253269038,0.18151608779597295,0.19753906985751368,0.16956215600670552,0.17230893837292532,0.21589294226047012,0.17570406173575923,0.18563686073338737,0.22824289824846328,0.22101130804386865,0.2060249016158894,0.18325133034041186,0.18125623860804008,0.23394420975118985,0.19608503527463594,0.22523360055989228,0.17795732156213173,0.2248543365720358,0.20317835248484256,0.21587345614989384,0.21822712112578901,0.2028854155564011,0.1876552747617896,0.1789206424099818,0.23380517426607744,0.19848102218084068,0.2266268220049745,0.228095006308157,0.2126305210536529,0.2031848154803256,0.19550888735749425,0.220543386030056,0.18325634695185922,0.17522182548385384,0.20722349969753806,0.23040260899512327,0.23131594555210988,0.1936439316014468,0.2108944620085258,0.22427174784457124,0.18987222945789967,0.16035937198404943,0.22892277624150315,0.20469698950089524,0.19950262761759133,0.2031472802020864,0.22794610398802392,0.20108639557053065,0.23311150665518435,0.2004492044083129,0.22951354852306852,0.20106689041361547,0.19925503244390172,0.20472491400627915,0.22057264787363298,0.2262161423539807,0.2127009479906207,0.16978270889682304,0.16865367244839063,0.19004535562858219,0.2207126485897363,0.1516597105732396,0.2337703793721884,0.20933827071986344,0.21776754087742212,0.1898048074995164,0.19051106929791708,0.23084413732379433,0.22429280436228477,0.2013028466055613,0.1950163802224795,0.19163348123484575,0.1962736943406547,0.0,0.18119490766481924,0.1772119371610985,0.21679570626432965,0.1922569394280114,0.20738530622021295,0.23905414654119841,0.2007935066975591,0.23152706531688455,0.1806367651271294,0.26431309251089935,0.1924094949161958,0.21032327661648692,0.1965170940156183,0.1905112142284047,0.18532575503490084,0.23748229058286938,0.20191306079640234,0.20249941238721503,0.18754339583650612,0.19156366057136764,0.1717911472784957,0.1735729396510672,0.23521393117579206
lo_A_model_1_unrelaxed_repeat078,0.19296684246000467,0.16223091862685166,0.20287318815482494,0.21425091984017364,0.17316602963555666,0.18373777654398568,0.15050441179090554,0.14891180575808782,0.19530175544408762,0.15093840182171045,0.1390872082621041,0.22933239615372272,0.20088822150475102,0.1620090585432541,0.18048470187490315,0.16262691709274368,0.2244934453609154,0.15371898817241036,0.19595493628110713,0.17028589441556768,0.20322549404692108,0.16762213278425267,0.20147494901025248,0.172600773160392,0.15975838874811368,0.18176178817200545,0.1705271881208742,0.22270319425745774,0.1766022907515994,0.190957852123325,0.19129817186251394,0.18239077904433812,0.20678897968051982,0.17250868983523562,0.18761199573642942,0.20032257462797196,0.17098349023865347,0.20202247711317012,0.21353867620991313,0.21173444984985057,0.19331464711629992,0.20577554754067656,0.19454375149213915,0.19886845710969417,0.194518951050011,0.20210364060319244,0.16374205787289983,0.15589281835751975,0.1810148738346002,0.2315711566068755,0.19891917611585225,0.23057623592262508,0.17820799761761086,0.19464019407669783,0.18113136263311114,0.1786226094976451,0.15526604607697614,0.18923071354055407,0.17742392272405816,0.16204733320059572,0.14687628244958023,0.1695855699114006,0.16786520667152163,0.21666829338004945,0.18130328924086433,0.23182391571405161,0.2209686588901943,0.19490418026553083,0.16159993431208738,0.15668808394683337,0.19986182566018748,0.23166398388747259,0.21412743053915118,0.20339384966850813,0.18742473472679796,0.1767797422026033,0.18119490766481924,0.0,0.15995707042104268,0.21254522231929426,0.1659046358958394,0.18576373075058228,0.21958670764537422,0.1895893582183408,0.22552350670028168,0.16410166603487616,0.2594814373110587,0.12640771512645382,0.20585580741815993,0.17810468622717401,0.20914482185628933,0.18149677556971403,0.22924258318566518,0.16628854130684137,0.19694594583133498,0.21756328334618405,0.15926445916845453,0.16363339813211494,0.19749940040835443,0.216688868676491
lo_A_model_1_unrelaxed_repeat079,0.21472168032129405,0.1800679699995046,0.229379647941666,0.2177937947989629,0.17729745783591677,0.18922673836474652,0.1732948490897235,0.15996770507407634,0.2138880036645066,0.16021107500756207,0.17654150828851548,0.24180236967401994,0.21616152824845294,0.19396418706947471,0.20326198307238344,0.17748825345483912,0.23540160794761036,0.1880026557508825,0.21620619099443117,0.15277788490914004,0.22078820955022677,0.1825423399256243,0.21963777306985335,0.2038001875663376,0.17081494810171868,0.1590553983443796,0.16370710350124337,0.22606727890668893,0.18137266625086335,0.21955699968055392,0.21446052889736059,0.1703453825503444,0.196524129865664,0.20671010157808112,0.20619280808472815,0.19566407594437082,0.15448499146976527,0.20425004522109244,0.23445056947658927,0.22304554536592353,0.1893940673106604,0.23113578121144113,0.22149506109324008,0.20067089477910074,0.18545992321453456,0.20607069220532057,0.20363415539092147,0.18309735756206005,0.19307177907220377,0.2405259651558706,0.20371644224559224,0.2448702748439384,0.20018496025394641,0.20289835788828484,0.189683878272986,0.18837210154615677,0.1999592276036859,0.21103889694293287,0.20639382123033648,0.19309071229856103,0.1597696186524493,0.1683757285952206,0.1849036086509174,0.22598120941798303,0.18133246207608583,0.25084492755964477,0.21898217995058056,0.20567592464839288,0.1786450072815063,0.17494995074210168,0.2315669426473447,0.2540175238680311,0.2319468508751548,0.20539479553161402,0.1785589646661879,0.1669494153812386,0.1772119371610985,0.15995707042104268,0.0,0.22203414718885628,0.18896438113849867,0.19365096545966945,0.2457986370122535,0.20273590508417702,0.23634354980328837,0.18174040818063888,0.26800158541584734,0.15561017284912476,0.20497841751074047,0.17134834383682357,0.21634887181301396,0.18155617487486658,0.23446625594918108,0.19654764299188437,0.19598793793721403,0.21415948023769468,0.1674181849170382,0.17351276230823498,0.16843884029063763,0.23845826092452185
lo_A_model_1_unrelaxed_repeat080,0.23172144863347335,0.23563752807053703,0.2445348063788839,0.22348890573611135,0.23750750850264904,0.24207945940084516,0.2275632000440892,0.2017011940317155,0.24446516320917758,0.2247374796600436,0.2210777159943964,0.25770323174327847,0.26622243327171013,0.21912485515322708,0.21400380780910283,0.23615597704390678,0.28319226598477376,0.22549441910435455,0.27054649350936816,0.23547755938266882,0.24847740000224186,0.24110307841377898,0.23335064456527047,0.24393546251261755,0.21383041092228472,0.21169025270457956,0.2040143519314056,0.22374332703982433,0.20875126446294498,0.24134344484385464,0.26559339183309466,0.20510106793644328,0.20620542558172886,0.25476638742233815,0.23649223477771392,0.21231188088269695,0.22292334434398076,0.22731448786834899,0.27340962838331767,0.2336191758253263,0.23525310936297936,0.2471503009195724,0.2596982721559794,0.2135581382146581,0.20007750930122836,0.2189545383010645,0.2365473520997598,0.20065424749709787,0.23030158308236442,0.25765427202216784,0.24327182204098696,0.2445147142680011,0.2404118622683026,0.2194480480197654,0.24409765570806807,0.1958876521020807,0.227795252920729,0.24388282441734122,0.24662084560685413,0.24207161592989943,0.21573745502180353,0.2072594208354249,0.20087488614944074,0.1910049396780146,0.2296157928002567,0.2511207650247375,0.2190274562913108,0.23865512256190052,0.23769487058442368,0.2074111409784992,0.2602294233742594,0.24354509471894423,0.23837693669585122,0.21334095099954573,0.23409026907851857,0.22052858466049363,0.21679570626432965,0.21254522231929426,0.22203414718885628,0.0,0.2329088028467166,0.1984228653063826,0.254472036682825,0.24967938296451178,0.24670795289173109,0.22766363449638374,0.28250614942602453,0.20361618427992237,0.2677178029781986,0.23251594988901234,0.2338809994172507,0.19735559795906396,0.25048663538487986,0.2193506243972469,0.22933575039482162,0.2593400152130423,0.1946761038436031,0.22342505728582898,0.21677410629883706,0.28575531065573256
lo_A_model_1_unrelaxed_repeat081,0.20808195947702846,0.12480473446688832,0.18887249220538735,0.23336193039555514,0.14062274229629396,0.19748167296941324,0.12449768140511838,0.1559565087388973,0.1489296268796705,0.15462167498388177,0.17954148643280393,0.23640203141639213,0.16639561077351894,0.16178987503046913,0.19583162456259945,0.13616570209242604,0.19880612693960606,0.13539069413081758,0.18505710752956855,0.18868312636411091,0.16645931507890424,0.17951655551868545,0.18768815566471966,0.16039106714714776,0.18236901937409164,0.1938567506461964,0.17483652695817967,0.2321088898918129,0.21052172333105568,0.18520514319094294,0.1851158327392831,0.21329328844472603,0.22781646102545594,0.15400304049169516,0.15788749639047442,0.20831350589483494,0.2006925413096836,0.20519145740430433,0.17853092846266055,0.2222392181864917,0.2152154903721787,0.1876489927820867,0.1758208722336987,0.2088458939965037,0.2130035865824698,0.2159588095892336,0.14233985504686994,0.18428238268082928,0.2082806946947952,0.2521812397511033,0.20054997201008903,0.2537836923797167,0.18839457041828495,0.22048465473968828,0.14507042441537568,0.20497331066013372,0.159701256329584,0.17206038797514486,0.1687377018249549,0.18260566267248457,0.15741243858921608,0.16336888229535038,0.19568327303998034,0.21641888858460245,0.19459086899108788,0.2525522487337747,0.2368118380445842,0.21233663921893592,0.13239097385049156,0.17134614882794658,0.17644945374861074,0.24913811315764986,0.22578974102707994,0.24065579394396114,0.1814073956722216,0.1936088988720835,0.1922569394280114,0.1659046358958394,0.18896438113849867,0.2329088028467166,0.0,0.17813839036836754,0.23446052710354243,0.20928286366618853,0.22621631247240395,0.16280763814583948,0.27235978529628424,0.1847330711655614,0.18895648006640156,0.17871359428979405,0.22363512268264535,0.20368618742336764,0.2340440924184891,0.15066820172157863,0.2174611786839685,0.2028269592372256,0.19919532617139005,0.17657223513427794,0.187172947955499,0.19521413868563772
lo_A_model_1_unrelaxed_repeat082,0.19114457223898215,0.1789369291302967,0.22530083465096307,0.21876324566478514,0.19150449592618649,0.19617756328802022,0.1806857997354446,0.15266475469062807,0.1974780486162061,0.17746721956470896,0.20132318234175547,0.24033514213205226,0.2305416518091343,0.17545299636709458,0.20166411613563484,0.18779551628580735,0.23924339968292854,0.18274251372715386,0.22809570187349357,0.19384213449205234,0.21275002693960818,0.21202000202561397,0.2191324564650222,0.19736529750207604,0.1868938067268333,0.18204341949334438,0.1833339073992833,0.2096841790303272,0.20446128525317933,0.21253172312229845,0.2292127448538442,0.19095084642669943,0.21076493628945664,0.2117267842938408,0.19856255541268894,0.20515959731867273,0.18747068821910476,0.20173586819160705,0.23293101387450874,0.20688654808088425,0.2117840803969579,0.2238822396363914,0.21878293408322735,0.21942877199668093,0.20677466189343532,0.2109107982225352,0.1889566837298439,0.18828969476829327,0.21309430099343302,0.23685112640668282,0.21339210988413124,0.23940069964986932,0.21527231714581327,0.20410400445653468,0.20161000752916122,0.17287835742619878,0.1904125511305388,0.2117868857567455,0.19544199787929425,0.21537406857244396,0.1773482716071969,0.16591946354603748,0.1841655526607469,0.1956971083742353,0.18660119662218075,0.23245100088224785,0.22546676366252316,0.19911816607971022,0.19306473893274825,0.1908692329621497,0.22080750813984995,0.23328610026739385,0.22546219004886586,0.20642856652077637,0.18162530011632796,0.1730051484840924,0.20738530622021295,0.18576373075058228,0.19365096545966945,0.1984228653063826,0.17813839036836754,0.0,0.21510250808454845,0.2050161764788958,0.21947229466585103,0.1904850085532925,0.2734997636999343,0.17759010366942232,0.21837538652984703,0.1855970106377088,0.22199668507236486,0.19711336070164256,0.2226881240036075,0.18225372510523713,0.2111283244494577,0.21031305162843475,0.18606437730951228,0.18085788886765553,0.18876566302291498,0.24180359733731147
lo_A_model_1_unrelaxed_repeat083,0.23601227690479454,0.23278668481996703,0.25498187823066404,0.24344993639505894,0.22970391964657771,0.2413912305371873,0.22480776782612344,0.21111114647491105,0.24366934665795636,0.2235665385042441,0.23284609418355703,0.21712043228888073,0.2585389138158539,0.2204239276221695,0.22913912723068505,0.22513506866241628,0.2616251684287366,0.23153734639447138,0.2607976539561138,0.24492018144483307,0.24630341501096936,0.23745366658955602,0.24811130111227914,0.23845114368693646,0.23486834835425402,0.23703252343799147,0.23802346393756116,0.23857515708765478,0.24524814679219728,0.24181514830828751,0.25931377582913706,0.23198190756250286,0.25320509874699115,0.22658990326851106,0.2398079322063182,0.2446414157856281,0.24462095989515825,0.23796291352168944,0.26675118152863764,0.19917484069877392,0.2270458374498207,0.26894200596988804,0.2525222017463438,0.22795978110749077,0.22913029447345795,0.2459329392061019,0.2340114006246653,0.22754685096664262,0.2537789661543581,0.2413949778603411,0.25599219799895784,0.2376094949765356,0.25053040843535707,0.2421747096327233,0.23714310825138943,0.2257143687313421,0.22775890422755293,0.24864616832825004,0.22983429684388373,0.2299501936493434,0.22512606863958665,0.22288292441804233,0.23097752648175113,0.2488596360499943,0.23836690980710204,0.18210554093727413,0.23817776568913718,0.1750844570367433,0.226048880606523,0.23878602665065046,0.2556107147247887,0.21898561171958375,0.18657982677571724,0.2427743260531433,0.23945305165835298,0.2353931451021615,0.23905414654119841,0.21958670764537422,0.2457986370122535,0.254472036682825,0.23446052710354243,0.21510250808454845,0.0,0.24745849553008745,0.23263966992516524,0.2282185121114987,0.2486547853731841,0.21853374828989433,0.259959309020102,0.2281224735686233,0.22609210651738967,0.2111218640686932,0.20350681358609513,0.22740630795654354,0.22282092799232098,0.2533929759999733,0.23278163184816394,0.2201932666502579,0.24299426746330582,0.2788899239835868
lo_A_model_1_unrelaxed_repeat084,0.19727360215159434,0.20952765872576723,0.23729806142714596,0.24413687206829374,0.21793727359436554,0.1957632865929728,0.2056300517162134,0.20289416326705845,0.23207593165678206,0.20764459567151747,0.1942164728865356,0.25423937387326107,0.2326451472108196,0.22284938491006107,0.22512730653739893,0.20848553844928733,0.2557668309552301,0.21883609011030136,0.24323398720612388,0.18742891680716683,0.2312504380384824,0.1803234115723393,0.2393122358110212,0.2232683412789496,0.21683940643508215,0.2087130358422111,0.19668875000284688,0.23649738873483936,0.22413039072330126,0.24399142436676077,0.23119861838793962,0.2229500729985786,0.23315079084842819,0.22348800443400565,0.2246295338280591,0.2189684222829437,0.19898619875794737,0.22877369605293887,0.2335567105714001,0.238027209586586,0.2080244895894607,0.21664160127931129,0.24255049118179947,0.23037510868364539,0.21543118156714527,0.2404637543734647,0.21864571194826105,0.206027741649132,0.21372362188634522,0.25593071867418976,0.19308211763077382,0.24961880351295435,0.20888872944118755,0.23136040912985192,0.21459146800420628,0.19489756525982055,0.2153251020452921,0.23166819484680354,0.2321996138198403,0.22815168698626384,0.18269954775434544,0.20917749614311731,0.20026271800606316,0.24887810473349553,0.17590391202612415,0.25061029827660514,0.24710741989486243,0.22511364925007063,0.2186492301310706,0.21321835174809542,0.24052469885279149,0.2507415999160675,0.23998684930589656,0.22065256838988512,0.2110898113141169,0.19753000605076407,0.2007935066975591,0.1895893582183408,0.20273590508417702,0.24967938296451178,0.20928286366618853,0.2050161764788958,0.24745849553008745,0.0,0.24318070898943975,0.22470816680507727,0.2669674759034737,0.20283808775136963,0.22726269737785032,0.2159905226289389,0.23596000000485037,0.2109230310700218,0.24737138476966414,0.21140826465248763,0.2326908741623851,0.21430487221397815,0.2038045151623787,0.1819354410801536,0.21505481085951028,0.24099648398529822
lo_A_model_1_unrelaxed_repeat085,0.23778745573697854,0.2314036066800804,0.25389071184710904,0.2429844581947113,0.22480399601374573,0.2437141181542356,0.22119921497117176,0.21074953165544635,0.2128495576497692,0.22537629509775103,0.2343227528507988,0.2306559291537747,0.25880777108661396,0.22284504261615962,0.23695242757304913,0.24151832791357433,0.2775322162278626,0.2176477683620059,0.26832272009151675,0.2437860080882987,0.25336948089372324,0.24053593118638728,0.2518448872030172,0.23867581463594426,0.2298129288364168,0.22943160094806214,0.23442838464024737,0.22556276783139467,0.24773727604039358,0.24632973121547203,0.2608320569746683,0.23349293642224897,0.2465625869814773,0.25103888407210134,0.22578316030930223,0.22463912181557233,0.23454733684031484,0.2531468741939412,0.2721365516026262,0.22276862712314102,0.22895544730939826,0.2604689772811613,0.2556185020650836,0.22383634298439892,0.2176930652831852,0.24601958236492075,0.2326534357646679,0.219478443416349,0.24303170401397642,0.2389712680486709,0.24501898849074952,0.24127851340316842,0.24407494803340782,0.24122266054403507,0.2398444166663226,0.21975254128028107,0.23228091128060974,0.24822610199375839,0.2464806794089314,0.24757261214290607,0.2148239582709766,0.21496080555675262,0.2244158980085189,0.24658158858342644,0.22105979162555459,0.23086112975191178,0.22137569035555954,0.20319370942016293,0.23145030396302782,0.22374521390170535,0.2622974280707536,0.24679660499006237,0.2175593431943542,0.24334622185476215,0.2427729795496767,0.2351897520224175,0.23152706531688455,0.22552350670028168,0.23634354980328837,0.24670795289173109,0.22621631247240395,0.21947229466585103,0.23263966992516524,0.24318070898943975,0.0,0.2294999103917342,0.25813496819023785,0.22470873724698803,0.25868330514456284,0.23390298601546922,0.22920311162927878,0.2263170127759221,0.1813024993771475,0.2269264115972413,0.2472690384910339,0.2441425537513226,0.23547088305522984,0.22148392760193678,0.22748810090090898,0.2806146962033918
lo_A_model_1_unrelaxed_repeat086,0.20442955070565685,0.16786514786692147,0.18886996609191037,0.22956524376414678,0.14410806229859718,0.17052965961048228,0.1357492966123885,0.1429831777774041,0.17803665935529114,0.13832047546980056,0.18096472834270436,0.20427552363538148,0.16686152757551836,0.17718218035616726,0.18672946700602663,0.16528787043957344,0.2096236889932158,0.1585900501472979,0.18909622108798682,0.19430868175518134,0.19381014263370405,0.1814681518304393,0.16913095720977658,0.18359823260515545,0.19064336522381958,0.15095762984554206,0.17720853036236792,0.23685995029025514,0.20235398663836754,0.16431679859475473,0.19150569268050882,0.19709529078105512,0.18895363632640896,0.1663061932955873,0.18207975268443546,0.18427959490598098,0.16581317200827236,0.18282204031878463,0.18289754474597483,0.21514432657855828,0.2100266336404516,0.22118548848135433,0.15682869562392457,0.1954979658449143,0.20051237229887164,0.18689044781630373,0.16158632783988333,0.18413348162622134,0.19692416643152166,0.22551457102668668,0.20500174324950554,0.23995225383432364,0.199999805436243,0.21605690317072798,0.1752932845899055,0.19855620494863704,0.18214861796670787,0.1952815721406903,0.16613558504434187,0.15549488029145092,0.16033807184144128,0.14153140054085453,0.19692494884918996,0.21048434165746316,0.19684850423474487,0.2410556991061003,0.22534210710839528,0.20873061679175411,0.1502013193604676,0.16512597956507252,0.17840484012885413,0.24774062073975828,0.21677049234600942,0.20278547125808086,0.16709177572954353,0.16354156502461692,0.1806367651271294,0.16410166603487616,0.18174040818063888,0.22766363449638374,0.16280763814583948,0.1904850085532925,0.2282185121114987,0.22470816680507727,0.2294999103917342,0.0,0.24969183181008392,0.1689805755316569,0.17943307318868,0.14524423217946386,0.21087202283448164,0.18548453270854115,0.23301474223778856,0.16980643612970905,0.175824495502999,0.20950734295604911,0.18262842033528925,0.16715203088989125,0.17801000920243723,0.21216403214944635
lo_A_model_1_unrelaxed_repeat087,0.2614953657779025,0.2755668679512222,0.27172342403672745,0.2667709862117811,0.27025025968762795,0.2633197542722264,0.26871956386858487,0.2527505530361622,0.2912286502947531,0.2545302396935479,0.26504536497279524,0.23324078135844542,0.272712799403534,0.2698579438727803,0.2694454555285859,0.2709596847998579,0.30728543254266505,0.26596447319412914,0.285850098275012,0.27144191568518683,0.2808459456845322,0.269898619232862,0.2579834653294758,0.2815844557543272,0.2703048572997317,0.27197537336972155,0.27069559473170796,0.2573907162850999,0.27828813610227615,0.2795590969690312,0.28529978510677895,0.27330157584449527,0.26541239593162014,0.28297780032938286,0.26964421745278067,0.2814865133973679,0.25488540104936824,0.25444398974997534,0.27294571454801914,0.26063825972417365,0.2582361330820777,0.2832417844185943,0.24871148057990017,0.2599180898817598,0.24485406006356877,0.26090042718276407,0.2746678816451592,0.26517019826639815,0.27024000989318225,0.2431015883542762,0.28944240459787357,0.24999927038520142,0.27466903585238744,0.2794658598285812,0.27500362437460757,0.25696160933012524,0.27668098485796644,0.2798416612386491,0.2573454534345487,0.2574753796027373,0.26480025295079307,0.2619514872798509,0.2575703884516873,0.29352416555605626,0.2649037242447548,0.24125327041598663,0.25433012971018143,0.23337689068207867,0.2642704401218088,0.27848532219510524,0.28095052487029226,0.25931999112458076,0.24072303403085174,0.2629465923785488,0.2644438410407353,0.24440863142086164,0.26431309251089935,0.2594814373110587,0.26800158541584734,0.28250614942602453,0.27235978529628424,0.2734997636999343,0.2486547853731841,0.2669674759034737,0.25813496819023785,0.24969183181008392,0.0,0.25825355895961544,0.2666217877113636,0.2392249209509865,0.26085173793660904,0.2610467632233992,0.25715617182868683,0.25856613369419096,0.2534608513111115,0.2910508713750624,0.25519315806974135,0.269452039733861,0.2738327706212213,0.2976918974515389
lo_A_model_1_unrelaxed_repeat088,0.19070705650815037,0.1739668476795489,0.19618817059971225,0.2011101542301577,0.18372767681399504,0.17978410594277333,0.16733925603229524,0.142814277586975,0.20277787236820127,0.14853800060987365,0.13602568553204766,0.23664698602407244,0.21578027755825774,0.1600322106347015,0.17334945314061068,0.16953787900566536,0.23438101233108619,0.16871371999130577,0.2031695557493909,0.16622214138352037,0.19953960026619275,0.17441527082018643,0.19832835160428156,0.18334391723903765,0.15438858690129628,0.17267316120595685,0.16983086343340262,0.22145028215789467,0.1675199114849333,0.1859668975420142,0.2124465133393413,0.15615861218718902,0.19094651446857233,0.1892897968240447,0.1938949791693102,0.19111735378676353,0.16746386965397933,0.17751968518057212,0.22117061559284212,0.21422375357353796,0.20695978751455235,0.21712185617570737,0.20372565706763468,0.19582366304921964,0.1915880595166521,0.18887852747255388,0.1865808657294907,0.1391812920107429,0.17505239272939438,0.2337322422929013,0.2032044637237411,0.2357019886802213,0.19175003399342772,0.18068209975840005,0.18140782625827898,0.1607914064707744,0.16681175087174893,0.19092719852317647,0.17762000638066272,0.16667304222426566,0.1465032081071737,0.17307869074577556,0.1528634845910434,0.21051876723723328,0.1813327176944022,0.23104274790411491,0.21023889606628512,0.20652196604879125,0.1787828751644698,0.16027872450171604,0.20635362858116235,0.23693662614055042,0.22657868800882336,0.19892727192014384,0.1816894873514151,0.16504016505116095,0.1924094949161958,0.12640771512645382,0.15561017284912476,0.20361618427992237,0.1847330711655614,0.17759010366942232,0.21853374828989433,0.20283808775136963,0.22470873724698803,0.1689805755316569,0.25825355895961544,0.0,0.21650925238021004,0.1601214176286385,0.21017014702616887,0.17516720399727562,0.22439168315205257,0.1656465625691856,0.19180820848233193,0.22604723005290792,0.1273644585167939,0.16788456419684655,0.20110642596312622,0.22760629361400325
lo_A_model_1_unrelaxed_repeat089,0.21946137015426131,0.19652079796890395,0.21548555743935585,0.23009801544034472,0.18322406367813593,0.15871394536106267,0.18231580313947549,0.19294638970190287,0.22492993981563447,0.17514224752170102,0.21490888377677703,0.20674845282802268,0.19121045263267977,0.20769174362973591,0.22031715921320522,0.18337345275684172,0.21929734714852467,0.1975337786437886,0.19178229640183597,0.20133044460689,0.2210326356835026,0.1993712391171918,0.20870316244443005,0.17682612152399568,0.2263478010465898,0.21092130895048236,0.2116644123656329,0.25320136405285426,0.21778201488778565,0.18514862606540072,0.21623238439916226,0.23609346188910255,0.23388223134774536,0.20691568365655977,0.22238866465899873,0.23144317211148036,0.20475459612715202,0.21203579137502784,0.18372076061972298,0.2548194687607554,0.227192442045198,0.23817736505513404,0.20470958737812145,0.23684232575180694,0.23415145191103506,0.23185620821438802,0.19977560086507418,0.22118289417414347,0.21295468363440892,0.2492013555214042,0.19651324657669889,0.25219411591669677,0.20320697215799327,0.22128164589438543,0.20508751752028287,0.22836842080795144,0.20693146356986056,0.19817796585807715,0.19667198533095664,0.20212837674778691,0.2019939537898798,0.19943872386767952,0.21676523629977498,0.2565689643670778,0.21024708605827164,0.26436928912043267,0.25370342987244277,0.23844713651011043,0.1803887290332513,0.21448026210497323,0.17259147312406806,0.2636456361467557,0.25026299014161263,0.2431593694883195,0.15733430960391562,0.1923626663935377,0.21032327661648692,0.20585580741815993,0.20497841751074047,0.2677178029781986,0.18895648006640156,0.21837538652984703,0.259959309020102,0.22726269737785032,0.25868330514456284,0.17943307318868,0.2666217877113636,0.21650925238021004,0.0,0.1797788651186441,0.23683256189726357,0.23421316299999165,0.26261739550810814,0.20741529529190958,0.2200021023439671,0.19945577815445423,0.22663746298447673,0.20751768664819123,0.2185714707819186,0.20797941050289823
lo_A_model_1_unrelaxed_repeat090,0.18620065168939798,0.1772566247442864,0.2063918201016312,0.22248862053169016,0.1680964681476669,0.1724057529021654,0.16621555372596508,0.1534556083960822,0.2000112757908681,0.14397760416368688,0.1773421892116819,0.2230240490762836,0.19367347268025276,0.1792176999548598,0.18014456601242634,0.1669436293885429,0.22188863347462404,0.16968009705382234,0.1884892493983932,0.17793770349006705,0.20906261049574631,0.19925729263825678,0.18228955491521562,0.18522790354530352,0.19147885206162676,0.1684091048887858,0.1832186354697711,0.23016087674613459,0.19430292780587274,0.1890851849116578,0.21661145967727402,0.1701149438893533,0.19045773039506408,0.18866349679113664,0.19806435494086308,0.19812770119287054,0.15124965292763357,0.1561917936219755,0.2044936668939013,0.22425707325970795,0.21158210019186946,0.21805115424028873,0.16683927485386202,0.20633364996358722,0.20350752570506575,0.19450550264180166,0.19108697957348608,0.18227295948564795,0.181714913728193,0.22296760800689128,0.21254495375724192,0.22749668990973376,0.20044146484636555,0.1982406313690713,0.1880837552755936,0.1902661271525515,0.18324122253637076,0.1887683474109556,0.143944048102946,0.17247082314258044,0.1631336059509442,0.16199082437498774,0.1906682143258816,0.22685503870024792,0.18534318321722273,0.23936458146774833,0.2219757426590606,0.2114114641004026,0.1720561674269259,0.1950964722294969,0.19886596660879496,0.242213441739067,0.23728291607355967,0.20967507733243687,0.17394099603067434,0.1528452516714607,0.1965170940156183,0.17810468622717401,0.17134834383682357,0.23251594988901234,0.17871359428979405,0.1855970106377088,0.2281224735686233,0.2159905226289389,0.23390298601546922,0.14524423217946386,0.2392249209509865,0.1601214176286385,0.1797788651186441,0.0,0.20787716674054033,0.20140289090159386,0.23471748519033953,0.1646624448498196,0.1774393430381122,0.2141092670919442,0.17500519264726122,0.18449571915431018,0.19432019724103305,0.21570967812328565
lo_A_model_1_unrelaxed_repeat091,0.2347550472063193,0.22293079945305505,0.25135750861824213,0.2170349872574658,0.22218720792342406,0.21525817416549917,0.21804408801996397,0.21297782498230114,0.23641424871548702,0.20559326069013478,0.2106097503744537,0.2227707900347437,0.24150773008536833,0.22894481721063456,0.21441573472144565,0.2093077738785843,0.2668469258417406,0.23018332433954838,0.23441500071625354,0.22685002009388305,0.25078216527616326,0.236319857926408,0.23463601129590625,0.2361347794134547,0.229729681291688,0.21298769165240988,0.2056364508750072,0.23655896499580303,0.21344130940565642,0.24049375175915305,0.2509656737182108,0.2415521737568057,0.22993800433358091,0.2239959137681656,0.24296529833407005,0.2154586756563627,0.2019356531458596,0.21826745350358892,0.25040059692689387,0.22123436456153703,0.20513160854445212,0.23610966027212807,0.23975327625789572,0.18319257908016612,0.1816340438743092,0.24705669276921055,0.2339864344404306,0.21916361954397584,0.23566806753220382,0.20316162829210743,0.25016337151220186,0.22547476980114928,0.24092504488578784,0.24999572528534206,0.2347018197756647,0.22495978213124654,0.22744722666058978,0.23643400661702313,0.2301806338017955,0.23382991813530732,0.2084975320884672,0.21186271704260579,0.223383129630954,0.24165501900794664,0.21275759645612047,0.22728701863767256,0.19825613048808535,0.20573594059672431,0.23036120234953977,0.21494519446535254,0.24007009765539097,0.21186116597448593,0.21008908730960024,0.21873169851910568,0.2156620820159547,0.21593831114537027,0.1905112142284047,0.20914482185628933,0.21634887181301396,0.2338809994172507,0.22363512268264535,0.22199668507236486,0.22609210651738967,0.23596000000485037,0.22920311162927878,0.21087202283448164,0.26085173793660904,0.21017014702616887,0.23683256189726357,0.20787716674054033,0.0,0.2138401961060464,0.23899393567108276,0.22986256078936962,0.20841545872002012,0.2435042402535513,0.2231596924957385,0.21799244517103158,0.22707986658507964,0.2569678013485344
lo_A_model_1_unrelaxed_repeat092,0.20196898159840534,0.20935631235330482,0.22135662484960072,0.18977018252226838,0.18570767327755494,0.20827987251118651,0.1906709559628381,0.16995282354747643,0.21009696378506384,0.19403231814934635,0.18696385779120966,0.21096738826826403,0.22542757973525174,0.20589675941228577,0.21073828666132297,0.1961567816204159,0.2365618496857693,0.2040443996396874,0.2423309616884457,0.17934356140825908,0.21574667163902908,0.1842582648200792,0.21029390904902298,0.21267478917671243,0.19153666151382784,0.16507517254091678,0.18873824097185554,0.2117016228330746,0.2072110456841165,0.2021939330252455,0.23840543423538266,0.18849957973260983,0.18319259782260774,0.1980492915625098,0.20127191480926276,0.19193534766270498,0.19135764103143588,0.20786390259701473,0.2325058831381442,0.2064571285345865,0.19238321541568193,0.23771872813325684,0.23124949027512165,0.17525537712235945,0.17034521626351196,0.19542648640341165,0.19450264441347334,0.19803219633897498,0.21380863785043008,0.22974447770461293,0.21086771341483537,0.24220571187928824,0.22195335253381832,0.20218165106807368,0.20729046955822875,0.19547184467356377,0.19910428680548406,0.22576596564724982,0.22165798190953107,0.1948412273176828,0.18344721186816426,0.16540783429211398,0.19146572959151578,0.20671720919644915,0.18867724938345642,0.22153482240799507,0.21388111227029838,0.20021092668613455,0.20249563410401572,0.18523033489981022,0.2277720116045566,0.23336704252724141,0.20066051302595578,0.20819577077826792,0.20216840810584502,0.19872785108857605,0.18532575503490084,0.18149677556971403,0.18155617487486658,0.19735559795906396,0.20368618742336764,0.19711336070164256,0.2111218640686932,0.2109230310700218,0.2263170127759221,0.18548453270854115,0.2610467632233992,0.17516720399727562,0.23421316299999165,0.20140289090159386,0.2138401961060464,0.0,0.22051397822422658,0.20370561524514594,0.1580318180236764,0.2008608326823961,0.18797059323172216,0.17449094651264402,0.17360792737185687,0.25036149715177874
lo_A_model_1_unrelaxed_repeat093,0.24432637533103838,0.2365235336583845,0.2583578032621383,0.23962859375931586,0.23913438198351583,0.24196264328180886,0.22601770032094634,0.21462545943986028,0.24896375740974133,0.234819664164038,0.23355286382377355,0.21919632696921593,0.26764886302199586,0.23364106459960954,0.2304001985722797,0.24655171856725974,0.2686693933414354,0.22521835661088205,0.27154917300913595,0.24227527941524857,0.2485480549558125,0.23971303420897028,0.25084942277021244,0.24765823686884364,0.22672213871415103,0.2243393939155021,0.23995525632035106,0.22616026639182357,0.25349467040868534,0.24972854160494273,0.26078991045721156,0.22193387704378362,0.24188434851052967,0.2481684969153626,0.2312451027977765,0.2449018156010535,0.24150727099952213,0.2435090119743671,0.2700822891610165,0.20043137670237593,0.2283808667877748,0.27326819768934585,0.2596299297638555,0.2281213992993903,0.22974712602560304,0.23879237544231777,0.2424542940275914,0.22438053144121625,0.24785521293858187,0.2507879188826901,0.24611712612311556,0.250556181895644,0.25039320951361543,0.2364405710400872,0.24128785129319735,0.22200554581996634,0.2455486980012901,0.25573117199884476,0.23955218294724964,0.23439957020472593,0.2228059909094044,0.22475758806002066,0.23086056025935178,0.24563334330240477,0.23065733460825322,0.20146110215012278,0.22819442241343427,0.19379863596491023,0.23380777169689104,0.23925007956580926,0.25602033683974496,0.24301715676788735,0.20238950888008259,0.25543673279996226,0.24349351675940503,0.23336788237987333,0.23748229058286938,0.22924258318566518,0.23446625594918108,0.25048663538487986,0.2340440924184891,0.2226881240036075,0.20350681358609513,0.24737138476966414,0.1813024993771475,0.23301474223778856,0.25715617182868683,0.22439168315205257,0.26261739550810814,0.23471748519033953,0.23899393567108276,0.22051397822422658,0.0,0.22896037915269393,0.23359097751894153,0.2538338957626707,0.23133225274223712,0.21773093211182296,0.22523007089524982,0.28401813700171114
lo_A_model_1_unrelaxed_repeat094,0.17453516765867658,0.15742040612078598,0.1666989164792765,0.22717910097516794,0.15889978576771058,0.19837903634226536,0.14284475801618995,0.1557647597242712,0.17102412382438875,0.1603899852028235,0.17591738453108466,0.24890420562244006,0.19475476821502796,0.15063659004495542,0.16873425110635795,0.1516682519686363,0.21983515543491444,0.1445412663650192,0.19533247618301539,0.19565290205610467,0.16152458101421244,0.19349492309790406,0.17585036638882617,0.16649486710566244,0.17865877435432925,0.1959860677948077,0.193567433622199,0.22695228365406236,0.2068826756590309,0.2004844440431487,0.2130465040209214,0.18962339454734126,0.20636547159925617,0.16881242267274324,0.14852844508231203,0.20621179439785683,0.20125540396515773,0.19163108035627247,0.20109983641467383,0.22916972363678334,0.22854293023086966,0.18825117683403506,0.1594756178080222,0.20341231867243614,0.20704295131925435,0.21197745918983452,0.1654539781453446,0.1624145070583422,0.19669613100978958,0.253850529393278,0.2147114295912977,0.24013374671006338,0.19162337808102042,0.20787804213185251,0.16320176739624773,0.18057509385500514,0.1534057510770679,0.14705207781886,0.15346349703208306,0.19362003998953928,0.16565300962985174,0.174228815396447,0.17915212483821852,0.208970397859812,0.19301817981637903,0.23935531498115553,0.222427204982781,0.2178223495550106,0.14415394330551393,0.18810390091473891,0.18597795799064226,0.2434748405834549,0.23633032700457363,0.22903896064548107,0.19809159743113364,0.19168447189798585,0.20191306079640234,0.16628854130684137,0.19654764299188437,0.2193506243972469,0.15066820172157863,0.18225372510523713,0.22740630795654354,0.21140826465248763,0.2269264115972413,0.16980643612970905,0.25856613369419096,0.1656465625691856,0.20741529529190958,0.1646624448498196,0.22986256078936962,0.20370561524514594,0.22896037915269393,0.0,0.22581193892187512,0.22599314433750783,0.15676695386931822,0.190311714032148,0.21012438104101197,0.20743745528249535
lo_A_model_1_unrelaxed_repeat095,0.21782009350160333,0.2240588780427073,0.23028130213195333,0.19911973809781658,0.20189734144036345,0.20677961701847247,0.2095020815517952,0.18432406152386172,0.2281487567832561,0.1975761948962971,0.20338820925111373,0.20792792577620875,0.22420437998781928,0.2212349801728343,0.21952181090941722,0.21015805823727077,0.22956452460803292,0.21330664420856496,0.22849633687581347,0.19912791196085097,0.23981626073461423,0.20954911402201293,0.20719181398536599,0.22598178107784045,0.21899201584599345,0.18192795426661007,0.20885628328407768,0.2323872982033172,0.22692107052027102,0.20467927596262325,0.24079663981324678,0.2045439870353854,0.20404942176738738,0.2031195501304772,0.22575051303259053,0.21851020214312525,0.1786573666253348,0.1922888102626293,0.226595337384019,0.21460642353927914,0.20035536454760647,0.24476308535851626,0.21886154911816608,0.1997060823142468,0.19273962585895976,0.20254357026101139,0.21531491990880752,0.2202313064170947,0.22117546617638334,0.22554520370145864,0.23140870210643885,0.24509544781731982,0.24549267680192877,0.22021521077299358,0.22212345675979034,0.2211353400671395,0.21564836993672415,0.2410195487711373,0.20553598865486283,0.1790890268615114,0.2036091967646675,0.18013974705556177,0.2222695253898391,0.22805590510051701,0.20462847593054959,0.23596399727806977,0.23960335607070143,0.22166126124186922,0.2153456508876443,0.2051384681871881,0.21586598661529863,0.24163683659811575,0.21932276305023277,0.22440369113527503,0.204246734292722,0.19428620688556347,0.20249941238721503,0.19694594583133498,0.19598793793721403,0.22933575039482162,0.2174611786839685,0.2111283244494577,0.22282092799232098,0.2326908741623851,0.2472690384910339,0.175824495502999,0.2534608513111115,0.19180820848233193,0.2200021023439671,0.1774393430381122,0.20841545872002012,0.1580318180236764,0.23359097751894153,0.22581193892187512,0.0,0.21904166352010246,0.2147004467419372,0.19424915419527417,0.1922970631991593,0.24731037012273305
lo_A_model_1_unrelaxed_repeat096,0.2109356986279253,0.21618446992271526,0.23552931530724305,0.2172321042674483,0.17970357487032113,0.1983425974922467,0.19546678220881222,0.1983272032329482,0.21397152084107907,0.20131333096595114,0.21908268178755588,0.228254283069624,0.22852429615730513,0.2138783156506975,0.21985962227068243,0.2067501730317073,0.2138843008134955,0.20901390593818506,0.22140468389047446,0.2002360631175571,0.2376017243185361,0.20184235197319597,0.23050266958691668,0.18993873569924377,0.22778015465687057,0.20369659265633216,0.2079433798252824,0.24646181572292705,0.22065220466161553,0.1949742486940035,0.25522894936730023,0.23033374305618318,0.23768660916718948,0.1987484466967671,0.2205943428367087,0.22809501320737272,0.2039564436375756,0.22981853013937328,0.2183765087430776,0.24592689517057775,0.22871730337709817,0.23962047304346443,0.2368603060412794,0.22829755387308667,0.2082178325895685,0.24278789968740389,0.20791361348499796,0.22890074189994714,0.22186415890619435,0.27022715660338686,0.18568653420284206,0.2708641910890145,0.20045268582905074,0.21497987196596038,0.21323519626702958,0.21970573439986293,0.20926032072800474,0.20962317031668865,0.23844852964015872,0.22665885326935525,0.194702556610813,0.18546352247494005,0.21884267969236626,0.24535223460808683,0.18506995004364143,0.2664254973470515,0.25719483549415234,0.23888113959772517,0.20975650301704574,0.2091671624796773,0.21403887176540956,0.2659750873056327,0.23623268033038974,0.23713255741337527,0.19499020921093935,0.22556903215857366,0.18754339583650612,0.21756328334618405,0.21415948023769468,0.2593400152130423,0.2028269592372256,0.21031305162843475,0.2533929759999733,0.21430487221397815,0.2441425537513226,0.20950734295604911,0.2910508713750624,0.22604723005290792,0.19945577815445423,0.2141092670919442,0.2435042402535513,0.2008608326823961,0.2538338957626707,0.22599314433750783,0.21904166352010246,0.0,0.23843754337079162,0.18204518375128365,0.19089134720507434,0.230080380928331
lo_A_model_1_unrelaxed_repeat097,0.1833849356432719,0.1869779327978624,0.1989056289127124,0.21672709644796134,0.1932496439652706,0.18677869594507118,0.18136175958501038,0.14964660803418614,0.21515996311624316,0.1709576125631032,0.16591220423341632,0.2538112784983953,0.23188525910578694,0.17117513724508204,0.17361909617878993,0.18218262779761588,0.2474903954726648,0.18556107856166146,0.22704617518301437,0.17000096271712592,0.20240760445320827,0.19042317455531857,0.21747574347170168,0.20957935867413174,0.17477929675767465,0.1805323727899759,0.17712562808891924,0.22740146131144545,0.1746888900232867,0.2153248057236852,0.2244445134727959,0.15036591039864824,0.17044238912736737,0.20855871368258092,0.20434022654171335,0.17593866387972415,0.17611591806289376,0.18258067454735952,0.2408680154324544,0.22968810537568757,0.22074163977545838,0.2117493794887649,0.2144842628226355,0.18733837860214825,0.18821329330529243,0.19181671330242817,0.20399215811458551,0.15726969718859107,0.1816001266755717,0.2414127932956531,0.20422212023184108,0.23170958155842405,0.19801689065396222,0.1838139648576271,0.19696628179957948,0.15400011147646597,0.18703727719766572,0.19406867433373629,0.20397291118639768,0.19325731695834938,0.16244452778281215,0.17012540943557586,0.14219017972525538,0.20792056849673562,0.18763698934672124,0.22725431104472366,0.2048610841654323,0.21817502128832963,0.18574462370699052,0.18254431880006636,0.22815356184496988,0.23620186560687018,0.2260337884777837,0.19420139687060697,0.19403713123412217,0.17383792214578977,0.19156366057136764,0.15926445916845453,0.1674181849170382,0.1946761038436031,0.19919532617139005,0.18606437730951228,0.23278163184816394,0.2038045151623787,0.23547088305522984,0.18262842033528925,0.25519315806974135,0.1273644585167939,0.22663746298447673,0.17500519264726122,0.2231596924957385,0.18797059323172216,0.23133225274223712,0.15676695386931822,0.2147004467419372,0.23843754337079162,0.0,0.17908029225171979,0.198116388965017,0.24669014117121293
lo_A_model_1_unrelaxed_repeat098,0.2017125286292564,0.18684872278781892,0.21744178968799482,0.22292855274289128,0.16184497430613812,0.17741976525865125,0.16265908862716094,0.15785874872605643,0.19653853127959245,0.17144993054485044,0.17229715655624636,0.2209784322621458,0.21060758687884418,0.18790503034560982,0.1856669753916214,0.18310160879039514,0.22345733879282634,0.17251832437763187,0.2322008429647352,0.168580696451352,0.20604338196204616,0.16830757150707581,0.20896157863295886,0.19570951949992071,0.19023065887637017,0.16651903103462254,0.16471406446598344,0.20959119074739932,0.19276185133597387,0.20126590927795526,0.20038055354121095,0.18325978105782498,0.18154950218976226,0.19057209255465,0.19782920626081835,0.18150609538234302,0.17974913690322272,0.1926509002959381,0.2257006702710498,0.20883324832988506,0.19972865856689861,0.23293886050308343,0.2121015419358364,0.1887135349763281,0.198088915166584,0.19296181658800843,0.17169922965741558,0.17028921035849787,0.18320106452452303,0.24296366731213645,0.16993459904981184,0.23635882435050903,0.18611549477751818,0.19964234831045422,0.19133668204015267,0.16651809286187988,0.19189759578359764,0.2128808669639273,0.20653092616382832,0.18249845669286896,0.12839229383370263,0.1515829579241915,0.16663076723526615,0.20842923068996005,0.16631107502713394,0.24402653412328582,0.23020754025005966,0.19890743060871074,0.18180849158076384,0.15691792866854054,0.2167077176913873,0.24228671932934387,0.20932767162003577,0.2006182775225346,0.1939373857334413,0.16548985593606524,0.1717911472784957,0.16363339813211494,0.17351276230823498,0.22342505728582898,0.17657223513427794,0.18085788886765553,0.2201932666502579,0.1819354410801536,0.22148392760193678,0.16715203088989125,0.269452039733861,0.16788456419684655,0.20751768664819123,0.18449571915431018,0.21799244517103158,0.17449094651264402,0.21773093211182296,0.190311714032148,0.19424915419527417,0.18204518375128365,0.17908029225171979,0.0,0.1588009902564772,0.24206628988386675
lo_A_model_1_unrelaxed_repeat099,0.22383038297636812,0.2053056983057105,0.2342391616179482,0.22530877049082187,0.16961310345634137,0.1912767501185349,0.17956809492587367,0.17128225916098377,0.20604504764617274,0.19179567245218984,0.2009767280245133,0.22470240564260474,0.21565839503167847,0.2095597019217385,0.21782394946693392,0.19976837803839617,0.24337077219971848,0.19006882120806146,0.2462174202321011,0.1910807901998651,0.22207183619086987,0.20018807180139223,0.22297747276786872,0.2269658240014646,0.21018947647988906,0.15483847876557613,0.1855523348159514,0.21081361225741235,0.21783312640301558,0.21960022723056066,0.22214083096985368,0.19128779073458968,0.1933756726861948,0.20639232471783453,0.21208564145954037,0.17881035501758966,0.17204618603373736,0.21615446776366132,0.23706459886354767,0.22887164847034597,0.2047487507407551,0.24331399731119796,0.2197735022123416,0.19207560653713798,0.19036299636816525,0.205891190341821,0.1959182977650164,0.20656990420167312,0.2116397579011645,0.253247057441946,0.1889239577252581,0.24283191582227617,0.20710978891352635,0.21833359652268206,0.2005864834405743,0.194213732683361,0.21701607701367065,0.2336525078414543,0.2262790236997756,0.20352375965454225,0.1652987870017903,0.14746355918515477,0.19879236045458915,0.22040343098311177,0.1750137824125139,0.24557965180184008,0.22528927263906173,0.21430113050343452,0.19021696895642606,0.18515954764196116,0.2369581607733347,0.2579869034393197,0.20931596271203445,0.20905545738686945,0.1990350836429194,0.18766390299258182,0.1735729396510672,0.19749940040835443,0.16843884029063763,0.21677410629883706,0.187172947955499,0.18876566302291498,0.24299426746330582,0.21505481085951028,0.22748810090090898,0.17801000920243723,0.2738327706212213,0.20110642596312622,0.2185714707819186,0.19432019724103305,0.22707986658507964,0.17360792737185687,0.22523007089524982,0.21012438104101197,0.1922970631991593,0.19089134720507434,0.198116388965017,0.1588009902564772,0.0,0.25061502260740337
lo_A_model_1_unrelaxed_repeat100,0.23933763570040742,0.1964972248418011,0.22594661972296604,0.245581649344964,0.2173741551312556,0.21067681586714732,0.19470459411620744,0.2255194893068548,0.22076321315019984,0.20721738566374243,0.22077575544362302,0.25207397976238544,0.19006640884464981,0.2224766731595541,0.23398237158938334,0.19286761973192562,0.21620424958668577,0.20651155977440536,0.17719017369422924,0.23559673725185498,0.22908673695177184,0.23709960964266447,0.21496036032091823,0.19172542733028017,0.23780464686698355,0.23877425904212515,0.23653890907812267,0.2853140984317959,0.2284396847233626,0.2058580118189305,0.23748857061573392,0.2587767421716725,0.26752225530139556,0.18594948781098425,0.2167942267838554,0.2583391949125027,0.2278575980267956,0.23961779712312734,0.1700175821926941,0.26836946379704313,0.2576953064347742,0.21139249610756422,0.2065155299040713,0.26282104204774304,0.25793693432445486,0.2677655295718543,0.22276764648498174,0.23661299054814666,0.24172139698942227,0.2785877341305813,0.23800598867208536,0.2893086619162995,0.2118412975229206,0.24023502560000648,0.1964817660911432,0.2594928750803257,0.2080558030129945,0.175810462547195,0.19712570733451185,0.2277316312048373,0.22200884579419955,0.23379487175745717,0.2487965420043147,0.26668520232433157,0.23406066794829192,0.2904740686349751,0.2809013323431561,0.26719423100348755,0.19918734540473407,0.24085528158349917,0.17209792684242914,0.2835453997251468,0.2778449619659184,0.2680117788285509,0.19752560689468346,0.23693297978515201,0.23521393117579206,0.216688868676491,0.23845826092452185,0.28575531065573256,0.19521413868563772,0.24180359733731147,0.2788899239835868,0.24099648398529822,0.2806146962033918,0.21216403214944635,0.2976918974515389,0.22760629361400325,0.20797941050289823,0.21570967812328565,0.2569678013485344,0.25036149715177874,0.28401813700171114,0.20743745528249535,0.24731037012273305,0.230080380928331,0.24669014117121293,0.24206628988386675,0.25061502260740337,0.0
