,lo_A_model_1_unrelaxed_repeat001,lo_A_model_1_unrelaxed_repeat002,lo_A_model_1_unrelaxed_repeat003,lo_A_model_1_unrelaxed_repeat004,lo_A_model_1_unrelaxed_repeat005,lo_A_model_1_unrelaxed_repeat006,lo_A_model_1_unrelaxed_repeat007,lo_A_model_1_unrelaxed_repeat008,lo_A_model_1_unrelaxed_repeat009,lo_A_model_1_unrelaxed_repeat010,lo_A_model_1_unrelaxed_repeat011,lo_A_model_1_unrelaxed_repeat012,lo_A_model_1_unrelaxed_repeat013,lo_A_model_1_unrelaxed_repeat014,lo_A_model_1_unrelaxed_repeat015,lo_A_model_1_unrelaxed_repeat016,lo_A_model_1_unrelaxed_repeat017,lo_A_model_1_unrelaxed_repeat018,lo_A_model_1_unrelaxed_repeat019,lo_A_model_1_unrelaxed_repeat020,lo_A_model_1_unrelaxed_repeat021,lo_A_model_1_unrelaxed_repeat022,lo_A_model_1_unrelaxed_repeat023,lo_A_model_1_unrelaxed_repeat024,lo_A_model_1_unrelaxed_repeat025,lo_A_model_1_unrelaxed_repeat026,lo_A_model_1_unrelaxed_repeat027,lo_A_model_1_unrelaxed_repeat028,lo_A_model_1_unrelaxed_repeat029,lo_A_model_1_unrelaxed_repeat030,lo_A_model_1_unrelaxed_repeat031,lo_A_model_1_unrelaxed_repeat032,lo_A_model_1_unrelaxed_repeat033,lo_A_model_1_unrelaxed_repeat034,lo_A_model_1_unrelaxed_repeat035,lo_A_model_1_unrelaxed_repeat036,lo_A_model_1_unrelaxed_repeat037,lo_A_model_1_unrelaxed_repeat038,lo_A_model_1_unrelaxed_repeat039,lo_A_model_1_unrelaxed_repeat040,lo_A_model_1_unrelaxed_repeat041,lo_A_model_1_unrelaxed_repeat042,lo_A_model_1_unrelaxed_repeat043,lo_A_model_1_unrelaxed_repeat044,lo_A_model_1_unrelaxed_repeat045,lo_A_model_1_unrelaxed_repeat046,lo_A_model_1_unrelaxed_repeat047,lo_A_model_1_unrelaxed_repeat048,lo_A_model_1_unrelaxed_repeat049,lo_A_model_1_unrelaxed_repeat050,lo_A_model_1_unrelaxed_repeat051,lo_A_model_1_unrelaxed_repeat052,lo_A_model_1_unrelaxed_repeat053,lo_A_model_1_unrelaxed_repeat054,lo_A_model_1_unrelaxed_repeat055,lo_A_model_1_unrelaxed_repeat056,lo_A_model_1_unrelaxed_repeat057,lo_A_model_1_unrelaxed_repeat058,lo_A_model_1_unrelaxed_repeat059,lo_A_model_1_unrelaxed_repeat060,lo_A_model_1_unrelaxed_repeat061,lo_A_model_1_unrelaxed_repeat062,lo_A_model_1_unrelaxed_repeat063,lo_A_model_1_unrelaxed_repeat064,lo_A_model_1_unrelaxed_repeat065,lo_A_model_1_unrelaxed_repeat066,lo_A_model_1_unrelaxed_repeat067,lo_A_model_1_unrelaxed_repeat068,lo_A_model_1_unrelaxed_repeat069,lo_A_model_1_unrelaxed_repeat070,lo_A_model_1_unrelaxed_repeat071,lo_A_model_1_unrelaxed_repeat072,lo_A_model_1_unrelaxed_repeat073,lo_A_model_1_unrelaxed_repeat074,lo_A_model_1_unrelaxed_repeat075,lo_A_model_1_unrelaxed_repeat076,lo_A_model_1_unrelaxed_repeat077,lo_A_model_1_unrelaxed_repeat078,lo_A_model_1_unrelaxed_repeat079,lo_A_model_1_unrelaxed_repeat080,lo_A_model_1_unrelaxed_repeat081,lo_A_model_1_unrelaxed_repeat082,lo_A_model_1_unrelaxed_repeat083,lo_A_model_1_unrelaxed_repeat084,lo_A_model_1_unrelaxed_repeat085,lo_A_model_1_unrelaxed_repeat086,lo_A_model_1_unrelaxed_repeat087,lo_A_model_1_unrelaxed_repeat088,lo_A_model_1_unrelaxed_repeat089,lo_A_model_1_unrelaxed_repeat090,lo_A_model_1_unrelaxed_repeat091,lo_A_model_1_unrelaxed_repeat092,lo_A_model_1_unrelaxed_repeat093,lo_A_model_1_unrelaxed_repeat094,lo_A_model_1_unrelaxed_repeat095,lo_A_model_1_unrelaxed_repeat096,lo_A_model_1_unrelaxed_repeat097,lo_A_model_1_unrelaxed_repeat098,lo_A_model_1_unrelaxed_repeat099,lo_A_model_1_unrelaxed_repeat100
lo_A_model_1_unrelaxed_repeat001,0.0,0.2626231164378978,0.2752269449829271,0.31199757894955893,0.25286144967644825,0.2548452923498964,0.26374153906382275,0.25537708100964573,0.2992992292210311,0.25203168726907477,0.26094227843576895,0.3125176275428888,0.32146494968653594,0.2766172112234963,0.23214685056855375,0.2715427761073384,0.31107078899404733,0.2898344453691808,0.3021980989138159,0.2575933515523033,0.3000477310622323,0.2753122300849251,0.276463565419192,0.280855121775897,0.27631133567104105,0.28331796642666884,0.2732618630172993,0.342149102853845,0.27106292128606846,0.2962841886733021,0.3020179626866715,0.2614485345045247,0.2714247367074519,0.28100595913627907,0.29221736280458,0.28420820915597284,0.2511187557126556,0.26467417278538535,0.3093352510916824,0.3225825686407188,0.2825762839007831,0.2575156980922687,0.2906837187054992,0.3161465497448829,0.29783035180272616,0.2964358620591229,0.2896685491788932,0.26809335806937773,0.26239493435216443,0.34858922704690926,0.27355493651260415,0.332405418044948,0.2808306196088155,0.26091480968182285,0.2830633570272906,0.2712996326960312,0.2690641333741519,0.282323285912162,0.28302484257826566,0.27664503423021103,0.24972413964762552,0.2562144912415661,0.2311913537744996,0.2897010940456961,0.2613129608712766,0.34920207430389094,0.3058801882379918,0.30952374695404106,0.2697382294862038,0.30089066641065354,0.30376257575949966,0.3225066345482072,0.3275173880650897,0.3023501650695706,0.2630451692908796,0.23781065068537016,0.26849967298301974,0.2610214336816073,0.27541457890209237,0.28422743718983595,0.28109081411473635,0.2894302033864674,0.3405288741987823,0.269216581870843,0.3415298410562432,0.26210619346432945,0.3409763394893543,0.26648831661039596,0.2897003039253162,0.2616861797121898,0.32311962909536135,0.2895399142530035,0.3425478883221898,0.2560207766068281,0.28745516537888877,0.30031523733231186,0.2339765709753417,0.26567445954576746,0.2885228027822444,0.2937080777013292
lo_A_model_1_unrelaxed_repeat002,0.2626231164378978,0.0,0.2628490866375778,0.3269462031320891,0.22782770891603257,0.2521596560348554,0.18813572247590504,0.2432679866006233,0.23872928982373004,0.2047856620517517,0.24511904789200892,0.3250732502463884,0.25977474560652664,0.23335955299241196,0.2530173844870084,0.1999367568104756,0.27010753964982087,0.2248221042085776,0.2407737883727836,0.2590199974604399,0.24237994978385607,0.25804015391028373,0.2573090080195628,0.24214840741995988,0.21289986362449947,0.25652330500089787,0.2497676745963086,0.3545251312241882,0.24685964689406775,0.2541779647574517,0.25548596012815206,0.2818136642265209,0.2848811212047652,0.2200763945914378,0.23097268973812485,0.25509565094330006,0.2543389422954224,0.2681754704958668,0.25805395849233204,0.3115805386184761,0.29085892238759836,0.23856047781155343,0.2289991909825718,0.29729404335057075,0.2876197020198472,0.2744528696924181,0.24552690705643268,0.24542608419645562,0.26509927419520957,0.35019549006082495,0.2672703110527677,0.3413229332732488,0.2365430574456817,0.28082190834407594,0.23288493600739882,0.25285556559611805,0.23929211292389527,0.2506753681562792,0.24519409263176886,0.2558091317254055,0.20926549113431306,0.25575101894418156,0.2413472557417574,0.3091793558856502,0.26680920725458973,0.3439826907845372,0.3050536199026931,0.30046582813519257,0.21643925558706859,0.257627449465636,0.24977408963144282,0.3342249163463488,0.321943179127237,0.31254271238862524,0.24811529923956363,0.26245926177515505,0.2485435112150302,0.2296251221220908,0.265549771178245,0.3062212819737052,0.20466896402600776,0.2750404314146058,0.3226998942444055,0.28409090003901666,0.34180849493583454,0.2277989475722429,0.3576156935359985,0.2518728134656262,0.2758032098916766,0.24422877944579982,0.30666394537574704,0.2847572065227967,0.3395591267691771,0.219646484079592,0.29600786827882747,0.3056253234607473,0.24345404339348153,0.26694659842214874,0.2905955603330248,0.26017805062255167
lo_A_model_1_unrelaxed_repeat003,0.2752269449829271,0.2628490866375778,0.0,0.31214528366065053,0.25033396863233726,0.27728156155374345,0.2520863444055734,0.27565554587453467,0.26142888971512385,0.2384090688714917,0.25925070858120514,0.3405067753974352,0.27033550923555727,0.25165216587467204,0.27656285002564274,0.24971382762705494,0.3160271986266639,0.24704317242435145,0.28717692552191143,0.3005152466145146,0.23014152515851846,0.25976488764389744,0.2611981855442656,0.22932032434740338,0.274285389629551,0.2925466104970364,0.3001971693510936,0.35458964979605545,0.2965827789644143,0.26364019353127366,0.28594070836126184,0.28965842446100254,0.3059565548370921,0.2506723434051147,0.22747535199528565,0.29495665402552657,0.30055375692402264,0.28441733224984755,0.2711232397984324,0.3510384349791601,0.32408908328664726,0.2469370593934005,0.25603988646710635,0.3175467928750597,0.30770008436304386,0.29995087819109795,0.2540545039693736,0.2532918044418826,0.29290064328768634,0.3728786828986459,0.2713313227315987,0.3613622691379238,0.30470328445779926,0.31452737211752935,0.24282363770271972,0.28380543013574466,0.24216754861518705,0.25409831042154607,0.25333438746862985,0.27378970240769124,0.26483611689607106,0.29794983783436124,0.2710431288234465,0.3087788028186199,0.2934156796888461,0.3669633342694338,0.3352500828124448,0.3452728804085786,0.25823296310345484,0.2751148024124434,0.25503389771609425,0.3627290455905364,0.3372856390197843,0.3427495488237499,0.28981386162844,0.29655364261304773,0.29305143171617726,0.2571003711750901,0.3036260123322883,0.31411287074090577,0.24541256029315686,0.32279741140936896,0.35842490429261104,0.3138534781111413,0.36192530785956617,0.27008974294070104,0.35773540625297545,0.2623737791777219,0.29694866923464885,0.28746019193209454,0.3530715417459245,0.3129615789972776,0.36075639817873717,0.2219049404026582,0.3120508102128665,0.3211041394678755,0.274111753157146,0.30727195039922844,0.32178690111342806,0.2835771903553645
lo_A_model_1_unrelaxed_repeat004,0.31199757894955893,0.3269462031320891,0.31214528366065053,0.0,0.3192359888783467,0.3036855632330354,0.32810087774946806,0.2952065303564489,0.3423257991879951,0.2998078068197073,0.30502693424542776,0.3246890445942736,0.35490767301685305,0.31169167847737894,0.3213788693775672,0.32889997435853835,0.3361102074182785,0.32300874523654105,0.3310057937246055,0.323032483960744,0.3313900579820216,0.3428550914510467,0.3255500462571396,0.3066846110318821,0.31353816395697465,0.3088816876988796,0.33039638914916125,0.34233628857868026,0.31946759178850576,0.31401375000648146,0.3529927232407833,0.31514689900778065,0.3161555999444764,0.3283521958518687,0.32456794214786544,0.33450631955983273,0.30370770339046793,0.32408082850558145,0.3294889613925514,0.3357244424934736,0.3193270373698758,0.3352593000697547,0.3527471180996535,0.3334179434819988,0.2957756467160064,0.3295936718978061,0.3314986130771937,0.30494578424774477,0.33785539228258676,0.3560010769783263,0.3100233504519699,0.3614199068536488,0.32048635251118374,0.3082929602767847,0.32456463631664084,0.3020400829874147,0.31702818006099975,0.32816819373036715,0.33966018531444003,0.3173053569615699,0.3139921087369396,0.3029976604866314,0.2908090436299024,0.324879332721792,0.3021580937040146,0.36541234278211066,0.31093932173749766,0.33145981356937515,0.33319526468167987,0.318943669599637,0.3266456739043096,0.36443948378167784,0.34177898638810533,0.34723819400557276,0.29697275685132146,0.3100997578195021,0.30716964412489867,0.31882366045571425,0.29866412156589817,0.3048087653018923,0.33264995757934396,0.330717086238655,0.3630231905951344,0.3299233448057026,0.35769385332133213,0.3305570362589711,0.38643874936400247,0.307897108577967,0.33258337666222254,0.33515490834748857,0.31098808794560434,0.27843924295466577,0.34781048232707873,0.3257878312886115,0.27533322248661546,0.3201856578734725,0.31749651074423474,0.31473225899132967,0.2968469015766874,0.333378079972287
lo_A_model_1_unrelaxed_repeat005,0.25286144967644825,0.22782770891603257,0.25033396863233726,0.3192359888783467,0.0,0.24492934954001414,0.2056405603406697,0.239905739715618,0.21454766603585,0.21655661340565932,0.2421324552680505,0.3057469570032353,0.25285539586099975,0.22617469541689267,0.25735431730435987,0.20968318632310373,0.2692610031916451,0.23701040945853505,0.2624487960142466,0.2590822914877006,0.2451750126712355,0.23856821364297706,0.25945408738751585,0.24210373874588417,0.25402972576782556,0.25007998720409436,0.24038756260986285,0.336885253194233,0.2647675580574665,0.255712922458851,0.2546841854822634,0.2611854783046968,0.27328248942656697,0.2226525613823671,0.22586410134122267,0.26004869137992603,0.2609671677835053,0.27656078088220415,0.2695635745866267,0.32656529623317704,0.28858968401947543,0.2391986502418844,0.24781448135123574,0.2863413331749475,0.28154885330155766,0.2822334284851928,0.2303817196888888,0.2497915010391993,0.2461688709374075,0.3519713946628962,0.24210190691800287,0.3399420972322674,0.2469857194993746,0.2848224605761296,0.19752944765162614,0.2594308175026632,0.22712244842998186,0.24521439628019703,0.26800961911292087,0.250070834028028,0.20785944959716973,0.22508176864221432,0.2377515684439704,0.2983103586872958,0.25804608609024665,0.37083970755319634,0.31110348617946826,0.30526594329754353,0.1989891478770094,0.24032119660850126,0.2577194468889009,0.3446083800813869,0.3122914067770375,0.3306391694460291,0.2659700844773898,0.2529774625663788,0.24275369456133095,0.2492735654727366,0.2459312394451955,0.3035139458205871,0.20523380714128286,0.29240745084632075,0.34195081174606257,0.29149891354023244,0.33233698016231183,0.21402632437397923,0.36419107060503364,0.26802445813277503,0.24655764516462944,0.24540404917882253,0.3112599803916642,0.278147921247707,0.34228396379922016,0.22884720743122494,0.2741198426343743,0.26938052179430966,0.2528862857760766,0.24849371687177452,0.25158860076389544,0.27110081322249824
lo_A_model_1_unrelaxed_repeat006,0.2548452923498964,0.2521596560348554,0.27728156155374345,0.3036855632330354,0.24492934954001414,0.0,0.23231551974697595,0.23566428195874356,0.25603295791065783,0.19265170155383515,0.248809181067924,0.29659942013242346,0.2829953213947723,0.2530539646258788,0.25429652748567616,0.23371552594391093,0.281775842078108,0.271350725119521,0.2549726345101962,0.24476043000714356,0.2727592281968176,0.25051591972806037,0.27406373328088657,0.2404561116522125,0.24785211798394485,0.2384574294011905,0.22753081509299186,0.34423625317089823,0.23197873712438705,0.24170975394099137,0.2743063041525916,0.26400665444424704,0.2609703473089137,0.2617737996334527,0.26999592006666806,0.23604278121489414,0.22129518605367204,0.25718577088151645,0.2642133030865346,0.3111770537785254,0.274998764465946,0.2810285115792663,0.27063439485686624,0.29537260966577883,0.28259921726106485,0.28591058758213095,0.26129352489421775,0.2410464192884604,0.25547705663401665,0.32928912899168566,0.22425690356883834,0.32488157851319394,0.252220127759313,0.2696626409315222,0.25289313083260606,0.23919518131423237,0.2597042446836861,0.25564499481947967,0.26897043144179567,0.260278545631725,0.19784330731396257,0.25108223550116654,0.24431990801714257,0.31383273749636686,0.22784886942036237,0.3346697815174597,0.3081284591746792,0.2978049404333229,0.2483364969889984,0.2446589989170089,0.26627601930128,0.33951404301991,0.31596268409359357,0.29922231102695035,0.1888584788559025,0.22487624954821858,0.23829875095502262,0.24260596404690918,0.2560165856572902,0.3043055369192514,0.24478433473024291,0.2728877522386969,0.33588931346693296,0.26310112722554685,0.3460255847380019,0.23378309402108513,0.35129289101684075,0.2532714140125905,0.21992325361843235,0.22936342834107615,0.2973750203331961,0.26439387317347923,0.34091163652754003,0.2565327298569127,0.2778277685107285,0.2767896377694402,0.25066172795183495,0.2591169112132224,0.27064274685175305,0.2571079943212966
lo_A_model_1_unrelaxed_repeat007,0.26374153906382275,0.18813572247590504,0.2520863444055734,0.32810087774946806,0.2056405603406697,0.23231551974697595,0.0,0.222162605260124,0.21933388557618186,0.18847547397962816,0.23117514061123384,0.3103684183010311,0.24186512989402836,0.24678221011140128,0.24045944339926756,0.19741498233507418,0.2520740858919351,0.20290437644361292,0.25569792845301764,0.26465417281314607,0.2354259525052805,0.234498887381409,0.2518536714381612,0.2291869063763534,0.22706329432129724,0.24610336639873437,0.23396990623650826,0.3495459961628461,0.26534049709597973,0.24655985004994702,0.2386555691508063,0.2693094544578262,0.2792822908763439,0.206066922474014,0.2253608138596018,0.24442803517125936,0.24484201206630216,0.2741673308800456,0.24089948277475504,0.31502553431035557,0.28901059576340676,0.24868478073994357,0.23637794958513267,0.2879833189414885,0.28041105123334764,0.2651654813035894,0.228753667387755,0.23375029166935357,0.24821364649461086,0.36178321665220464,0.2476923538301551,0.33258191414106375,0.23883497633878248,0.2881501853679967,0.21056800355270425,0.25052859710724934,0.2346947611287639,0.23999845016190094,0.24208654265464205,0.2591848120737945,0.18701242757814124,0.2362376170956784,0.24408551703868064,0.2932118522021524,0.23269399432053875,0.35446104487221547,0.3101858780956301,0.3089287874383909,0.19607850753175327,0.2259766278570091,0.24875357381635577,0.34670342052332725,0.3198564592226297,0.3173014795087258,0.24499691977859933,0.24972494167582232,0.2239434580181509,0.2193971451412651,0.26505944484020666,0.29391151238112023,0.186996056203775,0.2773469238443999,0.34180640221496134,0.2792162031936795,0.3327643785272022,0.19263469545783926,0.3631709419091928,0.2593321454419285,0.2533868439833897,0.24008462980930784,0.31536721561807163,0.2755645006008871,0.3419353317537889,0.2189142802301808,0.2863264941117553,0.2801237208780602,0.2569138397012565,0.25132888586434715,0.2687961292213976,0.24637248048763663
lo_A_model_1_unrelaxed_repeat008,0.25537708100964573,0.2432679866006233,0.27565554587453467,0.2952065303564489,0.239905739715618,0.23566428195874356,0.222162605260124,0.0,0.26521673054897976,0.19757202920426586,0.25176458790966194,0.3060108837022076,0.30792326673608944,0.24844938287549845,0.2528701623900726,0.2560717330651008,0.2821760933167177,0.25001092966094196,0.2930690544434692,0.22307667869584333,0.2832782240438779,0.2726595030032303,0.27347464855972314,0.2634924457278632,0.23148392356047706,0.22520122936008424,0.23376559184647017,0.33332250340060676,0.24551210675578175,0.27971454895737247,0.28364604471741545,0.24285067855452244,0.2526120482561697,0.27409030183906863,0.2642661445132699,0.22170015451541802,0.22474471290771536,0.25833703906151934,0.2939595993768673,0.3037597499568505,0.28086831436512405,0.2818019881317757,0.27715584931021564,0.2790313820347613,0.258645586356924,0.2721235308143892,0.25459878953711174,0.22672981532197534,0.2636140370219717,0.33320045992614244,0.2486939274045448,0.32172741018816,0.2681585058565795,0.2602114799661069,0.2575860204667834,0.24527605538992078,0.25389266992130965,0.28481452439214017,0.26548274382250353,0.26764944082879316,0.22762975987831727,0.22357576575493185,0.237632577257334,0.26988976714421004,0.23992965111073142,0.3370440384193861,0.28502792072655847,0.2963474838553731,0.25410906380728115,0.23740496178434925,0.2865826473007491,0.3473703378891287,0.3088018286617414,0.27719471472458607,0.22170086433637654,0.21958948563887878,0.23150264878581794,0.2444544888906106,0.2231216300643555,0.2712931993250107,0.2505304815277675,0.24668677179016263,0.3218396245335331,0.2880843442699512,0.3270126631052495,0.2334538213336397,0.3550306763025976,0.2223797677111556,0.2735897642171693,0.2514500436737272,0.3079766447864279,0.2524541630373859,0.32206993260445743,0.26091075217564025,0.26722700428078233,0.29064075037696496,0.21731374706586198,0.2374067695937229,0.25619706962326466,0.29164650247077106
lo_A_model_1_unrelaxed_repeat009,0.2992992292210311,0.23872928982373004,0.26142888971512385,0.3423257991879951,0.21454766603585,0.25603295791065783,0.21933388557618186,0.26521673054897976,0.0,0.23922352935216917,0.2540338931798672,0.31976730631191796,0.2732801336971526,0.25520425772635436,0.27235186153336033,0.22381290725403888,0.26638844570612,0.24248841100281965,0.2540688629573949,0.28251567619538803,0.25454984250161417,0.24603086678420363,0.26644536597060625,0.2537441515002875,0.2672837459674065,0.2543817999446138,0.2693805749018994,0.34847844209732803,0.27007883128319427,0.2632296385902087,0.26409252941262723,0.29753998541112914,0.28363222474312133,0.23501133811262778,0.23379882038200528,0.24678139851946246,0.2664781701463006,0.28482376650926877,0.2673325020768456,0.3146886646368596,0.298274340600012,0.2574951421128776,0.2435780610335858,0.2949814377904406,0.28745984355995463,0.2889010305214185,0.25946406743320793,0.2568117494938882,0.2707474949257771,0.34872668442375404,0.2771641080215716,0.33399712162415246,0.2646442803763354,0.3150146804944789,0.2219842884540656,0.272237904037718,0.24915508152453822,0.24859237480781549,0.2713199864552398,0.2800018393563129,0.23020541924566315,0.2665657713276232,0.28310540356534525,0.308399115281078,0.27224021623594585,0.36253186925176106,0.32172825505407987,0.3024078383827172,0.23627128511876727,0.24138767873468878,0.26296972415584974,0.34256918727268737,0.32341781708232265,0.33223627767901653,0.2780665413720521,0.2845560757195292,0.253976106476464,0.25151307499922365,0.28128679381008975,0.3098387600423914,0.2159529567804135,0.2819228884313213,0.3416041849425197,0.30180378091491006,0.32155683523019973,0.23110662434660165,0.3807100135919899,0.28305163139822387,0.28821918816967157,0.2588544147034099,0.31498257099181265,0.27322961150076386,0.3362187277712959,0.23577219188526144,0.2917683738466357,0.29446073501151104,0.2792323935608723,0.2698415261096069,0.28074828481711855,0.27338444687653946
lo_A_model_1_unrelaxed_repeat010,0.25203168726907477,0.2047856620517517,0.2384090688714917,0.2998078068197073,0.21655661340565932,0.19265170155383515,0.18847547397962816,0.19757202920426586,0.23922352935216917,0.0,0.21905382436407372,0.3092356167498606,0.25503659026661485,0.22350203949743636,0.24203571545052616,0.1974837419287478,0.27409860072327064,0.2183161598155843,0.24828233962904775,0.22755583823226957,0.24593007601548914,0.23941033904886128,0.25358900207668494,0.2198302765788082,0.20978959416458787,0.22769184556744956,0.23070068054889317,0.33298734547436754,0.23436530428204605,0.22927708745667985,0.2578317203027539,0.250878399603666,0.26107097571996823,0.23173951880930566,0.23426273109841464,0.24403915115435337,0.20573869839475356,0.24344258428938342,0.2687275691807006,0.3064892346068616,0.2644992028838277,0.23857115199382842,0.2482931720460561,0.28462569853924935,0.2505530363702159,0.26018761801154877,0.24593141395917673,0.22242691812273846,0.22891889974605462,0.32990521897206654,0.2373694656715355,0.31243599630687396,0.2511385234087239,0.26934286587756806,0.20953105212014544,0.24197086571928134,0.2220071014085419,0.2402500485679657,0.24377027812646496,0.2479989731853772,0.19550967836596722,0.23790670320054863,0.23018055984108513,0.29440651000452966,0.23152755160687857,0.3352603668655812,0.2895156529528603,0.29547081800381825,0.21370175626201734,0.22515294436181058,0.26613425033027127,0.3389621878718435,0.3113571290376617,0.29608059645884893,0.21704228473259685,0.22380606769489728,0.22389509346016603,0.2185829640210529,0.2345118815832571,0.29543503482104805,0.22271237312841902,0.26474664651009366,0.3322176751634192,0.27778173006248863,0.3302226673235896,0.20609149738229404,0.3398143901345104,0.2266860843319607,0.24289939161968513,0.2207822612144209,0.2983486740886778,0.2564887256402192,0.3352785445447498,0.23609338372116628,0.2683167474592219,0.27942209931414086,0.24039012164927287,0.2537219367203089,0.266342256175945,0.2538291022748564
lo_A_model_1_unrelaxed_repeat011,0.26094227843576895,0.24511904789200892,0.25925070858120514,0.30502693424542776,0.2421324552680505,0.248809181067924,0.23117514061123384,0.25176458790966194,0.2540338931798672,0.21905382436407372,0.0,0.3294794524475261,0.28305380471959296,0.2523500985655956,0.24577942354022514,0.23261989847685427,0.27939614017976944,0.2495932026512905,0.2661537090717442,0.25452786666102006,0.2678499676128683,0.24970637979180016,0.2672928984508039,0.23692450038803536,0.23951721828310643,0.2721161705970984,0.26037114480527657,0.3571907157796782,0.2529358940988905,0.256512875910486,0.25715795650198087,0.2673145741351645,0.2926176566613602,0.24591064592588355,0.26088125111185767,0.2719316795455918,0.2523698831871865,0.26574902915155274,0.2680005978683571,0.3204309508732565,0.2925698380854863,0.24536574551086004,0.2656195284717963,0.3014322036388248,0.27964728448457965,0.28940054466147375,0.25364467729009527,0.23330848018059136,0.23892858128066158,0.3490019286606735,0.26834527115147044,0.3340509157391305,0.24970970269958995,0.29512301937755314,0.2393404145743901,0.267313236180856,0.23331577698104547,0.25308861759232193,0.2507800705335734,0.24659303699442625,0.20480878412402964,0.27107759316559543,0.23790934905778446,0.3115292935107509,0.24878244283441897,0.3554900303236556,0.3109271750016496,0.3126230801969312,0.24112747802372708,0.24572959305738654,0.2693010079894778,0.34142862359086573,0.3236502289082909,0.3048068879023774,0.26092774941519425,0.2520438343237161,0.2568625490388049,0.2085616660042453,0.2767859163517916,0.2885495273896588,0.23833140749744647,0.2921846085843028,0.3313011155799952,0.2679890139315096,0.342459170211286,0.24131643014176685,0.36491522130634485,0.24511163553974155,0.2909563432979135,0.2562377740549715,0.31534861604634673,0.26638146408167124,0.3464114004606354,0.25419529963721554,0.2849366066584285,0.2975599385406585,0.24740189310024513,0.25995173977108577,0.30391847223925095,0.2766312782234853
lo_A_model_1_unrelaxed_repeat012,0.3125176275428888,0.3250732502463884,0.3405067753974352,0.3246890445942736,0.3057469570032353,0.29659942013242346,0.3103684183010311,0.3060108837022076,0.31976730631191796,0.3092356167498606,0.3294794524475261,0.0,0.32968602569184013,0.3323173500934076,0.317156627205325,0.32213468957260283,0.32050099372919577,0.32859230689227037,0.3073685443103662,0.32610218081439246,0.349324056053028,0.34209737672849927,0.3227635940207303,0.31720403167522276,0.3261689004874736,0.3248662099439956,0.31366744734676527,0.35290496882917427,0.321042650445177,0.32432260207175245,0.31949674303909487,0.33904367736992347,0.3252500303772038,0.3222526665768335,0.3263301820192389,0.32700456962415475,0.3158251449370918,0.3331804084116535,0.3010205340930027,0.3118759061385743,0.31870005990447936,0.3483762867877122,0.32279785460195104,0.3362449376317444,0.31301332089192946,0.31729548288951215,0.32029488380149534,0.33003121194573265,0.33572278059095917,0.3131564806961575,0.29592492184763575,0.329764644906095,0.319792761935839,0.32321046881726434,0.3264643471454142,0.3154503559018861,0.3265092610753242,0.3168857310192511,0.34300635846240024,0.30275931790445115,0.31850302572547157,0.3044208366385016,0.3207716465231328,0.33998560938997796,0.3302023050067332,0.3292640164986164,0.3344334777993396,0.2636144711760866,0.31654455894368594,0.32327853760424075,0.3024048106890778,0.3170044429992409,0.29200843658810033,0.32519297671229663,0.29010786805479116,0.30262277447965236,0.3131386635401633,0.3154412854684189,0.3302554610114676,0.33491147165833957,0.3192726892039636,0.3259540415395923,0.31949280262613095,0.3477997878345236,0.3316403502115085,0.2910177494107585,0.3441421504879768,0.3319257979371211,0.29677696427385525,0.33064237127507334,0.3242715176628715,0.30866536273389217,0.3280852239328832,0.32413450289295836,0.2989070218735617,0.324103473471748,0.33618774984724437,0.2991186864023689,0.2965011031156275,0.3225746301068252
lo_A_model_1_unrelaxed_repeat013,0.32146494968653594,0.25977474560652664,0.27033550923555727,0.35490767301685305,0.25285539586099975,0.2829953213947723,0.24186512989402836,0.30792326673608944,0.2732801336971526,0.25503659026661485,0.28305380471959296,0.32968602569184013,0.0,0.2939530292493413,0.3064505365152297,0.23863596640808213,0.29458008230819654,0.26002558474317494,0.2631985493783159,0.3098842370036715,0.2577080669721972,0.28252306931013216,0.2701199330938935,0.27764568151426255,0.29515903426435786,0.29197903975568584,0.2859401079780532,0.373550876736663,0.31275873409238786,0.2612411774389703,0.2756766159225762,0.3192772596450715,0.30539863486966917,0.21964342282497742,0.2548972134281734,0.29936580558037496,0.30528562577481605,0.30349320568034877,0.24519911035645994,0.34472460032833563,0.3242123502716538,0.2795378876202017,0.26232917324595917,0.3098861298086485,0.3156969264282172,0.29913920377173947,0.26738713474721665,0.2968584678402643,0.30530094911070454,0.369846776455282,0.3040139670008873,0.3664563319204322,0.2986101328570772,0.3424630970167616,0.24368798503135297,0.3087481299138861,0.27796913199218076,0.27639509570004783,0.2773964898649827,0.26888169827657904,0.27122041778129324,0.2909993633509743,0.3074624091612019,0.33829582165180117,0.3009744308266815,0.36910590654066294,0.35621090504055886,0.33884867761778126,0.24298795721879293,0.28748019773813877,0.26976495889423874,0.37310210241553926,0.33432129697901974,0.3557764886431432,0.2937087596229572,0.3017321477474073,0.2926645875420265,0.2782588928406805,0.3105309496207892,0.34627884932210307,0.23985796941849197,0.33431119800293463,0.36336033026973913,0.3135418598115366,0.362886969716053,0.241763430876754,0.36921910403054153,0.31500623333297173,0.28436873843504956,0.28515603238228315,0.3406313669982827,0.309581423995329,0.3699628794741997,0.27443426005170846,0.3021900036123991,0.3291479875542546,0.31930790679517634,0.3014864462180993,0.3005399052054269,0.2643180011320846
lo_A_model_1_unrelaxed_repeat014,0.2766172112234963,0.23335955299241196,0.25165216587467204,0.31169167847737894,0.22617469541689267,0.2530539646258788,0.24678221011140128,0.24844938287549845,0.25520425772635436,0.22350203949743636,0.2523500985655956,0.3323173500934076,0.2939530292493413,0.0,0.27136453793071774,0.23459818629494036,0.3061013324882349,0.24629419351010984,0.27092788159272285,0.2800883776322974,0.25216618041778516,0.26558053128570464,0.2546714902658331,0.2469713541798071,0.23437671887781716,0.2592979406618447,0.27446824645462015,0.3454880233075049,0.25686282751739087,0.2532107978631765,0.2858918730746447,0.24830118081646288,0.28026816302351926,0.24569192242302124,0.22889990065691143,0.278782967154368,0.26986898744810617,0.2705543506439335,0.29513615586829633,0.32596163443642184,0.30000557934725974,0.25308138212830156,0.26206154198636045,0.3069358928933025,0.29142258742849586,0.2933722824967264,0.24649090904198345,0.22265905086647858,0.28027086836960485,0.35546974703714973,0.2700421733607904,0.34430760276515593,0.25758018877248434,0.2820424688239605,0.2368533588337815,0.240019193319325,0.20375509156596747,0.2586563719320648,0.25718104264922054,0.279135903542769,0.23797578650828033,0.27051114653664876,0.23611253106252034,0.30756773449414326,0.25549850288903997,0.3509179460559,0.3080449217561336,0.3081286448913426,0.2403948230692836,0.24374351537539138,0.26337025510343326,0.3443840887326911,0.3230912032352652,0.3249541400460182,0.27478512869656846,0.2714997819825923,0.26544890043294334,0.23939755097031915,0.26553139960727107,0.2979065729054287,0.24476592420880633,0.27594903222045347,0.3296207991687345,0.3049276280842697,0.33422958194597696,0.26242224817576953,0.36233478302924066,0.24029190640993933,0.2797828199216654,0.26663300932088957,0.3177844439076582,0.2838721628904313,0.3268907584411348,0.23543470280460446,0.30320297785425077,0.29863993084912127,0.25194062247525484,0.28358521161383893,0.29656194001124486,0.2873027842584062
lo_A_model_1_unrelaxed_repeat015,0.23214685056855375,0.2530173844870084,0.27656285002564274,0.3213788693775672,0.25735431730435987,0.25429652748567616,0.24045944339926756,0.2528701623900726,0.27235186153336033,0.24203571545052616,0.24577942354022514,0.317156627205325,0.3064505365152297,0.27136453793071774,0.0,0.25946925028891876,0.3067989233995805,0.264708385450123,0.3053029640487273,0.279937301379903,0.2876987774604151,0.2852628233712045,0.2748135536511732,0.28783454753122245,0.262930986881845,0.27641569532815646,0.2749861226827588,0.3444839394650442,0.2733561873274768,0.2929204240423892,0.2993358408821499,0.27716426287005924,0.26205952211863476,0.2679671258636659,0.27515572388945014,0.2810613951939743,0.26178926535739816,0.2466905413184009,0.31003396371239994,0.3115170779309416,0.30892151685588026,0.28145915526078463,0.2741325765535665,0.2985471736231943,0.2910109653848956,0.28631000536174633,0.28493941830326724,0.24240692209552994,0.26076771217671285,0.3544888520234025,0.27208283683492984,0.32325092234715014,0.2633147346794036,0.2762952330279902,0.27520370917751885,0.24957411506951693,0.2710261325421295,0.2514079950426949,0.2799284089961041,0.27961689507510973,0.21683033325429873,0.2629948568065997,0.22100194523966046,0.26843583377158614,0.25564286829232447,0.35021330103691944,0.3034837778753197,0.30769585339653976,0.25497903080772194,0.28729880065598795,0.2936660390465169,0.3368305950851373,0.3203407967106219,0.2950928662537896,0.25674065782246686,0.2586498453300724,0.244417441175516,0.24495569071748138,0.2738880236506969,0.2820887247674313,0.27084924460799414,0.29184544285954284,0.32985729779689765,0.28243048950494504,0.34379981366211626,0.2560146857375661,0.35750990662264637,0.2668754726135198,0.28612581643853463,0.26468384790522637,0.3275928157526674,0.2924194862471599,0.3350769988165533,0.23188016736488565,0.29941258656861464,0.2984799353673229,0.24008319969417566,0.24416345752674848,0.2840373144399826,0.2898519675457263
lo_A_model_1_unrelaxed_repeat016,0.2715427761073384,0.1999367568104756,0.24971382762705494,0.32889997435853835,0.20968318632310373,0.23371552594391093,0.19741498233507418,0.2560717330651008,0.22381290725403888,0.1974837419287478,0.23261989847685427,0.32213468957260283,0.23863596640808213,0.23459818629494036,0.25946925028891876,0.0,0.2531014487268682,0.2458209800247219,0.2345548244339392,0.2635642673673807,0.2324684974119811,0.234162068033799,0.2587555228412688,0.2349333451874655,0.23551192225060397,0.2516057160273295,0.24057376574932213,0.3559585579710747,0.2618738461585269,0.2477024034737961,0.2590283373343603,0.2774328464029326,0.2916459138335286,0.1940325032134833,0.23906278618130178,0.254177852189434,0.2543906855350278,0.25675832114900593,0.2531381862635076,0.315806798837046,0.28604200497882004,0.24349065014818358,0.24691851968778458,0.290991988936429,0.2734611515930831,0.2879044210340124,0.23966816592279297,0.24448053013222526,0.2624096002116954,0.34023517070946196,0.27011553719376524,0.3370554986288416,0.2611220424055444,0.30390430313661226,0.21073486790124749,0.2692616407649084,0.2195306477311906,0.2177081166018731,0.24781950374772407,0.2628687885618983,0.21063294491156248,0.26176948218341856,0.26183347152289027,0.32527501294849087,0.2575960728870099,0.33885969682816786,0.30545236042979207,0.3021763689303221,0.2030514004990736,0.24124106868210504,0.2640081175324594,0.3376130552974753,0.32317873093942395,0.32965560561269713,0.25872638426922046,0.26787651159620157,0.25200716432807074,0.22307289492915627,0.2604531101824657,0.3154320333575797,0.21253682673402463,0.28621495168733735,0.3205288012743191,0.2922624489321097,0.344278848621305,0.2279339311447417,0.35382617395182986,0.25561175181923323,0.2613588349940952,0.2280416722703232,0.2962575823142487,0.27462264394350955,0.3413927964791287,0.22225917670796247,0.2882840555937583,0.3079937851220699,0.2584916077977384,0.2810742727129537,0.284844057931802,0.25030539286953213
lo_A_model_1_unrelaxed_repeat017,0.31107078899404733,0.27010753964982087,0.3160271986266639,0.3361102074182785,0.2692610031916451,0.281775842078108,0.2520740858919351,0.2821760933167177,0.26638844570612,0.27409860072327064,0.27939614017976944,0.32050099372919577,0.29458008230819654,0.3061013324882349,0.3067989233995805,0.2531014487268682,0.0,0.2849037183951182,0.26915482618336395,0.2983935050131766,0.2962759317830832,0.2949622317667341,0.2773066868457824,0.2663962863892867,0.28932722513544756,0.2889023180180858,0.28358102444432476,0.37867153526056735,0.2908909406322531,0.2621586410474059,0.2839363103341668,0.31421610343305506,0.30834520721056813,0.24219489899399707,0.28430780836947994,0.2901733486143512,0.287148827636753,0.30434102925615886,0.25364129312751726,0.33082071611202013,0.3178889144742808,0.290050955022215,0.2870342155834278,0.31803469277469965,0.3188753932997565,0.30360551545200154,0.2703775773520503,0.3050574185498581,0.29384043824387646,0.36971419189826504,0.28731209571361177,0.3661790098284072,0.2929761936941819,0.31233382420037065,0.2711372752527279,0.31548994529049434,0.28687039039779166,0.2840680367434617,0.28663865185664933,0.2805142426746771,0.27577244875204815,0.2952096803372255,0.3086331489015047,0.32906939491035425,0.3002394847646309,0.37069026591953613,0.3400168303500816,0.33075848153061005,0.27577161872435013,0.27661198763327677,0.276166896108925,0.3724841404771619,0.3503967095696722,0.35124059714324746,0.2838402601395876,0.29442337135881214,0.2897643460672625,0.27661534936106835,0.3138924029495946,0.3290101337303789,0.26018750804355895,0.30556488649211394,0.35011189709349944,0.33453475904179686,0.36083094373554153,0.25260253375060315,0.3923788642427557,0.2993225541390241,0.29679706510354387,0.2899722250030984,0.3319663529841403,0.2830638624314171,0.3588850960408204,0.2854967810977339,0.28855156014346955,0.3144904819437152,0.30653945548369516,0.28240875822801825,0.3168634280660671,0.27103658379782497
lo_A_model_1_unrelaxed_repeat018,0.2898344453691808,0.2248221042085776,0.24704317242435145,0.32300874523654105,0.23701040945853505,0.271350725119521,0.20290437644361292,0.25001092966094196,0.24248841100281965,0.2183161598155843,0.2495932026512905,0.32859230689227037,0.26002558474317494,0.24629419351010984,0.264708385450123,0.2458209800247219,0.2849037183951182,0.0,0.25277260812103236,0.27282687997660393,0.23406606797525412,0.26684223476550617,0.24700761341964245,0.2219920219216282,0.23552206643290144,0.25635197995174297,0.26407936553593087,0.3276058293119059,0.2810022426457838,0.25188843273658873,0.27300777918664415,0.28273146543153693,0.28797725828188875,0.2358553665579643,0.2249605274547792,0.27711511994037935,0.2698404657702322,0.2758826646152185,0.2725113429671867,0.3196449210240649,0.2894534833564483,0.2439582975221377,0.2275637595571963,0.2879903729912205,0.27983210784985163,0.27800484758178223,0.24301032905745448,0.24253265491092166,0.27615808953365534,0.3628205356076958,0.2737239088107751,0.3287494404005311,0.2609256659421479,0.2970814158914981,0.22945241776274092,0.2636305343757087,0.2251166602666576,0.24488495444921418,0.24112777467475502,0.27275891349817305,0.2353543579790748,0.2655281669412849,0.26478657694541863,0.30339250157890546,0.2762314345550441,0.35412234091045813,0.3169165642984798,0.305928591815827,0.21502856050112834,0.25643082265930545,0.25189149967966895,0.3432302163300936,0.32027348828171426,0.34305569562452853,0.28592499791887205,0.28106292220334245,0.25036511249874516,0.23212053501444765,0.28445359613615817,0.3044729022618122,0.21664095808740794,0.2847629840438273,0.3393424171964459,0.3100943139561343,0.3318163478464257,0.2454794730192725,0.3628619745707911,0.2617470740203719,0.27260325051040973,0.2647912233978972,0.32423176507263646,0.2847587639530497,0.337494852395439,0.2217837041915418,0.2863815496650493,0.2996587472557191,0.2812060170663757,0.2577251089041513,0.28010170848434895,0.2754454838843336
lo_A_model_1_unrelaxed_repeat019,0.3021980989138159,0.2407737883727836,0.28717692552191143,0.3310057937246055,0.2624487960142466,0.2549726345101962,0.25569792845301764,0.2930690544434692,0.2540688629573949,0.24828233962904775,0.2661537090717442,0.3073685443103662,0.2631985493783159,0.27092788159272285,0.3053029640487273,0.2345548244339392,0.26915482618336395,0.25277260812103236,0.0,0.28939041056708,0.2722829883615077,0.3012957235318782,0.25936739371269507,0.24658845374869956,0.2564967016160523,0.2877246836165291,0.29655779134116544,0.36734744967670196,0.2706502528550996,0.257247285605425,0.28300108433344484,0.30914353977257675,0.3155042742455939,0.24791566012466834,0.26602752447223205,0.3043383498466971,0.27507127441552975,0.3000630834962095,0.2264528361081,0.3296792128795264,0.30182127180576457,0.2653399579334193,0.24368205556833394,0.321185572020008,0.3081351913322123,0.3009432477070825,0.29004548012964065,0.27670899584835484,0.2791884314535807,0.3470257439337746,0.2957314832028671,0.3539627293005657,0.2492762628525736,0.31614469442196685,0.23948209498779338,0.3014256540056003,0.24636109906027367,0.2396678077735424,0.2621311906036127,0.2841559043351492,0.2692535115927128,0.30677294917611114,0.3035016904544796,0.3460821803220742,0.29096893039452787,0.37012765071724235,0.34125825410424515,0.31556312496378575,0.2604715653149594,0.29686372070283007,0.23984478767431042,0.34739484159334494,0.3425833440777368,0.34327143628615103,0.2790377908064429,0.29272182325255075,0.2781319763716509,0.25801038006866306,0.2919841844150088,0.33929873822712325,0.25029664803422236,0.3096181135718456,0.34530747634374226,0.3080596898852377,0.3555435903446905,0.2621018814896234,0.37463481503351115,0.28471459996543275,0.2847064095310115,0.2697916856540777,0.3160200913552812,0.3143038723550766,0.3513997760032116,0.26287199950906553,0.30468943357113626,0.312562028178772,0.30231893456650194,0.3116533050466415,0.31740227788814573,0.2540239250669861
lo_A_model_1_unrelaxed_repeat020,0.2575933515523033,0.2590199974604399,0.3005152466145146,0.323032483960744,0.2590822914877006,0.24476043000714356,0.26465417281314607,0.22307667869584333,0.28251567619538803,0.22755583823226957,0.25452786666102006,0.32610218081439246,0.3098842370036715,0.2800883776322974,0.279937301379903,0.2635642673673807,0.2983935050131766,0.27282687997660393,0.28939041056708,0.0,0.30012210199971406,0.27869987344160424,0.28777981966527955,0.28485410265557676,0.2449052253114161,0.25119582384471345,0.23381833917972902,0.3389222588853589,0.25644175717143475,0.28315845819320307,0.2919760999096586,0.2569933450483526,0.2641149552469939,0.28596107061203174,0.27952867545311383,0.24655242298917118,0.22774323568879684,0.2750938453477499,0.3113777588826031,0.32890880412450985,0.2750615485811646,0.27903625271466337,0.2924994161372454,0.2869857657738366,0.27230741905446315,0.28639029163299323,0.28373363962464776,0.27756832923855057,0.251978721539591,0.34496451269871115,0.2651440615789046,0.3334593038080319,0.2778723062811354,0.27415590314174854,0.2671535969233244,0.26247168932421944,0.27101520579842525,0.29608238423562033,0.2973810337867567,0.2835487357594578,0.24999107280198365,0.24522723105272262,0.2547366448433307,0.30922974129948877,0.26062519748142493,0.34841435217445405,0.3010953774525923,0.30410642102326985,0.27048100004935044,0.2664863302959851,0.30946231463200213,0.3465796083047932,0.3208986844242837,0.3026895178330571,0.23254362582384805,0.2364388272411739,0.2352279508077255,0.2639247085595984,0.23789533770637886,0.30425273734696084,0.2557323909753933,0.27959566145700365,0.34380106201581834,0.2809656860511572,0.3413764949463565,0.26438846219406925,0.366922124562641,0.24879635857475332,0.2883433516001664,0.26634741261369255,0.3179409793979751,0.25457968389218294,0.34506203957954906,0.2761202180594045,0.28223454364265693,0.29831783992824895,0.23755917868239018,0.25446530100083936,0.2690949702322432,0.2963391321761966
lo_A_model_1_unrelaxed_repeat021,0.3000477310622323,0.24237994978385607,0.23014152515851846,0.3313900579820216,0.2451750126712355,0.2727592281968176,0.2354259525052805,0.2832782240438779,0.25454984250161417,0.24593007601548914,0.2678499676128683,0.349324056053028,0.2577080669721972,0.25216618041778516,0.2876987774604151,0.2324684974119811,0.2962759317830832,0.23406606797525412,0.2722829883615077,0.30012210199971406,0.0,0.2539642771675836,0.2560326226531708,0.23723195098760377,0.26226394113787943,0.2931029300619028,0.2841027338415662,0.35487489987834075,0.2902006606851347,0.26138439619668824,0.27215591340574746,0.29172566335676436,0.2999957081238061,0.2339146855467805,0.22319708439750713,0.2876019443566247,0.29637717144532943,0.2975876783795307,0.25558387809300226,0.33865588900652277,0.3201329301867986,0.24883930845148877,0.24503271218945125,0.3072511380004558,0.308380049045815,0.2712759550288673,0.24528567911250423,0.2789085102350681,0.2941005540770718,0.3762405327493941,0.28718355104106347,0.3560251072144995,0.2882702594602336,0.3270890382032582,0.21597176999862186,0.2910659704287516,0.2416424485916607,0.2600777368106493,0.2482394086476248,0.2632444753287905,0.25664379438434565,0.2932062411630054,0.2843617454739372,0.3181368327450786,0.29281784266718314,0.34770167108369204,0.3465795670266794,0.33143594465254567,0.22963876589984916,0.27641098549831333,0.26086107002402115,0.3543625117017471,0.3370473067410597,0.3493828198302842,0.298904628786771,0.29538132770262376,0.2960112030513418,0.26604166743686863,0.30285309970347013,0.32532528016018347,0.23365920428738032,0.30339438773062,0.35637942520118066,0.3084646551725189,0.36786438534952487,0.26749770365225095,0.3668849655798483,0.2845173610790119,0.29266395206994955,0.2832324654249092,0.34435322218748193,0.2970713030307813,0.3493015716867484,0.23466934092636696,0.3001372123027563,0.31865620025790176,0.2862226990935465,0.2861736119815446,0.3064814393650134,0.28369758627418185
lo_A_model_1_unrelaxed_repeat022,0.2753122300849251,0.25804015391028373,0.25976488764389744,0.3428550914510467,0.23856821364297706,0.25051591972806037,0.234498887381409,0.2726595030032303,0.24603086678420363,0.23941033904886128,0.24970637979180016,0.34209737672849927,0.28252306931013216,0.26558053128570464,0.2852628233712045,0.234162068033799,0.2949622317667341,0.26684223476550617,0.3012957235318782,0.27869987344160424,0.2539642771675836,0.0,0.28263429714517446,0.25017069994909197,0.2622651412060808,0.2658023726146056,0.247672137794648,0.3617257950255115,0.2705333047069269,0.26046964296633496,0.26648069337716646,0.2866357570586869,0.28362813914731017,0.2528199187205387,0.25177538414814715,0.26290840564119555,0.27343687630217034,0.2865976727700279,0.29121908433116783,0.32526538081114675,0.29484721195512603,0.2652811826449855,0.28121034134632117,0.29810906204866783,0.2885845284191764,0.2831019167702154,0.2748713315845045,0.2676682015003288,0.27395816436566317,0.37350411227777935,0.27661617685702794,0.34057840223459496,0.2683962863446608,0.3018101801389066,0.24129556134667707,0.26996449721545873,0.264522459569306,0.27021101275911946,0.2863388850323076,0.26077363716954277,0.23115298490836275,0.2850859368967698,0.2746493147011445,0.32150896013162883,0.26842735981345767,0.363665687788887,0.3274145915125595,0.3291988801897248,0.23373792839469423,0.23243058557375226,0.28992036793314346,0.3618938818053241,0.33898978930525164,0.31948039896351765,0.2812771811694615,0.27525532431223154,0.27940909444770373,0.2470289841844104,0.27929811886021627,0.3268223476511014,0.2467507879604124,0.313141496078887,0.3557504711325281,0.2700759179020135,0.35208997907061435,0.25108702160354607,0.3653634794324746,0.2599562525096946,0.2527514965874222,0.2601647436689968,0.3275224112940318,0.2754318237904061,0.35902566447809015,0.26504524946362124,0.30493133446902215,0.29556371783738916,0.26060170278880274,0.2702123363651099,0.3033462400373182,0.29893387099401736
lo_A_model_1_unrelaxed_repeat023,0.276463565419192,0.2573090080195628,0.2611981855442656,0.3255500462571396,0.25945408738751585,0.27406373328088657,0.2518536714381612,0.27347464855972314,0.26644536597060625,0.25358900207668494,0.2672928984508039,0.3227635940207303,0.2701199330938935,0.2546714902658331,0.2748135536511732,0.2587555228412688,0.2773066868457824,0.24700761341964245,0.25936739371269507,0.28777981966527955,0.2560326226531708,0.28263429714517446,0.0,0.25851761851836386,0.27034291793222315,0.273481972216314,0.284337444854692,0.3426828010652457,0.27554908117672805,0.2566590675723261,0.2730771506112878,0.2980415329527193,0.2603580125648602,0.23800217596774007,0.2306650830612075,0.2812194984255301,0.27444181874143353,0.26712017945452354,0.2550335611452804,0.33230129217921667,0.31472334968721416,0.2711182797272972,0.22424573941372317,0.3073946543673449,0.31044418774603155,0.2830108911698345,0.27758100803709507,0.24881694324268835,0.2858362727527301,0.34664787557743115,0.30519043516587835,0.34894457668312673,0.2788465409847686,0.3057032980485625,0.24377362326376006,0.2671847613723229,0.24193089496778655,0.27269292366169773,0.2350715959484373,0.278031708445795,0.25791532473921785,0.2894254087652166,0.27268610345182015,0.30370176810235705,0.27489771800581914,0.35809781993320705,0.3255327316423486,0.32561837286867323,0.25341778202420173,0.28258235914432245,0.23666785548473307,0.36374856508032727,0.3385758273179923,0.3270816026944547,0.2830614870241758,0.27675903796080437,0.2828120594037779,0.2683789092174206,0.29061431653106545,0.309216370764062,0.25221201654075415,0.3004307827466176,0.34679835454114594,0.30057469989104585,0.35786747173325156,0.25502497843944627,0.35046753975719647,0.2881959077761885,0.29515423576469746,0.26664813955668526,0.3315005119354234,0.2858562921163172,0.34686497024384055,0.25113049118964076,0.28246204500242644,0.3027862979118232,0.2922034586214356,0.2835773417019641,0.30604080253834104,0.26134230372038314
lo_A_model_1_unrelaxed_repeat024,0.280855121775897,0.24214840741995988,0.22932032434740338,0.3066846110318821,0.24210373874588417,0.2404561116522125,0.2291869063763534,0.2634924457278632,0.2537441515002875,0.2198302765788082,0.23692450038803536,0.31720403167522276,0.27764568151426255,0.2469713541798071,0.28783454753122245,0.2349333451874655,0.2663962863892867,0.2219920219216282,0.24658845374869956,0.28485410265557676,0.23723195098760377,0.25017069994909197,0.25851761851836386,0.0,0.2430545368191744,0.27023880712350784,0.2621781765906548,0.3654451887492451,0.2438727241398659,0.22380133741023409,0.27093062740135443,0.2705088195590441,0.3041204395859686,0.2387280313691155,0.21586469825847002,0.27752152605679564,0.2827440138999947,0.28984125693267815,0.24762517246272844,0.3302828371314146,0.2983377410340869,0.2661291435187866,0.26013999752416794,0.30208910186392013,0.2944658363127458,0.3044160431461352,0.2482041939379994,0.2466634574279884,0.28540301049167477,0.3614908725402342,0.2599594443994581,0.3499217570422024,0.2611318491343633,0.2803631917946875,0.23654680718317692,0.28123170740067066,0.22263868224685937,0.23380402147481735,0.22786940013813461,0.25850843205214813,0.24119925693306848,0.2918848519703073,0.27977990532207897,0.3075773161927544,0.26687584785591334,0.35534810352401147,0.33195695810070547,0.322695416612505,0.23815882943963515,0.2541309069804174,0.23247428211630972,0.35934832130245137,0.3253042154937832,0.33321162298732676,0.26592344569435217,0.27923526264194887,0.28119141577098405,0.2373985138188027,0.28118729471070325,0.3246467872637687,0.23034669398051694,0.3139838618817447,0.3431905754847788,0.30337467686618536,0.34869747413659563,0.25943644216847367,0.3729779245328619,0.2644901159953382,0.2627698286193033,0.26370942520927465,0.32928004874379396,0.28356548597366227,0.35093604649102733,0.23891858173474118,0.3048178235920583,0.27960528074161617,0.28875506052455735,0.28840764545532,0.3146873462567799,0.2624418186084421
lo_A_model_1_unrelaxed_repeat025,0.27631133567104105,0.21289986362449947,0.274285389629551,0.31353816395697465,0.25402972576782556,0.24785211798394485,0.22706329432129724,0.23148392356047706,0.2672837459674065,0.20978959416458787,0.23951721828310643,0.3261689004874736,0.29515903426435786,0.23437671887781716,0.262930986881845,0.23551192225060397,0.28932722513544756,0.23552206643290144,0.2564967016160523,0.2449052253114161,0.26226394113787943,0.2622651412060808,0.27034291793222315,0.2430545368191744,0.0,0.24612574568613604,0.23781871168610777,0.34298179149773905,0.2503198526132182,0.2708190829309157,0.2774001515193297,0.26162888020727404,0.2805227085027055,0.25880328751950055,0.24286240121259361,0.2526998139973149,0.24030857606636585,0.27500745210347727,0.27758528571245084,0.31012835959930196,0.289040739959306,0.27554399309659533,0.25922333652166596,0.29288999531602844,0.26925329906204304,0.26640815438163684,0.24921077140382794,0.2274977400884468,0.2685789978974305,0.3531325987952723,0.26660263895140124,0.3295886368306665,0.2431661683041564,0.281081194771837,0.2483042920676714,0.24079262295079773,0.2468101504348105,0.26550327409483804,0.2609648105241446,0.2547287260818325,0.22478869429209528,0.25976648476938297,0.24605540392882067,0.3040244135969134,0.2589052002532371,0.33432480587387425,0.28929172053623564,0.2989821550552605,0.23518172439775376,0.23114568172530828,0.2628117468952856,0.3487173718591284,0.3182873967859703,0.30953825965735227,0.256921357016086,0.25934185436387375,0.24326481093726512,0.22254047549421266,0.25078337921484123,0.2848518426236099,0.2419067082738062,0.27156047759198265,0.333403054224948,0.2879753208310138,0.3349569186314201,0.24976360783691823,0.3578084621205779,0.22681706278714503,0.28457010219191414,0.2554144434273478,0.30927757439838904,0.26048480167318433,0.32822045872842387,0.2275107568712557,0.29468666223367884,0.3032788392937698,0.2462438862228785,0.27011002897696,0.28837991552731645,0.28812238100808524
lo_A_model_1_unrelaxed_repeat026,0.28331796642666884,0.25652330500089787,0.2925466104970364,0.3088816876988796,0.25007998720409436,0.2384574294011905,0.24610336639873437,0.22520122936008424,0.2543817999446138,0.22769184556744956,0.2721161705970984,0.3248662099439956,0.29197903975568584,0.2592979406618447,0.27641569532815646,0.2516057160273295,0.2889023180180858,0.25635197995174297,0.2877246836165291,0.25119582384471345,0.2931029300619028,0.2658023726146056,0.273481972216314,0.27023880712350784,0.24612574568613604,0.0,0.24987413140432202,0.3103886068584429,0.2653220571143988,0.26345009272931447,0.30364193768865166,0.25485079367862795,0.22489870554081495,0.26641905528433585,0.26502608719815696,0.21384135683757358,0.21935051743564385,0.24553081092404389,0.30383189388622334,0.3116177732796193,0.26456934532093457,0.3034645913875904,0.2831238474918671,0.24932406476388566,0.2729260198355782,0.265446852446085,0.27183928181171396,0.2451409334509822,0.2828105418387145,0.33815387038628525,0.27294352678272005,0.3350284936529586,0.2898720056943489,0.2796743968266372,0.2737710999439509,0.25626323197631584,0.2750123420302363,0.2854590460167442,0.28830787470196595,0.2831658345256933,0.2355033570618699,0.227730923219834,0.26792008716114385,0.2774490892736353,0.24672376866802087,0.34180225858983165,0.28458417824334115,0.2971204194157018,0.26639011052800826,0.24225283851430998,0.288144376464518,0.35009322281901634,0.311485985741421,0.3046338358797394,0.2454250349547627,0.23806522230584365,0.24294026300244412,0.26190705905389483,0.22454958891676813,0.28050067641749526,0.25418179204039004,0.26307948504329215,0.326288663372624,0.2899000370361025,0.3192760946368845,0.24169282577576343,0.3710859060141549,0.2508364262472159,0.2733433649019278,0.2391716750134835,0.27969449918712463,0.23505930216964546,0.3199965128565362,0.2782185820522088,0.2671219468292066,0.28921055786591865,0.24875593177016717,0.2453245201191145,0.22863011841039024,0.30366572993421675
lo_A_model_1_unrelaxed_repeat027,0.2732618630172993,0.2497676745963086,0.3001971693510936,0.33039638914916125,0.24038756260986285,0.22753081509299186,0.23396990623650826,0.23376559184647017,0.2693805749018994,0.23070068054889317,0.26037114480527657,0.31366744734676527,0.2859401079780532,0.27446824645462015,0.2749861226827588,0.24057376574932213,0.28358102444432476,0.26407936553593087,0.29655779134116544,0.23381833917972902,0.2841027338415662,0.247672137794648,0.284337444854692,0.2621781765906548,0.23781871168610777,0.24987413140432202,0.0,0.3425179422636604,0.2461467861731037,0.28508613762426643,0.2675733691315027,0.25649698049183856,0.2844751209167523,0.25210995171538586,0.26589127253933964,0.22300034963437373,0.24209511130639325,0.2726963861645066,0.2925204955953474,0.30924477667814887,0.279976240561534,0.3014323460205752,0.2942153309129319,0.2890913691940478,0.27782730507443165,0.2789459005804598,0.25901961083725544,0.2661349491494837,0.2729627621634442,0.3563786223395815,0.2567672359312662,0.3386792913285682,0.2786484342831828,0.28091303212310237,0.26095828683491,0.24944676984704464,0.27988097817757573,0.2818639166779525,0.286724484304806,0.2557466557578622,0.20730679855410555,0.24284514102176863,0.25185537553520665,0.2931206961121483,0.2615227773830202,0.34658976257142005,0.31850688855088105,0.3054225713126633,0.23646435972291943,0.23430810084807763,0.29712701580185086,0.35720421300064165,0.32520859378354744,0.3124362710411336,0.23697527683534292,0.22934770973337137,0.2467190138941084,0.2476388066131246,0.24411265252842493,0.293823299989288,0.25085382094952935,0.28190908547786153,0.3419467535455951,0.2873144857710895,0.341109776799678,0.23454793214813094,0.3723720123662697,0.2395823738862421,0.2715437244304117,0.2551535765759222,0.3063304432902632,0.2583226404174002,0.34589751804542584,0.2655477778434543,0.26749743624511807,0.29402626569970947,0.24447116730855492,0.2285353627278881,0.2566459683607413,0.2888725060465989
lo_A_model_1_unrelaxed_repeat028,0.342149102853845,0.3545251312241882,0.35458964979605545,0.34233628857868026,0.336885253194233,0.34423625317089823,0.3495459961628461,0.33332250340060676,0.34847844209732803,0.33298734547436754,0.3571907157796782,0.35290496882917427,0.373550876736663,0.3454880233075049,0.3444839394650442,0.3559585579710747,0.37867153526056735,0.3276058293119059,0.36734744967670196,0.3389222588853589,0.35487489987834075,0.3617257950255115,0.3426828010652457,0.3654451887492451,0.34298179149773905,0.3103886068584429,0.3425179422636604,0.0,0.3444252952050853,0.3614283775563345,0.3653582324984116,0.3417961476974686,0.32076080873988033,0.37004770987301133,0.3494097209234778,0.34344101537869504,0.3145446103084678,0.343964224443051,0.38878082427971017,0.3153683497028158,0.27497535329792044,0.3609128864254958,0.3529094280090607,0.30132440135140964,0.3121889123981191,0.3414471013684318,0.3402260882563034,0.33936956615472424,0.3583656671042643,0.3760583539170309,0.3501002513280609,0.33577855636227344,0.345517132278763,0.3686007257085191,0.34791432520435756,0.31242880734121237,0.34765175873350723,0.368650983893449,0.36409234157047554,0.35960950845241124,0.3265296784387103,0.31692387716908543,0.3227613778165137,0.3498288974780808,0.33387391073421063,0.375224682332812,0.3003606320725114,0.3171574391398012,0.3506956911784899,0.33260991600247874,0.3652866865576294,0.35839648443759126,0.3601882753578929,0.3426018848490853,0.3436266230665407,0.3362989677476791,0.3245464316027746,0.3448158057777559,0.3330513542653273,0.32449185542108894,0.34156050201671634,0.3049622505309912,0.3611178004589327,0.3462916977262999,0.33238768580782435,0.3572875880867657,0.3767947039530129,0.3357589144623201,0.3494171726103648,0.3511659304796149,0.33411343622930767,0.3237288556183133,0.35069458974864437,0.3439542006308639,0.3332075012852089,0.34475813088684276,0.3422388627827873,0.3138898050720716,0.2984201606371093,0.386821647693693
lo_A_model_1_unrelaxed_repeat029,0.27106292128606846,0.24685964689406775,0.2965827789644143,0.31946759178850576,0.2647675580574665,0.23197873712438705,0.26534049709597973,0.24551210675578175,0.27007883128319427,0.23436530428204605,0.2529358940988905,0.321042650445177,0.31275873409238786,0.25686282751739087,0.2733561873274768,0.2618738461585269,0.2908909406322531,0.2810022426457838,0.2706502528550996,0.25644175717143475,0.2902006606851347,0.2705333047069269,0.27554908117672805,0.2438727241398659,0.2503198526132182,0.2653220571143988,0.2461467861731037,0.3444252952050853,0.0,0.26078910734952143,0.29007334675042595,0.260349165786822,0.26709789881923085,0.28101323924233657,0.27135014517695333,0.24902666029833415,0.249303694121684,0.27134808900695306,0.2966241630994984,0.3139968471634903,0.2920507138432746,0.28275413322697596,0.2830433422984126,0.30525797621975365,0.2855827062644208,0.29814769121977996,0.29538321657669236,0.2617557642430233,0.27602663096417096,0.35237518209381735,0.2645285167889535,0.3355178774161048,0.260174916401377,0.26306512844270163,0.26675601149919476,0.2633591193618952,0.2621304811106956,0.27390593918225525,0.27182544049470986,0.27457752696073673,0.23537702990918594,0.2772977101034415,0.25709230263543864,0.29924157828506226,0.2706528429065369,0.3522966544846648,0.3158457547166531,0.3102374373363662,0.2735559301572119,0.26099775540448666,0.2858645496953622,0.34610561785739097,0.3284817025321598,0.2866401990642614,0.24672086942653748,0.24376435066519003,0.27145351354201724,0.24897793939654905,0.2520838473492909,0.29985552076514005,0.27769251528842165,0.2756116880233988,0.32754979745684476,0.29089984216017134,0.34095569629842015,0.26957084528834097,0.37051246264942395,0.2398581483512122,0.2857269422906892,0.25848325060642313,0.31752651878033017,0.2607414869806954,0.3495897861751644,0.27761842257868746,0.30317839429891924,0.2969257360079497,0.23689503177592064,0.2743515700285131,0.30735178802520247,0.2840192320555006
lo_A_model_1_unrelaxed_repeat030,0.2962841886733021,0.2541779647574517,0.26364019353127366,0.31401375000648146,0.255712922458851,0.24170975394099137,0.24655985004994702,0.27971454895737247,0.2632296385902087,0.22927708745667985,0.256512875910486,0.32432260207175245,0.2612411774389703,0.2532107978631765,0.2929204240423892,0.2477024034737961,0.2621586410474059,0.25188843273658873,0.257247285605425,0.28315845819320307,0.26138439619668824,0.26046964296633496,0.2566590675723261,0.22380133741023409,0.2708190829309157,0.26345009272931447,0.28508613762426643,0.3614283775563345,0.26078910734952143,0.0,0.28825512265485725,0.27890112389495897,0.2926614590507843,0.24919670657812643,0.2487532862594838,0.28186371365577123,0.28313536801987177,0.28409664075372953,0.25473832965444343,0.34746611901401403,0.31291737221060034,0.28231781318132404,0.2704228131169359,0.29703633877392416,0.2944572855101155,0.29591854038991033,0.26627392394883,0.2635199172379877,0.2911011111941752,0.3650403783493888,0.27894297723613015,0.357305245730607,0.26832223917210957,0.29772235051661605,0.241433013187796,0.28288357806889153,0.2197249548731127,0.2628221437704215,0.2682234244735862,0.27597640420793623,0.2600966586038376,0.2876529760334264,0.28492631379331307,0.3172235146171185,0.2828047750172054,0.3610437103747198,0.32665233100423563,0.33610692998420144,0.24744583661901817,0.2685786783007323,0.26237737785871934,0.3682784447609397,0.3313571175362271,0.33281854383243287,0.26166972379140485,0.291042573664515,0.28705888595499435,0.26358831211429273,0.3052150910231487,0.32410360589379744,0.24121847344540276,0.30377708113262797,0.35520511312356884,0.3212844839070629,0.361146085390451,0.23784938911571368,0.37331645935706553,0.26532922837063,0.27630004838616556,0.26769914571777353,0.3352079191637634,0.2778555732740082,0.3612894567113164,0.27276190312063636,0.2856015913044795,0.2919400843932475,0.29534747121884214,0.28937468965985397,0.30481566464577864,0.271854753780536
lo_A_model_1_unrelaxed_repeat031,0.3020179626866715,0.25548596012815206,0.28594070836126184,0.3529927232407833,0.2546841854822634,0.2743063041525916,0.2386555691508063,0.28364604471741545,0.26409252941262723,0.2578317203027539,0.25715795650198087,0.31949674303909487,0.2756766159225762,0.2858918730746447,0.2993358408821499,0.2590283373343603,0.2839363103341668,0.27300777918664415,0.28300108433344484,0.2919760999096586,0.27215591340574746,0.26648069337716646,0.2730771506112878,0.27093062740135443,0.2774001515193297,0.30364193768865166,0.2675733691315027,0.3653582324984116,0.29007334675042595,0.28825512265485725,0.0,0.3072404286105888,0.31361695379123444,0.24629378691041393,0.26280744649684434,0.2817538064324932,0.3032102911952285,0.32286020573361457,0.2602354496804505,0.3282551521626373,0.31974668084932967,0.281087149641972,0.2604422342241521,0.3268513681801852,0.3173180710675602,0.29228844005338495,0.2727013699928812,0.28374518581308655,0.29019154051415763,0.37094022747676614,0.28727778623899997,0.3283019999137278,0.2735638791841451,0.32257485185623436,0.2554676488313692,0.28421359515001615,0.2682404916737787,0.2990676499179873,0.2663390870657151,0.2559929474171598,0.2499612559391403,0.299363463949637,0.2887804260642079,0.33917142158337,0.28676744078257904,0.3817553388882347,0.339518930893267,0.3243352616439301,0.22318823890539988,0.264176968474523,0.2822523855628807,0.3638267049635516,0.3322944468807054,0.3296271357775564,0.2870647666599137,0.25868767520838915,0.2945768770298964,0.2545924398788988,0.29717458248471423,0.3357238885268829,0.24607592719653953,0.31594267059321646,0.3559608890123152,0.3007538454225992,0.3569536903478276,0.2488837454336033,0.37703875933011977,0.288388993775845,0.28046252417713696,0.2918666185655772,0.34043214983446496,0.310611515547708,0.3615385577713182,0.2804380387219818,0.3128652943644271,0.3262312212651988,0.2941448651884615,0.2865334221393051,0.30963784281849865,0.28202258455206186
lo_A_model_1_unrelaxed_repeat032,0.2614485345045247,0.2818136642265209,0.28965842446100254,0.31514689900778065,0.2611854783046968,0.26400665444424704,0.2693094544578262,0.24285067855452244,0.29753998541112914,0.250878399603666,0.2673145741351645,0.33904367736992347,0.3192772596450715,0.24830118081646288,0.27716426287005924,0.2774328464029326,0.31421610343305506,0.28273146543153693,0.30914353977257675,0.2569933450483526,0.29172566335676436,0.2866357570586869,0.2980415329527193,0.2705088195590441,0.26162888020727404,0.25485079367862795,0.25649698049183856,0.3417961476974686,0.260349165786822,0.27890112389495897,0.3072404286105888,0.0,0.25715901350339093,0.2869328205184987,0.2775649275111379,0.2581420908255645,0.261755381660676,0.2751369538023555,0.3260358423997699,0.3160401904866867,0.2980714357830297,0.29917086184648484,0.3069929843135501,0.291502054508277,0.2932719079918283,0.2816692019762136,0.2911026346838612,0.25114598573667307,0.2787500713703662,0.36835655582255283,0.2792724043341979,0.3411774612805437,0.2749271720446512,0.2536516710830122,0.27808773741316034,0.24781500091421338,0.25907185496922663,0.2808406041179163,0.2835792587519009,0.27381880541231074,0.24689418421142464,0.2621732655575401,0.23080037389357377,0.2835469194117058,0.261264176566711,0.35799421355447014,0.30050967672988094,0.32607800746568255,0.28060408981649815,0.27524243443011426,0.31272813132203453,0.3589128793114317,0.3277022358251571,0.3126666422638484,0.2630168323078453,0.2456243686446909,0.27862604861038137,0.2638561297840294,0.2387711745997462,0.28846101434235794,0.2843027260812401,0.2916654853848958,0.3353961635919789,0.30276446838925336,0.3351822684388639,0.27587903467636465,0.3746192344440561,0.23668399461036865,0.29924874940428503,0.2653924672245118,0.32805583285573875,0.2665937847471473,0.3299770226534812,0.27579719280545717,0.30085124818358233,0.3046318165158763,0.2375285240005439,0.27984136115053926,0.27620087649643016,0.3147599853138778
lo_A_model_1_unrelaxed_repeat033,0.2714247367074519,0.2848811212047652,0.3059565548370921,0.3161555999444764,0.27328248942656697,0.2609703473089137,0.2792822908763439,0.2526120482561697,0.28363222474312133,0.26107097571996823,0.2926176566613602,0.3252500303772038,0.30539863486966917,0.28026816302351926,0.26205952211863476,0.2916459138335286,0.30834520721056813,0.28797725828188875,0.3155042742455939,0.2641149552469939,0.2999957081238061,0.28362813914731017,0.2603580125648602,0.3041204395859686,0.2805227085027055,0.22489870554081495,0.2844751209167523,0.32076080873988033,0.26709789881923085,0.2926614590507843,0.31361695379123444,0.25715901350339093,0.0,0.29118656173303326,0.28331099802564846,0.25856249469398074,0.2526613706927582,0.25591872144990696,0.32499908660595755,0.3220145368545287,0.2908745630764597,0.31400386354839493,0.29184421736656085,0.27350676656910045,0.29801133908970173,0.25339068321563524,0.2985763550100737,0.2642452474252628,0.269468028897673,0.3447461797746884,0.2901399198739031,0.3271967029226204,0.28163176680621804,0.2596395652874595,0.30066540416992404,0.24317505189785027,0.2982181705617867,0.3089104485705388,0.3039374888669867,0.26636787624179126,0.2638019589268045,0.2520648916154759,0.2448794044969505,0.28353117724377647,0.27644022655089084,0.35596993170024643,0.2985899624321555,0.319254854896243,0.2938987592466074,0.27801297815549875,0.3037969071619138,0.3515707243911629,0.3278817872046931,0.29816889914566813,0.2658583959465621,0.2522236444303511,0.2720072686902222,0.28000403634940685,0.2536619358169519,0.28445168497878076,0.29118071514063915,0.2917045264616681,0.33843027357423383,0.3001318737336994,0.3368875888132768,0.26479338451080436,0.36777481136438084,0.27187617100532185,0.2995019232039441,0.26074302325737553,0.3167246991474955,0.24572423684334857,0.33228488905820475,0.28264558455136096,0.2842870257655069,0.31120831474194377,0.2443380008415018,0.2438369961402397,0.26632431529170164,0.321249393936292
lo_A_model_1_unrelaxed_repeat034,0.28100595913627907,0.2200763945914378,0.2506723434051147,0.3283521958518687,0.2226525613823671,0.2617737996334527,0.206066922474014,0.27409030183906863,0.23501133811262778,0.23173951880930566,0.24591064592588355,0.3222526665768335,0.21964342282497742,0.24569192242302124,0.2679671258636659,0.1940325032134833,0.24219489899399707,0.2358553665579643,0.24791566012466834,0.28596107061203174,0.2339146855467805,0.2528199187205387,0.23800217596774007,0.2387280313691155,0.25880328751950055,0.26641905528433585,0.25210995171538586,0.37004770987301133,0.28101323924233657,0.24919670657812643,0.24629378691041393,0.2869328205184987,0.29118656173303326,0.0,0.22299053400234167,0.2745466284914511,0.2744790357361655,0.28833347804870385,0.24322981708640398,0.3254633760593303,0.30247131835320074,0.2466503493810325,0.23699169685388222,0.29636032470640505,0.3010863972317533,0.2815897034468191,0.23508218512366666,0.2570420494092761,0.28033017524532716,0.3523541104772913,0.27931005328402014,0.3586063071781164,0.2685491672333864,0.3056053819867783,0.22426940676277757,0.2712259034476638,0.22146869621882026,0.23356783638100181,0.24910724718654487,0.2392714263146433,0.229792031372725,0.27718888267925323,0.2631800680365651,0.30474919916545895,0.259277857043512,0.35372766615374474,0.33566708079185353,0.3172238754010541,0.2000222448287273,0.2551881686728739,0.23283302176214146,0.3502211849641752,0.323310486929379,0.3351965665060203,0.26859806647882994,0.281813714991094,0.26057930400682433,0.2381066230672676,0.28386374655711505,0.32876158138730327,0.22941394514291671,0.3086154414493893,0.33271428926822755,0.30828126614472373,0.3519088352488188,0.22234264500601084,0.37355007248340955,0.27748791361633635,0.26920382798435577,0.263281699361889,0.31633388130821416,0.2769737337964769,0.3513534835265848,0.2258877257927164,0.2725058306787842,0.30051391366006736,0.280391153311776,0.2667526864122543,0.28726409118261836,0.22872014373199395
lo_A_model_1_unrelaxed_repeat035,0.29221736280458,0.23097268973812485,0.22747535199528565,0.32456794214786544,0.22586410134122267,0.26999592006666806,0.2253608138596018,0.2642661445132699,0.23379882038200528,0.23426273109841464,0.26088125111185767,0.3263301820192389,0.2548972134281734,0.22889990065691143,0.27515572388945014,0.23906278618130178,0.28430780836947994,0.2249605274547792,0.26602752447223205,0.27952867545311383,0.22319708439750713,0.25177538414814715,0.2306650830612075,0.21586469825847002,0.24286240121259361,0.26502608719815696,0.26589127253933964,0.3494097209234778,0.27135014517695333,0.2487532862594838,0.26280744649684434,0.2775649275111379,0.28331099802564846,0.22299053400234167,0.0,0.2613309720777387,0.2844756741022632,0.2875521971650027,0.2634528621718736,0.3263875628784233,0.30706967982683614,0.23952223547627818,0.23550414677315845,0.2805971559878999,0.28472942254524214,0.2876485994024609,0.26024501495928565,0.24806311209500773,0.2904900403100136,0.3562084149862409,0.2747164489519141,0.34367641233411667,0.2618501356925976,0.30414786329478155,0.21521051343507822,0.2548741449358789,0.21638028834565629,0.2374659376221319,0.23858794187591226,0.27279085355892657,0.2459724213113732,0.2843894647628447,0.27027866719353594,0.29454545374264024,0.2672446704369745,0.348434430298519,0.32419792079144116,0.3210040578407298,0.22595288607117034,0.2674031318197489,0.2446776513615876,0.36187190171039313,0.31421282528059774,0.331013054646201,0.2885174972317447,0.2805423931151297,0.2738416885469889,0.24905882925362144,0.27908762039355756,0.3108806541357629,0.22183033638391364,0.30099277792085816,0.34205764642293096,0.29987035825445746,0.3350543696404578,0.25853333436626846,0.35611703401694267,0.27834700094084197,0.29250797526512895,0.2784353894432613,0.3326786847637482,0.2697725953815252,0.3362366409001762,0.22008504013836075,0.2922553021923017,0.3009543713247182,0.2775336915195509,0.2792173816381599,0.2885986069561891,0.2676450043523932
lo_A_model_1_unrelaxed_repeat036,0.28420820915597284,0.25509565094330006,0.29495665402552657,0.33450631955983273,0.26004869137992603,0.23604278121489414,0.24442803517125936,0.22170015451541802,0.24678139851946246,0.24403915115435337,0.2719316795455918,0.32700456962415475,0.29936580558037496,0.278782967154368,0.2810613951939743,0.254177852189434,0.2901733486143512,0.27711511994037935,0.3043383498466971,0.24655242298917118,0.2876019443566247,0.26290840564119555,0.2812194984255301,0.27752152605679564,0.2526998139973149,0.21384135683757358,0.22300034963437373,0.34344101537869504,0.24902666029833415,0.28186371365577123,0.2817538064324932,0.2581420908255645,0.25856249469398074,0.2745466284914511,0.2613309720777387,0.0,0.24047622042400252,0.2697568448896281,0.2918879397728441,0.31917185400521664,0.29254519233190157,0.2951360589221668,0.2862237487259992,0.26084944325372766,0.27096494766155704,0.28165645324364774,0.2741783928944547,0.2572974987465489,0.2839521811885176,0.34533722193335403,0.2647471868809438,0.32274577530814574,0.2857358044216182,0.29697545454272545,0.26933447357369933,0.2538788644717495,0.2777978495371035,0.29384082773804543,0.2826944745681441,0.2900524347051714,0.2267981399403456,0.24206237151286453,0.26575936494736097,0.29132684475019294,0.24784369064563036,0.33919833116980896,0.29528299270307673,0.30683976889709724,0.26472027507226337,0.25008307632540366,0.3030695609893598,0.36612872491048554,0.3066790132490027,0.3027371556445051,0.24689319915353877,0.24072167367604497,0.23907726766500215,0.26094710298821083,0.2540467891975289,0.28519912477518616,0.2529379302645683,0.268589704167061,0.33187476307953684,0.28961890998102663,0.3260347454210139,0.2486794306481093,0.3724387785620934,0.24817283653821184,0.2877014129341249,0.26396644343893894,0.30706026865045727,0.23869063426142254,0.34689235527991275,0.2800533875119858,0.29199697217549475,0.29326166376373913,0.24411757527457933,0.24988976110249625,0.24928515826008446,0.3045308782274655
lo_A_model_1_unrelaxed_repeat037,0.2511187557126556,0.2543389422954224,0.30055375692402264,0.30370770339046793,0.2609671677835053,0.22129518605367204,0.24484201206630216,0.22474471290771536,0.2664781701463006,0.20573869839475356,0.2523698831871865,0.3158251449370918,0.30528562577481605,0.26986898744810617,0.26178926535739816,0.2543906855350278,0.287148827636753,0.2698404657702322,0.27507127441552975,0.22774323568879684,0.29637717144532943,0.27343687630217034,0.27444181874143353,0.2827440138999947,0.24030857606636585,0.21935051743564385,0.24209511130639325,0.3145446103084678,0.249303694121684,0.28313536801987177,0.3032102911952285,0.261755381660676,0.2526613706927582,0.2744790357361655,0.2844756741022632,0.24047622042400252,0.0,0.23681101403067698,0.3014412210169391,0.3064675754809521,0.24400579275001874,0.26855289624760276,0.278720662024183,0.2804535464251291,0.2489368524531854,0.2761416671108063,0.2889066261382896,0.2653523583951451,0.25749030844158927,0.33198458174722917,0.27142911140458514,0.3114238839255205,0.2625021016333881,0.27522548955382575,0.26309378648384907,0.25226975366124116,0.27412119955556097,0.2877177224985821,0.27305294596810303,0.27880723877770786,0.22102518321810105,0.24527465554427044,0.2559520363687622,0.2952738841595488,0.22835036954918092,0.3413247355632113,0.2895308720916208,0.30265662068244675,0.26511951039589826,0.2394098610021408,0.28876992341573227,0.3349767356814239,0.32239318799890493,0.2668210032635109,0.23075840626093305,0.2217593844836805,0.21398039833750016,0.25671864661397953,0.22719600733963824,0.2836206235148912,0.2704871882865835,0.2548677460060812,0.33748781570757924,0.2744068385055263,0.32657651087226863,0.24396451347285866,0.34888254066617913,0.25255495584616955,0.2856721612110413,0.23166888462416418,0.28854670134227467,0.23962375133351732,0.3350074839554359,0.2749679653600559,0.2540960583459586,0.27728125198769327,0.2443910419839542,0.25652692998649784,0.2490735911154175,0.2812066275569874
lo_A_model_1_unrelaxed_repeat038,0.26467417278538535,0.2681754704958668,0.28441733224984755,0.32408082850558145,0.27656078088220415,0.25718577088151645,0.2741673308800456,0.25833703906151934,0.28482376650926877,0.24344258428938342,0.26574902915155274,0.3331804084116535,0.30349320568034877,0.2705543506439335,0.2466905413184009,0.25675832114900593,0.30434102925615886,0.2758826646152185,0.3000630834962095,0.2750938453477499,0.2975876783795307,0.2865976727700279,0.26712017945452354,0.28984125693267815,0.27500745210347727,0.24553081092404389,0.2726963861645066,0.343964224443051,0.27134808900695306,0.28409664075372953,0.32286020573361457,0.2751369538023555,0.25591872144990696,0.28833347804870385,0.2875521971650027,0.2697568448896281,0.23681101403067698,0.0,0.30459804889016723,0.3238428944947462,0.29939514609460044,0.28852473655676425,0.2744024070098845,0.3019650000088239,0.29288789498233225,0.2861021156874908,0.28438946476284466,0.26400936386046725,0.2788440270407616,0.33588530980794357,0.2783121517130185,0.3221656421802775,0.29707072514262794,0.28224042349096723,0.2886787027460984,0.26871825260799165,0.2795894701466442,0.2739619764141439,0.2686880114490102,0.287255276200966,0.24346456178861878,0.24639065484015582,0.2581990005621115,0.2938526583774243,0.265429713410325,0.34327072779484297,0.3144575455059205,0.32908843622270884,0.28694309126580975,0.28433387253888937,0.2913854233655631,0.34357516102484403,0.3452856005146273,0.3078937631470236,0.2633162016121939,0.23625978039871415,0.25626713976664545,0.2636795861977113,0.27589402082976305,0.2967579708720706,0.27279683207101735,0.2779801456460345,0.3275570913118346,0.29740042033310266,0.3539042813294968,0.2690961398366098,0.3434876661890996,0.2567726403673135,0.2913609229299402,0.22192640778443426,0.31018357202597396,0.2773388769116909,0.34907308284567284,0.26158048296862696,0.27611700573917775,0.3137411889112686,0.24901689390035878,0.2663967697115197,0.2910503400258872,0.30478642349766477
lo_A_model_1_unrelaxed_repeat039,0.3093352510916824,0.25805395849233204,0.2711232397984324,0.3294889613925514,0.2695635745866267,0.2642133030865346,0.24089948277475504,0.2939595993768673,0.2673325020768456,0.2687275691807006,0.2680005978683571,0.3010205340930027,0.24519911035645994,0.29513615586829633,0.31003396371239994,0.2531381862635076,0.25364129312751726,0.2725113429671867,0.2264528361081,0.3113777588826031,0.25558387809300226,0.29121908433116783,0.2550335611452804,0.24762517246272844,0.27758528571245084,0.30383189388622334,0.2925204955953474,0.38878082427971017,0.2966241630994984,0.25473832965444343,0.2602354496804505,0.3260358423997699,0.32499908660595755,0.24322981708640398,0.2634528621718736,0.2918879397728441,0.3014412210169391,0.30459804889016723,0.0,0.34917790227790596,0.3393210000260155,0.2759692504278115,0.23730080872121462,0.3369578196838082,0.31716136346046786,0.3038739856283043,0.26464195587031725,0.29068849257216384,0.30117784991899915,0.35793254693378534,0.2778869275301226,0.37034882833552923,0.27866784059003474,0.3343396968715333,0.2515047703310708,0.3113495475707845,0.26381578738005523,0.27065141573840273,0.2618609531760763,0.26552078553975406,0.26945284463010605,0.2964629349798744,0.312430226831615,0.3351192643166996,0.28882178891328986,0.37240724090143923,0.3542100764442614,0.34097029770917814,0.24450510583854046,0.2834285794634203,0.23598756059454662,0.37010735789259513,0.33623906611980947,0.353513248118279,0.2798676879291018,0.28550179202151504,0.29349758049564123,0.2629220634426128,0.32115096125368064,0.3365425485453541,0.23334716901551142,0.316338313312254,0.36456653077978357,0.30087126701183137,0.37042140484505204,0.24886253394423294,0.3599245271387482,0.305394699932368,0.27158449919000555,0.2802244144621558,0.34554901269092614,0.31872438885579835,0.36385348180713617,0.2660742525468847,0.3038612268905646,0.3098744034649309,0.3102856222611261,0.30776461101626257,0.3198370919376191,0.23781829059581816
lo_A_model_1_unrelaxed_repeat040,0.3225825686407188,0.3115805386184761,0.3510384349791601,0.3357244424934736,0.32656529623317704,0.3111770537785254,0.31502553431035557,0.3037597499568505,0.3146886646368596,0.3064892346068616,0.3204309508732565,0.3118759061385743,0.34472460032833563,0.32596163443642184,0.3115170779309416,0.315806798837046,0.33082071611202013,0.3196449210240649,0.3296792128795264,0.32890880412450985,0.33865588900652277,0.32526538081114675,0.33230129217921667,0.3302828371314146,0.31012835959930196,0.3116177732796193,0.30924477667814887,0.3153683497028158,0.3139968471634903,0.34746611901401403,0.3282551521626373,0.3160401904866867,0.3220145368545287,0.3254633760593303,0.3263875628784233,0.31917185400521664,0.3064675754809521,0.3238428944947462,0.34917790227790596,0.0,0.2977055318447864,0.3401909755665757,0.32822874015771714,0.31027806072011377,0.31164683250713626,0.3188214168640746,0.33375386920219996,0.32177316315452165,0.3408014621795925,0.33314111768415117,0.34259545415466214,0.32611288495535645,0.32315110715323775,0.33227584762171997,0.33148721969939404,0.30533482641712517,0.32660384494178607,0.33185101022896657,0.32547999110019166,0.30624319209390216,0.30070651189275355,0.32399584059217496,0.3173617099393408,0.33255851292779126,0.31888737186827093,0.32221808163356785,0.2917195823652163,0.2635293090143582,0.32606137902217525,0.3100622947238862,0.3360743667276451,0.3217006845999912,0.30010737229699974,0.3149584072274652,0.3145719438671914,0.31418987725570835,0.31671227741700614,0.3021997558201191,0.31250847198816495,0.30707629543164494,0.3234373238079455,0.3053092430726253,0.2909837785350402,0.31484087767418245,0.31403607312177584,0.31202009215962656,0.3658833745564617,0.3122336346909665,0.3433226104968878,0.3275095254651172,0.29971498144094005,0.2960597704800664,0.2965072790398326,0.32952842709428454,0.3266540390540565,0.3457858293381925,0.30835068195403176,0.3049239685715802,0.31318032668786916,0.34914717271049334
lo_A_model_1_unrelaxed_repeat041,0.2825762839007831,0.29085892238759836,0.32408908328664726,0.3193270373698758,0.28858968401947543,0.274998764465946,0.28901059576340676,0.28086831436512405,0.298274340600012,0.2644992028838277,0.2925698380854863,0.31870005990447936,0.3242123502716538,0.30000557934725974,0.30892151685588026,0.28604200497882004,0.3178889144742808,0.2894534833564483,0.30182127180576457,0.2750615485811646,0.3201329301867986,0.29484721195512603,0.31472334968721416,0.2983377410340869,0.289040739959306,0.26456934532093457,0.279976240561534,0.27497535329792044,0.2920507138432746,0.31291737221060034,0.31974668084932967,0.2980714357830297,0.2908745630764597,0.30247131835320074,0.30706967982683614,0.29254519233190157,0.24400579275001874,0.29939514609460044,0.3393210000260155,0.2977055318447864,0.0,0.2933624806691846,0.32168271806482496,0.2564231793816179,0.2458393115346917,0.3069124939945539,0.29518961680798433,0.3025181393017299,0.2999442485153758,0.3405022378234892,0.31100262431674547,0.2921152691526121,0.29474132107991124,0.3230418726761996,0.30615072914440516,0.2841819824366613,0.30357139803560756,0.3128076282690216,0.3091771811237221,0.29758729378939,0.2729384425455129,0.27613570920809377,0.292125602554958,0.33297076132446785,0.2893491784457645,0.3439804449310932,0.26843002460899934,0.28917484105319435,0.29570981019488274,0.27532454512849847,0.3199930703827662,0.3047736090768024,0.33029362235304494,0.29877139935090863,0.2757651340469586,0.28256276601526503,0.26687247065537745,0.27244261513348556,0.27378552218886393,0.30612455972333924,0.28359071033291,0.2991980219958639,0.32787572229487544,0.2992448292137373,0.32423330938189016,0.29136431088847103,0.36246572528014454,0.28921891753544055,0.30282730669872465,0.2880177927264887,0.27266118200373485,0.26104045148299043,0.34299159346880764,0.29807009189998357,0.27795523563803937,0.31113935255699354,0.293022334811086,0.2791735196562403,0.2818378271296181,0.3337353941444045
lo_A_model_1_unrelaxed_repeat042,0.2575156980922687,0.23856047781155343,0.2469370593934005,0.3352593000697547,0.2391986502418844,0.2810285115792663,0.24868478073994357,0.2818019881317757,0.2574951421128776,0.23857115199382842,0.24536574551086004,0.3483762867877122,0.2795378876202017,0.25308138212830156,0.28145915526078463,0.24349065014818358,0.290050955022215,0.2439582975221377,0.2653399579334193,0.27903625271466337,0.24883930845148877,0.2652811826449855,0.2711182797272972,0.2661291435187866,0.27554399309659533,0.3034645913875904,0.3014323460205752,0.3609128864254958,0.28275413322697596,0.28231781318132404,0.281087149641972,0.29917086184648484,0.31400386354839493,0.2466503493810325,0.23952223547627818,0.2951360589221668,0.26855289624760276,0.28852473655676425,0.2759692504278115,0.3401909755665757,0.2933624806691846,0.0,0.25872898309868375,0.320995188907653,0.3011093936641461,0.3078385582874999,0.2747109288335665,0.28254980443906713,0.270066912706936,0.36833352429775146,0.2850170288314213,0.3443258014014192,0.2735166522981851,0.31827759812885414,0.23149708699582733,0.3000287063042149,0.2425032188627571,0.2559165412956473,0.253481847891127,0.28423106117618296,0.2609562584277093,0.28892395700730855,0.276910194973234,0.3253681089085203,0.29074921718920815,0.3761474005663069,0.3280358157632518,0.33140300876774603,0.24997459098344185,0.28409276326615623,0.2678383771613033,0.33848598359055804,0.34173754455169714,0.34382041091859955,0.29906707588738074,0.2831901346454622,0.2794774400286694,0.2649230190236094,0.2982319382364391,0.31883335259017564,0.24533070145381847,0.30173774247854956,0.3592527214687309,0.28730940687518386,0.35495995059105634,0.27159882685089254,0.3608680125207249,0.29190058471864083,0.30225698452214095,0.2866902542114045,0.34163638862315815,0.30448295723182145,0.3620460059764376,0.2431117418537856,0.30218948285459174,0.3215550556143227,0.27389235900341913,0.3015237886733126,0.31238905899118213,0.2595231679024275
lo_A_model_1_unrelaxed_repeat043,0.2906837187054992,0.2289991909825718,0.25603988646710635,0.3527471180996535,0.24781448135123574,0.27063439485686624,0.23637794958513267,0.27715584931021564,0.2435780610335858,0.2482931720460561,0.2656195284717963,0.32279785460195104,0.26232917324595917,0.26206154198636045,0.2741325765535665,0.24691851968778458,0.2870342155834278,0.2275637595571963,0.24368205556833394,0.2924994161372454,0.24503271218945125,0.28121034134632117,0.22424573941372317,0.26013999752416794,0.25922333652166596,0.2831238474918671,0.2942153309129319,0.3529094280090607,0.2830433422984126,0.2704228131169359,0.2604422342241521,0.3069929843135501,0.29184421736656085,0.23699169685388222,0.23550414677315845,0.2862237487259992,0.278720662024183,0.2744024070098845,0.23730080872121462,0.32822874015771714,0.32168271806482496,0.25872898309868375,0.0,0.3156517883715312,0.2991819079089319,0.2908263103218026,0.26407270208894196,0.27633494428069566,0.28465912149559475,0.34353714244655315,0.2935662035722578,0.3393550223400423,0.2631432101919032,0.3229699446103341,0.23148960926757706,0.27925821422939784,0.24011275367590423,0.2474339263836065,0.22549192766496118,0.25471423579577235,0.24679647050571296,0.27872538415275633,0.29314412222463165,0.3346005668583319,0.27824675908506963,0.35080145312354516,0.3327486001492531,0.31917651553438187,0.23020647571088756,0.27113854157377276,0.2396151540104956,0.3529378438228026,0.33314871854702954,0.3302384364254165,0.28708769029170217,0.29084318248056296,0.280724537749055,0.24701635886123896,0.30378461611804125,0.32999566477405573,0.23150116565488568,0.29643726161117256,0.3427440391820838,0.3108843815833249,0.3562593371514384,0.2377711237642985,0.3361937073620118,0.2878393189500341,0.284626703798188,0.25030836490085967,0.33922646163688075,0.31128581000082284,0.3485899247286381,0.22021409792980698,0.3004834445176382,0.3120030354571536,0.2866249761746102,0.2948722475008607,0.30868116714025046,0.24468642161206283
lo_A_model_1_unrelaxed_repeat044,0.3161465497448829,0.29729404335057075,0.3175467928750597,0.3334179434819988,0.2863413331749475,0.29537260966577883,0.2879833189414885,0.2790313820347613,0.2949814377904406,0.28462569853924935,0.3014322036388248,0.3362449376317444,0.3098861298086485,0.3069358928933025,0.2985471736231943,0.290991988936429,0.31803469277469965,0.2879903729912205,0.321185572020008,0.2869857657738366,0.3072511380004558,0.29810906204866783,0.3073946543673449,0.30208910186392013,0.29288999531602844,0.24932406476388566,0.2890913691940478,0.30132440135140964,0.30525797621975365,0.29703633877392416,0.3268513681801852,0.291502054508277,0.27350676656910045,0.29636032470640505,0.2805971559878999,0.26084944325372766,0.2804535464251291,0.3019650000088239,0.3369578196838082,0.31027806072011377,0.2564231793816179,0.320995188907653,0.3156517883715312,0.0,0.25421280216381137,0.29599109718661115,0.30271243973960577,0.3011710572456468,0.31519365257982185,0.33925193309083074,0.31615935570124265,0.3134803478198303,0.30808968837030953,0.3189482896096502,0.30042302078287714,0.2904167495376552,0.30120435413032665,0.30573352774220536,0.317744420017212,0.30495840378657746,0.283503121726397,0.2843362373163435,0.2959313515105606,0.319494683283835,0.29555239133339767,0.33057902121941474,0.2530047752691891,0.2998432590060809,0.30855443103263197,0.28395863004412797,0.3260704172787229,0.34535416500267146,0.30539961859607256,0.31077608331852696,0.29345526793284754,0.30663758647964223,0.277808663995798,0.28985226368608624,0.2880635361484843,0.3013596751244768,0.28625808457950047,0.3164616157139989,0.3322015693664865,0.31846107062717594,0.31670364967385234,0.28981440462358793,0.36321234089437066,0.2895054734719936,0.3187764519586085,0.2951395974352627,0.2671591125458928,0.256057654004982,0.3298826686979722,0.302611144882592,0.2827031787361526,0.3142917646148576,0.28503675440034815,0.2628930057551251,0.2750864605922009,0.33553224645630886
lo_A_model_1_unrelaxed_repeat045,0.29783035180272616,0.2876197020198472,0.30770008436304386,0.2957756467160064,0.28154885330155766,0.28259921726106485,0.28041105123334764,0.258645586356924,0.28745984355995463,0.2505530363702159,0.27964728448457965,0.31301332089192946,0.3156969264282172,0.29142258742849586,0.2910109653848956,0.2734611515930831,0.3188753932997565,0.27983210784985163,0.3081351913322123,0.27230741905446315,0.308380049045815,0.2885845284191764,0.31044418774603155,0.2944658363127458,0.26925329906204304,0.2729260198355782,0.27782730507443165,0.3121889123981191,0.2855827062644208,0.2944572855101155,0.3173180710675602,0.2932719079918283,0.29801133908970173,0.3010863972317533,0.28472942254524214,0.27096494766155704,0.2489368524531854,0.29288789498233225,0.31716136346046786,0.31164683250713626,0.2458393115346917,0.3011093936641461,0.2991819079089319,0.25421280216381137,0.0,0.3092853454218351,0.29976438052918936,0.29607305868672756,0.3025808396457778,0.32575384125592444,0.2962661294450755,0.29235132802600605,0.2882815743234739,0.319880431881979,0.2834617902861291,0.271486924573896,0.27860576645940927,0.28735302270317664,0.3171840965006937,0.28831239018599936,0.2668507590599522,0.25716969453702926,0.2916728427713153,0.33102381607631826,0.27376644913050957,0.32850748451439316,0.279506667380507,0.30848932758857556,0.2736127187934632,0.2783508556759039,0.3261734181573452,0.3351142268904405,0.31419661613525385,0.29058024925817194,0.27757935879525436,0.29160411755218846,0.23908008008284118,0.26339790229920645,0.2697784816929426,0.28185533886336034,0.2834817250053646,0.2905048144356655,0.34783935581458436,0.30639983415318406,0.336931070836444,0.2822126958916992,0.3418384194428021,0.2755327782208605,0.3049186668919603,0.2965692724024748,0.28507012916258434,0.2394871129167891,0.34387379159999415,0.2851029982294605,0.26140130790955124,0.2880713331624403,0.28405000667964564,0.2881041577667019,0.27457132670361367,0.3118668234899399
lo_A_model_1_unrelaxed_repeat046,0.2964358620591229,0.2744528696924181,0.29995087819109795,0.3295936718978061,0.2822334284851928,0.28591058758213095,0.2651654813035894,0.2721235308143892,0.2889010305214185,0.26018761801154877,0.28940054466147375,0.31729548288951215,0.29913920377173947,0.2933722824967264,0.28631000536174633,0.2879044210340124,0.30360551545200154,0.27800484758178223,0.3009432477070825,0.28639029163299323,0.2712759550288673,0.2831019167702154,0.2830108911698345,0.3044160431461352,0.26640815438163684,0.265446852446085,0.2789459005804598,0.3414471013684318,0.29814769121977996,0.29591854038991033,0.29228844005338495,0.2816692019762136,0.25339068321563524,0.2815897034468191,0.2876485994024609,0.28165645324364774,0.2761416671108063,0.2861021156874908,0.3038739856283043,0.3188214168640746,0.3069124939945539,0.3078385582874999,0.2908263103218026,0.29599109718661115,0.3092853454218351,0.0,0.27690802509746126,0.27507730738060776,0.282586459859876,0.36781433084404,0.2979269816736241,0.3419707673507498,0.30081011268119506,0.262157822487282,0.29930821526533796,0.26143972462832404,0.3057397979235526,0.29991214736542277,0.3126596416267151,0.24142424326494533,0.2847666514528786,0.2816589420853745,0.26552509587214407,0.30250830277447993,0.3115719524364547,0.34578541560926,0.3083938733436185,0.3271764583630828,0.2940756474262293,0.27969444803791366,0.2934554629356088,0.35732970873399245,0.33293243417014906,0.33869842596063493,0.26903978039218734,0.2682628373973355,0.28079612956831085,0.27076429735293767,0.2898337049721983,0.2985601115358281,0.28343756393011504,0.31039114185847183,0.3432377604939445,0.32972564135866783,0.3412148623087394,0.25345808614170345,0.36929128273240613,0.26840119011566965,0.2994694880099257,0.2863812998906155,0.32200151946966415,0.27900671970822893,0.34332265216658947,0.2732417062655671,0.2740896233028332,0.3413615756377516,0.2601039189264852,0.262277850682272,0.28007525046448994,0.3231914353176163
lo_A_model_1_unrelaxed_repeat047,0.2896685491788932,0.24552690705643268,0.2540545039693736,0.3314986130771937,0.2303817196888888,0.26129352489421775,0.228753667387755,0.25459878953711174,0.25946406743320793,0.24593141395917673,0.25364467729009527,0.32029488380149534,0.26738713474721665,0.24649090904198345,0.28493941830326724,0.23966816592279297,0.2703775773520503,0.24301032905745448,0.29004548012964065,0.28373363962464776,0.24528567911250423,0.2748713315845045,0.27758100803709507,0.2482041939379994,0.24921077140382794,0.27183928181171396,0.25901961083725544,0.3402260882563034,0.29538321657669236,0.26627392394883,0.2727013699928812,0.2911026346838612,0.2985763550100737,0.23508218512366666,0.26024501495928565,0.2741783928944547,0.2889066261382896,0.28438946476284466,0.26464195587031725,0.33375386920219996,0.29518961680798433,0.2747109288335665,0.26407270208894196,0.30271243973960577,0.29976438052918936,0.27690802509746126,0.0,0.2612037721522264,0.28556376987752957,0.35207620452272853,0.2551201013139118,0.35020880752747213,0.28336709383985403,0.31267844690480073,0.26095423000474177,0.27541629305076604,0.24909512922749832,0.2808092739828807,0.26599192174208186,0.2550788820179008,0.23122717959550299,0.2428720027672665,0.2606908396491275,0.30546163380723135,0.27759987054372726,0.3520250836426161,0.3266283297699352,0.31137219952663464,0.24673298802951796,0.23280543184967237,0.25419558103785017,0.35176709032669595,0.32387284458003923,0.3444644201754511,0.2638466954195827,0.2781491556516028,0.2692453290408218,0.22263296327728557,0.29679475140830797,0.30033657800180935,0.20604588569057697,0.286583545855942,0.3464792466849997,0.3085061612061353,0.3439702552266499,0.23702489562173026,0.3724874819069713,0.2736174245051783,0.26323806248212267,0.275937626424308,0.32711064395790906,0.29051894764600944,0.3507896671196857,0.23258004298488247,0.28543353567935015,0.30774234434135855,0.28040278611429326,0.2531004313038211,0.2866193360135077,0.2829139199880997
lo_A_model_1_unrelaxed_repeat048,0.26809335806937773,0.24542608419645562,0.2532918044418826,0.30494578424774477,0.2497915010391993,0.2410464192884604,0.23375029166935357,0.22672981532197534,0.2568117494938882,0.22242691812273846,0.23330848018059136,0.33003121194573265,0.2968584678402643,0.22265905086647858,0.24240692209552994,0.24448053013222526,0.3050574185498581,0.24253265491092166,0.27670899584835484,0.27756832923855057,0.2789085102350681,0.2676682015003288,0.24881694324268835,0.2466634574279884,0.2274977400884468,0.2451409334509822,0.2661349491494837,0.33936956615472424,0.2617557642430233,0.2635199172379877,0.28374518581308655,0.25114598573667307,0.2642452474252628,0.2570420494092761,0.24806311209500773,0.2572974987465489,0.2653523583951451,0.26400936386046725,0.29068849257216384,0.32177316315452165,0.3025181393017299,0.28254980443906713,0.27633494428069566,0.3011710572456468,0.29607305868672756,0.27507730738060776,0.2612037721522264,0.0,0.25798015915547207,0.34658951490991985,0.2637789098937233,0.33446932323177075,0.2593422405066628,0.28216782919753386,0.2530369473211079,0.22438496452144563,0.22564376192604427,0.25359312031754555,0.25954290181526746,0.28665572058816957,0.21086408507572163,0.28102362452175067,0.20891038252228636,0.2878834508250541,0.23687655163672824,0.35128482751596096,0.2946121817324919,0.3037869236699416,0.25138898834692164,0.25243370494729733,0.2845373224021255,0.3519719230576311,0.32366127934649785,0.31738875581468945,0.2690940132794348,0.25981510978626227,0.2513290566303942,0.23763715262772542,0.2512387051817494,0.2833341243782612,0.2527907184873724,0.291726055674447,0.32557381939293867,0.28715540398396827,0.3282274761636002,0.26258672523369425,0.3555778709616173,0.2417999977517214,0.2840475387885723,0.2617070624805862,0.31601968392723684,0.2758749898310939,0.3264665820333673,0.23022393775724556,0.306164934464826,0.3057529461698764,0.25961835090357943,0.26879336160819745,0.3009662550773408,0.2923691397479684
lo_A_model_1_unrelaxed_repeat049,0.26239493435216443,0.26509927419520957,0.29290064328768634,0.33785539228258676,0.2461688709374075,0.25547705663401665,0.24821364649461086,0.2636140370219717,0.2707474949257771,0.22891889974605462,0.23892858128066158,0.33572278059095917,0.30530094911070454,0.28027086836960485,0.26076771217671285,0.2624096002116954,0.29384043824387646,0.27615808953365534,0.2791884314535807,0.251978721539591,0.2941005540770718,0.27395816436566317,0.2858362727527301,0.28540301049167477,0.2685789978974305,0.2828105418387145,0.2729627621634442,0.3583656671042643,0.27602663096417096,0.2911011111941752,0.29019154051415763,0.2787500713703662,0.269468028897673,0.28033017524532716,0.2904900403100136,0.2839521811885176,0.25749030844158927,0.2788440270407616,0.30117784991899915,0.3408014621795925,0.2999442485153758,0.270066912706936,0.28465912149559475,0.31519365257982185,0.3025808396457778,0.282586459859876,0.28556376987752957,0.25798015915547207,0.0,0.3581522282465895,0.2641786472328737,0.3295890274851798,0.2469482404804595,0.28787251788285984,0.2666491052872684,0.27730173419628834,0.2700225709847266,0.26976851200896435,0.2873759731231358,0.27412067766359177,0.22625488557707749,0.2674766846363143,0.2334477544917775,0.3199339613545896,0.26445333254279474,0.3801820962687736,0.32923234074389235,0.3227949738392908,0.2727671479931564,0.2855877657742761,0.303328035294643,0.3612032031062179,0.34725286083230933,0.32671941999082577,0.2815046939286495,0.2448222618843374,0.271386415563155,0.25716858195005693,0.27069512595542405,0.30515054095747246,0.2684560316245357,0.31190026284503836,0.35718382679375743,0.2889560411296038,0.3509565102730028,0.25439175403448894,0.3707068220651031,0.26880725261010724,0.29735308222358886,0.25392675771423107,0.32876906592994165,0.2949382224783418,0.3533589485141035,0.2669239281234714,0.3010973255074743,0.3077167751909304,0.2533065455304771,0.2649223170075351,0.3006183898383678,0.2953739658217438
lo_A_model_1_unrelaxed_repeat050,0.34858922704690926,0.35019549006082495,0.3728786828986459,0.3560010769783263,0.3519713946628962,0.32928912899168566,0.36178321665220464,0.33320045992614244,0.34872668442375404,0.32990521897206654,0.3490019286606735,0.3131564806961575,0.369846776455282,0.35546974703714973,0.3544888520234025,0.34023517070946196,0.36971419189826504,0.3628205356076958,0.3470257439337746,0.34496451269871115,0.3762405327493941,0.37350411227777935,0.34664787557743115,0.3614908725402342,0.3531325987952723,0.33815387038628525,0.3563786223395815,0.3760583539170309,0.35237518209381735,0.3650403783493888,0.37094022747676614,0.36835655582255283,0.3447461797746884,0.3523541104772913,0.3562084149862409,0.34533722193335403,0.33198458174722917,0.33588530980794357,0.35793254693378534,0.33314111768415117,0.3405022378234892,0.36833352429775146,0.34353714244655315,0.33925193309083074,0.32575384125592444,0.36781433084404,0.35207620452272853,0.34658951490991985,0.3581522282465895,0.0,0.3647303666317731,0.3498734289839868,0.364290872478438,0.3757083533935973,0.35930253530152817,0.34785350377110896,0.3493987887655652,0.36329110804498005,0.35896385621888277,0.34190537388642744,0.3330862746805152,0.33049012027506625,0.3533926314049721,0.36520490260534755,0.33465024553754696,0.30585427631551343,0.3224287303002524,0.28086688816913613,0.35594959537722914,0.3553221351710153,0.3674742309924476,0.320676145467381,0.28782137601667396,0.33984343782359494,0.3255013080982574,0.34450599077868505,0.34129241864046617,0.33598845269346334,0.3391935652074072,0.36437525658429754,0.3525975143886806,0.3371288347442605,0.33156899302976095,0.3563878149966853,0.3482612440890858,0.3386414412783423,0.3512425929246143,0.35311813567080924,0.35490114281741114,0.33318251237455043,0.32025579904825197,0.3411595140400288,0.3319645429814043,0.35245133796968875,0.3426770398612499,0.3635723249633504,0.3535131267127517,0.3358439500694977,0.3468336645195546,0.36640065783249604
lo_A_model_1_unrelaxed_repeat051,0.27355493651260415,0.2672703110527677,0.2713313227315987,0.3100233504519699,0.24210190691800287,0.22425690356883834,0.2476923538301551,0.2486939274045448,0.2771641080215716,0.2373694656715355,0.26834527115147044,0.29592492184763575,0.3040139670008873,0.2700421733607904,0.27208283683492984,0.27011553719376524,0.28731209571361177,0.2737239088107751,0.2957314832028671,0.2651440615789046,0.28718355104106347,0.27661617685702794,0.30519043516587835,0.2599594443994581,0.26660263895140124,0.27294352678272005,0.2567672359312662,0.3501002513280609,0.2645285167889535,0.27894297723613015,0.28727778623899997,0.2792724043341979,0.2901399198739031,0.27931005328402014,0.2747164489519141,0.2647471868809438,0.27142911140458514,0.2783121517130185,0.2778869275301226,0.34259545415466214,0.31100262431674547,0.2850170288314213,0.2935662035722578,0.31615935570124265,0.2962661294450755,0.2979269816736241,0.2551201013139118,0.2637789098937233,0.2641786472328737,0.3647303666317731,0.0,0.351280592067618,0.26298288917722384,0.2753846055479832,0.27126277057679965,0.257100649396079,0.26939597566116696,0.2752669142956805,0.30705006511849237,0.2825729424611614,0.22170763978569144,0.23806011431096785,0.23247865131884085,0.31292098396104306,0.2515969595263791,0.3657251405054225,0.33190355735920746,0.32186136042742775,0.2618738461585269,0.27327976724852976,0.28705315464360265,0.36849626766724847,0.3259408742471664,0.3296441485356678,0.2542019968878005,0.2504479534679419,0.2456449279247681,0.26297151942484626,0.281705007083184,0.3050636557321126,0.24726799070536365,0.28919091911176875,0.36124494640321236,0.28597667902156987,0.34873509423537963,0.2721512875571732,0.37122039002259355,0.27184301832021,0.2562539646924528,0.2800089412020192,0.345793648721927,0.27791009342701517,0.3479334864823114,0.2699751485410403,0.2921233987794357,0.2637538519540537,0.267152847218262,0.245151204399648,0.2723291158751887,0.28061851774887653
lo_A_model_1_unrelaxed_repeat052,0.332405418044948,0.3413229332732488,0.3613622691379238,0.3614199068536488,0.3399420972322674,0.32488157851319394,0.33258191414106375,0.32172741018816,0.33399712162415246,0.31243599630687396,0.3340509157391305,0.329764644906095,0.3664563319204322,0.34430760276515593,0.32325092234715014,0.3370554986288416,0.3661790098284072,0.3287494404005311,0.3539627293005657,0.3334593038080319,0.3560251072144995,0.34057840223459496,0.34894457668312673,0.3499217570422024,0.3295886368306665,0.3350284936529586,0.3386792913285682,0.33577855636227344,0.3355178774161048,0.357305245730607,0.3283019999137278,0.3411774612805437,0.3271967029226204,0.3586063071781164,0.34367641233411667,0.32274577530814574,0.3114238839255205,0.3221656421802775,0.37034882833552923,0.32611288495535645,0.2921152691526121,0.3443258014014192,0.3393550223400423,0.3134803478198303,0.29235132802600605,0.3419707673507498,0.35020880752747213,0.33446932323177075,0.3295890274851798,0.3498734289839868,0.351280592067618,0.0,0.3277600748515088,0.3435429308696378,0.34317990377050245,0.3273569099545523,0.3436367813289452,0.33579930480040443,0.32693535124130163,0.3432309249050249,0.31904229003788515,0.32715183964064376,0.3300002601117456,0.3570376448336032,0.3294051950812175,0.34461311267114125,0.3145945911731828,0.31240897959138053,0.33843644524166006,0.3336191621452531,0.36803219520795344,0.36074715821504244,0.3471316761291687,0.3105922626983304,0.33187954793081775,0.3089888442412156,0.32245193495721775,0.31628128043688036,0.33034113377508023,0.34459077759818596,0.33920221137293033,0.33641002130145553,0.3393959963614905,0.3376420805158179,0.35722147428188844,0.3394892233357154,0.35778271232938846,0.330493063824419,0.3508661671334424,0.3338997905062881,0.32810754892622457,0.32148550941074666,0.38239614240756026,0.33053950783148767,0.3401808826259183,0.3538253248638676,0.3321512660209401,0.31729868410635165,0.3244028298185414,0.3642771272876598
lo_A_model_1_unrelaxed_repeat053,0.2808306196088155,0.2365430574456817,0.30470328445779926,0.32048635251118374,0.2469857194993746,0.252220127759313,0.23883497633878248,0.2681585058565795,0.2646442803763354,0.2511385234087239,0.24970970269958995,0.319792761935839,0.2986101328570772,0.25758018877248434,0.2633147346794036,0.2611220424055444,0.2929761936941819,0.2609256659421479,0.2492762628525736,0.2778723062811354,0.2882702594602336,0.2683962863446608,0.2788465409847686,0.2611318491343633,0.2431661683041564,0.2898720056943489,0.2786484342831828,0.345517132278763,0.260174916401377,0.26832223917210957,0.2735638791841451,0.2749271720446512,0.28163176680621804,0.2685491672333864,0.2618501356925976,0.2857358044216182,0.2625021016333881,0.29707072514262794,0.27866784059003474,0.32315110715323775,0.29474132107991124,0.2735166522981851,0.2631432101919032,0.30808968837030953,0.2882815743234739,0.30081011268119506,0.28336709383985403,0.2593422405066628,0.2469482404804595,0.364290872478438,0.26298288917722384,0.3277600748515088,0.0,0.2757146002164778,0.255242205935827,0.24972230643064605,0.2635167684750347,0.24725647692045,0.2734698880777638,0.2777955835971739,0.2222491352324863,0.2814524966462074,0.24733041038804382,0.3259764686031427,0.2512256080729932,0.36740847059265413,0.31422548240257375,0.3131693175571762,0.23964279569370947,0.26581889561252753,0.28633199015075317,0.3578857403520757,0.3288223666114839,0.30734876248746323,0.270720439770068,0.277789146166986,0.2574886416373469,0.25265372662875796,0.2744284214729958,0.3154778377230651,0.25050506920932925,0.3014354309419875,0.3495940011859987,0.28157598577538373,0.34073114183434533,0.26788559042342924,0.36492168991593465,0.28155886315150913,0.28807207808903496,0.2693045672254172,0.3308157429657655,0.29535415563898687,0.34106435273106844,0.2506452902339321,0.32597076323429364,0.2782671188147241,0.2722248712804063,0.27827241415685944,0.29449911406168733,0.2714409701686962
lo_A_model_1_unrelaxed_repeat054,0.26091480968182285,0.28082190834407594,0.31452737211752935,0.3082929602767847,0.2848224605761296,0.2696626409315222,0.2881501853679967,0.2602114799661069,0.3150146804944789,0.26934286587756806,0.29512301937755314,0.32321046881726434,0.3424630970167616,0.2820424688239605,0.2762952330279902,0.30390430313661226,0.31233382420037065,0.2970814158914981,0.31614469442196685,0.27415590314174854,0.3270890382032582,0.3018101801389066,0.3057032980485625,0.2803631917946875,0.281081194771837,0.2796743968266372,0.28091303212310237,0.3686007257085191,0.26306512844270163,0.29772235051661605,0.32257485185623436,0.2536516710830122,0.2596395652874595,0.3056053819867783,0.30414786329478155,0.29697545454272545,0.27522548955382575,0.28224042349096723,0.3343396968715333,0.33227584762171997,0.3230418726761996,0.31827759812885414,0.3229699446103341,0.3189482896096502,0.319880431881979,0.262157822487282,0.31267844690480073,0.28216782919753386,0.28787251788285984,0.3757083533935973,0.2753846055479832,0.3435429308696378,0.2757146002164778,0.0,0.3125118595746747,0.26109525007884365,0.30740596338281895,0.2823956882631928,0.30066921067666214,0.2807237223634083,0.2864919785807801,0.2780390149751556,0.25452331388390237,0.2859448609772753,0.29822627773634397,0.3649437607328752,0.3193604571227889,0.3388224158326488,0.30378197889440617,0.301318229203541,0.3099623402294463,0.353618167374879,0.34639632630615136,0.3254948032654127,0.2605838058774006,0.26456377570693423,0.2885615749653702,0.2805772202761858,0.2741373777138019,0.3061174562087372,0.30503819034336377,0.31398190265225967,0.3461160753637121,0.31236675557058535,0.348627761611079,0.29548708605580565,0.38603067917545597,0.26693068117973756,0.30128508735525056,0.27609172036546725,0.3396622491397903,0.29686319060165023,0.3380651417363592,0.27817595115270816,0.3113908068984808,0.3166722083695506,0.24463104682378348,0.27794092681410426,0.2984655080802317,0.306220814789894
lo_A_model_1_unrelaxed_repeat055,0.2830633570272906,0.23288493600739882,0.24282363770271972,0.32456463631664084,0.19752944765162614,0.25289313083260606,0.21056800355270425,0.2575860204667834,0.2219842884540656,0.20953105212014544,0.2393404145743901,0.3264643471454142,0.24368798503135297,0.2368533588337815,0.27520370917751885,0.21073486790124749,0.2711372752527279,0.22945241776274092,0.23948209498779338,0.2671535969233244,0.21597176999862186,0.24129556134667707,0.24377362326376006,0.23654680718317692,0.2483042920676714,0.2737710999439509,0.26095828683491,0.34791432520435756,0.26675601149919476,0.241433013187796,0.2554676488313692,0.27808773741316034,0.30066540416992404,0.22426940676277757,0.21521051343507822,0.26933447357369933,0.26309378648384907,0.2886787027460984,0.2515047703310708,0.33148721969939404,0.30615072914440516,0.23149708699582733,0.23148960926757706,0.30042302078287714,0.2834617902861291,0.29930821526533796,0.26095423000474177,0.2530369473211079,0.2666491052872684,0.35930253530152817,0.27126277057679965,0.34317990377050245,0.255242205935827,0.3125118595746747,0.0,0.27251417781494847,0.21355556647249374,0.2434723768382397,0.2510075832857501,0.275273202826871,0.227564891152534,0.2749418978808076,0.27388050191207636,0.318066359223691,0.2670267597355711,0.3636847665796027,0.3257811126098831,0.31584856297810854,0.1979695934803509,0.2504877645149036,0.26730124781142545,0.3614653059174203,0.3221084863320056,0.3235866594596531,0.2825680821148116,0.2779526106931363,0.25563016472216227,0.24980381429558624,0.2696277834921714,0.3185121886304379,0.20892866584216382,0.29222769259681364,0.3471914290589806,0.2832474160737329,0.3449572966045025,0.23967771637205218,0.3573546504648705,0.2636739435322612,0.2798369134696141,0.2636248906603463,0.33018293797861337,0.2833580566508665,0.34295893304708575,0.24004345100231064,0.28780889979985974,0.28973077138189995,0.2815414854181261,0.27687676666684324,0.28051653765330076,0.24437839745872
lo_A_model_1_unrelaxed_repeat056,0.2712996326960312,0.25285556559611805,0.28380543013574466,0.3020400829874147,0.2594308175026632,0.23919518131423237,0.25052859710724934,0.24527605538992078,0.272237904037718,0.24197086571928134,0.267313236180856,0.3154503559018861,0.3087481299138861,0.240019193319325,0.24957411506951693,0.2692616407649084,0.31548994529049434,0.2636305343757087,0.3014256540056003,0.26247168932421944,0.2910659704287516,0.26996449721545873,0.2671847613723229,0.28123170740067066,0.24079262295079773,0.25626323197631584,0.24944676984704464,0.31242880734121237,0.2633591193618952,0.28288357806889153,0.28421359515001615,0.24781500091421338,0.24317505189785027,0.2712259034476638,0.2548741449358789,0.2538788644717495,0.25226975366124116,0.26871825260799165,0.3113495475707845,0.30533482641712517,0.2841819824366613,0.3000287063042149,0.27925821422939784,0.2904167495376552,0.271486924573896,0.26143972462832404,0.27541629305076604,0.22438496452144563,0.27730173419628834,0.34785350377110896,0.257100649396079,0.3273569099545523,0.24972230643064605,0.26109525007884365,0.27251417781494847,0.0,0.25496741635915776,0.2670612602722406,0.29651634969529717,0.2794853230130077,0.220676097287774,0.253567789256072,0.1976022217849875,0.2973247912191878,0.247368756838449,0.34491739800265414,0.2852647290942854,0.30468976224353667,0.26538125461386525,0.24842997706598763,0.29906339249810393,0.3406650904666648,0.31467620799772633,0.29605880404177104,0.2514371282660387,0.2528473050215334,0.22979296522511908,0.25061309657995984,0.26831317511962655,0.27468322241311055,0.2619628232095537,0.26682856315865144,0.3300111846199291,0.28115116925132594,0.33046384360672576,0.27010097195321514,0.3526673752125959,0.2459179760202573,0.2835966125090521,0.26515857538488746,0.310402572146917,0.2561316721461734,0.33111836332243433,0.23967843264040545,0.2925323796318063,0.28127667255498656,0.23901664304171352,0.2464997888898625,0.2811168712101249,0.30710480612591623
lo_A_model_1_unrelaxed_repeat057,0.2690641333741519,0.23929211292389527,0.24216754861518705,0.31702818006099975,0.22712244842998186,0.2597042446836861,0.2346947611287639,0.25389266992130965,0.24915508152453822,0.2220071014085419,0.23331577698104547,0.3265092610753242,0.27796913199218076,0.20375509156596747,0.2710261325421295,0.2195306477311906,0.28687039039779166,0.2251166602666576,0.24636109906027367,0.27101520579842525,0.2416424485916607,0.264522459569306,0.24193089496778655,0.22263868224685937,0.2468101504348105,0.2750123420302363,0.27988097817757573,0.34765175873350723,0.2621304811106956,0.2197249548731127,0.2682404916737787,0.25907185496922663,0.2982181705617867,0.22146869621882026,0.21638028834565629,0.2777978495371035,0.27412119955556097,0.2795894701466442,0.26381578738005523,0.32660384494178607,0.30357139803560756,0.2425032188627571,0.24011275367590423,0.30120435413032665,0.27860576645940927,0.3057397979235526,0.24909512922749832,0.22564376192604427,0.2700225709847266,0.3493987887655652,0.26939597566116696,0.3436367813289452,0.2635167684750347,0.30740596338281895,0.21355556647249374,0.25496741635915776,0.0,0.23530013099275454,0.23592529309060006,0.2779687717251047,0.235818727210127,0.26619203110704254,0.24609516983887705,0.31730950488192444,0.257241501845672,0.35754956037715124,0.3139611249547189,0.3112071654974199,0.22535783022830033,0.263901399196469,0.266679202137412,0.3517798196142578,0.3209228021211895,0.3177362255281502,0.28497852741437824,0.28019265801946247,0.26470103523477834,0.22653747475376157,0.278540956373892,0.3051191751033303,0.23178809818594673,0.283840159335324,0.335655232205622,0.301083973951669,0.34606254448064405,0.2619942228720165,0.3591389320753026,0.25281177015753437,0.2803565071504025,0.272563677903275,0.33014095052007775,0.27917090616642953,0.35039658708432553,0.23394960512817292,0.2924319614446957,0.29650501133260887,0.2699342366792634,0.2866867611149308,0.3033608596355144,0.2561203333958999
lo_A_model_1_unrelaxed_repeat058,0.282323285912162,0.2506753681562792,0.25409831042154607,0.32816819373036715,0.24521439628019703,0.25564499481947967,0.23999845016190094,0.28481452439214017,0.24859237480781549,0.2402500485679657,0.25308861759232193,0.3168857310192511,0.27639509570004783,0.2586563719320648,0.2514079950426949,0.2177081166018731,0.2840680367434617,0.24488495444921418,0.2396678077735424,0.29608238423562033,0.2600777368106493,0.27021101275911946,0.27269292366169773,0.23380402147481735,0.26550327409483804,0.2854590460167442,0.2818639166779525,0.368650983893449,0.27390593918225525,0.2628221437704215,0.2990676499179873,0.2808406041179163,0.3089104485705388,0.23356783638100181,0.2374659376221319,0.29384082773804543,0.2877177224985821,0.2739619764141439,0.27065141573840273,0.33185101022896657,0.3128076282690216,0.2559165412956473,0.2474339263836065,0.30573352774220536,0.28735302270317664,0.29991214736542277,0.2808092739828807,0.25359312031754555,0.26976851200896435,0.36329110804498005,0.2752669142956805,0.33579930480040443,0.24725647692045,0.2823956882631928,0.2434723768382397,0.2670612602722406,0.23530013099275454,0.0,0.2559135225898566,0.2813009832982778,0.24785956381840865,0.28482552448673143,0.26904823506148406,0.31605684825751224,0.29179646815356686,0.3628087851641339,0.32848418500700133,0.32791564392065375,0.23831916181843757,0.29122203181916245,0.25261561610336897,0.3450075572973361,0.3462430282632229,0.3386154591635611,0.2675948617113306,0.2900224943177691,0.2752175885186899,0.24066883437572698,0.2919659082142477,0.3134670216732232,0.24606912505666298,0.3144827485596482,0.34296656660423563,0.3199515789545919,0.35676579318568447,0.2657136583085842,0.3686800878174407,0.2831593676144428,0.27599998963322325,0.27321023781813325,0.32934668933202105,0.30689258954307136,0.35374214479922106,0.20593809923204492,0.31129031387691913,0.30658775497750385,0.27037360894143714,0.294660105831323,0.3111254663218545,0.23176797632499926
lo_A_model_1_unrelaxed_repeat059,0.28302484257826566,0.24519409263176886,0.25333438746862985,0.33966018531444003,0.26800961911292087,0.26897043144179567,0.24208654265464205,0.26548274382250353,0.2713199864552398,0.24377027812646496,0.2507800705335734,0.34300635846240024,0.2773964898649827,0.25718104264922054,0.2799284089961041,0.24781950374772407,0.28663865185664933,0.24112777467475502,0.2621311906036127,0.2973810337867567,0.2482394086476248,0.2863388850323076,0.2350715959484373,0.22786940013813461,0.2609648105241446,0.28830787470196595,0.286724484304806,0.36409234157047554,0.27182544049470986,0.2682234244735862,0.2663390870657151,0.2835792587519009,0.3039374888669867,0.24910724718654487,0.23858794187591226,0.2826944745681441,0.27305294596810303,0.2686880114490102,0.2618609531760763,0.32547999110019166,0.3091771811237221,0.253481847891127,0.22549192766496118,0.317744420017212,0.3171840965006937,0.3126596416267151,0.26599192174208186,0.25954290181526746,0.2873759731231358,0.35896385621888277,0.30705006511849237,0.32693535124130163,0.2734698880777638,0.30066921067666214,0.2510075832857501,0.29651634969529717,0.23592529309060006,0.2559135225898566,0.0,0.26549449099678574,0.24755265620987896,0.3000381949934635,0.2890759784488603,0.30841330981486276,0.2745069191130081,0.3578017449624026,0.3383255071436044,0.32842124630032576,0.25526697853236224,0.27152770786300806,0.2522784301019545,0.3502042731094936,0.3465072815069534,0.3236158375302871,0.2867966734512766,0.2646953062489295,0.29730626588884196,0.2496334365557588,0.29180985244794916,0.32234645788767785,0.24536277191667102,0.2956325871913346,0.3384726698150547,0.30719372199414824,0.3626198583358523,0.2640717269362547,0.3627385505844595,0.27312193926027484,0.297260404715682,0.24846216569640234,0.33818035330143653,0.3000470158675876,0.3562237164964787,0.24109045311009258,0.298646781092545,0.3275276091628742,0.2929735568394409,0.30391414155372504,0.3216435350856206,0.26298256277970267
lo_A_model_1_unrelaxed_repeat060,0.27664503423021103,0.2558091317254055,0.27378970240769124,0.3173053569615699,0.250070834028028,0.260278545631725,0.2591848120737945,0.26764944082879316,0.2800018393563129,0.2479989731853772,0.24659303699442625,0.30275931790445115,0.26888169827657904,0.279135903542769,0.27961689507510973,0.2628687885618983,0.2805142426746771,0.27275891349817305,0.2841559043351492,0.2835487357594578,0.2632444753287905,0.26077363716954277,0.278031708445795,0.25850843205214813,0.2547287260818325,0.2831658345256933,0.2557466557578622,0.35960950845241124,0.27457752696073673,0.27597640420793623,0.2559929474171598,0.27381880541231074,0.26636787624179126,0.2392714263146433,0.27279085355892657,0.2900524347051714,0.27880723877770786,0.287255276200966,0.26552078553975406,0.30624319209390216,0.29758729378939,0.28423106117618296,0.25471423579577235,0.30495840378657746,0.28831239018599936,0.24142424326494533,0.2550788820179008,0.28665572058816957,0.27412067766359177,0.34190537388642744,0.2825729424611614,0.3432309249050249,0.2777955835971739,0.2807237223634083,0.275273202826871,0.2794853230130077,0.2779687717251047,0.2813009832982778,0.26549449099678574,0.0,0.25702329236532606,0.26271222091051794,0.2605645900336405,0.30713531709051606,0.2969166296766497,0.3416840394759726,0.3247231020269203,0.31974681507572983,0.2451073747948578,0.2520602943514807,0.25272149593265264,0.3439389771872509,0.31506631225169063,0.31700295373269055,0.26273955619964906,0.25798930897989863,0.28922500164003234,0.23433832211817524,0.27925186174667527,0.3101044173215632,0.2621036827028746,0.3148863591365037,0.33103293492600167,0.30776953828821363,0.34414239991071865,0.23476460678913758,0.3633117028381693,0.25950012473086825,0.26189258355648104,0.26313211921053825,0.3178979600730366,0.27936439200319235,0.329397247248657,0.26096064415319914,0.26510154072650177,0.3237632791781767,0.25180021373995093,0.26258585352623814,0.2981669799384365,0.28234720252801054
lo_A_model_1_unrelaxed_repeat061,0.24972413964762552,0.20926549113431306,0.26483611689607106,0.3139921087369396,0.20785944959716973,0.19784330731396257,0.18701242757814124,0.22762975987831727,0.23020541924566315,0.19550967836596722,0.20480878412402964,0.31850302572547157,0.27122041778129324,0.23797578650828033,0.21683033325429873,0.21063294491156248,0.27577244875204815,0.2353543579790748,0.2692535115927128,0.24999107280198365,0.25664379438434565,0.23115298490836275,0.25791532473921785,0.24119925693306848,0.22478869429209528,0.2355033570618699,0.20730679855410555,0.3265296784387103,0.23537702990918594,0.2600966586038376,0.2499612559391403,0.24689418421142464,0.2638019589268045,0.229792031372725,0.2459724213113732,0.2267981399403456,0.22102518321810105,0.24346456178861878,0.26945284463010605,0.30070651189275355,0.2729384425455129,0.2609562584277093,0.24679647050571296,0.283503121726397,0.2668507590599522,0.2847666514528786,0.23122717959550299,0.21086408507572163,0.22625488557707749,0.3330862746805152,0.22170763978569144,0.31904229003788515,0.2222491352324863,0.2864919785807801,0.227564891152534,0.220676097287774,0.235818727210127,0.24785956381840865,0.24755265620987896,0.25702329236532606,0.0,0.2273765287731121,0.20349246804084967,0.28748885653592193,0.19510028234647386,0.346613578525585,0.29743341785072397,0.29026000874259333,0.2155967199115602,0.21880518310704258,0.273719623055746,0.34151145153677964,0.31059180208923054,0.28776366276514387,0.23189497400753875,0.2192311966773126,0.21794035224980637,0.2083050338433124,0.23840252804681628,0.2815176019876882,0.21739187534912882,0.2663554156370748,0.32821274373524045,0.24661392159267698,0.3260881420641508,0.22341311324594,0.34695404617523584,0.2367340370370207,0.2529938618513853,0.21855665172743233,0.30175030653907126,0.26120766079900076,0.33376411363105773,0.23537958264388187,0.27903748318876526,0.257681696941175,0.23681252431790795,0.22411076864744411,0.261148448512008,0.2619580173639095
lo_A_model_1_unrelaxed_repeat062,0.2562144912415661,0.25575101894418156,0.29794983783436124,0.3029976604866314,0.22508176864221432,0.25108223550116654,0.2362376170956784,0.22357576575493185,0.2665657713276232,0.23790670320054863,0.27107759316559543,0.3044208366385016,0.2909993633509743,0.27051114653664876,0.2629948568065997,0.26176948218341856,0.2952096803372255,0.2655281669412849,0.30677294917611114,0.24522723105272262,0.2932062411630054,0.2850859368967698,0.2894254087652166,0.2918848519703073,0.25976648476938297,0.227730923219834,0.24284514102176863,0.31692387716908543,0.2772977101034415,0.2876529760334264,0.299363463949637,0.2621732655575401,0.2520648916154759,0.27718888267925323,0.2843894647628447,0.24206237151286453,0.24527465554427044,0.24639065484015582,0.2964629349798744,0.32399584059217496,0.27613570920809377,0.28892395700730855,0.27872538415275633,0.2843362373163435,0.25716969453702926,0.2816589420853745,0.2428720027672665,0.28102362452175067,0.2674766846363143,0.33049012027506625,0.23806011431096785,0.32715183964064376,0.2814524966462074,0.2780390149751556,0.2749418978808076,0.253567789256072,0.26619203110704254,0.28482552448673143,0.3000381949934635,0.26271222091051794,0.2273765287731121,0.0,0.23933019313237153,0.28204201231303316,0.2588633125652893,0.3453428144809022,0.2964090762551126,0.29959448033406433,0.24867948817659066,0.258949456792449,0.2932452234688019,0.3443120070895542,0.31314633874703435,0.31080701637932046,0.23693597283178708,0.2340926537278084,0.23204428317936035,0.24755889748769258,0.247695183943459,0.2697625194152422,0.23848628504487723,0.24817185655562576,0.3434592182790949,0.2877491953555282,0.32863070489576307,0.24081704035258258,0.36149862923854187,0.2674086422953621,0.2602300072097,0.25143280401654494,0.3032636496544166,0.26189739060284273,0.3350211489491441,0.26070390024921036,0.2525044794854715,0.27321657368713753,0.23952755119724015,0.2324361250267555,0.22776214282732166,0.2882277254973062
lo_A_model_1_unrelaxed_repeat063,0.2311913537744996,0.2413472557417574,0.2710431288234465,0.2908090436299024,0.2377515684439704,0.24431990801714257,0.24408551703868064,0.237632577257334,0.28310540356534525,0.23018055984108513,0.23790934905778446,0.3207716465231328,0.3074624091612019,0.23611253106252034,0.22100194523966046,0.26183347152289027,0.3086331489015047,0.26478657694541863,0.3035016904544796,0.2547366448433307,0.2843617454739372,0.2746493147011445,0.27268610345182015,0.27977990532207897,0.24605540392882067,0.26792008716114385,0.25185537553520665,0.3227613778165137,0.25709230263543864,0.28492631379331307,0.2887804260642079,0.23080037389357377,0.2448794044969505,0.2631800680365651,0.27027866719353594,0.26575936494736097,0.2559520363687622,0.2581990005621115,0.312430226831615,0.3173617099393408,0.292125602554958,0.276910194973234,0.29314412222463165,0.2959313515105606,0.2916728427713153,0.26552509587214407,0.2606908396491275,0.20891038252228636,0.2334477544917775,0.3533926314049721,0.23247865131884085,0.3300002601117456,0.24733041038804382,0.25452331388390237,0.27388050191207636,0.1976022217849875,0.24609516983887705,0.26904823506148406,0.2890759784488603,0.2605645900336405,0.20349246804084967,0.23933019313237153,0.0,0.2857904731856231,0.24984573208808736,0.35690483136996304,0.29605725773393643,0.2996267110111498,0.26438564844101065,0.27376759877713847,0.29709417686731804,0.3423832152638628,0.32137481849517086,0.3058432373568359,0.2502999059497525,0.2359529426181966,0.24470133031648036,0.24509587625065968,0.2542690159554723,0.261049055623766,0.26319403787638634,0.2831369343712512,0.3340207646908126,0.27738039864198555,0.33237524685365794,0.2558509602815027,0.35391685290428165,0.2434116126269647,0.2856524795197724,0.2690340906224048,0.31762684037748307,0.2630758959665948,0.3334931519588273,0.24156126654238716,0.28649262774297174,0.29250044324581553,0.21648426348726868,0.2282944789054533,0.2774115487537861,0.30127578039267616
lo_A_model_1_unrelaxed_repeat064,0.2897010940456961,0.3091793558856502,0.3087788028186199,0.324879332721792,0.2983103586872958,0.31383273749636686,0.2932118522021524,0.26988976714421004,0.308399115281078,0.29440651000452966,0.3115292935107509,0.33998560938997796,0.33829582165180117,0.30756773449414326,0.26843583377158614,0.32527501294849087,0.32906939491035425,0.30339250157890546,0.3460821803220742,0.30922974129948877,0.3181368327450786,0.32150896013162883,0.30370176810235705,0.3075773161927544,0.3040244135969134,0.2774490892736353,0.2931206961121483,0.3498288974780808,0.29924157828506226,0.3172235146171185,0.33917142158337,0.2835469194117058,0.28353117724377647,0.30474919916545895,0.29454545374264024,0.29132684475019294,0.2952738841595488,0.2938526583774243,0.3351192643166996,0.33255851292779126,0.33297076132446785,0.3253681089085203,0.3346005668583319,0.319494683283835,0.33102381607631826,0.30250830277447993,0.30546163380723135,0.2878834508250541,0.3199339613545896,0.36520490260534755,0.31292098396104306,0.3570376448336032,0.3259764686031427,0.2859448609772753,0.318066359223691,0.2973247912191878,0.31730950488192444,0.31605684825751224,0.30841330981486276,0.30713531709051606,0.28748885653592193,0.28204201231303316,0.2857904731856231,0.0,0.3026992066857512,0.36278587464792916,0.3352834941646061,0.3434923725707838,0.3143833803992263,0.3086280500011242,0.32077967427465526,0.37636773938577367,0.3380234138727379,0.321629123799616,0.2824918751284554,0.2685795838237228,0.30380491255525127,0.3020046992026555,0.2815216165782982,0.2713916343040868,0.31550790172593485,0.2850027733720442,0.35257012614280697,0.3194036825810747,0.3367835318915726,0.2957823698269205,0.39882222887297114,0.29736501367693613,0.3362703796654462,0.31854250518709853,0.34538473499059097,0.29218230732764705,0.3322876444946969,0.29414749154313025,0.3074429125742397,0.33369003804105357,0.27800114243134516,0.277344963715634,0.2818368119232807,0.33129256548932373
lo_A_model_1_unrelaxed_repeat065,0.2613129608712766,0.26680920725458973,0.2934156796888461,0.3021580937040146,0.25804608609024665,0.22784886942036237,0.23269399432053875,0.23992965111073142,0.27224021623594585,0.23152755160687857,0.24878244283441897,0.3302023050067332,0.3009744308266815,0.25549850288903997,0.25564286829232447,0.2575960728870099,0.3002394847646309,0.2762314345550441,0.29096893039452787,0.26062519748142493,0.29281784266718314,0.26842735981345767,0.27489771800581914,0.26687584785591334,0.2589052002532371,0.24672376866802087,0.2615227773830202,0.33387391073421063,0.2706528429065369,0.2828047750172054,0.28676744078257904,0.261264176566711,0.27644022655089084,0.259277857043512,0.2672446704369745,0.24784369064563036,0.22835036954918092,0.265429713410325,0.28882178891328986,0.31888737186827093,0.2893491784457645,0.29074921718920815,0.27824675908506963,0.29555239133339767,0.27376644913050957,0.3115719524364547,0.27759987054372726,0.23687655163672824,0.26445333254279474,0.33465024553754696,0.2515969595263791,0.3294051950812175,0.2512256080729932,0.29822627773634397,0.2670267597355711,0.247368756838449,0.257241501845672,0.29179646815356686,0.2745069191130081,0.2969166296766497,0.19510028234647386,0.2588633125652893,0.24984573208808736,0.3026992066857512,0.0,0.3437969424313992,0.3148847235534375,0.3120906933222603,0.2530520424627386,0.2500752962432119,0.3056439062453114,0.35388891995666844,0.32505731859467485,0.2899685740952009,0.26237208887112595,0.25016475258012744,0.21470517430678251,0.2567797718201784,0.25174020943665376,0.3046276368597729,0.2510129977426774,0.2761194408885831,0.3477792617140903,0.24844575519841092,0.3261278438424533,0.26993450167241134,0.3517673750122841,0.2714121392941428,0.2727353625192862,0.24918005739109744,0.30859949460209674,0.2640912834771032,0.33614919366342716,0.2763359796998591,0.2939207118177949,0.24461455476028454,0.2753433024275376,0.2709425607848187,0.27142568544293816,0.2823359538635895
lo_A_model_1_unrelaxed_repeat066,0.34920207430389094,0.3439826907845372,0.3669633342694338,0.36541234278211066,0.37083970755319634,0.3346697815174597,0.35446104487221547,0.3370440384193861,0.36253186925176106,0.3352603668655812,0.3554900303236556,0.3292640164986164,0.36910590654066294,0.3509179460559,0.35021330103691944,0.33885969682816786,0.37069026591953613,0.35412234091045813,0.37012765071724235,0.34841435217445405,0.34770167108369204,0.363665687788887,0.35809781993320705,0.35534810352401147,0.33432480587387425,0.34180225858983165,0.34658976257142005,0.375224682332812,0.3522966544846648,0.3610437103747198,0.3817553388882347,0.35799421355447014,0.35596993170024643,0.35372766615374474,0.348434430298519,0.33919833116980896,0.3413247355632113,0.34327072779484297,0.37240724090143923,0.32221808163356785,0.3439804449310932,0.3761474005663069,0.35080145312354516,0.33057902121941474,0.32850748451439316,0.34578541560926,0.3520250836426161,0.35128482751596096,0.3801820962687736,0.30585427631551343,0.3657251405054225,0.34461311267114125,0.36740847059265413,0.3649437607328752,0.3636847665796027,0.34491739800265414,0.35754956037715124,0.3628087851641339,0.3578017449624026,0.3416840394759726,0.346613578525585,0.3453428144809022,0.35690483136996304,0.36278587464792916,0.3437969424313992,0.0,0.32141550306108674,0.28081268735424514,0.356241266238348,0.3519782230875896,0.3730109480725388,0.3504544362311681,0.27225671635320176,0.35266847048117406,0.3347159451661929,0.35419072963782294,0.34651050185671967,0.33607283426136847,0.36068425672215065,0.36662197672772223,0.35363710050772085,0.33299997637122014,0.29191367019045705,0.36243268824018504,0.34447679636397904,0.35823286677570565,0.32707736000486787,0.34247897087786605,0.36933815452661717,0.3512700032233335,0.3442271100457006,0.3376072499543594,0.31843959682180595,0.3464926244087614,0.34944931130724016,0.375565648734411,0.3503474261746212,0.3507658084256717,0.3516249220930022,0.3718741922725987
lo_A_model_1_unrelaxed_repeat067,0.3058801882379918,0.3050536199026931,0.3352500828124448,0.31093932173749766,0.31110348617946826,0.3081284591746792,0.3101858780956301,0.28502792072655847,0.32172825505407987,0.2895156529528603,0.3109271750016496,0.3344334777993396,0.35621090504055886,0.3080449217561336,0.3034837778753197,0.30545236042979207,0.3400168303500816,0.3169165642984798,0.34125825410424515,0.3010953774525923,0.3465795670266794,0.3274145915125595,0.3255327316423486,0.33195695810070547,0.28929172053623564,0.28458417824334115,0.31850688855088105,0.3003606320725114,0.3158457547166531,0.32665233100423563,0.339518930893267,0.30050967672988094,0.2985899624321555,0.33566708079185353,0.32419792079144116,0.29528299270307673,0.2895308720916208,0.3144575455059205,0.3542100764442614,0.2917195823652163,0.26843002460899934,0.3280358157632518,0.3327486001492531,0.2530047752691891,0.279506667380507,0.3083938733436185,0.3266283297699352,0.2946121817324919,0.32923234074389235,0.3224287303002524,0.33190355735920746,0.3145945911731828,0.31422548240257375,0.3193604571227889,0.3257811126098831,0.2852647290942854,0.3139611249547189,0.32848418500700133,0.3383255071436044,0.3247231020269203,0.29743341785072397,0.2964090762551126,0.29605725773393643,0.3352834941646061,0.3148847235534375,0.32141550306108674,0.0,0.2848646994552118,0.3224677291414215,0.3029075601329453,0.35050848001676416,0.32678850899891493,0.2998346707050327,0.3055117894697472,0.2901363203845646,0.30112478698880935,0.2928808123506977,0.299270166124027,0.3019184723538754,0.31035555778182194,0.3185885808280778,0.3116741447925844,0.3077567086229512,0.32288422122292587,0.3034059401540186,0.302931835087673,0.3371628236786472,0.28599078588957005,0.3372024518923784,0.30964809968191914,0.28602279889519255,0.2927871101081698,0.3175255726242947,0.30755452428427277,0.32449423615682077,0.33121487046157577,0.28630440896408615,0.30811443724332077,0.3068126324262236,0.3600018280036247
lo_A_model_1_unrelaxed_repeat068,0.30952374695404106,0.30046582813519257,0.3452728804085786,0.33145981356937515,0.30526594329754353,0.2978049404333229,0.3089287874383909,0.2963474838553731,0.3024078383827172,0.29547081800381825,0.3126230801969312,0.2636144711760866,0.33884867761778126,0.3081286448913426,0.30769585339653976,0.3021763689303221,0.33075848153061005,0.305928591815827,0.31556312496378575,0.30410642102326985,0.33143594465254567,0.3291988801897248,0.32561837286867323,0.322695416612505,0.2989821550552605,0.2971204194157018,0.3054225713126633,0.3171574391398012,0.3102374373363662,0.33610692998420144,0.3243352616439301,0.32607800746568255,0.319254854896243,0.3172238754010541,0.3210040578407298,0.30683976889709724,0.30265662068244675,0.32908843622270884,0.34097029770917814,0.2635293090143582,0.28917484105319435,0.33140300876774603,0.31917651553438187,0.2998432590060809,0.30848932758857556,0.3271764583630828,0.31137219952663464,0.3037869236699416,0.3227949738392908,0.28086688816913613,0.32186136042742775,0.31240897959138053,0.3131693175571762,0.3388224158326488,0.31584856297810854,0.30468976224353667,0.3112071654974199,0.32791564392065375,0.32842124630032576,0.31974681507572983,0.29026000874259333,0.29959448033406433,0.2996267110111498,0.3434923725707838,0.3120906933222603,0.28081268735424514,0.2848646994552118,0.0,0.31559984442736205,0.311169467924217,0.33574468295360477,0.3062578135408019,0.245174954320455,0.3198831599998695,0.29515593221288605,0.3084272717744799,0.304563713849814,0.2996479097441196,0.3001331130528367,0.32975713957634595,0.30405810377640485,0.2961312298513551,0.276135087506491,0.3128152658645993,0.2971187823336833,0.305249540263679,0.3394473333694295,0.31448115636873336,0.33015269368050315,0.32033231135739465,0.2899885548528366,0.3051295838608037,0.29178435802486535,0.30956215329478437,0.3243655191072162,0.33032376712883676,0.3193201827523882,0.28552910001047127,0.3031447951222785,0.3436727907828368
lo_A_model_1_unrelaxed_repeat069,0.2697382294862038,0.21643925558706859,0.25823296310345484,0.33319526468167987,0.1989891478770094,0.2483364969889984,0.19607850753175327,0.25410906380728115,0.23627128511876727,0.21370175626201734,0.24112747802372708,0.31654455894368594,0.24298795721879293,0.2403948230692836,0.25497903080772194,0.2030514004990736,0.27577161872435013,0.21502856050112834,0.2604715653149594,0.27048100004935044,0.22963876589984916,0.23373792839469423,0.25341778202420173,0.23815882943963515,0.23518172439775376,0.26639011052800826,0.23646435972291943,0.3506956911784899,0.2735559301572119,0.24744583661901817,0.22318823890539988,0.28060408981649815,0.2938987592466074,0.2000222448287273,0.22595288607117034,0.26472027507226337,0.26511951039589826,0.28694309126580975,0.24450510583854046,0.32606137902217525,0.29570981019488274,0.24997459098344185,0.23020647571088756,0.30855443103263197,0.2736127187934632,0.2940756474262293,0.24673298802951796,0.25138898834692164,0.2727671479931564,0.35594959537722914,0.2618738461585269,0.33843644524166006,0.23964279569370947,0.30378197889440617,0.1979695934803509,0.26538125461386525,0.22535783022830033,0.23831916181843757,0.25526697853236224,0.2451073747948578,0.2155967199115602,0.24867948817659066,0.26438564844101065,0.3143833803992263,0.2530520424627386,0.356241266238348,0.3224677291414215,0.31559984442736205,0.0,0.24321005362850437,0.2563176565487739,0.3492500446747191,0.3216040359464616,0.321370767561713,0.27010219016706843,0.26423165801756693,0.2539397718462429,0.22818027408634012,0.2690525952273447,0.31461432665257005,0.20866946845966447,0.29267886085897166,0.34879789475812023,0.29854209414126,0.35452969108355326,0.21986443996231583,0.3560433498224474,0.27329091753662693,0.23157568123043284,0.25254226689115544,0.33044786879539156,0.2876230345683498,0.34942269985787366,0.22167976232466613,0.29026060019039757,0.292024113688715,0.2671779076472528,0.2723475016582924,0.2777831720983138,0.24930685024563434
lo_A_model_1_unrelaxed_repeat070,0.30089066641065354,0.257627449465636,0.2751148024124434,0.318943669599637,0.24032119660850126,0.2446589989170089,0.2259766278570091,0.23740496178434925,0.24138767873468878,0.22515294436181058,0.24572959305738654,0.32327853760424075,0.28748019773813877,0.24374351537539138,0.28729880065598795,0.24124106868210504,0.27661198763327677,0.25643082265930545,0.29686372070283007,0.2664863302959851,0.27641098549831333,0.23243058557375226,0.28258235914432245,0.2541309069804174,0.23114568172530828,0.24225283851430998,0.23430810084807763,0.33260991600247874,0.26099775540448666,0.2685786783007323,0.264176968474523,0.27524243443011426,0.27801297815549875,0.2551881686728739,0.2674031318197489,0.25008307632540366,0.2394098610021408,0.28433387253888937,0.2834285794634203,0.3100622947238862,0.27532454512849847,0.28409276326615623,0.27113854157377276,0.28395863004412797,0.2783508556759039,0.27969444803791366,0.23280543184967237,0.25243370494729733,0.2855877657742761,0.3553221351710153,0.27327976724852976,0.3336191621452531,0.26581889561252753,0.301318229203541,0.2504877645149036,0.24842997706598763,0.263901399196469,0.29122203181916245,0.27152770786300806,0.2520602943514807,0.21880518310704258,0.258949456792449,0.27376759877713847,0.3086280500011242,0.2500752962432119,0.3519782230875896,0.3029075601329453,0.311169467924217,0.24321005362850437,0.0,0.27954034414681983,0.3584421467017918,0.31526281699056113,0.30532821993456816,0.2655552662399184,0.2655907120426447,0.25317401435586623,0.23477325986561076,0.2626824320083795,0.2995816348460849,0.2298937989556988,0.27446850707028403,0.34636481300932853,0.29383819864238553,0.32325433012666144,0.23709471858183417,0.3697957523097356,0.24053748826701124,0.27566218882213217,0.2593040647524423,0.3036513605831153,0.2615872645900564,0.336538595167324,0.26948804321590525,0.29052495528327027,0.2952855604863869,0.26454117160384244,0.2595814833438488,0.28463102637116783,0.2975126738984173
lo_A_model_1_unrelaxed_repeat071,0.30376257575949966,0.24977408963144282,0.25503389771609425,0.3266456739043096,0.2577194468889009,0.26627601930128,0.24875357381635577,0.2865826473007491,0.26296972415584974,0.26613425033027127,0.2693010079894778,0.3024048106890778,0.26976495889423874,0.26337025510343326,0.2936660390465169,0.2640081175324594,0.276166896108925,0.25189149967966895,0.23984478767431042,0.30946231463200213,0.26086107002402115,0.28992036793314346,0.23666785548473307,0.23247428211630972,0.2628117468952856,0.288144376464518,0.29712701580185086,0.3652866865576294,0.2858645496953622,0.26237737785871934,0.2822523855628807,0.31272813132203453,0.3037969071619138,0.23283302176214146,0.2446776513615876,0.3030695609893598,0.28876992341573227,0.2913854233655631,0.23598756059454662,0.3360743667276451,0.3199930703827662,0.2678383771613033,0.2396151540104956,0.3260704172787229,0.3261734181573452,0.2934554629356088,0.25419558103785017,0.2845373224021255,0.303328035294643,0.3674742309924476,0.28705315464360265,0.36803219520795344,0.28633199015075317,0.3099623402294463,0.26730124781142545,0.29906339249810393,0.266679202137412,0.25261561610336897,0.2522784301019545,0.25272149593265264,0.273719623055746,0.2932452234688019,0.29709417686731804,0.32077967427465526,0.3056439062453114,0.3730109480725388,0.35050848001676416,0.33574468295360477,0.2563176565487739,0.27954034414681983,0.0,0.3509812934949737,0.33874150660580105,0.34753874023720754,0.2645960562090323,0.29118430171963977,0.29716774644617305,0.26763254975455786,0.3141052646971131,0.3181442075015821,0.25157375901149936,0.3150751210468992,0.3480023103536023,0.31826060708172577,0.36533677410323784,0.2515321291945969,0.3890362620137865,0.29481761292823716,0.26473065103339755,0.2881923336473482,0.3356241170202285,0.3117467517007904,0.352372299538595,0.249790355589143,0.29628404381756196,0.3008436397285025,0.2913284161660313,0.29509412673545793,0.32576069224555515,0.2539064746202374
lo_A_model_1_unrelaxed_repeat072,0.3225066345482072,0.3342249163463488,0.3627290455905364,0.36443948378167784,0.3446083800813869,0.33951404301991,0.34670342052332725,0.3473703378891287,0.34256918727268737,0.3389621878718435,0.34142862359086573,0.3170044429992409,0.37310210241553926,0.3443840887326911,0.3368305950851373,0.3376130552974753,0.3724841404771619,0.3432302163300936,0.34739484159334494,0.3465796083047932,0.3543625117017471,0.3618938818053241,0.36374856508032727,0.35934832130245137,0.3487173718591284,0.35009322281901634,0.35720421300064165,0.35839648443759126,0.34610561785739097,0.3682784447609397,0.3638267049635516,0.3589128793114317,0.3515707243911629,0.3502211849641752,0.36187190171039313,0.36612872491048554,0.3349767356814239,0.34357516102484403,0.37010735789259513,0.3217006845999912,0.3047736090768024,0.33848598359055804,0.3529378438228026,0.34535416500267146,0.3351142268904405,0.35732970873399245,0.35176709032669595,0.3519719230576311,0.3612032031062179,0.320676145467381,0.36849626766724847,0.36074715821504244,0.3578857403520757,0.353618167374879,0.3614653059174203,0.3406650904666648,0.3517798196142578,0.3450075572973361,0.3502042731094936,0.3439389771872509,0.34151145153677964,0.3443120070895542,0.3423832152638628,0.37636773938577367,0.35388891995666844,0.3504544362311681,0.32678850899891493,0.3062578135408019,0.3492500446747191,0.3584421467017918,0.3509812934949737,0.0,0.3380371685551008,0.3554266009593653,0.34166105232834426,0.34967816799609386,0.341473957307601,0.33520066375014945,0.3599444799025307,0.3439255001338897,0.34778633698660977,0.34292130505296325,0.31898941820542986,0.35244549289918564,0.3473547699320735,0.3435892763810637,0.36487005545490864,0.34974014469687265,0.3602363315828578,0.34076418370836203,0.30155476943659354,0.3422403676391404,0.3482130142461865,0.33157995214398206,0.3478959853104602,0.3824890995856742,0.33979447629858983,0.34326943583633995,0.36173532638094846,0.37630284884470505
lo_A_model_1_unrelaxed_repeat073,0.3275173880650897,0.321943179127237,0.3372856390197843,0.34177898638810533,0.3122914067770375,0.31596268409359357,0.3198564592226297,0.3088018286617414,0.32341781708232265,0.3113571290376617,0.3236502289082909,0.29200843658810033,0.33432129697901974,0.3230912032352652,0.3203407967106219,0.32317873093942395,0.3503967095696722,0.32027348828171426,0.3425833440777368,0.3208986844242837,0.3370473067410597,0.33898978930525164,0.3385758273179923,0.3253042154937832,0.3182873967859703,0.311485985741421,0.32520859378354744,0.3601882753578929,0.3284817025321598,0.3313571175362271,0.3322944468807054,0.3277022358251571,0.3278817872046931,0.323310486929379,0.31421282528059774,0.3066790132490027,0.32239318799890493,0.3452856005146273,0.33623906611980947,0.30010737229699974,0.33029362235304494,0.34173754455169714,0.33314871854702954,0.30539961859607256,0.31419661613525385,0.33293243417014906,0.32387284458003923,0.32366127934649785,0.34725286083230933,0.28782137601667396,0.3259408742471664,0.3471316761291687,0.3288223666114839,0.34639632630615136,0.3221084863320056,0.31467620799772633,0.3209228021211895,0.3462430282632229,0.3465072815069534,0.31506631225169063,0.31059180208923054,0.31314633874703435,0.32137481849517086,0.3380234138727379,0.32505731859467485,0.27225671635320176,0.2998346707050327,0.245174954320455,0.3216040359464616,0.31526281699056113,0.33874150660580105,0.3380371685551008,0.0,0.3304813327585384,0.3127320654781896,0.32741397979177694,0.3035560345215041,0.317207504416855,0.3261038478758381,0.33966658734403055,0.3159484664884367,0.3321622920636171,0.2858940748449914,0.33079550365150295,0.3032224639780902,0.31291691502402763,0.3539692363959548,0.33101603676428715,0.3390408502528866,0.3449718945239523,0.33000429181758495,0.3165532362164134,0.2826680567893045,0.33165087560628403,0.3333938285591324,0.32739925445376516,0.32851088131389333,0.3066315679360747,0.3004115917595713,0.34998679721674814
lo_A_model_1_unrelaxed_repeat074,0.3023501650695706,0.31254271238862524,0.3427495488237499,0.34723819400557276,0.3306391694460291,0.29922231102695035,0.3173014795087258,0.27719471472458607,0.33223627767901653,0.29608059645884893,0.3048068879023774,0.32519297671229663,0.3557764886431432,0.3249541400460182,0.2950928662537896,0.32965560561269713,0.35124059714324746,0.34305569562452853,0.34327143628615103,0.3026895178330571,0.3493828198302842,0.31948039896351765,0.3270816026944547,0.33321162298732676,0.30953825965735227,0.3046338358797394,0.3124362710411336,0.3426018848490853,0.2866401990642614,0.33281854383243287,0.3296271357775564,0.3126666422638484,0.29816889914566813,0.3351965665060203,0.331013054646201,0.3027371556445051,0.2668210032635109,0.3078937631470236,0.353513248118279,0.3149584072274652,0.29877139935090863,0.34382041091859955,0.3302384364254165,0.31077608331852696,0.29058024925817194,0.33869842596063493,0.3444644201754511,0.31738875581468945,0.32671941999082577,0.33984343782359494,0.3296441485356678,0.3105922626983304,0.30734876248746323,0.3254948032654127,0.3235866594596531,0.29605880404177104,0.3177362255281502,0.3386154591635611,0.3236158375302871,0.31700295373269055,0.28776366276514387,0.31080701637932046,0.3058432373568359,0.321629123799616,0.2899685740952009,0.35266847048117406,0.3055117894697472,0.3198831599998695,0.321370767561713,0.30532821993456816,0.34753874023720754,0.3554266009593653,0.3304813327585384,0.0,0.28654465580621385,0.27838400419408116,0.3033907568781297,0.3149367854457392,0.2959953504641981,0.30759094401689024,0.3293361337361317,0.28787187183237384,0.3398536670707839,0.31054048595822453,0.3605283834978631,0.309435824247308,0.37699409724321037,0.2998031781629804,0.340599194301452,0.3123564963783478,0.3257338583798019,0.298264891726505,0.3743158948366002,0.33411035330129885,0.33788168688871545,0.3225152401274229,0.2768030758055145,0.29961019023795005,0.3175941841537681,0.341615952829296
lo_A_model_1_unrelaxed_repeat075,0.2630451692908796,0.24811529923956363,0.28981386162844,0.29697275685132146,0.2659700844773898,0.1888584788559025,0.24499691977859933,0.22170086433637654,0.2780665413720521,0.21704228473259685,0.26092774941519425,0.29010786805479116,0.2937087596229572,0.27478512869656846,0.25674065782246686,0.25872638426922046,0.2838402601395876,0.28592499791887205,0.2790377908064429,0.23254362582384805,0.298904628786771,0.2812771811694615,0.2830614870241758,0.26592344569435217,0.256921357016086,0.2454250349547627,0.23697527683534292,0.3436266230665407,0.24672086942653748,0.26166972379140485,0.2870647666599137,0.2630168323078453,0.2658583959465621,0.26859806647882994,0.2885174972317447,0.24689319915353877,0.23075840626093305,0.2633162016121939,0.2798676879291018,0.3145719438671914,0.2757651340469586,0.29906707588738074,0.28708769029170217,0.29345526793284754,0.27757935879525436,0.26903978039218734,0.2638466954195827,0.2690940132794348,0.2815046939286495,0.3255013080982574,0.2542019968878005,0.33187954793081775,0.270720439770068,0.2605838058774006,0.2825680821148116,0.2514371282660387,0.28497852741437824,0.2675948617113306,0.2867966734512766,0.26273955619964906,0.23189497400753875,0.23693597283178708,0.2502999059497525,0.2824918751284554,0.26237208887112595,0.3347159451661929,0.2901363203845646,0.29515593221288605,0.27010219016706843,0.2655552662399184,0.2645960562090323,0.34166105232834426,0.3127320654781896,0.28654465580621385,0.0,0.2262272522729269,0.24141813968468193,0.2499269707354559,0.24812048852127133,0.29390620675497603,0.2558759534941451,0.2554766086512701,0.33626170065957867,0.2884483674040867,0.3425737392295682,0.23035470564952304,0.3638272947830943,0.2533135486589529,0.24552976212988797,0.2636229913058882,0.2982378864428047,0.27276095903287223,0.34202372563672584,0.2712286462392432,0.27186833049718157,0.27672502271645927,0.2417240176633418,0.25414886426549144,0.2666619813608427,0.27191805337993685
lo_A_model_1_unrelaxed_repeat076,0.23781065068537016,0.26245926177515505,0.29655364261304773,0.3100997578195021,0.2529774625663788,0.22487624954821858,0.24972494167582232,0.21958948563887878,0.2845560757195292,0.22380606769489728,0.2520438343237161,0.30262277447965236,0.3017321477474073,0.2714997819825923,0.2586498453300724,0.26787651159620157,0.29442337135881214,0.28106292220334245,0.29272182325255075,0.2364388272411739,0.29538132770262376,0.27525532431223154,0.27675903796080437,0.27923526264194887,0.25934185436387375,0.23806522230584365,0.22934770973337137,0.3362989677476791,0.24376435066519003,0.291042573664515,0.25868767520838915,0.2456243686446909,0.2522236444303511,0.281813714991094,0.2805423931151297,0.24072167367604497,0.2217593844836805,0.23625978039871415,0.28550179202151504,0.31418987725570835,0.28256276601526503,0.2831901346454622,0.29084318248056296,0.30663758647964223,0.29160411755218846,0.2682628373973355,0.2781491556516028,0.25981510978626227,0.2448222618843374,0.34450599077868505,0.2504479534679419,0.3089888442412156,0.277789146166986,0.26456377570693423,0.2779526106931363,0.2528473050215334,0.28019265801946247,0.2900224943177691,0.2646953062489295,0.25798930897989863,0.2192311966773126,0.2340926537278084,0.2359529426181966,0.2685795838237228,0.25016475258012744,0.35419072963782294,0.30112478698880935,0.3084272717744799,0.26423165801756693,0.2655907120426447,0.29118430171963977,0.34967816799609386,0.32741397979177694,0.27838400419408116,0.2262272522729269,0.0,0.25796856891198,0.2532707361861958,0.22980666129091357,0.28220808280923,0.2662666169497404,0.25003696436312295,0.3330543610871938,0.27120111157304455,0.3398854894265814,0.23490295686012747,0.3544470799357278,0.23941948150869874,0.2651236114109999,0.23755424047442716,0.31072590260906385,0.2646801724823627,0.3479281411675535,0.2740406076651766,0.27064486123995357,0.30015804134723384,0.22731246888844492,0.24029285899288744,0.2604241066176137,0.29520560958648884
lo_A_model_1_unrelaxed_repeat077,0.26849967298301974,0.2485435112150302,0.29305143171617726,0.30716964412489867,0.24275369456133095,0.23829875095502262,0.2239434580181509,0.23150264878581794,0.253976106476464,0.22389509346016603,0.2568625490388049,0.3131386635401633,0.2926645875420265,0.26544890043294334,0.244417441175516,0.25200716432807074,0.2897643460672625,0.25036511249874516,0.2781319763716509,0.2352279508077255,0.2960112030513418,0.27940909444770373,0.2828120594037779,0.28119141577098405,0.24326481093726512,0.24294026300244412,0.2467190138941084,0.3245464316027746,0.27145351354201724,0.28705888595499435,0.2945768770298964,0.27862604861038137,0.2720072686902222,0.26057930400682433,0.2738416885469889,0.23907726766500215,0.21398039833750016,0.25626713976664545,0.29349758049564123,0.31671227741700614,0.26687247065537745,0.2794774400286694,0.280724537749055,0.277808663995798,0.23908008008284118,0.28079612956831085,0.2692453290408218,0.2513290566303942,0.271386415563155,0.34129241864046617,0.2456449279247681,0.32245193495721775,0.2574886416373469,0.2885615749653702,0.25563016472216227,0.22979296522511908,0.26470103523477834,0.2752175885186899,0.29730626588884196,0.28922500164003234,0.21794035224980637,0.23204428317936035,0.24470133031648036,0.30380491255525127,0.21470517430678251,0.34651050185671967,0.2928808123506977,0.304563713849814,0.2539397718462429,0.25317401435586623,0.29716774644617305,0.341473957307601,0.3035560345215041,0.3033907568781297,0.24141813968468193,0.25796856891198,0.0,0.24813178924813173,0.2478832273886252,0.2944286676656124,0.23703370760457793,0.27176285631324004,0.3401712519991883,0.27823997217745416,0.328865653460119,0.2454151252286361,0.35987038677691996,0.25678066323786053,0.2717875443094734,0.2626627161057423,0.29239311535256673,0.25398207725170885,0.3374165079792903,0.2504414985700425,0.27321657368713753,0.25368900565058555,0.2615721697734681,0.2422549644716467,0.2426203519763605,0.2861839099758082
lo_A_model_1_unrelaxed_repeat078,0.2610214336816073,0.2296251221220908,0.2571003711750901,0.31882366045571425,0.2492735654727366,0.24260596404690918,0.2193971451412651,0.2444544888906106,0.25151307499922365,0.2185829640210529,0.2085616660042453,0.3154412854684189,0.2782588928406805,0.23939755097031915,0.24495569071748138,0.22307289492915627,0.27661534936106835,0.23212053501444765,0.25801038006866306,0.2639247085595984,0.26604166743686863,0.2470289841844104,0.2683789092174206,0.2373985138188027,0.22254047549421266,0.26190705905389483,0.2476388066131246,0.3448158057777559,0.24897793939654905,0.26358831211429273,0.2545924398788988,0.2638561297840294,0.28000403634940685,0.2381066230672676,0.24905882925362144,0.26094710298821083,0.25671864661397953,0.2636795861977113,0.2629220634426128,0.3021997558201191,0.27244261513348556,0.2649230190236094,0.24701635886123896,0.28985226368608624,0.26339790229920645,0.27076429735293767,0.22263296327728557,0.23763715262772542,0.25716858195005693,0.33598845269346334,0.26297151942484626,0.31628128043688036,0.25265372662875796,0.2805772202761858,0.24980381429558624,0.25061309657995984,0.22653747475376157,0.24066883437572698,0.2496334365557588,0.23433832211817524,0.2083050338433124,0.24755889748769258,0.24509587625065968,0.3020046992026555,0.2567797718201784,0.33607283426136847,0.299270166124027,0.2996479097441196,0.22818027408634012,0.23477325986561076,0.26763254975455786,0.33520066375014945,0.317207504416855,0.3149367854457392,0.2499269707354559,0.2532707361861958,0.24813178924813173,0.0,0.26855300279010524,0.27920303501922844,0.22750126161042442,0.27676456891994333,0.3223897267414714,0.27674642489287393,0.33604235375814356,0.2276290056970352,0.3558347095020512,0.2206541192530691,0.27127922467381843,0.2562084049775024,0.308303865119295,0.2654740139343058,0.34029483135373334,0.22494170282755155,0.2748370827080537,0.3150198122615631,0.24137523249337395,0.2559125722491826,0.29022890674754315,0.2660270942562011
lo_A_model_1_unrelaxed_repeat079,0.27541457890209237,0.265549771178245,0.3036260123322883,0.29866412156589817,0.2459312394451955,0.2560165856572902,0.26505944484020666,0.2231216300643555,0.28128679381008975,0.2345118815832571,0.2767859163517916,0.3302554610114676,0.3105309496207892,0.26553139960727107,0.2738880236506969,0.2604531101824657,0.3138924029495946,0.28445359613615817,0.2919841844150088,0.23789533770637886,0.30285309970347013,0.27929811886021627,0.29061431653106545,0.28118729471070325,0.25078337921484123,0.22454958891676813,0.24411265252842493,0.3330513542653273,0.2520838473492909,0.3052150910231487,0.29717458248471423,0.2387711745997462,0.2536619358169519,0.28386374655711505,0.27908762039355756,0.2540467891975289,0.22719600733963824,0.27589402082976305,0.32115096125368064,0.31250847198816495,0.27378552218886393,0.2982319382364391,0.30378461611804125,0.2880635361484843,0.2697784816929426,0.2898337049721983,0.29679475140830797,0.2512387051817494,0.27069512595542405,0.3391935652074072,0.281705007083184,0.33034113377508023,0.2744284214729958,0.2741373777138019,0.2696277834921714,0.26831317511962655,0.278540956373892,0.2919659082142477,0.29180985244794916,0.27925186174667527,0.23840252804681628,0.247695183943459,0.2542690159554723,0.2815216165782982,0.25174020943665376,0.36068425672215065,0.3019184723538754,0.3001331130528367,0.2690525952273447,0.2626824320083795,0.3141052646971131,0.3599444799025307,0.3261038478758381,0.2959953504641981,0.24812048852127133,0.22980666129091357,0.2478832273886252,0.26855300279010524,0.0,0.29890381513289765,0.2779796309990314,0.29015969161490085,0.3396515086870099,0.28007734472317053,0.32712284576772677,0.2737183164097672,0.3684180309018035,0.24439742253768046,0.2881854831098374,0.2575465289851034,0.2966377636175234,0.2646295761803912,0.3250976743289273,0.2830634581081881,0.28701572387427304,0.2946030038880407,0.23426077688760197,0.2610261471563427,0.2370672022214349,0.3075405692209374
lo_A_model_1_unrelaxed_repeat080,0.28422743718983595,0.3062212819737052,0.31411287074090577,0.3048087653018923,0.3035139458205871,0.3043055369192514,0.29391151238112023,0.2712931993250107,0.3098387600423914,0.29543503482104805,0.2885495273896588,0.33491147165833957,0.34627884932210307,0.2979065729054287,0.2820887247674313,0.3154320333575797,0.3290101337303789,0.3044729022618122,0.33929873822712325,0.30425273734696084,0.32532528016018347,0.3268223476511014,0.309216370764062,0.3246467872637687,0.2848518426236099,0.28050067641749526,0.293823299989288,0.32449185542108894,0.29985552076514005,0.32410360589379744,0.3357238885268829,0.28846101434235794,0.28445168497878076,0.32876158138730327,0.3108806541357629,0.28519912477518616,0.2836206235148912,0.2967579708720706,0.3365425485453541,0.30707629543164494,0.30612455972333924,0.31883335259017564,0.32999566477405573,0.3013596751244768,0.28185533886336034,0.2985601115358281,0.30033657800180935,0.2833341243782612,0.30515054095747246,0.36437525658429754,0.3050636557321126,0.34459077759818596,0.3154778377230651,0.3061174562087372,0.3185121886304379,0.27468322241311055,0.3051191751033303,0.3134670216732232,0.32234645788767785,0.3101044173215632,0.2815176019876882,0.2697625194152422,0.261049055623766,0.2713916343040868,0.3046276368597729,0.36662197672772223,0.31035555778182194,0.32975713957634595,0.31461432665257005,0.2995816348460849,0.3181442075015821,0.3439255001338897,0.33966658734403055,0.30759094401689024,0.29390620675497603,0.28220808280923,0.2944286676656124,0.27920303501922844,0.29890381513289765,0.0,0.2981114135325881,0.284721282783381,0.3502151801237738,0.3184595881725004,0.3413381057427456,0.29306593026992844,0.3793300698070214,0.29584640100901294,0.3370978131378452,0.32593881132315694,0.3219861467265852,0.2623143392752547,0.3475948013459735,0.2994144500112453,0.2875549832352151,0.33996987159282815,0.27111843802884167,0.2894886716041311,0.28870154778072654,0.33793405829234524
lo_A_model_1_unrelaxed_repeat081,0.28109081411473635,0.20466896402600776,0.24541256029315686,0.33264995757934396,0.20523380714128286,0.24478433473024291,0.186996056203775,0.2505304815277675,0.2159529567804135,0.22271237312841902,0.23833140749744647,0.3192726892039636,0.23985796941849197,0.24476592420880633,0.27084924460799414,0.21253682673402463,0.26018750804355895,0.21664095808740794,0.25029664803422236,0.2557323909753933,0.23365920428738032,0.2467507879604124,0.25221201654075415,0.23034669398051694,0.2419067082738062,0.25418179204039004,0.25085382094952935,0.34156050201671634,0.27769251528842165,0.24121847344540276,0.24607592719653953,0.2843027260812401,0.29118071514063915,0.22941394514291671,0.22183033638391364,0.2529379302645683,0.2704871882865835,0.27279683207101735,0.23334716901551142,0.3234373238079455,0.28359071033291,0.24533070145381847,0.23150116565488568,0.28625808457950047,0.2834817250053646,0.28343756393011504,0.20604588569057697,0.2527907184873724,0.2684560316245357,0.3525975143886806,0.24726799070536365,0.33920221137293033,0.25050506920932925,0.30503819034336377,0.20892866584216382,0.2619628232095537,0.23178809818594673,0.24606912505666298,0.24536277191667102,0.2621036827028746,0.21739187534912882,0.23848628504487723,0.26319403787638634,0.31550790172593485,0.2510129977426774,0.35363710050772085,0.3185885808280778,0.30405810377640485,0.20866946845966447,0.2298937989556988,0.25157375901149936,0.34778633698660977,0.3159484664884367,0.3293361337361317,0.2558759534941451,0.2662666169497404,0.23703370760457793,0.22750126161042442,0.2779796309990314,0.2981114135325881,0.0,0.2748195922738551,0.34692815053105924,0.2861244164487293,0.345231775103006,0.22638605031411285,0.3636159208716003,0.2689125560549483,0.26029289104261905,0.24712556393273055,0.31586613669244895,0.2830602740425768,0.3518585438880375,0.2192770016063618,0.28785785714957784,0.28605685879975074,0.27519242844825936,0.26060082444146415,0.26917146228515154,0.2542870197474051
lo_A_model_1_unrelaxed_repeat082,0.2894302033864674,0.2750404314146058,0.32279741140936896,0.330717086238655,0.29240745084632075,0.2728877522386969,0.2773469238443999,0.24668677179016263,0.2819228884313213,0.26474664651009366,0.2921846085843028,0.3259540415395923,0.33431119800293463,0.27594903222045347,0.29184544285954284,0.28621495168733735,0.30556488649211394,0.2847629840438273,0.3096181135718456,0.27959566145700365,0.30339438773062,0.313141496078887,0.3004307827466176,0.3139838618817447,0.27156047759198265,0.26307948504329215,0.28190908547786153,0.3049622505309912,0.2756116880233988,0.30377708113262797,0.31594267059321646,0.2916654853848958,0.2917045264616681,0.3086154414493893,0.30099277792085816,0.268589704167061,0.2548677460060812,0.2779801456460345,0.316338313312254,0.3053092430726253,0.2991980219958639,0.30173774247854956,0.29643726161117256,0.3164616157139989,0.2905048144356655,0.31039114185847183,0.286583545855942,0.291726055674447,0.31190026284503836,0.3371288347442605,0.28919091911176875,0.33641002130145553,0.3014354309419875,0.31398190265225967,0.29222769259681364,0.26682856315865144,0.283840159335324,0.3144827485596482,0.2956325871913346,0.3148863591365037,0.2663554156370748,0.24817185655562576,0.2831369343712512,0.2850027733720442,0.2761194408885831,0.33299997637122014,0.3116741447925844,0.2961312298513551,0.29267886085897166,0.27446850707028403,0.3150751210468992,0.34292130505296325,0.3321622920636171,0.28787187183237384,0.2554766086512701,0.25003696436312295,0.27176285631324004,0.27676456891994333,0.29015969161490085,0.284721282783381,0.2748195922738551,0.0,0.3276721118367208,0.305751776419986,0.330754805042429,0.27891384469238395,0.371810826113063,0.26080649649175397,0.31539910452616765,0.2953040187998011,0.3157429642230627,0.28080672666378215,0.33456422236114874,0.28917033903659756,0.2955317701731713,0.3076568885743785,0.27250257575136827,0.26815178372149345,0.2807370740052515,0.3195876277146363
lo_A_model_1_unrelaxed_repeat083,0.3405288741987823,0.3226998942444055,0.35842490429261104,0.3630231905951344,0.34195081174606257,0.33588931346693296,0.34180640221496134,0.3218396245335331,0.3416041849425197,0.3322176751634192,0.3313011155799952,0.31949280262613095,0.36336033026973913,0.3296207991687345,0.32985729779689765,0.3205288012743191,0.35011189709349944,0.3393424171964459,0.34530747634374226,0.34380106201581834,0.35637942520118066,0.3557504711325281,0.34679835454114594,0.3431905754847788,0.333403054224948,0.326288663372624,0.3419467535455951,0.3611178004589327,0.32754979745684476,0.35520511312356884,0.3559608890123152,0.3353961635919789,0.33843027357423383,0.33271428926822755,0.34205764642293096,0.33187476307953684,0.33748781570757924,0.3275570913118346,0.36456653077978357,0.2909837785350402,0.32787572229487544,0.3592527214687309,0.3427440391820838,0.3322015693664865,0.34783935581458436,0.3432377604939445,0.3464792466849997,0.32557381939293867,0.35718382679375743,0.33156899302976095,0.36124494640321236,0.3393959963614905,0.3495940011859987,0.3461160753637121,0.3471914290589806,0.3300111846199291,0.335655232205622,0.34296656660423563,0.3384726698150547,0.33103293492600167,0.32821274373524045,0.3434592182790949,0.3340207646908126,0.35257012614280697,0.3477792617140903,0.29191367019045705,0.3077567086229512,0.276135087506491,0.34879789475812023,0.34636481300932853,0.3480023103536023,0.31898941820542986,0.2858940748449914,0.3398536670707839,0.33626170065957867,0.3330543610871938,0.3401712519991883,0.3223897267414714,0.3396515086870099,0.3502151801237738,0.34692815053105924,0.3276721118367208,0.0,0.35247922249259495,0.3211157675894531,0.33814633972178215,0.35692767848416757,0.317527509988391,0.36504986235151665,0.34626149702278164,0.32420974683493925,0.3271102503435628,0.30244303309707044,0.3325018528028234,0.3548677240517608,0.3794502084043215,0.3220884993765148,0.32863344743862183,0.3470661833459399,0.37200954500345373
lo_A_model_1_unrelaxed_repeat084,0.269216581870843,0.28409090003901666,0.3138534781111413,0.3299233448057026,0.29149891354023244,0.26310112722554685,0.2792162031936795,0.2880843442699512,0.30180378091491006,0.27778173006248863,0.2679890139315096,0.3477997878345236,0.3135418598115366,0.3049276280842697,0.28243048950494504,0.2922624489321097,0.33453475904179686,0.3100943139561343,0.3080596898852377,0.2809656860511572,0.3084646551725189,0.2700759179020135,0.30057469989104585,0.30337467686618536,0.2879753208310138,0.2899000370361025,0.2873144857710895,0.3462916977262999,0.29089984216017134,0.3212844839070629,0.3007538454225992,0.30276446838925336,0.3001318737336994,0.30828126614472373,0.29987035825445746,0.28961890998102663,0.2744068385055263,0.29740042033310266,0.30087126701183137,0.31484087767418245,0.2992448292137373,0.28730940687518386,0.3108843815833249,0.31846107062717594,0.30639983415318406,0.32972564135866783,0.3085061612061353,0.28715540398396827,0.2889560411296038,0.3563878149966853,0.28597667902156987,0.3376420805158179,0.28157598577538373,0.31236675557058535,0.2832474160737329,0.28115116925132594,0.301083973951669,0.3199515789545919,0.30719372199414824,0.30776953828821363,0.24661392159267698,0.2877491953555282,0.27738039864198555,0.3194036825810747,0.24844575519841092,0.36243268824018504,0.32288422122292587,0.3128152658645993,0.29854209414126,0.29383819864238553,0.31826060708172577,0.35244549289918564,0.33079550365150295,0.31054048595822453,0.2884483674040867,0.27120111157304455,0.27823997217745416,0.27674642489287393,0.28007734472317053,0.3184595881725004,0.2861244164487293,0.305751776419986,0.35247922249259495,0.0,0.34453298199090054,0.3016104603856107,0.3629080604946106,0.2972363404095903,0.30768106780394944,0.2888411555884298,0.3215174589269606,0.29497978883747905,0.3410978236838934,0.297062393796821,0.3180478725178989,0.28680575193311064,0.28175639596407864,0.27972436872867923,0.30861349449475345,0.3065165864021522
lo_A_model_1_unrelaxed_repeat085,0.3415298410562432,0.34180849493583454,0.36192530785956617,0.35769385332133213,0.33233698016231183,0.3460255847380019,0.3327643785272022,0.3270126631052495,0.32155683523019973,0.3302226673235896,0.342459170211286,0.3316403502115085,0.362886969716053,0.33422958194597696,0.34379981366211626,0.344278848621305,0.36083094373554153,0.3318163478464257,0.3555435903446905,0.3413764949463565,0.36786438534952487,0.35208997907061435,0.35786747173325156,0.34869747413659563,0.3349569186314201,0.3192760946368845,0.341109776799678,0.33238768580782435,0.34095569629842015,0.361146085390451,0.3569536903478276,0.3351822684388639,0.3368875888132768,0.3519088352488188,0.3350543696404578,0.3260347454210139,0.32657651087226863,0.3539042813294968,0.37042140484505204,0.31403607312177584,0.32423330938189016,0.35495995059105634,0.3562593371514384,0.31670364967385234,0.336931070836444,0.3412148623087394,0.3439702552266499,0.3282274761636002,0.3509565102730028,0.3482612440890858,0.34873509423537963,0.35722147428188844,0.34073114183434533,0.348627761611079,0.3449572966045025,0.33046384360672576,0.34606254448064405,0.35676579318568447,0.3626198583358523,0.34414239991071865,0.3260881420641508,0.32863070489576307,0.33237524685365794,0.3367835318915726,0.3261278438424533,0.34447679636397904,0.3034059401540186,0.2971187823336833,0.35452969108355326,0.32325433012666144,0.36533677410323784,0.3473547699320735,0.3032224639780902,0.3605283834978631,0.3425737392295682,0.3398854894265814,0.328865653460119,0.33604235375814356,0.32712284576772677,0.3413381057427456,0.345231775103006,0.330754805042429,0.3211157675894531,0.34453298199090054,0.0,0.3413204603482781,0.3633020947051742,0.32919722880158603,0.36069448986844704,0.3588201138535374,0.32548693576010196,0.335321253945585,0.24955422345352266,0.349846604439795,0.3528122456586439,0.3481781728615747,0.3395485937188129,0.31240472081119647,0.32272352269861626,0.374263148264405
lo_A_model_1_unrelaxed_repeat086,0.26210619346432945,0.2277989475722429,0.27008974294070104,0.3305570362589711,0.21402632437397923,0.23378309402108513,0.19263469545783926,0.2334538213336397,0.23110662434660165,0.20609149738229404,0.24131643014176685,0.2910177494107585,0.241763430876754,0.26242224817576953,0.2560146857375661,0.2279339311447417,0.25260253375060315,0.2454794730192725,0.2621018814896234,0.26438846219406925,0.26749770365225095,0.25108702160354607,0.25502497843944627,0.25943644216847367,0.24976360783691823,0.24169282577576343,0.23454793214813094,0.3572875880867657,0.26957084528834097,0.23784938911571368,0.2488837454336033,0.27587903467636465,0.26479338451080436,0.22234264500601084,0.25853333436626846,0.2486794306481093,0.24396451347285866,0.2690961398366098,0.24886253394423294,0.31202009215962656,0.29136431088847103,0.27159882685089254,0.2377711237642985,0.28981440462358793,0.2822126958916992,0.25345808614170345,0.23702489562173026,0.26258672523369425,0.25439175403448894,0.3386414412783423,0.2721512875571732,0.3394892233357154,0.26788559042342924,0.29548708605580565,0.23967771637205218,0.27010097195321514,0.2619942228720165,0.2657136583085842,0.2640717269362547,0.23476460678913758,0.22341311324594,0.24081704035258258,0.2558509602815027,0.2957823698269205,0.26993450167241134,0.35823286677570565,0.302931835087673,0.305249540263679,0.21986443996231583,0.23709471858183417,0.2515321291945969,0.3435892763810637,0.31291691502402763,0.309435824247308,0.23035470564952304,0.23490295686012747,0.2454151252286361,0.2276290056970352,0.2737183164097672,0.29306593026992844,0.22638605031411285,0.27891384469238395,0.33814633972178215,0.3016104603856107,0.3413204603482781,0.0,0.36218041015395175,0.25701783753776586,0.2663869419870845,0.24048978397130233,0.3100275035101903,0.2639619450614605,0.34534190310896024,0.2444247575199741,0.2545086432702919,0.3088927570147843,0.25000452070304635,0.24227817162582338,0.2639466066438405,0.26499726022283326
lo_A_model_1_unrelaxed_repeat087,0.3409763394893543,0.3576156935359985,0.35773540625297545,0.38643874936400247,0.36419107060503364,0.35129289101684075,0.3631709419091928,0.3550306763025976,0.3807100135919899,0.3398143901345104,0.36491522130634485,0.3441421504879768,0.36921910403054153,0.36233478302924066,0.35750990662264637,0.35382617395182986,0.3923788642427557,0.3628619745707911,0.37463481503351115,0.366922124562641,0.3668849655798483,0.3653634794324746,0.35046753975719647,0.3729779245328619,0.3578084621205779,0.3710859060141549,0.3723720123662697,0.3767947039530129,0.37051246264942395,0.37331645935706553,0.37703875933011977,0.3746192344440561,0.36777481136438084,0.37355007248340955,0.35611703401694267,0.3724387785620934,0.34888254066617913,0.3434876661890996,0.3599245271387482,0.3658833745564617,0.36246572528014454,0.3608680125207249,0.3361937073620118,0.36321234089437066,0.3418384194428021,0.36929128273240613,0.3724874819069713,0.3555778709616173,0.3707068220651031,0.3512425929246143,0.37122039002259355,0.35778271232938846,0.36492168991593465,0.38603067917545597,0.3573546504648705,0.3526673752125959,0.3591389320753026,0.3686800878174407,0.3627385505844595,0.3633117028381693,0.34695404617523584,0.36149862923854187,0.35391685290428165,0.39882222887297114,0.3517673750122841,0.32707736000486787,0.3371628236786472,0.3394473333694295,0.3560433498224474,0.3697957523097356,0.3890362620137865,0.36487005545490864,0.3539692363959548,0.37699409724321037,0.3638272947830943,0.3544470799357278,0.35987038677691996,0.3558347095020512,0.3684180309018035,0.3793300698070214,0.3636159208716003,0.371810826113063,0.35692767848416757,0.3629080604946106,0.3633020947051742,0.36218041015395175,0.0,0.35183390378304363,0.3662517095323054,0.34192022762639507,0.3798114508508464,0.3795222129959822,0.37142878444868044,0.35336283516537037,0.3722954354719481,0.3786493956245896,0.3559755983342708,0.37943162070729003,0.373755407231664,0.38187239178179694
lo_A_model_1_unrelaxed_repeat088,0.26648831661039596,0.2518728134656262,0.2623737791777219,0.307897108577967,0.26802445813277503,0.2532714140125905,0.2593321454419285,0.2223797677111556,0.28305163139822387,0.2266860843319607,0.24511163553974155,0.3319257979371211,0.31500623333297173,0.24029190640993933,0.2668754726135198,0.25561175181923323,0.2993225541390241,0.2617470740203719,0.28471459996543275,0.24879635857475332,0.2845173610790119,0.2599562525096946,0.2881959077761885,0.2644901159953382,0.22681706278714503,0.2508364262472159,0.2395823738862421,0.3357589144623201,0.2398581483512122,0.26532922837063,0.288388993775845,0.23668399461036865,0.27187617100532185,0.27748791361633635,0.27834700094084197,0.24817283653821184,0.25255495584616955,0.2567726403673135,0.305394699932368,0.3122336346909665,0.28921891753544055,0.29190058471864083,0.2878393189500341,0.2895054734719936,0.2755327782208605,0.26840119011566965,0.2736174245051783,0.2417999977517214,0.26880725261010724,0.35311813567080924,0.27184301832021,0.330493063824419,0.28155886315150913,0.26693068117973756,0.2636739435322612,0.2459179760202573,0.25281177015753437,0.2831593676144428,0.27312193926027484,0.25950012473086825,0.2367340370370207,0.2674086422953621,0.2434116126269647,0.29736501367693613,0.2714121392941428,0.34247897087786605,0.28599078588957005,0.31448115636873336,0.27329091753662693,0.24053748826701124,0.29481761292823716,0.34974014469687265,0.33101603676428715,0.2998031781629804,0.2533135486589529,0.23941948150869874,0.25678066323786053,0.2206541192530691,0.24439742253768046,0.29584640100901294,0.2689125560549483,0.26080649649175397,0.317527509988391,0.2972363404095903,0.32919722880158603,0.25701783753776586,0.35183390378304363,0.0,0.29646708497734486,0.26708632929473825,0.3075127967608402,0.26589390894763015,0.3339369356137411,0.25980916293405076,0.2885824958975917,0.3168975139296046,0.21455326712708667,0.2632058871982046,0.29392947291837124,0.3097955392008199
lo_A_model_1_unrelaxed_repeat089,0.2897003039253162,0.2758032098916766,0.29694866923464885,0.33258337666222254,0.24655764516462944,0.21992325361843235,0.2533868439833897,0.2735897642171693,0.28821918816967157,0.24289939161968513,0.2909563432979135,0.29677696427385525,0.28436873843504956,0.2797828199216654,0.28612581643853463,0.2613588349940952,0.29679706510354387,0.27260325051040973,0.2847064095310115,0.2883433516001664,0.29266395206994955,0.2527514965874222,0.29515423576469746,0.2627698286193033,0.28457010219191414,0.2733433649019278,0.2715437244304117,0.3494171726103648,0.2857269422906892,0.27630004838616556,0.28046252417713696,0.29924874940428503,0.2995019232039441,0.26920382798435577,0.29250797526512895,0.2877014129341249,0.2856721612110413,0.2913609229299402,0.27158449919000555,0.3433226104968878,0.30282730669872465,0.30225698452214095,0.284626703798188,0.3187764519586085,0.3049186668919603,0.2994694880099257,0.26323806248212267,0.2840475387885723,0.29735308222358886,0.35490114281741114,0.2562539646924528,0.3508661671334424,0.28807207808903496,0.30128508735525056,0.2798369134696141,0.2835966125090521,0.2803565071504025,0.27599998963322325,0.297260404715682,0.26189258355648104,0.2529938618513853,0.2602300072097,0.2856524795197724,0.3362703796654462,0.2727353625192862,0.36933815452661717,0.3372024518923784,0.33015269368050315,0.23157568123043284,0.27566218882213217,0.26473065103339755,0.3602363315828578,0.3390408502528866,0.340599194301452,0.24552976212988797,0.2651236114109999,0.2717875443094734,0.27127922467381843,0.2881854831098374,0.3370978131378452,0.26029289104261905,0.31539910452616765,0.36504986235151665,0.30768106780394944,0.36069448986844704,0.2663869419870845,0.3662517095323054,0.29646708497734486,0.0,0.25828403701511254,0.33162240450585245,0.3090365757482674,0.36778846473558796,0.2806041917832874,0.29626284583076307,0.2820584969614539,0.29088646517553474,0.2832272628181007,0.29201397266038215,0.2835575650619512
lo_A_model_1_unrelaxed_repeat090,0.2616861797121898,0.24422877944579982,0.28746019193209454,0.33515490834748857,0.24540404917882253,0.22936342834107615,0.24008462980930784,0.2514500436737272,0.2588544147034099,0.2207822612144209,0.2562377740549715,0.33064237127507334,0.28515603238228315,0.26663300932088957,0.26468384790522637,0.2280416722703232,0.2899722250030984,0.2647912233978972,0.2697916856540777,0.26634741261369255,0.2832324654249092,0.2601647436689968,0.26664813955668526,0.26370942520927465,0.2554144434273478,0.2391716750134835,0.2551535765759222,0.3511659304796149,0.25848325060642313,0.26769914571777353,0.2918666185655772,0.2653924672245118,0.26074302325737553,0.263281699361889,0.2784353894432613,0.26396644343893894,0.23166888462416418,0.22192640778443426,0.2802244144621558,0.3275095254651172,0.2880177927264887,0.2866902542114045,0.25030836490085967,0.2951395974352627,0.2965692724024748,0.2863812998906155,0.275937626424308,0.2617070624805862,0.25392675771423107,0.33318251237455043,0.2800089412020192,0.3338997905062881,0.2693045672254172,0.27609172036546725,0.2636248906603463,0.26515857538488746,0.272563677903275,0.27321023781813325,0.24846216569640234,0.26313211921053825,0.21855665172743233,0.25143280401654494,0.2690340906224048,0.31854250518709853,0.24918005739109744,0.3512700032233335,0.30964809968191914,0.32033231135739465,0.25254226689115544,0.2593040647524423,0.2881923336473482,0.34076418370836203,0.3449718945239523,0.3123564963783478,0.2636229913058882,0.23755424047442716,0.2626627161057423,0.2562084049775024,0.2575465289851034,0.32593881132315694,0.24712556393273055,0.2953040187998011,0.34626149702278164,0.2888411555884298,0.3588201138535374,0.24048978397130233,0.34192022762639507,0.26708632929473825,0.25828403701511254,0.0,0.30424784716342124,0.2883749546150171,0.344048437884657,0.24756525418298067,0.28155439179043307,0.3030860820038342,0.25524803499837045,0.27900348934599173,0.2871563007469194,0.29126334263677695
lo_A_model_1_unrelaxed_repeat091,0.32311962909536135,0.30666394537574704,0.3530715417459245,0.31098808794560434,0.3112599803916642,0.2973750203331961,0.31536721561807163,0.3079766447864279,0.31498257099181265,0.2983486740886778,0.31534861604634673,0.3242715176628715,0.3406313669982827,0.3177844439076582,0.3275928157526674,0.2962575823142487,0.3319663529841403,0.32423176507263646,0.3160200913552812,0.3179409793979751,0.34435322218748193,0.3275224112940318,0.3315005119354234,0.32928004874379396,0.30927757439838904,0.27969449918712463,0.3063304432902632,0.33411343622930767,0.31752651878033017,0.3352079191637634,0.34043214983446496,0.32805583285573875,0.3167246991474955,0.31633388130821416,0.3326786847637482,0.30706026865045727,0.28854670134227467,0.31018357202597396,0.34554901269092614,0.29971498144094005,0.27266118200373485,0.34163638862315815,0.33922646163688075,0.2671591125458928,0.28507012916258434,0.32200151946966415,0.32711064395790906,0.31601968392723684,0.32876906592994165,0.32025579904825197,0.345793648721927,0.32810754892622457,0.3308157429657655,0.3396622491397903,0.33018293797861337,0.310402572146917,0.33014095052007775,0.32934668933202105,0.33818035330143653,0.3178979600730366,0.30175030653907126,0.3032636496544166,0.31762684037748307,0.34538473499059097,0.30859949460209674,0.3442271100457006,0.28602279889519255,0.2899885548528366,0.33044786879539156,0.3036513605831153,0.3356241170202285,0.30155476943659354,0.33000429181758495,0.3257338583798019,0.2982378864428047,0.31072590260906385,0.29239311535256673,0.308303865119295,0.2966377636175234,0.3219861467265852,0.31586613669244895,0.3157429642230627,0.32420974683493925,0.3215174589269606,0.32548693576010196,0.3100275035101903,0.3798114508508464,0.3075127967608402,0.33162240450585245,0.30424784716342124,0.0,0.2876223879574804,0.3394655397041621,0.32315128423631023,0.3030542192409039,0.3382295907813425,0.31612872009372583,0.30576160217997955,0.30519624775273074,0.349610860721162
lo_A_model_1_unrelaxed_repeat092,0.2895399142530035,0.2847572065227967,0.3129615789972776,0.27843924295466577,0.278147921247707,0.26439387317347923,0.2755645006008871,0.2524541630373859,0.27322961150076386,0.2564887256402192,0.26638146408167124,0.30866536273389217,0.309581423995329,0.2838721628904313,0.2924194862471599,0.27462264394350955,0.2830638624314171,0.2847587639530497,0.3143038723550766,0.25457968389218294,0.2970713030307813,0.2754318237904061,0.2858562921163172,0.28356548597366227,0.26048480167318433,0.23505930216964546,0.2583226404174002,0.3237288556183133,0.2607414869806954,0.2778555732740082,0.310611515547708,0.2665937847471473,0.24572423684334857,0.2769737337964769,0.2697725953815252,0.23869063426142254,0.23962375133351732,0.2773388769116909,0.31872438885579835,0.2960597704800664,0.26104045148299043,0.30448295723182145,0.31128581000082284,0.256057654004982,0.2394871129167891,0.27900671970822893,0.29051894764600944,0.2758749898310939,0.2949382224783418,0.3411595140400288,0.27791009342701517,0.32148550941074666,0.29535415563898687,0.29686319060165023,0.2833580566508665,0.2561316721461734,0.27917090616642953,0.30689258954307136,0.3000470158675876,0.27936439200319235,0.26120766079900076,0.26189739060284273,0.2630758959665948,0.29218230732764705,0.2640912834771032,0.3376072499543594,0.2927871101081698,0.3051295838608037,0.2876230345683498,0.2615872645900564,0.3117467517007904,0.3422403676391404,0.3165532362164134,0.298264891726505,0.27276095903287223,0.2646801724823627,0.25398207725170885,0.2654740139343058,0.2646295761803912,0.2623143392752547,0.2830602740425768,0.28080672666378215,0.3271102503435628,0.29497978883747905,0.335321253945585,0.2639619450614605,0.3795222129959822,0.26589390894763015,0.3090365757482674,0.2883749546150171,0.2876223879574804,0.0,0.3330447391616655,0.2932395642816396,0.22579410018763157,0.29742682826001526,0.2687126625093186,0.24656002411900077,0.25527885955820756,0.3102412186249686
lo_A_model_1_unrelaxed_repeat093,0.3425478883221898,0.3395591267691771,0.36075639817873717,0.34781048232707873,0.34228396379922016,0.34091163652754003,0.3419353317537889,0.32206993260445743,0.3362187277712959,0.3352785445447498,0.3464114004606354,0.3280852239328832,0.3699628794741997,0.3268907584411348,0.3350769988165533,0.3413927964791287,0.3588850960408204,0.337494852395439,0.3513997760032116,0.34506203957954906,0.3493015716867484,0.35902566447809015,0.34686497024384055,0.35093604649102733,0.32822045872842387,0.3199965128565362,0.34589751804542584,0.35069458974864437,0.3495897861751644,0.3612894567113164,0.3615385577713182,0.3299770226534812,0.33228488905820475,0.3513534835265848,0.3362366409001762,0.34689235527991275,0.3350074839554359,0.34907308284567284,0.36385348180713617,0.2965072790398326,0.34299159346880764,0.3620460059764376,0.3485899247286381,0.3298826686979722,0.34387379159999415,0.34332265216658947,0.3507896671196857,0.3264665820333673,0.3533589485141035,0.3319645429814043,0.3479334864823114,0.38239614240756026,0.34106435273106844,0.3380651417363592,0.34295893304708575,0.33111836332243433,0.35039658708432553,0.35374214479922106,0.3562237164964787,0.329397247248657,0.33376411363105773,0.3350211489491441,0.3334931519588273,0.3322876444946969,0.33614919366342716,0.31843959682180595,0.3175255726242947,0.29178435802486535,0.34942269985787366,0.336538595167324,0.352372299538595,0.3482130142461865,0.2826680567893045,0.3743158948366002,0.34202372563672584,0.3479281411675535,0.3374165079792903,0.34029483135373334,0.3250976743289273,0.3475948013459735,0.3518585438880375,0.33456422236114874,0.30244303309707044,0.3410978236838934,0.24955422345352266,0.34534190310896024,0.37142878444868044,0.3339369356137411,0.36778846473558796,0.344048437884657,0.3394655397041621,0.3330447391616655,0.0,0.34055391217228914,0.34626100123002346,0.3646736052149736,0.3322328759079219,0.3215249341214497,0.331770341306346,0.36876874361324935
lo_A_model_1_unrelaxed_repeat094,0.2560207766068281,0.219646484079592,0.2219049404026582,0.3257878312886115,0.22884720743122494,0.2565327298569127,0.2189142802301808,0.26091075217564025,0.23577219188526144,0.23609338372116628,0.25419529963721554,0.32413450289295836,0.27443426005170846,0.23543470280460446,0.23188016736488565,0.22225917670796247,0.2854967810977339,0.2217837041915418,0.26287199950906553,0.2761202180594045,0.23466934092636696,0.26504524946362124,0.25113049118964076,0.23891858173474118,0.2275107568712557,0.2782185820522088,0.2655477778434543,0.3439542006308639,0.27761842257868746,0.27276190312063636,0.2804380387219818,0.27579719280545717,0.28264558455136096,0.2258877257927164,0.22008504013836075,0.2800533875119858,0.2749679653600559,0.26158048296862696,0.2660742525468847,0.32952842709428454,0.29807009189998357,0.2431117418537856,0.22021409792980698,0.302611144882592,0.2851029982294605,0.2732417062655671,0.23258004298488247,0.23022393775724556,0.2669239281234714,0.35245133796968875,0.2699751485410403,0.33053950783148767,0.2506452902339321,0.27817595115270816,0.24004345100231064,0.23967843264040545,0.23394960512817292,0.20593809923204492,0.24109045311009258,0.26096064415319914,0.23537958264388187,0.26070390024921036,0.24156126654238716,0.29414749154313025,0.2763359796998591,0.3464926244087614,0.30755452428427277,0.30956215329478437,0.22167976232466613,0.26948804321590525,0.249790355589143,0.33157995214398206,0.33165087560628403,0.33411035330129885,0.2712286462392432,0.2740406076651766,0.2504414985700425,0.22494170282755155,0.2830634581081881,0.2994144500112453,0.2192770016063618,0.28917033903659756,0.3325018528028234,0.297062393796821,0.349846604439795,0.2444247575199741,0.35336283516537037,0.25980916293405076,0.2806041917832874,0.24756525418298067,0.32315128423631023,0.2932395642816396,0.34055391217228914,0.0,0.2946954976541467,0.31956922901245766,0.2496069585618916,0.2688706843843638,0.2979781175055649,0.26106061870388336
lo_A_model_1_unrelaxed_repeat095,0.28745516537888877,0.29600786827882747,0.3120508102128665,0.27533322248661546,0.2741198426343743,0.2778277685107285,0.2863264941117553,0.26722700428078233,0.2917683738466357,0.2683167474592219,0.2849366066584285,0.2989070218735617,0.3021900036123991,0.30320297785425077,0.29941258656861464,0.2882840555937583,0.28855156014346955,0.2863815496650493,0.30468943357113626,0.28223454364265693,0.3001372123027563,0.30493133446902215,0.28246204500242644,0.3048178235920583,0.29468666223367884,0.2671219468292066,0.26749743624511807,0.3332075012852089,0.30317839429891924,0.2856015913044795,0.3128652943644271,0.30085124818358233,0.2842870257655069,0.2725058306787842,0.2922553021923017,0.29199697217549475,0.2540960583459586,0.27611700573917775,0.3038612268905646,0.3266540390540565,0.27795523563803937,0.30218948285459174,0.3004834445176382,0.2827031787361526,0.26140130790955124,0.2740896233028332,0.28543353567935015,0.306164934464826,0.3010973255074743,0.3426770398612499,0.2921233987794357,0.3401808826259183,0.32597076323429364,0.3113908068984808,0.28780889979985974,0.2925323796318063,0.2924319614446957,0.31129031387691913,0.298646781092545,0.26510154072650177,0.27903748318876526,0.2525044794854715,0.28649262774297174,0.3074429125742397,0.2939207118177949,0.34944931130724016,0.32449423615682077,0.3243655191072162,0.29026060019039757,0.29052495528327027,0.29628404381756196,0.3478959853104602,0.3333938285591324,0.33788168688871545,0.27186833049718157,0.27064486123995357,0.27321657368713753,0.2748370827080537,0.28701572387427304,0.2875549832352151,0.28785785714957784,0.2955317701731713,0.3548677240517608,0.3180478725178989,0.3528122456586439,0.2545086432702919,0.3722954354719481,0.2885824958975917,0.29626284583076307,0.28155439179043307,0.3030542192409039,0.22579410018763157,0.34626100123002346,0.2946954976541467,0.0,0.32039223993503113,0.30122202230894624,0.24974298662931324,0.2541928795788983,0.2987975424726527
lo_A_model_1_unrelaxed_repeat096,0.30031523733231186,0.3056253234607473,0.3211041394678755,0.3201856578734725,0.26938052179430966,0.2767896377694402,0.2801237208780602,0.29064075037696496,0.29446073501151104,0.27942209931414086,0.2975599385406585,0.324103473471748,0.3291479875542546,0.29863993084912127,0.2984799353673229,0.3079937851220699,0.3144904819437152,0.2996587472557191,0.312562028178772,0.29831783992824895,0.31865620025790176,0.29556371783738916,0.3027862979118232,0.27960528074161617,0.3032788392937698,0.28921055786591865,0.29402626569970947,0.34475813088684276,0.2969257360079497,0.2919400843932475,0.3262312212651988,0.3046318165158763,0.31120831474194377,0.30051391366006736,0.3009543713247182,0.29326166376373913,0.27728125198769327,0.3137411889112686,0.3098744034649309,0.3457858293381925,0.31113935255699354,0.3215550556143227,0.3120030354571536,0.3142917646148576,0.2880713331624403,0.3413615756377516,0.30774234434135855,0.3057529461698764,0.3077167751909304,0.3635723249633504,0.2637538519540537,0.3538253248638676,0.2782671188147241,0.3166722083695506,0.28973077138189995,0.28127667255498656,0.29650501133260887,0.30658775497750385,0.3275276091628742,0.3237632791781767,0.257681696941175,0.27321657368713753,0.29250044324581553,0.33369003804105357,0.24461455476028454,0.375565648734411,0.33121487046157577,0.33032376712883676,0.292024113688715,0.2952855604863869,0.3008436397285025,0.3824890995856742,0.32739925445376516,0.3225152401274229,0.27672502271645927,0.30015804134723384,0.25368900565058555,0.3150198122615631,0.2946030038880407,0.33996987159282815,0.28605685879975074,0.3076568885743785,0.3794502084043215,0.28680575193311064,0.3481781728615747,0.3088927570147843,0.3786493956245896,0.3168975139296046,0.2820584969614539,0.3030860820038342,0.3382295907813425,0.29742682826001526,0.3646736052149736,0.31956922901245766,0.32039223993503113,0.0,0.31790061519992713,0.2847355020921087,0.28753856493228697,0.30969910174144255
lo_A_model_1_unrelaxed_repeat097,0.2339765709753417,0.24345404339348153,0.274111753157146,0.31749651074423474,0.2528862857760766,0.25066172795183495,0.2569138397012565,0.21731374706586198,0.2792323935608723,0.24039012164927287,0.24740189310024513,0.33618774984724437,0.31930790679517634,0.25194062247525484,0.24008319969417566,0.2584916077977384,0.30653945548369516,0.2812060170663757,0.30231893456650194,0.23755917868239018,0.2862226990935465,0.26060170278880274,0.2922034586214356,0.28875506052455735,0.2462438862228785,0.24875593177016717,0.24447116730855492,0.3422388627827873,0.23689503177592064,0.29534747121884214,0.2941448651884615,0.2375285240005439,0.2443380008415018,0.280391153311776,0.2775336915195509,0.24411757527457933,0.2443910419839542,0.24901689390035878,0.3102856222611261,0.30835068195403176,0.293022334811086,0.27389235900341913,0.2866249761746102,0.28503675440034815,0.28405000667964564,0.2601039189264852,0.28040278611429326,0.25961835090357943,0.2533065455304771,0.3535131267127517,0.267152847218262,0.3321512660209401,0.2722248712804063,0.24463104682378348,0.2815414854181261,0.23901664304171352,0.2699342366792634,0.27037360894143714,0.2929735568394409,0.25180021373995093,0.23681252431790795,0.23952755119724015,0.21648426348726868,0.27800114243134516,0.2753433024275376,0.3503474261746212,0.28630440896408615,0.3193201827523882,0.2671779076472528,0.26454117160384244,0.2913284161660313,0.33979447629858983,0.32851088131389333,0.2768030758055145,0.2417240176633418,0.22731246888844492,0.2615721697734681,0.24137523249337395,0.23426077688760197,0.27111843802884167,0.27519242844825936,0.27250257575136827,0.3220884993765148,0.28175639596407864,0.3395485937188129,0.25000452070304635,0.3559755983342708,0.21455326712708667,0.29088646517553474,0.25524803499837045,0.31612872009372583,0.2687126625093186,0.3322328759079219,0.2496069585618916,0.30122202230894624,0.31790061519992713,0.0,0.2527877190475984,0.27792445531336446,0.30787150581299233
lo_A_model_1_unrelaxed_repeat098,0.26567445954576746,0.26694659842214874,0.30727195039922844,0.31473225899132967,0.24849371687177452,0.2591169112132224,0.25132888586434715,0.2374067695937229,0.2698415261096069,0.2537219367203089,0.25995173977108577,0.2991186864023689,0.3014864462180993,0.28358521161383893,0.24416345752674848,0.2810742727129537,0.28240875822801825,0.2577251089041513,0.3116533050466415,0.25446530100083936,0.2861736119815446,0.2702123363651099,0.2835773417019641,0.28840764545532,0.27011002897696,0.2453245201191145,0.2285353627278881,0.3138898050720716,0.2743515700285131,0.28937468965985397,0.2865334221393051,0.27984136115053926,0.2438369961402397,0.2667526864122543,0.2792173816381599,0.24988976110249625,0.25652692998649784,0.2663967697115197,0.30776461101626257,0.3049239685715802,0.2791735196562403,0.3015237886733126,0.2948722475008607,0.2628930057551251,0.2881041577667019,0.262277850682272,0.2531004313038211,0.26879336160819745,0.2649223170075351,0.3358439500694977,0.245151204399648,0.31729868410635165,0.27827241415685944,0.27794092681410426,0.27687676666684324,0.2464997888898625,0.2866867611149308,0.294660105831323,0.30391414155372504,0.26258585352623814,0.22411076864744411,0.2324361250267555,0.2282944789054533,0.277344963715634,0.2709425607848187,0.3507658084256717,0.30811443724332077,0.28552910001047127,0.2723475016582924,0.2595814833438488,0.29509412673545793,0.34326943583633995,0.3066315679360747,0.29961019023795005,0.25414886426549144,0.24029285899288744,0.2422549644716467,0.2559125722491826,0.2610261471563427,0.2894886716041311,0.26060082444146415,0.26815178372149345,0.32863344743862183,0.27972436872867923,0.31240472081119647,0.24227817162582338,0.37943162070729003,0.2632058871982046,0.2832272628181007,0.27900348934599173,0.30576160217997955,0.24656002411900077,0.3215249341214497,0.2688706843843638,0.24974298662931324,0.2847355020921087,0.2527877190475984,0.0,0.23672321958260983,0.3045026433378106
lo_A_model_1_unrelaxed_repeat099,0.2885228027822444,0.2905955603330248,0.32178690111342806,0.2968469015766874,0.25158860076389544,0.27064274685175305,0.2687961292213976,0.25619706962326466,0.28074828481711855,0.266342256175945,0.30391847223925095,0.2965011031156275,0.3005399052054269,0.29656194001124486,0.2840373144399826,0.284844057931802,0.3168634280660671,0.28010170848434895,0.31740227788814573,0.2690949702322432,0.3064814393650134,0.3033462400373182,0.30604080253834104,0.3146873462567799,0.28837991552731645,0.22863011841039024,0.2566459683607413,0.2984201606371093,0.30735178802520247,0.30481566464577864,0.30963784281849865,0.27620087649643016,0.26632431529170164,0.28726409118261836,0.2885986069561891,0.24928515826008446,0.2490735911154175,0.2910503400258872,0.3198370919376191,0.31318032668786916,0.2818378271296181,0.31238905899118213,0.30868116714025046,0.2750864605922009,0.27457132670361367,0.28007525046448994,0.2866193360135077,0.3009662550773408,0.3006183898383678,0.3468336645195546,0.2723291158751887,0.3244028298185414,0.29449911406168733,0.2984655080802317,0.28051653765330076,0.2811168712101249,0.3033608596355144,0.3111254663218545,0.3216435350856206,0.2981669799384365,0.261148448512008,0.22776214282732166,0.2774115487537861,0.2818368119232807,0.27142568544293816,0.3516249220930022,0.3068126324262236,0.3031447951222785,0.2777831720983138,0.28463102637116783,0.32576069224555515,0.36173532638094846,0.3004115917595713,0.3175941841537681,0.2666619813608427,0.2604241066176137,0.2426203519763605,0.29022890674754315,0.2370672022214349,0.28870154778072654,0.26917146228515154,0.2807370740052515,0.3470661833459399,0.30861349449475345,0.32272352269861626,0.2639466066438405,0.373755407231664,0.29392947291837124,0.29201397266038215,0.2871563007469194,0.30519624775273074,0.25527885955820756,0.331770341306346,0.2979781175055649,0.2541928795788983,0.28753856493228697,0.27792445531336446,0.23672321958260983,0.0,0.3155414086037422
lo_A_model_1_unrelaxed_repeat100,0.2937080777013292,0.26017805062255167,0.2835771903553645,0.333378079972287,0.27110081322249824,0.2571079943212966,0.24637248048763663,0.29164650247077106,0.27338444687653946,0.2538291022748564,0.2766312782234853,0.3225746301068252,0.2643180011320846,0.2873027842584062,0.2898519675457263,0.25030539286953213,0.27103658379782497,0.2754454838843336,0.2540239250669861,0.2963391321761966,0.28369758627418185,0.29893387099401736,0.26134230372038314,0.2624418186084421,0.28812238100808524,0.30366572993421675,0.2888725060465989,0.386821647693693,0.2840192320555006,0.271854753780536,0.28202258455206186,0.3147599853138778,0.321249393936292,0.22872014373199395,0.2676450043523932,0.3045308782274655,0.2812066275569874,0.30478642349766477,0.23781829059581816,0.34914717271049334,0.3337353941444045,0.2595231679024275,0.24468642161206283,0.33553224645630886,0.3118668234899399,0.3231914353176163,0.2829139199880997,0.2923691397479684,0.2953739658217438,0.36640065783249604,0.28061851774887653,0.3642771272876598,0.2714409701686962,0.306220814789894,0.24437839745872,0.30710480612591623,0.2561203333958999,0.23176797632499926,0.26298256277970267,0.28234720252801054,0.2619580173639095,0.2882277254973062,0.30127578039267616,0.33129256548932373,0.2823359538635895,0.3718741922725987,0.3600018280036247,0.3436727907828368,0.24930685024563434,0.2975126738984173,0.2539064746202374,0.37630284884470505,0.34998679721674814,0.341615952829296,0.27191805337993685,0.29520560958648884,0.2861839099758082,0.2660270942562011,0.3075405692209374,0.33793405829234524,0.2542870197474051,0.3195876277146363,0.37200954500345373,0.3065165864021522,0.374263148264405,0.26499726022283326,0.38187239178179694,0.3097955392008199,0.2835575650619512,0.29126334263677695,0.349610860721162,0.3102412186249686,0.36876874361324935,0.26106061870388336,0.2987975424726527,0.30969910174144255,0.30787150581299233,0.3045026433378106,0.3155414086037422,0.0
