"BRI_Linf_dist, Angstrom","BRI_RMS_dist, Angstrom","BTI_Linf_dist, Angstrom","BTI_RMS_dist, Angstrom",prediction_id1,prediction_id2
2.1790000000000003,0.30145838983372897,2.9699999999999998,0.3717125044708227,lo_A_model_1_relaxed_repeat047,lo_A_model_1_relaxed_repeat011
2.192,0.2940804212022246,3.01,0.3561100840871472,lo_A_model_1_relaxed_repeat047,lo_A_model_1_relaxed_repeat007
2.196,0.26279335049498054,2.8899999999999997,0.30285220218158804,lo_A_model_1_relaxed_repeat047,lo_A_model_1_relaxed_repeat065
2.222,0.24484720469727372,2.86,0.2856110083114261,lo_A_model_1_relaxed_repeat047,lo_A_model_1_relaxed_repeat002
2.229,0.30169292055312485,2.96,0.3632063538924786,lo_A_model_1_relaxed_repeat047,lo_A_model_1_relaxed_repeat099
2.235,0.30541424108122683,2.9699999999999998,0.36289915126852573,lo_A_model_1_relaxed_repeat047,lo_A_model_1_relaxed_repeat032
2.24,0.29957987224935273,2.96,0.35757776748521974,lo_A_model_1_relaxed_repeat047,lo_A_model_1_relaxed_repeat057
2.251,0.2786259438658502,2.81,0.33405177226324884,lo_A_model_1_relaxed_repeat047,lo_A_model_1_relaxed_repeat008
2.2640000000000002,0.2999384987031372,2.83,0.3674844697116547,lo_A_model_1_relaxed_repeat047,lo_A_model_1_relaxed_repeat010
2.302,0.29106238681526336,2.96,0.35887891725931587,lo_A_model_1_relaxed_repeat047,lo_A_model_1_relaxed_repeat062
2.326,0.3204316678968079,2.94,0.3756207261319015,lo_A_model_1_relaxed_repeat047,lo_A_model_1_relaxed_repeat049
2.335,0.24904362362120525,2.91,0.28819546101250754,lo_A_model_1_relaxed_repeat047,lo_A_model_1_relaxed_repeat055
2.356,0.23739103094615155,2.91,0.27551138561799987,lo_A_model_1_relaxed_repeat047,lo_A_model_1_relaxed_repeat060
2.357,0.29226513870432747,2.96,0.36426887992423806,lo_A_model_1_relaxed_repeat047,lo_A_model_1_relaxed_repeat014
2.359,0.2791043697493138,3.0,0.3420249386451546,lo_A_model_1_relaxed_repeat047,lo_A_model_1_relaxed_repeat081
2.3600000000000003,0.3057544303420962,2.89,0.3754945999127849,lo_A_model_1_relaxed_repeat047,lo_A_model_1_relaxed_repeat088
2.3819999999999997,0.3148894408245145,2.96,0.38120034797108476,lo_A_model_1_relaxed_repeat047,lo_A_model_1_relaxed_repeat063
2.395,0.25713575401775135,2.94,0.29010629002762217,lo_A_model_1_relaxed_repeat047,lo_A_model_1_relaxed_repeat070
2.4,0.3658377815418105,2.8899999999999997,0.4116525543039299,lo_A_model_1_relaxed_repeat047,lo_A_model_1_relaxed_repeat098
2.401,0.21174720804404767,2.9,0.24525995668256026,lo_A_model_1_relaxed_repeat047,lo_A_model_1_relaxed_repeat005
2.4349999999999996,0.30409959967682487,2.9,0.3332485442949123,lo_A_model_1_relaxed_repeat047,lo_A_model_1_relaxed_repeat001
2.436,0.21197506466576962,2.9,0.24342154514528,lo_A_model_1_relaxed_repeat047,lo_A_model_1_relaxed_repeat078
2.447,0.3225814656840365,2.87,0.37763350915790395,lo_A_model_1_relaxed_repeat047,lo_A_model_1_relaxed_repeat022
2.45,0.24029887327628915,2.85,0.2532172951624451,lo_A_model_1_relaxed_repeat047,lo_A_model_1_relaxed_repeat009
2.4589999999999996,0.30919848387734017,2.91,0.3636457424983771,lo_A_model_1_relaxed_repeat047,lo_A_model_1_relaxed_repeat053
2.48,0.2721237579264994,2.96,0.3349405174274863,lo_A_model_1_relaxed_repeat047,lo_A_model_1_relaxed_repeat094
2.498,0.34652436057940317,2.99,0.4137531556613708,lo_A_model_1_relaxed_repeat047,lo_A_model_1_relaxed_repeat067
2.52,0.3098698734687642,2.98,0.349540429936551,lo_A_model_1_relaxed_repeat047,lo_A_model_1_relaxed_repeat068
2.525,0.31383234546275696,2.96,0.37981849441297644,lo_A_model_1_relaxed_repeat047,lo_A_model_1_relaxed_repeat097
2.525,0.35523412578209834,2.98,0.41650569708967305,lo_A_model_1_relaxed_repeat047,lo_A_model_1_relaxed_repeat083
2.527,0.29392412527097705,3.0,0.32877389598037066,lo_A_model_1_relaxed_repeat047,lo_A_model_1_relaxed_repeat084
2.537,0.2890031701070123,3.01,0.30158176233076384,lo_A_model_1_relaxed_repeat047,lo_A_model_1_relaxed_repeat100
2.538,0.3660856138678121,2.94,0.42940665054323296,lo_A_model_1_relaxed_repeat047,lo_A_model_1_relaxed_repeat061
2.54,0.31136386306337055,2.99,0.3559776479456398,lo_A_model_1_relaxed_repeat047,lo_A_model_1_relaxed_repeat051
2.561,0.31209027847247073,2.8200000000000003,0.36620092673429794,lo_A_model_1_relaxed_repeat047,lo_A_model_1_relaxed_repeat096
2.565,0.3089799827768709,2.89,0.3616994935096678,lo_A_model_1_relaxed_repeat047,lo_A_model_1_relaxed_repeat026
2.5709999999999997,0.2783973447162605,3.0,0.30671959486026423,lo_A_model_1_relaxed_repeat047,lo_A_model_1_relaxed_repeat092
2.574,0.29546994647575625,3.04,0.3550781815621163,lo_A_model_1_relaxed_repeat047,lo_A_model_1_relaxed_repeat024
2.583,0.28055362751406704,2.9299999999999997,0.3137342578510613,lo_A_model_1_relaxed_repeat047,lo_A_model_1_relaxed_repeat056
2.5949999999999998,0.21610618316798222,2.91,0.2531705108859647,lo_A_model_1_relaxed_repeat047,lo_A_model_1_relaxed_repeat069
2.596,0.3488754851645268,2.95,0.39662780973649114,lo_A_model_1_relaxed_repeat047,lo_A_model_1_relaxed_repeat045
2.596,0.34615009272753194,2.96,0.40003236635862083,lo_A_model_1_relaxed_repeat047,lo_A_model_1_relaxed_repeat004
2.626,0.36405992330100573,3.0300000000000002,0.43561578929123806,lo_A_model_1_relaxed_repeat047,lo_A_model_1_relaxed_repeat052
2.627,0.23609030182361265,2.81,0.2700098021852331,lo_A_model_1_relaxed_repeat047,lo_A_model_1_relaxed_repeat016
2.628,0.2895497792748452,2.9299999999999997,0.34558246325983105,lo_A_model_1_relaxed_repeat047,lo_A_model_1_relaxed_repeat074
2.629,0.31555524966906395,2.87,0.37154289142933933,lo_A_model_1_relaxed_repeat047,lo_A_model_1_relaxed_repeat020
2.63,0.2744681343898086,2.99,0.31249634046498165,lo_A_model_1_relaxed_repeat047,lo_A_model_1_relaxed_repeat079
2.652,0.3115732486436958,2.96,0.3591429951803661,lo_A_model_1_relaxed_repeat047,lo_A_model_1_relaxed_repeat017
2.657,0.33309776669100477,2.96,0.38397510499893267,lo_A_model_1_relaxed_repeat047,lo_A_model_1_relaxed_repeat042
2.669,0.26213701655936306,2.7199999999999998,0.2791067398793261,lo_A_model_1_relaxed_repeat047,lo_A_model_1_relaxed_repeat027
2.6719999999999997,0.32201396196816073,2.9299999999999997,0.3856341970126345,lo_A_model_1_relaxed_repeat047,lo_A_model_1_relaxed_repeat054
2.6820000000000004,0.30956016330710884,2.96,0.367186534828123,lo_A_model_1_relaxed_repeat047,lo_A_model_1_relaxed_repeat034
2.6879999999999997,0.23800424432084258,2.92,0.2611439563753277,lo_A_model_1_relaxed_repeat047,lo_A_model_1_relaxed_repeat048
2.689,0.21937364471211562,2.87,0.2367400800924392,lo_A_model_1_relaxed_repeat047,lo_A_model_1_relaxed_repeat021
2.69,0.2479962353768445,2.82,0.2619570343391662,lo_A_model_1_relaxed_repeat047,lo_A_model_1_relaxed_repeat031
2.692,0.3002040460116651,2.89,0.3638834805409371,lo_A_model_1_relaxed_repeat047,lo_A_model_1_relaxed_repeat058
2.694,0.332946361359008,2.99,0.3732225208525482,lo_A_model_1_relaxed_repeat047,lo_A_model_1_relaxed_repeat041
2.7,0.2669198826393638,2.9699999999999998,0.3002558756195504,lo_A_model_1_relaxed_repeat047,lo_A_model_1_relaxed_repeat025
2.715,0.3086770511204421,2.96,0.3664938466441695,lo_A_model_1_relaxed_repeat047,lo_A_model_1_relaxed_repeat035
2.727,0.32960638423195987,2.89,0.37274805952523526,lo_A_model_1_relaxed_repeat047,lo_A_model_1_relaxed_repeat046
2.7270000000000003,0.3423995010391722,4.17,0.41010906117773827,lo_A_model_1_relaxed_repeat047,lo_A_model_1_relaxed_repeat040
2.7359999999999998,0.30222759711481817,2.96,0.36287045103538107,lo_A_model_1_relaxed_repeat047,lo_A_model_1_relaxed_repeat018
2.739,0.32353017119554667,2.9,0.37093259107884213,lo_A_model_1_relaxed_repeat047,lo_A_model_1_relaxed_repeat029
2.7560000000000002,0.36388562517875184,2.95,0.4182767290102015,lo_A_model_1_relaxed_repeat047,lo_A_model_1_relaxed_repeat072
2.785,0.3578704111650062,2.96,0.42559899722364036,lo_A_model_1_relaxed_repeat047,lo_A_model_1_relaxed_repeat028
2.785,0.3772153644636053,3.15,0.42767719432592494,lo_A_model_1_relaxed_repeat047,lo_A_model_1_relaxed_repeat066
2.7969999999999997,0.3189931997965663,2.96,0.37686190136953707,lo_A_model_1_relaxed_repeat047,lo_A_model_1_relaxed_repeat036
2.838,0.2690112032384733,2.8899999999999997,0.2857506240942322,lo_A_model_1_relaxed_repeat047,lo_A_model_1_relaxed_repeat003
2.846,0.3147424161994673,2.9699999999999998,0.3702429315006301,lo_A_model_1_relaxed_repeat047,lo_A_model_1_relaxed_repeat075
2.851,0.3626786270959697,2.9699999999999998,0.41543813161735255,lo_A_model_1_relaxed_repeat047,lo_A_model_1_relaxed_repeat093
2.851,0.28034708204145076,2.91,0.3131929798579973,lo_A_model_1_relaxed_repeat047,lo_A_model_1_relaxed_repeat013
2.855,0.32325661862959554,2.9699999999999998,0.370111184624652,lo_A_model_1_relaxed_repeat047,lo_A_model_1_relaxed_repeat030
2.867,0.3392867866645417,3.0,0.4004681094967379,lo_A_model_1_relaxed_repeat047,lo_A_model_1_relaxed_repeat064
2.871,0.30747978753487076,2.91,0.35381376089163125,lo_A_model_1_relaxed_repeat047,lo_A_model_1_relaxed_repeat077
2.874,0.2913618735263388,3.0300000000000002,0.3216027903992141,lo_A_model_1_relaxed_repeat047,lo_A_model_1_relaxed_repeat095
2.876,0.33570907554736157,2.92,0.4077492918185644,lo_A_model_1_relaxed_repeat047,lo_A_model_1_relaxed_repeat015
2.882,0.3164583965360967,2.96,0.36181643161412663,lo_A_model_1_relaxed_repeat047,lo_A_model_1_relaxed_repeat038
2.9,0.27179636511837196,2.99,0.29464510307624275,lo_A_model_1_relaxed_repeat047,lo_A_model_1_relaxed_repeat023
2.909,0.3573347840969418,2.95,0.4094398280801611,lo_A_model_1_relaxed_repeat047,lo_A_model_1_relaxed_repeat091
2.912,0.26949930791580123,2.87,0.29589760630861855,lo_A_model_1_relaxed_repeat047,lo_A_model_1_relaxed_repeat006
2.915,0.38685253019005733,2.94,0.44880993488757703,lo_A_model_1_relaxed_repeat047,lo_A_model_1_relaxed_repeat087
2.9219999999999997,0.25801269002072563,2.9299999999999997,0.30239733594060825,lo_A_model_1_relaxed_repeat047,lo_A_model_1_relaxed_repeat076
2.923,0.3295355768706349,2.96,0.38537743236872735,lo_A_model_1_relaxed_repeat047,lo_A_model_1_relaxed_repeat033
2.9619999999999997,0.2412569344923156,2.87,0.27003592194674936,lo_A_model_1_relaxed_repeat047,lo_A_model_1_relaxed_repeat059
2.965,0.30104805912940114,2.81,0.3579686769490886,lo_A_model_1_relaxed_repeat047,lo_A_model_1_relaxed_repeat043
2.972,0.23923195058406707,2.87,0.26476409993105804,lo_A_model_1_relaxed_repeat047,lo_A_model_1_relaxed_repeat086
2.973,0.3608977468632731,3.06,0.40891835409374244,lo_A_model_1_relaxed_repeat047,lo_A_model_1_relaxed_repeat050
2.984,0.31124475278683666,2.96,0.3585361670999748,lo_A_model_1_relaxed_repeat047,lo_A_model_1_relaxed_repeat039
2.9850000000000003,0.3498886587667846,3.0,0.3939984314036007,lo_A_model_1_relaxed_repeat047,lo_A_model_1_relaxed_repeat012
2.9909999999999997,0.35271912050316534,2.83,0.4033603840584173,lo_A_model_1_relaxed_repeat047,lo_A_model_1_relaxed_repeat080
3.0,0.3523993999043312,2.98,0.3910881338895899,lo_A_model_1_relaxed_repeat047,lo_A_model_1_relaxed_repeat073
3.001,0.3851910370842908,2.96,0.4366362513842499,lo_A_model_1_relaxed_repeat047,lo_A_model_1_relaxed_repeat085
3.006,0.3138460740969005,2.9699999999999998,0.3701113005856118,lo_A_model_1_relaxed_repeat047,lo_A_model_1_relaxed_repeat082
3.008,0.25903281921527854,2.69,0.2748459316108443,lo_A_model_1_relaxed_repeat047,lo_A_model_1_relaxed_repeat019
3.01,0.3210449533767789,3.05,0.36982871185013033,lo_A_model_1_relaxed_repeat047,lo_A_model_1_relaxed_repeat089
3.0140000000000002,0.3161439889438838,2.89,0.36535721442784985,lo_A_model_1_relaxed_repeat047,lo_A_model_1_relaxed_repeat037
3.0229999999999997,0.3058670627672043,2.85,0.35097526089814063,lo_A_model_1_relaxed_repeat047,lo_A_model_1_relaxed_repeat071
3.024,0.3293165941313058,3.0,0.3892399328459099,lo_A_model_1_relaxed_repeat047,lo_A_model_1_relaxed_repeat044
3.026,0.2526925221086167,2.74,0.2870713947676577,lo_A_model_1_relaxed_repeat047,lo_A_model_1_relaxed_repeat090
2.144,0.3346473257296788,2.92,0.3716858704149169,lo_A_model_1_relaxed_repeat004,lo_A_model_1_relaxed_repeat058
2.153,0.31999317768120916,3.06,0.3620326102337678,lo_A_model_1_relaxed_repeat004,lo_A_model_1_relaxed_repeat024
2.1929999999999996,0.3107936754934896,2.81,0.3592862500041716,lo_A_model_1_relaxed_repeat004,lo_A_model_1_relaxed_repeat096
2.214,0.3282068924240027,2.87,0.3893422059858726,lo_A_model_1_relaxed_repeat004,lo_A_model_1_relaxed_repeat054
2.286,0.3374927668381906,3.06,0.3800914354266515,lo_A_model_1_relaxed_repeat004,lo_A_model_1_relaxed_repeat018
2.301,0.3406882447553029,3.0700000000000003,0.38686151422364384,lo_A_model_1_relaxed_repeat004,lo_A_model_1_relaxed_repeat075
2.317,0.35701213277291743,3.0700000000000003,0.4018555317317467,lo_A_model_1_relaxed_repeat004,lo_A_model_1_relaxed_repeat089
2.3609999999999998,0.3502790308136557,3.06,0.38765159940065086,lo_A_model_1_relaxed_repeat004,lo_A_model_1_relaxed_repeat062
2.364,0.3356732116317194,3.0700000000000003,0.3805867768416605,lo_A_model_1_relaxed_repeat004,lo_A_model_1_relaxed_repeat030
2.367,0.33607536665812326,3.06,0.39528135974511325,lo_A_model_1_relaxed_repeat004,lo_A_model_1_relaxed_repeat099
2.37,0.34917743397959183,2.91,0.3765092281146743,lo_A_model_1_relaxed_repeat004,lo_A_model_1_relaxed_repeat100
2.3890000000000002,0.3352104427305237,2.91,0.370966259470098,lo_A_model_1_relaxed_repeat004,lo_A_model_1_relaxed_repeat012
2.407,0.3157900857447072,2.9699999999999998,0.36819623740849655,lo_A_model_1_relaxed_repeat004,lo_A_model_1_relaxed_repeat010
2.442,0.3221291559810245,3.01,0.3691684969130202,lo_A_model_1_relaxed_repeat004,lo_A_model_1_relaxed_repeat051
2.457,0.33969110094753296,2.94,0.3875749777478569,lo_A_model_1_relaxed_repeat004,lo_A_model_1_relaxed_repeat006
2.463,0.3292924373546993,3.0700000000000003,0.36648549302139627,lo_A_model_1_relaxed_repeat004,lo_A_model_1_relaxed_repeat011
2.481,0.34065076071033834,2.89,0.37068196827238437,lo_A_model_1_relaxed_repeat004,lo_A_model_1_relaxed_repeat046
2.489,0.32075273100819135,2.92,0.3553086067189813,lo_A_model_1_relaxed_repeat004,lo_A_model_1_relaxed_repeat071
2.511,0.3429350001183193,3.06,0.38480889112591526,lo_A_model_1_relaxed_repeat004,lo_A_model_1_relaxed_repeat034
2.512,0.35011636160948933,3.01,0.40008450466454615,lo_A_model_1_relaxed_repeat004,lo_A_model_1_relaxed_repeat053
2.513,0.33295401436165656,2.92,0.3793698185510648,lo_A_model_1_relaxed_repeat004,lo_A_model_1_relaxed_repeat020
2.5229999999999997,0.34435635923549135,3.0700000000000003,0.392091125433587,lo_A_model_1_relaxed_repeat004,lo_A_model_1_relaxed_repeat050
2.53,0.3267641889698641,2.9299999999999997,0.3662851051498675,lo_A_model_1_relaxed_repeat004,lo_A_model_1_relaxed_repeat037
2.5300000000000002,0.3302290759947281,3.06,0.37446885608471675,lo_A_model_1_relaxed_repeat004,lo_A_model_1_relaxed_repeat033
2.5469999999999997,0.32583617270788295,3.06,0.3634838579929778,lo_A_model_1_relaxed_repeat004,lo_A_model_1_relaxed_repeat039
2.549,0.321306650955902,3.02,0.3709381834058616,lo_A_model_1_relaxed_repeat004,lo_A_model_1_relaxed_repeat088
2.5540000000000003,0.3325098709905492,2.9699999999999998,0.3751766012390837,lo_A_model_1_relaxed_repeat004,lo_A_model_1_relaxed_repeat029
2.5549999999999997,0.3599883081077063,2.96,0.3907980170481362,lo_A_model_1_relaxed_repeat004,lo_A_model_1_relaxed_repeat002
2.559,0.34734674680768596,2.94,0.41065570930888423,lo_A_model_1_relaxed_repeat004,lo_A_model_1_relaxed_repeat067
2.561,0.35822961961842287,3.06,0.38773857393447225,lo_A_model_1_relaxed_repeat004,lo_A_model_1_relaxed_repeat017
2.58,0.35034514516961685,3.04,0.40815418977677037,lo_A_model_1_relaxed_repeat004,lo_A_model_1_relaxed_repeat049
2.5869999999999997,0.3999475022774471,3.06,0.4276193539517428,lo_A_model_1_relaxed_repeat004,lo_A_model_1_relaxed_repeat098
2.596,0.3141987980441964,2.92,0.34624823432199847,lo_A_model_1_relaxed_repeat004,lo_A_model_1_relaxed_repeat008
2.601,0.3342428520105878,2.87,0.37619733506101555,lo_A_model_1_relaxed_repeat004,lo_A_model_1_relaxed_repeat048
2.615,0.34129584077439307,3.0300000000000002,0.3809246336716901,lo_A_model_1_relaxed_repeat004,lo_A_model_1_relaxed_repeat045
2.62,0.3443256347926965,2.9,0.37856796654402247,lo_A_model_1_relaxed_repeat004,lo_A_model_1_relaxed_repeat019
2.6260000000000003,0.3572745492986282,3.06,0.396464345320178,lo_A_model_1_relaxed_repeat004,lo_A_model_1_relaxed_repeat042
2.628,0.3402984194881775,3.06,0.39848163178831125,lo_A_model_1_relaxed_repeat004,lo_A_model_1_relaxed_repeat063
2.628,0.3476462057987901,3.06,0.370200772964199,lo_A_model_1_relaxed_repeat004,lo_A_model_1_relaxed_repeat036
2.6319999999999997,0.34119133913371386,3.06,0.4175296242477455,lo_A_model_1_relaxed_repeat004,lo_A_model_1_relaxed_repeat014
2.645,0.37744065806117627,2.95,0.4249999410923127,lo_A_model_1_relaxed_repeat004,lo_A_model_1_relaxed_repeat061
2.646,0.3336825305397491,2.95,0.37613393651387655,lo_A_model_1_relaxed_repeat004,lo_A_model_1_relaxed_repeat022
2.662,0.33274703946793893,3.06,0.38443195185625695,lo_A_model_1_relaxed_repeat004,lo_A_model_1_relaxed_repeat094
2.665,0.3893296498493125,3.06,0.4335414268701313,lo_A_model_1_relaxed_repeat004,lo_A_model_1_relaxed_repeat052
2.665,0.3478184552686429,3.06,0.3920073792771321,lo_A_model_1_relaxed_repeat004,lo_A_model_1_relaxed_repeat097
2.665,0.3532323085526526,3.0300000000000002,0.3946445132590767,lo_A_model_1_relaxed_repeat004,lo_A_model_1_relaxed_repeat081
2.667,0.3461422871821349,3.05,0.39892179433710906,lo_A_model_1_relaxed_repeat004,lo_A_model_1_relaxed_repeat090
2.668,0.34214580465820044,2.99,0.38098873702463704,lo_A_model_1_relaxed_repeat004,lo_A_model_1_relaxed_repeat001
2.668,0.3362614245443919,2.9299999999999997,0.37665070167591796,lo_A_model_1_relaxed_repeat004,lo_A_model_1_relaxed_repeat084
2.67,0.3529187831853609,2.87,0.39272792330740947,lo_A_model_1_relaxed_repeat004,lo_A_model_1_relaxed_repeat023
2.673,0.3429589693381692,2.96,0.37767449708852857,lo_A_model_1_relaxed_repeat004,lo_A_model_1_relaxed_repeat038
2.674,0.3586116122102255,2.98,0.4042577401334412,lo_A_model_1_relaxed_repeat004,lo_A_model_1_relaxed_repeat021
2.686,0.40360101333932064,3.04,0.45976948880131013,lo_A_model_1_relaxed_repeat004,lo_A_model_1_relaxed_repeat087
2.691,0.34983874846630303,3.02,0.3800705453680491,lo_A_model_1_relaxed_repeat004,lo_A_model_1_relaxed_repeat015
2.7409999999999997,0.3536375054553233,2.9699999999999998,0.3900539561370198,lo_A_model_1_relaxed_repeat004,lo_A_model_1_relaxed_repeat059
2.7409999999999997,0.3302215998494845,3.01,0.36818854409897445,lo_A_model_1_relaxed_repeat004,lo_A_model_1_relaxed_repeat077
2.762,0.3410789721399598,2.8899999999999997,0.3836223703499369,lo_A_model_1_relaxed_repeat004,lo_A_model_1_relaxed_repeat095
2.768,0.37726239431341435,3.06,0.43366488911543455,lo_A_model_1_relaxed_repeat004,lo_A_model_1_relaxed_repeat028
2.777,0.3232947724155846,3.06,0.37394593873044,lo_A_model_1_relaxed_repeat004,lo_A_model_1_relaxed_repeat057
2.783,0.3494663202840519,3.02,0.38071858117822854,lo_A_model_1_relaxed_repeat004,lo_A_model_1_relaxed_repeat025
2.784,0.36403418891774636,3.96,0.41339925174675657,lo_A_model_1_relaxed_repeat004,lo_A_model_1_relaxed_repeat040
2.7859999999999996,0.33846334436576153,2.91,0.3798879813809737,lo_A_model_1_relaxed_repeat004,lo_A_model_1_relaxed_repeat043
2.7939999999999996,0.32123353940449695,2.99,0.3703850990554142,lo_A_model_1_relaxed_repeat004,lo_A_model_1_relaxed_repeat026
2.799,0.3384814988086725,2.99,0.3836138676165839,lo_A_model_1_relaxed_repeat004,lo_A_model_1_relaxed_repeat003
2.806,0.3416413470502453,2.98,0.39012451700664874,lo_A_model_1_relaxed_repeat004,lo_A_model_1_relaxed_repeat080
2.8150000000000004,0.35534374137593877,2.9,0.39381240677643,lo_A_model_1_relaxed_repeat004,lo_A_model_1_relaxed_repeat073
2.8179999999999996,0.3339399134699199,3.0300000000000002,0.37827350430997286,lo_A_model_1_relaxed_repeat004,lo_A_model_1_relaxed_repeat056
2.82,0.35187500219166173,2.9299999999999997,0.3979435693742201,lo_A_model_1_relaxed_repeat004,lo_A_model_1_relaxed_repeat068
2.8209999999999997,0.3400921506864164,3.06,0.3890379535824376,lo_A_model_1_relaxed_repeat004,lo_A_model_1_relaxed_repeat064
2.825,0.33127724732054065,3.0700000000000003,0.38659516629637214,lo_A_model_1_relaxed_repeat004,lo_A_model_1_relaxed_repeat032
2.835,0.3497342719039786,3.01,0.390990305724123,lo_A_model_1_relaxed_repeat004,lo_A_model_1_relaxed_repeat069
2.8369999999999997,0.3331079445437602,3.0300000000000002,0.3809906896229869,lo_A_model_1_relaxed_repeat004,lo_A_model_1_relaxed_repeat082
2.8369999999999997,0.3802814303085047,3.05,0.4371565686595302,lo_A_model_1_relaxed_repeat004,lo_A_model_1_relaxed_repeat066
2.839,0.365063339400114,3.06,0.4091579685214232,lo_A_model_1_relaxed_repeat004,lo_A_model_1_relaxed_repeat044
2.849,0.334430867092276,3.0,0.3889053637766506,lo_A_model_1_relaxed_repeat004,lo_A_model_1_relaxed_repeat078
2.8499999999999996,0.3282305463532767,2.96,0.37276667346602244,lo_A_model_1_relaxed_repeat004,lo_A_model_1_relaxed_repeat092
2.8499999999999996,0.36843700183404193,3.04,0.41344717847003803,lo_A_model_1_relaxed_repeat004,lo_A_model_1_relaxed_repeat093
2.851,0.34576950404636503,2.91,0.3894047766970113,lo_A_model_1_relaxed_repeat004,lo_A_model_1_relaxed_repeat074
2.8529999999999998,0.32848808289016873,2.91,0.3711154357698783,lo_A_model_1_relaxed_repeat004,lo_A_model_1_relaxed_repeat016
2.857,0.3505039890670737,3.01,0.403801959987619,lo_A_model_1_relaxed_repeat004,lo_A_model_1_relaxed_repeat060
2.8659999999999997,0.34684026205441354,3.04,0.3913823489396481,lo_A_model_1_relaxed_repeat004,lo_A_model_1_relaxed_repeat007
2.8659999999999997,0.327104384558983,3.04,0.3727846340782625,lo_A_model_1_relaxed_repeat004,lo_A_model_1_relaxed_repeat070
2.8689999999999998,0.32122123725215085,2.99,0.37241208120311725,lo_A_model_1_relaxed_repeat004,lo_A_model_1_relaxed_repeat065
2.8739999999999997,0.3538724833578128,3.0300000000000002,0.4003076070442713,lo_A_model_1_relaxed_repeat004,lo_A_model_1_relaxed_repeat076
2.8739999999999997,0.349047377200801,2.92,0.38091531957469926,lo_A_model_1_relaxed_repeat004,lo_A_model_1_relaxed_repeat009
2.891,0.3381226716129151,2.9299999999999997,0.38807226883263624,lo_A_model_1_relaxed_repeat004,lo_A_model_1_relaxed_repeat079
2.91,0.3434238429527581,3.0300000000000002,0.3920035838205859,lo_A_model_1_relaxed_repeat004,lo_A_model_1_relaxed_repeat005
2.9109999999999996,0.3567931039512699,2.9699999999999998,0.4035482466949727,lo_A_model_1_relaxed_repeat004,lo_A_model_1_relaxed_repeat086
2.916,0.36267992249400505,3.06,0.43526592269793957,lo_A_model_1_relaxed_repeat004,lo_A_model_1_relaxed_repeat083
2.921,0.33593313976443073,3.01,0.3825767616319273,lo_A_model_1_relaxed_repeat004,lo_A_model_1_relaxed_repeat055
2.944,0.32996016320004234,2.98,0.3722460536574153,lo_A_model_1_relaxed_repeat004,lo_A_model_1_relaxed_repeat041
2.965,0.3764929347276744,3.02,0.4102165240047305,lo_A_model_1_relaxed_repeat004,lo_A_model_1_relaxed_repeat031
2.971,0.3640888020716806,3.01,0.39959217407176423,lo_A_model_1_relaxed_repeat004,lo_A_model_1_relaxed_repeat013
2.972,0.35477389482890986,2.9,0.3927662797398923,lo_A_model_1_relaxed_repeat004,lo_A_model_1_relaxed_repeat027
2.9779999999999998,0.3763225593417539,3.01,0.4299305263769131,lo_A_model_1_relaxed_repeat004,lo_A_model_1_relaxed_repeat091
3.0060000000000002,0.3516118043300111,2.94,0.3769993340233869,lo_A_model_1_relaxed_repeat004,lo_A_model_1_relaxed_repeat072
3.013,0.37587528294127065,3.06,0.4246239436986941,lo_A_model_1_relaxed_repeat004,lo_A_model_1_relaxed_repeat085
3.0359999999999996,0.33664303419937897,3.06,0.3897105047844386,lo_A_model_1_relaxed_repeat004,lo_A_model_1_relaxed_repeat035
2.159,0.30288616019421555,2.98,0.35892380069692215,lo_A_model_1_relaxed_repeat015,lo_A_model_1_relaxed_repeat070
2.163,0.30273552861552777,2.94,0.3708258578918937,lo_A_model_1_relaxed_repeat015,lo_A_model_1_relaxed_repeat044
2.262,0.3287915137493528,2.99,0.3830079728884731,lo_A_model_1_relaxed_repeat015,lo_A_model_1_relaxed_repeat009
2.299,0.32352766308922815,3.0,0.38459454152833544,lo_A_model_1_relaxed_repeat015,lo_A_model_1_relaxed_repeat027
2.31,0.3046665143702878,2.95,0.3575492002720248,lo_A_model_1_relaxed_repeat015,lo_A_model_1_relaxed_repeat077
2.348,0.3079332122931696,2.9699999999999998,0.3638986952050803,lo_A_model_1_relaxed_repeat015,lo_A_model_1_relaxed_repeat045
2.349,0.3380818771406269,3.02,0.40867173796758666,lo_A_model_1_relaxed_repeat015,lo_A_model_1_relaxed_repeat050
2.357,0.32596277730569356,2.8099999999999996,0.3894408889787816,lo_A_model_1_relaxed_repeat015,lo_A_model_1_relaxed_repeat055
2.362,0.32310320793158265,2.84,0.37003870191588567,lo_A_model_1_relaxed_repeat015,lo_A_model_1_relaxed_repeat003
2.372,0.3032456800834439,3.01,0.36582432833103856,lo_A_model_1_relaxed_repeat015,lo_A_model_1_relaxed_repeat036
2.3810000000000002,0.36583688407686965,3.08,0.43757705227876476,lo_A_model_1_relaxed_repeat015,lo_A_model_1_relaxed_repeat085
2.3810000000000002,0.32097650006011974,2.8499999999999996,0.35820902458379816,lo_A_model_1_relaxed_repeat015,lo_A_model_1_relaxed_repeat002
2.403,0.318157192503377,3.0700000000000003,0.3645494995541467,lo_A_model_1_relaxed_repeat015,lo_A_model_1_relaxed_repeat018
2.404,0.3157313475631595,3.0300000000000002,0.36696754465060744,lo_A_model_1_relaxed_repeat015,lo_A_model_1_relaxed_repeat022
2.407,0.29838239907895786,3.05,0.3404638340816783,lo_A_model_1_relaxed_repeat015,lo_A_model_1_relaxed_repeat033
2.4290000000000003,0.2745112196763242,3.04,0.3323550594631995,lo_A_model_1_relaxed_repeat015,lo_A_model_1_relaxed_repeat038
2.432,0.33973118507371086,2.87,0.39946867429793603,lo_A_model_1_relaxed_repeat015,lo_A_model_1_relaxed_repeat021
2.457,0.33520855592550924,3.05,0.3707966137323328,lo_A_model_1_relaxed_repeat015,lo_A_model_1_relaxed_repeat042
2.4619999999999997,0.2925651291465899,2.9299999999999997,0.3518682205530831,lo_A_model_1_relaxed_repeat015,lo_A_model_1_relaxed_repeat064
2.477,0.3187198194637842,3.05,0.3948954697711531,lo_A_model_1_relaxed_repeat015,lo_A_model_1_relaxed_repeat080
2.5220000000000002,0.33984147023679123,3.0700000000000003,0.4154411964366432,lo_A_model_1_relaxed_repeat015,lo_A_model_1_relaxed_repeat091
2.5389999999999997,0.3420078415217622,3.05,0.40492356084668046,lo_A_model_1_relaxed_repeat015,lo_A_model_1_relaxed_repeat028
2.545,0.31870950307978263,2.94,0.3697428639037207,lo_A_model_1_relaxed_repeat015,lo_A_model_1_relaxed_repeat053
2.553,0.2913378194395046,3.04,0.33522311234470625,lo_A_model_1_relaxed_repeat015,lo_A_model_1_relaxed_repeat088
2.556,0.3003126973105722,3.08,0.34173076268180796,lo_A_model_1_relaxed_repeat015,lo_A_model_1_relaxed_repeat062
2.557,0.30685938399381624,2.8200000000000003,0.3848984036286457,lo_A_model_1_relaxed_repeat015,lo_A_model_1_relaxed_repeat014
2.561,0.35269850304281264,3.02,0.4063209088550801,lo_A_model_1_relaxed_repeat015,lo_A_model_1_relaxed_repeat073
2.567,0.32252506839389905,3.05,0.3730725381759674,lo_A_model_1_relaxed_repeat015,lo_A_model_1_relaxed_repeat029
2.576,0.2915217711621491,2.95,0.33353257278736265,lo_A_model_1_relaxed_repeat015,lo_A_model_1_relaxed_repeat011
2.597,0.3169676488458695,2.8,0.3832974169900505,lo_A_model_1_relaxed_repeat015,lo_A_model_1_relaxed_repeat078
2.601,0.3150249693761942,3.04,0.3602819989134326,lo_A_model_1_relaxed_repeat015,lo_A_model_1_relaxed_repeat043
2.621,0.30674222820417535,3.08,0.34999382786301125,lo_A_model_1_relaxed_repeat015,lo_A_model_1_relaxed_repeat058
2.623,0.3198551746667345,3.01,0.3897363842562837,lo_A_model_1_relaxed_repeat015,lo_A_model_1_relaxed_repeat082
2.625,0.3354501576949517,2.99,0.4142563186819897,lo_A_model_1_relaxed_repeat015,lo_A_model_1_relaxed_repeat067
2.626,0.33871693188084856,2.9,0.3846443092458189,lo_A_model_1_relaxed_repeat015,lo_A_model_1_relaxed_repeat019
2.627,0.29537532584618686,2.91,0.3479882917800869,lo_A_model_1_relaxed_repeat015,lo_A_model_1_relaxed_repeat007
2.6399999999999997,0.3615489717055558,3.06,0.4301328935941138,lo_A_model_1_relaxed_repeat015,lo_A_model_1_relaxed_repeat052
2.6500000000000004,0.358031625588182,3.04,0.40439311459294897,lo_A_model_1_relaxed_repeat015,lo_A_model_1_relaxed_repeat100
2.654,0.3326338211026425,2.88,0.3769536425622063,lo_A_model_1_relaxed_repeat015,lo_A_model_1_relaxed_repeat099
2.659,0.35632579529010716,2.99,0.4048703496182451,lo_A_model_1_relaxed_repeat015,lo_A_model_1_relaxed_repeat098
2.662,0.3590180209152697,3.0300000000000002,0.4049968649978454,lo_A_model_1_relaxed_repeat015,lo_A_model_1_relaxed_repeat072
2.6660000000000004,0.3612067047383335,2.98,0.4178069318858924,lo_A_model_1_relaxed_repeat015,lo_A_model_1_relaxed_repeat068
2.67,0.34011057151810076,3.05,0.3924444139311338,lo_A_model_1_relaxed_repeat015,lo_A_model_1_relaxed_repeat001
2.673,0.35037784264708544,3.06,0.38964467875173425,lo_A_model_1_relaxed_repeat015,lo_A_model_1_relaxed_repeat013
2.676,0.3012733453399144,2.94,0.3390999616294731,lo_A_model_1_relaxed_repeat015,lo_A_model_1_relaxed_repeat035
2.678,0.329463311362008,3.04,0.36608300535497157,lo_A_model_1_relaxed_repeat015,lo_A_model_1_relaxed_repeat051
2.678,0.34416634780907124,3.04,0.3933609990027998,lo_A_model_1_relaxed_repeat015,lo_A_model_1_relaxed_repeat084
2.681,0.3194088584934992,3.0300000000000002,0.3451931515457772,lo_A_model_1_relaxed_repeat015,lo_A_model_1_relaxed_repeat071
2.681,0.3628485127495743,4.37,0.4351421914185104,lo_A_model_1_relaxed_repeat015,lo_A_model_1_relaxed_repeat040
2.6879999999999997,0.30177898998817543,3.06,0.3418420185776407,lo_A_model_1_relaxed_repeat015,lo_A_model_1_relaxed_repeat034
2.691,0.2982613264976205,2.71,0.36091348100691967,lo_A_model_1_relaxed_repeat015,lo_A_model_1_relaxed_repeat094
2.694,0.3166150675527471,2.84,0.3655060575579945,lo_A_model_1_relaxed_repeat015,lo_A_model_1_relaxed_repeat059
2.701,0.32506890784845205,2.95,0.37217540898086154,lo_A_model_1_relaxed_repeat015,lo_A_model_1_relaxed_repeat023
2.713,0.31305235202326165,2.8600000000000003,0.36373326547350215,lo_A_model_1_relaxed_repeat015,lo_A_model_1_relaxed_repeat056
2.7190000000000003,0.3056921380438211,2.94,0.3744053176933046,lo_A_model_1_relaxed_repeat015,lo_A_model_1_relaxed_repeat090
2.725,0.33495107664883206,3.04,0.36800354542050284,lo_A_model_1_relaxed_repeat015,lo_A_model_1_relaxed_repeat012
2.734,0.30170511994187577,2.9299999999999997,0.36575299090732505,lo_A_model_1_relaxed_repeat015,lo_A_model_1_relaxed_repeat048
2.737,0.3285905396924772,2.94,0.39169975509336263,lo_A_model_1_relaxed_repeat015,lo_A_model_1_relaxed_repeat092
2.7409999999999997,0.31976432263695953,2.8899999999999997,0.3574971412593165,lo_A_model_1_relaxed_repeat015,lo_A_model_1_relaxed_repeat025
2.7560000000000002,0.3571143980240908,3.0,0.4018895285187799,lo_A_model_1_relaxed_repeat015,lo_A_model_1_relaxed_repeat031
2.76,0.29636589533866,3.0,0.3465335801542688,lo_A_model_1_relaxed_repeat015,lo_A_model_1_relaxed_repeat063
2.761,0.3485471813473448,2.86,0.3793604662800959,lo_A_model_1_relaxed_repeat015,lo_A_model_1_relaxed_repeat017
2.763,0.3044264186122323,3.06,0.3490339826292605,lo_A_model_1_relaxed_repeat015,lo_A_model_1_relaxed_repeat026
2.774,0.31916364013551,2.9699999999999998,0.3764445899831884,lo_A_model_1_relaxed_repeat015,lo_A_model_1_relaxed_repeat016
2.785,0.346708884163146,3.04,0.40902602482514877,lo_A_model_1_relaxed_repeat015,lo_A_model_1_relaxed_repeat041
2.787,0.3045141161328607,2.96,0.34402668991845936,lo_A_model_1_relaxed_repeat015,lo_A_model_1_relaxed_repeat057
2.793,0.3595016750494721,3.1100000000000003,0.4053739508863694,lo_A_model_1_relaxed_repeat015,lo_A_model_1_relaxed_repeat093
2.7969999999999997,0.33225414717031615,2.92,0.36322951358913985,lo_A_model_1_relaxed_repeat015,lo_A_model_1_relaxed_repeat030
2.801,0.33061571467012624,3.01,0.38657966067634875,lo_A_model_1_relaxed_repeat015,lo_A_model_1_relaxed_repeat060
2.8040000000000003,0.2947425544276868,2.87,0.34306833113583385,lo_A_model_1_relaxed_repeat015,lo_A_model_1_relaxed_repeat097
2.806,0.32075239649445875,3.04,0.3573156957618406,lo_A_model_1_relaxed_repeat015,lo_A_model_1_relaxed_repeat039
2.811,0.33995877474550695,3.05,0.390617976331705,lo_A_model_1_relaxed_repeat015,lo_A_model_1_relaxed_repeat020
2.811,0.3256414047130974,2.8,0.37806252557942904,lo_A_model_1_relaxed_repeat015,lo_A_model_1_relaxed_repeat069
2.825,0.3355471282105655,2.98,0.39387437631871636,lo_A_model_1_relaxed_repeat015,lo_A_model_1_relaxed_repeat079
2.831,0.32408160543511566,3.05,0.3788099353182955,lo_A_model_1_relaxed_repeat015,lo_A_model_1_relaxed_repeat037
2.8369999999999997,0.3312341974528472,3.05,0.36817816953309973,lo_A_model_1_relaxed_repeat015,lo_A_model_1_relaxed_repeat046
2.839,0.29108274170394005,3.04,0.3302625651593541,lo_A_model_1_relaxed_repeat015,lo_A_model_1_relaxed_repeat008
2.84,0.3297079077530702,2.83,0.386085894065772,lo_A_model_1_relaxed_repeat015,lo_A_model_1_relaxed_repeat076
2.84,0.3359755879645938,2.8200000000000003,0.3996516007760525,lo_A_model_1_relaxed_repeat015,lo_A_model_1_relaxed_repeat074
2.842,0.3202363518247779,3.0700000000000003,0.3621254613879114,lo_A_model_1_relaxed_repeat015,lo_A_model_1_relaxed_repeat024
2.842,0.3763673999465008,2.91,0.42609287239807314,lo_A_model_1_relaxed_repeat015,lo_A_model_1_relaxed_repeat087
2.8449999999999998,0.30990232943805085,3.05,0.3589164666644851,lo_A_model_1_relaxed_repeat015,lo_A_model_1_relaxed_repeat049
2.848,0.3158689615305199,2.94,0.3584058249194544,lo_A_model_1_relaxed_repeat015,lo_A_model_1_relaxed_repeat075
2.849,0.31160771760493755,2.91,0.3668287325540104,lo_A_model_1_relaxed_repeat015,lo_A_model_1_relaxed_repeat065
2.85,0.3362959507987052,2.94,0.4007353041311811,lo_A_model_1_relaxed_repeat015,lo_A_model_1_relaxed_repeat061
2.855,0.3432827548616559,2.99,0.4001286631412937,lo_A_model_1_relaxed_repeat015,lo_A_model_1_relaxed_repeat095
2.858,0.32855739694934394,2.9299999999999997,0.3897304376361033,lo_A_model_1_relaxed_repeat015,lo_A_model_1_relaxed_repeat086
2.859,0.32902132286720803,2.8499999999999996,0.38568509173377935,lo_A_model_1_relaxed_repeat015,lo_A_model_1_relaxed_repeat005
2.863,0.3355472139075026,3.04,0.38159367644862696,lo_A_model_1_relaxed_repeat015,lo_A_model_1_relaxed_repeat054
2.867,0.3277068026420173,3.05,0.3723708597951867,lo_A_model_1_relaxed_repeat015,lo_A_model_1_relaxed_repeat081
2.8899999999999997,0.34510082414693766,2.98,0.40562913214773444,lo_A_model_1_relaxed_repeat015,lo_A_model_1_relaxed_repeat083
2.902,0.29152922737673903,3.06,0.35190298116740415,lo_A_model_1_relaxed_repeat015,lo_A_model_1_relaxed_repeat010
2.902,0.3310617885960012,3.04,0.36772925756180014,lo_A_model_1_relaxed_repeat015,lo_A_model_1_relaxed_repeat096
2.9050000000000002,0.35608908844941106,3.02,0.38822036277291117,lo_A_model_1_relaxed_repeat015,lo_A_model_1_relaxed_repeat089
2.91,0.29908723948713417,2.9,0.34823688351268395,lo_A_model_1_relaxed_repeat015,lo_A_model_1_relaxed_repeat032
2.91,0.327454362708229,3.0300000000000002,0.39001903772176005,lo_A_model_1_relaxed_repeat015,lo_A_model_1_relaxed_repeat006
3.128,0.3829161037215207,3.05,0.4299762777500102,lo_A_model_1_relaxed_repeat015,lo_A_model_1_relaxed_repeat066
2.207,0.306228813812737,3.04,0.3411768742362103,lo_A_model_1_relaxed_repeat077,lo_A_model_1_relaxed_repeat029
2.3129999999999997,0.35347601270718576,2.87,0.41007850185349076,lo_A_model_1_relaxed_repeat077,lo_A_model_1_relaxed_repeat085
2.349,0.2994721120951779,2.99,0.3477614494895502,lo_A_model_1_relaxed_repeat077,lo_A_model_1_relaxed_repeat027
2.3609999999999998,0.29151916041142373,3.08,0.3315400833919861,lo_A_model_1_relaxed_repeat077,lo_A_model_1_relaxed_repeat036
2.37,0.27852179291273554,2.9299999999999997,0.3131710077808117,lo_A_model_1_relaxed_repeat077,lo_A_model_1_relaxed_repeat070
2.4240000000000004,0.2994290895775904,2.98,0.33424969892331846,lo_A_model_1_relaxed_repeat077,lo_A_model_1_relaxed_repeat009
2.4619999999999997,0.2990751920994578,2.7199999999999998,0.31685751345683544,lo_A_model_1_relaxed_repeat077,lo_A_model_1_relaxed_repeat042
2.495,0.28864284577612453,2.73,0.31937788238958664,lo_A_model_1_relaxed_repeat077,lo_A_model_1_relaxed_repeat045
2.53,0.2982411377590091,3.08,0.34171870569189283,lo_A_model_1_relaxed_repeat077,lo_A_model_1_relaxed_repeat044
2.558,0.3443645936947612,3.05,0.4027080718463264,lo_A_model_1_relaxed_repeat077,lo_A_model_1_relaxed_repeat067
2.569,0.29896235187690623,3.02,0.33957770627353784,lo_A_model_1_relaxed_repeat077,lo_A_model_1_relaxed_repeat014
2.581,0.3495743141944101,2.88,0.400241915401252,lo_A_model_1_relaxed_repeat077,lo_A_model_1_relaxed_repeat052
2.607,0.2983394025964906,3.0,0.3481577512313768,lo_A_model_1_relaxed_repeat077,lo_A_model_1_relaxed_repeat082
2.642,0.3037965714016898,3.0300000000000002,0.3386353155934801,lo_A_model_1_relaxed_repeat077,lo_A_model_1_relaxed_repeat022
2.6639999999999997,0.3276552101932911,3.04,0.38448657774913514,lo_A_model_1_relaxed_repeat077,lo_A_model_1_relaxed_repeat080
2.665,0.32140742620458596,3.05,0.35567192450724805,lo_A_model_1_relaxed_repeat077,lo_A_model_1_relaxed_repeat001
2.666,0.32383136650761873,2.9699999999999998,0.3765645094227487,lo_A_model_1_relaxed_repeat077,lo_A_model_1_relaxed_repeat064
2.7039999999999997,0.31863288754351843,2.98,0.3560391308001751,lo_A_model_1_relaxed_repeat077,lo_A_model_1_relaxed_repeat091
2.708,0.30264119891212754,2.9,0.32483538254179295,lo_A_model_1_relaxed_repeat077,lo_A_model_1_relaxed_repeat056
2.718,0.3228654507448767,3.0300000000000002,0.35722547910032254,lo_A_model_1_relaxed_repeat077,lo_A_model_1_relaxed_repeat073
2.718,0.30569292520557934,2.8899999999999997,0.336896336624341,lo_A_model_1_relaxed_repeat077,lo_A_model_1_relaxed_repeat033
2.729,0.3084253519265492,2.91,0.34336477764809775,lo_A_model_1_relaxed_repeat077,lo_A_model_1_relaxed_repeat048
2.758,0.2856257463058779,2.91,0.3203181090527422,lo_A_model_1_relaxed_repeat077,lo_A_model_1_relaxed_repeat053
2.768,0.3193060702893153,3.01,0.38238869737458026,lo_A_model_1_relaxed_repeat077,lo_A_model_1_relaxed_repeat050
2.768,0.3080574956089502,3.0300000000000002,0.32330522126068517,lo_A_model_1_relaxed_repeat077,lo_A_model_1_relaxed_repeat038
2.769,0.30330906394131324,2.99,0.3335132275658244,lo_A_model_1_relaxed_repeat077,lo_A_model_1_relaxed_repeat002
2.7750000000000004,0.3441304785486087,2.96,0.37008416473048833,lo_A_model_1_relaxed_repeat077,lo_A_model_1_relaxed_repeat003
2.778,0.2859179339424662,3.0300000000000002,0.3408314331283099,lo_A_model_1_relaxed_repeat077,lo_A_model_1_relaxed_repeat088
2.782,0.29799351655437173,3.01,0.3282120463257891,lo_A_model_1_relaxed_repeat077,lo_A_model_1_relaxed_repeat055
2.782,0.2854898603662833,2.92,0.2942037579909932,lo_A_model_1_relaxed_repeat077,lo_A_model_1_relaxed_repeat057
2.792,0.3433017345904595,3.0700000000000003,0.3578474831169062,lo_A_model_1_relaxed_repeat077,lo_A_model_1_relaxed_repeat030
2.7969999999999997,0.40060086772465353,3.02,0.4380551372720275,lo_A_model_1_relaxed_repeat077,lo_A_model_1_relaxed_repeat087
2.7969999999999997,0.2938938856507393,2.8899999999999997,0.3264903322503329,lo_A_model_1_relaxed_repeat077,lo_A_model_1_relaxed_repeat094
2.8,0.31297629294049634,2.8899999999999997,0.3550242289581844,lo_A_model_1_relaxed_repeat077,lo_A_model_1_relaxed_repeat063
2.801,0.2783227061440816,2.9,0.3056901944663043,lo_A_model_1_relaxed_repeat077,lo_A_model_1_relaxed_repeat011
2.801,0.3075313464372174,2.9299999999999997,0.33125875160517865,lo_A_model_1_relaxed_repeat077,lo_A_model_1_relaxed_repeat039
2.811,0.2982903828546548,3.0,0.32798299791936986,lo_A_model_1_relaxed_repeat077,lo_A_model_1_relaxed_repeat018
2.817,0.339179406108179,2.9,0.36896305222282,lo_A_model_1_relaxed_repeat077,lo_A_model_1_relaxed_repeat021
2.8179999999999996,0.3134496023587909,3.02,0.3270439414330131,lo_A_model_1_relaxed_repeat077,lo_A_model_1_relaxed_repeat071
2.822,0.29169059636149136,2.88,0.32289915246241235,lo_A_model_1_relaxed_repeat077,lo_A_model_1_relaxed_repeat078
2.8259999999999996,0.3125882897882332,3.05,0.3318576922371933,lo_A_model_1_relaxed_repeat077,lo_A_model_1_relaxed_repeat043
2.826,0.28814099582738106,3.0300000000000002,0.32167288941181615,lo_A_model_1_relaxed_repeat077,lo_A_model_1_relaxed_repeat037
2.827,0.3312679909547365,2.98,0.3619462570465202,lo_A_model_1_relaxed_repeat077,lo_A_model_1_relaxed_repeat031
2.832,0.3361151784160595,3.01,0.3636942072605086,lo_A_model_1_relaxed_repeat077,lo_A_model_1_relaxed_repeat059
2.832,0.28977920606723256,2.96,0.32415992450079406,lo_A_model_1_relaxed_repeat077,lo_A_model_1_relaxed_repeat062
2.832,0.32929057572576015,3.04,0.3700381993195445,lo_A_model_1_relaxed_repeat077,lo_A_model_1_relaxed_repeat046
2.834,0.2772372818426315,3.0300000000000002,0.3063250258454694,lo_A_model_1_relaxed_repeat077,lo_A_model_1_relaxed_repeat008
2.836,0.31180299849623744,2.8899999999999997,0.34187298631168705,lo_A_model_1_relaxed_repeat077,lo_A_model_1_relaxed_repeat019
2.837,0.31646925101554574,3.06,0.35213369648513637,lo_A_model_1_relaxed_repeat077,lo_A_model_1_relaxed_repeat024
2.84,0.29755854907690915,2.92,0.31891523039421665,lo_A_model_1_relaxed_repeat077,lo_A_model_1_relaxed_repeat049
2.841,0.35321988596307985,3.0,0.38446815912258975,lo_A_model_1_relaxed_repeat077,lo_A_model_1_relaxed_repeat093
2.8440000000000003,0.2791542069262708,3.02,0.3306392992505123,lo_A_model_1_relaxed_repeat077,lo_A_model_1_relaxed_repeat065
2.845,0.35083000093565164,3.02,0.3912405711954682,lo_A_model_1_relaxed_repeat077,lo_A_model_1_relaxed_repeat061
2.846,0.2996601632646264,3.0,0.31592098032308263,lo_A_model_1_relaxed_repeat077,lo_A_model_1_relaxed_repeat058
2.848,0.339089302090999,3.0,0.3601719109485602,lo_A_model_1_relaxed_repeat077,lo_A_model_1_relaxed_repeat013
2.852,0.27819659735718527,3.04,0.31310818928514933,lo_A_model_1_relaxed_repeat077,lo_A_model_1_relaxed_repeat007
2.858,0.3176490392874326,3.0300000000000002,0.3637852185901233,lo_A_model_1_relaxed_repeat077,lo_A_model_1_relaxed_repeat054
2.859,0.3358906649040294,3.02,0.37421670219310915,lo_A_model_1_relaxed_repeat077,lo_A_model_1_relaxed_repeat072
2.862,0.3028994233373233,3.06,0.34055063549521464,lo_A_model_1_relaxed_repeat077,lo_A_model_1_relaxed_repeat081
2.872,0.29974586231380895,3.0300000000000002,0.33532901870675963,lo_A_model_1_relaxed_repeat077,lo_A_model_1_relaxed_repeat084
2.875,0.3243057446652616,3.05,0.35333919070913594,lo_A_model_1_relaxed_repeat077,lo_A_model_1_relaxed_repeat100
2.879,0.3021343612468893,3.01,0.3554360597362079,lo_A_model_1_relaxed_repeat077,lo_A_model_1_relaxed_repeat099
2.884,0.3489359160843427,2.98,0.40119963171983547,lo_A_model_1_relaxed_repeat077,lo_A_model_1_relaxed_repeat098
2.885,0.3359223946415978,3.01,0.39401277366133397,lo_A_model_1_relaxed_repeat077,lo_A_model_1_relaxed_repeat083
2.891,0.3456072841387829,3.01,0.39765075510163955,lo_A_model_1_relaxed_repeat077,lo_A_model_1_relaxed_repeat068
2.893,0.29396478724047725,3.01,0.3441717058244747,lo_A_model_1_relaxed_repeat077,lo_A_model_1_relaxed_repeat097
2.8970000000000002,0.29077814845100575,3.06,0.3255260516462994,lo_A_model_1_relaxed_repeat077,lo_A_model_1_relaxed_repeat010
2.8970000000000002,0.2803752844725467,3.0300000000000002,0.3261413106407064,lo_A_model_1_relaxed_repeat077,lo_A_model_1_relaxed_repeat096
2.901,0.3251668329362236,2.9299999999999997,0.35879268225704064,lo_A_model_1_relaxed_repeat077,lo_A_model_1_relaxed_repeat035
2.903,0.29884784766081574,3.0300000000000002,0.33107117949790565,lo_A_model_1_relaxed_repeat077,lo_A_model_1_relaxed_repeat051
2.9050000000000002,0.3050279885842322,3.02,0.3361948988522969,lo_A_model_1_relaxed_repeat077,lo_A_model_1_relaxed_repeat006
2.9050000000000002,0.29223115862537785,2.99,0.3237232874072055,lo_A_model_1_relaxed_repeat077,lo_A_model_1_relaxed_repeat032
2.9059999999999997,0.35176278951281487,3.0300000000000002,0.40588355377801133,lo_A_model_1_relaxed_repeat077,lo_A_model_1_relaxed_repeat028
2.913,0.3007142265770083,2.83,0.31181218440029956,lo_A_model_1_relaxed_repeat077,lo_A_model_1_relaxed_repeat034
2.921,0.30585494144682246,3.04,0.333797630862022,lo_A_model_1_relaxed_repeat077,lo_A_model_1_relaxed_repeat075
2.9219999999999997,0.3501748049066585,4.51,0.3992415556307851,lo_A_model_1_relaxed_repeat077,lo_A_model_1_relaxed_repeat040
2.926,0.3307212545509149,3.0,0.35932033281415715,lo_A_model_1_relaxed_repeat077,lo_A_model_1_relaxed_repeat023
2.926,0.3340910209814523,3.05,0.35219820632409715,lo_A_model_1_relaxed_repeat077,lo_A_model_1_relaxed_repeat089
2.932,0.29643404021853853,2.92,0.3254996819022331,lo_A_model_1_relaxed_repeat077,lo_A_model_1_relaxed_repeat026
2.942,0.36155623413722343,3.0700000000000003,0.41975461187663254,lo_A_model_1_relaxed_repeat077,lo_A_model_1_relaxed_repeat066
2.944,0.30706064883030165,3.01,0.3387306947235895,lo_A_model_1_relaxed_repeat077,lo_A_model_1_relaxed_repeat090
2.95,0.3369686549101987,3.0300000000000002,0.39222012154938163,lo_A_model_1_relaxed_repeat077,lo_A_model_1_relaxed_repeat012
2.957,0.31684917502476945,2.9699999999999998,0.35271337356453225,lo_A_model_1_relaxed_repeat077,lo_A_model_1_relaxed_repeat025
2.9619999999999997,0.29891722195182924,2.9299999999999997,0.33557939987349694,lo_A_model_1_relaxed_repeat077,lo_A_model_1_relaxed_repeat092
2.9859999999999998,0.32211439379443524,2.8200000000000003,0.3500801870129982,lo_A_model_1_relaxed_repeat077,lo_A_model_1_relaxed_repeat017
2.99,0.29717253409670824,3.04,0.3352360430770661,lo_A_model_1_relaxed_repeat077,lo_A_model_1_relaxed_repeat020
2.9989999999999997,0.3016361904949554,3.0300000000000002,0.3380715739711411,lo_A_model_1_relaxed_repeat077,lo_A_model_1_relaxed_repeat016
3.01,0.300013470369971,3.0300000000000002,0.34157779995071436,lo_A_model_1_relaxed_repeat077,lo_A_model_1_relaxed_repeat041
3.016,0.3143709339620501,2.99,0.3548356326248218,lo_A_model_1_relaxed_repeat077,lo_A_model_1_relaxed_repeat060
3.036,0.3050890134889246,2.95,0.33824659381291217,lo_A_model_1_relaxed_repeat077,lo_A_model_1_relaxed_repeat069
3.05,0.30387851414518335,2.9699999999999998,0.34419947139518786,lo_A_model_1_relaxed_repeat077,lo_A_model_1_relaxed_repeat079
3.065,0.3168803658125289,2.9699999999999998,0.33822544563410956,lo_A_model_1_relaxed_repeat077,lo_A_model_1_relaxed_repeat076
3.065,0.3235616667923651,3.01,0.38751942126788913,lo_A_model_1_relaxed_repeat077,lo_A_model_1_relaxed_repeat074
3.08,0.3328668570046162,3.06,0.369075634571472,lo_A_model_1_relaxed_repeat077,lo_A_model_1_relaxed_repeat095
3.083,0.31958015376132415,2.98,0.3547970465012478,lo_A_model_1_relaxed_repeat077,lo_A_model_1_relaxed_repeat086
3.0839999999999996,0.29941372948147,2.73,0.33108660571881965,lo_A_model_1_relaxed_repeat077,lo_A_model_1_relaxed_repeat005
2.154,0.2961111277882005,2.9699999999999998,0.34461543742826867,lo_A_model_1_relaxed_repeat006,lo_A_model_1_relaxed_repeat071
2.238,0.28608475539169337,2.95,0.3461635228462933,lo_A_model_1_relaxed_repeat006,lo_A_model_1_relaxed_repeat010
2.294,0.3049567036977315,3.0,0.3214222239762028,lo_A_model_1_relaxed_repeat006,lo_A_model_1_relaxed_repeat001
2.294,0.2968742198845258,3.08,0.34929673879245476,lo_A_model_1_relaxed_repeat006,lo_A_model_1_relaxed_repeat011
2.336,0.3307875429477127,3.04,0.3919105471495962,lo_A_model_1_relaxed_repeat006,lo_A_model_1_relaxed_repeat012
2.346,0.25129551993715765,3.0700000000000003,0.2800161961389788,lo_A_model_1_relaxed_repeat006,lo_A_model_1_relaxed_repeat048
2.347,0.3163431938718026,3.05,0.3603874484753846,lo_A_model_1_relaxed_repeat006,lo_A_model_1_relaxed_repeat049
2.3659999999999997,0.33397118770983036,2.86,0.3669666479994059,lo_A_model_1_relaxed_repeat006,lo_A_model_1_relaxed_repeat041
2.4219999999999997,0.30068487109003683,2.82,0.3467125808705326,lo_A_model_1_relaxed_repeat006,lo_A_model_1_relaxed_repeat088
2.427,0.28897046594069087,2.9299999999999997,0.3401998907484188,lo_A_model_1_relaxed_repeat006,lo_A_model_1_relaxed_repeat008
2.431,0.26836043119290687,3.01,0.30588294768163105,lo_A_model_1_relaxed_repeat006,lo_A_model_1_relaxed_repeat037
2.4400000000000004,0.27706783848809213,3.0300000000000002,0.3118810895518172,lo_A_model_1_relaxed_repeat006,lo_A_model_1_relaxed_repeat095
2.471,0.2909484928040527,3.0700000000000003,0.33634916117932745,lo_A_model_1_relaxed_repeat006,lo_A_model_1_relaxed_repeat039
2.498,0.24851819736309222,2.8,0.2745479833032988,lo_A_model_1_relaxed_repeat006,lo_A_model_1_relaxed_repeat090
2.509,0.30545084059941596,2.9299999999999997,0.34118458959542164,lo_A_model_1_relaxed_repeat006,lo_A_model_1_relaxed_repeat022
2.5140000000000002,0.2460223915975576,2.9,0.2733186080684081,lo_A_model_1_relaxed_repeat006,lo_A_model_1_relaxed_repeat019
2.527,0.2905424500956483,3.06,0.3041394906236206,lo_A_model_1_relaxed_repeat006,lo_A_model_1_relaxed_repeat100
2.572,0.34813449048045886,2.95,0.40258598989045824,lo_A_model_1_relaxed_repeat006,lo_A_model_1_relaxed_repeat067
2.5730000000000004,0.2868247579515457,3.08,0.3443451623648326,lo_A_model_1_relaxed_repeat006,lo_A_model_1_relaxed_repeat075
2.583,0.34043589789011097,2.88,0.39598731211881577,lo_A_model_1_relaxed_repeat006,lo_A_model_1_relaxed_repeat050
2.59,0.31204014222156384,3.08,0.3558600776285328,lo_A_model_1_relaxed_repeat006,lo_A_model_1_relaxed_repeat030
2.599,0.3363238914242867,3.0700000000000003,0.3831692626425672,lo_A_model_1_relaxed_repeat006,lo_A_model_1_relaxed_repeat017
2.608,0.3265600992563594,3.0700000000000003,0.37259047542150237,lo_A_model_1_relaxed_repeat006,lo_A_model_1_relaxed_repeat057
2.617,0.3042623223488976,2.9299999999999997,0.34815339555767727,lo_A_model_1_relaxed_repeat006,lo_A_model_1_relaxed_repeat043
2.625,0.3008287470473384,3.04,0.3463949634050546,lo_A_model_1_relaxed_repeat006,lo_A_model_1_relaxed_repeat026
2.63,0.33793411925351796,3.04,0.3682711416368623,lo_A_model_1_relaxed_repeat006,lo_A_model_1_relaxed_repeat045
2.645,0.3064881992981343,3.06,0.3621016779563813,lo_A_model_1_relaxed_repeat006,lo_A_model_1_relaxed_repeat089
2.649,0.27547160290259043,3.04,0.309193745946112,lo_A_model_1_relaxed_repeat006,lo_A_model_1_relaxed_repeat056
2.65,0.30961365005970004,3.05,0.36012178038766984,lo_A_model_1_relaxed_repeat006,lo_A_model_1_relaxed_repeat024
2.663,0.3681722877626653,3.0700000000000003,0.4153240629354611,lo_A_model_1_relaxed_repeat006,lo_A_model_1_relaxed_repeat052
2.672,0.2756393416006764,2.98,0.3042713099240848,lo_A_model_1_relaxed_repeat006,lo_A_model_1_relaxed_repeat023
2.672,0.32327708786191556,3.0700000000000003,0.3639583682900488,lo_A_model_1_relaxed_repeat006,lo_A_model_1_relaxed_repeat034
2.674,0.29240108215758054,2.9299999999999997,0.3350113272912541,lo_A_model_1_relaxed_repeat006,lo_A_model_1_relaxed_repeat038
2.68,0.2501724172255735,3.01,0.27725075803795024,lo_A_model_1_relaxed_repeat006,lo_A_model_1_relaxed_repeat078
2.6820000000000004,0.30168903639030636,3.01,0.33536860766072285,lo_A_model_1_relaxed_repeat006,lo_A_model_1_relaxed_repeat058
2.6820000000000004,0.29235542481814986,2.91,0.345672490476736,lo_A_model_1_relaxed_repeat006,lo_A_model_1_relaxed_repeat074
2.6879999999999997,0.30492000170405165,3.0700000000000003,0.3550028309947769,lo_A_model_1_relaxed_repeat006,lo_A_model_1_relaxed_repeat014
2.688,0.26719793341700376,3.02,0.31447574285932484,lo_A_model_1_relaxed_repeat006,lo_A_model_1_relaxed_repeat060
2.697,0.268627068367653,3.05,0.29501848830307137,lo_A_model_1_relaxed_repeat006,lo_A_model_1_relaxed_repeat070
2.697,0.31096234172086895,3.05,0.35598138544187374,lo_A_model_1_relaxed_repeat006,lo_A_model_1_relaxed_repeat007
2.7,0.2640731939979311,3.0,0.3089290189827931,lo_A_model_1_relaxed_repeat006,lo_A_model_1_relaxed_repeat065
2.701,0.31429206048624964,3.01,0.356207692063985,lo_A_model_1_relaxed_repeat006,lo_A_model_1_relaxed_repeat046
2.705,0.25038986139529795,3.04,0.29825635390824123,lo_A_model_1_relaxed_repeat006,lo_A_model_1_relaxed_repeat076
2.705,0.27341176375716014,2.9699999999999998,0.27511776643416785,lo_A_model_1_relaxed_repeat006,lo_A_model_1_relaxed_repeat009
2.7199999999999998,0.2731451274653878,2.98,0.31258953509915366,lo_A_model_1_relaxed_repeat006,lo_A_model_1_relaxed_repeat084
2.7220000000000004,0.27511853447458773,2.87,0.31029659538924587,lo_A_model_1_relaxed_repeat006,lo_A_model_1_relaxed_repeat079
2.726,0.3713864096006362,2.92,0.41197576911119904,lo_A_model_1_relaxed_repeat006,lo_A_model_1_relaxed_repeat072
2.7279999999999998,0.30115116190643626,3.08,0.34996312906137994,lo_A_model_1_relaxed_repeat006,lo_A_model_1_relaxed_repeat032
2.742,0.24666195757790857,2.99,0.2748548843284377,lo_A_model_1_relaxed_repeat006,lo_A_model_1_relaxed_repeat086
2.7439999999999998,0.2829051540362203,2.9699999999999998,0.2969579672862204,lo_A_model_1_relaxed_repeat006,lo_A_model_1_relaxed_repeat002
2.747,0.35306057953035747,3.0700000000000003,0.41108934456290847,lo_A_model_1_relaxed_repeat006,lo_A_model_1_relaxed_repeat083
2.7489999999999997,0.32480008113278336,3.0700000000000003,0.37097686457330586,lo_A_model_1_relaxed_repeat006,lo_A_model_1_relaxed_repeat033
2.752,0.35645334855990735,3.0700000000000003,0.3800352366766532,lo_A_model_1_relaxed_repeat006,lo_A_model_1_relaxed_repeat042
2.7729999999999997,0.31565664147548406,2.88,0.34933970005883386,lo_A_model_1_relaxed_repeat006,lo_A_model_1_relaxed_repeat029
2.7809999999999997,0.26766038311019297,2.83,0.2882735844880534,lo_A_model_1_relaxed_repeat006,lo_A_model_1_relaxed_repeat016
2.7830000000000004,0.2884441521307484,2.98,0.3191180622045371,lo_A_model_1_relaxed_repeat006,lo_A_model_1_relaxed_repeat059
2.7889999999999997,0.3641634853509438,4.46,0.4160402616150178,lo_A_model_1_relaxed_repeat006,lo_A_model_1_relaxed_repeat040
2.7960000000000003,0.2818094862708093,2.98,0.29862622989085685,lo_A_model_1_relaxed_repeat006,lo_A_model_1_relaxed_repeat031
2.802,0.27931468452264674,3.02,0.2970398064873702,lo_A_model_1_relaxed_repeat006,lo_A_model_1_relaxed_repeat013
2.803,0.25685114842326856,2.8,0.27715115205834434,lo_A_model_1_relaxed_repeat006,lo_A_model_1_relaxed_repeat027
2.823,0.39339560259751444,2.94,0.44192717504138307,lo_A_model_1_relaxed_repeat006,lo_A_model_1_relaxed_repeat066
2.8259999999999996,0.29124894198755436,3.0300000000000002,0.32035723086081086,lo_A_model_1_relaxed_repeat006,lo_A_model_1_relaxed_repeat025
2.8280000000000003,0.29629994324372977,3.0,0.3331851745126446,lo_A_model_1_relaxed_repeat006,lo_A_model_1_relaxed_repeat003
2.831,0.31061517253303217,3.0700000000000003,0.34966843072390924,lo_A_model_1_relaxed_repeat006,lo_A_model_1_relaxed_repeat036
2.832,0.3737771401526788,3.05,0.4170436520621335,lo_A_model_1_relaxed_repeat006,lo_A_model_1_relaxed_repeat093
2.841,0.30457136183366484,3.0700000000000003,0.3518920451572063,lo_A_model_1_relaxed_repeat006,lo_A_model_1_relaxed_repeat097
2.856,0.2948526559116268,2.98,0.3147788469078856,lo_A_model_1_relaxed_repeat006,lo_A_model_1_relaxed_repeat021
2.8609999999999998,0.39007675485487675,3.05,0.45083111931209924,lo_A_model_1_relaxed_repeat006,lo_A_model_1_relaxed_repeat087
2.867,0.26287297802381154,2.96,0.284998757620965,lo_A_model_1_relaxed_repeat006,lo_A_model_1_relaxed_repeat092
2.867,0.3418250123320322,3.0700000000000003,0.3856409116425214,lo_A_model_1_relaxed_repeat006,lo_A_model_1_relaxed_repeat035
2.867,0.3771259364720793,3.05,0.41985582374486,lo_A_model_1_relaxed_repeat006,lo_A_model_1_relaxed_repeat098
2.87,0.3802756221268688,3.0700000000000003,0.43179566512815076,lo_A_model_1_relaxed_repeat006,lo_A_model_1_relaxed_repeat028
2.873,0.34921065579004096,2.98,0.4067779110960315,lo_A_model_1_relaxed_repeat006,lo_A_model_1_relaxed_repeat061
2.875,0.3007322950810588,2.99,0.35179893301484905,lo_A_model_1_relaxed_repeat006,lo_A_model_1_relaxed_repeat096
2.883,0.25438232184103526,3.01,0.28839841897740964,lo_A_model_1_relaxed_repeat006,lo_A_model_1_relaxed_repeat005
2.883,0.31533125893452163,3.0700000000000003,0.35988346548119227,lo_A_model_1_relaxed_repeat006,lo_A_model_1_relaxed_repeat062
2.884,0.27222670063370213,3.02,0.2910389853389481,lo_A_model_1_relaxed_repeat006,lo_A_model_1_relaxed_repeat055
2.886,0.34207160775995316,3.0700000000000003,0.37864440836071067,lo_A_model_1_relaxed_repeat006,lo_A_model_1_relaxed_repeat018
2.891,0.266731689676235,3.02,0.29544912587444117,lo_A_model_1_relaxed_repeat006,lo_A_model_1_relaxed_repeat069
2.8970000000000002,0.3058235575536858,2.96,0.3473659311572673,lo_A_model_1_relaxed_repeat006,lo_A_model_1_relaxed_repeat020
2.901,0.3475817446900426,3.0700000000000003,0.4001906198161586,lo_A_model_1_relaxed_repeat006,lo_A_model_1_relaxed_repeat064
2.9050000000000002,0.34400646806641694,3.02,0.3915891470480724,lo_A_model_1_relaxed_repeat006,lo_A_model_1_relaxed_repeat091
2.91,0.3177204073153101,3.0700000000000003,0.37052949006022695,lo_A_model_1_relaxed_repeat006,lo_A_model_1_relaxed_repeat063
2.9109999999999996,0.3081024345203518,3.02,0.34422856465004475,lo_A_model_1_relaxed_repeat006,lo_A_model_1_relaxed_repeat053
2.92,0.3260846691350596,3.0,0.3607308588180065,lo_A_model_1_relaxed_repeat006,lo_A_model_1_relaxed_repeat068
2.9219999999999997,0.3127983535990977,3.0700000000000003,0.37301175348820226,lo_A_model_1_relaxed_repeat006,lo_A_model_1_relaxed_repeat099
2.923,0.31087031092497763,2.9299999999999997,0.3607057935879281,lo_A_model_1_relaxed_repeat006,lo_A_model_1_relaxed_repeat054
2.928,0.29649907275244813,3.01,0.34507854012602385,lo_A_model_1_relaxed_repeat006,lo_A_model_1_relaxed_repeat051
2.9299999999999997,0.32632343943465586,3.04,0.3666775781963377,lo_A_model_1_relaxed_repeat006,lo_A_model_1_relaxed_repeat081
2.9379999999999997,0.3153084717096937,3.0700000000000003,0.35446314360124076,lo_A_model_1_relaxed_repeat006,lo_A_model_1_relaxed_repeat094
3.025,0.3430480019131363,2.88,0.3826003192521479,lo_A_model_1_relaxed_repeat006,lo_A_model_1_relaxed_repeat080
3.034,0.3518745155280666,2.84,0.38220806413764413,lo_A_model_1_relaxed_repeat006,lo_A_model_1_relaxed_repeat073
3.035,0.3807615033858571,3.0700000000000003,0.42671191864822816,lo_A_model_1_relaxed_repeat006,lo_A_model_1_relaxed_repeat085
3.04,0.3228916085067293,2.8899999999999997,0.36018573336250104,lo_A_model_1_relaxed_repeat006,lo_A_model_1_relaxed_repeat082
3.058,0.34344938716652906,3.0700000000000003,0.3919005450315096,lo_A_model_1_relaxed_repeat006,lo_A_model_1_relaxed_repeat044
2.2039999999999997,0.35248130014624846,4.5600000000000005,0.40935613633110635,lo_A_model_1_relaxed_repeat040,lo_A_model_1_relaxed_repeat046
2.249,0.35951909462383447,4.58,0.42192267189457267,lo_A_model_1_relaxed_repeat040,lo_A_model_1_relaxed_repeat063
2.261,0.33544950902398846,4.52,0.3952573635049246,lo_A_model_1_relaxed_repeat040,lo_A_model_1_relaxed_repeat007
2.3369999999999997,0.34652757457780387,4.6,0.418421893857075,lo_A_model_1_relaxed_repeat040,lo_A_model_1_relaxed_repeat053
2.338,0.34397605632478206,4.28,0.420108167827347,lo_A_model_1_relaxed_repeat040,lo_A_model_1_relaxed_repeat060
2.3520000000000003,0.34631396234489514,4.59,0.3959689587695137,lo_A_model_1_relaxed_repeat040,lo_A_model_1_relaxed_repeat008
2.3529999999999998,0.3441080664172093,4.5,0.40258140576653023,lo_A_model_1_relaxed_repeat040,lo_A_model_1_relaxed_repeat032
2.3659999999999997,0.37054344925061955,4.45,0.4220538039726482,lo_A_model_1_relaxed_repeat040,lo_A_model_1_relaxed_repeat049
2.367,0.3636277860803932,4.09,0.4136411470941749,lo_A_model_1_relaxed_repeat040,lo_A_model_1_relaxed_repeat084
2.372,0.35633822201560383,4.5,0.4199758150949454,lo_A_model_1_relaxed_repeat040,lo_A_model_1_relaxed_repeat029
2.418,0.3298573290238215,4.11,0.3923397041986714,lo_A_model_1_relaxed_repeat040,lo_A_model_1_relaxed_repeat048
2.425,0.30618177859739526,4.54,0.38067438840260037,lo_A_model_1_relaxed_repeat040,lo_A_model_1_relaxed_repeat092
2.435,0.34391632878029615,4.5600000000000005,0.410589756932457,lo_A_model_1_relaxed_repeat040,lo_A_model_1_relaxed_repeat011
2.44,0.3332293105213855,4.52,0.3952378903719807,lo_A_model_1_relaxed_repeat040,lo_A_model_1_relaxed_repeat069
2.492,0.3337602002106231,4.36,0.39864107505861873,lo_A_model_1_relaxed_repeat040,lo_A_model_1_relaxed_repeat079
2.497,0.35318389962283064,4.17,0.427508401644219,lo_A_model_1_relaxed_repeat040,lo_A_model_1_relaxed_repeat014
2.498,0.35388291105298686,4.53,0.40911604350469166,lo_A_model_1_relaxed_repeat040,lo_A_model_1_relaxed_repeat017
2.498,0.34091136921421905,2.94,0.4013306907265219,lo_A_model_1_relaxed_repeat040,lo_A_model_1_relaxed_repeat068
2.5060000000000002,0.3820922309618103,3.84,0.4162296878837724,lo_A_model_1_relaxed_repeat040,lo_A_model_1_relaxed_repeat098
2.5060000000000002,0.32605283412934294,4.43,0.3969739255517347,lo_A_model_1_relaxed_repeat040,lo_A_model_1_relaxed_repeat070
2.508,0.32736269998131395,4.55,0.37806490953618493,lo_A_model_1_relaxed_repeat040,lo_A_model_1_relaxed_repeat016
2.511,0.34005450333152704,4.5600000000000005,0.4028054337437679,lo_A_model_1_relaxed_repeat040,lo_A_model_1_relaxed_repeat005
2.516,0.3801091063906352,4.52,0.43453690015528773,lo_A_model_1_relaxed_repeat040,lo_A_model_1_relaxed_repeat061
2.517,0.34181796643028445,3.61,0.40995851006094225,lo_A_model_1_relaxed_repeat040,lo_A_model_1_relaxed_repeat080
2.518,0.347361116223992,4.5600000000000005,0.40464714666573526,lo_A_model_1_relaxed_repeat040,lo_A_model_1_relaxed_repeat024
2.52,0.3511892128656435,3.0,0.3970588220333436,lo_A_model_1_relaxed_repeat040,lo_A_model_1_relaxed_repeat073
2.5220000000000002,0.3313961444826547,4.5600000000000005,0.4033296326341534,lo_A_model_1_relaxed_repeat040,lo_A_model_1_relaxed_repeat088
2.54,0.3373387696271542,4.41,0.398413987321324,lo_A_model_1_relaxed_repeat040,lo_A_model_1_relaxed_repeat056
2.56,0.3409346028690493,4.51,0.40376539598242805,lo_A_model_1_relaxed_repeat040,lo_A_model_1_relaxed_repeat022
2.569,0.36940986576841534,4.46,0.41324661049701,lo_A_model_1_relaxed_repeat040,lo_A_model_1_relaxed_repeat051
2.574,0.3245698251342794,4.11,0.4018851144387401,lo_A_model_1_relaxed_repeat040,lo_A_model_1_relaxed_repeat078
2.58,0.36835814195415834,4.21,0.41655161787904965,lo_A_model_1_relaxed_repeat040,lo_A_model_1_relaxed_repeat030
2.5940000000000003,0.34049392592356775,4.57,0.4128178057842614,lo_A_model_1_relaxed_repeat040,lo_A_model_1_relaxed_repeat044
2.598,0.33985641544443596,4.5600000000000005,0.4070511562160511,lo_A_model_1_relaxed_repeat040,lo_A_model_1_relaxed_repeat054
2.599,0.33896341563474025,4.32,0.40876610449390094,lo_A_model_1_relaxed_repeat040,lo_A_model_1_relaxed_repeat095
2.607,0.3520861734485174,4.59,0.40097895228013375,lo_A_model_1_relaxed_repeat040,lo_A_model_1_relaxed_repeat038
2.6109999999999998,0.37627545156526454,4.58,0.43555164567649396,lo_A_model_1_relaxed_repeat040,lo_A_model_1_relaxed_repeat052
2.6260000000000003,0.33653343232576666,4.2,0.3885979346220986,lo_A_model_1_relaxed_repeat040,lo_A_model_1_relaxed_repeat058
2.632,0.34902311207295034,4.43,0.40778185000805794,lo_A_model_1_relaxed_repeat040,lo_A_model_1_relaxed_repeat023
2.64,0.35946999731543255,4.5600000000000005,0.41476342430378343,lo_A_model_1_relaxed_repeat040,lo_A_model_1_relaxed_repeat036
2.643,0.3625961136456116,4.07,0.40471682464966346,lo_A_model_1_relaxed_repeat040,lo_A_model_1_relaxed_repeat100
2.644,0.32940840803581867,4.09,0.4097503339773669,lo_A_model_1_relaxed_repeat040,lo_A_model_1_relaxed_repeat035
2.6470000000000002,0.33973096188952306,3.79,0.4042123692874558,lo_A_model_1_relaxed_repeat040,lo_A_model_1_relaxed_repeat076
2.648,0.35363120869015036,4.48,0.41618778775705517,lo_A_model_1_relaxed_repeat040,lo_A_model_1_relaxed_repeat033
2.668,0.39056206553968675,3.06,0.441000877507975,lo_A_model_1_relaxed_repeat040,lo_A_model_1_relaxed_repeat087
2.67,0.33569201302812174,4.55,0.414316784249704,lo_A_model_1_relaxed_repeat040,lo_A_model_1_relaxed_repeat097
2.675,0.34821228088739364,4.3,0.414915507540645,lo_A_model_1_relaxed_repeat040,lo_A_model_1_relaxed_repeat081
2.675,0.3392755316982879,4.43,0.3883951058214266,lo_A_model_1_relaxed_repeat040,lo_A_model_1_relaxed_repeat045
2.675,0.34898134247589857,4.140000000000001,0.4021419047898177,lo_A_model_1_relaxed_repeat040,lo_A_model_1_relaxed_repeat031
2.676,0.3433467414079814,4.55,0.3966290000269456,lo_A_model_1_relaxed_repeat040,lo_A_model_1_relaxed_repeat002
2.6769999999999996,0.35308089667869,4.5,0.4189333481767622,lo_A_model_1_relaxed_repeat040,lo_A_model_1_relaxed_repeat020
2.6870000000000003,0.35121835400337664,3.45,0.40400502128637783,lo_A_model_1_relaxed_repeat040,lo_A_model_1_relaxed_repeat074
2.6900000000000004,0.34343264421991077,4.29,0.4086385855034149,lo_A_model_1_relaxed_repeat040,lo_A_model_1_relaxed_repeat043
2.694,0.3259903475931324,4.42,0.40468751964334,lo_A_model_1_relaxed_repeat040,lo_A_model_1_relaxed_repeat025
2.6980000000000004,0.36450222941754096,3.0,0.4199698878775611,lo_A_model_1_relaxed_repeat040,lo_A_model_1_relaxed_repeat050
2.702,0.33760943226658346,4.15,0.40194441569042977,lo_A_model_1_relaxed_repeat040,lo_A_model_1_relaxed_repeat059
2.7030000000000003,0.3320578784201438,4.0600000000000005,0.3936664528617174,lo_A_model_1_relaxed_repeat040,lo_A_model_1_relaxed_repeat034
2.709,0.35394488348277303,4.57,0.41523098006980186,lo_A_model_1_relaxed_repeat040,lo_A_model_1_relaxed_repeat039
2.71,0.3469226041584905,2.99,0.3959026194914245,lo_A_model_1_relaxed_repeat040,lo_A_model_1_relaxed_repeat012
2.7199999999999998,0.33914556865481443,4.41,0.39805809023882177,lo_A_model_1_relaxed_repeat040,lo_A_model_1_relaxed_repeat026
2.729,0.3382498319053198,4.390000000000001,0.40025338898430224,lo_A_model_1_relaxed_repeat040,lo_A_model_1_relaxed_repeat057
2.732,0.3380601321255748,4.55,0.3970151148641764,lo_A_model_1_relaxed_repeat040,lo_A_model_1_relaxed_repeat010
2.733,0.3484675324518834,4.54,0.40151636756073866,lo_A_model_1_relaxed_repeat040,lo_A_model_1_relaxed_repeat019
2.7350000000000003,0.3441154944689638,4.47,0.40641465959839673,lo_A_model_1_relaxed_repeat040,lo_A_model_1_relaxed_repeat062
2.7350000000000003,0.39138200790113836,4.03,0.4496306861571969,lo_A_model_1_relaxed_repeat040,lo_A_model_1_relaxed_repeat089
2.741,0.3697764131311711,4.27,0.4246360387191754,lo_A_model_1_relaxed_repeat040,lo_A_model_1_relaxed_repeat003
2.748,0.3590947010077502,4.58,0.4101360603297796,lo_A_model_1_relaxed_repeat040,lo_A_model_1_relaxed_repeat096
2.748,0.34888774998371347,4.57,0.4027952049244844,lo_A_model_1_relaxed_repeat040,lo_A_model_1_relaxed_repeat071
2.7510000000000003,0.3471070248428847,4.57,0.39869752178433104,lo_A_model_1_relaxed_repeat040,lo_A_model_1_relaxed_repeat090
2.768,0.37096131546018946,4.24,0.41599191144331893,lo_A_model_1_relaxed_repeat040,lo_A_model_1_relaxed_repeat042
2.7800000000000002,0.34174162867952185,4.3100000000000005,0.3968218520449346,lo_A_model_1_relaxed_repeat040,lo_A_model_1_relaxed_repeat027
2.782,0.34154604353869844,4.59,0.4145577646122264,lo_A_model_1_relaxed_repeat040,lo_A_model_1_relaxed_repeat094
2.8040000000000003,0.3372114668728778,4.58,0.387744292831949,lo_A_model_1_relaxed_repeat040,lo_A_model_1_relaxed_repeat009
2.8129999999999997,0.36178391301145074,4.12,0.42964489446075643,lo_A_model_1_relaxed_repeat040,lo_A_model_1_relaxed_repeat021
2.816,0.3790500070813657,3.08,0.4356270865225901,lo_A_model_1_relaxed_repeat040,lo_A_model_1_relaxed_repeat085
2.8200000000000003,0.3289858913968765,4.6,0.39837933483126464,lo_A_model_1_relaxed_repeat040,lo_A_model_1_relaxed_repeat055
2.852,0.3470802024788935,3.08,0.425313416371883,lo_A_model_1_relaxed_repeat040,lo_A_model_1_relaxed_repeat083
2.872,0.3273538687182525,4.38,0.38431109983869505,lo_A_model_1_relaxed_repeat040,lo_A_model_1_relaxed_repeat018
2.873,0.3371745743116343,4.11,0.41230046546146715,lo_A_model_1_relaxed_repeat040,lo_A_model_1_relaxed_repeat064
2.874,0.37596661077513205,2.99,0.4351180590620073,lo_A_model_1_relaxed_repeat040,lo_A_model_1_relaxed_repeat066
2.877,0.3547488744851741,3.59,0.41882672145377686,lo_A_model_1_relaxed_repeat040,lo_A_model_1_relaxed_repeat091
2.88,0.3414563495186602,4.59,0.3984241131794159,lo_A_model_1_relaxed_repeat040,lo_A_model_1_relaxed_repeat086
2.885,0.33683198819137655,4.57,0.39624507235758544,lo_A_model_1_relaxed_repeat040,lo_A_model_1_relaxed_repeat099
2.886,0.34297561611213184,4.5,0.3995267944876674,lo_A_model_1_relaxed_repeat040,lo_A_model_1_relaxed_repeat075
2.887,0.3563364498927587,4.59,0.4149675685829912,lo_A_model_1_relaxed_repeat040,lo_A_model_1_relaxed_repeat041
2.8890000000000002,0.36072968808844025,4.58,0.4086476878205568,lo_A_model_1_relaxed_repeat040,lo_A_model_1_relaxed_repeat037
2.896,0.33403836826558353,4.58,0.38633715178556854,lo_A_model_1_relaxed_repeat040,lo_A_model_1_relaxed_repeat082
2.896,0.3632054731646631,4.6,0.44575056055125684,lo_A_model_1_relaxed_repeat040,lo_A_model_1_relaxed_repeat028
2.906,0.363932255246984,4.1899999999999995,0.41710367926461656,lo_A_model_1_relaxed_repeat040,lo_A_model_1_relaxed_repeat013
2.932,0.3711427024466454,4.45,0.41944752136109426,lo_A_model_1_relaxed_repeat040,lo_A_model_1_relaxed_repeat001
2.934,0.3553900237143003,4.33,0.4137218972903996,lo_A_model_1_relaxed_repeat040,lo_A_model_1_relaxed_repeat093
2.936,0.355500977585685,4.5600000000000005,0.40992626434902574,lo_A_model_1_relaxed_repeat040,lo_A_model_1_relaxed_repeat065
2.949,0.3551089030807455,2.87,0.40105793572894033,lo_A_model_1_relaxed_repeat040,lo_A_model_1_relaxed_repeat072
3.396,0.3571145286210258,2.8899999999999997,0.4126833922759334,lo_A_model_1_relaxed_repeat040,lo_A_model_1_relaxed_repeat067
2.3049999999999997,0.31623731287494106,3.01,0.364258629369436,lo_A_model_1_relaxed_repeat045,lo_A_model_1_relaxed_repeat027
2.378,0.31076972462797997,2.9699999999999998,0.3394187997184142,lo_A_model_1_relaxed_repeat045,lo_A_model_1_relaxed_repeat011
2.39,0.3185357522554571,3.06,0.3587058681662993,lo_A_model_1_relaxed_repeat045,lo_A_model_1_relaxed_repeat036
2.4130000000000003,0.31457681499466683,2.98,0.34001279114203964,lo_A_model_1_relaxed_repeat045,lo_A_model_1_relaxed_repeat007
2.425,0.3165633706986601,3.0300000000000002,0.353714117163809,lo_A_model_1_relaxed_repeat045,lo_A_model_1_relaxed_repeat033
2.439,0.3360128850823206,3.05,0.3582140966737546,lo_A_model_1_relaxed_repeat045,lo_A_model_1_relaxed_repeat043
2.446,0.3375771872737672,2.9,0.36993298701034716,lo_A_model_1_relaxed_repeat045,lo_A_model_1_relaxed_repeat084
2.45,0.3232494415008557,2.9699999999999998,0.36498856469828617,lo_A_model_1_relaxed_repeat045,lo_A_model_1_relaxed_repeat094
2.4539999999999997,0.3337849208555682,3.0,0.3823406940082454,lo_A_model_1_relaxed_repeat045,lo_A_model_1_relaxed_repeat048
2.459,0.3257473278513409,3.04,0.3715741559392225,lo_A_model_1_relaxed_repeat045,lo_A_model_1_relaxed_repeat022
2.4610000000000003,0.3543952890304573,2.99,0.42415938915764506,lo_A_model_1_relaxed_repeat045,lo_A_model_1_relaxed_repeat028
2.462,0.31271079437012356,3.02,0.3674188279551123,lo_A_model_1_relaxed_repeat045,lo_A_model_1_relaxed_repeat082
2.4690000000000003,0.3037196904345416,3.05,0.36303520994853217,lo_A_model_1_relaxed_repeat045,lo_A_model_1_relaxed_repeat088
2.476,0.3291581345483382,3.06,0.35052452011072704,lo_A_model_1_relaxed_repeat045,lo_A_model_1_relaxed_repeat053
2.48,0.3227555371590234,3.05,0.37549559049814146,lo_A_model_1_relaxed_repeat045,lo_A_model_1_relaxed_repeat063
2.495,0.32807340066390017,3.0,0.40077085950850694,lo_A_model_1_relaxed_repeat045,lo_A_model_1_relaxed_repeat067
2.497,0.33583443490520337,3.06,0.39761686363031007,lo_A_model_1_relaxed_repeat045,lo_A_model_1_relaxed_repeat080
2.5,0.34479289381894174,2.9699999999999998,0.4118235034540146,lo_A_model_1_relaxed_repeat045,lo_A_model_1_relaxed_repeat085
2.5060000000000002,0.2982649627140818,3.0300000000000002,0.34158399851289467,lo_A_model_1_relaxed_repeat045,lo_A_model_1_relaxed_repeat092
2.5069999999999997,0.33086191813173965,3.0,0.3597536512066407,lo_A_model_1_relaxed_repeat045,lo_A_model_1_relaxed_repeat057
2.507,0.33316533549055216,2.99,0.3761726538734236,lo_A_model_1_relaxed_repeat045,lo_A_model_1_relaxed_repeat014
2.515,0.31739111185206426,3.0300000000000002,0.34848382002370193,lo_A_model_1_relaxed_repeat045,lo_A_model_1_relaxed_repeat078
2.537,0.344846048875281,3.01,0.3635038515222786,lo_A_model_1_relaxed_repeat045,lo_A_model_1_relaxed_repeat042
2.54,0.3132477466588361,3.02,0.337801780514039,lo_A_model_1_relaxed_repeat045,lo_A_model_1_relaxed_repeat026
2.543,0.359024515682746,2.9699999999999998,0.3808154040476078,lo_A_model_1_relaxed_repeat045,lo_A_model_1_relaxed_repeat019
2.544,0.31814036410560587,3.0300000000000002,0.37678187054120116,lo_A_model_1_relaxed_repeat045,lo_A_model_1_relaxed_repeat050
2.545,0.33100491808127475,3.06,0.371752913772611,lo_A_model_1_relaxed_repeat045,lo_A_model_1_relaxed_repeat029
2.545,0.32038632617066976,2.92,0.35844486070916487,lo_A_model_1_relaxed_repeat045,lo_A_model_1_relaxed_repeat070
2.5460000000000003,0.3377179088825042,3.05,0.37934994469965827,lo_A_model_1_relaxed_repeat045,lo_A_model_1_relaxed_repeat051
2.547,0.3435067341331896,3.05,0.40085987690911856,lo_A_model_1_relaxed_repeat045,lo_A_model_1_relaxed_repeat012
2.5540000000000003,0.3638820038590463,3.0,0.4206871550254815,lo_A_model_1_relaxed_repeat045,lo_A_model_1_relaxed_repeat068
2.56,0.32757465660659696,2.88,0.37508667572462717,lo_A_model_1_relaxed_repeat045,lo_A_model_1_relaxed_repeat060
2.56,0.3686355023861055,3.01,0.39481141257839286,lo_A_model_1_relaxed_repeat045,lo_A_model_1_relaxed_repeat030
2.56,0.33269660101386705,3.0,0.3615689859716886,lo_A_model_1_relaxed_repeat045,lo_A_model_1_relaxed_repeat009
2.565,0.33444515322399493,2.88,0.3595783972212621,lo_A_model_1_relaxed_repeat045,lo_A_model_1_relaxed_repeat049
2.567,0.2872156412986257,2.95,0.3399967179846643,lo_A_model_1_relaxed_repeat045,lo_A_model_1_relaxed_repeat044
2.568,0.3122951114310761,3.06,0.37444058416918613,lo_A_model_1_relaxed_repeat045,lo_A_model_1_relaxed_repeat064
2.568,0.33002069038185233,2.98,0.36923123165849037,lo_A_model_1_relaxed_repeat045,lo_A_model_1_relaxed_repeat075
2.569,0.3311623816693317,2.96,0.3611618510994157,lo_A_model_1_relaxed_repeat045,lo_A_model_1_relaxed_repeat065
2.5700000000000003,0.3511461515416185,2.9299999999999997,0.4016461834156532,lo_A_model_1_relaxed_repeat045,lo_A_model_1_relaxed_repeat061
2.5730000000000004,0.3095913398514496,3.05,0.3465044739981221,lo_A_model_1_relaxed_repeat045,lo_A_model_1_relaxed_repeat008
2.58,0.32926804027449863,2.98,0.36937192952036374,lo_A_model_1_relaxed_repeat045,lo_A_model_1_relaxed_repeat056
2.583,0.3143834532079096,3.05,0.36218017315345263,lo_A_model_1_relaxed_repeat045,lo_A_model_1_relaxed_repeat054
2.5860000000000003,0.3265163963441117,2.8899999999999997,0.3587556781763157,lo_A_model_1_relaxed_repeat045,lo_A_model_1_relaxed_repeat069
2.5860000000000003,0.35790199544077206,3.0300000000000002,0.38034142481164723,lo_A_model_1_relaxed_repeat045,lo_A_model_1_relaxed_repeat017
2.594,0.3181715146465424,2.99,0.36580970216415104,lo_A_model_1_relaxed_repeat045,lo_A_model_1_relaxed_repeat079
2.5970000000000004,0.32090958486700516,2.98,0.3646384926595675,lo_A_model_1_relaxed_repeat045,lo_A_model_1_relaxed_repeat091
2.601,0.33581801478746487,3.05,0.357814619404797,lo_A_model_1_relaxed_repeat045,lo_A_model_1_relaxed_repeat039
2.6079999999999997,0.3562084840654019,2.99,0.38852448217261215,lo_A_model_1_relaxed_repeat045,lo_A_model_1_relaxed_repeat001
2.609,0.3482769604807598,2.92,0.4001230497429788,lo_A_model_1_relaxed_repeat045,lo_A_model_1_relaxed_repeat074
2.609,0.3317283520756335,3.04,0.3664089353009604,lo_A_model_1_relaxed_repeat045,lo_A_model_1_relaxed_repeat076
2.6100000000000003,0.31971906301639275,2.98,0.362477526312384,lo_A_model_1_relaxed_repeat045,lo_A_model_1_relaxed_repeat016
2.622,0.3304674986562178,3.05,0.3714329827278173,lo_A_model_1_relaxed_repeat045,lo_A_model_1_relaxed_repeat010
2.623,0.3173044592903648,3.05,0.35471211805530267,lo_A_model_1_relaxed_repeat045,lo_A_model_1_relaxed_repeat038
2.6239999999999997,0.3292216615474228,3.0,0.3727197338483703,lo_A_model_1_relaxed_repeat045,lo_A_model_1_relaxed_repeat095
2.624,0.33726021970281556,2.8899999999999997,0.36218759909539083,lo_A_model_1_relaxed_repeat045,lo_A_model_1_relaxed_repeat002
2.627,0.3400677463432901,3.01,0.3675778897147557,lo_A_model_1_relaxed_repeat045,lo_A_model_1_relaxed_repeat086
2.63,0.36283864316362213,3.0300000000000002,0.3972319819657318,lo_A_model_1_relaxed_repeat045,lo_A_model_1_relaxed_repeat098
2.63,0.31176735209317125,2.99,0.353919844145697,lo_A_model_1_relaxed_repeat045,lo_A_model_1_relaxed_repeat032
2.6319999999999997,0.3390917035329294,3.06,0.37557612396517415,lo_A_model_1_relaxed_repeat045,lo_A_model_1_relaxed_repeat046
2.633,0.3102079633788175,2.9699999999999998,0.34793241742592945,lo_A_model_1_relaxed_repeat045,lo_A_model_1_relaxed_repeat099
2.636,0.3325040032243656,3.02,0.36896627044589386,lo_A_model_1_relaxed_repeat045,lo_A_model_1_relaxed_repeat081
2.637,0.3337556236365357,2.95,0.3649604207674477,lo_A_model_1_relaxed_repeat045,lo_A_model_1_relaxed_repeat055
2.637,0.35107010536945493,2.99,0.37061747185405425,lo_A_model_1_relaxed_repeat045,lo_A_model_1_relaxed_repeat100
2.6399999999999997,0.34114087600554577,3.04,0.3670623823831599,lo_A_model_1_relaxed_repeat045,lo_A_model_1_relaxed_repeat071
2.641,0.33577981323432704,3.02,0.3766418896227529,lo_A_model_1_relaxed_repeat045,lo_A_model_1_relaxed_repeat090
2.643,0.333646350598242,2.8499999999999996,0.36733440304765197,lo_A_model_1_relaxed_repeat045,lo_A_model_1_relaxed_repeat005
2.644,0.31585358245678774,3.06,0.3434267273004832,lo_A_model_1_relaxed_repeat045,lo_A_model_1_relaxed_repeat034
2.649,0.33969043679050515,2.84,0.3974076943599365,lo_A_model_1_relaxed_repeat045,lo_A_model_1_relaxed_repeat052
2.654,0.33551480824580227,3.02,0.3630906908547887,lo_A_model_1_relaxed_repeat045,lo_A_model_1_relaxed_repeat058
2.661,0.3019745183424971,3.0300000000000002,0.35304483862956515,lo_A_model_1_relaxed_repeat045,lo_A_model_1_relaxed_repeat073
2.672,0.35574520949304883,2.88,0.3903202162899524,lo_A_model_1_relaxed_repeat045,lo_A_model_1_relaxed_repeat021
2.676,0.3514275339070387,3.01,0.3769813465177257,lo_A_model_1_relaxed_repeat045,lo_A_model_1_relaxed_repeat093
2.677,0.33460285129879247,2.95,0.37333197935581164,lo_A_model_1_relaxed_repeat045,lo_A_model_1_relaxed_repeat035
2.681,0.35690718348777856,3.0300000000000002,0.39120550270989385,lo_A_model_1_relaxed_repeat045,lo_A_model_1_relaxed_repeat023
2.685,0.3300847543652655,2.91,0.37053466376701216,lo_A_model_1_relaxed_repeat045,lo_A_model_1_relaxed_repeat025
2.6870000000000003,0.32281648542446306,3.0300000000000002,0.3632072204383343,lo_A_model_1_relaxed_repeat045,lo_A_model_1_relaxed_repeat062
2.698,0.33130697615104926,2.94,0.3555783537636059,lo_A_model_1_relaxed_repeat045,lo_A_model_1_relaxed_repeat018
2.706,0.33778257984187876,3.05,0.39618495413466875,lo_A_model_1_relaxed_repeat045,lo_A_model_1_relaxed_repeat083
2.713,0.3491756488681848,2.96,0.3711668951988571,lo_A_model_1_relaxed_repeat045,lo_A_model_1_relaxed_repeat031
2.715,0.32225059913197307,3.05,0.3528792260982942,lo_A_model_1_relaxed_repeat045,lo_A_model_1_relaxed_repeat096
2.73,0.39366401511367793,2.98,0.43509451721750353,lo_A_model_1_relaxed_repeat045,lo_A_model_1_relaxed_repeat087
2.7439999999999998,0.35426006224584794,2.98,0.38685426606923395,lo_A_model_1_relaxed_repeat045,lo_A_model_1_relaxed_repeat089
2.753,0.3660483070444784,2.88,0.3916158887121991,lo_A_model_1_relaxed_repeat045,lo_A_model_1_relaxed_repeat013
2.755,0.35307109806117387,3.02,0.3861382853245961,lo_A_model_1_relaxed_repeat045,lo_A_model_1_relaxed_repeat059
2.8,0.3621141020311728,2.9299999999999997,0.4038946306590994,lo_A_model_1_relaxed_repeat045,lo_A_model_1_relaxed_repeat003
2.822,0.3230621628839681,3.02,0.3735405745044901,lo_A_model_1_relaxed_repeat045,lo_A_model_1_relaxed_repeat097
2.827,0.3210096085985424,3.05,0.3496695762994165,lo_A_model_1_relaxed_repeat045,lo_A_model_1_relaxed_repeat037
2.8289999999999997,0.33054928015266055,3.06,0.3751244714740861,lo_A_model_1_relaxed_repeat045,lo_A_model_1_relaxed_repeat020
2.844,0.37097867936531576,3.29,0.4358818204208459,lo_A_model_1_relaxed_repeat045,lo_A_model_1_relaxed_repeat066
2.884,0.32595268796646054,3.05,0.36820295920897106,lo_A_model_1_relaxed_repeat045,lo_A_model_1_relaxed_repeat041
2.92,0.3434339114038477,3.06,0.37727685519383497,lo_A_model_1_relaxed_repeat045,lo_A_model_1_relaxed_repeat024
2.9459999999999997,0.3388727560283574,3.04,0.38394745855377116,lo_A_model_1_relaxed_repeat045,lo_A_model_1_relaxed_repeat072
2.358,0.3102934063062552,3.09,0.3514268076634054,lo_A_model_1_relaxed_repeat029,lo_A_model_1_relaxed_repeat033
2.393,0.3128111493609535,3.1,0.35737530714553806,lo_A_model_1_relaxed_repeat029,lo_A_model_1_relaxed_repeat011
2.408,0.29907258175221785,3.04,0.33739730064650475,lo_A_model_1_relaxed_repeat029,lo_A_model_1_relaxed_repeat053
2.417,0.3365411198083949,3.09,0.3835920505306764,lo_A_model_1_relaxed_repeat029,lo_A_model_1_relaxed_repeat017
2.42,0.3462764295548227,3.0700000000000003,0.39351539153666126,lo_A_model_1_relaxed_repeat029,lo_A_model_1_relaxed_repeat012
2.444,0.3692155346349023,2.86,0.4159673559327904,lo_A_model_1_relaxed_repeat029,lo_A_model_1_relaxed_repeat098
2.4530000000000003,0.3614963651704862,2.99,0.3989584436643766,lo_A_model_1_relaxed_repeat029,lo_A_model_1_relaxed_repeat050
2.4690000000000003,0.35627593066283747,3.06,0.38701251121126384,lo_A_model_1_relaxed_repeat029,lo_A_model_1_relaxed_repeat073
2.479,0.2592430281405558,2.74,0.29999942775338845,lo_A_model_1_relaxed_repeat029,lo_A_model_1_relaxed_repeat088
2.481,0.3275270871957374,3.09,0.3858381063983573,lo_A_model_1_relaxed_repeat029,lo_A_model_1_relaxed_repeat099
2.489,0.3282088717864179,2.86,0.3720854886617795,lo_A_model_1_relaxed_repeat029,lo_A_model_1_relaxed_repeat019
2.502,0.3283177004767667,3.09,0.3678008729153731,lo_A_model_1_relaxed_repeat029,lo_A_model_1_relaxed_repeat062
2.506,0.3549310058083404,3.0700000000000003,0.41314627268357623,lo_A_model_1_relaxed_repeat029,lo_A_model_1_relaxed_repeat067
2.539,0.3549875961483306,2.9299999999999997,0.3951338484944528,lo_A_model_1_relaxed_repeat029,lo_A_model_1_relaxed_repeat095
2.5620000000000003,0.30825248880203165,3.09,0.3502628483682893,lo_A_model_1_relaxed_repeat029,lo_A_model_1_relaxed_repeat014
2.565,0.3375547774123989,3.0300000000000002,0.3634161551992422,lo_A_model_1_relaxed_repeat029,lo_A_model_1_relaxed_repeat100
2.576,0.29684140599777403,3.0300000000000002,0.31833975605651743,lo_A_model_1_relaxed_repeat029,lo_A_model_1_relaxed_repeat022
2.592,0.33896010838841173,2.96,0.38579564961492574,lo_A_model_1_relaxed_repeat029,lo_A_model_1_relaxed_repeat084
2.592,0.3167550838088334,3.09,0.3540214100845926,lo_A_model_1_relaxed_repeat029,lo_A_model_1_relaxed_repeat094
2.5949999999999998,0.299610555041737,3.09,0.3265204338250415,lo_A_model_1_relaxed_repeat029,lo_A_model_1_relaxed_repeat097
2.596,0.312441674099146,2.9299999999999997,0.348510092669377,lo_A_model_1_relaxed_repeat029,lo_A_model_1_relaxed_repeat051
2.597,0.3158509006102547,3.1,0.35631450800143305,lo_A_model_1_relaxed_repeat029,lo_A_model_1_relaxed_repeat048
2.597,0.31722471602603236,2.82,0.3504033237148105,lo_A_model_1_relaxed_repeat029,lo_A_model_1_relaxed_repeat090
2.6,0.3460046705548636,3.01,0.37050385211885045,lo_A_model_1_relaxed_repeat029,lo_A_model_1_relaxed_repeat023
2.6029999999999998,0.32968566249004844,3.09,0.3593368554428312,lo_A_model_1_relaxed_repeat029,lo_A_model_1_relaxed_repeat042
2.6029999999999998,0.30601018852197726,2.8899999999999997,0.3331483750089464,lo_A_model_1_relaxed_repeat029,lo_A_model_1_relaxed_repeat038
2.604,0.3654898768386489,3.09,0.4380520673777326,lo_A_model_1_relaxed_repeat029,lo_A_model_1_relaxed_repeat028
2.606,0.3527639526577322,3.02,0.3986285143059132,lo_A_model_1_relaxed_repeat029,lo_A_model_1_relaxed_repeat001
2.623,0.31406168124755374,3.09,0.369333738760152,lo_A_model_1_relaxed_repeat029,lo_A_model_1_relaxed_repeat063
2.645,0.3204097827757859,2.91,0.34378816214230606,lo_A_model_1_relaxed_repeat029,lo_A_model_1_relaxed_repeat020
2.65,0.37111748464682526,3.09,0.42789199498299724,lo_A_model_1_relaxed_repeat029,lo_A_model_1_relaxed_repeat052
2.652,0.3918140021787001,3.0700000000000003,0.43717489453537606,lo_A_model_1_relaxed_repeat029,lo_A_model_1_relaxed_repeat087
2.66,0.3298141875105766,3.1,0.3672515558759093,lo_A_model_1_relaxed_repeat029,lo_A_model_1_relaxed_repeat030
2.668,0.3088224893038992,3.09,0.3528442778426408,lo_A_model_1_relaxed_repeat029,lo_A_model_1_relaxed_repeat036
2.669,0.32928469751442657,3.09,0.36738249802751693,lo_A_model_1_relaxed_repeat029,lo_A_model_1_relaxed_repeat039
2.692,0.3294330183676859,3.05,0.3753555491383545,lo_A_model_1_relaxed_repeat029,lo_A_model_1_relaxed_repeat080
2.694,0.37459792006461834,3.09,0.43833887897186563,lo_A_model_1_relaxed_repeat029,lo_A_model_1_relaxed_repeat085
2.694,0.32087830244274973,2.96,0.34353780874482504,lo_A_model_1_relaxed_repeat029,lo_A_model_1_relaxed_repeat037
2.7,0.3182763472051793,2.99,0.3445791943415975,lo_A_model_1_relaxed_repeat029,lo_A_model_1_relaxed_repeat002
2.702,0.28167438866593647,2.88,0.2998483164460599,lo_A_model_1_relaxed_repeat029,lo_A_model_1_relaxed_repeat008
2.705,0.2860475755021248,2.77,0.320745064311831,lo_A_model_1_relaxed_repeat029,lo_A_model_1_relaxed_repeat024
2.707,0.3222589398611896,3.09,0.3600428761623404,lo_A_model_1_relaxed_repeat029,lo_A_model_1_relaxed_repeat057
2.708,0.3176798083890177,3.0700000000000003,0.3487748022161925,lo_A_model_1_relaxed_repeat029,lo_A_model_1_relaxed_repeat049
2.71,0.31612023210242673,3.09,0.35581890878818684,lo_A_model_1_relaxed_repeat029,lo_A_model_1_relaxed_repeat034
2.7110000000000003,0.30566552919288564,3.1,0.33999322554893685,lo_A_model_1_relaxed_repeat029,lo_A_model_1_relaxed_repeat075
2.713,0.36408455643520626,2.83,0.40852286337469157,lo_A_model_1_relaxed_repeat029,lo_A_model_1_relaxed_repeat061
2.713,0.3375644051301509,3.05,0.37279346055774754,lo_A_model_1_relaxed_repeat029,lo_A_model_1_relaxed_repeat025
2.716,0.3323733009114876,2.95,0.3538011452181208,lo_A_model_1_relaxed_repeat029,lo_A_model_1_relaxed_repeat043
2.7169999999999996,0.3502042657563357,3.0,0.390363903441593,lo_A_model_1_relaxed_repeat029,lo_A_model_1_relaxed_repeat021
2.7199999999999998,0.305900410173321,2.92,0.34501767490126867,lo_A_model_1_relaxed_repeat029,lo_A_model_1_relaxed_repeat058
2.726,0.3004545712020757,2.81,0.3447562635528778,lo_A_model_1_relaxed_repeat029,lo_A_model_1_relaxed_repeat054
2.73,0.3344646310351033,3.06,0.3695553915322932,lo_A_model_1_relaxed_repeat029,lo_A_model_1_relaxed_repeat081
2.748,0.32582508494585155,3.06,0.3717082323735999,lo_A_model_1_relaxed_repeat029,lo_A_model_1_relaxed_repeat056
2.75,0.3575963117462693,2.87,0.40751818727680533,lo_A_model_1_relaxed_repeat029,lo_A_model_1_relaxed_repeat068
2.764,0.30938179810019234,3.09,0.35282084192262914,lo_A_model_1_relaxed_repeat029,lo_A_model_1_relaxed_repeat018
2.7649999999999997,0.30584928030056235,2.87,0.3425761195866048,lo_A_model_1_relaxed_repeat029,lo_A_model_1_relaxed_repeat010
2.7649999999999997,0.30461033482157895,2.9299999999999997,0.3403204330315323,lo_A_model_1_relaxed_repeat029,lo_A_model_1_relaxed_repeat096
2.765,0.327676002352755,3.04,0.36929325844051597,lo_A_model_1_relaxed_repeat029,lo_A_model_1_relaxed_repeat069
2.7670000000000003,0.30450786722466916,3.05,0.35216863401091797,lo_A_model_1_relaxed_repeat029,lo_A_model_1_relaxed_repeat082
2.768,0.3407151705865343,3.08,0.3666774221338398,lo_A_model_1_relaxed_repeat029,lo_A_model_1_relaxed_repeat089
2.7729999999999997,0.2990783180762986,3.1,0.3384938870762408,lo_A_model_1_relaxed_repeat029,lo_A_model_1_relaxed_repeat032
2.779,0.3044046535995256,3.0300000000000002,0.3510962191176143,lo_A_model_1_relaxed_repeat029,lo_A_model_1_relaxed_repeat078
2.7800000000000002,0.3310545780070959,2.89,0.36262841936247575,lo_A_model_1_relaxed_repeat029,lo_A_model_1_relaxed_repeat092
2.781,0.3393095252629842,2.92,0.3894682556698749,lo_A_model_1_relaxed_repeat029,lo_A_model_1_relaxed_repeat074
2.7830000000000004,0.32724908198421826,2.76,0.36582112157444613,lo_A_model_1_relaxed_repeat029,lo_A_model_1_relaxed_repeat016
2.787,0.3161859528749214,3.04,0.3579217551820761,lo_A_model_1_relaxed_repeat029,lo_A_model_1_relaxed_repeat060
2.7960000000000003,0.28918501535251595,3.0700000000000003,0.3286515998833195,lo_A_model_1_relaxed_repeat029,lo_A_model_1_relaxed_repeat070
2.7960000000000003,0.31942012777179696,3.0700000000000003,0.35107128100867224,lo_A_model_1_relaxed_repeat029,lo_A_model_1_relaxed_repeat007
2.7990000000000004,0.3329088057732529,3.02,0.38257773387987193,lo_A_model_1_relaxed_repeat029,lo_A_model_1_relaxed_repeat065
2.8019999999999996,0.37615268032107985,3.0700000000000003,0.41189318309185374,lo_A_model_1_relaxed_repeat029,lo_A_model_1_relaxed_repeat093
2.8040000000000003,0.3197787298297092,3.06,0.3541331676490986,lo_A_model_1_relaxed_repeat029,lo_A_model_1_relaxed_repeat076
2.8040000000000003,0.3221288548727526,2.88,0.34999006730234566,lo_A_model_1_relaxed_repeat029,lo_A_model_1_relaxed_repeat009
2.8209999999999997,0.3467696340699667,3.0,0.38793381734266785,lo_A_model_1_relaxed_repeat029,lo_A_model_1_relaxed_repeat059
2.821,0.3239236760806595,2.84,0.36799542044796213,lo_A_model_1_relaxed_repeat029,lo_A_model_1_relaxed_repeat079
2.823,0.3172717789027664,3.0300000000000002,0.33667506611428993,lo_A_model_1_relaxed_repeat029,lo_A_model_1_relaxed_repeat026
2.84,0.3237088343589963,3.0300000000000002,0.3637615043483569,lo_A_model_1_relaxed_repeat029,lo_A_model_1_relaxed_repeat005
2.841,0.3399141168985966,3.0,0.3716653547325075,lo_A_model_1_relaxed_repeat029,lo_A_model_1_relaxed_repeat086
2.846,0.3572453407343402,3.09,0.4104584826159146,lo_A_model_1_relaxed_repeat029,lo_A_model_1_relaxed_repeat083
2.8499999999999996,0.3382855436061014,3.09,0.3920301147522665,lo_A_model_1_relaxed_repeat029,lo_A_model_1_relaxed_repeat044
2.851,0.332401414171272,3.09,0.3960847368191037,lo_A_model_1_relaxed_repeat029,lo_A_model_1_relaxed_repeat064
2.851,0.31891333959057366,3.04,0.35666905993073483,lo_A_model_1_relaxed_repeat029,lo_A_model_1_relaxed_repeat055
2.8659999999999997,0.3444790169706236,3.02,0.3824105457031094,lo_A_model_1_relaxed_repeat029,lo_A_model_1_relaxed_repeat003
2.8819999999999997,0.3477844809755593,3.0700000000000003,0.3826718432652709,lo_A_model_1_relaxed_repeat029,lo_A_model_1_relaxed_repeat041
2.895,0.3387254102906038,2.85,0.3591939792581944,lo_A_model_1_relaxed_repeat029,lo_A_model_1_relaxed_repeat031
2.901,0.35179386440485877,3.04,0.37548697993805896,lo_A_model_1_relaxed_repeat029,lo_A_model_1_relaxed_repeat013
2.902,0.306620731927077,2.86,0.34107219646957143,lo_A_model_1_relaxed_repeat029,lo_A_model_1_relaxed_repeat027
2.908,0.38173876123756073,3.09,0.4306110373900959,lo_A_model_1_relaxed_repeat029,lo_A_model_1_relaxed_repeat066
2.9080000000000004,0.3616506573990137,3.04,0.41167062545518224,lo_A_model_1_relaxed_repeat029,lo_A_model_1_relaxed_repeat091
2.915,0.3244308664792293,2.7800000000000002,0.3551129502555474,lo_A_model_1_relaxed_repeat029,lo_A_model_1_relaxed_repeat046
2.923,0.34026598238682476,2.9299999999999997,0.36832781474254506,lo_A_model_1_relaxed_repeat029,lo_A_model_1_relaxed_repeat071
2.944,0.36168062049912936,3.0300000000000002,0.40372730495572096,lo_A_model_1_relaxed_repeat029,lo_A_model_1_relaxed_repeat072
2.966,0.3214846999520979,3.09,0.3625442600378734,lo_A_model_1_relaxed_repeat029,lo_A_model_1_relaxed_repeat035
2.191,0.33444785706999597,3.0,0.38472017588619595,lo_A_model_1_relaxed_repeat068,lo_A_model_1_relaxed_repeat007
2.252,0.33699634533153283,2.85,0.3921725555220827,lo_A_model_1_relaxed_repeat068,lo_A_model_1_relaxed_repeat088
2.269,0.2950728418107111,2.99,0.3485492927005592,lo_A_model_1_relaxed_repeat068,lo_A_model_1_relaxed_repeat056
2.2720000000000002,0.30918234500155095,2.9699999999999998,0.35715346560986744,lo_A_model_1_relaxed_repeat068,lo_A_model_1_relaxed_repeat074
2.2720000000000002,0.3411610823645799,3.0300000000000002,0.38744860751083965,lo_A_model_1_relaxed_repeat068,lo_A_model_1_relaxed_repeat032
2.3449999999999998,0.3344129804416087,3.0700000000000003,0.3779920974717236,lo_A_model_1_relaxed_repeat068,lo_A_model_1_relaxed_repeat011
2.364,0.31645491828628963,2.98,0.3736096974231045,lo_A_model_1_relaxed_repeat068,lo_A_model_1_relaxed_repeat060
2.394,0.3326879650923827,3.02,0.3785828177935037,lo_A_model_1_relaxed_repeat068,lo_A_model_1_relaxed_repeat057
2.398,0.29911779298004526,2.96,0.3512988774356583,lo_A_model_1_relaxed_repeat068,lo_A_model_1_relaxed_repeat005
2.401,0.3133330875413762,2.99,0.3522581151446545,lo_A_model_1_relaxed_repeat068,lo_A_model_1_relaxed_repeat084
2.4219999999999997,0.35749237273894896,3.05,0.39598742050221025,lo_A_model_1_relaxed_repeat068,lo_A_model_1_relaxed_repeat036
2.427,0.32180769544391596,2.84,0.3828383568024485,lo_A_model_1_relaxed_repeat068,lo_A_model_1_relaxed_repeat008
2.428,0.299685982054168,2.9699999999999998,0.34994379274817217,lo_A_model_1_relaxed_repeat068,lo_A_model_1_relaxed_repeat055
2.436,0.3041866995970255,2.9699999999999998,0.3548798986830198,lo_A_model_1_relaxed_repeat068,lo_A_model_1_relaxed_repeat069
2.439,0.294814238935734,2.88,0.3444688640258533,lo_A_model_1_relaxed_repeat068,lo_A_model_1_relaxed_repeat079
2.491,0.30017606564525773,3.0,0.3544028809178352,lo_A_model_1_relaxed_repeat068,lo_A_model_1_relaxed_repeat070
2.495,0.3355719687471971,3.02,0.3856388342004611,lo_A_model_1_relaxed_repeat068,lo_A_model_1_relaxed_repeat014
2.502,0.35563326378711274,2.8,0.4070226870963814,lo_A_model_1_relaxed_repeat068,lo_A_model_1_relaxed_repeat080
2.505,0.3347593626790557,2.92,0.3925333879532835,lo_A_model_1_relaxed_repeat068,lo_A_model_1_relaxed_repeat010
2.5060000000000002,0.34267631385917885,3.02,0.38078407175064266,lo_A_model_1_relaxed_repeat068,lo_A_model_1_relaxed_repeat062
2.51,0.3096768060048997,2.98,0.3491196776983835,lo_A_model_1_relaxed_repeat068,lo_A_model_1_relaxed_repeat025
2.543,0.3441227361142091,3.01,0.39275076277394244,lo_A_model_1_relaxed_repeat068,lo_A_model_1_relaxed_repeat026
2.5460000000000003,0.31169440483085553,2.81,0.3430149085212058,lo_A_model_1_relaxed_repeat068,lo_A_model_1_relaxed_repeat009
2.552,0.3509885724187135,3.02,0.39980098768861916,lo_A_model_1_relaxed_repeat068,lo_A_model_1_relaxed_repeat085
2.556,0.3170324335907887,3.09,0.36415532223550756,lo_A_model_1_relaxed_repeat068,lo_A_model_1_relaxed_repeat065
2.565,0.2995653809329526,2.8899999999999997,0.3437892440857772,lo_A_model_1_relaxed_repeat068,lo_A_model_1_relaxed_repeat016
2.568,0.3199985966528599,2.99,0.3776320695748544,lo_A_model_1_relaxed_repeat068,lo_A_model_1_relaxed_repeat073
2.575,0.30954173936969653,2.92,0.34589214126741585,lo_A_model_1_relaxed_repeat068,lo_A_model_1_relaxed_repeat002
2.575,0.3321469946231578,3.02,0.3906083439939692,lo_A_model_1_relaxed_repeat068,lo_A_model_1_relaxed_repeat035
2.576,0.34095356981091973,2.95,0.36500083289144003,lo_A_model_1_relaxed_repeat068,lo_A_model_1_relaxed_repeat001
2.578,0.35873462242667753,3.08,0.39449063516176025,lo_A_model_1_relaxed_repeat068,lo_A_model_1_relaxed_repeat049
2.584,0.34728430919969455,3.02,0.40111907122324486,lo_A_model_1_relaxed_repeat068,lo_A_model_1_relaxed_repeat097
2.585,0.33361401630343096,3.06,0.40085316738498533,lo_A_model_1_relaxed_repeat068,lo_A_model_1_relaxed_repeat083
2.585,0.33735993734400305,3.02,0.3824806838699432,lo_A_model_1_relaxed_repeat068,lo_A_model_1_relaxed_repeat063
2.599,0.3254044420869203,3.02,0.3833319027154992,lo_A_model_1_relaxed_repeat068,lo_A_model_1_relaxed_repeat094
2.607,0.38259996888991465,2.92,0.4306146918946641,lo_A_model_1_relaxed_repeat068,lo_A_model_1_relaxed_repeat061
2.613,0.3300340672578921,2.9299999999999997,0.3827071703726617,lo_A_model_1_relaxed_repeat068,lo_A_model_1_relaxed_repeat022
2.622,0.3026428032855624,2.94,0.33759873244546396,lo_A_model_1_relaxed_repeat068,lo_A_model_1_relaxed_repeat048
2.6310000000000002,0.28174718626296136,2.8899999999999997,0.3477869128745498,lo_A_model_1_relaxed_repeat068,lo_A_model_1_relaxed_repeat092
2.635,0.34682778169772915,2.8899999999999997,0.37634105464783907,lo_A_model_1_relaxed_repeat068,lo_A_model_1_relaxed_repeat046
2.6500000000000004,0.29296876698092467,2.96,0.34506029826982426,lo_A_model_1_relaxed_repeat068,lo_A_model_1_relaxed_repeat078
2.651,0.38476005788792933,2.8899999999999997,0.4191014299470845,lo_A_model_1_relaxed_repeat068,lo_A_model_1_relaxed_repeat098
2.652,0.3418468681426544,2.92,0.3811029847410549,lo_A_model_1_relaxed_repeat068,lo_A_model_1_relaxed_repeat051
2.661,0.34254535240597794,2.89,0.3857104994856217,lo_A_model_1_relaxed_repeat068,lo_A_model_1_relaxed_repeat058
2.668,0.31880757849054386,3.02,0.36974487589079097,lo_A_model_1_relaxed_repeat068,lo_A_model_1_relaxed_repeat099
2.677,0.3450625545080271,3.02,0.3986972347264786,lo_A_model_1_relaxed_repeat068,lo_A_model_1_relaxed_repeat034
2.681,0.3506187067732438,2.98,0.399006312225752,lo_A_model_1_relaxed_repeat068,lo_A_model_1_relaxed_repeat053
2.686,0.33867128656463874,3.02,0.39780157669446314,lo_A_model_1_relaxed_repeat068,lo_A_model_1_relaxed_repeat018
2.693,0.34553154051918655,2.86,0.39427509041807013,lo_A_model_1_relaxed_repeat068,lo_A_model_1_relaxed_repeat020
2.695,0.34382644713732097,3.06,0.35784460466418594,lo_A_model_1_relaxed_repeat068,lo_A_model_1_relaxed_repeat100
2.699,0.35215706194878527,3.05,0.4189488173846333,lo_A_model_1_relaxed_repeat068,lo_A_model_1_relaxed_repeat044
2.7,0.31266068303860783,3.06,0.35408250535836755,lo_A_model_1_relaxed_repeat068,lo_A_model_1_relaxed_repeat031
2.718,0.34432049813558535,2.98,0.3925795254901211,lo_A_model_1_relaxed_repeat068,lo_A_model_1_relaxed_repeat067
2.725,0.3532143703423022,2.95,0.400450461662945,lo_A_model_1_relaxed_repeat068,lo_A_model_1_relaxed_repeat054
2.729,0.38346578504159656,3.02,0.4425947034599016,lo_A_model_1_relaxed_repeat068,lo_A_model_1_relaxed_repeat052
2.748,0.3359733575682872,2.98,0.380940369471378,lo_A_model_1_relaxed_repeat068,lo_A_model_1_relaxed_repeat082
2.75,0.3381278575756063,2.99,0.3890247150226144,lo_A_model_1_relaxed_repeat068,lo_A_model_1_relaxed_repeat081
2.753,0.3642817626166691,3.02,0.40205260191512737,lo_A_model_1_relaxed_repeat068,lo_A_model_1_relaxed_repeat042
2.765,0.3063330058016777,2.8200000000000003,0.3603055451098552,lo_A_model_1_relaxed_repeat068,lo_A_model_1_relaxed_repeat027
2.785,0.34812622273076427,2.88,0.39177856435836433,lo_A_model_1_relaxed_repeat068,lo_A_model_1_relaxed_repeat096
2.791,0.37079579848940614,3.02,0.41099185655149567,lo_A_model_1_relaxed_repeat068,lo_A_model_1_relaxed_repeat017
2.798,0.3341514669446033,3.04,0.38810367625070663,lo_A_model_1_relaxed_repeat068,lo_A_model_1_relaxed_repeat024
2.817,0.3409791820259813,2.95,0.37447691701010166,lo_A_model_1_relaxed_repeat068,lo_A_model_1_relaxed_repeat003
2.851,0.342582875116838,3.05,0.38654431738029543,lo_A_model_1_relaxed_repeat068,lo_A_model_1_relaxed_repeat072
2.854,0.35350203978423744,3.0300000000000002,0.3960817028184744,lo_A_model_1_relaxed_repeat068,lo_A_model_1_relaxed_repeat075
2.858,0.35779132951939474,3.02,0.4153058407303926,lo_A_model_1_relaxed_repeat068,lo_A_model_1_relaxed_repeat064
2.859,0.329167531083054,2.9699999999999998,0.3591158671077953,lo_A_model_1_relaxed_repeat068,lo_A_model_1_relaxed_repeat013
2.862,0.3312232307859811,3.09,0.38691882902943703,lo_A_model_1_relaxed_repeat068,lo_A_model_1_relaxed_repeat041
2.863,0.3677393728606326,3.0300000000000002,0.4025071641193259,lo_A_model_1_relaxed_repeat068,lo_A_model_1_relaxed_repeat030
2.8810000000000002,0.3561638195838309,3.02,0.41217549771376966,lo_A_model_1_relaxed_repeat068,lo_A_model_1_relaxed_repeat028
2.882,0.3181334807718025,2.91,0.36865210928788056,lo_A_model_1_relaxed_repeat068,lo_A_model_1_relaxed_repeat095
2.8890000000000002,0.3276206047520256,2.9299999999999997,0.3692600961354979,lo_A_model_1_relaxed_repeat068,lo_A_model_1_relaxed_repeat021
2.89,0.35790727493794394,3.0700000000000003,0.4052862073538213,lo_A_model_1_relaxed_repeat068,lo_A_model_1_relaxed_repeat038
2.908,0.3233711669088369,2.85,0.36207473204848584,lo_A_model_1_relaxed_repeat068,lo_A_model_1_relaxed_repeat023
2.911,0.3273698620970508,3.01,0.394292216422453,lo_A_model_1_relaxed_repeat068,lo_A_model_1_relaxed_repeat093
2.917,0.3542858730295722,2.9699999999999998,0.4092718332311605,lo_A_model_1_relaxed_repeat068,lo_A_model_1_relaxed_repeat091
2.923,0.35205907457208807,3.0,0.4146835669014182,lo_A_model_1_relaxed_repeat068,lo_A_model_1_relaxed_repeat087
2.9299999999999997,0.3123475999202902,2.99,0.361232273426402,lo_A_model_1_relaxed_repeat068,lo_A_model_1_relaxed_repeat076
2.931,0.3507192638034889,3.06,0.40528733691660035,lo_A_model_1_relaxed_repeat068,lo_A_model_1_relaxed_repeat033
2.9699999999999998,0.3123514623809246,2.9299999999999997,0.3473157234146539,lo_A_model_1_relaxed_repeat068,lo_A_model_1_relaxed_repeat059
2.973,0.34393153450822816,2.95,0.39556869476069273,lo_A_model_1_relaxed_repeat068,lo_A_model_1_relaxed_repeat043
2.98,0.31070824904223227,2.9299999999999997,0.35727369359024547,lo_A_model_1_relaxed_repeat068,lo_A_model_1_relaxed_repeat086
2.981,0.343942816802923,3.13,0.4009727799280203,lo_A_model_1_relaxed_repeat068,lo_A_model_1_relaxed_repeat050
2.992,0.3486144682832648,3.02,0.3945124297466514,lo_A_model_1_relaxed_repeat068,lo_A_model_1_relaxed_repeat039
2.9930000000000003,0.3143029133116108,2.9699999999999998,0.36076980165391853,lo_A_model_1_relaxed_repeat068,lo_A_model_1_relaxed_repeat012
3.016,0.3169726654971831,2.87,0.3407421841385392,lo_A_model_1_relaxed_repeat068,lo_A_model_1_relaxed_repeat019
3.018,0.37826036101514465,3.01,0.4241279869994707,lo_A_model_1_relaxed_repeat068,lo_A_model_1_relaxed_repeat089
3.0220000000000002,0.3460966915264444,2.9,0.3827753107026992,lo_A_model_1_relaxed_repeat068,lo_A_model_1_relaxed_repeat037
3.0309999999999997,0.3546246668851114,2.9000000000000004,0.39275211051595293,lo_A_model_1_relaxed_repeat068,lo_A_model_1_relaxed_repeat071
3.034,0.3230496934449977,2.8899999999999997,0.3586450419208672,lo_A_model_1_relaxed_repeat068,lo_A_model_1_relaxed_repeat090
3.38,0.34925540334661925,3.56,0.4081686655214861,lo_A_model_1_relaxed_repeat068,lo_A_model_1_relaxed_repeat066
2.366,0.3538652370727926,3.0,0.41057933876313146,lo_A_model_1_relaxed_repeat085,lo_A_model_1_relaxed_repeat092
2.429,0.358085102296101,3.02,0.4073835352321626,lo_A_model_1_relaxed_repeat085,lo_A_model_1_relaxed_repeat026
2.479,0.3675979318290278,3.09,0.4444702364952978,lo_A_model_1_relaxed_repeat085,lo_A_model_1_relaxed_repeat080
2.488,0.37376794113425843,3.06,0.43366604372733325,lo_A_model_1_relaxed_repeat085,lo_A_model_1_relaxed_repeat095
2.491,0.3658562617912197,3.04,0.42348472617642424,lo_A_model_1_relaxed_repeat085,lo_A_model_1_relaxed_repeat027
2.496,0.363447024907569,3.08,0.42154318310434735,lo_A_model_1_relaxed_repeat085,lo_A_model_1_relaxed_repeat038
2.519,0.36412287185550096,2.99,0.4117132980255818,lo_A_model_1_relaxed_repeat085,lo_A_model_1_relaxed_repeat062
2.5229999999999997,0.37124806671365523,2.9,0.4304514049427268,lo_A_model_1_relaxed_repeat085,lo_A_model_1_relaxed_repeat091
2.524,0.35068211275456945,3.06,0.425346177283078,lo_A_model_1_relaxed_repeat085,lo_A_model_1_relaxed_repeat073
2.546,0.3381669767271547,2.92,0.40195352723214584,lo_A_model_1_relaxed_repeat085,lo_A_model_1_relaxed_repeat036
2.551,0.3627095808732168,3.0700000000000003,0.4021427230113191,lo_A_model_1_relaxed_repeat085,lo_A_model_1_relaxed_repeat007
2.575,0.40173958105609214,2.96,0.4376979707410626,lo_A_model_1_relaxed_repeat085,lo_A_model_1_relaxed_repeat017
2.586,0.3722179695840314,2.9299999999999997,0.4076085389562428,lo_A_model_1_relaxed_repeat085,lo_A_model_1_relaxed_repeat086
2.5869999999999997,0.3410532315107002,3.06,0.4188674354366089,lo_A_model_1_relaxed_repeat085,lo_A_model_1_relaxed_repeat050
2.596,0.3967222218582745,3.02,0.44716320915558067,lo_A_model_1_relaxed_repeat085,lo_A_model_1_relaxed_repeat098
2.597,0.347972068173436,3.02,0.4074180539352535,lo_A_model_1_relaxed_repeat085,lo_A_model_1_relaxed_repeat070
2.599,0.355805944843908,3.08,0.4113573957157137,lo_A_model_1_relaxed_repeat085,lo_A_model_1_relaxed_repeat012
2.6109999999999998,0.3761449097529398,3.0,0.4209399183712537,lo_A_model_1_relaxed_repeat085,lo_A_model_1_relaxed_repeat052
2.615,0.354325502008239,2.94,0.41986090073459476,lo_A_model_1_relaxed_repeat085,lo_A_model_1_relaxed_repeat044
2.6310000000000002,0.3702462266970521,2.91,0.4143015909908722,lo_A_model_1_relaxed_repeat085,lo_A_model_1_relaxed_repeat076
2.643,0.3604303607096885,3.0700000000000003,0.425642088391863,lo_A_model_1_relaxed_repeat085,lo_A_model_1_relaxed_repeat022
2.645,0.36515510334553,3.01,0.41418043934694115,lo_A_model_1_relaxed_repeat085,lo_A_model_1_relaxed_repeat034
2.645,0.365843890501746,3.08,0.44407905700428385,lo_A_model_1_relaxed_repeat085,lo_A_model_1_relaxed_repeat088
2.6470000000000002,0.3534204283026533,3.05,0.40477882125239434,lo_A_model_1_relaxed_repeat085,lo_A_model_1_relaxed_repeat079
2.6559999999999997,0.37698724643827164,2.98,0.415001077269057,lo_A_model_1_relaxed_repeat085,lo_A_model_1_relaxed_repeat069
2.667,0.35492805855906007,3.0300000000000002,0.39942687839880103,lo_A_model_1_relaxed_repeat085,lo_A_model_1_relaxed_repeat009
2.678,0.35500801699625967,2.9299999999999997,0.4019527798087659,lo_A_model_1_relaxed_repeat085,lo_A_model_1_relaxed_repeat035
2.682,0.36299938676609467,3.05,0.41463067662335207,lo_A_model_1_relaxed_repeat085,lo_A_model_1_relaxed_repeat014
2.683,0.374253073970344,3.08,0.43354043691850785,lo_A_model_1_relaxed_repeat085,lo_A_model_1_relaxed_repeat043
2.6870000000000003,0.3940569499809973,3.02,0.4249729773450703,lo_A_model_1_relaxed_repeat085,lo_A_model_1_relaxed_repeat042
2.6879999999999997,0.37441647417994184,2.98,0.4226834027275554,lo_A_model_1_relaxed_repeat085,lo_A_model_1_relaxed_repeat090
2.691,0.3995197027017869,3.02,0.42169244805179984,lo_A_model_1_relaxed_repeat085,lo_A_model_1_relaxed_repeat100
2.698,0.39433103237017597,2.9299999999999997,0.42731992417457737,lo_A_model_1_relaxed_repeat085,lo_A_model_1_relaxed_repeat021
2.7009999999999996,0.37254753074063474,2.98,0.406288656133794,lo_A_model_1_relaxed_repeat085,lo_A_model_1_relaxed_repeat002
2.7030000000000003,0.3604354436135208,2.89,0.40743929746144986,lo_A_model_1_relaxed_repeat085,lo_A_model_1_relaxed_repeat078
2.7089999999999996,0.35223830899452013,3.02,0.41608179838472537,lo_A_model_1_relaxed_repeat085,lo_A_model_1_relaxed_repeat064
2.7279999999999998,0.3842426004045689,3.06,0.422002617136214,lo_A_model_1_relaxed_repeat085,lo_A_model_1_relaxed_repeat058
2.741,0.36253158828380255,3.0300000000000002,0.41202733356556603,lo_A_model_1_relaxed_repeat085,lo_A_model_1_relaxed_repeat093
2.741,0.3621209790021512,2.8499999999999996,0.4023529507729602,lo_A_model_1_relaxed_repeat085,lo_A_model_1_relaxed_repeat005
2.7430000000000003,0.35545743443724676,2.94,0.40005571857995786,lo_A_model_1_relaxed_repeat085,lo_A_model_1_relaxed_repeat099
2.746,0.3678603092929106,3.04,0.40257252165682283,lo_A_model_1_relaxed_repeat085,lo_A_model_1_relaxed_repeat055
2.751,0.38478989566442146,2.94,0.4235791025063848,lo_A_model_1_relaxed_repeat085,lo_A_model_1_relaxed_repeat019
2.751,0.37618568110265266,2.91,0.4117733379314248,lo_A_model_1_relaxed_repeat085,lo_A_model_1_relaxed_repeat084
2.76,0.3779005303948054,2.8899999999999997,0.43400394900730366,lo_A_model_1_relaxed_repeat085,lo_A_model_1_relaxed_repeat074
2.763,0.3722054841893898,3.0,0.4215557398185473,lo_A_model_1_relaxed_repeat085,lo_A_model_1_relaxed_repeat025
2.795,0.3861207072564823,3.08,0.41911385501088927,lo_A_model_1_relaxed_repeat085,lo_A_model_1_relaxed_repeat001
2.802,0.3719973971942725,3.08,0.4279804188426527,lo_A_model_1_relaxed_repeat085,lo_A_model_1_relaxed_repeat051
2.806,0.3901930636179545,3.0700000000000003,0.4330867351601453,lo_A_model_1_relaxed_repeat085,lo_A_model_1_relaxed_repeat071
2.816,0.36273074783099307,2.9000000000000004,0.4030767577958947,lo_A_model_1_relaxed_repeat085,lo_A_model_1_relaxed_repeat094
2.817,0.387115890201309,3.0300000000000002,0.43325860475932515,lo_A_model_1_relaxed_repeat085,lo_A_model_1_relaxed_repeat023
2.819,0.37535757791985475,3.04,0.4090933133843598,lo_A_model_1_relaxed_repeat085,lo_A_model_1_relaxed_repeat059
2.824,0.36554452846265423,3.06,0.40917866719579343,lo_A_model_1_relaxed_repeat085,lo_A_model_1_relaxed_repeat016
2.838,0.3570192418565055,2.9299999999999997,0.4116082418735741,lo_A_model_1_relaxed_repeat085,lo_A_model_1_relaxed_repeat056
2.859,0.3629221827466788,2.96,0.41852202653537723,lo_A_model_1_relaxed_repeat085,lo_A_model_1_relaxed_repeat048
2.879,0.37303000374096873,2.95,0.43037555546413025,lo_A_model_1_relaxed_repeat085,lo_A_model_1_relaxed_repeat053
2.8810000000000002,0.38284142550349104,2.99,0.4225927533608841,lo_A_model_1_relaxed_repeat085,lo_A_model_1_relaxed_repeat031
2.883,0.3618160453100122,3.02,0.41240735726485317,lo_A_model_1_relaxed_repeat085,lo_A_model_1_relaxed_repeat011
2.885,0.3567490299724249,2.96,0.40293103525323437,lo_A_model_1_relaxed_repeat085,lo_A_model_1_relaxed_repeat063
2.902,0.36444022020883693,2.9699999999999998,0.4238487732039518,lo_A_model_1_relaxed_repeat085,lo_A_model_1_relaxed_repeat097
2.9059999999999997,0.356324231881635,3.0700000000000003,0.40562990806595683,lo_A_model_1_relaxed_repeat085,lo_A_model_1_relaxed_repeat033
2.907,0.3843843529050396,3.09,0.43799046899436045,lo_A_model_1_relaxed_repeat085,lo_A_model_1_relaxed_repeat020
2.911,0.3978281208435442,2.94,0.44433052307252713,lo_A_model_1_relaxed_repeat085,lo_A_model_1_relaxed_repeat087
2.912,0.3665933724377837,2.91,0.41372774112551847,lo_A_model_1_relaxed_repeat085,lo_A_model_1_relaxed_repeat057
2.915,0.393373683219276,2.92,0.4307218215433809,lo_A_model_1_relaxed_repeat085,lo_A_model_1_relaxed_repeat003
2.9219999999999997,0.3845199258693338,3.1,0.4127137933851468,lo_A_model_1_relaxed_repeat085,lo_A_model_1_relaxed_repeat030
2.923,0.3933458430153463,3.04,0.405214226533121,lo_A_model_1_relaxed_repeat085,lo_A_model_1_relaxed_repeat013
2.926,0.3770810020636288,2.96,0.42705180891365335,lo_A_model_1_relaxed_repeat085,lo_A_model_1_relaxed_repeat060
2.931,0.38526027097904836,2.99,0.4187353055094763,lo_A_model_1_relaxed_repeat085,lo_A_model_1_relaxed_repeat039
2.94,0.3689210871263208,3.06,0.4224422148563089,lo_A_model_1_relaxed_repeat085,lo_A_model_1_relaxed_repeat067
2.956,0.3674937251904628,3.08,0.40969251179429034,lo_A_model_1_relaxed_repeat085,lo_A_model_1_relaxed_repeat037
2.957,0.35685707497532226,3.0700000000000003,0.4141307320559418,lo_A_model_1_relaxed_repeat085,lo_A_model_1_relaxed_repeat082
2.9619999999999997,0.37490312186862135,3.1,0.43130954731840965,lo_A_model_1_relaxed_repeat085,lo_A_model_1_relaxed_repeat046
2.964,0.3639436616307553,3.08,0.4276171124379676,lo_A_model_1_relaxed_repeat085,lo_A_model_1_relaxed_repeat008
2.965,0.36011618694149505,3.08,0.40676975170394314,lo_A_model_1_relaxed_repeat085,lo_A_model_1_relaxed_repeat041
2.967,0.37733584119843794,3.09,0.417820970484072,lo_A_model_1_relaxed_repeat085,lo_A_model_1_relaxed_repeat024
2.9699999999999998,0.37912447214485245,2.91,0.4237845702071238,lo_A_model_1_relaxed_repeat085,lo_A_model_1_relaxed_repeat049
2.973,0.37321667449758045,3.0700000000000003,0.40841078649972945,lo_A_model_1_relaxed_repeat085,lo_A_model_1_relaxed_repeat075
2.974,0.36034246467144776,2.8899999999999997,0.41265132482500083,lo_A_model_1_relaxed_repeat085,lo_A_model_1_relaxed_repeat065
2.975,0.39702520108984163,2.85,0.44811201465973155,lo_A_model_1_relaxed_repeat085,lo_A_model_1_relaxed_repeat061
2.992,0.38493196322079165,3.09,0.4190522722369523,lo_A_model_1_relaxed_repeat085,lo_A_model_1_relaxed_repeat081
3.004,0.37021516073231187,3.0300000000000002,0.40580339433004425,lo_A_model_1_relaxed_repeat085,lo_A_model_1_relaxed_repeat018
3.01,0.3681667777676148,3.06,0.4416590843412098,lo_A_model_1_relaxed_repeat085,lo_A_model_1_relaxed_repeat028
3.0149999999999997,0.3399145756525581,2.95,0.38779620180512064,lo_A_model_1_relaxed_repeat085,lo_A_model_1_relaxed_repeat083
3.027,0.3591307543394834,3.0700000000000003,0.4212888460967054,lo_A_model_1_relaxed_repeat085,lo_A_model_1_relaxed_repeat072
3.027,0.3749059445233067,3.08,0.4252817293938492,lo_A_model_1_relaxed_repeat085,lo_A_model_1_relaxed_repeat096
3.027,0.3637972509119627,3.09,0.4195540585090852,lo_A_model_1_relaxed_repeat085,lo_A_model_1_relaxed_repeat010
3.0300000000000002,0.39725270062581886,3.0700000000000003,0.43440841657261586,lo_A_model_1_relaxed_repeat085,lo_A_model_1_relaxed_repeat089
3.035,0.3470287789082599,2.94,0.4041373298793404,lo_A_model_1_relaxed_repeat085,lo_A_model_1_relaxed_repeat032
3.036,0.38664593452386653,3.25,0.45409152493588556,lo_A_model_1_relaxed_repeat085,lo_A_model_1_relaxed_repeat066
3.043,0.3760719652312628,3.08,0.4408493233454425,lo_A_model_1_relaxed_repeat085,lo_A_model_1_relaxed_repeat054
2.104,0.20703454820098016,2.75,0.2329485075141625,lo_A_model_1_relaxed_repeat069,lo_A_model_1_relaxed_repeat078
2.109,0.28839295289408506,3.0300000000000002,0.34411529491518345,lo_A_model_1_relaxed_repeat069,lo_A_model_1_relaxed_repeat008
2.202,0.18384632118707198,2.87,0.19630164228540856,lo_A_model_1_relaxed_repeat069,lo_A_model_1_relaxed_repeat005
2.2439999999999998,0.2772799724443528,3.0,0.32415277487510036,lo_A_model_1_relaxed_repeat069,lo_A_model_1_relaxed_repeat007
2.247,0.3012222688012049,2.8200000000000003,0.3380693734835406,lo_A_model_1_relaxed_repeat069,lo_A_model_1_relaxed_repeat032
2.263,0.2693224227240915,2.84,0.31950139982812537,lo_A_model_1_relaxed_repeat069,lo_A_model_1_relaxed_repeat094
2.268,0.20139404502961492,2.96,0.23564558387908893,lo_A_model_1_relaxed_repeat069,lo_A_model_1_relaxed_repeat016
2.276,0.30497467612217016,2.5700000000000003,0.34859608068337655,lo_A_model_1_relaxed_repeat069,lo_A_model_1_relaxed_repeat099
2.278,0.2879699053382899,2.9299999999999997,0.3379321532501548,lo_A_model_1_relaxed_repeat069,lo_A_model_1_relaxed_repeat074
2.293,0.2944636792018647,3.0300000000000002,0.3503326030518531,lo_A_model_1_relaxed_repeat069,lo_A_model_1_relaxed_repeat010
2.2960000000000003,0.3050484499147997,2.7800000000000002,0.36868555909858985,lo_A_model_1_relaxed_repeat069,lo_A_model_1_relaxed_repeat014
2.303,0.2874947085412162,2.7699999999999996,0.33270616248867396,lo_A_model_1_relaxed_repeat069,lo_A_model_1_relaxed_repeat062
2.3049999999999997,0.32882309013598915,2.98,0.3812924335540253,lo_A_model_1_relaxed_repeat069,lo_A_model_1_relaxed_repeat067
2.3230000000000004,0.2993314252562246,3.01,0.35164620013805176,lo_A_model_1_relaxed_repeat069,lo_A_model_1_relaxed_repeat034
2.3289999999999997,0.3779163190522587,3.02,0.41092185000280546,lo_A_model_1_relaxed_repeat069,lo_A_model_1_relaxed_repeat098
2.335,0.21605330238316747,2.77,0.23479598790663553,lo_A_model_1_relaxed_repeat069,lo_A_model_1_relaxed_repeat060
2.3440000000000003,0.30604266068208147,3.0300000000000002,0.37536362913480736,lo_A_model_1_relaxed_repeat069,lo_A_model_1_relaxed_repeat088
2.3440000000000003,0.23334583310071116,2.7199999999999998,0.2657560812224697,lo_A_model_1_relaxed_repeat069,lo_A_model_1_relaxed_repeat025
2.365,0.21566367075638904,2.8899999999999997,0.2462077469323402,lo_A_model_1_relaxed_repeat069,lo_A_model_1_relaxed_repeat002
2.377,0.29132302764760676,2.9299999999999997,0.328762669267456,lo_A_model_1_relaxed_repeat069,lo_A_model_1_relaxed_repeat018
2.379,0.3065265743333393,2.86,0.35015602490027614,lo_A_model_1_relaxed_repeat069,lo_A_model_1_relaxed_repeat063
2.402,0.3008187297269012,3.02,0.3632006425158018,lo_A_model_1_relaxed_repeat069,lo_A_model_1_relaxed_repeat097
2.4109999999999996,0.35775604494782415,2.84,0.407464542459765,lo_A_model_1_relaxed_repeat069,lo_A_model_1_relaxed_repeat061
2.412,0.305645932028187,2.83,0.359359388694945,lo_A_model_1_relaxed_repeat069,lo_A_model_1_relaxed_repeat035
2.418,0.26704609612107233,2.81,0.3169111923909614,lo_A_model_1_relaxed_repeat069,lo_A_model_1_relaxed_repeat081
2.455,0.3430552665093896,2.9299999999999997,0.408469000264887,lo_A_model_1_relaxed_repeat069,lo_A_model_1_relaxed_repeat083
2.459,0.3085614580445165,2.84,0.342314222873792,lo_A_model_1_relaxed_repeat069,lo_A_model_1_relaxed_repeat057
2.466,0.26147664970411105,3.05,0.2891456014310015,lo_A_model_1_relaxed_repeat069,lo_A_model_1_relaxed_repeat079
2.479,0.2657749357107897,2.73,0.294037942915716,lo_A_model_1_relaxed_repeat069,lo_A_model_1_relaxed_repeat003
2.481,0.2645153654152676,2.9299999999999997,0.2874920910773821,lo_A_model_1_relaxed_repeat069,lo_A_model_1_relaxed_repeat092
2.497,0.3153169452561426,3.02,0.36387345502694685,lo_A_model_1_relaxed_repeat069,lo_A_model_1_relaxed_repeat022
2.504,0.2529772878234456,2.92,0.27226638474705833,lo_A_model_1_relaxed_repeat069,lo_A_model_1_relaxed_repeat065
2.5060000000000002,0.28894311581589255,2.82,0.33895070771481206,lo_A_model_1_relaxed_repeat069,lo_A_model_1_relaxed_repeat011
2.513,0.31798867814397724,2.74,0.3488298854517245,lo_A_model_1_relaxed_repeat069,lo_A_model_1_relaxed_repeat026
2.5149999999999997,0.33141328744613,3.04,0.36531034095333137,lo_A_model_1_relaxed_repeat069,lo_A_model_1_relaxed_repeat046
2.516,0.3154960465121661,3.0,0.35424444572180613,lo_A_model_1_relaxed_repeat069,lo_A_model_1_relaxed_repeat036
2.521,0.32481238383475736,2.7699999999999996,0.3579391417329898,lo_A_model_1_relaxed_repeat069,lo_A_model_1_relaxed_repeat049
2.5229999999999997,0.2892045026431472,2.87,0.3055404929742115,lo_A_model_1_relaxed_repeat069,lo_A_model_1_relaxed_repeat001
2.5460000000000003,0.26899395890701566,2.74,0.2844797475260824,lo_A_model_1_relaxed_repeat069,lo_A_model_1_relaxed_repeat056
2.561,0.238350423069472,2.92,0.2707591721947954,lo_A_model_1_relaxed_repeat069,lo_A_model_1_relaxed_repeat048
2.589,0.3180985077897772,3.0300000000000002,0.35514086749539137,lo_A_model_1_relaxed_repeat069,lo_A_model_1_relaxed_repeat051
2.602,0.3237226665015395,3.0300000000000002,0.3693536092935064,lo_A_model_1_relaxed_repeat069,lo_A_model_1_relaxed_repeat054
2.609,0.21597840457933565,2.9,0.24229848344280622,lo_A_model_1_relaxed_repeat069,lo_A_model_1_relaxed_repeat055
2.61,0.35191682672580615,2.89,0.4033562343490788,lo_A_model_1_relaxed_repeat069,lo_A_model_1_relaxed_repeat052
2.636,0.25592976672040757,2.77,0.26855673175106337,lo_A_model_1_relaxed_repeat069,lo_A_model_1_relaxed_repeat070
2.6470000000000002,0.3545044884509965,3.04,0.40824219297604963,lo_A_model_1_relaxed_repeat069,lo_A_model_1_relaxed_repeat080
2.652,0.3602094387590386,2.99,0.399650813251004,lo_A_model_1_relaxed_repeat069,lo_A_model_1_relaxed_repeat093
2.6550000000000002,0.3494935137680689,3.01,0.39206167947788706,lo_A_model_1_relaxed_repeat069,lo_A_model_1_relaxed_repeat073
2.665,0.2283697069072519,2.84,0.2605181367406412,lo_A_model_1_relaxed_repeat069,lo_A_model_1_relaxed_repeat021
2.674,0.23384902689978046,2.94,0.2520022253915409,lo_A_model_1_relaxed_repeat069,lo_A_model_1_relaxed_repeat031
2.676,0.29702965223383276,3.0,0.34651306160056894,lo_A_model_1_relaxed_repeat069,lo_A_model_1_relaxed_repeat058
2.691,0.21164049402807197,2.98,0.22770761565225964,lo_A_model_1_relaxed_repeat069,lo_A_model_1_relaxed_repeat009
2.6959999999999997,0.29994891839789767,2.8499999999999996,0.34284182215922726,lo_A_model_1_relaxed_repeat069,lo_A_model_1_relaxed_repeat053
2.71,0.26801170196304364,3.0300000000000002,0.27980986800282737,lo_A_model_1_relaxed_repeat069,lo_A_model_1_relaxed_repeat100
2.724,0.31717394035549246,2.82,0.3598206515579027,lo_A_model_1_relaxed_repeat069,lo_A_model_1_relaxed_repeat044
2.776,0.3794328728604746,3.12,0.4360121009988754,lo_A_model_1_relaxed_repeat069,lo_A_model_1_relaxed_repeat066
2.799,0.33273186264278876,3.0300000000000002,0.370087605141345,lo_A_model_1_relaxed_repeat069,lo_A_model_1_relaxed_repeat041
2.8,0.3132495346501127,3.0300000000000002,0.36486652663730607,lo_A_model_1_relaxed_repeat069,lo_A_model_1_relaxed_repeat096
2.806,0.3140629334707576,2.8499999999999996,0.3401932043839396,lo_A_model_1_relaxed_repeat069,lo_A_model_1_relaxed_repeat017
2.8129999999999997,0.3089130248767176,3.05,0.3619324623408867,lo_A_model_1_relaxed_repeat069,lo_A_model_1_relaxed_repeat024
2.824,0.2972381096837261,3.04,0.3552560985614364,lo_A_model_1_relaxed_repeat069,lo_A_model_1_relaxed_repeat020
2.825,0.30134303619786856,2.91,0.3397089977427053,lo_A_model_1_relaxed_repeat069,lo_A_model_1_relaxed_repeat075
2.83,0.26544441370428146,2.88,0.2791447699225391,lo_A_model_1_relaxed_repeat069,lo_A_model_1_relaxed_repeat013
2.834,0.3207144965057795,2.94,0.34751025344842457,lo_A_model_1_relaxed_repeat069,lo_A_model_1_relaxed_repeat030
2.853,0.29319347930848133,2.87,0.31279861841053935,lo_A_model_1_relaxed_repeat069,lo_A_model_1_relaxed_repeat095
2.854,0.27266162588776527,2.92,0.29080402576649944,lo_A_model_1_relaxed_repeat069,lo_A_model_1_relaxed_repeat084
2.8609999999999998,0.36513075244430404,3.02,0.41088873981809115,lo_A_model_1_relaxed_repeat069,lo_A_model_1_relaxed_repeat072
2.861,0.3113207298794069,3.0300000000000002,0.35424816111964835,lo_A_model_1_relaxed_repeat069,lo_A_model_1_relaxed_repeat038
2.879,0.25785754736934924,2.94,0.29662146221319446,lo_A_model_1_relaxed_repeat069,lo_A_model_1_relaxed_repeat023
2.893,0.3207012497003567,3.02,0.37215926413659184,lo_A_model_1_relaxed_repeat069,lo_A_model_1_relaxed_repeat082
2.894,0.3851742087699716,3.0300000000000002,0.4343155370164051,lo_A_model_1_relaxed_repeat069,lo_A_model_1_relaxed_repeat087
2.898,0.32029382879913526,2.84,0.3498777223557658,lo_A_model_1_relaxed_repeat069,lo_A_model_1_relaxed_repeat042
2.901,0.25747654642693724,2.8899999999999997,0.27600812743315356,lo_A_model_1_relaxed_repeat069,lo_A_model_1_relaxed_repeat076
2.902,0.3333770329009008,2.76,0.3582440484966384,lo_A_model_1_relaxed_repeat069,lo_A_model_1_relaxed_repeat033
2.91,0.24147351780208504,2.99,0.26242404719010365,lo_A_model_1_relaxed_repeat069,lo_A_model_1_relaxed_repeat027
2.941,0.2509962079862206,2.8,0.27794700043366455,lo_A_model_1_relaxed_repeat069,lo_A_model_1_relaxed_repeat059
2.944,0.29772079458908846,3.0300000000000002,0.34418467445363593,lo_A_model_1_relaxed_repeat069,lo_A_model_1_relaxed_repeat043
2.951,0.23877304216606204,2.83,0.24700940886668574,lo_A_model_1_relaxed_repeat069,lo_A_model_1_relaxed_repeat086
2.952,0.35719709358052565,3.01,0.4065826738467702,lo_A_model_1_relaxed_repeat069,lo_A_model_1_relaxed_repeat050
2.963,0.30397030434360983,2.8600000000000003,0.3370272294072775,lo_A_model_1_relaxed_repeat069,lo_A_model_1_relaxed_repeat039
2.9640000000000004,0.3493746835818202,3.0300000000000002,0.39587457732572107,lo_A_model_1_relaxed_repeat069,lo_A_model_1_relaxed_repeat012
2.987,0.2450926098653049,2.8899999999999997,0.26445463086939686,lo_A_model_1_relaxed_repeat069,lo_A_model_1_relaxed_repeat019
2.989,0.31710584875291203,3.06,0.3515624231044265,lo_A_model_1_relaxed_repeat069,lo_A_model_1_relaxed_repeat089
2.9930000000000003,0.3026223792697873,3.0300000000000002,0.34648965162589496,lo_A_model_1_relaxed_repeat069,lo_A_model_1_relaxed_repeat037
3.002,0.30613870831169404,3.02,0.34137963797597326,lo_A_model_1_relaxed_repeat069,lo_A_model_1_relaxed_repeat071
3.003,0.3282332591148059,3.02,0.3734350081249428,lo_A_model_1_relaxed_repeat069,lo_A_model_1_relaxed_repeat064
3.005,0.23843622217645474,2.9299999999999997,0.27913467350252114,lo_A_model_1_relaxed_repeat069,lo_A_model_1_relaxed_repeat090
3.007,0.343333469450089,2.95,0.38534064227194126,lo_A_model_1_relaxed_repeat069,lo_A_model_1_relaxed_repeat091
3.026,0.362002962388783,2.88,0.4126042764977882,lo_A_model_1_relaxed_repeat069,lo_A_model_1_relaxed_repeat028
2.096,0.27931816891312056,3.02,0.3318205730569801,lo_A_model_1_relaxed_repeat008,lo_A_model_1_relaxed_repeat078
2.142,0.2865874165998255,3.01,0.3294294716992308,lo_A_model_1_relaxed_repeat008,lo_A_model_1_relaxed_repeat065
2.143,0.2691602019358576,3.08,0.31826186570891707,lo_A_model_1_relaxed_repeat008,lo_A_model_1_relaxed_repeat097
2.143,0.2720856409189532,3.08,0.3384827714259877,lo_A_model_1_relaxed_repeat008,lo_A_model_1_relaxed_repeat014
2.1479999999999997,0.2825413471963643,2.98,0.3184462457698651,lo_A_model_1_relaxed_repeat008,lo_A_model_1_relaxed_repeat002
2.164,0.2557671111861741,2.7199999999999998,0.29846886332550865,lo_A_model_1_relaxed_repeat008,lo_A_model_1_relaxed_repeat010
2.171,0.27105383804466054,3.08,0.31058383344367185,lo_A_model_1_relaxed_repeat008,lo_A_model_1_relaxed_repeat094
2.1950000000000003,0.2791222754192025,3.02,0.33041600345049055,lo_A_model_1_relaxed_repeat008,lo_A_model_1_relaxed_repeat005
2.234,0.2800295779390883,3.08,0.3172988193683238,lo_A_model_1_relaxed_repeat008,lo_A_model_1_relaxed_repeat057
2.237,0.289424625800965,3.04,0.3290884362227087,lo_A_model_1_relaxed_repeat008,lo_A_model_1_relaxed_repeat025
2.24,0.28965228475848126,3.0300000000000002,0.33634516299410033,lo_A_model_1_relaxed_repeat008,lo_A_model_1_relaxed_repeat060
2.2560000000000002,0.2760965423820218,3.09,0.3205925754407827,lo_A_model_1_relaxed_repeat008,lo_A_model_1_relaxed_repeat075
2.2560000000000002,0.23793778775987423,2.84,0.283467291399336,lo_A_model_1_relaxed_repeat008,lo_A_model_1_relaxed_repeat088
2.258,0.34796939253359666,2.76,0.3866541855812088,lo_A_model_1_relaxed_repeat008,lo_A_model_1_relaxed_repeat098
2.263,0.2880767388026997,3.08,0.3606576015827188,lo_A_model_1_relaxed_repeat008,lo_A_model_1_relaxed_repeat099
2.302,0.2913885989425552,2.8,0.3182328710691251,lo_A_model_1_relaxed_repeat008,lo_A_model_1_relaxed_repeat009
2.326,0.27580303975518006,3.05,0.3229312722249577,lo_A_model_1_relaxed_repeat008,lo_A_model_1_relaxed_repeat081
2.3520000000000003,0.3021748397244845,2.92,0.36628533949432,lo_A_model_1_relaxed_repeat008,lo_A_model_1_relaxed_repeat074
2.366,0.28313068356698845,3.08,0.3473899821725966,lo_A_model_1_relaxed_repeat008,lo_A_model_1_relaxed_repeat063
2.367,0.2645317443650649,3.09,0.300540619227146,lo_A_model_1_relaxed_repeat008,lo_A_model_1_relaxed_repeat032
2.3739999999999997,0.265742684281105,2.7,0.30828618515908685,lo_A_model_1_relaxed_repeat008,lo_A_model_1_relaxed_repeat016
2.375,0.3005006442522117,3.0,0.3220865894469586,lo_A_model_1_relaxed_repeat008,lo_A_model_1_relaxed_repeat043
2.393,0.2864654590478018,3.0300000000000002,0.33386426957779614,lo_A_model_1_relaxed_repeat008,lo_A_model_1_relaxed_repeat055
2.398,0.26786644922589126,3.01,0.30560711404433377,lo_A_model_1_relaxed_repeat008,lo_A_model_1_relaxed_repeat022
2.418,0.3020514499182399,2.8899999999999997,0.3432310499475079,lo_A_model_1_relaxed_repeat008,lo_A_model_1_relaxed_repeat019
2.422,0.3017969520822287,3.06,0.34476750890003116,lo_A_model_1_relaxed_repeat008,lo_A_model_1_relaxed_repeat049
2.424,0.2798045940878656,2.9699999999999998,0.32398630289492075,lo_A_model_1_relaxed_repeat008,lo_A_model_1_relaxed_repeat037
2.436,0.2814970880605201,2.99,0.32247646884908265,lo_A_model_1_relaxed_repeat008,lo_A_model_1_relaxed_repeat090
2.436,0.3029830091979762,2.99,0.3495840978760901,lo_A_model_1_relaxed_repeat008,lo_A_model_1_relaxed_repeat021
2.439,0.27328805096140457,2.87,0.3020702056740073,lo_A_model_1_relaxed_repeat008,lo_A_model_1_relaxed_repeat058
2.443,0.33723543607088063,3.04,0.38897098390923585,lo_A_model_1_relaxed_repeat008,lo_A_model_1_relaxed_repeat050
2.447,0.3264265112378477,3.01,0.37466914350644254,lo_A_model_1_relaxed_repeat008,lo_A_model_1_relaxed_repeat001
2.45,0.2901769930017282,2.99,0.33208859152043413,lo_A_model_1_relaxed_repeat008,lo_A_model_1_relaxed_repeat086
2.45,0.27376958556415903,3.06,0.30965784800747104,lo_A_model_1_relaxed_repeat008,lo_A_model_1_relaxed_repeat070
2.457,0.30152012106137144,3.0300000000000002,0.34436959052506033,lo_A_model_1_relaxed_repeat008,lo_A_model_1_relaxed_repeat053
2.459,0.2857975913705192,3.08,0.3202297994620727,lo_A_model_1_relaxed_repeat008,lo_A_model_1_relaxed_repeat034
2.4619999999999997,0.2742323279100378,3.08,0.32186856095202526,lo_A_model_1_relaxed_repeat008,lo_A_model_1_relaxed_repeat035
2.471,0.3082723360768394,2.9699999999999998,0.3345920155671066,lo_A_model_1_relaxed_repeat008,lo_A_model_1_relaxed_repeat100
2.479,0.30690928699452985,3.0,0.33631857810708493,lo_A_model_1_relaxed_repeat008,lo_A_model_1_relaxed_repeat023
2.4829999999999997,0.2822801366311145,3.08,0.3196201697840127,lo_A_model_1_relaxed_repeat008,lo_A_model_1_relaxed_repeat018
2.491,0.33615669501759177,3.08,0.4075114469547348,lo_A_model_1_relaxed_repeat008,lo_A_model_1_relaxed_repeat083
2.493,0.25512472362862215,3.06,0.30905060213193497,lo_A_model_1_relaxed_repeat008,lo_A_model_1_relaxed_repeat007
2.4930000000000003,0.280060132006221,3.09,0.3296655000406083,lo_A_model_1_relaxed_repeat008,lo_A_model_1_relaxed_repeat011
2.5010000000000003,0.3267235254595208,2.9699999999999998,0.3677694432334636,lo_A_model_1_relaxed_repeat008,lo_A_model_1_relaxed_repeat095
2.509,0.3124491168874971,3.09,0.34448460393203184,lo_A_model_1_relaxed_repeat008,lo_A_model_1_relaxed_repeat030
2.5090000000000003,0.3244978191311722,3.08,0.34533490203520173,lo_A_model_1_relaxed_repeat008,lo_A_model_1_relaxed_repeat042
2.514,0.3353590986327423,2.9299999999999997,0.39299058804122045,lo_A_model_1_relaxed_repeat008,lo_A_model_1_relaxed_repeat061
2.5140000000000002,0.29338059282451834,3.08,0.35112490390201645,lo_A_model_1_relaxed_repeat008,lo_A_model_1_relaxed_repeat039
2.524,0.269671269706829,3.08,0.3306016538146885,lo_A_model_1_relaxed_repeat008,lo_A_model_1_relaxed_repeat062
2.528,0.3242880512758466,2.98,0.3602221536774217,lo_A_model_1_relaxed_repeat008,lo_A_model_1_relaxed_repeat012
2.5309999999999997,0.33200878179260646,2.99,0.3931110644752645,lo_A_model_1_relaxed_repeat008,lo_A_model_1_relaxed_repeat067
2.5330000000000004,0.2842631873047447,3.05,0.3285917844395147,lo_A_model_1_relaxed_repeat008,lo_A_model_1_relaxed_repeat056
2.535,0.2952219596106252,2.77,0.33120510870808556,lo_A_model_1_relaxed_repeat008,lo_A_model_1_relaxed_repeat027
2.537,0.29716741523129747,2.9299999999999997,0.33541702098809245,lo_A_model_1_relaxed_repeat008,lo_A_model_1_relaxed_repeat092
2.548,0.2868258577521391,3.09,0.3343580101776494,lo_A_model_1_relaxed_repeat008,lo_A_model_1_relaxed_repeat048
2.561,0.2723121026670341,2.87,0.2988264600380698,lo_A_model_1_relaxed_repeat008,lo_A_model_1_relaxed_repeat096
2.569,0.3560320624194855,3.08,0.418674589648294,lo_A_model_1_relaxed_repeat008,lo_A_model_1_relaxed_repeat052
2.569,0.28452480726881985,2.95,0.3331529268597987,lo_A_model_1_relaxed_repeat008,lo_A_model_1_relaxed_repeat079
2.574,0.2569996086680053,3.06,0.29023127278505334,lo_A_model_1_relaxed_repeat008,lo_A_model_1_relaxed_repeat024
2.585,0.2951923564809049,3.01,0.3306296070422804,lo_A_model_1_relaxed_repeat008,lo_A_model_1_relaxed_repeat003
2.5949999999999998,0.2894523238506585,2.9,0.32950919412495233,lo_A_model_1_relaxed_repeat008,lo_A_model_1_relaxed_repeat054
2.6029999999999998,0.27176717239997467,3.01,0.30355551610716025,lo_A_model_1_relaxed_repeat008,lo_A_model_1_relaxed_repeat038
2.6180000000000003,0.3292483115276019,3.08,0.35679670860764323,lo_A_model_1_relaxed_repeat008,lo_A_model_1_relaxed_repeat017
2.625,0.26915553842093043,2.9,0.29031224865089345,lo_A_model_1_relaxed_repeat008,lo_A_model_1_relaxed_repeat051
2.633,0.31233893405751245,2.99,0.33866133842811574,lo_A_model_1_relaxed_repeat008,lo_A_model_1_relaxed_repeat031
2.637,0.35821274558783317,3.08,0.41823424722371416,lo_A_model_1_relaxed_repeat008,lo_A_model_1_relaxed_repeat028
2.6390000000000002,0.36707049137273856,3.1,0.4214128426817462,lo_A_model_1_relaxed_repeat008,lo_A_model_1_relaxed_repeat087
2.651,0.29637591545502234,3.05,0.3382897319981696,lo_A_model_1_relaxed_repeat008,lo_A_model_1_relaxed_repeat076
2.678,0.3021878613983988,3.08,0.33177154868225434,lo_A_model_1_relaxed_repeat008,lo_A_model_1_relaxed_repeat033
2.694,0.3191739525982147,2.8,0.3492674123388674,lo_A_model_1_relaxed_repeat008,lo_A_model_1_relaxed_repeat041
2.72,0.3077154808705308,3.0700000000000003,0.3481716397138076,lo_A_model_1_relaxed_repeat008,lo_A_model_1_relaxed_repeat089
2.725,0.2844527295787595,3.0300000000000002,0.3213152957972974,lo_A_model_1_relaxed_repeat008,lo_A_model_1_relaxed_repeat020
2.76,0.3093318943901217,3.08,0.3400161150771537,lo_A_model_1_relaxed_repeat008,lo_A_model_1_relaxed_repeat036
2.7889999999999997,0.3122450103604425,3.0300000000000002,0.3563968067113518,lo_A_model_1_relaxed_repeat008,lo_A_model_1_relaxed_repeat013
2.8040000000000003,0.3494655739991946,3.05,0.3904803908294469,lo_A_model_1_relaxed_repeat008,lo_A_model_1_relaxed_repeat072
2.818,0.29155652774344465,2.99,0.3301219265804014,lo_A_model_1_relaxed_repeat008,lo_A_model_1_relaxed_repeat059
2.834,0.35463472472789886,3.04,0.40811072440730073,lo_A_model_1_relaxed_repeat008,lo_A_model_1_relaxed_repeat091
2.841,0.3018165740132078,2.95,0.34761340406237795,lo_A_model_1_relaxed_repeat008,lo_A_model_1_relaxed_repeat084
2.8449999999999998,0.27958190684007417,3.01,0.3193190179008025,lo_A_model_1_relaxed_repeat008,lo_A_model_1_relaxed_repeat026
2.872,0.32949586150175103,3.06,0.36985358430025045,lo_A_model_1_relaxed_repeat008,lo_A_model_1_relaxed_repeat093
2.873,0.3205801835379929,3.08,0.37342765260629046,lo_A_model_1_relaxed_repeat008,lo_A_model_1_relaxed_repeat064
2.876,0.3653578033428591,3.08,0.410013363821425,lo_A_model_1_relaxed_repeat008,lo_A_model_1_relaxed_repeat066
2.937,0.30291480881925015,2.76,0.3304631942392089,lo_A_model_1_relaxed_repeat008,lo_A_model_1_relaxed_repeat046
2.945,0.29322041444094804,2.99,0.3115428862244836,lo_A_model_1_relaxed_repeat008,lo_A_model_1_relaxed_repeat071
2.9539999999999997,0.3171716742688605,2.9299999999999997,0.3626965453062796,lo_A_model_1_relaxed_repeat008,lo_A_model_1_relaxed_repeat080
2.963,0.3338545900051773,2.9299999999999997,0.35613241979519994,lo_A_model_1_relaxed_repeat008,lo_A_model_1_relaxed_repeat073
2.969,0.2721100798667572,2.95,0.31785245945245,lo_A_model_1_relaxed_repeat008,lo_A_model_1_relaxed_repeat082
2.987,0.3295127429744508,3.08,0.3675980886682639,lo_A_model_1_relaxed_repeat008,lo_A_model_1_relaxed_repeat044
2.1109999999999998,0.2791978797915816,2.9699999999999998,0.32363917809277437,lo_A_model_1_relaxed_repeat060,lo_A_model_1_relaxed_repeat095
2.1870000000000003,0.2930308703654351,2.85,0.34190072934516025,lo_A_model_1_relaxed_repeat060,lo_A_model_1_relaxed_repeat032
2.209,0.25329106002239304,3.0,0.29163281634756993,lo_A_model_1_relaxed_repeat060,lo_A_model_1_relaxed_repeat048
2.211,0.25293461413413093,2.99,0.30887474022686706,lo_A_model_1_relaxed_repeat060,lo_A_model_1_relaxed_repeat090
2.239,0.31414668215867225,3.0,0.37440302506634066,lo_A_model_1_relaxed_repeat060,lo_A_model_1_relaxed_repeat014
2.2560000000000002,0.29108771888528195,3.01,0.3248439704692309,lo_A_model_1_relaxed_repeat060,lo_A_model_1_relaxed_repeat007
2.2750000000000004,0.2186243189741804,2.96,0.25928580239718035,lo_A_model_1_relaxed_repeat060,lo_A_model_1_relaxed_repeat078
2.282,0.2513219025720726,2.8499999999999996,0.27138631013301107,lo_A_model_1_relaxed_repeat060,lo_A_model_1_relaxed_repeat002
2.284,0.27283552456029014,2.98,0.31240627779132973,lo_A_model_1_relaxed_repeat060,lo_A_model_1_relaxed_repeat079
2.284,0.3036379512451262,2.99,0.36712154123286744,lo_A_model_1_relaxed_repeat060,lo_A_model_1_relaxed_repeat074
2.292,0.2458951758008223,2.98,0.2747486300751709,lo_A_model_1_relaxed_repeat060,lo_A_model_1_relaxed_repeat076
2.294,0.28364853425872744,2.8899999999999997,0.32310395533227243,lo_A_model_1_relaxed_repeat060,lo_A_model_1_relaxed_repeat084
2.298,0.34012956674557865,3.0,0.403120020679898,lo_A_model_1_relaxed_repeat060,lo_A_model_1_relaxed_repeat067
2.311,0.26523435530336237,2.9299999999999997,0.3000504011071773,lo_A_model_1_relaxed_repeat060,lo_A_model_1_relaxed_repeat092
2.327,0.22908688245702102,2.8899999999999997,0.2458143454270715,lo_A_model_1_relaxed_repeat060,lo_A_model_1_relaxed_repeat005
2.338,0.30327155402255596,3.0300000000000002,0.35391786346164167,lo_A_model_1_relaxed_repeat060,lo_A_model_1_relaxed_repeat010
2.341,0.3002572316368327,2.76,0.34068432352776074,lo_A_model_1_relaxed_repeat060,lo_A_model_1_relaxed_repeat062
2.342,0.29504871933481747,3.0300000000000002,0.35935238204000464,lo_A_model_1_relaxed_repeat060,lo_A_model_1_relaxed_repeat088
2.3449999999999998,0.3056142692104941,3.0,0.3558359960432818,lo_A_model_1_relaxed_repeat060,lo_A_model_1_relaxed_repeat097
2.352,0.32507641843951857,3.0300000000000002,0.373476073775019,lo_A_model_1_relaxed_repeat060,lo_A_model_1_relaxed_repeat041
2.354,0.30790613083815876,3.0,0.36087181829809595,lo_A_model_1_relaxed_repeat060,lo_A_model_1_relaxed_repeat063
2.355,0.3043501324911053,2.99,0.36926741844267685,lo_A_model_1_relaxed_repeat060,lo_A_model_1_relaxed_repeat011
2.388,0.29510105880360715,3.0,0.3475147818512908,lo_A_model_1_relaxed_repeat060,lo_A_model_1_relaxed_repeat094
2.3970000000000002,0.3735386446235271,2.95,0.43269564612384886,lo_A_model_1_relaxed_repeat060,lo_A_model_1_relaxed_repeat087
2.402,0.3077117875642865,2.99,0.34814345126821533,lo_A_model_1_relaxed_repeat060,lo_A_model_1_relaxed_repeat057
2.426,0.2539435058212436,2.8899999999999997,0.2788514148932776,lo_A_model_1_relaxed_repeat060,lo_A_model_1_relaxed_repeat055
2.4690000000000003,0.2914305513110836,2.8200000000000003,0.3478303485308383,lo_A_model_1_relaxed_repeat060,lo_A_model_1_relaxed_repeat081
2.471,0.2914410803068347,3.0300000000000002,0.343291273449127,lo_A_model_1_relaxed_repeat060,lo_A_model_1_relaxed_repeat043
2.4909999999999997,0.3051065884720313,3.0,0.3578512810399273,lo_A_model_1_relaxed_repeat060,lo_A_model_1_relaxed_repeat099
2.492,0.30601874469222357,3.0,0.34778831145557726,lo_A_model_1_relaxed_repeat060,lo_A_model_1_relaxed_repeat075
2.495,0.2971593302002072,3.0300000000000002,0.35663380111436693,lo_A_model_1_relaxed_repeat060,lo_A_model_1_relaxed_repeat037
2.531,0.3075190381070467,3.02,0.3663438037506503,lo_A_model_1_relaxed_repeat060,lo_A_model_1_relaxed_repeat022
2.538,0.3021514258119125,2.96,0.3374173135609686,lo_A_model_1_relaxed_repeat060,lo_A_model_1_relaxed_repeat001
2.5439999999999996,0.368054230314059,2.91,0.4268314908746647,lo_A_model_1_relaxed_repeat060,lo_A_model_1_relaxed_repeat061
2.552,0.3522536339113049,2.94,0.41475766404679104,lo_A_model_1_relaxed_repeat060,lo_A_model_1_relaxed_repeat052
2.554,0.36364061752291416,2.9699999999999998,0.411678409706652,lo_A_model_1_relaxed_repeat060,lo_A_model_1_relaxed_repeat093
2.554,0.24952203981771343,2.9699999999999998,0.2901263599210352,lo_A_model_1_relaxed_repeat060,lo_A_model_1_relaxed_repeat016
2.555,0.3140316947272617,3.0,0.358950345452843,lo_A_model_1_relaxed_repeat060,lo_A_model_1_relaxed_repeat049
2.5620000000000003,0.26955566203591846,2.98,0.31625300894258074,lo_A_model_1_relaxed_repeat060,lo_A_model_1_relaxed_repeat065
2.565,0.31218566611674436,3.0300000000000002,0.36373932246421187,lo_A_model_1_relaxed_repeat060,lo_A_model_1_relaxed_repeat038
2.574,0.25560970505081754,2.94,0.2924906122015495,lo_A_model_1_relaxed_repeat060,lo_A_model_1_relaxed_repeat023
2.574,0.23572630707134398,2.8899999999999997,0.2539141936553135,lo_A_model_1_relaxed_repeat060,lo_A_model_1_relaxed_repeat086
2.581,0.21694340486770672,2.94,0.2438308942836266,lo_A_model_1_relaxed_repeat060,lo_A_model_1_relaxed_repeat031
2.5810000000000004,0.37745462886636677,3.04,0.4178695198531685,lo_A_model_1_relaxed_repeat060,lo_A_model_1_relaxed_repeat098
2.585,0.35883898302270173,3.02,0.41742987040889284,lo_A_model_1_relaxed_repeat060,lo_A_model_1_relaxed_repeat072
2.607,0.26008221655955127,2.9299999999999997,0.3062900903659246,lo_A_model_1_relaxed_repeat060,lo_A_model_1_relaxed_repeat019
2.609,0.3116365840446552,2.8499999999999996,0.3591786051343622,lo_A_model_1_relaxed_repeat060,lo_A_model_1_relaxed_repeat034
2.6109999999999998,0.32073934929468817,3.0300000000000002,0.36607659634561257,lo_A_model_1_relaxed_repeat060,lo_A_model_1_relaxed_repeat051
2.6159999999999997,0.271729864069413,2.8899999999999997,0.29735226432417233,lo_A_model_1_relaxed_repeat060,lo_A_model_1_relaxed_repeat021
2.616,0.2503230307871996,2.98,0.28288939385550854,lo_A_model_1_relaxed_repeat060,lo_A_model_1_relaxed_repeat070
2.6310000000000002,0.34978805027394694,3.01,0.40993387233219053,lo_A_model_1_relaxed_repeat060,lo_A_model_1_relaxed_repeat050
2.642,0.31790778843186057,2.91,0.3644630361518573,lo_A_model_1_relaxed_repeat060,lo_A_model_1_relaxed_repeat035
2.644,0.2560201200292659,2.99,0.2955163759747364,lo_A_model_1_relaxed_repeat060,lo_A_model_1_relaxed_repeat025
2.663,0.31296677505605014,2.92,0.36195246251628443,lo_A_model_1_relaxed_repeat060,lo_A_model_1_relaxed_repeat018
2.6710000000000003,0.25253803917495093,2.98,0.27850212472509944,lo_A_model_1_relaxed_repeat060,lo_A_model_1_relaxed_repeat009
2.675,0.3062488412871134,3.04,0.34713175855408657,lo_A_model_1_relaxed_repeat060,lo_A_model_1_relaxed_repeat046
2.69,0.3185775084628956,3.0300000000000002,0.3775567111046274,lo_A_model_1_relaxed_repeat060,lo_A_model_1_relaxed_repeat054
2.6980000000000004,0.3096497578429359,3.0,0.3659094535306771,lo_A_model_1_relaxed_repeat060,lo_A_model_1_relaxed_repeat058
2.718,0.3045676787817646,3.01,0.3561865660212637,lo_A_model_1_relaxed_repeat060,lo_A_model_1_relaxed_repeat053
2.718,0.26717248826095086,2.9,0.29975206731530596,lo_A_model_1_relaxed_repeat060,lo_A_model_1_relaxed_repeat013
2.7199999999999998,0.248590454977965,2.99,0.2974454903717474,lo_A_model_1_relaxed_repeat060,lo_A_model_1_relaxed_repeat059
2.722,0.3191095860311873,2.96,0.3602534078710284,lo_A_model_1_relaxed_repeat060,lo_A_model_1_relaxed_repeat036
2.732,0.2779884179512187,2.99,0.30813946269382925,lo_A_model_1_relaxed_repeat060,lo_A_model_1_relaxed_repeat100
2.74,0.3015501581065367,2.88,0.34068323172366793,lo_A_model_1_relaxed_repeat060,lo_A_model_1_relaxed_repeat026
2.7489999999999997,0.3526950864902072,3.0,0.4156882704592768,lo_A_model_1_relaxed_repeat060,lo_A_model_1_relaxed_repeat083
2.751,0.3713040496437269,3.1,0.437035205791906,lo_A_model_1_relaxed_repeat060,lo_A_model_1_relaxed_repeat066
2.7649999999999997,0.27921818810121163,2.98,0.29451679589034724,lo_A_model_1_relaxed_repeat060,lo_A_model_1_relaxed_repeat003
2.77,0.3182531496134999,2.9299999999999997,0.3498881080086806,lo_A_model_1_relaxed_repeat060,lo_A_model_1_relaxed_repeat030
2.7720000000000002,0.2795699814626922,2.9299999999999997,0.30095465654027703,lo_A_model_1_relaxed_repeat060,lo_A_model_1_relaxed_repeat056
2.7720000000000002,0.29419822422290115,3.02,0.34681180245677773,lo_A_model_1_relaxed_repeat060,lo_A_model_1_relaxed_repeat071
2.7750000000000004,0.2997041731713274,2.91,0.3457043979445822,lo_A_model_1_relaxed_repeat060,lo_A_model_1_relaxed_repeat039
2.779,0.3238983494439763,2.79,0.35797662985876016,lo_A_model_1_relaxed_repeat060,lo_A_model_1_relaxed_repeat033
2.789,0.33140012510325784,3.0300000000000002,0.38254602236524143,lo_A_model_1_relaxed_repeat060,lo_A_model_1_relaxed_repeat012
2.822,0.318422595549096,3.0300000000000002,0.356962507498556,lo_A_model_1_relaxed_repeat060,lo_A_model_1_relaxed_repeat096
2.8280000000000003,0.3295265246867132,2.94,0.3681181700547577,lo_A_model_1_relaxed_repeat060,lo_A_model_1_relaxed_repeat017
2.835,0.3151446932480435,3.04,0.36914365581248915,lo_A_model_1_relaxed_repeat060,lo_A_model_1_relaxed_repeat024
2.853,0.3152700879027065,3.05,0.35936380759457376,lo_A_model_1_relaxed_repeat060,lo_A_model_1_relaxed_repeat089
2.858,0.3155476625246171,3.04,0.37489603709109737,lo_A_model_1_relaxed_repeat060,lo_A_model_1_relaxed_repeat020
2.878,0.3298703278415199,2.94,0.3657617915062946,lo_A_model_1_relaxed_repeat060,lo_A_model_1_relaxed_repeat042
2.89,0.23196014901188033,2.99,0.2545848537964238,lo_A_model_1_relaxed_repeat060,lo_A_model_1_relaxed_repeat027
2.916,0.34243179912638483,3.04,0.3999635891868788,lo_A_model_1_relaxed_repeat060,lo_A_model_1_relaxed_repeat080
2.925,0.34614808411623355,3.01,0.3918813066633317,lo_A_model_1_relaxed_repeat060,lo_A_model_1_relaxed_repeat073
2.931,0.32402880618690794,3.0,0.38855754669784914,lo_A_model_1_relaxed_repeat060,lo_A_model_1_relaxed_repeat082
2.949,0.32532621814377494,2.98,0.37804928110147856,lo_A_model_1_relaxed_repeat060,lo_A_model_1_relaxed_repeat044
2.983,0.33044587989896795,2.88,0.38361524745892944,lo_A_model_1_relaxed_repeat060,lo_A_model_1_relaxed_repeat064
2.987,0.3553364055191468,3.01,0.3991089144682332,lo_A_model_1_relaxed_repeat060,lo_A_model_1_relaxed_repeat091
3.0060000000000002,0.34383388709815144,2.87,0.4047207129711406,lo_A_model_1_relaxed_repeat060,lo_A_model_1_relaxed_repeat028
2.234,0.29318414677448973,2.9,0.3485949726195464,lo_A_model_1_relaxed_repeat053,lo_A_model_1_relaxed_repeat099
2.2809999999999997,0.32772282943481534,2.86,0.3683298732998628,lo_A_model_1_relaxed_repeat053,lo_A_model_1_relaxed_repeat001
2.303,0.2904156524983164,2.9299999999999997,0.3218993613779124,lo_A_model_1_relaxed_repeat053,lo_A_model_1_relaxed_repeat062
2.324,0.28721362947403967,2.94,0.32710102213816766,lo_A_model_1_relaxed_repeat053,lo_A_model_1_relaxed_repeat011
2.346,0.3078469144668842,3.0700000000000003,0.36377283074623284,lo_A_model_1_relaxed_repeat053,lo_A_model_1_relaxed_repeat010
2.348,0.2912018399460808,3.06,0.3322997853646041,lo_A_model_1_relaxed_repeat053,lo_A_model_1_relaxed_repeat051
2.3680000000000003,0.28467519226829374,3.06,0.3149367854457392,lo_A_model_1_relaxed_repeat053,lo_A_model_1_relaxed_repeat049
2.372,0.28862785787818135,2.91,0.3441435638811238,lo_A_model_1_relaxed_repeat053,lo_A_model_1_relaxed_repeat048
2.375,0.32581320337073666,3.04,0.35964602689840103,lo_A_model_1_relaxed_repeat053,lo_A_model_1_relaxed_repeat100
2.382,0.2851373561533211,3.0300000000000002,0.3298651911752286,lo_A_model_1_relaxed_repeat053,lo_A_model_1_relaxed_repeat096
2.41,0.2840985865275517,3.0300000000000002,0.3404798011525015,lo_A_model_1_relaxed_repeat053,lo_A_model_1_relaxed_repeat088
2.446,0.3047483091055932,2.99,0.3428116096544529,lo_A_model_1_relaxed_repeat053,lo_A_model_1_relaxed_repeat034
2.449,0.3599353256164355,3.0300000000000002,0.39836435971372836,lo_A_model_1_relaxed_repeat053,lo_A_model_1_relaxed_repeat098
2.4560000000000004,0.28957981794060195,3.06,0.3300870392866208,lo_A_model_1_relaxed_repeat053,lo_A_model_1_relaxed_repeat058
2.4589999999999996,0.34314750516422116,2.87,0.3809118267296111,lo_A_model_1_relaxed_repeat053,lo_A_model_1_relaxed_repeat061
2.469,0.31344099845679224,3.06,0.3691005965284448,lo_A_model_1_relaxed_repeat053,lo_A_model_1_relaxed_repeat046
2.489,0.2958469314813875,3.01,0.3253587433497152,lo_A_model_1_relaxed_repeat053,lo_A_model_1_relaxed_repeat063
2.493,0.29064668215610995,2.9,0.340915916869279,lo_A_model_1_relaxed_repeat053,lo_A_model_1_relaxed_repeat014
2.5,0.2884014181111571,3.05,0.31288422445259506,lo_A_model_1_relaxed_repeat053,lo_A_model_1_relaxed_repeat018
2.5069999999999997,0.30433278459085544,3.02,0.33834136371084017,lo_A_model_1_relaxed_repeat053,lo_A_model_1_relaxed_repeat022
2.511,0.3535230810181839,3.0,0.4109417983845323,lo_A_model_1_relaxed_repeat053,lo_A_model_1_relaxed_repeat067
2.5229999999999997,0.290588772358615,2.91,0.3321137488920736,lo_A_model_1_relaxed_repeat053,lo_A_model_1_relaxed_repeat094
2.526,0.28974644926916976,2.92,0.334572517805869,lo_A_model_1_relaxed_repeat053,lo_A_model_1_relaxed_repeat097
2.527,0.33313495441649055,3.0300000000000002,0.38510478294660894,lo_A_model_1_relaxed_repeat053,lo_A_model_1_relaxed_repeat041
2.535,0.3320033550341535,2.84,0.3634291850308514,lo_A_model_1_relaxed_repeat053,lo_A_model_1_relaxed_repeat021
2.546,0.3070548939007216,3.06,0.35174390801268235,lo_A_model_1_relaxed_repeat053,lo_A_model_1_relaxed_repeat024
2.5460000000000003,0.3556681399156705,3.06,0.4021747034954046,lo_A_model_1_relaxed_repeat053,lo_A_model_1_relaxed_repeat072
2.556,0.2863953029082303,3.0300000000000002,0.3406061667103878,lo_A_model_1_relaxed_repeat053,lo_A_model_1_relaxed_repeat054
2.585,0.2951424417873614,3.06,0.3309473115662131,lo_A_model_1_relaxed_repeat053,lo_A_model_1_relaxed_repeat081
2.62,0.31561946129646395,2.8899999999999997,0.3351777441473014,lo_A_model_1_relaxed_repeat053,lo_A_model_1_relaxed_repeat042
2.638,0.2893588705000296,3.06,0.3319031694289271,lo_A_model_1_relaxed_repeat053,lo_A_model_1_relaxed_repeat057
2.6390000000000002,0.3255773017259367,2.8899999999999997,0.36380354396019443,lo_A_model_1_relaxed_repeat053,lo_A_model_1_relaxed_repeat017
2.644,0.3113896335182996,2.95,0.3570043859906978,lo_A_model_1_relaxed_repeat053,lo_A_model_1_relaxed_repeat025
2.655,0.31731624378431184,3.06,0.3379449379941647,lo_A_model_1_relaxed_repeat053,lo_A_model_1_relaxed_repeat026
2.657,0.3668949848387914,3.0700000000000003,0.410366771292952,lo_A_model_1_relaxed_repeat053,lo_A_model_1_relaxed_repeat052
2.66,0.34467118746395264,2.95,0.3886468583992848,lo_A_model_1_relaxed_repeat053,lo_A_model_1_relaxed_repeat003
2.66,0.3416835500207649,3.06,0.3970065746492561,lo_A_model_1_relaxed_repeat053,lo_A_model_1_relaxed_repeat080
2.666,0.3183950273153936,3.02,0.35384380217495004,lo_A_model_1_relaxed_repeat053,lo_A_model_1_relaxed_repeat036
2.669,0.34936385310990564,3.01,0.387287474601016,lo_A_model_1_relaxed_repeat053,lo_A_model_1_relaxed_repeat073
2.6710000000000003,0.3202888016338916,3.04,0.36418030717947814,lo_A_model_1_relaxed_repeat053,lo_A_model_1_relaxed_repeat020
2.679,0.31320550781995415,2.9,0.36293518104011874,lo_A_model_1_relaxed_repeat053,lo_A_model_1_relaxed_repeat056
2.686,0.29462927895436225,2.98,0.3360960759158991,lo_A_model_1_relaxed_repeat053,lo_A_model_1_relaxed_repeat032
2.6929999999999996,0.3198144302779661,2.9299999999999997,0.3680174235472211,lo_A_model_1_relaxed_repeat053,lo_A_model_1_relaxed_repeat044
2.7009999999999996,0.3292039746699355,2.99,0.3789029794171046,lo_A_model_1_relaxed_repeat053,lo_A_model_1_relaxed_repeat084
2.71,0.2842900214728137,2.86,0.3339385207224791,lo_A_model_1_relaxed_repeat053,lo_A_model_1_relaxed_repeat078
2.711,0.3630912889621172,3.0,0.3883836134383254,lo_A_model_1_relaxed_repeat053,lo_A_model_1_relaxed_repeat093
2.711,0.33661090573509306,3.01,0.3783484931387621,lo_A_model_1_relaxed_repeat053,lo_A_model_1_relaxed_repeat092
2.7119999999999997,0.3396210848268131,3.06,0.386225193192959,lo_A_model_1_relaxed_repeat053,lo_A_model_1_relaxed_repeat074
2.713,0.32418602679848446,3.0,0.35568370961790424,lo_A_model_1_relaxed_repeat053,lo_A_model_1_relaxed_repeat082
2.714,0.31737042076587757,2.96,0.3613406922161079,lo_A_model_1_relaxed_repeat053,lo_A_model_1_relaxed_repeat016
2.725,0.3316157138739446,2.87,0.3793003875256525,lo_A_model_1_relaxed_repeat053,lo_A_model_1_relaxed_repeat064
2.727,0.2844791596491351,3.01,0.31479670756831496,lo_A_model_1_relaxed_repeat053,lo_A_model_1_relaxed_repeat007
2.727,0.2990554620548427,2.8899999999999997,0.32845526518892804,lo_A_model_1_relaxed_repeat053,lo_A_model_1_relaxed_repeat070
2.73,0.2998477944840323,2.96,0.34256405058815614,lo_A_model_1_relaxed_repeat053,lo_A_model_1_relaxed_repeat065
2.74,0.30445624552033357,2.95,0.33132995971259127,lo_A_model_1_relaxed_repeat053,lo_A_model_1_relaxed_repeat002
2.748,0.3596047675451505,3.04,0.4153566129000817,lo_A_model_1_relaxed_repeat053,lo_A_model_1_relaxed_repeat028
2.752,0.31508875739347697,3.0300000000000002,0.3621337970714719,lo_A_model_1_relaxed_repeat053,lo_A_model_1_relaxed_repeat079
2.771,0.3017876902961851,2.83,0.34363944574150374,lo_A_model_1_relaxed_repeat053,lo_A_model_1_relaxed_repeat005
2.782,0.3019795457738956,2.88,0.3423261753071611,lo_A_model_1_relaxed_repeat053,lo_A_model_1_relaxed_repeat055
2.794,0.379540791733133,3.04,0.4459032722274178,lo_A_model_1_relaxed_repeat053,lo_A_model_1_relaxed_repeat066
2.81,0.3314232645085597,3.02,0.38205584234070633,lo_A_model_1_relaxed_repeat053,lo_A_model_1_relaxed_repeat083
2.8259999999999996,0.31573516727031853,2.99,0.3551722465926108,lo_A_model_1_relaxed_repeat053,lo_A_model_1_relaxed_repeat031
2.833,0.32192222334391507,2.99,0.35977106852184554,lo_A_model_1_relaxed_repeat053,lo_A_model_1_relaxed_repeat027
2.8419999999999996,0.32555821984160954,3.02,0.3500793697049142,lo_A_model_1_relaxed_repeat053,lo_A_model_1_relaxed_repeat009
2.8449999999999998,0.3081211372060233,3.04,0.34241471897554515,lo_A_model_1_relaxed_repeat053,lo_A_model_1_relaxed_repeat075
2.8499999999999996,0.34097129461028197,3.0,0.37081575001312556,lo_A_model_1_relaxed_repeat053,lo_A_model_1_relaxed_repeat013
2.854,0.34067918823872784,3.01,0.3814474728387253,lo_A_model_1_relaxed_repeat053,lo_A_model_1_relaxed_repeat030
2.873,0.34710150811899904,3.0,0.39474716197638715,lo_A_model_1_relaxed_repeat053,lo_A_model_1_relaxed_repeat095
2.8810000000000002,0.3270126565430487,3.0300000000000002,0.357731047221125,lo_A_model_1_relaxed_repeat053,lo_A_model_1_relaxed_repeat038
2.897,0.3058176567807286,2.87,0.3413736871487598,lo_A_model_1_relaxed_repeat053,lo_A_model_1_relaxed_repeat035
2.899,0.3272302851411997,2.9699999999999998,0.3741934196476232,lo_A_model_1_relaxed_repeat053,lo_A_model_1_relaxed_repeat023
2.908,0.3490995098981934,2.95,0.39508786440595517,lo_A_model_1_relaxed_repeat053,lo_A_model_1_relaxed_repeat091
2.9139999999999997,0.3812405208840588,3.1100000000000003,0.42757107516816173,lo_A_model_1_relaxed_repeat053,lo_A_model_1_relaxed_repeat087
2.921,0.31972867878884,3.02,0.34834885413532835,lo_A_model_1_relaxed_repeat053,lo_A_model_1_relaxed_repeat076
2.9219999999999997,0.3111703952473592,2.91,0.35170892829611905,lo_A_model_1_relaxed_repeat053,lo_A_model_1_relaxed_repeat033
2.961,0.32915304805134016,2.99,0.36467309522439906,lo_A_model_1_relaxed_repeat053,lo_A_model_1_relaxed_repeat059
2.964,0.30191657366482055,3.0300000000000002,0.3390955739869926,lo_A_model_1_relaxed_repeat053,lo_A_model_1_relaxed_repeat043
2.971,0.3291559301050477,2.94,0.3607384732265305,lo_A_model_1_relaxed_repeat053,lo_A_model_1_relaxed_repeat086
2.972,0.35704419886447586,3.01,0.4049656372854051,lo_A_model_1_relaxed_repeat053,lo_A_model_1_relaxed_repeat050
2.9829999999999997,0.3008714752767253,3.05,0.3453913622733597,lo_A_model_1_relaxed_repeat053,lo_A_model_1_relaxed_repeat039
2.984,0.3389672031434117,3.0300000000000002,0.39226925003209706,lo_A_model_1_relaxed_repeat053,lo_A_model_1_relaxed_repeat012
3.0069999999999997,0.30762500116989555,2.8899999999999997,0.34354880247974184,lo_A_model_1_relaxed_repeat053,lo_A_model_1_relaxed_repeat019
3.009,0.3305554435908652,3.04,0.3628732107718221,lo_A_model_1_relaxed_repeat053,lo_A_model_1_relaxed_repeat089
3.013,0.31397506211169074,3.06,0.35232138404273894,lo_A_model_1_relaxed_repeat053,lo_A_model_1_relaxed_repeat037
3.022,0.29838425121542617,3.02,0.34401608572697984,lo_A_model_1_relaxed_repeat053,lo_A_model_1_relaxed_repeat071
3.025,0.3119394827776595,2.99,0.3494702715144582,lo_A_model_1_relaxed_repeat053,lo_A_model_1_relaxed_repeat090
2.193,0.28650264213179233,2.8899999999999997,0.3318008693196251,lo_A_model_1_relaxed_repeat081,lo_A_model_1_relaxed_repeat035
2.2110000000000003,0.27388593221021945,2.98,0.3316639456110837,lo_A_model_1_relaxed_repeat081,lo_A_model_1_relaxed_repeat016
2.278,0.29184463452494963,2.85,0.35115289375507186,lo_A_model_1_relaxed_repeat081,lo_A_model_1_relaxed_repeat078
2.293,0.292950072647845,2.91,0.3474694539944878,lo_A_model_1_relaxed_repeat081,lo_A_model_1_relaxed_repeat014
2.334,0.323528737173105,3.04,0.3799952187034491,lo_A_model_1_relaxed_repeat081,lo_A_model_1_relaxed_repeat022
2.383,0.3254857868246979,2.94,0.37320312464670735,lo_A_model_1_relaxed_repeat081,lo_A_model_1_relaxed_repeat049
2.399,0.2890640651525504,3.0,0.33035035808124424,lo_A_model_1_relaxed_repeat081,lo_A_model_1_relaxed_repeat009
2.438,0.3139386101292733,2.9699999999999998,0.36150500068764546,lo_A_model_1_relaxed_repeat081,lo_A_model_1_relaxed_repeat003
2.455,0.29559244648772887,3.0,0.3471653862877715,lo_A_model_1_relaxed_repeat081,lo_A_model_1_relaxed_repeat034
2.479,0.3134402558565449,3.06,0.3542123382148535,lo_A_model_1_relaxed_repeat081,lo_A_model_1_relaxed_repeat020
2.487,0.30763636728746074,3.05,0.339721799841508,lo_A_model_1_relaxed_repeat081,lo_A_model_1_relaxed_repeat051
2.489,0.29649738543672766,3.0700000000000003,0.34858881664524,lo_A_model_1_relaxed_repeat081,lo_A_model_1_relaxed_repeat011
2.503,0.29220277710361897,2.84,0.33511072626149685,lo_A_model_1_relaxed_repeat081,lo_A_model_1_relaxed_repeat021
2.5060000000000002,0.29309540454594535,3.02,0.34454087133048145,lo_A_model_1_relaxed_repeat081,lo_A_model_1_relaxed_repeat058
2.509,0.2895407201281079,2.96,0.3351088905512153,lo_A_model_1_relaxed_repeat081,lo_A_model_1_relaxed_repeat057
2.518,0.2742188437159763,2.87,0.31977388291504305,lo_A_model_1_relaxed_repeat081,lo_A_model_1_relaxed_repeat005
2.521,0.36639659087193366,3.04,0.4143507598852131,lo_A_model_1_relaxed_repeat081,lo_A_model_1_relaxed_repeat098
2.527,0.29422201820101357,3.05,0.3514464287408226,lo_A_model_1_relaxed_repeat081,lo_A_model_1_relaxed_repeat010
2.5300000000000002,0.2799052440320184,2.8099999999999996,0.33705800284495724,lo_A_model_1_relaxed_repeat081,lo_A_model_1_relaxed_repeat062
2.537,0.33734951925295564,3.06,0.3837467572197594,lo_A_model_1_relaxed_repeat081,lo_A_model_1_relaxed_repeat046
2.54,0.2950748955628322,2.99,0.335143340460797,lo_A_model_1_relaxed_repeat081,lo_A_model_1_relaxed_repeat100
2.572,0.30600668361145056,2.8200000000000003,0.34513475214583894,lo_A_model_1_relaxed_repeat081,lo_A_model_1_relaxed_repeat032
2.572,0.3582080712624948,3.02,0.40869487658389203,lo_A_model_1_relaxed_repeat081,lo_A_model_1_relaxed_repeat052
2.5730000000000004,0.30678068384895524,2.75,0.32714130068697306,lo_A_model_1_relaxed_repeat081,lo_A_model_1_relaxed_repeat065
2.58,0.3449886067244409,2.9699999999999998,0.3843264736399074,lo_A_model_1_relaxed_repeat081,lo_A_model_1_relaxed_repeat001
2.598,0.27877339493298253,2.84,0.32472587757228866,lo_A_model_1_relaxed_repeat081,lo_A_model_1_relaxed_repeat002
2.609,0.30071449727243615,2.89,0.35273474818212525,lo_A_model_1_relaxed_repeat081,lo_A_model_1_relaxed_repeat099
2.6180000000000003,0.3101534370379245,3.01,0.3614578255573565,lo_A_model_1_relaxed_repeat081,lo_A_model_1_relaxed_repeat027
2.622,0.3146640891240423,3.05,0.3733907195829489,lo_A_model_1_relaxed_repeat081,lo_A_model_1_relaxed_repeat088
2.623,0.26679188762378026,2.9,0.3158139562078001,lo_A_model_1_relaxed_repeat081,lo_A_model_1_relaxed_repeat094
2.623,0.34415217298284284,3.06,0.38481907756848294,lo_A_model_1_relaxed_repeat081,lo_A_model_1_relaxed_repeat041
2.624,0.2660208662634449,2.9,0.3120865677197161,lo_A_model_1_relaxed_repeat081,lo_A_model_1_relaxed_repeat007
2.625,0.34875319351325496,2.92,0.405834310821265,lo_A_model_1_relaxed_repeat081,lo_A_model_1_relaxed_repeat061
2.63,0.3002527218789335,3.05,0.34998434463249894,lo_A_model_1_relaxed_repeat081,lo_A_model_1_relaxed_repeat096
2.636,0.2957783340439976,2.96,0.34842802513308285,lo_A_model_1_relaxed_repeat081,lo_A_model_1_relaxed_repeat031
2.643,0.2919226346253076,3.05,0.33162477719091527,lo_A_model_1_relaxed_repeat081,lo_A_model_1_relaxed_repeat024
2.645,0.32891051915944236,2.79,0.3704283566116048,lo_A_model_1_relaxed_repeat081,lo_A_model_1_relaxed_repeat056
2.6470000000000002,0.31304502685907937,3.02,0.35257028844978977,lo_A_model_1_relaxed_repeat081,lo_A_model_1_relaxed_repeat017
2.656,0.3011112209499577,2.9000000000000004,0.351026290135422,lo_A_model_1_relaxed_repeat081,lo_A_model_1_relaxed_repeat097
2.66,0.3234518809858813,3.05,0.36702340559903085,lo_A_model_1_relaxed_repeat081,lo_A_model_1_relaxed_repeat054
2.6630000000000003,0.307192756587083,3.02,0.36544859453876366,lo_A_model_1_relaxed_repeat081,lo_A_model_1_relaxed_repeat048
2.669,0.3159343111855109,2.98,0.361293574825654,lo_A_model_1_relaxed_repeat081,lo_A_model_1_relaxed_repeat063
2.67,0.26799715049837813,2.7800000000000002,0.3035198376473827,lo_A_model_1_relaxed_repeat081,lo_A_model_1_relaxed_repeat018
2.675,0.34136384207360093,2.91,0.40499499281597123,lo_A_model_1_relaxed_repeat081,lo_A_model_1_relaxed_repeat074
2.697,0.31172817429532945,2.9,0.34365588970557104,lo_A_model_1_relaxed_repeat081,lo_A_model_1_relaxed_repeat042
2.709,0.35581268480292644,3.06,0.3956123085957341,lo_A_model_1_relaxed_repeat081,lo_A_model_1_relaxed_repeat067
2.716,0.2793198693495466,2.9,0.3303032377958568,lo_A_model_1_relaxed_repeat081,lo_A_model_1_relaxed_repeat055
2.734,0.36221964937312356,3.01,0.40608994260857995,lo_A_model_1_relaxed_repeat081,lo_A_model_1_relaxed_repeat028
2.738,0.3274288171939689,2.95,0.3857431376451736,lo_A_model_1_relaxed_repeat081,lo_A_model_1_relaxed_repeat092
2.77,0.2887320165764102,2.77,0.34030466867945813,lo_A_model_1_relaxed_repeat081,lo_A_model_1_relaxed_repeat025
2.773,0.3078916118298664,2.8499999999999996,0.34766986461864724,lo_A_model_1_relaxed_repeat081,lo_A_model_1_relaxed_repeat070
2.7880000000000003,0.3237380014181711,3.0700000000000003,0.3559265648970694,lo_A_model_1_relaxed_repeat081,lo_A_model_1_relaxed_repeat036
2.8,0.3742753406453122,3.04,0.4178557567826425,lo_A_model_1_relaxed_repeat081,lo_A_model_1_relaxed_repeat072
2.802,0.34559902174926455,2.9299999999999997,0.39620578893005604,lo_A_model_1_relaxed_repeat081,lo_A_model_1_relaxed_repeat083
2.816,0.3662127066268903,3.1,0.40084360255003854,lo_A_model_1_relaxed_repeat081,lo_A_model_1_relaxed_repeat093
2.837,0.31856541764901036,2.9299999999999997,0.36381121202780264,lo_A_model_1_relaxed_repeat081,lo_A_model_1_relaxed_repeat084
2.858,0.32078501752390365,3.0700000000000003,0.3533194317993017,lo_A_model_1_relaxed_repeat081,lo_A_model_1_relaxed_repeat064
2.864,0.3133104755306679,2.96,0.3521645310625185,lo_A_model_1_relaxed_repeat081,lo_A_model_1_relaxed_repeat075
2.8689999999999998,0.29549772952512926,2.88,0.330372140279657,lo_A_model_1_relaxed_repeat081,lo_A_model_1_relaxed_repeat013
2.873,0.32454234399722065,2.9,0.3568707183072346,lo_A_model_1_relaxed_repeat081,lo_A_model_1_relaxed_repeat030
2.8760000000000003,0.3070510095418318,2.91,0.34920604818868667,lo_A_model_1_relaxed_repeat081,lo_A_model_1_relaxed_repeat026
2.8920000000000003,0.3442314098383721,2.94,0.3926810745672868,lo_A_model_1_relaxed_repeat081,lo_A_model_1_relaxed_repeat095
2.8920000000000003,0.3231858193357848,3.0300000000000002,0.36856346425234304,lo_A_model_1_relaxed_repeat081,lo_A_model_1_relaxed_repeat079
2.9000000000000004,0.3269163635041117,3.05,0.3772181891581577,lo_A_model_1_relaxed_repeat081,lo_A_model_1_relaxed_repeat038
2.918,0.32466638142479093,2.96,0.3798194737214322,lo_A_model_1_relaxed_repeat081,lo_A_model_1_relaxed_repeat023
2.927,0.35796840159141324,3.0700000000000003,0.4015794282529849,lo_A_model_1_relaxed_repeat081,lo_A_model_1_relaxed_repeat091
2.933,0.38940109107215287,2.98,0.43047031537347574,lo_A_model_1_relaxed_repeat081,lo_A_model_1_relaxed_repeat087
2.94,0.31492642826816764,2.92,0.35160278830509845,lo_A_model_1_relaxed_repeat081,lo_A_model_1_relaxed_repeat076
2.941,0.34182114683480613,2.95,0.36616178010977835,lo_A_model_1_relaxed_repeat081,lo_A_model_1_relaxed_repeat033
2.98,0.2962211480067998,2.96,0.33446333500199704,lo_A_model_1_relaxed_repeat081,lo_A_model_1_relaxed_repeat059
2.982,0.34916602418670684,3.06,0.4030348036246511,lo_A_model_1_relaxed_repeat081,lo_A_model_1_relaxed_repeat080
2.983,0.2946307837148833,3.05,0.3374722157799988,lo_A_model_1_relaxed_repeat081,lo_A_model_1_relaxed_repeat043
2.99,0.3049896079282145,2.83,0.3445976277280002,lo_A_model_1_relaxed_repeat081,lo_A_model_1_relaxed_repeat086
2.991,0.35994746278542544,3.05,0.39774536250037906,lo_A_model_1_relaxed_repeat081,lo_A_model_1_relaxed_repeat073
2.991,0.3566802902750198,3.05,0.39862047521646776,lo_A_model_1_relaxed_repeat081,lo_A_model_1_relaxed_repeat050
2.997,0.30541648620026796,3.04,0.35098202718211097,lo_A_model_1_relaxed_repeat081,lo_A_model_1_relaxed_repeat082
3.002,0.2945737319380763,2.91,0.3372758408883212,lo_A_model_1_relaxed_repeat081,lo_A_model_1_relaxed_repeat039
3.003,0.35792664068835284,3.06,0.3975315465118498,lo_A_model_1_relaxed_repeat081,lo_A_model_1_relaxed_repeat012
3.0149999999999997,0.32945612006771335,3.0700000000000003,0.37026561243006584,lo_A_model_1_relaxed_repeat081,lo_A_model_1_relaxed_repeat044
3.026,0.31220012610673087,2.91,0.34580250220223624,lo_A_model_1_relaxed_repeat081,lo_A_model_1_relaxed_repeat019
3.028,0.3000221069584797,2.9299999999999997,0.3366136164098291,lo_A_model_1_relaxed_repeat081,lo_A_model_1_relaxed_repeat089
3.032,0.3038429112803789,3.05,0.33757207676289563,lo_A_model_1_relaxed_repeat081,lo_A_model_1_relaxed_repeat037
3.041,0.3005909920342451,3.04,0.34703229865390467,lo_A_model_1_relaxed_repeat081,lo_A_model_1_relaxed_repeat071
3.044,0.3000845546078023,2.96,0.3565941658827734,lo_A_model_1_relaxed_repeat081,lo_A_model_1_relaxed_repeat090
3.0869999999999997,0.3719777932670632,3.06,0.419339456048607,lo_A_model_1_relaxed_repeat081,lo_A_model_1_relaxed_repeat066
2.3529999999999998,0.3519225045562754,2.95,0.39945775119885574,lo_A_model_1_relaxed_repeat052,lo_A_model_1_relaxed_repeat049
2.363,0.35392072008957987,2.99,0.40887794401805894,lo_A_model_1_relaxed_repeat052,lo_A_model_1_relaxed_repeat031
2.5380000000000003,0.3670035215573268,3.06,0.40302646196185166,lo_A_model_1_relaxed_repeat052,lo_A_model_1_relaxed_repeat039
2.554,0.35303207228656586,3.08,0.40579623772555784,lo_A_model_1_relaxed_repeat052,lo_A_model_1_relaxed_repeat038
2.564,0.3456031186110815,3.09,0.39178141258916005,lo_A_model_1_relaxed_repeat052,lo_A_model_1_relaxed_repeat036
2.567,0.35919146806350194,2.98,0.4191628689776967,lo_A_model_1_relaxed_repeat052,lo_A_model_1_relaxed_repeat090
2.567,0.35284985114564665,3.08,0.4031795306133229,lo_A_model_1_relaxed_repeat052,lo_A_model_1_relaxed_repeat043
2.5780000000000003,0.40321536611782743,3.01,0.45334118061036105,lo_A_model_1_relaxed_repeat052,lo_A_model_1_relaxed_repeat098
2.581,0.3654572161334817,3.08,0.40832926627854,lo_A_model_1_relaxed_repeat052,lo_A_model_1_relaxed_repeat037
2.5869999999999997,0.35971396520959503,3.08,0.41164007779620854,lo_A_model_1_relaxed_repeat052,lo_A_model_1_relaxed_repeat010
2.588,0.3673391551898903,2.8899999999999997,0.40886828699316696,lo_A_model_1_relaxed_repeat052,lo_A_model_1_relaxed_repeat026
2.589,0.34460573727535376,3.08,0.3910697335267544,lo_A_model_1_relaxed_repeat052,lo_A_model_1_relaxed_repeat011
2.5919999999999996,0.3370798243909667,3.04,0.3805413657466808,lo_A_model_1_relaxed_repeat052,lo_A_model_1_relaxed_repeat062
2.5949999999999998,0.37208068409856493,3.09,0.42948273775726253,lo_A_model_1_relaxed_repeat052,lo_A_model_1_relaxed_repeat020
2.598,0.37003394848703297,2.99,0.4355269118976742,lo_A_model_1_relaxed_repeat052,lo_A_model_1_relaxed_repeat023
2.601,0.38533176794510043,2.87,0.42926363405841383,lo_A_model_1_relaxed_repeat052,lo_A_model_1_relaxed_repeat089
2.606,0.35216587854104164,3.01,0.40655857049708743,lo_A_model_1_relaxed_repeat052,lo_A_model_1_relaxed_repeat016
2.6079999999999997,0.3402307367365781,3.08,0.396110416536473,lo_A_model_1_relaxed_repeat052,lo_A_model_1_relaxed_repeat094
2.612,0.3820882332992618,2.85,0.41922696076849963,lo_A_model_1_relaxed_repeat052,lo_A_model_1_relaxed_repeat061
2.613,0.36754758375388485,2.87,0.41868668568815537,lo_A_model_1_relaxed_repeat052,lo_A_model_1_relaxed_repeat002
2.613,0.36624382733181354,2.88,0.4221867251599552,lo_A_model_1_relaxed_repeat052,lo_A_model_1_relaxed_repeat074
2.614,0.36805327023161083,3.04,0.4337387121139478,lo_A_model_1_relaxed_repeat052,lo_A_model_1_relaxed_repeat027
2.614,0.35937435620393915,3.05,0.4155029701082925,lo_A_model_1_relaxed_repeat052,lo_A_model_1_relaxed_repeat082
2.615,0.3564442442861049,3.08,0.4017735716311245,lo_A_model_1_relaxed_repeat052,lo_A_model_1_relaxed_repeat041
2.615,0.3803652893758126,3.01,0.44326910158893557,lo_A_model_1_relaxed_repeat052,lo_A_model_1_relaxed_repeat003
2.6159999999999997,0.38985560549137577,2.89,0.4150121083432756,lo_A_model_1_relaxed_repeat052,lo_A_model_1_relaxed_repeat013
2.6159999999999997,0.3672636522606299,2.98,0.43160044178010093,lo_A_model_1_relaxed_repeat052,lo_A_model_1_relaxed_repeat092
2.618,0.3743041922369829,3.02,0.43732965210077035,lo_A_model_1_relaxed_repeat052,lo_A_model_1_relaxed_repeat021
2.6189999999999998,0.35954204499239084,2.89,0.40618033022055977,lo_A_model_1_relaxed_repeat052,lo_A_model_1_relaxed_repeat086
2.62,0.35159781248658317,2.88,0.40962214348004256,lo_A_model_1_relaxed_repeat052,lo_A_model_1_relaxed_repeat005
2.621,0.3678322229033348,2.89,0.4087310346122762,lo_A_model_1_relaxed_repeat052,lo_A_model_1_relaxed_repeat084
2.622,0.37310144098443765,2.86,0.4197086324994563,lo_A_model_1_relaxed_repeat052,lo_A_model_1_relaxed_repeat001
2.623,0.35569552892747835,3.08,0.40461702339659117,lo_A_model_1_relaxed_repeat052,lo_A_model_1_relaxed_repeat091
2.6239999999999997,0.36818293759553916,3.08,0.41158690069538695,lo_A_model_1_relaxed_repeat052,lo_A_model_1_relaxed_repeat051
2.6239999999999997,0.3474033989503974,2.88,0.4057822766954151,lo_A_model_1_relaxed_repeat052,lo_A_model_1_relaxed_repeat063
2.626,0.3758541296201275,3.06,0.4432110687947063,lo_A_model_1_relaxed_repeat052,lo_A_model_1_relaxed_repeat050
2.626,0.3447542493106352,2.9699999999999998,0.3936493723177776,lo_A_model_1_relaxed_repeat052,lo_A_model_1_relaxed_repeat007
2.6260000000000003,0.38237589157876845,3.05,0.42052855222111885,lo_A_model_1_relaxed_repeat052,lo_A_model_1_relaxed_repeat017
2.627,0.34546740124342906,2.92,0.39881616662812014,lo_A_model_1_relaxed_repeat052,lo_A_model_1_relaxed_repeat033
2.627,0.34254833895487496,3.04,0.4033400252462744,lo_A_model_1_relaxed_repeat052,lo_A_model_1_relaxed_repeat097
2.628,0.36989828436008215,3.06,0.41943309379646454,lo_A_model_1_relaxed_repeat052,lo_A_model_1_relaxed_repeat034
2.628,0.34487083190812384,2.96,0.41200577103337627,lo_A_model_1_relaxed_repeat052,lo_A_model_1_relaxed_repeat048
2.633,0.3569849878427164,3.06,0.4144824927144809,lo_A_model_1_relaxed_repeat052,lo_A_model_1_relaxed_repeat079
2.633,0.36305601628193984,2.96,0.4081446558339787,lo_A_model_1_relaxed_repeat052,lo_A_model_1_relaxed_repeat057
2.633,0.34765720870413214,2.87,0.4103168111968931,lo_A_model_1_relaxed_repeat052,lo_A_model_1_relaxed_repeat078
2.635,0.38137731833624394,2.9299999999999997,0.44643365049226014,lo_A_model_1_relaxed_repeat052,lo_A_model_1_relaxed_repeat095
2.636,0.3613024796914455,3.0300000000000002,0.4422249636270386,lo_A_model_1_relaxed_repeat052,lo_A_model_1_relaxed_repeat067
2.638,0.37334054152044,2.94,0.4235437391799924,lo_A_model_1_relaxed_repeat052,lo_A_model_1_relaxed_repeat019
2.638,0.35346259168347566,2.88,0.41392372114216575,lo_A_model_1_relaxed_repeat052,lo_A_model_1_relaxed_repeat056
2.642,0.3767377400123889,2.91,0.4202548446809691,lo_A_model_1_relaxed_repeat052,lo_A_model_1_relaxed_repeat030
2.643,0.37438096278159777,3.09,0.4195809272434076,lo_A_model_1_relaxed_repeat052,lo_A_model_1_relaxed_repeat046
2.6449999999999996,0.35085235799429565,2.9000000000000004,0.41006475639209355,lo_A_model_1_relaxed_repeat052,lo_A_model_1_relaxed_repeat025
2.646,0.3603845279856572,3.08,0.40715826662030724,lo_A_model_1_relaxed_repeat052,lo_A_model_1_relaxed_repeat054
2.6479999999999997,0.36604998251546306,2.87,0.414795121532214,lo_A_model_1_relaxed_repeat052,lo_A_model_1_relaxed_repeat065
2.65,0.35394533334763634,3.09,0.4110534983925724,lo_A_model_1_relaxed_repeat052,lo_A_model_1_relaxed_repeat035
2.651,0.34544893102815916,2.91,0.3971977306027746,lo_A_model_1_relaxed_repeat052,lo_A_model_1_relaxed_repeat070
2.655,0.36537899738633633,3.08,0.4060551348427807,lo_A_model_1_relaxed_repeat052,lo_A_model_1_relaxed_repeat096
2.6559999999999997,0.35209879856156545,2.98,0.4197421376139142,lo_A_model_1_relaxed_repeat052,lo_A_model_1_relaxed_repeat028
2.6559999999999997,0.3420985514206691,2.91,0.3957267810809168,lo_A_model_1_relaxed_repeat052,lo_A_model_1_relaxed_repeat032
2.656,0.3658571232337659,2.9699999999999998,0.4056483885885913,lo_A_model_1_relaxed_repeat052,lo_A_model_1_relaxed_repeat042
2.657,0.3635526275776287,3.05,0.39460532427431416,lo_A_model_1_relaxed_repeat052,lo_A_model_1_relaxed_repeat058
2.658,0.38090949814842534,3.09,0.4374999856938481,lo_A_model_1_relaxed_repeat052,lo_A_model_1_relaxed_repeat080
2.66,0.3260122648807045,3.09,0.3752428684204793,lo_A_model_1_relaxed_repeat052,lo_A_model_1_relaxed_repeat044
2.66,0.3733938142048006,2.94,0.42228040911210357,lo_A_model_1_relaxed_repeat052,lo_A_model_1_relaxed_repeat083
2.66,0.3538070382492911,2.88,0.39927548834571014,lo_A_model_1_relaxed_repeat052,lo_A_model_1_relaxed_repeat099
2.662,0.36209594638988785,3.08,0.43402418792983705,lo_A_model_1_relaxed_repeat052,lo_A_model_1_relaxed_repeat088
2.662,0.3551059206467807,2.91,0.4164542062046224,lo_A_model_1_relaxed_repeat052,lo_A_model_1_relaxed_repeat076
2.663,0.37227467361885597,3.0700000000000003,0.4221182024315397,lo_A_model_1_relaxed_repeat052,lo_A_model_1_relaxed_repeat071
2.663,0.3440658980531889,2.95,0.3875705851998578,lo_A_model_1_relaxed_repeat052,lo_A_model_1_relaxed_repeat018
2.6639999999999997,0.37331182354241943,3.08,0.42302165990601753,lo_A_model_1_relaxed_repeat052,lo_A_model_1_relaxed_repeat024
2.667,0.3602791426908904,2.9699999999999998,0.41261533697744784,lo_A_model_1_relaxed_repeat052,lo_A_model_1_relaxed_repeat075
2.668,0.36085293807651747,2.96,0.4178294618950031,lo_A_model_1_relaxed_repeat052,lo_A_model_1_relaxed_repeat014
2.669,0.3715474395779609,3.0700000000000003,0.42275481180145963,lo_A_model_1_relaxed_repeat052,lo_A_model_1_relaxed_repeat072
2.674,0.36662647276121185,3.0700000000000003,0.4259877019052722,lo_A_model_1_relaxed_repeat052,lo_A_model_1_relaxed_repeat022
2.681,0.3574816869565475,2.9,0.40766174370650865,lo_A_model_1_relaxed_repeat052,lo_A_model_1_relaxed_repeat055
2.7199999999999998,0.3851794966443478,3.08,0.4372309800321301,lo_A_model_1_relaxed_repeat052,lo_A_model_1_relaxed_repeat012
2.768,0.35940669198444897,3.04,0.4210587853439322,lo_A_model_1_relaxed_repeat052,lo_A_model_1_relaxed_repeat064
2.822,0.4015773267457006,3.09,0.44855641922764744,lo_A_model_1_relaxed_repeat052,lo_A_model_1_relaxed_repeat087
2.822,0.39220195777117456,3.09,0.41929510300606193,lo_A_model_1_relaxed_repeat052,lo_A_model_1_relaxed_repeat093
2.823,0.35869631214868947,2.9699999999999998,0.41039309115820444,lo_A_model_1_relaxed_repeat052,lo_A_model_1_relaxed_repeat059
2.838,0.3763721022745035,3.06,0.42399864361269807,lo_A_model_1_relaxed_repeat052,lo_A_model_1_relaxed_repeat073
2.883,0.4043614111000682,3.0900000000000003,0.4721462880405219,lo_A_model_1_relaxed_repeat052,lo_A_model_1_relaxed_repeat066
2.9139999999999997,0.3566280257971562,3.0300000000000002,0.41054107846859533,lo_A_model_1_relaxed_repeat052,lo_A_model_1_relaxed_repeat009
3.083,0.3890795042893971,3.0700000000000003,0.4273987594399584,lo_A_model_1_relaxed_repeat052,lo_A_model_1_relaxed_repeat100
2.083,0.3074943618125298,2.91,0.36960099121060624,lo_A_model_1_relaxed_repeat010,lo_A_model_1_relaxed_repeat074
2.1100000000000003,0.28259570042705345,3.08,0.3291585491836955,lo_A_model_1_relaxed_repeat010,lo_A_model_1_relaxed_repeat094
2.122,0.29180025454937264,3.02,0.3511245372079124,lo_A_model_1_relaxed_repeat010,lo_A_model_1_relaxed_repeat005
2.144,0.2947629798773103,3.08,0.3790171386841352,lo_A_model_1_relaxed_repeat010,lo_A_model_1_relaxed_repeat099
2.1630000000000003,0.2774367674674274,3.09,0.3456514655289597,lo_A_model_1_relaxed_repeat010,lo_A_model_1_relaxed_repeat011
2.172,0.25816583096994183,3.09,0.3099078731536718,lo_A_model_1_relaxed_repeat010,lo_A_model_1_relaxed_repeat075
2.1870000000000003,0.29854590184403534,2.94,0.34991881339199987,lo_A_model_1_relaxed_repeat010,lo_A_model_1_relaxed_repeat048
2.209,0.2729280415784137,3.08,0.326701422926943,lo_A_model_1_relaxed_repeat010,lo_A_model_1_relaxed_repeat018
2.213,0.2955713862150227,3.01,0.3454564271532901,lo_A_model_1_relaxed_repeat010,lo_A_model_1_relaxed_repeat065
2.225,0.2763884129129888,3.08,0.32626042592103405,lo_A_model_1_relaxed_repeat010,lo_A_model_1_relaxed_repeat097
2.245,0.2743671120237061,2.9,0.31314524230042745,lo_A_model_1_relaxed_repeat010,lo_A_model_1_relaxed_repeat020
2.245,0.29550400097507085,3.08,0.3573775088531015,lo_A_model_1_relaxed_repeat010,lo_A_model_1_relaxed_repeat035
2.248,0.29798072063683023,2.98,0.33719103910490655,lo_A_model_1_relaxed_repeat010,lo_A_model_1_relaxed_repeat002
2.2489999999999997,0.28971713549253025,2.85,0.31908282365992774,lo_A_model_1_relaxed_repeat010,lo_A_model_1_relaxed_repeat058
2.2729999999999997,0.28447565046617695,3.05,0.3347231683462529,lo_A_model_1_relaxed_repeat010,lo_A_model_1_relaxed_repeat076
2.279,0.288867233662515,2.95,0.319098470771392,lo_A_model_1_relaxed_repeat010,lo_A_model_1_relaxed_repeat043
2.285,0.26059584305811606,2.87,0.30384305300330483,lo_A_model_1_relaxed_repeat010,lo_A_model_1_relaxed_repeat037
2.293,0.28309320970152746,3.08,0.35021611966342014,lo_A_model_1_relaxed_repeat010,lo_A_model_1_relaxed_repeat014
2.3040000000000003,0.3221783452112089,3.01,0.3656727196706118,lo_A_model_1_relaxed_repeat010,lo_A_model_1_relaxed_repeat001
2.309,0.2658621072771314,2.7,0.30846215071921435,lo_A_model_1_relaxed_repeat010,lo_A_model_1_relaxed_repeat090
2.323,0.34289344474517613,2.83,0.38989900016419826,lo_A_model_1_relaxed_repeat010,lo_A_model_1_relaxed_repeat098
2.326,0.30563329921794197,2.9699999999999998,0.34043731868615745,lo_A_model_1_relaxed_repeat010,lo_A_model_1_relaxed_repeat009
2.327,0.2864057477784184,3.08,0.34529061384787874,lo_A_model_1_relaxed_repeat010,lo_A_model_1_relaxed_repeat063
2.334,0.31532406792244516,2.99,0.37422996762622834,lo_A_model_1_relaxed_repeat010,lo_A_model_1_relaxed_repeat021
2.348,0.3081533966709248,2.77,0.33947080755869036,lo_A_model_1_relaxed_repeat010,lo_A_model_1_relaxed_repeat041
2.3529999999999998,0.27583103824536065,3.09,0.31558751441728505,lo_A_model_1_relaxed_repeat010,lo_A_model_1_relaxed_repeat030
2.3529999999999998,0.2818810030082526,3.06,0.3300482038752202,lo_A_model_1_relaxed_repeat010,lo_A_model_1_relaxed_repeat049
2.354,0.29570582373653453,3.05,0.34436502076290465,lo_A_model_1_relaxed_repeat010,lo_A_model_1_relaxed_repeat056
2.356,0.3015492443716546,3.0,0.3558265478977661,lo_A_model_1_relaxed_repeat010,lo_A_model_1_relaxed_repeat019
2.3600000000000003,0.2734213452636419,3.08,0.32121465643377545,lo_A_model_1_relaxed_repeat010,lo_A_model_1_relaxed_repeat057
2.365,0.27564703176895067,2.79,0.3270880759704641,lo_A_model_1_relaxed_repeat010,lo_A_model_1_relaxed_repeat088
2.365,0.3107260278407369,3.02,0.3373820781646036,lo_A_model_1_relaxed_repeat010,lo_A_model_1_relaxed_repeat100
2.367,0.27819305160769925,3.0300000000000002,0.3340487315926882,lo_A_model_1_relaxed_repeat010,lo_A_model_1_relaxed_repeat055
2.371,0.27904625990061355,3.08,0.3418066951966549,lo_A_model_1_relaxed_repeat010,lo_A_model_1_relaxed_repeat039
2.372,0.2704335839333332,2.88,0.3118265447190413,lo_A_model_1_relaxed_repeat010,lo_A_model_1_relaxed_repeat096
2.379,0.2822147413387515,3.06,0.32626358302454084,lo_A_model_1_relaxed_repeat010,lo_A_model_1_relaxed_repeat070
2.385,0.2618565918171845,2.96,0.30997729392131473,lo_A_model_1_relaxed_repeat010,lo_A_model_1_relaxed_repeat024
2.39,0.2714982522990353,2.8200000000000003,0.3085746919084732,lo_A_model_1_relaxed_repeat010,lo_A_model_1_relaxed_repeat016
2.391,0.28191012731995063,2.99,0.33762483517598474,lo_A_model_1_relaxed_repeat010,lo_A_model_1_relaxed_repeat086
2.395,0.28982724122620945,3.0700000000000003,0.34734805655009404,lo_A_model_1_relaxed_repeat010,lo_A_model_1_relaxed_repeat089
2.396,0.28997569726988,3.02,0.34892141184686193,lo_A_model_1_relaxed_repeat010,lo_A_model_1_relaxed_repeat078
2.402,0.32968897034535743,2.85,0.3847437510008339,lo_A_model_1_relaxed_repeat010,lo_A_model_1_relaxed_repeat050
2.434,0.31600001901450475,3.08,0.3386422439460787,lo_A_model_1_relaxed_repeat010,lo_A_model_1_relaxed_repeat042
2.434,0.2595570354459676,3.06,0.3071809148518396,lo_A_model_1_relaxed_repeat010,lo_A_model_1_relaxed_repeat007
2.44,0.3026473606240502,3.01,0.3602764000129549,lo_A_model_1_relaxed_repeat010,lo_A_model_1_relaxed_repeat003
2.452,0.26124935988449277,3.0300000000000002,0.3103628408653099,lo_A_model_1_relaxed_repeat010,lo_A_model_1_relaxed_repeat022
2.463,0.3074311814544389,3.01,0.35283929074436987,lo_A_model_1_relaxed_repeat010,lo_A_model_1_relaxed_repeat084
2.465,0.2723534625880328,3.08,0.3324925591044102,lo_A_model_1_relaxed_repeat010,lo_A_model_1_relaxed_repeat062
2.468,0.2912858562847341,2.96,0.3471277197100949,lo_A_model_1_relaxed_repeat010,lo_A_model_1_relaxed_repeat079
2.473,0.34707593303254963,3.02,0.3963731858136291,lo_A_model_1_relaxed_repeat010,lo_A_model_1_relaxed_repeat067
2.5149999999999997,0.3057467665645277,3.04,0.354237499438701,lo_A_model_1_relaxed_repeat010,lo_A_model_1_relaxed_repeat025
2.543,0.2626683396459507,2.87,0.3006255757030824,lo_A_model_1_relaxed_repeat010,lo_A_model_1_relaxed_repeat051
2.563,0.3145332054633593,3.04,0.37276517670927345,lo_A_model_1_relaxed_repeat010,lo_A_model_1_relaxed_repeat095
2.5700000000000003,0.28065930399920147,3.08,0.3232211802009146,lo_A_model_1_relaxed_repeat010,lo_A_model_1_relaxed_repeat034
2.573,0.313035936086947,2.96,0.36160320969114934,lo_A_model_1_relaxed_repeat010,lo_A_model_1_relaxed_repeat023
2.587,0.31476710558478954,3.02,0.3623227404405406,lo_A_model_1_relaxed_repeat010,lo_A_model_1_relaxed_repeat012
2.598,0.3124136678459163,2.98,0.35264461719583357,lo_A_model_1_relaxed_repeat010,lo_A_model_1_relaxed_repeat027
2.598,0.3674810504783316,3.06,0.42043692785057446,lo_A_model_1_relaxed_repeat010,lo_A_model_1_relaxed_repeat087
2.6020000000000003,0.33662013205499314,3.08,0.3988943947931895,lo_A_model_1_relaxed_repeat010,lo_A_model_1_relaxed_repeat083
2.615,0.32532401631866237,2.92,0.3896510305491459,lo_A_model_1_relaxed_repeat010,lo_A_model_1_relaxed_repeat061
2.648,0.3093733474255367,3.02,0.3572970776772995,lo_A_model_1_relaxed_repeat010,lo_A_model_1_relaxed_repeat092
2.651,0.3276003545093902,3.01,0.36471236241199356,lo_A_model_1_relaxed_repeat010,lo_A_model_1_relaxed_repeat031
2.666,0.28336043664021404,2.83,0.31333624020810924,lo_A_model_1_relaxed_repeat010,lo_A_model_1_relaxed_repeat038
2.669,0.34744390063945485,3.04,0.3866981019238051,lo_A_model_1_relaxed_repeat010,lo_A_model_1_relaxed_repeat072
2.674,0.2797362036522311,3.09,0.3289308557560136,lo_A_model_1_relaxed_repeat010,lo_A_model_1_relaxed_repeat032
2.689,0.3142093035050934,2.9299999999999997,0.35016064165499045,lo_A_model_1_relaxed_repeat010,lo_A_model_1_relaxed_repeat054
2.716,0.34656543558827696,3.08,0.40823203029397376,lo_A_model_1_relaxed_repeat010,lo_A_model_1_relaxed_repeat028
2.729,0.32856306654604406,3.08,0.36813674606786584,lo_A_model_1_relaxed_repeat010,lo_A_model_1_relaxed_repeat017
2.73,0.3001163250869419,3.0300000000000002,0.3448608601675993,lo_A_model_1_relaxed_repeat010,lo_A_model_1_relaxed_repeat013
2.7409999999999997,0.29587807100923985,3.08,0.3248294809625999,lo_A_model_1_relaxed_repeat010,lo_A_model_1_relaxed_repeat033
2.786,0.27120256538892407,3.01,0.324079151037735,lo_A_model_1_relaxed_repeat010,lo_A_model_1_relaxed_repeat026
2.823,0.28690581916388547,3.08,0.32014557668632077,lo_A_model_1_relaxed_repeat010,lo_A_model_1_relaxed_repeat036
2.878,0.3045598973015802,2.88,0.3499091645871664,lo_A_model_1_relaxed_repeat010,lo_A_model_1_relaxed_repeat046
2.886,0.2974277479255281,3.04,0.3269696559882169,lo_A_model_1_relaxed_repeat010,lo_A_model_1_relaxed_repeat071
2.893,0.32903163855508366,3.08,0.3874644106597366,lo_A_model_1_relaxed_repeat010,lo_A_model_1_relaxed_repeat064
2.8970000000000002,0.3398597463812101,3.08,0.40517888453032913,lo_A_model_1_relaxed_repeat010,lo_A_model_1_relaxed_repeat091
2.928,0.358411257854431,3.1,0.4109688124503694,lo_A_model_1_relaxed_repeat010,lo_A_model_1_relaxed_repeat093
2.9290000000000003,0.29519309749190775,2.99,0.3382812739640421,lo_A_model_1_relaxed_repeat010,lo_A_model_1_relaxed_repeat059
2.979,0.3770417367409544,3.15,0.4249887653147749,lo_A_model_1_relaxed_repeat010,lo_A_model_1_relaxed_repeat066
3.017,0.32799410651043626,2.96,0.382098040733625,lo_A_model_1_relaxed_repeat010,lo_A_model_1_relaxed_repeat080
3.026,0.3528572934316322,2.8899999999999997,0.3798390970240426,lo_A_model_1_relaxed_repeat010,lo_A_model_1_relaxed_repeat073
3.032,0.2958669721953627,2.74,0.34589292710941705,lo_A_model_1_relaxed_repeat010,lo_A_model_1_relaxed_repeat082
3.05,0.32915618436434285,3.08,0.3602571804301784,lo_A_model_1_relaxed_repeat010,lo_A_model_1_relaxed_repeat044
2.239,0.27824998640722753,3.08,0.32907182947747277,lo_A_model_1_relaxed_repeat022,lo_A_model_1_relaxed_repeat032
2.248,0.29890139904646035,3.0700000000000003,0.35126356830818767,lo_A_model_1_relaxed_repeat022,lo_A_model_1_relaxed_repeat014
2.2649999999999997,0.2988441768883674,2.92,0.33167089018956974,lo_A_model_1_relaxed_repeat022,lo_A_model_1_relaxed_repeat038
2.279,0.2881900978086587,2.94,0.333649220851941,lo_A_model_1_relaxed_repeat022,lo_A_model_1_relaxed_repeat020
2.285,0.27929015068375695,3.0700000000000003,0.32708085913427765,lo_A_model_1_relaxed_repeat022,lo_A_model_1_relaxed_repeat063
2.287,0.27610147675256996,3.0700000000000003,0.3220414585133886,lo_A_model_1_relaxed_repeat022,lo_A_model_1_relaxed_repeat097
2.3,0.3141880704828917,2.81,0.34334969473633803,lo_A_model_1_relaxed_repeat022,lo_A_model_1_relaxed_repeat043
2.3120000000000003,0.3099148976361479,3.0300000000000002,0.3553373540638995,lo_A_model_1_relaxed_repeat022,lo_A_model_1_relaxed_repeat025
2.346,0.31167124016443454,3.0700000000000003,0.3623755274433452,lo_A_model_1_relaxed_repeat022,lo_A_model_1_relaxed_repeat033
2.354,0.30544820652109383,3.04,0.3601278583947492,lo_A_model_1_relaxed_repeat022,lo_A_model_1_relaxed_repeat076
2.3810000000000002,0.29697281706791484,3.01,0.3525377849857123,lo_A_model_1_relaxed_repeat022,lo_A_model_1_relaxed_repeat005
2.391,0.2542220037323444,2.92,0.2932736641092852,lo_A_model_1_relaxed_repeat022,lo_A_model_1_relaxed_repeat088
2.4,0.2606502812174053,2.9299999999999997,0.29495810909861914,lo_A_model_1_relaxed_repeat022,lo_A_model_1_relaxed_repeat051
2.42,0.2909784736075923,3.05,0.33879412513718093,lo_A_model_1_relaxed_repeat022,lo_A_model_1_relaxed_repeat007
2.449,0.28255735462950127,3.0700000000000003,0.3261421002077116,lo_A_model_1_relaxed_repeat022,lo_A_model_1_relaxed_repeat057
2.451,0.29542038038106333,2.92,0.34813823245720416,lo_A_model_1_relaxed_repeat022,lo_A_model_1_relaxed_repeat027
2.455,0.27877170501920256,3.0700000000000003,0.3262274937561263,lo_A_model_1_relaxed_repeat022,lo_A_model_1_relaxed_repeat062
2.482,0.31476703377384807,2.9699999999999998,0.35045231349548084,lo_A_model_1_relaxed_repeat022,lo_A_model_1_relaxed_repeat002
2.4859999999999998,0.31539177716680394,3.0700000000000003,0.34629731617124987,lo_A_model_1_relaxed_repeat022,lo_A_model_1_relaxed_repeat042
2.492,0.29094731565424203,3.01,0.34463648406929465,lo_A_model_1_relaxed_repeat022,lo_A_model_1_relaxed_repeat078
2.502,0.30948179078403876,3.0700000000000003,0.3572315262910761,lo_A_model_1_relaxed_repeat022,lo_A_model_1_relaxed_repeat094
2.5060000000000002,0.3477519592738866,2.91,0.40099354434170087,lo_A_model_1_relaxed_repeat022,lo_A_model_1_relaxed_repeat067
2.507,0.29199857820023456,3.08,0.33214338389889864,lo_A_model_1_relaxed_repeat022,lo_A_model_1_relaxed_repeat011
2.509,0.3222486710734176,2.96,0.36338096050929536,lo_A_model_1_relaxed_repeat022,lo_A_model_1_relaxed_repeat080
2.521,0.34278150216433384,3.05,0.36877580412127536,lo_A_model_1_relaxed_repeat022,lo_A_model_1_relaxed_repeat100
2.524,0.30109379761834126,2.9,0.3353001772588467,lo_A_model_1_relaxed_repeat022,lo_A_model_1_relaxed_repeat009
2.526,0.2977402320474767,3.0300000000000002,0.3395693224507219,lo_A_model_1_relaxed_repeat022,lo_A_model_1_relaxed_repeat048
2.528,0.3487208704588273,3.0700000000000003,0.4101282816865948,lo_A_model_1_relaxed_repeat022,lo_A_model_1_relaxed_repeat028
2.5380000000000003,0.32646326256192304,3.06,0.36630916373123457,lo_A_model_1_relaxed_repeat022,lo_A_model_1_relaxed_repeat074
2.543,0.31845562728929355,3.02,0.34303100707790435,lo_A_model_1_relaxed_repeat022,lo_A_model_1_relaxed_repeat090
2.545,0.3247175887542157,2.88,0.36034453390989724,lo_A_model_1_relaxed_repeat022,lo_A_model_1_relaxed_repeat019
2.559,0.3141040932589113,3.08,0.3593714111595388,lo_A_model_1_relaxed_repeat022,lo_A_model_1_relaxed_repeat030
2.5620000000000003,0.2962784750263652,3.0700000000000003,0.3421018931448292,lo_A_model_1_relaxed_repeat022,lo_A_model_1_relaxed_repeat034
2.564,0.30574877856453536,3.0700000000000003,0.3538958730817064,lo_A_model_1_relaxed_repeat022,lo_A_model_1_relaxed_repeat039
2.569,0.33635222401226533,2.98,0.3915460715934429,lo_A_model_1_relaxed_repeat022,lo_A_model_1_relaxed_repeat021
2.5709999999999997,0.32256248643292534,2.83,0.3585845245271037,lo_A_model_1_relaxed_repeat022,lo_A_model_1_relaxed_repeat023
2.572,0.2980345703944671,2.82,0.3249944645726466,lo_A_model_1_relaxed_repeat022,lo_A_model_1_relaxed_repeat058
2.5789999999999997,0.29380558421542285,3.02,0.3461984843380166,lo_A_model_1_relaxed_repeat022,lo_A_model_1_relaxed_repeat055
2.594,0.3451279806577614,2.8600000000000003,0.399950712270982,lo_A_model_1_relaxed_repeat022,lo_A_model_1_relaxed_repeat061
2.5949999999999998,0.29707784175691576,3.0700000000000003,0.35434842176270864,lo_A_model_1_relaxed_repeat022,lo_A_model_1_relaxed_repeat035
2.597,0.2919518073190379,3.02,0.3328912662355509,lo_A_model_1_relaxed_repeat022,lo_A_model_1_relaxed_repeat054
2.6,0.3173882415137902,2.98,0.3641639257351927,lo_A_model_1_relaxed_repeat022,lo_A_model_1_relaxed_repeat086
2.601,0.3103156660392985,2.94,0.36411473769012337,lo_A_model_1_relaxed_repeat022,lo_A_model_1_relaxed_repeat092
2.601,0.33520660466518076,2.99,0.37511703466994245,lo_A_model_1_relaxed_repeat022,lo_A_model_1_relaxed_repeat012
2.6020000000000003,0.37167007959838455,3.05,0.42226136906593326,lo_A_model_1_relaxed_repeat022,lo_A_model_1_relaxed_repeat087
2.605,0.30754404781230643,3.0700000000000003,0.38406101237997203,lo_A_model_1_relaxed_repeat022,lo_A_model_1_relaxed_repeat099
2.606,0.311333617158675,3.08,0.3590025523837202,lo_A_model_1_relaxed_repeat022,lo_A_model_1_relaxed_repeat075
2.609,0.29154329031681614,3.0,0.3367275402125956,lo_A_model_1_relaxed_repeat022,lo_A_model_1_relaxed_repeat037
2.61,0.34618021719242337,3.0,0.38941664305523976,lo_A_model_1_relaxed_repeat022,lo_A_model_1_relaxed_repeat050
2.6109999999999998,0.27315103380277556,3.0300000000000002,0.30434117027705604,lo_A_model_1_relaxed_repeat022,lo_A_model_1_relaxed_repeat096
2.6159999999999997,0.2999663228593927,3.0700000000000003,0.3410651077511769,lo_A_model_1_relaxed_repeat022,lo_A_model_1_relaxed_repeat018
2.616,0.3033226161071081,3.02,0.33991091149584207,lo_A_model_1_relaxed_repeat022,lo_A_model_1_relaxed_repeat082
2.617,0.34293567342684944,3.0700000000000003,0.37911805643533725,lo_A_model_1_relaxed_repeat022,lo_A_model_1_relaxed_repeat017
2.617,0.30894566610745783,3.0700000000000003,0.34885879759307054,lo_A_model_1_relaxed_repeat022,lo_A_model_1_relaxed_repeat036
2.6239999999999997,0.2985028637327494,3.06,0.3385083411021184,lo_A_model_1_relaxed_repeat022,lo_A_model_1_relaxed_repeat024
2.624,0.2928371634404443,2.84,0.33940657629800686,lo_A_model_1_relaxed_repeat022,lo_A_model_1_relaxed_repeat016
2.634,0.3185083838110701,3.06,0.3706208301133073,lo_A_model_1_relaxed_repeat022,lo_A_model_1_relaxed_repeat089
2.634,0.2956295075300513,2.99,0.3531157858635567,lo_A_model_1_relaxed_repeat022,lo_A_model_1_relaxed_repeat084
2.636,0.27619444799712195,3.05,0.3183536421777514,lo_A_model_1_relaxed_repeat022,lo_A_model_1_relaxed_repeat070
2.652,0.3221733816437527,3.0,0.36358416877326566,lo_A_model_1_relaxed_repeat022,lo_A_model_1_relaxed_repeat001
2.654,0.32865197467503043,2.7800000000000002,0.3657540078762492,lo_A_model_1_relaxed_repeat022,lo_A_model_1_relaxed_repeat041
2.6559999999999997,0.3119521005196118,3.0,0.36663664853063954,lo_A_model_1_relaxed_repeat022,lo_A_model_1_relaxed_repeat065
2.6710000000000003,0.3527055700867839,3.04,0.39577525739158614,lo_A_model_1_relaxed_repeat022,lo_A_model_1_relaxed_repeat098
2.675,0.27441498757853094,3.05,0.2977736656204724,lo_A_model_1_relaxed_repeat022,lo_A_model_1_relaxed_repeat049
2.6870000000000003,0.33509089536199943,2.95,0.39420291355205983,lo_A_model_1_relaxed_repeat022,lo_A_model_1_relaxed_repeat095
2.6929999999999996,0.3508041658874731,2.8499999999999996,0.3816419986905539,lo_A_model_1_relaxed_repeat022,lo_A_model_1_relaxed_repeat073
2.716,0.34113937007331774,2.9699999999999998,0.38051350741808215,lo_A_model_1_relaxed_repeat022,lo_A_model_1_relaxed_repeat072
2.716,0.32823648484849133,3.02,0.36342666570407056,lo_A_model_1_relaxed_repeat022,lo_A_model_1_relaxed_repeat013
2.718,0.31417329444328135,3.0,0.36492325804644626,lo_A_model_1_relaxed_repeat022,lo_A_model_1_relaxed_repeat003
2.729,0.3211018819596004,2.99,0.35985834122759053,lo_A_model_1_relaxed_repeat022,lo_A_model_1_relaxed_repeat031
2.755,0.2937380193885953,3.01,0.35166650055254434,lo_A_model_1_relaxed_repeat022,lo_A_model_1_relaxed_repeat079
2.766,0.3493630460012934,3.02,0.3966125881315136,lo_A_model_1_relaxed_repeat022,lo_A_model_1_relaxed_repeat091
2.7720000000000002,0.291361007383878,3.04,0.3266297313503516,lo_A_model_1_relaxed_repeat022,lo_A_model_1_relaxed_repeat026
2.784,0.33529435960400583,3.0700000000000003,0.39209601463470367,lo_A_model_1_relaxed_repeat022,lo_A_model_1_relaxed_repeat083
2.799,0.32932157905616477,3.0700000000000003,0.37443657244066836,lo_A_model_1_relaxed_repeat022,lo_A_model_1_relaxed_repeat044
2.8,0.3301407711194799,3.0700000000000003,0.39517675008208203,lo_A_model_1_relaxed_repeat022,lo_A_model_1_relaxed_repeat064
2.817,0.3312044720244343,2.98,0.37502961256470024,lo_A_model_1_relaxed_repeat022,lo_A_model_1_relaxed_repeat059
2.82,0.36024743483632415,3.05,0.39941369763667306,lo_A_model_1_relaxed_repeat022,lo_A_model_1_relaxed_repeat093
2.8489999999999998,0.3902183970866734,3.12,0.44804831897613345,lo_A_model_1_relaxed_repeat022,lo_A_model_1_relaxed_repeat066
2.862,0.2931571072931872,3.04,0.3452513338829057,lo_A_model_1_relaxed_repeat022,lo_A_model_1_relaxed_repeat056
2.864,0.3089565905126044,3.01,0.35006236926413725,lo_A_model_1_relaxed_repeat022,lo_A_model_1_relaxed_repeat046
2.872,0.3121507696679472,2.7199999999999998,0.326043652781822,lo_A_model_1_relaxed_repeat022,lo_A_model_1_relaxed_repeat071
2.2329999999999997,0.3119810153425873,3.09,0.36731189165486183,lo_A_model_1_relaxed_repeat046,lo_A_model_1_relaxed_repeat094
2.235,0.30619925908808865,3.09,0.3645536985707742,lo_A_model_1_relaxed_repeat046,lo_A_model_1_relaxed_repeat097
2.2569999999999997,0.302492930668528,2.87,0.34601520718770473,lo_A_model_1_relaxed_repeat046,lo_A_model_1_relaxed_repeat092
2.2729999999999997,0.30429705058190576,3.0,0.34661056550568636,lo_A_model_1_relaxed_repeat046,lo_A_model_1_relaxed_repeat048
2.2809999999999997,0.27578633785737827,3.1,0.3304635838598721,lo_A_model_1_relaxed_repeat046,lo_A_model_1_relaxed_repeat032
2.284,0.30640494118540684,2.87,0.35168317937487675,lo_A_model_1_relaxed_repeat046,lo_A_model_1_relaxed_repeat090
2.334,0.33949396365632833,3.1,0.3735185903526835,lo_A_model_1_relaxed_repeat046,lo_A_model_1_relaxed_repeat030
2.339,0.2838414360186766,3.02,0.3418178701680728,lo_A_model_1_relaxed_repeat046,lo_A_model_1_relaxed_repeat026
2.341,0.3178621055879618,3.02,0.36373814253886705,lo_A_model_1_relaxed_repeat046,lo_A_model_1_relaxed_repeat065
2.3489999999999998,0.3137782574522738,2.9,0.349501750401367,lo_A_model_1_relaxed_repeat046,lo_A_model_1_relaxed_repeat023
2.365,0.2970595023317854,3.0700000000000003,0.3478182150630035,lo_A_model_1_relaxed_repeat046,lo_A_model_1_relaxed_repeat049
2.372,0.32680930201808944,2.9,0.3584399116214663,lo_A_model_1_relaxed_repeat046,lo_A_model_1_relaxed_repeat058
2.4299999999999997,0.3171658623862808,2.96,0.36471012653181123,lo_A_model_1_relaxed_repeat046,lo_A_model_1_relaxed_repeat095
2.444,0.32409204921786877,3.0,0.37285608418475735,lo_A_model_1_relaxed_repeat046,lo_A_model_1_relaxed_repeat059
2.447,0.3349886723257254,2.85,0.36110001230146777,lo_A_model_1_relaxed_repeat046,lo_A_model_1_relaxed_repeat009
2.459,0.2983715425376227,2.9299999999999997,0.33816216238466057,lo_A_model_1_relaxed_repeat046,lo_A_model_1_relaxed_repeat043
2.463,0.31231974280431024,2.86,0.3483187496519307,lo_A_model_1_relaxed_repeat046,lo_A_model_1_relaxed_repeat016
2.497,0.34332678535917405,3.0300000000000002,0.37374465130310885,lo_A_model_1_relaxed_repeat046,lo_A_model_1_relaxed_repeat003
2.509,0.32744087170589947,2.8499999999999996,0.3671527536218837,lo_A_model_1_relaxed_repeat046,lo_A_model_1_relaxed_repeat041
2.5149999999999997,0.3248332249544907,2.84,0.35610156722521946,lo_A_model_1_relaxed_repeat046,lo_A_model_1_relaxed_repeat019
2.516,0.31060312135999113,3.09,0.34885592699114726,lo_A_model_1_relaxed_repeat046,lo_A_model_1_relaxed_repeat062
2.517,0.3526832092201276,3.0,0.392733314561214,lo_A_model_1_relaxed_repeat046,lo_A_model_1_relaxed_repeat021
2.5229999999999997,0.3471512634484814,2.95,0.3720551515103361,lo_A_model_1_relaxed_repeat046,lo_A_model_1_relaxed_repeat100
2.537,0.3480713462620819,2.79,0.4034562056422539,lo_A_model_1_relaxed_repeat046,lo_A_model_1_relaxed_repeat061
2.556,0.32030529740846564,2.86,0.36115543398434896,lo_A_model_1_relaxed_repeat046,lo_A_model_1_relaxed_repeat071
2.582,0.3221172611020045,2.82,0.35453404912441777,lo_A_model_1_relaxed_repeat046,lo_A_model_1_relaxed_repeat027
2.5869999999999997,0.32319712822206065,2.99,0.35215392817250346,lo_A_model_1_relaxed_repeat046,lo_A_model_1_relaxed_repeat002
2.596,0.28674793405080257,2.87,0.3408271937003637,lo_A_model_1_relaxed_repeat046,lo_A_model_1_relaxed_repeat054
2.599,0.3477513709863555,3.09,0.38768451696246237,lo_A_model_1_relaxed_repeat046,lo_A_model_1_relaxed_repeat017
2.601,0.29868145959558934,2.87,0.33957273498649576,lo_A_model_1_relaxed_repeat046,lo_A_model_1_relaxed_repeat038
2.601,0.31227882931590595,3.09,0.37812204431978336,lo_A_model_1_relaxed_repeat046,lo_A_model_1_relaxed_repeat014
2.606,0.3354482581644737,2.99,0.3729019708024163,lo_A_model_1_relaxed_repeat046,lo_A_model_1_relaxed_repeat012
2.615,0.32852063167529927,3.09,0.36339123582141725,lo_A_model_1_relaxed_repeat046,lo_A_model_1_relaxed_repeat034
2.617,0.3358072885600781,3.04,0.37258198970937123,lo_A_model_1_relaxed_repeat046,lo_A_model_1_relaxed_repeat013
2.621,0.3468460431984246,2.9299999999999997,0.38763067389193673,lo_A_model_1_relaxed_repeat046,lo_A_model_1_relaxed_repeat050
2.635,0.32604265587156317,3.0300000000000002,0.3598425184082106,lo_A_model_1_relaxed_repeat046,lo_A_model_1_relaxed_repeat005
2.638,0.3214185760055424,3.05,0.35699532943170487,lo_A_model_1_relaxed_repeat046,lo_A_model_1_relaxed_repeat025
2.646,0.31733684057522554,2.91,0.35948580350057624,lo_A_model_1_relaxed_repeat046,lo_A_model_1_relaxed_repeat020
2.6470000000000002,0.32083581029458347,3.0,0.3515900119182664,lo_A_model_1_relaxed_repeat046,lo_A_model_1_relaxed_repeat031
2.658,0.3084570035400463,3.0700000000000003,0.3451772781657936,lo_A_model_1_relaxed_repeat046,lo_A_model_1_relaxed_repeat070
2.669,0.28571296009298036,2.88,0.33547932953258647,lo_A_model_1_relaxed_repeat046,lo_A_model_1_relaxed_repeat037
2.673,0.3392180910634352,3.09,0.40958561004989275,lo_A_model_1_relaxed_repeat046,lo_A_model_1_relaxed_repeat083
2.676,0.3351092666591874,3.04,0.37698574860264844,lo_A_model_1_relaxed_repeat046,lo_A_model_1_relaxed_repeat055
2.676,0.3680830945870021,2.98,0.39370457250948765,lo_A_model_1_relaxed_repeat046,lo_A_model_1_relaxed_repeat098
2.676,0.30626770200802456,3.09,0.34239892569991776,lo_A_model_1_relaxed_repeat046,lo_A_model_1_relaxed_repeat033
2.68,0.3495982059155898,3.05,0.38736437471492297,lo_A_model_1_relaxed_repeat046,lo_A_model_1_relaxed_repeat072
2.684,0.31453464092743055,3.0700000000000003,0.3638470728448143,lo_A_model_1_relaxed_repeat046,lo_A_model_1_relaxed_repeat007
2.684,0.3280735524146855,3.0,0.3734519022833157,lo_A_model_1_relaxed_repeat046,lo_A_model_1_relaxed_repeat086
2.6959999999999997,0.35237282327221225,3.08,0.3950958305368234,lo_A_model_1_relaxed_repeat046,lo_A_model_1_relaxed_repeat089
2.7,0.3171622786772361,3.09,0.36122253077320277,lo_A_model_1_relaxed_repeat046,lo_A_model_1_relaxed_repeat057
2.7030000000000003,0.3359195199616617,3.02,0.3718424913057764,lo_A_model_1_relaxed_repeat046,lo_A_model_1_relaxed_repeat001
2.752,0.33330703429873576,2.96,0.3655499316147885,lo_A_model_1_relaxed_repeat046,lo_A_model_1_relaxed_repeat084
2.758,0.329281906522062,3.09,0.37805223276817373,lo_A_model_1_relaxed_repeat046,lo_A_model_1_relaxed_repeat036
2.778,0.3145867916796328,3.1,0.3606394733758292,lo_A_model_1_relaxed_repeat046,lo_A_model_1_relaxed_repeat011
2.7859999999999996,0.3188443478702619,3.09,0.37341972227543535,lo_A_model_1_relaxed_repeat046,lo_A_model_1_relaxed_repeat063
2.787,0.35410321515259074,3.09,0.4089160450541384,lo_A_model_1_relaxed_repeat046,lo_A_model_1_relaxed_repeat028
2.787,0.31530578250435987,3.0300000000000002,0.36368637937994736,lo_A_model_1_relaxed_repeat046,lo_A_model_1_relaxed_repeat078
2.795,0.34610245987637095,3.0700000000000003,0.3779744978567243,lo_A_model_1_relaxed_repeat046,lo_A_model_1_relaxed_repeat093
2.816,0.3519917080243265,2.96,0.399796836817919,lo_A_model_1_relaxed_repeat046,lo_A_model_1_relaxed_repeat067
2.8179999999999996,0.336590612806523,3.0700000000000003,0.3706279711381559,lo_A_model_1_relaxed_repeat046,lo_A_model_1_relaxed_repeat024
2.8179999999999996,0.33204281313829914,2.8499999999999996,0.3775399627351901,lo_A_model_1_relaxed_repeat046,lo_A_model_1_relaxed_repeat074
2.8280000000000003,0.32642042235683816,3.09,0.38634407637558094,lo_A_model_1_relaxed_repeat046,lo_A_model_1_relaxed_repeat064
2.832,0.3679523889241942,3.04,0.4037595142538448,lo_A_model_1_relaxed_repeat046,lo_A_model_1_relaxed_repeat091
2.836,0.32744517522081984,3.09,0.3613959582322545,lo_A_model_1_relaxed_repeat046,lo_A_model_1_relaxed_repeat018
2.836,0.3392071505542365,3.09,0.3883837976138127,lo_A_model_1_relaxed_repeat046,lo_A_model_1_relaxed_repeat035
2.8499999999999996,0.32346828400667976,2.92,0.35490900322793456,lo_A_model_1_relaxed_repeat046,lo_A_model_1_relaxed_repeat096
2.852,0.31873326172775973,3.06,0.3562497797604921,lo_A_model_1_relaxed_repeat046,lo_A_model_1_relaxed_repeat076
2.862,0.31159848940262397,3.09,0.35222278032717025,lo_A_model_1_relaxed_repeat046,lo_A_model_1_relaxed_repeat099
2.864,0.31626548037566987,2.91,0.3490889430055833,lo_A_model_1_relaxed_repeat046,lo_A_model_1_relaxed_repeat051
2.8659999999999997,0.2978471029061473,2.75,0.3495265958431729,lo_A_model_1_relaxed_repeat046,lo_A_model_1_relaxed_repeat088
2.867,0.305860131947162,3.06,0.34334240303589164,lo_A_model_1_relaxed_repeat046,lo_A_model_1_relaxed_repeat056
2.868,0.3162983882131967,2.88,0.3432429704550549,lo_A_model_1_relaxed_repeat046,lo_A_model_1_relaxed_repeat079
2.871,0.3190816803595259,3.1,0.3696744885271516,lo_A_model_1_relaxed_repeat046,lo_A_model_1_relaxed_repeat075
2.891,0.3187219075673592,3.09,0.3576131732586565,lo_A_model_1_relaxed_repeat046,lo_A_model_1_relaxed_repeat039
2.908,0.3500495288887708,3.09,0.37113656005420675,lo_A_model_1_relaxed_repeat046,lo_A_model_1_relaxed_repeat042
2.915,0.3780995607316477,3.0700000000000003,0.43895789585649775,lo_A_model_1_relaxed_repeat046,lo_A_model_1_relaxed_repeat087
2.923,0.3788771604599158,3.1,0.4211480664188722,lo_A_model_1_relaxed_repeat046,lo_A_model_1_relaxed_repeat066
2.952,0.3088663748000376,2.92,0.3543675177343133,lo_A_model_1_relaxed_repeat046,lo_A_model_1_relaxed_repeat080
2.9610000000000003,0.35137695420800985,2.92,0.3787729605593962,lo_A_model_1_relaxed_repeat046,lo_A_model_1_relaxed_repeat073
2.9669999999999996,0.31166103932554096,2.8499999999999996,0.3542590243963271,lo_A_model_1_relaxed_repeat046,lo_A_model_1_relaxed_repeat082
2.985,0.3445966662270852,3.09,0.39255164682119403,lo_A_model_1_relaxed_repeat046,lo_A_model_1_relaxed_repeat044
2.3609999999999998,0.24691851968778458,3.04,0.2639421621301312,lo_A_model_1_relaxed_repeat019,lo_A_model_1_relaxed_repeat100
2.3890000000000002,0.3076195493210136,2.94,0.35235488190743963,lo_A_model_1_relaxed_repeat019,lo_A_model_1_relaxed_repeat017
2.4139999999999997,0.302955596684121,3.01,0.35034775284794967,lo_A_model_1_relaxed_repeat019,lo_A_model_1_relaxed_repeat024
2.4669999999999996,0.24647486124269669,2.87,0.28305961700870697,lo_A_model_1_relaxed_repeat019,lo_A_model_1_relaxed_repeat090
2.4669999999999996,0.35064078517608077,2.95,0.3806430444980568,lo_A_model_1_relaxed_repeat019,lo_A_model_1_relaxed_repeat033
2.4859999999999998,0.2403450660755039,2.8499999999999996,0.2745490775695259,lo_A_model_1_relaxed_repeat019,lo_A_model_1_relaxed_repeat023
2.4909999999999997,0.24809245473093414,2.9,0.2773345438512153,lo_A_model_1_relaxed_repeat019,lo_A_model_1_relaxed_repeat059
2.507,0.38860933341857423,3.05,0.4470145123471128,lo_A_model_1_relaxed_repeat019,lo_A_model_1_relaxed_repeat087
2.518,0.25921021898293056,2.81,0.2753013175606753,lo_A_model_1_relaxed_repeat019,lo_A_model_1_relaxed_repeat048
2.535,0.31412016872619347,2.95,0.35296163676003156,lo_A_model_1_relaxed_repeat019,lo_A_model_1_relaxed_repeat030
2.5389999999999997,0.30070580064370644,2.87,0.31382849803715646,lo_A_model_1_relaxed_repeat019,lo_A_model_1_relaxed_repeat001
2.548,0.31728569147427077,2.86,0.3581152778330652,lo_A_model_1_relaxed_repeat019,lo_A_model_1_relaxed_repeat038
2.5549999999999997,0.3467570067718178,2.96,0.39290932748923135,lo_A_model_1_relaxed_repeat019,lo_A_model_1_relaxed_repeat050
2.556,0.3206983019262327,3.0,0.3778367005017721,lo_A_model_1_relaxed_repeat019,lo_A_model_1_relaxed_repeat012
2.56,0.3116493278936085,2.94,0.340663536656683,lo_A_model_1_relaxed_repeat019,lo_A_model_1_relaxed_repeat057
2.568,0.3379928303410379,2.96,0.3726967416416852,lo_A_model_1_relaxed_repeat019,lo_A_model_1_relaxed_repeat036
2.569,0.29264194139856675,2.75,0.3429069118792916,lo_A_model_1_relaxed_repeat019,lo_A_model_1_relaxed_repeat043
2.572,0.33174453992658504,2.92,0.3593513867654377,lo_A_model_1_relaxed_repeat019,lo_A_model_1_relaxed_repeat049
2.58,0.27047157620278595,2.91,0.30102153212686583,lo_A_model_1_relaxed_repeat019,lo_A_model_1_relaxed_repeat095
2.5869999999999997,0.301123032949687,2.87,0.32932948744662965,lo_A_model_1_relaxed_repeat019,lo_A_model_1_relaxed_repeat003
2.5869999999999997,0.32461828755944383,2.96,0.3756797558692204,lo_A_model_1_relaxed_repeat019,lo_A_model_1_relaxed_repeat088
2.594,0.2934022994098693,2.71,0.3306299964668396,lo_A_model_1_relaxed_repeat019,lo_A_model_1_relaxed_repeat037
2.5949999999999998,0.31547487016447645,2.95,0.3521995061490243,lo_A_model_1_relaxed_repeat019,lo_A_model_1_relaxed_repeat011
2.599,0.24543419468339278,2.88,0.2534104995041471,lo_A_model_1_relaxed_repeat019,lo_A_model_1_relaxed_repeat078
2.601,0.3023487469907341,3.0300000000000002,0.3398693260626549,lo_A_model_1_relaxed_repeat019,lo_A_model_1_relaxed_repeat074
2.606,0.290937923362283,3.04,0.33501657977890065,lo_A_model_1_relaxed_repeat019,lo_A_model_1_relaxed_repeat058
2.609,0.3028005538195384,2.94,0.35025549636297637,lo_A_model_1_relaxed_repeat019,lo_A_model_1_relaxed_repeat034
2.6159999999999997,0.28404372157359703,2.92,0.308283679255917,lo_A_model_1_relaxed_repeat019,lo_A_model_1_relaxed_repeat070
2.6159999999999997,0.29982392162252525,2.96,0.35005252007338583,lo_A_model_1_relaxed_repeat019,lo_A_model_1_relaxed_repeat007
2.6189999999999998,0.26926522017944177,2.91,0.28480176575942306,lo_A_model_1_relaxed_repeat019,lo_A_model_1_relaxed_repeat065
2.6239999999999997,0.2684081335955703,2.99,0.3072457367896151,lo_A_model_1_relaxed_repeat019,lo_A_model_1_relaxed_repeat076
2.634,0.26639627511175745,2.94,0.31202041311014395,lo_A_model_1_relaxed_repeat019,lo_A_model_1_relaxed_repeat039
2.6390000000000002,0.27573008302293395,2.8099999999999996,0.3178733428406637,lo_A_model_1_relaxed_repeat019,lo_A_model_1_relaxed_repeat071
2.641,0.28092614458687604,2.98,0.3000935953187923,lo_A_model_1_relaxed_repeat019,lo_A_model_1_relaxed_repeat079
2.668,0.36971292540334644,2.95,0.4102370297777352,lo_A_model_1_relaxed_repeat019,lo_A_model_1_relaxed_repeat067
2.6719999999999997,0.3516260893675145,2.96,0.40558236269931797,lo_A_model_1_relaxed_repeat019,lo_A_model_1_relaxed_repeat083
2.672,0.24311189308793832,2.91,0.26276699753364563,lo_A_model_1_relaxed_repeat019,lo_A_model_1_relaxed_repeat086
2.691,0.30145238510651917,2.91,0.31463715278285537,lo_A_model_1_relaxed_repeat019,lo_A_model_1_relaxed_repeat056
2.715,0.26795940962660597,2.92,0.28792494253223155,lo_A_model_1_relaxed_repeat019,lo_A_model_1_relaxed_repeat031
2.7350000000000003,0.2667962658967015,3.02,0.28247227572315387,lo_A_model_1_relaxed_repeat019,lo_A_model_1_relaxed_repeat013
2.7359999999999998,0.30140964335010073,3.01,0.35239060945334694,lo_A_model_1_relaxed_repeat019,lo_A_model_1_relaxed_repeat075
2.7439999999999998,0.25173120698921314,2.6799999999999997,0.25015943414005076,lo_A_model_1_relaxed_repeat019,lo_A_model_1_relaxed_repeat009
2.745,0.36172053408433236,2.98,0.3984598388853988,lo_A_model_1_relaxed_repeat019,lo_A_model_1_relaxed_repeat080
2.754,0.3159726971598982,3.02,0.37201246767914475,lo_A_model_1_relaxed_repeat019,lo_A_model_1_relaxed_repeat089
2.762,0.3837112055574951,2.94,0.4265959347665781,lo_A_model_1_relaxed_repeat019,lo_A_model_1_relaxed_repeat066
2.784,0.3167858141937419,2.94,0.371689719384897,lo_A_model_1_relaxed_repeat019,lo_A_model_1_relaxed_repeat014
2.7859999999999996,0.3227620648414483,2.94,0.3715301076453716,lo_A_model_1_relaxed_repeat019,lo_A_model_1_relaxed_repeat035
2.803,0.34868558583377135,2.94,0.3953117601295332,lo_A_model_1_relaxed_repeat019,lo_A_model_1_relaxed_repeat064
2.807,0.3441227697881895,3.0,0.3887900971321673,lo_A_model_1_relaxed_repeat019,lo_A_model_1_relaxed_repeat091
2.815,0.32716938209124724,2.92,0.36746547140547825,lo_A_model_1_relaxed_repeat019,lo_A_model_1_relaxed_repeat041
2.816,0.2927369050275229,2.96,0.3069905610567995,lo_A_model_1_relaxed_repeat019,lo_A_model_1_relaxed_repeat084
2.823,0.3554509360716614,2.94,0.4008499553390008,lo_A_model_1_relaxed_repeat019,lo_A_model_1_relaxed_repeat044
2.824,0.31946486325652135,2.95,0.3516582015267118,lo_A_model_1_relaxed_repeat019,lo_A_model_1_relaxed_repeat032
2.83,0.37492356340687766,2.9699999999999998,0.4150745318045781,lo_A_model_1_relaxed_repeat019,lo_A_model_1_relaxed_repeat028
2.838,0.3281720944948705,2.96,0.3558164159906229,lo_A_model_1_relaxed_repeat019,lo_A_model_1_relaxed_repeat026
2.84,0.2500677367462132,2.8899999999999997,0.26685022294882904,lo_A_model_1_relaxed_repeat019,lo_A_model_1_relaxed_repeat002
2.848,0.3352311584768544,2.94,0.3550583582571185,lo_A_model_1_relaxed_repeat019,lo_A_model_1_relaxed_repeat042
2.877,0.3676573480946783,3.0,0.39278358079835546,lo_A_model_1_relaxed_repeat019,lo_A_model_1_relaxed_repeat072
2.877,0.24273892614513728,2.81,0.26022247552202277,lo_A_model_1_relaxed_repeat019,lo_A_model_1_relaxed_repeat016
2.878,0.36830995918817616,2.88,0.39743300062487746,lo_A_model_1_relaxed_repeat019,lo_A_model_1_relaxed_repeat073
2.891,0.27857290315969563,2.66,0.28844717707546386,lo_A_model_1_relaxed_repeat019,lo_A_model_1_relaxed_repeat027
2.9219999999999997,0.2589852868927028,2.9,0.2956753139395433,lo_A_model_1_relaxed_repeat019,lo_A_model_1_relaxed_repeat025
2.928,0.3645460276764879,2.98,0.40828687073256403,lo_A_model_1_relaxed_repeat019,lo_A_model_1_relaxed_repeat093
2.9370000000000003,0.3264704062855583,2.94,0.37247350147225045,lo_A_model_1_relaxed_repeat019,lo_A_model_1_relaxed_repeat097
2.952,0.2789349132627715,2.91,0.30531795851864235,lo_A_model_1_relaxed_repeat019,lo_A_model_1_relaxed_repeat021
2.963,0.38971041337730083,2.9699999999999998,0.42325626459885335,lo_A_model_1_relaxed_repeat019,lo_A_model_1_relaxed_repeat098
2.963,0.2715540193179348,2.92,0.2880302102260477,lo_A_model_1_relaxed_repeat019,lo_A_model_1_relaxed_repeat092
2.9690000000000003,0.3755423210598374,2.98,0.412955432027721,lo_A_model_1_relaxed_repeat019,lo_A_model_1_relaxed_repeat061
2.971,0.3007015840203239,2.9,0.3393661937314655,lo_A_model_1_relaxed_repeat019,lo_A_model_1_relaxed_repeat096
2.979,0.24149052591326545,2.91,0.26123942504146325,lo_A_model_1_relaxed_repeat019,lo_A_model_1_relaxed_repeat005
2.979,0.3184261655232538,2.94,0.3577959073296672,lo_A_model_1_relaxed_repeat019,lo_A_model_1_relaxed_repeat062
2.98,0.2401410100774752,2.91,0.27657345414280216,lo_A_model_1_relaxed_repeat019,lo_A_model_1_relaxed_repeat055
2.982,0.32115365140561425,2.94,0.35949810030120005,lo_A_model_1_relaxed_repeat019,lo_A_model_1_relaxed_repeat018
2.9930000000000003,0.3263252149662155,2.99,0.3642558408544282,lo_A_model_1_relaxed_repeat019,lo_A_model_1_relaxed_repeat020
3.0060000000000002,0.3470631000582336,2.98,0.3787868973325821,lo_A_model_1_relaxed_repeat019,lo_A_model_1_relaxed_repeat063
3.018,0.31870210594205794,2.96,0.34815898395932277,lo_A_model_1_relaxed_repeat019,lo_A_model_1_relaxed_repeat099
3.019,0.3281958812670974,2.9299999999999997,0.37225700660962324,lo_A_model_1_relaxed_repeat019,lo_A_model_1_relaxed_repeat054
3.024,0.3309572741464425,2.96,0.3579630818313815,lo_A_model_1_relaxed_repeat019,lo_A_model_1_relaxed_repeat051
3.029,0.3415695414483081,2.8899999999999997,0.3708691797626949,lo_A_model_1_relaxed_repeat019,lo_A_model_1_relaxed_repeat082
3.034,0.3041065071123886,2.94,0.3503252525104278,lo_A_model_1_relaxed_repeat019,lo_A_model_1_relaxed_repeat094
2.19,0.3192539152067225,3.09,0.39496487593061247,lo_A_model_1_relaxed_repeat080,lo_A_model_1_relaxed_repeat044
2.307,0.3379083228049984,2.82,0.37924674986324036,lo_A_model_1_relaxed_repeat080,lo_A_model_1_relaxed_repeat009
2.3200000000000003,0.33776623706535197,3.09,0.41618878460970926,lo_A_model_1_relaxed_repeat080,lo_A_model_1_relaxed_repeat028
2.448,0.34676447544495553,3.09,0.39237973928289654,lo_A_model_1_relaxed_repeat080,lo_A_model_1_relaxed_repeat018
2.469,0.36360796500826753,3.0,0.4200583786663941,lo_A_model_1_relaxed_repeat080,lo_A_model_1_relaxed_repeat021
2.488,0.3393132583137963,3.0300000000000002,0.3979399024367361,lo_A_model_1_relaxed_repeat080,lo_A_model_1_relaxed_repeat078
2.495,0.376692441038984,2.91,0.4343511102569003,lo_A_model_1_relaxed_repeat080,lo_A_model_1_relaxed_repeat098
2.504,0.2993812670517587,3.09,0.36139979803540095,lo_A_model_1_relaxed_repeat080,lo_A_model_1_relaxed_repeat097
2.508,0.3358314108011439,3.04,0.3897772372865351,lo_A_model_1_relaxed_repeat080,lo_A_model_1_relaxed_repeat055
2.509,0.32196042639733125,3.09,0.3700809175718019,lo_A_model_1_relaxed_repeat080,lo_A_model_1_relaxed_repeat062
2.533,0.3240844959497776,2.91,0.37520710542304864,lo_A_model_1_relaxed_repeat080,lo_A_model_1_relaxed_repeat027
2.5389999999999997,0.3459810020667756,2.99,0.395376859755764,lo_A_model_1_relaxed_repeat080,lo_A_model_1_relaxed_repeat002
2.5410000000000004,0.35926782164298726,3.09,0.39698585395495306,lo_A_model_1_relaxed_repeat080,lo_A_model_1_relaxed_repeat042
2.542,0.3019335600394756,2.8899999999999997,0.36384353410558706,lo_A_model_1_relaxed_repeat080,lo_A_model_1_relaxed_repeat082
2.544,0.3401415589345842,3.01,0.41855566081671475,lo_A_model_1_relaxed_repeat080,lo_A_model_1_relaxed_repeat067
2.565,0.3285782526237575,3.09,0.37644858031271194,lo_A_model_1_relaxed_repeat080,lo_A_model_1_relaxed_repeat035
2.567,0.3397949811055916,3.09,0.3928613350945895,lo_A_model_1_relaxed_repeat080,lo_A_model_1_relaxed_repeat034
2.573,0.3072566718149846,2.9,0.3624423194206356,lo_A_model_1_relaxed_repeat080,lo_A_model_1_relaxed_repeat092
2.577,0.30890470263105785,3.09,0.3869743608264673,lo_A_model_1_relaxed_repeat080,lo_A_model_1_relaxed_repeat036
2.6,0.33253861629962933,2.91,0.37252496531830953,lo_A_model_1_relaxed_repeat080,lo_A_model_1_relaxed_repeat073
2.601,0.35784466143389393,3.02,0.41372974668304296,lo_A_model_1_relaxed_repeat080,lo_A_model_1_relaxed_repeat003
2.6020000000000003,0.33590812576603585,3.1,0.38973939423931925,lo_A_model_1_relaxed_repeat080,lo_A_model_1_relaxed_repeat011
2.61,0.3095647519055062,3.0700000000000003,0.3686787684892689,lo_A_model_1_relaxed_repeat080,lo_A_model_1_relaxed_repeat070
2.619,0.30767136937121436,2.9299999999999997,0.36013790873042095,lo_A_model_1_relaxed_repeat080,lo_A_model_1_relaxed_repeat038
2.634,0.29915137961508387,3.09,0.3725860982004644,lo_A_model_1_relaxed_repeat080,lo_A_model_1_relaxed_repeat064
2.6340000000000003,0.31633547231435977,3.02,0.35376851220663835,lo_A_model_1_relaxed_repeat080,lo_A_model_1_relaxed_repeat026
2.636,0.32794095913022264,3.0700000000000003,0.3693743695665738,lo_A_model_1_relaxed_repeat080,lo_A_model_1_relaxed_repeat007
2.646,0.3654040513512677,3.04,0.41853730585797216,lo_A_model_1_relaxed_repeat080,lo_A_model_1_relaxed_repeat091
2.652,0.3922772876247949,3.0700000000000003,0.46000472722581903,lo_A_model_1_relaxed_repeat080,lo_A_model_1_relaxed_repeat087
2.66,0.30549040384002324,3.09,0.36944280048827316,lo_A_model_1_relaxed_repeat080,lo_A_model_1_relaxed_repeat033
2.6609999999999996,0.3342465676027509,2.96,0.3891101693495986,lo_A_model_1_relaxed_repeat080,lo_A_model_1_relaxed_repeat079
2.669,0.37719155624184253,3.02,0.408888930355993,lo_A_model_1_relaxed_repeat080,lo_A_model_1_relaxed_repeat100
2.6719999999999997,0.30969526579169904,3.09,0.37567998435340794,lo_A_model_1_relaxed_repeat080,lo_A_model_1_relaxed_repeat014
2.676,0.3455805080638202,2.88,0.41159228823077376,lo_A_model_1_relaxed_repeat080,lo_A_model_1_relaxed_repeat074
2.676,0.340781985106887,3.06,0.39012869744770895,lo_A_model_1_relaxed_repeat080,lo_A_model_1_relaxed_repeat076
2.691,0.34973997248640676,2.94,0.4107767860459259,lo_A_model_1_relaxed_repeat080,lo_A_model_1_relaxed_repeat095
2.702,0.33332593096215646,3.01,0.3790489189744241,lo_A_model_1_relaxed_repeat080,lo_A_model_1_relaxed_repeat043
2.709,0.3496908878199723,3.0,0.39720025183429153,lo_A_model_1_relaxed_repeat080,lo_A_model_1_relaxed_repeat086
2.71,0.3187652263467535,3.01,0.37237466326622215,lo_A_model_1_relaxed_repeat080,lo_A_model_1_relaxed_repeat088
2.71,0.35314917353672365,2.99,0.4134910170404001,lo_A_model_1_relaxed_repeat080,lo_A_model_1_relaxed_repeat050
2.718,0.32832217986473317,3.0700000000000003,0.36863332639305807,lo_A_model_1_relaxed_repeat080,lo_A_model_1_relaxed_repeat058
2.7220000000000004,0.3513568980595372,2.98,0.4036034399838655,lo_A_model_1_relaxed_repeat080,lo_A_model_1_relaxed_repeat012
2.731,0.3422077053352891,3.0300000000000002,0.39709340962255374,lo_A_model_1_relaxed_repeat080,lo_A_model_1_relaxed_repeat005
2.731,0.3377428633945695,3.0700000000000003,0.3789315224581433,lo_A_model_1_relaxed_repeat080,lo_A_model_1_relaxed_repeat093
2.733,0.3265632100925944,3.09,0.3830654534552826,lo_A_model_1_relaxed_repeat080,lo_A_model_1_relaxed_repeat099
2.733,0.3734408809428482,3.09,0.40981048692430144,lo_A_model_1_relaxed_repeat080,lo_A_model_1_relaxed_repeat017
2.7409999999999997,0.36630543631681245,2.96,0.4148384383104547,lo_A_model_1_relaxed_repeat080,lo_A_model_1_relaxed_repeat084
2.753,0.33294287102265285,3.05,0.3811838722875505,lo_A_model_1_relaxed_repeat080,lo_A_model_1_relaxed_repeat025
2.763,0.3510090946818276,2.91,0.3983521134558052,lo_A_model_1_relaxed_repeat080,lo_A_model_1_relaxed_repeat090
2.785,0.36341471873997155,3.02,0.4101980749078218,lo_A_model_1_relaxed_repeat080,lo_A_model_1_relaxed_repeat001
2.7880000000000003,0.3678018324897697,3.05,0.40800624837426985,lo_A_model_1_relaxed_repeat080,lo_A_model_1_relaxed_repeat013
2.792,0.3340612105853351,3.04,0.3690226817257173,lo_A_model_1_relaxed_repeat080,lo_A_model_1_relaxed_repeat051
2.7960000000000003,0.34519870581303297,2.9699999999999998,0.38557780434638345,lo_A_model_1_relaxed_repeat080,lo_A_model_1_relaxed_repeat071
2.7969999999999997,0.37205242796672766,3.0700000000000003,0.4293747658590445,lo_A_model_1_relaxed_repeat080,lo_A_model_1_relaxed_repeat066
2.806,0.3331659409453622,3.09,0.3992899993445089,lo_A_model_1_relaxed_repeat080,lo_A_model_1_relaxed_repeat094
2.807,0.3445294512453085,2.9699999999999998,0.4028937175477981,lo_A_model_1_relaxed_repeat080,lo_A_model_1_relaxed_repeat023
2.809,0.3536005003912849,3.0,0.4025136328207789,lo_A_model_1_relaxed_repeat080,lo_A_model_1_relaxed_repeat059
2.814,0.3434049528756299,2.87,0.3911142879851034,lo_A_model_1_relaxed_repeat080,lo_A_model_1_relaxed_repeat016
2.8280000000000003,0.30973870569933226,3.06,0.37508633245617207,lo_A_model_1_relaxed_repeat080,lo_A_model_1_relaxed_repeat056
2.849,0.31984736434850713,2.88,0.37795826006575295,lo_A_model_1_relaxed_repeat080,lo_A_model_1_relaxed_repeat048
2.871,0.3572877526552301,2.91,0.4038115256053634,lo_A_model_1_relaxed_repeat080,lo_A_model_1_relaxed_repeat031
2.875,0.3191146308765629,3.09,0.3871362522749128,lo_A_model_1_relaxed_repeat080,lo_A_model_1_relaxed_repeat063
2.8970000000000002,0.34952470077531633,3.0300000000000002,0.40035159797715464,lo_A_model_1_relaxed_repeat080,lo_A_model_1_relaxed_repeat020
2.902,0.3171267709311242,3.09,0.37484695971099724,lo_A_model_1_relaxed_repeat080,lo_A_model_1_relaxed_repeat057
2.912,0.35641043755760016,3.1,0.3934119850559892,lo_A_model_1_relaxed_repeat080,lo_A_model_1_relaxed_repeat030
2.9210000000000003,0.34505944129345467,3.09,0.3885513979400945,lo_A_model_1_relaxed_repeat080,lo_A_model_1_relaxed_repeat039
2.9450000000000003,0.3408603962448309,3.01,0.3942990375899352,lo_A_model_1_relaxed_repeat080,lo_A_model_1_relaxed_repeat041
2.9459999999999997,0.33209507575680347,2.99,0.3717606487666328,lo_A_model_1_relaxed_repeat080,lo_A_model_1_relaxed_repeat037
2.957,0.34148479000180243,3.04,0.3789843742650255,lo_A_model_1_relaxed_repeat080,lo_A_model_1_relaxed_repeat024
2.96,0.32989672333727343,3.0700000000000003,0.3805343355646554,lo_A_model_1_relaxed_repeat080,lo_A_model_1_relaxed_repeat049
2.963,0.3373683625018318,3.1,0.3835949595471579,lo_A_model_1_relaxed_repeat080,lo_A_model_1_relaxed_repeat075
2.964,0.33915676255254235,3.02,0.40728389567207257,lo_A_model_1_relaxed_repeat080,lo_A_model_1_relaxed_repeat065
2.965,0.35849559768877465,2.9299999999999997,0.41194017371930514,lo_A_model_1_relaxed_repeat080,lo_A_model_1_relaxed_repeat061
2.9779999999999998,0.3217861030829937,3.01,0.36332725644929253,lo_A_model_1_relaxed_repeat080,lo_A_model_1_relaxed_repeat054
3.005,0.3432658820918525,3.09,0.39660526568215115,lo_A_model_1_relaxed_repeat080,lo_A_model_1_relaxed_repeat083
3.007,0.32384285031853344,3.0700000000000003,0.3794168026819156,lo_A_model_1_relaxed_repeat080,lo_A_model_1_relaxed_repeat072
3.017,0.34032776677961746,2.98,0.36534816913790297,lo_A_model_1_relaxed_repeat080,lo_A_model_1_relaxed_repeat096
3.02,0.37391274639549843,3.08,0.4213775012614993,lo_A_model_1_relaxed_repeat080,lo_A_model_1_relaxed_repeat089
3.025,0.29192450324305647,3.1,0.3416881007966728,lo_A_model_1_relaxed_repeat080,lo_A_model_1_relaxed_repeat032
2.059,0.20187336715435616,2.66,0.22975168532542092,lo_A_model_1_relaxed_repeat055,lo_A_model_1_relaxed_repeat005
2.141,0.272643158967205,2.84,0.3110759398335841,lo_A_model_1_relaxed_repeat055,lo_A_model_1_relaxed_repeat094
2.157,0.3638877992899776,2.96,0.4138317406689844,lo_A_model_1_relaxed_repeat055,lo_A_model_1_relaxed_repeat098
2.191,0.2970168258698241,2.8899999999999997,0.3219446899777415,lo_A_model_1_relaxed_repeat055,lo_A_model_1_relaxed_repeat032
2.255,0.24894538817721998,2.92,0.27802517357025364,lo_A_model_1_relaxed_repeat055,lo_A_model_1_relaxed_repeat070
2.298,0.21435040836899338,2.98,0.24117511550246054,lo_A_model_1_relaxed_repeat055,lo_A_model_1_relaxed_repeat009
2.311,0.2888579545082488,2.9,0.3374857809753102,lo_A_model_1_relaxed_repeat055,lo_A_model_1_relaxed_repeat014
2.3179999999999996,0.30525134370321455,3.04,0.355918887739186,lo_A_model_1_relaxed_repeat055,lo_A_model_1_relaxed_repeat020
2.327,0.29458197729117486,2.91,0.3428605993081444,lo_A_model_1_relaxed_repeat055,lo_A_model_1_relaxed_repeat099
2.33,0.2548204383364714,2.99,0.28621880042502135,lo_A_model_1_relaxed_repeat055,lo_A_model_1_relaxed_repeat027
2.336,0.24119106513272195,2.84,0.27884982446933837,lo_A_model_1_relaxed_repeat055,lo_A_model_1_relaxed_repeat025
2.34,0.3161109840235146,2.8899999999999997,0.35083595243671156,lo_A_model_1_relaxed_repeat055,lo_A_model_1_relaxed_repeat049
2.34,0.3143259655030323,3.0,0.37457672821718174,lo_A_model_1_relaxed_repeat055,lo_A_model_1_relaxed_repeat082
2.343,0.287179377479974,2.99,0.32792895004924555,lo_A_model_1_relaxed_repeat055,lo_A_model_1_relaxed_repeat007
2.351,0.339756791327589,3.01,0.4013932103299688,lo_A_model_1_relaxed_repeat055,lo_A_model_1_relaxed_repeat067
2.366,0.23870246173018722,2.82,0.26561667389963495,lo_A_model_1_relaxed_repeat055,lo_A_model_1_relaxed_repeat002
2.377,0.28415843572756366,2.87,0.343861102477225,lo_A_model_1_relaxed_repeat055,lo_A_model_1_relaxed_repeat035
2.389,0.28031314596307083,2.8899999999999997,0.33399806395230985,lo_A_model_1_relaxed_repeat055,lo_A_model_1_relaxed_repeat057
2.3979999999999997,0.2852721387255461,2.9299999999999997,0.33816178163408694,lo_A_model_1_relaxed_repeat055,lo_A_model_1_relaxed_repeat018
2.41,0.23249589902085682,2.9299999999999997,0.26782406199428527,lo_A_model_1_relaxed_repeat055,lo_A_model_1_relaxed_repeat021
2.4290000000000003,0.31344757680490065,2.92,0.3429587244775659,lo_A_model_1_relaxed_repeat055,lo_A_model_1_relaxed_repeat036
2.4299999999999997,0.31083544354106946,3.01,0.3578638338881846,lo_A_model_1_relaxed_repeat055,lo_A_model_1_relaxed_repeat063
2.433,0.262961210061748,3.01,0.29684208216718616,lo_A_model_1_relaxed_repeat055,lo_A_model_1_relaxed_repeat079
2.472,0.29130920109700764,2.81,0.3453547863708302,lo_A_model_1_relaxed_repeat055,lo_A_model_1_relaxed_repeat062
2.484,0.22795507174734278,2.84,0.252960270450368,lo_A_model_1_relaxed_repeat055,lo_A_model_1_relaxed_repeat078
2.5,0.2578532081768537,2.79,0.28614211581570914,lo_A_model_1_relaxed_repeat055,lo_A_model_1_relaxed_repeat003
2.5309999999999997,0.22865542354855442,2.96,0.25931542979856903,lo_A_model_1_relaxed_repeat055,lo_A_model_1_relaxed_repeat016
2.557,0.3012905156508799,2.92,0.35612044867264225,lo_A_model_1_relaxed_repeat055,lo_A_model_1_relaxed_repeat011
2.58,0.2983290110859282,2.8899999999999997,0.3426764553858678,lo_A_model_1_relaxed_repeat055,lo_A_model_1_relaxed_repeat097
2.584,0.3158816496650857,2.8899999999999997,0.35040299709328965,lo_A_model_1_relaxed_repeat055,lo_A_model_1_relaxed_repeat026
2.597,0.2666121732590241,2.86,0.2792793198279241,lo_A_model_1_relaxed_repeat055,lo_A_model_1_relaxed_repeat056
2.597,0.31218823784892347,2.95,0.3560844927139612,lo_A_model_1_relaxed_repeat055,lo_A_model_1_relaxed_repeat042
2.601,0.3441536619905656,3.01,0.37420706821204885,lo_A_model_1_relaxed_repeat055,lo_A_model_1_relaxed_repeat073
2.6109999999999998,0.3245344463488472,2.86,0.37525308579372274,lo_A_model_1_relaxed_repeat055,lo_A_model_1_relaxed_repeat044
2.612,0.2454101538929523,2.93,0.2725667221539546,lo_A_model_1_relaxed_repeat055,lo_A_model_1_relaxed_repeat048
2.6180000000000003,0.33724641127375143,2.95,0.3837762819936727,lo_A_model_1_relaxed_repeat055,lo_A_model_1_relaxed_repeat083
2.62,0.2605047763161895,2.88,0.2994329404673271,lo_A_model_1_relaxed_repeat055,lo_A_model_1_relaxed_repeat065
2.6310000000000002,0.3663865130802386,3.0,0.4211897448235084,lo_A_model_1_relaxed_repeat055,lo_A_model_1_relaxed_repeat061
2.643,0.29662227489317794,2.96,0.34278686179319323,lo_A_model_1_relaxed_repeat055,lo_A_model_1_relaxed_repeat034
2.643,0.32658429474436873,3.0300000000000002,0.37825833834738876,lo_A_model_1_relaxed_repeat055,lo_A_model_1_relaxed_repeat054
2.659,0.3034088545959236,3.06,0.35624986007577003,lo_A_model_1_relaxed_repeat055,lo_A_model_1_relaxed_repeat074
2.664,0.2633163292892909,2.96,0.2928131523739112,lo_A_model_1_relaxed_repeat055,lo_A_model_1_relaxed_repeat092
2.668,0.2998998445117927,3.0300000000000002,0.36136436737534555,lo_A_model_1_relaxed_repeat055,lo_A_model_1_relaxed_repeat088
2.675,0.3147157243044324,3.0300000000000002,0.35337627617145034,lo_A_model_1_relaxed_repeat055,lo_A_model_1_relaxed_repeat051
2.687,0.2875860117653328,2.6900000000000004,0.30346482710118755,lo_A_model_1_relaxed_repeat055,lo_A_model_1_relaxed_repeat001
2.697,0.2745334734418687,2.94,0.2982696881464035,lo_A_model_1_relaxed_repeat055,lo_A_model_1_relaxed_repeat031
2.7359999999999998,0.3753279191909088,3.11,0.42702222756270897,lo_A_model_1_relaxed_repeat055,lo_A_model_1_relaxed_repeat066
2.762,0.2854695968067378,3.0,0.33990901753305414,lo_A_model_1_relaxed_repeat055,lo_A_model_1_relaxed_repeat058
2.796,0.27262641094137485,3.05,0.2875948310355047,lo_A_model_1_relaxed_repeat055,lo_A_model_1_relaxed_repeat100
2.8040000000000003,0.34755251844264146,2.91,0.424618923658663,lo_A_model_1_relaxed_repeat055,lo_A_model_1_relaxed_repeat028
2.818,0.31654214689078297,3.04,0.34691392359815443,lo_A_model_1_relaxed_repeat055,lo_A_model_1_relaxed_repeat075
2.823,0.2534926844282794,3.0,0.2787739866313168,lo_A_model_1_relaxed_repeat055,lo_A_model_1_relaxed_repeat013
2.8339999999999996,0.31630945261566246,2.87,0.34462652132251154,lo_A_model_1_relaxed_repeat055,lo_A_model_1_relaxed_repeat030
2.846,0.296589264307446,2.87,0.32946890110513016,lo_A_model_1_relaxed_repeat055,lo_A_model_1_relaxed_repeat095
2.854,0.30926749212958976,3.0300000000000002,0.3520575531698189,lo_A_model_1_relaxed_repeat055,lo_A_model_1_relaxed_repeat038
2.872,0.2550417447387202,2.94,0.28346936059777433,lo_A_model_1_relaxed_repeat055,lo_A_model_1_relaxed_repeat023
2.8810000000000002,0.34505901052417093,3.01,0.3925246773358289,lo_A_model_1_relaxed_repeat055,lo_A_model_1_relaxed_repeat091
2.886,0.2970874112106687,3.0300000000000002,0.34649807444444086,lo_A_model_1_relaxed_repeat055,lo_A_model_1_relaxed_repeat096
2.887,0.37422048728581775,3.1100000000000003,0.4313235444535807,lo_A_model_1_relaxed_repeat055,lo_A_model_1_relaxed_repeat087
2.89,0.32317184115069875,2.94,0.37580254609045516,lo_A_model_1_relaxed_repeat055,lo_A_model_1_relaxed_repeat064
2.892,0.3261741032587102,2.8899999999999997,0.3617494845283256,lo_A_model_1_relaxed_repeat055,lo_A_model_1_relaxed_repeat017
2.894,0.2631638441538161,3.02,0.29039837469051,lo_A_model_1_relaxed_repeat055,lo_A_model_1_relaxed_repeat076
2.895,0.31995189910301836,2.8899999999999997,0.3489633534219224,lo_A_model_1_relaxed_repeat055,lo_A_model_1_relaxed_repeat033
2.899,0.29411527087317507,3.0300000000000002,0.3540804447768763,lo_A_model_1_relaxed_repeat055,lo_A_model_1_relaxed_repeat024
2.9050000000000002,0.2644911285497967,2.99,0.28088476603096324,lo_A_model_1_relaxed_repeat055,lo_A_model_1_relaxed_repeat084
2.9370000000000003,0.2806748356662061,3.0300000000000002,0.3223038934202889,lo_A_model_1_relaxed_repeat055,lo_A_model_1_relaxed_repeat043
2.944,0.2598209105891963,2.94,0.2665978630838184,lo_A_model_1_relaxed_repeat055,lo_A_model_1_relaxed_repeat086
2.944,0.35638161017986325,3.05,0.399029903756046,lo_A_model_1_relaxed_repeat055,lo_A_model_1_relaxed_repeat093
2.9450000000000003,0.36441750804767026,3.01,0.41819114534939755,lo_A_model_1_relaxed_repeat055,lo_A_model_1_relaxed_repeat050
2.9450000000000003,0.25743972946332827,2.9299999999999997,0.28986129582172687,lo_A_model_1_relaxed_repeat055,lo_A_model_1_relaxed_repeat059
2.956,0.2865147198529558,2.86,0.3305837382743515,lo_A_model_1_relaxed_repeat055,lo_A_model_1_relaxed_repeat039
2.957,0.3434378895478921,3.0300000000000002,0.3873055005894421,lo_A_model_1_relaxed_repeat055,lo_A_model_1_relaxed_repeat012
2.963,0.3219194565115422,3.0300000000000002,0.36358306703978166,lo_A_model_1_relaxed_repeat055,lo_A_model_1_relaxed_repeat041
2.982,0.3138354475292651,3.04,0.3442355466653362,lo_A_model_1_relaxed_repeat055,lo_A_model_1_relaxed_repeat089
2.9859999999999998,0.3121935856275878,3.0300000000000002,0.3520020402463957,lo_A_model_1_relaxed_repeat055,lo_A_model_1_relaxed_repeat037
2.995,0.3044574451519303,3.02,0.3394357431800778,lo_A_model_1_relaxed_repeat055,lo_A_model_1_relaxed_repeat071
2.998,0.26481638792435924,2.9299999999999997,0.28669574327701774,lo_A_model_1_relaxed_repeat055,lo_A_model_1_relaxed_repeat090
3.025,0.3627622615006951,3.06,0.41150086436530187,lo_A_model_1_relaxed_repeat055,lo_A_model_1_relaxed_repeat072
2.428,0.3638449480326335,3.1,0.40813147619339496,lo_A_model_1_relaxed_repeat087,lo_A_model_1_relaxed_repeat086
2.467,0.3680260973050253,3.0700000000000003,0.41246635966352124,lo_A_model_1_relaxed_repeat087,lo_A_model_1_relaxed_repeat011
2.517,0.374231671454843,3.12,0.4297740032253635,lo_A_model_1_relaxed_repeat087,lo_A_model_1_relaxed_repeat050
2.533,0.3868100390304092,3.05,0.4351026715201235,lo_A_model_1_relaxed_repeat087,lo_A_model_1_relaxed_repeat034
2.535,0.36577581100981177,2.9699999999999998,0.4315636473199821,lo_A_model_1_relaxed_repeat087,lo_A_model_1_relaxed_repeat023
2.58,0.37088463129143423,3.0300000000000002,0.40242711422116173,lo_A_model_1_relaxed_repeat087,lo_A_model_1_relaxed_repeat007
2.589,0.36554615419131814,3.0700000000000003,0.43063482433650263,lo_A_model_1_relaxed_repeat087,lo_A_model_1_relaxed_repeat088
2.599,0.35649710795858164,2.92,0.42698976277040834,lo_A_model_1_relaxed_repeat087,lo_A_model_1_relaxed_repeat056
2.608,0.3872833174230725,2.98,0.45493083000148155,lo_A_model_1_relaxed_repeat087,lo_A_model_1_relaxed_repeat095
2.616,0.363460337031616,3.01,0.4102817343895249,lo_A_model_1_relaxed_repeat087,lo_A_model_1_relaxed_repeat035
2.6180000000000003,0.34468397169486664,2.9299999999999997,0.4106691563010947,lo_A_model_1_relaxed_repeat087,lo_A_model_1_relaxed_repeat076
2.628,0.3671079102111912,2.96,0.4111135302613482,lo_A_model_1_relaxed_repeat087,lo_A_model_1_relaxed_repeat057
2.6340000000000003,0.35794990378467256,3.06,0.4086283976695382,lo_A_model_1_relaxed_repeat087,lo_A_model_1_relaxed_repeat012
2.636,0.39462296849971246,3.0,0.4347384723508112,lo_A_model_1_relaxed_repeat087,lo_A_model_1_relaxed_repeat100
2.6390000000000002,0.379724638579711,3.0300000000000002,0.4153764171859307,lo_A_model_1_relaxed_repeat087,lo_A_model_1_relaxed_repeat058
2.645,0.37863264004669056,3.09,0.42504272275378546,lo_A_model_1_relaxed_repeat087,lo_A_model_1_relaxed_repeat037
2.653,0.3820946620383829,3.05,0.43573360763663194,lo_A_model_1_relaxed_repeat087,lo_A_model_1_relaxed_repeat070
2.656,0.38764719738745207,3.05,0.43484978413694597,lo_A_model_1_relaxed_repeat087,lo_A_model_1_relaxed_repeat089
2.668,0.39011975161590884,3.05,0.43696053189935613,lo_A_model_1_relaxed_repeat087,lo_A_model_1_relaxed_repeat072
2.6790000000000003,0.4038414376013082,3.08,0.45426401353333756,lo_A_model_1_relaxed_repeat087,lo_A_model_1_relaxed_repeat036
2.6870000000000003,0.39691123608133205,3.09,0.434404003596291,lo_A_model_1_relaxed_repeat087,lo_A_model_1_relaxed_repeat009
2.692,0.3668563603473773,3.08,0.4253411321325907,lo_A_model_1_relaxed_repeat087,lo_A_model_1_relaxed_repeat090
2.719,0.39607755775814496,3.15,0.46389832885406135,lo_A_model_1_relaxed_repeat087,lo_A_model_1_relaxed_repeat066
2.7199999999999998,0.3664737203357283,3.08,0.42826375358221935,lo_A_model_1_relaxed_repeat087,lo_A_model_1_relaxed_repeat039
2.723,0.3734088666436911,2.9299999999999997,0.4232576166051901,lo_A_model_1_relaxed_repeat087,lo_A_model_1_relaxed_repeat084
2.723,0.3620244954919412,3.1,0.41722939968312733,lo_A_model_1_relaxed_repeat087,lo_A_model_1_relaxed_repeat038
2.731,0.3536447187849177,3.01,0.4060399143152892,lo_A_model_1_relaxed_repeat087,lo_A_model_1_relaxed_repeat032
2.732,0.3849250028211374,2.9699999999999998,0.4387601206703966,lo_A_model_1_relaxed_repeat087,lo_A_model_1_relaxed_repeat031
2.732,0.36649416712282074,2.8499999999999996,0.413135953610856,lo_A_model_1_relaxed_repeat087,lo_A_model_1_relaxed_repeat059
2.745,0.36814632478414666,2.9,0.41926668047463916,lo_A_model_1_relaxed_repeat087,lo_A_model_1_relaxed_repeat014
2.747,0.38495024259037197,3.06,0.41862927764670765,lo_A_model_1_relaxed_repeat087,lo_A_model_1_relaxed_repeat002
2.752,0.36933133795549256,3.01,0.413053357113344,lo_A_model_1_relaxed_repeat087,lo_A_model_1_relaxed_repeat075
2.755,0.38657250752806765,3.09,0.41239958677263877,lo_A_model_1_relaxed_repeat087,lo_A_model_1_relaxed_repeat042
2.768,0.3950433543147751,2.88,0.45096269619775164,lo_A_model_1_relaxed_repeat087,lo_A_model_1_relaxed_repeat091
2.775,0.4130600793886397,3.04,0.4453149212782102,lo_A_model_1_relaxed_repeat087,lo_A_model_1_relaxed_repeat017
2.778,0.3737587311720286,2.87,0.42694137928382886,lo_A_model_1_relaxed_repeat087,lo_A_model_1_relaxed_repeat074
2.779,0.3834863248844612,2.96,0.4370065948569859,lo_A_model_1_relaxed_repeat087,lo_A_model_1_relaxed_repeat083
2.784,0.3809454077943445,3.06,0.42822323139741103,lo_A_model_1_relaxed_repeat087,lo_A_model_1_relaxed_repeat016
2.785,0.37870250024390795,3.04,0.4217269150102504,lo_A_model_1_relaxed_repeat087,lo_A_model_1_relaxed_repeat073
2.787,0.3806542485491047,3.1100000000000003,0.4368857797518205,lo_A_model_1_relaxed_repeat087,lo_A_model_1_relaxed_repeat028
2.8,0.3663883767702408,2.87,0.42802925307488005,lo_A_model_1_relaxed_repeat087,lo_A_model_1_relaxed_repeat078
2.8040000000000003,0.3823355868885744,2.86,0.4293910250116029,lo_A_model_1_relaxed_repeat087,lo_A_model_1_relaxed_repeat003
2.8129999999999997,0.38028947185457745,3.0700000000000003,0.428322876355158,lo_A_model_1_relaxed_repeat087,lo_A_model_1_relaxed_repeat065
2.823,0.39456133299344254,2.96,0.4306284790644971,lo_A_model_1_relaxed_repeat087,lo_A_model_1_relaxed_repeat001
2.823,0.37196735631381705,2.92,0.39858361535106196,lo_A_model_1_relaxed_repeat087,lo_A_model_1_relaxed_repeat026
2.8289999999999997,0.38797459468763273,2.9299999999999997,0.4364586646537781,lo_A_model_1_relaxed_repeat087,lo_A_model_1_relaxed_repeat025
2.834,0.3749683839795873,2.96,0.41776063540962555,lo_A_model_1_relaxed_repeat087,lo_A_model_1_relaxed_repeat030
2.835,0.3771687994657232,2.96,0.41665693836998025,lo_A_model_1_relaxed_repeat087,lo_A_model_1_relaxed_repeat049
2.8440000000000003,0.3510132686029635,3.06,0.3972403012516272,lo_A_model_1_relaxed_repeat087,lo_A_model_1_relaxed_repeat097
2.847,0.37763767937172127,3.0700000000000003,0.42457185368479716,lo_A_model_1_relaxed_repeat087,lo_A_model_1_relaxed_repeat024
2.8499999999999996,0.38914720819035337,3.08,0.4314072524349875,lo_A_model_1_relaxed_repeat087,lo_A_model_1_relaxed_repeat044
2.851,0.37568873252762286,3.02,0.42842536989300034,lo_A_model_1_relaxed_repeat087,lo_A_model_1_relaxed_repeat064
2.855,0.3768072764758534,2.8899999999999997,0.4220740735998247,lo_A_model_1_relaxed_repeat087,lo_A_model_1_relaxed_repeat013
2.859,0.38744264571623943,2.86,0.43053308938878926,lo_A_model_1_relaxed_repeat087,lo_A_model_1_relaxed_repeat021
2.87,0.4159493070521888,3.0,0.4627988498186001,lo_A_model_1_relaxed_repeat087,lo_A_model_1_relaxed_repeat098
2.87,0.3804885377048166,3.05,0.4438433715665335,lo_A_model_1_relaxed_repeat087,lo_A_model_1_relaxed_repeat092
2.871,0.39197013951552084,3.02,0.4520795377371436,lo_A_model_1_relaxed_repeat087,lo_A_model_1_relaxed_repeat027
2.8739999999999997,0.3921847459606691,2.86,0.4341047716734977,lo_A_model_1_relaxed_repeat087,lo_A_model_1_relaxed_repeat093
2.8760000000000003,0.40425929121672644,3.0300000000000002,0.44602045796918177,lo_A_model_1_relaxed_repeat087,lo_A_model_1_relaxed_repeat061
2.878,0.3917977022456596,3.09,0.43133246656098717,lo_A_model_1_relaxed_repeat087,lo_A_model_1_relaxed_repeat096
2.879,0.36608584833996594,2.94,0.43069757437469514,lo_A_model_1_relaxed_repeat087,lo_A_model_1_relaxed_repeat048
2.882,0.38093652120828714,3.0,0.44405489485236643,lo_A_model_1_relaxed_repeat087,lo_A_model_1_relaxed_repeat079
2.886,0.37862369653329664,2.98,0.4161473960290336,lo_A_model_1_relaxed_repeat087,lo_A_model_1_relaxed_repeat062
2.886,0.38670025950469883,3.0700000000000003,0.43590325211844794,lo_A_model_1_relaxed_repeat087,lo_A_model_1_relaxed_repeat005
2.8890000000000002,0.3740514794770882,3.0,0.41671008643580854,lo_A_model_1_relaxed_repeat087,lo_A_model_1_relaxed_repeat018
2.9,0.38072557940034474,3.01,0.42216161500608906,lo_A_model_1_relaxed_repeat087,lo_A_model_1_relaxed_repeat067
2.9000000000000004,0.39265080607057007,3.0700000000000003,0.4465801060618195,lo_A_model_1_relaxed_repeat087,lo_A_model_1_relaxed_repeat020
2.907,0.3585920580430629,2.99,0.40976775584946357,lo_A_model_1_relaxed_repeat087,lo_A_model_1_relaxed_repeat033
2.9130000000000003,0.35853020775277034,3.09,0.4175434323309247,lo_A_model_1_relaxed_repeat087,lo_A_model_1_relaxed_repeat063
2.923,0.3808116198891945,3.08,0.42570359162873883,lo_A_model_1_relaxed_repeat087,lo_A_model_1_relaxed_repeat071
2.925,0.38078421339044766,3.08,0.43414761174510347,lo_A_model_1_relaxed_repeat087,lo_A_model_1_relaxed_repeat099
2.926,0.3884957785576074,3.0700000000000003,0.4414599915931185,lo_A_model_1_relaxed_repeat087,lo_A_model_1_relaxed_repeat054
2.931,0.383701567241864,3.06,0.4286486734665859,lo_A_model_1_relaxed_repeat087,lo_A_model_1_relaxed_repeat051
2.936,0.38164247963293074,3.09,0.4234222924790809,lo_A_model_1_relaxed_repeat087,lo_A_model_1_relaxed_repeat082
2.941,0.3575012182217606,3.1,0.40027293978399164,lo_A_model_1_relaxed_repeat087,lo_A_model_1_relaxed_repeat094
2.955,0.3958906266495276,3.1,0.4571594513389151,lo_A_model_1_relaxed_repeat087,lo_A_model_1_relaxed_repeat041
2.9690000000000003,0.3685309315327866,3.06,0.4147848779703124,lo_A_model_1_relaxed_repeat087,lo_A_model_1_relaxed_repeat043
2.042,0.27296091992341387,2.96,0.31272625571853857,lo_A_model_1_relaxed_repeat007,lo_A_model_1_relaxed_repeat094
2.0869999999999997,0.21786810988467548,2.7800000000000002,0.26133650110485557,lo_A_model_1_relaxed_repeat007,lo_A_model_1_relaxed_repeat062
2.093,0.2703264655877015,2.98,0.3145373785703103,lo_A_model_1_relaxed_repeat007,lo_A_model_1_relaxed_repeat005
2.094,0.26367262291408256,2.84,0.2987579438489888,lo_A_model_1_relaxed_repeat007,lo_A_model_1_relaxed_repeat002
2.137,0.3017842430075018,3.0700000000000003,0.3537103961563331,lo_A_model_1_relaxed_repeat007,lo_A_model_1_relaxed_repeat020
2.199,0.27996009576678127,2.9000000000000004,0.3181928136628272,lo_A_model_1_relaxed_repeat007,lo_A_model_1_relaxed_repeat097
2.227,0.28071545065176035,2.99,0.3183910732675787,lo_A_model_1_relaxed_repeat007,lo_A_model_1_relaxed_repeat034
2.2670000000000003,0.33754488791727305,3.01,0.38442912360142717,lo_A_model_1_relaxed_repeat007,lo_A_model_1_relaxed_repeat095
2.2750000000000004,0.30158102326048974,3.06,0.34436684867504386,lo_A_model_1_relaxed_repeat007,lo_A_model_1_relaxed_repeat038
2.288,0.35208648347457694,3.0300000000000002,0.39043220979254606,lo_A_model_1_relaxed_repeat007,lo_A_model_1_relaxed_repeat098
2.2960000000000003,0.2866560404924111,2.9,0.3272518334828434,lo_A_model_1_relaxed_repeat007,lo_A_model_1_relaxed_repeat032
2.3049999999999997,0.30836417028645213,2.96,0.3525640801544657,lo_A_model_1_relaxed_repeat007,lo_A_model_1_relaxed_repeat092
2.332,0.28982842786132373,2.99,0.3359548559495033,lo_A_model_1_relaxed_repeat007,lo_A_model_1_relaxed_repeat036
2.334,0.28514373856917746,2.89,0.3146928015867686,lo_A_model_1_relaxed_repeat007,lo_A_model_1_relaxed_repeat011
2.336,0.3021386582557575,2.95,0.35377655953617565,lo_A_model_1_relaxed_repeat007,lo_A_model_1_relaxed_repeat048
2.3499999999999996,0.2913182479733959,2.9699999999999998,0.32178921294529783,lo_A_model_1_relaxed_repeat007,lo_A_model_1_relaxed_repeat063
2.3499999999999996,0.2826890302784512,3.0,0.32973930831024884,lo_A_model_1_relaxed_repeat007,lo_A_model_1_relaxed_repeat014
2.358,0.2841000589417415,3.06,0.32372443641099097,lo_A_model_1_relaxed_repeat007,lo_A_model_1_relaxed_repeat043
2.3609999999999998,0.319613670139749,3.0,0.3635154220782086,lo_A_model_1_relaxed_repeat007,lo_A_model_1_relaxed_repeat083
2.3739999999999997,0.32221730331864534,2.89,0.37020494652563163,lo_A_model_1_relaxed_repeat007,lo_A_model_1_relaxed_repeat074
2.392,0.27254719794431226,2.8499999999999996,0.30290661554285675,lo_A_model_1_relaxed_repeat007,lo_A_model_1_relaxed_repeat018
2.392,0.28404834866212897,3.0,0.3005944039867584,lo_A_model_1_relaxed_repeat007,lo_A_model_1_relaxed_repeat057
2.392,0.2813781320907581,2.91,0.31254742701624955,lo_A_model_1_relaxed_repeat007,lo_A_model_1_relaxed_repeat035
2.407,0.28968257206950015,3.06,0.3312325359123469,lo_A_model_1_relaxed_repeat007,lo_A_model_1_relaxed_repeat037
2.411,0.28528642635845414,2.92,0.3307720193053893,lo_A_model_1_relaxed_repeat007,lo_A_model_1_relaxed_repeat078
2.4160000000000004,0.2703685065380413,2.88,0.31794588395134527,lo_A_model_1_relaxed_repeat007,lo_A_model_1_relaxed_repeat086
2.418,0.2806629633538586,2.9000000000000004,0.33358850033184306,lo_A_model_1_relaxed_repeat007,lo_A_model_1_relaxed_repeat099
2.4219999999999997,0.28783946954665274,3.06,0.33886260989286626,lo_A_model_1_relaxed_repeat007,lo_A_model_1_relaxed_repeat088
2.425,0.2727781666173426,3.0,0.3227052584542877,lo_A_model_1_relaxed_repeat007,lo_A_model_1_relaxed_repeat016
2.427,0.2832330700323371,2.95,0.3157958359673322,lo_A_model_1_relaxed_repeat007,lo_A_model_1_relaxed_repeat075
2.427,0.3120005062172629,2.91,0.3293303128101364,lo_A_model_1_relaxed_repeat007,lo_A_model_1_relaxed_repeat033
2.4290000000000003,0.2915556052599781,2.9000000000000004,0.3282282171262591,lo_A_model_1_relaxed_repeat007,lo_A_model_1_relaxed_repeat049
2.436,0.30621211195955267,2.8899999999999997,0.34375778310866295,lo_A_model_1_relaxed_repeat007,lo_A_model_1_relaxed_repeat056
2.439,0.2992345824536238,2.96,0.3299302392991672,lo_A_model_1_relaxed_repeat007,lo_A_model_1_relaxed_repeat076
2.442,0.2835543204513697,3.0,0.33389846228867404,lo_A_model_1_relaxed_repeat007,lo_A_model_1_relaxed_repeat090
2.452,0.2880909355124932,3.0,0.32540600808857706,lo_A_model_1_relaxed_repeat007,lo_A_model_1_relaxed_repeat070
2.46,0.29313522296261973,2.9699999999999998,0.338229421592654,lo_A_model_1_relaxed_repeat007,lo_A_model_1_relaxed_repeat065
2.4669999999999996,0.3437823711900577,3.04,0.38797246336808844,lo_A_model_1_relaxed_repeat007,lo_A_model_1_relaxed_repeat050
2.4770000000000003,0.346168223843344,3.01,0.39526757022856296,lo_A_model_1_relaxed_repeat007,lo_A_model_1_relaxed_repeat067
2.479,0.2909207301734189,2.8,0.3140680060852298,lo_A_model_1_relaxed_repeat007,lo_A_model_1_relaxed_repeat013
2.4979999999999998,0.29572420840911695,3.0300000000000002,0.342534732426443,lo_A_model_1_relaxed_repeat007,lo_A_model_1_relaxed_repeat079
2.501,0.33289356928189795,2.99,0.3743573606547557,lo_A_model_1_relaxed_repeat007,lo_A_model_1_relaxed_repeat001
2.5069999999999997,0.292663146973729,3.01,0.3267123263759857,lo_A_model_1_relaxed_repeat007,lo_A_model_1_relaxed_repeat009
2.5330000000000004,0.3456146969401889,3.04,0.3820256603295315,lo_A_model_1_relaxed_repeat007,lo_A_model_1_relaxed_repeat073
2.5389999999999997,0.32177738686128793,2.94,0.36420686162449406,lo_A_model_1_relaxed_repeat007,lo_A_model_1_relaxed_repeat061
2.54,0.30397461446226415,2.98,0.3546323732707913,lo_A_model_1_relaxed_repeat007,lo_A_model_1_relaxed_repeat044
2.5780000000000003,0.32455541331028953,2.98,0.3558477757201505,lo_A_model_1_relaxed_repeat007,lo_A_model_1_relaxed_repeat003
2.582,0.2507991690097191,2.78,0.27150868696204034,lo_A_model_1_relaxed_repeat007,lo_A_model_1_relaxed_repeat026
2.585,0.3481703490944556,3.08,0.37841893052726894,lo_A_model_1_relaxed_repeat007,lo_A_model_1_relaxed_repeat093
2.586,0.2961234431149141,3.0,0.33671067291254503,lo_A_model_1_relaxed_repeat007,lo_A_model_1_relaxed_repeat059
2.62,0.2901605963493661,3.06,0.3315628229753739,lo_A_model_1_relaxed_repeat007,lo_A_model_1_relaxed_repeat051
2.629,0.3170370634023969,3.0,0.3597750051954363,lo_A_model_1_relaxed_repeat007,lo_A_model_1_relaxed_repeat084
2.65,0.31114897829701926,3.01,0.35107902342164404,lo_A_model_1_relaxed_repeat007,lo_A_model_1_relaxed_repeat021
2.6550000000000002,0.31104175275988716,2.9699999999999998,0.36409792108351713,lo_A_model_1_relaxed_repeat007,lo_A_model_1_relaxed_repeat023
2.69,0.30503422589925394,2.99,0.34238288099143377,lo_A_model_1_relaxed_repeat007,lo_A_model_1_relaxed_repeat031
2.707,0.2771824719328066,3.0300000000000002,0.3099461395824444,lo_A_model_1_relaxed_repeat007,lo_A_model_1_relaxed_repeat058
2.7089999999999996,0.29901811180497173,3.0300000000000002,0.3450507209092599,lo_A_model_1_relaxed_repeat007,lo_A_model_1_relaxed_repeat082
2.7110000000000003,0.291841288417487,2.94,0.3397374649113307,lo_A_model_1_relaxed_repeat007,lo_A_model_1_relaxed_repeat025
2.714,0.32326749532487714,2.75,0.33073040942677073,lo_A_model_1_relaxed_repeat007,lo_A_model_1_relaxed_repeat042
2.726,0.30484192578101355,3.02,0.35649228954295287,lo_A_model_1_relaxed_repeat007,lo_A_model_1_relaxed_repeat027
2.7409999999999997,0.2976880028943708,3.0300000000000002,0.32623433479895514,lo_A_model_1_relaxed_repeat007,lo_A_model_1_relaxed_repeat100
2.771,0.31065789481497597,3.06,0.34890599510350956,lo_A_model_1_relaxed_repeat007,lo_A_model_1_relaxed_repeat054
2.777,0.3200492268109085,3.06,0.3653623439083574,lo_A_model_1_relaxed_repeat007,lo_A_model_1_relaxed_repeat041
2.779,0.308564160128155,3.02,0.3374510190706451,lo_A_model_1_relaxed_repeat007,lo_A_model_1_relaxed_repeat030
2.7809999999999997,0.2962392152893509,3.05,0.33401896582065066,lo_A_model_1_relaxed_repeat007,lo_A_model_1_relaxed_repeat071
2.784,0.28362604437394373,3.0,0.31410294185660803,lo_A_model_1_relaxed_repeat007,lo_A_model_1_relaxed_repeat039
2.798,0.33213892934042655,3.06,0.3763113647029252,lo_A_model_1_relaxed_repeat007,lo_A_model_1_relaxed_repeat012
2.819,0.2999940008937613,2.8600000000000003,0.3401165751509587,lo_A_model_1_relaxed_repeat007,lo_A_model_1_relaxed_repeat064
2.823,0.3453160953712709,3.04,0.38233979599229234,lo_A_model_1_relaxed_repeat007,lo_A_model_1_relaxed_repeat091
2.831,0.27939773466239454,3.06,0.30757833946331464,lo_A_model_1_relaxed_repeat007,lo_A_model_1_relaxed_repeat096
2.8369999999999997,0.31559210196260157,2.99,0.3440702676345344,lo_A_model_1_relaxed_repeat007,lo_A_model_1_relaxed_repeat017
2.839,0.3504921240791123,3.05,0.3811353042840217,lo_A_model_1_relaxed_repeat007,lo_A_model_1_relaxed_repeat072
2.8419999999999996,0.3503947538818548,2.9,0.39309170338169824,lo_A_model_1_relaxed_repeat007,lo_A_model_1_relaxed_repeat028
2.844,0.27769089401351593,3.0700000000000003,0.31540754116590247,lo_A_model_1_relaxed_repeat007,lo_A_model_1_relaxed_repeat024
2.854,0.3105838891788393,3.08,0.34992134820337734,lo_A_model_1_relaxed_repeat007,lo_A_model_1_relaxed_repeat089
2.932,0.3787340878492436,3.13,0.42764758932803887,lo_A_model_1_relaxed_repeat007,lo_A_model_1_relaxed_repeat066
2.127,0.30016963396709045,2.84,0.3455704164601984,lo_A_model_1_relaxed_repeat009,lo_A_model_1_relaxed_repeat082
2.152,0.22367498838534575,2.9299999999999997,0.24125957029206266,lo_A_model_1_relaxed_repeat009,lo_A_model_1_relaxed_repeat002
2.17,0.30340578596742707,2.86,0.33241101297198977,lo_A_model_1_relaxed_repeat009,lo_A_model_1_relaxed_repeat038
2.2,0.2937688940138638,3.0300000000000002,0.3385814470410341,lo_A_model_1_relaxed_repeat009,lo_A_model_1_relaxed_repeat036
2.202,0.29844915263673494,3.0300000000000002,0.3373810180776097,lo_A_model_1_relaxed_repeat009,lo_A_model_1_relaxed_repeat057
2.206,0.22435153733213065,2.73,0.24822966890858633,lo_A_model_1_relaxed_repeat009,lo_A_model_1_relaxed_repeat027
2.319,0.3109095130771788,2.74,0.33573735391738974,lo_A_model_1_relaxed_repeat009,lo_A_model_1_relaxed_repeat037
2.355,0.23761250719719682,3.01,0.25736193292859755,lo_A_model_1_relaxed_repeat009,lo_A_model_1_relaxed_repeat070
2.3600000000000003,0.3327261578796279,3.0300000000000002,0.3648762504077074,lo_A_model_1_relaxed_repeat009,lo_A_model_1_relaxed_repeat033
2.38,0.25609775494103204,2.94,0.27324730842109046,lo_A_model_1_relaxed_repeat009,lo_A_model_1_relaxed_repeat021
2.3819999999999997,0.2501584110422124,2.96,0.24714744546467374,lo_A_model_1_relaxed_repeat009,lo_A_model_1_relaxed_repeat048
2.412,0.3264301321682951,3.0300000000000002,0.3708533252395099,lo_A_model_1_relaxed_repeat009,lo_A_model_1_relaxed_repeat044
2.4290000000000003,0.3164161517936147,2.96,0.32614745166703113,lo_A_model_1_relaxed_repeat009,lo_A_model_1_relaxed_repeat001
2.435,0.2741656736266156,2.98,0.29053248927572567,lo_A_model_1_relaxed_repeat009,lo_A_model_1_relaxed_repeat013
2.436,0.30241223652680543,3.0300000000000002,0.3440426995490801,lo_A_model_1_relaxed_repeat009,lo_A_model_1_relaxed_repeat062
2.448,0.30997299157808633,3.04,0.33737932193149117,lo_A_model_1_relaxed_repeat009,lo_A_model_1_relaxed_repeat032
2.452,0.2967943763951732,3.0300000000000002,0.33179349628556054,lo_A_model_1_relaxed_repeat009,lo_A_model_1_relaxed_repeat094
2.455,0.3253336823387513,3.0300000000000002,0.3638577674919619,lo_A_model_1_relaxed_repeat009,lo_A_model_1_relaxed_repeat063
2.479,0.23387121102786357,2.9699999999999998,0.23676684897284964,lo_A_model_1_relaxed_repeat009,lo_A_model_1_relaxed_repeat078
2.481,0.3039502910002582,2.75,0.3292760950647889,lo_A_model_1_relaxed_repeat009,lo_A_model_1_relaxed_repeat043
2.524,0.3108624796577119,3.0300000000000002,0.3570378852476946,lo_A_model_1_relaxed_repeat009,lo_A_model_1_relaxed_repeat014
2.529,0.3401573085554129,3.01,0.366402805306901,lo_A_model_1_relaxed_repeat009,lo_A_model_1_relaxed_repeat049
2.534,0.30873695300635007,3.0300000000000002,0.3526264827514025,lo_A_model_1_relaxed_repeat009,lo_A_model_1_relaxed_repeat099
2.5389999999999997,0.3815325469816366,2.99,0.4067091842029406,lo_A_model_1_relaxed_repeat009,lo_A_model_1_relaxed_repeat098
2.5540000000000003,0.33327976965920325,2.98,0.38994625652220277,lo_A_model_1_relaxed_repeat009,lo_A_model_1_relaxed_repeat067
2.556,0.30503312749570993,3.0300000000000002,0.3601744927615662,lo_A_model_1_relaxed_repeat009,lo_A_model_1_relaxed_repeat035
2.574,0.3491510550284329,2.94,0.3821434540278902,lo_A_model_1_relaxed_repeat009,lo_A_model_1_relaxed_repeat073
2.576,0.2662196249305077,2.96,0.2746340522603565,lo_A_model_1_relaxed_repeat009,lo_A_model_1_relaxed_repeat065
2.581,0.2673442493106687,2.7,0.27619688816140364,lo_A_model_1_relaxed_repeat009,lo_A_model_1_relaxed_repeat023
2.5869999999999997,0.3126716336681588,2.96,0.3369667779500823,lo_A_model_1_relaxed_repeat009,lo_A_model_1_relaxed_repeat026
2.591,0.35293421110409245,3.0300000000000002,0.4010018926173411,lo_A_model_1_relaxed_repeat009,lo_A_model_1_relaxed_repeat083
2.599,0.2679421787602659,2.84,0.2716779840889331,lo_A_model_1_relaxed_repeat009,lo_A_model_1_relaxed_repeat090
2.6029999999999998,0.3111768542499377,3.0300000000000002,0.343454927979856,lo_A_model_1_relaxed_repeat009,lo_A_model_1_relaxed_repeat018
2.604,0.3727115877067316,2.88,0.408722704198138,lo_A_model_1_relaxed_repeat009,lo_A_model_1_relaxed_repeat061
2.612,0.25690206658740844,2.99,0.284980786441675,lo_A_model_1_relaxed_repeat009,lo_A_model_1_relaxed_repeat025
2.6260000000000003,0.34776314806643305,2.98,0.39132638248037765,lo_A_model_1_relaxed_repeat009,lo_A_model_1_relaxed_repeat091
2.637,0.2663313435353718,2.92,0.27802105703436647,lo_A_model_1_relaxed_repeat009,lo_A_model_1_relaxed_repeat092
2.645,0.3284342344396079,2.84,0.36272261676050077,lo_A_model_1_relaxed_repeat009,lo_A_model_1_relaxed_repeat020
2.654,0.2221232577442112,2.8,0.23559494591517138,lo_A_model_1_relaxed_repeat009,lo_A_model_1_relaxed_repeat016
2.659,0.30558315413575954,3.04,0.34776922445264596,lo_A_model_1_relaxed_repeat009,lo_A_model_1_relaxed_repeat011
2.673,0.2884801885229611,2.9299999999999997,0.31289830696364485,lo_A_model_1_relaxed_repeat009,lo_A_model_1_relaxed_repeat084
2.6790000000000003,0.2764768780414727,2.99,0.29471976942388917,lo_A_model_1_relaxed_repeat009,lo_A_model_1_relaxed_repeat003
2.691,0.26201385148327316,2.7800000000000002,0.25753358601473325,lo_A_model_1_relaxed_repeat009,lo_A_model_1_relaxed_repeat031
2.705,0.27415427556346483,2.95,0.2852420100403261,lo_A_model_1_relaxed_repeat009,lo_A_model_1_relaxed_repeat079
2.705,0.3399875887661511,2.8,0.362560635745629,lo_A_model_1_relaxed_repeat009,lo_A_model_1_relaxed_repeat041
2.7199999999999998,0.2743054217066852,3.0,0.2944052465788639,lo_A_model_1_relaxed_repeat009,lo_A_model_1_relaxed_repeat076
2.722,0.28330796873758174,3.0,0.2877204075211711,lo_A_model_1_relaxed_repeat009,lo_A_model_1_relaxed_repeat056
2.735,0.30302343615837757,2.83,0.3201189871772043,lo_A_model_1_relaxed_repeat009,lo_A_model_1_relaxed_repeat095
2.738,0.24974497435875165,2.94,0.25671452278527174,lo_A_model_1_relaxed_repeat009,lo_A_model_1_relaxed_repeat086
2.738,0.30657627952031896,3.0300000000000002,0.3489446176814737,lo_A_model_1_relaxed_repeat009,lo_A_model_1_relaxed_repeat034
2.739,0.21628885073620807,2.9699999999999998,0.23531131785150683,lo_A_model_1_relaxed_repeat009,lo_A_model_1_relaxed_repeat005
2.7489999999999997,0.27143382387594933,2.95,0.27478403537036244,lo_A_model_1_relaxed_repeat009,lo_A_model_1_relaxed_repeat100
2.757,0.35900309872298297,3.04,0.39941853302112046,lo_A_model_1_relaxed_repeat009,lo_A_model_1_relaxed_repeat050
2.7670000000000003,0.3628143887536646,3.04,0.40086455209624705,lo_A_model_1_relaxed_repeat009,lo_A_model_1_relaxed_repeat072
2.7880000000000003,0.3516323597908395,3.0300000000000002,0.4114104981610688,lo_A_model_1_relaxed_repeat009,lo_A_model_1_relaxed_repeat028
2.794,0.33103929852418124,3.04,0.3522424382952664,lo_A_model_1_relaxed_repeat009,lo_A_model_1_relaxed_repeat030
2.806,0.35411121851571414,2.99,0.3832581502436486,lo_A_model_1_relaxed_repeat009,lo_A_model_1_relaxed_repeat012
2.8129999999999997,0.3188868299262752,3.0300000000000002,0.36488628757632197,lo_A_model_1_relaxed_repeat009,lo_A_model_1_relaxed_repeat097
2.815,0.3299200102474227,2.8899999999999997,0.36934880637756523,lo_A_model_1_relaxed_repeat009,lo_A_model_1_relaxed_repeat054
2.824,0.32340548433218835,2.99,0.346289962599878,lo_A_model_1_relaxed_repeat009,lo_A_model_1_relaxed_repeat051
2.83,0.32501077653531973,3.0300000000000002,0.3622037144456501,lo_A_model_1_relaxed_repeat009,lo_A_model_1_relaxed_repeat042
2.84,0.31126280107085097,2.9,0.3476577255498256,lo_A_model_1_relaxed_repeat009,lo_A_model_1_relaxed_repeat096
2.843,0.30089400126955007,3.0300000000000002,0.3452124224229712,lo_A_model_1_relaxed_repeat009,lo_A_model_1_relaxed_repeat039
2.8449999999999998,0.33382761907319786,3.0300000000000002,0.36749934065126294,lo_A_model_1_relaxed_repeat009,lo_A_model_1_relaxed_repeat017
2.848,0.3170407094442626,3.04,0.34783133564180696,lo_A_model_1_relaxed_repeat009,lo_A_model_1_relaxed_repeat075
2.848,0.29318223738906457,2.8899999999999997,0.3243656073172685,lo_A_model_1_relaxed_repeat009,lo_A_model_1_relaxed_repeat058
2.848,0.3048607125840475,2.8099999999999996,0.33039331483743795,lo_A_model_1_relaxed_repeat009,lo_A_model_1_relaxed_repeat071
2.852,0.31807681565634893,3.04,0.3448391219519797,lo_A_model_1_relaxed_repeat009,lo_A_model_1_relaxed_repeat024
2.862,0.340316088869374,3.05,0.3636980227995046,lo_A_model_1_relaxed_repeat009,lo_A_model_1_relaxed_repeat089
2.863,0.3199072080234368,3.0300000000000002,0.3711453486358411,lo_A_model_1_relaxed_repeat009,lo_A_model_1_relaxed_repeat064
2.8920000000000003,0.30107534881692993,3.0,0.3317526613701543,lo_A_model_1_relaxed_repeat009,lo_A_model_1_relaxed_repeat074
2.901,0.3065112413251025,2.88,0.34853628124187735,lo_A_model_1_relaxed_repeat009,lo_A_model_1_relaxed_repeat088
2.907,0.3870504737650814,3.07,0.4313308413581434,lo_A_model_1_relaxed_repeat009,lo_A_model_1_relaxed_repeat066
2.917,0.36936356042671775,3.01,0.40257294809856825,lo_A_model_1_relaxed_repeat009,lo_A_model_1_relaxed_repeat093
2.918,0.2684249662715499,2.94,0.2824480151442763,lo_A_model_1_relaxed_repeat009,lo_A_model_1_relaxed_repeat059
2.175,0.2236729084111027,2.66,0.24675119380705626,lo_A_model_1_relaxed_repeat005,lo_A_model_1_relaxed_repeat078
2.178,0.29111495008516847,2.87,0.347087205032101,lo_A_model_1_relaxed_repeat005,lo_A_model_1_relaxed_repeat074
2.182,0.29870191312435346,2.8200000000000003,0.35706404934716485,lo_A_model_1_relaxed_repeat005,lo_A_model_1_relaxed_repeat014
2.1820000000000004,0.24946677784325597,2.8,0.28464705952785474,lo_A_model_1_relaxed_repeat005,lo_A_model_1_relaxed_repeat065
2.183,0.22926949052303583,2.74,0.250212327573631,lo_A_model_1_relaxed_repeat005,lo_A_model_1_relaxed_repeat002
2.184,0.29928517603639493,2.9,0.35964654401752316,lo_A_model_1_relaxed_repeat005,lo_A_model_1_relaxed_repeat097
2.219,0.3053589487040589,2.82,0.34017423794318835,lo_A_model_1_relaxed_repeat005,lo_A_model_1_relaxed_repeat049
2.23,0.3054119734614533,3.0300000000000002,0.35799081677146954,lo_A_model_1_relaxed_repeat005,lo_A_model_1_relaxed_repeat020
2.241,0.3042217289609011,2.81,0.345766962795466,lo_A_model_1_relaxed_repeat005,lo_A_model_1_relaxed_repeat057
2.247,0.3033805902599818,3.02,0.3679573200976545,lo_A_model_1_relaxed_repeat005,lo_A_model_1_relaxed_repeat088
2.27,0.3373473785152779,2.9699999999999998,0.39548919382461734,lo_A_model_1_relaxed_repeat005,lo_A_model_1_relaxed_repeat067
2.27,0.29106273923127396,2.71,0.32078114600730906,lo_A_model_1_relaxed_repeat005,lo_A_model_1_relaxed_repeat032
2.333,0.2831361385647784,2.79,0.3356670807918536,lo_A_model_1_relaxed_repeat005,lo_A_model_1_relaxed_repeat099
2.333,0.2671475858360426,2.82,0.32285568601376113,lo_A_model_1_relaxed_repeat005,lo_A_model_1_relaxed_repeat062
2.43,0.2541495110418354,2.96,0.2856379051798561,lo_A_model_1_relaxed_repeat005,lo_A_model_1_relaxed_repeat079
2.436,0.3066387113276672,2.91,0.35950657649168605,lo_A_model_1_relaxed_repeat005,lo_A_model_1_relaxed_repeat063
2.457,0.2740822219292641,2.87,0.31140546229254973,lo_A_model_1_relaxed_repeat005,lo_A_model_1_relaxed_repeat094
2.504,0.35542531293623786,2.95,0.39491745936825456,lo_A_model_1_relaxed_repeat005,lo_A_model_1_relaxed_repeat098
2.5620000000000003,0.300764571259232,2.81,0.33136182351468263,lo_A_model_1_relaxed_repeat005,lo_A_model_1_relaxed_repeat026
2.5629999999999997,0.2997019917085114,2.87,0.3524987849896369,lo_A_model_1_relaxed_repeat005,lo_A_model_1_relaxed_repeat011
2.5629999999999997,0.2842567035860711,2.8899999999999997,0.30633483321835675,lo_A_model_1_relaxed_repeat005,lo_A_model_1_relaxed_repeat001
2.564,0.3108668244546127,2.99,0.35123880500337695,lo_A_model_1_relaxed_repeat005,lo_A_model_1_relaxed_repeat036
2.613,0.34470366697462196,2.9699999999999998,0.4045655399422036,lo_A_model_1_relaxed_repeat005,lo_A_model_1_relaxed_repeat083
2.618,0.23600703476336643,2.9,0.26511756778765594,lo_A_model_1_relaxed_repeat005,lo_A_model_1_relaxed_repeat048
2.625,0.31658722623770097,3.02,0.3587096171187048,lo_A_model_1_relaxed_repeat005,lo_A_model_1_relaxed_repeat054
2.626,0.3609498845688182,2.8899999999999997,0.4155126106554817,lo_A_model_1_relaxed_repeat005,lo_A_model_1_relaxed_repeat061
2.659,0.25645535436792327,3.0,0.2856399085696327,lo_A_model_1_relaxed_repeat005,lo_A_model_1_relaxed_repeat092
2.66,0.21587872396808513,2.95,0.24535525031168146,lo_A_model_1_relaxed_repeat005,lo_A_model_1_relaxed_repeat016
2.6639999999999997,0.2916106885991892,3.02,0.3339476885010911,lo_A_model_1_relaxed_repeat005,lo_A_model_1_relaxed_repeat051
2.665,0.2490774118252096,2.9299999999999997,0.2636051909761739,lo_A_model_1_relaxed_repeat005,lo_A_model_1_relaxed_repeat031
2.6790000000000003,0.25599523421887255,2.66,0.29498905195368214,lo_A_model_1_relaxed_repeat005,lo_A_model_1_relaxed_repeat025
2.684,0.24259232538896439,2.71,0.2735735013814075,lo_A_model_1_relaxed_repeat005,lo_A_model_1_relaxed_repeat070
2.695,0.2603556888036398,2.73,0.27670284335241896,lo_A_model_1_relaxed_repeat005,lo_A_model_1_relaxed_repeat056
2.715,0.30399397817994844,2.7800000000000002,0.34838187161395434,lo_A_model_1_relaxed_repeat005,lo_A_model_1_relaxed_repeat034
2.722,0.2558553037962799,2.76,0.27280144697320136,lo_A_model_1_relaxed_repeat005,lo_A_model_1_relaxed_repeat021
2.74,0.3443120183080444,3.0,0.3890609361233371,lo_A_model_1_relaxed_repeat005,lo_A_model_1_relaxed_repeat073
2.748,0.3082822996083108,2.79,0.3510080720819205,lo_A_model_1_relaxed_repeat005,lo_A_model_1_relaxed_repeat035
2.7510000000000003,0.2932557678043191,2.99,0.3410673728014739,lo_A_model_1_relaxed_repeat005,lo_A_model_1_relaxed_repeat058
2.763,0.3795773283689781,3.15,0.4326558696859164,lo_A_model_1_relaxed_repeat005,lo_A_model_1_relaxed_repeat066
2.769,0.30165593812678887,2.75,0.34660652058847535,lo_A_model_1_relaxed_repeat005,lo_A_model_1_relaxed_repeat018
2.7720000000000002,0.3192854092065418,2.9,0.36897852270097276,lo_A_model_1_relaxed_repeat005,lo_A_model_1_relaxed_repeat044
2.785,0.284403706194701,3.04,0.2938209141870842,lo_A_model_1_relaxed_repeat005,lo_A_model_1_relaxed_repeat100
2.817,0.31235734643850765,2.79,0.34525684494918163,lo_A_model_1_relaxed_repeat005,lo_A_model_1_relaxed_repeat075
2.824,0.2587405978885188,2.76,0.27093807262704056,lo_A_model_1_relaxed_repeat005,lo_A_model_1_relaxed_repeat013
2.826,0.31950063280590896,2.8,0.34919883780760247,lo_A_model_1_relaxed_repeat005,lo_A_model_1_relaxed_repeat030
2.839,0.3168476696769052,3.02,0.3485398112124352,lo_A_model_1_relaxed_repeat005,lo_A_model_1_relaxed_repeat041
2.845,0.27992300085765714,3.02,0.3109217916374172,lo_A_model_1_relaxed_repeat005,lo_A_model_1_relaxed_repeat095
2.853,0.30006167463321765,3.02,0.33795429341096855,lo_A_model_1_relaxed_repeat005,lo_A_model_1_relaxed_repeat038
2.871,0.26217410480504943,2.9299999999999997,0.2863968853979827,lo_A_model_1_relaxed_repeat005,lo_A_model_1_relaxed_repeat023
2.871,0.2698427131545937,2.8,0.2822705304499834,lo_A_model_1_relaxed_repeat005,lo_A_model_1_relaxed_repeat003
2.875,0.28793069772999014,3.02,0.34073000819350785,lo_A_model_1_relaxed_repeat005,lo_A_model_1_relaxed_repeat096
2.8810000000000002,0.31519251650484675,2.9,0.34056949696115174,lo_A_model_1_relaxed_repeat005,lo_A_model_1_relaxed_repeat017
2.888,0.30222848134420144,3.04,0.35581553144535394,lo_A_model_1_relaxed_repeat005,lo_A_model_1_relaxed_repeat024
2.893,0.24256475323836899,2.7,0.26132385533599506,lo_A_model_1_relaxed_repeat005,lo_A_model_1_relaxed_repeat076
2.894,0.32783661402223246,2.81,0.3594281740533015,lo_A_model_1_relaxed_repeat005,lo_A_model_1_relaxed_repeat033
2.901,0.3602104840880179,3.02,0.4059551692339364,lo_A_model_1_relaxed_repeat005,lo_A_model_1_relaxed_repeat072
2.911,0.26345509671067785,2.99,0.28658718996756466,lo_A_model_1_relaxed_repeat005,lo_A_model_1_relaxed_repeat084
2.936,0.2944062957084812,3.02,0.34371678796509414,lo_A_model_1_relaxed_repeat005,lo_A_model_1_relaxed_repeat043
2.939,0.3638911752304342,2.96,0.41096460032242293,lo_A_model_1_relaxed_repeat005,lo_A_model_1_relaxed_repeat093
2.94,0.25775818091444974,2.6799999999999997,0.2793949624892648,lo_A_model_1_relaxed_repeat005,lo_A_model_1_relaxed_repeat059
2.941,0.3109230905551135,2.99,0.3643399189464576,lo_A_model_1_relaxed_repeat005,lo_A_model_1_relaxed_repeat082
2.943,0.22675074768052406,2.6500000000000004,0.23351589016277277,lo_A_model_1_relaxed_repeat005,lo_A_model_1_relaxed_repeat086
2.944,0.35957739501293995,3.0,0.4117011360986874,lo_A_model_1_relaxed_repeat005,lo_A_model_1_relaxed_repeat050
2.9459999999999997,0.3268763697290881,2.76,0.360353387194258,lo_A_model_1_relaxed_repeat005,lo_A_model_1_relaxed_repeat042
2.955,0.30313846654599436,2.7800000000000002,0.3292425520539161,lo_A_model_1_relaxed_repeat005,lo_A_model_1_relaxed_repeat039
2.9560000000000004,0.3413376979390568,3.02,0.388639128189562,lo_A_model_1_relaxed_repeat005,lo_A_model_1_relaxed_repeat012
2.958,0.24250641924751556,2.98,0.26550230419644094,lo_A_model_1_relaxed_repeat005,lo_A_model_1_relaxed_repeat027
2.981,0.30459127331035607,3.05,0.34129199946442684,lo_A_model_1_relaxed_repeat005,lo_A_model_1_relaxed_repeat089
2.9850000000000003,0.29283919378930523,3.02,0.33339155428601036,lo_A_model_1_relaxed_repeat005,lo_A_model_1_relaxed_repeat037
2.9939999999999998,0.3077813954913236,3.01,0.3408087662671263,lo_A_model_1_relaxed_repeat005,lo_A_model_1_relaxed_repeat071
2.997,0.24411187777290563,2.92,0.2792538084906082,lo_A_model_1_relaxed_repeat005,lo_A_model_1_relaxed_repeat090
3.051,0.32426019550969953,2.98,0.3655681293884993,lo_A_model_1_relaxed_repeat005,lo_A_model_1_relaxed_repeat064
3.0549999999999997,0.34515824613993756,2.98,0.3841581100341461,lo_A_model_1_relaxed_repeat005,lo_A_model_1_relaxed_repeat091
3.074,0.34653361111696296,2.8899999999999997,0.41713022568357105,lo_A_model_1_relaxed_repeat005,lo_A_model_1_relaxed_repeat028
1.947,0.2293684000621429,2.8899999999999997,0.2747063460095367,lo_A_model_1_relaxed_repeat090,lo_A_model_1_relaxed_repeat059
2.107,0.2691975172441508,2.8899999999999997,0.3130934308213158,lo_A_model_1_relaxed_repeat090,lo_A_model_1_relaxed_repeat037
2.172,0.2740146435734847,2.58,0.3125107609019923,lo_A_model_1_relaxed_repeat090,lo_A_model_1_relaxed_repeat038
2.199,0.2873872355828728,2.99,0.33264127012785816,lo_A_model_1_relaxed_repeat090,lo_A_model_1_relaxed_repeat075
2.209,0.2946610108274588,2.9699999999999998,0.3464406383203742,lo_A_model_1_relaxed_repeat090,lo_A_model_1_relaxed_repeat088
2.2520000000000002,0.29792148921134504,2.98,0.34260844069252366,lo_A_model_1_relaxed_repeat090,lo_A_model_1_relaxed_repeat034
2.255,0.24771265600040585,2.84,0.2713010564542465,lo_A_model_1_relaxed_repeat090,lo_A_model_1_relaxed_repeat023
2.269,0.2716476990315348,2.95,0.2979878155183948,lo_A_model_1_relaxed_repeat090,lo_A_model_1_relaxed_repeat003
2.2750000000000004,0.27532033832999003,2.8899999999999997,0.3155806692405022,lo_A_model_1_relaxed_repeat090,lo_A_model_1_relaxed_repeat074
2.285,0.2596930266627925,2.91,0.29355733416256097,lo_A_model_1_relaxed_repeat090,lo_A_model_1_relaxed_repeat065
2.316,0.3159001766417502,2.98,0.3710513231431667,lo_A_model_1_relaxed_repeat090,lo_A_model_1_relaxed_repeat035
2.347,0.28085031625950063,2.91,0.30409258999590055,lo_A_model_1_relaxed_repeat090,lo_A_model_1_relaxed_repeat001
2.4,0.2799623058625262,3.0300000000000002,0.3291097803111045,lo_A_model_1_relaxed_repeat090,lo_A_model_1_relaxed_repeat095
2.419,0.30741140226609126,2.98,0.34683407699805946,lo_A_model_1_relaxed_repeat090,lo_A_model_1_relaxed_repeat033
2.424,0.30062196470856223,2.98,0.3462714127288701,lo_A_model_1_relaxed_repeat090,lo_A_model_1_relaxed_repeat036
2.471,0.2408573628556411,2.92,0.2731696009831393,lo_A_model_1_relaxed_repeat090,lo_A_model_1_relaxed_repeat078
2.508,0.29638754643608667,2.94,0.3299594634139525,lo_A_model_1_relaxed_repeat090,lo_A_model_1_relaxed_repeat058
2.5149999999999997,0.3212099670285076,3.0,0.35774708339767386,lo_A_model_1_relaxed_repeat090,lo_A_model_1_relaxed_repeat057
2.542,0.27357457287580184,3.05,0.29496121323055935,lo_A_model_1_relaxed_repeat090,lo_A_model_1_relaxed_repeat100
2.544,0.27221245910105335,2.96,0.2865006173110268,lo_A_model_1_relaxed_repeat090,lo_A_model_1_relaxed_repeat070
2.559,0.3305348503070819,2.84,0.3848496352784589,lo_A_model_1_relaxed_repeat090,lo_A_model_1_relaxed_repeat050
2.561,0.306231406138994,2.99,0.36286702104797924,lo_A_model_1_relaxed_repeat090,lo_A_model_1_relaxed_repeat011
2.567,0.30637726656962067,2.96,0.34721310240765385,lo_A_model_1_relaxed_repeat090,lo_A_model_1_relaxed_repeat049
2.6159999999999997,0.24538057038090402,2.8,0.2669241425088357,lo_A_model_1_relaxed_repeat090,lo_A_model_1_relaxed_repeat048
2.6310000000000002,0.28316363680289036,2.88,0.3021828076068552,lo_A_model_1_relaxed_repeat090,lo_A_model_1_relaxed_repeat031
2.6310000000000002,0.3100540443914427,2.99,0.3332006316683778,lo_A_model_1_relaxed_repeat090,lo_A_model_1_relaxed_repeat030
2.632,0.30204978035751,2.98,0.3502702002192872,lo_A_model_1_relaxed_repeat090,lo_A_model_1_relaxed_repeat039
2.635,0.32355772105685854,2.63,0.35698591196961577,lo_A_model_1_relaxed_repeat090,lo_A_model_1_relaxed_repeat041
2.638,0.3331100524001254,2.98,0.3720893719461866,lo_A_model_1_relaxed_repeat090,lo_A_model_1_relaxed_repeat017
2.6449999999999996,0.3045217005312111,3.05,0.3454049478055091,lo_A_model_1_relaxed_repeat090,lo_A_model_1_relaxed_repeat024
2.659,0.26580024823152965,2.92,0.2875308032263773,lo_A_model_1_relaxed_repeat090,lo_A_model_1_relaxed_repeat079
2.686,0.3427609885604982,3.05,0.40099846770477027,lo_A_model_1_relaxed_repeat090,lo_A_model_1_relaxed_repeat067
2.69,0.33762218177302694,2.98,0.39269007316487103,lo_A_model_1_relaxed_repeat090,lo_A_model_1_relaxed_repeat083
2.719,0.25298618485637336,2.95,0.2940342451808221,lo_A_model_1_relaxed_repeat090,lo_A_model_1_relaxed_repeat076
2.748,0.28600295075360865,2.82,0.3358545993046781,lo_A_model_1_relaxed_repeat090,lo_A_model_1_relaxed_repeat043
2.7510000000000003,0.3301949660332593,2.92,0.38094964540199105,lo_A_model_1_relaxed_repeat090,lo_A_model_1_relaxed_repeat012
2.754,0.2747266197398885,2.95,0.29844178062640975,lo_A_model_1_relaxed_repeat090,lo_A_model_1_relaxed_repeat056
2.802,0.2979315323981984,2.98,0.35072954826032243,lo_A_model_1_relaxed_repeat090,lo_A_model_1_relaxed_repeat014
2.818,0.3028808710227068,2.94,0.3391583878030549,lo_A_model_1_relaxed_repeat090,lo_A_model_1_relaxed_repeat071
2.838,0.3707747331172511,3.1100000000000003,0.4244660029928305,lo_A_model_1_relaxed_repeat090,lo_A_model_1_relaxed_repeat066
2.841,0.32403580137424026,2.98,0.367917621556495,lo_A_model_1_relaxed_repeat090,lo_A_model_1_relaxed_repeat044
2.842,0.2894369008945262,3.0,0.3240245403023802,lo_A_model_1_relaxed_repeat090,lo_A_model_1_relaxed_repeat032
2.851,0.22529236195395652,2.8899999999999997,0.25266493784348204,lo_A_model_1_relaxed_repeat090,lo_A_model_1_relaxed_repeat086
2.858,0.2466505958883424,2.92,0.26766483429713606,lo_A_model_1_relaxed_repeat090,lo_A_model_1_relaxed_repeat002
2.865,0.3104857433967728,3.06,0.35839057665672186,lo_A_model_1_relaxed_repeat090,lo_A_model_1_relaxed_repeat089
2.866,0.3349777312010042,2.98,0.3644926314724497,lo_A_model_1_relaxed_repeat090,lo_A_model_1_relaxed_repeat042
2.872,0.36813952189660426,3.04,0.40774444996920156,lo_A_model_1_relaxed_repeat090,lo_A_model_1_relaxed_repeat072
2.895,0.22327996244827095,2.83,0.23201727773461608,lo_A_model_1_relaxed_repeat090,lo_A_model_1_relaxed_repeat016
2.896,0.35497050956515275,2.9299999999999997,0.38611853754483916,lo_A_model_1_relaxed_repeat090,lo_A_model_1_relaxed_repeat073
2.909,0.2752899644388511,3.0,0.30101611418897595,lo_A_model_1_relaxed_repeat090,lo_A_model_1_relaxed_repeat084
2.909,0.26427853310762195,2.9,0.2838101684771783,lo_A_model_1_relaxed_repeat090,lo_A_model_1_relaxed_repeat027
2.911,0.32169535211254674,2.98,0.3777248735712929,lo_A_model_1_relaxed_repeat090,lo_A_model_1_relaxed_repeat064
2.914,0.26047162133747803,2.9299999999999997,0.2981546967196151,lo_A_model_1_relaxed_repeat090,lo_A_model_1_relaxed_repeat013
2.915,0.3391555333804886,2.95,0.3941641162012535,lo_A_model_1_relaxed_repeat090,lo_A_model_1_relaxed_repeat091
2.934,0.3639234387089872,3.05,0.42191070253738966,lo_A_model_1_relaxed_repeat090,lo_A_model_1_relaxed_repeat028
2.94,0.2786903286529556,2.94,0.309278221991134,lo_A_model_1_relaxed_repeat090,lo_A_model_1_relaxed_repeat025
2.9459999999999997,0.3642121769947356,2.9699999999999998,0.40886685241566334,lo_A_model_1_relaxed_repeat090,lo_A_model_1_relaxed_repeat093
2.955,0.29451864853479814,3.0,0.33754813146965457,lo_A_model_1_relaxed_repeat090,lo_A_model_1_relaxed_repeat097
2.9699999999999998,0.2746344742027134,2.95,0.2983540925154939,lo_A_model_1_relaxed_repeat090,lo_A_model_1_relaxed_repeat021
2.981,0.2742103856937545,2.86,0.29996046472922433,lo_A_model_1_relaxed_repeat090,lo_A_model_1_relaxed_repeat092
2.981,0.37600502386075435,2.96,0.40258691381609224,lo_A_model_1_relaxed_repeat090,lo_A_model_1_relaxed_repeat098
2.987,0.3487964629009142,3.02,0.39913038518469424,lo_A_model_1_relaxed_repeat090,lo_A_model_1_relaxed_repeat061
2.989,0.3085359053077803,2.87,0.35520761021117114,lo_A_model_1_relaxed_repeat090,lo_A_model_1_relaxed_repeat096
2.997,0.29483061697161417,2.98,0.3488036368935355,lo_A_model_1_relaxed_repeat090,lo_A_model_1_relaxed_repeat062
3.0,0.30723587002224556,3.04,0.3389708821437982,lo_A_model_1_relaxed_repeat090,lo_A_model_1_relaxed_repeat018
3.011,0.2982618397243693,2.99,0.33344317217496017,lo_A_model_1_relaxed_repeat090,lo_A_model_1_relaxed_repeat020
3.0170000000000003,0.2980563133895323,2.92,0.34719839269684594,lo_A_model_1_relaxed_repeat090,lo_A_model_1_relaxed_repeat026
3.024,0.32007194604303707,3.04,0.3553590942088156,lo_A_model_1_relaxed_repeat090,lo_A_model_1_relaxed_repeat063
3.036,0.32440341767046843,3.0,0.3720756841495238,lo_A_model_1_relaxed_repeat090,lo_A_model_1_relaxed_repeat099
3.037,0.3135912660092919,3.01,0.34458650138750874,lo_A_model_1_relaxed_repeat090,lo_A_model_1_relaxed_repeat054
3.042,0.32138570056314947,3.0,0.3488669581752301,lo_A_model_1_relaxed_repeat090,lo_A_model_1_relaxed_repeat051
3.0469999999999997,0.31030093243419027,2.9699999999999998,0.33789760662188945,lo_A_model_1_relaxed_repeat090,lo_A_model_1_relaxed_repeat082
3.052,0.2731335233952233,2.98,0.30219776753146516,lo_A_model_1_relaxed_repeat090,lo_A_model_1_relaxed_repeat094
2.098,0.27969533956732195,3.05,0.31629064339871593,lo_A_model_1_relaxed_repeat100,lo_A_model_1_relaxed_repeat058
2.14,0.317524793620376,3.0300000000000002,0.338401654165879,lo_A_model_1_relaxed_repeat100,lo_A_model_1_relaxed_repeat075
2.302,0.32306964573335817,3.02,0.3558907099446299,lo_A_model_1_relaxed_repeat100,lo_A_model_1_relaxed_repeat062
2.386,0.34258260910756555,3.04,0.37566498026337297,lo_A_model_1_relaxed_repeat100,lo_A_model_1_relaxed_repeat012
2.391,0.2875828663309987,3.02,0.3162696102703256,lo_A_model_1_relaxed_repeat100,lo_A_model_1_relaxed_repeat071
2.405,0.30803109758844976,2.9699999999999998,0.3211950592621571,lo_A_model_1_relaxed_repeat100,lo_A_model_1_relaxed_repeat037
2.4139999999999997,0.328942215901217,3.02,0.36380358328403034,lo_A_model_1_relaxed_repeat100,lo_A_model_1_relaxed_repeat099
2.461,0.3366919220261362,3.0,0.35804156534944753,lo_A_model_1_relaxed_repeat100,lo_A_model_1_relaxed_repeat051
2.4619999999999997,0.2571760028141469,3.02,0.2670548319386912,lo_A_model_1_relaxed_repeat100,lo_A_model_1_relaxed_repeat002
2.4690000000000003,0.3286235297729878,3.02,0.3594061625787332,lo_A_model_1_relaxed_repeat100,lo_A_model_1_relaxed_repeat017
2.483,0.39796844577685886,3.01,0.41451379726843124,lo_A_model_1_relaxed_repeat100,lo_A_model_1_relaxed_repeat098
2.484,0.3092978253694239,3.05,0.32302575226094316,lo_A_model_1_relaxed_repeat100,lo_A_model_1_relaxed_repeat095
2.487,0.3436271355663984,3.0,0.3638950390260273,lo_A_model_1_relaxed_repeat100,lo_A_model_1_relaxed_repeat049
2.503,0.34571203253873023,3.0700000000000003,0.36178293984804344,lo_A_model_1_relaxed_repeat100,lo_A_model_1_relaxed_repeat036
2.504,0.37436267788372635,3.0,0.3888995148081645,lo_A_model_1_relaxed_repeat100,lo_A_model_1_relaxed_repeat073
2.513,0.2900141800094968,3.02,0.32290189938083086,lo_A_model_1_relaxed_repeat100,lo_A_model_1_relaxed_repeat039
2.521,0.35719499249141806,3.0700000000000003,0.3720176976730734,lo_A_model_1_relaxed_repeat100,lo_A_model_1_relaxed_repeat033
2.537,0.2942356937740576,3.06,0.3345686694292554,lo_A_model_1_relaxed_repeat100,lo_A_model_1_relaxed_repeat094
2.5380000000000003,0.35030489805637743,3.06,0.3728147200026358,lo_A_model_1_relaxed_repeat100,lo_A_model_1_relaxed_repeat063
2.545,0.26528645407967744,2.94,0.2781111952257069,lo_A_model_1_relaxed_repeat100,lo_A_model_1_relaxed_repeat023
2.548,0.33514116087257284,2.9299999999999997,0.3614593295575277,lo_A_model_1_relaxed_repeat100,lo_A_model_1_relaxed_repeat038
2.557,0.34118356815897233,3.0300000000000002,0.3696472044990891,lo_A_model_1_relaxed_repeat100,lo_A_model_1_relaxed_repeat011
2.563,0.34958948293795933,3.02,0.38850330908900177,lo_A_model_1_relaxed_repeat100,lo_A_model_1_relaxed_repeat044
2.597,0.38485596807890526,2.9,0.41519314842698846,lo_A_model_1_relaxed_repeat100,lo_A_model_1_relaxed_repeat061
2.61,0.3339917747181794,2.8899999999999997,0.3657634342613164,lo_A_model_1_relaxed_repeat100,lo_A_model_1_relaxed_repeat054
2.612,0.2987779420493115,3.02,0.31282674477426925,lo_A_model_1_relaxed_repeat100,lo_A_model_1_relaxed_repeat048
2.6159999999999997,0.2731843346290107,3.0300000000000002,0.28144660033690533,lo_A_model_1_relaxed_repeat100,lo_A_model_1_relaxed_repeat059
2.624,0.31490686726407147,3.06,0.3608041804807152,lo_A_model_1_relaxed_repeat100,lo_A_model_1_relaxed_repeat089
2.629,0.3346387876036079,3.0300000000000002,0.35649738605787057,lo_A_model_1_relaxed_repeat100,lo_A_model_1_relaxed_repeat020
2.641,0.31967176612013043,3.05,0.32644357510191846,lo_A_model_1_relaxed_repeat100,lo_A_model_1_relaxed_repeat001
2.6609999999999996,0.3145752801269559,3.02,0.34400306915488826,lo_A_model_1_relaxed_repeat100,lo_A_model_1_relaxed_repeat043
2.6689999999999996,0.32649813526558263,2.95,0.3474676835767407,lo_A_model_1_relaxed_repeat100,lo_A_model_1_relaxed_repeat026
2.689,0.3134156148622544,2.85,0.3356288484193116,lo_A_model_1_relaxed_repeat100,lo_A_model_1_relaxed_repeat096
2.6929999999999996,0.32301200675717767,3.05,0.3253762870633303,lo_A_model_1_relaxed_repeat100,lo_A_model_1_relaxed_repeat056
2.699,0.29751394672830733,3.06,0.3204643001460495,lo_A_model_1_relaxed_repeat100,lo_A_model_1_relaxed_repeat025
2.7,0.33534709923763445,3.0300000000000002,0.3637307482528891,lo_A_model_1_relaxed_repeat100,lo_A_model_1_relaxed_repeat032
2.723,0.36616313624695873,3.0,0.4011507053614853,lo_A_model_1_relaxed_repeat100,lo_A_model_1_relaxed_repeat067
2.724,0.28258909846167957,3.02,0.29230356376643435,lo_A_model_1_relaxed_repeat100,lo_A_model_1_relaxed_repeat078
2.7249999999999996,0.30555411378686165,3.01,0.3045232207706911,lo_A_model_1_relaxed_repeat100,lo_A_model_1_relaxed_repeat092
2.7249999999999996,0.38680281543152073,3.0300000000000002,0.4185462612642859,lo_A_model_1_relaxed_repeat100,lo_A_model_1_relaxed_repeat093
2.7279999999999998,0.25806578272163677,3.04,0.27426609052527284,lo_A_model_1_relaxed_repeat100,lo_A_model_1_relaxed_repeat016
2.732,0.33410832968614423,3.0,0.3632090716884635,lo_A_model_1_relaxed_repeat100,lo_A_model_1_relaxed_repeat082
2.7409999999999997,0.3118970516299419,3.02,0.3211603158826664,lo_A_model_1_relaxed_repeat100,lo_A_model_1_relaxed_repeat070
2.7439999999999998,0.2922638542738761,3.0300000000000002,0.3009587921355054,lo_A_model_1_relaxed_repeat100,lo_A_model_1_relaxed_repeat065
2.7489999999999997,0.30026140018428854,3.0,0.3112113946963401,lo_A_model_1_relaxed_repeat100,lo_A_model_1_relaxed_repeat076
2.757,0.3331648738841954,3.0300000000000002,0.3470729433995932,lo_A_model_1_relaxed_repeat100,lo_A_model_1_relaxed_repeat030
2.761,0.3172329219241023,3.02,0.3364523744694381,lo_A_model_1_relaxed_repeat100,lo_A_model_1_relaxed_repeat057
2.766,0.3071974066265117,3.04,0.3210290588908744,lo_A_model_1_relaxed_repeat100,lo_A_model_1_relaxed_repeat079
2.7720000000000002,0.31935581306153576,3.02,0.34474750769649815,lo_A_model_1_relaxed_repeat100,lo_A_model_1_relaxed_repeat018
2.774,0.28781588754202275,3.0,0.31349905823397756,lo_A_model_1_relaxed_repeat100,lo_A_model_1_relaxed_repeat003
2.7800000000000002,0.3325399559716044,3.02,0.3755871321655666,lo_A_model_1_relaxed_repeat100,lo_A_model_1_relaxed_repeat014
2.7859999999999996,0.2811967267619431,2.9299999999999997,0.284843907258249,lo_A_model_1_relaxed_repeat100,lo_A_model_1_relaxed_repeat086
2.791,0.3739889699474387,3.02,0.41001182857426866,lo_A_model_1_relaxed_repeat100,lo_A_model_1_relaxed_repeat083
2.84,0.2826822644966327,2.99,0.28222780194169605,lo_A_model_1_relaxed_repeat100,lo_A_model_1_relaxed_repeat031
2.842,0.34237708632701164,3.02,0.38450968350561093,lo_A_model_1_relaxed_repeat100,lo_A_model_1_relaxed_repeat064
2.846,0.2656607703845567,3.04,0.282780037053932,lo_A_model_1_relaxed_repeat100,lo_A_model_1_relaxed_repeat013
2.847,0.28822613022750515,2.99,0.2946628732463831,lo_A_model_1_relaxed_repeat100,lo_A_model_1_relaxed_repeat027
2.8529999999999998,0.36211748660602616,3.05,0.3950817448599749,lo_A_model_1_relaxed_repeat100,lo_A_model_1_relaxed_repeat091
2.856,0.28407275811439253,3.05,0.29795123027488507,lo_A_model_1_relaxed_repeat100,lo_A_model_1_relaxed_repeat021
2.865,0.38369336305524837,3.02,0.4245689895594885,lo_A_model_1_relaxed_repeat100,lo_A_model_1_relaxed_repeat028
2.894,0.30630247189966575,3.05,0.34601433893233546,lo_A_model_1_relaxed_repeat100,lo_A_model_1_relaxed_repeat024
2.9050000000000002,0.29120994496373176,3.06,0.3078735039275073,lo_A_model_1_relaxed_repeat100,lo_A_model_1_relaxed_repeat084
2.907,0.29139970484342054,3.02,0.3348912662774269,lo_A_model_1_relaxed_repeat100,lo_A_model_1_relaxed_repeat034
2.9109999999999996,0.31023944972545214,3.02,0.34719147026434916,lo_A_model_1_relaxed_repeat100,lo_A_model_1_relaxed_repeat035
2.917,0.3443445852909121,3.01,0.3656806223968758,lo_A_model_1_relaxed_repeat100,lo_A_model_1_relaxed_repeat041
2.926,0.36681679382070065,3.1,0.38738165851808626,lo_A_model_1_relaxed_repeat100,lo_A_model_1_relaxed_repeat050
2.979,0.3800065649609856,3.05,0.4008800404946008,lo_A_model_1_relaxed_repeat100,lo_A_model_1_relaxed_repeat072
2.982,0.3379637226470689,3.02,0.36979563624982575,lo_A_model_1_relaxed_repeat100,lo_A_model_1_relaxed_repeat097
2.999,0.3170980469629176,3.04,0.3369980238774136,lo_A_model_1_relaxed_repeat100,lo_A_model_1_relaxed_repeat042
3.061,0.32161802088671027,3.06,0.3401487093789004,lo_A_model_1_relaxed_repeat100,lo_A_model_1_relaxed_repeat074
3.0700000000000003,0.3304039436074562,2.9299999999999997,0.36692910363699854,lo_A_model_1_relaxed_repeat100,lo_A_model_1_relaxed_repeat088
3.076,0.38356829683967153,3.3200000000000003,0.4328221261060069,lo_A_model_1_relaxed_repeat100,lo_A_model_1_relaxed_repeat066
2.06,0.29969439226546235,2.8499999999999996,0.3392432038509901,lo_A_model_1_relaxed_repeat034,lo_A_model_1_relaxed_repeat026
2.099,0.2873600459254514,2.99,0.3474576373145122,lo_A_model_1_relaxed_repeat034,lo_A_model_1_relaxed_repeat059
2.214,0.3061172795534446,2.7800000000000002,0.3514813531766675,lo_A_model_1_relaxed_repeat034,lo_A_model_1_relaxed_repeat086
2.263,0.2818894683898768,2.9299999999999997,0.3077102663406681,lo_A_model_1_relaxed_repeat034,lo_A_model_1_relaxed_repeat062
2.285,0.2705331243816489,3.08,0.3201475428816558,lo_A_model_1_relaxed_repeat034,lo_A_model_1_relaxed_repeat043
2.309,0.34614342128268427,2.94,0.39727865414780067,lo_A_model_1_relaxed_repeat034,lo_A_model_1_relaxed_repeat083
2.311,0.26702418808849593,3.0300000000000002,0.31933496703791214,lo_A_model_1_relaxed_repeat034,lo_A_model_1_relaxed_repeat094
2.317,0.28596628351535125,2.87,0.3164693911525737,lo_A_model_1_relaxed_repeat034,lo_A_model_1_relaxed_repeat097
2.352,0.27116994127840344,2.95,0.2978420720061867,lo_A_model_1_relaxed_repeat034,lo_A_model_1_relaxed_repeat018
2.3520000000000003,0.2642155956275449,3.05,0.3115411871676999,lo_A_model_1_relaxed_repeat034,lo_A_model_1_relaxed_repeat058
2.356,0.3069719204467656,3.01,0.3416817366438204,lo_A_model_1_relaxed_repeat034,lo_A_model_1_relaxed_repeat099
2.3920000000000003,0.2841985302178189,3.01,0.3347374860235349,lo_A_model_1_relaxed_repeat034,lo_A_model_1_relaxed_repeat016
2.393,0.30250607059492396,3.0,0.34264138503843733,lo_A_model_1_relaxed_repeat034,lo_A_model_1_relaxed_repeat036
2.4,0.2848274085242466,3.08,0.3210273654765828,lo_A_model_1_relaxed_repeat034,lo_A_model_1_relaxed_repeat037
2.407,0.32462272456610464,2.99,0.3471750289339767,lo_A_model_1_relaxed_repeat034,lo_A_model_1_relaxed_repeat033
2.42,0.2801420255985127,3.02,0.3175851749493976,lo_A_model_1_relaxed_repeat034,lo_A_model_1_relaxed_repeat011
2.426,0.2801367196354771,3.0700000000000003,0.33448343792063095,lo_A_model_1_relaxed_repeat034,lo_A_model_1_relaxed_repeat071
2.443,0.3397901763566714,3.08,0.37725080359435864,lo_A_model_1_relaxed_repeat034,lo_A_model_1_relaxed_repeat012
2.4539999999999997,0.2707554349951246,2.95,0.31190984904967606,lo_A_model_1_relaxed_repeat034,lo_A_model_1_relaxed_repeat057
2.4619999999999997,0.29950636831928207,2.83,0.3391909502261338,lo_A_model_1_relaxed_repeat034,lo_A_model_1_relaxed_repeat013
2.465,0.310146684572573,3.0300000000000002,0.35868512857271834,lo_A_model_1_relaxed_repeat034,lo_A_model_1_relaxed_repeat025
2.467,0.2948122804204317,3.08,0.336680717563984,lo_A_model_1_relaxed_repeat034,lo_A_model_1_relaxed_repeat038
2.476,0.30301169399097283,2.82,0.34515945600769904,lo_A_model_1_relaxed_repeat034,lo_A_model_1_relaxed_repeat003
2.489,0.2924675495247905,3.08,0.3373280094803445,lo_A_model_1_relaxed_repeat034,lo_A_model_1_relaxed_repeat024
2.492,0.2897422454744724,3.02,0.3205557138240341,lo_A_model_1_relaxed_repeat034,lo_A_model_1_relaxed_repeat075
2.498,0.3660669732418186,3.0300000000000002,0.4240670311686318,lo_A_model_1_relaxed_repeat034,lo_A_model_1_relaxed_repeat067
2.499,0.31463012778569616,2.9,0.3643676396498931,lo_A_model_1_relaxed_repeat034,lo_A_model_1_relaxed_repeat021
2.5010000000000003,0.3493569129796032,3.06,0.38365850486440745,lo_A_model_1_relaxed_repeat034,lo_A_model_1_relaxed_repeat073
2.518,0.3103745261695825,3.01,0.3458932579897255,lo_A_model_1_relaxed_repeat034,lo_A_model_1_relaxed_repeat063
2.526,0.30794158169956204,3.09,0.3460861073566711,lo_A_model_1_relaxed_repeat034,lo_A_model_1_relaxed_repeat032
2.545,0.32091054110673767,3.08,0.3585059603481513,lo_A_model_1_relaxed_repeat034,lo_A_model_1_relaxed_repeat051
2.555,0.2887072775868606,2.87,0.3322866542623377,lo_A_model_1_relaxed_repeat034,lo_A_model_1_relaxed_repeat078
2.569,0.2899907536387915,2.83,0.3294281688850175,lo_A_model_1_relaxed_repeat034,lo_A_model_1_relaxed_repeat002
2.575,0.2910187561860479,3.08,0.3352433403989275,lo_A_model_1_relaxed_repeat034,lo_A_model_1_relaxed_repeat088
2.5789999999999997,0.32264925126508043,2.8200000000000003,0.35820411217624426,lo_A_model_1_relaxed_repeat034,lo_A_model_1_relaxed_repeat056
2.579,0.3204893272323027,2.92,0.3558673138465764,lo_A_model_1_relaxed_repeat034,lo_A_model_1_relaxed_repeat076
2.589,0.2995193082639078,3.08,0.32140130410946033,lo_A_model_1_relaxed_repeat034,lo_A_model_1_relaxed_repeat096
2.6,0.27620924352539294,2.9299999999999997,0.30693090562821596,lo_A_model_1_relaxed_repeat034,lo_A_model_1_relaxed_repeat039
2.601,0.3171460881072266,3.04,0.34796296647372693,lo_A_model_1_relaxed_repeat034,lo_A_model_1_relaxed_repeat044
2.6020000000000003,0.33530491237563637,2.88,0.3906158521103381,lo_A_model_1_relaxed_repeat034,lo_A_model_1_relaxed_repeat074
2.609,0.2595095357431609,2.8899999999999997,0.30940369063219664,lo_A_model_1_relaxed_repeat034,lo_A_model_1_relaxed_repeat035
2.6100000000000003,0.30716727395948684,3.09,0.35848030056634145,lo_A_model_1_relaxed_repeat034,lo_A_model_1_relaxed_repeat048
2.6109999999999998,0.33820422549134466,3.02,0.3918978436857631,lo_A_model_1_relaxed_repeat034,lo_A_model_1_relaxed_repeat061
2.614,0.2943376624110324,3.0300000000000002,0.3111402721533343,lo_A_model_1_relaxed_repeat034,lo_A_model_1_relaxed_repeat017
2.614,0.3217284853908247,2.99,0.3480502405646081,lo_A_model_1_relaxed_repeat034,lo_A_model_1_relaxed_repeat001
2.622,0.31098809024571683,2.91,0.34530838780654677,lo_A_model_1_relaxed_repeat034,lo_A_model_1_relaxed_repeat084
2.628,0.35872868352475645,3.01,0.3964455810227254,lo_A_model_1_relaxed_repeat034,lo_A_model_1_relaxed_repeat098
2.632,0.29981518580055905,2.84,0.3273881116954955,lo_A_model_1_relaxed_repeat034,lo_A_model_1_relaxed_repeat049
2.632,0.291342766237981,2.98,0.3375575826467078,lo_A_model_1_relaxed_repeat034,lo_A_model_1_relaxed_repeat014
2.635,0.297608674324026,3.0,0.3409269951512931,lo_A_model_1_relaxed_repeat034,lo_A_model_1_relaxed_repeat023
2.659,0.31607342367864,2.7800000000000002,0.3515978649753461,lo_A_model_1_relaxed_repeat034,lo_A_model_1_relaxed_repeat065
2.665,0.3113009988324899,2.98,0.3551809468526614,lo_A_model_1_relaxed_repeat034,lo_A_model_1_relaxed_repeat092
2.667,0.3241799593833775,2.99,0.3595412750564833,lo_A_model_1_relaxed_repeat034,lo_A_model_1_relaxed_repeat031
2.7,0.30847736727843245,3.02,0.33605550839263154,lo_A_model_1_relaxed_repeat034,lo_A_model_1_relaxed_repeat070
2.702,0.3088146584540778,3.08,0.3567141412122212,lo_A_model_1_relaxed_repeat034,lo_A_model_1_relaxed_repeat054
2.718,0.30592087628420356,2.8200000000000003,0.33795801857271646,lo_A_model_1_relaxed_repeat034,lo_A_model_1_relaxed_repeat030
2.7190000000000003,0.3551877244492379,3.09,0.4055500512426883,lo_A_model_1_relaxed_repeat034,lo_A_model_1_relaxed_repeat050
2.7510000000000003,0.32105757286348185,2.92,0.37082570357520495,lo_A_model_1_relaxed_repeat034,lo_A_model_1_relaxed_repeat095
2.755,0.34955267224323877,3.0300000000000002,0.3854758314020944,lo_A_model_1_relaxed_repeat034,lo_A_model_1_relaxed_repeat093
2.768,0.37333974677712145,3.2600000000000002,0.42873030095680453,lo_A_model_1_relaxed_repeat034,lo_A_model_1_relaxed_repeat066
2.7699999999999996,0.3199221914523764,3.05,0.36818329856849596,lo_A_model_1_relaxed_repeat034,lo_A_model_1_relaxed_repeat082
2.775,0.2713162232340442,3.02,0.3038785052002639,lo_A_model_1_relaxed_repeat034,lo_A_model_1_relaxed_repeat042
2.787,0.3174062059425043,3.04,0.3626237246309679,lo_A_model_1_relaxed_repeat034,lo_A_model_1_relaxed_repeat027
2.819,0.3169025587773892,3.02,0.36099128344586284,lo_A_model_1_relaxed_repeat034,lo_A_model_1_relaxed_repeat079
2.837,0.32340917712893685,2.99,0.35557497413591926,lo_A_model_1_relaxed_repeat034,lo_A_model_1_relaxed_repeat089
2.842,0.3130162290627314,3.09,0.35403535140282033,lo_A_model_1_relaxed_repeat034,lo_A_model_1_relaxed_repeat020
2.88,0.30663474471538066,2.9699999999999998,0.35590666825629863,lo_A_model_1_relaxed_repeat034,lo_A_model_1_relaxed_repeat064
2.884,0.3409026824663198,2.8200000000000003,0.3877365815245713,lo_A_model_1_relaxed_repeat034,lo_A_model_1_relaxed_repeat091
2.8899999999999997,0.3362169227898013,3.08,0.37328166155800885,lo_A_model_1_relaxed_repeat034,lo_A_model_1_relaxed_repeat041
2.9029999999999996,0.3661748993834552,3.08,0.40522538280896875,lo_A_model_1_relaxed_repeat034,lo_A_model_1_relaxed_repeat028
2.952,0.3374292134742715,3.0700000000000003,0.3813987883638058,lo_A_model_1_relaxed_repeat034,lo_A_model_1_relaxed_repeat072
2.2270000000000003,0.3319068465587307,2.9299999999999997,0.3965869048574788,lo_A_model_1_relaxed_repeat083,lo_A_model_1_relaxed_repeat099
2.2489999999999997,0.3755488949952973,2.92,0.443198157239885,lo_A_model_1_relaxed_repeat083,lo_A_model_1_relaxed_repeat061
2.2800000000000002,0.32761521622149503,3.01,0.38622811941765506,lo_A_model_1_relaxed_repeat083,lo_A_model_1_relaxed_repeat016
2.343,0.32774071453767417,2.92,0.37024671819194116,lo_A_model_1_relaxed_repeat083,lo_A_model_1_relaxed_repeat094
2.3449999999999998,0.3910158516996473,3.01,0.44137131863726,lo_A_model_1_relaxed_repeat083,lo_A_model_1_relaxed_repeat098
2.367,0.3388127470142496,3.05,0.3909338074072935,lo_A_model_1_relaxed_repeat083,lo_A_model_1_relaxed_repeat026
2.37,0.33610281016166677,2.92,0.3907545248777631,lo_A_model_1_relaxed_repeat083,lo_A_model_1_relaxed_repeat062
2.472,0.3288236248382836,3.0300000000000002,0.40835869530883595,lo_A_model_1_relaxed_repeat083,lo_A_model_1_relaxed_repeat092
2.4859999999999998,0.3149082319718911,3.05,0.36882099592976886,lo_A_model_1_relaxed_repeat083,lo_A_model_1_relaxed_repeat057
2.498,0.35079167199175304,2.98,0.4142341814499922,lo_A_model_1_relaxed_repeat083,lo_A_model_1_relaxed_repeat093
2.499,0.3667778377442835,2.83,0.41389174978928217,lo_A_model_1_relaxed_repeat083,lo_A_model_1_relaxed_repeat021
2.504,0.34056088214769054,2.96,0.4099088143130154,lo_A_model_1_relaxed_repeat083,lo_A_model_1_relaxed_repeat065
2.508,0.32960459382259166,2.96,0.39117953757215435,lo_A_model_1_relaxed_repeat083,lo_A_model_1_relaxed_repeat048
2.5149999999999997,0.35642045624641316,2.9699999999999998,0.3922923714795255,lo_A_model_1_relaxed_repeat083,lo_A_model_1_relaxed_repeat013
2.516,0.36169657728547644,2.86,0.41403240527527035,lo_A_model_1_relaxed_repeat083,lo_A_model_1_relaxed_repeat003
2.5380000000000003,0.3504747322009133,2.92,0.43370097753095027,lo_A_model_1_relaxed_repeat083,lo_A_model_1_relaxed_repeat095
2.5380000000000003,0.3106683546958751,3.0300000000000002,0.3630047075998162,lo_A_model_1_relaxed_repeat083,lo_A_model_1_relaxed_repeat014
2.564,0.3554093169100875,3.0,0.4153090787609724,lo_A_model_1_relaxed_repeat083,lo_A_model_1_relaxed_repeat023
2.565,0.34109727676639917,3.02,0.3872785721128134,lo_A_model_1_relaxed_repeat083,lo_A_model_1_relaxed_repeat075
2.576,0.33976396502767986,3.08,0.4049163533606467,lo_A_model_1_relaxed_repeat083,lo_A_model_1_relaxed_repeat054
2.586,0.3519127444200688,2.99,0.4069914039156482,lo_A_model_1_relaxed_repeat083,lo_A_model_1_relaxed_repeat076
2.59,0.3384849734526171,2.96,0.3785240140130469,lo_A_model_1_relaxed_repeat083,lo_A_model_1_relaxed_repeat018
2.596,0.3571762199172728,3.05,0.39016459605808335,lo_A_model_1_relaxed_repeat083,lo_A_model_1_relaxed_repeat049
2.6,0.33130095019397054,2.98,0.39416498727816285,lo_A_model_1_relaxed_repeat083,lo_A_model_1_relaxed_repeat011
2.6,0.3578691986973058,3.0300000000000002,0.4163633345088386,lo_A_model_1_relaxed_repeat083,lo_A_model_1_relaxed_repeat074
2.601,0.3394092515787167,2.86,0.3848136497895802,lo_A_model_1_relaxed_repeat083,lo_A_model_1_relaxed_repeat002
2.626,0.34604311630270357,2.9,0.3969347502981788,lo_A_model_1_relaxed_repeat083,lo_A_model_1_relaxed_repeat059
2.628,0.3488225922419147,2.96,0.40348425273255384,lo_A_model_1_relaxed_repeat083,lo_A_model_1_relaxed_repeat084
2.629,0.34301184095145193,3.08,0.4073571965128232,lo_A_model_1_relaxed_repeat083,lo_A_model_1_relaxed_repeat043
2.6319999999999997,0.3405438766190315,3.02,0.4130236391132843,lo_A_model_1_relaxed_repeat083,lo_A_model_1_relaxed_repeat079
2.636,0.35255886510190837,2.95,0.40703860896056204,lo_A_model_1_relaxed_repeat083,lo_A_model_1_relaxed_repeat086
2.637,0.3260812439905175,3.06,0.3840001043156749,lo_A_model_1_relaxed_repeat083,lo_A_model_1_relaxed_repeat050
2.641,0.3399023839503991,3.02,0.39463099150518605,lo_A_model_1_relaxed_repeat083,lo_A_model_1_relaxed_repeat035
2.654,0.3397408736527429,3.08,0.39744883871907544,lo_A_model_1_relaxed_repeat083,lo_A_model_1_relaxed_repeat038
2.6630000000000003,0.37600700424182626,2.99,0.4004734679968011,lo_A_model_1_relaxed_repeat083,lo_A_model_1_relaxed_repeat042
2.67,0.35143101773875685,3.08,0.4131527825700203,lo_A_model_1_relaxed_repeat083,lo_A_model_1_relaxed_repeat051
2.675,0.3551829861466744,3.04,0.4114624463766464,lo_A_model_1_relaxed_repeat083,lo_A_model_1_relaxed_repeat027
2.678,0.34789825811167663,3.08,0.40680368947929024,lo_A_model_1_relaxed_repeat083,lo_A_model_1_relaxed_repeat037
2.683,0.3352747349944639,3.0300000000000002,0.38832412018518314,lo_A_model_1_relaxed_repeat083,lo_A_model_1_relaxed_repeat070
2.6879999999999997,0.3498100044293409,2.95,0.40078495941213554,lo_A_model_1_relaxed_repeat083,lo_A_model_1_relaxed_repeat001
2.701,0.3311910219042565,3.02,0.3863440393460179,lo_A_model_1_relaxed_repeat083,lo_A_model_1_relaxed_repeat097
2.705,0.32786065072635157,2.9,0.38511477582396125,lo_A_model_1_relaxed_repeat083,lo_A_model_1_relaxed_repeat056
2.714,0.35108511984046054,3.09,0.4115575982196909,lo_A_model_1_relaxed_repeat083,lo_A_model_1_relaxed_repeat020
2.722,0.3334197949382315,2.95,0.391524148422908,lo_A_model_1_relaxed_repeat083,lo_A_model_1_relaxed_repeat078
2.724,0.3614417901517439,2.99,0.40951319716856716,lo_A_model_1_relaxed_repeat083,lo_A_model_1_relaxed_repeat031
2.729,0.33534986364146485,2.99,0.3849216333300018,lo_A_model_1_relaxed_repeat083,lo_A_model_1_relaxed_repeat033
2.739,0.33341320902780724,3.08,0.4022159648788614,lo_A_model_1_relaxed_repeat083,lo_A_model_1_relaxed_repeat088
2.742,0.3561966729406944,3.0300000000000002,0.39868230743333966,lo_A_model_1_relaxed_repeat083,lo_A_model_1_relaxed_repeat067
2.757,0.35120047953275113,3.05,0.3940726787138722,lo_A_model_1_relaxed_repeat083,lo_A_model_1_relaxed_repeat058
2.791,0.3584995687201481,3.05,0.4217883447006589,lo_A_model_1_relaxed_repeat083,lo_A_model_1_relaxed_repeat028
2.806,0.31340004099209745,2.9699999999999998,0.360294467074214,lo_A_model_1_relaxed_repeat083,lo_A_model_1_relaxed_repeat032
2.811,0.34102242216273637,3.0,0.399039296955853,lo_A_model_1_relaxed_repeat083,lo_A_model_1_relaxed_repeat036
2.825,0.3296625677623879,2.94,0.3717039217392489,lo_A_model_1_relaxed_repeat083,lo_A_model_1_relaxed_repeat063
2.8289999999999997,0.35755502872898437,3.0,0.39872041398261315,lo_A_model_1_relaxed_repeat083,lo_A_model_1_relaxed_repeat030
2.831,0.3569245020211719,3.0700000000000003,0.40945831134164623,lo_A_model_1_relaxed_repeat083,lo_A_model_1_relaxed_repeat071
2.834,0.3399327519122035,3.0300000000000002,0.3854628787591453,lo_A_model_1_relaxed_repeat083,lo_A_model_1_relaxed_repeat039
2.848,0.353609973626003,3.08,0.412011847545532,lo_A_model_1_relaxed_repeat083,lo_A_model_1_relaxed_repeat012
2.851,0.34288060376846846,2.99,0.39626630111832983,lo_A_model_1_relaxed_repeat083,lo_A_model_1_relaxed_repeat025
2.8810000000000002,0.3429024949312019,3.01,0.39716055858934246,lo_A_model_1_relaxed_repeat083,lo_A_model_1_relaxed_repeat064
2.8810000000000002,0.3399093832791347,3.08,0.3905760025064336,lo_A_model_1_relaxed_repeat083,lo_A_model_1_relaxed_repeat096
2.885,0.35584297102600226,2.87,0.41446999784425725,lo_A_model_1_relaxed_repeat083,lo_A_model_1_relaxed_repeat091
2.887,0.3644890577884286,2.9699999999999998,0.4131677064438467,lo_A_model_1_relaxed_repeat083,lo_A_model_1_relaxed_repeat017
2.894,0.3550748559979228,3.08,0.4140660932915588,lo_A_model_1_relaxed_repeat083,lo_A_model_1_relaxed_repeat024
2.904,0.3803364702670052,3.08,0.4252855306103124,lo_A_model_1_relaxed_repeat083,lo_A_model_1_relaxed_repeat089
2.937,0.37046522582818164,3.47,0.43555138290800527,lo_A_model_1_relaxed_repeat083,lo_A_model_1_relaxed_repeat066
2.964,0.3496930024954425,3.08,0.4086934063930865,lo_A_model_1_relaxed_repeat083,lo_A_model_1_relaxed_repeat041
3.0140000000000002,0.3340485924064015,3.06,0.3818394227659772,lo_A_model_1_relaxed_repeat083,lo_A_model_1_relaxed_repeat073
3.0199999999999996,0.3413912153902567,3.05,0.39405601513175315,lo_A_model_1_relaxed_repeat083,lo_A_model_1_relaxed_repeat082
3.026,0.34602080572870003,3.0700000000000003,0.40379044551756454,lo_A_model_1_relaxed_repeat083,lo_A_model_1_relaxed_repeat072
3.038,0.3328406459029501,2.9299999999999997,0.3868724231796333,lo_A_model_1_relaxed_repeat083,lo_A_model_1_relaxed_repeat044
2.31,0.32834977337692955,3.01,0.4036087923033969,lo_A_model_1_relaxed_repeat091,lo_A_model_1_relaxed_repeat050
2.326,0.3429628574675237,2.98,0.39672356259945324,lo_A_model_1_relaxed_repeat091,lo_A_model_1_relaxed_repeat033
2.473,0.34868086461763387,3.0700000000000003,0.4074885571122167,lo_A_model_1_relaxed_repeat091,lo_A_model_1_relaxed_repeat036
2.599,0.3367199852961717,3.0300000000000002,0.3908604645115297,lo_A_model_1_relaxed_repeat091,lo_A_model_1_relaxed_repeat038
2.649,0.36777148624440775,2.8899999999999997,0.4242987650937554,lo_A_model_1_relaxed_repeat091,lo_A_model_1_relaxed_repeat003
2.662,0.3642633650830549,3.0300000000000002,0.4096740740200402,lo_A_model_1_relaxed_repeat091,lo_A_model_1_relaxed_repeat072
2.685,0.3430276681492031,3.02,0.4003416638104839,lo_A_model_1_relaxed_repeat091,lo_A_model_1_relaxed_repeat014
2.7060000000000004,0.36092957753940785,3.02,0.41030847811165255,lo_A_model_1_relaxed_repeat091,lo_A_model_1_relaxed_repeat067
2.708,0.3459347015545391,2.9699999999999998,0.38549130719849967,lo_A_model_1_relaxed_repeat091,lo_A_model_1_relaxed_repeat056
2.724,0.32781555973095106,3.0700000000000003,0.3808895168343896,lo_A_model_1_relaxed_repeat091,lo_A_model_1_relaxed_repeat044
2.729,0.34359435526914334,2.91,0.3888842482181044,lo_A_model_1_relaxed_repeat091,lo_A_model_1_relaxed_repeat048
2.731,0.3747568520256838,3.06,0.44297088457139994,lo_A_model_1_relaxed_repeat091,lo_A_model_1_relaxed_repeat028
2.741,0.3584070990381128,2.95,0.398865092413007,lo_A_model_1_relaxed_repeat091,lo_A_model_1_relaxed_repeat002
2.749,0.34623012557681704,3.0300000000000002,0.41482881658250176,lo_A_model_1_relaxed_repeat091,lo_A_model_1_relaxed_repeat088
2.7510000000000003,0.36657196214860244,2.9699999999999998,0.3990304415406283,lo_A_model_1_relaxed_repeat091,lo_A_model_1_relaxed_repeat013
2.752,0.3598237817796257,3.05,0.3931372659405931,lo_A_model_1_relaxed_repeat091,lo_A_model_1_relaxed_repeat001
2.766,0.3549997513549674,2.88,0.3899504755613948,lo_A_model_1_relaxed_repeat091,lo_A_model_1_relaxed_repeat042
2.7720000000000002,0.3362684192507642,3.04,0.37273462620700626,lo_A_model_1_relaxed_repeat091,lo_A_model_1_relaxed_repeat011
2.779,0.34237480988456304,3.01,0.38980065335530567,lo_A_model_1_relaxed_repeat091,lo_A_model_1_relaxed_repeat073
2.782,0.3404135085383981,2.96,0.37959461849713905,lo_A_model_1_relaxed_repeat091,lo_A_model_1_relaxed_repeat057
2.792,0.34965848124277943,2.99,0.39362738456907387,lo_A_model_1_relaxed_repeat091,lo_A_model_1_relaxed_repeat027
2.793,0.32962477128188095,2.92,0.3598555981253396,lo_A_model_1_relaxed_repeat091,lo_A_model_1_relaxed_repeat078
2.7969999999999997,0.3425402704936622,3.05,0.39329065504015864,lo_A_model_1_relaxed_repeat091,lo_A_model_1_relaxed_repeat043
2.798,0.3619432677112366,3.0,0.3925375791856894,lo_A_model_1_relaxed_repeat091,lo_A_model_1_relaxed_repeat031
2.806,0.3323581513556305,2.91,0.3763293842318689,lo_A_model_1_relaxed_repeat091,lo_A_model_1_relaxed_repeat070
2.819,0.3515733087370385,3.01,0.3884452336827104,lo_A_model_1_relaxed_repeat091,lo_A_model_1_relaxed_repeat058
2.8360000000000003,0.3378254876202163,3.0700000000000003,0.376689593792463,lo_A_model_1_relaxed_repeat091,lo_A_model_1_relaxed_repeat037
2.84,0.35307312968705223,2.87,0.37284315357450504,lo_A_model_1_relaxed_repeat091,lo_A_model_1_relaxed_repeat049
2.843,0.34534918324660724,2.9699999999999998,0.37323858137471455,lo_A_model_1_relaxed_repeat091,lo_A_model_1_relaxed_repeat084
2.8440000000000003,0.3458612484036819,2.94,0.38752148862841657,lo_A_model_1_relaxed_repeat091,lo_A_model_1_relaxed_repeat065
2.8529999999999998,0.3704809544702384,2.98,0.4150579531040298,lo_A_model_1_relaxed_repeat091,lo_A_model_1_relaxed_repeat021
2.864,0.3469777765164224,3.02,0.4003624252233946,lo_A_model_1_relaxed_repeat091,lo_A_model_1_relaxed_repeat097
2.864,0.3942899164287934,3.05,0.4404688943888971,lo_A_model_1_relaxed_repeat091,lo_A_model_1_relaxed_repeat098
2.87,0.3846708508833407,3.05,0.4348980772838376,lo_A_model_1_relaxed_repeat091,lo_A_model_1_relaxed_repeat061
2.872,0.35314865500549314,2.9,0.40686811071106427,lo_A_model_1_relaxed_repeat091,lo_A_model_1_relaxed_repeat035
2.878,0.39214567196394917,3.16,0.46371180803985756,lo_A_model_1_relaxed_repeat091,lo_A_model_1_relaxed_repeat066
2.88,0.35263344778658484,2.98,0.3915629881343243,lo_A_model_1_relaxed_repeat091,lo_A_model_1_relaxed_repeat062
2.883,0.34650733972123404,3.06,0.4034136880667281,lo_A_model_1_relaxed_repeat091,lo_A_model_1_relaxed_repeat018
2.891,0.3590117479876293,3.0700000000000003,0.4090391056924678,lo_A_model_1_relaxed_repeat091,lo_A_model_1_relaxed_repeat030
2.892,0.3404150042335034,3.05,0.39225593817053034,lo_A_model_1_relaxed_repeat091,lo_A_model_1_relaxed_repeat075
2.893,0.34341841494789105,3.02,0.385766353564179,lo_A_model_1_relaxed_repeat091,lo_A_model_1_relaxed_repeat071
2.896,0.34708049018443354,3.06,0.38515920198364106,lo_A_model_1_relaxed_repeat091,lo_A_model_1_relaxed_repeat039
2.8970000000000002,0.34000891640248243,3.0,0.3938067760006604,lo_A_model_1_relaxed_repeat091,lo_A_model_1_relaxed_repeat023
2.9000000000000004,0.3606930382072252,3.0,0.4198709523117024,lo_A_model_1_relaxed_repeat091,lo_A_model_1_relaxed_repeat064
2.903,0.35650774259380064,2.98,0.3917385408742606,lo_A_model_1_relaxed_repeat091,lo_A_model_1_relaxed_repeat026
2.9050000000000002,0.3538270121209484,2.99,0.39262580335381353,lo_A_model_1_relaxed_repeat091,lo_A_model_1_relaxed_repeat032
2.907,0.3652256135376832,2.96,0.41799227186865195,lo_A_model_1_relaxed_repeat091,lo_A_model_1_relaxed_repeat063
2.919,0.3540698944117607,2.96,0.39271360698371194,lo_A_model_1_relaxed_repeat091,lo_A_model_1_relaxed_repeat099
2.92,0.36867654618670076,3.0300000000000002,0.4198219869364962,lo_A_model_1_relaxed_repeat091,lo_A_model_1_relaxed_repeat054
2.9210000000000003,0.33853743577635764,3.0300000000000002,0.4266758426230756,lo_A_model_1_relaxed_repeat091,lo_A_model_1_relaxed_repeat012
2.925,0.37379708793283456,3.0300000000000002,0.41630189469306494,lo_A_model_1_relaxed_repeat091,lo_A_model_1_relaxed_repeat051
2.928,0.3534326730275177,2.9699999999999998,0.4004955442608798,lo_A_model_1_relaxed_repeat091,lo_A_model_1_relaxed_repeat025
2.9299999999999997,0.3503327051416203,3.01,0.4131987643787432,lo_A_model_1_relaxed_repeat091,lo_A_model_1_relaxed_repeat082
2.933,0.34357009392853166,3.05,0.38273625204128425,lo_A_model_1_relaxed_repeat091,lo_A_model_1_relaxed_repeat092
2.935,0.34986446629838625,3.04,0.4017044871455221,lo_A_model_1_relaxed_repeat091,lo_A_model_1_relaxed_repeat094
2.943,0.3592082017282473,3.04,0.402553153618053,lo_A_model_1_relaxed_repeat091,lo_A_model_1_relaxed_repeat096
2.954,0.3825338864060634,2.9699999999999998,0.4285544788527805,lo_A_model_1_relaxed_repeat091,lo_A_model_1_relaxed_repeat093
2.955,0.34771810561548033,3.01,0.40260620916306344,lo_A_model_1_relaxed_repeat091,lo_A_model_1_relaxed_repeat059
2.956,0.36761893679400753,3.0700000000000003,0.418150502370058,lo_A_model_1_relaxed_repeat091,lo_A_model_1_relaxed_repeat024
2.957,0.37867501627942174,3.0300000000000002,0.41715474703721106,lo_A_model_1_relaxed_repeat091,lo_A_model_1_relaxed_repeat017
2.9610000000000003,0.36868545898651506,3.04,0.40967309623611514,lo_A_model_1_relaxed_repeat091,lo_A_model_1_relaxed_repeat020
2.966,0.3634463777889346,3.04,0.41400096065351283,lo_A_model_1_relaxed_repeat091,lo_A_model_1_relaxed_repeat089
2.9699999999999998,0.32969941180706214,3.0300000000000002,0.3817092797521787,lo_A_model_1_relaxed_repeat091,lo_A_model_1_relaxed_repeat016
2.981,0.35249029004778065,3.04,0.3952002444208149,lo_A_model_1_relaxed_repeat091,lo_A_model_1_relaxed_repeat041
3.021,0.3488636701807168,2.98,0.38352256323363687,lo_A_model_1_relaxed_repeat091,lo_A_model_1_relaxed_repeat079
3.036,0.34167883212229844,3.04,0.3718846176068451,lo_A_model_1_relaxed_repeat091,lo_A_model_1_relaxed_repeat076
3.036,0.34519297292250706,2.92,0.4019780846559098,lo_A_model_1_relaxed_repeat091,lo_A_model_1_relaxed_repeat074
3.051,0.3433658838411003,3.0300000000000002,0.38895343970024165,lo_A_model_1_relaxed_repeat091,lo_A_model_1_relaxed_repeat095
3.0540000000000003,0.33974200048796604,2.95,0.38259658004419805,lo_A_model_1_relaxed_repeat091,lo_A_model_1_relaxed_repeat086
2.515,0.39792100530932084,3.0300000000000002,0.4360291297641262,lo_A_model_1_relaxed_repeat072,lo_A_model_1_relaxed_repeat098
2.569,0.3822149969096725,2.98,0.4122399470730657,lo_A_model_1_relaxed_repeat072,lo_A_model_1_relaxed_repeat061
2.5789999999999997,0.32493378262367356,3.05,0.3741051698541307,lo_A_model_1_relaxed_repeat072,lo_A_model_1_relaxed_repeat041
2.58,0.366301496011102,3.05,0.42371772394498863,lo_A_model_1_relaxed_repeat072,lo_A_model_1_relaxed_repeat074
2.62,0.34819676906268654,3.0700000000000003,0.3975219737315508,lo_A_model_1_relaxed_repeat072,lo_A_model_1_relaxed_repeat028
2.638,0.3536028178475103,2.84,0.40607750657328734,lo_A_model_1_relaxed_repeat072,lo_A_model_1_relaxed_repeat048
2.657,0.34150361621152825,3.05,0.37716429331099727,lo_A_model_1_relaxed_repeat072,lo_A_model_1_relaxed_repeat026
2.668,0.35228077426945337,3.09,0.41193652718840773,lo_A_model_1_relaxed_repeat072,lo_A_model_1_relaxed_repeat067
2.675,0.3436450392754099,3.0700000000000003,0.39057354839976693,lo_A_model_1_relaxed_repeat072,lo_A_model_1_relaxed_repeat063
2.675,0.3478516859554248,3.0700000000000003,0.3764365331889471,lo_A_model_1_relaxed_repeat072,lo_A_model_1_relaxed_repeat042
2.675,0.36636664679737263,3.04,0.4153437998851124,lo_A_model_1_relaxed_repeat072,lo_A_model_1_relaxed_repeat076
2.676,0.354186232464681,3.0700000000000003,0.40645619450853915,lo_A_model_1_relaxed_repeat072,lo_A_model_1_relaxed_repeat033
2.686,0.35222342897638925,3.02,0.3840949080973651,lo_A_model_1_relaxed_repeat072,lo_A_model_1_relaxed_repeat054
2.6879999999999997,0.3827553475526037,3.08,0.41506698358020366,lo_A_model_1_relaxed_repeat072,lo_A_model_1_relaxed_repeat030
2.6959999999999997,0.3573877129900808,3.05,0.3876956241637351,lo_A_model_1_relaxed_repeat072,lo_A_model_1_relaxed_repeat051
2.707,0.3749903815647735,2.9,0.4185744934666107,lo_A_model_1_relaxed_repeat072,lo_A_model_1_relaxed_repeat031
2.718,0.3454521761526242,3.05,0.4048149403226623,lo_A_model_1_relaxed_repeat072,lo_A_model_1_relaxed_repeat070
2.718,0.34926363084931794,2.9699999999999998,0.3890710112412244,lo_A_model_1_relaxed_repeat072,lo_A_model_1_relaxed_repeat043
2.7190000000000003,0.34241389715824305,3.0700000000000003,0.3945718601087761,lo_A_model_1_relaxed_repeat072,lo_A_model_1_relaxed_repeat094
2.726,0.3333022325977573,3.1,0.3843658917875921,lo_A_model_1_relaxed_repeat072,lo_A_model_1_relaxed_repeat050
2.734,0.3550318110230976,2.92,0.4019575134666995,lo_A_model_1_relaxed_repeat072,lo_A_model_1_relaxed_repeat079
2.737,0.357660139108758,3.0700000000000003,0.3915044530612771,lo_A_model_1_relaxed_repeat072,lo_A_model_1_relaxed_repeat039
2.738,0.3426437565750842,2.88,0.37698567270506805,lo_A_model_1_relaxed_repeat072,lo_A_model_1_relaxed_repeat012
2.7430000000000003,0.35458270503046807,3.0700000000000003,0.4131377542729815,lo_A_model_1_relaxed_repeat072,lo_A_model_1_relaxed_repeat036
2.7439999999999998,0.3529527885688285,3.0700000000000003,0.3956579063116211,lo_A_model_1_relaxed_repeat072,lo_A_model_1_relaxed_repeat064
2.762,0.35415372057462935,3.04,0.420591177372455,lo_A_model_1_relaxed_repeat072,lo_A_model_1_relaxed_repeat056
2.7729999999999997,0.35235901430818345,3.02,0.4090411692135499,lo_A_model_1_relaxed_repeat072,lo_A_model_1_relaxed_repeat020
2.776,0.35411022669027514,3.0300000000000002,0.38599502617119097,lo_A_model_1_relaxed_repeat072,lo_A_model_1_relaxed_repeat071
2.782,0.36482749289330635,3.05,0.3900419257755004,lo_A_model_1_relaxed_repeat072,lo_A_model_1_relaxed_repeat049
2.786,0.3655322534690752,3.04,0.3878320212166252,lo_A_model_1_relaxed_repeat072,lo_A_model_1_relaxed_repeat096
2.795,0.345396259339422,3.02,0.3905455997987617,lo_A_model_1_relaxed_repeat072,lo_A_model_1_relaxed_repeat088
2.817,0.36077868217333686,3.05,0.4071665587702774,lo_A_model_1_relaxed_repeat072,lo_A_model_1_relaxed_repeat086
2.822,0.349757356316587,3.0700000000000003,0.39877889435228353,lo_A_model_1_relaxed_repeat072,lo_A_model_1_relaxed_repeat099
2.8230000000000004,0.3743175638767295,3.08,0.4137437161588611,lo_A_model_1_relaxed_repeat072,lo_A_model_1_relaxed_repeat075
2.826,0.35030556700089266,3.05,0.38168296845944955,lo_A_model_1_relaxed_repeat072,lo_A_model_1_relaxed_repeat037
2.833,0.34732156913892825,3.04,0.38399160994649223,lo_A_model_1_relaxed_repeat072,lo_A_model_1_relaxed_repeat082
2.854,0.34348545958192467,3.05,0.36844622134817867,lo_A_model_1_relaxed_repeat072,lo_A_model_1_relaxed_repeat038
2.86,0.3741184136213915,3.02,0.4001165781478277,lo_A_model_1_relaxed_repeat072,lo_A_model_1_relaxed_repeat024
2.8609999999999998,0.37824982925750716,3.0,0.43451968121357365,lo_A_model_1_relaxed_repeat072,lo_A_model_1_relaxed_repeat003
2.8689999999999998,0.36266039123473265,2.9699999999999998,0.4066576490006071,lo_A_model_1_relaxed_repeat072,lo_A_model_1_relaxed_repeat095
2.8689999999999998,0.3629317725561627,3.04,0.4037507269334443,lo_A_model_1_relaxed_repeat072,lo_A_model_1_relaxed_repeat001
2.8920000000000003,0.3552021778149221,3.01,0.4077108361254757,lo_A_model_1_relaxed_repeat072,lo_A_model_1_relaxed_repeat078
2.8970000000000002,0.3622387770747289,2.98,0.40711072404310517,lo_A_model_1_relaxed_repeat072,lo_A_model_1_relaxed_repeat059
2.8970000000000002,0.35205710089271636,3.0700000000000003,0.39135953927847883,lo_A_model_1_relaxed_repeat072,lo_A_model_1_relaxed_repeat018
2.8979999999999997,0.35802953139440985,3.05,0.37756894982785044,lo_A_model_1_relaxed_repeat072,lo_A_model_1_relaxed_repeat058
2.903,0.37679765899299816,2.98,0.4258857638311577,lo_A_model_1_relaxed_repeat072,lo_A_model_1_relaxed_repeat021
2.9050000000000002,0.35168024965462413,3.08,0.3834783951439809,lo_A_model_1_relaxed_repeat072,lo_A_model_1_relaxed_repeat011
2.912,0.35709558315368223,2.99,0.41027144787836023,lo_A_model_1_relaxed_repeat072,lo_A_model_1_relaxed_repeat027
2.912,0.37121829546756263,2.8899999999999997,0.4128878027081678,lo_A_model_1_relaxed_repeat072,lo_A_model_1_relaxed_repeat023
2.916,0.35589694261473764,3.0300000000000002,0.40799464217077314,lo_A_model_1_relaxed_repeat072,lo_A_model_1_relaxed_repeat025
2.918,0.3459176702929282,3.0700000000000003,0.38016241540780715,lo_A_model_1_relaxed_repeat072,lo_A_model_1_relaxed_repeat062
2.926,0.3601559720140654,3.06,0.4155325796488674,lo_A_model_1_relaxed_repeat072,lo_A_model_1_relaxed_repeat065
2.934,0.379165801096341,3.04,0.40397984340430537,lo_A_model_1_relaxed_repeat072,lo_A_model_1_relaxed_repeat013
2.936,0.36999999845338905,3.0700000000000003,0.4053047388453188,lo_A_model_1_relaxed_repeat072,lo_A_model_1_relaxed_repeat017
2.967,0.3661809046572777,3.0300000000000002,0.4035863191738794,lo_A_model_1_relaxed_repeat072,lo_A_model_1_relaxed_repeat002
2.9699999999999998,0.35416621018231964,3.09,0.40366312673509175,lo_A_model_1_relaxed_repeat072,lo_A_model_1_relaxed_repeat093
2.974,0.34846745239564775,3.08,0.39192047600704766,lo_A_model_1_relaxed_repeat072,lo_A_model_1_relaxed_repeat032
2.9749999999999996,0.38658868916753714,3.06,0.4330751734578215,lo_A_model_1_relaxed_repeat072,lo_A_model_1_relaxed_repeat089
2.979,0.3390742580963299,3.0700000000000003,0.3965871934428307,lo_A_model_1_relaxed_repeat072,lo_A_model_1_relaxed_repeat044
2.9930000000000003,0.3440829236813398,3.0,0.3998843895874974,lo_A_model_1_relaxed_repeat072,lo_A_model_1_relaxed_repeat092
3.0010000000000003,0.3634231472775367,2.94,0.4066052980267287,lo_A_model_1_relaxed_repeat072,lo_A_model_1_relaxed_repeat084
3.003,0.34644411696586436,3.0700000000000003,0.3832378060981064,lo_A_model_1_relaxed_repeat072,lo_A_model_1_relaxed_repeat035
3.005,0.3608968050047838,3.5500000000000003,0.41830829681875853,lo_A_model_1_relaxed_repeat072,lo_A_model_1_relaxed_repeat066
3.011,0.3338679306790463,3.0700000000000003,0.38568987667920235,lo_A_model_1_relaxed_repeat072,lo_A_model_1_relaxed_repeat073
3.015,0.3438043734601124,3.0700000000000003,0.38969960185412644,lo_A_model_1_relaxed_repeat072,lo_A_model_1_relaxed_repeat014
3.018,0.3547314731254489,3.01,0.4060648940011932,lo_A_model_1_relaxed_repeat072,lo_A_model_1_relaxed_repeat016
3.024,0.3389494115300068,3.0700000000000003,0.40182366825755794,lo_A_model_1_relaxed_repeat072,lo_A_model_1_relaxed_repeat097
3.048,0.32908512798245304,3.0700000000000003,0.37211232478966877,lo_A_model_1_relaxed_repeat072,lo_A_model_1_relaxed_repeat057
2.1959999999999997,0.2843906343467534,3.0,0.3242907524608381,lo_A_model_1_relaxed_repeat088,lo_A_model_1_relaxed_repeat038
2.21,0.30018340221310474,3.05,0.3480233166016701,lo_A_model_1_relaxed_repeat088,lo_A_model_1_relaxed_repeat076
2.225,0.24837145562924035,3.08,0.30024601262511685,lo_A_model_1_relaxed_repeat088,lo_A_model_1_relaxed_repeat097
2.2279999999999998,0.3101011616748686,2.92,0.35240985210782766,lo_A_model_1_relaxed_repeat088,lo_A_model_1_relaxed_repeat043
2.2569999999999997,0.2772202571215029,3.02,0.35389158803242904,lo_A_model_1_relaxed_repeat088,lo_A_model_1_relaxed_repeat078
2.263,0.30786863129341036,2.88,0.36239416095874905,lo_A_model_1_relaxed_repeat088,lo_A_model_1_relaxed_repeat074
2.265,0.3163594648745897,2.84,0.36529859227274897,lo_A_model_1_relaxed_repeat088,lo_A_model_1_relaxed_repeat023
2.309,0.29477688805926694,2.98,0.3366479548334762,lo_A_model_1_relaxed_repeat088,lo_A_model_1_relaxed_repeat002
2.314,0.29208696306308557,3.08,0.34453331417726285,lo_A_model_1_relaxed_repeat088,lo_A_model_1_relaxed_repeat033
2.3360000000000003,0.32547035975443883,2.96,0.4018104237014465,lo_A_model_1_relaxed_repeat088,lo_A_model_1_relaxed_repeat067
2.378,0.26754808373478844,3.06,0.31876617465764073,lo_A_model_1_relaxed_repeat088,lo_A_model_1_relaxed_repeat070
2.3920000000000003,0.2897951928364758,2.87,0.32224622935249797,lo_A_model_1_relaxed_repeat088,lo_A_model_1_relaxed_repeat051
2.393,0.3436329907501646,3.02,0.3945447023779879,lo_A_model_1_relaxed_repeat088,lo_A_model_1_relaxed_repeat050
2.393,0.2627886610958933,2.92,0.3177308674787263,lo_A_model_1_relaxed_repeat088,lo_A_model_1_relaxed_repeat054
2.3970000000000002,0.2792021070750289,3.09,0.33625348943310174,lo_A_model_1_relaxed_repeat088,lo_A_model_1_relaxed_repeat011
2.415,0.29216720182070827,3.08,0.34691083070944806,lo_A_model_1_relaxed_repeat088,lo_A_model_1_relaxed_repeat094
2.452,0.2634425260293864,3.09,0.32567688947425355,lo_A_model_1_relaxed_repeat088,lo_A_model_1_relaxed_repeat032
2.452,0.3612064508602546,2.89,0.4138039454781408,lo_A_model_1_relaxed_repeat088,lo_A_model_1_relaxed_repeat098
2.453,0.29004554721003084,3.06,0.33698473622161573,lo_A_model_1_relaxed_repeat088,lo_A_model_1_relaxed_repeat049
2.453,0.28995622825894196,3.08,0.3399689458173668,lo_A_model_1_relaxed_repeat088,lo_A_model_1_relaxed_repeat062
2.4610000000000003,0.32694644029438996,2.8899999999999997,0.3921301643693042,lo_A_model_1_relaxed_repeat088,lo_A_model_1_relaxed_repeat095
2.467,0.3069663675174177,3.08,0.3728417722365126,lo_A_model_1_relaxed_repeat088,lo_A_model_1_relaxed_repeat039
2.471,0.2943925464200762,2.84,0.3530743375548145,lo_A_model_1_relaxed_repeat088,lo_A_model_1_relaxed_repeat079
2.481,0.3379303197427402,2.91,0.3819762630349882,lo_A_model_1_relaxed_repeat088,lo_A_model_1_relaxed_repeat012
2.488,0.3176774540424091,2.86,0.3662135449638932,lo_A_model_1_relaxed_repeat088,lo_A_model_1_relaxed_repeat041
2.513,0.3129821899342244,2.99,0.37662126405436974,lo_A_model_1_relaxed_repeat088,lo_A_model_1_relaxed_repeat086
2.5140000000000002,0.2935806801149674,2.79,0.3245738484825003,lo_A_model_1_relaxed_repeat088,lo_A_model_1_relaxed_repeat096
2.516,0.3426310657402513,2.9,0.38091603316276645,lo_A_model_1_relaxed_repeat088,lo_A_model_1_relaxed_repeat073
2.518,0.31311753610474935,3.08,0.38175354010030216,lo_A_model_1_relaxed_repeat088,lo_A_model_1_relaxed_repeat099
2.519,0.29424260133541075,3.09,0.34492731087202666,lo_A_model_1_relaxed_repeat088,lo_A_model_1_relaxed_repeat075
2.52,0.288591594542581,2.8499999999999996,0.3429737411587999,lo_A_model_1_relaxed_repeat088,lo_A_model_1_relaxed_repeat016
2.522,0.33749218652535534,3.0,0.3969630058834919,lo_A_model_1_relaxed_repeat088,lo_A_model_1_relaxed_repeat061
2.5220000000000002,0.2922855997425827,3.01,0.33819486302886537,lo_A_model_1_relaxed_repeat088,lo_A_model_1_relaxed_repeat037
2.5460000000000003,0.303429565140628,2.99,0.36032885154944416,lo_A_model_1_relaxed_repeat088,lo_A_model_1_relaxed_repeat092
2.5469999999999997,0.28300763018169434,3.0,0.34019076530003284,lo_A_model_1_relaxed_repeat088,lo_A_model_1_relaxed_repeat048
2.565,0.3228112963438707,3.01,0.3733067254977598,lo_A_model_1_relaxed_repeat088,lo_A_model_1_relaxed_repeat001
2.569,0.2976489920370269,3.01,0.3672895736354186,lo_A_model_1_relaxed_repeat088,lo_A_model_1_relaxed_repeat065
2.5789999999999997,0.27709902941548586,3.08,0.3324721206593671,lo_A_model_1_relaxed_repeat088,lo_A_model_1_relaxed_repeat063
2.585,0.28560235269104656,2.94,0.3226029684462895,lo_A_model_1_relaxed_repeat088,lo_A_model_1_relaxed_repeat058
2.604,0.2958444019368419,2.89,0.3423331961224064,lo_A_model_1_relaxed_repeat088,lo_A_model_1_relaxed_repeat024
2.608,0.29566584636014803,3.08,0.3489000906384182,lo_A_model_1_relaxed_repeat088,lo_A_model_1_relaxed_repeat035
2.6189999999999998,0.3014070019587415,3.08,0.33405905262958646,lo_A_model_1_relaxed_repeat088,lo_A_model_1_relaxed_repeat036
2.627,0.3421471046227291,3.08,0.3859270094880125,lo_A_model_1_relaxed_repeat088,lo_A_model_1_relaxed_repeat017
2.629,0.2816828135318143,3.08,0.3374447869848239,lo_A_model_1_relaxed_repeat088,lo_A_model_1_relaxed_repeat018
2.635,0.2910714197369723,3.02,0.35262916037906217,lo_A_model_1_relaxed_repeat088,lo_A_model_1_relaxed_repeat082
2.64,0.32559783640706425,3.08,0.3629133428528095,lo_A_model_1_relaxed_repeat088,lo_A_model_1_relaxed_repeat042
2.643,0.2856837988128637,3.05,0.34548644977973014,lo_A_model_1_relaxed_repeat088,lo_A_model_1_relaxed_repeat056
2.652,0.290519283978493,2.84,0.3433670691927352,lo_A_model_1_relaxed_repeat088,lo_A_model_1_relaxed_repeat027
2.7119999999999997,0.3038625164419368,2.95,0.3664113560346996,lo_A_model_1_relaxed_repeat088,lo_A_model_1_relaxed_repeat084
2.713,0.33579703744621364,3.0700000000000003,0.3686154351838702,lo_A_model_1_relaxed_repeat088,lo_A_model_1_relaxed_repeat089
2.718,0.3241162175218298,3.0300000000000002,0.37712924360296385,lo_A_model_1_relaxed_repeat088,lo_A_model_1_relaxed_repeat013
2.718,0.30094186293051944,2.92,0.3460463389049621,lo_A_model_1_relaxed_repeat088,lo_A_model_1_relaxed_repeat020
2.726,0.32369624840323535,2.88,0.3676363040756339,lo_A_model_1_relaxed_repeat088,lo_A_model_1_relaxed_repeat031
2.731,0.31430686872119407,3.01,0.36858520055955957,lo_A_model_1_relaxed_repeat088,lo_A_model_1_relaxed_repeat003
2.753,0.29791754579339463,3.04,0.3476345984220049,lo_A_model_1_relaxed_repeat088,lo_A_model_1_relaxed_repeat025
2.768,0.34845463412871935,3.08,0.4107259353771275,lo_A_model_1_relaxed_repeat088,lo_A_model_1_relaxed_repeat028
2.774,0.29100153385139166,3.01,0.333363060190923,lo_A_model_1_relaxed_repeat088,lo_A_model_1_relaxed_repeat026
2.798,0.31648877150583143,3.09,0.3598596133838559,lo_A_model_1_relaxed_repeat088,lo_A_model_1_relaxed_repeat030
2.801,0.3178678277791776,3.08,0.3731536712600067,lo_A_model_1_relaxed_repeat088,lo_A_model_1_relaxed_repeat044
2.802,0.30540758244730765,3.08,0.35841867766322405,lo_A_model_1_relaxed_repeat088,lo_A_model_1_relaxed_repeat064
2.802,0.2808094874471718,3.08,0.3411121673725722,lo_A_model_1_relaxed_repeat088,lo_A_model_1_relaxed_repeat057
2.8209999999999997,0.28339595891243224,3.08,0.3460023898633219,lo_A_model_1_relaxed_repeat088,lo_A_model_1_relaxed_repeat014
2.827,0.31596217924372905,2.99,0.36323416110546575,lo_A_model_1_relaxed_repeat088,lo_A_model_1_relaxed_repeat059
2.872,0.38000275655953725,3.1399999999999997,0.4386835554275714,lo_A_model_1_relaxed_repeat088,lo_A_model_1_relaxed_repeat066
2.8739999999999997,0.3110774450583558,2.91,0.34924758691663976,lo_A_model_1_relaxed_repeat088,lo_A_model_1_relaxed_repeat071
2.886,0.36073568367489633,3.06,0.40564348639459674,lo_A_model_1_relaxed_repeat088,lo_A_model_1_relaxed_repeat093
2.8970000000000002,0.3239874377189861,2.99,0.38891161729345175,lo_A_model_1_relaxed_repeat088,lo_A_model_1_relaxed_repeat021
2.448,0.3128001542210085,2.8,0.3576756148992579,lo_A_model_1_relaxed_repeat042,lo_A_model_1_relaxed_repeat003
2.451,0.36480203344437406,2.91,0.4023201665987853,lo_A_model_1_relaxed_repeat042,lo_A_model_1_relaxed_repeat028
2.463,0.357295427627782,3.0300000000000002,0.39731235842516616,lo_A_model_1_relaxed_repeat042,lo_A_model_1_relaxed_repeat067
2.477,0.3204112910339326,3.08,0.35067574252412986,lo_A_model_1_relaxed_repeat042,lo_A_model_1_relaxed_repeat024
2.4770000000000003,0.34284204832567294,3.04,0.38490509392637573,lo_A_model_1_relaxed_repeat042,lo_A_model_1_relaxed_repeat027
2.49,0.2835225555136285,2.9699999999999998,0.3053077904741007,lo_A_model_1_relaxed_repeat042,lo_A_model_1_relaxed_repeat018
2.503,0.33132299589807024,3.0300000000000002,0.37033221755483875,lo_A_model_1_relaxed_repeat042,lo_A_model_1_relaxed_repeat048
2.508,0.3344060799736139,2.94,0.3503980569056595,lo_A_model_1_relaxed_repeat042,lo_A_model_1_relaxed_repeat032
2.513,0.29816972871917014,2.98,0.334391810141272,lo_A_model_1_relaxed_repeat042,lo_A_model_1_relaxed_repeat001
2.544,0.33358708295889444,3.08,0.35283685798792697,lo_A_model_1_relaxed_repeat042,lo_A_model_1_relaxed_repeat054
2.552,0.33418616752292785,2.91,0.3606531192006071,lo_A_model_1_relaxed_repeat042,lo_A_model_1_relaxed_repeat065
2.56,0.317793297105626,3.08,0.33767872923445486,lo_A_model_1_relaxed_repeat042,lo_A_model_1_relaxed_repeat096
2.572,0.3234553702412611,2.94,0.34898450679073334,lo_A_model_1_relaxed_repeat042,lo_A_model_1_relaxed_repeat070
2.596,0.3126220029655581,2.88,0.33144958424406734,lo_A_model_1_relaxed_repeat042,lo_A_model_1_relaxed_repeat002
2.608,0.2815772955878331,2.87,0.2914064852195985,lo_A_model_1_relaxed_repeat042,lo_A_model_1_relaxed_repeat057
2.616,0.3141951677436755,2.75,0.31711228340466885,lo_A_model_1_relaxed_repeat042,lo_A_model_1_relaxed_repeat049
2.625,0.37127786832488197,2.85,0.39132839317108054,lo_A_model_1_relaxed_repeat042,lo_A_model_1_relaxed_repeat061
2.627,0.31718069927767917,2.76,0.3504711727352978,lo_A_model_1_relaxed_repeat042,lo_A_model_1_relaxed_repeat014
2.638,0.31722432096864833,3.06,0.3483390797042634,lo_A_model_1_relaxed_repeat042,lo_A_model_1_relaxed_repeat082
2.643,0.31355217603431046,2.81,0.32551286704129234,lo_A_model_1_relaxed_repeat042,lo_A_model_1_relaxed_repeat062
2.659,0.28486453724177135,2.8,0.3206832833815061,lo_A_model_1_relaxed_repeat042,lo_A_model_1_relaxed_repeat094
2.661,0.33655940259266803,2.95,0.36363311384943997,lo_A_model_1_relaxed_repeat042,lo_A_model_1_relaxed_repeat036
2.662,0.3198906152459941,2.99,0.3338920782012517,lo_A_model_1_relaxed_repeat042,lo_A_model_1_relaxed_repeat063
2.6630000000000003,0.3137170535682923,2.9,0.32911660491084316,lo_A_model_1_relaxed_repeat042,lo_A_model_1_relaxed_repeat011
2.684,0.32459408788271543,2.8899999999999997,0.3570657721838318,lo_A_model_1_relaxed_repeat042,lo_A_model_1_relaxed_repeat078
2.6929999999999996,0.3615611730139001,3.06,0.38709781842583785,lo_A_model_1_relaxed_repeat042,lo_A_model_1_relaxed_repeat073
2.6950000000000003,0.3270255168914808,2.8499999999999996,0.34355292503963697,lo_A_model_1_relaxed_repeat042,lo_A_model_1_relaxed_repeat030
2.7030000000000003,0.31752325633231043,2.9299999999999997,0.3652687097590505,lo_A_model_1_relaxed_repeat042,lo_A_model_1_relaxed_repeat021
2.7039999999999997,0.3435448901662933,2.99,0.3680472383688791,lo_A_model_1_relaxed_repeat042,lo_A_model_1_relaxed_repeat031
2.708,0.2976895316006369,3.05,0.3151996891859937,lo_A_model_1_relaxed_repeat042,lo_A_model_1_relaxed_repeat058
2.715,0.38925278516437883,3.2600000000000002,0.44259567315989085,lo_A_model_1_relaxed_repeat042,lo_A_model_1_relaxed_repeat066
2.7220000000000004,0.3206164475471716,3.08,0.33882524477227616,lo_A_model_1_relaxed_repeat042,lo_A_model_1_relaxed_repeat038
2.734,0.30574593602578004,3.04,0.3383558665336536,lo_A_model_1_relaxed_repeat042,lo_A_model_1_relaxed_repeat084
2.741,0.3271447169194355,2.83,0.36291078052447956,lo_A_model_1_relaxed_repeat042,lo_A_model_1_relaxed_repeat099
2.755,0.31810549306956337,3.06,0.3415389307263767,lo_A_model_1_relaxed_repeat042,lo_A_model_1_relaxed_repeat097
2.763,0.3012516768721991,3.09,0.3207484987147312,lo_A_model_1_relaxed_repeat042,lo_A_model_1_relaxed_repeat035
2.763,0.3273789219118424,2.96,0.34330244176761276,lo_A_model_1_relaxed_repeat042,lo_A_model_1_relaxed_repeat033
2.765,0.3196838464162892,3.08,0.34090211047607,lo_A_model_1_relaxed_repeat042,lo_A_model_1_relaxed_repeat051
2.783,0.33395982085519904,2.87,0.3417735866759692,lo_A_model_1_relaxed_repeat042,lo_A_model_1_relaxed_repeat075
2.7880000000000003,0.3321479335859366,2.99,0.3638070437649469,lo_A_model_1_relaxed_repeat042,lo_A_model_1_relaxed_repeat023
2.793,0.3744593313619824,3.1100000000000003,0.38204123843949545,lo_A_model_1_relaxed_repeat042,lo_A_model_1_relaxed_repeat093
2.802,0.32005584276696214,2.92,0.3404221060689643,lo_A_model_1_relaxed_repeat042,lo_A_model_1_relaxed_repeat059
2.805,0.3157758091740303,3.08,0.3339416909173832,lo_A_model_1_relaxed_repeat042,lo_A_model_1_relaxed_repeat043
2.807,0.329920566587642,2.8,0.3539288985602214,lo_A_model_1_relaxed_repeat042,lo_A_model_1_relaxed_repeat013
2.813,0.36810062379976205,3.06,0.4003781474359034,lo_A_model_1_relaxed_repeat042,lo_A_model_1_relaxed_repeat050
2.816,0.3420831236984855,2.7800000000000002,0.34461606012840773,lo_A_model_1_relaxed_repeat042,lo_A_model_1_relaxed_repeat026
2.819,0.3281820375727589,2.8899999999999997,0.3543127705035722,lo_A_model_1_relaxed_repeat042,lo_A_model_1_relaxed_repeat025
2.824,0.3517935777073907,2.98,0.38797478643206956,lo_A_model_1_relaxed_repeat042,lo_A_model_1_relaxed_repeat092
2.824,0.31628972656440485,2.87,0.3442917716622556,lo_A_model_1_relaxed_repeat042,lo_A_model_1_relaxed_repeat039
2.843,0.3374238001193476,2.86,0.3607807461341526,lo_A_model_1_relaxed_repeat042,lo_A_model_1_relaxed_repeat044
2.8440000000000003,0.34123881693907565,3.06,0.384768923463836,lo_A_model_1_relaxed_repeat042,lo_A_model_1_relaxed_repeat064
2.848,0.3331266180204796,2.8499999999999996,0.3512805513419053,lo_A_model_1_relaxed_repeat042,lo_A_model_1_relaxed_repeat017
2.85,0.34914194554679373,2.8099999999999996,0.3757362253173585,lo_A_model_1_relaxed_repeat042,lo_A_model_1_relaxed_repeat089
2.8520000000000003,0.3140835796294466,3.09,0.3474625369622957,lo_A_model_1_relaxed_repeat042,lo_A_model_1_relaxed_repeat020
2.854,0.3285329021744379,3.08,0.3474908629833862,lo_A_model_1_relaxed_repeat042,lo_A_model_1_relaxed_repeat037
2.8609999999999998,0.3152471905191004,3.01,0.3534932156421211,lo_A_model_1_relaxed_repeat042,lo_A_model_1_relaxed_repeat016
2.862,0.3533951866394252,2.91,0.37162239515127254,lo_A_model_1_relaxed_repeat042,lo_A_model_1_relaxed_repeat056
2.872,0.3457525767786411,3.08,0.37254877454294194,lo_A_model_1_relaxed_repeat042,lo_A_model_1_relaxed_repeat041
2.886,0.3717940220737625,3.08,0.3947540840046376,lo_A_model_1_relaxed_repeat042,lo_A_model_1_relaxed_repeat012
2.912,0.35268260968747195,3.02,0.38107118804450935,lo_A_model_1_relaxed_repeat042,lo_A_model_1_relaxed_repeat079
2.916,0.3173679315963137,3.0700000000000003,0.33181268307941536,lo_A_model_1_relaxed_repeat042,lo_A_model_1_relaxed_repeat071
2.925,0.3866063332881182,3.01,0.42074455429795843,lo_A_model_1_relaxed_repeat042,lo_A_model_1_relaxed_repeat098
2.927,0.337434803113033,2.88,0.3534002419981473,lo_A_model_1_relaxed_repeat042,lo_A_model_1_relaxed_repeat076
2.927,0.36083070228038316,2.8600000000000003,0.3848875130619539,lo_A_model_1_relaxed_repeat042,lo_A_model_1_relaxed_repeat074
2.942,0.36459924851426584,2.92,0.4051449518947258,lo_A_model_1_relaxed_repeat042,lo_A_model_1_relaxed_repeat095
2.9450000000000003,0.3462537695987921,2.77,0.365027484414095,lo_A_model_1_relaxed_repeat042,lo_A_model_1_relaxed_repeat086
2.029,0.2707386399441319,2.88,0.3248426052241494,lo_A_model_1_relaxed_repeat074,lo_A_model_1_relaxed_repeat076
2.077,0.32927189498916665,2.91,0.40079320494869575,lo_A_model_1_relaxed_repeat074,lo_A_model_1_relaxed_repeat099
2.1029999999999998,0.37289609563550047,2.9,0.4161551996726609,lo_A_model_1_relaxed_repeat074,lo_A_model_1_relaxed_repeat098
2.129,0.281157916923794,2.96,0.33915446491674167,lo_A_model_1_relaxed_repeat074,lo_A_model_1_relaxed_repeat056
2.189,0.31810674961211366,2.88,0.3738078427352948,lo_A_model_1_relaxed_repeat074,lo_A_model_1_relaxed_repeat011
2.2030000000000003,0.3428192348074043,2.91,0.4084512427935898,lo_A_model_1_relaxed_repeat074,lo_A_model_1_relaxed_repeat067
2.224,0.2966574012794988,2.87,0.34534409868273824,lo_A_model_1_relaxed_repeat074,lo_A_model_1_relaxed_repeat023
2.2439999999999998,0.309582393968426,2.92,0.36354186768033925,lo_A_model_1_relaxed_repeat074,lo_A_model_1_relaxed_repeat033
2.2830000000000004,0.32839396199921117,2.98,0.3850277287823962,lo_A_model_1_relaxed_repeat074,lo_A_model_1_relaxed_repeat043
2.311,0.31640811280426234,2.92,0.3718526097478029,lo_A_model_1_relaxed_repeat074,lo_A_model_1_relaxed_repeat094
2.322,0.2699976776247284,2.99,0.32053500519679484,lo_A_model_1_relaxed_repeat074,lo_A_model_1_relaxed_repeat078
2.323,0.2968096180318677,2.9699999999999998,0.3213522483584575,lo_A_model_1_relaxed_repeat074,lo_A_model_1_relaxed_repeat002
2.33,0.28725104989405353,2.9,0.339221738243158,lo_A_model_1_relaxed_repeat074,lo_A_model_1_relaxed_repeat065
2.331,0.2848786976752164,2.8899999999999997,0.3267684580537523,lo_A_model_1_relaxed_repeat074,lo_A_model_1_relaxed_repeat086
2.331,0.32116160412736955,2.8899999999999997,0.35812538464926774,lo_A_model_1_relaxed_repeat074,lo_A_model_1_relaxed_repeat001
2.352,0.3404647980097708,2.91,0.4011242427016543,lo_A_model_1_relaxed_repeat074,lo_A_model_1_relaxed_repeat041
2.357,0.3166723999179815,2.8899999999999997,0.3661988952758973,lo_A_model_1_relaxed_repeat074,lo_A_model_1_relaxed_repeat097
2.377,0.29023115891994,2.92,0.342349535676578,lo_A_model_1_relaxed_repeat074,lo_A_model_1_relaxed_repeat079
2.388,0.3181909756666712,2.91,0.3750633327540002,lo_A_model_1_relaxed_repeat074,lo_A_model_1_relaxed_repeat032
2.431,0.3310920574413034,2.92,0.3793897290697327,lo_A_model_1_relaxed_repeat074,lo_A_model_1_relaxed_repeat062
2.432,0.31697750379372647,2.8600000000000003,0.36928024181603347,lo_A_model_1_relaxed_repeat074,lo_A_model_1_relaxed_repeat063
2.4450000000000003,0.32840303320379594,2.92,0.3716151962410219,lo_A_model_1_relaxed_repeat074,lo_A_model_1_relaxed_repeat049
2.456,0.3017696916211366,2.91,0.3492517650950836,lo_A_model_1_relaxed_repeat074,lo_A_model_1_relaxed_repeat084
2.4850000000000003,0.32835778098273033,2.8899999999999997,0.3966757792199348,lo_A_model_1_relaxed_repeat074,lo_A_model_1_relaxed_repeat014
2.508,0.3367164346563264,3.0700000000000003,0.38282281112941796,lo_A_model_1_relaxed_repeat074,lo_A_model_1_relaxed_repeat057
2.5140000000000002,0.279569670336834,2.9,0.3067287366431283,lo_A_model_1_relaxed_repeat074,lo_A_model_1_relaxed_repeat016
2.5170000000000003,0.26503732185156287,2.87,0.3137942611656344,lo_A_model_1_relaxed_repeat074,lo_A_model_1_relaxed_repeat048
2.528,0.3386995140255511,2.87,0.3717845838977651,lo_A_model_1_relaxed_repeat074,lo_A_model_1_relaxed_repeat054
2.541,0.31026002431759797,2.92,0.3589571606815749,lo_A_model_1_relaxed_repeat074,lo_A_model_1_relaxed_repeat038
2.559,0.3393283397751138,2.92,0.38117610332410723,lo_A_model_1_relaxed_repeat074,lo_A_model_1_relaxed_repeat020
2.561,0.315285632471444,3.0300000000000002,0.38218979772861517,lo_A_model_1_relaxed_repeat074,lo_A_model_1_relaxed_repeat095
2.5709999999999997,0.3259565406316364,3.0,0.3727041499700051,lo_A_model_1_relaxed_repeat074,lo_A_model_1_relaxed_repeat036
2.583,0.3563036748712431,2.9,0.4040638343880481,lo_A_model_1_relaxed_repeat074,lo_A_model_1_relaxed_repeat073
2.5869999999999997,0.3168296659026649,2.92,0.3715525174823828,lo_A_model_1_relaxed_repeat074,lo_A_model_1_relaxed_repeat037
2.6020000000000003,0.3413818653187754,2.9,0.3946078258151549,lo_A_model_1_relaxed_repeat074,lo_A_model_1_relaxed_repeat035
2.605,0.3397458841668249,2.99,0.38279803390815437,lo_A_model_1_relaxed_repeat074,lo_A_model_1_relaxed_repeat051
2.613,0.3621681487295926,2.88,0.4087951171217025,lo_A_model_1_relaxed_repeat074,lo_A_model_1_relaxed_repeat061
2.623,0.3301675657287182,2.9,0.3855752442204387,lo_A_model_1_relaxed_repeat074,lo_A_model_1_relaxed_repeat018
2.646,0.2948161231937508,3.04,0.34973760857217717,lo_A_model_1_relaxed_repeat074,lo_A_model_1_relaxed_repeat092
2.665,0.2741956341368062,3.0700000000000003,0.32285830036923385,lo_A_model_1_relaxed_repeat074,lo_A_model_1_relaxed_repeat070
2.677,0.30261073074723616,3.04,0.3418839080460351,lo_A_model_1_relaxed_repeat074,lo_A_model_1_relaxed_repeat031
2.678,0.31231728850343876,2.81,0.3431170756620438,lo_A_model_1_relaxed_repeat074,lo_A_model_1_relaxed_repeat013
2.6799999999999997,0.3541180242621041,2.92,0.42001679236135564,lo_A_model_1_relaxed_repeat074,lo_A_model_1_relaxed_repeat050
2.692,0.3279109678879777,2.92,0.36489107081734923,lo_A_model_1_relaxed_repeat074,lo_A_model_1_relaxed_repeat058
2.698,0.31959156158678864,2.83,0.3600533659380496,lo_A_model_1_relaxed_repeat074,lo_A_model_1_relaxed_repeat021
2.725,0.3076806990849661,2.87,0.34818191190356806,lo_A_model_1_relaxed_repeat074,lo_A_model_1_relaxed_repeat003
2.726,0.3242868080967516,2.92,0.37315048915102345,lo_A_model_1_relaxed_repeat074,lo_A_model_1_relaxed_repeat026
2.729,0.30699316139694727,2.92,0.35769681297756367,lo_A_model_1_relaxed_repeat074,lo_A_model_1_relaxed_repeat075
2.742,0.30863071349177723,3.01,0.3486832783663468,lo_A_model_1_relaxed_repeat074,lo_A_model_1_relaxed_repeat025
2.753,0.3416195375569575,2.92,0.39559328690072026,lo_A_model_1_relaxed_repeat074,lo_A_model_1_relaxed_repeat044
2.7640000000000002,0.34917875406299315,2.9,0.3852707648287885,lo_A_model_1_relaxed_repeat074,lo_A_model_1_relaxed_repeat030
2.769,0.3441760137912603,3.05,0.40319180765799034,lo_A_model_1_relaxed_repeat074,lo_A_model_1_relaxed_repeat039
2.7830000000000004,0.34215495280799946,2.7800000000000002,0.3977899245007781,lo_A_model_1_relaxed_repeat074,lo_A_model_1_relaxed_repeat012
2.807,0.3887488827615519,3.71,0.45852462908687475,lo_A_model_1_relaxed_repeat074,lo_A_model_1_relaxed_repeat066
2.816,0.3289051622009917,2.79,0.37866107009908434,lo_A_model_1_relaxed_repeat074,lo_A_model_1_relaxed_repeat096
2.822,0.3632307026500368,2.92,0.4101012820224439,lo_A_model_1_relaxed_repeat074,lo_A_model_1_relaxed_repeat017
2.8259999999999996,0.3407335422014039,3.0700000000000003,0.3814904885405719,lo_A_model_1_relaxed_repeat074,lo_A_model_1_relaxed_repeat071
2.8289999999999997,0.32762056457854405,3.05,0.3761257969941981,lo_A_model_1_relaxed_repeat074,lo_A_model_1_relaxed_repeat024
2.839,0.36092494513802986,3.05,0.4003110378675894,lo_A_model_1_relaxed_repeat074,lo_A_model_1_relaxed_repeat089
2.9219999999999997,0.32878692327340775,2.8499999999999996,0.37585587594845254,lo_A_model_1_relaxed_repeat074,lo_A_model_1_relaxed_repeat082
2.926,0.3664465103140105,2.84,0.414098258470254,lo_A_model_1_relaxed_repeat074,lo_A_model_1_relaxed_repeat093
2.927,0.28093106847775223,2.8,0.31504846687563276,lo_A_model_1_relaxed_repeat074,lo_A_model_1_relaxed_repeat059
2.939,0.29174488385097497,3.0,0.33578413769036725,lo_A_model_1_relaxed_repeat074,lo_A_model_1_relaxed_repeat027
3.032,0.34881858856047493,2.92,0.4011102617237383,lo_A_model_1_relaxed_repeat074,lo_A_model_1_relaxed_repeat064
3.0549999999999997,0.3706698583913798,3.0300000000000002,0.4345083551896485,lo_A_model_1_relaxed_repeat074,lo_A_model_1_relaxed_repeat028
2.6319999999999997,0.3874160772106121,3.06,0.4325558999491623,lo_A_model_1_relaxed_repeat066,lo_A_model_1_relaxed_repeat003
2.71,0.3901863550951417,3.08,0.4469136890872355,lo_A_model_1_relaxed_repeat066,lo_A_model_1_relaxed_repeat095
2.7119999999999997,0.39329003883838615,3.04,0.4403157925157462,lo_A_model_1_relaxed_repeat066,lo_A_model_1_relaxed_repeat021
2.714,0.3923012834489688,3.4000000000000004,0.43960617698579135,lo_A_model_1_relaxed_repeat066,lo_A_model_1_relaxed_repeat023
2.716,0.3748843487853749,3.0,0.4332996135224261,lo_A_model_1_relaxed_repeat066,lo_A_model_1_relaxed_repeat059
2.745,0.3583748566951955,3.1100000000000003,0.41892494744044884,lo_A_model_1_relaxed_repeat066,lo_A_model_1_relaxed_repeat092
2.749,0.3735583290181426,3.1799999999999997,0.43068455341392986,lo_A_model_1_relaxed_repeat066,lo_A_model_1_relaxed_repeat079
2.749,0.3759105884772702,3.01,0.4229377467490681,lo_A_model_1_relaxed_repeat066,lo_A_model_1_relaxed_repeat027
2.7510000000000003,0.38270595435193255,3.04,0.4294603194142144,lo_A_model_1_relaxed_repeat066,lo_A_model_1_relaxed_repeat002
2.771,0.3756497592584099,3.0300000000000002,0.42268699039063595,lo_A_model_1_relaxed_repeat066,lo_A_model_1_relaxed_repeat024
2.774,0.3853860417094684,3.0,0.4297314928383221,lo_A_model_1_relaxed_repeat066,lo_A_model_1_relaxed_repeat086
2.775,0.37994649574386136,3.02,0.43006091327546236,lo_A_model_1_relaxed_repeat066,lo_A_model_1_relaxed_repeat065
2.778,0.4036576340796577,3.04,0.4532265190159794,lo_A_model_1_relaxed_repeat066,lo_A_model_1_relaxed_repeat001
2.779,0.41443553662786764,3.1,0.4424236797983941,lo_A_model_1_relaxed_repeat066,lo_A_model_1_relaxed_repeat030
2.779,0.36324136581979805,3.09,0.41804063023403165,lo_A_model_1_relaxed_repeat066,lo_A_model_1_relaxed_repeat064
2.781,0.36916722893352133,3.06,0.42134599363460346,lo_A_model_1_relaxed_repeat066,lo_A_model_1_relaxed_repeat016
2.782,0.3723041763315004,3.05,0.43704646633270655,lo_A_model_1_relaxed_repeat066,lo_A_model_1_relaxed_repeat078
2.782,0.3850966766380278,3.17,0.446107469233441,lo_A_model_1_relaxed_repeat066,lo_A_model_1_relaxed_repeat056
2.7830000000000004,0.3875730882200754,3.0700000000000003,0.4367463261001123,lo_A_model_1_relaxed_repeat066,lo_A_model_1_relaxed_repeat084
2.797,0.37627659027519544,2.95,0.4296057013765317,lo_A_model_1_relaxed_repeat066,lo_A_model_1_relaxed_repeat082
2.806,0.39126115006942364,3.02,0.4359128025049238,lo_A_model_1_relaxed_repeat066,lo_A_model_1_relaxed_repeat031
2.814,0.3441150708327796,3.0300000000000002,0.3948163405627905,lo_A_model_1_relaxed_repeat066,lo_A_model_1_relaxed_repeat012
2.816,0.3857951467799588,3.2,0.4337873268334567,lo_A_model_1_relaxed_repeat066,lo_A_model_1_relaxed_repeat039
2.817,0.3965633195096889,3.08,0.43816658599389463,lo_A_model_1_relaxed_repeat066,lo_A_model_1_relaxed_repeat013
2.822,0.38063069113368164,3.05,0.4382828699662645,lo_A_model_1_relaxed_repeat066,lo_A_model_1_relaxed_repeat025
2.835,0.38210485906230923,3.17,0.43933722354733107,lo_A_model_1_relaxed_repeat066,lo_A_model_1_relaxed_repeat099
2.836,0.3714265319945896,3.1799999999999997,0.4313576066739513,lo_A_model_1_relaxed_repeat066,lo_A_model_1_relaxed_repeat070
2.839,0.3768909645263878,3.4000000000000004,0.4293463108604746,lo_A_model_1_relaxed_repeat066,lo_A_model_1_relaxed_repeat035
2.84,0.41188299344124785,2.9,0.4585844363524168,lo_A_model_1_relaxed_repeat066,lo_A_model_1_relaxed_repeat061
2.8409999999999997,0.3572101143700967,3.15,0.422999507908682,lo_A_model_1_relaxed_repeat066,lo_A_model_1_relaxed_repeat050
2.841,0.3776195506535187,2.9699999999999998,0.4345288340055932,lo_A_model_1_relaxed_repeat066,lo_A_model_1_relaxed_repeat048
2.844,0.3814927847001233,3.05,0.4246977887051501,lo_A_model_1_relaxed_repeat066,lo_A_model_1_relaxed_repeat037
2.8449999999999998,0.3903012317456171,3.04,0.43825153313446236,lo_A_model_1_relaxed_repeat066,lo_A_model_1_relaxed_repeat071
2.8489999999999998,0.39240477918803907,3.15,0.44586762599920066,lo_A_model_1_relaxed_repeat066,lo_A_model_1_relaxed_repeat076
2.8489999999999998,0.38673179166424115,3.1100000000000003,0.42963267406109484,lo_A_model_1_relaxed_repeat066,lo_A_model_1_relaxed_repeat075
2.855,0.3857661933568738,2.95,0.43577756791526134,lo_A_model_1_relaxed_repeat066,lo_A_model_1_relaxed_repeat058
2.8569999999999998,0.3860845734474213,3.2,0.4531915119405844,lo_A_model_1_relaxed_repeat066,lo_A_model_1_relaxed_repeat054
2.859,0.3857517903741006,3.09,0.42975459610751865,lo_A_model_1_relaxed_repeat066,lo_A_model_1_relaxed_repeat038
2.862,0.3875146552215089,3.05,0.44817206229850237,lo_A_model_1_relaxed_repeat066,lo_A_model_1_relaxed_repeat067
2.876,0.3749592565372231,3.1,0.41157845428828604,lo_A_model_1_relaxed_repeat066,lo_A_model_1_relaxed_repeat032
2.878,0.3983215259741348,3.1,0.433069128216293,lo_A_model_1_relaxed_repeat066,lo_A_model_1_relaxed_repeat096
2.879,0.35712161804003234,3.09,0.4233031766938935,lo_A_model_1_relaxed_repeat066,lo_A_model_1_relaxed_repeat094
2.886,0.3926678848736662,3.09,0.44718560378730987,lo_A_model_1_relaxed_repeat066,lo_A_model_1_relaxed_repeat063
2.895,0.3935104279920464,3.09,0.4438275451598654,lo_A_model_1_relaxed_repeat066,lo_A_model_1_relaxed_repeat062
2.896,0.38763075730096863,2.98,0.4353250803801815,lo_A_model_1_relaxed_repeat066,lo_A_model_1_relaxed_repeat051
2.898,0.39059290868465,3.0,0.43836316037272105,lo_A_model_1_relaxed_repeat066,lo_A_model_1_relaxed_repeat020
2.9,0.3842938108364618,3.39,0.44254708857703656,lo_A_model_1_relaxed_repeat066,lo_A_model_1_relaxed_repeat057
2.915,0.38644267388616144,3.1100000000000003,0.4351040524755966,lo_A_model_1_relaxed_repeat066,lo_A_model_1_relaxed_repeat014
2.917,0.37701137378819916,3.13,0.4331511116813471,lo_A_model_1_relaxed_repeat066,lo_A_model_1_relaxed_repeat041
2.928,0.3991614629866208,3.1,0.4504784612641841,lo_A_model_1_relaxed_repeat066,lo_A_model_1_relaxed_repeat049
2.933,0.3749214208562659,3.09,0.42270773731670747,lo_A_model_1_relaxed_repeat066,lo_A_model_1_relaxed_repeat026
2.967,0.3733256434421591,3.09,0.44153280288432684,lo_A_model_1_relaxed_repeat066,lo_A_model_1_relaxed_repeat097
2.968,0.37442283098956114,3.1,0.43629776158812655,lo_A_model_1_relaxed_repeat066,lo_A_model_1_relaxed_repeat011
2.9899999999999998,0.3482915983513201,3.0700000000000003,0.4232987493336244,lo_A_model_1_relaxed_repeat066,lo_A_model_1_relaxed_repeat093
3.0,0.38268026412314005,3.09,0.43408150444769766,lo_A_model_1_relaxed_repeat066,lo_A_model_1_relaxed_repeat033
3.019,0.3908549511608164,3.16,0.4542484872026478,lo_A_model_1_relaxed_repeat066,lo_A_model_1_relaxed_repeat028
3.033,0.38734117479794006,3.09,0.4431374356092481,lo_A_model_1_relaxed_repeat066,lo_A_model_1_relaxed_repeat036
3.034,0.37550380501702024,2.9,0.42479101989866996,lo_A_model_1_relaxed_repeat066,lo_A_model_1_relaxed_repeat043
3.036,0.4292027122937871,3.01,0.46517312604663036,lo_A_model_1_relaxed_repeat066,lo_A_model_1_relaxed_repeat098
3.0709999999999997,0.3439921901665285,2.92,0.40089424361502424,lo_A_model_1_relaxed_repeat066,lo_A_model_1_relaxed_repeat073
3.128,0.37374578815431503,3.09,0.43788358210092054,lo_A_model_1_relaxed_repeat066,lo_A_model_1_relaxed_repeat044
3.254,0.4008200007002812,3.12,0.45542060296830167,lo_A_model_1_relaxed_repeat066,lo_A_model_1_relaxed_repeat089
3.267,0.4141027506862205,3.09,0.45103425891850923,lo_A_model_1_relaxed_repeat066,lo_A_model_1_relaxed_repeat017
3.3369999999999997,0.3742492693295543,3.19,0.43176329418229537,lo_A_model_1_relaxed_repeat066,lo_A_model_1_relaxed_repeat018
2.364,0.3424338972163883,3.06,0.3970534174503638,lo_A_model_1_relaxed_repeat050,lo_A_model_1_relaxed_repeat033
2.417,0.3479301843210208,3.06,0.4010848307875028,lo_A_model_1_relaxed_repeat050,lo_A_model_1_relaxed_repeat036
2.4619999999999997,0.3431137775981641,3.06,0.3793305978062484,lo_A_model_1_relaxed_repeat050,lo_A_model_1_relaxed_repeat057
2.493,0.32521722904207934,2.99,0.3837165217953385,lo_A_model_1_relaxed_repeat050,lo_A_model_1_relaxed_repeat038
2.501,0.35863167511767696,3.0300000000000002,0.39244135178683026,lo_A_model_1_relaxed_repeat050,lo_A_model_1_relaxed_repeat024
2.525,0.35858813710772974,3.04,0.4009208641888285,lo_A_model_1_relaxed_repeat050,lo_A_model_1_relaxed_repeat049
2.535,0.3424987875253958,2.99,0.3987336176623151,lo_A_model_1_relaxed_repeat050,lo_A_model_1_relaxed_repeat065
2.5359999999999996,0.3337616279928803,3.0700000000000003,0.3867239240325975,lo_A_model_1_relaxed_repeat050,lo_A_model_1_relaxed_repeat075
2.5469999999999997,0.36328930328691145,2.96,0.4062803108533866,lo_A_model_1_relaxed_repeat050,lo_A_model_1_relaxed_repeat031
2.5469999999999997,0.3313191071864681,2.99,0.37331312534722016,lo_A_model_1_relaxed_repeat050,lo_A_model_1_relaxed_repeat026
2.565,0.3007180115334931,2.95,0.36784272312450456,lo_A_model_1_relaxed_repeat050,lo_A_model_1_relaxed_repeat012
2.567,0.3557512601304545,3.06,0.410202329782614,lo_A_model_1_relaxed_repeat050,lo_A_model_1_relaxed_repeat064
2.5759999999999996,0.3361829595032621,3.09,0.3858056616791555,lo_A_model_1_relaxed_repeat050,lo_A_model_1_relaxed_repeat039
2.58,0.3698955797440179,3.0700000000000003,0.4101750210893004,lo_A_model_1_relaxed_repeat050,lo_A_model_1_relaxed_repeat030
2.585,0.33820230462772993,2.99,0.3825147196247665,lo_A_model_1_relaxed_repeat050,lo_A_model_1_relaxed_repeat071
2.5869999999999997,0.34013364031819715,3.0,0.3953355359437998,lo_A_model_1_relaxed_repeat050,lo_A_model_1_relaxed_repeat078
2.592,0.35166726738891935,2.92,0.4007406233591753,lo_A_model_1_relaxed_repeat050,lo_A_model_1_relaxed_repeat023
2.592,0.34558124203982105,3.04,0.39870279643557904,lo_A_model_1_relaxed_repeat050,lo_A_model_1_relaxed_repeat043
2.596,0.37191824789695527,2.99,0.41121394659136334,lo_A_model_1_relaxed_repeat050,lo_A_model_1_relaxed_repeat001
2.598,0.34889018567382146,2.79,0.39663487928800606,lo_A_model_1_relaxed_repeat050,lo_A_model_1_relaxed_repeat048
2.601,0.3870378037304006,3.08,0.4285399572885204,lo_A_model_1_relaxed_repeat050,lo_A_model_1_relaxed_repeat017
2.607,0.33510217432734263,3.0700000000000003,0.38507212783290684,lo_A_model_1_relaxed_repeat050,lo_A_model_1_relaxed_repeat011
2.614,0.36855610661010546,3.05,0.43210066781302653,lo_A_model_1_relaxed_repeat050,lo_A_model_1_relaxed_repeat089
2.633,0.3497934068386812,3.09,0.3815010635849553,lo_A_model_1_relaxed_repeat050,lo_A_model_1_relaxed_repeat067
2.65,0.33928780790817686,3.04,0.392450319427675,lo_A_model_1_relaxed_repeat050,lo_A_model_1_relaxed_repeat070
2.656,0.35591577824215204,3.0300000000000002,0.4110673151993221,lo_A_model_1_relaxed_repeat050,lo_A_model_1_relaxed_repeat056
2.665,0.34594587303108404,3.0700000000000003,0.39874269493849,lo_A_model_1_relaxed_repeat050,lo_A_model_1_relaxed_repeat079
2.6799999999999997,0.3499661095384308,3.0300000000000002,0.40874776493113035,lo_A_model_1_relaxed_repeat050,lo_A_model_1_relaxed_repeat076
2.695,0.3403400668262077,2.9299999999999997,0.4090492133488889,lo_A_model_1_relaxed_repeat050,lo_A_model_1_relaxed_repeat095
2.698,0.34457826392764196,2.9699999999999998,0.40009909359109747,lo_A_model_1_relaxed_repeat050,lo_A_model_1_relaxed_repeat086
2.7169999999999996,0.30477895928037524,2.91,0.3461795989588875,lo_A_model_1_relaxed_repeat050,lo_A_model_1_relaxed_repeat037
2.729,0.3606900900477517,3.05,0.3870880245753812,lo_A_model_1_relaxed_repeat050,lo_A_model_1_relaxed_repeat058
2.749,0.3485404375732437,3.06,0.4016176161289761,lo_A_model_1_relaxed_repeat050,lo_A_model_1_relaxed_repeat014
2.752,0.3593316956866396,3.12,0.4091539125774019,lo_A_model_1_relaxed_repeat050,lo_A_model_1_relaxed_repeat035
2.759,0.3370218906726398,3.0,0.3823418165252206,lo_A_model_1_relaxed_repeat050,lo_A_model_1_relaxed_repeat041
2.781,0.36083403149268195,2.98,0.40715405020809803,lo_A_model_1_relaxed_repeat050,lo_A_model_1_relaxed_repeat084
2.7880000000000003,0.3461247672537141,3.06,0.39492416106131784,lo_A_model_1_relaxed_repeat050,lo_A_model_1_relaxed_repeat044
2.789,0.3393323314796434,3.0700000000000003,0.3842542896109376,lo_A_model_1_relaxed_repeat050,lo_A_model_1_relaxed_repeat032
2.795,0.37226192265096625,3.0700000000000003,0.4333073393766298,lo_A_model_1_relaxed_repeat050,lo_A_model_1_relaxed_repeat028
2.805,0.368004158868084,2.96,0.40851768049739284,lo_A_model_1_relaxed_repeat050,lo_A_model_1_relaxed_repeat002
2.8280000000000003,0.37415091742888396,3.0300000000000002,0.4092851159664192,lo_A_model_1_relaxed_repeat050,lo_A_model_1_relaxed_repeat013
2.83,0.3628431947509973,3.0,0.4086693575212411,lo_A_model_1_relaxed_repeat050,lo_A_model_1_relaxed_repeat059
2.842,0.34828463808690263,2.9,0.39911006151400985,lo_A_model_1_relaxed_repeat050,lo_A_model_1_relaxed_repeat016
2.843,0.3136229048816118,3.0300000000000002,0.36996937583507367,lo_A_model_1_relaxed_repeat050,lo_A_model_1_relaxed_repeat073
2.856,0.3479031026199528,2.94,0.40160821198906393,lo_A_model_1_relaxed_repeat050,lo_A_model_1_relaxed_repeat027
2.875,0.3766396090905847,3.04,0.4234730712336805,lo_A_model_1_relaxed_repeat050,lo_A_model_1_relaxed_repeat003
2.887,0.3647633300941886,3.02,0.4121744217369531,lo_A_model_1_relaxed_repeat050,lo_A_model_1_relaxed_repeat025
2.893,0.35246753683246335,3.12,0.4065691972594934,lo_A_model_1_relaxed_repeat050,lo_A_model_1_relaxed_repeat093
2.902,0.3590571817965961,3.06,0.42025719354551505,lo_A_model_1_relaxed_repeat050,lo_A_model_1_relaxed_repeat097
2.917,0.38088597605123714,3.05,0.42537617787537496,lo_A_model_1_relaxed_repeat050,lo_A_model_1_relaxed_repeat021
2.928,0.3319403996178023,3.0,0.3920077442229404,lo_A_model_1_relaxed_repeat050,lo_A_model_1_relaxed_repeat092
2.928,0.3915992663523839,3.01,0.43710112820765007,lo_A_model_1_relaxed_repeat050,lo_A_model_1_relaxed_repeat098
2.934,0.3868783094505545,3.05,0.4418497339713882,lo_A_model_1_relaxed_repeat050,lo_A_model_1_relaxed_repeat061
2.936,0.3528710074880168,2.88,0.39168624125437806,lo_A_model_1_relaxed_repeat050,lo_A_model_1_relaxed_repeat096
2.944,0.3521243269512933,3.06,0.4080882538003791,lo_A_model_1_relaxed_repeat050,lo_A_model_1_relaxed_repeat062
2.947,0.35693999407537585,3.06,0.3866301719248412,lo_A_model_1_relaxed_repeat050,lo_A_model_1_relaxed_repeat018
2.958,0.3489334421737746,2.98,0.3873570990372257,lo_A_model_1_relaxed_repeat050,lo_A_model_1_relaxed_repeat020
2.971,0.35363480431254657,3.06,0.3942471502124572,lo_A_model_1_relaxed_repeat050,lo_A_model_1_relaxed_repeat063
2.983,0.35535975927524527,3.06,0.40779146259711696,lo_A_model_1_relaxed_repeat050,lo_A_model_1_relaxed_repeat099
2.984,0.35854765976151315,3.0,0.4066058961605953,lo_A_model_1_relaxed_repeat050,lo_A_model_1_relaxed_repeat054
2.989,0.35479797673020275,3.0300000000000002,0.39879073289247285,lo_A_model_1_relaxed_repeat050,lo_A_model_1_relaxed_repeat051
2.9939999999999998,0.3345168788015746,2.96,0.3798506219461104,lo_A_model_1_relaxed_repeat050,lo_A_model_1_relaxed_repeat082
2.999,0.34773842840887553,3.1100000000000003,0.3949876222685345,lo_A_model_1_relaxed_repeat050,lo_A_model_1_relaxed_repeat094
2.383,0.34436208694363757,2.88,0.39009312559702247,lo_A_model_1_relaxed_repeat044,lo_A_model_1_relaxed_repeat021
2.387,0.3231562341116251,3.04,0.3764370272426134,lo_A_model_1_relaxed_repeat044,lo_A_model_1_relaxed_repeat027
2.4050000000000002,0.32199769190297634,2.83,0.3770457408604444,lo_A_model_1_relaxed_repeat044,lo_A_model_1_relaxed_repeat002
2.41,0.3550774809157925,2.83,0.39417177435314865,lo_A_model_1_relaxed_repeat044,lo_A_model_1_relaxed_repeat003
2.441,0.29034078245586087,3.04,0.34153507707088304,lo_A_model_1_relaxed_repeat044,lo_A_model_1_relaxed_repeat036
2.4610000000000003,0.30795523567831756,3.0,0.37960799749169755,lo_A_model_1_relaxed_repeat044,lo_A_model_1_relaxed_repeat064
2.493,0.3136368912784583,2.9299999999999997,0.35549932644320675,lo_A_model_1_relaxed_repeat044,lo_A_model_1_relaxed_repeat070
2.542,0.30200866836132223,2.96,0.342544213075191,lo_A_model_1_relaxed_repeat044,lo_A_model_1_relaxed_repeat062
2.62,0.31600215180086255,3.0300000000000002,0.35509518359652215,lo_A_model_1_relaxed_repeat044,lo_A_model_1_relaxed_repeat026
2.6500000000000004,0.3180658311755184,2.98,0.3815461729821312,lo_A_model_1_relaxed_repeat044,lo_A_model_1_relaxed_repeat092
2.6740000000000004,0.34669703330739476,2.98,0.37452799097382544,lo_A_model_1_relaxed_repeat044,lo_A_model_1_relaxed_repeat017
2.6790000000000003,0.3590567957113401,3.08,0.40391751165699163,lo_A_model_1_relaxed_repeat044,lo_A_model_1_relaxed_repeat098
2.697,0.30230892829338357,3.08,0.33563336663005067,lo_A_model_1_relaxed_repeat044,lo_A_model_1_relaxed_repeat038
2.705,0.3295387668477077,3.01,0.37495621108190547,lo_A_model_1_relaxed_repeat044,lo_A_model_1_relaxed_repeat014
2.713,0.31097158420064286,3.02,0.3409238059857947,lo_A_model_1_relaxed_repeat044,lo_A_model_1_relaxed_repeat011
2.722,0.34162569474145565,3.04,0.39761859065411226,lo_A_model_1_relaxed_repeat044,lo_A_model_1_relaxed_repeat028
2.722,0.3189922754815252,2.8899999999999997,0.37327096863122083,lo_A_model_1_relaxed_repeat044,lo_A_model_1_relaxed_repeat078
2.738,0.3159881523828891,2.9299999999999997,0.3578234553223515,lo_A_model_1_relaxed_repeat044,lo_A_model_1_relaxed_repeat033
2.751,0.30475394235204406,3.05,0.3424786366988982,lo_A_model_1_relaxed_repeat044,lo_A_model_1_relaxed_repeat058
2.751,0.3331873248176921,3.0700000000000003,0.3929116577749388,lo_A_model_1_relaxed_repeat044,lo_A_model_1_relaxed_repeat067
2.768,0.34725733738698555,2.92,0.40750161711853405,lo_A_model_1_relaxed_repeat044,lo_A_model_1_relaxed_repeat095
2.771,0.3202901224169779,2.94,0.34373489302218474,lo_A_model_1_relaxed_repeat044,lo_A_model_1_relaxed_repeat018
2.771,0.3216736023328123,3.06,0.3597890814334713,lo_A_model_1_relaxed_repeat044,lo_A_model_1_relaxed_repeat035
2.774,0.3425263896561441,3.0,0.3788866303841217,lo_A_model_1_relaxed_repeat044,lo_A_model_1_relaxed_repeat084
2.7800000000000002,0.32528264236643906,3.08,0.36476284258470204,lo_A_model_1_relaxed_repeat044,lo_A_model_1_relaxed_repeat043
2.7859999999999996,0.33316432339094115,2.92,0.38156147071874663,lo_A_model_1_relaxed_repeat044,lo_A_model_1_relaxed_repeat025
2.787,0.33612369478723886,2.91,0.37829131692096346,lo_A_model_1_relaxed_repeat044,lo_A_model_1_relaxed_repeat076
2.787,0.3286967285232955,2.87,0.367509851161845,lo_A_model_1_relaxed_repeat044,lo_A_model_1_relaxed_repeat086
2.7969999999999997,0.3296142909974578,2.98,0.3767506964393364,lo_A_model_1_relaxed_repeat044,lo_A_model_1_relaxed_repeat099
2.799,0.3628888651767119,2.95,0.39300132686602335,lo_A_model_1_relaxed_repeat044,lo_A_model_1_relaxed_repeat093
2.8,0.35072877284734466,3.08,0.4015345386063923,lo_A_model_1_relaxed_repeat044,lo_A_model_1_relaxed_repeat012
2.803,0.32902270034004616,3.08,0.38089379863278144,lo_A_model_1_relaxed_repeat044,lo_A_model_1_relaxed_repeat079
2.808,0.31761205540663606,3.06,0.35876784049891064,lo_A_model_1_relaxed_repeat044,lo_A_model_1_relaxed_repeat073
2.8179999999999996,0.3482360569485653,2.89,0.37948036905842086,lo_A_model_1_relaxed_repeat044,lo_A_model_1_relaxed_repeat001
2.818,0.3132379045318099,3.0700000000000003,0.3583828325261958,lo_A_model_1_relaxed_repeat044,lo_A_model_1_relaxed_repeat082
2.8209999999999997,0.3473489486548313,2.8899999999999997,0.37744487702594803,lo_A_model_1_relaxed_repeat044,lo_A_model_1_relaxed_repeat013
2.825,0.3354860509989624,3.08,0.3679393182537364,lo_A_model_1_relaxed_repeat044,lo_A_model_1_relaxed_repeat051
2.838,0.3308294751543479,3.0700000000000003,0.3669284408255856,lo_A_model_1_relaxed_repeat044,lo_A_model_1_relaxed_repeat071
2.839,0.29689493331920497,2.9299999999999997,0.347256486244552,lo_A_model_1_relaxed_repeat044,lo_A_model_1_relaxed_repeat094
2.84,0.3392140305355311,2.99,0.38961787522923047,lo_A_model_1_relaxed_repeat044,lo_A_model_1_relaxed_repeat023
2.8419999999999996,0.3365713426147982,2.7800000000000002,0.382612882723192,lo_A_model_1_relaxed_repeat044,lo_A_model_1_relaxed_repeat059
2.847,0.3173168691104075,3.01,0.3529623257990524,lo_A_model_1_relaxed_repeat044,lo_A_model_1_relaxed_repeat016
2.8609999999999998,0.32514389859347015,2.92,0.37852741550889746,lo_A_model_1_relaxed_repeat044,lo_A_model_1_relaxed_repeat056
2.873,0.30788343947554314,3.08,0.35547389232669974,lo_A_model_1_relaxed_repeat044,lo_A_model_1_relaxed_repeat097
2.8819999999999997,0.31920758602464255,2.96,0.384949432793838,lo_A_model_1_relaxed_repeat044,lo_A_model_1_relaxed_repeat048
2.904,0.33957473614892963,2.99,0.38285786273957656,lo_A_model_1_relaxed_repeat044,lo_A_model_1_relaxed_repeat031
2.908,0.3227545407306174,2.9299999999999997,0.3641999089465578,lo_A_model_1_relaxed_repeat044,lo_A_model_1_relaxed_repeat063
2.917,0.3139850283009347,3.08,0.36048762873655316,lo_A_model_1_relaxed_repeat044,lo_A_model_1_relaxed_repeat041
2.9299999999999997,0.34461103905757773,3.09,0.38699136630752695,lo_A_model_1_relaxed_repeat044,lo_A_model_1_relaxed_repeat020
2.9349999999999996,0.33589922828040336,3.0300000000000002,0.36688094922098036,lo_A_model_1_relaxed_repeat044,lo_A_model_1_relaxed_repeat057
2.945,0.3566799661927507,2.98,0.38029180874653856,lo_A_model_1_relaxed_repeat044,lo_A_model_1_relaxed_repeat030
2.9539999999999997,0.3483185919353714,2.94,0.3782693819513924,lo_A_model_1_relaxed_repeat044,lo_A_model_1_relaxed_repeat039
2.979,0.33246917354708905,3.08,0.36422300546645286,lo_A_model_1_relaxed_repeat044,lo_A_model_1_relaxed_repeat037
2.99,0.33057330267374807,3.08,0.36701685709318305,lo_A_model_1_relaxed_repeat044,lo_A_model_1_relaxed_repeat024
2.993,0.3284454066075552,3.0300000000000002,0.3611351123677058,lo_A_model_1_relaxed_repeat044,lo_A_model_1_relaxed_repeat049
2.996,0.3323779257874789,2.9299999999999997,0.3645258742786278,lo_A_model_1_relaxed_repeat044,lo_A_model_1_relaxed_repeat075
2.997,0.32724904526244053,2.9299999999999997,0.3709497534699649,lo_A_model_1_relaxed_repeat044,lo_A_model_1_relaxed_repeat065
2.998,0.3561618706593787,2.88,0.3952427406472316,lo_A_model_1_relaxed_repeat044,lo_A_model_1_relaxed_repeat061
3.011,0.3241549462595772,3.08,0.37147442374465495,lo_A_model_1_relaxed_repeat044,lo_A_model_1_relaxed_repeat054
3.05,0.32921426421049355,3.08,0.3524061173287975,lo_A_model_1_relaxed_repeat044,lo_A_model_1_relaxed_repeat096
3.053,0.35439311198930623,2.84,0.38444449268291037,lo_A_model_1_relaxed_repeat044,lo_A_model_1_relaxed_repeat089
3.058,0.3135172309096475,3.04,0.3614341565199458,lo_A_model_1_relaxed_repeat044,lo_A_model_1_relaxed_repeat032
2.214,0.26676538855741544,2.91,0.31164325189561604,lo_A_model_1_relaxed_repeat062,lo_A_model_1_relaxed_repeat097
2.2359999999999998,0.2904487771219163,2.66,0.33144949791930367,lo_A_model_1_relaxed_repeat062,lo_A_model_1_relaxed_repeat002
2.258,0.2879149473043366,2.92,0.34508724612653946,lo_A_model_1_relaxed_repeat062,lo_A_model_1_relaxed_repeat014
2.263,0.267292177503395,2.96,0.30206636946103504,lo_A_model_1_relaxed_repeat062,lo_A_model_1_relaxed_repeat049
2.2729999999999997,0.27468295002221044,2.91,0.316184061133735,lo_A_model_1_relaxed_repeat062,lo_A_model_1_relaxed_repeat094
2.294,0.29097432940374646,2.91,0.34675635738612887,lo_A_model_1_relaxed_repeat062,lo_A_model_1_relaxed_repeat032
2.314,0.27650994802915213,3.05,0.31290342771961416,lo_A_model_1_relaxed_repeat062,lo_A_model_1_relaxed_repeat058
2.315,0.285320018106818,3.0300000000000002,0.32839432488705667,lo_A_model_1_relaxed_repeat062,lo_A_model_1_relaxed_repeat036
2.324,0.30188378942499805,2.8899999999999997,0.3505130513142569,lo_A_model_1_relaxed_repeat062,lo_A_model_1_relaxed_repeat065
2.324,0.28824604217535543,2.98,0.3155958100285589,lo_A_model_1_relaxed_repeat062,lo_A_model_1_relaxed_repeat057
2.331,0.2966765207088592,3.09,0.3517894984447701,lo_A_model_1_relaxed_repeat062,lo_A_model_1_relaxed_repeat020
2.377,0.3135564653112475,2.87,0.3528454131071947,lo_A_model_1_relaxed_repeat062,lo_A_model_1_relaxed_repeat001
2.378,0.339212192148012,3.01,0.37570092814709216,lo_A_model_1_relaxed_repeat062,lo_A_model_1_relaxed_repeat098
2.388,0.2802016374930581,3.01,0.3387089432119132,lo_A_model_1_relaxed_repeat062,lo_A_model_1_relaxed_repeat016
2.399,0.3044620838709172,2.87,0.35336971767211195,lo_A_model_1_relaxed_repeat062,lo_A_model_1_relaxed_repeat078
2.403,0.3585949456560585,3.0300000000000002,0.4156241837149255,lo_A_model_1_relaxed_repeat062,lo_A_model_1_relaxed_repeat067
2.405,0.2983590874506384,3.08,0.3355169819956051,lo_A_model_1_relaxed_repeat062,lo_A_model_1_relaxed_repeat024
2.423,0.29016352056991573,2.83,0.32094798779969824,lo_A_model_1_relaxed_repeat062,lo_A_model_1_relaxed_repeat035
2.423,0.28691401462505967,2.83,0.3147392589819264,lo_A_model_1_relaxed_repeat062,lo_A_model_1_relaxed_repeat018
2.437,0.27539703475619265,3.08,0.3110642123517403,lo_A_model_1_relaxed_repeat062,lo_A_model_1_relaxed_repeat096
2.449,0.27530837957218257,2.91,0.32322290638242274,lo_A_model_1_relaxed_repeat062,lo_A_model_1_relaxed_repeat099
2.48,0.2772951367170441,2.94,0.31309132894015246,lo_A_model_1_relaxed_repeat062,lo_A_model_1_relaxed_repeat063
2.4939999999999998,0.3138103420192299,2.98,0.3664754996524236,lo_A_model_1_relaxed_repeat062,lo_A_model_1_relaxed_repeat092
2.4939999999999998,0.27533094301788663,3.08,0.3121601327810041,lo_A_model_1_relaxed_repeat062,lo_A_model_1_relaxed_repeat051
2.502,0.3309029792675277,2.9,0.36693315845722285,lo_A_model_1_relaxed_repeat062,lo_A_model_1_relaxed_repeat003
2.529,0.292118062145701,2.8899999999999997,0.3285274293219384,lo_A_model_1_relaxed_repeat062,lo_A_model_1_relaxed_repeat070
2.5330000000000004,0.35088524549753924,3.06,0.3947931132745153,lo_A_model_1_relaxed_repeat062,lo_A_model_1_relaxed_repeat073
2.5389999999999997,0.3121414044407398,2.85,0.3561539909028839,lo_A_model_1_relaxed_repeat062,lo_A_model_1_relaxed_repeat061
2.5410000000000004,0.3130312100790398,2.79,0.33554137069059203,lo_A_model_1_relaxed_repeat062,lo_A_model_1_relaxed_repeat017
2.574,0.3198167577100366,2.83,0.3723310939079638,lo_A_model_1_relaxed_repeat062,lo_A_model_1_relaxed_repeat021
2.59,0.2695682788061005,2.83,0.306662312589604,lo_A_model_1_relaxed_repeat062,lo_A_model_1_relaxed_repeat026
2.6029999999999998,0.2979179506059951,3.08,0.33926209583588696,lo_A_model_1_relaxed_repeat062,lo_A_model_1_relaxed_repeat054
2.607,0.2936592489713848,2.9699999999999998,0.314544473862117,lo_A_model_1_relaxed_repeat062,lo_A_model_1_relaxed_repeat011
2.638,0.29810320533339274,3.05,0.35085927629130265,lo_A_model_1_relaxed_repeat062,lo_A_model_1_relaxed_repeat082
2.6470000000000002,0.3122260351023088,2.84,0.3582243205108167,lo_A_model_1_relaxed_repeat062,lo_A_model_1_relaxed_repeat056
2.648,0.3115323482492989,3.02,0.35841644243654586,lo_A_model_1_relaxed_repeat062,lo_A_model_1_relaxed_repeat079
2.653,0.3285406588547967,3.08,0.36759773840685034,lo_A_model_1_relaxed_repeat062,lo_A_model_1_relaxed_repeat041
2.6550000000000002,0.3098835620543199,3.04,0.36709258654439103,lo_A_model_1_relaxed_repeat062,lo_A_model_1_relaxed_repeat027
2.6559999999999997,0.3187994651792399,2.99,0.36515847971474286,lo_A_model_1_relaxed_repeat062,lo_A_model_1_relaxed_repeat031
2.662,0.3049419729505153,2.96,0.3589506642968385,lo_A_model_1_relaxed_repeat062,lo_A_model_1_relaxed_repeat048
2.689,0.2979568945598285,2.9,0.3391413461178658,lo_A_model_1_relaxed_repeat062,lo_A_model_1_relaxed_repeat025
2.713,0.35304026810165373,3.0,0.38428980629434517,lo_A_model_1_relaxed_repeat062,lo_A_model_1_relaxed_repeat093
2.748,0.31825764299502635,2.89,0.36622479552642134,lo_A_model_1_relaxed_repeat062,lo_A_model_1_relaxed_repeat064
2.771,0.3406011205486958,3.02,0.3802129513996297,lo_A_model_1_relaxed_repeat062,lo_A_model_1_relaxed_repeat028
2.817,0.29145251111884785,2.91,0.3325036168551334,lo_A_model_1_relaxed_repeat062,lo_A_model_1_relaxed_repeat075
2.822,0.3148147576219945,2.84,0.3443518927451917,lo_A_model_1_relaxed_repeat062,lo_A_model_1_relaxed_repeat013
2.826,0.3205814799152687,2.8200000000000003,0.34969440981735855,lo_A_model_1_relaxed_repeat062,lo_A_model_1_relaxed_repeat030
2.845,0.33434031688748433,2.92,0.3834299685373226,lo_A_model_1_relaxed_repeat062,lo_A_model_1_relaxed_repeat095
2.853,0.29060348238985395,3.08,0.33438282567420463,lo_A_model_1_relaxed_repeat062,lo_A_model_1_relaxed_repeat038
2.871,0.31887996808931246,2.99,0.36123365955489534,lo_A_model_1_relaxed_repeat062,lo_A_model_1_relaxed_repeat023
2.893,0.3067741322868396,2.8899999999999997,0.34659719233413533,lo_A_model_1_relaxed_repeat062,lo_A_model_1_relaxed_repeat076
2.894,0.3040116207025227,2.8,0.3233458399126873,lo_A_model_1_relaxed_repeat062,lo_A_model_1_relaxed_repeat033
2.933,0.3049602971414771,2.87,0.34629078885163944,lo_A_model_1_relaxed_repeat062,lo_A_model_1_relaxed_repeat059
2.936,0.2798910497209172,3.08,0.3195043102868027,lo_A_model_1_relaxed_repeat062,lo_A_model_1_relaxed_repeat043
2.943,0.2871144124506986,2.82,0.3291508561784898,lo_A_model_1_relaxed_repeat062,lo_A_model_1_relaxed_repeat086
2.955,0.31837510470534175,2.95,0.364404623480183,lo_A_model_1_relaxed_repeat062,lo_A_model_1_relaxed_repeat084
2.955,0.30520019509234636,2.9299999999999997,0.3324701843204721,lo_A_model_1_relaxed_repeat062,lo_A_model_1_relaxed_repeat039
2.9560000000000004,0.34027013925423616,3.08,0.37398270216208135,lo_A_model_1_relaxed_repeat062,lo_A_model_1_relaxed_repeat012
2.981,0.31095088692147704,2.94,0.35671081245120595,lo_A_model_1_relaxed_repeat062,lo_A_model_1_relaxed_repeat089
2.9850000000000003,0.286275533811294,3.08,0.3417875671504966,lo_A_model_1_relaxed_repeat062,lo_A_model_1_relaxed_repeat037
2.9939999999999998,0.30123411396505045,3.0700000000000003,0.3315409464027496,lo_A_model_1_relaxed_repeat062,lo_A_model_1_relaxed_repeat071
2.453,0.36438737738997556,2.88,0.41191575871126623,lo_A_model_1_relaxed_repeat017,lo_A_model_1_relaxed_repeat061
2.467,0.31671991841987346,3.0700000000000003,0.3551923454819716,lo_A_model_1_relaxed_repeat017,lo_A_model_1_relaxed_repeat071
2.489,0.3375479428672401,3.08,0.37077886549242695,lo_A_model_1_relaxed_repeat017,lo_A_model_1_relaxed_repeat089
2.534,0.3625741413993073,3.08,0.38822014166927377,lo_A_model_1_relaxed_repeat017,lo_A_model_1_relaxed_repeat012
2.534,0.3141659812987974,2.8600000000000003,0.32851893768508933,lo_A_model_1_relaxed_repeat017,lo_A_model_1_relaxed_repeat011
2.5490000000000004,0.3295530506028726,3.09,0.36920337239247963,lo_A_model_1_relaxed_repeat017,lo_A_model_1_relaxed_repeat020
2.551,0.385281779350237,3.01,0.4140404560966143,lo_A_model_1_relaxed_repeat017,lo_A_model_1_relaxed_repeat098
2.563,0.3292019873844234,2.98,0.3619479961697957,lo_A_model_1_relaxed_repeat017,lo_A_model_1_relaxed_repeat099
2.5650000000000004,0.3236595572710244,3.08,0.34793467888747764,lo_A_model_1_relaxed_repeat017,lo_A_model_1_relaxed_repeat037
2.576,0.3374175077482644,3.06,0.38125318545070414,lo_A_model_1_relaxed_repeat017,lo_A_model_1_relaxed_repeat048
2.58,0.32891635360391747,2.96,0.3702961348269938,lo_A_model_1_relaxed_repeat017,lo_A_model_1_relaxed_repeat095
2.5860000000000003,0.38704802613506517,3.06,0.42006375972197324,lo_A_model_1_relaxed_repeat017,lo_A_model_1_relaxed_repeat073
2.59,0.3376878725756855,2.98,0.36634356944359653,lo_A_model_1_relaxed_repeat017,lo_A_model_1_relaxed_repeat033
2.59,0.3246979734504113,3.08,0.3696163575767027,lo_A_model_1_relaxed_repeat017,lo_A_model_1_relaxed_repeat024
2.598,0.34223016500143566,2.81,0.3720157364339665,lo_A_model_1_relaxed_repeat017,lo_A_model_1_relaxed_repeat001
2.6020000000000003,0.35072259517982435,3.01,0.3837765802121246,lo_A_model_1_relaxed_repeat017,lo_A_model_1_relaxed_repeat063
2.624,0.31612963558482277,3.05,0.3509622578537018,lo_A_model_1_relaxed_repeat017,lo_A_model_1_relaxed_repeat058
2.625,0.3173576501545031,2.84,0.33444742289907703,lo_A_model_1_relaxed_repeat017,lo_A_model_1_relaxed_repeat030
2.633,0.306956783992328,2.8499999999999996,0.33359604811662136,lo_A_model_1_relaxed_repeat017,lo_A_model_1_relaxed_repeat094
2.633,0.33799880471468396,2.98,0.36169023808527134,lo_A_model_1_relaxed_repeat017,lo_A_model_1_relaxed_repeat084
2.636,0.33640660772710856,2.94,0.3734201053870776,lo_A_model_1_relaxed_repeat017,lo_A_model_1_relaxed_repeat097
2.641,0.32325073425437767,2.83,0.35084675826141887,lo_A_model_1_relaxed_repeat017,lo_A_model_1_relaxed_repeat049
2.641,0.33660061406741065,2.99,0.3815802546005249,lo_A_model_1_relaxed_repeat017,lo_A_model_1_relaxed_repeat023
2.644,0.33009892825037435,3.08,0.3549367349780942,lo_A_model_1_relaxed_repeat017,lo_A_model_1_relaxed_repeat038
2.645,0.35454625256437167,2.91,0.38394798020323784,lo_A_model_1_relaxed_repeat017,lo_A_model_1_relaxed_repeat021
2.6470000000000002,0.3887931361510499,3.0300000000000002,0.4368241151565014,lo_A_model_1_relaxed_repeat017,lo_A_model_1_relaxed_repeat067
2.651,0.3121636730919908,2.8600000000000003,0.33997896089075097,lo_A_model_1_relaxed_repeat017,lo_A_model_1_relaxed_repeat075
2.6630000000000003,0.33625297760752765,2.88,0.35950968039877473,lo_A_model_1_relaxed_repeat017,lo_A_model_1_relaxed_repeat036
2.665,0.3181421039146843,2.76,0.37342964474023144,lo_A_model_1_relaxed_repeat017,lo_A_model_1_relaxed_repeat014
2.668,0.3113337191703105,2.9,0.33487058974192685,lo_A_model_1_relaxed_repeat017,lo_A_model_1_relaxed_repeat018
2.7030000000000003,0.3204907668195687,3.08,0.3735750418244049,lo_A_model_1_relaxed_repeat017,lo_A_model_1_relaxed_repeat054
2.7039999999999997,0.33438187373438366,3.08,0.3697675486805523,lo_A_model_1_relaxed_repeat017,lo_A_model_1_relaxed_repeat051
2.725,0.3233090921992644,2.84,0.36018358853993476,lo_A_model_1_relaxed_repeat017,lo_A_model_1_relaxed_repeat059
2.737,0.3193309834123458,2.87,0.347342949350522,lo_A_model_1_relaxed_repeat017,lo_A_model_1_relaxed_repeat002
2.748,0.3107811653898725,3.08,0.34135185259131823,lo_A_model_1_relaxed_repeat017,lo_A_model_1_relaxed_repeat096
2.748,0.3163855880778194,2.87,0.34042815757822237,lo_A_model_1_relaxed_repeat017,lo_A_model_1_relaxed_repeat057
2.754,0.33438110961353745,2.9299999999999997,0.3632146253822378,lo_A_model_1_relaxed_repeat017,lo_A_model_1_relaxed_repeat025
2.7569999999999997,0.3187015448316992,3.08,0.3665953630761012,lo_A_model_1_relaxed_repeat017,lo_A_model_1_relaxed_repeat043
2.7590000000000003,0.31338416642418154,2.91,0.3247568915767754,lo_A_model_1_relaxed_repeat017,lo_A_model_1_relaxed_repeat039
2.7649999999999997,0.3328929336787973,3.08,0.3520508075570537,lo_A_model_1_relaxed_repeat017,lo_A_model_1_relaxed_repeat026
2.77,0.3641038124849758,2.84,0.38960465637483804,lo_A_model_1_relaxed_repeat017,lo_A_model_1_relaxed_repeat003
2.7889999999999997,0.3543170625721499,2.91,0.3840226060346404,lo_A_model_1_relaxed_repeat017,lo_A_model_1_relaxed_repeat056
2.7960000000000003,0.323247134358906,3.06,0.3389148719293363,lo_A_model_1_relaxed_repeat017,lo_A_model_1_relaxed_repeat032
2.8200000000000003,0.32383585891515054,2.8899999999999997,0.3624856565659156,lo_A_model_1_relaxed_repeat017,lo_A_model_1_relaxed_repeat078
2.8209999999999997,0.33602975930954526,2.98,0.37694715271116314,lo_A_model_1_relaxed_repeat017,lo_A_model_1_relaxed_repeat092
2.8209999999999997,0.3843357285205911,2.99,0.41610868504303095,lo_A_model_1_relaxed_repeat017,lo_A_model_1_relaxed_repeat093
2.824,0.31823527929817225,3.01,0.35100852041225844,lo_A_model_1_relaxed_repeat017,lo_A_model_1_relaxed_repeat016
2.8369999999999997,0.32706121409950206,2.94,0.34464711068176324,lo_A_model_1_relaxed_repeat017,lo_A_model_1_relaxed_repeat070
2.84,0.33347059934793455,2.85,0.36930050261315517,lo_A_model_1_relaxed_repeat017,lo_A_model_1_relaxed_repeat065
2.843,0.348840850202024,3.06,0.3835363647185446,lo_A_model_1_relaxed_repeat017,lo_A_model_1_relaxed_repeat082
2.8449999999999998,0.3273277257691817,2.91,0.3646964755975916,lo_A_model_1_relaxed_repeat017,lo_A_model_1_relaxed_repeat076
2.862,0.33513130175119094,3.0700000000000003,0.3744018787475941,lo_A_model_1_relaxed_repeat017,lo_A_model_1_relaxed_repeat079
2.8739999999999997,0.3380664853218285,3.08,0.36325314441058515,lo_A_model_1_relaxed_repeat017,lo_A_model_1_relaxed_repeat041
2.8819999999999997,0.3262324451944778,2.9,0.36130466182326204,lo_A_model_1_relaxed_repeat017,lo_A_model_1_relaxed_repeat086
2.936,0.3335412503203105,2.99,0.3794188387807666,lo_A_model_1_relaxed_repeat017,lo_A_model_1_relaxed_repeat031
2.942,0.3488967131574535,2.92,0.3703128631240561,lo_A_model_1_relaxed_repeat017,lo_A_model_1_relaxed_repeat013
2.943,0.34273781401522807,3.04,0.3824795617605217,lo_A_model_1_relaxed_repeat017,lo_A_model_1_relaxed_repeat027
2.9530000000000003,0.3484736856422901,2.98,0.3832688258219342,lo_A_model_1_relaxed_repeat017,lo_A_model_1_relaxed_repeat064
2.976,0.38335994508610766,3.05,0.4132305123853241,lo_A_model_1_relaxed_repeat017,lo_A_model_1_relaxed_repeat028
3.0069999999999997,0.32740390371214473,3.0300000000000002,0.3610611843260025,lo_A_model_1_relaxed_repeat017,lo_A_model_1_relaxed_repeat035
1.97,0.20489040163212335,2.9,0.22801783179522414,lo_A_model_1_relaxed_repeat078,lo_A_model_1_relaxed_repeat048
2.0229999999999997,0.2832825969889351,2.8499999999999996,0.3451363687277798,lo_A_model_1_relaxed_repeat078,lo_A_model_1_relaxed_repeat097
2.093,0.2842219663929189,2.81,0.3287646709575316,lo_A_model_1_relaxed_repeat078,lo_A_model_1_relaxed_repeat032
2.099,0.2680877421332749,2.8499999999999996,0.3296163721505647,lo_A_model_1_relaxed_repeat078,lo_A_model_1_relaxed_repeat011
2.221,0.274380982586531,2.87,0.3346811947897921,lo_A_model_1_relaxed_repeat078,lo_A_model_1_relaxed_repeat014
2.258,0.2956208258483329,2.98,0.35961102018279395,lo_A_model_1_relaxed_repeat078,lo_A_model_1_relaxed_repeat063
2.308,0.3253966651635674,2.9699999999999998,0.40277741042194615,lo_A_model_1_relaxed_repeat078,lo_A_model_1_relaxed_repeat067
2.327,0.3054773941562393,3.02,0.3532664254949432,lo_A_model_1_relaxed_repeat078,lo_A_model_1_relaxed_repeat038
2.368,0.3137775078993383,2.72,0.3562814225782646,lo_A_model_1_relaxed_repeat078,lo_A_model_1_relaxed_repeat033
2.393,0.2745757783981968,2.87,0.3184243666135161,lo_A_model_1_relaxed_repeat078,lo_A_model_1_relaxed_repeat057
2.41,0.2969775095890541,3.02,0.347962760903634,lo_A_model_1_relaxed_repeat078,lo_A_model_1_relaxed_repeat043
2.439,0.2209532586074946,2.66,0.24461426233777908,lo_A_model_1_relaxed_repeat078,lo_A_model_1_relaxed_repeat070
2.4459999999999997,0.27426185966717515,2.89,0.3222256293704397,lo_A_model_1_relaxed_repeat078,lo_A_model_1_relaxed_repeat094
2.498,0.2396812284540604,2.84,0.2624308070125186,lo_A_model_1_relaxed_repeat078,lo_A_model_1_relaxed_repeat002
2.5,0.23819899051928473,2.95,0.2636798574766619,lo_A_model_1_relaxed_repeat078,lo_A_model_1_relaxed_repeat016
2.507,0.271424629710964,3.0,0.3021849853634575,lo_A_model_1_relaxed_repeat078,lo_A_model_1_relaxed_repeat095
2.507,0.25553766089823055,2.9299999999999997,0.2767287449529987,lo_A_model_1_relaxed_repeat078,lo_A_model_1_relaxed_repeat023
2.512,0.2351374157633053,2.95,0.259583026485718,lo_A_model_1_relaxed_repeat078,lo_A_model_1_relaxed_repeat076
2.54,0.31414191912334893,2.87,0.3556958965400791,lo_A_model_1_relaxed_repeat078,lo_A_model_1_relaxed_repeat036
2.544,0.22221192954227567,2.87,0.2279756656943543,lo_A_model_1_relaxed_repeat078,lo_A_model_1_relaxed_repeat086
2.549,0.2971211031355216,2.86,0.3561900201747699,lo_A_model_1_relaxed_repeat078,lo_A_model_1_relaxed_repeat099
2.55,0.30204502359813934,2.9699999999999998,0.34665303428681754,lo_A_model_1_relaxed_repeat078,lo_A_model_1_relaxed_repeat075
2.553,0.295018024715457,3.02,0.3388863778763575,lo_A_model_1_relaxed_repeat078,lo_A_model_1_relaxed_repeat037
2.556,0.3011288798653896,2.87,0.3394963449587393,lo_A_model_1_relaxed_repeat078,lo_A_model_1_relaxed_repeat049
2.559,0.35611011220852373,2.84,0.4204352265037561,lo_A_model_1_relaxed_repeat078,lo_A_model_1_relaxed_repeat061
2.5620000000000003,0.25630140797710094,2.84,0.270646129864945,lo_A_model_1_relaxed_repeat078,lo_A_model_1_relaxed_repeat021
2.588,0.29863210988259914,2.9000000000000004,0.35318254671183824,lo_A_model_1_relaxed_repeat078,lo_A_model_1_relaxed_repeat035
2.596,0.2739299122999287,2.87,0.29048797187246,lo_A_model_1_relaxed_repeat078,lo_A_model_1_relaxed_repeat001
2.5999999999999996,0.23637190635011596,2.8899999999999997,0.25988409433682236,lo_A_model_1_relaxed_repeat078,lo_A_model_1_relaxed_repeat065
2.6029999999999998,0.31841917514743623,3.02,0.3662504595787299,lo_A_model_1_relaxed_repeat078,lo_A_model_1_relaxed_repeat051
2.609,0.299585328577206,2.82,0.3507641770027028,lo_A_model_1_relaxed_repeat078,lo_A_model_1_relaxed_repeat018
2.623,0.31261099385081587,3.02,0.3766269998230453,lo_A_model_1_relaxed_repeat078,lo_A_model_1_relaxed_repeat054
2.648,0.3689834145715745,2.95,0.4121925741310882,lo_A_model_1_relaxed_repeat078,lo_A_model_1_relaxed_repeat098
2.651,0.2545444796722502,2.9699999999999998,0.2761515621260612,lo_A_model_1_relaxed_repeat078,lo_A_model_1_relaxed_repeat084
2.664,0.2673640186243011,2.9299999999999997,0.2812595317094094,lo_A_model_1_relaxed_repeat078,lo_A_model_1_relaxed_repeat013
2.67,0.3402785730782021,3.0,0.39149400205886764,lo_A_model_1_relaxed_repeat078,lo_A_model_1_relaxed_repeat073
2.6740000000000004,0.2411088571015555,2.96,0.27714077652757296,lo_A_model_1_relaxed_repeat078,lo_A_model_1_relaxed_repeat079
2.679,0.30379040191811185,2.99,0.3618725342497674,lo_A_model_1_relaxed_repeat078,lo_A_model_1_relaxed_repeat082
2.6900000000000004,0.3011707252082457,2.99,0.3498796850224607,lo_A_model_1_relaxed_repeat078,lo_A_model_1_relaxed_repeat058
2.6950000000000003,0.24068148298485337,2.92,0.2602932757745535,lo_A_model_1_relaxed_repeat078,lo_A_model_1_relaxed_repeat092
2.6950000000000003,0.30803278163803016,2.87,0.343961021846017,lo_A_model_1_relaxed_repeat078,lo_A_model_1_relaxed_repeat026
2.6959999999999997,0.23314553038925367,2.98,0.25931217481198693,lo_A_model_1_relaxed_repeat078,lo_A_model_1_relaxed_repeat027
2.697,0.2341033476827711,2.95,0.2515398073429166,lo_A_model_1_relaxed_repeat078,lo_A_model_1_relaxed_repeat031
2.7110000000000003,0.2583181434456168,2.9299999999999997,0.28285505369712394,lo_A_model_1_relaxed_repeat078,lo_A_model_1_relaxed_repeat003
2.75,0.2414263427423716,2.7,0.2745898228548368,lo_A_model_1_relaxed_repeat078,lo_A_model_1_relaxed_repeat025
2.762,0.31344371507159413,2.88,0.3535702231780397,lo_A_model_1_relaxed_repeat078,lo_A_model_1_relaxed_repeat030
2.7670000000000003,0.29130422475323703,2.87,0.3252185355283675,lo_A_model_1_relaxed_repeat078,lo_A_model_1_relaxed_repeat039
2.781,0.3388548551748026,3.02,0.39637693942961416,lo_A_model_1_relaxed_repeat078,lo_A_model_1_relaxed_repeat012
2.795,0.2982646298397579,3.01,0.33701224490941584,lo_A_model_1_relaxed_repeat078,lo_A_model_1_relaxed_repeat071
2.812,0.3508790767007639,3.0,0.4193510894162118,lo_A_model_1_relaxed_repeat078,lo_A_model_1_relaxed_repeat028
2.814,0.29941004080055306,3.02,0.3520684434044064,lo_A_model_1_relaxed_repeat078,lo_A_model_1_relaxed_repeat096
2.818,0.319642815676708,2.91,0.37477504936318645,lo_A_model_1_relaxed_repeat078,lo_A_model_1_relaxed_repeat064
2.819,0.3000942207787052,3.0300000000000002,0.3564241818744804,lo_A_model_1_relaxed_repeat078,lo_A_model_1_relaxed_repeat020
2.827,0.2961321984687871,3.0300000000000002,0.3545166166395217,lo_A_model_1_relaxed_repeat078,lo_A_model_1_relaxed_repeat024
2.83,0.31583437058424496,3.02,0.359871658890604,lo_A_model_1_relaxed_repeat078,lo_A_model_1_relaxed_repeat041
2.8369999999999997,0.32686212438089635,3.04,0.35494532009523766,lo_A_model_1_relaxed_repeat078,lo_A_model_1_relaxed_repeat089
2.839,0.24406448290745061,2.64,0.26502684291937517,lo_A_model_1_relaxed_repeat078,lo_A_model_1_relaxed_repeat056
2.872,0.35519393119163056,2.95,0.39798997837865546,lo_A_model_1_relaxed_repeat078,lo_A_model_1_relaxed_repeat093
2.873,0.24727988463435163,2.86,0.2699897735571941,lo_A_model_1_relaxed_repeat078,lo_A_model_1_relaxed_repeat059
2.209,0.27411044211745283,2.88,0.32180695125644365,lo_A_model_1_relaxed_repeat021,lo_A_model_1_relaxed_repeat094
2.3280000000000003,0.30461923088111775,2.8099999999999996,0.35446960115107234,lo_A_model_1_relaxed_repeat021,lo_A_model_1_relaxed_repeat035
2.34,0.23774929510883863,2.92,0.2720552308648293,lo_A_model_1_relaxed_repeat021,lo_A_model_1_relaxed_repeat016
2.351,0.3380878419008908,2.91,0.3821599257769109,lo_A_model_1_relaxed_repeat021,lo_A_model_1_relaxed_repeat036
2.362,0.3288786022988901,2.8499999999999996,0.3730310062402255,lo_A_model_1_relaxed_repeat021,lo_A_model_1_relaxed_repeat099
2.372,0.31203899695762,2.82,0.3560730422889682,lo_A_model_1_relaxed_repeat021,lo_A_model_1_relaxed_repeat057
2.422,0.3287728486051903,3.0,0.3747827601563918,lo_A_model_1_relaxed_repeat021,lo_A_model_1_relaxed_repeat020
2.455,0.2984125525210793,2.82,0.3159160443333623,lo_A_model_1_relaxed_repeat021,lo_A_model_1_relaxed_repeat001
2.46,0.3259242840181328,2.96,0.3747977995638981,lo_A_model_1_relaxed_repeat021,lo_A_model_1_relaxed_repeat082
2.472,0.26214405173999455,2.84,0.30156696160538327,lo_A_model_1_relaxed_repeat021,lo_A_model_1_relaxed_repeat025
2.4749999999999996,0.33520568195238226,2.99,0.3765057323914274,lo_A_model_1_relaxed_repeat021,lo_A_model_1_relaxed_repeat051
2.512,0.3839694026168267,2.92,0.43407066136263345,lo_A_model_1_relaxed_repeat021,lo_A_model_1_relaxed_repeat061
2.515,0.3035541767089112,2.96,0.36258632241401045,lo_A_model_1_relaxed_repeat021,lo_A_model_1_relaxed_repeat058
2.525,0.3148361851218641,2.92,0.3568474666425603,lo_A_model_1_relaxed_repeat021,lo_A_model_1_relaxed_repeat063
2.533,0.32176051926806787,2.8899999999999997,0.3661547082672379,lo_A_model_1_relaxed_repeat021,lo_A_model_1_relaxed_repeat032
2.551,0.30967528057489774,2.8499999999999996,0.35644762169218397,lo_A_model_1_relaxed_repeat021,lo_A_model_1_relaxed_repeat018
2.5540000000000003,0.28574433934517607,2.95,0.3094944883846664,lo_A_model_1_relaxed_repeat021,lo_A_model_1_relaxed_repeat027
2.568,0.3481062086130671,2.9699999999999998,0.4063225636745675,lo_A_model_1_relaxed_repeat021,lo_A_model_1_relaxed_repeat067
2.592,0.33535577119845233,2.88,0.3893685508402096,lo_A_model_1_relaxed_repeat021,lo_A_model_1_relaxed_repeat011
2.5949999999999998,0.3177498201600294,2.91,0.36960114603863964,lo_A_model_1_relaxed_repeat021,lo_A_model_1_relaxed_repeat097
2.604,0.3431262091738716,2.99,0.395371359812808,lo_A_model_1_relaxed_repeat021,lo_A_model_1_relaxed_repeat054
2.6390000000000002,0.3482812727111754,2.83,0.3876711214758243,lo_A_model_1_relaxed_repeat021,lo_A_model_1_relaxed_repeat049
2.6390000000000002,0.30905311061179586,2.86,0.363652351709911,lo_A_model_1_relaxed_repeat021,lo_A_model_1_relaxed_repeat014
2.6390000000000002,0.3436731924855215,2.99,0.39218266013776343,lo_A_model_1_relaxed_repeat021,lo_A_model_1_relaxed_repeat096
2.652,0.31440487188033317,3.04,0.3652625606292341,lo_A_model_1_relaxed_repeat021,lo_A_model_1_relaxed_repeat024
2.653,0.29088938800083813,2.86,0.3043816875750648,lo_A_model_1_relaxed_repeat021,lo_A_model_1_relaxed_repeat056
2.658,0.3885165609968417,2.92,0.4252284415085745,lo_A_model_1_relaxed_repeat021,lo_A_model_1_relaxed_repeat098
2.662,0.25070857695328236,2.82,0.2753125938282842,lo_A_model_1_relaxed_repeat021,lo_A_model_1_relaxed_repeat003
2.666,0.2855382809208682,2.86,0.3003475335600306,lo_A_model_1_relaxed_repeat021,lo_A_model_1_relaxed_repeat065
2.666,0.36254230792524805,2.87,0.4115447016884554,lo_A_model_1_relaxed_repeat021,lo_A_model_1_relaxed_repeat028
2.678,0.2939841090369299,2.8899999999999997,0.3180317238834522,lo_A_model_1_relaxed_repeat021,lo_A_model_1_relaxed_repeat070
2.682,0.27562716622994277,2.9,0.2875554309939815,lo_A_model_1_relaxed_repeat021,lo_A_model_1_relaxed_repeat031
2.723,0.3641482448207166,2.9699999999999998,0.4007411231487811,lo_A_model_1_relaxed_repeat021,lo_A_model_1_relaxed_repeat073
2.737,0.24774556321266253,2.82,0.2677427501493005,lo_A_model_1_relaxed_repeat021,lo_A_model_1_relaxed_repeat002
2.755,0.3359540021481669,2.84,0.3710303482375865,lo_A_model_1_relaxed_repeat021,lo_A_model_1_relaxed_repeat026
2.758,0.2611078987008024,2.91,0.2848591751064835,lo_A_model_1_relaxed_repeat021,lo_A_model_1_relaxed_repeat048
2.763,0.3031921353836741,2.96,0.3378187627294766,lo_A_model_1_relaxed_repeat021,lo_A_model_1_relaxed_repeat079
2.771,0.3353174162953044,2.91,0.383483580681573,lo_A_model_1_relaxed_repeat021,lo_A_model_1_relaxed_repeat064
2.79,0.3379704256050978,2.9,0.37279752834316066,lo_A_model_1_relaxed_repeat021,lo_A_model_1_relaxed_repeat075
2.795,0.2784697310843424,2.91,0.30741289751165174,lo_A_model_1_relaxed_repeat021,lo_A_model_1_relaxed_repeat013
2.799,0.3294574978938178,2.9299999999999997,0.3580522735791026,lo_A_model_1_relaxed_repeat021,lo_A_model_1_relaxed_repeat030
2.818,0.3235512425889132,2.87,0.3418685505651583,lo_A_model_1_relaxed_repeat021,lo_A_model_1_relaxed_repeat095
2.825,0.3757213925329072,2.94,0.41363066743350624,lo_A_model_1_relaxed_repeat021,lo_A_model_1_relaxed_repeat093
2.826,0.3364685433836204,2.99,0.37782030532879124,lo_A_model_1_relaxed_repeat021,lo_A_model_1_relaxed_repeat038
2.843,0.35911516677006533,2.99,0.39747633791064285,lo_A_model_1_relaxed_repeat021,lo_A_model_1_relaxed_repeat041
2.844,0.27105557132584657,2.94,0.2997208524835197,lo_A_model_1_relaxed_repeat021,lo_A_model_1_relaxed_repeat023
2.8659999999999997,0.2740467750348652,2.88,0.2900784758897755,lo_A_model_1_relaxed_repeat021,lo_A_model_1_relaxed_repeat076
2.867,0.3404392294604882,2.95,0.3743518576215711,lo_A_model_1_relaxed_repeat021,lo_A_model_1_relaxed_repeat033
2.9059999999999997,0.2503363488462035,2.8099999999999996,0.2674863653551895,lo_A_model_1_relaxed_repeat021,lo_A_model_1_relaxed_repeat059
2.909,0.32316315433609966,2.99,0.3675826379307849,lo_A_model_1_relaxed_repeat021,lo_A_model_1_relaxed_repeat043
2.916,0.27629076140088227,2.86,0.2802913362740129,lo_A_model_1_relaxed_repeat021,lo_A_model_1_relaxed_repeat086
2.928,0.3143124385271374,2.84,0.36123385757281734,lo_A_model_1_relaxed_repeat021,lo_A_model_1_relaxed_repeat039
2.9290000000000003,0.3672634808658253,2.99,0.40848665189728617,lo_A_model_1_relaxed_repeat021,lo_A_model_1_relaxed_repeat012
2.934,0.30174506762648146,2.92,0.32803341711902023,lo_A_model_1_relaxed_repeat021,lo_A_model_1_relaxed_repeat092
2.9400000000000004,0.28624095565173363,2.95,0.3126263292580305,lo_A_model_1_relaxed_repeat021,lo_A_model_1_relaxed_repeat084
2.9539999999999997,0.32546313166245233,3.05,0.36326783412972957,lo_A_model_1_relaxed_repeat021,lo_A_model_1_relaxed_repeat089
2.958,0.3370562282489831,2.99,0.3722651154297853,lo_A_model_1_relaxed_repeat021,lo_A_model_1_relaxed_repeat037
2.9669999999999996,0.3237569104327084,2.99,0.36976143567617314,lo_A_model_1_relaxed_repeat021,lo_A_model_1_relaxed_repeat071
2.015,0.29673218417846886,2.96,0.32516099236918344,lo_A_model_1_relaxed_repeat002,lo_A_model_1_relaxed_repeat026
2.0700000000000003,0.29144721325068107,2.95,0.33784544129401445,lo_A_model_1_relaxed_repeat002,lo_A_model_1_relaxed_repeat082
2.125,0.2792755839458025,2.8499999999999996,0.3171220729560417,lo_A_model_1_relaxed_repeat002,lo_A_model_1_relaxed_repeat094
2.17,0.2886001788516256,2.79,0.3303740023095081,lo_A_model_1_relaxed_repeat002,lo_A_model_1_relaxed_repeat018
2.183,0.30586339765612863,2.8499999999999996,0.3355907395804175,lo_A_model_1_relaxed_repeat002,lo_A_model_1_relaxed_repeat032
2.2640000000000002,0.2980460617683487,2.8499999999999996,0.3337878589223229,lo_A_model_1_relaxed_repeat002,lo_A_model_1_relaxed_repeat097
2.289,0.30089487325250713,2.92,0.34517586900540104,lo_A_model_1_relaxed_repeat002,lo_A_model_1_relaxed_repeat035
2.314,0.3007768168629885,2.84,0.3428561763389878,lo_A_model_1_relaxed_repeat002,lo_A_model_1_relaxed_repeat099
2.332,0.20853682856947361,2.91,0.2414649496063808,lo_A_model_1_relaxed_repeat002,lo_A_model_1_relaxed_repeat016
2.38,0.26269280513794935,2.88,0.2863388850323076,lo_A_model_1_relaxed_repeat002,lo_A_model_1_relaxed_repeat070
2.417,0.3013773588814394,2.83,0.3334972272332201,lo_A_model_1_relaxed_repeat002,lo_A_model_1_relaxed_repeat063
2.471,0.24336825449539906,2.8,0.2695313051642041,lo_A_model_1_relaxed_repeat002,lo_A_model_1_relaxed_repeat025
2.479,0.3717232495404707,2.9699999999999998,0.4077924799746696,lo_A_model_1_relaxed_repeat002,lo_A_model_1_relaxed_repeat098
2.499,0.2718065235900243,2.92,0.2983899091981863,lo_A_model_1_relaxed_repeat002,lo_A_model_1_relaxed_repeat079
2.5060000000000002,0.3248375550886847,2.83,0.3448837584853087,lo_A_model_1_relaxed_repeat002,lo_A_model_1_relaxed_repeat049
2.533,0.3038203096299419,2.8200000000000003,0.3299697389341988,lo_A_model_1_relaxed_repeat002,lo_A_model_1_relaxed_repeat057
2.544,0.3150302753577639,2.88,0.34046988484926294,lo_A_model_1_relaxed_repeat002,lo_A_model_1_relaxed_repeat011
2.5519999999999996,0.3049972208414858,2.81,0.3525189145586408,lo_A_model_1_relaxed_repeat002,lo_A_model_1_relaxed_repeat014
2.599,0.25614693007219064,3.01,0.2768449362749094,lo_A_model_1_relaxed_repeat002,lo_A_model_1_relaxed_repeat048
2.605,0.2636049472986866,2.8899999999999997,0.2830068471547653,lo_A_model_1_relaxed_repeat002,lo_A_model_1_relaxed_repeat065
2.614,0.35603151393202886,2.8899999999999997,0.39891175283791463,lo_A_model_1_relaxed_repeat002,lo_A_model_1_relaxed_repeat061
2.629,0.29895300418702325,2.96,0.3097888431250384,lo_A_model_1_relaxed_repeat002,lo_A_model_1_relaxed_repeat001
2.641,0.31104938956182043,3.01,0.3418079926839935,lo_A_model_1_relaxed_repeat002,lo_A_model_1_relaxed_repeat036
2.6470000000000002,0.2680366911658902,2.88,0.294913823158781,lo_A_model_1_relaxed_repeat002,lo_A_model_1_relaxed_repeat092
2.66,0.3477521629116463,2.92,0.399738111693036,lo_A_model_1_relaxed_repeat002,lo_A_model_1_relaxed_repeat028
2.661,0.2517957286855026,2.94,0.27417797546805184,lo_A_model_1_relaxed_repeat002,lo_A_model_1_relaxed_repeat027
2.665,0.2660763785059762,2.9,0.2767520594901613,lo_A_model_1_relaxed_repeat002,lo_A_model_1_relaxed_repeat003
2.67,0.278554181526287,2.86,0.29211149810431913,lo_A_model_1_relaxed_repeat002,lo_A_model_1_relaxed_repeat056
2.677,0.2618480196750117,2.8899999999999997,0.2696082040498529,lo_A_model_1_relaxed_repeat002,lo_A_model_1_relaxed_repeat031
2.683,0.24179817486422037,2.87,0.26915503879179004,lo_A_model_1_relaxed_repeat002,lo_A_model_1_relaxed_repeat013
2.692,0.32037833678923117,2.96,0.32640303513413943,lo_A_model_1_relaxed_repeat002,lo_A_model_1_relaxed_repeat030
2.7060000000000004,0.30459982941576713,2.95,0.33031116382878806,lo_A_model_1_relaxed_repeat002,lo_A_model_1_relaxed_repeat095
2.713,0.31750558419384933,2.98,0.34481485152352037,lo_A_model_1_relaxed_repeat002,lo_A_model_1_relaxed_repeat054
2.7140000000000004,0.3145130086626398,2.98,0.3478198191728615,lo_A_model_1_relaxed_repeat002,lo_A_model_1_relaxed_repeat038
2.718,0.35748321008623923,2.96,0.3894860338052285,lo_A_model_1_relaxed_repeat002,lo_A_model_1_relaxed_repeat073
2.722,0.31873376129075537,2.98,0.34486081868376,lo_A_model_1_relaxed_repeat002,lo_A_model_1_relaxed_repeat051
2.732,0.26658535258823257,2.8899999999999997,0.2869258401891338,lo_A_model_1_relaxed_repeat002,lo_A_model_1_relaxed_repeat023
2.7359999999999998,0.30440846222486306,2.98,0.34450549245950196,lo_A_model_1_relaxed_repeat002,lo_A_model_1_relaxed_repeat024
2.738,0.31000782398175025,2.98,0.34310544265320925,lo_A_model_1_relaxed_repeat002,lo_A_model_1_relaxed_repeat096
2.746,0.29102772704899077,2.95,0.32892681089290576,lo_A_model_1_relaxed_repeat002,lo_A_model_1_relaxed_repeat058
2.746,0.30482807603147866,2.95,0.3081292020406612,lo_A_model_1_relaxed_repeat002,lo_A_model_1_relaxed_repeat075
2.754,0.2721582793917684,2.9,0.28926575689422346,lo_A_model_1_relaxed_repeat002,lo_A_model_1_relaxed_repeat076
2.778,0.3343094631735422,3.0,0.3486214420703991,lo_A_model_1_relaxed_repeat002,lo_A_model_1_relaxed_repeat033
2.797,0.3149786222507239,2.98,0.3492602032246292,lo_A_model_1_relaxed_repeat002,lo_A_model_1_relaxed_repeat043
2.8040000000000003,0.24192769288299965,2.91,0.2614798317883155,lo_A_model_1_relaxed_repeat002,lo_A_model_1_relaxed_repeat086
2.809,0.3206627792958688,2.99,0.35743310748071316,lo_A_model_1_relaxed_repeat002,lo_A_model_1_relaxed_repeat020
2.816,0.31293815566400063,2.96,0.3500271806327162,lo_A_model_1_relaxed_repeat002,lo_A_model_1_relaxed_repeat039
2.817,0.34675789709659893,2.98,0.3754220133741416,lo_A_model_1_relaxed_repeat002,lo_A_model_1_relaxed_repeat012
2.8280000000000003,0.34378535531538806,2.96,0.395301518356404,lo_A_model_1_relaxed_repeat002,lo_A_model_1_relaxed_repeat067
2.842,0.33212766001418037,2.99,0.3551167371382376,lo_A_model_1_relaxed_repeat002,lo_A_model_1_relaxed_repeat089
2.846,0.30307174181486346,2.98,0.3350859646711563,lo_A_model_1_relaxed_repeat002,lo_A_model_1_relaxed_repeat037
2.855,0.3189879731880602,2.9699999999999998,0.3431472195809718,lo_A_model_1_relaxed_repeat002,lo_A_model_1_relaxed_repeat071
2.873,0.30334698235260565,2.8899999999999997,0.3564957808641819,lo_A_model_1_relaxed_repeat002,lo_A_model_1_relaxed_repeat064
2.8920000000000003,0.2741184022029957,2.9,0.2997917255092843,lo_A_model_1_relaxed_repeat002,lo_A_model_1_relaxed_repeat084
2.9050000000000002,0.338395132237706,2.98,0.3749523574886096,lo_A_model_1_relaxed_repeat002,lo_A_model_1_relaxed_repeat041
2.927,0.35836294411375313,2.99,0.39637769736698997,lo_A_model_1_relaxed_repeat002,lo_A_model_1_relaxed_repeat093
2.928,0.24736806168120037,2.79,0.2522720787497859,lo_A_model_1_relaxed_repeat002,lo_A_model_1_relaxed_repeat059
1.9789999999999999,0.2970306025090606,2.8600000000000003,0.36166713804416717,lo_A_model_1_relaxed_repeat027,lo_A_model_1_relaxed_repeat082
2.147,0.3138775209220952,3.04,0.3815388238513422,lo_A_model_1_relaxed_repeat027,lo_A_model_1_relaxed_repeat064
2.253,0.3237123478030637,3.04,0.3802702148967563,lo_A_model_1_relaxed_repeat027,lo_A_model_1_relaxed_repeat014
2.299,0.3481709789961888,3.04,0.4191389770915018,lo_A_model_1_relaxed_repeat027,lo_A_model_1_relaxed_repeat028
2.3040000000000003,0.30097246724110166,3.04,0.3447645212421025,lo_A_model_1_relaxed_repeat027,lo_A_model_1_relaxed_repeat036
2.335,0.32709382089562206,2.98,0.39346165555488194,lo_A_model_1_relaxed_repeat027,lo_A_model_1_relaxed_repeat067
2.387,0.23054584665655237,3.02,0.26259783925011054,lo_A_model_1_relaxed_repeat027,lo_A_model_1_relaxed_repeat070
2.4829999999999997,0.330077907307811,3.04,0.3743887722537891,lo_A_model_1_relaxed_repeat027,lo_A_model_1_relaxed_repeat057
2.513,0.2630127027943468,3.04,0.27503086053918935,lo_A_model_1_relaxed_repeat027,lo_A_model_1_relaxed_repeat048
2.545,0.262935260775508,2.9699999999999998,0.2983541884159673,lo_A_model_1_relaxed_repeat027,lo_A_model_1_relaxed_repeat065
2.574,0.31001288772878444,2.9699999999999998,0.33593944034938855,lo_A_model_1_relaxed_repeat027,lo_A_model_1_relaxed_repeat001
2.601,0.33138563085569234,3.04,0.3766840108936761,lo_A_model_1_relaxed_repeat027,lo_A_model_1_relaxed_repeat018
2.606,0.30153646270473894,3.05,0.3390804277464075,lo_A_model_1_relaxed_repeat027,lo_A_model_1_relaxed_repeat032
2.627,0.33352699495878513,2.79,0.3646977308772431,lo_A_model_1_relaxed_repeat027,lo_A_model_1_relaxed_repeat073
2.628,0.3306126644664106,3.02,0.37029628936437414,lo_A_model_1_relaxed_repeat027,lo_A_model_1_relaxed_repeat049
2.637,0.36300998855164984,2.92,0.41498897722231476,lo_A_model_1_relaxed_repeat027,lo_A_model_1_relaxed_repeat061
2.668,0.3159478610940417,2.88,0.36269315311848277,lo_A_model_1_relaxed_repeat027,lo_A_model_1_relaxed_repeat054
2.6710000000000003,0.3144497280544755,3.04,0.36341733616999955,lo_A_model_1_relaxed_repeat027,lo_A_model_1_relaxed_repeat094
2.674,0.3205619029445894,3.04,0.37758706089467453,lo_A_model_1_relaxed_repeat027,lo_A_model_1_relaxed_repeat063
2.701,0.23538761932283545,2.48,0.23215763476994297,lo_A_model_1_relaxed_repeat027,lo_A_model_1_relaxed_repeat031
2.715,0.36717382184824093,3.02,0.413812415603474,lo_A_model_1_relaxed_repeat027,lo_A_model_1_relaxed_repeat093
2.734,0.28621500517015064,2.99,0.30858006985803677,lo_A_model_1_relaxed_repeat027,lo_A_model_1_relaxed_repeat013
2.746,0.2744557710145746,2.91,0.30686872114499936,lo_A_model_1_relaxed_repeat027,lo_A_model_1_relaxed_repeat084
2.753,0.31063293639455625,3.04,0.3644133781262259,lo_A_model_1_relaxed_repeat027,lo_A_model_1_relaxed_repeat099
2.758,0.37781914628051516,3.01,0.4135007044951989,lo_A_model_1_relaxed_repeat027,lo_A_model_1_relaxed_repeat098
2.765,0.29955525545875733,2.9,0.3370483254322456,lo_A_model_1_relaxed_repeat027,lo_A_model_1_relaxed_repeat038
2.7670000000000003,0.3077699301423986,3.04,0.3597011555669038,lo_A_model_1_relaxed_repeat027,lo_A_model_1_relaxed_repeat097
2.7750000000000004,0.3224211571455994,3.04,0.37256225296170664,lo_A_model_1_relaxed_repeat027,lo_A_model_1_relaxed_repeat035
2.777,0.3194212752353252,2.88,0.356634483058548,lo_A_model_1_relaxed_repeat027,lo_A_model_1_relaxed_repeat051
2.783,0.29624409762746834,2.9699999999999998,0.3215845069898555,lo_A_model_1_relaxed_repeat027,lo_A_model_1_relaxed_repeat003
2.795,0.30902438523907644,3.05,0.3385530516958744,lo_A_model_1_relaxed_repeat027,lo_A_model_1_relaxed_repeat075
2.7960000000000003,0.2709287718714163,3.01,0.2893152588910265,lo_A_model_1_relaxed_repeat027,lo_A_model_1_relaxed_repeat056
2.8,0.27196180357491306,2.95,0.2869908503972401,lo_A_model_1_relaxed_repeat027,lo_A_model_1_relaxed_repeat023
2.806,0.30368285448593696,2.9699999999999998,0.3475777617011545,lo_A_model_1_relaxed_repeat027,lo_A_model_1_relaxed_repeat026
2.806,0.32727150423175755,3.04,0.36509810154013633,lo_A_model_1_relaxed_repeat027,lo_A_model_1_relaxed_repeat033
2.813,0.31746559724848555,2.87,0.362044267323964,lo_A_model_1_relaxed_repeat027,lo_A_model_1_relaxed_repeat058
2.831,0.268722363119688,3.0,0.3039315580662118,lo_A_model_1_relaxed_repeat027,lo_A_model_1_relaxed_repeat025
2.8360000000000003,0.2324121339345259,2.71,0.24854132392737194,lo_A_model_1_relaxed_repeat027,lo_A_model_1_relaxed_repeat092
2.843,0.3257967260791478,3.05,0.37569814840167415,lo_A_model_1_relaxed_repeat027,lo_A_model_1_relaxed_repeat011
2.8449999999999998,0.28679948182553155,2.95,0.3112988159143873,lo_A_model_1_relaxed_repeat027,lo_A_model_1_relaxed_repeat059
2.848,0.3274543246988021,2.8,0.3601001688649912,lo_A_model_1_relaxed_repeat027,lo_A_model_1_relaxed_repeat043
2.864,0.3112963305860473,2.94,0.35177046586955385,lo_A_model_1_relaxed_repeat027,lo_A_model_1_relaxed_repeat020
2.873,0.23884494763941636,2.77,0.25642568997240794,lo_A_model_1_relaxed_repeat027,lo_A_model_1_relaxed_repeat016
2.8840000000000003,0.3319991274097846,2.81,0.3723745480100949,lo_A_model_1_relaxed_repeat027,lo_A_model_1_relaxed_repeat041
2.885,0.3458205915573339,3.05,0.35614780490878334,lo_A_model_1_relaxed_repeat027,lo_A_model_1_relaxed_repeat030
2.89,0.3226117288798916,3.04,0.3615033781553634,lo_A_model_1_relaxed_repeat027,lo_A_model_1_relaxed_repeat039
2.8970000000000002,0.30562887908547576,2.77,0.3389405778415772,lo_A_model_1_relaxed_repeat027,lo_A_model_1_relaxed_repeat037
2.904,0.34681800647275207,3.01,0.39122579820204456,lo_A_model_1_relaxed_repeat027,lo_A_model_1_relaxed_repeat012
2.9059999999999997,0.32752923926743893,2.81,0.3573592142528928,lo_A_model_1_relaxed_repeat027,lo_A_model_1_relaxed_repeat071
2.924,0.25422344603718494,2.92,0.2894177965229609,lo_A_model_1_relaxed_repeat027,lo_A_model_1_relaxed_repeat079
2.9370000000000003,0.3093013558899554,2.88,0.3428490827787523,lo_A_model_1_relaxed_repeat027,lo_A_model_1_relaxed_repeat096
2.939,0.2559462596713831,3.01,0.2788059559752401,lo_A_model_1_relaxed_repeat027,lo_A_model_1_relaxed_repeat076
2.95,0.3224960134386688,2.9699999999999998,0.35930313254779067,lo_A_model_1_relaxed_repeat027,lo_A_model_1_relaxed_repeat024
2.9539999999999997,0.27925662663455864,2.91,0.2969230860461707,lo_A_model_1_relaxed_repeat027,lo_A_model_1_relaxed_repeat095
2.957,0.25296346295630134,2.95,0.26603263323441473,lo_A_model_1_relaxed_repeat027,lo_A_model_1_relaxed_repeat086
2.96,0.3359288845137372,3.0300000000000002,0.3638197056986462,lo_A_model_1_relaxed_repeat027,lo_A_model_1_relaxed_repeat089
2.227,0.26711714222059446,3.05,0.2995982526961698,lo_A_model_1_relaxed_repeat071,lo_A_model_1_relaxed_repeat058
2.2430000000000003,0.2848176145072833,3.08,0.32514220505035507,lo_A_model_1_relaxed_repeat071,lo_A_model_1_relaxed_repeat030
2.445,0.29618324857796635,2.8099999999999996,0.33826359598981376,lo_A_model_1_relaxed_repeat071,lo_A_model_1_relaxed_repeat037
2.463,0.3438904993402416,3.0,0.3749360651267908,lo_A_model_1_relaxed_repeat071,lo_A_model_1_relaxed_repeat001
2.52,0.3438758617547442,3.0700000000000003,0.37516683937638745,lo_A_model_1_relaxed_repeat071,lo_A_model_1_relaxed_repeat033
2.524,0.31916734973798566,2.87,0.3722483595688727,lo_A_model_1_relaxed_repeat071,lo_A_model_1_relaxed_repeat095
2.569,0.31625058199972456,3.05,0.3282400287169046,lo_A_model_1_relaxed_repeat071,lo_A_model_1_relaxed_repeat049
2.585,0.2807642375402271,2.7800000000000002,0.33249557097956967,lo_A_model_1_relaxed_repeat071,lo_A_model_1_relaxed_repeat023
2.588,0.30138249216042684,2.92,0.3344411348432641,lo_A_model_1_relaxed_repeat071,lo_A_model_1_relaxed_repeat038
2.605,0.33285906962091094,2.81,0.35100517829959865,lo_A_model_1_relaxed_repeat071,lo_A_model_1_relaxed_repeat041
2.621,0.3040657785924219,3.0300000000000002,0.34060982086770597,lo_A_model_1_relaxed_repeat071,lo_A_model_1_relaxed_repeat048
2.637,0.3231584719563125,3.0,0.3577067716409985,lo_A_model_1_relaxed_repeat071,lo_A_model_1_relaxed_repeat012
2.6559999999999997,0.29289245317577706,2.98,0.33240154457875265,lo_A_model_1_relaxed_repeat071,lo_A_model_1_relaxed_repeat059
2.6630000000000003,0.30225148223318976,3.06,0.3562918223324024,lo_A_model_1_relaxed_repeat071,lo_A_model_1_relaxed_repeat089
2.7009999999999996,0.2562652662677464,2.83,0.3002220446748152,lo_A_model_1_relaxed_repeat071,lo_A_model_1_relaxed_repeat043
2.708,0.26670916685645557,3.0700000000000003,0.28724461817828567,lo_A_model_1_relaxed_repeat071,lo_A_model_1_relaxed_repeat057
2.7089999999999996,0.3057464816081074,3.0,0.34246957197001,lo_A_model_1_relaxed_repeat071,lo_A_model_1_relaxed_repeat026
2.714,0.31720607924436933,3.0,0.3567120156214228,lo_A_model_1_relaxed_repeat071,lo_A_model_1_relaxed_repeat003
2.7359999999999998,0.33949383344483186,3.0700000000000003,0.401591184236009,lo_A_model_1_relaxed_repeat071,lo_A_model_1_relaxed_repeat064
2.777,0.33439772050547245,3.0700000000000003,0.3701553631205743,lo_A_model_1_relaxed_repeat071,lo_A_model_1_relaxed_repeat036
2.7809999999999997,0.320608232312599,3.05,0.3471732570148025,lo_A_model_1_relaxed_repeat071,lo_A_model_1_relaxed_repeat070
2.784,0.3046940203971983,3.0,0.34041357493916313,lo_A_model_1_relaxed_repeat071,lo_A_model_1_relaxed_repeat065
2.786,0.3020481235757821,3.08,0.33301638722905236,lo_A_model_1_relaxed_repeat071,lo_A_model_1_relaxed_repeat011
2.799,0.30659249305131725,3.0700000000000003,0.3689456423125255,lo_A_model_1_relaxed_repeat071,lo_A_model_1_relaxed_repeat014
2.822,0.3386794915508448,3.04,0.35819864055356293,lo_A_model_1_relaxed_repeat071,lo_A_model_1_relaxed_repeat056
2.824,0.3654575884108013,3.05,0.41256845792542624,lo_A_model_1_relaxed_repeat071,lo_A_model_1_relaxed_repeat067
2.8259999999999996,0.2957976355580226,2.98,0.3456742700888086,lo_A_model_1_relaxed_repeat071,lo_A_model_1_relaxed_repeat086
2.8259999999999996,0.3006526572554038,2.9699999999999998,0.3358054822191145,lo_A_model_1_relaxed_repeat071,lo_A_model_1_relaxed_repeat024
2.831,0.3242608956831548,3.0,0.35276147477151704,lo_A_model_1_relaxed_repeat071,lo_A_model_1_relaxed_repeat084
2.839,0.31934290770872403,3.08,0.3505985888866748,lo_A_model_1_relaxed_repeat071,lo_A_model_1_relaxed_repeat032
2.8449999999999998,0.37271524376226023,3.0700000000000003,0.4205241977084899,lo_A_model_1_relaxed_repeat071,lo_A_model_1_relaxed_repeat028
2.86,0.31420064618935506,3.04,0.3547121987187437,lo_A_model_1_relaxed_repeat071,lo_A_model_1_relaxed_repeat076
2.876,0.3322612568076414,3.02,0.3641625507603051,lo_A_model_1_relaxed_repeat071,lo_A_model_1_relaxed_repeat079
2.879,0.2998493226755946,3.08,0.349862756660171,lo_A_model_1_relaxed_repeat071,lo_A_model_1_relaxed_repeat075
2.88,0.3129597701616424,2.8899999999999997,0.3517771355216575,lo_A_model_1_relaxed_repeat071,lo_A_model_1_relaxed_repeat031
2.886,0.30402869048034453,3.0300000000000002,0.35047247896541067,lo_A_model_1_relaxed_repeat071,lo_A_model_1_relaxed_repeat013
2.892,0.3013025157687597,2.85,0.32847843608931093,lo_A_model_1_relaxed_repeat071,lo_A_model_1_relaxed_repeat016
2.893,0.360334902242293,2.95,0.3867607305052365,lo_A_model_1_relaxed_repeat071,lo_A_model_1_relaxed_repeat073
2.899,0.2592843143171794,3.0700000000000003,0.31244052939126626,lo_A_model_1_relaxed_repeat071,lo_A_model_1_relaxed_repeat039
2.937,0.3127826959382467,3.0300000000000002,0.34919945233452127,lo_A_model_1_relaxed_repeat071,lo_A_model_1_relaxed_repeat025
2.9429999999999996,0.3681973062995403,3.05,0.3997394000881482,lo_A_model_1_relaxed_repeat071,lo_A_model_1_relaxed_repeat093
2.9509999999999996,0.2993537110995454,3.0700000000000003,0.33834584569913045,lo_A_model_1_relaxed_repeat071,lo_A_model_1_relaxed_repeat035
2.952,0.32619664544894683,3.0700000000000003,0.3629477157237253,lo_A_model_1_relaxed_repeat071,lo_A_model_1_relaxed_repeat097
2.9779999999999998,0.3219324318875025,2.83,0.351787017761489,lo_A_model_1_relaxed_repeat071,lo_A_model_1_relaxed_repeat092
2.9779999999999998,0.3859152749344783,3.0,0.40190657922746587,lo_A_model_1_relaxed_repeat071,lo_A_model_1_relaxed_repeat098
2.984,0.35945691908902355,3.06,0.3990292584135907,lo_A_model_1_relaxed_repeat071,lo_A_model_1_relaxed_repeat061
2.9859999999999998,0.2975917386596189,2.84,0.31730382402075996,lo_A_model_1_relaxed_repeat071,lo_A_model_1_relaxed_repeat096
2.997,0.32067588002313535,3.0700000000000003,0.34606332993569294,lo_A_model_1_relaxed_repeat071,lo_A_model_1_relaxed_repeat018
3.008,0.3265586662728195,3.0300000000000002,0.36318760448493026,lo_A_model_1_relaxed_repeat071,lo_A_model_1_relaxed_repeat020
3.021,0.3223542112058059,3.0700000000000003,0.354833294191324,lo_A_model_1_relaxed_repeat071,lo_A_model_1_relaxed_repeat063
3.033,0.3229218944705813,3.0700000000000003,0.37969259458217464,lo_A_model_1_relaxed_repeat071,lo_A_model_1_relaxed_repeat099
3.034,0.30682288441938854,3.01,0.34585412919876213,lo_A_model_1_relaxed_repeat071,lo_A_model_1_relaxed_repeat054
3.0389999999999997,0.3025828646597389,3.02,0.3193773000695476,lo_A_model_1_relaxed_repeat071,lo_A_model_1_relaxed_repeat051
3.0439999999999996,0.3345840250430675,2.9699999999999998,0.3703073772530986,lo_A_model_1_relaxed_repeat071,lo_A_model_1_relaxed_repeat082
3.049,0.2954745824913309,3.0700000000000003,0.34335119472408265,lo_A_model_1_relaxed_repeat071,lo_A_model_1_relaxed_repeat094
1.873,0.27514627401257735,2.92,0.3304575663339446,lo_A_model_1_relaxed_repeat097,lo_A_model_1_relaxed_repeat014
2.085,0.28029484016815703,2.96,0.3447810775206624,lo_A_model_1_relaxed_repeat097,lo_A_model_1_relaxed_repeat048
2.099,0.25730137303660783,2.8899999999999997,0.3103573094251058,lo_A_model_1_relaxed_repeat097,lo_A_model_1_relaxed_repeat032
2.167,0.3193996599487755,2.8499999999999996,0.3647240123027473,lo_A_model_1_relaxed_repeat097,lo_A_model_1_relaxed_repeat003
2.183,0.2655595135214428,2.9,0.3183113977267336,lo_A_model_1_relaxed_repeat097,lo_A_model_1_relaxed_repeat094
2.255,0.3121932790607463,2.91,0.37153981103969275,lo_A_model_1_relaxed_repeat097,lo_A_model_1_relaxed_repeat099
2.306,0.2937573590226658,2.94,0.35692819954164456,lo_A_model_1_relaxed_repeat097,lo_A_model_1_relaxed_repeat065
2.311,0.27772141845038606,2.9,0.3249084387365643,lo_A_model_1_relaxed_repeat097,lo_A_model_1_relaxed_repeat049
2.321,0.28651454259555664,2.84,0.32416469083031835,lo_A_model_1_relaxed_repeat097,lo_A_model_1_relaxed_repeat018
2.3360000000000003,0.29188666250483547,3.01,0.34237151553465905,lo_A_model_1_relaxed_repeat097,lo_A_model_1_relaxed_repeat016
2.364,0.2892862925968085,3.08,0.33616608913597834,lo_A_model_1_relaxed_repeat097,lo_A_model_1_relaxed_repeat054
2.373,0.28346851374228815,3.08,0.333176844525821,lo_A_model_1_relaxed_repeat097,lo_A_model_1_relaxed_repeat036
2.395,0.31295173792745884,2.98,0.3705591027635344,lo_A_model_1_relaxed_repeat097,lo_A_model_1_relaxed_repeat092
2.412,0.2920774305983774,3.06,0.3381808609408934,lo_A_model_1_relaxed_repeat097,lo_A_model_1_relaxed_repeat011
2.4189999999999996,0.29851603791539216,3.08,0.34337102727927,lo_A_model_1_relaxed_repeat097,lo_A_model_1_relaxed_repeat051
2.436,0.2744309784729789,2.83,0.32413158987307616,lo_A_model_1_relaxed_repeat097,lo_A_model_1_relaxed_repeat063
2.448,0.325780168909858,2.88,0.38223216847246716,lo_A_model_1_relaxed_repeat097,lo_A_model_1_relaxed_repeat061
2.48,0.2828115479852613,2.92,0.3351174286531879,lo_A_model_1_relaxed_repeat097,lo_A_model_1_relaxed_repeat057
2.483,0.30813068823154066,3.02,0.3749094311231239,lo_A_model_1_relaxed_repeat097,lo_A_model_1_relaxed_repeat079
2.4930000000000003,0.28200358869052494,3.06,0.3238453683530453,lo_A_model_1_relaxed_repeat097,lo_A_model_1_relaxed_repeat070
2.5,0.28307878307088413,2.91,0.32553057823754145,lo_A_model_1_relaxed_repeat097,lo_A_model_1_relaxed_repeat035
2.5060000000000002,0.29165410559504124,3.05,0.32858386047087834,lo_A_model_1_relaxed_repeat097,lo_A_model_1_relaxed_repeat058
2.518,0.2921078078170741,2.89,0.3314378007059044,lo_A_model_1_relaxed_repeat097,lo_A_model_1_relaxed_repeat026
2.561,0.3072904834219842,2.92,0.36417280401948,lo_A_model_1_relaxed_repeat097,lo_A_model_1_relaxed_repeat084
2.6,0.336628167319528,3.06,0.40225028685646547,lo_A_model_1_relaxed_repeat097,lo_A_model_1_relaxed_repeat067
2.614,0.2834434041854772,3.09,0.32533754893021477,lo_A_model_1_relaxed_repeat097,lo_A_model_1_relaxed_repeat020
2.63,0.29299482434993834,3.08,0.3233472114774507,lo_A_model_1_relaxed_repeat097,lo_A_model_1_relaxed_repeat096
2.643,0.3119543994774909,3.08,0.3595167635735709,lo_A_model_1_relaxed_repeat097,lo_A_model_1_relaxed_repeat024
2.672,0.2935532161312518,2.9699999999999998,0.34142594192554043,lo_A_model_1_relaxed_repeat097,lo_A_model_1_relaxed_repeat025
2.683,0.35911090655197037,3.01,0.41718310770032474,lo_A_model_1_relaxed_repeat097,lo_A_model_1_relaxed_repeat098
2.686,0.3131649704428105,2.91,0.351497023269996,lo_A_model_1_relaxed_repeat097,lo_A_model_1_relaxed_repeat001
2.691,0.32441824591607327,2.99,0.3686880812930541,lo_A_model_1_relaxed_repeat097,lo_A_model_1_relaxed_repeat031
2.75,0.29608401883396174,3.05,0.34166963605255607,lo_A_model_1_relaxed_repeat097,lo_A_model_1_relaxed_repeat082
2.7750000000000004,0.3007023537975703,3.06,0.33271235433871965,lo_A_model_1_relaxed_repeat097,lo_A_model_1_relaxed_repeat075
2.7800000000000002,0.3326929536834454,2.92,0.3621198909900473,lo_A_model_1_relaxed_repeat097,lo_A_model_1_relaxed_repeat013
2.784,0.32156614646479414,2.9299999999999997,0.3480965202506146,lo_A_model_1_relaxed_repeat097,lo_A_model_1_relaxed_repeat030
2.803,0.33817782439952165,2.95,0.4085679306237724,lo_A_model_1_relaxed_repeat097,lo_A_model_1_relaxed_repeat095
2.811,0.29544132939218,3.08,0.3445025440562527,lo_A_model_1_relaxed_repeat097,lo_A_model_1_relaxed_repeat038
2.8289999999999997,0.3188971437140126,2.99,0.3673136443214723,lo_A_model_1_relaxed_repeat097,lo_A_model_1_relaxed_repeat023
2.851,0.29085960508679204,2.91,0.3351085063315116,lo_A_model_1_relaxed_repeat097,lo_A_model_1_relaxed_repeat076
2.8520000000000003,0.2792007092603852,2.9,0.3209015376289846,lo_A_model_1_relaxed_repeat097,lo_A_model_1_relaxed_repeat033
2.8600000000000003,0.31239977460017987,3.0700000000000003,0.3672658129969088,lo_A_model_1_relaxed_repeat097,lo_A_model_1_relaxed_repeat064
2.8739999999999997,0.26639757256151314,2.88,0.3369698347447394,lo_A_model_1_relaxed_repeat097,lo_A_model_1_relaxed_repeat056
2.883,0.3442067993865314,3.04,0.39987605375803476,lo_A_model_1_relaxed_repeat097,lo_A_model_1_relaxed_repeat028
2.891,0.3111332164808364,2.95,0.34977454418476006,lo_A_model_1_relaxed_repeat097,lo_A_model_1_relaxed_repeat059
2.894,0.2959437390950941,3.08,0.33505133806870685,lo_A_model_1_relaxed_repeat097,lo_A_model_1_relaxed_repeat043
2.895,0.3395866961136674,3.06,0.3757723567421629,lo_A_model_1_relaxed_repeat097,lo_A_model_1_relaxed_repeat073
2.901,0.3151598390934294,2.9,0.3569067553938699,lo_A_model_1_relaxed_repeat097,lo_A_model_1_relaxed_repeat086
2.9130000000000003,0.31543856882283977,2.9299999999999997,0.3580306570101008,lo_A_model_1_relaxed_repeat097,lo_A_model_1_relaxed_repeat039
2.914,0.33988919552708863,3.08,0.39101178318853086,lo_A_model_1_relaxed_repeat097,lo_A_model_1_relaxed_repeat012
2.939,0.3210022243537531,2.84,0.3425004411930786,lo_A_model_1_relaxed_repeat097,lo_A_model_1_relaxed_repeat089
2.943,0.2773532781771178,3.08,0.32326942128982544,lo_A_model_1_relaxed_repeat097,lo_A_model_1_relaxed_repeat037
2.9619999999999997,0.33336923469038704,3.08,0.3984463388946381,lo_A_model_1_relaxed_repeat097,lo_A_model_1_relaxed_repeat041
3.002,0.35502187967795945,2.98,0.3944129844325415,lo_A_model_1_relaxed_repeat097,lo_A_model_1_relaxed_repeat093
2.06,0.2626359725499407,3.01,0.318371122550114,lo_A_model_1_relaxed_repeat049,lo_A_model_1_relaxed_repeat063
2.1189999999999998,0.2713369527304092,3.02,0.31766602341460093,lo_A_model_1_relaxed_repeat049,lo_A_model_1_relaxed_repeat032
2.149,0.28102045247049884,3.06,0.3121238336840813,lo_A_model_1_relaxed_repeat049,lo_A_model_1_relaxed_repeat096
2.158,0.3005318713921381,3.0700000000000003,0.35113370444562997,lo_A_model_1_relaxed_repeat049,lo_A_model_1_relaxed_repeat020
2.167,0.2873245143351178,3.05,0.33456922530861255,lo_A_model_1_relaxed_repeat049,lo_A_model_1_relaxed_repeat014
2.206,0.3213345837835327,2.87,0.3537653983666931,lo_A_model_1_relaxed_repeat049,lo_A_model_1_relaxed_repeat039
2.258,0.33186401803506893,2.99,0.36837511981460735,lo_A_model_1_relaxed_repeat049,lo_A_model_1_relaxed_repeat031
2.318,0.31242531353574937,2.77,0.35414253978242705,lo_A_model_1_relaxed_repeat049,lo_A_model_1_relaxed_repeat075
2.32,0.32866360867625316,3.0700000000000003,0.37382315098416663,lo_A_model_1_relaxed_repeat049,lo_A_model_1_relaxed_repeat089
2.347,0.3513138438508493,3.01,0.3947167181076171,lo_A_model_1_relaxed_repeat049,lo_A_model_1_relaxed_repeat098
2.347,0.30601429646725037,2.88,0.3401352503858997,lo_A_model_1_relaxed_repeat049,lo_A_model_1_relaxed_repeat076
2.3499999999999996,0.324823254239891,2.9699999999999998,0.36528155601470047,lo_A_model_1_relaxed_repeat049,lo_A_model_1_relaxed_repeat023
2.358,0.29879488182029296,2.91,0.3382982743979905,lo_A_model_1_relaxed_repeat049,lo_A_model_1_relaxed_repeat056
2.374,0.3001001120513268,3.01,0.3411718843185928,lo_A_model_1_relaxed_repeat049,lo_A_model_1_relaxed_repeat094
2.3760000000000003,0.28893899886373536,3.06,0.3379436256751676,lo_A_model_1_relaxed_repeat049,lo_A_model_1_relaxed_repeat037
2.3840000000000003,0.30933770176605624,3.04,0.37001906148943486,lo_A_model_1_relaxed_repeat049,lo_A_model_1_relaxed_repeat099
2.391,0.2917264739825949,2.84,0.30570896049423607,lo_A_model_1_relaxed_repeat049,lo_A_model_1_relaxed_repeat057
2.4090000000000003,0.32069802400968983,2.8200000000000003,0.3529616772917759,lo_A_model_1_relaxed_repeat049,lo_A_model_1_relaxed_repeat030
2.438,0.3453133312074486,2.9299999999999997,0.3969961964192953,lo_A_model_1_relaxed_repeat049,lo_A_model_1_relaxed_repeat095
2.439,0.3117324326808515,2.9,0.332906221355885,lo_A_model_1_relaxed_repeat049,lo_A_model_1_relaxed_repeat070
2.444,0.30926899736713825,2.89,0.3475090184192197,lo_A_model_1_relaxed_repeat049,lo_A_model_1_relaxed_repeat001
2.452,0.28406684165760643,2.6100000000000003,0.30653063475437237,lo_A_model_1_relaxed_repeat049,lo_A_model_1_relaxed_repeat011
2.4619999999999997,0.29769063355221814,3.06,0.33498032312549186,lo_A_model_1_relaxed_repeat049,lo_A_model_1_relaxed_repeat054
2.466,0.34480885169323683,3.06,0.3871237616925016,lo_A_model_1_relaxed_repeat049,lo_A_model_1_relaxed_repeat012
2.49,0.29071282281746835,3.0,0.34458600318475513,lo_A_model_1_relaxed_repeat049,lo_A_model_1_relaxed_repeat048
2.4930000000000003,0.28165913103327683,3.06,0.3092797947107263,lo_A_model_1_relaxed_repeat049,lo_A_model_1_relaxed_repeat051
2.4989999999999997,0.30158939627993864,3.06,0.32902743927215466,lo_A_model_1_relaxed_repeat049,lo_A_model_1_relaxed_repeat043
2.519,0.3210279586182367,3.0,0.35962554042727674,lo_A_model_1_relaxed_repeat049,lo_A_model_1_relaxed_repeat079
2.5300000000000002,0.3574618928838311,3.01,0.41943094496778194,lo_A_model_1_relaxed_repeat049,lo_A_model_1_relaxed_repeat067
2.5709999999999997,0.3162779834323055,3.05,0.36546390062623724,lo_A_model_1_relaxed_repeat049,lo_A_model_1_relaxed_repeat061
2.576,0.2941637676100425,2.83,0.34551485499390505,lo_A_model_1_relaxed_repeat049,lo_A_model_1_relaxed_repeat065
2.588,0.33596665223844613,2.96,0.3763477830293812,lo_A_model_1_relaxed_repeat049,lo_A_model_1_relaxed_repeat092
2.593,0.3187948735279423,2.9,0.3513663092298443,lo_A_model_1_relaxed_repeat049,lo_A_model_1_relaxed_repeat084
2.6020000000000003,0.32791006740155204,2.8899999999999997,0.36029935098137017,lo_A_model_1_relaxed_repeat049,lo_A_model_1_relaxed_repeat086
2.609,0.29535345959446724,3.06,0.3241207320228662,lo_A_model_1_relaxed_repeat049,lo_A_model_1_relaxed_repeat038
2.6420000000000003,0.2975021996528484,3.0300000000000002,0.3206455844761673,lo_A_model_1_relaxed_repeat049,lo_A_model_1_relaxed_repeat058
2.648,0.31616082903171294,2.99,0.35145078430860016,lo_A_model_1_relaxed_repeat049,lo_A_model_1_relaxed_repeat016
2.665,0.31911550014382845,2.87,0.35591277805018345,lo_A_model_1_relaxed_repeat049,lo_A_model_1_relaxed_repeat035
2.665,0.31464047925753386,3.06,0.35319793880642925,lo_A_model_1_relaxed_repeat049,lo_A_model_1_relaxed_repeat024
2.684,0.296944943669387,2.92,0.3332595340336424,lo_A_model_1_relaxed_repeat049,lo_A_model_1_relaxed_repeat033
2.686,0.3112955355341459,2.98,0.3411502884555496,lo_A_model_1_relaxed_repeat049,lo_A_model_1_relaxed_repeat018
2.7199999999999998,0.3257173634585192,3.06,0.35986637163860924,lo_A_model_1_relaxed_repeat049,lo_A_model_1_relaxed_repeat041
2.738,0.32324326400610714,2.9299999999999997,0.3460564674786964,lo_A_model_1_relaxed_repeat049,lo_A_model_1_relaxed_repeat025
2.741,0.3444801229079609,2.8600000000000003,0.3636040387505454,lo_A_model_1_relaxed_repeat049,lo_A_model_1_relaxed_repeat013
2.7439999999999998,0.351785678591916,3.08,0.40453795682501814,lo_A_model_1_relaxed_repeat049,lo_A_model_1_relaxed_repeat028
2.766,0.3200104826609209,3.0300000000000002,0.3596454302215671,lo_A_model_1_relaxed_repeat049,lo_A_model_1_relaxed_repeat036
2.768,0.303239879172344,2.8600000000000003,0.33327588918473255,lo_A_model_1_relaxed_repeat049,lo_A_model_1_relaxed_repeat026
2.7880000000000003,0.3289176106012908,3.0300000000000002,0.378211399432836,lo_A_model_1_relaxed_repeat049,lo_A_model_1_relaxed_repeat003
2.803,0.36148340141600516,2.94,0.39633189369148875,lo_A_model_1_relaxed_repeat049,lo_A_model_1_relaxed_repeat093
2.8040000000000003,0.32443693096584286,2.75,0.3529298989754822,lo_A_model_1_relaxed_repeat049,lo_A_model_1_relaxed_repeat059
2.8360000000000003,0.3473873148158879,3.0,0.40007982036206746,lo_A_model_1_relaxed_repeat049,lo_A_model_1_relaxed_repeat064
2.9690000000000003,0.3670896625005059,3.04,0.39422519580457194,lo_A_model_1_relaxed_repeat049,lo_A_model_1_relaxed_repeat073
2.9749999999999996,0.3303816395533114,3.0300000000000002,0.3716383708443385,lo_A_model_1_relaxed_repeat049,lo_A_model_1_relaxed_repeat082
2.084,0.2587750372148573,2.9699999999999998,0.309570425517026,lo_A_model_1_relaxed_repeat014,lo_A_model_1_relaxed_repeat032
2.1189999999999998,0.3014577710006985,2.95,0.37427094605199485,lo_A_model_1_relaxed_repeat014,lo_A_model_1_relaxed_repeat065
2.263,0.2992458508585877,2.92,0.3507146597052779,lo_A_model_1_relaxed_repeat014,lo_A_model_1_relaxed_repeat070
2.266,0.24554797671700335,3.05,0.32266012537854594,lo_A_model_1_relaxed_repeat014,lo_A_model_1_relaxed_repeat057
2.281,0.3090582001849711,3.09,0.36461510856830986,lo_A_model_1_relaxed_repeat014,lo_A_model_1_relaxed_repeat020
2.3289999999999997,0.30865510380428657,3.02,0.35815003130157086,lo_A_model_1_relaxed_repeat014,lo_A_model_1_relaxed_repeat079
2.33,0.27422280030298096,2.95,0.33989011941524383,lo_A_model_1_relaxed_repeat014,lo_A_model_1_relaxed_repeat063
2.3449999999999998,0.3109359354224805,2.84,0.36715513048660003,lo_A_model_1_relaxed_repeat014,lo_A_model_1_relaxed_repeat099
2.374,0.26930455181987045,2.6799999999999997,0.3187594875022158,lo_A_model_1_relaxed_repeat014,lo_A_model_1_relaxed_repeat094
2.386,0.3100938004749369,3.08,0.3595224936802824,lo_A_model_1_relaxed_repeat014,lo_A_model_1_relaxed_repeat051
2.399,0.2881994629975965,2.96,0.35960911062757006,lo_A_model_1_relaxed_repeat014,lo_A_model_1_relaxed_repeat048
2.402,0.34559882512185713,3.0300000000000002,0.4226017920905111,lo_A_model_1_relaxed_repeat014,lo_A_model_1_relaxed_repeat067
2.407,0.28872298875327,3.02,0.3527009619018162,lo_A_model_1_relaxed_repeat014,lo_A_model_1_relaxed_repeat011
2.431,0.3013229755964812,3.08,0.3652524162971036,lo_A_model_1_relaxed_repeat014,lo_A_model_1_relaxed_repeat054
2.4779999999999998,0.3125096581054031,3.01,0.35748993803181567,lo_A_model_1_relaxed_repeat014,lo_A_model_1_relaxed_repeat036
2.481,0.34189771998347673,2.94,0.41110326456314816,lo_A_model_1_relaxed_repeat014,lo_A_model_1_relaxed_repeat028
2.509,0.2903501127653176,2.8899999999999997,0.3544183007446401,lo_A_model_1_relaxed_repeat014,lo_A_model_1_relaxed_repeat056
2.551,0.3511719883178512,2.88,0.42430486785680577,lo_A_model_1_relaxed_repeat014,lo_A_model_1_relaxed_repeat061
2.577,0.2992566120999681,3.01,0.356604596633984,lo_A_model_1_relaxed_repeat014,lo_A_model_1_relaxed_repeat016
2.583,0.3747276989425689,3.01,0.4374545960498646,lo_A_model_1_relaxed_repeat014,lo_A_model_1_relaxed_repeat098
2.584,0.31713904605874393,3.0,0.37429621129678853,lo_A_model_1_relaxed_repeat014,lo_A_model_1_relaxed_repeat092
2.597,0.29028922679481756,3.08,0.33957623174683765,lo_A_model_1_relaxed_repeat014,lo_A_model_1_relaxed_repeat096
2.61,0.28719115625119523,3.08,0.34939665961636346,lo_A_model_1_relaxed_repeat014,lo_A_model_1_relaxed_repeat024
2.622,0.3101408858869021,2.71,0.35969797376674606,lo_A_model_1_relaxed_repeat014,lo_A_model_1_relaxed_repeat075
2.6310000000000002,0.2879055062752947,3.0,0.35775600096039756,lo_A_model_1_relaxed_repeat014,lo_A_model_1_relaxed_repeat030
2.6420000000000003,0.2882871745202115,3.05,0.3470240537028446,lo_A_model_1_relaxed_repeat014,lo_A_model_1_relaxed_repeat058
2.6500000000000004,0.3373638870339831,2.92,0.4080118935684058,lo_A_model_1_relaxed_repeat014,lo_A_model_1_relaxed_repeat095
2.6580000000000004,0.30001264732520644,3.08,0.3531159884337633,lo_A_model_1_relaxed_repeat014,lo_A_model_1_relaxed_repeat038
2.665,0.28332466097979064,2.8499999999999996,0.33590277222602277,lo_A_model_1_relaxed_repeat014,lo_A_model_1_relaxed_repeat035
2.6710000000000003,0.31223263354989816,2.94,0.3718259087769009,lo_A_model_1_relaxed_repeat014,lo_A_model_1_relaxed_repeat025
2.676,0.310432553913612,3.01,0.37266464998008364,lo_A_model_1_relaxed_repeat014,lo_A_model_1_relaxed_repeat023
2.677,0.3186640626670652,2.84,0.36037982665011403,lo_A_model_1_relaxed_repeat014,lo_A_model_1_relaxed_repeat001
2.681,0.3403430088342859,3.06,0.37404761273818593,lo_A_model_1_relaxed_repeat014,lo_A_model_1_relaxed_repeat073
2.686,0.2935612294258754,2.88,0.3374628469986509,lo_A_model_1_relaxed_repeat014,lo_A_model_1_relaxed_repeat018
2.687,0.31271033276413096,3.05,0.3688176600714012,lo_A_model_1_relaxed_repeat014,lo_A_model_1_relaxed_repeat082
2.692,0.32273993126539247,3.0,0.3669569406352748,lo_A_model_1_relaxed_repeat014,lo_A_model_1_relaxed_repeat084
2.698,0.30905276158296996,2.88,0.35098732598812143,lo_A_model_1_relaxed_repeat014,lo_A_model_1_relaxed_repeat076
2.699,0.3110549753837989,2.9,0.36348004020584135,lo_A_model_1_relaxed_repeat014,lo_A_model_1_relaxed_repeat033
2.732,0.3291271775447439,2.99,0.381595775912894,lo_A_model_1_relaxed_repeat014,lo_A_model_1_relaxed_repeat031
2.741,0.32297743535456425,2.8,0.3635982549286017,lo_A_model_1_relaxed_repeat014,lo_A_model_1_relaxed_repeat013
2.741,0.28923206497652804,3.08,0.3478380808251204,lo_A_model_1_relaxed_repeat014,lo_A_model_1_relaxed_repeat043
2.748,0.30952802549912156,2.8499999999999996,0.3506871652053595,lo_A_model_1_relaxed_repeat014,lo_A_model_1_relaxed_repeat086
2.76,0.30226012681667624,2.98,0.358638978673987,lo_A_model_1_relaxed_repeat014,lo_A_model_1_relaxed_repeat039
2.761,0.35673776249145617,3.08,0.41283236057740696,lo_A_model_1_relaxed_repeat014,lo_A_model_1_relaxed_repeat012
2.786,0.3173695115586133,3.01,0.3520484506257382,lo_A_model_1_relaxed_repeat014,lo_A_model_1_relaxed_repeat089
2.7880000000000003,0.3113794138055967,2.7800000000000002,0.37476844543892646,lo_A_model_1_relaxed_repeat014,lo_A_model_1_relaxed_repeat003
2.79,0.30858930951288094,3.08,0.35709714238385115,lo_A_model_1_relaxed_repeat014,lo_A_model_1_relaxed_repeat037
2.81,0.3251881797013131,2.92,0.3811437872407439,lo_A_model_1_relaxed_repeat014,lo_A_model_1_relaxed_repeat064
2.834,0.3034926192794176,3.05,0.34425694898458825,lo_A_model_1_relaxed_repeat014,lo_A_model_1_relaxed_repeat026
2.864,0.3386255797511502,3.06,0.36901031462994416,lo_A_model_1_relaxed_repeat014,lo_A_model_1_relaxed_repeat093
2.865,0.31399763173067874,2.7800000000000002,0.368898604304097,lo_A_model_1_relaxed_repeat014,lo_A_model_1_relaxed_repeat059
2.9530000000000003,0.3285883296997603,3.08,0.36808396908527263,lo_A_model_1_relaxed_repeat014,lo_A_model_1_relaxed_repeat041
2.037,0.2679527209380098,2.9699999999999998,0.315952496384168,lo_A_model_1_relaxed_repeat032,lo_A_model_1_relaxed_repeat048
2.233,0.29585487394627835,2.99,0.337177801484647,lo_A_model_1_relaxed_repeat032,lo_A_model_1_relaxed_repeat092
2.261,0.2597537311731423,2.98,0.32416363165203604,lo_A_model_1_relaxed_repeat032,lo_A_model_1_relaxed_repeat063
2.268,0.27042964914355905,2.9299999999999997,0.29678887068506776,lo_A_model_1_relaxed_repeat032,lo_A_model_1_relaxed_repeat094
2.35,0.2945073901640336,3.1,0.3428522123087126,lo_A_model_1_relaxed_repeat032,lo_A_model_1_relaxed_repeat020
2.37,0.28317115597556525,3.0300000000000002,0.33060217309123463,lo_A_model_1_relaxed_repeat032,lo_A_model_1_relaxed_repeat079
2.387,0.28258473149146435,3.09,0.3029842038026639,lo_A_model_1_relaxed_repeat032,lo_A_model_1_relaxed_repeat070
2.447,0.3029808664525495,2.74,0.34392200599681,lo_A_model_1_relaxed_repeat032,lo_A_model_1_relaxed_repeat025
2.455,0.3361166860027066,2.9299999999999997,0.4029439944470499,lo_A_model_1_relaxed_repeat032,lo_A_model_1_relaxed_repeat061
2.463,0.2771518938164879,3.04,0.31526730942939485,lo_A_model_1_relaxed_repeat032,lo_A_model_1_relaxed_repeat057
2.471,0.29364247138557903,3.02,0.32737216159722743,lo_A_model_1_relaxed_repeat032,lo_A_model_1_relaxed_repeat016
2.4850000000000003,0.28630382833156537,3.09,0.3319671717916598,lo_A_model_1_relaxed_repeat032,lo_A_model_1_relaxed_repeat054
2.499,0.356426590948734,3.02,0.40510416541363686,lo_A_model_1_relaxed_repeat032,lo_A_model_1_relaxed_repeat098
2.518,0.2972150279146596,2.91,0.34828958730307774,lo_A_model_1_relaxed_repeat032,lo_A_model_1_relaxed_repeat099
2.52,0.32484413782145904,3.04,0.3880848763410334,lo_A_model_1_relaxed_repeat032,lo_A_model_1_relaxed_repeat067
2.559,0.30183704070513095,3.05,0.34204304960420767,lo_A_model_1_relaxed_repeat032,lo_A_model_1_relaxed_repeat035
2.559,0.2817257963347655,2.94,0.33423621640210166,lo_A_model_1_relaxed_repeat032,lo_A_model_1_relaxed_repeat065
2.569,0.30679045194073895,3.01,0.33008001804391934,lo_A_model_1_relaxed_repeat032,lo_A_model_1_relaxed_repeat084
2.5789999999999997,0.2988670959785557,3.09,0.33125248939599583,lo_A_model_1_relaxed_repeat032,lo_A_model_1_relaxed_repeat051
2.5860000000000003,0.30067715850737425,2.91,0.33378301570582747,lo_A_model_1_relaxed_repeat032,lo_A_model_1_relaxed_repeat018
2.636,0.3133211756080433,2.91,0.35262181713947705,lo_A_model_1_relaxed_repeat032,lo_A_model_1_relaxed_repeat001
2.6470000000000002,0.3194249836372757,3.04,0.3861827048756383,lo_A_model_1_relaxed_repeat032,lo_A_model_1_relaxed_repeat028
2.662,0.2956850497419773,3.01,0.34140147075638216,lo_A_model_1_relaxed_repeat032,lo_A_model_1_relaxed_repeat075
2.6660000000000004,0.28875629219187693,3.06,0.3328418837818158,lo_A_model_1_relaxed_repeat032,lo_A_model_1_relaxed_repeat058
2.667,0.3301457821661778,2.86,0.35655593055872054,lo_A_model_1_relaxed_repeat032,lo_A_model_1_relaxed_repeat013
2.682,0.311272332451711,2.95,0.3566009860238615,lo_A_model_1_relaxed_repeat032,lo_A_model_1_relaxed_repeat003
2.69,0.25756306893230146,2.7,0.3017588877287942,lo_A_model_1_relaxed_repeat032,lo_A_model_1_relaxed_repeat056
2.6900000000000004,0.32364293276017636,3.02,0.3747381727822778,lo_A_model_1_relaxed_repeat032,lo_A_model_1_relaxed_repeat095
2.6980000000000004,0.2765205945293325,3.09,0.3130761127274245,lo_A_model_1_relaxed_repeat032,lo_A_model_1_relaxed_repeat038
2.708,0.33067241157499677,2.91,0.35954692519379033,lo_A_model_1_relaxed_repeat032,lo_A_model_1_relaxed_repeat093
2.716,0.305622283640298,3.02,0.3526385319157599,lo_A_model_1_relaxed_repeat032,lo_A_model_1_relaxed_repeat023
2.7199999999999998,0.3082101757670437,3.0,0.3498643513959123,lo_A_model_1_relaxed_repeat032,lo_A_model_1_relaxed_repeat031
2.738,0.28411765581570053,2.58,0.31479943429753593,lo_A_model_1_relaxed_repeat032,lo_A_model_1_relaxed_repeat076
2.7489999999999997,0.2796906839418039,2.83,0.30677117706636625,lo_A_model_1_relaxed_repeat032,lo_A_model_1_relaxed_repeat033
2.755,0.2779514459302321,2.91,0.3142769251692659,lo_A_model_1_relaxed_repeat032,lo_A_model_1_relaxed_repeat026
2.778,0.3094142442342467,2.8499999999999996,0.344198224486455,lo_A_model_1_relaxed_repeat032,lo_A_model_1_relaxed_repeat059
2.781,0.298383531074681,3.09,0.33508626352884485,lo_A_model_1_relaxed_repeat032,lo_A_model_1_relaxed_repeat043
2.782,0.2981297578296681,2.9299999999999997,0.32752118825408044,lo_A_model_1_relaxed_repeat032,lo_A_model_1_relaxed_repeat030
2.7880000000000003,0.28902589049964544,3.0300000000000002,0.3297825181828148,lo_A_model_1_relaxed_repeat032,lo_A_model_1_relaxed_repeat011
2.7880000000000003,0.3135978936675635,3.05,0.33837455438580777,lo_A_model_1_relaxed_repeat032,lo_A_model_1_relaxed_repeat086
2.79,0.2947639830821613,3.09,0.32924841798241017,lo_A_model_1_relaxed_repeat032,lo_A_model_1_relaxed_repeat096
2.8,0.31006082102141663,3.04,0.34679761200300546,lo_A_model_1_relaxed_repeat032,lo_A_model_1_relaxed_repeat039
2.801,0.3444838111397095,3.09,0.3936742660549889,lo_A_model_1_relaxed_repeat032,lo_A_model_1_relaxed_repeat012
2.803,0.31153424849096867,3.09,0.3576457754752705,lo_A_model_1_relaxed_repeat032,lo_A_model_1_relaxed_repeat024
2.826,0.33440962434213317,3.09,0.3654405302041357,lo_A_model_1_relaxed_repeat032,lo_A_model_1_relaxed_repeat089
2.83,0.2796546649290784,3.09,0.3188345192161238,lo_A_model_1_relaxed_repeat032,lo_A_model_1_relaxed_repeat037
2.831,0.28876584313285547,3.06,0.327965942612325,lo_A_model_1_relaxed_repeat032,lo_A_model_1_relaxed_repeat036
2.901,0.28211527742537346,3.04,0.3221620452580721,lo_A_model_1_relaxed_repeat032,lo_A_model_1_relaxed_repeat064
2.912,0.3143642884704339,3.09,0.34915274520613254,lo_A_model_1_relaxed_repeat032,lo_A_model_1_relaxed_repeat041
3.034,0.3435035814129027,3.0700000000000003,0.37055037749322556,lo_A_model_1_relaxed_repeat032,lo_A_model_1_relaxed_repeat073
3.04,0.3029885643058877,3.06,0.3413136282759951,lo_A_model_1_relaxed_repeat032,lo_A_model_1_relaxed_repeat082
2.128,0.27779332330368023,2.8899999999999997,0.3152309596786365,lo_A_model_1_relaxed_repeat086,lo_A_model_1_relaxed_repeat026
2.2560000000000002,0.2737871117245934,2.75,0.29134933483193337,lo_A_model_1_relaxed_repeat086,lo_A_model_1_relaxed_repeat065
2.311,0.2980112762026294,2.99,0.34150596381180104,lo_A_model_1_relaxed_repeat086,lo_A_model_1_relaxed_repeat038
2.322,0.29830794498792423,2.99,0.3532056346021894,lo_A_model_1_relaxed_repeat086,lo_A_model_1_relaxed_repeat043
2.349,0.31543311051679473,2.87,0.3542534918397936,lo_A_model_1_relaxed_repeat086,lo_A_model_1_relaxed_repeat035
2.35,0.22492406094118036,2.84,0.24610336639873437,lo_A_model_1_relaxed_repeat086,lo_A_model_1_relaxed_repeat013
2.377,0.26649588057487167,3.0,0.3040945658954679,lo_A_model_1_relaxed_repeat086,lo_A_model_1_relaxed_repeat095
2.407,0.2877079448267845,2.87,0.32370468181668755,lo_A_model_1_relaxed_repeat086,lo_A_model_1_relaxed_repeat075
2.41,0.3169178296177319,2.95,0.3613479770457024,lo_A_model_1_relaxed_repeat086,lo_A_model_1_relaxed_repeat011
2.436,0.31867917098553616,2.8200000000000003,0.35303272228547294,lo_A_model_1_relaxed_repeat086,lo_A_model_1_relaxed_repeat033
2.456,0.2362573613086631,2.67,0.25345944079062066,lo_A_model_1_relaxed_repeat086,lo_A_model_1_relaxed_repeat059
2.461,0.30998638809009743,2.95,0.34949618347039496,lo_A_model_1_relaxed_repeat086,lo_A_model_1_relaxed_repeat057
2.4690000000000003,0.2728870796245898,2.9299999999999997,0.2946733600570719,lo_A_model_1_relaxed_repeat086,lo_A_model_1_relaxed_repeat079
2.471,0.2944723420440338,2.99,0.3311651084300516,lo_A_model_1_relaxed_repeat086,lo_A_model_1_relaxed_repeat037
2.496,0.30000725694608577,2.87,0.30888622662953197,lo_A_model_1_relaxed_repeat086,lo_A_model_1_relaxed_repeat001
2.503,0.24003143451745917,2.8099999999999996,0.26545013999626055,lo_A_model_1_relaxed_repeat086,lo_A_model_1_relaxed_repeat076
2.599,0.2794868714302334,2.8,0.2867431943631633,lo_A_model_1_relaxed_repeat086,lo_A_model_1_relaxed_repeat003
2.625,0.258712350139009,2.96,0.28310439290451,lo_A_model_1_relaxed_repeat086,lo_A_model_1_relaxed_repeat023
2.6319999999999997,0.35489407152397073,2.99,0.40946998087289804,lo_A_model_1_relaxed_repeat086,lo_A_model_1_relaxed_repeat067
2.638,0.33693307834745523,2.99,0.3708736158217951,lo_A_model_1_relaxed_repeat086,lo_A_model_1_relaxed_repeat041
2.654,0.27124913454237176,3.05,0.2848741910405891,lo_A_model_1_relaxed_repeat086,lo_A_model_1_relaxed_repeat048
2.6550000000000002,0.2831401625435845,2.86,0.29803553282602996,lo_A_model_1_relaxed_repeat086,lo_A_model_1_relaxed_repeat056
2.683,0.26262421681193093,2.95,0.28511825220358666,lo_A_model_1_relaxed_repeat086,lo_A_model_1_relaxed_repeat070
2.752,0.3125350040481302,2.96,0.3493055034836246,lo_A_model_1_relaxed_repeat086,lo_A_model_1_relaxed_repeat058
2.7800000000000002,0.291823615078692,2.9699999999999998,0.29866258874694085,lo_A_model_1_relaxed_repeat086,lo_A_model_1_relaxed_repeat084
2.81,0.3153022847335966,2.98,0.3483631046001256,lo_A_model_1_relaxed_repeat086,lo_A_model_1_relaxed_repeat036
2.824,0.29879126019243263,2.86,0.3310156477938865,lo_A_model_1_relaxed_repeat086,lo_A_model_1_relaxed_repeat030
2.8289999999999997,0.29440359634240526,2.9299999999999997,0.32673627765509666,lo_A_model_1_relaxed_repeat086,lo_A_model_1_relaxed_repeat039
2.841,0.24298267363181406,2.92,0.2565220223014157,lo_A_model_1_relaxed_repeat086,lo_A_model_1_relaxed_repeat016
2.8419999999999996,0.36391759942361024,3.0,0.40106945730773563,lo_A_model_1_relaxed_repeat086,lo_A_model_1_relaxed_repeat073
2.843,0.33088314003665253,2.99,0.3846550579296262,lo_A_model_1_relaxed_repeat086,lo_A_model_1_relaxed_repeat012
2.875,0.2629409894795748,2.92,0.26792174246566275,lo_A_model_1_relaxed_repeat086,lo_A_model_1_relaxed_repeat031
2.886,0.2815648953115727,2.8899999999999997,0.30221537763294815,lo_A_model_1_relaxed_repeat086,lo_A_model_1_relaxed_repeat025
2.889,0.3106940258234835,3.05,0.3507687857530303,lo_A_model_1_relaxed_repeat086,lo_A_model_1_relaxed_repeat024
2.892,0.3601149895831339,2.94,0.40496334103503784,lo_A_model_1_relaxed_repeat086,lo_A_model_1_relaxed_repeat093
2.899,0.30879210334807583,3.06,0.3426500277073384,lo_A_model_1_relaxed_repeat086,lo_A_model_1_relaxed_repeat089
2.927,0.37795998531685243,2.99,0.40727367395102054,lo_A_model_1_relaxed_repeat086,lo_A_model_1_relaxed_repeat098
2.927,0.2611341446227202,2.8899999999999997,0.28620320521984305,lo_A_model_1_relaxed_repeat086,lo_A_model_1_relaxed_repeat092
2.933,0.3572297910381359,3.0,0.41015147765293614,lo_A_model_1_relaxed_repeat086,lo_A_model_1_relaxed_repeat061
2.935,0.3177753820219091,2.99,0.35328946740958256,lo_A_model_1_relaxed_repeat086,lo_A_model_1_relaxed_repeat096
2.9459999999999997,0.3135258286129537,2.89,0.3521043219061748,lo_A_model_1_relaxed_repeat086,lo_A_model_1_relaxed_repeat018
2.957,0.33942410412440965,3.0,0.375616308049418,lo_A_model_1_relaxed_repeat086,lo_A_model_1_relaxed_repeat020
2.9699999999999998,0.32407751814687846,2.9299999999999997,0.3703966863961881,lo_A_model_1_relaxed_repeat086,lo_A_model_1_relaxed_repeat063
2.982,0.30012948612328894,2.91,0.3460517546282043,lo_A_model_1_relaxed_repeat086,lo_A_model_1_relaxed_repeat099
2.9829999999999997,0.3323832818687009,2.99,0.3768516896529423,lo_A_model_1_relaxed_repeat086,lo_A_model_1_relaxed_repeat054
2.988,0.3220466879844815,3.0,0.36050191525328623,lo_A_model_1_relaxed_repeat086,lo_A_model_1_relaxed_repeat051
2.993,0.3133407388100008,2.96,0.35575923767786133,lo_A_model_1_relaxed_repeat086,lo_A_model_1_relaxed_repeat082
2.998,0.29640722191221447,2.87,0.32065540000253673,lo_A_model_1_relaxed_repeat086,lo_A_model_1_relaxed_repeat094
3.05,0.32343047004827935,2.8899999999999997,0.3787131285848404,lo_A_model_1_relaxed_repeat086,lo_A_model_1_relaxed_repeat064
3.073,0.3600221297442414,3.04,0.4160009560349969,lo_A_model_1_relaxed_repeat086,lo_A_model_1_relaxed_repeat028
2.0140000000000002,0.20747285600765078,2.9299999999999997,0.22941425694048234,lo_A_model_1_relaxed_repeat048,lo_A_model_1_relaxed_repeat056
2.068,0.27998540938890437,2.9699999999999998,0.35155131372284404,lo_A_model_1_relaxed_repeat048,lo_A_model_1_relaxed_repeat011
2.08,0.283106703269876,3.0,0.3294233049997633,lo_A_model_1_relaxed_repeat048,lo_A_model_1_relaxed_repeat057
2.162,0.24786550358689166,2.9299999999999997,0.2839069847074306,lo_A_model_1_relaxed_repeat048,lo_A_model_1_relaxed_repeat076
2.247,0.2761274187020992,3.04,0.3379972149448032,lo_A_model_1_relaxed_repeat048,lo_A_model_1_relaxed_repeat063
2.317,0.2949772518568484,3.02,0.3267104434770445,lo_A_model_1_relaxed_repeat048,lo_A_model_1_relaxed_repeat095
2.34,0.26385757418798167,2.98,0.2932466870339139,lo_A_model_1_relaxed_repeat048,lo_A_model_1_relaxed_repeat084
2.343,0.2451628713251557,3.09,0.25687535874129547,lo_A_model_1_relaxed_repeat048,lo_A_model_1_relaxed_repeat070
2.349,0.2676200470004243,2.95,0.2908259659818401,lo_A_model_1_relaxed_repeat048,lo_A_model_1_relaxed_repeat092
2.352,0.2714961846042215,2.9699999999999998,0.3225801294471857,lo_A_model_1_relaxed_repeat048,lo_A_model_1_relaxed_repeat094
2.358,0.3181555809296467,2.98,0.3957669796053263,lo_A_model_1_relaxed_repeat048,lo_A_model_1_relaxed_repeat067
2.3609999999999998,0.3098003921490086,3.0,0.350571207707963,lo_A_model_1_relaxed_repeat048,lo_A_model_1_relaxed_repeat051
2.364,0.30799962376656137,2.96,0.37273884815918856,lo_A_model_1_relaxed_repeat048,lo_A_model_1_relaxed_repeat099
2.441,0.3601408264532053,2.77,0.3939372076932442,lo_A_model_1_relaxed_repeat048,lo_A_model_1_relaxed_repeat098
2.456,0.3239577203555558,2.8499999999999996,0.3619498143351946,lo_A_model_1_relaxed_repeat048,lo_A_model_1_relaxed_repeat041
2.468,0.2734247561612357,2.8899999999999997,0.29435305264159867,lo_A_model_1_relaxed_repeat048,lo_A_model_1_relaxed_repeat001
2.476,0.31334792009391366,2.9299999999999997,0.3586621939720375,lo_A_model_1_relaxed_repeat048,lo_A_model_1_relaxed_repeat096
2.4859999999999998,0.34072720010692403,2.99,0.3835962275730792,lo_A_model_1_relaxed_repeat048,lo_A_model_1_relaxed_repeat012
2.499,0.2562872639432432,3.01,0.29164503087543725,lo_A_model_1_relaxed_repeat048,lo_A_model_1_relaxed_repeat079
2.516,0.30494506318248626,2.88,0.35642739289953,lo_A_model_1_relaxed_repeat048,lo_A_model_1_relaxed_repeat054
2.516,0.31889580774065324,2.9699999999999998,0.35228934492331015,lo_A_model_1_relaxed_repeat048,lo_A_model_1_relaxed_repeat030
2.52,0.3431069745637322,2.96,0.4051156072305106,lo_A_model_1_relaxed_repeat048,lo_A_model_1_relaxed_repeat061
2.551,0.29451502484073455,2.92,0.3380512189142972,lo_A_model_1_relaxed_repeat048,lo_A_model_1_relaxed_repeat043
2.573,0.2952430922950199,3.12,0.33672256933288597,lo_A_model_1_relaxed_repeat048,lo_A_model_1_relaxed_repeat033
2.575,0.3008183402316795,3.09,0.3481657638850077,lo_A_model_1_relaxed_repeat048,lo_A_model_1_relaxed_repeat037
2.585,0.24406687854298612,2.92,0.2552409167982505,lo_A_model_1_relaxed_repeat048,lo_A_model_1_relaxed_repeat016
2.598,0.24802638710052646,2.9,0.29206036376084044,lo_A_model_1_relaxed_repeat048,lo_A_model_1_relaxed_repeat065
2.598,0.288370743725694,2.8899999999999997,0.33606619349341865,lo_A_model_1_relaxed_repeat048,lo_A_model_1_relaxed_repeat038
2.604,0.31296974262652594,3.04,0.3722738389395611,lo_A_model_1_relaxed_repeat048,lo_A_model_1_relaxed_repeat024
2.615,0.31509715784836934,3.04,0.36958581774869664,lo_A_model_1_relaxed_repeat048,lo_A_model_1_relaxed_repeat039
2.62,0.2881695748386025,3.0300000000000002,0.33095625961701536,lo_A_model_1_relaxed_repeat048,lo_A_model_1_relaxed_repeat058
2.629,0.33514610483784957,2.96,0.4085352249719949,lo_A_model_1_relaxed_repeat048,lo_A_model_1_relaxed_repeat028
2.641,0.3129584988963769,3.0700000000000003,0.3624497005209486,lo_A_model_1_relaxed_repeat048,lo_A_model_1_relaxed_repeat020
2.643,0.3089557676764485,3.05,0.3734350847441663,lo_A_model_1_relaxed_repeat048,lo_A_model_1_relaxed_repeat035
2.6550000000000002,0.3050451374935202,3.06,0.3493297076333376,lo_A_model_1_relaxed_repeat048,lo_A_model_1_relaxed_repeat036
2.6559999999999997,0.23540778548074812,2.76,0.25297678395237005,lo_A_model_1_relaxed_repeat048,lo_A_model_1_relaxed_repeat023
2.66,0.2492494398425051,2.92,0.2794406839585389,lo_A_model_1_relaxed_repeat048,lo_A_model_1_relaxed_repeat025
2.6639999999999997,0.3107670693424526,2.96,0.35703323721323793,lo_A_model_1_relaxed_repeat048,lo_A_model_1_relaxed_repeat018
2.692,0.2526483999949903,2.85,0.2601313083193836,lo_A_model_1_relaxed_repeat048,lo_A_model_1_relaxed_repeat031
2.717,0.3171002274050189,3.01,0.3692967449584546,lo_A_model_1_relaxed_repeat048,lo_A_model_1_relaxed_repeat075
2.719,0.34232932006512645,3.09,0.37998591947408966,lo_A_model_1_relaxed_repeat048,lo_A_model_1_relaxed_repeat089
2.7190000000000003,0.2934165968119261,3.02,0.3267409626177295,lo_A_model_1_relaxed_repeat048,lo_A_model_1_relaxed_repeat013
2.721,0.24786077013797597,2.87,0.2703567822333496,lo_A_model_1_relaxed_repeat048,lo_A_model_1_relaxed_repeat059
2.725,0.3145548427064828,3.0300000000000002,0.3680473161097158,lo_A_model_1_relaxed_repeat048,lo_A_model_1_relaxed_repeat064
2.766,0.2523851247915037,2.96,0.28002202038896545,lo_A_model_1_relaxed_repeat048,lo_A_model_1_relaxed_repeat003
2.8200000000000003,0.3195923055612616,3.0,0.36615720882385566,lo_A_model_1_relaxed_repeat048,lo_A_model_1_relaxed_repeat026
2.84,0.35893637064083184,2.98,0.41142572863881516,lo_A_model_1_relaxed_repeat048,lo_A_model_1_relaxed_repeat093
2.858,0.3411583256310087,2.9699999999999998,0.37883293413925234,lo_A_model_1_relaxed_repeat048,lo_A_model_1_relaxed_repeat073
2.864,0.32164614861881397,2.94,0.36609105553701526,lo_A_model_1_relaxed_repeat048,lo_A_model_1_relaxed_repeat082
2.362,0.33723659079170604,3.08,0.4056149184740351,lo_A_model_1_relaxed_repeat028,lo_A_model_1_relaxed_repeat070
2.476,0.34716340456717554,3.04,0.43072338261569076,lo_A_model_1_relaxed_repeat028,lo_A_model_1_relaxed_repeat067
2.529,0.3269580951655388,2.9699999999999998,0.4044518005168784,lo_A_model_1_relaxed_repeat028,lo_A_model_1_relaxed_repeat056
2.624,0.35708389632252463,3.0700000000000003,0.4132926164817616,lo_A_model_1_relaxed_repeat028,lo_A_model_1_relaxed_repeat036
2.652,0.36661242061990984,3.08,0.4250262299403874,lo_A_model_1_relaxed_repeat028,lo_A_model_1_relaxed_repeat024
2.6719999999999997,0.36061852484002654,3.08,0.4228535801132494,lo_A_model_1_relaxed_repeat028,lo_A_model_1_relaxed_repeat054
2.677,0.3654794299737067,2.9299999999999997,0.409020533534255,lo_A_model_1_relaxed_repeat028,lo_A_model_1_relaxed_repeat030
2.704,0.3548850602780902,3.08,0.4179891573023367,lo_A_model_1_relaxed_repeat028,lo_A_model_1_relaxed_repeat038
2.713,0.3258133443187903,3.0300000000000002,0.3798721643268022,lo_A_model_1_relaxed_repeat028,lo_A_model_1_relaxed_repeat057
2.7190000000000003,0.36170702266227095,2.82,0.42593147944103277,lo_A_model_1_relaxed_repeat028,lo_A_model_1_relaxed_repeat003
2.732,0.37106494000318974,3.08,0.4170821390680902,lo_A_model_1_relaxed_repeat028,lo_A_model_1_relaxed_repeat096
2.745,0.3264880545830241,3.09,0.3987704636624389,lo_A_model_1_relaxed_repeat028,lo_A_model_1_relaxed_repeat033
2.753,0.38927588328166574,2.95,0.4462267814535667,lo_A_model_1_relaxed_repeat028,lo_A_model_1_relaxed_repeat061
2.7640000000000002,0.337608014400868,2.99,0.4127596854586384,lo_A_model_1_relaxed_repeat028,lo_A_model_1_relaxed_repeat064
2.787,0.33828613101599103,3.04,0.40208483862675676,lo_A_model_1_relaxed_repeat028,lo_A_model_1_relaxed_repeat094
2.79,0.311925766085339,3.04,0.372789699735519,lo_A_model_1_relaxed_repeat028,lo_A_model_1_relaxed_repeat063
2.791,0.3571530265954563,3.0300000000000002,0.40087525842624894,lo_A_model_1_relaxed_repeat028,lo_A_model_1_relaxed_repeat011
2.7960000000000003,0.36896060402805836,3.06,0.43195801337848616,lo_A_model_1_relaxed_repeat028,lo_A_model_1_relaxed_repeat073
2.806,0.36232872664425214,3.0300000000000002,0.40960981468480834,lo_A_model_1_relaxed_repeat028,lo_A_model_1_relaxed_repeat039
2.816,0.35815526480186394,3.08,0.4133346370370321,lo_A_model_1_relaxed_repeat028,lo_A_model_1_relaxed_repeat043
2.817,0.3668144089134889,2.99,0.42148942256399907,lo_A_model_1_relaxed_repeat028,lo_A_model_1_relaxed_repeat031
2.822,0.36048556349435096,2.88,0.4035769963570212,lo_A_model_1_relaxed_repeat028,lo_A_model_1_relaxed_repeat059
2.836,0.3610045541622628,3.05,0.4073063755306632,lo_A_model_1_relaxed_repeat028,lo_A_model_1_relaxed_repeat058
2.85,0.38793620886161523,3.08,0.42824093735791363,lo_A_model_1_relaxed_repeat028,lo_A_model_1_relaxed_repeat089
2.856,0.34280351400352016,2.96,0.38023135040173395,lo_A_model_1_relaxed_repeat028,lo_A_model_1_relaxed_repeat018
2.862,0.3669226517018303,3.0,0.4200797662519657,lo_A_model_1_relaxed_repeat028,lo_A_model_1_relaxed_repeat084
2.8689999999999998,0.34765252166869687,3.04,0.4108881827364305,lo_A_model_1_relaxed_repeat028,lo_A_model_1_relaxed_repeat099
2.873,0.3688802186845573,3.08,0.40907449888330094,lo_A_model_1_relaxed_repeat028,lo_A_model_1_relaxed_repeat037
2.8739999999999997,0.39559136479073415,3.02,0.45911814456889977,lo_A_model_1_relaxed_repeat028,lo_A_model_1_relaxed_repeat098
2.88,0.3354124239417464,3.05,0.39966928388442197,lo_A_model_1_relaxed_repeat028,lo_A_model_1_relaxed_repeat082
2.89,0.36153696031897065,3.0300000000000002,0.40150770930266166,lo_A_model_1_relaxed_repeat028,lo_A_model_1_relaxed_repeat013
2.891,0.35281826712024694,3.04,0.41173244364540257,lo_A_model_1_relaxed_repeat028,lo_A_model_1_relaxed_repeat035
2.893,0.36095235063336817,3.08,0.4167487758868013,lo_A_model_1_relaxed_repeat028,lo_A_model_1_relaxed_repeat051
2.9109999999999996,0.3725325663866154,3.09,0.4246333771704163,lo_A_model_1_relaxed_repeat028,lo_A_model_1_relaxed_repeat075
2.916,0.3683809206760969,3.0,0.4153195505168133,lo_A_model_1_relaxed_repeat028,lo_A_model_1_relaxed_repeat001
2.916,0.3581411782754643,3.01,0.4181555316397424,lo_A_model_1_relaxed_repeat028,lo_A_model_1_relaxed_repeat023
2.918,0.3769368518357112,3.05,0.41766340295603177,lo_A_model_1_relaxed_repeat028,lo_A_model_1_relaxed_repeat093
2.92,0.35526381219002345,3.02,0.41814147006038904,lo_A_model_1_relaxed_repeat028,lo_A_model_1_relaxed_repeat065
2.9219999999999997,0.34689041200343684,3.0700000000000003,0.3899295266652413,lo_A_model_1_relaxed_repeat028,lo_A_model_1_relaxed_repeat026
2.94,0.3749744620774866,3.08,0.42362182503239465,lo_A_model_1_relaxed_repeat028,lo_A_model_1_relaxed_repeat012
2.947,0.3645469122294453,3.0300000000000002,0.4143136765829962,lo_A_model_1_relaxed_repeat028,lo_A_model_1_relaxed_repeat025
2.952,0.354901806726508,3.01,0.4348376113122358,lo_A_model_1_relaxed_repeat028,lo_A_model_1_relaxed_repeat092
2.98,0.37076888443508316,3.09,0.43269620819194954,lo_A_model_1_relaxed_repeat028,lo_A_model_1_relaxed_repeat020
2.989,0.35169239347480924,3.01,0.4133127619598208,lo_A_model_1_relaxed_repeat028,lo_A_model_1_relaxed_repeat016
3.0,0.34648221584106514,3.08,0.4027275745273626,lo_A_model_1_relaxed_repeat028,lo_A_model_1_relaxed_repeat041
3.04,0.35066982134930036,3.02,0.42712235367298806,lo_A_model_1_relaxed_repeat028,lo_A_model_1_relaxed_repeat079
3.0549999999999997,0.3515686853040372,3.0300000000000002,0.4151311218817406,lo_A_model_1_relaxed_repeat028,lo_A_model_1_relaxed_repeat076
3.07,0.37677626053231555,3.01,0.4405710301620225,lo_A_model_1_relaxed_repeat028,lo_A_model_1_relaxed_repeat095
2.332,0.31110906229313795,3.02,0.3763944602402788,lo_A_model_1_relaxed_repeat079,lo_A_model_1_relaxed_repeat063
2.364,0.31686870958335184,3.02,0.36898205096480197,lo_A_model_1_relaxed_repeat079,lo_A_model_1_relaxed_repeat057
2.3689999999999998,0.28204320228330326,2.9299999999999997,0.30721290842276416,lo_A_model_1_relaxed_repeat079,lo_A_model_1_relaxed_repeat084
2.391,0.34050614140115404,2.92,0.40043392057821764,lo_A_model_1_relaxed_repeat079,lo_A_model_1_relaxed_repeat067
2.435,0.3369137891027223,2.85,0.3780679746013543,lo_A_model_1_relaxed_repeat079,lo_A_model_1_relaxed_repeat073
2.443,0.31519285464984387,3.02,0.3624320961510691,lo_A_model_1_relaxed_repeat079,lo_A_model_1_relaxed_repeat033
2.4619999999999997,0.2939539359356741,3.0300000000000002,0.3308524559973599,lo_A_model_1_relaxed_repeat079,lo_A_model_1_relaxed_repeat023
2.473,0.280157485345539,2.94,0.31474062259834024,lo_A_model_1_relaxed_repeat079,lo_A_model_1_relaxed_repeat095
2.474,0.29430711918092,3.02,0.34673568697748464,lo_A_model_1_relaxed_repeat079,lo_A_model_1_relaxed_repeat099
2.477,0.32445799417751114,3.04,0.3685876070004725,lo_A_model_1_relaxed_repeat079,lo_A_model_1_relaxed_repeat043
2.48,0.2802981199571309,3.0700000000000003,0.3160327213641308,lo_A_model_1_relaxed_repeat079,lo_A_model_1_relaxed_repeat025
2.492,0.2420506331594188,2.99,0.26938721326816745,lo_A_model_1_relaxed_repeat079,lo_A_model_1_relaxed_repeat076
2.4939999999999998,0.2542861640335237,3.0300000000000002,0.28983227353266905,lo_A_model_1_relaxed_repeat079,lo_A_model_1_relaxed_repeat092
2.504,0.3602480186024761,2.99,0.40633365431208057,lo_A_model_1_relaxed_repeat079,lo_A_model_1_relaxed_repeat098
2.508,0.3112342718274174,3.0300000000000002,0.37691007112670555,lo_A_model_1_relaxed_repeat079,lo_A_model_1_relaxed_repeat035
2.509,0.30821445490857863,3.0700000000000003,0.3580836372598551,lo_A_model_1_relaxed_repeat079,lo_A_model_1_relaxed_repeat094
2.509,0.3574438875699055,2.9,0.4116512336886954,lo_A_model_1_relaxed_repeat079,lo_A_model_1_relaxed_repeat061
2.521,0.32078224623455187,2.95,0.3447064642489213,lo_A_model_1_relaxed_repeat079,lo_A_model_1_relaxed_repeat001
2.525,0.27720852998909046,2.95,0.3194082063582341,lo_A_model_1_relaxed_repeat079,lo_A_model_1_relaxed_repeat065
2.529,0.32111910580725217,3.02,0.36957974044765524,lo_A_model_1_relaxed_repeat079,lo_A_model_1_relaxed_repeat018
2.593,0.2579056264609768,2.99,0.2936450418218435,lo_A_model_1_relaxed_repeat079,lo_A_model_1_relaxed_repeat056
2.621,0.3168024874000989,3.02,0.35429472144296226,lo_A_model_1_relaxed_repeat079,lo_A_model_1_relaxed_repeat036
2.645,0.30772255261003456,2.92,0.3519619647157642,lo_A_model_1_relaxed_repeat079,lo_A_model_1_relaxed_repeat051
2.65,0.252181687914883,3.02,0.29311518094257516,lo_A_model_1_relaxed_repeat079,lo_A_model_1_relaxed_repeat070
2.661,0.30391506230029136,2.9699999999999998,0.35068157629710217,lo_A_model_1_relaxed_repeat079,lo_A_model_1_relaxed_repeat020
2.6719999999999997,0.2975614054034795,2.86,0.34839201441501855,lo_A_model_1_relaxed_repeat079,lo_A_model_1_relaxed_repeat041
2.697,0.2689571685457746,3.0300000000000002,0.30087259838309777,lo_A_model_1_relaxed_repeat079,lo_A_model_1_relaxed_repeat031
2.707,0.25225940675734565,2.8499999999999996,0.2706494071186499,lo_A_model_1_relaxed_repeat079,lo_A_model_1_relaxed_repeat016
2.7199999999999998,0.2981354978986839,2.9699999999999998,0.3136393963750602,lo_A_model_1_relaxed_repeat079,lo_A_model_1_relaxed_repeat013
2.732,0.30879124949612663,3.0700000000000003,0.347244991909595,lo_A_model_1_relaxed_repeat079,lo_A_model_1_relaxed_repeat058
2.745,0.31371909607901655,2.96,0.3522020245461695,lo_A_model_1_relaxed_repeat079,lo_A_model_1_relaxed_repeat054
2.758,0.29883632105404434,2.94,0.3352570811235621,lo_A_model_1_relaxed_repeat079,lo_A_model_1_relaxed_repeat038
2.774,0.3519299997863813,3.0300000000000002,0.4011118310414573,lo_A_model_1_relaxed_repeat079,lo_A_model_1_relaxed_repeat093
2.775,0.2935655320406144,3.0300000000000002,0.33231726399406014,lo_A_model_1_relaxed_repeat079,lo_A_model_1_relaxed_repeat059
2.776,0.29077296326507274,2.95,0.34012498754586645,lo_A_model_1_relaxed_repeat079,lo_A_model_1_relaxed_repeat026
2.794,0.31151979111688993,2.95,0.3446757095854807,lo_A_model_1_relaxed_repeat079,lo_A_model_1_relaxed_repeat003
2.8040000000000003,0.3377651815724788,3.0300000000000002,0.37135967934728903,lo_A_model_1_relaxed_repeat079,lo_A_model_1_relaxed_repeat030
2.8040000000000003,0.29590313343674207,2.91,0.32700837577264735,lo_A_model_1_relaxed_repeat079,lo_A_model_1_relaxed_repeat037
2.8230000000000004,0.3382926914143693,3.0,0.39061402087575026,lo_A_model_1_relaxed_repeat079,lo_A_model_1_relaxed_repeat012
2.8440000000000003,0.3265543112084307,3.02,0.36182311377969767,lo_A_model_1_relaxed_repeat079,lo_A_model_1_relaxed_repeat039
2.854,0.2996389558496374,3.0300000000000002,0.3552916551636112,lo_A_model_1_relaxed_repeat079,lo_A_model_1_relaxed_repeat011
2.856,0.31249356617125146,2.88,0.3614474952818093,lo_A_model_1_relaxed_repeat079,lo_A_model_1_relaxed_repeat096
2.8689999999999998,0.30450567225407643,3.04,0.3463571304341447,lo_A_model_1_relaxed_repeat079,lo_A_model_1_relaxed_repeat024
2.879,0.3363275665861776,3.01,0.3647989628025312,lo_A_model_1_relaxed_repeat079,lo_A_model_1_relaxed_repeat089
2.907,0.31276951525198,2.86,0.35745668124957053,lo_A_model_1_relaxed_repeat079,lo_A_model_1_relaxed_repeat082
2.946,0.2989231167989445,3.0300000000000002,0.3446116596899727,lo_A_model_1_relaxed_repeat079,lo_A_model_1_relaxed_repeat075
3.017,0.31892950055352204,3.02,0.3678974012602933,lo_A_model_1_relaxed_repeat079,lo_A_model_1_relaxed_repeat064
2.315,0.30980202594394046,2.99,0.3693476056388212,lo_A_model_1_relaxed_repeat023,lo_A_model_1_relaxed_repeat035
2.33,0.33647068801200686,2.92,0.3814501731824053,lo_A_model_1_relaxed_repeat023,lo_A_model_1_relaxed_repeat026
2.389,0.3040119505782965,2.99,0.34455785355904045,lo_A_model_1_relaxed_repeat023,lo_A_model_1_relaxed_repeat057
2.401,0.27808525159216163,2.9299999999999997,0.3170468615936009,lo_A_model_1_relaxed_repeat023,lo_A_model_1_relaxed_repeat095
2.43,0.28004316701790666,2.94,0.3322842432494717,lo_A_model_1_relaxed_repeat023,lo_A_model_1_relaxed_repeat043
2.468,0.2623011914221116,2.92,0.2744700707590707,lo_A_model_1_relaxed_repeat023,lo_A_model_1_relaxed_repeat003
2.511,0.29857912062508235,2.8600000000000003,0.347749971845369,lo_A_model_1_relaxed_repeat023,lo_A_model_1_relaxed_repeat058
2.513,0.24589945431192256,2.9,0.28467460027206015,lo_A_model_1_relaxed_repeat023,lo_A_model_1_relaxed_repeat059
2.5309999999999997,0.32772238460836106,3.02,0.3642365563142323,lo_A_model_1_relaxed_repeat023,lo_A_model_1_relaxed_repeat033
2.5599999999999996,0.3369563294467405,2.98,0.4024796887507971,lo_A_model_1_relaxed_repeat023,lo_A_model_1_relaxed_repeat067
2.574,0.31000729189817927,2.92,0.3530770523045806,lo_A_model_1_relaxed_repeat023,lo_A_model_1_relaxed_repeat038
2.583,0.32780085417826477,3.0,0.36137351238108717,lo_A_model_1_relaxed_repeat023,lo_A_model_1_relaxed_repeat030
2.588,0.2806837135767569,2.94,0.3261085419241266,lo_A_model_1_relaxed_repeat023,lo_A_model_1_relaxed_repeat013
2.601,0.3227572356900335,3.0,0.3775285946403286,lo_A_model_1_relaxed_repeat023,lo_A_model_1_relaxed_repeat011
2.6020000000000003,0.3430506909159509,2.87,0.38116112791880763,lo_A_model_1_relaxed_repeat023,lo_A_model_1_relaxed_repeat012
2.613,0.3337467124890998,3.0300000000000002,0.3713017737004172,lo_A_model_1_relaxed_repeat023,lo_A_model_1_relaxed_repeat036
2.629,0.2906867749734964,3.0,0.3140692359632518,lo_A_model_1_relaxed_repeat023,lo_A_model_1_relaxed_repeat070
2.64,0.3091000805559809,3.0,0.35100338495773553,lo_A_model_1_relaxed_repeat023,lo_A_model_1_relaxed_repeat037
2.641,0.27427623628584774,2.96,0.29199535536314286,lo_A_model_1_relaxed_repeat023,lo_A_model_1_relaxed_repeat056
2.6479999999999997,0.32145453136760543,3.02,0.37788304236270415,lo_A_model_1_relaxed_repeat023,lo_A_model_1_relaxed_repeat024
2.66,0.30832651347675644,2.99,0.35670094630234717,lo_A_model_1_relaxed_repeat023,lo_A_model_1_relaxed_repeat039
2.662,0.25401617219532857,2.71,0.2661511289889425,lo_A_model_1_relaxed_repeat023,lo_A_model_1_relaxed_repeat031
2.667,0.33325448223312654,3.0300000000000002,0.3764326187408238,lo_A_model_1_relaxed_repeat023,lo_A_model_1_relaxed_repeat089
2.67,0.33534720375640364,2.71,0.3709087938204395,lo_A_model_1_relaxed_repeat023,lo_A_model_1_relaxed_repeat041
2.6740000000000004,0.28926715750671933,2.92,0.30744337790097953,lo_A_model_1_relaxed_repeat023,lo_A_model_1_relaxed_repeat001
2.702,0.2786056165200359,2.92,0.3195667220513305,lo_A_model_1_relaxed_repeat023,lo_A_model_1_relaxed_repeat065
2.759,0.2695431115503849,2.96,0.3124277083764713,lo_A_model_1_relaxed_repeat023,lo_A_model_1_relaxed_repeat076
2.762,0.31715371595206504,3.0,0.3602456640732098,lo_A_model_1_relaxed_repeat023,lo_A_model_1_relaxed_repeat075
2.769,0.2559500644251845,2.7800000000000002,0.28156694190794734,lo_A_model_1_relaxed_repeat023,lo_A_model_1_relaxed_repeat016
2.814,0.27813395872954705,2.95,0.32059083509658476,lo_A_model_1_relaxed_repeat023,lo_A_model_1_relaxed_repeat025
2.816,0.36393361300944926,2.99,0.39031376542373714,lo_A_model_1_relaxed_repeat023,lo_A_model_1_relaxed_repeat073
2.844,0.3677759962325764,3.04,0.42239165086906166,lo_A_model_1_relaxed_repeat023,lo_A_model_1_relaxed_repeat093
2.855,0.3900929906378455,3.01,0.40973011809111437,lo_A_model_1_relaxed_repeat023,lo_A_model_1_relaxed_repeat098
2.855,0.27994814663945705,2.8899999999999997,0.29840386071825437,lo_A_model_1_relaxed_repeat023,lo_A_model_1_relaxed_repeat092
2.8609999999999998,0.3847435728914246,3.05,0.43027053405382554,lo_A_model_1_relaxed_repeat023,lo_A_model_1_relaxed_repeat061
2.863,0.33167288079814194,2.82,0.3535561421282676,lo_A_model_1_relaxed_repeat023,lo_A_model_1_relaxed_repeat096
2.8739999999999997,0.3191553677818644,2.99,0.36382061010561945,lo_A_model_1_relaxed_repeat023,lo_A_model_1_relaxed_repeat018
2.885,0.32592776567919074,2.98,0.36740173425660905,lo_A_model_1_relaxed_repeat023,lo_A_model_1_relaxed_repeat020
2.893,0.3366240317768043,3.0,0.3934245669027702,lo_A_model_1_relaxed_repeat023,lo_A_model_1_relaxed_repeat064
2.8979999999999997,0.32501163047308845,2.99,0.37459441108792835,lo_A_model_1_relaxed_repeat023,lo_A_model_1_relaxed_repeat063
2.91,0.3362830612472641,3.04,0.3741343848289032,lo_A_model_1_relaxed_repeat023,lo_A_model_1_relaxed_repeat099
2.9109999999999996,0.33108391806480797,2.96,0.3797517824961627,lo_A_model_1_relaxed_repeat023,lo_A_model_1_relaxed_repeat054
2.916,0.3501511817365904,3.0300000000000002,0.37743608351450675,lo_A_model_1_relaxed_repeat023,lo_A_model_1_relaxed_repeat051
2.921,0.33355669354872614,2.92,0.3692249160425247,lo_A_model_1_relaxed_repeat023,lo_A_model_1_relaxed_repeat082
2.926,0.2846854932077124,2.99,0.3341313337772006,lo_A_model_1_relaxed_repeat023,lo_A_model_1_relaxed_repeat094
2.949,0.2921560966940092,2.86,0.31455957356578484,lo_A_model_1_relaxed_repeat023,lo_A_model_1_relaxed_repeat084
2.2279999999999998,0.29871900998124873,2.8899999999999997,0.3306337176117181,lo_A_model_1_relaxed_repeat076,lo_A_model_1_relaxed_repeat033
2.259,0.30560030700162094,2.86,0.35259361930125727,lo_A_model_1_relaxed_repeat076,lo_A_model_1_relaxed_repeat011
2.392,0.28597338881969175,3.05,0.325883283037179,lo_A_model_1_relaxed_repeat076,lo_A_model_1_relaxed_repeat037
2.4109999999999996,0.3178559912718503,3.0300000000000002,0.34737457983054304,lo_A_model_1_relaxed_repeat076,lo_A_model_1_relaxed_repeat057
2.435,0.3239596576731644,3.05,0.3612714394091527,lo_A_model_1_relaxed_repeat076,lo_A_model_1_relaxed_repeat041
2.467,0.26814992496805207,2.86,0.30292772642859694,lo_A_model_1_relaxed_repeat076,lo_A_model_1_relaxed_repeat065
2.5090000000000003,0.2660236320673633,3.04,0.31393136853265236,lo_A_model_1_relaxed_repeat076,lo_A_model_1_relaxed_repeat095
2.517,0.30553689839428655,3.05,0.34510105090566523,lo_A_model_1_relaxed_repeat076,lo_A_model_1_relaxed_repeat043
2.534,0.27268570997296887,2.86,0.31605684825751224,lo_A_model_1_relaxed_repeat076,lo_A_model_1_relaxed_repeat075
2.5709999999999997,0.3043728155940922,2.91,0.32444961650165144,lo_A_model_1_relaxed_repeat076,lo_A_model_1_relaxed_repeat001
2.582,0.32811030979446404,3.01,0.38951420534551934,lo_A_model_1_relaxed_repeat076,lo_A_model_1_relaxed_repeat067
2.605,0.3135607016047197,2.94,0.34090970615976046,lo_A_model_1_relaxed_repeat076,lo_A_model_1_relaxed_repeat036
2.605,0.24979705238848246,2.98,0.26122036695948736,lo_A_model_1_relaxed_repeat076,lo_A_model_1_relaxed_repeat056
2.665,0.25647402688455717,3.0300000000000002,0.2862572349792552,lo_A_model_1_relaxed_repeat076,lo_A_model_1_relaxed_repeat070
2.6959999999999997,0.30988142685944625,2.95,0.3567229642839054,lo_A_model_1_relaxed_repeat076,lo_A_model_1_relaxed_repeat035
2.7009999999999996,0.2783388693306372,3.05,0.32087616996603907,lo_A_model_1_relaxed_repeat076,lo_A_model_1_relaxed_repeat038
2.715,0.30630860853455427,3.02,0.3416222344534403,lo_A_model_1_relaxed_repeat076,lo_A_model_1_relaxed_repeat058
2.726,0.24650475914351141,3.0,0.2760427492758213,lo_A_model_1_relaxed_repeat076,lo_A_model_1_relaxed_repeat031
2.73,0.2628063365471381,3.01,0.2908605947026631,lo_A_model_1_relaxed_repeat076,lo_A_model_1_relaxed_repeat084
2.7350000000000003,0.2989945061959102,2.87,0.3264300331213492,lo_A_model_1_relaxed_repeat076,lo_A_model_1_relaxed_repeat003
2.76,0.2937024094100627,2.88,0.33022080444039964,lo_A_model_1_relaxed_repeat076,lo_A_model_1_relaxed_repeat026
2.7809999999999997,0.27775077598853215,2.83,0.3003109023235144,lo_A_model_1_relaxed_repeat076,lo_A_model_1_relaxed_repeat013
2.787,0.3067062954117627,2.8499999999999996,0.3274598993676147,lo_A_model_1_relaxed_repeat076,lo_A_model_1_relaxed_repeat030
2.791,0.2630938941495406,2.98,0.2892941931425171,lo_A_model_1_relaxed_repeat076,lo_A_model_1_relaxed_repeat016
2.792,0.3523569960234053,3.0300000000000002,0.3813174586769474,lo_A_model_1_relaxed_repeat076,lo_A_model_1_relaxed_repeat073
2.792,0.3024944052971088,3.01,0.34326255920119836,lo_A_model_1_relaxed_repeat076,lo_A_model_1_relaxed_repeat039
2.806,0.33185359898424827,3.05,0.3832818899362137,lo_A_model_1_relaxed_repeat076,lo_A_model_1_relaxed_repeat012
2.836,0.27814559232410574,3.0,0.3066581606085368,lo_A_model_1_relaxed_repeat076,lo_A_model_1_relaxed_repeat025
2.852,0.3182263129693936,3.05,0.3638789985805878,lo_A_model_1_relaxed_repeat076,lo_A_model_1_relaxed_repeat024
2.862,0.3088881153608193,3.01,0.3360624899312175,lo_A_model_1_relaxed_repeat076,lo_A_model_1_relaxed_repeat089
2.874,0.37119023345644186,3.04,0.4062873180834952,lo_A_model_1_relaxed_repeat076,lo_A_model_1_relaxed_repeat093
2.875,0.25268086880337315,2.83,0.2890796406297224,lo_A_model_1_relaxed_repeat076,lo_A_model_1_relaxed_repeat059
2.877,0.268057678545461,3.0,0.2896564488650283,lo_A_model_1_relaxed_repeat076,lo_A_model_1_relaxed_repeat092
2.877,0.3639371441901969,2.98,0.4048470984265972,lo_A_model_1_relaxed_repeat076,lo_A_model_1_relaxed_repeat098
2.883,0.3593787243633598,2.87,0.4115868311783405,lo_A_model_1_relaxed_repeat076,lo_A_model_1_relaxed_repeat061
2.885,0.31411310620650806,3.05,0.3515336926283635,lo_A_model_1_relaxed_repeat076,lo_A_model_1_relaxed_repeat096
2.896,0.32447962786348594,3.0,0.36210823633434946,lo_A_model_1_relaxed_repeat076,lo_A_model_1_relaxed_repeat018
2.907,0.30988452646508385,3.06,0.3437909086075455,lo_A_model_1_relaxed_repeat076,lo_A_model_1_relaxed_repeat020
2.92,0.2986273063490374,2.99,0.3595412352664691,lo_A_model_1_relaxed_repeat076,lo_A_model_1_relaxed_repeat063
2.932,0.2969129278008604,2.96,0.3403741524592824,lo_A_model_1_relaxed_repeat076,lo_A_model_1_relaxed_repeat099
2.933,0.32480969491581047,3.05,0.36026893467696613,lo_A_model_1_relaxed_repeat076,lo_A_model_1_relaxed_repeat054
2.9379999999999997,0.3118770189742018,3.05,0.3563086058513316,lo_A_model_1_relaxed_repeat076,lo_A_model_1_relaxed_repeat051
2.9429999999999996,0.31173271032978955,3.02,0.36169751587477855,lo_A_model_1_relaxed_repeat076,lo_A_model_1_relaxed_repeat082
2.948,0.2943166902557348,2.94,0.33077712285941585,lo_A_model_1_relaxed_repeat076,lo_A_model_1_relaxed_repeat094
3.032,0.3198902480780723,2.98,0.3559205759242327,lo_A_model_1_relaxed_repeat076,lo_A_model_1_relaxed_repeat064
2.37,0.3391584574022411,3.08,0.3820837379850365,lo_A_model_1_relaxed_repeat041,lo_A_model_1_relaxed_repeat033
2.394,0.35814384223527335,2.99,0.4121956630822375,lo_A_model_1_relaxed_repeat041,lo_A_model_1_relaxed_repeat067
2.4379999999999997,0.35931700948427286,3.09,0.3745532770750619,lo_A_model_1_relaxed_repeat041,lo_A_model_1_relaxed_repeat030
2.495,0.33358127445446734,2.84,0.3488809824484033,lo_A_model_1_relaxed_repeat041,lo_A_model_1_relaxed_repeat038
2.5069999999999997,0.36381576049184616,2.91,0.40738451851137736,lo_A_model_1_relaxed_repeat041,lo_A_model_1_relaxed_repeat061
2.509,0.33247757849257464,3.01,0.3742478580131993,lo_A_model_1_relaxed_repeat041,lo_A_model_1_relaxed_repeat001
2.535,0.3378391957345019,2.92,0.37355440011145946,lo_A_model_1_relaxed_repeat041,lo_A_model_1_relaxed_repeat043
2.5620000000000003,0.3373799028624969,3.08,0.36654490109772897,lo_A_model_1_relaxed_repeat041,lo_A_model_1_relaxed_repeat039
2.581,0.31807280188054016,3.08,0.352728299430148,lo_A_model_1_relaxed_repeat041,lo_A_model_1_relaxed_repeat094
2.6020000000000003,0.3601623636405097,3.0700000000000003,0.4009526210063298,lo_A_model_1_relaxed_repeat041,lo_A_model_1_relaxed_repeat098
2.6100000000000003,0.3184908036169256,3.06,0.3569867535401662,lo_A_model_1_relaxed_repeat041,lo_A_model_1_relaxed_repeat070
2.613,0.33443725886098463,3.08,0.38312352285198814,lo_A_model_1_relaxed_repeat041,lo_A_model_1_relaxed_repeat063
2.6239999999999997,0.33123398020484884,2.9,0.37215757273142347,lo_A_model_1_relaxed_repeat041,lo_A_model_1_relaxed_repeat054
2.629,0.3310183498321626,3.08,0.37732466866002695,lo_A_model_1_relaxed_repeat041,lo_A_model_1_relaxed_repeat018
2.634,0.324492723069023,2.8899999999999997,0.34389317801126784,lo_A_model_1_relaxed_repeat041,lo_A_model_1_relaxed_repeat051
2.6390000000000002,0.3377419658248825,3.09,0.3748278384013512,lo_A_model_1_relaxed_repeat041,lo_A_model_1_relaxed_repeat075
2.6479999999999997,0.3290437495642863,3.08,0.3884077028507062,lo_A_model_1_relaxed_repeat041,lo_A_model_1_relaxed_repeat099
2.6790000000000003,0.3403990858171902,2.75,0.37614850353229523,lo_A_model_1_relaxed_repeat041,lo_A_model_1_relaxed_repeat031
2.681,0.3348675795761901,2.9,0.3660150797803411,lo_A_model_1_relaxed_repeat041,lo_A_model_1_relaxed_repeat024
2.681,0.3329589594372374,3.08,0.3560697075345616,lo_A_model_1_relaxed_repeat041,lo_A_model_1_relaxed_repeat036
2.7,0.3194345383963008,3.05,0.35988648663405326,lo_A_model_1_relaxed_repeat041,lo_A_model_1_relaxed_repeat056
2.701,0.3561708781197599,3.0300000000000002,0.38567852624693977,lo_A_model_1_relaxed_repeat041,lo_A_model_1_relaxed_repeat013
2.715,0.32224582136132573,2.9299999999999997,0.3498676635161485,lo_A_model_1_relaxed_repeat041,lo_A_model_1_relaxed_repeat096
2.7430000000000003,0.35582832014775084,3.0700000000000003,0.3917722470546271,lo_A_model_1_relaxed_repeat041,lo_A_model_1_relaxed_repeat089
2.755,0.30537197233511754,2.96,0.3317778873336877,lo_A_model_1_relaxed_repeat041,lo_A_model_1_relaxed_repeat037
2.7569999999999997,0.30138044958726035,3.06,0.34673156099988817,lo_A_model_1_relaxed_repeat041,lo_A_model_1_relaxed_repeat020
2.771,0.36843315732478393,3.01,0.40326957724496215,lo_A_model_1_relaxed_repeat041,lo_A_model_1_relaxed_repeat003
2.8040000000000003,0.32131410745706435,3.01,0.36209606768337,lo_A_model_1_relaxed_repeat041,lo_A_model_1_relaxed_repeat026
2.807,0.3233182268641898,2.91,0.37151012247524784,lo_A_model_1_relaxed_repeat041,lo_A_model_1_relaxed_repeat095
2.819,0.34981018805646197,2.99,0.38835550723531653,lo_A_model_1_relaxed_repeat041,lo_A_model_1_relaxed_repeat059
2.836,0.33329836096940635,2.9,0.3579407404538927,lo_A_model_1_relaxed_repeat041,lo_A_model_1_relaxed_repeat058
2.8369999999999997,0.3329230974882964,3.04,0.37703230888829226,lo_A_model_1_relaxed_repeat041,lo_A_model_1_relaxed_repeat025
2.843,0.3284936648396299,3.09,0.3684375236994924,lo_A_model_1_relaxed_repeat041,lo_A_model_1_relaxed_repeat011
2.8529999999999998,0.32809448680933073,2.94,0.379364463649932,lo_A_model_1_relaxed_repeat041,lo_A_model_1_relaxed_repeat012
2.864,0.31614025427325754,3.01,0.37432609929352145,lo_A_model_1_relaxed_repeat041,lo_A_model_1_relaxed_repeat065
2.867,0.3208352497945474,2.67,0.3586289262230408,lo_A_model_1_relaxed_repeat041,lo_A_model_1_relaxed_repeat082
2.908,0.3707983553290593,3.06,0.41974581858245297,lo_A_model_1_relaxed_repeat041,lo_A_model_1_relaxed_repeat093
2.931,0.29970296024177406,2.74,0.34963753968350864,lo_A_model_1_relaxed_repeat041,lo_A_model_1_relaxed_repeat092
2.939,0.3294679974950383,2.95,0.3637865949911829,lo_A_model_1_relaxed_repeat041,lo_A_model_1_relaxed_repeat084
2.941,0.3414870221049322,3.08,0.3855477496224206,lo_A_model_1_relaxed_repeat041,lo_A_model_1_relaxed_repeat035
2.956,0.3165466577808356,2.86,0.34932593992329053,lo_A_model_1_relaxed_repeat041,lo_A_model_1_relaxed_repeat016
2.971,0.3467768545308935,2.9299999999999997,0.3833893720312969,lo_A_model_1_relaxed_repeat041,lo_A_model_1_relaxed_repeat073
2.9770000000000003,0.3502438288222079,3.08,0.4013221354052596,lo_A_model_1_relaxed_repeat041,lo_A_model_1_relaxed_repeat064
2.9859999999999998,0.33033831056623436,3.08,0.3553365085869505,lo_A_model_1_relaxed_repeat041,lo_A_model_1_relaxed_repeat057
2.117,0.27606325704159185,2.8499999999999996,0.34870420256570095,lo_A_model_1_relaxed_repeat056,lo_A_model_1_relaxed_repeat063
2.27,0.3599380160436227,2.98,0.39896981072663207,lo_A_model_1_relaxed_repeat056,lo_A_model_1_relaxed_repeat098
2.312,0.31732653062520094,2.88,0.371107533128192,lo_A_model_1_relaxed_repeat056,lo_A_model_1_relaxed_repeat099
2.384,0.2536188916527067,2.91,0.2939601347141215,lo_A_model_1_relaxed_repeat056,lo_A_model_1_relaxed_repeat065
2.434,0.3137769949743086,3.0,0.38939471021490213,lo_A_model_1_relaxed_repeat056,lo_A_model_1_relaxed_repeat067
2.436,0.2690254174801289,2.91,0.2959610325044283,lo_A_model_1_relaxed_repeat056,lo_A_model_1_relaxed_repeat084
2.5069999999999997,0.30990315807034663,2.88,0.35752223136854966,lo_A_model_1_relaxed_repeat056,lo_A_model_1_relaxed_repeat011
2.5700000000000003,0.26824167620384165,2.98,0.28293394387230375,lo_A_model_1_relaxed_repeat056,lo_A_model_1_relaxed_repeat016
2.572,0.30693670343274865,2.94,0.3394234360730722,lo_A_model_1_relaxed_repeat056,lo_A_model_1_relaxed_repeat095
2.572,0.30906041050101485,3.05,0.36078340289630334,lo_A_model_1_relaxed_repeat056,lo_A_model_1_relaxed_repeat051
2.59,0.2850056586542624,2.83,0.30516671491378816,lo_A_model_1_relaxed_repeat056,lo_A_model_1_relaxed_repeat003
2.606,0.2835413381058896,2.87,0.3215962511970205,lo_A_model_1_relaxed_repeat056,lo_A_model_1_relaxed_repeat033
2.6239999999999997,0.35315878729190336,2.9299999999999997,0.4160402272285567,lo_A_model_1_relaxed_repeat056,lo_A_model_1_relaxed_repeat061
2.6260000000000003,0.3120750996333395,2.7800000000000002,0.35710110853473725,lo_A_model_1_relaxed_repeat056,lo_A_model_1_relaxed_repeat018
2.6340000000000003,0.3086344305663974,2.8899999999999997,0.3407061588748859,lo_A_model_1_relaxed_repeat056,lo_A_model_1_relaxed_repeat036
2.645,0.26735636471023644,2.73,0.2820844139528732,lo_A_model_1_relaxed_repeat056,lo_A_model_1_relaxed_repeat025
2.648,0.32016056772707774,3.05,0.3509868368709179,lo_A_model_1_relaxed_repeat056,lo_A_model_1_relaxed_repeat043
2.657,0.2665133681326683,3.02,0.28977451645420116,lo_A_model_1_relaxed_repeat056,lo_A_model_1_relaxed_repeat092
2.66,0.31363868754239965,3.0,0.37461308604294763,lo_A_model_1_relaxed_repeat056,lo_A_model_1_relaxed_repeat035
2.666,0.30930265421221037,2.8499999999999996,0.32491935832364277,lo_A_model_1_relaxed_repeat056,lo_A_model_1_relaxed_repeat013
2.677,0.2952150013053336,2.9,0.32670742205839165,lo_A_model_1_relaxed_repeat056,lo_A_model_1_relaxed_repeat057
2.695,0.307111833698591,3.05,0.34460219440555995,lo_A_model_1_relaxed_repeat056,lo_A_model_1_relaxed_repeat038
2.699,0.3207796773965196,2.91,0.3610854721098768,lo_A_model_1_relaxed_repeat056,lo_A_model_1_relaxed_repeat075
2.702,0.2884925236372056,2.96,0.29390445441704394,lo_A_model_1_relaxed_repeat056,lo_A_model_1_relaxed_repeat031
2.731,0.309637682956587,2.9,0.35262518450036984,lo_A_model_1_relaxed_repeat056,lo_A_model_1_relaxed_repeat026
2.731,0.3201659458845503,2.9,0.33847934790124334,lo_A_model_1_relaxed_repeat056,lo_A_model_1_relaxed_repeat030
2.737,0.3151539224724728,3.06,0.3520328863555543,lo_A_model_1_relaxed_repeat056,lo_A_model_1_relaxed_repeat020
2.75,0.3449375983871806,3.05,0.39648624790559206,lo_A_model_1_relaxed_repeat056,lo_A_model_1_relaxed_repeat012
2.783,0.3084518813204561,3.05,0.35447016618108546,lo_A_model_1_relaxed_repeat056,lo_A_model_1_relaxed_repeat096
2.796,0.31410657777758705,3.05,0.3727980272194482,lo_A_model_1_relaxed_repeat056,lo_A_model_1_relaxed_repeat024
2.7960000000000003,0.29583138829480077,2.8,0.3338087739529239,lo_A_model_1_relaxed_repeat056,lo_A_model_1_relaxed_repeat094
2.806,0.35038011527315144,3.05,0.3776474879816188,lo_A_model_1_relaxed_repeat056,lo_A_model_1_relaxed_repeat089
2.8099999999999996,0.31185772727332867,3.05,0.36264632979670625,lo_A_model_1_relaxed_repeat056,lo_A_model_1_relaxed_repeat054
2.828,0.33147991866881876,2.87,0.3612232040544369,lo_A_model_1_relaxed_repeat056,lo_A_model_1_relaxed_repeat039
2.837,0.34590661619064694,3.0300000000000002,0.38066503060062473,lo_A_model_1_relaxed_repeat056,lo_A_model_1_relaxed_repeat073
2.848,0.2860278751284579,2.88,0.3045276837290293,lo_A_model_1_relaxed_repeat056,lo_A_model_1_relaxed_repeat001
2.883,0.31575303726747234,3.0,0.3643880558165228,lo_A_model_1_relaxed_repeat056,lo_A_model_1_relaxed_repeat064
2.893,0.3119672183908122,3.02,0.3436681284997126,lo_A_model_1_relaxed_repeat056,lo_A_model_1_relaxed_repeat058
2.902,0.25086475161957333,2.58,0.2665228868468178,lo_A_model_1_relaxed_repeat056,lo_A_model_1_relaxed_repeat070
2.904,0.31586684414985733,3.02,0.36642072646614454,lo_A_model_1_relaxed_repeat056,lo_A_model_1_relaxed_repeat082
2.932,0.30847891440011044,3.05,0.34616062989329954,lo_A_model_1_relaxed_repeat056,lo_A_model_1_relaxed_repeat037
2.9370000000000003,0.35401041868553995,2.88,0.40162146321365466,lo_A_model_1_relaxed_repeat056,lo_A_model_1_relaxed_repeat093
2.9379999999999997,0.2894039486488777,2.82,0.30569075605992146,lo_A_model_1_relaxed_repeat056,lo_A_model_1_relaxed_repeat059
2.134,0.2691143153667902,3.01,0.3089654619085449,lo_A_model_1_relaxed_repeat057,lo_A_model_1_relaxed_repeat094
2.1719999999999997,0.2674906247605025,2.9,0.3022780461220794,lo_A_model_1_relaxed_repeat057,lo_A_model_1_relaxed_repeat011
2.264,0.2907711108633945,2.91,0.32416583826955214,lo_A_model_1_relaxed_repeat057,lo_A_model_1_relaxed_repeat070
2.303,0.27294563278231,2.9299999999999997,0.3138761772570503,lo_A_model_1_relaxed_repeat057,lo_A_model_1_relaxed_repeat035
2.303,0.3000779307459046,3.06,0.35394058002961803,lo_A_model_1_relaxed_repeat057,lo_A_model_1_relaxed_repeat099
2.377,0.3069414188748188,3.0300000000000002,0.35635513783756956,lo_A_model_1_relaxed_repeat057,lo_A_model_1_relaxed_repeat003
2.382,0.31312633301781656,3.05,0.343008986064132,lo_A_model_1_relaxed_repeat057,lo_A_model_1_relaxed_repeat075
2.407,0.297306175905849,3.01,0.3369762029778817,lo_A_model_1_relaxed_repeat057,lo_A_model_1_relaxed_repeat016
2.428,0.3191396006333556,3.09,0.3635079445501473,lo_A_model_1_relaxed_repeat057,lo_A_model_1_relaxed_repeat020
2.4370000000000003,0.30722586556955817,3.08,0.3518781408914114,lo_A_model_1_relaxed_repeat057,lo_A_model_1_relaxed_repeat054
2.443,0.294033311495408,2.83,0.33667561851581157,lo_A_model_1_relaxed_repeat057,lo_A_model_1_relaxed_repeat065
2.447,0.33506619037338053,2.98,0.38800310456997256,lo_A_model_1_relaxed_repeat057,lo_A_model_1_relaxed_repeat095
2.4539999999999997,0.2868987648763125,3.08,0.32187522796080653,lo_A_model_1_relaxed_repeat057,lo_A_model_1_relaxed_repeat043
2.48,0.2810417382796046,3.0,0.316032268684363,lo_A_model_1_relaxed_repeat057,lo_A_model_1_relaxed_repeat018
2.486,0.36305050311376624,3.0300000000000002,0.40295869286380515,lo_A_model_1_relaxed_repeat057,lo_A_model_1_relaxed_repeat098
2.4930000000000003,0.28033765049179854,3.01,0.321087030661379,lo_A_model_1_relaxed_repeat057,lo_A_model_1_relaxed_repeat063
2.503,0.31539260725258783,3.08,0.34689779903550777,lo_A_model_1_relaxed_repeat057,lo_A_model_1_relaxed_repeat037
2.5309999999999997,0.3003380055813225,3.08,0.3318778667747152,lo_A_model_1_relaxed_repeat057,lo_A_model_1_relaxed_repeat051
2.532,0.31632269655336553,2.98,0.3620895485949805,lo_A_model_1_relaxed_repeat057,lo_A_model_1_relaxed_repeat092
2.551,0.3074259006757477,3.08,0.3391378448735336,lo_A_model_1_relaxed_repeat057,lo_A_model_1_relaxed_repeat038
2.552,0.31673271248609336,3.01,0.3545959840073007,lo_A_model_1_relaxed_repeat057,lo_A_model_1_relaxed_repeat013
2.5650000000000004,0.3458323487584447,3.0300000000000002,0.4089701291336632,lo_A_model_1_relaxed_repeat057,lo_A_model_1_relaxed_repeat067
2.596,0.3420885327435295,3.0700000000000003,0.3903999270034407,lo_A_model_1_relaxed_repeat057,lo_A_model_1_relaxed_repeat061
2.608,0.2957890715039572,2.87,0.315833071934544,lo_A_model_1_relaxed_repeat057,lo_A_model_1_relaxed_repeat026
2.6180000000000003,0.2839154859238104,3.05,0.3106985530125027,lo_A_model_1_relaxed_repeat057,lo_A_model_1_relaxed_repeat058
2.626,0.31616778110411187,2.94,0.3415918303191289,lo_A_model_1_relaxed_repeat057,lo_A_model_1_relaxed_repeat033
2.654,0.31384411902144843,3.0,0.3461564557327995,lo_A_model_1_relaxed_repeat057,lo_A_model_1_relaxed_repeat084
2.69,0.28222312320794607,2.9299999999999997,0.30759071146522815,lo_A_model_1_relaxed_repeat057,lo_A_model_1_relaxed_repeat030
2.6950000000000003,0.2698744905126653,2.9299999999999997,0.30202004689548756,lo_A_model_1_relaxed_repeat057,lo_A_model_1_relaxed_repeat039
2.697,0.32303327094043705,2.99,0.3565116719632974,lo_A_model_1_relaxed_repeat057,lo_A_model_1_relaxed_repeat031
2.708,0.3206583423711113,3.05,0.3454254493500084,lo_A_model_1_relaxed_repeat057,lo_A_model_1_relaxed_repeat036
2.709,0.349830055614378,3.08,0.37950457124971204,lo_A_model_1_relaxed_repeat057,lo_A_model_1_relaxed_repeat012
2.71,0.3162620999737849,2.89,0.35234395992328377,lo_A_model_1_relaxed_repeat057,lo_A_model_1_relaxed_repeat001
2.726,0.30120573200054757,2.9699999999999998,0.33478445225349457,lo_A_model_1_relaxed_repeat057,lo_A_model_1_relaxed_repeat025
2.742,0.2910750150350978,3.08,0.3200109082547075,lo_A_model_1_relaxed_repeat057,lo_A_model_1_relaxed_repeat096
2.755,0.2907141141006729,3.08,0.3364324317242317,lo_A_model_1_relaxed_repeat057,lo_A_model_1_relaxed_repeat024
2.7649999999999997,0.32742774017447784,3.0700000000000003,0.3645407481771346,lo_A_model_1_relaxed_repeat057,lo_A_model_1_relaxed_repeat089
2.778,0.33285092617535855,3.02,0.3803987817938851,lo_A_model_1_relaxed_repeat057,lo_A_model_1_relaxed_repeat064
2.8120000000000003,0.34693601138290264,3.0300000000000002,0.38639361875204836,lo_A_model_1_relaxed_repeat057,lo_A_model_1_relaxed_repeat093
2.8129999999999997,0.30577227353342973,3.0,0.3321727578514759,lo_A_model_1_relaxed_repeat057,lo_A_model_1_relaxed_repeat059
2.911,0.34965993452784955,3.06,0.3724471907146631,lo_A_model_1_relaxed_repeat057,lo_A_model_1_relaxed_repeat073
2.917,0.30583241037076214,3.05,0.34665010414930486,lo_A_model_1_relaxed_repeat057,lo_A_model_1_relaxed_repeat082
2.365,0.3201919082097105,2.98,0.38365395560816407,lo_A_model_1_relaxed_repeat082,lo_A_model_1_relaxed_repeat067
2.386,0.28037450174780343,3.06,0.34366633849920986,lo_A_model_1_relaxed_repeat082,lo_A_model_1_relaxed_repeat070
2.485,0.2909997522232475,3.05,0.3361725151507413,lo_A_model_1_relaxed_repeat082,lo_A_model_1_relaxed_repeat018
2.636,0.312071699970931,3.0700000000000003,0.3685558562419585,lo_A_model_1_relaxed_repeat082,lo_A_model_1_relaxed_repeat036
2.66,0.335752606654865,2.98,0.3843317966287163,lo_A_model_1_relaxed_repeat082,lo_A_model_1_relaxed_repeat003
2.7199999999999998,0.3213662482622818,3.06,0.3611764278260243,lo_A_model_1_relaxed_repeat082,lo_A_model_1_relaxed_repeat011
2.7329999999999997,0.30602703789960783,2.95,0.3356424028690648,lo_A_model_1_relaxed_repeat082,lo_A_model_1_relaxed_repeat058
2.7409999999999997,0.3503004543210984,3.05,0.38466472776913085,lo_A_model_1_relaxed_repeat082,lo_A_model_1_relaxed_repeat098
2.748,0.300712334080901,3.05,0.35824121316471697,lo_A_model_1_relaxed_repeat082,lo_A_model_1_relaxed_repeat099
2.756,0.32224533345825557,2.95,0.37325874229298395,lo_A_model_1_relaxed_repeat082,lo_A_model_1_relaxed_repeat084
2.758,0.30654338692698874,3.05,0.35754139790522566,lo_A_model_1_relaxed_repeat082,lo_A_model_1_relaxed_repeat035
2.7649999999999997,0.34844414909102056,3.0300000000000002,0.3945130824777118,lo_A_model_1_relaxed_repeat082,lo_A_model_1_relaxed_repeat093
2.7910000000000004,0.2919016335383802,2.98,0.340660764978038,lo_A_model_1_relaxed_repeat082,lo_A_model_1_relaxed_repeat026
2.8,0.3371906738044742,2.98,0.3796709666519879,lo_A_model_1_relaxed_repeat082,lo_A_model_1_relaxed_repeat001
2.807,0.3122360360418819,2.7199999999999998,0.3477315410004977,lo_A_model_1_relaxed_repeat082,lo_A_model_1_relaxed_repeat051
2.814,0.3127099599104283,3.01,0.3622436047531403,lo_A_model_1_relaxed_repeat082,lo_A_model_1_relaxed_repeat025
2.819,0.2948877936990191,3.05,0.3656584395588332,lo_A_model_1_relaxed_repeat082,lo_A_model_1_relaxed_repeat064
2.819,0.30528527478175127,2.9,0.3612951587032852,lo_A_model_1_relaxed_repeat082,lo_A_model_1_relaxed_repeat092
2.8209999999999997,0.28884209912344355,3.05,0.32786887186613134,lo_A_model_1_relaxed_repeat082,lo_A_model_1_relaxed_repeat094
2.854,0.32801057242460585,2.92,0.37263098147469237,lo_A_model_1_relaxed_repeat082,lo_A_model_1_relaxed_repeat073
2.856,0.30171199305381213,2.87,0.3496854912280368,lo_A_model_1_relaxed_repeat082,lo_A_model_1_relaxed_repeat016
2.872,0.330553611580263,3.0,0.3682843493085698,lo_A_model_1_relaxed_repeat082,lo_A_model_1_relaxed_repeat013
2.886,0.32631723902731397,2.67,0.3658574892387004,lo_A_model_1_relaxed_repeat082,lo_A_model_1_relaxed_repeat031
2.8899999999999997,0.3036732620293245,3.05,0.35228621800908083,lo_A_model_1_relaxed_repeat082,lo_A_model_1_relaxed_repeat063
2.903,0.2938423467603714,2.99,0.33078092884844895,lo_A_model_1_relaxed_repeat082,lo_A_model_1_relaxed_repeat038
2.912,0.308202632005019,3.04,0.34770747246666406,lo_A_model_1_relaxed_repeat082,lo_A_model_1_relaxed_repeat020
2.9269999999999996,0.343081669227105,3.06,0.37394532661358043,lo_A_model_1_relaxed_repeat082,lo_A_model_1_relaxed_repeat030
2.937,0.33557548502780293,2.95,0.38809999006568435,lo_A_model_1_relaxed_repeat082,lo_A_model_1_relaxed_repeat095
2.944,0.3062898194602739,3.05,0.3586710488960127,lo_A_model_1_relaxed_repeat082,lo_A_model_1_relaxed_repeat033
2.972,0.311912735402769,2.8600000000000003,0.3533207274993737,lo_A_model_1_relaxed_repeat082,lo_A_model_1_relaxed_repeat024
2.9779999999999998,0.30769708503224247,3.06,0.3417058109402429,lo_A_model_1_relaxed_repeat082,lo_A_model_1_relaxed_repeat075
2.979,0.3200557699077085,2.98,0.37172378103214687,lo_A_model_1_relaxed_repeat082,lo_A_model_1_relaxed_repeat065
2.98,0.3410366817688005,2.84,0.38715073788946186,lo_A_model_1_relaxed_repeat082,lo_A_model_1_relaxed_repeat061
2.9829999999999997,0.32707254251720597,2.9699999999999998,0.36333666704511997,lo_A_model_1_relaxed_repeat082,lo_A_model_1_relaxed_repeat059
2.9859999999999998,0.3324131536522435,2.98,0.36703311120528354,lo_A_model_1_relaxed_repeat082,lo_A_model_1_relaxed_repeat043
2.993,0.2968130093474386,2.84,0.33096334872221866,lo_A_model_1_relaxed_repeat082,lo_A_model_1_relaxed_repeat054
3.005,0.31752588575719953,3.05,0.3666146796283902,lo_A_model_1_relaxed_repeat082,lo_A_model_1_relaxed_repeat039
3.0060000000000002,0.3438525751236571,2.99,0.38701798208214516,lo_A_model_1_relaxed_repeat082,lo_A_model_1_relaxed_repeat012
3.032,0.30729915897124566,2.91,0.3406349368883034,lo_A_model_1_relaxed_repeat082,lo_A_model_1_relaxed_repeat096
3.035,0.2964871865498895,2.95,0.32770507344946725,lo_A_model_1_relaxed_repeat082,lo_A_model_1_relaxed_repeat037
3.035,0.3343741023813711,3.04,0.362153628116099,lo_A_model_1_relaxed_repeat082,lo_A_model_1_relaxed_repeat089
2.128,0.2698470636642918,3.06,0.3310519929429115,lo_A_model_1_relaxed_repeat024,lo_A_model_1_relaxed_repeat096
2.1390000000000002,0.2826323245867103,3.09,0.3418229762131839,lo_A_model_1_relaxed_repeat024,lo_A_model_1_relaxed_repeat030
2.1420000000000003,0.2807758839282821,3.09,0.31246035513904713,lo_A_model_1_relaxed_repeat024,lo_A_model_1_relaxed_repeat075
2.191,0.27491984837931244,2.9699999999999998,0.31985238905913826,lo_A_model_1_relaxed_repeat024,lo_A_model_1_relaxed_repeat058
2.29,0.29891575552055855,3.08,0.34467222305369816,lo_A_model_1_relaxed_repeat024,lo_A_model_1_relaxed_repeat039
2.3329999999999997,0.28347342930440994,3.08,0.3343087587977165,lo_A_model_1_relaxed_repeat024,lo_A_model_1_relaxed_repeat018
2.4050000000000002,0.33962827023914927,3.02,0.39032072942246004,lo_A_model_1_relaxed_repeat024,lo_A_model_1_relaxed_repeat001
2.4909999999999997,0.3068269082808864,3.0,0.3481548337578493,lo_A_model_1_relaxed_repeat024,lo_A_model_1_relaxed_repeat020
2.529,0.2981389820983463,3.0700000000000003,0.3546254345862799,lo_A_model_1_relaxed_repeat024,lo_A_model_1_relaxed_repeat089
2.549,0.2996235525580331,3.09,0.34366475663054025,lo_A_model_1_relaxed_repeat024,lo_A_model_1_relaxed_repeat011
2.567,0.36221092267293176,3.06,0.4047460568422225,lo_A_model_1_relaxed_repeat024,lo_A_model_1_relaxed_repeat067
2.5709999999999997,0.33503198873599344,2.99,0.3747855848627145,lo_A_model_1_relaxed_repeat024,lo_A_model_1_relaxed_repeat012
2.5869999999999997,0.3439464866717617,3.05,0.3939266759654593,lo_A_model_1_relaxed_repeat024,lo_A_model_1_relaxed_repeat095
2.6,0.2819916901341616,3.05,0.31231989946115785,lo_A_model_1_relaxed_repeat024,lo_A_model_1_relaxed_repeat051
2.606,0.31462831308294426,3.08,0.3584052261779189,lo_A_model_1_relaxed_repeat024,lo_A_model_1_relaxed_repeat063
2.6399999999999997,0.2831744150805704,3.08,0.33922426864083144,lo_A_model_1_relaxed_repeat024,lo_A_model_1_relaxed_repeat094
2.651,0.30669616686497886,2.91,0.3311690827559097,lo_A_model_1_relaxed_repeat024,lo_A_model_1_relaxed_repeat038
2.673,0.35433212962272514,2.98,0.3963177075553001,lo_A_model_1_relaxed_repeat024,lo_A_model_1_relaxed_repeat061
2.681,0.32780145470283273,3.08,0.35991685576187793,lo_A_model_1_relaxed_repeat024,lo_A_model_1_relaxed_repeat033
2.707,0.315688503413429,3.08,0.3702402266974105,lo_A_model_1_relaxed_repeat024,lo_A_model_1_relaxed_repeat099
2.761,0.3197787253559433,3.06,0.3621119895695056,lo_A_model_1_relaxed_repeat024,lo_A_model_1_relaxed_repeat025
2.763,0.3176057497957025,3.08,0.34814045148876915,lo_A_model_1_relaxed_repeat024,lo_A_model_1_relaxed_repeat036
2.764,0.29615822483003545,2.94,0.33080454230170303,lo_A_model_1_relaxed_repeat024,lo_A_model_1_relaxed_repeat043
2.769,0.3174563302287245,2.96,0.34279988281306684,lo_A_model_1_relaxed_repeat024,lo_A_model_1_relaxed_repeat037
2.772,0.31090682309437667,3.02,0.32869477864841357,lo_A_model_1_relaxed_repeat024,lo_A_model_1_relaxed_repeat026
2.777,0.3068732632763515,3.04,0.3692014737011741,lo_A_model_1_relaxed_repeat024,lo_A_model_1_relaxed_repeat003
2.79,0.30433509456749763,3.02,0.3555759397471075,lo_A_model_1_relaxed_repeat024,lo_A_model_1_relaxed_repeat059
2.828,0.3245222596305347,3.0300000000000002,0.37416038576730615,lo_A_model_1_relaxed_repeat024,lo_A_model_1_relaxed_repeat092
2.828,0.34764851274242087,3.1,0.3780434533841818,lo_A_model_1_relaxed_repeat024,lo_A_model_1_relaxed_repeat093
2.831,0.29170002130964234,3.0300000000000002,0.3320284042523004,lo_A_model_1_relaxed_repeat024,lo_A_model_1_relaxed_repeat016
2.831,0.30468029164100724,3.0300000000000002,0.3447744800011826,lo_A_model_1_relaxed_repeat024,lo_A_model_1_relaxed_repeat054
2.833,0.3285484915531645,3.08,0.36885532248706754,lo_A_model_1_relaxed_repeat024,lo_A_model_1_relaxed_repeat064
2.844,0.3084855832590623,3.06,0.3476385079199961,lo_A_model_1_relaxed_repeat024,lo_A_model_1_relaxed_repeat070
2.847,0.3127719696634484,3.04,0.34830457951977783,lo_A_model_1_relaxed_repeat024,lo_A_model_1_relaxed_repeat065
2.886,0.36024955108340384,3.01,0.4025057779554893,lo_A_model_1_relaxed_repeat024,lo_A_model_1_relaxed_repeat098
2.8970000000000002,0.33609200278311285,3.05,0.3796302319607831,lo_A_model_1_relaxed_repeat024,lo_A_model_1_relaxed_repeat084
2.9429999999999996,0.3221391989797474,2.99,0.36850597330371054,lo_A_model_1_relaxed_repeat024,lo_A_model_1_relaxed_repeat031
2.949,0.3137999800315659,3.05,0.342126314215083,lo_A_model_1_relaxed_repeat024,lo_A_model_1_relaxed_repeat013
2.966,0.3578043218870997,3.06,0.38213757643648394,lo_A_model_1_relaxed_repeat024,lo_A_model_1_relaxed_repeat073
3.014,0.2647665708750498,3.08,0.30839308472584775,lo_A_model_1_relaxed_repeat024,lo_A_model_1_relaxed_repeat035
2.156,0.29989270422709674,2.79,0.3610392327862343,lo_A_model_1_relaxed_repeat065,lo_A_model_1_relaxed_repeat099
2.258,0.3054501137009819,2.83,0.3480475688140454,lo_A_model_1_relaxed_repeat065,lo_A_model_1_relaxed_repeat026
2.259,0.2991567074667015,3.02,0.35436235021564816,lo_A_model_1_relaxed_repeat065,lo_A_model_1_relaxed_repeat020
2.2640000000000002,0.367081364137429,2.94,0.41792833304212645,lo_A_model_1_relaxed_repeat065,lo_A_model_1_relaxed_repeat098
2.273,0.2835222497343385,3.01,0.32700150717366483,lo_A_model_1_relaxed_repeat065,lo_A_model_1_relaxed_repeat037
2.303,0.2995915870433976,2.9,0.3639885942026001,lo_A_model_1_relaxed_repeat065,lo_A_model_1_relaxed_repeat063
2.326,0.2580135572177449,2.94,0.2892372189269379,lo_A_model_1_relaxed_repeat065,lo_A_model_1_relaxed_repeat070
2.365,0.31857585725229454,2.85,0.363178111243518,lo_A_model_1_relaxed_repeat065,lo_A_model_1_relaxed_repeat075
2.41,0.3375075791020982,2.96,0.3976529136962303,lo_A_model_1_relaxed_repeat065,lo_A_model_1_relaxed_repeat067
2.465,0.2913787343127981,2.8499999999999996,0.32357896662095476,lo_A_model_1_relaxed_repeat065,lo_A_model_1_relaxed_repeat095
2.517,0.3510556526316521,2.96,0.40602198013751983,lo_A_model_1_relaxed_repeat065,lo_A_model_1_relaxed_repeat061
2.529,0.3194990821885304,3.01,0.3745700444093369,lo_A_model_1_relaxed_repeat065,lo_A_model_1_relaxed_repeat054
2.55,0.27557609315530446,2.91,0.3086712952745467,lo_A_model_1_relaxed_repeat065,lo_A_model_1_relaxed_repeat092
2.585,0.2878017985530279,2.91,0.33666860719847547,lo_A_model_1_relaxed_repeat065,lo_A_model_1_relaxed_repeat094
2.588,0.273674004874789,2.79,0.300678060618561,lo_A_model_1_relaxed_repeat065,lo_A_model_1_relaxed_repeat001
2.592,0.3054539739240267,3.01,0.35523370775373153,lo_A_model_1_relaxed_repeat065,lo_A_model_1_relaxed_repeat043
2.6,0.2704061968629044,2.9,0.29204370888104353,lo_A_model_1_relaxed_repeat065,lo_A_model_1_relaxed_repeat025
2.604,0.2503462654936919,2.94,0.27379654737820047,lo_A_model_1_relaxed_repeat065,lo_A_model_1_relaxed_repeat016
2.607,0.2944499457111983,2.81,0.33699229284412074,lo_A_model_1_relaxed_repeat065,lo_A_model_1_relaxed_repeat011
2.613,0.31559069805388784,3.01,0.35991133067932035,lo_A_model_1_relaxed_repeat065,lo_A_model_1_relaxed_repeat038
2.623,0.3012262292724801,3.01,0.3448081301797485,lo_A_model_1_relaxed_repeat065,lo_A_model_1_relaxed_repeat051
2.686,0.2557768178385871,3.02,0.28515708594102096,lo_A_model_1_relaxed_repeat065,lo_A_model_1_relaxed_repeat084
2.6879999999999997,0.32138722783364043,2.7800000000000002,0.3517622506364466,lo_A_model_1_relaxed_repeat065,lo_A_model_1_relaxed_repeat033
2.692,0.3124711507141296,2.91,0.3503822560031949,lo_A_model_1_relaxed_repeat065,lo_A_model_1_relaxed_repeat035
2.71,0.3082804085575812,2.98,0.34643873876037157,lo_A_model_1_relaxed_repeat065,lo_A_model_1_relaxed_repeat058
2.7119999999999997,0.2816513078745913,2.9699999999999998,0.3070999613580152,lo_A_model_1_relaxed_repeat065,lo_A_model_1_relaxed_repeat031
2.713,0.3227812397822476,2.79,0.35396171887129735,lo_A_model_1_relaxed_repeat065,lo_A_model_1_relaxed_repeat018
2.768,0.3035001358730573,2.9,0.31429531505318,lo_A_model_1_relaxed_repeat065,lo_A_model_1_relaxed_repeat013
2.77,0.31359228607925294,3.04,0.3538868582479851,lo_A_model_1_relaxed_repeat065,lo_A_model_1_relaxed_repeat036
2.782,0.3332383256591683,2.8,0.36200972963315514,lo_A_model_1_relaxed_repeat065,lo_A_model_1_relaxed_repeat030
2.787,0.3153089172616611,2.8,0.34989137901662765,lo_A_model_1_relaxed_repeat065,lo_A_model_1_relaxed_repeat039
2.801,0.3466361864833002,3.01,0.40085602251536445,lo_A_model_1_relaxed_repeat065,lo_A_model_1_relaxed_repeat012
2.815,0.29831401828443654,2.9299999999999997,0.32381037917199873,lo_A_model_1_relaxed_repeat065,lo_A_model_1_relaxed_repeat003
2.83,0.352071864819015,2.94,0.38952819853446424,lo_A_model_1_relaxed_repeat065,lo_A_model_1_relaxed_repeat093
2.831,0.27587266298105273,2.88,0.284249482392393,lo_A_model_1_relaxed_repeat065,lo_A_model_1_relaxed_repeat059
2.834,0.28836683292126625,3.01,0.3428174520591646,lo_A_model_1_relaxed_repeat065,lo_A_model_1_relaxed_repeat096
2.84,0.3286593781384315,2.8899999999999997,0.3657521303929499,lo_A_model_1_relaxed_repeat065,lo_A_model_1_relaxed_repeat064
2.857,0.33712943477838214,3.0300000000000002,0.3811705861379742,lo_A_model_1_relaxed_repeat065,lo_A_model_1_relaxed_repeat089
2.973,0.35480576846118683,2.99,0.40324814953095944,lo_A_model_1_relaxed_repeat065,lo_A_model_1_relaxed_repeat073
2.247,0.33451415541300167,2.77,0.3636899196483058,lo_A_model_1_relaxed_repeat001,lo_A_model_1_relaxed_repeat039
2.274,0.28862030589135323,2.67,0.3067933277024564,lo_A_model_1_relaxed_repeat001,lo_A_model_1_relaxed_repeat059
2.3289999999999997,0.28901536063647904,2.8,0.323069727212123,lo_A_model_1_relaxed_repeat001,lo_A_model_1_relaxed_repeat094
2.3449999999999998,0.3552416639009304,2.98,0.3914305226694173,lo_A_model_1_relaxed_repeat001,lo_A_model_1_relaxed_repeat089
2.3529999999999998,0.3222009325181938,2.98,0.3514852198879974,lo_A_model_1_relaxed_repeat001,lo_A_model_1_relaxed_repeat018
2.3579999999999997,0.3324612477551953,3.01,0.36881921163718584,lo_A_model_1_relaxed_repeat001,lo_A_model_1_relaxed_repeat051
2.3689999999999998,0.3212254000756963,2.99,0.35819328866657973,lo_A_model_1_relaxed_repeat001,lo_A_model_1_relaxed_repeat063
2.393,0.33332585156124206,3.01,0.37069443396988283,lo_A_model_1_relaxed_repeat001,lo_A_model_1_relaxed_repeat043
2.3979999999999997,0.27944068139875566,2.91,0.30247075078209434,lo_A_model_1_relaxed_repeat001,lo_A_model_1_relaxed_repeat003
2.4130000000000003,0.3455071800193468,2.96,0.39769280960994335,lo_A_model_1_relaxed_repeat001,lo_A_model_1_relaxed_repeat067
2.4290000000000003,0.34580866516637315,2.92,0.36588618976761195,lo_A_model_1_relaxed_repeat001,lo_A_model_1_relaxed_repeat030
2.434,0.33123832643344026,3.01,0.36883305907273267,lo_A_model_1_relaxed_repeat001,lo_A_model_1_relaxed_repeat038
2.439,0.30815687948644144,3.01,0.35614177948655673,lo_A_model_1_relaxed_repeat001,lo_A_model_1_relaxed_repeat096
2.44,0.3418447354808403,2.92,0.3786124807590899,lo_A_model_1_relaxed_repeat001,lo_A_model_1_relaxed_repeat075
2.463,0.2995044328441169,2.91,0.315190520761146,lo_A_model_1_relaxed_repeat001,lo_A_model_1_relaxed_repeat070
2.509,0.3319225675425866,2.88,0.3485915252873281,lo_A_model_1_relaxed_repeat001,lo_A_model_1_relaxed_repeat033
2.5309999999999997,0.31154835253242025,2.8499999999999996,0.3436640489500939,lo_A_model_1_relaxed_repeat001,lo_A_model_1_relaxed_repeat095
2.535,0.3810312289365436,2.91,0.4243492704016526,lo_A_model_1_relaxed_repeat001,lo_A_model_1_relaxed_repeat061
2.559,0.32686160660322994,2.9699999999999998,0.3360042918180833,lo_A_model_1_relaxed_repeat001,lo_A_model_1_relaxed_repeat013
2.5599999999999996,0.3245194356145089,2.98,0.3561747573830193,lo_A_model_1_relaxed_repeat001,lo_A_model_1_relaxed_repeat058
2.561,0.30110965022600567,2.9,0.31490998327768877,lo_A_model_1_relaxed_repeat001,lo_A_model_1_relaxed_repeat025
2.567,0.3315145618536689,2.76,0.3715997200366686,lo_A_model_1_relaxed_repeat001,lo_A_model_1_relaxed_repeat011
2.5869999999999997,0.3693209462965654,3.01,0.40337066947871675,lo_A_model_1_relaxed_repeat001,lo_A_model_1_relaxed_repeat012
2.591,0.33977852838988015,2.99,0.37329089785394026,lo_A_model_1_relaxed_repeat001,lo_A_model_1_relaxed_repeat036
2.6550000000000002,0.302413642008219,2.91,0.32703208664265404,lo_A_model_1_relaxed_repeat001,lo_A_model_1_relaxed_repeat092
2.657,0.39277879631240026,2.94,0.4282649895655185,lo_A_model_1_relaxed_repeat001,lo_A_model_1_relaxed_repeat098
2.661,0.3416773875982932,2.98,0.3793467014296431,lo_A_model_1_relaxed_repeat001,lo_A_model_1_relaxed_repeat064
2.662,0.35521247746776013,2.9299999999999997,0.38668374734115324,lo_A_model_1_relaxed_repeat001,lo_A_model_1_relaxed_repeat026
2.665,0.3309210154325887,2.79,0.3707275065599688,lo_A_model_1_relaxed_repeat001,lo_A_model_1_relaxed_repeat035
2.669,0.3318286736699044,2.81,0.3643836585849821,lo_A_model_1_relaxed_repeat001,lo_A_model_1_relaxed_repeat099
2.6719999999999997,0.3194101399175006,3.01,0.35109646360011026,lo_A_model_1_relaxed_repeat001,lo_A_model_1_relaxed_repeat037
2.674,0.3138000762265222,3.02,0.36402691343538496,lo_A_model_1_relaxed_repeat001,lo_A_model_1_relaxed_repeat020
2.6799999999999997,0.27873948846915425,2.94,0.29671390535480685,lo_A_model_1_relaxed_repeat001,lo_A_model_1_relaxed_repeat016
2.686,0.3211493397569475,2.95,0.3373276701984957,lo_A_model_1_relaxed_repeat001,lo_A_model_1_relaxed_repeat031
2.761,0.27467824277312675,2.9299999999999997,0.28038339784196875,lo_A_model_1_relaxed_repeat001,lo_A_model_1_relaxed_repeat084
2.79,0.33247009395771493,3.01,0.3826479161761294,lo_A_model_1_relaxed_repeat001,lo_A_model_1_relaxed_repeat054
2.794,0.37214548318914603,2.99,0.4044918039421395,lo_A_model_1_relaxed_repeat001,lo_A_model_1_relaxed_repeat073
2.881,0.3781590199229289,3.09,0.41379827558308707,lo_A_model_1_relaxed_repeat001,lo_A_model_1_relaxed_repeat093
2.266,0.3003044968761922,3.08,0.36536363605621375,lo_A_model_1_relaxed_repeat064,lo_A_model_1_relaxed_repeat038
2.3810000000000002,0.30457228012368837,3.08,0.3724871362432086,lo_A_model_1_relaxed_repeat064,lo_A_model_1_relaxed_repeat036
2.45,0.3350833295886866,3.06,0.40012330002356195,lo_A_model_1_relaxed_repeat064,lo_A_model_1_relaxed_repeat073
2.667,0.3044572449787139,2.91,0.3454339809473484,lo_A_model_1_relaxed_repeat064,lo_A_model_1_relaxed_repeat033
2.747,0.3219569538221674,2.87,0.3739472777325771,lo_A_model_1_relaxed_repeat064,lo_A_model_1_relaxed_repeat013
2.7640000000000002,0.30455077778884143,3.02,0.34514192307982366,lo_A_model_1_relaxed_repeat064,lo_A_model_1_relaxed_repeat094
2.767,0.31545987322731733,2.88,0.3657571761074632,lo_A_model_1_relaxed_repeat064,lo_A_model_1_relaxed_repeat063
2.768,0.33931711527865793,3.06,0.3885370381867325,lo_A_model_1_relaxed_repeat064,lo_A_model_1_relaxed_repeat011
2.7720000000000002,0.3215454699889057,3.02,0.3731818873284754,lo_A_model_1_relaxed_repeat064,lo_A_model_1_relaxed_repeat018
2.7800000000000002,0.3249989624722077,2.87,0.3767355830961756,lo_A_model_1_relaxed_repeat064,lo_A_model_1_relaxed_repeat003
2.7880000000000003,0.331876898597362,2.88,0.37661115977256443,lo_A_model_1_relaxed_repeat064,lo_A_model_1_relaxed_repeat030
2.792,0.33683386335424464,3.0300000000000002,0.406379069955447,lo_A_model_1_relaxed_repeat064,lo_A_model_1_relaxed_repeat067
2.793,0.31970663501867497,3.08,0.3798276847468376,lo_A_model_1_relaxed_repeat064,lo_A_model_1_relaxed_repeat043
2.794,0.3437370934499909,2.99,0.39169632189196135,lo_A_model_1_relaxed_repeat064,lo_A_model_1_relaxed_repeat031
2.799,0.3207869392166083,2.91,0.3785280958043996,lo_A_model_1_relaxed_repeat064,lo_A_model_1_relaxed_repeat059
2.808,0.35781310128423716,3.05,0.4061348571281897,lo_A_model_1_relaxed_repeat064,lo_A_model_1_relaxed_repeat093
2.8129999999999997,0.3130745960919998,3.05,0.3629542193984153,lo_A_model_1_relaxed_repeat064,lo_A_model_1_relaxed_repeat058
2.822,0.3244584730212906,3.08,0.36164716164778204,lo_A_model_1_relaxed_repeat064,lo_A_model_1_relaxed_repeat037
2.839,0.34132020551024594,2.99,0.38365671499953524,lo_A_model_1_relaxed_repeat064,lo_A_model_1_relaxed_repeat084
2.841,0.36044328295710887,2.89,0.42257447219319366,lo_A_model_1_relaxed_repeat064,lo_A_model_1_relaxed_repeat061
2.846,0.318667574716923,2.89,0.3662956895580962,lo_A_model_1_relaxed_repeat064,lo_A_model_1_relaxed_repeat099
2.848,0.3098095085961616,3.06,0.36646632581210015,lo_A_model_1_relaxed_repeat064,lo_A_model_1_relaxed_repeat070
2.852,0.3724661580771232,3.08,0.4186399055624387,lo_A_model_1_relaxed_repeat064,lo_A_model_1_relaxed_repeat098
2.854,0.322397484787684,3.08,0.37063611559854764,lo_A_model_1_relaxed_repeat064,lo_A_model_1_relaxed_repeat054
2.87,0.3439671928495441,3.08,0.38771673065936973,lo_A_model_1_relaxed_repeat064,lo_A_model_1_relaxed_repeat051
2.888,0.31928356629828997,3.06,0.36554449167429565,lo_A_model_1_relaxed_repeat064,lo_A_model_1_relaxed_repeat075
2.893,0.34256606935612566,3.08,0.3898963583353974,lo_A_model_1_relaxed_repeat064,lo_A_model_1_relaxed_repeat096
2.896,0.36522899199698794,3.04,0.40466005090127444,lo_A_model_1_relaxed_repeat064,lo_A_model_1_relaxed_repeat089
2.899,0.2958635980811561,2.91,0.3498732654259249,lo_A_model_1_relaxed_repeat064,lo_A_model_1_relaxed_repeat026
2.904,0.3257654355931299,2.9699999999999998,0.3699969840962806,lo_A_model_1_relaxed_repeat064,lo_A_model_1_relaxed_repeat039
2.9130000000000003,0.3067084321873482,2.89,0.34771672979222074,lo_A_model_1_relaxed_repeat064,lo_A_model_1_relaxed_repeat035
2.917,0.35167173371991095,3.08,0.38659190979769614,lo_A_model_1_relaxed_repeat064,lo_A_model_1_relaxed_repeat012
2.924,0.323257875506929,2.9,0.3761829981121815,lo_A_model_1_relaxed_repeat064,lo_A_model_1_relaxed_repeat025
2.9290000000000003,0.3056482288041296,2.98,0.3654983859063444,lo_A_model_1_relaxed_repeat064,lo_A_model_1_relaxed_repeat092
2.957,0.34531409268044594,3.09,0.39776327421922275,lo_A_model_1_relaxed_repeat064,lo_A_model_1_relaxed_repeat020
2.966,0.3181540556827044,3.01,0.3682482213176006,lo_A_model_1_relaxed_repeat064,lo_A_model_1_relaxed_repeat016
3.0469999999999997,0.33326799889039194,2.9299999999999997,0.3921610643972506,lo_A_model_1_relaxed_repeat064,lo_A_model_1_relaxed_repeat095
2.028,0.2820739673080523,3.01,0.32603105954535827,lo_A_model_1_relaxed_repeat016,lo_A_model_1_relaxed_repeat018
2.278,0.32863106621621063,2.95,0.38267513312303114,lo_A_model_1_relaxed_repeat016,lo_A_model_1_relaxed_repeat067
2.298,0.29958055704162057,3.01,0.3558790120878656,lo_A_model_1_relaxed_repeat016,lo_A_model_1_relaxed_repeat035
2.3920000000000003,0.3014377911228523,3.01,0.360584329464304,lo_A_model_1_relaxed_repeat016,lo_A_model_1_relaxed_repeat099
2.4379999999999997,0.26851047085984076,3.01,0.31294288216290117,lo_A_model_1_relaxed_repeat016,lo_A_model_1_relaxed_repeat094
2.456,0.260437298696284,2.94,0.29130386182500756,lo_A_model_1_relaxed_repeat016,lo_A_model_1_relaxed_repeat003
2.457,0.2404526323070822,2.9699999999999998,0.28246938887413964,lo_A_model_1_relaxed_repeat016,lo_A_model_1_relaxed_repeat025
2.463,0.3082623750078714,3.01,0.3579938538966192,lo_A_model_1_relaxed_repeat016,lo_A_model_1_relaxed_repeat063
2.5039999999999996,0.3397680951945904,2.96,0.3870460006004839,lo_A_model_1_relaxed_repeat016,lo_A_model_1_relaxed_repeat061
2.5300000000000002,0.2985537686744208,3.02,0.3508561366319582,lo_A_model_1_relaxed_repeat016,lo_A_model_1_relaxed_repeat011
2.55,0.31327841420510755,2.91,0.3485446135568372,lo_A_model_1_relaxed_repeat016,lo_A_model_1_relaxed_repeat054
2.553,0.2557201259827197,2.81,0.2774011829625333,lo_A_model_1_relaxed_repeat016,lo_A_model_1_relaxed_repeat092
2.573,0.36808834465474777,2.79,0.3974969250652609,lo_A_model_1_relaxed_repeat016,lo_A_model_1_relaxed_repeat098
2.599,0.25700014528811377,2.99,0.2795687461681807,lo_A_model_1_relaxed_repeat016,lo_A_model_1_relaxed_repeat070
2.607,0.30324758649071937,2.98,0.33267369638875216,lo_A_model_1_relaxed_repeat016,lo_A_model_1_relaxed_repeat051
2.613,0.2992979764111914,2.94,0.34222903925234377,lo_A_model_1_relaxed_repeat016,lo_A_model_1_relaxed_repeat026
2.62,0.3063824178701699,3.01,0.3463750561778419,lo_A_model_1_relaxed_repeat016,lo_A_model_1_relaxed_repeat036
2.67,0.26322767333896513,2.96,0.27549497657363997,lo_A_model_1_relaxed_repeat016,lo_A_model_1_relaxed_repeat031
2.694,0.27391962732115355,2.7199999999999998,0.3134854134324387,lo_A_model_1_relaxed_repeat016,lo_A_model_1_relaxed_repeat058
2.715,0.3014163191084595,3.02,0.341287975348254,lo_A_model_1_relaxed_repeat016,lo_A_model_1_relaxed_repeat075
2.7199999999999998,0.2544154938102257,2.96,0.2824427474363595,lo_A_model_1_relaxed_repeat016,lo_A_model_1_relaxed_repeat013
2.7430000000000003,0.2798432986813893,2.8499999999999996,0.3114180497606685,lo_A_model_1_relaxed_repeat016,lo_A_model_1_relaxed_repeat095
2.7510000000000003,0.2977788768760989,2.81,0.3277052480716992,lo_A_model_1_relaxed_repeat016,lo_A_model_1_relaxed_repeat038
2.766,0.30878919987117676,3.02,0.3297148809474162,lo_A_model_1_relaxed_repeat016,lo_A_model_1_relaxed_repeat030
2.792,0.3262437396830833,3.01,0.3517709132282247,lo_A_model_1_relaxed_repeat016,lo_A_model_1_relaxed_repeat033
2.818,0.29230760396574457,2.84,0.3291471617335523,lo_A_model_1_relaxed_repeat016,lo_A_model_1_relaxed_repeat096
2.8230000000000004,0.3317150417989075,2.8899999999999997,0.36360270100398906,lo_A_model_1_relaxed_repeat016,lo_A_model_1_relaxed_repeat073
2.831,0.23881274711187161,2.92,0.26286171345514026,lo_A_model_1_relaxed_repeat016,lo_A_model_1_relaxed_repeat059
2.834,0.3036891929162684,2.79,0.3396366820922082,lo_A_model_1_relaxed_repeat016,lo_A_model_1_relaxed_repeat043
2.8529999999999998,0.2989263324256555,3.01,0.3451871835720904,lo_A_model_1_relaxed_repeat016,lo_A_model_1_relaxed_repeat039
2.854,0.3317892254560949,3.0,0.38290826715893095,lo_A_model_1_relaxed_repeat016,lo_A_model_1_relaxed_repeat012
2.8659999999999997,0.3552327315468434,3.0700000000000003,0.40105226399427746,lo_A_model_1_relaxed_repeat016,lo_A_model_1_relaxed_repeat093
2.878,0.2429010719577541,2.88,0.25877796891542815,lo_A_model_1_relaxed_repeat016,lo_A_model_1_relaxed_repeat084
2.883,0.28193075226037356,2.8,0.31628331588694436,lo_A_model_1_relaxed_repeat016,lo_A_model_1_relaxed_repeat037
2.946,0.3164166663181497,3.04,0.3646523419259816,lo_A_model_1_relaxed_repeat016,lo_A_model_1_relaxed_repeat089
2.951,0.2944614244210997,2.99,0.33784065624621845,lo_A_model_1_relaxed_repeat016,lo_A_model_1_relaxed_repeat020
2.372,0.31860397202031937,3.0,0.3728081964751907,lo_A_model_1_relaxed_repeat084,lo_A_model_1_relaxed_repeat063
2.395,0.3176273376269924,3.0300000000000002,0.36898302026214425,lo_A_model_1_relaxed_repeat084,lo_A_model_1_relaxed_repeat099
2.411,0.3394408517628566,2.99,0.39609365809107744,lo_A_model_1_relaxed_repeat084,lo_A_model_1_relaxed_repeat067
2.4219999999999997,0.2980185489325595,2.9299999999999997,0.3359831728193239,lo_A_model_1_relaxed_repeat084,lo_A_model_1_relaxed_repeat094
2.448,0.2935363072302553,3.02,0.3419762476169825,lo_A_model_1_relaxed_repeat084,lo_A_model_1_relaxed_repeat051
2.552,0.3642188749106802,3.04,0.41810123285586437,lo_A_model_1_relaxed_repeat084,lo_A_model_1_relaxed_repeat061
2.5709999999999997,0.3111423495114633,2.91,0.3513164695862907,lo_A_model_1_relaxed_repeat084,lo_A_model_1_relaxed_repeat011
2.597,0.3271491131015754,3.02,0.3543161621707277,lo_A_model_1_relaxed_repeat084,lo_A_model_1_relaxed_repeat036
2.6100000000000003,0.38722279170379215,3.0,0.42598098515529653,lo_A_model_1_relaxed_repeat084,lo_A_model_1_relaxed_repeat098
2.651,0.3179580860618764,2.92,0.36154587818349354,lo_A_model_1_relaxed_repeat084,lo_A_model_1_relaxed_repeat058
2.652,0.3289574057855714,2.9699999999999998,0.3773657659568048,lo_A_model_1_relaxed_repeat084,lo_A_model_1_relaxed_repeat054
2.654,0.3285923177766939,3.02,0.37099907646156777,lo_A_model_1_relaxed_repeat084,lo_A_model_1_relaxed_repeat075
2.66,0.32383896190467326,3.0300000000000002,0.3630312692207735,lo_A_model_1_relaxed_repeat084,lo_A_model_1_relaxed_repeat026
2.675,0.28400749199249725,3.0,0.3065562561707474,lo_A_model_1_relaxed_repeat084,lo_A_model_1_relaxed_repeat092
2.6820000000000004,0.303714319215788,2.92,0.32852320530437734,lo_A_model_1_relaxed_repeat084,lo_A_model_1_relaxed_repeat095
2.685,0.29649029831633306,2.9699999999999998,0.32018556851185814,lo_A_model_1_relaxed_repeat084,lo_A_model_1_relaxed_repeat031
2.7009999999999996,0.27117525334320436,3.0,0.2952412752081799,lo_A_model_1_relaxed_repeat084,lo_A_model_1_relaxed_repeat070
2.725,0.3396713517235272,3.02,0.3650716511090538,lo_A_model_1_relaxed_repeat084,lo_A_model_1_relaxed_repeat030
2.731,0.33007056340127383,2.91,0.35774180473563316,lo_A_model_1_relaxed_repeat084,lo_A_model_1_relaxed_repeat033
2.7430000000000003,0.3106713262619732,2.96,0.35478365932116457,lo_A_model_1_relaxed_repeat084,lo_A_model_1_relaxed_repeat096
2.75,0.3480799112367458,2.9299999999999997,0.38365395560816407,lo_A_model_1_relaxed_repeat084,lo_A_model_1_relaxed_repeat073
2.773,0.3374862014876514,2.95,0.3741429118063519,lo_A_model_1_relaxed_repeat084,lo_A_model_1_relaxed_repeat043
2.792,0.30579720855672843,2.98,0.336447059354383,lo_A_model_1_relaxed_repeat084,lo_A_model_1_relaxed_repeat039
2.793,0.3494016483563091,2.95,0.40063861753430574,lo_A_model_1_relaxed_repeat084,lo_A_model_1_relaxed_repeat012
2.822,0.29287554276164063,2.95,0.33333134477232307,lo_A_model_1_relaxed_repeat084,lo_A_model_1_relaxed_repeat037
2.881,0.36755634099473283,3.0,0.39988857532474015,lo_A_model_1_relaxed_repeat084,lo_A_model_1_relaxed_repeat093
2.886,0.3237745891038335,2.94,0.3642374204091657,lo_A_model_1_relaxed_repeat084,lo_A_model_1_relaxed_repeat035
2.891,0.32251500502959823,3.0,0.36235515580897254,lo_A_model_1_relaxed_repeat084,lo_A_model_1_relaxed_repeat038
2.896,0.3160968586277547,2.99,0.37431837909330423,lo_A_model_1_relaxed_repeat084,lo_A_model_1_relaxed_repeat020
2.898,0.29017276191892416,2.86,0.3162302089686842,lo_A_model_1_relaxed_repeat084,lo_A_model_1_relaxed_repeat003
2.934,0.3175883863096084,2.9699999999999998,0.3488090098060662,lo_A_model_1_relaxed_repeat084,lo_A_model_1_relaxed_repeat018
2.934,0.2964755623730332,2.82,0.30329020743912793,lo_A_model_1_relaxed_repeat084,lo_A_model_1_relaxed_repeat059
2.9530000000000003,0.2900802972056109,2.94,0.31429313017280497,lo_A_model_1_relaxed_repeat084,lo_A_model_1_relaxed_repeat025
2.971,0.28549726064694536,2.94,0.29536723341479043,lo_A_model_1_relaxed_repeat084,lo_A_model_1_relaxed_repeat013
3.012,0.33937378205821656,3.06,0.38222902451499957,lo_A_model_1_relaxed_repeat084,lo_A_model_1_relaxed_repeat089
2.16,0.2818470054441336,3.01,0.3148287905862077,lo_A_model_1_relaxed_repeat038,lo_A_model_1_relaxed_repeat026
2.1879999999999997,0.29434164601355434,3.08,0.3416588330865122,lo_A_model_1_relaxed_repeat038,lo_A_model_1_relaxed_repeat036
2.347,0.28910302800410875,2.66,0.32010128940580057,lo_A_model_1_relaxed_repeat038,lo_A_model_1_relaxed_repeat043
2.376,0.27481324234616605,3.08,0.3153268395439354,lo_A_model_1_relaxed_repeat038,lo_A_model_1_relaxed_repeat033
2.5,0.3194944853675217,3.08,0.3607454133026283,lo_A_model_1_relaxed_repeat038,lo_A_model_1_relaxed_repeat035
2.5140000000000002,0.2915285702913821,2.9299999999999997,0.31220609641397834,lo_A_model_1_relaxed_repeat038,lo_A_model_1_relaxed_repeat058
2.542,0.3223323483229591,3.0700000000000003,0.3794186125481005,lo_A_model_1_relaxed_repeat038,lo_A_model_1_relaxed_repeat067
2.543,0.28539308534310975,3.09,0.3225948973730967,lo_A_model_1_relaxed_repeat038,lo_A_model_1_relaxed_repeat011
2.576,0.31563796423041274,3.0300000000000002,0.36023232052335663,lo_A_model_1_relaxed_repeat038,lo_A_model_1_relaxed_repeat013
2.5780000000000003,0.29912873865441997,2.99,0.34635337169280694,lo_A_model_1_relaxed_repeat038,lo_A_model_1_relaxed_repeat059
2.591,0.30439093106190346,3.08,0.35482414189823636,lo_A_model_1_relaxed_repeat038,lo_A_model_1_relaxed_repeat039
2.5949999999999998,0.27238354049583685,2.94,0.30952610415914367,lo_A_model_1_relaxed_repeat038,lo_A_model_1_relaxed_repeat037
2.605,0.3362030153419742,2.94,0.37191716123509694,lo_A_model_1_relaxed_repeat038,lo_A_model_1_relaxed_repeat012
2.612,0.26767262850635687,3.09,0.31159858260424234,lo_A_model_1_relaxed_repeat038,lo_A_model_1_relaxed_repeat075
2.618,0.33196973119856243,2.8899999999999997,0.36053397848517166,lo_A_model_1_relaxed_repeat038,lo_A_model_1_relaxed_repeat031
2.623,0.3143679873548412,3.01,0.3649523064456113,lo_A_model_1_relaxed_repeat038,lo_A_model_1_relaxed_repeat003
2.6390000000000002,0.2902786432051132,3.06,0.3220691330543499,lo_A_model_1_relaxed_repeat038,lo_A_model_1_relaxed_repeat070
2.669,0.31888403361655643,3.0700000000000003,0.36414605065669714,lo_A_model_1_relaxed_repeat038,lo_A_model_1_relaxed_repeat089
2.6870000000000003,0.30035887357086866,3.09,0.32826657055627556,lo_A_model_1_relaxed_repeat038,lo_A_model_1_relaxed_repeat030
2.69,0.3153933252977086,3.0300000000000002,0.3702347011094171,lo_A_model_1_relaxed_repeat038,lo_A_model_1_relaxed_repeat095
2.752,0.3388439337584802,2.95,0.3587894924004025,lo_A_model_1_relaxed_repeat038,lo_A_model_1_relaxed_repeat073
2.7960000000000003,0.32549524498283805,3.04,0.36686648216587847,lo_A_model_1_relaxed_repeat038,lo_A_model_1_relaxed_repeat025
2.802,0.3625586418947829,3.1100000000000003,0.3977177380273991,lo_A_model_1_relaxed_repeat038,lo_A_model_1_relaxed_repeat093
2.837,0.3580015037412173,2.98,0.38997351437889255,lo_A_model_1_relaxed_repeat038,lo_A_model_1_relaxed_repeat098
2.837,0.3098867230390483,2.94,0.35239511573880605,lo_A_model_1_relaxed_repeat038,lo_A_model_1_relaxed_repeat092
2.843,0.33095908058036116,2.9000000000000004,0.3737954808668132,lo_A_model_1_relaxed_repeat038,lo_A_model_1_relaxed_repeat061
2.845,0.3132836502174383,2.91,0.3297855548083162,lo_A_model_1_relaxed_repeat038,lo_A_model_1_relaxed_repeat096
2.856,0.3129908558130791,3.08,0.34690175807682994,lo_A_model_1_relaxed_repeat038,lo_A_model_1_relaxed_repeat018
2.867,0.3094602269206492,3.0,0.3410758036898263,lo_A_model_1_relaxed_repeat038,lo_A_model_1_relaxed_repeat020
2.88,0.3035659200423506,3.08,0.34965480627030654,lo_A_model_1_relaxed_repeat038,lo_A_model_1_relaxed_repeat063
2.8920000000000003,0.31549534321124745,3.08,0.3620207156633234,lo_A_model_1_relaxed_repeat038,lo_A_model_1_relaxed_repeat099
2.893,0.30553983511821003,3.0300000000000002,0.3428107750170802,lo_A_model_1_relaxed_repeat038,lo_A_model_1_relaxed_repeat054
2.898,0.3046893260482312,2.91,0.3217936587291354,lo_A_model_1_relaxed_repeat038,lo_A_model_1_relaxed_repeat051
2.9080000000000004,0.2936968262529797,3.08,0.3276754299769614,lo_A_model_1_relaxed_repeat038,lo_A_model_1_relaxed_repeat094
2.395,0.3479414845645354,3.09,0.3905284560236739,lo_A_model_1_relaxed_repeat012,lo_A_model_1_relaxed_repeat011
2.511,0.3459361125864374,3.08,0.3877193873396418,lo_A_model_1_relaxed_repeat012,lo_A_model_1_relaxed_repeat033
2.523,0.3525814566138236,3.09,0.37848806967211024,lo_A_model_1_relaxed_repeat012,lo_A_model_1_relaxed_repeat030
2.534,0.3208057465798058,3.09,0.36620581000165736,lo_A_model_1_relaxed_repeat012,lo_A_model_1_relaxed_repeat075
2.5410000000000004,0.3260310213699995,2.98,0.39878169258440943,lo_A_model_1_relaxed_repeat012,lo_A_model_1_relaxed_repeat095
2.567,0.3240875599201439,3.08,0.37703989763192797,lo_A_model_1_relaxed_repeat012,lo_A_model_1_relaxed_repeat039
2.604,0.3540697461258195,3.08,0.3992447447838006,lo_A_model_1_relaxed_repeat012,lo_A_model_1_relaxed_repeat036
2.632,0.33176891530349784,2.92,0.3667775615891254,lo_A_model_1_relaxed_repeat012,lo_A_model_1_relaxed_repeat058
2.6710000000000003,0.3078728840487174,2.96,0.3591343510683856,lo_A_model_1_relaxed_repeat012,lo_A_model_1_relaxed_repeat037
2.673,0.33065838860836655,2.99,0.37523219325573315,lo_A_model_1_relaxed_repeat012,lo_A_model_1_relaxed_repeat059
2.709,0.37037023776026873,2.91,0.4186627666275434,lo_A_model_1_relaxed_repeat012,lo_A_model_1_relaxed_repeat067
2.718,0.3263347693521576,2.98,0.36155929195954706,lo_A_model_1_relaxed_repeat012,lo_A_model_1_relaxed_repeat043
2.7640000000000002,0.35229188826177943,3.0700000000000003,0.4065073329363744,lo_A_model_1_relaxed_repeat012,lo_A_model_1_relaxed_repeat089
2.798,0.3345560297662153,3.06,0.38611038619679927,lo_A_model_1_relaxed_repeat012,lo_A_model_1_relaxed_repeat070
2.822,0.3624701584086155,3.01,0.3869891112758417,lo_A_model_1_relaxed_repeat012,lo_A_model_1_relaxed_repeat003
2.8360000000000003,0.3343007229883865,3.01,0.3738040921187092,lo_A_model_1_relaxed_repeat012,lo_A_model_1_relaxed_repeat026
2.855,0.3209905582467309,3.05,0.37212697234670533,lo_A_model_1_relaxed_repeat012,lo_A_model_1_relaxed_repeat073
2.8970000000000002,0.3533131990106454,2.87,0.3853686713726694,lo_A_model_1_relaxed_repeat012,lo_A_model_1_relaxed_repeat031
2.899,0.34474087758090183,3.04,0.3814756754855078,lo_A_model_1_relaxed_repeat012,lo_A_model_1_relaxed_repeat025
2.903,0.3587687117838994,3.0300000000000002,0.39737331413525784,lo_A_model_1_relaxed_repeat012,lo_A_model_1_relaxed_repeat013
2.9050000000000002,0.33364679610233966,3.06,0.39736949792691634,lo_A_model_1_relaxed_repeat012,lo_A_model_1_relaxed_repeat093
2.9400000000000004,0.32131113146695983,3.0300000000000002,0.3804390581513626,lo_A_model_1_relaxed_repeat012,lo_A_model_1_relaxed_repeat092
2.9400000000000004,0.3756105724629204,3.0700000000000003,0.4131135831923537,lo_A_model_1_relaxed_repeat012,lo_A_model_1_relaxed_repeat098
2.946,0.37250754060979596,3.05,0.41836667217780066,lo_A_model_1_relaxed_repeat012,lo_A_model_1_relaxed_repeat061
2.9480000000000004,0.33617535447389796,2.9299999999999997,0.35974299362076184,lo_A_model_1_relaxed_repeat012,lo_A_model_1_relaxed_repeat096
2.959,0.3394863379823715,3.08,0.37992571369362194,lo_A_model_1_relaxed_repeat012,lo_A_model_1_relaxed_repeat018
2.968,0.33663415868776897,3.08,0.3821132414973483,lo_A_model_1_relaxed_repeat012,lo_A_model_1_relaxed_repeat035
2.97,0.35512882749809493,3.06,0.4009170817485434,lo_A_model_1_relaxed_repeat012,lo_A_model_1_relaxed_repeat020
2.983,0.3578170662961188,3.08,0.39866777431533057,lo_A_model_1_relaxed_repeat012,lo_A_model_1_relaxed_repeat063
2.995,0.3239668848652133,3.08,0.3746422614099146,lo_A_model_1_relaxed_repeat012,lo_A_model_1_relaxed_repeat099
2.996,0.34677951874481716,2.92,0.4005830514585956,lo_A_model_1_relaxed_repeat012,lo_A_model_1_relaxed_repeat054
3.0010000000000003,0.33317591662109824,2.94,0.3773500706540331,lo_A_model_1_relaxed_repeat012,lo_A_model_1_relaxed_repeat051
3.011,0.3360802304750548,3.08,0.3915579826681231,lo_A_model_1_relaxed_repeat012,lo_A_model_1_relaxed_repeat094
2.1470000000000002,0.30269940802154727,3.09,0.3621855451266829,lo_A_model_1_relaxed_repeat020,lo_A_model_1_relaxed_repeat063
2.335,0.33665425521393316,3.09,0.3857293038533837,lo_A_model_1_relaxed_repeat020,lo_A_model_1_relaxed_repeat035
2.379,0.32828427089625034,3.02,0.38073361156546126,lo_A_model_1_relaxed_repeat020,lo_A_model_1_relaxed_repeat003
2.449,0.29621176887012335,3.02,0.3254488262131973,lo_A_model_1_relaxed_repeat020,lo_A_model_1_relaxed_repeat051
2.464,0.3195605141041913,3.0,0.3529615151647706,lo_A_model_1_relaxed_repeat020,lo_A_model_1_relaxed_repeat058
2.467,0.3090255287128887,3.05,0.3583905367389523,lo_A_model_1_relaxed_repeat020,lo_A_model_1_relaxed_repeat025
2.4779999999999998,0.2858261093862262,2.9699999999999998,0.3218342458955967,lo_A_model_1_relaxed_repeat020,lo_A_model_1_relaxed_repeat096
2.5460000000000003,0.3553755389396982,2.99,0.40349613049538613,lo_A_model_1_relaxed_repeat020,lo_A_model_1_relaxed_repeat098
2.5469999999999997,0.29852312151197474,3.09,0.34359327354472297,lo_A_model_1_relaxed_repeat020,lo_A_model_1_relaxed_repeat094
2.659,0.33046377996876547,2.94,0.36854029038440794,lo_A_model_1_relaxed_repeat020,lo_A_model_1_relaxed_repeat031
2.678,0.3237315897516758,3.09,0.3647026342719796,lo_A_model_1_relaxed_repeat020,lo_A_model_1_relaxed_repeat018
2.6870000000000003,0.32815530710229135,3.09,0.3792436566021393,lo_A_model_1_relaxed_repeat020,lo_A_model_1_relaxed_repeat099
2.705,0.3052818623021089,3.0700000000000003,0.3408346231581346,lo_A_model_1_relaxed_repeat020,lo_A_model_1_relaxed_repeat070
2.707,0.2960107255528864,3.1,0.347114654964303,lo_A_model_1_relaxed_repeat020,lo_A_model_1_relaxed_repeat011
2.7329999999999997,0.307011835199866,2.9,0.3444843962862359,lo_A_model_1_relaxed_repeat020,lo_A_model_1_relaxed_repeat054
2.7889999999999997,0.3159819791677973,3.02,0.361212985886588,lo_A_model_1_relaxed_repeat020,lo_A_model_1_relaxed_repeat026
2.8310000000000004,0.29872398588410887,3.1,0.340789204393548,lo_A_model_1_relaxed_repeat020,lo_A_model_1_relaxed_repeat075
2.833,0.35362990482299655,3.06,0.40301187251101606,lo_A_model_1_relaxed_repeat020,lo_A_model_1_relaxed_repeat067
2.84,0.327803060315079,3.1,0.36190566195419827,lo_A_model_1_relaxed_repeat020,lo_A_model_1_relaxed_repeat030
2.859,0.3295415634788514,3.02,0.38466383517874486,lo_A_model_1_relaxed_repeat020,lo_A_model_1_relaxed_repeat095
2.8689999999999998,0.3559605256924088,2.92,0.4080657819560879,lo_A_model_1_relaxed_repeat020,lo_A_model_1_relaxed_repeat061
2.871,0.3197088612113417,3.09,0.3425991706096675,lo_A_model_1_relaxed_repeat020,lo_A_model_1_relaxed_repeat036
2.891,0.3034909331347361,3.04,0.34950936385457754,lo_A_model_1_relaxed_repeat020,lo_A_model_1_relaxed_repeat092
2.906,0.33955343474933597,3.05,0.373255791047891,lo_A_model_1_relaxed_repeat020,lo_A_model_1_relaxed_repeat073
2.9080000000000004,0.31960161001991955,3.09,0.354131874921588,lo_A_model_1_relaxed_repeat020,lo_A_model_1_relaxed_repeat033
2.947,0.33572271837598733,3.0,0.3776277507927782,lo_A_model_1_relaxed_repeat020,lo_A_model_1_relaxed_repeat059
2.95,0.3262362029049457,2.99,0.363475277755368,lo_A_model_1_relaxed_repeat020,lo_A_model_1_relaxed_repeat043
2.959,0.3424388992417143,3.04,0.38000082824998205,lo_A_model_1_relaxed_repeat020,lo_A_model_1_relaxed_repeat013
2.9690000000000003,0.3206782230629032,3.09,0.36475766545260946,lo_A_model_1_relaxed_repeat020,lo_A_model_1_relaxed_repeat039
2.995,0.32121888971120016,3.08,0.36630834357834013,lo_A_model_1_relaxed_repeat020,lo_A_model_1_relaxed_repeat089
2.999,0.2689027500496476,3.0,0.2951258794013459,lo_A_model_1_relaxed_repeat020,lo_A_model_1_relaxed_repeat037
3.009,0.37561787914073785,3.0700000000000003,0.42628112051238354,lo_A_model_1_relaxed_repeat020,lo_A_model_1_relaxed_repeat093
2.396,0.2782964681367629,2.99,0.33748446687086653,lo_A_model_1_relaxed_repeat059,lo_A_model_1_relaxed_repeat043
2.428,0.2828294900780271,2.86,0.3326487963984696,lo_A_model_1_relaxed_repeat059,lo_A_model_1_relaxed_repeat095
2.472,0.2537363838781828,2.8,0.28520659881167276,lo_A_model_1_relaxed_repeat059,lo_A_model_1_relaxed_repeat013
2.575,0.3164010077591659,2.76,0.3492001078287094,lo_A_model_1_relaxed_repeat059,lo_A_model_1_relaxed_repeat026
2.615,0.3193075434375726,2.79,0.34611925802031324,lo_A_model_1_relaxed_repeat059,lo_A_model_1_relaxed_repeat036
2.686,0.28794737587491137,2.96,0.32923103714960367,lo_A_model_1_relaxed_repeat059,lo_A_model_1_relaxed_repeat058
2.722,0.32946523541153516,2.9,0.35167691473924617,lo_A_model_1_relaxed_repeat059,lo_A_model_1_relaxed_repeat033
2.725,0.2614529781809989,2.91,0.28429487603175563,lo_A_model_1_relaxed_repeat059,lo_A_model_1_relaxed_repeat031
2.729,0.32280881057232425,3.0300000000000002,0.3617968588805757,lo_A_model_1_relaxed_repeat059,lo_A_model_1_relaxed_repeat089
2.734,0.3106356490130652,2.81,0.3552920980886496,lo_A_model_1_relaxed_repeat059,lo_A_model_1_relaxed_repeat011
2.759,0.3104475674435485,2.99,0.34440523258890954,lo_A_model_1_relaxed_repeat059,lo_A_model_1_relaxed_repeat037
2.7720000000000002,0.3044994908274283,2.9,0.3271479039715238,lo_A_model_1_relaxed_repeat059,lo_A_model_1_relaxed_repeat030
2.832,0.3543869848768032,2.99,0.3995380379598719,lo_A_model_1_relaxed_repeat059,lo_A_model_1_relaxed_repeat073
2.835,0.2433675543773351,2.75,0.2632085505044531,lo_A_model_1_relaxed_repeat059,lo_A_model_1_relaxed_repeat003
2.847,0.35288308843845934,3.05,0.41257015703735217,lo_A_model_1_relaxed_repeat059,lo_A_model_1_relaxed_repeat067
2.851,0.303149708290514,2.92,0.33835286454263397,lo_A_model_1_relaxed_repeat059,lo_A_model_1_relaxed_repeat075
2.876,0.2615012294234689,2.88,0.2734556584508166,lo_A_model_1_relaxed_repeat059,lo_A_model_1_relaxed_repeat025
2.8819999999999997,0.3469404194519562,3.05,0.3912877752152553,lo_A_model_1_relaxed_repeat059,lo_A_model_1_relaxed_repeat093
2.903,0.2748661825541187,2.94,0.284384182711085,lo_A_model_1_relaxed_repeat059,lo_A_model_1_relaxed_repeat070
2.917,0.3822539714802795,2.96,0.4187757892470786,lo_A_model_1_relaxed_repeat059,lo_A_model_1_relaxed_repeat098
2.917,0.2813967100742819,2.8899999999999997,0.3279930300386491,lo_A_model_1_relaxed_repeat059,lo_A_model_1_relaxed_repeat092
2.923,0.36680217602629517,2.95,0.4121233616722686,lo_A_model_1_relaxed_repeat059,lo_A_model_1_relaxed_repeat061
2.936,0.2977281152581404,3.04,0.3358775153136573,lo_A_model_1_relaxed_repeat059,lo_A_model_1_relaxed_repeat018
2.948,0.3298854901685556,2.99,0.3619153071597129,lo_A_model_1_relaxed_repeat059,lo_A_model_1_relaxed_repeat096
2.959,0.30723116654983235,2.9299999999999997,0.3475582515168139,lo_A_model_1_relaxed_repeat059,lo_A_model_1_relaxed_repeat039
2.96,0.32528207633460127,2.92,0.3511977869389083,lo_A_model_1_relaxed_repeat059,lo_A_model_1_relaxed_repeat063
2.968,0.28582661290831207,2.7199999999999998,0.3288176242887818,lo_A_model_1_relaxed_repeat059,lo_A_model_1_relaxed_repeat035
2.972,0.313882337649655,3.0,0.365084935342868,lo_A_model_1_relaxed_repeat059,lo_A_model_1_relaxed_repeat099
2.973,0.33002627501934956,3.01,0.37400756611810787,lo_A_model_1_relaxed_repeat059,lo_A_model_1_relaxed_repeat054
2.9779999999999998,0.34085535972284237,2.99,0.3641518650642295,lo_A_model_1_relaxed_repeat059,lo_A_model_1_relaxed_repeat051
2.988,0.2701346302400631,2.96,0.3154407865870112,lo_A_model_1_relaxed_repeat059,lo_A_model_1_relaxed_repeat094
2.515,0.31983836091087847,2.92,0.3723718202713369,lo_A_model_1_relaxed_repeat073,lo_A_model_1_relaxed_repeat092
2.5380000000000003,0.3485228896040668,3.06,0.37771968472519196,lo_A_model_1_relaxed_repeat073,lo_A_model_1_relaxed_repeat036
2.5540000000000003,0.3638865435752412,3.06,0.3876118141323038,lo_A_model_1_relaxed_repeat073,lo_A_model_1_relaxed_repeat018
2.588,0.3453699830309908,3.05,0.3806441720213884,lo_A_model_1_relaxed_repeat073,lo_A_model_1_relaxed_repeat026
2.604,0.367229766341937,2.99,0.40077025266607735,lo_A_model_1_relaxed_repeat073,lo_A_model_1_relaxed_repeat003
2.611,0.34234873919362957,3.0700000000000003,0.37708148123542345,lo_A_model_1_relaxed_repeat073,lo_A_model_1_relaxed_repeat011
2.624,0.36078423481571276,3.06,0.3932043992261728,lo_A_model_1_relaxed_repeat073,lo_A_model_1_relaxed_repeat035
2.7270000000000003,0.3434348965715609,3.0300000000000002,0.35883913133120676,lo_A_model_1_relaxed_repeat073,lo_A_model_1_relaxed_repeat058
2.7329999999999997,0.339243944790844,3.04,0.3822434341077096,lo_A_model_1_relaxed_repeat073,lo_A_model_1_relaxed_repeat070
2.74,0.3363502623732727,3.04,0.38813784551942826,lo_A_model_1_relaxed_repeat073,lo_A_model_1_relaxed_repeat093
2.7439999999999998,0.35903152236069874,3.04,0.4081599380758375,lo_A_model_1_relaxed_repeat073,lo_A_model_1_relaxed_repeat095
2.76,0.3898980472732904,3.06,0.42387587596611015,lo_A_model_1_relaxed_repeat073,lo_A_model_1_relaxed_repeat098
2.762,0.3491903035556426,3.0300000000000002,0.3950231879613926,lo_A_model_1_relaxed_repeat073,lo_A_model_1_relaxed_repeat025
2.777,0.3408743944471329,3.06,0.38649734835587557,lo_A_model_1_relaxed_repeat073,lo_A_model_1_relaxed_repeat099
2.793,0.3501688478883773,3.06,0.38823786641129393,lo_A_model_1_relaxed_repeat073,lo_A_model_1_relaxed_repeat033
2.801,0.3513261925365539,3.01,0.37224067314179765,lo_A_model_1_relaxed_repeat073,lo_A_model_1_relaxed_repeat051
2.8150000000000004,0.34229401855116964,3.06,0.380992942608648,lo_A_model_1_relaxed_repeat073,lo_A_model_1_relaxed_repeat094
2.827,0.34155344144356914,2.88,0.38813758751033184,lo_A_model_1_relaxed_repeat073,lo_A_model_1_relaxed_repeat067
2.835,0.341293956173771,3.0,0.35279760719881226,lo_A_model_1_relaxed_repeat073,lo_A_model_1_relaxed_repeat043
2.871,0.36535331714921016,3.01,0.3971725534273413,lo_A_model_1_relaxed_repeat073,lo_A_model_1_relaxed_repeat013
2.88,0.3563839264112396,2.99,0.3755659915647696,lo_A_model_1_relaxed_repeat073,lo_A_model_1_relaxed_repeat031
2.8840000000000003,0.34443568659932344,3.06,0.3974752221427815,lo_A_model_1_relaxed_repeat073,lo_A_model_1_relaxed_repeat063
2.9210000000000003,0.38137150058601316,3.0700000000000003,0.39455597904588696,lo_A_model_1_relaxed_repeat073,lo_A_model_1_relaxed_repeat030
2.93,0.36320896967301053,3.06,0.3983658680244418,lo_A_model_1_relaxed_repeat073,lo_A_model_1_relaxed_repeat039
2.955,0.34618667882391996,2.95,0.3739005245904106,lo_A_model_1_relaxed_repeat073,lo_A_model_1_relaxed_repeat037
2.9720000000000004,0.3606764083368334,3.0700000000000003,0.38004276545743887,lo_A_model_1_relaxed_repeat073,lo_A_model_1_relaxed_repeat075
2.974,0.3709783592900217,2.86,0.3984346696510877,lo_A_model_1_relaxed_repeat073,lo_A_model_1_relaxed_repeat061
2.987,0.34056304595325027,2.9,0.3792948430555397,lo_A_model_1_relaxed_repeat073,lo_A_model_1_relaxed_repeat054
3.026,0.34547775798007796,3.0,0.3556174987768988,lo_A_model_1_relaxed_repeat073,lo_A_model_1_relaxed_repeat096
3.029,0.37797879110289395,3.0700000000000003,0.4057260399042268,lo_A_model_1_relaxed_repeat073,lo_A_model_1_relaxed_repeat089
2.303,0.29805276774510087,3.0300000000000002,0.3457179297945104,lo_A_model_1_relaxed_repeat089,lo_A_model_1_relaxed_repeat039
2.314,0.3193210796852135,3.0700000000000003,0.36250949373390245,lo_A_model_1_relaxed_repeat089,lo_A_model_1_relaxed_repeat058
2.419,0.31090729520046617,3.08,0.35909523087264644,lo_A_model_1_relaxed_repeat089,lo_A_model_1_relaxed_repeat030
2.636,0.35562107512083724,3.06,0.4002755488678509,lo_A_model_1_relaxed_repeat089,lo_A_model_1_relaxed_repeat095
2.6399999999999997,0.2904447253498468,2.79,0.3274747530374931,lo_A_model_1_relaxed_repeat089,lo_A_model_1_relaxed_repeat075
2.6740000000000004,0.3105245739321395,3.0700000000000003,0.36026766396607235,lo_A_model_1_relaxed_repeat089,lo_A_model_1_relaxed_repeat037
2.702,0.33235083372991986,2.89,0.37247937792769414,lo_A_model_1_relaxed_repeat089,lo_A_model_1_relaxed_repeat011
2.7439999999999998,0.34424279077210806,2.92,0.37604332688001146,lo_A_model_1_relaxed_repeat089,lo_A_model_1_relaxed_repeat033
2.774,0.3232567266150231,3.0700000000000003,0.36382076739355923,lo_A_model_1_relaxed_repeat089,lo_A_model_1_relaxed_repeat043
2.787,0.3346710481106645,3.05,0.37537563446871414,lo_A_model_1_relaxed_repeat089,lo_A_model_1_relaxed_repeat003
2.8280000000000003,0.38726196639376365,3.04,0.4286633248434117,lo_A_model_1_relaxed_repeat089,lo_A_model_1_relaxed_repeat067
2.854,0.3341384480002949,3.05,0.35298838669918325,lo_A_model_1_relaxed_repeat089,lo_A_model_1_relaxed_repeat070
2.862,0.31625226932636746,3.0700000000000003,0.34579100090808157,lo_A_model_1_relaxed_repeat089,lo_A_model_1_relaxed_repeat026
2.866,0.33781437284508087,2.88,0.35082579873586156,lo_A_model_1_relaxed_repeat089,lo_A_model_1_relaxed_repeat036
2.924,0.3428166917175587,3.0700000000000003,0.3720736463165079,lo_A_model_1_relaxed_repeat089,lo_A_model_1_relaxed_repeat025
2.9299999999999997,0.3934005454080164,3.08,0.4327895344343251,lo_A_model_1_relaxed_repeat089,lo_A_model_1_relaxed_repeat093
2.953,0.3337331350590433,3.02,0.3639942539124195,lo_A_model_1_relaxed_repeat089,lo_A_model_1_relaxed_repeat031
2.9589999999999996,0.31601438007156757,3.06,0.35127187665748605,lo_A_model_1_relaxed_repeat089,lo_A_model_1_relaxed_repeat013
2.965,0.3536179998849498,3.04,0.38717545826053607,lo_A_model_1_relaxed_repeat089,lo_A_model_1_relaxed_repeat092
2.965,0.388620355655435,3.0,0.43385786455710856,lo_A_model_1_relaxed_repeat089,lo_A_model_1_relaxed_repeat098
2.971,0.38633466741978734,2.99,0.43945189557728204,lo_A_model_1_relaxed_repeat089,lo_A_model_1_relaxed_repeat061
2.973,0.32024064494125215,3.0700000000000003,0.37205918891652795,lo_A_model_1_relaxed_repeat089,lo_A_model_1_relaxed_repeat096
2.984,0.3289150509320206,2.9299999999999997,0.3669720668580611,lo_A_model_1_relaxed_repeat089,lo_A_model_1_relaxed_repeat018
3.008,0.33785035288453674,3.01,0.3811026844304753,lo_A_model_1_relaxed_repeat089,lo_A_model_1_relaxed_repeat063
3.02,0.33759819553857406,2.8899999999999997,0.3905303975573592,lo_A_model_1_relaxed_repeat089,lo_A_model_1_relaxed_repeat099
3.021,0.34014803223603784,3.0700000000000003,0.39169456875623515,lo_A_model_1_relaxed_repeat089,lo_A_model_1_relaxed_repeat054
3.024,0.3365226914910969,2.85,0.37372581811331085,lo_A_model_1_relaxed_repeat089,lo_A_model_1_relaxed_repeat035
3.026,0.3070775039288457,3.0700000000000003,0.36461165575662946,lo_A_model_1_relaxed_repeat089,lo_A_model_1_relaxed_repeat051
3.036,0.3025104384630603,2.8499999999999996,0.33280018879988044,lo_A_model_1_relaxed_repeat089,lo_A_model_1_relaxed_repeat094
1.9329999999999998,0.2615757811235327,2.9,0.32058449837891156,lo_A_model_1_relaxed_repeat035,lo_A_model_1_relaxed_repeat094
2.279,0.3092459433929686,2.84,0.35755448177753113,lo_A_model_1_relaxed_repeat035,lo_A_model_1_relaxed_repeat003
2.2880000000000003,0.3215596034031211,3.08,0.3557714220128284,lo_A_model_1_relaxed_repeat035,lo_A_model_1_relaxed_repeat037
2.2889999999999997,0.3199222169414057,3.02,0.35226611575485495,lo_A_model_1_relaxed_repeat035,lo_A_model_1_relaxed_repeat033
2.29,0.26878501016263145,2.9699999999999998,0.32083969764974973,lo_A_model_1_relaxed_repeat035,lo_A_model_1_relaxed_repeat018
2.308,0.29865297204450475,2.8899999999999997,0.3496834047362351,lo_A_model_1_relaxed_repeat035,lo_A_model_1_relaxed_repeat099
2.318,0.2900912490253494,3.08,0.3414455930159089,lo_A_model_1_relaxed_repeat035,lo_A_model_1_relaxed_repeat043
2.5010000000000003,0.30931886358663824,2.92,0.35794689546270364,lo_A_model_1_relaxed_repeat035,lo_A_model_1_relaxed_repeat070
2.518,0.3520667639734071,3.0300000000000002,0.4040735354257608,lo_A_model_1_relaxed_repeat035,lo_A_model_1_relaxed_repeat067
2.532,0.30960611138349414,2.84,0.33763695361490265,lo_A_model_1_relaxed_repeat035,lo_A_model_1_relaxed_repeat075
2.5380000000000003,0.29985936331593904,2.9000000000000004,0.34895376019252694,lo_A_model_1_relaxed_repeat035,lo_A_model_1_relaxed_repeat011
2.551,0.30132070852305437,3.01,0.34314813678180456,lo_A_model_1_relaxed_repeat035,lo_A_model_1_relaxed_repeat063
2.589,0.31412011088586334,3.06,0.34683259207314615,lo_A_model_1_relaxed_repeat035,lo_A_model_1_relaxed_repeat036
2.6020000000000003,0.3401134789166294,2.92,0.3989181363916701,lo_A_model_1_relaxed_repeat035,lo_A_model_1_relaxed_repeat095
2.634,0.3052677358613909,3.02,0.3582260777034261,lo_A_model_1_relaxed_repeat035,lo_A_model_1_relaxed_repeat025
2.654,0.35564683660778895,2.92,0.40205971840932037,lo_A_model_1_relaxed_repeat035,lo_A_model_1_relaxed_repeat061
2.661,0.373666510715543,3.01,0.41503730635358077,lo_A_model_1_relaxed_repeat035,lo_A_model_1_relaxed_repeat098
2.6870000000000003,0.33048766888447206,2.98,0.3894944083481531,lo_A_model_1_relaxed_repeat035,lo_A_model_1_relaxed_repeat092
2.6879999999999997,0.31497686769299127,2.88,0.34561346838324597,lo_A_model_1_relaxed_repeat035,lo_A_model_1_relaxed_repeat013
2.6959999999999997,0.3131946813734701,3.08,0.35832235069838203,lo_A_model_1_relaxed_repeat035,lo_A_model_1_relaxed_repeat054
2.714,0.3253149876684392,2.99,0.3713273565500671,lo_A_model_1_relaxed_repeat035,lo_A_model_1_relaxed_repeat031
2.7439999999999998,0.3062154804346065,2.81,0.33603707473090716,lo_A_model_1_relaxed_repeat035,lo_A_model_1_relaxed_repeat026
2.79,0.3233708886350086,3.08,0.348927479952632,lo_A_model_1_relaxed_repeat035,lo_A_model_1_relaxed_repeat051
2.877,0.27465078516386987,3.05,0.3117884173079269,lo_A_model_1_relaxed_repeat035,lo_A_model_1_relaxed_repeat058
2.949,0.3168022331607249,2.81,0.3572111816925392,lo_A_model_1_relaxed_repeat035,lo_A_model_1_relaxed_repeat030
2.9539999999999997,0.293900575385165,2.8600000000000003,0.32706690613277817,lo_A_model_1_relaxed_repeat035,lo_A_model_1_relaxed_repeat039
2.967,0.3292553774451344,2.94,0.36357354477554893,lo_A_model_1_relaxed_repeat035,lo_A_model_1_relaxed_repeat093
3.001,0.3028472742666809,3.08,0.3364815423261434,lo_A_model_1_relaxed_repeat035,lo_A_model_1_relaxed_repeat096
2.097,0.29254735185234987,3.06,0.3325370030073326,lo_A_model_1_relaxed_repeat058,lo_A_model_1_relaxed_repeat075
2.1879999999999997,0.29519531324425424,3.05,0.3421571725950313,lo_A_model_1_relaxed_repeat058,lo_A_model_1_relaxed_repeat039
2.266,0.3175370195713931,3.05,0.3651280371978104,lo_A_model_1_relaxed_repeat058,lo_A_model_1_relaxed_repeat099
2.372,0.34255220209305076,2.78,0.37656439544901954,lo_A_model_1_relaxed_repeat058,lo_A_model_1_relaxed_repeat061
2.3970000000000002,0.29322069498189457,3.05,0.3278121430705277,lo_A_model_1_relaxed_repeat058,lo_A_model_1_relaxed_repeat018
2.43,0.29669514177531764,3.06,0.31769975298575587,lo_A_model_1_relaxed_repeat058,lo_A_model_1_relaxed_repeat011
2.442,0.32244723071401293,3.05,0.35032921365469105,lo_A_model_1_relaxed_repeat058,lo_A_model_1_relaxed_repeat033
2.45,0.3385995655760615,2.91,0.3890111450312345,lo_A_model_1_relaxed_repeat058,lo_A_model_1_relaxed_repeat095
2.4619999999999997,0.3051434086735915,2.88,0.32170855576093316,lo_A_model_1_relaxed_repeat058,lo_A_model_1_relaxed_repeat037
2.472,0.29189107704479267,2.85,0.3107923787967923,lo_A_model_1_relaxed_repeat058,lo_A_model_1_relaxed_repeat096
2.4779999999999998,0.30862021236344206,2.83,0.32937474906538966,lo_A_model_1_relaxed_repeat058,lo_A_model_1_relaxed_repeat051
2.503,0.2533101476476763,3.05,0.3088443547796464,lo_A_model_1_relaxed_repeat058,lo_A_model_1_relaxed_repeat094
2.525,0.3470931230253664,2.9,0.3981327662612253,lo_A_model_1_relaxed_repeat058,lo_A_model_1_relaxed_repeat067
2.528,0.3073451024779269,3.05,0.344347987478781,lo_A_model_1_relaxed_repeat058,lo_A_model_1_relaxed_repeat063
2.542,0.28965367214210785,2.9,0.3313833665444263,lo_A_model_1_relaxed_repeat058,lo_A_model_1_relaxed_repeat054
2.542,0.3070349469608008,3.06,0.3408145590528298,lo_A_model_1_relaxed_repeat058,lo_A_model_1_relaxed_repeat030
2.627,0.27346103493035134,2.83,0.2958509948585576,lo_A_model_1_relaxed_repeat058,lo_A_model_1_relaxed_repeat043
2.635,0.30753769672514947,2.98,0.3382439715105551,lo_A_model_1_relaxed_repeat058,lo_A_model_1_relaxed_repeat026
2.64,0.30716437608256547,3.0300000000000002,0.3576687352528821,lo_A_model_1_relaxed_repeat058,lo_A_model_1_relaxed_repeat003
2.6719999999999997,0.3094234483458972,3.05,0.3463400712036021,lo_A_model_1_relaxed_repeat058,lo_A_model_1_relaxed_repeat036
2.691,0.31282422036492663,2.91,0.35774876295562563,lo_A_model_1_relaxed_repeat058,lo_A_model_1_relaxed_repeat092
2.691,0.3612275906489783,3.08,0.398107791960957,lo_A_model_1_relaxed_repeat058,lo_A_model_1_relaxed_repeat093
2.702,0.3704476246817246,2.89,0.4017990301855929,lo_A_model_1_relaxed_repeat058,lo_A_model_1_relaxed_repeat098
2.707,0.31544590416573115,3.0300000000000002,0.3458145822863582,lo_A_model_1_relaxed_repeat058,lo_A_model_1_relaxed_repeat070
2.7720000000000002,0.30781353811833395,3.01,0.3525697609518224,lo_A_model_1_relaxed_repeat058,lo_A_model_1_relaxed_repeat025
2.806,0.3142068407429586,2.8899999999999997,0.3497324544556465,lo_A_model_1_relaxed_repeat058,lo_A_model_1_relaxed_repeat031
2.8120000000000003,0.2977379756529603,3.0,0.3383630120107629,lo_A_model_1_relaxed_repeat058,lo_A_model_1_relaxed_repeat013
2.192,0.32040595628676183,2.83,0.3762958915496405,lo_A_model_1_relaxed_repeat095,lo_A_model_1_relaxed_repeat043
2.3680000000000003,0.3303319694100257,3.01,0.3864828752681501,lo_A_model_1_relaxed_repeat095,lo_A_model_1_relaxed_repeat011
2.426,0.3071921833024358,2.9299999999999997,0.3338977339090296,lo_A_model_1_relaxed_repeat095,lo_A_model_1_relaxed_repeat013
2.4459999999999997,0.3196944065679662,3.06,0.3678193871639676,lo_A_model_1_relaxed_repeat095,lo_A_model_1_relaxed_repeat026
2.4829999999999997,0.338437370559355,3.06,0.38097559427537664,lo_A_model_1_relaxed_repeat095,lo_A_model_1_relaxed_repeat033
2.534,0.35989752475695114,3.0300000000000002,0.41525668156934314,lo_A_model_1_relaxed_repeat095,lo_A_model_1_relaxed_repeat067
2.5469999999999997,0.3264866317997107,2.8499999999999996,0.3693544614172307,lo_A_model_1_relaxed_repeat095,lo_A_model_1_relaxed_repeat003
2.5599999999999996,0.3469150592999657,3.06,0.39397933178907635,lo_A_model_1_relaxed_repeat095,lo_A_model_1_relaxed_repeat036
2.6799999999999997,0.29364170648644067,2.99,0.33096412678549336,lo_A_model_1_relaxed_repeat095,lo_A_model_1_relaxed_repeat070
2.699,0.2989471271570932,2.77,0.3184201882874465,lo_A_model_1_relaxed_repeat095,lo_A_model_1_relaxed_repeat031
2.7359999999999998,0.2925526053474231,2.91,0.3352220454303226,lo_A_model_1_relaxed_repeat095,lo_A_model_1_relaxed_repeat037
2.776,0.32400397743898207,2.92,0.3586132087310712,lo_A_model_1_relaxed_repeat095,lo_A_model_1_relaxed_repeat039
2.7880000000000003,0.3067684759783464,2.88,0.3364657256680927,lo_A_model_1_relaxed_repeat095,lo_A_model_1_relaxed_repeat025
2.794,0.37091682643365836,3.0700000000000003,0.4289313666665606,lo_A_model_1_relaxed_repeat095,lo_A_model_1_relaxed_repeat093
2.794,0.34242246368157936,3.05,0.3813112682072254,lo_A_model_1_relaxed_repeat095,lo_A_model_1_relaxed_repeat030
2.829,0.2313907000726573,3.0300000000000002,0.25880693584778297,lo_A_model_1_relaxed_repeat095,lo_A_model_1_relaxed_repeat092
2.829,0.38439178347693376,3.04,0.4245414255776149,lo_A_model_1_relaxed_repeat095,lo_A_model_1_relaxed_repeat098
2.835,0.37434560584842685,3.04,0.4299621036632789,lo_A_model_1_relaxed_repeat095,lo_A_model_1_relaxed_repeat061
2.837,0.32222720149738365,2.92,0.3731277151934624,lo_A_model_1_relaxed_repeat095,lo_A_model_1_relaxed_repeat096
2.848,0.34620575059543784,3.02,0.39853045505350054,lo_A_model_1_relaxed_repeat095,lo_A_model_1_relaxed_repeat018
2.872,0.35148126241019584,2.98,0.4082645850275244,lo_A_model_1_relaxed_repeat095,lo_A_model_1_relaxed_repeat063
2.878,0.3151593007281861,3.05,0.371252876271956,lo_A_model_1_relaxed_repeat095,lo_A_model_1_relaxed_repeat075
2.8840000000000003,0.31629209395452834,2.98,0.3651904083279898,lo_A_model_1_relaxed_repeat095,lo_A_model_1_relaxed_repeat099
2.885,0.3271906375566407,2.99,0.38612539195431594,lo_A_model_1_relaxed_repeat095,lo_A_model_1_relaxed_repeat054
2.89,0.3477037307914523,3.0,0.3933089878743879,lo_A_model_1_relaxed_repeat095,lo_A_model_1_relaxed_repeat051
2.9000000000000004,0.3322816574187304,2.94,0.38172876842941517,lo_A_model_1_relaxed_repeat095,lo_A_model_1_relaxed_repeat094
2.276,0.2960912814052069,2.92,0.33223959329580505,lo_A_model_1_relaxed_repeat033,lo_A_model_1_relaxed_repeat026
2.2910000000000004,0.329152338291216,2.94,0.3612346892469044,lo_A_model_1_relaxed_repeat033,lo_A_model_1_relaxed_repeat003
2.305,0.31798849458676415,3.08,0.34343422549145086,lo_A_model_1_relaxed_repeat033,lo_A_model_1_relaxed_repeat043
2.326,0.31546022060925266,2.9299999999999997,0.3481986343802388,lo_A_model_1_relaxed_repeat033,lo_A_model_1_relaxed_repeat011
2.368,0.29246566578871447,2.99,0.3281352350403172,lo_A_model_1_relaxed_repeat033,lo_A_model_1_relaxed_repeat036
2.401,0.2901722644594353,2.6799999999999997,0.31972207172379163,lo_A_model_1_relaxed_repeat033,lo_A_model_1_relaxed_repeat070
2.512,0.3381015783063115,2.87,0.36021429006072,lo_A_model_1_relaxed_repeat033,lo_A_model_1_relaxed_repeat013
2.583,0.33109315840440307,3.0300000000000002,0.3927391428604538,lo_A_model_1_relaxed_repeat033,lo_A_model_1_relaxed_repeat067
2.636,0.32104987735274365,2.9299999999999997,0.33608266746520765,lo_A_model_1_relaxed_repeat033,lo_A_model_1_relaxed_repeat030
2.645,0.3292462528151945,2.99,0.3591422383309459,lo_A_model_1_relaxed_repeat033,lo_A_model_1_relaxed_repeat039
2.67,0.3080822661068899,3.08,0.3355085819821767,lo_A_model_1_relaxed_repeat033,lo_A_model_1_relaxed_repeat037
2.6870000000000003,0.29267025344783315,2.9,0.32118227591723714,lo_A_model_1_relaxed_repeat033,lo_A_model_1_relaxed_repeat075
2.691,0.34836772170781977,3.0300000000000002,0.37301359443175963,lo_A_model_1_relaxed_repeat033,lo_A_model_1_relaxed_repeat031
2.8369999999999997,0.338423709924702,2.9699999999999998,0.35679634774268343,lo_A_model_1_relaxed_repeat033,lo_A_model_1_relaxed_repeat025
2.856,0.36889424493816364,3.02,0.39122433549907815,lo_A_model_1_relaxed_repeat033,lo_A_model_1_relaxed_repeat093
2.878,0.3283358965209348,3.08,0.36765186929445653,lo_A_model_1_relaxed_repeat033,lo_A_model_1_relaxed_repeat092
2.878,0.36309980144348414,3.01,0.3991735740290774,lo_A_model_1_relaxed_repeat033,lo_A_model_1_relaxed_repeat098
2.8840000000000003,0.3530825927604524,2.9299999999999997,0.40095133650971543,lo_A_model_1_relaxed_repeat033,lo_A_model_1_relaxed_repeat061
2.886,0.32530448463758055,3.08,0.34813272591037087,lo_A_model_1_relaxed_repeat033,lo_A_model_1_relaxed_repeat096
2.8970000000000002,0.30793736380733716,2.88,0.3349291984199352,lo_A_model_1_relaxed_repeat033,lo_A_model_1_relaxed_repeat018
2.9210000000000003,0.2861530858737656,2.87,0.33064752009730086,lo_A_model_1_relaxed_repeat033,lo_A_model_1_relaxed_repeat063
2.933,0.3159143597394023,2.94,0.3600544387387939,lo_A_model_1_relaxed_repeat033,lo_A_model_1_relaxed_repeat099
2.934,0.30363584516058134,3.08,0.3507897894677805,lo_A_model_1_relaxed_repeat033,lo_A_model_1_relaxed_repeat054
2.939,0.3271244101030442,3.08,0.36279715263877693,lo_A_model_1_relaxed_repeat033,lo_A_model_1_relaxed_repeat051
2.949,0.3011137661135098,3.01,0.32467432785830663,lo_A_model_1_relaxed_repeat033,lo_A_model_1_relaxed_repeat094
2.114,0.28667414619114256,2.88,0.34674406256101364,lo_A_model_1_relaxed_repeat094,lo_A_model_1_relaxed_repeat099
2.179,0.2823294836517359,2.9299999999999997,0.33798396657166085,lo_A_model_1_relaxed_repeat094,lo_A_model_1_relaxed_repeat011
2.183,0.26106866433263004,2.91,0.2980826185748231,lo_A_model_1_relaxed_repeat094,lo_A_model_1_relaxed_repeat018
2.238,0.3004299460832367,3.01,0.33769622600594046,lo_A_model_1_relaxed_repeat094,lo_A_model_1_relaxed_repeat026
2.2969999999999997,0.2878048332316077,3.0,0.3221988563050649,lo_A_model_1_relaxed_repeat094,lo_A_model_1_relaxed_repeat063
2.375,0.34189570940379865,2.91,0.3927617631276081,lo_A_model_1_relaxed_repeat094,lo_A_model_1_relaxed_repeat061
2.3890000000000002,0.3109510447280303,2.98,0.3636944826100237,lo_A_model_1_relaxed_repeat094,lo_A_model_1_relaxed_repeat092
2.3970000000000002,0.28766331854353494,2.91,0.3148486022617996,lo_A_model_1_relaxed_repeat094,lo_A_model_1_relaxed_repeat070
2.416,0.30051968626229364,3.08,0.3296493997454016,lo_A_model_1_relaxed_repeat094,lo_A_model_1_relaxed_repeat051
2.426,0.3301035290846844,3.0300000000000002,0.38643227072404096,lo_A_model_1_relaxed_repeat094,lo_A_model_1_relaxed_repeat067
2.46,0.2857282295698212,2.7,0.3295465302407314,lo_A_model_1_relaxed_repeat094,lo_A_model_1_relaxed_repeat003
2.485,0.29009125790223644,2.8899999999999997,0.3337446532339234,lo_A_model_1_relaxed_repeat094,lo_A_model_1_relaxed_repeat025
2.516,0.3034972303211175,3.08,0.34608160159741896,lo_A_model_1_relaxed_repeat094,lo_A_model_1_relaxed_repeat054
2.6050000000000004,0.3507237642337389,3.01,0.38636799673164746,lo_A_model_1_relaxed_repeat094,lo_A_model_1_relaxed_repeat098
2.612,0.29743732536096185,2.99,0.33384057257468824,lo_A_model_1_relaxed_repeat094,lo_A_model_1_relaxed_repeat036
2.627,0.3024810525048859,3.08,0.3456912794070498,lo_A_model_1_relaxed_repeat094,lo_A_model_1_relaxed_repeat096
2.6719999999999997,0.3125369137568522,2.99,0.3563885776955739,lo_A_model_1_relaxed_repeat094,lo_A_model_1_relaxed_repeat031
2.739,0.34733540868018753,3.05,0.39884041505465917,lo_A_model_1_relaxed_repeat094,lo_A_model_1_relaxed_repeat093
2.872,0.3000626601228484,2.91,0.3339459749167373,lo_A_model_1_relaxed_repeat094,lo_A_model_1_relaxed_repeat075
2.877,0.30193277918661526,2.8899999999999997,0.34116584600136257,lo_A_model_1_relaxed_repeat094,lo_A_model_1_relaxed_repeat013
2.8810000000000002,0.3189495908256347,2.96,0.34849843442730594,lo_A_model_1_relaxed_repeat094,lo_A_model_1_relaxed_repeat030
2.991,0.26878467697230674,3.08,0.3241898894263896,lo_A_model_1_relaxed_repeat094,lo_A_model_1_relaxed_repeat043
3.01,0.2854747720790092,2.8899999999999997,0.3307399256611202,lo_A_model_1_relaxed_repeat094,lo_A_model_1_relaxed_repeat039
3.04,0.3025239828987091,3.08,0.3468884373726409,lo_A_model_1_relaxed_repeat094,lo_A_model_1_relaxed_repeat037
2.519,0.33432970799506984,2.9699999999999998,0.3990889481745626,lo_A_model_1_relaxed_repeat093,lo_A_model_1_relaxed_repeat092
2.5650000000000004,0.34818692996352535,3.0,0.3689691396813506,lo_A_model_1_relaxed_repeat093,lo_A_model_1_relaxed_repeat026
2.566,0.3430446898400671,2.95,0.3762817104351624,lo_A_model_1_relaxed_repeat093,lo_A_model_1_relaxed_repeat099
2.675,0.38232984396345726,3.01,0.4199113947002887,lo_A_model_1_relaxed_repeat093,lo_A_model_1_relaxed_repeat061
2.713,0.3683640941589207,2.9699999999999998,0.4043690930032262,lo_A_model_1_relaxed_repeat093,lo_A_model_1_relaxed_repeat031
2.733,0.35658417333814796,3.01,0.39055332890422123,lo_A_model_1_relaxed_repeat093,lo_A_model_1_relaxed_repeat011
2.735,0.35270693010029236,3.06,0.39765446068181237,lo_A_model_1_relaxed_repeat093,lo_A_model_1_relaxed_repeat054
2.771,0.3862663664694639,3.06,0.41435376369455096,lo_A_model_1_relaxed_repeat093,lo_A_model_1_relaxed_repeat013
2.775,0.38282852162175146,3.1100000000000003,0.4109967297608411,lo_A_model_1_relaxed_repeat093,lo_A_model_1_relaxed_repeat030
2.801,0.34516085570211014,2.92,0.38799016255245716,lo_A_model_1_relaxed_repeat093,lo_A_model_1_relaxed_repeat063
2.812,0.34438831345370985,3.04,0.36153859734151217,lo_A_model_1_relaxed_repeat093,lo_A_model_1_relaxed_repeat018
2.82,0.3682383395005354,3.06,0.4044825373645989,lo_A_model_1_relaxed_repeat093,lo_A_model_1_relaxed_repeat036
2.836,0.3731654996496265,2.92,0.41262553038582117,lo_A_model_1_relaxed_repeat093,lo_A_model_1_relaxed_repeat003
2.846,0.38634193161743924,3.05,0.4284088069420634,lo_A_model_1_relaxed_repeat093,lo_A_model_1_relaxed_repeat067
2.85,0.3582944888950041,3.08,0.39777845179142757,lo_A_model_1_relaxed_repeat093,lo_A_model_1_relaxed_repeat075
2.8739999999999997,0.34925144149285264,3.01,0.39398793762353557,lo_A_model_1_relaxed_repeat093,lo_A_model_1_relaxed_repeat025
2.881,0.4044810674253857,3.01,0.4455601672736738,lo_A_model_1_relaxed_repeat093,lo_A_model_1_relaxed_repeat098
2.885,0.34672119508974863,3.1100000000000003,0.3804722613159878,lo_A_model_1_relaxed_repeat093,lo_A_model_1_relaxed_repeat043
2.902,0.3518659900647328,2.9299999999999997,0.3869175349178369,lo_A_model_1_relaxed_repeat093,lo_A_model_1_relaxed_repeat070
2.903,0.36370592909826244,3.06,0.40443920799221905,lo_A_model_1_relaxed_repeat093,lo_A_model_1_relaxed_repeat051
2.947,0.3640027877237651,3.06,0.3963004885856424,lo_A_model_1_relaxed_repeat093,lo_A_model_1_relaxed_repeat096
2.958,0.36442282819688415,3.02,0.4055748494571134,lo_A_model_1_relaxed_repeat093,lo_A_model_1_relaxed_repeat039
3.0069999999999997,0.363411032497326,3.06,0.3957774262152576,lo_A_model_1_relaxed_repeat093,lo_A_model_1_relaxed_repeat037
2.325,0.27026063454848953,2.94,0.3066920279368213,lo_A_model_1_relaxed_repeat003,lo_A_model_1_relaxed_repeat013
2.347,0.3423120793320802,2.96,0.37654080214439206,lo_A_model_1_relaxed_repeat003,lo_A_model_1_relaxed_repeat036
2.391,0.3421116170377151,2.96,0.41260781310973604,lo_A_model_1_relaxed_repeat003,lo_A_model_1_relaxed_repeat067
2.441,0.31075747136405857,3.01,0.35915474605884734,lo_A_model_1_relaxed_repeat003,lo_A_model_1_relaxed_repeat043
2.469,0.3267776523090906,2.8499999999999996,0.3602258471351077,lo_A_model_1_relaxed_repeat003,lo_A_model_1_relaxed_repeat075
2.544,0.3114754123120543,2.59,0.3536299804741232,lo_A_model_1_relaxed_repeat003,lo_A_model_1_relaxed_repeat018
2.553,0.3833961020949139,2.95,0.440663305465723,lo_A_model_1_relaxed_repeat003,lo_A_model_1_relaxed_repeat061
2.576,0.31894931497367185,2.91,0.3733066488521913,lo_A_model_1_relaxed_repeat003,lo_A_model_1_relaxed_repeat011
2.5869999999999997,0.3398801724381626,2.9299999999999997,0.37692441837506624,lo_A_model_1_relaxed_repeat003,lo_A_model_1_relaxed_repeat099
2.606,0.29493243036931005,2.8499999999999996,0.31020852278890193,lo_A_model_1_relaxed_repeat003,lo_A_model_1_relaxed_repeat070
2.6239999999999997,0.3252545858810045,3.0300000000000002,0.36097586697438827,lo_A_model_1_relaxed_repeat003,lo_A_model_1_relaxed_repeat051
2.649,0.32813751522559303,3.0300000000000002,0.37482558652623404,lo_A_model_1_relaxed_repeat003,lo_A_model_1_relaxed_repeat037
2.674,0.3108318425367066,2.8099999999999996,0.3641328893237571,lo_A_model_1_relaxed_repeat003,lo_A_model_1_relaxed_repeat063
2.683,0.3352865799595943,3.0300000000000002,0.37196281753043386,lo_A_model_1_relaxed_repeat003,lo_A_model_1_relaxed_repeat026
2.7110000000000003,0.3423383977014155,3.01,0.38508873436304697,lo_A_model_1_relaxed_repeat003,lo_A_model_1_relaxed_repeat054
2.7119999999999997,0.30890351841794733,2.98,0.3544003377929456,lo_A_model_1_relaxed_repeat003,lo_A_model_1_relaxed_repeat030
2.717,0.31986976650667653,2.9,0.36731566961469553,lo_A_model_1_relaxed_repeat003,lo_A_model_1_relaxed_repeat039
2.753,0.29419600241976623,2.8,0.311982034257697,lo_A_model_1_relaxed_repeat003,lo_A_model_1_relaxed_repeat025
2.7640000000000002,0.3285517220296386,3.01,0.3686560287382206,lo_A_model_1_relaxed_repeat003,lo_A_model_1_relaxed_repeat096
2.77,0.3034191456855128,2.92,0.31148378115521,lo_A_model_1_relaxed_repeat003,lo_A_model_1_relaxed_repeat031
2.784,0.39498167828426867,2.9699999999999998,0.41914887532386946,lo_A_model_1_relaxed_repeat003,lo_A_model_1_relaxed_repeat098
2.862,0.3067635778639026,2.98,0.336799843345904,lo_A_model_1_relaxed_repeat003,lo_A_model_1_relaxed_repeat092
2.058,0.3390894700068522,2.9299999999999997,0.4118179452483977,lo_A_model_1_relaxed_repeat099,lo_A_model_1_relaxed_repeat061
2.133,0.303650815005501,3.05,0.3608847021423094,lo_A_model_1_relaxed_repeat099,lo_A_model_1_relaxed_repeat011
2.2329999999999997,0.3451978226565309,3.05,0.4021985004478732,lo_A_model_1_relaxed_repeat099,lo_A_model_1_relaxed_repeat098
2.261,0.2981918039305079,3.0,0.3766301905439665,lo_A_model_1_relaxed_repeat099,lo_A_model_1_relaxed_repeat063
2.356,0.2944568506757336,2.81,0.3433993158536507,lo_A_model_1_relaxed_repeat099,lo_A_model_1_relaxed_repeat018
2.356,0.2957552128412055,2.98,0.3425319341231332,lo_A_model_1_relaxed_repeat099,lo_A_model_1_relaxed_repeat092
2.4530000000000003,0.34870196045420593,3.0300000000000002,0.4038246691031292,lo_A_model_1_relaxed_repeat099,lo_A_model_1_relaxed_repeat067
2.479,0.2933505663750469,2.91,0.36096461134545704,lo_A_model_1_relaxed_repeat099,lo_A_model_1_relaxed_repeat070
2.502,0.2880059161290301,3.08,0.3492181334367247,lo_A_model_1_relaxed_repeat099,lo_A_model_1_relaxed_repeat096
2.59,0.29058670413153065,3.08,0.3623287025590716,lo_A_model_1_relaxed_repeat099,lo_A_model_1_relaxed_repeat051
2.6310000000000002,0.31291839036269775,3.0300000000000002,0.3549871947558524,lo_A_model_1_relaxed_repeat099,lo_A_model_1_relaxed_repeat036
2.6870000000000003,0.31262240795739765,3.08,0.3645071142483027,lo_A_model_1_relaxed_repeat099,lo_A_model_1_relaxed_repeat054
2.724,0.32013310044864346,2.99,0.36152114646575934,lo_A_model_1_relaxed_repeat099,lo_A_model_1_relaxed_repeat031
2.7640000000000002,0.3174396782952994,2.9699999999999998,0.36962340189369475,lo_A_model_1_relaxed_repeat099,lo_A_model_1_relaxed_repeat025
2.77,0.27861868353620983,2.91,0.344768504780254,lo_A_model_1_relaxed_repeat099,lo_A_model_1_relaxed_repeat026
2.856,0.307429350317008,2.95,0.35274350856198333,lo_A_model_1_relaxed_repeat099,lo_A_model_1_relaxed_repeat075
2.8609999999999998,0.32232475603774613,3.0,0.3615650292634315,lo_A_model_1_relaxed_repeat099,lo_A_model_1_relaxed_repeat013
2.865,0.3329253148020611,2.9299999999999997,0.36999814406215886,lo_A_model_1_relaxed_repeat099,lo_A_model_1_relaxed_repeat030
2.975,0.30640681066101705,3.08,0.35205759380564877,lo_A_model_1_relaxed_repeat099,lo_A_model_1_relaxed_repeat043
2.9939999999999998,0.31580770438930905,3.01,0.3527991886683355,lo_A_model_1_relaxed_repeat099,lo_A_model_1_relaxed_repeat039
3.024,0.2941059797500718,3.08,0.34866982057072854,lo_A_model_1_relaxed_repeat099,lo_A_model_1_relaxed_repeat037
2.3890000000000002,0.3074390424244568,3.08,0.34101917431900935,lo_A_model_1_relaxed_repeat096,lo_A_model_1_relaxed_repeat018
2.428,0.3042934714025219,3.09,0.336171834254333,lo_A_model_1_relaxed_repeat096,lo_A_model_1_relaxed_repeat011
2.489,0.2541549666389365,3.02,0.2975052685844055,lo_A_model_1_relaxed_repeat096,lo_A_model_1_relaxed_repeat051
2.593,0.314229440607939,3.08,0.3647096165923062,lo_A_model_1_relaxed_repeat096,lo_A_model_1_relaxed_repeat063
2.634,0.34520561101605385,3.04,0.3811262205546576,lo_A_model_1_relaxed_repeat096,lo_A_model_1_relaxed_repeat061
2.681,0.35414465292184355,3.0,0.39781775973061023,lo_A_model_1_relaxed_repeat096,lo_A_model_1_relaxed_repeat098
2.683,0.2846381831008798,2.95,0.32211217267943937,lo_A_model_1_relaxed_repeat096,lo_A_model_1_relaxed_repeat054
2.707,0.3625431437006485,2.98,0.411459282382419,lo_A_model_1_relaxed_repeat096,lo_A_model_1_relaxed_repeat067
2.759,0.3146503466222001,3.01,0.3385445157247784,lo_A_model_1_relaxed_repeat096,lo_A_model_1_relaxed_repeat026
2.7670000000000003,0.3274408031113458,3.04,0.36938529148063237,lo_A_model_1_relaxed_repeat096,lo_A_model_1_relaxed_repeat025
2.809,0.3025992146262408,3.09,0.3432631426786195,lo_A_model_1_relaxed_repeat096,lo_A_model_1_relaxed_repeat075
2.815,0.3112781573982465,2.92,0.34693227417066624,lo_A_model_1_relaxed_repeat096,lo_A_model_1_relaxed_repeat092
2.818,0.3145065403906536,3.09,0.35068969446303255,lo_A_model_1_relaxed_repeat096,lo_A_model_1_relaxed_repeat030
2.823,0.32126989487112034,3.08,0.3436926464053792,lo_A_model_1_relaxed_repeat096,lo_A_model_1_relaxed_repeat036
2.831,0.2968788498733885,3.06,0.3392506258276667,lo_A_model_1_relaxed_repeat096,lo_A_model_1_relaxed_repeat070
2.928,0.30583819298139175,2.85,0.32278642003865865,lo_A_model_1_relaxed_repeat096,lo_A_model_1_relaxed_repeat043
2.9299999999999997,0.3308923708508063,2.96,0.3570053878083318,lo_A_model_1_relaxed_repeat096,lo_A_model_1_relaxed_repeat031
2.936,0.33440066816164227,3.0300000000000002,0.36401292247023576,lo_A_model_1_relaxed_repeat096,lo_A_model_1_relaxed_repeat013
2.947,0.2934047524904413,3.08,0.3313603556019697,lo_A_model_1_relaxed_repeat096,lo_A_model_1_relaxed_repeat039
2.9770000000000003,0.27476187010694153,2.87,0.30582256162496496,lo_A_model_1_relaxed_repeat096,lo_A_model_1_relaxed_repeat037
2.2119999999999997,0.2872289232709273,2.92,0.3113570830899336,lo_A_model_1_relaxed_repeat070,lo_A_model_1_relaxed_repeat036
2.34,0.3226953102125754,3.01,0.3943034640291035,lo_A_model_1_relaxed_repeat070,lo_A_model_1_relaxed_repeat067
2.4,0.30547434302888193,2.96,0.3429623535691129,lo_A_model_1_relaxed_repeat070,lo_A_model_1_relaxed_repeat063
2.401,0.2799700387607924,2.9,0.3175553076088604,lo_A_model_1_relaxed_repeat070,lo_A_model_1_relaxed_repeat011
2.408,0.2934506209787086,2.9699999999999998,0.32653423492924866,lo_A_model_1_relaxed_repeat070,lo_A_model_1_relaxed_repeat018
2.426,0.3078929839351805,3.06,0.3367416876993713,lo_A_model_1_relaxed_repeat070,lo_A_model_1_relaxed_repeat043
2.463,0.3021088094728243,3.01,0.31817757164176613,lo_A_model_1_relaxed_repeat070,lo_A_model_1_relaxed_repeat013
2.532,0.2914662174884989,2.9,0.3252281690531074,lo_A_model_1_relaxed_repeat070,lo_A_model_1_relaxed_repeat026
2.557,0.2603204682864369,2.73,0.2786679946029377,lo_A_model_1_relaxed_repeat070,lo_A_model_1_relaxed_repeat025
2.589,0.35547188045871175,2.83,0.39775568521594046,lo_A_model_1_relaxed_repeat070,lo_A_model_1_relaxed_repeat061
2.62,0.3020743259966383,3.06,0.33980988541541457,lo_A_model_1_relaxed_repeat070,lo_A_model_1_relaxed_repeat051
2.622,0.2627313755141213,3.0300000000000002,0.3008261395515392,lo_A_model_1_relaxed_repeat070,lo_A_model_1_relaxed_repeat092
2.685,0.29243383365684433,3.06,0.32644125240730143,lo_A_model_1_relaxed_repeat070,lo_A_model_1_relaxed_repeat037
2.7110000000000003,0.36493252869635406,2.99,0.4076769387752463,lo_A_model_1_relaxed_repeat070,lo_A_model_1_relaxed_repeat098
2.715,0.28043676337928575,2.9699999999999998,0.29435835021362383,lo_A_model_1_relaxed_repeat070,lo_A_model_1_relaxed_repeat031
2.745,0.31199012034539336,3.06,0.3533856278951667,lo_A_model_1_relaxed_repeat070,lo_A_model_1_relaxed_repeat054
2.779,0.3224637136765226,2.9299999999999997,0.3376001732332136,lo_A_model_1_relaxed_repeat070,lo_A_model_1_relaxed_repeat030
2.784,0.30561937953967283,2.8899999999999997,0.3372922133640121,lo_A_model_1_relaxed_repeat070,lo_A_model_1_relaxed_repeat039
2.827,0.29741455487838014,3.05,0.32000339769297775,lo_A_model_1_relaxed_repeat070,lo_A_model_1_relaxed_repeat075
2.224,0.29891888077174245,3.01,0.3372537834468476,lo_A_model_1_relaxed_repeat043,lo_A_model_1_relaxed_repeat026
2.301,0.31138341416196935,3.09,0.3503260692448691,lo_A_model_1_relaxed_repeat043,lo_A_model_1_relaxed_repeat075
2.359,0.3006974648697807,3.09,0.3389770861723967,lo_A_model_1_relaxed_repeat043,lo_A_model_1_relaxed_repeat011
2.368,0.29981377911283985,2.75,0.343220129398913,lo_A_model_1_relaxed_repeat043,lo_A_model_1_relaxed_repeat037
2.394,0.3054525819637578,3.0300000000000002,0.3623067093571515,lo_A_model_1_relaxed_repeat043,lo_A_model_1_relaxed_repeat013
2.625,0.3556273503307787,3.06,0.4102199068304009,lo_A_model_1_relaxed_repeat043,lo_A_model_1_relaxed_repeat067
2.699,0.2991747590968976,3.09,0.34474435387384805,lo_A_model_1_relaxed_repeat043,lo_A_model_1_relaxed_repeat030
2.7039999999999997,0.2976624039476455,3.08,0.3571843875301368,lo_A_model_1_relaxed_repeat043,lo_A_model_1_relaxed_repeat039
2.707,0.31403197171001573,3.08,0.3467833797147031,lo_A_model_1_relaxed_repeat043,lo_A_model_1_relaxed_repeat036
2.772,0.3101858591859286,2.8,0.3363429937460569,lo_A_model_1_relaxed_repeat043,lo_A_model_1_relaxed_repeat031
2.879,0.3125542942247642,3.04,0.3568635425240754,lo_A_model_1_relaxed_repeat043,lo_A_model_1_relaxed_repeat025
2.92,0.31595384072783855,2.84,0.36288259371873205,lo_A_model_1_relaxed_repeat043,lo_A_model_1_relaxed_repeat092
2.92,0.36951072045637434,2.9699999999999998,0.4020044555230352,lo_A_model_1_relaxed_repeat043,lo_A_model_1_relaxed_repeat098
2.926,0.3407052115857882,2.91,0.38036181103803957,lo_A_model_1_relaxed_repeat043,lo_A_model_1_relaxed_repeat061
2.939,0.29493927262243336,3.08,0.3266147516482952,lo_A_model_1_relaxed_repeat043,lo_A_model_1_relaxed_repeat018
2.963,0.32601059603447324,3.08,0.37094504835410097,lo_A_model_1_relaxed_repeat043,lo_A_model_1_relaxed_repeat063
2.976,0.3159383358280215,3.02,0.3539350424953026,lo_A_model_1_relaxed_repeat043,lo_A_model_1_relaxed_repeat054
2.981,0.325525452637325,2.8499999999999996,0.33631730197965237,lo_A_model_1_relaxed_repeat043,lo_A_model_1_relaxed_repeat051
2.258,0.2913878271450226,3.09,0.3286855078796885,lo_A_model_1_relaxed_repeat037,lo_A_model_1_relaxed_repeat011
2.29,0.2704009321203597,3.09,0.30599625045623696,lo_A_model_1_relaxed_repeat037,lo_A_model_1_relaxed_repeat075
2.4429999999999996,0.31165333534331885,3.09,0.34107173507818234,lo_A_model_1_relaxed_repeat037,lo_A_model_1_relaxed_repeat030
2.448,0.2844734517986778,3.08,0.3171740833385207,lo_A_model_1_relaxed_repeat037,lo_A_model_1_relaxed_repeat039
2.534,0.3081651662192833,3.0300000000000002,0.3340266323666213,lo_A_model_1_relaxed_repeat037,lo_A_model_1_relaxed_repeat013
2.637,0.26079902643384467,3.01,0.3011053076495111,lo_A_model_1_relaxed_repeat037,lo_A_model_1_relaxed_repeat026
2.645,0.3191316217308386,2.8899999999999997,0.352632405961088,lo_A_model_1_relaxed_repeat037,lo_A_model_1_relaxed_repeat031
2.674,0.3486156604110522,3.0300000000000002,0.39347376315198485,lo_A_model_1_relaxed_repeat037,lo_A_model_1_relaxed_repeat067
2.752,0.2989816263176326,3.08,0.32513503302408187,lo_A_model_1_relaxed_repeat037,lo_A_model_1_relaxed_repeat036
2.928,0.3183292269170161,3.04,0.365089755166604,lo_A_model_1_relaxed_repeat037,lo_A_model_1_relaxed_repeat025
2.9690000000000003,0.30053672874024634,2.77,0.3260306207478617,lo_A_model_1_relaxed_repeat037,lo_A_model_1_relaxed_repeat092
2.9690000000000003,0.3581946022826627,3.0300000000000002,0.40088360916515636,lo_A_model_1_relaxed_repeat037,lo_A_model_1_relaxed_repeat098
2.975,0.32791827726816875,3.0700000000000003,0.37831419600814287,lo_A_model_1_relaxed_repeat037,lo_A_model_1_relaxed_repeat061
2.988,0.32000837301277485,3.08,0.3517571668564935,lo_A_model_1_relaxed_repeat037,lo_A_model_1_relaxed_repeat018
3.012,0.3179534161181054,3.08,0.36539762181967406,lo_A_model_1_relaxed_repeat037,lo_A_model_1_relaxed_repeat063
3.025,0.30550904399978934,2.99,0.3390712299776691,lo_A_model_1_relaxed_repeat037,lo_A_model_1_relaxed_repeat054
3.0300000000000002,0.28989486674054415,3.05,0.325303028092019,lo_A_model_1_relaxed_repeat037,lo_A_model_1_relaxed_repeat051
2.3819999999999997,0.29011834149945087,3.08,0.33922840158310663,lo_A_model_1_relaxed_repeat051,lo_A_model_1_relaxed_repeat063
2.44,0.35681872869878145,2.98,0.3947844525161773,lo_A_model_1_relaxed_repeat051,lo_A_model_1_relaxed_repeat067
2.522,0.3108760992262032,3.08,0.3472767137022411,lo_A_model_1_relaxed_repeat051,lo_A_model_1_relaxed_repeat018
2.54,0.300279223895511,3.09,0.33542708667026727,lo_A_model_1_relaxed_repeat051,lo_A_model_1_relaxed_repeat011
2.59,0.32657028548091205,2.9699999999999998,0.3721805213688771,lo_A_model_1_relaxed_repeat051,lo_A_model_1_relaxed_repeat061
2.622,0.3454443585645763,2.88,0.3894352317316411,lo_A_model_1_relaxed_repeat051,lo_A_model_1_relaxed_repeat098
2.623,0.33111468218894685,2.98,0.37109068644733495,lo_A_model_1_relaxed_repeat051,lo_A_model_1_relaxed_repeat092
2.6479999999999997,0.3162999364296612,3.08,0.3435005773474833,lo_A_model_1_relaxed_repeat051,lo_A_model_1_relaxed_repeat036
2.654,0.2861709684366422,2.9,0.3159224294063384,lo_A_model_1_relaxed_repeat051,lo_A_model_1_relaxed_repeat054
2.719,0.3368278632210525,2.98,0.37255280659967294,lo_A_model_1_relaxed_repeat051,lo_A_model_1_relaxed_repeat031
2.765,0.33089432723150664,3.04,0.36099770347887855,lo_A_model_1_relaxed_repeat051,lo_A_model_1_relaxed_repeat025
2.7720000000000002,0.29604402535759516,3.02,0.33003428963049086,lo_A_model_1_relaxed_repeat051,lo_A_model_1_relaxed_repeat026
2.862,0.3075610857361956,3.09,0.35562140097265915,lo_A_model_1_relaxed_repeat051,lo_A_model_1_relaxed_repeat075
2.867,0.34191617408385794,3.0300000000000002,0.36601050666220564,lo_A_model_1_relaxed_repeat051,lo_A_model_1_relaxed_repeat013
2.871,0.3192090381150041,3.09,0.3636997928813227,lo_A_model_1_relaxed_repeat051,lo_A_model_1_relaxed_repeat030
3.0,0.31074980344860664,3.08,0.3671550915217288,lo_A_model_1_relaxed_repeat051,lo_A_model_1_relaxed_repeat039
2.2889999999999997,0.3402327319264063,3.0300000000000002,0.3853054452288897,lo_A_model_1_relaxed_repeat018,lo_A_model_1_relaxed_repeat067
2.4299999999999997,0.3353196438017214,3.04,0.38820366909412407,lo_A_model_1_relaxed_repeat018,lo_A_model_1_relaxed_repeat092
2.447,0.29987856292769,3.08,0.33390270399738725,lo_A_model_1_relaxed_repeat018,lo_A_model_1_relaxed_repeat054
2.519,0.29691468888380085,2.88,0.3436849040978103,lo_A_model_1_relaxed_repeat018,lo_A_model_1_relaxed_repeat025
2.5599999999999996,0.34917119649753375,2.8600000000000003,0.3832771495805065,lo_A_model_1_relaxed_repeat018,lo_A_model_1_relaxed_repeat061
2.572,0.29481856548090296,2.8899999999999997,0.3131270133130972,lo_A_model_1_relaxed_repeat018,lo_A_model_1_relaxed_repeat063
2.5860000000000003,0.2883324643780269,3.06,0.32526586462393575,lo_A_model_1_relaxed_repeat018,lo_A_model_1_relaxed_repeat011
2.589,0.3213497544169054,3.0300000000000002,0.3605437794238849,lo_A_model_1_relaxed_repeat018,lo_A_model_1_relaxed_repeat036
2.682,0.34699446838136705,3.01,0.39199737962979264,lo_A_model_1_relaxed_repeat018,lo_A_model_1_relaxed_repeat098
2.727,0.3337238670763094,2.99,0.3694941444012085,lo_A_model_1_relaxed_repeat018,lo_A_model_1_relaxed_repeat031
2.7439999999999998,0.3089153811846781,2.86,0.34220613051986537,lo_A_model_1_relaxed_repeat018,lo_A_model_1_relaxed_repeat026
2.8200000000000003,0.3100044016485699,2.99,0.3411471013774771,lo_A_model_1_relaxed_repeat018,lo_A_model_1_relaxed_repeat075
2.825,0.3127694868930319,2.91,0.3424072820211566,lo_A_model_1_relaxed_repeat018,lo_A_model_1_relaxed_repeat013
2.8289999999999997,0.3146549864772866,2.9699999999999998,0.35173353648279726,lo_A_model_1_relaxed_repeat018,lo_A_model_1_relaxed_repeat030
2.958,0.30406357290250585,2.96,0.3379292744993579,lo_A_model_1_relaxed_repeat018,lo_A_model_1_relaxed_repeat039
2.3529999999999998,0.32586698840858036,3.0300000000000002,0.3914524876297643,lo_A_model_1_relaxed_repeat063,lo_A_model_1_relaxed_repeat067
2.3569999999999998,0.34192164309137574,3.01,0.394657925801207,lo_A_model_1_relaxed_repeat063,lo_A_model_1_relaxed_repeat098
2.3680000000000003,0.2950593902535963,3.08,0.34853410577709987,lo_A_model_1_relaxed_repeat063,lo_A_model_1_relaxed_repeat054
2.4459999999999997,0.2908341739517511,2.9299999999999997,0.33561738212090286,lo_A_model_1_relaxed_repeat063,lo_A_model_1_relaxed_repeat011
2.513,0.3077892042901104,3.01,0.34970054632929054,lo_A_model_1_relaxed_repeat063,lo_A_model_1_relaxed_repeat025
2.521,0.3281187200093906,2.98,0.39352622510149476,lo_A_model_1_relaxed_repeat063,lo_A_model_1_relaxed_repeat092
2.58,0.3314216656433264,2.85,0.3882161617822674,lo_A_model_1_relaxed_repeat063,lo_A_model_1_relaxed_repeat061
2.681,0.31788568094779796,3.0700000000000003,0.36222322569936277,lo_A_model_1_relaxed_repeat063,lo_A_model_1_relaxed_repeat036
2.6879999999999997,0.3237595281158219,2.99,0.3727695902054971,lo_A_model_1_relaxed_repeat063,lo_A_model_1_relaxed_repeat031
2.694,0.30667123775905286,3.01,0.34646239992770117,lo_A_model_1_relaxed_repeat063,lo_A_model_1_relaxed_repeat026
2.8440000000000003,0.30892634000344743,2.92,0.3532676808927987,lo_A_model_1_relaxed_repeat063,lo_A_model_1_relaxed_repeat075
2.849,0.33314494862660315,2.9299999999999997,0.35891682539781844,lo_A_model_1_relaxed_repeat063,lo_A_model_1_relaxed_repeat013
2.8529999999999998,0.3059851006686231,2.95,0.34986083478949087,lo_A_model_1_relaxed_repeat063,lo_A_model_1_relaxed_repeat030
2.982,0.32620453179948866,3.01,0.36654646228394505,lo_A_model_1_relaxed_repeat063,lo_A_model_1_relaxed_repeat039
2.3,0.3199249737691663,3.09,0.3639720076016788,lo_A_model_1_relaxed_repeat054,lo_A_model_1_relaxed_repeat011
2.395,0.33913383358424304,2.7800000000000002,0.3855257451105717,lo_A_model_1_relaxed_repeat054,lo_A_model_1_relaxed_repeat061
2.4130000000000003,0.34508385164160527,2.96,0.40599259315146174,lo_A_model_1_relaxed_repeat054,lo_A_model_1_relaxed_repeat067
2.504,0.30799688746731924,3.01,0.35139851393212423,lo_A_model_1_relaxed_repeat054,lo_A_model_1_relaxed_repeat026
2.591,0.2987417811225423,2.94,0.35320972545694107,lo_A_model_1_relaxed_repeat054,lo_A_model_1_relaxed_repeat092
2.613,0.32878338007833785,3.04,0.37656101421269395,lo_A_model_1_relaxed_repeat054,lo_A_model_1_relaxed_repeat025
2.6189999999999998,0.36255155461919536,2.8899999999999997,0.40061990591191987,lo_A_model_1_relaxed_repeat054,lo_A_model_1_relaxed_repeat098
2.71,0.3313145897295622,2.96,0.37261447243012136,lo_A_model_1_relaxed_repeat054,lo_A_model_1_relaxed_repeat031
2.784,0.32246251448423646,3.08,0.3612657370428135,lo_A_model_1_relaxed_repeat054,lo_A_model_1_relaxed_repeat036
2.857,0.3074676613954803,3.09,0.35439173947364105,lo_A_model_1_relaxed_repeat054,lo_A_model_1_relaxed_repeat075
2.862,0.34615683760858457,3.0300000000000002,0.37702771762423315,lo_A_model_1_relaxed_repeat054,lo_A_model_1_relaxed_repeat013
2.8659999999999997,0.3231449149398798,3.09,0.36780141746539874,lo_A_model_1_relaxed_repeat054,lo_A_model_1_relaxed_repeat030
2.995,0.3217278966533343,3.08,0.38600451419451143,lo_A_model_1_relaxed_repeat054,lo_A_model_1_relaxed_repeat039
2.1790000000000003,0.27072852225261984,2.81,0.29328532251132555,lo_A_model_1_relaxed_repeat030,lo_A_model_1_relaxed_repeat075
2.307,0.2962787164570971,2.8600000000000003,0.3354456391489303,lo_A_model_1_relaxed_repeat030,lo_A_model_1_relaxed_repeat039
2.467,0.31678452892816644,2.81,0.34905377919818054,lo_A_model_1_relaxed_repeat030,lo_A_model_1_relaxed_repeat011
2.5149999999999997,0.3644752211582297,3.04,0.42290189002142214,lo_A_model_1_relaxed_repeat030,lo_A_model_1_relaxed_repeat067
2.707,0.3142421726336496,3.0,0.33928250474457283,lo_A_model_1_relaxed_repeat030,lo_A_model_1_relaxed_repeat026
2.718,0.3336912371848605,3.06,0.3407840408790921,lo_A_model_1_relaxed_repeat030,lo_A_model_1_relaxed_repeat036
2.769,0.33778818692705614,2.88,0.35864125240357947,lo_A_model_1_relaxed_repeat030,lo_A_model_1_relaxed_repeat025
2.81,0.39132678425376405,3.02,0.41956043487459616,lo_A_model_1_relaxed_repeat030,lo_A_model_1_relaxed_repeat098
2.81,0.34022587254509334,3.0300000000000002,0.36195933979160533,lo_A_model_1_relaxed_repeat030,lo_A_model_1_relaxed_repeat092
2.816,0.3654212643363609,3.0,0.4150005601802586,lo_A_model_1_relaxed_repeat030,lo_A_model_1_relaxed_repeat061
2.878,0.34020142186533975,3.0,0.35840817995978924,lo_A_model_1_relaxed_repeat030,lo_A_model_1_relaxed_repeat031
2.884,0.3087291487170025,2.84,0.34346309199838776,lo_A_model_1_relaxed_repeat030,lo_A_model_1_relaxed_repeat013
2.214,0.3577413468480198,2.99,0.42108936318585505,lo_A_model_1_relaxed_repeat092,lo_A_model_1_relaxed_repeat061
2.36,0.2977031218915534,2.91,0.34361525711370294,lo_A_model_1_relaxed_repeat092,lo_A_model_1_relaxed_repeat026
2.3609999999999998,0.35923958634951725,3.0300000000000002,0.40024809902425795,lo_A_model_1_relaxed_repeat092,lo_A_model_1_relaxed_repeat098
2.442,0.3196669851611249,3.0700000000000003,0.3653261227528976,lo_A_model_1_relaxed_repeat092,lo_A_model_1_relaxed_repeat036
2.566,0.3368492894111906,2.96,0.3984343105920203,lo_A_model_1_relaxed_repeat092,lo_A_model_1_relaxed_repeat067
2.661,0.271350059767125,2.94,0.31691936307136,lo_A_model_1_relaxed_repeat092,lo_A_model_1_relaxed_repeat025
2.678,0.31522980467715206,2.99,0.36916702432028453,lo_A_model_1_relaxed_repeat092,lo_A_model_1_relaxed_repeat011
2.6799999999999997,0.27926596611174476,2.66,0.2872255423186262,lo_A_model_1_relaxed_repeat092,lo_A_model_1_relaxed_repeat031
2.801,0.3145303513447062,2.99,0.3499182001284241,lo_A_model_1_relaxed_repeat092,lo_A_model_1_relaxed_repeat075
2.806,0.29680710922388115,2.9299999999999997,0.3291908839174672,lo_A_model_1_relaxed_repeat092,lo_A_model_1_relaxed_repeat013
2.939,0.31627388033470966,2.98,0.3515630741928231,lo_A_model_1_relaxed_repeat092,lo_A_model_1_relaxed_repeat039
2.4450000000000003,0.31789876921405524,3.05,0.3708621976839356,lo_A_model_1_relaxed_repeat061,lo_A_model_1_relaxed_repeat026
2.493,0.3611809033175981,3.06,0.3988829897162557,lo_A_model_1_relaxed_repeat061,lo_A_model_1_relaxed_repeat098
2.53,0.32977835709286163,3.06,0.36909567404012733,lo_A_model_1_relaxed_repeat061,lo_A_model_1_relaxed_repeat011
2.565,0.39034253803000785,3.0,0.4462045310705906,lo_A_model_1_relaxed_repeat061,lo_A_model_1_relaxed_repeat067
2.674,0.3714148623843693,2.88,0.4200139312356744,lo_A_model_1_relaxed_repeat061,lo_A_model_1_relaxed_repeat025
2.7409999999999997,0.3676612271759513,2.9,0.4104415431848486,lo_A_model_1_relaxed_repeat061,lo_A_model_1_relaxed_repeat031
2.771,0.34706373691602715,3.01,0.4046727426109934,lo_A_model_1_relaxed_repeat061,lo_A_model_1_relaxed_repeat036
2.8070000000000004,0.34367754166753184,2.9699999999999998,0.3945216041452471,lo_A_model_1_relaxed_repeat061,lo_A_model_1_relaxed_repeat075
2.8120000000000003,0.37942616223636116,2.98,0.42168640925921974,lo_A_model_1_relaxed_repeat061,lo_A_model_1_relaxed_repeat013
2.9450000000000003,0.3560052245200213,3.02,0.410491104735826,lo_A_model_1_relaxed_repeat061,lo_A_model_1_relaxed_repeat039
2.448,0.40821321815141365,3.0700000000000003,0.4519602195517041,lo_A_model_1_relaxed_repeat067,lo_A_model_1_relaxed_repeat098
2.508,0.35316337775553214,3.04,0.4098487456093276,lo_A_model_1_relaxed_repeat067,lo_A_model_1_relaxed_repeat075
2.518,0.34989136634153084,3.04,0.41772464251836505,lo_A_model_1_relaxed_repeat067,lo_A_model_1_relaxed_repeat011
2.545,0.3406400640248944,2.99,0.40428962408533503,lo_A_model_1_relaxed_repeat067,lo_A_model_1_relaxed_repeat025
2.569,0.3489525852087806,3.0700000000000003,0.4148960605484887,lo_A_model_1_relaxed_repeat067,lo_A_model_1_relaxed_repeat036
2.644,0.36424649485324573,3.0300000000000002,0.41383796321714356,lo_A_model_1_relaxed_repeat067,lo_A_model_1_relaxed_repeat039
2.668,0.3722637242608689,2.98,0.4013191766475462,lo_A_model_1_relaxed_repeat067,lo_A_model_1_relaxed_repeat013
2.7,0.3469205084725542,2.99,0.3978809391940795,lo_A_model_1_relaxed_repeat067,lo_A_model_1_relaxed_repeat031
2.724,0.35193459652170944,2.96,0.4106228912253715,lo_A_model_1_relaxed_repeat067,lo_A_model_1_relaxed_repeat026
2.113,0.2906178958243807,2.7800000000000002,0.3204901467934739,lo_A_model_1_relaxed_repeat011,lo_A_model_1_relaxed_repeat075
2.316,0.3421878948250608,3.02,0.3873771899163979,lo_A_model_1_relaxed_repeat011,lo_A_model_1_relaxed_repeat098
2.3810000000000002,0.28586534090904975,3.06,0.3289657351999176,lo_A_model_1_relaxed_repeat011,lo_A_model_1_relaxed_repeat039
2.531,0.3131625478916706,3.04,0.35015876227546167,lo_A_model_1_relaxed_repeat011,lo_A_model_1_relaxed_repeat036
2.63,0.32779300710641823,2.8899999999999997,0.3560809571834325,lo_A_model_1_relaxed_repeat011,lo_A_model_1_relaxed_repeat013
2.653,0.3224984275393899,3.0,0.37421983700647926,lo_A_model_1_relaxed_repeat011,lo_A_model_1_relaxed_repeat031
2.715,0.29239063372405844,2.8200000000000003,0.3187587245292579,lo_A_model_1_relaxed_repeat011,lo_A_model_1_relaxed_repeat026
2.761,0.2907502283386377,2.91,0.3343672948118149,lo_A_model_1_relaxed_repeat011,lo_A_model_1_relaxed_repeat025
2.635,0.3799652419914252,2.85,0.40801532973529137,lo_A_model_1_relaxed_repeat031,lo_A_model_1_relaxed_repeat098
2.677,0.3340649581749043,3.0300000000000002,0.3651274886607136,lo_A_model_1_relaxed_repeat031,lo_A_model_1_relaxed_repeat036
2.7089999999999996,0.2766386093293447,2.98,0.29916646243532347,lo_A_model_1_relaxed_repeat031,lo_A_model_1_relaxed_repeat025
2.731,0.3155542472787833,3.02,0.3509567140895309,lo_A_model_1_relaxed_repeat031,lo_A_model_1_relaxed_repeat075
2.883,0.32073290801422577,2.99,0.36095406878313696,lo_A_model_1_relaxed_repeat031,lo_A_model_1_relaxed_repeat039
2.9379999999999997,0.2910663931261031,2.98,0.3092297412994888,lo_A_model_1_relaxed_repeat031,lo_A_model_1_relaxed_repeat013
3.041,0.32706927905983624,2.92,0.35913789637450305,lo_A_model_1_relaxed_repeat031,lo_A_model_1_relaxed_repeat026
2.66,0.3224811589133189,2.96,0.35747749211337504,lo_A_model_1_relaxed_repeat025,lo_A_model_1_relaxed_repeat036
2.739,0.3792545741922959,2.9699999999999998,0.42341762985306397,lo_A_model_1_relaxed_repeat025,lo_A_model_1_relaxed_repeat098
2.76,0.3312630728923595,2.99,0.36614654226809024,lo_A_model_1_relaxed_repeat025,lo_A_model_1_relaxed_repeat075
2.7649999999999997,0.29587061704649475,2.95,0.3171753011724269,lo_A_model_1_relaxed_repeat025,lo_A_model_1_relaxed_repeat013
2.7720000000000002,0.31852948648832796,2.83,0.345961743400908,lo_A_model_1_relaxed_repeat025,lo_A_model_1_relaxed_repeat026
2.8979999999999997,0.30808770373105093,2.88,0.34944562676589375,lo_A_model_1_relaxed_repeat025,lo_A_model_1_relaxed_repeat039
2.367,0.2726201106845244,3.0300000000000002,0.32513674904476597,lo_A_model_1_relaxed_repeat075,lo_A_model_1_relaxed_repeat039
2.723,0.3202417309431769,2.8600000000000003,0.33978651885810746,lo_A_model_1_relaxed_repeat075,lo_A_model_1_relaxed_repeat013
2.769,0.30087820909727764,2.92,0.3193769865121638,lo_A_model_1_relaxed_repeat075,lo_A_model_1_relaxed_repeat036
2.779,0.2948212848247118,3.02,0.3189972217242827,lo_A_model_1_relaxed_repeat075,lo_A_model_1_relaxed_repeat026
2.801,0.35794942218308123,3.02,0.39146315901255835,lo_A_model_1_relaxed_repeat075,lo_A_model_1_relaxed_repeat098
2.364,0.3694298650337123,3.06,0.4133923650678898,lo_A_model_1_relaxed_repeat098,lo_A_model_1_relaxed_repeat036
2.722,0.3578590466675828,3.0300000000000002,0.40543418856695024,lo_A_model_1_relaxed_repeat098,lo_A_model_1_relaxed_repeat026
2.806,0.39959699225992173,2.96,0.43051132389287977,lo_A_model_1_relaxed_repeat098,lo_A_model_1_relaxed_repeat013
2.939,0.37830412181694634,3.04,0.40861950498836747,lo_A_model_1_relaxed_repeat098,lo_A_model_1_relaxed_repeat039
2.477,0.28781797369165707,2.5300000000000002,0.3217722294855435,lo_A_model_1_relaxed_repeat013,lo_A_model_1_relaxed_repeat026
2.873,0.34071715412203507,2.98,0.3630638183495619,lo_A_model_1_relaxed_repeat013,lo_A_model_1_relaxed_repeat036
2.8890000000000002,0.2841231683991524,2.99,0.31007281437525647,lo_A_model_1_relaxed_repeat013,lo_A_model_1_relaxed_repeat039
2.7990000000000004,0.3044323468213097,3.0300000000000002,0.33027434731164274,lo_A_model_1_relaxed_repeat026,lo_A_model_1_relaxed_repeat039
2.976,0.2944550909260121,3.05,0.33378528731169543,lo_A_model_1_relaxed_repeat026,lo_A_model_1_relaxed_repeat036
2.761,0.3297549616972404,3.0,0.35078897381300905,lo_A_model_1_relaxed_repeat036,lo_A_model_1_relaxed_repeat039
