,lo_A_model_1_relaxed_repeat001,lo_A_model_1_relaxed_repeat002,lo_A_model_1_relaxed_repeat003,lo_A_model_1_relaxed_repeat004,lo_A_model_1_relaxed_repeat005,lo_A_model_1_relaxed_repeat006,lo_A_model_1_relaxed_repeat007,lo_A_model_1_relaxed_repeat008,lo_A_model_1_relaxed_repeat009,lo_A_model_1_relaxed_repeat010,lo_A_model_1_relaxed_repeat011,lo_A_model_1_relaxed_repeat012,lo_A_model_1_relaxed_repeat013,lo_A_model_1_relaxed_repeat014,lo_A_model_1_relaxed_repeat015,lo_A_model_1_relaxed_repeat016,lo_A_model_1_relaxed_repeat017,lo_A_model_1_relaxed_repeat018,lo_A_model_1_relaxed_repeat019,lo_A_model_1_relaxed_repeat020,lo_A_model_1_relaxed_repeat021,lo_A_model_1_relaxed_repeat022,lo_A_model_1_relaxed_repeat023,lo_A_model_1_relaxed_repeat024,lo_A_model_1_relaxed_repeat025,lo_A_model_1_relaxed_repeat026,lo_A_model_1_relaxed_repeat027,lo_A_model_1_relaxed_repeat028,lo_A_model_1_relaxed_repeat029,lo_A_model_1_relaxed_repeat030,lo_A_model_1_relaxed_repeat031,lo_A_model_1_relaxed_repeat032,lo_A_model_1_relaxed_repeat033,lo_A_model_1_relaxed_repeat034,lo_A_model_1_relaxed_repeat035,lo_A_model_1_relaxed_repeat036,lo_A_model_1_relaxed_repeat037,lo_A_model_1_relaxed_repeat038,lo_A_model_1_relaxed_repeat039,lo_A_model_1_relaxed_repeat040,lo_A_model_1_relaxed_repeat041,lo_A_model_1_relaxed_repeat042,lo_A_model_1_relaxed_repeat043,lo_A_model_1_relaxed_repeat044,lo_A_model_1_relaxed_repeat045,lo_A_model_1_relaxed_repeat046,lo_A_model_1_relaxed_repeat047,lo_A_model_1_relaxed_repeat048,lo_A_model_1_relaxed_repeat049,lo_A_model_1_relaxed_repeat050,lo_A_model_1_relaxed_repeat051,lo_A_model_1_relaxed_repeat052,lo_A_model_1_relaxed_repeat053,lo_A_model_1_relaxed_repeat054,lo_A_model_1_relaxed_repeat055,lo_A_model_1_relaxed_repeat056,lo_A_model_1_relaxed_repeat057,lo_A_model_1_relaxed_repeat058,lo_A_model_1_relaxed_repeat059,lo_A_model_1_relaxed_repeat060,lo_A_model_1_relaxed_repeat061,lo_A_model_1_relaxed_repeat062,lo_A_model_1_relaxed_repeat063,lo_A_model_1_relaxed_repeat064,lo_A_model_1_relaxed_repeat065,lo_A_model_1_relaxed_repeat066,lo_A_model_1_relaxed_repeat067,lo_A_model_1_relaxed_repeat068,lo_A_model_1_relaxed_repeat069,lo_A_model_1_relaxed_repeat070,lo_A_model_1_relaxed_repeat071,lo_A_model_1_relaxed_repeat072,lo_A_model_1_relaxed_repeat073,lo_A_model_1_relaxed_repeat074,lo_A_model_1_relaxed_repeat075,lo_A_model_1_relaxed_repeat076,lo_A_model_1_relaxed_repeat077,lo_A_model_1_relaxed_repeat078,lo_A_model_1_relaxed_repeat079,lo_A_model_1_relaxed_repeat080,lo_A_model_1_relaxed_repeat081,lo_A_model_1_relaxed_repeat082,lo_A_model_1_relaxed_repeat083,lo_A_model_1_relaxed_repeat084,lo_A_model_1_relaxed_repeat085,lo_A_model_1_relaxed_repeat086,lo_A_model_1_relaxed_repeat087,lo_A_model_1_relaxed_repeat088,lo_A_model_1_relaxed_repeat089,lo_A_model_1_relaxed_repeat090,lo_A_model_1_relaxed_repeat091,lo_A_model_1_relaxed_repeat092,lo_A_model_1_relaxed_repeat093,lo_A_model_1_relaxed_repeat094,lo_A_model_1_relaxed_repeat095,lo_A_model_1_relaxed_repeat096,lo_A_model_1_relaxed_repeat097,lo_A_model_1_relaxed_repeat098,lo_A_model_1_relaxed_repeat099,lo_A_model_1_relaxed_repeat100
lo_A_model_1_relaxed_repeat001,0.0,0.3097888431250384,0.30247075078209434,0.38098873702463704,0.30633483321835675,0.3214222239762028,0.3743573606547557,0.37466914350644254,0.32614745166703113,0.3656727196706118,0.3715997200366686,0.40337066947871675,0.3360042918180833,0.36037982665011403,0.3924444139311338,0.29671390535480685,0.3720157364339665,0.3514852198879974,0.31382849803715646,0.36402691343538496,0.3159160443333623,0.36358416877326566,0.30744337790097953,0.39032072942246004,0.31490998327768877,0.38668374734115324,0.33593944034938855,0.4153195505168133,0.3986285143059132,0.36588618976761195,0.3373276701984957,0.35262181713947705,0.3485915252873281,0.3480502405646081,0.3707275065599688,0.37329089785394026,0.35109646360011026,0.36883305907273267,0.3636899196483058,0.41944752136109426,0.3742478580131993,0.334391810141272,0.37069443396988283,0.37948036905842086,0.38852448217261215,0.3718424913057764,0.3332485442949123,0.29435305264159867,0.3475090184192197,0.41121394659136334,0.36881921163718584,0.4197086324994563,0.3683298732998628,0.3826479161761294,0.30346482710118755,0.3045276837290293,0.35234395992328377,0.3561747573830193,0.3067933277024564,0.3374173135609686,0.4243492704016526,0.3528454131071947,0.35819328866657973,0.3793467014296431,0.300678060618561,0.4532265190159794,0.39769280960994335,0.36500083289144003,0.3055404929742115,0.315190520761146,0.3749360651267908,0.4037507269334443,0.4044918039421395,0.35812538464926774,0.3786124807590899,0.32444961650165144,0.35567192450724805,0.29048797187246,0.3447064642489213,0.4101980749078218,0.3843264736399074,0.3796709666519879,0.40078495941213554,0.28038339784196875,0.41911385501088927,0.30888622662953197,0.4306284790644971,0.3733067254977598,0.3914305226694173,0.30409258999590055,0.3931372659405931,0.32703208664265404,0.41379827558308707,0.323069727212123,0.3436640489500939,0.35614177948655673,0.351497023269996,0.4282649895655185,0.3643836585849821,0.32644357510191846
lo_A_model_1_relaxed_repeat002,0.3097888431250384,0.0,0.2767520594901613,0.3907980170481362,0.250212327573631,0.2969579672862204,0.2987579438489888,0.3184462457698651,0.24125957029206266,0.33719103910490655,0.34046988484926294,0.3754220133741416,0.26915503879179004,0.3525189145586408,0.35820902458379816,0.2414649496063808,0.347342949350522,0.3303740023095081,0.26685022294882904,0.35743310748071316,0.2677427501493005,0.35045231349548084,0.2869258401891338,0.34450549245950196,0.2695313051642041,0.32516099236918344,0.27417797546805184,0.399738111693036,0.3445791943415975,0.32640303513413943,0.2696082040498529,0.3355907395804175,0.3486214420703991,0.3294281688850175,0.34517586900540104,0.3418079926839935,0.3350859646711563,0.3478198191728615,0.3500271806327162,0.3966290000269456,0.3749523574886096,0.33144958424406734,0.3492602032246292,0.3770457408604444,0.36218759909539083,0.35215392817250346,0.2856110083114261,0.2768449362749094,0.3448837584853087,0.40851768049739284,0.34486081868376,0.41868668568815537,0.33132995971259127,0.34481485152352037,0.26561667389963495,0.29211149810431913,0.3299697389341988,0.32892681089290576,0.2522720787497859,0.27138631013301107,0.39891175283791463,0.33144949791930367,0.3334972272332201,0.3564957808641819,0.2830068471547653,0.4294603194142144,0.395301518356404,0.34589214126741585,0.2462077469323402,0.2863388850323076,0.3431472195809718,0.4035863191738794,0.3894860338052285,0.3213522483584575,0.3081292020406612,0.28926575689422346,0.3335132275658244,0.2624308070125186,0.2983899091981863,0.395376859755764,0.32472587757228866,0.33784544129401445,0.3848136497895802,0.2997917255092843,0.406288656133794,0.2614798317883155,0.41862927764670765,0.3366479548334762,0.3551167371382376,0.26766483429713606,0.398865092413007,0.294913823158781,0.39637769736698997,0.3171220729560417,0.33031116382878806,0.34310544265320925,0.3337878589223229,0.4077924799746696,0.3428561763389878,0.2670548319386912
lo_A_model_1_relaxed_repeat003,0.30247075078209434,0.2767520594901613,0.0,0.3836138676165839,0.2822705304499834,0.3331851745126446,0.3558477757201505,0.3306296070422804,0.29471976942388917,0.3602764000129549,0.3733066488521913,0.3869891112758417,0.3066920279368213,0.37476844543892646,0.37003870191588567,0.29130386182500756,0.38960465637483804,0.3536299804741232,0.32932948744662965,0.38073361156546126,0.2753125938282842,0.36492325804644626,0.2744700707590707,0.3692014737011741,0.311982034257697,0.37196281753043386,0.3215845069898555,0.42593147944103277,0.3824105457031094,0.3544003377929456,0.31148378115521,0.3566009860238615,0.3612346892469044,0.34515945600769904,0.35755448177753113,0.37654080214439206,0.37482558652623404,0.3649523064456113,0.36731566961469553,0.4246360387191754,0.40326957724496215,0.3576756148992579,0.35915474605884734,0.39417177435314865,0.4038946306590994,0.37374465130310885,0.2857506240942322,0.28002202038896545,0.378211399432836,0.4234730712336805,0.36097586697438827,0.44326910158893557,0.3886468583992848,0.38508873436304697,0.28614211581570914,0.30516671491378816,0.35635513783756956,0.3576687352528821,0.2632085505044531,0.29451679589034724,0.440663305465723,0.36693315845722285,0.3641328893237571,0.3767355830961756,0.32381037917199873,0.4325558999491623,0.41260781310973604,0.37447691701010166,0.294037942915716,0.31020852278890193,0.3567120156214228,0.43451968121357365,0.40077025266607735,0.34818191190356806,0.3602258471351077,0.3264300331213492,0.37008416473048833,0.28285505369712394,0.3446757095854807,0.41372974668304296,0.36150500068764546,0.3843317966287163,0.41403240527527035,0.3162302089686842,0.4307218215433809,0.2867431943631633,0.4293910250116029,0.36858520055955957,0.37537563446871414,0.2979878155183948,0.4242987650937554,0.336799843345904,0.41262553038582117,0.3295465302407314,0.3693544614172307,0.3686560287382206,0.3647240123027473,0.41914887532386946,0.37692441837506624,0.31349905823397756
lo_A_model_1_relaxed_repeat004,0.38098873702463704,0.3907980170481362,0.3836138676165839,0.0,0.3920035838205859,0.3875749777478569,0.3913823489396481,0.34624823432199847,0.38091531957469926,0.36819623740849655,0.36648549302139627,0.370966259470098,0.39959217407176423,0.4175296242477455,0.3800705453680491,0.3711154357698783,0.38773857393447225,0.3800914354266515,0.37856796654402247,0.3793698185510648,0.4042577401334412,0.37613393651387655,0.39272792330740947,0.3620326102337678,0.38071858117822854,0.3703850990554142,0.3927662797398923,0.43366488911543455,0.3751766012390837,0.3805867768416605,0.4102165240047305,0.38659516629637214,0.37446885608471675,0.38480889112591526,0.3897105047844386,0.370200772964199,0.3662851051498675,0.37767449708852857,0.3634838579929778,0.41339925174675657,0.3722460536574153,0.396464345320178,0.3798879813809737,0.4091579685214232,0.3809246336716901,0.37068196827238437,0.40003236635862083,0.37619733506101555,0.40815418977677037,0.392091125433587,0.3691684969130202,0.4335414268701313,0.40008450466454615,0.3893422059858726,0.3825767616319273,0.37827350430997286,0.37394593873044,0.3716858704149169,0.3900539561370198,0.403801959987619,0.4249999410923127,0.38765159940065086,0.39848163178831125,0.3890379535824376,0.37241208120311725,0.4371565686595302,0.41065570930888423,0.3979435693742201,0.390990305724123,0.3727846340782625,0.3553086067189813,0.3769993340233869,0.39381240677643,0.3894047766970113,0.38686151422364384,0.4003076070442713,0.36818854409897445,0.3889053637766506,0.38807226883263624,0.39012451700664874,0.3946445132590767,0.3809906896229869,0.43526592269793957,0.37665070167591796,0.4246239436986941,0.4035482466949727,0.45976948880131013,0.3709381834058616,0.4018555317317467,0.39892179433710906,0.4299305263769131,0.37276667346602244,0.41344717847003803,0.38443195185625695,0.3836223703499369,0.3592862500041716,0.3920073792771321,0.4276193539517428,0.39528135974511325,0.3765092281146743
lo_A_model_1_relaxed_repeat005,0.30633483321835675,0.250212327573631,0.2822705304499834,0.3920035838205859,0.0,0.28839841897740964,0.3145373785703103,0.33041600345049055,0.23531131785150683,0.3511245372079124,0.3524987849896369,0.388639128189562,0.27093807262704056,0.35706404934716485,0.38568509173377935,0.24535525031168146,0.34056949696115174,0.34660652058847535,0.26123942504146325,0.35799081677146954,0.27280144697320136,0.3525377849857123,0.2863968853979827,0.35581553144535394,0.29498905195368214,0.33136182351468263,0.26550230419644094,0.41713022568357105,0.3637615043483569,0.34919883780760247,0.2636051909761739,0.32078114600730906,0.3594281740533015,0.34838187161395434,0.3510080720819205,0.35123880500337695,0.33339155428601036,0.33795429341096855,0.3292425520539161,0.4028054337437679,0.3485398112124352,0.360353387194258,0.34371678796509414,0.36897852270097276,0.36733440304765197,0.3598425184082106,0.24525995668256026,0.26511756778765594,0.34017423794318835,0.4117011360986874,0.3339476885010911,0.40962214348004256,0.34363944574150374,0.3587096171187048,0.22975168532542092,0.27670284335241896,0.345766962795466,0.3410673728014739,0.2793949624892648,0.2458143454270715,0.4155126106554817,0.32285568601376113,0.35950657649168605,0.3655681293884993,0.28464705952785474,0.4326558696859164,0.39548919382461734,0.3512988774356583,0.19630164228540856,0.2735735013814075,0.3408087662671263,0.4059551692339364,0.3890609361233371,0.347087205032101,0.34525684494918163,0.26132385533599506,0.33108660571881965,0.24675119380705626,0.2856379051798561,0.39709340962255374,0.31977388291504305,0.3643399189464576,0.4045655399422036,0.28658718996756466,0.4023529507729602,0.23351589016277277,0.43590325211844794,0.3679573200976545,0.34129199946442684,0.2792538084906082,0.3841581100341461,0.2856399085696327,0.41096460032242293,0.31140546229254973,0.3109217916374172,0.34073000819350785,0.35964654401752316,0.39491745936825456,0.3356670807918536,0.2938209141870842
lo_A_model_1_relaxed_repeat006,0.3214222239762028,0.2969579672862204,0.3331851745126446,0.3875749777478569,0.28839841897740964,0.0,0.35598138544187374,0.3401998907484188,0.27511776643416785,0.3461635228462933,0.34929673879245476,0.3919105471495962,0.2970398064873702,0.3550028309947769,0.39001903772176005,0.2882735844880534,0.3831692626425672,0.37864440836071067,0.2733186080684081,0.3473659311572673,0.3147788469078856,0.34118458959542164,0.3042713099240848,0.36012178038766984,0.32035723086081086,0.3463949634050546,0.27715115205834434,0.43179566512815076,0.34933970005883386,0.3558600776285328,0.29862622989085685,0.34996312906137994,0.37097686457330586,0.3639583682900488,0.3856409116425214,0.34966843072390924,0.30588294768163105,0.3350113272912541,0.33634916117932745,0.4160402616150178,0.3669666479994059,0.3800352366766532,0.34815339555767727,0.3919005450315096,0.3682711416368623,0.356207692063985,0.29589760630861855,0.2800161961389788,0.3603874484753846,0.39598731211881577,0.34507854012602385,0.4153240629354611,0.34422856465004475,0.3607057935879281,0.2910389853389481,0.309193745946112,0.37259047542150237,0.33536860766072285,0.3191180622045371,0.31447574285932484,0.4067779110960315,0.35988346548119227,0.37052949006022695,0.4001906198161586,0.3089290189827931,0.44192717504138307,0.40258598989045824,0.3607308588180065,0.29544912587444117,0.29501848830307137,0.34461543742826867,0.41197576911119904,0.38220806413764413,0.345672490476736,0.3443451623648326,0.29825635390824123,0.3361948988522969,0.27725075803795024,0.31029659538924587,0.3826003192521479,0.3666775781963377,0.36018573336250104,0.41108934456290847,0.31258953509915366,0.42671191864822816,0.2748548843284377,0.45083111931209924,0.3467125808705326,0.3621016779563813,0.2745479833032988,0.3915891470480724,0.284998757620965,0.4170436520621335,0.35446314360124076,0.3118810895518172,0.35179893301484905,0.3518920451572063,0.41985582374486,0.37301175348820226,0.3041394906236206
lo_A_model_1_relaxed_repeat007,0.3743573606547557,0.2987579438489888,0.3558477757201505,0.3913823489396481,0.3145373785703103,0.35598138544187374,0.0,0.30905060213193497,0.3267123263759857,0.3071809148518396,0.3146928015867686,0.3763113647029252,0.3140680060852298,0.32973930831024884,0.3479882917800869,0.3227052584542877,0.3440702676345344,0.30290661554285675,0.35005252007338583,0.3537103961563331,0.35107902342164404,0.33879412513718093,0.36409792108351713,0.31540754116590247,0.3397374649113307,0.27150868696204034,0.35649228954295287,0.39309170338169824,0.35107128100867224,0.3374510190706451,0.34238288099143377,0.3272518334828434,0.3293303128101364,0.3183910732675787,0.31254742701624955,0.3359548559495033,0.3312325359123469,0.34436684867504386,0.31410294185660803,0.3952573635049246,0.3653623439083574,0.33073040942677073,0.32372443641099097,0.3546323732707913,0.34001279114203964,0.3638470728448143,0.3561100840871472,0.35377655953617565,0.3282282171262591,0.38797246336808844,0.3315628229753739,0.3936493723177776,0.31479670756831496,0.34890599510350956,0.32792895004924555,0.34375778310866295,0.3005944039867584,0.3099461395824444,0.33671067291254503,0.3248439704692309,0.36420686162449406,0.26133650110485557,0.32178921294529783,0.3401165751509587,0.338229421592654,0.42764758932803887,0.39526757022856296,0.38472017588619595,0.32415277487510036,0.32540600808857706,0.33401896582065066,0.3811353042840217,0.3820256603295315,0.37020494652563163,0.3157958359673322,0.3299302392991672,0.31310818928514933,0.3307720193053893,0.342534732426443,0.3693743695665738,0.3120865677197161,0.3450507209092599,0.3635154220782086,0.3597750051954363,0.4021427230113191,0.31794588395134527,0.40242711422116173,0.33886260989286626,0.34992134820337734,0.33389846228867404,0.38233979599229234,0.3525640801544657,0.37841893052726894,0.31272625571853857,0.38442912360142717,0.30757833946331464,0.3181928136628272,0.39043220979254606,0.33358850033184306,0.32623433479895514
lo_A_model_1_relaxed_repeat008,0.37466914350644254,0.3184462457698651,0.3306296070422804,0.34624823432199847,0.33041600345049055,0.3401998907484188,0.30905060213193497,0.0,0.3182328710691251,0.29846886332550865,0.3296655000406083,0.3602221536774217,0.3563968067113518,0.3384827714259877,0.3302625651593541,0.30828618515908685,0.35679670860764323,0.3196201697840127,0.3432310499475079,0.3213152957972974,0.3495840978760901,0.30560711404433377,0.33631857810708493,0.29023127278505334,0.3290884362227087,0.3193190179008025,0.33120510870808556,0.41823424722371416,0.2998483164460599,0.34448460393203184,0.33866133842811574,0.300540619227146,0.33177154868225434,0.3202297994620727,0.32186856095202526,0.3400161150771537,0.32398630289492075,0.30355551610716025,0.35112490390201645,0.3959689587695137,0.3492674123388674,0.34533490203520173,0.3220865894469586,0.3675980886682639,0.3465044739981221,0.3304631942392089,0.33405177226324884,0.3343580101776494,0.34476750890003116,0.38897098390923585,0.29031224865089345,0.418674589648294,0.34436959052506033,0.32950919412495233,0.33386426957779614,0.3285917844395147,0.3172988193683238,0.3020702056740073,0.3301219265804014,0.33634516299410033,0.39299058804122045,0.3306016538146885,0.3473899821725966,0.37342765260629046,0.3294294716992308,0.410013363821425,0.3931110644752645,0.3828383568024485,0.34411529491518345,0.30965784800747104,0.3115428862244836,0.3904803908294469,0.35613241979519994,0.36628533949432,0.3205925754407827,0.3382897319981696,0.3063250258454694,0.3318205730569801,0.3331529268597987,0.3626965453062796,0.3229312722249577,0.31785245945245,0.4075114469547348,0.34761340406237795,0.4276171124379676,0.33208859152043413,0.4214128426817462,0.283467291399336,0.3481716397138076,0.32247646884908265,0.40811072440730073,0.33541702098809245,0.36985358430025045,0.31058383344367185,0.3677694432334636,0.2988264600380698,0.31826186570891707,0.3866541855812088,0.3606576015827188,0.3345920155671066
lo_A_model_1_relaxed_repeat009,0.32614745166703113,0.24125957029206266,0.29471976942388917,0.38091531957469926,0.23531131785150683,0.27511776643416785,0.3267123263759857,0.3182328710691251,0.0,0.34043731868615745,0.34776922445264596,0.3832581502436486,0.29053248927572567,0.3570378852476946,0.3830079728884731,0.23559494591517138,0.36749934065126294,0.343454927979856,0.25015943414005076,0.36272261676050077,0.27324730842109046,0.3353001772588467,0.27619688816140364,0.3448391219519797,0.284980786441675,0.3369667779500823,0.24822966890858633,0.4114104981610688,0.34999006730234566,0.3522424382952664,0.25753358601473325,0.33737932193149117,0.3648762504077074,0.3489446176814737,0.3601744927615662,0.3385814470410341,0.33573735391738974,0.33241101297198977,0.3452124224229712,0.387744292831949,0.362560635745629,0.3622037144456501,0.3292760950647889,0.3708533252395099,0.3615689859716886,0.36110001230146777,0.2532172951624451,0.24714744546467374,0.366402805306901,0.39941853302112046,0.346289962599878,0.41054107846859533,0.3500793697049142,0.36934880637756523,0.24117511550246054,0.2877204075211711,0.3373810180776097,0.3243656073172685,0.2824480151442763,0.27850212472509944,0.408722704198138,0.3440426995490801,0.3638577674919619,0.3711453486358411,0.2746340522603565,0.4313308413581434,0.38994625652220277,0.3430149085212058,0.22770761565225964,0.25736193292859755,0.33039331483743795,0.40086455209624705,0.3821434540278902,0.3317526613701543,0.34783133564180696,0.2944052465788639,0.33424969892331846,0.23676684897284964,0.2852420100403261,0.37924674986324036,0.33035035808124424,0.3455704164601984,0.4010018926173411,0.31289830696364485,0.39942687839880103,0.25671452278527174,0.434404003596291,0.34853628124187735,0.3636980227995046,0.2716779840889331,0.39132638248037765,0.27802105703436647,0.40257294809856825,0.33179349628556054,0.3201189871772043,0.3476577255498256,0.36488628757632197,0.4067091842029406,0.3526264827514025,0.27478403537036244
lo_A_model_1_relaxed_repeat010,0.3656727196706118,0.33719103910490655,0.3602764000129549,0.36819623740849655,0.3511245372079124,0.3461635228462933,0.3071809148518396,0.29846886332550865,0.34043731868615745,0.0,0.3456514655289597,0.3623227404405406,0.3448608601675993,0.35021611966342014,0.35190298116740415,0.3085746919084732,0.36813674606786584,0.326701422926943,0.3558265478977661,0.31314524230042745,0.37422996762622834,0.3103628408653099,0.36160320969114934,0.30997729392131473,0.354237499438701,0.324079151037735,0.35264461719583357,0.40823203029397376,0.3425761195866048,0.31558751441728505,0.36471236241199356,0.3289308557560136,0.3248294809625999,0.3232211802009146,0.3573775088531015,0.32014557668632077,0.30384305300330483,0.31333624020810924,0.3418066951966549,0.3970151148641764,0.33947080755869036,0.3386422439460787,0.319098470771392,0.3602571804301784,0.3714329827278173,0.3499091645871664,0.3674844697116547,0.34991881339199987,0.3300482038752202,0.3847437510008339,0.3006255757030824,0.41164007779620854,0.36377283074623284,0.35016064165499045,0.3340487315926882,0.34436502076290465,0.32121465643377545,0.31908282365992774,0.3382812739640421,0.35391786346164167,0.3896510305491459,0.3324925591044102,0.34529061384787874,0.3874644106597366,0.3454564271532901,0.4249887653147749,0.3963731858136291,0.3925333879532835,0.3503326030518531,0.32626358302454084,0.3269696559882169,0.3866981019238051,0.3798390970240426,0.36960099121060624,0.3099078731536718,0.3347231683462529,0.3255260516462994,0.34892141184686193,0.3471277197100949,0.382098040733625,0.3514464287408226,0.34589292710941705,0.3988943947931895,0.35283929074436987,0.4195540585090852,0.33762483517598474,0.42043692785057446,0.3270880759704641,0.34734805655009404,0.30846215071921435,0.40517888453032913,0.3572970776772995,0.4109688124503694,0.3291585491836955,0.37276517670927345,0.3118265447190413,0.32626042592103405,0.38989900016419826,0.3790171386841352,0.3373820781646036
lo_A_model_1_relaxed_repeat011,0.3715997200366686,0.34046988484926294,0.3733066488521913,0.36648549302139627,0.3524987849896369,0.34929673879245476,0.3146928015867686,0.3296655000406083,0.34776922445264596,0.3456514655289597,0.0,0.3905284560236739,0.3560809571834325,0.3527009619018162,0.33353257278736265,0.3508561366319582,0.32851893768508933,0.32526586462393575,0.3521995061490243,0.347114654964303,0.3893685508402096,0.33214338389889864,0.3775285946403286,0.34366475663054025,0.3343672948118149,0.3187587245292579,0.37569814840167415,0.40087525842624894,0.35737530714553806,0.34905377919818054,0.37421983700647926,0.3297825181828148,0.3481986343802388,0.3175851749493976,0.34895376019252694,0.35015876227546167,0.3286855078796885,0.3225948973730967,0.3289657351999176,0.410589756932457,0.3684375236994924,0.32911660491084316,0.3389770861723967,0.3409238059857947,0.3394187997184142,0.3606394733758292,0.3717125044708227,0.35155131372284404,0.30653063475437237,0.38507212783290684,0.33542708667026727,0.3910697335267544,0.32710102213816766,0.3639720076016788,0.35612044867264225,0.35752223136854966,0.3022780461220794,0.31769975298575587,0.3552920980886496,0.36926741844267685,0.36909567404012733,0.314544473862117,0.33561738212090286,0.3885370381867325,0.33699229284412074,0.43629776158812655,0.41772464251836505,0.3779920974717236,0.33895070771481206,0.3175553076088604,0.33301638722905236,0.3834783951439809,0.37708148123542345,0.3738078427352948,0.3204901467934739,0.35259361930125727,0.3056901944663043,0.3296163721505647,0.3552916551636112,0.38973939423931925,0.34858881664524,0.3611764278260243,0.39416498727816285,0.3513164695862907,0.41240735726485317,0.3613479770457024,0.41246635966352124,0.33625348943310174,0.37247937792769414,0.36286702104797924,0.37273462620700626,0.36916702432028453,0.39055332890422123,0.33798396657166085,0.3864828752681501,0.336171834254333,0.3381808609408934,0.3873771899163979,0.3608847021423094,0.3696472044990891
lo_A_model_1_relaxed_repeat012,0.40337066947871675,0.3754220133741416,0.3869891112758417,0.370966259470098,0.388639128189562,0.3919105471495962,0.3763113647029252,0.3602221536774217,0.3832581502436486,0.3623227404405406,0.3905284560236739,0.0,0.39737331413525784,0.41283236057740696,0.36800354542050284,0.38290826715893095,0.38822014166927377,0.37992571369362194,0.3778367005017721,0.4009170817485434,0.40848665189728617,0.37511703466994245,0.38116112791880763,0.3747855848627145,0.3814756754855078,0.3738040921187092,0.39122579820204456,0.42362182503239465,0.39351539153666126,0.37848806967211024,0.3853686713726694,0.3936742660549889,0.3877193873396418,0.37725080359435864,0.3821132414973483,0.3992447447838006,0.3591343510683856,0.37191716123509694,0.37703989763192797,0.3959026194914245,0.379364463649932,0.3947540840046376,0.36155929195954706,0.4015345386063923,0.40085987690911856,0.3729019708024163,0.3939984314036007,0.3835962275730792,0.3871237616925016,0.36784272312450456,0.3773500706540331,0.4372309800321301,0.39226925003209706,0.4005830514585956,0.3873055005894421,0.39648624790559206,0.37950457124971204,0.3667775615891254,0.37523219325573315,0.38254602236524143,0.41836667217780066,0.37398270216208135,0.39866777431533057,0.38659190979769614,0.40085602251536445,0.3948163405627905,0.4186627666275434,0.36076980165391853,0.39587457732572107,0.38611038619679927,0.3577067716409985,0.37698567270506805,0.37212697234670533,0.3977899245007781,0.36620581000165736,0.3832818899362137,0.39222012154938163,0.39637693942961416,0.39061402087575026,0.4036034399838655,0.3975315465118498,0.38701798208214516,0.412011847545532,0.40063861753430574,0.4113573957157137,0.3846550579296262,0.4086283976695382,0.3819762630349882,0.4065073329363744,0.38094964540199105,0.4266758426230756,0.3804390581513626,0.39736949792691634,0.3915579826681231,0.39878169258440943,0.35974299362076184,0.39101178318853086,0.4131135831923537,0.3746422614099146,0.37566498026337297
lo_A_model_1_relaxed_repeat013,0.3360042918180833,0.26915503879179004,0.3066920279368213,0.39959217407176423,0.27093807262704056,0.2970398064873702,0.3140680060852298,0.3563968067113518,0.29053248927572567,0.3448608601675993,0.3560809571834325,0.39737331413525784,0.0,0.3635982549286017,0.38964467875173425,0.2824427474363595,0.3703128631240561,0.3424072820211566,0.28247227572315387,0.38000082824998205,0.30741289751165174,0.36342666570407056,0.3261085419241266,0.342126314215083,0.3171753011724269,0.3217722294855435,0.30858006985803677,0.40150770930266166,0.37548697993805896,0.34346309199838776,0.3092297412994888,0.35655593055872054,0.36021429006072,0.3391909502261338,0.34561346838324597,0.3630638183495619,0.3340266323666213,0.36023232052335663,0.31007281437525647,0.41710367926461656,0.38567852624693977,0.3539288985602214,0.3623067093571515,0.37744487702594803,0.3916158887121991,0.37258198970937123,0.3131929798579973,0.3267409626177295,0.3636040387505454,0.4092851159664192,0.36601050666220564,0.4150121083432756,0.37081575001312556,0.37702771762423315,0.2787739866313168,0.32491935832364277,0.3545959840073007,0.3383630120107629,0.28520659881167276,0.29975206731530596,0.42168640925921974,0.3443518927451917,0.35891682539781844,0.3739472777325771,0.31429531505318,0.43816658599389463,0.4013191766475462,0.3591158671077953,0.2791447699225391,0.31817757164176613,0.35047247896541067,0.40397984340430537,0.3971725534273413,0.3431170756620438,0.33978651885810746,0.3003109023235144,0.3601719109485602,0.2812595317094094,0.3136393963750602,0.40800624837426985,0.330372140279657,0.3682843493085698,0.3922923714795255,0.29536723341479043,0.405214226533121,0.24610336639873437,0.4220740735998247,0.37712924360296385,0.35127187665748605,0.2981546967196151,0.3990304415406283,0.3291908839174672,0.41435376369455096,0.34116584600136257,0.3338977339090296,0.36401292247023576,0.3621198909900473,0.43051132389287977,0.3615650292634315,0.282780037053932
lo_A_model_1_relaxed_repeat014,0.36037982665011403,0.3525189145586408,0.37476844543892646,0.4175296242477455,0.35706404934716485,0.3550028309947769,0.32973930831024884,0.3384827714259877,0.3570378852476946,0.35021611966342014,0.3527009619018162,0.41283236057740696,0.3635982549286017,0.0,0.3848984036286457,0.356604596633984,0.37342964474023144,0.3374628469986509,0.371689719384897,0.36461510856830986,0.363652351709911,0.35126356830818767,0.37266464998008364,0.34939665961636346,0.3718259087769009,0.34425694898458825,0.3802702148967563,0.41110326456314816,0.3502628483682893,0.35775600096039756,0.381595775912894,0.309570425517026,0.36348004020584135,0.3375575826467078,0.33590277222602277,0.35748993803181567,0.35709714238385115,0.3531159884337633,0.358638978673987,0.427508401644219,0.36808396908527263,0.3504711727352978,0.3478380808251204,0.37495621108190547,0.3761726538734236,0.37812204431978336,0.36426887992423806,0.35960911062757006,0.33456922530861255,0.4016176161289761,0.3595224936802824,0.4178294618950031,0.340915916869279,0.3652524162971036,0.3374857809753102,0.3544183007446401,0.32266012537854594,0.3470240537028446,0.368898604304097,0.37440302506634066,0.42430486785680577,0.34508724612653946,0.33989011941524383,0.3811437872407439,0.37427094605199485,0.4351040524755966,0.4226017920905111,0.3856388342004611,0.36868555909858985,0.3507146597052779,0.3689456423125255,0.38969960185412644,0.37404761273818593,0.3966757792199348,0.35969797376674606,0.35098732598812143,0.33957770627353784,0.3346811947897921,0.35815003130157086,0.37567998435340794,0.3474694539944878,0.3688176600714012,0.3630047075998162,0.3669569406352748,0.41463067662335207,0.3506871652053595,0.41926668047463916,0.3460023898633219,0.3520484506257382,0.35072954826032243,0.4003416638104839,0.37429621129678853,0.36901031462994416,0.3187594875022158,0.4080118935684058,0.33957623174683765,0.3304575663339446,0.4374545960498646,0.36715513048660003,0.3755871321655666
lo_A_model_1_relaxed_repeat015,0.3924444139311338,0.35820902458379816,0.37003870191588567,0.3800705453680491,0.38568509173377935,0.39001903772176005,0.3479882917800869,0.3302625651593541,0.3830079728884731,0.35190298116740415,0.33353257278736265,0.36800354542050284,0.38964467875173425,0.3848984036286457,0.0,0.3764445899831884,0.3793604662800959,0.3645494995541467,0.3846443092458189,0.390617976331705,0.39946867429793603,0.36696754465060744,0.37217540898086154,0.3621254613879114,0.3574971412593165,0.3490339826292605,0.38459454152833544,0.40492356084668046,0.3730725381759674,0.36322951358913985,0.4018895285187799,0.34823688351268395,0.3404638340816783,0.3418420185776407,0.3390999616294731,0.36582432833103856,0.3788099353182955,0.3323550594631995,0.3573156957618406,0.4351421914185104,0.40902602482514877,0.3707966137323328,0.3602819989134326,0.3708258578918937,0.3638986952050803,0.36817816953309973,0.4077492918185644,0.36575299090732505,0.3589164666644851,0.40867173796758666,0.36608300535497157,0.4301328935941138,0.3697428639037207,0.38159367644862696,0.3894408889787816,0.36373326547350215,0.34402668991845936,0.34999382786301125,0.3655060575579945,0.38657966067634875,0.4007353041311811,0.34173076268180796,0.3465335801542688,0.3518682205530831,0.3668287325540104,0.4299762777500102,0.4142563186819897,0.4178069318858924,0.37806252557942904,0.35892380069692215,0.3451931515457772,0.4049968649978454,0.4063209088550801,0.3996516007760525,0.3584058249194544,0.386085894065772,0.3575492002720248,0.3832974169900505,0.39387437631871636,0.3948954697711531,0.3723708597951867,0.3897363842562837,0.40562913214773444,0.3933609990027998,0.43757705227876476,0.3897304376361033,0.42609287239807314,0.33522311234470625,0.38822036277291117,0.3744053176933046,0.4154411964366432,0.39169975509336263,0.4053739508863694,0.36091348100691967,0.4001286631412937,0.36772925756180014,0.34306833113583385,0.4048703496182451,0.3769536425622063,0.40439311459294897
lo_A_model_1_relaxed_repeat016,0.29671390535480685,0.2414649496063808,0.29130386182500756,0.3711154357698783,0.24535525031168146,0.2882735844880534,0.3227052584542877,0.30828618515908685,0.23559494591517138,0.3085746919084732,0.3508561366319582,0.38290826715893095,0.2824427474363595,0.356604596633984,0.3764445899831884,0.0,0.35100852041225844,0.32603105954535827,0.26022247552202277,0.33784065624621845,0.2720552308648293,0.33940657629800686,0.28156694190794734,0.3320284042523004,0.28246938887413964,0.34222903925234377,0.25642568997240794,0.4133127619598208,0.36582112157444613,0.3297148809474162,0.27549497657363997,0.32737216159722743,0.3517709132282247,0.3347374860235349,0.3558790120878656,0.3463750561778419,0.31628331588694436,0.3277052480716992,0.3451871835720904,0.37806490953618493,0.34932593992329053,0.3534932156421211,0.3396366820922082,0.3529623257990524,0.362477526312384,0.3483187496519307,0.2700098021852331,0.2552409167982505,0.35145078430860016,0.39911006151400985,0.33267369638875216,0.40655857049708743,0.3613406922161079,0.3485446135568372,0.25931542979856903,0.28293394387230375,0.3369762029778817,0.3134854134324387,0.26286171345514026,0.2901263599210352,0.3870460006004839,0.3387089432119132,0.3579938538966192,0.3682482213176006,0.27379654737820047,0.42134599363460346,0.38267513312303114,0.3437892440857772,0.23564558387908893,0.2795687461681807,0.32847843608931093,0.4060648940011932,0.36360270100398906,0.3067287366431283,0.341287975348254,0.2892941931425171,0.3380715739711411,0.2636798574766619,0.2706494071186499,0.3911142879851034,0.3316639456110837,0.3496854912280368,0.38622811941765506,0.25877796891542815,0.40917866719579343,0.2565220223014157,0.42822323139741103,0.3429737411587999,0.3646523419259816,0.23201727773461608,0.3817092797521787,0.2774011829625333,0.40105226399427746,0.31294288216290117,0.3114180497606685,0.3291471617335523,0.34237151553465905,0.3974969250652609,0.360584329464304,0.27426609052527284
lo_A_model_1_relaxed_repeat017,0.3720157364339665,0.347342949350522,0.38960465637483804,0.38773857393447225,0.34056949696115174,0.3831692626425672,0.3440702676345344,0.35679670860764323,0.36749934065126294,0.36813674606786584,0.32851893768508933,0.38822014166927377,0.3703128631240561,0.37342964474023144,0.3793604662800959,0.35100852041225844,0.0,0.33487058974192685,0.35235488190743963,0.36920337239247963,0.38394798020323784,0.37911805643533725,0.3815802546005249,0.3696163575767027,0.3632146253822378,0.3520508075570537,0.3824795617605217,0.4132305123853241,0.3835920505306764,0.33444742289907703,0.3794188387807666,0.3389148719293363,0.36634356944359653,0.3111402721533343,0.3610611843260025,0.35950968039877473,0.34793467888747764,0.3549367349780942,0.3247568915767754,0.40911604350469166,0.36325314441058515,0.3512805513419053,0.3665953630761012,0.37452799097382544,0.38034142481164723,0.38768451696246237,0.3591429951803661,0.38125318545070414,0.35084675826141887,0.4285399572885204,0.3697675486805523,0.42052855222111885,0.36380354396019443,0.3735750418244049,0.3617494845283256,0.3840226060346404,0.34042815757822237,0.3509622578537018,0.36018358853993476,0.3681181700547577,0.41191575871126623,0.33554137069059203,0.3837765802121246,0.3832688258219342,0.36930050261315517,0.45103425891850923,0.4368241151565014,0.41099185655149567,0.3401932043839396,0.34464711068176324,0.3551923454819716,0.4053047388453188,0.42006375972197324,0.4101012820224439,0.33997896089075097,0.3646964755975916,0.3500801870129982,0.3624856565659156,0.3744018787475941,0.40981048692430144,0.35257028844978977,0.3835363647185446,0.4131677064438467,0.36169023808527134,0.4376979707410626,0.36130466182326204,0.4453149212782102,0.3859270094880125,0.37077886549242695,0.3720893719461866,0.41715474703721106,0.37694715271116314,0.41610868504303095,0.33359604811662136,0.3702961348269938,0.34135185259131823,0.3734201053870776,0.4140404560966143,0.3619479961697957,0.3594061625787332
lo_A_model_1_relaxed_repeat018,0.3514852198879974,0.3303740023095081,0.3536299804741232,0.3800914354266515,0.34660652058847535,0.37864440836071067,0.30290661554285675,0.3196201697840127,0.343454927979856,0.326701422926943,0.32526586462393575,0.37992571369362194,0.3424072820211566,0.3374628469986509,0.3645494995541467,0.32603105954535827,0.33487058974192685,0.0,0.35949810030120005,0.3647026342719796,0.35644762169218397,0.3410651077511769,0.36382061010561945,0.3343087587977165,0.3436849040978103,0.34220613051986537,0.3766840108936761,0.38023135040173395,0.35282084192262914,0.35173353648279726,0.3694941444012085,0.33378301570582747,0.3349291984199352,0.2978420720061867,0.32083969764974973,0.3605437794238849,0.3517571668564935,0.34690175807682994,0.3379292744993579,0.38431109983869505,0.37732466866002695,0.3053077904741007,0.3266147516482952,0.34373489302218474,0.3555783537636059,0.3613959582322545,0.36287045103538107,0.35703323721323793,0.3411502884555496,0.3866301719248412,0.3472767137022411,0.3875705851998578,0.31288422445259506,0.33390270399738725,0.33816178163408694,0.35710110853473725,0.316032268684363,0.3278121430705277,0.3358775153136573,0.36195246251628443,0.3832771495805065,0.3147392589819264,0.3131270133130972,0.3731818873284754,0.35396171887129735,0.43176329418229537,0.3853054452288897,0.39780157669446314,0.328762669267456,0.32653423492924866,0.34606332993569294,0.39135953927847883,0.3876118141323038,0.3855752442204387,0.3411471013774771,0.36210823633434946,0.32798299791936986,0.3507641770027028,0.36957974044765524,0.39237973928289654,0.3035198376473827,0.3361725151507413,0.3785240140130469,0.3488090098060662,0.40580339433004425,0.3521043219061748,0.41671008643580854,0.3374447869848239,0.3669720668580611,0.3389708821437982,0.4034136880667281,0.38820366909412407,0.36153859734151217,0.2980826185748231,0.39853045505350054,0.34101917431900935,0.32416469083031835,0.39199737962979264,0.3433993158536507,0.34474750769649815
lo_A_model_1_relaxed_repeat019,0.31382849803715646,0.26685022294882904,0.32932948744662965,0.37856796654402247,0.26123942504146325,0.2733186080684081,0.35005252007338583,0.3432310499475079,0.25015943414005076,0.3558265478977661,0.3521995061490243,0.3778367005017721,0.28247227572315387,0.371689719384897,0.3846443092458189,0.26022247552202277,0.35235488190743963,0.35949810030120005,0.0,0.3642558408544282,0.30531795851864235,0.36034453390989724,0.2745490775695259,0.35034775284794967,0.2956753139395433,0.3558164159906229,0.28844717707546386,0.4150745318045781,0.3720854886617795,0.35296163676003156,0.28792494253223155,0.3516582015267118,0.3806430444980568,0.35025549636297637,0.3715301076453716,0.3726967416416852,0.3306299964668396,0.3581152778330652,0.31202041311014395,0.40151636756073866,0.36746547140547825,0.3550583582571185,0.3429069118792916,0.4008499553390008,0.3808154040476078,0.35610156722521946,0.2748459316108443,0.2753013175606753,0.3593513867654377,0.39290932748923135,0.3579630818313815,0.4235437391799924,0.34354880247974184,0.37225700660962324,0.27657345414280216,0.31463715278285537,0.340663536656683,0.33501657977890065,0.2773345438512153,0.3062900903659246,0.412955432027721,0.3577959073296672,0.3787868973325821,0.3953117601295332,0.28480176575942306,0.4265959347665781,0.4102370297777352,0.3407421841385392,0.26445463086939686,0.308283679255917,0.3178733428406637,0.39278358079835546,0.39743300062487746,0.3398693260626549,0.35239060945334694,0.3072457367896151,0.34187298631168705,0.2534104995041471,0.3000935953187923,0.3984598388853988,0.34580250220223624,0.3708691797626949,0.40558236269931797,0.3069905610567995,0.4235791025063848,0.26276699753364563,0.4470145123471128,0.3756797558692204,0.37201246767914475,0.28305961700870697,0.3887900971321673,0.2880302102260477,0.40828687073256403,0.3503252525104278,0.30102153212686583,0.3393661937314655,0.37247350147225045,0.42325626459885335,0.34815898395932277,0.2639421621301312
lo_A_model_1_relaxed_repeat020,0.36402691343538496,0.35743310748071316,0.38073361156546126,0.3793698185510648,0.35799081677146954,0.3473659311572673,0.3537103961563331,0.3213152957972974,0.36272261676050077,0.31314524230042745,0.347114654964303,0.4009170817485434,0.38000082824998205,0.36461510856830986,0.390617976331705,0.33784065624621845,0.36920337239247963,0.3647026342719796,0.3642558408544282,0.0,0.3747827601563918,0.333649220851941,0.36740173425660905,0.3481548337578493,0.3583905367389523,0.361212985886588,0.35177046586955385,0.43269620819194954,0.34378816214230606,0.36190566195419827,0.36854029038440794,0.3428522123087126,0.354131874921588,0.35403535140282033,0.3857293038533837,0.3425991706096675,0.2951258794013459,0.3410758036898263,0.36475766545260946,0.4189333481767622,0.34673156099988817,0.3474625369622957,0.363475277755368,0.38699136630752695,0.3751244714740861,0.35948580350057624,0.37154289142933933,0.3624497005209486,0.35113370444562997,0.3873570990372257,0.3254488262131973,0.42948273775726253,0.36418030717947814,0.3444843962862359,0.355918887739186,0.3520328863555543,0.3635079445501473,0.3529615151647706,0.3776277507927782,0.37489603709109737,0.4080657819560879,0.3517894984447701,0.3621855451266829,0.39776327421922275,0.35436235021564816,0.43836316037272105,0.40301187251101606,0.39427509041807013,0.3552560985614364,0.3408346231581346,0.36318760448493026,0.4090411692135499,0.373255791047891,0.38117610332410723,0.340789204393548,0.3437909086075455,0.3352360430770661,0.3564241818744804,0.35068157629710217,0.40035159797715464,0.3542123382148535,0.34770747246666406,0.4115575982196909,0.37431837909330423,0.43799046899436045,0.375616308049418,0.4465801060618195,0.3460463389049621,0.36630834357834013,0.33344317217496017,0.40967309623611514,0.34950936385457754,0.42628112051238354,0.34359327354472297,0.38466383517874486,0.3218342458955967,0.32533754893021477,0.40349613049538613,0.3792436566021393,0.35649738605787057
lo_A_model_1_relaxed_repeat021,0.3159160443333623,0.2677427501493005,0.2753125938282842,0.4042577401334412,0.27280144697320136,0.3147788469078856,0.35107902342164404,0.3495840978760901,0.27324730842109046,0.37422996762622834,0.3893685508402096,0.40848665189728617,0.30741289751165174,0.363652351709911,0.39946867429793603,0.2720552308648293,0.38394798020323784,0.35644762169218397,0.30531795851864235,0.3747827601563918,0.0,0.3915460715934429,0.2997208524835197,0.3652625606292341,0.30156696160538327,0.3710303482375865,0.3094944883846664,0.4115447016884554,0.390363903441593,0.3580522735791026,0.2875554309939815,0.3661547082672379,0.3743518576215711,0.3643676396498931,0.35446960115107234,0.3821599257769109,0.3722651154297853,0.37782030532879124,0.36123385757281734,0.42964489446075643,0.39747633791064285,0.3652687097590505,0.3675826379307849,0.39009312559702247,0.3903202162899524,0.392733314561214,0.2367400800924392,0.2848591751064835,0.3876711214758243,0.42537617787537496,0.3765057323914274,0.43732965210077035,0.3634291850308514,0.395371359812808,0.26782406199428527,0.3043816875750648,0.3560730422889682,0.36258632241401045,0.2674863653551895,0.29735226432417233,0.43407066136263345,0.3723310939079638,0.3568474666425603,0.383483580681573,0.3003475335600306,0.4403157925157462,0.4063225636745675,0.3692600961354979,0.2605181367406412,0.3180317238834522,0.36976143567617314,0.4258857638311577,0.4007411231487811,0.3600533659380496,0.37279752834316066,0.2900784758897755,0.36896305222282,0.270646129864945,0.3378187627294766,0.4200583786663941,0.33511072626149685,0.3747977995638981,0.41389174978928217,0.3126263292580305,0.42731992417457737,0.2802913362740129,0.43053308938878926,0.38891161729345175,0.36326783412972957,0.2983540925154939,0.4150579531040298,0.32803341711902023,0.41363066743350624,0.32180695125644365,0.3418685505651583,0.39218266013776343,0.36960114603863964,0.4252284415085745,0.3730310062402255,0.29795123027488507
lo_A_model_1_relaxed_repeat022,0.36358416877326566,0.35045231349548084,0.36492325804644626,0.37613393651387655,0.3525377849857123,0.34118458959542164,0.33879412513718093,0.30560711404433377,0.3353001772588467,0.3103628408653099,0.33214338389889864,0.37511703466994245,0.36342666570407056,0.35126356830818767,0.36696754465060744,0.33940657629800686,0.37911805643533725,0.3410651077511769,0.36034453390989724,0.333649220851941,0.3915460715934429,0.0,0.3585845245271037,0.3385083411021184,0.3553373540638995,0.3266297313503516,0.34813823245720416,0.4101282816865948,0.31833975605651743,0.3593714111595388,0.35985834122759053,0.32907182947747277,0.3623755274433452,0.3421018931448292,0.35434842176270864,0.34885879759307054,0.3367275402125956,0.33167089018956974,0.3538958730817064,0.40376539598242805,0.3657540078762492,0.34629731617124987,0.34334969473633803,0.37443657244066836,0.3715741559392225,0.35006236926413725,0.37763350915790395,0.3395693224507219,0.2977736656204724,0.38941664305523976,0.29495810909861914,0.4259877019052722,0.33834136371084017,0.3328912662355509,0.3461984843380166,0.3452513338829057,0.3261421002077116,0.3249944645726466,0.37502961256470024,0.3663438037506503,0.399950712270982,0.3262274937561263,0.32708085913427765,0.39517675008208203,0.36663664853063954,0.44804831897613345,0.40099354434170087,0.3827071703726617,0.36387345502694685,0.3183536421777514,0.326043652781822,0.38051350741808215,0.3816419986905539,0.36630916373123457,0.3590025523837202,0.3601278583947492,0.3386353155934801,0.34463648406929465,0.35166650055254434,0.36338096050929536,0.3799952187034491,0.33991091149584207,0.39209601463470367,0.3531157858635567,0.425642088391863,0.3641639257351927,0.42226136906593326,0.2932736641092852,0.3706208301133073,0.34303100707790435,0.3966125881315136,0.36411473769012337,0.39941369763667306,0.3572315262910761,0.39420291355205983,0.30434117027705604,0.3220414585133886,0.39577525739158614,0.38406101237997203,0.36877580412127536
lo_A_model_1_relaxed_repeat023,0.30744337790097953,0.2869258401891338,0.2744700707590707,0.39272792330740947,0.2863968853979827,0.3042713099240848,0.36409792108351713,0.33631857810708493,0.27619688816140364,0.36160320969114934,0.3775285946403286,0.38116112791880763,0.3261085419241266,0.37266464998008364,0.37217540898086154,0.28156694190794734,0.3815802546005249,0.36382061010561945,0.2745490775695259,0.36740173425660905,0.2997208524835197,0.3585845245271037,0.0,0.37788304236270415,0.32059083509658476,0.3814501731824053,0.2869908503972401,0.4181555316397424,0.37050385211885045,0.36137351238108717,0.2661511289889425,0.3526385319157599,0.3642365563142323,0.3409269951512931,0.3693476056388212,0.3713017737004172,0.35100338495773553,0.3530770523045806,0.35670094630234717,0.40778185000805794,0.3709087938204395,0.3638070437649469,0.3322842432494717,0.38961787522923047,0.39120550270989385,0.349501750401367,0.29464510307624275,0.25297678395237005,0.36528155601470047,0.4007406233591753,0.37743608351450675,0.4355269118976742,0.3741934196476232,0.3797517824961627,0.28346936059777433,0.29199535536314286,0.34455785355904045,0.347749971845369,0.28467460027206015,0.2924906122015495,0.43027053405382554,0.36123365955489534,0.37459441108792835,0.3934245669027702,0.3195667220513305,0.43960617698579135,0.4024796887507971,0.36207473204848584,0.29662146221319446,0.3140692359632518,0.33249557097956967,0.4128878027081678,0.39031376542373714,0.34534409868273824,0.3602456640732098,0.3124277083764713,0.35932033281415715,0.2767287449529987,0.3308524559973599,0.4028937175477981,0.3798194737214322,0.3692249160425247,0.4153090787609724,0.31455957356578484,0.43325860475932515,0.28310439290451,0.4315636473199821,0.36529859227274897,0.3764326187408238,0.2713010564542465,0.3938067760006604,0.29840386071825437,0.42239165086906166,0.3341313337772006,0.3170468615936009,0.3535561421282676,0.3673136443214723,0.40973011809111437,0.3741343848289032,0.2781111952257069
lo_A_model_1_relaxed_repeat024,0.39032072942246004,0.34450549245950196,0.3692014737011741,0.3620326102337678,0.35581553144535394,0.36012178038766984,0.31540754116590247,0.29023127278505334,0.3448391219519797,0.30997729392131473,0.34366475663054025,0.3747855848627145,0.342126314215083,0.34939665961636346,0.3621254613879114,0.3320284042523004,0.3696163575767027,0.3343087587977165,0.35034775284794967,0.3481548337578493,0.3652625606292341,0.3385083411021184,0.37788304236270415,0.0,0.3621119895695056,0.32869477864841357,0.35930313254779067,0.4250262299403874,0.320745064311831,0.3418229762131839,0.36850597330371054,0.3576457754752705,0.35991685576187793,0.3373280094803445,0.30839308472584775,0.34814045148876915,0.34279988281306684,0.3311690827559097,0.34467222305369816,0.40464714666573526,0.3660150797803411,0.35067574252412986,0.33080454230170303,0.36701685709318305,0.37727685519383497,0.3706279711381559,0.3550781815621163,0.3722738389395611,0.35319793880642925,0.39244135178683026,0.31231989946115785,0.42302165990601753,0.35174390801268235,0.3447744800011826,0.3540804447768763,0.3727980272194482,0.3364324317242317,0.31985238905913826,0.3555759397471075,0.36914365581248915,0.3963177075553001,0.3355169819956051,0.3584052261779189,0.36885532248706754,0.34830457951977783,0.42268699039063595,0.4047460568422225,0.38810367625070663,0.3619324623408867,0.3476385079199961,0.3358054822191145,0.4001165781478277,0.38213757643648394,0.3761257969941981,0.31246035513904713,0.3638789985805878,0.35213369648513637,0.3545166166395217,0.3463571304341447,0.3789843742650255,0.33162477719091527,0.3533207274993737,0.4140660932915588,0.3796302319607831,0.417820970484072,0.3507687857530303,0.42457185368479716,0.3423331961224064,0.3546254345862799,0.3454049478055091,0.418150502370058,0.37416038576730615,0.3780434533841818,0.33922426864083144,0.3939266759654593,0.3310519929429115,0.3595167635735709,0.4025057779554893,0.3702402266974105,0.34601433893233546
lo_A_model_1_relaxed_repeat025,0.31490998327768877,0.2695313051642041,0.311982034257697,0.38071858117822854,0.29498905195368214,0.32035723086081086,0.3397374649113307,0.3290884362227087,0.284980786441675,0.354237499438701,0.3343672948118149,0.3814756754855078,0.3171753011724269,0.3718259087769009,0.3574971412593165,0.28246938887413964,0.3632146253822378,0.3436849040978103,0.2956753139395433,0.3583905367389523,0.30156696160538327,0.3553373540638995,0.32059083509658476,0.3621119895695056,0.0,0.345961743400908,0.3039315580662118,0.4143136765829962,0.37279346055774754,0.35864125240357947,0.29916646243532347,0.34392200599681,0.35679634774268343,0.35868512857271834,0.3582260777034261,0.35747749211337504,0.365089755166604,0.36686648216587847,0.34944562676589375,0.40468751964334,0.37703230888829226,0.3543127705035722,0.3568635425240754,0.38156147071874663,0.37053466376701216,0.35699532943170487,0.3002558756195504,0.2794406839585389,0.3460564674786964,0.4121744217369531,0.36099770347887855,0.41006475639209355,0.3570043859906978,0.37656101421269395,0.27884982446933837,0.2820844139528732,0.33478445225349457,0.3525697609518224,0.2734556584508166,0.2955163759747364,0.4200139312356744,0.3391413461178658,0.34970054632929054,0.3761829981121815,0.29204370888104353,0.4382828699662645,0.40428962408533503,0.3491196776983835,0.2657560812224697,0.2786679946029377,0.34919945233452127,0.40799464217077314,0.3950231879613926,0.3486832783663468,0.36614654226809024,0.3066581606085368,0.35271337356453225,0.2745898228548368,0.3160327213641308,0.3811838722875505,0.34030466867945813,0.3622436047531403,0.39626630111832983,0.31429313017280497,0.4215557398185473,0.30221537763294815,0.4364586646537781,0.3476345984220049,0.3720736463165079,0.309278221991134,0.4004955442608798,0.31691936307136,0.39398793762353557,0.3337446532339234,0.3364657256680927,0.36938529148063237,0.34142594192554043,0.42341762985306397,0.36962340189369475,0.3204643001460495
lo_A_model_1_relaxed_repeat026,0.38668374734115324,0.32516099236918344,0.37196281753043386,0.3703850990554142,0.33136182351468263,0.3463949634050546,0.27150868696204034,0.3193190179008025,0.3369667779500823,0.324079151037735,0.3187587245292579,0.3738040921187092,0.3217722294855435,0.34425694898458825,0.3490339826292605,0.34222903925234377,0.3520508075570537,0.34220613051986537,0.3558164159906229,0.361212985886588,0.3710303482375865,0.3266297313503516,0.3814501731824053,0.32869477864841357,0.345961743400908,0.0,0.3475777617011545,0.3899295266652413,0.33667506611428993,0.33928250474457283,0.35913789637450305,0.3142769251692659,0.33223959329580505,0.3392432038509901,0.33603707473090716,0.33378528731169543,0.3011053076495111,0.3148287905862077,0.33027434731164274,0.39805809023882177,0.36209606768337,0.34461606012840773,0.3372537834468476,0.35509518359652215,0.337801780514039,0.3418178701680728,0.3616994935096678,0.36615720882385566,0.33327588918473255,0.37331312534722016,0.33003428963049086,0.40886828699316696,0.3379449379941647,0.35139851393212423,0.35040299709328965,0.35262518450036984,0.315833071934544,0.3382439715105551,0.3492001078287094,0.34068323172366793,0.3708621976839356,0.306662312589604,0.34646239992770117,0.3498732654259249,0.3480475688140454,0.42270773731670747,0.4106228912253715,0.39275076277394244,0.3488298854517245,0.3252281690531074,0.34246957197001,0.37716429331099727,0.3806441720213884,0.37315048915102345,0.3189972217242827,0.33022080444039964,0.3254996819022331,0.343961021846017,0.34012498754586645,0.35376851220663835,0.34920604818868667,0.340660764978038,0.3909338074072935,0.3630312692207735,0.4073835352321626,0.3152309596786365,0.39858361535106196,0.333363060190923,0.34579100090808157,0.34719839269684594,0.3917385408742606,0.34361525711370294,0.3689691396813506,0.33769622600594046,0.3678193871639676,0.3385445157247784,0.3314378007059044,0.40543418856695024,0.344768504780254,0.3474676835767407
lo_A_model_1_relaxed_repeat027,0.33593944034938855,0.27417797546805184,0.3215845069898555,0.3927662797398923,0.26550230419644094,0.27715115205834434,0.35649228954295287,0.33120510870808556,0.24822966890858633,0.35264461719583357,0.37569814840167415,0.39122579820204456,0.30858006985803677,0.3802702148967563,0.38459454152833544,0.25642568997240794,0.3824795617605217,0.3766840108936761,0.28844717707546386,0.35177046586955385,0.3094944883846664,0.34813823245720416,0.2869908503972401,0.35930313254779067,0.3039315580662118,0.3475777617011545,0.0,0.4191389770915018,0.34107219646957143,0.35614780490878334,0.23215763476994297,0.3390804277464075,0.36509810154013633,0.3626237246309679,0.37256225296170664,0.3447645212421025,0.3389405778415772,0.3370483254322456,0.3615033781553634,0.3968218520449346,0.3723745480100949,0.38490509392637573,0.3601001688649912,0.3764370272426134,0.364258629369436,0.35453404912441777,0.2791067398793261,0.27503086053918935,0.37029628936437414,0.40160821198906393,0.356634483058548,0.4337387121139478,0.35977106852184554,0.36269315311848277,0.28621880042502135,0.2893152588910265,0.3743887722537891,0.362044267323964,0.3112988159143873,0.2545848537964238,0.41498897722231476,0.36709258654439103,0.37758706089467453,0.3815388238513422,0.2983541884159673,0.4229377467490681,0.39346165555488194,0.3603055451098552,0.26242404719010365,0.26259783925011054,0.3573592142528928,0.41027144787836023,0.3646977308772431,0.33578413769036725,0.3385530516958744,0.2788059559752401,0.3477614494895502,0.25931217481198693,0.2894177965229609,0.37520710542304864,0.3614578255573565,0.36166713804416717,0.4114624463766464,0.30686872114499936,0.42348472617642424,0.26603263323441473,0.4520795377371436,0.3433670691927352,0.3638197056986462,0.2838101684771783,0.39362738456907387,0.24854132392737194,0.413812415603474,0.36341733616999955,0.2969230860461707,0.3428490827787523,0.3597011555669038,0.4135007044951989,0.3644133781262259,0.2946628732463831
lo_A_model_1_relaxed_repeat028,0.4153195505168133,0.399738111693036,0.42593147944103277,0.43366488911543455,0.41713022568357105,0.43179566512815076,0.39309170338169824,0.41823424722371416,0.4114104981610688,0.40823203029397376,0.40087525842624894,0.42362182503239465,0.40150770930266166,0.41110326456314816,0.40492356084668046,0.4133127619598208,0.4132305123853241,0.38023135040173395,0.4150745318045781,0.43269620819194954,0.4115447016884554,0.4101282816865948,0.4181555316397424,0.4250262299403874,0.4143136765829962,0.3899295266652413,0.4191389770915018,0.0,0.4380520673777326,0.409020533534255,0.42148942256399907,0.3861827048756383,0.3987704636624389,0.40522538280896875,0.41173244364540257,0.4132926164817616,0.40907449888330094,0.4179891573023367,0.40960981468480834,0.44575056055125684,0.4027275745273626,0.4023201665987853,0.4133346370370321,0.39761859065411226,0.42415938915764506,0.4089160450541384,0.42559899722364036,0.4085352249719949,0.40453795682501814,0.4333073393766298,0.4167487758868013,0.4197421376139142,0.4153566129000817,0.4228535801132494,0.424618923658663,0.4044518005168784,0.3798721643268022,0.4073063755306632,0.4035769963570212,0.4047207129711406,0.4462267814535667,0.3802129513996297,0.372789699735519,0.4127596854586384,0.41814147006038904,0.4542484872026478,0.43072338261569076,0.41217549771376966,0.4126042764977882,0.4056149184740351,0.4205241977084899,0.3975219737315508,0.43195801337848616,0.4345083551896485,0.4246333771704163,0.4151311218817406,0.40588355377801133,0.4193510894162118,0.42712235367298806,0.41618878460970926,0.40608994260857995,0.39966928388442197,0.4217883447006589,0.4200797662519657,0.4416590843412098,0.4160009560349969,0.4368857797518205,0.4107259353771275,0.42824093735791363,0.42191070253738966,0.44297088457139994,0.4348376113122358,0.41766340295603177,0.40208483862675676,0.4405710301620225,0.4170821390680902,0.39987605375803476,0.45911814456889977,0.4108881827364305,0.4245689895594885
lo_A_model_1_relaxed_repeat029,0.3986285143059132,0.3445791943415975,0.3824105457031094,0.3751766012390837,0.3637615043483569,0.34933970005883386,0.35107128100867224,0.2998483164460599,0.34999006730234566,0.3425761195866048,0.35737530714553806,0.39351539153666126,0.37548697993805896,0.3502628483682893,0.3730725381759674,0.36582112157444613,0.3835920505306764,0.35282084192262914,0.3720854886617795,0.34378816214230606,0.390363903441593,0.31833975605651743,0.37050385211885045,0.320745064311831,0.37279346055774754,0.33667506611428993,0.34107219646957143,0.4380520673777326,0.0,0.3672515558759093,0.3591939792581944,0.3384938870762408,0.3514268076634054,0.35581890878818684,0.3625442600378734,0.3528442778426408,0.34353780874482504,0.3331483750089464,0.36738249802751693,0.4199758150949454,0.3826718432652709,0.3593368554428312,0.3538011452181208,0.3920301147522665,0.371752913772611,0.3551129502555474,0.37093259107884213,0.35631450800143305,0.3487748022161925,0.3989584436643766,0.348510092669377,0.42789199498299724,0.33739730064650475,0.3447562635528778,0.35666905993073483,0.3717082323735999,0.3600428761623404,0.34501767490126867,0.38793381734266785,0.3579217551820761,0.40852286337469157,0.3678008729153731,0.369333738760152,0.3960847368191037,0.38257773387987193,0.4306110373900959,0.41314627268357623,0.40751818727680533,0.36929325844051597,0.3286515998833195,0.36832781474254506,0.40372730495572096,0.38701251121126384,0.3894682556698749,0.33999322554893685,0.3541331676490986,0.3411768742362103,0.3510962191176143,0.36799542044796213,0.3753555491383545,0.3695553915322932,0.35216863401091797,0.4104584826159146,0.38579564961492574,0.43833887897186563,0.3716653547325075,0.43717489453537606,0.29999942775338845,0.3666774221338398,0.3504033237148105,0.41167062545518224,0.36262841936247575,0.41189318309185374,0.3540214100845926,0.3951338484944528,0.3403204330315323,0.3265204338250415,0.4159673559327904,0.3858381063983573,0.3634161551992422
lo_A_model_1_relaxed_repeat030,0.36588618976761195,0.32640303513413943,0.3544003377929456,0.3805867768416605,0.34919883780760247,0.3558600776285328,0.3374510190706451,0.34448460393203184,0.3522424382952664,0.31558751441728505,0.34905377919818054,0.37848806967211024,0.34346309199838776,0.35775600096039756,0.36322951358913985,0.3297148809474162,0.33444742289907703,0.35173353648279726,0.35296163676003156,0.36190566195419827,0.3580522735791026,0.3593714111595388,0.36137351238108717,0.3418229762131839,0.35864125240357947,0.33928250474457283,0.35614780490878334,0.409020533534255,0.3672515558759093,0.0,0.35840817995978924,0.32752118825408044,0.33608266746520765,0.33795801857271646,0.3572111816925392,0.3407840408790921,0.34107173507818234,0.32826657055627556,0.3354456391489303,0.41655161787904965,0.3745532770750619,0.34355292503963697,0.34474435387384805,0.38029180874653856,0.39481141257839286,0.3735185903526835,0.370111184624652,0.35228934492331015,0.3529616772917759,0.4101750210893004,0.3636997928813227,0.4202548446809691,0.3814474728387253,0.36780141746539874,0.34462652132251154,0.33847934790124334,0.30759071146522815,0.3408145590528298,0.3271479039715238,0.3498881080086806,0.4150005601802586,0.34969440981735855,0.34986083478949087,0.37661115977256443,0.36200972963315514,0.4424236797983941,0.42290189002142214,0.4025071641193259,0.34751025344842457,0.3376001732332136,0.32514220505035507,0.41506698358020366,0.39455597904588696,0.3852707648287885,0.29328532251132555,0.3274598993676147,0.3578474831169062,0.3535702231780397,0.37135967934728903,0.3934119850559892,0.3568707183072346,0.37394532661358043,0.39872041398261315,0.3650716511090538,0.4127137933851468,0.3310156477938865,0.41776063540962555,0.3598596133838559,0.35909523087264644,0.3332006316683778,0.4090391056924678,0.36195933979160533,0.4109967297608411,0.34849843442730594,0.3813112682072254,0.35068969446303255,0.3480965202506146,0.41956043487459616,0.36999814406215886,0.3470729433995932
lo_A_model_1_relaxed_repeat031,0.3373276701984957,0.2696082040498529,0.31148378115521,0.4102165240047305,0.2636051909761739,0.29862622989085685,0.34238288099143377,0.33866133842811574,0.25753358601473325,0.36471236241199356,0.37421983700647926,0.3853686713726694,0.3092297412994888,0.381595775912894,0.4018895285187799,0.27549497657363997,0.3794188387807666,0.3694941444012085,0.28792494253223155,0.36854029038440794,0.2875554309939815,0.35985834122759053,0.2661511289889425,0.36850597330371054,0.29916646243532347,0.35913789637450305,0.23215763476994297,0.42148942256399907,0.3591939792581944,0.35840817995978924,0.0,0.3498643513959123,0.37301359443175963,0.3595412750564833,0.3713273565500671,0.3651274886607136,0.352632405961088,0.36053397848517166,0.36095406878313696,0.4021419047898177,0.37614850353229523,0.3680472383688791,0.3363429937460569,0.38285786273957656,0.3711668951988571,0.3515900119182664,0.2619570343391662,0.2601313083193836,0.36837511981460735,0.4062803108533866,0.37255280659967294,0.40887794401805894,0.3551722465926108,0.37261447243012136,0.2982696881464035,0.29390445441704394,0.3565116719632974,0.3497324544556465,0.28429487603175563,0.2438308942836266,0.4104415431848486,0.36515847971474286,0.3727695902054971,0.39169632189196135,0.3070999613580152,0.4359128025049238,0.3978809391940795,0.35408250535836755,0.2520022253915409,0.29435835021362383,0.3517771355216575,0.4185744934666107,0.3755659915647696,0.3418839080460351,0.3509567140895309,0.2760427492758213,0.3619462570465202,0.2515398073429166,0.30087259838309777,0.4038115256053634,0.34842802513308285,0.3658574892387004,0.40951319716856716,0.32018556851185814,0.4225927533608841,0.26792174246566275,0.4387601206703966,0.3676363040756339,0.3639942539124195,0.3021828076068552,0.3925375791856894,0.2872255423186262,0.4043690930032262,0.3563885776955739,0.3184201882874465,0.3570053878083318,0.3686880812930541,0.40801532973529137,0.36152114646575934,0.28222780194169605
lo_A_model_1_relaxed_repeat032,0.35262181713947705,0.3355907395804175,0.3566009860238615,0.38659516629637214,0.32078114600730906,0.34996312906137994,0.3272518334828434,0.300540619227146,0.33737932193149117,0.3289308557560136,0.3297825181828148,0.3936742660549889,0.35655593055872054,0.309570425517026,0.34823688351268395,0.32737216159722743,0.3389148719293363,0.33378301570582747,0.3516582015267118,0.3428522123087126,0.3661547082672379,0.32907182947747277,0.3526385319157599,0.3576457754752705,0.34392200599681,0.3142769251692659,0.3390804277464075,0.3861827048756383,0.3384938870762408,0.32752118825408044,0.3498643513959123,0.0,0.30677117706636625,0.3460861073566711,0.34204304960420767,0.327965942612325,0.3188345192161238,0.3130761127274245,0.34679761200300546,0.40258140576653023,0.34915274520613254,0.3503980569056595,0.33508626352884485,0.3614341565199458,0.353919844145697,0.3304635838598721,0.36289915126852573,0.315952496384168,0.31766602341460093,0.3842542896109376,0.33125248939599583,0.3957267810809168,0.3360960759158991,0.3319671717916598,0.3219446899777415,0.3017588877287942,0.31526730942939485,0.3328418837818158,0.344198224486455,0.34190072934516025,0.4029439944470499,0.34675635738612887,0.32416363165203604,0.3221620452580721,0.33423621640210166,0.41157845428828604,0.3880848763410334,0.38744860751083965,0.3380693734835406,0.3029842038026639,0.3505985888866748,0.39192047600704766,0.37055037749322556,0.3750633327540002,0.34140147075638216,0.31479943429753593,0.3237232874072055,0.3287646709575316,0.33060217309123463,0.3416881007966728,0.34513475214583894,0.3413136282759951,0.360294467074214,0.33008001804391934,0.4041373298793404,0.33837455438580777,0.4060399143152892,0.32567688947425355,0.3654405302041357,0.3240245403023802,0.39262580335381353,0.337177801484647,0.35954692519379033,0.29678887068506776,0.3747381727822778,0.32924841798241017,0.3103573094251058,0.40510416541363686,0.34828958730307774,0.3637307482528891
lo_A_model_1_relaxed_repeat033,0.3485915252873281,0.3486214420703991,0.3612346892469044,0.37446885608471675,0.3594281740533015,0.37097686457330586,0.3293303128101364,0.33177154868225434,0.3648762504077074,0.3248294809625999,0.3481986343802388,0.3877193873396418,0.36021429006072,0.36348004020584135,0.3404638340816783,0.3517709132282247,0.36634356944359653,0.3349291984199352,0.3806430444980568,0.354131874921588,0.3743518576215711,0.3623755274433452,0.3642365563142323,0.35991685576187793,0.35679634774268343,0.33223959329580505,0.36509810154013633,0.3987704636624389,0.3514268076634054,0.33608266746520765,0.37301359443175963,0.30677117706636625,0.0,0.3471750289339767,0.35226611575485495,0.3281352350403172,0.3355085819821767,0.3153268395439354,0.3591422383309459,0.41618778775705517,0.3820837379850365,0.34330244176761276,0.34343422549145086,0.3578234553223515,0.353714117163809,0.34239892569991776,0.38537743236872735,0.33672256933288597,0.3332595340336424,0.3970534174503638,0.36279715263877693,0.39881616662812014,0.35170892829611905,0.3507897894677805,0.3489633534219224,0.3215962511970205,0.3415918303191289,0.35032921365469105,0.35167691473924617,0.35797662985876016,0.40095133650971543,0.3233458399126873,0.33064752009730086,0.3454339809473484,0.3517622506364466,0.43408150444769766,0.3927391428604538,0.40528733691660035,0.3582440484966384,0.31972207172379163,0.37516683937638745,0.40645619450853915,0.38823786641129393,0.36354186768033925,0.32118227591723714,0.3306337176117181,0.336896336624341,0.3562814225782646,0.3624320961510691,0.36944280048827316,0.36616178010977835,0.3586710488960127,0.3849216333300018,0.35774180473563316,0.40562990806595683,0.35303272228547294,0.40976775584946357,0.34453331417726285,0.37604332688001146,0.34683407699805946,0.39672356259945324,0.36765186929445653,0.39122433549907815,0.32467432785830663,0.38097559427537664,0.34813272591037087,0.3209015376289846,0.3991735740290774,0.3600544387387939,0.3720176976730734
lo_A_model_1_relaxed_repeat034,0.3480502405646081,0.3294281688850175,0.34515945600769904,0.38480889112591526,0.34838187161395434,0.3639583682900488,0.3183910732675787,0.3202297994620727,0.3489446176814737,0.3232211802009146,0.3175851749493976,0.37725080359435864,0.3391909502261338,0.3375575826467078,0.3418420185776407,0.3347374860235349,0.3111402721533343,0.2978420720061867,0.35025549636297637,0.35403535140282033,0.3643676396498931,0.3421018931448292,0.3409269951512931,0.3373280094803445,0.35868512857271834,0.3392432038509901,0.3626237246309679,0.40522538280896875,0.35581890878818684,0.33795801857271646,0.3595412750564833,0.3460861073566711,0.3471750289339767,0.0,0.30940369063219664,0.34264138503843733,0.3210273654765828,0.336680717563984,0.30693090562821596,0.3936664528617174,0.37328166155800885,0.3038785052002639,0.3201475428816558,0.34796296647372693,0.3434267273004832,0.36339123582141725,0.367186534828123,0.35848030056634145,0.3273881116954955,0.4055500512426883,0.3585059603481513,0.41943309379646454,0.3428116096544529,0.3567141412122212,0.34278686179319323,0.35820411217624426,0.31190984904967606,0.3115411871676999,0.3474576373145122,0.3591786051343622,0.3918978436857631,0.3077102663406681,0.3458932579897255,0.35590666825629863,0.3515978649753461,0.42873030095680453,0.4240670311686318,0.3986972347264786,0.35164620013805176,0.33605550839263154,0.33448343792063095,0.3813987883638058,0.38365850486440745,0.3906158521103381,0.3205557138240341,0.3558673138465764,0.31181218440029956,0.3322866542623377,0.36099128344586284,0.3928613350945895,0.3471653862877715,0.36818329856849596,0.39727865414780067,0.34530838780654677,0.41418043934694115,0.3514813531766675,0.4351026715201235,0.3352433403989275,0.35557497413591926,0.34260844069252366,0.3877365815245713,0.3551809468526614,0.3854758314020944,0.31933496703791214,0.37082570357520495,0.32140130410946033,0.3164693911525737,0.3964455810227254,0.3416817366438204,0.3348912662774269
lo_A_model_1_relaxed_repeat035,0.3707275065599688,0.34517586900540104,0.35755448177753113,0.3897105047844386,0.3510080720819205,0.3856409116425214,0.31254742701624955,0.32186856095202526,0.3601744927615662,0.3573775088531015,0.34895376019252694,0.3821132414973483,0.34561346838324597,0.33590277222602277,0.3390999616294731,0.3558790120878656,0.3610611843260025,0.32083969764974973,0.3715301076453716,0.3857293038533837,0.35446960115107234,0.35434842176270864,0.3693476056388212,0.30839308472584775,0.3582260777034261,0.33603707473090716,0.37256225296170664,0.41173244364540257,0.3625442600378734,0.3572111816925392,0.3713273565500671,0.34204304960420767,0.35226611575485495,0.30940369063219664,0.0,0.34683259207314615,0.3557714220128284,0.3607454133026283,0.32706690613277817,0.4097503339773669,0.3855477496224206,0.3207484987147312,0.3414455930159089,0.3597890814334713,0.37333197935581164,0.3883837976138127,0.3664938466441695,0.3734350847441663,0.35591277805018345,0.4091539125774019,0.348927479952632,0.4110534983925724,0.3413736871487598,0.35832235069838203,0.343861102477225,0.37461308604294763,0.3138761772570503,0.3117884173079269,0.3288176242887818,0.3644630361518573,0.40205971840932037,0.32094798779969824,0.34314813678180456,0.34771672979222074,0.3503822560031949,0.4293463108604746,0.4040735354257608,0.3906083439939692,0.359359388694945,0.35794689546270364,0.33834584569913045,0.3832378060981064,0.3932043992261728,0.3946078258151549,0.33763695361490265,0.3567229642839054,0.35879268225704064,0.35318254671183824,0.37691007112670555,0.37644858031271194,0.3318008693196251,0.35754139790522566,0.39463099150518605,0.3642374204091657,0.4019527798087659,0.3542534918397936,0.4102817343895249,0.3489000906384182,0.37372581811331085,0.3710513231431667,0.40686811071106427,0.3894944083481531,0.36357354477554893,0.32058449837891156,0.3989181363916701,0.3364815423261434,0.32553057823754145,0.41503730635358077,0.3496834047362351,0.34719147026434916
lo_A_model_1_relaxed_repeat036,0.37329089785394026,0.3418079926839935,0.37654080214439206,0.370200772964199,0.35123880500337695,0.34966843072390924,0.3359548559495033,0.3400161150771537,0.3385814470410341,0.32014557668632077,0.35015876227546167,0.3992447447838006,0.3630638183495619,0.35748993803181567,0.36582432833103856,0.3463750561778419,0.35950968039877473,0.3605437794238849,0.3726967416416852,0.3425991706096675,0.3821599257769109,0.34885879759307054,0.3713017737004172,0.34814045148876915,0.35747749211337504,0.33378528731169543,0.3447645212421025,0.4132926164817616,0.3528442778426408,0.3407840408790921,0.3651274886607136,0.327965942612325,0.3281352350403172,0.34264138503843733,0.34683259207314615,0.0,0.32513503302408187,0.3416588330865122,0.35078897381300905,0.41476342430378343,0.3560697075345616,0.36363311384943997,0.3467833797147031,0.34153507707088304,0.3587058681662993,0.37805223276817373,0.37686190136953707,0.3493297076333376,0.3596454302215671,0.4010848307875028,0.3435005773474833,0.39178141258916005,0.35384380217495004,0.3612657370428135,0.3429587244775659,0.3407061588748859,0.3454254493500084,0.3463400712036021,0.34611925802031324,0.3602534078710284,0.4046727426109934,0.32839432488705667,0.36222322569936277,0.3724871362432086,0.3538868582479851,0.4431374356092481,0.4148960605484887,0.39598742050221025,0.35424444572180613,0.3113570830899336,0.3701553631205743,0.4131377542729815,0.37771968472519196,0.3727041499700051,0.3193769865121638,0.34090970615976046,0.3315400833919861,0.3556958965400791,0.35429472144296226,0.3869743608264673,0.3559265648970694,0.3685558562419585,0.399039296955853,0.3543161621707277,0.40195352723214584,0.3483631046001256,0.45426401353333756,0.33405905262958646,0.35082579873586156,0.3462714127288701,0.4074885571122167,0.3653261227528976,0.4044825373645989,0.33384057257468824,0.39397933178907635,0.3436926464053792,0.333176844525821,0.4133923650678898,0.3549871947558524,0.36178293984804344
lo_A_model_1_relaxed_repeat037,0.35109646360011026,0.3350859646711563,0.37482558652623404,0.3662851051498675,0.33339155428601036,0.30588294768163105,0.3312325359123469,0.32398630289492075,0.33573735391738974,0.30384305300330483,0.3286855078796885,0.3591343510683856,0.3340266323666213,0.35709714238385115,0.3788099353182955,0.31628331588694436,0.34793467888747764,0.3517571668564935,0.3306299964668396,0.2951258794013459,0.3722651154297853,0.3367275402125956,0.35100338495773553,0.34279988281306684,0.365089755166604,0.3011053076495111,0.3389405778415772,0.40907449888330094,0.34353780874482504,0.34107173507818234,0.352632405961088,0.3188345192161238,0.3355085819821767,0.3210273654765828,0.3557714220128284,0.32513503302408187,0.0,0.30952610415914367,0.3171740833385207,0.4086476878205568,0.3317778873336877,0.3474908629833862,0.343220129398913,0.36422300546645286,0.3496695762994165,0.33547932953258647,0.36535721442784985,0.3481657638850077,0.3379436256751676,0.3461795989588875,0.325303028092019,0.40832926627854,0.35232138404273894,0.3390712299776691,0.3520020402463957,0.34616062989329954,0.34689779903550777,0.32170855576093316,0.34440523258890954,0.35663380111436693,0.37831419600814287,0.3417875671504966,0.36539762181967406,0.36164716164778204,0.32700150717366483,0.4246977887051501,0.39347376315198485,0.3827753107026992,0.34648965162589496,0.32644125240730143,0.33826359598981376,0.38168296845944955,0.3739005245904106,0.3715525174823828,0.30599625045623696,0.325883283037179,0.32167288941181615,0.3388863778763575,0.32700837577264735,0.3717606487666328,0.33757207676289563,0.32770507344946725,0.40680368947929024,0.33333134477232307,0.40969251179429034,0.3311651084300516,0.42504272275378546,0.33819486302886537,0.36026766396607235,0.3130934308213158,0.376689593792463,0.3260306207478617,0.3957774262152576,0.3468884373726409,0.3352220454303226,0.30582256162496496,0.32326942128982544,0.40088360916515636,0.34866982057072854,0.3211950592621571
lo_A_model_1_relaxed_repeat038,0.36883305907273267,0.3478198191728615,0.3649523064456113,0.37767449708852857,0.33795429341096855,0.3350113272912541,0.34436684867504386,0.30355551610716025,0.33241101297198977,0.31333624020810924,0.3225948973730967,0.37191716123509694,0.36023232052335663,0.3531159884337633,0.3323550594631995,0.3277052480716992,0.3549367349780942,0.34690175807682994,0.3581152778330652,0.3410758036898263,0.37782030532879124,0.33167089018956974,0.3530770523045806,0.3311690827559097,0.36686648216587847,0.3148287905862077,0.3370483254322456,0.4179891573023367,0.3331483750089464,0.32826657055627556,0.36053397848517166,0.3130761127274245,0.3153268395439354,0.336680717563984,0.3607454133026283,0.3416588330865122,0.30952610415914367,0.0,0.35482414189823636,0.40097895228013375,0.3488809824484033,0.33882524477227616,0.32010128940580057,0.33563336663005067,0.35471211805530267,0.33957273498649576,0.36181643161412663,0.33606619349341865,0.3241207320228662,0.3837165217953385,0.3217936587291354,0.40579623772555784,0.357731047221125,0.3428107750170802,0.3520575531698189,0.34460219440555995,0.3391378448735336,0.31220609641397834,0.34635337169280694,0.36373932246421187,0.3737954808668132,0.33438282567420463,0.34965480627030654,0.36536363605621375,0.35991133067932035,0.42975459610751865,0.3794186125481005,0.4052862073538213,0.35424816111964835,0.3220691330543499,0.3344411348432641,0.36844622134817867,0.3587894924004025,0.3589571606815749,0.31159858260424234,0.32087616996603907,0.32330522126068517,0.3532664254949432,0.3352570811235621,0.36013790873042095,0.3772181891581577,0.33078092884844895,0.39744883871907544,0.36235515580897254,0.42154318310434735,0.34150596381180104,0.41722939968312733,0.3242907524608381,0.36414605065669714,0.3125107609019923,0.3908604645115297,0.35239511573880605,0.3977177380273991,0.3276754299769614,0.3702347011094171,0.3297855548083162,0.3445025440562527,0.38997351437889255,0.3620207156633234,0.3614593295575277
lo_A_model_1_relaxed_repeat039,0.3636899196483058,0.3500271806327162,0.36731566961469553,0.3634838579929778,0.3292425520539161,0.33634916117932745,0.31410294185660803,0.35112490390201645,0.3452124224229712,0.3418066951966549,0.3289657351999176,0.37703989763192797,0.31007281437525647,0.358638978673987,0.3573156957618406,0.3451871835720904,0.3247568915767754,0.3379292744993579,0.31202041311014395,0.36475766545260946,0.36123385757281734,0.3538958730817064,0.35670094630234717,0.34467222305369816,0.34944562676589375,0.33027434731164274,0.3615033781553634,0.40960981468480834,0.36738249802751693,0.3354456391489303,0.36095406878313696,0.34679761200300546,0.3591422383309459,0.30693090562821596,0.32706690613277817,0.35078897381300905,0.3171740833385207,0.35482414189823636,0.0,0.41523098006980186,0.36654490109772897,0.3442917716622556,0.3571843875301368,0.3782693819513924,0.357814619404797,0.3576131732586565,0.3585361670999748,0.36958581774869664,0.3537653983666931,0.3858056616791555,0.3671550915217288,0.40302646196185166,0.3453913622733597,0.38600451419451143,0.3305837382743515,0.3612232040544369,0.30202004689548756,0.3421571725950313,0.3475582515168139,0.3457043979445822,0.410491104735826,0.3324701843204721,0.36654646228394505,0.3699969840962806,0.34989137901662765,0.4337873268334567,0.41383796321714356,0.3945124297466514,0.3370272294072775,0.3372922133640121,0.31244052939126626,0.3915044530612771,0.3983658680244418,0.40319180765799034,0.32513674904476597,0.34326255920119836,0.33125875160517865,0.3252185355283675,0.36182311377969767,0.3885513979400945,0.3372758408883212,0.3666146796283902,0.3854628787591453,0.336447059354383,0.4187353055094763,0.32673627765509666,0.42826375358221935,0.3728417722365126,0.3457179297945104,0.3502702002192872,0.38515920198364106,0.3515630741928231,0.4055748494571134,0.3307399256611202,0.3586132087310712,0.3313603556019697,0.3580306570101008,0.40861950498836747,0.3527991886683355,0.32290189938083086
lo_A_model_1_relaxed_repeat040,0.41944752136109426,0.3966290000269456,0.4246360387191754,0.41339925174675657,0.4028054337437679,0.4160402616150178,0.3952573635049246,0.3959689587695137,0.387744292831949,0.3970151148641764,0.410589756932457,0.3959026194914245,0.41710367926461656,0.427508401644219,0.4351421914185104,0.37806490953618493,0.40911604350469166,0.38431109983869505,0.40151636756073866,0.4189333481767622,0.42964489446075643,0.40376539598242805,0.40778185000805794,0.40464714666573526,0.40468751964334,0.39805809023882177,0.3968218520449346,0.44575056055125684,0.4199758150949454,0.41655161787904965,0.4021419047898177,0.40258140576653023,0.41618778775705517,0.3936664528617174,0.4097503339773669,0.41476342430378343,0.4086476878205568,0.40097895228013375,0.41523098006980186,0.0,0.4149675685829912,0.41599191144331893,0.4086385855034149,0.4128178057842614,0.3883951058214266,0.40935613633110635,0.41010906117773827,0.3923397041986714,0.4220538039726482,0.4199698878775611,0.41324661049701,0.43555164567649396,0.418421893857075,0.4070511562160511,0.39837933483126464,0.398413987321324,0.40025338898430224,0.3885979346220986,0.40194441569042977,0.420108167827347,0.43453690015528773,0.40641465959839673,0.42192267189457267,0.41230046546146715,0.40992626434902574,0.4351180590620073,0.4126833922759334,0.4013306907265219,0.3952378903719807,0.3969739255517347,0.4027952049244844,0.40105793572894033,0.3970588220333436,0.40400502128637783,0.3995267944876674,0.4042123692874558,0.3992415556307851,0.4018851144387401,0.39864107505861873,0.40995851006094225,0.414915507540645,0.38633715178556854,0.425313416371883,0.4136411470941749,0.4356270865225901,0.3984241131794159,0.441000877507975,0.4033296326341534,0.4496306861571969,0.39869752178433104,0.41882672145377686,0.38067438840260037,0.4137218972903996,0.4145577646122264,0.40876610449390094,0.4101360603297796,0.414316784249704,0.4162296878837724,0.39624507235758544,0.40471682464966346
lo_A_model_1_relaxed_repeat041,0.3742478580131993,0.3749523574886096,0.40326957724496215,0.3722460536574153,0.3485398112124352,0.3669666479994059,0.3653623439083574,0.3492674123388674,0.362560635745629,0.33947080755869036,0.3684375236994924,0.379364463649932,0.38567852624693977,0.36808396908527263,0.40902602482514877,0.34932593992329053,0.36325314441058515,0.37732466866002695,0.36746547140547825,0.34673156099988817,0.39747633791064285,0.3657540078762492,0.3709087938204395,0.3660150797803411,0.37703230888829226,0.36209606768337,0.3723745480100949,0.4027275745273626,0.3826718432652709,0.3745532770750619,0.37614850353229523,0.34915274520613254,0.3820837379850365,0.37328166155800885,0.3855477496224206,0.3560697075345616,0.3317778873336877,0.3488809824484033,0.36654490109772897,0.4149675685829912,0.0,0.37254877454294194,0.37355440011145946,0.36048762873655316,0.36820295920897106,0.3671527536218837,0.3732225208525482,0.3619498143351946,0.35986637163860924,0.3823418165252206,0.34389317801126784,0.4017735716311245,0.38510478294660894,0.37215757273142347,0.36358306703978166,0.35988648663405326,0.3553365085869505,0.3579407404538927,0.38835550723531653,0.373476073775019,0.40738451851137736,0.36759773840685034,0.38312352285198814,0.4013221354052596,0.37432609929352145,0.4331511116813471,0.4121956630822375,0.38691882902943703,0.370087605141345,0.3569867535401662,0.35100517829959865,0.3741051698541307,0.3833893720312969,0.4011242427016543,0.3748278384013512,0.3612714394091527,0.34157779995071436,0.359871658890604,0.34839201441501855,0.3942990375899352,0.38481907756848294,0.3586289262230408,0.4086934063930865,0.3637865949911829,0.40676975170394314,0.3708736158217951,0.4571594513389151,0.3662135449638932,0.3917722470546271,0.35698591196961577,0.3952002444208149,0.34963753968350864,0.41974581858245297,0.352728299430148,0.37151012247524784,0.3498676635161485,0.3984463388946381,0.4009526210063298,0.3884077028507062,0.3656806223968758
lo_A_model_1_relaxed_repeat042,0.334391810141272,0.33144958424406734,0.3576756148992579,0.396464345320178,0.360353387194258,0.3800352366766532,0.33073040942677073,0.34533490203520173,0.3622037144456501,0.3386422439460787,0.32911660491084316,0.3947540840046376,0.3539288985602214,0.3504711727352978,0.3707966137323328,0.3534932156421211,0.3512805513419053,0.3053077904741007,0.3550583582571185,0.3474625369622957,0.3652687097590505,0.34629731617124987,0.3638070437649469,0.35067574252412986,0.3543127705035722,0.34461606012840773,0.38490509392637573,0.4023201665987853,0.3593368554428312,0.34355292503963697,0.3680472383688791,0.3503980569056595,0.34330244176761276,0.3038785052002639,0.3207484987147312,0.36363311384943997,0.3474908629833862,0.33882524477227616,0.3442917716622556,0.41599191144331893,0.37254877454294194,0.0,0.3339416909173832,0.3607807461341526,0.3635038515222786,0.37113656005420675,0.38397510499893267,0.37033221755483875,0.31711228340466885,0.4003781474359034,0.34090211047607,0.4056483885885913,0.3351777441473014,0.35283685798792697,0.3560844927139612,0.37162239515127254,0.2914064852195985,0.3151996891859937,0.3404221060689643,0.3657617915062946,0.39132839317108054,0.32551286704129234,0.3338920782012517,0.384768923463836,0.3606531192006071,0.44259567315989085,0.39731235842516616,0.40205260191512737,0.3498777223557658,0.34898450679073334,0.33181268307941536,0.3764365331889471,0.38709781842583785,0.3848875130619539,0.3417735866759692,0.3534002419981473,0.31685751345683544,0.3570657721838318,0.38107118804450935,0.39698585395495306,0.34365588970557104,0.3483390797042634,0.4004734679968011,0.3383558665336536,0.4249729773450703,0.365027484414095,0.41239958677263877,0.3629133428528095,0.3757362253173585,0.3644926314724497,0.3899504755613948,0.38797478643206956,0.38204123843949545,0.3206832833815061,0.4051449518947258,0.33767872923445486,0.3415389307263767,0.42074455429795843,0.36291078052447956,0.3369980238774136
lo_A_model_1_relaxed_repeat043,0.37069443396988283,0.3492602032246292,0.35915474605884734,0.3798879813809737,0.34371678796509414,0.34815339555767727,0.32372443641099097,0.3220865894469586,0.3292760950647889,0.319098470771392,0.3389770861723967,0.36155929195954706,0.3623067093571515,0.3478380808251204,0.3602819989134326,0.3396366820922082,0.3665953630761012,0.3266147516482952,0.3429069118792916,0.363475277755368,0.3675826379307849,0.34334969473633803,0.3322842432494717,0.33080454230170303,0.3568635425240754,0.3372537834468476,0.3601001688649912,0.4133346370370321,0.3538011452181208,0.34474435387384805,0.3363429937460569,0.33508626352884485,0.34343422549145086,0.3201475428816558,0.3414455930159089,0.3467833797147031,0.343220129398913,0.32010128940580057,0.3571843875301368,0.4086385855034149,0.37355440011145946,0.3339416909173832,0.0,0.36476284258470204,0.3582140966737546,0.33816216238466057,0.3579686769490886,0.3380512189142972,0.32902743927215466,0.39870279643557904,0.33631730197965237,0.4031795306133229,0.3390955739869926,0.3539350424953026,0.3223038934202889,0.3509868368709179,0.32187522796080653,0.2958509948585576,0.33748446687086653,0.343291273449127,0.38036181103803957,0.3195043102868027,0.37094504835410097,0.3798276847468376,0.35523370775373153,0.42479101989866996,0.4102199068304009,0.39556869476069273,0.34418467445363593,0.3367416876993713,0.3002220446748152,0.3890710112412244,0.35279760719881226,0.3850277287823962,0.3503260692448691,0.34510105090566523,0.3318576922371933,0.347962760903634,0.3685876070004725,0.3790489189744241,0.3374722157799988,0.36703311120528354,0.4073571965128232,0.3741429118063519,0.43354043691850785,0.3532056346021894,0.4147848779703124,0.35240985210782766,0.36382076739355923,0.3358545993046781,0.39329065504015864,0.36288259371873205,0.3804722613159878,0.3241898894263896,0.3762958915496405,0.32278642003865865,0.33505133806870685,0.4020044555230352,0.35205759380564877,0.34400306915488826
lo_A_model_1_relaxed_repeat044,0.37948036905842086,0.3770457408604444,0.39417177435314865,0.4091579685214232,0.36897852270097276,0.3919005450315096,0.3546323732707913,0.3675980886682639,0.3708533252395099,0.3602571804301784,0.3409238059857947,0.4015345386063923,0.37744487702594803,0.37495621108190547,0.3708258578918937,0.3529623257990524,0.37452799097382544,0.34373489302218474,0.4008499553390008,0.38699136630752695,0.39009312559702247,0.37443657244066836,0.38961787522923047,0.36701685709318305,0.38156147071874663,0.35509518359652215,0.3764370272426134,0.39761859065411226,0.3920301147522665,0.38029180874653856,0.38285786273957656,0.3614341565199458,0.3578234553223515,0.34796296647372693,0.3597890814334713,0.34153507707088304,0.36422300546645286,0.33563336663005067,0.3782693819513924,0.4128178057842614,0.36048762873655316,0.3607807461341526,0.36476284258470204,0.0,0.3399967179846643,0.39255164682119403,0.3892399328459099,0.384949432793838,0.3611351123677058,0.39492416106131784,0.3679393182537364,0.3752428684204793,0.3680174235472211,0.37147442374465495,0.37525308579372274,0.37852741550889746,0.36688094922098036,0.3424786366988982,0.382612882723192,0.37804928110147856,0.3952427406472316,0.342544213075191,0.3641999089465578,0.37960799749169755,0.3709497534699649,0.43788358210092054,0.3929116577749388,0.4189488173846333,0.3598206515579027,0.35549932644320675,0.3669284408255856,0.3965871934428307,0.35876784049891064,0.39559328690072026,0.3645258742786278,0.37829131692096346,0.34171870569189283,0.37327096863122083,0.38089379863278144,0.39496487593061247,0.37026561243006584,0.3583828325261958,0.3868724231796333,0.3788866303841217,0.41986090073459476,0.367509851161845,0.4314072524349875,0.3731536712600067,0.38444449268291037,0.367917621556495,0.3808895168343896,0.3815461729821312,0.39300132686602335,0.347256486244552,0.40750161711853405,0.3524061173287975,0.35547389232669974,0.40391751165699163,0.3767506964393364,0.38850330908900177
lo_A_model_1_relaxed_repeat045,0.38852448217261215,0.36218759909539083,0.4038946306590994,0.3809246336716901,0.36733440304765197,0.3682711416368623,0.34001279114203964,0.3465044739981221,0.3615689859716886,0.3714329827278173,0.3394187997184142,0.40085987690911856,0.3916158887121991,0.3761726538734236,0.3638986952050803,0.362477526312384,0.38034142481164723,0.3555783537636059,0.3808154040476078,0.3751244714740861,0.3903202162899524,0.3715741559392225,0.39120550270989385,0.37727685519383497,0.37053466376701216,0.337801780514039,0.364258629369436,0.42415938915764506,0.371752913772611,0.39481141257839286,0.3711668951988571,0.353919844145697,0.353714117163809,0.3434267273004832,0.37333197935581164,0.3587058681662993,0.3496695762994165,0.35471211805530267,0.357814619404797,0.3883951058214266,0.36820295920897106,0.3635038515222786,0.3582140966737546,0.3399967179846643,0.0,0.37557612396517415,0.39662780973649114,0.3823406940082454,0.3595783972212621,0.37678187054120116,0.37934994469965827,0.3974076943599365,0.35052452011072704,0.36218017315345263,0.3649604207674477,0.36937192952036374,0.3597536512066407,0.3630906908547887,0.3861382853245961,0.37508667572462717,0.4016461834156532,0.3632072204383343,0.37549559049814146,0.37444058416918613,0.3611618510994157,0.4358818204208459,0.40077085950850694,0.4206871550254815,0.3587556781763157,0.35844486070916487,0.3670623823831599,0.38394745855377116,0.35304483862956515,0.4001230497429788,0.36923123165849037,0.3664089353009604,0.31937788238958664,0.34848382002370193,0.36580970216415104,0.39761686363031007,0.36896627044589386,0.3674188279551123,0.39618495413466875,0.36993298701034716,0.4118235034540146,0.3675778897147557,0.43509451721750353,0.36303520994853217,0.38685426606923395,0.3766418896227529,0.3646384926595675,0.34158399851289467,0.3769813465177257,0.36498856469828617,0.3727197338483703,0.3528792260982942,0.3735405745044901,0.3972319819657318,0.34793241742592945,0.37061747185405425
lo_A_model_1_relaxed_repeat046,0.3718424913057764,0.35215392817250346,0.37374465130310885,0.37068196827238437,0.3598425184082106,0.356207692063985,0.3638470728448143,0.3304631942392089,0.36110001230146777,0.3499091645871664,0.3606394733758292,0.3729019708024163,0.37258198970937123,0.37812204431978336,0.36817816953309973,0.3483187496519307,0.38768451696246237,0.3613959582322545,0.35610156722521946,0.35948580350057624,0.392733314561214,0.35006236926413725,0.349501750401367,0.3706279711381559,0.35699532943170487,0.3418178701680728,0.35453404912441777,0.4089160450541384,0.3551129502555474,0.3735185903526835,0.3515900119182664,0.3304635838598721,0.34239892569991776,0.36339123582141725,0.3883837976138127,0.37805223276817373,0.33547932953258647,0.33957273498649576,0.3576131732586565,0.40935613633110635,0.3671527536218837,0.37113656005420675,0.33816216238466057,0.39255164682119403,0.37557612396517415,0.0,0.37274805952523526,0.34661056550568636,0.3478182150630035,0.38763067389193673,0.3490889430055833,0.4195809272434076,0.3691005965284448,0.3408271937003637,0.37698574860264844,0.34334240303589164,0.36122253077320277,0.3584399116214663,0.37285608418475735,0.34713175855408657,0.4034562056422539,0.34885592699114726,0.37341972227543535,0.38634407637558094,0.36373814253886705,0.4211480664188722,0.399796836817919,0.37634105464783907,0.36531034095333137,0.3451772781657936,0.36115543398434896,0.38736437471492297,0.3787729605593962,0.3775399627351901,0.3696744885271516,0.3562497797604921,0.3700381993195445,0.36368637937994736,0.3432429704550549,0.3543675177343133,0.3837467572197594,0.3542590243963271,0.40958561004989275,0.3655499316147885,0.43130954731840965,0.3734519022833157,0.43895789585649775,0.3495265958431729,0.3950958305368234,0.35168317937487675,0.4037595142538448,0.34601520718770473,0.3779744978567243,0.36731189165486183,0.36471012653181123,0.35490900322793456,0.3645536985707742,0.39370457250948765,0.35222278032717025,0.3720551515103361
lo_A_model_1_relaxed_repeat047,0.3332485442949123,0.2856110083114261,0.2857506240942322,0.40003236635862083,0.24525995668256026,0.29589760630861855,0.3561100840871472,0.33405177226324884,0.2532172951624451,0.3674844697116547,0.3717125044708227,0.3939984314036007,0.3131929798579973,0.36426887992423806,0.4077492918185644,0.2700098021852331,0.3591429951803661,0.36287045103538107,0.2748459316108443,0.37154289142933933,0.2367400800924392,0.37763350915790395,0.29464510307624275,0.3550781815621163,0.3002558756195504,0.3616994935096678,0.2791067398793261,0.42559899722364036,0.37093259107884213,0.370111184624652,0.2619570343391662,0.36289915126852573,0.38537743236872735,0.367186534828123,0.3664938466441695,0.37686190136953707,0.36535721442784985,0.36181643161412663,0.3585361670999748,0.41010906117773827,0.3732225208525482,0.38397510499893267,0.3579686769490886,0.3892399328459099,0.39662780973649114,0.37274805952523526,0.0,0.2611439563753277,0.3756207261319015,0.40891835409374244,0.3559776479456398,0.43561578929123806,0.3636457424983771,0.3856341970126345,0.28819546101250754,0.3137342578510613,0.35757776748521974,0.3638834805409371,0.27003592194674936,0.27551138561799987,0.42940665054323296,0.35887891725931587,0.38120034797108476,0.4004681094967379,0.30285220218158804,0.42767719432592494,0.4137531556613708,0.349540429936551,0.2531705108859647,0.29010629002762217,0.35097526089814063,0.4182767290102015,0.3910881338895899,0.34558246325983105,0.3702429315006301,0.30239733594060825,0.35381376089163125,0.24342154514528,0.31249634046498165,0.4033603840584173,0.3420249386451546,0.3701113005856118,0.41650569708967305,0.32877389598037066,0.4366362513842499,0.26476409993105804,0.44880993488757703,0.3754945999127849,0.36982871185013033,0.2870713947676577,0.4094398280801611,0.30671959486026423,0.41543813161735255,0.3349405174274863,0.3216027903992141,0.36620092673429794,0.37981849441297644,0.4116525543039299,0.3632063538924786,0.30158176233076384
lo_A_model_1_relaxed_repeat048,0.29435305264159867,0.2768449362749094,0.28002202038896545,0.37619733506101555,0.26511756778765594,0.2800161961389788,0.35377655953617565,0.3343580101776494,0.24714744546467374,0.34991881339199987,0.35155131372284404,0.3835962275730792,0.3267409626177295,0.35960911062757006,0.36575299090732505,0.2552409167982505,0.38125318545070414,0.35703323721323793,0.2753013175606753,0.3624497005209486,0.2848591751064835,0.3395693224507219,0.25297678395237005,0.3722738389395611,0.2794406839585389,0.36615720882385566,0.27503086053918935,0.4085352249719949,0.35631450800143305,0.35228934492331015,0.2601313083193836,0.315952496384168,0.33672256933288597,0.35848030056634145,0.3734350847441663,0.3493297076333376,0.3481657638850077,0.33606619349341865,0.36958581774869664,0.3923397041986714,0.3619498143351946,0.37033221755483875,0.3380512189142972,0.384949432793838,0.3823406940082454,0.34661056550568636,0.2611439563753277,0.0,0.34458600318475513,0.39663487928800606,0.350571207707963,0.41200577103337627,0.3441435638811238,0.35642739289953,0.2725667221539546,0.22941425694048234,0.3294233049997633,0.33095625961701536,0.2703567822333496,0.29163281634756993,0.4051156072305106,0.3589506642968385,0.3379972149448032,0.3680473161097158,0.29206036376084044,0.4345288340055932,0.3957669796053263,0.33759873244546396,0.2707591721947954,0.25687535874129547,0.34060982086770597,0.40607750657328734,0.37883293413925234,0.3137942611656344,0.3692967449584546,0.2839069847074306,0.34336477764809775,0.22801783179522414,0.29164503087543725,0.37795826006575295,0.36544859453876366,0.36609105553701526,0.39117953757215435,0.2932466870339139,0.41852202653537723,0.2848741910405891,0.43069757437469514,0.34019076530003284,0.37998591947408966,0.2669241425088357,0.3888842482181044,0.2908259659818401,0.41142572863881516,0.3225801294471857,0.3267104434770445,0.3586621939720375,0.3447810775206624,0.3939372076932442,0.37273884815918856,0.31282674477426925
lo_A_model_1_relaxed_repeat049,0.3475090184192197,0.3448837584853087,0.378211399432836,0.40815418977677037,0.34017423794318835,0.3603874484753846,0.3282282171262591,0.34476750890003116,0.366402805306901,0.3300482038752202,0.30653063475437237,0.3871237616925016,0.3636040387505454,0.33456922530861255,0.3589164666644851,0.35145078430860016,0.35084675826141887,0.3411502884555496,0.3593513867654377,0.35113370444562997,0.3876711214758243,0.2977736656204724,0.36528155601470047,0.35319793880642925,0.3460564674786964,0.33327588918473255,0.37029628936437414,0.40453795682501814,0.3487748022161925,0.3529616772917759,0.36837511981460735,0.31766602341460093,0.3332595340336424,0.3273881116954955,0.35591277805018345,0.3596454302215671,0.3379436256751676,0.3241207320228662,0.3537653983666931,0.4220538039726482,0.35986637163860924,0.31711228340466885,0.32902743927215466,0.3611351123677058,0.3595783972212621,0.3478182150630035,0.3756207261319015,0.34458600318475513,0.0,0.4009208641888285,0.3092797947107263,0.39945775119885574,0.3149367854457392,0.33498032312549186,0.35083595243671156,0.3382982743979905,0.30570896049423607,0.3206455844761673,0.3529298989754822,0.358950345452843,0.36546390062623724,0.30206636946103504,0.318371122550114,0.40007982036206746,0.34551485499390505,0.4504784612641841,0.41943094496778194,0.39449063516176025,0.3579391417329898,0.332906221355885,0.3282400287169046,0.3900419257755004,0.39422519580457194,0.3716151962410219,0.35414253978242705,0.3401352503858997,0.31891523039421665,0.3394963449587393,0.35962554042727674,0.3805343355646554,0.37320312464670735,0.3716383708443385,0.39016459605808335,0.3513663092298443,0.4237845702071238,0.36029935098137017,0.41665693836998025,0.33698473622161573,0.37382315098416663,0.34721310240765385,0.37284315357450504,0.3763477830293812,0.39633189369148875,0.3411718843185928,0.3969961964192953,0.3121238336840813,0.3249084387365643,0.3947167181076171,0.37001906148943486,0.3638950390260273
lo_A_model_1_relaxed_repeat050,0.41121394659136334,0.40851768049739284,0.4234730712336805,0.392091125433587,0.4117011360986874,0.39598731211881577,0.38797246336808844,0.38897098390923585,0.39941853302112046,0.3847437510008339,0.38507212783290684,0.36784272312450456,0.4092851159664192,0.4016176161289761,0.40867173796758666,0.39911006151400985,0.4285399572885204,0.3866301719248412,0.39290932748923135,0.3873570990372257,0.42537617787537496,0.38941664305523976,0.4007406233591753,0.39244135178683026,0.4121744217369531,0.37331312534722016,0.40160821198906393,0.4333073393766298,0.3989584436643766,0.4101750210893004,0.4062803108533866,0.3842542896109376,0.3970534174503638,0.4055500512426883,0.4091539125774019,0.4010848307875028,0.3461795989588875,0.3837165217953385,0.3858056616791555,0.4199698878775611,0.3823418165252206,0.4003781474359034,0.39870279643557904,0.39492416106131784,0.37678187054120116,0.38763067389193673,0.40891835409374244,0.39663487928800606,0.4009208641888285,0.0,0.39879073289247285,0.4432110687947063,0.4049656372854051,0.4066058961605953,0.41819114534939755,0.4110673151993221,0.3793305978062484,0.3870880245753812,0.4086693575212411,0.40993387233219053,0.4418497339713882,0.4080882538003791,0.3942471502124572,0.410202329782614,0.3987336176623151,0.422999507908682,0.3815010635849553,0.4009727799280203,0.4065826738467702,0.392450319427675,0.3825147196247665,0.3843658917875921,0.36996937583507367,0.42001679236135564,0.3867239240325975,0.40874776493113035,0.38238869737458026,0.3953355359437998,0.39874269493849,0.4134910170404001,0.39862047521646776,0.3798506219461104,0.3840001043156749,0.40715405020809803,0.4188674354366089,0.40009909359109747,0.4297740032253635,0.3945447023779879,0.43210066781302653,0.3848496352784589,0.4036087923033969,0.3920077442229404,0.4065691972594934,0.3949876222685345,0.4090492133488889,0.39168624125437806,0.42025719354551505,0.43710112820765007,0.40779146259711696,0.38738165851808626
lo_A_model_1_relaxed_repeat051,0.36881921163718584,0.34486081868376,0.36097586697438827,0.3691684969130202,0.3339476885010911,0.34507854012602385,0.3315628229753739,0.29031224865089345,0.346289962599878,0.3006255757030824,0.33542708667026727,0.3773500706540331,0.36601050666220564,0.3595224936802824,0.36608300535497157,0.33267369638875216,0.3697675486805523,0.3472767137022411,0.3579630818313815,0.3254488262131973,0.3765057323914274,0.29495810909861914,0.37743608351450675,0.31231989946115785,0.36099770347887855,0.33003428963049086,0.356634483058548,0.4167487758868013,0.348510092669377,0.3636997928813227,0.37255280659967294,0.33125248939599583,0.36279715263877693,0.3585059603481513,0.348927479952632,0.3435005773474833,0.325303028092019,0.3217936587291354,0.3671550915217288,0.41324661049701,0.34389317801126784,0.34090211047607,0.33631730197965237,0.3679393182537364,0.37934994469965827,0.3490889430055833,0.3559776479456398,0.350571207707963,0.3092797947107263,0.39879073289247285,0.0,0.41158690069538695,0.3322997853646041,0.3159224294063384,0.35337627617145034,0.36078340289630334,0.3318778667747152,0.32937474906538966,0.3641518650642295,0.36607659634561257,0.3721805213688771,0.3121601327810041,0.33922840158310663,0.38771673065936973,0.3448081301797485,0.4353250803801815,0.3947844525161773,0.3811029847410549,0.35514086749539137,0.33980988541541457,0.3193773000695476,0.3876956241637351,0.37224067314179765,0.38279803390815437,0.35562140097265915,0.3563086058513316,0.33107117949790565,0.3662504595787299,0.3519619647157642,0.3690226817257173,0.339721799841508,0.3477315410004977,0.4131527825700203,0.3419762476169825,0.4279804188426527,0.36050191525328623,0.4286486734665859,0.32224622935249797,0.36461165575662946,0.3488669581752301,0.41630189469306494,0.37109068644733495,0.40443920799221905,0.3296493997454016,0.3933089878743879,0.2975052685844055,0.34337102727927,0.3894352317316411,0.3623287025590716,0.35804156534944753
lo_A_model_1_relaxed_repeat052,0.4197086324994563,0.41868668568815537,0.44326910158893557,0.4335414268701313,0.40962214348004256,0.4153240629354611,0.3936493723177776,0.418674589648294,0.41054107846859533,0.41164007779620854,0.3910697335267544,0.4372309800321301,0.4150121083432756,0.4178294618950031,0.4301328935941138,0.40655857049708743,0.42052855222111885,0.3875705851998578,0.4235437391799924,0.42948273775726253,0.43732965210077035,0.4259877019052722,0.4355269118976742,0.42302165990601753,0.41006475639209355,0.40886828699316696,0.4337387121139478,0.4197421376139142,0.42789199498299724,0.4202548446809691,0.40887794401805894,0.3957267810809168,0.39881616662812014,0.41943309379646454,0.4110534983925724,0.39178141258916005,0.40832926627854,0.40579623772555784,0.40302646196185166,0.43555164567649396,0.4017735716311245,0.4056483885885913,0.4031795306133229,0.3752428684204793,0.3974076943599365,0.4195809272434076,0.43561578929123806,0.41200577103337627,0.39945775119885574,0.4432110687947063,0.41158690069538695,0.0,0.410366771292952,0.40715826662030724,0.40766174370650865,0.41392372114216575,0.4081446558339787,0.39460532427431416,0.41039309115820444,0.41475766404679104,0.41922696076849963,0.3805413657466808,0.4057822766954151,0.4210587853439322,0.414795121532214,0.4721462880405219,0.4422249636270386,0.4425947034599016,0.4033562343490788,0.3971977306027746,0.4221182024315397,0.42275481180145963,0.42399864361269807,0.4221867251599552,0.41261533697744784,0.4164542062046224,0.400241915401252,0.4103168111968931,0.4144824927144809,0.4374999856938481,0.40869487658389203,0.4155029701082925,0.42228040911210357,0.4087310346122762,0.4209399183712537,0.40618033022055977,0.44855641922764744,0.43402418792983705,0.42926363405841383,0.4191628689776967,0.40461702339659117,0.43160044178010093,0.41929510300606193,0.396110416536473,0.44643365049226014,0.4060551348427807,0.4033400252462744,0.45334118061036105,0.39927548834571014,0.4273987594399584
lo_A_model_1_relaxed_repeat053,0.3683298732998628,0.33132995971259127,0.3886468583992848,0.40008450466454615,0.34363944574150374,0.34422856465004475,0.31479670756831496,0.34436959052506033,0.3500793697049142,0.36377283074623284,0.32710102213816766,0.39226925003209706,0.37081575001312556,0.340915916869279,0.3697428639037207,0.3613406922161079,0.36380354396019443,0.31288422445259506,0.34354880247974184,0.36418030717947814,0.3634291850308514,0.33834136371084017,0.3741934196476232,0.35174390801268235,0.3570043859906978,0.3379449379941647,0.35977106852184554,0.4153566129000817,0.33739730064650475,0.3814474728387253,0.3551722465926108,0.3360960759158991,0.35170892829611905,0.3428116096544529,0.3413736871487598,0.35384380217495004,0.35232138404273894,0.357731047221125,0.3453913622733597,0.418421893857075,0.38510478294660894,0.3351777441473014,0.3390955739869926,0.3680174235472211,0.35052452011072704,0.3691005965284448,0.3636457424983771,0.3441435638811238,0.3149367854457392,0.4049656372854051,0.3322997853646041,0.410366771292952,0.0,0.3406061667103878,0.3423261753071611,0.36293518104011874,0.3319031694289271,0.3300870392866208,0.36467309522439906,0.3561865660212637,0.3809118267296111,0.3218993613779124,0.3253587433497152,0.3793003875256525,0.34256405058815614,0.4459032722274178,0.4109417983845323,0.399006312225752,0.34284182215922726,0.32845526518892804,0.34401608572697984,0.4021747034954046,0.387287474601016,0.386225193192959,0.34241471897554515,0.34834885413532835,0.3203181090527422,0.3339385207224791,0.3621337970714719,0.3970065746492561,0.3309473115662131,0.35568370961790424,0.38205584234070633,0.3789029794171046,0.43037555546413025,0.3607384732265305,0.42757107516816173,0.3404798011525015,0.3628732107718221,0.3494702715144582,0.39508786440595517,0.3783484931387621,0.3883836134383254,0.3321137488920736,0.39474716197638715,0.3298651911752286,0.334572517805869,0.39836435971372836,0.3485949726195464,0.35964602689840103
lo_A_model_1_relaxed_repeat054,0.3826479161761294,0.34481485152352037,0.38508873436304697,0.3893422059858726,0.3587096171187048,0.3607057935879281,0.34890599510350956,0.32950919412495233,0.36934880637756523,0.35016064165499045,0.3639720076016788,0.4005830514585956,0.37702771762423315,0.3652524162971036,0.38159367644862696,0.3485446135568372,0.3735750418244049,0.33390270399738725,0.37225700660962324,0.3444843962862359,0.395371359812808,0.3328912662355509,0.3797517824961627,0.3447744800011826,0.37656101421269395,0.35139851393212423,0.36269315311848277,0.4228535801132494,0.3447562635528778,0.36780141746539874,0.37261447243012136,0.3319671717916598,0.3507897894677805,0.3567141412122212,0.35832235069838203,0.3612657370428135,0.3390712299776691,0.3428107750170802,0.38600451419451143,0.4070511562160511,0.37215757273142347,0.35283685798792697,0.3539350424953026,0.37147442374465495,0.36218017315345263,0.3408271937003637,0.3856341970126345,0.35642739289953,0.33498032312549186,0.4066058961605953,0.3159224294063384,0.40715826662030724,0.3406061667103878,0.0,0.37825833834738876,0.36264632979670625,0.3518781408914114,0.3313833665444263,0.37400756611810787,0.3775567111046274,0.3855257451105717,0.33926209583588696,0.34853410577709987,0.37063611559854764,0.3745700444093369,0.4531915119405844,0.40599259315146174,0.400450461662945,0.3693536092935064,0.3533856278951667,0.34585412919876213,0.3840949080973651,0.3792948430555397,0.3717845838977651,0.35439173947364105,0.36026893467696613,0.3637852185901233,0.3766269998230453,0.3522020245461695,0.36332725644929253,0.36702340559903085,0.33096334872221866,0.4049163533606467,0.3773657659568048,0.4408493233454425,0.3768516896529423,0.4414599915931185,0.3177308674787263,0.39169456875623515,0.34458650138750874,0.4198219869364962,0.35320972545694107,0.39765446068181237,0.34608160159741896,0.38612539195431594,0.32211217267943937,0.33616608913597834,0.40061990591191987,0.3645071142483027,0.3657634342613164
lo_A_model_1_relaxed_repeat055,0.30346482710118755,0.26561667389963495,0.28614211581570914,0.3825767616319273,0.22975168532542092,0.2910389853389481,0.32792895004924555,0.33386426957779614,0.24117511550246054,0.3340487315926882,0.35612044867264225,0.3873055005894421,0.2787739866313168,0.3374857809753102,0.3894408889787816,0.25931542979856903,0.3617494845283256,0.33816178163408694,0.27657345414280216,0.355918887739186,0.26782406199428527,0.3461984843380166,0.28346936059777433,0.3540804447768763,0.27884982446933837,0.35040299709328965,0.28621880042502135,0.424618923658663,0.35666905993073483,0.34462652132251154,0.2982696881464035,0.3219446899777415,0.3489633534219224,0.34278686179319323,0.343861102477225,0.3429587244775659,0.3520020402463957,0.3520575531698189,0.3305837382743515,0.39837933483126464,0.36358306703978166,0.3560844927139612,0.3223038934202889,0.37525308579372274,0.3649604207674477,0.37698574860264844,0.28819546101250754,0.2725667221539546,0.35083595243671156,0.41819114534939755,0.35337627617145034,0.40766174370650865,0.3423261753071611,0.37825833834738876,0.0,0.2792793198279241,0.33399806395230985,0.33990901753305414,0.28986129582172687,0.2788514148932776,0.4211897448235084,0.3453547863708302,0.3578638338881846,0.37580254609045516,0.2994329404673271,0.42702222756270897,0.4013932103299688,0.34994379274817217,0.24229848344280622,0.27802517357025364,0.3394357431800778,0.41150086436530187,0.37420706821204885,0.35624986007577003,0.34691392359815443,0.29039837469051,0.3282120463257891,0.252960270450368,0.29684208216718616,0.3897772372865351,0.3303032377958568,0.37457672821718174,0.3837762819936727,0.28088476603096324,0.40257252165682283,0.2665978630838184,0.4313235444535807,0.36136436737534555,0.3442355466653362,0.28669574327701774,0.3925246773358289,0.2928131523739112,0.399029903756046,0.3110759398335841,0.32946890110513016,0.34649807444444086,0.3426764553858678,0.4138317406689844,0.3428605993081444,0.2875948310355047
lo_A_model_1_relaxed_repeat056,0.3045276837290293,0.29211149810431913,0.30516671491378816,0.37827350430997286,0.27670284335241896,0.309193745946112,0.34375778310866295,0.3285917844395147,0.2877204075211711,0.34436502076290465,0.35752223136854966,0.39648624790559206,0.32491935832364277,0.3544183007446401,0.36373326547350215,0.28293394387230375,0.3840226060346404,0.35710110853473725,0.31463715278285537,0.3520328863555543,0.3043816875750648,0.3452513338829057,0.29199535536314286,0.3727980272194482,0.2820844139528732,0.35262518450036984,0.2893152588910265,0.4044518005168784,0.3717082323735999,0.33847934790124334,0.29390445441704394,0.3017588877287942,0.3215962511970205,0.35820411217624426,0.37461308604294763,0.3407061588748859,0.34616062989329954,0.34460219440555995,0.3612232040544369,0.398413987321324,0.35988648663405326,0.37162239515127254,0.3509868368709179,0.37852741550889746,0.36937192952036374,0.34334240303589164,0.3137342578510613,0.22941425694048234,0.3382982743979905,0.4110673151993221,0.36078340289630334,0.41392372114216575,0.36293518104011874,0.36264632979670625,0.2792793198279241,0.0,0.32670742205839165,0.3436681284997126,0.30569075605992146,0.30095465654027703,0.4160402272285567,0.3582243205108167,0.34870420256570095,0.3643880558165228,0.2939601347141215,0.446107469233441,0.38939471021490213,0.3485492927005592,0.2844797475260824,0.2665228868468178,0.35819864055356293,0.420591177372455,0.38066503060062473,0.33915446491674167,0.3610854721098768,0.26122036695948736,0.32483538254179295,0.26502684291937517,0.2936450418218435,0.37508633245617207,0.3704283566116048,0.36642072646614454,0.38511477582396125,0.2959610325044283,0.4116082418735741,0.29803553282602996,0.42698976277040834,0.34548644977973014,0.3776474879816188,0.29844178062640975,0.38549130719849967,0.28977451645420116,0.40162146321365466,0.3338087739529239,0.3394234360730722,0.35447016618108546,0.3369698347447394,0.39896981072663207,0.371107533128192,0.3253762870633303
lo_A_model_1_relaxed_repeat057,0.35234395992328377,0.3299697389341988,0.35635513783756956,0.37394593873044,0.345766962795466,0.37259047542150237,0.3005944039867584,0.3172988193683238,0.3373810180776097,0.32121465643377545,0.3022780461220794,0.37950457124971204,0.3545959840073007,0.32266012537854594,0.34402668991845936,0.3369762029778817,0.34042815757822237,0.316032268684363,0.340663536656683,0.3635079445501473,0.3560730422889682,0.3261421002077116,0.34455785355904045,0.3364324317242317,0.33478445225349457,0.315833071934544,0.3743887722537891,0.3798721643268022,0.3600428761623404,0.30759071146522815,0.3565116719632974,0.31526730942939485,0.3415918303191289,0.31190984904967606,0.3138761772570503,0.3454254493500084,0.34689779903550777,0.3391378448735336,0.30202004689548756,0.40025338898430224,0.3553365085869505,0.2914064852195985,0.32187522796080653,0.36688094922098036,0.3597536512066407,0.36122253077320277,0.35757776748521974,0.3294233049997633,0.30570896049423607,0.3793305978062484,0.3318778667747152,0.4081446558339787,0.3319031694289271,0.3518781408914114,0.33399806395230985,0.32670742205839165,0.0,0.3106985530125027,0.3321727578514759,0.34814345126821533,0.3903999270034407,0.3155958100285589,0.321087030661379,0.3803987817938851,0.33667561851581157,0.44254708857703656,0.4089701291336632,0.3785828177935037,0.342314222873792,0.32416583826955214,0.28724461817828567,0.37211232478966877,0.3724471907146631,0.38282281112941796,0.343008986064132,0.34737457983054304,0.2942037579909932,0.3184243666135161,0.36898205096480197,0.37484695971099724,0.3351088905512153,0.34665010414930486,0.36882099592976886,0.3461564557327995,0.41372774112551847,0.34949618347039496,0.4111135302613482,0.3411121673725722,0.3645407481771346,0.35774708339767386,0.37959461849713905,0.3620895485949805,0.38639361875204836,0.3089654619085449,0.38800310456997256,0.3200109082547075,0.3351174286531879,0.40295869286380515,0.35394058002961803,0.3364523744694381
lo_A_model_1_relaxed_repeat058,0.3561747573830193,0.32892681089290576,0.3576687352528821,0.3716858704149169,0.3410673728014739,0.33536860766072285,0.3099461395824444,0.3020702056740073,0.3243656073172685,0.31908282365992774,0.31769975298575587,0.3667775615891254,0.3383630120107629,0.3470240537028446,0.34999382786301125,0.3134854134324387,0.3509622578537018,0.3278121430705277,0.33501657977890065,0.3529615151647706,0.36258632241401045,0.3249944645726466,0.347749971845369,0.31985238905913826,0.3525697609518224,0.3382439715105551,0.362044267323964,0.4073063755306632,0.34501767490126867,0.3408145590528298,0.3497324544556465,0.3328418837818158,0.35032921365469105,0.3115411871676999,0.3117884173079269,0.3463400712036021,0.32170855576093316,0.31220609641397834,0.3421571725950313,0.3885979346220986,0.3579407404538927,0.3151996891859937,0.2958509948585576,0.3424786366988982,0.3630906908547887,0.3584399116214663,0.3638834805409371,0.33095625961701536,0.3206455844761673,0.3870880245753812,0.32937474906538966,0.39460532427431416,0.3300870392866208,0.3313833665444263,0.33990901753305414,0.3436681284997126,0.3106985530125027,0.0,0.32923103714960367,0.3659094535306771,0.37656439544901954,0.31290342771961416,0.344347987478781,0.3629542193984153,0.34643873876037157,0.43577756791526134,0.3981327662612253,0.3857104994856217,0.34651306160056894,0.3458145822863582,0.2995982526961698,0.37756894982785044,0.35883913133120676,0.36489107081734923,0.3325370030073326,0.3416222344534403,0.31592098032308263,0.3498796850224607,0.347244991909595,0.36863332639305807,0.34454087133048145,0.3356424028690648,0.3940726787138722,0.36154587818349354,0.422002617136214,0.3493055034836246,0.4153764171859307,0.3226029684462895,0.36250949373390245,0.3299594634139525,0.3884452336827104,0.35774876295562563,0.398107791960957,0.3088443547796464,0.3890111450312345,0.3107923787967923,0.32858386047087834,0.4017990301855929,0.3651280371978104,0.31629064339871593
lo_A_model_1_relaxed_repeat059,0.3067933277024564,0.2522720787497859,0.2632085505044531,0.3900539561370198,0.2793949624892648,0.3191180622045371,0.33671067291254503,0.3301219265804014,0.2824480151442763,0.3382812739640421,0.3552920980886496,0.37523219325573315,0.28520659881167276,0.368898604304097,0.3655060575579945,0.26286171345514026,0.36018358853993476,0.3358775153136573,0.2773345438512153,0.3776277507927782,0.2674863653551895,0.37502961256470024,0.28467460027206015,0.3555759397471075,0.2734556584508166,0.3492001078287094,0.3112988159143873,0.4035769963570212,0.38793381734266785,0.3271479039715238,0.28429487603175563,0.344198224486455,0.35167691473924617,0.3474576373145122,0.3288176242887818,0.34611925802031324,0.34440523258890954,0.34635337169280694,0.3475582515168139,0.40194441569042977,0.38835550723531653,0.3404221060689643,0.33748446687086653,0.382612882723192,0.3861382853245961,0.37285608418475735,0.27003592194674936,0.2703567822333496,0.3529298989754822,0.4086693575212411,0.3641518650642295,0.41039309115820444,0.36467309522439906,0.37400756611810787,0.28986129582172687,0.30569075605992146,0.3321727578514759,0.32923103714960367,0.0,0.2974454903717474,0.4121233616722686,0.34629078885163944,0.3511977869389083,0.3785280958043996,0.284249482392393,0.4332996135224261,0.41257015703735217,0.3473157234146539,0.27794700043366455,0.284384182711085,0.33240154457875265,0.40711072404310517,0.3995380379598719,0.31504846687563276,0.33835286454263397,0.2890796406297224,0.3636942072605086,0.2699897735571941,0.33231726399406014,0.4025136328207789,0.33446333500199704,0.36333666704511997,0.3969347502981788,0.30329020743912793,0.4090933133843598,0.25345944079062066,0.413135953610856,0.36323416110546575,0.3617968588805757,0.2747063460095367,0.40260620916306344,0.3279930300386491,0.3912877752152553,0.3154407865870112,0.3326487963984696,0.3619153071597129,0.34977454418476006,0.4187757892470786,0.365084935342868,0.28144660033690533
lo_A_model_1_relaxed_repeat060,0.3374173135609686,0.27138631013301107,0.29451679589034724,0.403801959987619,0.2458143454270715,0.31447574285932484,0.3248439704692309,0.33634516299410033,0.27850212472509944,0.35391786346164167,0.36926741844267685,0.38254602236524143,0.29975206731530596,0.37440302506634066,0.38657966067634875,0.2901263599210352,0.3681181700547577,0.36195246251628443,0.3062900903659246,0.37489603709109737,0.29735226432417233,0.3663438037506503,0.2924906122015495,0.36914365581248915,0.2955163759747364,0.34068323172366793,0.2545848537964238,0.4047207129711406,0.3579217551820761,0.3498881080086806,0.2438308942836266,0.34190072934516025,0.35797662985876016,0.3591786051343622,0.3644630361518573,0.3602534078710284,0.35663380111436693,0.36373932246421187,0.3457043979445822,0.420108167827347,0.373476073775019,0.3657617915062946,0.343291273449127,0.37804928110147856,0.37508667572462717,0.34713175855408657,0.27551138561799987,0.29163281634756993,0.358950345452843,0.40993387233219053,0.36607659634561257,0.41475766404679104,0.3561865660212637,0.3775567111046274,0.2788514148932776,0.30095465654027703,0.34814345126821533,0.3659094535306771,0.2974454903717474,0.0,0.4268314908746647,0.34068432352776074,0.36087181829809595,0.38361524745892944,0.31625300894258074,0.437035205791906,0.403120020679898,0.3736096974231045,0.23479598790663553,0.28288939385550854,0.34681180245677773,0.41742987040889284,0.3918813066633317,0.36712154123286744,0.34778831145557726,0.2747486300751709,0.3548356326248218,0.25928580239718035,0.31240627779132973,0.3999635891868788,0.3478303485308383,0.38855754669784914,0.4156882704592768,0.32310395533227243,0.42705180891365335,0.2539141936553135,0.43269564612384886,0.35935238204000464,0.35936380759457376,0.30887474022686706,0.3991089144682332,0.3000504011071773,0.411678409706652,0.3475147818512908,0.32363917809277437,0.356962507498556,0.3558359960432818,0.4178695198531685,0.3578512810399273,0.30813946269382925
lo_A_model_1_relaxed_repeat061,0.4243492704016526,0.39891175283791463,0.440663305465723,0.4249999410923127,0.4155126106554817,0.4067779110960315,0.36420686162449406,0.39299058804122045,0.408722704198138,0.3896510305491459,0.36909567404012733,0.41836667217780066,0.42168640925921974,0.42430486785680577,0.4007353041311811,0.3870460006004839,0.41191575871126623,0.3832771495805065,0.412955432027721,0.4080657819560879,0.43407066136263345,0.399950712270982,0.43027053405382554,0.3963177075553001,0.4200139312356744,0.3708621976839356,0.41498897722231476,0.4462267814535667,0.40852286337469157,0.4150005601802586,0.4104415431848486,0.4029439944470499,0.40095133650971543,0.3918978436857631,0.40205971840932037,0.4046727426109934,0.37831419600814287,0.3737954808668132,0.410491104735826,0.43453690015528773,0.40738451851137736,0.39132839317108054,0.38036181103803957,0.3952427406472316,0.4016461834156532,0.4034562056422539,0.42940665054323296,0.4051156072305106,0.36546390062623724,0.4418497339713882,0.3721805213688771,0.41922696076849963,0.3809118267296111,0.3855257451105717,0.4211897448235084,0.4160402272285567,0.3903999270034407,0.37656439544901954,0.4121233616722686,0.4268314908746647,0.0,0.3561539909028839,0.3882161617822674,0.42257447219319366,0.40602198013751983,0.4585844363524168,0.4462045310705906,0.4306146918946641,0.407464542459765,0.39775568521594046,0.3990292584135907,0.4122399470730657,0.3984346696510877,0.4087951171217025,0.3945216041452471,0.4115868311783405,0.3912405711954682,0.4204352265037561,0.4116512336886954,0.41194017371930514,0.405834310821265,0.38715073788946186,0.443198157239885,0.41810123285586437,0.44811201465973155,0.41015147765293614,0.44602045796918177,0.3969630058834919,0.43945189557728204,0.39913038518469424,0.4348980772838376,0.42108936318585505,0.4199113947002887,0.3927617631276081,0.4299621036632789,0.3811262205546576,0.38223216847246716,0.3988829897162557,0.4118179452483977,0.41519314842698846
lo_A_model_1_relaxed_repeat062,0.3528454131071947,0.33144949791930367,0.36693315845722285,0.38765159940065086,0.32285568601376113,0.35988346548119227,0.26133650110485557,0.3306016538146885,0.3440426995490801,0.3324925591044102,0.314544473862117,0.37398270216208135,0.3443518927451917,0.34508724612653946,0.34173076268180796,0.3387089432119132,0.33554137069059203,0.3147392589819264,0.3577959073296672,0.3517894984447701,0.3723310939079638,0.3262274937561263,0.36123365955489534,0.3355169819956051,0.3391413461178658,0.306662312589604,0.36709258654439103,0.3802129513996297,0.3678008729153731,0.34969440981735855,0.36515847971474286,0.34675635738612887,0.3233458399126873,0.3077102663406681,0.32094798779969824,0.32839432488705667,0.3417875671504966,0.33438282567420463,0.3324701843204721,0.40641465959839673,0.36759773840685034,0.32551286704129234,0.3195043102868027,0.342544213075191,0.3632072204383343,0.34885592699114726,0.35887891725931587,0.3589506642968385,0.30206636946103504,0.4080882538003791,0.3121601327810041,0.3805413657466808,0.3218993613779124,0.33926209583588696,0.3453547863708302,0.3582243205108167,0.3155958100285589,0.31290342771961416,0.34629078885163944,0.34068432352776074,0.3561539909028839,0.0,0.31309132894015246,0.36622479552642134,0.3505130513142569,0.4438275451598654,0.4156241837149255,0.38078407175064266,0.33270616248867396,0.3285274293219384,0.3315409464027496,0.38016241540780715,0.3947931132745153,0.3793897290697327,0.3325036168551334,0.34659719233413533,0.32415992450079406,0.35336971767211195,0.35841644243654586,0.3700809175718019,0.33705800284495724,0.35085927629130265,0.3907545248777631,0.364404623480183,0.4117132980255818,0.3291508561784898,0.4161473960290336,0.3399689458173668,0.35671081245120595,0.3488036368935355,0.3915629881343243,0.3664754996524236,0.38428980629434517,0.316184061133735,0.3834299685373226,0.3110642123517403,0.31164325189561604,0.37570092814709216,0.32322290638242274,0.3558907099446299
lo_A_model_1_relaxed_repeat063,0.35819328866657973,0.3334972272332201,0.3641328893237571,0.39848163178831125,0.35950657649168605,0.37052949006022695,0.32178921294529783,0.3473899821725966,0.3638577674919619,0.34529061384787874,0.33561738212090286,0.39866777431533057,0.35891682539781844,0.33989011941524383,0.3465335801542688,0.3579938538966192,0.3837765802121246,0.3131270133130972,0.3787868973325821,0.3621855451266829,0.3568474666425603,0.32708085913427765,0.37459441108792835,0.3584052261779189,0.34970054632929054,0.34646239992770117,0.37758706089467453,0.372789699735519,0.369333738760152,0.34986083478949087,0.3727695902054971,0.32416363165203604,0.33064752009730086,0.3458932579897255,0.34314813678180456,0.36222322569936277,0.36539762181967406,0.34965480627030654,0.36654646228394505,0.42192267189457267,0.38312352285198814,0.3338920782012517,0.37094504835410097,0.3641999089465578,0.37549559049814146,0.37341972227543535,0.38120034797108476,0.3379972149448032,0.318371122550114,0.3942471502124572,0.33922840158310663,0.4057822766954151,0.3253587433497152,0.34853410577709987,0.3578638338881846,0.34870420256570095,0.321087030661379,0.344347987478781,0.3511977869389083,0.36087181829809595,0.3882161617822674,0.31309132894015246,0.0,0.3657571761074632,0.3639885942026001,0.44718560378730987,0.3914524876297643,0.3824806838699432,0.35015602490027614,0.3429623535691129,0.354833294191324,0.39057354839976693,0.3974752221427815,0.36928024181603347,0.3532676808927987,0.3595412352664691,0.3550242289581844,0.35961102018279395,0.3763944602402788,0.3871362522749128,0.361293574825654,0.35228621800908083,0.3717039217392489,0.3728081964751907,0.40293103525323437,0.3703966863961881,0.4175434323309247,0.3324721206593671,0.3811026844304753,0.3553590942088156,0.41799227186865195,0.39352622510149476,0.38799016255245716,0.3221988563050649,0.4082645850275244,0.3647096165923062,0.32413158987307616,0.394657925801207,0.3766301905439665,0.3728147200026358
lo_A_model_1_relaxed_repeat064,0.3793467014296431,0.3564957808641819,0.3767355830961756,0.3890379535824376,0.3655681293884993,0.4001906198161586,0.3401165751509587,0.37342765260629046,0.3711453486358411,0.3874644106597366,0.3885370381867325,0.38659190979769614,0.3739472777325771,0.3811437872407439,0.3518682205530831,0.3682482213176006,0.3832688258219342,0.3731818873284754,0.3953117601295332,0.39776327421922275,0.383483580681573,0.39517675008208203,0.3934245669027702,0.36885532248706754,0.3761829981121815,0.3498732654259249,0.3815388238513422,0.4127596854586384,0.3960847368191037,0.37661115977256443,0.39169632189196135,0.3221620452580721,0.3454339809473484,0.35590666825629863,0.34771672979222074,0.3724871362432086,0.36164716164778204,0.36536363605621375,0.3699969840962806,0.41230046546146715,0.4013221354052596,0.384768923463836,0.3798276847468376,0.37960799749169755,0.37444058416918613,0.38634407637558094,0.4004681094967379,0.3680473161097158,0.40007982036206746,0.410202329782614,0.38771673065936973,0.4210587853439322,0.3793003875256525,0.37063611559854764,0.37580254609045516,0.3643880558165228,0.3803987817938851,0.3629542193984153,0.3785280958043996,0.38361524745892944,0.42257447219319366,0.36622479552642134,0.3657571761074632,0.0,0.3657521303929499,0.41804063023403165,0.406379069955447,0.4153058407303926,0.3734350081249428,0.36646632581210015,0.401591184236009,0.3956579063116211,0.40012330002356195,0.4011102617237383,0.36554449167429565,0.3559205759242327,0.3765645094227487,0.37477504936318645,0.3678974012602933,0.3725860982004644,0.3533194317993017,0.3656584395588332,0.39716055858934246,0.38365671499953524,0.41608179838472537,0.3787131285848404,0.42842536989300034,0.35841867766322405,0.40466005090127444,0.3777248735712929,0.4198709523117024,0.3654983859063444,0.4061348571281897,0.34514192307982366,0.3921610643972506,0.3898963583353974,0.3672658129969088,0.4186399055624387,0.3662956895580962,0.38450968350561093
lo_A_model_1_relaxed_repeat065,0.300678060618561,0.2830068471547653,0.32381037917199873,0.37241208120311725,0.28464705952785474,0.3089290189827931,0.338229421592654,0.3294294716992308,0.2746340522603565,0.3454564271532901,0.33699229284412074,0.40085602251536445,0.31429531505318,0.37427094605199485,0.3668287325540104,0.27379654737820047,0.36930050261315517,0.35396171887129735,0.28480176575942306,0.35436235021564816,0.3003475335600306,0.36663664853063954,0.3195667220513305,0.34830457951977783,0.29204370888104353,0.3480475688140454,0.2983541884159673,0.41814147006038904,0.38257773387987193,0.36200972963315514,0.3070999613580152,0.33423621640210166,0.3517622506364466,0.3515978649753461,0.3503822560031949,0.3538868582479851,0.32700150717366483,0.35991133067932035,0.34989137901662765,0.40992626434902574,0.37432609929352145,0.3606531192006071,0.35523370775373153,0.3709497534699649,0.3611618510994157,0.36373814253886705,0.30285220218158804,0.29206036376084044,0.34551485499390505,0.3987336176623151,0.3448081301797485,0.414795121532214,0.34256405058815614,0.3745700444093369,0.2994329404673271,0.2939601347141215,0.33667561851581157,0.34643873876037157,0.284249482392393,0.31625300894258074,0.40602198013751983,0.3505130513142569,0.3639885942026001,0.3657521303929499,0.0,0.43006091327546236,0.3976529136962303,0.36415532223550756,0.27226638474705833,0.2892372189269379,0.34041357493916313,0.4155325796488674,0.40324814953095944,0.339221738243158,0.363178111243518,0.30292772642859694,0.3306392992505123,0.25988409433682236,0.3194082063582341,0.40728389567207257,0.32714130068697306,0.37172378103214687,0.4099088143130154,0.28515708594102096,0.41265132482500083,0.29134933483193337,0.428322876355158,0.3672895736354186,0.3811705861379742,0.29355733416256097,0.38752148862841657,0.3086712952745467,0.38952819853446424,0.33666860719847547,0.32357896662095476,0.3428174520591646,0.35692819954164456,0.41792833304212645,0.3610392327862343,0.3009587921355054
lo_A_model_1_relaxed_repeat066,0.4532265190159794,0.4294603194142144,0.4325558999491623,0.4371565686595302,0.4326558696859164,0.44192717504138307,0.42764758932803887,0.410013363821425,0.4313308413581434,0.4249887653147749,0.43629776158812655,0.3948163405627905,0.43816658599389463,0.4351040524755966,0.4299762777500102,0.42134599363460346,0.45103425891850923,0.43176329418229537,0.4265959347665781,0.43836316037272105,0.4403157925157462,0.44804831897613345,0.43960617698579135,0.42268699039063595,0.4382828699662645,0.42270773731670747,0.4229377467490681,0.4542484872026478,0.4306110373900959,0.4424236797983941,0.4359128025049238,0.41157845428828604,0.43408150444769766,0.42873030095680453,0.4293463108604746,0.4431374356092481,0.4246977887051501,0.42975459610751865,0.4337873268334567,0.4351180590620073,0.4331511116813471,0.44259567315989085,0.42479101989866996,0.43788358210092054,0.4358818204208459,0.4211480664188722,0.42767719432592494,0.4345288340055932,0.4504784612641841,0.422999507908682,0.4353250803801815,0.4721462880405219,0.4459032722274178,0.4531915119405844,0.42702222756270897,0.446107469233441,0.44254708857703656,0.43577756791526134,0.4332996135224261,0.437035205791906,0.4585844363524168,0.4438275451598654,0.44718560378730987,0.41804063023403165,0.43006091327546236,0.0,0.44817206229850237,0.4081686655214861,0.4360121009988754,0.4313576066739513,0.43825153313446236,0.41830829681875853,0.40089424361502424,0.45852462908687475,0.42963267406109484,0.44586762599920066,0.41975461187663254,0.43704646633270655,0.43068455341392986,0.4293747658590445,0.419339456048607,0.4296057013765317,0.43555138290800527,0.4367463261001123,0.45409152493588556,0.4297314928383221,0.46389832885406135,0.4386835554275714,0.45542060296830167,0.4244660029928305,0.46371180803985756,0.41892494744044884,0.4232987493336244,0.4233031766938935,0.4469136890872355,0.433069128216293,0.44153280288432684,0.46517312604663036,0.43933722354733107,0.4328221261060069
lo_A_model_1_relaxed_repeat067,0.39769280960994335,0.395301518356404,0.41260781310973604,0.41065570930888423,0.39548919382461734,0.40258598989045824,0.39526757022856296,0.3931110644752645,0.38994625652220277,0.3963731858136291,0.41772464251836505,0.4186627666275434,0.4013191766475462,0.4226017920905111,0.4142563186819897,0.38267513312303114,0.4368241151565014,0.3853054452288897,0.4102370297777352,0.40301187251101606,0.4063225636745675,0.40099354434170087,0.4024796887507971,0.4047460568422225,0.40428962408533503,0.4106228912253715,0.39346165555488194,0.43072338261569076,0.41314627268357623,0.42290189002142214,0.3978809391940795,0.3880848763410334,0.3927391428604538,0.4240670311686318,0.4040735354257608,0.4148960605484887,0.39347376315198485,0.3794186125481005,0.41383796321714356,0.4126833922759334,0.4121956630822375,0.39731235842516616,0.4102199068304009,0.3929116577749388,0.40077085950850694,0.399796836817919,0.4137531556613708,0.3957669796053263,0.41943094496778194,0.3815010635849553,0.3947844525161773,0.4422249636270386,0.4109417983845323,0.40599259315146174,0.4013932103299688,0.38939471021490213,0.4089701291336632,0.3981327662612253,0.41257015703735217,0.403120020679898,0.4462045310705906,0.4156241837149255,0.3914524876297643,0.406379069955447,0.3976529136962303,0.44817206229850237,0.0,0.3925795254901211,0.3812924335540253,0.3943034640291035,0.41256845792542624,0.41193652718840773,0.38813758751033184,0.4084512427935898,0.4098487456093276,0.38951420534551934,0.4027080718463264,0.40277741042194615,0.40043392057821764,0.41855566081671475,0.3956123085957341,0.38365395560816407,0.39868230743333966,0.39609365809107744,0.4224422148563089,0.40946998087289804,0.42216161500608906,0.4018104237014465,0.4286633248434117,0.40099846770477027,0.41030847811165255,0.3984343105920203,0.4284088069420634,0.38643227072404096,0.41525668156934314,0.411459282382419,0.40225028685646547,0.4519602195517041,0.4038246691031292,0.4011507053614853
lo_A_model_1_relaxed_repeat068,0.36500083289144003,0.34589214126741585,0.37447691701010166,0.3979435693742201,0.3512988774356583,0.3607308588180065,0.38472017588619595,0.3828383568024485,0.3430149085212058,0.3925333879532835,0.3779920974717236,0.36076980165391853,0.3591158671077953,0.3856388342004611,0.4178069318858924,0.3437892440857772,0.41099185655149567,0.39780157669446314,0.3407421841385392,0.39427509041807013,0.3692600961354979,0.3827071703726617,0.36207473204848584,0.38810367625070663,0.3491196776983835,0.39275076277394244,0.3603055451098552,0.41217549771376966,0.40751818727680533,0.4025071641193259,0.35408250535836755,0.38744860751083965,0.40528733691660035,0.3986972347264786,0.3906083439939692,0.39598742050221025,0.3827753107026992,0.4052862073538213,0.3945124297466514,0.4013306907265219,0.38691882902943703,0.40205260191512737,0.39556869476069273,0.4189488173846333,0.4206871550254815,0.37634105464783907,0.349540429936551,0.33759873244546396,0.39449063516176025,0.4009727799280203,0.3811029847410549,0.4425947034599016,0.399006312225752,0.400450461662945,0.34994379274817217,0.3485492927005592,0.3785828177935037,0.3857104994856217,0.3473157234146539,0.3736096974231045,0.4306146918946641,0.38078407175064266,0.3824806838699432,0.4153058407303926,0.36415532223550756,0.4081686655214861,0.3925795254901211,0.0,0.3548798986830198,0.3544028809178352,0.39275211051595293,0.38654431738029543,0.3776320695748544,0.35715346560986744,0.3960817028184744,0.361232273426402,0.39765075510163955,0.34506029826982426,0.3444688640258533,0.4070226870963814,0.3890247150226144,0.380940369471378,0.40085316738498533,0.3522581151446545,0.39980098768861916,0.35727369359024547,0.4146835669014182,0.3921725555220827,0.4241279869994707,0.3586450419208672,0.4092718332311605,0.3477869128745498,0.394292216422453,0.3833319027154992,0.36865210928788056,0.39177856435836433,0.40111907122324486,0.4191014299470845,0.36974487589079097,0.35784460466418594
lo_A_model_1_relaxed_repeat069,0.3055404929742115,0.2462077469323402,0.294037942915716,0.390990305724123,0.19630164228540856,0.29544912587444117,0.32415277487510036,0.34411529491518345,0.22770761565225964,0.3503326030518531,0.33895070771481206,0.39587457732572107,0.2791447699225391,0.36868555909858985,0.37806252557942904,0.23564558387908893,0.3401932043839396,0.328762669267456,0.26445463086939686,0.3552560985614364,0.2605181367406412,0.36387345502694685,0.29662146221319446,0.3619324623408867,0.2657560812224697,0.3488298854517245,0.26242404719010365,0.4126042764977882,0.36929325844051597,0.34751025344842457,0.2520022253915409,0.3380693734835406,0.3582440484966384,0.35164620013805176,0.359359388694945,0.35424444572180613,0.34648965162589496,0.35424816111964835,0.3370272294072775,0.3952378903719807,0.370087605141345,0.3498777223557658,0.34418467445363593,0.3598206515579027,0.3587556781763157,0.36531034095333137,0.2531705108859647,0.2707591721947954,0.3579391417329898,0.4065826738467702,0.35514086749539137,0.4033562343490788,0.34284182215922726,0.3693536092935064,0.24229848344280622,0.2844797475260824,0.342314222873792,0.34651306160056894,0.27794700043366455,0.23479598790663553,0.407464542459765,0.33270616248867396,0.35015602490027614,0.3734350081249428,0.27226638474705833,0.4360121009988754,0.3812924335540253,0.3548798986830198,0.0,0.26855673175106337,0.34137963797597326,0.41088873981809115,0.39206167947788706,0.3379321532501548,0.3397089977427053,0.27600812743315356,0.33824659381291217,0.2329485075141625,0.2891456014310015,0.40824219297604963,0.3169111923909614,0.37215926413659184,0.408469000264887,0.29080402576649944,0.415001077269057,0.24700940886668574,0.4343155370164051,0.37536362913480736,0.3515624231044265,0.27913467350252114,0.38534064227194126,0.2874920910773821,0.399650813251004,0.31950139982812537,0.31279861841053935,0.36486652663730607,0.3632006425158018,0.41092185000280546,0.34859608068337655,0.27980986800282737
lo_A_model_1_relaxed_repeat070,0.315190520761146,0.2863388850323076,0.31020852278890193,0.3727846340782625,0.2735735013814075,0.29501848830307137,0.32540600808857706,0.30965784800747104,0.25736193292859755,0.32626358302454084,0.3175553076088604,0.38611038619679927,0.31817757164176613,0.3507146597052779,0.35892380069692215,0.2795687461681807,0.34464711068176324,0.32653423492924866,0.308283679255917,0.3408346231581346,0.3180317238834522,0.3183536421777514,0.3140692359632518,0.3476385079199961,0.2786679946029377,0.3252281690531074,0.26259783925011054,0.4056149184740351,0.3286515998833195,0.3376001732332136,0.29435835021362383,0.3029842038026639,0.31972207172379163,0.33605550839263154,0.35794689546270364,0.3113570830899336,0.32644125240730143,0.3220691330543499,0.3372922133640121,0.3969739255517347,0.3569867535401662,0.34898450679073334,0.3367416876993713,0.35549932644320675,0.35844486070916487,0.3451772781657936,0.29010629002762217,0.25687535874129547,0.332906221355885,0.392450319427675,0.33980988541541457,0.3971977306027746,0.32845526518892804,0.3533856278951667,0.27802517357025364,0.2665228868468178,0.32416583826955214,0.3458145822863582,0.284384182711085,0.28288939385550854,0.39775568521594046,0.3285274293219384,0.3429623535691129,0.36646632581210015,0.2892372189269379,0.4313576066739513,0.3943034640291035,0.3544028809178352,0.26855673175106337,0.0,0.3471732570148025,0.4048149403226623,0.3822434341077096,0.32285830036923385,0.32000339769297775,0.2862572349792552,0.3131710077808117,0.24461426233777908,0.29311518094257516,0.3686787684892689,0.34766986461864724,0.34366633849920986,0.38832412018518314,0.2952412752081799,0.4074180539352535,0.28511825220358666,0.43573360763663194,0.31876617465764073,0.35298838669918325,0.2865006173110268,0.3763293842318689,0.3008261395515392,0.3869175349178369,0.3148486022617996,0.33096412678549336,0.3392506258276667,0.3238453683530453,0.4076769387752463,0.36096461134545704,0.3211603158826664
lo_A_model_1_relaxed_repeat071,0.3749360651267908,0.3431472195809718,0.3567120156214228,0.3553086067189813,0.3408087662671263,0.34461543742826867,0.33401896582065066,0.3115428862244836,0.33039331483743795,0.3269696559882169,0.33301638722905236,0.3577067716409985,0.35047247896541067,0.3689456423125255,0.3451931515457772,0.32847843608931093,0.3551923454819716,0.34606332993569294,0.3178733428406637,0.36318760448493026,0.36976143567617314,0.326043652781822,0.33249557097956967,0.3358054822191145,0.34919945233452127,0.34246957197001,0.3573592142528928,0.4205241977084899,0.36832781474254506,0.32514220505035507,0.3517771355216575,0.3505985888866748,0.37516683937638745,0.33448343792063095,0.33834584569913045,0.3701553631205743,0.33826359598981376,0.3344411348432641,0.31244052939126626,0.4027952049244844,0.35100517829959865,0.33181268307941536,0.3002220446748152,0.3669284408255856,0.3670623823831599,0.36115543398434896,0.35097526089814063,0.34060982086770597,0.3282400287169046,0.3825147196247665,0.3193773000695476,0.4221182024315397,0.34401608572697984,0.34585412919876213,0.3394357431800778,0.35819864055356293,0.28724461817828567,0.2995982526961698,0.33240154457875265,0.34681180245677773,0.3990292584135907,0.3315409464027496,0.354833294191324,0.401591184236009,0.34041357493916313,0.43825153313446236,0.41256845792542624,0.39275211051595293,0.34137963797597326,0.3471732570148025,0.0,0.38599502617119097,0.3867607305052365,0.3814904885405719,0.349862756660171,0.3547121987187437,0.3270439414330131,0.33701224490941584,0.3641625507603051,0.38557780434638345,0.34703229865390467,0.3703073772530986,0.40945831134164623,0.35276147477151704,0.4330867351601453,0.3456742700888086,0.42570359162873883,0.34924758691663976,0.3562918223324024,0.3391583878030549,0.385766353564179,0.351787017761489,0.3997394000881482,0.34335119472408265,0.3722483595688727,0.31730382402075996,0.3629477157237253,0.40190657922746587,0.37969259458217464,0.3162696102703256
lo_A_model_1_relaxed_repeat072,0.4037507269334443,0.4035863191738794,0.43451968121357365,0.3769993340233869,0.4059551692339364,0.41197576911119904,0.3811353042840217,0.3904803908294469,0.40086455209624705,0.3866981019238051,0.3834783951439809,0.37698567270506805,0.40397984340430537,0.38969960185412644,0.4049968649978454,0.4060648940011932,0.4053047388453188,0.39135953927847883,0.39278358079835546,0.4090411692135499,0.4258857638311577,0.38051350741808215,0.4128878027081678,0.4001165781478277,0.40799464217077314,0.37716429331099727,0.41027144787836023,0.3975219737315508,0.40372730495572096,0.41506698358020366,0.4185744934666107,0.39192047600704766,0.40645619450853915,0.3813987883638058,0.3832378060981064,0.4131377542729815,0.38168296845944955,0.36844622134817867,0.3915044530612771,0.40105793572894033,0.3741051698541307,0.3764365331889471,0.3890710112412244,0.3965871934428307,0.38394745855377116,0.38736437471492297,0.4182767290102015,0.40607750657328734,0.3900419257755004,0.3843658917875921,0.3876956241637351,0.42275481180145963,0.4021747034954046,0.3840949080973651,0.41150086436530187,0.420591177372455,0.37211232478966877,0.37756894982785044,0.40711072404310517,0.41742987040889284,0.4122399470730657,0.38016241540780715,0.39057354839976693,0.3956579063116211,0.4155325796488674,0.41830829681875853,0.41193652718840773,0.38654431738029543,0.41088873981809115,0.4048149403226623,0.38599502617119097,0.0,0.38568987667920235,0.42371772394498863,0.4137437161588611,0.4153437998851124,0.37421670219310915,0.4077108361254757,0.4019575134666995,0.3794168026819156,0.4178557567826425,0.38399160994649223,0.40379044551756454,0.4066052980267287,0.4212888460967054,0.4071665587702774,0.43696053189935613,0.3905455997987617,0.4330751734578215,0.40774444996920156,0.4096740740200402,0.3998843895874974,0.40366312673509175,0.3945718601087761,0.4066576490006071,0.3878320212166252,0.40182366825755794,0.4360291297641262,0.39877889435228353,0.4008800404946008
lo_A_model_1_relaxed_repeat073,0.4044918039421395,0.3894860338052285,0.40077025266607735,0.39381240677643,0.3890609361233371,0.38220806413764413,0.3820256603295315,0.35613241979519994,0.3821434540278902,0.3798390970240426,0.37708148123542345,0.37212697234670533,0.3971725534273413,0.37404761273818593,0.4063209088550801,0.36360270100398906,0.42006375972197324,0.3876118141323038,0.39743300062487746,0.373255791047891,0.4007411231487811,0.3816419986905539,0.39031376542373714,0.38213757643648394,0.3950231879613926,0.3806441720213884,0.3646977308772431,0.43195801337848616,0.38701251121126384,0.39455597904588696,0.3755659915647696,0.37055037749322556,0.38823786641129393,0.38365850486440745,0.3932043992261728,0.37771968472519196,0.3739005245904106,0.3587894924004025,0.3983658680244418,0.3970588220333436,0.3833893720312969,0.38709781842583785,0.35279760719881226,0.35876784049891064,0.35304483862956515,0.3787729605593962,0.3910881338895899,0.37883293413925234,0.39422519580457194,0.36996937583507367,0.37224067314179765,0.42399864361269807,0.387287474601016,0.3792948430555397,0.37420706821204885,0.38066503060062473,0.3724471907146631,0.35883913133120676,0.3995380379598719,0.3918813066633317,0.3984346696510877,0.3947931132745153,0.3974752221427815,0.40012330002356195,0.40324814953095944,0.40089424361502424,0.38813758751033184,0.3776320695748544,0.39206167947788706,0.3822434341077096,0.3867607305052365,0.38568987667920235,0.0,0.4040638343880481,0.38004276545743887,0.3813174586769474,0.35722547910032254,0.39149400205886764,0.3780679746013543,0.37252496531830953,0.39774536250037906,0.37263098147469237,0.3818394227659772,0.38365395560816407,0.425346177283078,0.40106945730773563,0.4217269150102504,0.38091603316276645,0.4057260399042268,0.38611853754483916,0.38980065335530567,0.3723718202713369,0.38813784551942826,0.380992942608648,0.4081599380758375,0.3556174987768988,0.3757723567421629,0.42387587596611015,0.38649734835587557,0.3888995148081645
lo_A_model_1_relaxed_repeat074,0.35812538464926774,0.3213522483584575,0.34818191190356806,0.3894047766970113,0.347087205032101,0.345672490476736,0.37020494652563163,0.36628533949432,0.3317526613701543,0.36960099121060624,0.3738078427352948,0.3977899245007781,0.3431170756620438,0.3966757792199348,0.3996516007760525,0.3067287366431283,0.4101012820224439,0.3855752442204387,0.3398693260626549,0.38117610332410723,0.3600533659380496,0.36630916373123457,0.34534409868273824,0.3761257969941981,0.3486832783663468,0.37315048915102345,0.33578413769036725,0.4345083551896485,0.3894682556698749,0.3852707648287885,0.3418839080460351,0.3750633327540002,0.36354186768033925,0.3906158521103381,0.3946078258151549,0.3727041499700051,0.3715525174823828,0.3589571606815749,0.40319180765799034,0.40400502128637783,0.4011242427016543,0.3848875130619539,0.3850277287823962,0.39559328690072026,0.4001230497429788,0.3775399627351901,0.34558246325983105,0.3137942611656344,0.3716151962410219,0.42001679236135564,0.38279803390815437,0.4221867251599552,0.386225193192959,0.3717845838977651,0.35624986007577003,0.33915446491674167,0.38282281112941796,0.36489107081734923,0.31504846687563276,0.36712154123286744,0.4087951171217025,0.3793897290697327,0.36928024181603347,0.4011102617237383,0.339221738243158,0.45852462908687475,0.4084512427935898,0.35715346560986744,0.3379321532501548,0.32285830036923385,0.3814904885405719,0.42371772394498863,0.4040638343880481,0.0,0.35769681297756367,0.3248426052241494,0.38751942126788913,0.32053500519679484,0.342349535676578,0.41159228823077376,0.40499499281597123,0.37585587594845254,0.4163633345088386,0.3492517650950836,0.43400394900730366,0.3267684580537523,0.42694137928382886,0.36239416095874905,0.4003110378675894,0.3155806692405022,0.4019780846559098,0.34973760857217717,0.414098258470254,0.3718526097478029,0.38218979772861517,0.37866107009908434,0.3661988952758973,0.4161551996726609,0.40079320494869575,0.3401487093789004
lo_A_model_1_relaxed_repeat075,0.3786124807590899,0.3081292020406612,0.3602258471351077,0.38686151422364384,0.34525684494918163,0.3443451623648326,0.3157958359673322,0.3205925754407827,0.34783133564180696,0.3099078731536718,0.3204901467934739,0.36620581000165736,0.33978651885810746,0.35969797376674606,0.3584058249194544,0.341287975348254,0.33997896089075097,0.3411471013774771,0.35239060945334694,0.340789204393548,0.37279752834316066,0.3590025523837202,0.3602456640732098,0.31246035513904713,0.36614654226809024,0.3189972217242827,0.3385530516958744,0.4246333771704163,0.33999322554893685,0.29328532251132555,0.3509567140895309,0.34140147075638216,0.32118227591723714,0.3205557138240341,0.33763695361490265,0.3193769865121638,0.30599625045623696,0.31159858260424234,0.32513674904476597,0.3995267944876674,0.3748278384013512,0.3417735866759692,0.3503260692448691,0.3645258742786278,0.36923123165849037,0.3696744885271516,0.3702429315006301,0.3692967449584546,0.35414253978242705,0.3867239240325975,0.35562140097265915,0.41261533697744784,0.34241471897554515,0.35439173947364105,0.34691392359815443,0.3610854721098768,0.343008986064132,0.3325370030073326,0.33835286454263397,0.34778831145557726,0.3945216041452471,0.3325036168551334,0.3532676808927987,0.36554449167429565,0.363178111243518,0.42963267406109484,0.4098487456093276,0.3960817028184744,0.3397089977427053,0.32000339769297775,0.349862756660171,0.4137437161588611,0.38004276545743887,0.35769681297756367,0.0,0.31605684825751224,0.333797630862022,0.34665303428681754,0.3446116596899727,0.3835949595471579,0.3521645310625185,0.3417058109402429,0.3872785721128134,0.37099907646156777,0.40841078649972945,0.32370468181668755,0.413053357113344,0.34492731087202666,0.3274747530374931,0.33264127012785816,0.39225593817053034,0.3499182001284241,0.39777845179142757,0.3339459749167373,0.371252876271956,0.3432631426786195,0.33271235433871965,0.39146315901255835,0.35274350856198333,0.338401654165879
lo_A_model_1_relaxed_repeat076,0.32444961650165144,0.28926575689422346,0.3264300331213492,0.4003076070442713,0.26132385533599506,0.29825635390824123,0.3299302392991672,0.3382897319981696,0.2944052465788639,0.3347231683462529,0.35259361930125727,0.3832818899362137,0.3003109023235144,0.35098732598812143,0.386085894065772,0.2892941931425171,0.3646964755975916,0.36210823633434946,0.3072457367896151,0.3437909086075455,0.2900784758897755,0.3601278583947492,0.3124277083764713,0.3638789985805878,0.3066581606085368,0.33022080444039964,0.2788059559752401,0.4151311218817406,0.3541331676490986,0.3274598993676147,0.2760427492758213,0.31479943429753593,0.3306337176117181,0.3558673138465764,0.3567229642839054,0.34090970615976046,0.325883283037179,0.32087616996603907,0.34326255920119836,0.4042123692874558,0.3612714394091527,0.3534002419981473,0.34510105090566523,0.37829131692096346,0.3664089353009604,0.3562497797604921,0.30239733594060825,0.2839069847074306,0.3401352503858997,0.40874776493113035,0.3563086058513316,0.4164542062046224,0.34834885413532835,0.36026893467696613,0.29039837469051,0.26122036695948736,0.34737457983054304,0.3416222344534403,0.2890796406297224,0.2747486300751709,0.4115868311783405,0.34659719233413533,0.3595412352664691,0.3559205759242327,0.30292772642859694,0.44586762599920066,0.38951420534551934,0.361232273426402,0.27600812743315356,0.2862572349792552,0.3547121987187437,0.4153437998851124,0.3813174586769474,0.3248426052241494,0.31605684825751224,0.0,0.33822544563410956,0.259583026485718,0.26938721326816745,0.39012869744770895,0.35160278830509845,0.36169751587477855,0.4069914039156482,0.2908605947026631,0.4143015909908722,0.26545013999626055,0.4106691563010947,0.3480233166016701,0.3360624899312175,0.2940342451808221,0.3718846176068451,0.2896564488650283,0.4062873180834952,0.33077712285941585,0.31393136853265236,0.3515336926283635,0.3351085063315116,0.4048470984265972,0.3403741524592824,0.3112113946963401
lo_A_model_1_relaxed_repeat077,0.35567192450724805,0.3335132275658244,0.37008416473048833,0.36818854409897445,0.33108660571881965,0.3361948988522969,0.31310818928514933,0.3063250258454694,0.33424969892331846,0.3255260516462994,0.3056901944663043,0.39222012154938163,0.3601719109485602,0.33957770627353784,0.3575492002720248,0.3380715739711411,0.3500801870129982,0.32798299791936986,0.34187298631168705,0.3352360430770661,0.36896305222282,0.3386353155934801,0.35932033281415715,0.35213369648513637,0.35271337356453225,0.3254996819022331,0.3477614494895502,0.40588355377801133,0.3411768742362103,0.3578474831169062,0.3619462570465202,0.3237232874072055,0.336896336624341,0.31181218440029956,0.35879268225704064,0.3315400833919861,0.32167288941181615,0.32330522126068517,0.33125875160517865,0.3992415556307851,0.34157779995071436,0.31685751345683544,0.3318576922371933,0.34171870569189283,0.31937788238958664,0.3700381993195445,0.35381376089163125,0.34336477764809775,0.31891523039421665,0.38238869737458026,0.33107117949790565,0.400241915401252,0.3203181090527422,0.3637852185901233,0.3282120463257891,0.32483538254179295,0.2942037579909932,0.31592098032308263,0.3636942072605086,0.3548356326248218,0.3912405711954682,0.32415992450079406,0.3550242289581844,0.3765645094227487,0.3306392992505123,0.41975461187663254,0.4027080718463264,0.39765075510163955,0.33824659381291217,0.3131710077808117,0.3270439414330131,0.37421670219310915,0.35722547910032254,0.38751942126788913,0.333797630862022,0.33822544563410956,0.0,0.32289915246241235,0.34419947139518786,0.38448657774913514,0.34055063549521464,0.3481577512313768,0.39401277366133397,0.33532901870675963,0.41007850185349076,0.3547970465012478,0.4380551372720275,0.3408314331283099,0.35219820632409715,0.3387306947235895,0.3560391308001751,0.33557939987349694,0.38446815912258975,0.3264903322503329,0.369075634571472,0.3261413106407064,0.3441717058244747,0.40119963171983547,0.3554360597362079,0.35333919070913594
lo_A_model_1_relaxed_repeat078,0.29048797187246,0.2624308070125186,0.28285505369712394,0.3889053637766506,0.24675119380705626,0.27725075803795024,0.3307720193053893,0.3318205730569801,0.23676684897284964,0.34892141184686193,0.3296163721505647,0.39637693942961416,0.2812595317094094,0.3346811947897921,0.3832974169900505,0.2636798574766619,0.3624856565659156,0.3507641770027028,0.2534104995041471,0.3564241818744804,0.270646129864945,0.34463648406929465,0.2767287449529987,0.3545166166395217,0.2745898228548368,0.343961021846017,0.25931217481198693,0.4193510894162118,0.3510962191176143,0.3535702231780397,0.2515398073429166,0.3287646709575316,0.3562814225782646,0.3322866542623377,0.35318254671183824,0.3556958965400791,0.3388863778763575,0.3532664254949432,0.3252185355283675,0.4018851144387401,0.359871658890604,0.3570657721838318,0.347962760903634,0.37327096863122083,0.34848382002370193,0.36368637937994736,0.24342154514528,0.22801783179522414,0.3394963449587393,0.3953355359437998,0.3662504595787299,0.4103168111968931,0.3339385207224791,0.3766269998230453,0.252960270450368,0.26502684291937517,0.3184243666135161,0.3498796850224607,0.2699897735571941,0.25928580239718035,0.4204352265037561,0.35336971767211195,0.35961102018279395,0.37477504936318645,0.25988409433682236,0.43704646633270655,0.40277741042194615,0.34506029826982426,0.2329485075141625,0.24461426233777908,0.33701224490941584,0.4077108361254757,0.39149400205886764,0.32053500519679484,0.34665303428681754,0.259583026485718,0.32289915246241235,0.0,0.27714077652757296,0.3979399024367361,0.35115289375507186,0.3618725342497674,0.391524148422908,0.2761515621260612,0.40743929746144986,0.2279756656943543,0.42802925307488005,0.35389158803242904,0.35494532009523766,0.2731696009831393,0.3598555981253396,0.2602932757745535,0.39798997837865546,0.3222256293704397,0.3021849853634575,0.3520684434044064,0.3451363687277798,0.4121925741310882,0.3561900201747699,0.29230356376643435
lo_A_model_1_relaxed_repeat079,0.3447064642489213,0.2983899091981863,0.3446757095854807,0.38807226883263624,0.2856379051798561,0.31029659538924587,0.342534732426443,0.3331529268597987,0.2852420100403261,0.3471277197100949,0.3552916551636112,0.39061402087575026,0.3136393963750602,0.35815003130157086,0.39387437631871636,0.2706494071186499,0.3744018787475941,0.36957974044765524,0.3000935953187923,0.35068157629710217,0.3378187627294766,0.35166650055254434,0.3308524559973599,0.3463571304341447,0.3160327213641308,0.34012498754586645,0.2894177965229609,0.42712235367298806,0.36799542044796213,0.37135967934728903,0.30087259838309777,0.33060217309123463,0.3624320961510691,0.36099128344586284,0.37691007112670555,0.35429472144296226,0.32700837577264735,0.3352570811235621,0.36182311377969767,0.39864107505861873,0.34839201441501855,0.38107118804450935,0.3685876070004725,0.38089379863278144,0.36580970216415104,0.3432429704550549,0.31249634046498165,0.29164503087543725,0.35962554042727674,0.39874269493849,0.3519619647157642,0.4144824927144809,0.3621337970714719,0.3522020245461695,0.29684208216718616,0.2936450418218435,0.36898205096480197,0.347244991909595,0.33231726399406014,0.31240627779132973,0.4116512336886954,0.35841644243654586,0.3763944602402788,0.3678974012602933,0.3194082063582341,0.43068455341392986,0.40043392057821764,0.3444688640258533,0.2891456014310015,0.29311518094257516,0.3641625507603051,0.4019575134666995,0.3780679746013543,0.342349535676578,0.3446116596899727,0.26938721326816745,0.34419947139518786,0.27714077652757296,0.0,0.3891101693495986,0.36856346425234304,0.35745668124957053,0.4130236391132843,0.30721290842276416,0.40477882125239434,0.2946733600570719,0.44405489485236643,0.3530743375548145,0.3647989628025312,0.2875308032263773,0.38352256323363687,0.28983227353266905,0.4011118310414573,0.3580836372598551,0.31474062259834024,0.3614474952818093,0.3749094311231239,0.40633365431208057,0.34673568697748464,0.3210290588908744
lo_A_model_1_relaxed_repeat080,0.4101980749078218,0.395376859755764,0.41372974668304296,0.39012451700664874,0.39709340962255374,0.3826003192521479,0.3693743695665738,0.3626965453062796,0.37924674986324036,0.382098040733625,0.38973939423931925,0.4036034399838655,0.40800624837426985,0.37567998435340794,0.3948954697711531,0.3911142879851034,0.40981048692430144,0.39237973928289654,0.3984598388853988,0.40035159797715464,0.4200583786663941,0.36338096050929536,0.4028937175477981,0.3789843742650255,0.3811838722875505,0.35376851220663835,0.37520710542304864,0.41618878460970926,0.3753555491383545,0.3934119850559892,0.4038115256053634,0.3416881007966728,0.36944280048827316,0.3928613350945895,0.37644858031271194,0.3869743608264673,0.3717606487666328,0.36013790873042095,0.3885513979400945,0.40995851006094225,0.3942990375899352,0.39698585395495306,0.3790489189744241,0.39496487593061247,0.39761686363031007,0.3543675177343133,0.4033603840584173,0.37795826006575295,0.3805343355646554,0.4134910170404001,0.3690226817257173,0.4374999856938481,0.3970065746492561,0.36332725644929253,0.3897772372865351,0.37508633245617207,0.37484695971099724,0.36863332639305807,0.4025136328207789,0.3999635891868788,0.41194017371930514,0.3700809175718019,0.3871362522749128,0.3725860982004644,0.40728389567207257,0.4293747658590445,0.41855566081671475,0.4070226870963814,0.40824219297604963,0.3686787684892689,0.38557780434638345,0.3794168026819156,0.37252496531830953,0.41159228823077376,0.3835949595471579,0.39012869744770895,0.38448657774913514,0.3979399024367361,0.3891101693495986,0.0,0.4030348036246511,0.36384353410558706,0.39660526568215115,0.4148384383104547,0.4444702364952978,0.39720025183429153,0.46000472722581903,0.37237466326622215,0.4213775012614993,0.3983521134558052,0.41853730585797216,0.3624423194206356,0.3789315224581433,0.3992899993445089,0.4107767860459259,0.36534816913790297,0.36139979803540095,0.4343511102569003,0.3830654534552826,0.408888930355993
lo_A_model_1_relaxed_repeat081,0.3843264736399074,0.32472587757228866,0.36150500068764546,0.3946445132590767,0.31977388291504305,0.3666775781963377,0.3120865677197161,0.3229312722249577,0.33035035808124424,0.3514464287408226,0.34858881664524,0.3975315465118498,0.330372140279657,0.3474694539944878,0.3723708597951867,0.3316639456110837,0.35257028844978977,0.3035198376473827,0.34580250220223624,0.3542123382148535,0.33511072626149685,0.3799952187034491,0.3798194737214322,0.33162477719091527,0.34030466867945813,0.34920604818868667,0.3614578255573565,0.40608994260857995,0.3695553915322932,0.3568707183072346,0.34842802513308285,0.34513475214583894,0.36616178010977835,0.3471653862877715,0.3318008693196251,0.3559265648970694,0.33757207676289563,0.3772181891581577,0.3372758408883212,0.414915507540645,0.38481907756848294,0.34365588970557104,0.3374722157799988,0.37026561243006584,0.36896627044589386,0.3837467572197594,0.3420249386451546,0.36544859453876366,0.37320312464670735,0.39862047521646776,0.339721799841508,0.40869487658389203,0.3309473115662131,0.36702340559903085,0.3303032377958568,0.3704283566116048,0.3351088905512153,0.34454087133048145,0.33446333500199704,0.3478303485308383,0.405834310821265,0.33705800284495724,0.361293574825654,0.3533194317993017,0.32714130068697306,0.419339456048607,0.3956123085957341,0.3890247150226144,0.3169111923909614,0.34766986461864724,0.34703229865390467,0.4178557567826425,0.39774536250037906,0.40499499281597123,0.3521645310625185,0.35160278830509845,0.34055063549521464,0.35115289375507186,0.36856346425234304,0.4030348036246511,0.0,0.35098202718211097,0.39620578893005604,0.36381121202780264,0.4190522722369523,0.3445976277280002,0.43047031537347574,0.3733907195829489,0.3366136164098291,0.3565941658827734,0.4015794282529849,0.3857431376451736,0.40084360255003854,0.3158139562078001,0.3926810745672868,0.34998434463249894,0.351026290135422,0.4143507598852131,0.35273474818212525,0.335143340460797
lo_A_model_1_relaxed_repeat082,0.3796709666519879,0.33784544129401445,0.3843317966287163,0.3809906896229869,0.3643399189464576,0.36018573336250104,0.3450507209092599,0.31785245945245,0.3455704164601984,0.34589292710941705,0.3611764278260243,0.38701798208214516,0.3682843493085698,0.3688176600714012,0.3897363842562837,0.3496854912280368,0.3835363647185446,0.3361725151507413,0.3708691797626949,0.34770747246666406,0.3747977995638981,0.33991091149584207,0.3692249160425247,0.3533207274993737,0.3622436047531403,0.340660764978038,0.36166713804416717,0.39966928388442197,0.35216863401091797,0.37394532661358043,0.3658574892387004,0.3413136282759951,0.3586710488960127,0.36818329856849596,0.35754139790522566,0.3685558562419585,0.32770507344946725,0.33078092884844895,0.3666146796283902,0.38633715178556854,0.3586289262230408,0.3483390797042634,0.36703311120528354,0.3583828325261958,0.3674188279551123,0.3542590243963271,0.3701113005856118,0.36609105553701526,0.3716383708443385,0.3798506219461104,0.3477315410004977,0.4155029701082925,0.35568370961790424,0.33096334872221866,0.37457672821718174,0.36642072646614454,0.34665010414930486,0.3356424028690648,0.36333666704511997,0.38855754669784914,0.38715073788946186,0.35085927629130265,0.35228621800908083,0.3656584395588332,0.37172378103214687,0.4296057013765317,0.38365395560816407,0.380940369471378,0.37215926413659184,0.34366633849920986,0.3703073772530986,0.38399160994649223,0.37263098147469237,0.37585587594845254,0.3417058109402429,0.36169751587477855,0.3481577512313768,0.3618725342497674,0.35745668124957053,0.36384353410558706,0.35098202718211097,0.0,0.39405601513175315,0.37325874229298395,0.4141307320559418,0.35575923767786133,0.4234222924790809,0.35262916037906217,0.362153628116099,0.33789760662188945,0.4131987643787432,0.3612951587032852,0.3945130824777118,0.32786887186613134,0.38809999006568435,0.3406349368883034,0.34166963605255607,0.38466472776913085,0.35824121316471697,0.3632090716884635
lo_A_model_1_relaxed_repeat083,0.40078495941213554,0.3848136497895802,0.41403240527527035,0.43526592269793957,0.4045655399422036,0.41108934456290847,0.3635154220782086,0.4075114469547348,0.4010018926173411,0.3988943947931895,0.39416498727816285,0.412011847545532,0.3922923714795255,0.3630047075998162,0.40562913214773444,0.38622811941765506,0.4131677064438467,0.3785240140130469,0.40558236269931797,0.4115575982196909,0.41389174978928217,0.39209601463470367,0.4153090787609724,0.4140660932915588,0.39626630111832983,0.3909338074072935,0.4114624463766464,0.4217883447006589,0.4104584826159146,0.39872041398261315,0.40951319716856716,0.360294467074214,0.3849216333300018,0.39727865414780067,0.39463099150518605,0.399039296955853,0.40680368947929024,0.39744883871907544,0.3854628787591453,0.425313416371883,0.4086934063930865,0.4004734679968011,0.4073571965128232,0.3868724231796333,0.39618495413466875,0.40958561004989275,0.41650569708967305,0.39117953757215435,0.39016459605808335,0.3840001043156749,0.4131527825700203,0.42228040911210357,0.38205584234070633,0.4049163533606467,0.3837762819936727,0.38511477582396125,0.36882099592976886,0.3940726787138722,0.3969347502981788,0.4156882704592768,0.443198157239885,0.3907545248777631,0.3717039217392489,0.39716055858934246,0.4099088143130154,0.43555138290800527,0.39868230743333966,0.40085316738498533,0.408469000264887,0.38832412018518314,0.40945831134164623,0.40379044551756454,0.3818394227659772,0.4163633345088386,0.3872785721128134,0.4069914039156482,0.39401277366133397,0.391524148422908,0.4130236391132843,0.39660526568215115,0.39620578893005604,0.39405601513175315,0.0,0.40348425273255384,0.38779620180512064,0.40703860896056204,0.4370065948569859,0.4022159648788614,0.4252855306103124,0.39269007316487103,0.41446999784425725,0.40835869530883595,0.4142341814499922,0.37024671819194116,0.43370097753095027,0.3905760025064336,0.3863440393460179,0.44137131863726,0.3965869048574788,0.41001182857426866
lo_A_model_1_relaxed_repeat084,0.28038339784196875,0.2997917255092843,0.3162302089686842,0.37665070167591796,0.28658718996756466,0.31258953509915366,0.3597750051954363,0.34761340406237795,0.31289830696364485,0.35283929074436987,0.3513164695862907,0.40063861753430574,0.29536723341479043,0.3669569406352748,0.3933609990027998,0.25877796891542815,0.36169023808527134,0.3488090098060662,0.3069905610567995,0.37431837909330423,0.3126263292580305,0.3531157858635567,0.31455957356578484,0.3796302319607831,0.31429313017280497,0.3630312692207735,0.30686872114499936,0.4200797662519657,0.38579564961492574,0.3650716511090538,0.32018556851185814,0.33008001804391934,0.35774180473563316,0.34530838780654677,0.3642374204091657,0.3543161621707277,0.33333134477232307,0.36235515580897254,0.336447059354383,0.4136411470941749,0.3637865949911829,0.3383558665336536,0.3741429118063519,0.3788866303841217,0.36993298701034716,0.3655499316147885,0.32877389598037066,0.2932466870339139,0.3513663092298443,0.40715405020809803,0.3419762476169825,0.4087310346122762,0.3789029794171046,0.3773657659568048,0.28088476603096324,0.2959610325044283,0.3461564557327995,0.36154587818349354,0.30329020743912793,0.32310395533227243,0.41810123285586437,0.364404623480183,0.3728081964751907,0.38365671499953524,0.28515708594102096,0.4367463261001123,0.39609365809107744,0.3522581151446545,0.29080402576649944,0.2952412752081799,0.35276147477151704,0.4066052980267287,0.38365395560816407,0.3492517650950836,0.37099907646156777,0.2908605947026631,0.33532901870675963,0.2761515621260612,0.30721290842276416,0.4148384383104547,0.36381121202780264,0.37325874229298395,0.40348425273255384,0.0,0.4117733379314248,0.29866258874694085,0.4232576166051901,0.3664113560346996,0.38222902451499957,0.30101611418897595,0.37323858137471455,0.3065562561707474,0.39988857532474015,0.3359831728193239,0.32852320530437734,0.35478365932116457,0.36417280401948,0.42598098515529653,0.36898302026214425,0.3078735039275073
lo_A_model_1_relaxed_repeat085,0.41911385501088927,0.406288656133794,0.4307218215433809,0.4246239436986941,0.4023529507729602,0.42671191864822816,0.4021427230113191,0.4276171124379676,0.39942687839880103,0.4195540585090852,0.41240735726485317,0.4113573957157137,0.405214226533121,0.41463067662335207,0.43757705227876476,0.40917866719579343,0.4376979707410626,0.40580339433004425,0.4235791025063848,0.43799046899436045,0.42731992417457737,0.425642088391863,0.43325860475932515,0.417820970484072,0.4215557398185473,0.4073835352321626,0.42348472617642424,0.4416590843412098,0.43833887897186563,0.4127137933851468,0.4225927533608841,0.4041373298793404,0.40562990806595683,0.41418043934694115,0.4019527798087659,0.40195352723214584,0.40969251179429034,0.42154318310434735,0.4187353055094763,0.4356270865225901,0.40676975170394314,0.4249729773450703,0.43354043691850785,0.41986090073459476,0.4118235034540146,0.43130954731840965,0.4366362513842499,0.41852202653537723,0.4237845702071238,0.4188674354366089,0.4279804188426527,0.4209399183712537,0.43037555546413025,0.4408493233454425,0.40257252165682283,0.4116082418735741,0.41372774112551847,0.422002617136214,0.4090933133843598,0.42705180891365335,0.44811201465973155,0.4117132980255818,0.40293103525323437,0.41608179838472537,0.41265132482500083,0.45409152493588556,0.4224422148563089,0.39980098768861916,0.415001077269057,0.4074180539352535,0.4330867351601453,0.4212888460967054,0.425346177283078,0.43400394900730366,0.40841078649972945,0.4143015909908722,0.41007850185349076,0.40743929746144986,0.40477882125239434,0.4444702364952978,0.4190522722369523,0.4141307320559418,0.38779620180512064,0.4117733379314248,0.0,0.4076085389562428,0.44433052307252713,0.44407905700428385,0.43440841657261586,0.4226834027275554,0.4304514049427268,0.41057933876313146,0.41202733356556603,0.4030767577958947,0.43366604372733325,0.4252817293938492,0.4238487732039518,0.44716320915558067,0.40005571857995786,0.42169244805179984
lo_A_model_1_relaxed_repeat086,0.30888622662953197,0.2614798317883155,0.2867431943631633,0.4035482466949727,0.23351589016277277,0.2748548843284377,0.31794588395134527,0.33208859152043413,0.25671452278527174,0.33762483517598474,0.3613479770457024,0.3846550579296262,0.24610336639873437,0.3506871652053595,0.3897304376361033,0.2565220223014157,0.36130466182326204,0.3521043219061748,0.26276699753364563,0.375616308049418,0.2802913362740129,0.3641639257351927,0.28310439290451,0.3507687857530303,0.30221537763294815,0.3152309596786365,0.26603263323441473,0.4160009560349969,0.3716653547325075,0.3310156477938865,0.26792174246566275,0.33837455438580777,0.35303272228547294,0.3514813531766675,0.3542534918397936,0.3483631046001256,0.3311651084300516,0.34150596381180104,0.32673627765509666,0.3984241131794159,0.3708736158217951,0.365027484414095,0.3532056346021894,0.367509851161845,0.3675778897147557,0.3734519022833157,0.26476409993105804,0.2848741910405891,0.36029935098137017,0.40009909359109747,0.36050191525328623,0.40618033022055977,0.3607384732265305,0.3768516896529423,0.2665978630838184,0.29803553282602996,0.34949618347039496,0.3493055034836246,0.25345944079062066,0.2539141936553135,0.41015147765293614,0.3291508561784898,0.3703966863961881,0.3787131285848404,0.29134933483193337,0.4297314928383221,0.40946998087289804,0.35727369359024547,0.24700940886668574,0.28511825220358666,0.3456742700888086,0.4071665587702774,0.40106945730773563,0.3267684580537523,0.32370468181668755,0.26545013999626055,0.3547970465012478,0.2279756656943543,0.2946733600570719,0.39720025183429153,0.3445976277280002,0.35575923767786133,0.40703860896056204,0.29866258874694085,0.4076085389562428,0.0,0.40813147619339496,0.37662126405436974,0.3426500277073384,0.25266493784348204,0.38259658004419805,0.28620320521984305,0.40496334103503784,0.32065540000253673,0.3040945658954679,0.35328946740958256,0.3569067553938699,0.40727367395102054,0.3460517546282043,0.284843907258249
lo_A_model_1_relaxed_repeat087,0.4306284790644971,0.41862927764670765,0.4293910250116029,0.45976948880131013,0.43590325211844794,0.45083111931209924,0.40242711422116173,0.4214128426817462,0.434404003596291,0.42043692785057446,0.41246635966352124,0.4086283976695382,0.4220740735998247,0.41926668047463916,0.42609287239807314,0.42822323139741103,0.4453149212782102,0.41671008643580854,0.4470145123471128,0.4465801060618195,0.43053308938878926,0.42226136906593326,0.4315636473199821,0.42457185368479716,0.4364586646537781,0.39858361535106196,0.4520795377371436,0.4368857797518205,0.43717489453537606,0.41776063540962555,0.4387601206703966,0.4060399143152892,0.40976775584946357,0.4351026715201235,0.4102817343895249,0.45426401353333756,0.42504272275378546,0.41722939968312733,0.42826375358221935,0.441000877507975,0.4571594513389151,0.41239958677263877,0.4147848779703124,0.4314072524349875,0.43509451721750353,0.43895789585649775,0.44880993488757703,0.43069757437469514,0.41665693836998025,0.4297740032253635,0.4286486734665859,0.44855641922764744,0.42757107516816173,0.4414599915931185,0.4313235444535807,0.42698976277040834,0.4111135302613482,0.4153764171859307,0.413135953610856,0.43269564612384886,0.44602045796918177,0.4161473960290336,0.4175434323309247,0.42842536989300034,0.428322876355158,0.46389832885406135,0.42216161500608906,0.4146835669014182,0.4343155370164051,0.43573360763663194,0.42570359162873883,0.43696053189935613,0.4217269150102504,0.42694137928382886,0.413053357113344,0.4106691563010947,0.4380551372720275,0.42802925307488005,0.44405489485236643,0.46000472722581903,0.43047031537347574,0.4234222924790809,0.4370065948569859,0.4232576166051901,0.44433052307252713,0.40813147619339496,0.0,0.43063482433650263,0.43484978413694597,0.4253411321325907,0.45096269619775164,0.4438433715665335,0.4341047716734977,0.40027293978399164,0.45493083000148155,0.43133246656098717,0.3972403012516272,0.4627988498186001,0.43414761174510347,0.4347384723508112
lo_A_model_1_relaxed_repeat088,0.3733067254977598,0.3366479548334762,0.36858520055955957,0.3709381834058616,0.3679573200976545,0.3467125808705326,0.33886260989286626,0.283467291399336,0.34853628124187735,0.3270880759704641,0.33625348943310174,0.3819762630349882,0.37712924360296385,0.3460023898633219,0.33522311234470625,0.3429737411587999,0.3859270094880125,0.3374447869848239,0.3756797558692204,0.3460463389049621,0.38891161729345175,0.2932736641092852,0.36529859227274897,0.3423331961224064,0.3476345984220049,0.333363060190923,0.3433670691927352,0.4107259353771275,0.29999942775338845,0.3598596133838559,0.3676363040756339,0.32567688947425355,0.34453331417726285,0.3352433403989275,0.3489000906384182,0.33405905262958646,0.33819486302886537,0.3242907524608381,0.3728417722365126,0.4033296326341534,0.3662135449638932,0.3629133428528095,0.35240985210782766,0.3731536712600067,0.36303520994853217,0.3495265958431729,0.3754945999127849,0.34019076530003284,0.33698473622161573,0.3945447023779879,0.32224622935249797,0.43402418792983705,0.3404798011525015,0.3177308674787263,0.36136436737534555,0.34548644977973014,0.3411121673725722,0.3226029684462895,0.36323416110546575,0.35935238204000464,0.3969630058834919,0.3399689458173668,0.3324721206593671,0.35841867766322405,0.3672895736354186,0.4386835554275714,0.4018104237014465,0.3921725555220827,0.37536362913480736,0.31876617465764073,0.34924758691663976,0.3905455997987617,0.38091603316276645,0.36239416095874905,0.34492731087202666,0.3480233166016701,0.3408314331283099,0.35389158803242904,0.3530743375548145,0.37237466326622215,0.3733907195829489,0.35262916037906217,0.4022159648788614,0.3664113560346996,0.44407905700428385,0.37662126405436974,0.43063482433650263,0.0,0.3686154351838702,0.3464406383203742,0.41482881658250176,0.36032885154944416,0.40564348639459674,0.34691083070944806,0.3921301643693042,0.3245738484825003,0.30024601262511685,0.4138039454781408,0.38175354010030216,0.36692910363699854
lo_A_model_1_relaxed_repeat089,0.3914305226694173,0.3551167371382376,0.37537563446871414,0.4018555317317467,0.34129199946442684,0.3621016779563813,0.34992134820337734,0.3481716397138076,0.3636980227995046,0.34734805655009404,0.37247937792769414,0.4065073329363744,0.35127187665748605,0.3520484506257382,0.38822036277291117,0.3646523419259816,0.37077886549242695,0.3669720668580611,0.37201246767914475,0.36630834357834013,0.36326783412972957,0.3706208301133073,0.3764326187408238,0.3546254345862799,0.3720736463165079,0.34579100090808157,0.3638197056986462,0.42824093735791363,0.3666774221338398,0.35909523087264644,0.3639942539124195,0.3654405302041357,0.37604332688001146,0.35557497413591926,0.37372581811331085,0.35082579873586156,0.36026766396607235,0.36414605065669714,0.3457179297945104,0.4496306861571969,0.3917722470546271,0.3757362253173585,0.36382076739355923,0.38444449268291037,0.38685426606923395,0.3950958305368234,0.36982871185013033,0.37998591947408966,0.37382315098416663,0.43210066781302653,0.36461165575662946,0.42926363405841383,0.3628732107718221,0.39169456875623515,0.3442355466653362,0.3776474879816188,0.3645407481771346,0.36250949373390245,0.3617968588805757,0.35936380759457376,0.43945189557728204,0.35671081245120595,0.3811026844304753,0.40466005090127444,0.3811705861379742,0.45542060296830167,0.4286633248434117,0.4241279869994707,0.3515624231044265,0.35298838669918325,0.3562918223324024,0.4330751734578215,0.4057260399042268,0.4003110378675894,0.3274747530374931,0.3360624899312175,0.35219820632409715,0.35494532009523766,0.3647989628025312,0.4213775012614993,0.3366136164098291,0.362153628116099,0.4252855306103124,0.38222902451499957,0.43440841657261586,0.3426500277073384,0.43484978413694597,0.3686154351838702,0.0,0.35839057665672186,0.41400096065351283,0.38717545826053607,0.4327895344343251,0.33280018879988044,0.4002755488678509,0.37205918891652795,0.3425004411930786,0.43385786455710856,0.3905303975573592,0.3608041804807152
lo_A_model_1_relaxed_repeat090,0.30409258999590055,0.26766483429713606,0.2979878155183948,0.39892179433710906,0.2792538084906082,0.2745479833032988,0.33389846228867404,0.32247646884908265,0.2716779840889331,0.30846215071921435,0.36286702104797924,0.38094964540199105,0.2981546967196151,0.35072954826032243,0.3744053176933046,0.23201727773461608,0.3720893719461866,0.3389708821437982,0.28305961700870697,0.33344317217496017,0.2983540925154939,0.34303100707790435,0.2713010564542465,0.3454049478055091,0.309278221991134,0.34719839269684594,0.2838101684771783,0.42191070253738966,0.3504033237148105,0.3332006316683778,0.3021828076068552,0.3240245403023802,0.34683407699805946,0.34260844069252366,0.3710513231431667,0.3462714127288701,0.3130934308213158,0.3125107609019923,0.3502702002192872,0.39869752178433104,0.35698591196961577,0.3644926314724497,0.3358545993046781,0.367917621556495,0.3766418896227529,0.35168317937487675,0.2870713947676577,0.2669241425088357,0.34721310240765385,0.3848496352784589,0.3488669581752301,0.4191628689776967,0.3494702715144582,0.34458650138750874,0.28669574327701774,0.29844178062640975,0.35774708339767386,0.3299594634139525,0.2747063460095367,0.30887474022686706,0.39913038518469424,0.3488036368935355,0.3553590942088156,0.3777248735712929,0.29355733416256097,0.4244660029928305,0.40099846770477027,0.3586450419208672,0.27913467350252114,0.2865006173110268,0.3391583878030549,0.40774444996920156,0.38611853754483916,0.3155806692405022,0.33264127012785816,0.2940342451808221,0.3387306947235895,0.2731696009831393,0.2875308032263773,0.3983521134558052,0.3565941658827734,0.33789760662188945,0.39269007316487103,0.30101611418897595,0.4226834027275554,0.25266493784348204,0.4253411321325907,0.3464406383203742,0.35839057665672186,0.0,0.3941641162012535,0.29996046472922433,0.40886685241566334,0.30219776753146516,0.3291097803111045,0.35520761021117114,0.33754813146965457,0.40258691381609224,0.3720756841495238,0.29496121323055935
lo_A_model_1_relaxed_repeat091,0.3931372659405931,0.398865092413007,0.4242987650937554,0.4299305263769131,0.3841581100341461,0.3915891470480724,0.38233979599229234,0.40811072440730073,0.39132638248037765,0.40517888453032913,0.37273462620700626,0.4266758426230756,0.3990304415406283,0.4003416638104839,0.4154411964366432,0.3817092797521787,0.41715474703721106,0.4034136880667281,0.3887900971321673,0.40967309623611514,0.4150579531040298,0.3966125881315136,0.3938067760006604,0.418150502370058,0.4004955442608798,0.3917385408742606,0.39362738456907387,0.44297088457139994,0.41167062545518224,0.4090391056924678,0.3925375791856894,0.39262580335381353,0.39672356259945324,0.3877365815245713,0.40686811071106427,0.4074885571122167,0.376689593792463,0.3908604645115297,0.38515920198364106,0.41882672145377686,0.3952002444208149,0.3899504755613948,0.39329065504015864,0.3808895168343896,0.3646384926595675,0.4037595142538448,0.4094398280801611,0.3888842482181044,0.37284315357450504,0.4036087923033969,0.41630189469306494,0.40461702339659117,0.39508786440595517,0.4198219869364962,0.3925246773358289,0.38549130719849967,0.37959461849713905,0.3884452336827104,0.40260620916306344,0.3991089144682332,0.4348980772838376,0.3915629881343243,0.41799227186865195,0.4198709523117024,0.38752148862841657,0.46371180803985756,0.41030847811165255,0.4092718332311605,0.38534064227194126,0.3763293842318689,0.385766353564179,0.4096740740200402,0.38980065335530567,0.4019780846559098,0.39225593817053034,0.3718846176068451,0.3560391308001751,0.3598555981253396,0.38352256323363687,0.41853730585797216,0.4015794282529849,0.4131987643787432,0.41446999784425725,0.37323858137471455,0.4304514049427268,0.38259658004419805,0.45096269619775164,0.41482881658250176,0.41400096065351283,0.3941641162012535,0.0,0.38273625204128425,0.4285544788527805,0.4017044871455221,0.38895343970024165,0.402553153618053,0.4003624252233946,0.4404688943888971,0.39271360698371194,0.3950817448599749
lo_A_model_1_relaxed_repeat092,0.32703208664265404,0.294913823158781,0.336799843345904,0.37276667346602244,0.2856399085696327,0.284998757620965,0.3525640801544657,0.33541702098809245,0.27802105703436647,0.3572970776772995,0.36916702432028453,0.3804390581513626,0.3291908839174672,0.37429621129678853,0.39169975509336263,0.2774011829625333,0.37694715271116314,0.38820366909412407,0.2880302102260477,0.34950936385457754,0.32803341711902023,0.36411473769012337,0.29840386071825437,0.37416038576730615,0.31691936307136,0.34361525711370294,0.24854132392737194,0.4348376113122358,0.36262841936247575,0.36195933979160533,0.2872255423186262,0.337177801484647,0.36765186929445653,0.3551809468526614,0.3894944083481531,0.3653261227528976,0.3260306207478617,0.35239511573880605,0.3515630741928231,0.38067438840260037,0.34963753968350864,0.38797478643206956,0.36288259371873205,0.3815461729821312,0.34158399851289467,0.34601520718770473,0.30671959486026423,0.2908259659818401,0.3763477830293812,0.3920077442229404,0.37109068644733495,0.43160044178010093,0.3783484931387621,0.35320972545694107,0.2928131523739112,0.28977451645420116,0.3620895485949805,0.35774876295562563,0.3279930300386491,0.3000504011071773,0.42108936318585505,0.3664754996524236,0.39352622510149476,0.3654983859063444,0.3086712952745467,0.41892494744044884,0.3984343105920203,0.3477869128745498,0.2874920910773821,0.3008261395515392,0.351787017761489,0.3998843895874974,0.3723718202713369,0.34973760857217717,0.3499182001284241,0.2896564488650283,0.33557939987349694,0.2602932757745535,0.28983227353266905,0.3624423194206356,0.3857431376451736,0.3612951587032852,0.40835869530883595,0.3065562561707474,0.41057933876313146,0.28620320521984305,0.4438433715665335,0.36032885154944416,0.38717545826053607,0.29996046472922433,0.38273625204128425,0.0,0.3990889481745626,0.3636944826100237,0.25880693584778297,0.34693227417066624,0.3705591027635344,0.40024809902425795,0.3425319341231332,0.3045232207706911
lo_A_model_1_relaxed_repeat093,0.41379827558308707,0.39637769736698997,0.41262553038582117,0.41344717847003803,0.41096460032242293,0.4170436520621335,0.37841893052726894,0.36985358430025045,0.40257294809856825,0.4109688124503694,0.39055332890422123,0.39736949792691634,0.41435376369455096,0.36901031462994416,0.4053739508863694,0.40105226399427746,0.41610868504303095,0.36153859734151217,0.40828687073256403,0.42628112051238354,0.41363066743350624,0.39941369763667306,0.42239165086906166,0.3780434533841818,0.39398793762353557,0.3689691396813506,0.413812415603474,0.41766340295603177,0.41189318309185374,0.4109967297608411,0.4043690930032262,0.35954692519379033,0.39122433549907815,0.3854758314020944,0.36357354477554893,0.4044825373645989,0.3957774262152576,0.3977177380273991,0.4055748494571134,0.4137218972903996,0.41974581858245297,0.38204123843949545,0.3804722613159878,0.39300132686602335,0.3769813465177257,0.3779744978567243,0.41543813161735255,0.41142572863881516,0.39633189369148875,0.4065691972594934,0.40443920799221905,0.41929510300606193,0.3883836134383254,0.39765446068181237,0.399029903756046,0.40162146321365466,0.38639361875204836,0.398107791960957,0.3912877752152553,0.411678409706652,0.4199113947002887,0.38428980629434517,0.38799016255245716,0.4061348571281897,0.38952819853446424,0.4232987493336244,0.4284088069420634,0.394292216422453,0.399650813251004,0.3869175349178369,0.3997394000881482,0.40366312673509175,0.38813784551942826,0.414098258470254,0.39777845179142757,0.4062873180834952,0.38446815912258975,0.39798997837865546,0.4011118310414573,0.3789315224581433,0.40084360255003854,0.3945130824777118,0.4142341814499922,0.39988857532474015,0.41202733356556603,0.40496334103503784,0.4341047716734977,0.40564348639459674,0.4327895344343251,0.40886685241566334,0.4285544788527805,0.3990889481745626,0.0,0.39884041505465917,0.4289313666665606,0.3963004885856424,0.3944129844325415,0.4455601672736738,0.3762817104351624,0.4185462612642859
lo_A_model_1_relaxed_repeat094,0.323069727212123,0.3171220729560417,0.3295465302407314,0.38443195185625695,0.31140546229254973,0.35446314360124076,0.31272625571853857,0.31058383344367185,0.33179349628556054,0.3291585491836955,0.33798396657166085,0.3915579826681231,0.34116584600136257,0.3187594875022158,0.36091348100691967,0.31294288216290117,0.33359604811662136,0.2980826185748231,0.3503252525104278,0.34359327354472297,0.32180695125644365,0.3572315262910761,0.3341313337772006,0.33922426864083144,0.3337446532339234,0.33769622600594046,0.36341733616999955,0.40208483862675676,0.3540214100845926,0.34849843442730594,0.3563885776955739,0.29678887068506776,0.32467432785830663,0.31933496703791214,0.32058449837891156,0.33384057257468824,0.3468884373726409,0.3276754299769614,0.3307399256611202,0.4145577646122264,0.352728299430148,0.3206832833815061,0.3241898894263896,0.347256486244552,0.36498856469828617,0.36731189165486183,0.3349405174274863,0.3225801294471857,0.3411718843185928,0.3949876222685345,0.3296493997454016,0.396110416536473,0.3321137488920736,0.34608160159741896,0.3110759398335841,0.3338087739529239,0.3089654619085449,0.3088443547796464,0.3154407865870112,0.3475147818512908,0.3927617631276081,0.316184061133735,0.3221988563050649,0.34514192307982366,0.33666860719847547,0.4233031766938935,0.38643227072404096,0.3833319027154992,0.31950139982812537,0.3148486022617996,0.34335119472408265,0.3945718601087761,0.380992942608648,0.3718526097478029,0.3339459749167373,0.33077712285941585,0.3264903322503329,0.3222256293704397,0.3580836372598551,0.3992899993445089,0.3158139562078001,0.32786887186613134,0.37024671819194116,0.3359831728193239,0.4030767577958947,0.32065540000253673,0.40027293978399164,0.34691083070944806,0.33280018879988044,0.30219776753146516,0.4017044871455221,0.3636944826100237,0.39884041505465917,0.0,0.38172876842941517,0.3456912794070498,0.3183113977267336,0.38636799673164746,0.34674406256101364,0.3345686694292554
lo_A_model_1_relaxed_repeat095,0.3436640489500939,0.33031116382878806,0.3693544614172307,0.3836223703499369,0.3109217916374172,0.3118810895518172,0.38442912360142717,0.3677694432334636,0.3201189871772043,0.37276517670927345,0.3864828752681501,0.39878169258440943,0.3338977339090296,0.4080118935684058,0.4001286631412937,0.3114180497606685,0.3702961348269938,0.39853045505350054,0.30102153212686583,0.38466383517874486,0.3418685505651583,0.39420291355205983,0.3170468615936009,0.3939266759654593,0.3364657256680927,0.3678193871639676,0.2969230860461707,0.4405710301620225,0.3951338484944528,0.3813112682072254,0.3184201882874465,0.3747381727822778,0.38097559427537664,0.37082570357520495,0.3989181363916701,0.39397933178907635,0.3352220454303226,0.3702347011094171,0.3586132087310712,0.40876610449390094,0.37151012247524784,0.4051449518947258,0.3762958915496405,0.40750161711853405,0.3727197338483703,0.36471012653181123,0.3216027903992141,0.3267104434770445,0.3969961964192953,0.4090492133488889,0.3933089878743879,0.44643365049226014,0.39474716197638715,0.38612539195431594,0.32946890110513016,0.3394234360730722,0.38800310456997256,0.3890111450312345,0.3326487963984696,0.32363917809277437,0.4299621036632789,0.3834299685373226,0.4082645850275244,0.3921610643972506,0.32357896662095476,0.4469136890872355,0.41525668156934314,0.36865210928788056,0.31279861841053935,0.33096412678549336,0.3722483595688727,0.4066576490006071,0.4081599380758375,0.38218979772861517,0.371252876271956,0.31393136853265236,0.369075634571472,0.3021849853634575,0.31474062259834024,0.4107767860459259,0.3926810745672868,0.38809999006568435,0.43370097753095027,0.32852320530437734,0.43366604372733325,0.3040945658954679,0.45493083000148155,0.3921301643693042,0.4002755488678509,0.3291097803111045,0.38895343970024165,0.25880693584778297,0.4289313666665606,0.38172876842941517,0.0,0.3731277151934624,0.4085679306237724,0.4245414255776149,0.3651904083279898,0.32302575226094316
lo_A_model_1_relaxed_repeat096,0.35614177948655673,0.34310544265320925,0.3686560287382206,0.3592862500041716,0.34073000819350785,0.35179893301484905,0.30757833946331464,0.2988264600380698,0.3476577255498256,0.3118265447190413,0.336171834254333,0.35974299362076184,0.36401292247023576,0.33957623174683765,0.36772925756180014,0.3291471617335523,0.34135185259131823,0.34101917431900935,0.3393661937314655,0.3218342458955967,0.39218266013776343,0.30434117027705604,0.3535561421282676,0.3310519929429115,0.36938529148063237,0.3385445157247784,0.3428490827787523,0.4170821390680902,0.3403204330315323,0.35068969446303255,0.3570053878083318,0.32924841798241017,0.34813272591037087,0.32140130410946033,0.3364815423261434,0.3436926464053792,0.30582256162496496,0.3297855548083162,0.3313603556019697,0.4101360603297796,0.3498676635161485,0.33767872923445486,0.32278642003865865,0.3524061173287975,0.3528792260982942,0.35490900322793456,0.36620092673429794,0.3586621939720375,0.3121238336840813,0.39168624125437806,0.2975052685844055,0.4060551348427807,0.3298651911752286,0.32211217267943937,0.34649807444444086,0.35447016618108546,0.3200109082547075,0.3107923787967923,0.3619153071597129,0.356962507498556,0.3811262205546576,0.3110642123517403,0.3647096165923062,0.3898963583353974,0.3428174520591646,0.433069128216293,0.411459282382419,0.39177856435836433,0.36486652663730607,0.3392506258276667,0.31730382402075996,0.3878320212166252,0.3556174987768988,0.37866107009908434,0.3432631426786195,0.3515336926283635,0.3261413106407064,0.3520684434044064,0.3614474952818093,0.36534816913790297,0.34998434463249894,0.3406349368883034,0.3905760025064336,0.35478365932116457,0.4252817293938492,0.35328946740958256,0.43133246656098717,0.3245738484825003,0.37205918891652795,0.35520761021117114,0.402553153618053,0.34693227417066624,0.3963004885856424,0.3456912794070498,0.3731277151934624,0.0,0.3233472114774507,0.39781775973061023,0.3492181334367247,0.3356288484193116
lo_A_model_1_relaxed_repeat097,0.351497023269996,0.3337878589223229,0.3647240123027473,0.3920073792771321,0.35964654401752316,0.3518920451572063,0.3181928136628272,0.31826186570891707,0.36488628757632197,0.32626042592103405,0.3381808609408934,0.39101178318853086,0.3621198909900473,0.3304575663339446,0.34306833113583385,0.34237151553465905,0.3734201053870776,0.32416469083031835,0.37247350147225045,0.32533754893021477,0.36960114603863964,0.3220414585133886,0.3673136443214723,0.3595167635735709,0.34142594192554043,0.3314378007059044,0.3597011555669038,0.39987605375803476,0.3265204338250415,0.3480965202506146,0.3686880812930541,0.3103573094251058,0.3209015376289846,0.3164693911525737,0.32553057823754145,0.333176844525821,0.32326942128982544,0.3445025440562527,0.3580306570101008,0.414316784249704,0.3984463388946381,0.3415389307263767,0.33505133806870685,0.35547389232669974,0.3735405745044901,0.3645536985707742,0.37981849441297644,0.3447810775206624,0.3249084387365643,0.42025719354551505,0.34337102727927,0.4033400252462744,0.334572517805869,0.33616608913597834,0.3426764553858678,0.3369698347447394,0.3351174286531879,0.32858386047087834,0.34977454418476006,0.3558359960432818,0.38223216847246716,0.31164325189561604,0.32413158987307616,0.3672658129969088,0.35692819954164456,0.44153280288432684,0.40225028685646547,0.40111907122324486,0.3632006425158018,0.3238453683530453,0.3629477157237253,0.40182366825755794,0.3757723567421629,0.3661988952758973,0.33271235433871965,0.3351085063315116,0.3441717058244747,0.3451363687277798,0.3749094311231239,0.36139979803540095,0.351026290135422,0.34166963605255607,0.3863440393460179,0.36417280401948,0.4238487732039518,0.3569067553938699,0.3972403012516272,0.30024601262511685,0.3425004411930786,0.33754813146965457,0.4003624252233946,0.3705591027635344,0.3944129844325415,0.3183113977267336,0.4085679306237724,0.3233472114774507,0.0,0.41718310770032474,0.37153981103969275,0.36979563624982575
lo_A_model_1_relaxed_repeat098,0.4282649895655185,0.4077924799746696,0.41914887532386946,0.4276193539517428,0.39491745936825456,0.41985582374486,0.39043220979254606,0.3866541855812088,0.4067091842029406,0.38989900016419826,0.3873771899163979,0.4131135831923537,0.43051132389287977,0.4374545960498646,0.4048703496182451,0.3974969250652609,0.4140404560966143,0.39199737962979264,0.42325626459885335,0.40349613049538613,0.4252284415085745,0.39577525739158614,0.40973011809111437,0.4025057779554893,0.42341762985306397,0.40543418856695024,0.4135007044951989,0.45911814456889977,0.4159673559327904,0.41956043487459616,0.40801532973529137,0.40510416541363686,0.3991735740290774,0.3964455810227254,0.41503730635358077,0.4133923650678898,0.40088360916515636,0.38997351437889255,0.40861950498836747,0.4162296878837724,0.4009526210063298,0.42074455429795843,0.4020044555230352,0.40391751165699163,0.3972319819657318,0.39370457250948765,0.4116525543039299,0.3939372076932442,0.3947167181076171,0.43710112820765007,0.3894352317316411,0.45334118061036105,0.39836435971372836,0.40061990591191987,0.4138317406689844,0.39896981072663207,0.40295869286380515,0.4017990301855929,0.4187757892470786,0.4178695198531685,0.3988829897162557,0.37570092814709216,0.394657925801207,0.4186399055624387,0.41792833304212645,0.46517312604663036,0.4519602195517041,0.4191014299470845,0.41092185000280546,0.4076769387752463,0.40190657922746587,0.4360291297641262,0.42387587596611015,0.4161551996726609,0.39146315901255835,0.4048470984265972,0.40119963171983547,0.4121925741310882,0.40633365431208057,0.4343511102569003,0.4143507598852131,0.38466472776913085,0.44137131863726,0.42598098515529653,0.44716320915558067,0.40727367395102054,0.4627988498186001,0.4138039454781408,0.43385786455710856,0.40258691381609224,0.4404688943888971,0.40024809902425795,0.4455601672736738,0.38636799673164746,0.4245414255776149,0.39781775973061023,0.41718310770032474,0.0,0.4021985004478732,0.41451379726843124
lo_A_model_1_relaxed_repeat099,0.3643836585849821,0.3428561763389878,0.37692441837506624,0.39528135974511325,0.3356670807918536,0.37301175348820226,0.33358850033184306,0.3606576015827188,0.3526264827514025,0.3790171386841352,0.3608847021423094,0.3746422614099146,0.3615650292634315,0.36715513048660003,0.3769536425622063,0.360584329464304,0.3619479961697957,0.3433993158536507,0.34815898395932277,0.3792436566021393,0.3730310062402255,0.38406101237997203,0.3741343848289032,0.3702402266974105,0.36962340189369475,0.344768504780254,0.3644133781262259,0.4108881827364305,0.3858381063983573,0.36999814406215886,0.36152114646575934,0.34828958730307774,0.3600544387387939,0.3416817366438204,0.3496834047362351,0.3549871947558524,0.34866982057072854,0.3620207156633234,0.3527991886683355,0.39624507235758544,0.3884077028507062,0.36291078052447956,0.35205759380564877,0.3767506964393364,0.34793241742592945,0.35222278032717025,0.3632063538924786,0.37273884815918856,0.37001906148943486,0.40779146259711696,0.3623287025590716,0.39927548834571014,0.3485949726195464,0.3645071142483027,0.3428605993081444,0.371107533128192,0.35394058002961803,0.3651280371978104,0.365084935342868,0.3578512810399273,0.4118179452483977,0.32322290638242274,0.3766301905439665,0.3662956895580962,0.3610392327862343,0.43933722354733107,0.4038246691031292,0.36974487589079097,0.34859608068337655,0.36096461134545704,0.37969259458217464,0.39877889435228353,0.38649734835587557,0.40079320494869575,0.35274350856198333,0.3403741524592824,0.3554360597362079,0.3561900201747699,0.34673568697748464,0.3830654534552826,0.35273474818212525,0.35824121316471697,0.3965869048574788,0.36898302026214425,0.40005571857995786,0.3460517546282043,0.43414761174510347,0.38175354010030216,0.3905303975573592,0.3720756841495238,0.39271360698371194,0.3425319341231332,0.3762817104351624,0.34674406256101364,0.3651904083279898,0.3492181334367247,0.37153981103969275,0.4021985004478732,0.0,0.36380358328403034
lo_A_model_1_relaxed_repeat100,0.32644357510191846,0.2670548319386912,0.31349905823397756,0.3765092281146743,0.2938209141870842,0.3041394906236206,0.32623433479895514,0.3345920155671066,0.27478403537036244,0.3373820781646036,0.3696472044990891,0.37566498026337297,0.282780037053932,0.3755871321655666,0.40439311459294897,0.27426609052527284,0.3594061625787332,0.34474750769649815,0.2639421621301312,0.35649738605787057,0.29795123027488507,0.36877580412127536,0.2781111952257069,0.34601433893233546,0.3204643001460495,0.3474676835767407,0.2946628732463831,0.4245689895594885,0.3634161551992422,0.3470729433995932,0.28222780194169605,0.3637307482528891,0.3720176976730734,0.3348912662774269,0.34719147026434916,0.36178293984804344,0.3211950592621571,0.3614593295575277,0.32290189938083086,0.40471682464966346,0.3656806223968758,0.3369980238774136,0.34400306915488826,0.38850330908900177,0.37061747185405425,0.3720551515103361,0.30158176233076384,0.31282674477426925,0.3638950390260273,0.38738165851808626,0.35804156534944753,0.4273987594399584,0.35964602689840103,0.3657634342613164,0.2875948310355047,0.3253762870633303,0.3364523744694381,0.31629064339871593,0.28144660033690533,0.30813946269382925,0.41519314842698846,0.3558907099446299,0.3728147200026358,0.38450968350561093,0.3009587921355054,0.4328221261060069,0.4011507053614853,0.35784460466418594,0.27980986800282737,0.3211603158826664,0.3162696102703256,0.4008800404946008,0.3888995148081645,0.3401487093789004,0.338401654165879,0.3112113946963401,0.35333919070913594,0.29230356376643435,0.3210290588908744,0.408888930355993,0.335143340460797,0.3632090716884635,0.41001182857426866,0.3078735039275073,0.42169244805179984,0.284843907258249,0.4347384723508112,0.36692910363699854,0.3608041804807152,0.29496121323055935,0.3950817448599749,0.3045232207706911,0.4185462612642859,0.3345686694292554,0.32302575226094316,0.3356288484193116,0.36979563624982575,0.41451379726843124,0.36380358328403034,0.0
